time;open;high;low;close;adx14;plus_di;minus_di;stoch_k;stoch_d;intraday_change;intraday_level;intraday_force;theta_deg;theta_level;is_active
2026.07.14 18:00;58.771;58.824;58.447;58.578;15.59;12.04;17.11;30.96;45.97;1.739;SOFT_UP;1;65.3;3;1
2026.07.14 17:00;58.716;58.800;58.561;58.773;15.31;13.90;15.09;45.01;58.54;2.077;SOFT_UP;1;70;3;1
2026.07.14 16:00;58.754;58.865;58.595;58.716;17.03;16.03;15.22;61.94;67.81;1.978;SOFT_UP;1;70.3;3;1
2026.07.14 15:00;59.266;59.647;58.703;58.751;19.25;18.50;11.41;68.66;69.96;2.039;SOFT_UP;1;71.9;3;1
2026.07.14 14:00;59.069;59.384;58.832;59.267;18.57;17.06;13.16;72.82;65.86;2.935;STRONG_UP;2;78;3;1
2026.07.14 13:00;58.981;59.522;58.857;59.070;19.44;19.68;14.49;68.39;55.27;2.593;STRONG_UP;2;77.5;3;1
2026.07.14 12:00;58.041;59.632;57.770;58.982;20.10;22.71;16.72;56.37;45.19;2.440;STRONG_UP;2;77.7;3;1
2026.07.14 11:00;57.819;58.086;57.698;58.040;20.85;13.43;19.29;41.05;43.99;0.804;NEUTRE;0;58.7;2;1
2026.07.14 10:00;58.073;58.086;57.813;57.820;21.30;15.50;17.70;38.13;51.06;0.422;NEUTRE;0;43.6;1;1
2026.07.14 09:00;57.936;58.157;57.918;58.074;23.56;17.88;14.51;52.77;63.83;0.863;NEUTRE;0;65.2;3;1
2026.07.14 08:00;57.943;58.103;57.809;57.936;25.58;17.16;16.74;62.28;75.33;0.624;NEUTRE;0;60.4;2;1
2026.07.14 07:00;58.133;58.214;57.904;57.943;29.33;19.80;14.35;76.43;84.97;0.636;NEUTRE;0;64;2;1
2026.07.14 06:00;58.221;58.263;57.984;58.139;31.38;22.85;12.58;87.28;89.03;0.976;NEUTRE;0;74.7;3;0
2026.07.14 05:00;57.789;58.396;57.773;58.220;31.75;26.36;14.52;91.20;85.31;1.117;SOFT_UP;1;78.8;3;0
2026.07.14 04:00;57.649;57.821;57.493;57.789;32.18;16.22;16.75;88.61;77.16;0.368;NEUTRE;0;64.3;2;0
2026.07.14 03:00;57.555;57.673;57.307;57.648;36.88;11.77;19.33;76.11;68.12;0.123;NEUTRE;0;42.7;1;0
2026.07.14 02:00;57.405;57.744;57.286;57.553;38.82;13.58;22.31;66.77;64.13;-0.042;NEUTRE;0;-25.3;-1;0
2026.07.14 01:00;57.445;57.450;56.836;57.384;41.05;5.79;25.74;61.49;61.21;-0.335;NEUTRE;0;;;0
2026.07.14 00:00;57.577;57.618;56.982;57.445;37.63;6.68;26.04;64.13;58.08;-0.229;NEUTRE;0;;;0
2026.07.13 23:00;57.585;57.595;57.370;57.577;34.32;7.71;20.66;58.02;50.72;-2.258;STRONG_DOWN;-2;-65.7;-3;0
2026.07.13 22:00;57.657;57.700;57.432;57.585;32.58;8.90;19.60;52.10;39.45;-2.244;STRONG_DOWN;-2;-66.5;-3;0
2026.07.13 20:00;57.661;57.749;57.476;57.608;31.81;10.27;20.09;42.04;27.19;-2.205;STRONG_DOWN;-2;-68.1;-3;0
2026.07.13 19:00;57.571;57.676;57.359;57.668;31.73;7.73;23.18;24.20;19.00;-2.103;SOFT_DOWN;-1;-68.2;-3;1
2026.07.13 18:00;57.286;57.677;57.245;57.563;28.93;8.92;26.74;15.34;21.65;-2.282;STRONG_DOWN;-2;-70.7;-3;1
2026.07.13 17:00;57.583;57.734;57.236;57.286;25.69;10.30;30.86;17.46;28.24;-2.752;STRONG_DOWN;-2;-74.7;-3;1
2026.07.13 16:00;57.961;58.034;57.379;57.577;21.96;11.88;31.19;32.17;35.92;-2.258;STRONG_DOWN;-2;-72.5;-3;1
2026.07.13 15:00;58.089;58.138;57.875;57.959;18.44;13.71;24.33;35.11;40.58;-1.609;SOFT_DOWN;-1;-67.5;-3;1
2026.07.13 14:00;58.158;58.226;57.513;58.072;16.98;15.82;28.08;40.49;48.02;-1.417;SOFT_DOWN;-1;-66.3;-3;1
2026.07.13 13:00;58.653;58.687;58.009;58.152;15.29;18.25;21.69;46.15;53.77;-1.282;SOFT_DOWN;-1;-65.8;-3;1
2026.07.13 12:00;58.506;58.663;58.206;58.643;16.32;21.06;20.56;57.42;60.94;-0.448;NEUTRE;0;-40.1;-1;1
2026.07.13 11:00;58.386;58.729;58.296;58.506;18.65;24.30;20.69;57.74;68.13;-0.681;NEUTRE;0;-54.4;-2;1
2026.07.13 10:00;58.428;58.536;58.250;58.387;20.28;21.18;23.88;67.65;73.14;-0.883;NEUTRE;0;-63.3;-2;1
2026.07.13 09:00;58.820;58.847;58.411;58.429;22.48;24.44;18.89;79.01;63.83;-0.811;NEUTRE;0;-63.8;-2;1
2026.07.13 08:00;58.465;58.965;58.465;58.828;23.97;28.20;19.89;72.76;43.44;-0.134;NEUTRE;0;-20.7;0;1
2026.07.13 07:00;57.936;58.493;57.821;58.462;25.00;18.10;22.95;39.72;23.53;-0.755;NEUTRE;0;-67.6;-3;1
2026.07.13 06:00;58.016;58.176;57.676;57.939;27.03;13.62;26.48;17.84;14.76;-1.643;SOFT_DOWN;-1;-80.8;-3;0
2026.07.13 05:00;58.203;58.504;57.900;58.024;26.26;15.72;23.67;13.03;11.72;-1.499;SOFT_DOWN;-1;-81.6;-3;0
2026.07.13 04:00;58.142;58.220;57.965;58.204;27.19;10.90;27.31;13.41;11.43;-1.193;SOFT_DOWN;-1;-81.5;-3;0
2026.07.13 03:00;58.372;58.389;57.991;58.144;24.77;12.58;29.94;8.71;13.16;-1.295;SOFT_DOWN;-1;-84.1;-3;0
2026.07.13 02:00;58.469;58.584;58.242;58.366;22.30;14.52;24.84;12.17;17.91;-0.918;NEUTRE;0;-84.5;-3;0
2026.07.13 01:00;58.772;59.117;58.404;58.469;21.70;16.75;21.38;18.60;23.94;-0.744;NEUTRE;0;;;0
2026.07.13 00:00;58.907;59.349;58.639;58.772;23.17;19.33;19.60;22.96;28.97;-0.229;NEUTRE;0;;;0
2026.07.12 23:00;58.714;58.938;58.589;58.910;26.63;13.40;22.61;30.25;40.47;-0.289;NEUTRE;0;-15.8;0;0
2026.07.12 22:00;59.081;59.269;58.480;58.712;26.78;15.46;26.09;33.69;49.38;-0.625;NEUTRE;0;-32.6;-1;0
2026.07.10 20:00;59.663;59.865;59.651;59.807;26.97;17.84;16.53;57.47;59.61;-0.307;NEUTRE;0;-19.1;0;0
2026.07.10 19:00;59.537;59.673;59.472;59.665;30.53;6.78;19.07;56.98;65.53;-0.543;NEUTRE;0;-32.8;-1;1
2026.07.10 18:00;59.519;59.665;59.498;59.537;27.91;7.82;20.02;64.38;70.71;-0.757;NEUTRE;0;-43.5;-1;1
2026.07.10 17:00;59.698;59.777;59.510;59.517;25.46;9.02;21.99;75.25;73.20;-0.790;NEUTRE;0;-46.3;-2;1
2026.07.10 16:00;59.936;59.998;59.693;59.698;22.94;10.41;14.83;72.49;66.63;-0.488;NEUTRE;0;-34.5;-1;1
2026.07.10 15:00;59.414;59.967;59.380;59.936;23.78;10.45;17.11;71.85;56.41;-0.092;NEUTRE;0;-7.9;0;1
2026.07.10 14:00;59.692;60.020;58.796;59.416;23.72;12.05;19.74;55.54;38.64;-0.958;NEUTRE;0;-57;-2;1
2026.07.10 13:00;59.600;59.869;59.315;59.692;23.65;13.91;16.26;41.85;23.24;-0.498;NEUTRE;0;-40.8;-1;1
2026.07.10 12:00;59.392;59.855;59.324;59.599;26.09;15.66;18.76;18.54;12.22;-0.653;NEUTRE;0;-50.8;-2;1
2026.07.10 11:00;59.261;59.542;59.244;59.393;28.72;9.00;21.64;9.34;10.47;-0.997;NEUTRE;0;-63.9;-2;1
2026.07.10 10:00;59.472;59.682;59.254;59.264;26.79;10.38;24.46;8.79;12.31;-1.212;SOFT_DOWN;-1;-69.9;-3;1
2026.07.10 09:00;59.491;59.583;59.373;59.470;24.70;11.98;23.94;13.30;18.43;-0.868;NEUTRE;0;-65.3;-3;1
2026.07.10 08:00;59.907;59.957;59.340;59.491;23.38;13.83;27.62;14.84;28.34;-0.833;NEUTRE;0;-66.9;-3;1
2026.07.10 07:00;60.038;60.181;59.768;59.907;21.85;15.95;21.20;27.14;42.59;-0.140;NEUTRE;0;-24.3;0;1
2026.07.10 06:00;60.212;60.376;59.995;60.039;23.04;18.41;16.01;43.03;57.12;0.080;NEUTRE;0;16.7;0;0
2026.07.10 05:00;60.319;60.346;59.888;60.201;25.51;20.03;18.47;57.60;66.96;0.350;NEUTRE;0;57.6;2;0
2026.07.10 04:00;60.384;60.494;60.270;60.319;28.81;23.11;8.48;70.73;74.88;0.547;NEUTRE;0;72;3;0
2026.07.10 03:00;60.399;60.737;60.283;60.382;26.12;26.66;8.89;72.54;70.84;0.652;NEUTRE;0;78.5;3;0
2026.07.10 02:00;60.088;60.451;60.028;60.398;22.45;21.07;10.26;81.36;60.25;0.678;NEUTRE;0;82.5;3;0
2026.07.10 01:00;60.163;60.348;59.722;60.088;20.59;20.57;11.84;58.63;38.59;0.162;NEUTRE;0;;;0
2026.07.10 00:00;59.991;60.203;59.701;60.162;19.61;20.17;13.66;40.76;22.16;0.285;NEUTRE;0;;;0
2026.07.09 23:00;59.897;60.017;59.883;59.989;19.67;17.57;15.76;16.38;13.23;2.698;STRONG_UP;2;69.3;3;0
2026.07.09 22:00;59.930;59.999;59.877;59.897;21.86;18.21;18.18;9.34;24.09;2.541;STRONG_UP;2;69;3;0
2026.07.09 20:00;59.875;59.972;59.835;59.932;25.21;17.61;20.98;13.97;45.69;2.600;STRONG_UP;2;71.2;3;0
2026.07.09 19:00;60.014;60.032;59.839;59.876;27.74;20.32;23.76;48.97;70.19;2.505;STRONG_UP;2;71.4;3;1
2026.07.09 18:00;60.386;60.395;59.959;60.013;30.81;23.44;17.85;74.14;83.24;2.739;STRONG_UP;2;73.7;3;1
2026.07.09 17:00;60.360;60.434;60.161;60.389;33.46;27.05;13.47;87.46;88.78;3.383;STRONG_UP;2;77.4;3;1
2026.07.09 16:00;60.298;60.587;60.262;60.360;33.45;31.21;9.85;88.11;88.02;3.333;STRONG_UP;2;78;3;1
2026.07.09 15:00;60.231;60.479;60.174;60.300;30.59;30.90;11.36;90.77;83.03;3.230;STRONG_UP;2;78.4;3;1
2026.07.09 14:00;60.208;60.439;59.832;60.232;28.19;33.64;13.11;85.18;68.55;3.114;STRONG_UP;2;78.7;3;1
2026.07.09 13:00;59.292;60.290;59.184;60.210;25.77;35.04;15.13;73.16;59.57;3.076;STRONG_UP;2;79.4;3;1
2026.07.09 12:00;58.992;59.640;58.882;59.292;23.62;31.38;17.45;47.33;59.12;1.505;SOFT_UP;1;70.5;3;1
2026.07.09 11:00;58.814;59.080;58.771;58.992;22.87;24.85;20.14;58.21;72.23;0.991;NEUTRE;0;63.8;2;1
2026.07.09 10:00;59.139;59.174;58.695;58.814;24.78;28.67;23.24;71.82;83.47;0.686;NEUTRE;0;57.1;2;1
2026.07.09 09:00;59.158;59.216;59.035;59.139;26.98;33.08;15.89;86.64;91.39;1.243;SOFT_UP;1;72.2;3;1
2026.07.09 08:00;59.190;59.448;59.095;59.158;25.73;38.17;13.24;91.95;88.86;1.275;SOFT_UP;1;74.4;3;1
2026.07.09 07:00;59.007;59.265;58.945;59.189;22.23;36.06;15.27;95.58;75.79;1.328;SOFT_UP;1;76.8;3;1
2026.07.09 06:00;58.421;59.042;58.416;59.007;19.42;30.89;17.62;79.07;52.87;1.017;SOFT_UP;1;75.3;3;0
2026.07.09 05:00;57.965;58.493;57.885;58.421;18.20;22.15;20.34;52.72;35.89;0.014;NEUTRE;0;3.6;0;0
2026.07.09 04:00;57.854;57.985;57.668;57.965;20.34;12.71;23.46;26.81;28.14;-0.767;NEUTRE;0;-77;-3;0
2026.07.09 03:00;57.844;57.927;57.554;57.854;18.90;11.85;27.07;28.12;35.00;-0.957;NEUTRE;0;-82.1;-3;0
2026.07.09 02:00;58.174;58.430;57.835;57.844;15.79;13.67;19.65;29.49;44.21;-0.974;NEUTRE;0;-84.8;-3;0
2026.07.09 01:00;58.306;58.387;57.793;58.174;15.45;14.66;22.67;47.39;56.40;-0.409;NEUTRE;0;;;0
2026.07.09 00:00;58.413;58.581;58.246;58.301;14.53;16.91;14.43;55.74;65.03;-0.192;NEUTRE;0;;;0
2026.07.08 23:00;58.376;58.473;58.291;58.413;15.54;14.56;16.65;66.06;73.36;-2.064;SOFT_DOWN;-1;-63.7;-2;0
2026.07.08 22:00;58.344;58.476;58.261;58.375;16.90;16.80;19.21;73.30;75.69;-2.128;SOFT_DOWN;-1;-65.4;-3;0
2026.07.08 20:00;58.393;58.426;58.099;58.254;18.47;15.92;22.16;80.72;70.86;-2.330;STRONG_DOWN;-2;-69.1;-3;0
2026.07.08 19:00;58.502;58.673;58.337;58.389;18.79;18.36;14.37;73.06;55.02;-2.104;SOFT_DOWN;-1;-68.2;-3;1
2026.07.08 18:00;58.082;58.624;58.060;58.504;19.81;18.95;16.59;58.79;37.77;-1.911;SOFT_DOWN;-1;-67.3;-3;1
2026.07.08 17:00;57.883;58.462;57.759;58.091;21.83;17.44;19.14;33.21;24.22;-2.604;STRONG_DOWN;-2;-73.8;-3;1
2026.07.08 16:00;57.369;57.992;57.321;57.883;24.48;9.84;22.08;21.31;20.36;-2.953;STRONG_DOWN;-2;-76.5;-3;1
2026.07.08 15:00;57.781;57.872;57.190;57.368;22.35;8.60;25.48;18.14;21.59;-3.816;STRONG_DOWN;-2;-80.1;-3;1
2026.07.08 14:00;58.417;58.446;57.582;57.779;18.16;9.92;20.56;21.62;21.28;-3.127;STRONG_DOWN;-2;-78.8;-3;1
2026.07.08 13:00;58.521;58.946;58.277;58.416;15.59;11.45;11.34;25.00;18.18;-2.059;SOFT_DOWN;-1;-74.3;-3;1
2026.07.08 12:00;58.716;58.936;58.278;58.521;17.92;12.98;13.09;17.23;11.98;-1.883;SOFT_DOWN;-1;-74.2;-3;1
2026.07.08 11:00;58.368;59.014;58.020;58.721;20.61;14.98;15.10;12.30;10.86;-1.548;SOFT_DOWN;-1;-72.5;-3;1
2026.07.08 10:00;58.272;58.755;58.272;58.369;23.72;13.28;17.43;6.42;17.46;-2.138;SOFT_DOWN;-1;-78.3;-3;1
2026.07.08 09:00;58.364;58.745;58.214;58.272;25.29;15.00;20.11;13.86;40.44;-2.300;STRONG_DOWN;-2;-80.1;-3;1
2026.07.08 08:00;60.600;60.654;58.151;58.360;26.95;17.31;23.20;32.12;61.15;-2.153;SOFT_DOWN;-1;-80.6;-3;1
2026.07.08 07:00;60.661;60.783;60.429;60.596;28.85;19.97;12.77;75.33;75.20;1.596;SOFT_UP;1;79;3;1
2026.07.08 06:00;60.823;60.997;60.520;60.662;29.91;23.04;10.78;75.99;71.25;1.707;SOFT_UP;1;81.1;3;0
2026.07.08 05:00;60.312;60.948;60.276;60.823;28.93;25.01;12.44;74.28;66.50;1.977;SOFT_UP;1;83.6;3;0
2026.07.08 04:00;60.318;60.429;60.220;60.312;28.21;16.97;14.35;63.47;62.33;1.120;SOFT_UP;1;81;3;0
2026.07.08 03:00;60.000;60.725;59.999;60.318;31.26;19.59;16.56;61.76;54.40;1.130;SOFT_UP;1;83.3;3;0
2026.07.08 02:00;60.003;60.127;59.872;59.996;34.79;9.98;19.10;61.77;43.44;0.590;NEUTRE;0;81.4;3;0
2026.07.08 01:00;60.085;60.284;59.581;59.987;35.31;11.51;22.04;39.67;30.34;0.575;NEUTRE;0;;;0
2026.07.08 00:00;59.644;60.258;59.588;60.086;35.92;12.72;25.43;28.89;28.39;0.741;NEUTRE;0;;;0
2026.07.07 23:00;59.737;59.944;59.562;59.639;36.31;7.46;29.35;22.45;29.41;-3.401;STRONG_DOWN;-2;-73.3;-3;0
2026.07.07 22:00;59.690;59.958;59.558;59.735;32.75;8.61;33.86;33.82;33.34;-3.246;STRONG_DOWN;-2;-73.3;-3;0
2026.07.07 20:00;60.205;60.297;59.848;59.947;28.65;9.94;27.92;31.95;31.30;-2.903;STRONG_DOWN;-2;-73;-3;0
2026.07.07 19:00;60.415;60.443;59.410;60.206;25.75;11.47;32.21;34.24;30.10;-2.483;STRONG_DOWN;-2;-71.2;-3;1
2026.07.07 18:00;60.987;61.001;60.381;60.414;22.40;13.23;22.71;27.71;26.23;-2.146;SOFT_DOWN;-1;-69.6;-3;1
2026.07.07 17:00;60.900;61.044;60.712;60.987;21.79;15.26;17.99;28.34;26.54;-1.218;SOFT_DOWN;-1;-58.2;-2;1
2026.07.07 16:00;60.601;60.978;60.581;60.900;23.88;14.56;20.75;22.66;35.27;-1.359;SOFT_DOWN;-1;-62.4;-2;1
2026.07.07 15:00;60.890;60.966;60.434;60.601;24.85;16.33;23.95;28.63;53.67;-1.843;SOFT_DOWN;-1;-70.1;-3;1
2026.07.07 14:00;61.269;61.388;60.624;60.890;25.77;18.84;22.14;54.51;69.46;-1.375;SOFT_DOWN;-1;-65.7;-3;1
2026.07.07 13:00;61.607;61.829;61.075;61.269;28.49;21.74;16.46;77.87;72.22;-0.761;NEUTRE;0;-52.8;-2;1
2026.07.07 12:00;61.346;61.707;61.290;61.606;30.75;25.08;14.61;76.01;63.97;-0.215;NEUTRE;0;-22;0;1
2026.07.07 11:00;60.759;61.358;60.616;61.345;31.42;16.07;16.85;62.78;57.31;-0.638;NEUTRE;0;-52.6;-2;1
2026.07.07 10:00;60.859;61.073;60.720;60.761;35.89;12.63;19.45;53.10;55.24;-1.584;SOFT_DOWN;-1;-74.4;-3;1
2026.07.07 09:00;60.908;60.985;60.724;60.863;38.14;10.74;22.44;56.03;51.24;-1.419;SOFT_DOWN;-1;-74.3;-3;1
2026.07.07 08:00;60.793;61.234;60.767;60.909;38.58;12.39;23.36;56.58;41.86;-1.344;SOFT_DOWN;-1;-75.2;-3;1
2026.07.07 07:00;61.105;61.120;60.784;60.792;39.80;10.54;26.95;41.09;27.35;-1.534;SOFT_DOWN;-1;-78.6;-3;1
2026.07.07 06:00;60.533;61.262;60.531;61.105;39.19;12.16;31.10;27.91;19.25;-1.027;SOFT_DOWN;-1;-75.5;-3;0
2026.07.07 05:00;60.838;60.942;60.282;60.529;38.49;7.32;35.88;13.06;20.70;-1.960;SOFT_DOWN;-1;-83.5;-3;0
2026.07.07 04:00;61.089;61.279;60.801;60.838;34.24;8.44;29.30;16.77;26.74;-1.459;SOFT_DOWN;-1;-83.1;-3;0
2026.07.07 03:00;61.263;61.371;60.878;61.086;31.00;9.74;31.33;32.27;29.65;-1.058;SOFT_DOWN;-1;-82.8;-3;0
2026.07.07 02:00;61.507;61.660;61.169;61.262;27.69;11.24;27.07;31.18;25.36;-0.773;NEUTRE;0;-83.5;-3;0
2026.07.07 01:00;61.462;61.566;60.900;61.504;25.59;10.03;31.24;25.49;29.09;-0.381;NEUTRE;0;;;0
2026.07.07 00:00;61.739;62.011;61.440;61.478;21.62;11.57;23.57;19.41;41.15;-0.423;NEUTRE;0;;;0
2026.07.06 23:00;61.999;62.058;61.730;61.746;19.69;13.35;19.38;42.38;58.20;-1.630;SOFT_DOWN;-1;-57.9;-2;0
2026.07.06 22:00;62.072;62.129;61.969;61.999;19.89;15.40;11.15;61.67;70.40;-1.227;SOFT_DOWN;-1;-51.5;-2;0
2026.07.06 20:00;62.054;62.084;61.954;62.013;20.48;13.45;12.87;70.56;73.97;-1.204;SOFT_DOWN;-1;-53.6;-2;0
2026.07.06 19:00;62.153;62.202;61.987;62.053;23.30;15.52;10.94;78.96;70.68;-1.141;SOFT_DOWN;-1;-53.5;-2;1
2026.07.06 18:00;61.976;62.320;61.854;62.153;24.22;17.90;12.63;72.38;59.88;-0.981;NEUTRE;0;-50.8;-2;1
2026.07.06 17:00;61.786;62.043;61.663;61.975;25.29;11.51;14.57;60.69;51.70;-1.265;SOFT_DOWN;-1;-59.2;-2;1
2026.07.06 16:00;61.753;61.866;61.481;61.787;27.38;6.12;16.81;46.55;44.09;-1.564;SOFT_DOWN;-1;-65.6;-3;1
2026.07.06 15:00;61.708;61.892;61.604;61.753;24.42;7.06;14.48;47.87;44.27;-1.619;SOFT_DOWN;-1;-67.7;-3;1
2026.07.06 14:00;61.765;61.938;61.485;61.708;22.87;8.14;16.71;37.86;44.62;-1.690;SOFT_DOWN;-1;-69.8;-3;1
2026.07.06 13:00;61.582;62.011;61.335;61.822;21.09;9.40;19.28;47.09;52.47;-1.509;SOFT_DOWN;-1;-69.1;-3;1
2026.07.06 12:00;62.149;62.225;61.416;61.582;19.03;10.84;20.40;48.93;54.80;-1.891;SOFT_DOWN;-1;-74.3;-3;1
2026.07.06 11:00;62.045;62.209;61.958;62.151;17.25;12.51;13.24;61.41;60.52;-0.985;NEUTRE;0;-63.6;-2;1
2026.07.06 10:00;61.934;62.199;61.804;62.043;19.46;13.82;15.27;54.07;57.84;-1.157;SOFT_DOWN;-1;-69;-3;1
2026.07.06 09:00;61.949;62.126;61.786;61.934;21.69;13.10;17.62;66.09;50.10;-1.330;SOFT_DOWN;-1;-73.3;-3;1
2026.07.06 08:00;62.325;62.346;61.837;61.949;22.77;15.12;18.03;53.37;31.25;-1.306;SOFT_DOWN;-1;-74.8;-3;1
2026.07.06 07:00;61.672;62.334;61.592;62.316;24.92;17.08;20.80;30.83;15.86;-0.722;NEUTRE;0;-66.7;-3;1
2026.07.06 06:00;61.606;61.921;61.559;61.669;27.24;11.15;24.00;9.56;8.18;-1.752;SOFT_DOWN;-1;-81.4;-3;0
2026.07.06 05:00;61.825;61.929;61.529;61.606;25.81;12.86;27.69;7.18;8.42;-1.853;SOFT_DOWN;-1;-83.2;-3;0
2026.07.06 04:00;61.807;61.863;61.673;61.825;24.16;14.84;26.41;7.80;13.72;-1.504;SOFT_DOWN;-1;-83.3;-3;0
2026.07.06 03:00;61.996;62.041;61.714;61.807;23.56;17.13;27.16;10.29;24.77;-1.533;SOFT_DOWN;-1;-85;-3;0
2026.07.06 02:00;62.392;62.431;61.894;61.983;23.70;19.76;22.87;23.08;42.77;-1.252;SOFT_DOWN;-1;-85.9;-3;0
2026.07.06 01:00;62.648;63.079;62.347;62.392;26.23;22.80;13.41;40.92;59.23;-0.601;NEUTRE;0;;;0
2026.07.06 00:00;62.769;62.885;62.412;62.661;26.27;22.23;15.47;64.31;69.86;-0.172;NEUTRE;0;;;0
2026.07.05 23:00;63.097;63.243;62.631;62.769;27.55;25.65;10.72;72.47;60.71;0.790;NEUTRE;0;37.7;1;0
2026.07.05 22:00;62.277;63.164;62.253;63.096;25.47;27.61;12.37;72.80;50.01;1.315;SOFT_UP;1;53.4;2;0
2026.07.03 20:00;62.167;62.295;62.167;62.275;23.53;17.19;14.28;36.85;43.69;2.033;SOFT_UP;1;66.4;3;0
2026.07.03 19:00;62.226;62.334;62.223;62.225;25.73;19.83;9.74;40.39;50.23;1.951;SOFT_UP;1;66.6;3;1
2026.07.03 18:00;62.210;62.233;62.167;62.226;24.44;8.88;11.24;53.84;56.52;1.953;SOFT_UP;1;67.8;3;1
2026.07.03 17:00;62.286;62.286;62.167;62.209;26.40;10.25;12.97;56.46;54.84;1.925;SOFT_UP;1;68.6;3;1
2026.07.03 16:00;62.194;62.362;62.150;62.292;28.65;11.83;14.97;59.25;51.56;2.061;SOFT_UP;1;71;3;1
2026.07.03 15:00;62.364;62.493;62.147;62.193;31.26;13.65;17.27;48.79;43.18;1.899;SOFT_UP;1;70.7;3;1
2026.07.03 14:00;62.193;62.421;62.066;62.363;34.26;12.55;19.93;46.64;38.58;2.177;SOFT_UP;1;74.1;3;1
2026.07.03 13:00;62.382;62.419;61.892;62.193;36.04;14.39;22.99;34.09;36.00;1.899;SOFT_UP;1;73.1;3;1
2026.07.03 12:00;62.329;62.406;61.980;62.368;38.04;16.60;23.96;35.02;43.63;2.186;SOFT_UP;1;76.3;3;1
2026.07.03 11:00;62.387;62.469;62.210;62.329;41.10;19.16;19.34;38.88;55.24;2.122;SOFT_UP;1;77;3;1
2026.07.03 10:00;62.520;62.668;62.366;62.392;47.35;22.10;13.05;56.98;66.00;2.225;STRONG_UP;2;78.7;3;1
2026.07.03 09:00;62.678;62.714;62.508;62.520;50.67;25.50;7.83;69.87;71.16;2.435;STRONG_UP;2;80.7;3;1
2026.07.03 08:00;62.667;62.869;62.542;62.678;50.31;29.43;6.49;71.15;73.21;2.694;STRONG_UP;2;82.5;3;1
2026.07.03 07:00;62.380;62.828;62.324;62.668;48.22;32.03;7.49;72.45;76.13;2.677;STRONG_UP;2;83.4;3;1
2026.07.03 06:00;62.316;62.436;62.081;62.384;46.09;24.99;8.64;76.02;79.82;2.212;STRONG_UP;2;83.1;3;0
2026.07.03 05:00;62.353;62.522;62.196;62.315;45.70;28.83;4.99;79.91;82.62;2.099;SOFT_UP;1;84;3;0
2026.07.03 04:00;62.234;62.636;62.189;62.353;41.89;33.27;5.75;83.53;85.40;2.161;SOFT_UP;1;85.3;3;0
2026.07.03 03:00;62.359;62.433;62.159;62.235;37.48;31.40;6.64;84.43;87.07;1.968;SOFT_UP;1;86.1;3;0
2026.07.03 02:00;62.185;62.566;62.108;62.361;33.23;36.23;7.66;88.25;89.54;2.174;SOFT_UP;1;87.7;3;0
2026.07.03 01:00;61.401;62.428;61.277;62.185;28.33;37.17;8.84;88.53;88.93;1.886;SOFT_UP;1;;;0
2026.07.03 00:00;61.034;61.482;60.980;61.400;23.22;30.24;10.20;91.83;82.71;0.600;NEUTRE;0;;;0
2026.07.02 23:00;60.980;61.123;60.928;61.033;19.17;23.89;11.77;86.41;67.03;3.318;STRONG_UP;2;72.9;3;0
2026.07.02 22:00;61.000;61.023;60.887;60.981;16.88;19.68;13.58;69.89;45.34;3.230;STRONG_UP;2;73.2;3;0
2026.07.02 20:00;60.835;60.934;60.742;60.934;16.66;12.63;15.67;44.79;31.50;3.150;STRONG_UP;2;74.3;3;0
2026.07.02 19:00;60.752;60.888;60.336;60.836;17.58;10.89;18.08;21.33;30.73;2.984;STRONG_UP;2;74.2;3;1
2026.07.02 18:00;60.408;60.900;60.390;60.749;16.46;12.57;19.35;28.39;44.15;2.837;STRONG_UP;2;74.3;3;1
2026.07.02 17:00;60.810;60.865;60.385;60.407;15.73;13.45;22.33;42.47;59.77;2.258;STRONG_UP;2;71.5;3;1
2026.07.02 16:00;61.075;61.107;60.434;60.810;14.33;15.51;24.20;61.60;72.59;2.940;STRONG_UP;2;76.4;3;1
2026.07.02 15:00;61.327;61.372;60.750;61.070;13.17;17.90;20.69;75.24;78.50;3.381;STRONG_UP;2;78.9;3;1
2026.07.02 14:00;61.807;61.842;61.044;61.323;14.08;20.66;16.61;80.94;75.52;3.809;STRONG_UP;2;80.7;3;1
2026.07.02 13:00;61.136;62.046;60.814;61.806;14.57;23.83;19.16;79.33;65.92;4.626;EXPLOSIVE_UP;3;82.9;3;1
2026.07.02 12:00;59.750;61.613;59.623;61.130;15.14;22.09;22.11;66.28;60.07;3.482;STRONG_UP;2;81.3;3;1
2026.07.02 11:00;59.784;60.053;59.436;59.752;17.47;13.43;25.51;52.15;53.18;1.149;SOFT_UP;1;67;3;1
2026.07.02 10:00;59.806;59.916;59.734;59.782;15.38;15.50;22.00;61.79;50.74;1.200;SOFT_UP;1;69.7;3;1
2026.07.02 09:00;60.119;60.192;59.783;59.806;15.08;17.88;21.25;45.59;40.60;1.241;SOFT_UP;1;72.2;3;1
2026.07.02 08:00;59.363;60.269;59.247;60.119;16.08;20.63;24.52;44.86;45.02;1.771;SOFT_UP;1;78.7;3;1
2026.07.02 07:00;59.919;59.955;59.347;59.374;17.23;19.08;28.29;31.35;54.27;0.510;NEUTRE;0;58.7;2;1
2026.07.02 06:00;59.775;60.214;59.757;59.904;16.89;22.02;22.27;58.86;72.43;1.407;SOFT_UP;1;79.3;3;0
2026.07.02 05:00;60.028;60.051;59.373;59.775;19.40;19.92;25.69;72.59;81.03;1.188;SOFT_UP;1;79.4;3;0
2026.07.02 04:00;60.250;60.385;59.951;60.028;20.43;22.98;16.53;85.84;81.28;1.617;SOFT_UP;1;83.7;3;0
2026.07.02 03:00;60.009;60.379;59.918;60.250;21.07;26.30;19.07;84.67;68.09;1.992;SOFT_UP;1;86.2;3;0
2026.07.02 02:00;59.754;60.118;59.600;60.009;21.85;21.64;22.00;73.33;50.19;1.584;SOFT_UP;1;86.8;3;0
2026.07.02 01:00;59.440;60.120;59.402;59.754;25.09;24.97;25.39;46.27;30.29;1.153;SOFT_UP;1;;;0
2026.07.02 00:00;59.073;59.499;58.889;59.434;28.82;15.50;29.30;30.97;19.14;0.611;NEUTRE;0;;;0
2026.07.01 23:00;59.353;59.369;59.064;59.072;28.51;17.89;29.39;13.64;10.95;1.192;SOFT_UP;1;49.4;2;0
2026.07.01 22:00;59.150;59.401;59.150;59.363;29.16;20.64;29.57;12.80;17.16;1.691;SOFT_UP;1;60;2;0
2026.07.01 20:00;59.223;59.224;59.020;59.092;30.91;15.00;34.12;6.40;29.66;1.227;SOFT_UP;1;54.1;2;0
2026.07.01 19:00;59.688;59.877;59.166;59.226;29.67;17.31;28.47;32.28;49.01;1.456;SOFT_UP;1;59.9;2;1
2026.07.01 18:00;59.828;59.961;59.564;59.689;30.49;19.97;24.24;50.30;62.23;2.249;STRONG_UP;2;70.4;3;1
2026.07.01 17:00;60.044;60.126;59.811;59.829;33.70;23.05;18.39;64.46;71.73;2.489;STRONG_UP;2;73.1;3;1
2026.07.01 16:00;60.162;60.396;60.014;60.043;37.15;26.59;11.31;71.92;77.54;2.856;STRONG_UP;2;76;3;1
2026.07.01 15:00;60.318;60.351;60.006;60.163;36.67;28.87;13.05;78.80;81.99;3.061;STRONG_UP;2;77.7;3;1
2026.07.01 14:00;60.244;60.974;60.100;60.317;36.50;33.31;10.87;81.92;85.05;3.325;STRONG_UP;2;79.4;3;1
2026.07.01 13:00;58.778;60.679;58.298;60.249;34.30;33.25;12.54;85.26;88.66;3.209;STRONG_UP;2;79.8;3;1
2026.07.01 12:00;58.884;58.988;58.611;58.781;32.62;27.43;14.47;87.97;90.53;0.694;NEUTRE;0;52.5;2;1
2026.07.01 11:00;58.237;59.104;58.202;58.883;32.87;31.66;16.69;92.76;87.15;0.869;NEUTRE;0;60.7;2;1
2026.07.01 10:00;58.008;58.251;57.879;58.237;33.17;21.98;19.26;90.84;74.87;-0.238;NEUTRE;0;-28.2;-1;1
2026.07.01 09:00;57.686;58.060;57.594;58.009;37.26;17.46;22.22;77.84;54.90;-0.629;NEUTRE;0;-57.6;-2;1
2026.07.01 08:00;57.664;57.881;57.487;57.690;41.14;14.23;25.64;55.94;34.74;-1.175;SOFT_DOWN;-1;-73.2;-3;1
2026.07.01 07:00;57.409;57.686;57.200;57.664;43.07;8.81;29.58;30.93;21.72;-1.220;SOFT_DOWN;-1;-75.7;-3;1
2026.07.01 06:00;57.486;57.603;57.132;57.412;41.37;7.54;34.14;17.36;17.87;-1.651;SOFT_DOWN;-1;-80.8;-3;0
2026.07.01 05:00;57.628;57.700;57.374;57.488;37.92;8.70;31.48;16.88;17.75;-1.521;SOFT_DOWN;-1;-81.7;-3;0
2026.07.01 04:00;57.805;57.832;57.540;57.628;35.03;10.04;28.49;19.36;16.89;-1.281;SOFT_DOWN;-1;-82.1;-3;0
2026.07.01 03:00;57.670;57.982;57.655;57.792;33.04;11.58;26.82;17.01;13.57;-1.000;NEUTRE;0;-82.4;-3;0
2026.07.01 02:00;57.657;57.882;57.436;57.670;32.02;8.66;30.94;14.30;11.89;-1.209;SOFT_DOWN;-1;-85.8;-3;0
2026.07.01 01:00;58.466;58.668;57.466;57.657;28.29;9.99;34.67;9.40;10.56;-1.232;SOFT_DOWN;-1;;;0
2026.07.01 00:00;58.376;58.557;58.212;58.463;24.14;11.53;30.45;11.98;11.63;0.149;NEUTRE;0;;;0
2026.06.30 23:00;58.693;58.832;58.368;58.376;20.92;13.30;28.18;10.30;15.79;-0.039;NEUTRE;0;-2.2;0;0
2026.06.30 22:00;58.689;58.847;58.605;58.688;18.62;15.34;24.66;12.60;27.74;0.495;NEUTRE;0;26.9;1;0
2026.06.30 20:00;59.125;59.251;58.417;58.582;17.90;17.71;28.46;24.48;42.22;0.313;NEUTRE;0;19.4;0;0
2026.06.30 19:00;59.724;59.744;59.087;59.121;17.07;20.43;20.47;46.15;53.63;1.236;SOFT_UP;1;55.7;2;1
2026.06.30 18:00;59.600;59.838;59.532;59.723;19.68;23.57;13.20;56.02;59.18;2.267;STRONG_UP;2;70.6;3;1
2026.06.30 17:00;59.418;59.666;59.318;59.599;18.37;18.55;15.23;58.72;63.99;2.055;SOFT_UP;1;69.8;3;1
2026.06.30 16:00;59.543;59.793;59.396;59.420;19.68;21.41;14.13;62.82;65.32;1.748;SOFT_UP;1;67.9;3;1
2026.06.30 15:00;59.830;59.976;59.504;59.548;19.56;24.70;12.12;70.43;64.45;1.967;SOFT_UP;1;71.3;3;1
2026.06.30 14:00;59.144;60.420;59.012;59.830;17.31;28.50;13.98;62.72;61.69;2.450;STRONG_UP;2;75.8;3;1
2026.06.30 13:00;58.310;59.351;58.310;59.171;14.72;21.20;16.14;60.21;65.32;1.322;SOFT_UP;1;66.4;3;1
2026.06.30 12:00;59.031;59.037;58.213;58.325;14.90;19.82;18.62;62.14;67.31;-0.127;NEUTRE;0;-13.4;0;1
2026.06.30 11:00;59.001;59.152;58.735;59.017;16.70;22.87;11.74;73.61;68.82;1.058;SOFT_UP;1;65.2;3;1
2026.06.30 10:00;58.804;59.060;58.716;59.002;14.32;23.00;13.54;66.18;67.40;1.033;SOFT_UP;1;66.8;3;1
2026.06.30 09:00;58.443;58.804;58.413;58.801;12.55;15.09;15.62;66.67;68.70;0.688;NEUTRE;0;59.9;2;1
2026.06.30 08:00;58.977;59.119;58.359;58.443;14.21;17.41;18.03;69.34;67.78;0.075;NEUTRE;0;11.9;0;1
2026.06.30 07:00;58.994;59.107;58.704;58.977;16.12;20.09;13.82;70.10;60.05;0.990;NEUTRE;0;72.6;3;1
2026.06.30 06:00;57.249;59.577;57.249;58.995;15.76;23.18;15.94;63.91;51.06;1.021;SOFT_UP;1;75.4;3;0
2026.06.30 05:00;57.650;57.695;57.067;57.249;15.34;14.31;18.40;46.15;42.30;-1.969;SOFT_DOWN;-1;-83.6;-3;0
2026.06.30 04:00;57.244;57.997;57.226;57.652;15.77;16.51;17.33;43.12;38.51;-1.279;SOFT_DOWN;-1;-82.1;-3;0
2026.06.30 03:00;57.327;57.700;57.121;57.244;17.83;13.12;20.00;37.63;37.57;-1.978;SOFT_DOWN;-1;-86.1;-3;0
2026.06.30 02:00;57.384;57.654;57.042;57.321;17.37;13.92;23.07;34.77;39.84;-1.846;SOFT_DOWN;-1;-87.2;-3;0
2026.06.30 01:00;57.486;57.735;56.588;57.388;16.24;16.06;26.62;40.31;52.57;-1.731;SOFT_DOWN;-1;;;0
2026.06.30 00:00;58.399;58.399;57.214;57.486;14.92;18.53;22.32;44.45;63.29;-1.563;SOFT_DOWN;-1;;;0
2026.06.29 23:00;58.221;58.527;58.219;58.391;15.79;21.38;12.71;72.96;73.64;-0.430;NEUTRE;0;-22.8;0;0
2026.06.29 22:00;58.273;58.390;58.179;58.216;14.31;17.89;14.67;72.46;72.03;-0.728;NEUTRE;0;-36.7;-1;0
2026.06.29 20:00;58.205;58.317;58.147;58.249;14.99;15.32;16.92;75.50;67.92;-0.672;NEUTRE;0;-37.1;-1;0
2026.06.29 19:00;58.135;58.297;57.899;58.205;16.53;15.86;19.53;68.15;60.31;-0.747;NEUTRE;0;-41.5;-1;1
2026.06.29 18:00;58.178;58.338;58.069;58.133;17.48;18.30;15.96;60.10;53.54;-0.870;NEUTRE;0;-47.4;-2;1
2026.06.29 17:00;58.077;58.373;57.993;58.178;19.11;21.12;18.41;52.69;50.00;-0.793;NEUTRE;0;-46.4;-2;1
2026.06.29 16:00;58.057;58.227;57.887;58.075;21.00;18.46;21.25;47.84;52.53;-0.969;NEUTRE;0;-53.8;-2;1
2026.06.29 15:00;57.985;58.148;57.658;58.052;23.15;17.72;24.51;49.46;58.86;-1.008;SOFT_DOWN;-1;-56.6;-2;1
2026.06.29 14:00;58.142;58.208;57.403;57.985;24.24;20.45;28.29;60.28;60.36;-1.122;SOFT_DOWN;-1;-61;-2;1
2026.06.29 13:00;58.345;58.729;58.019;58.132;25.49;23.60;20.87;66.83;51.19;-0.871;NEUTRE;0;-56.5;-2;1
2026.06.29 12:00;58.161;58.505;57.973;58.343;28.47;22.37;24.08;53.97;35.73;-0.512;NEUTRE;0;-43.9;-1;1
2026.06.29 11:00;57.787;58.207;57.566;58.163;32.29;17.20;27.78;32.78;26.25;-0.819;NEUTRE;0;-59.2;-2;1
2026.06.29 10:00;57.655;57.811;57.469;57.758;33.63;10.34;32.05;20.43;29.23;-1.509;SOFT_DOWN;-1;-73.6;-3;1
2026.06.29 09:00;57.972;58.164;57.388;57.654;30.93;11.93;36.98;25.53;40.28;-1.686;SOFT_DOWN;-1;-76.7;-3;1
2026.06.29 08:00;58.284;58.494;57.872;57.972;27.81;13.77;33.08;41.73;47.65;-1.144;SOFT_DOWN;-1;-72.8;-3;1
2026.06.29 07:00;58.614;58.632;58.286;58.291;25.74;15.88;27.93;53.57;48.42;-0.600;NEUTRE;0;-62.6;-2;1
2026.06.29 06:00;58.559;58.918;58.516;58.608;25.47;18.33;22.00;47.65;43.47;-0.060;NEUTRE;0;-12.7;0;0
2026.06.29 05:00;58.187;58.623;57.743;58.548;27.99;9.86;25.38;44.03;40.47;-0.162;NEUTRE;0;-36.1;-1;0
2026.06.29 04:00;58.629;58.635;58.137;58.196;25.52;11.37;22.40;38.72;37.95;-0.762;NEUTRE;0;-76.9;-3;0
2026.06.29 03:00;58.633;59.123;58.528;58.629;24.43;13.12;13.77;38.66;34.90;-0.024;NEUTRE;0;-10.2;0;0
2026.06.29 02:00;58.289;58.840;58.201;58.633;27.82;7.83;15.88;36.48;33.42;-0.017;NEUTRE;0;-10.8;0;0
2026.06.29 01:00;58.611;58.819;58.121;58.292;26.87;8.52;18.33;29.56;35.69;-0.599;NEUTRE;0;;;0
2026.06.29 00:00;58.643;58.760;58.030;58.639;25.38;8.53;21.15;34.24;39.92;-0.007;NEUTRE;0;;;0
2026.06.28 23:00;58.733;58.943;58.550;58.645;22.75;9.85;13.44;43.29;41.15;0.166;NEUTRE;0;9.2;0;0
2026.06.28 22:00;58.548;59.377;58.444;58.734;23.88;11.36;15.51;42.22;39.78;0.318;NEUTRE;0;18;0;0
2026.06.26 20:00;58.893;59.235;58.498;59.217;25.17;10.77;17.90;37.95;46.29;2.804;STRONG_UP;2;72.4;3;0
2026.06.26 19:00;58.862;59.036;58.809;58.896;25.22;12.43;14.16;39.16;59.80;2.246;STRONG_UP;2;69.4;3;1
2026.06.26 18:00;58.967;59.129;58.822;58.863;28.10;14.34;15.45;61.75;74.39;2.189;SOFT_UP;1;70;3;1
2026.06.26 17:00;59.280;59.315;58.957;58.967;31.85;16.54;11.07;78.48;81.62;2.370;STRONG_UP;2;72.3;3;1
2026.06.26 16:00;59.363;59.427;59.111;59.279;33.70;19.09;6.15;82.93;83.83;2.911;STRONG_UP;2;76.3;3;1
2026.06.26 15:00;59.139;59.543;58.926;59.363;30.99;22.03;7.10;83.44;83.80;3.057;STRONG_UP;2;77.7;3;1
2026.06.26 14:00;58.877;59.496;58.729;59.139;27.87;24.24;8.19;85.12;86.14;2.668;STRONG_UP;2;76.9;3;1
2026.06.26 13:00;58.857;59.103;57.963;58.876;24.55;20.09;9.45;82.85;87.41;2.212;STRONG_UP;2;75.4;3;1
2026.06.26 12:00;58.139;58.918;57.988;58.855;22.78;20.68;10.90;90.46;88.50;2.175;SOFT_UP;1;76.2;3;1
2026.06.26 11:00;58.466;58.480;58.026;58.137;21.52;16.62;12.58;88.91;84.94;0.929;NEUTRE;0;62.3;2;1
2026.06.26 10:00;58.181;58.459;58.014;58.456;22.70;18.46;14.51;86.14;83.06;1.483;SOFT_UP;1;73.3;3;1
2026.06.26 09:00;57.661;58.406;57.603;58.181;24.35;19.47;16.75;79.77;78.89;1.005;SOFT_UP;1;68.3;3;1
2026.06.26 08:00;57.837;57.941;57.612;57.661;26.94;13.56;19.32;83.28;71.56;0.102;NEUTRE;0;16;0;1
2026.06.26 07:00;58.247;58.247;57.768;57.838;28.39;15.65;15.00;73.64;55.88;0.410;NEUTRE;0;52.9;2;1
2026.06.26 06:00;56.593;58.315;56.364;58.247;32.44;18.05;17.31;57.76;40.40;1.120;SOFT_UP;1;76.6;3;0
2026.06.26 05:00;56.389;56.887;56.227;56.586;37.10;9.57;19.97;36.24;29.49;-1.764;SOFT_DOWN;-1;-82.8;-3;0
2026.06.26 04:00;56.573;56.674;56.278;56.388;37.39;6.08;23.05;27.20;23.76;-2.108;SOFT_DOWN;-1;-85.2;-3;0
2026.06.26 03:00;55.961;56.664;55.879;56.572;34.18;6.62;26.59;25.03;21.42;-1.788;SOFT_DOWN;-1;-85.7;-3;0
2026.06.26 02:00;57.140;57.251;55.670;55.961;30.19;7.64;30.68;19.06;19.80;-2.849;STRONG_DOWN;-2;-88.2;-3;0
2026.06.26 01:00;57.640;57.993;56.859;57.140;25.59;8.82;23.83;20.17;18.35;-0.802;NEUTRE;0;;;0
2026.06.26 00:00;57.602;57.850;57.340;57.609;22.45;10.17;20.97;20.18;18.57;0.012;NEUTRE;0;;;0
2026.06.25 23:00;57.784;58.022;57.551;57.599;20.57;11.74;17.83;14.70;24.89;-0.180;NEUTRE;0;-10;0;0
2026.06.25 22:00;57.771;57.915;57.555;57.784;20.56;10.05;20.58;20.83;38.51;0.140;NEUTRE;0;8.2;0;0
2026.06.25 20:00;57.852;58.043;57.693;57.810;18.43;11.59;17.85;39.14;53.66;0.185;NEUTRE;0;11.8;0;0
2026.06.25 19:00;58.174;58.216;57.650;57.860;18.00;13.38;20.59;55.57;65.45;0.272;NEUTRE;0;17.9;0;1
2026.06.25 18:00;58.291;58.456;57.942;58.159;17.50;15.44;15.82;66.28;70.06;0.790;NEUTRE;0;44.7;1;1
2026.06.25 17:00;58.258;58.480;58.035;58.290;20.01;17.81;15.47;74.50;64.79;1.017;SOFT_UP;1;53.4;2;1
2026.06.25 16:00;58.747;58.792;58.147;58.257;22.01;20.55;13.98;69.41;55.35;0.960;NEUTRE;0;53.5;2;1
2026.06.25 15:00;57.902;58.793;57.562;58.746;22.46;23.71;16.13;50.47;47.20;1.808;SOFT_UP;1;69.8;3;1
2026.06.25 14:00;56.978;58.096;56.978;57.895;22.99;18.65;18.62;46.17;54.07;0.333;NEUTRE;0;28.2;1;1
2026.06.25 13:00;58.176;58.988;56.936;56.978;26.52;21.52;21.48;44.98;60.59;-1.256;SOFT_DOWN;-1;-65.3;-3;1
2026.06.25 12:00;57.123;58.343;56.737;58.158;30.58;20.00;24.79;71.05;70.33;0.789;NEUTRE;0;56;2;1
2026.06.25 11:00;57.289;57.388;56.928;57.111;33.64;13.92;28.60;65.74;71.50;-1.026;SOFT_DOWN;-1;-64.6;-2;1
2026.06.25 10:00;57.435;57.492;57.203;57.286;33.51;16.07;23.80;74.19;69.20;-0.723;NEUTRE;0;-58.5;-2;1
2026.06.25 09:00;57.401;57.639;57.324;57.435;35.68;18.54;21.02;74.56;61.56;-0.464;NEUTRE;0;-49.3;-2;1
2026.06.25 08:00;57.244;57.672;57.243;57.403;40.20;21.39;24.26;58.86;55.88;-0.520;NEUTRE;0;-55.7;-2;1
2026.06.25 07:00;56.795;57.259;56.520;57.243;45.42;9.87;27.99;51.28;59.23;-0.797;NEUTRE;0;-68.7;-3;1
2026.06.25 06:00;57.088;57.238;56.677;56.780;45.05;11.39;29.02;57.49;63.03;-1.600;SOFT_DOWN;-1;-80.6;-3;0
2026.06.25 05:00;57.538;57.613;56.960;57.093;45.26;13.14;25.73;68.93;57.88;-1.057;SOFT_DOWN;-1;-78.1;-3;0
2026.06.25 04:00;57.466;57.562;57.182;57.538;47.24;15.16;24.46;62.66;46.36;-0.286;NEUTRE;0;-58.2;-2;0
2026.06.25 03:00;56.872;57.455;56.474;57.442;50.90;13.16;28.22;42.05;45.90;-0.452;NEUTRE;0;-73.6;-3;0
2026.06.25 02:00;56.837;57.056;56.326;56.868;53.14;8.93;32.56;34.38;55.38;-1.447;SOFT_DOWN;-1;-86.5;-3;0
2026.06.25 01:00;57.221;57.781;56.697;56.832;52.55;10.30;29.75;61.28;66.56;-1.509;SOFT_DOWN;-1;;;0
2026.06.25 00:00;57.703;57.816;57.032;57.206;53.17;11.89;29.57;70.50;64.28;-0.861;NEUTRE;0;;;0
2026.06.24 23:00;57.482;57.871;57.300;57.683;54.78;13.72;28.86;67.89;54.95;-6.412;EXPLOSIVE_DOWN;-3;-81;-3;0
2026.06.24 22:00;57.582;57.769;57.437;57.478;57.74;15.83;29.61;54.44;41.00;-6.745;EXPLOSIVE_DOWN;-3;-81.8;-3;0
2026.06.24 20:00;57.190;57.668;57.078;57.434;61.96;13.63;34.17;42.50;29.42;-6.816;EXPLOSIVE_DOWN;-3;-82.6;-3;0
2026.06.24 19:00;56.686;57.226;56.465;57.194;64.88;4.20;39.43;26.05;21.08;-7.205;EXPLOSIVE_DOWN;-3;-83.3;-3;1
2026.06.24 18:00;56.545;57.179;55.565;56.678;62.44;3.89;45.49;19.72;22.14;-8.043;EXPLOSIVE_DOWN;-3;-84.3;-3;1
2026.06.24 17:00;58.559;58.622;56.513;56.530;59.08;4.49;43.45;17.47;26.71;-8.283;EXPLOSIVE_DOWN;-3;-84.8;-3;1
2026.06.24 16:00;58.694;58.892;58.467;58.560;55.67;5.18;35.88;29.24;28.90;-4.989;EXPLOSIVE_DOWN;-3;-81.9;-3;1
2026.06.24 15:00;58.892;59.120;58.624;58.684;52.73;5.98;35.72;33.44;24.67;-4.788;EXPLOSIVE_DOWN;-3;-82.1;-3;1
2026.06.24 14:00;59.449;59.532;58.730;58.879;49.88;6.90;37.93;24.04;14.16;-4.471;EXPLOSIVE_DOWN;-3;-82.1;-3;1
2026.06.24 13:00;58.148;59.583;57.988;59.451;46.90;7.96;43.77;16.53;7.32;-3.543;STRONG_DOWN;-2;-80.8;-3;1
2026.06.24 12:00;59.389;59.503;58.101;58.141;43.47;9.19;49.41;1.91;5.71;-5.669;EXPLOSIVE_DOWN;-3;-84.6;-3;1
2026.06.24 11:00;60.596;60.680;59.334;59.390;39.60;10.60;43.48;3.51;13.88;-3.642;STRONG_DOWN;-2;-82.4;-3;1
2026.06.24 10:00;61.051;61.085;60.532;60.587;36.34;12.23;36.48;11.71;27.96;-1.700;SOFT_DOWN;-1;-75.4;-3;1
2026.06.24 09:00;61.254;61.321;61.013;61.049;34.27;14.12;28.71;26.40;44.01;-0.951;NEUTRE;0;-67.2;-3;1
2026.06.24 08:00;61.507;61.630;61.204;61.253;34.30;16.29;23.58;45.77;54.03;-0.620;NEUTRE;0;-60.2;-2;1
2026.06.24 07:00;61.820;61.902;61.474;61.508;36.76;18.79;17.46;59.85;55.41;-0.206;NEUTRE;0;-33.6;-1;1
2026.06.24 06:00;61.616;62.335;61.602;61.833;41.85;21.68;15.54;56.48;47.91;0.321;NEUTRE;0;50.3;2;0
2026.06.24 05:00;61.105;61.722;60.958;61.613;45.75;12.15;17.94;49.91;46.28;-0.036;NEUTRE;0;-9.2;0;0
2026.06.24 04:00;61.318;61.329;60.853;61.105;49.83;6.11;20.70;37.34;48.66;-0.860;NEUTRE;0;-78.3;-3;0
2026.06.24 03:00;61.138;61.567;60.986;61.318;49.13;7.05;19.58;51.58;60.45;-0.514;NEUTRE;0;-75.5;-3;0
2026.06.24 02:00;61.650;61.801;60.988;61.124;49.45;8.13;22.54;57.05;62.09;-0.829;NEUTRE;0;-83.9;-3;0
2026.06.24 01:00;61.501;61.995;60.698;61.659;49.83;9.39;26.01;72.74;56.77;0.039;NEUTRE;0;;;0
2026.06.24 00:00;61.635;61.865;61.270;61.496;50.27;10.83;23.22;56.48;40.15;-0.226;NEUTRE;0;;;0
2026.06.23 23:00;61.469;61.649;60.790;61.628;52.41;6.91;26.80;41.10;28.09;-5.021;EXPLOSIVE_DOWN;-3;-78.5;-3;0
2026.06.23 22:00;61.505;61.742;61.369;61.469;51.39;7.97;20.55;22.87;22.17;-5.266;EXPLOSIVE_DOWN;-3;-79.5;-3;0
2026.06.23 20:00;61.589;61.653;61.421;61.522;52.52;5.53;23.71;20.30;25.12;-5.184;EXPLOSIVE_DOWN;-3;-80.3;-3;0
2026.06.23 19:00;61.456;61.773;61.427;61.593;51.03;6.38;26.96;23.34;36.52;-5.075;EXPLOSIVE_DOWN;-3;-80.6;-3;1
2026.06.23 18:00;61.787;61.862;61.308;61.453;49.39;7.36;31.11;31.71;48.30;-5.291;EXPLOSIVE_DOWN;-3;-81.4;-3;1
2026.06.23 17:00;62.018;62.180;61.769;61.783;47.49;8.49;23.09;54.49;59.06;-4.782;EXPLOSIVE_DOWN;-3;-81;-3;1
2026.06.23 16:00;62.245;62.315;61.957;62.020;47.68;9.80;19.61;58.71;56.43;-4.417;STRONG_DOWN;-2;-80.9;-3;1
2026.06.23 15:00;62.040;62.287;61.792;62.245;49.89;10.11;22.62;63.98;50.58;-4.070;STRONG_DOWN;-2;-80.7;-3;1
2026.06.23 14:00;62.363;62.467;61.476;62.030;51.68;11.66;26.11;46.60;39.81;-4.402;STRONG_DOWN;-2;-82;-3;1
2026.06.23 13:00;61.879;62.465;61.618;62.371;53.74;13.45;27.92;41.16;39.62;-3.876;STRONG_DOWN;-2;-81.5;-3;1
2026.06.23 12:00;62.032;62.231;61.666;61.879;56.64;11.27;32.21;31.67;39.35;-4.634;EXPLOSIVE_DOWN;-3;-83.4;-3;1
2026.06.23 11:00;62.213;62.292;61.860;62.032;57.94;13.01;31.89;46.05;37.39;-4.398;STRONG_DOWN;-2;-83.7;-3;1
2026.06.23 10:00;62.513;62.674;62.190;62.225;60.39;15.01;25.04;40.34;24.97;-4.101;STRONG_DOWN;-2;-83.8;-3;1
2026.06.23 09:00;62.075;62.513;62.045;62.513;65.82;12.20;28.89;25.80;13.32;-3.657;STRONG_DOWN;-2;-83.8;-3;1
2026.06.23 08:00;61.860;62.143;61.781;62.075;69.70;1.92;33.34;8.76;6.26;-4.332;STRONG_DOWN;-2;-85.3;-3;1
2026.06.23 07:00;62.212;62.639;61.797;61.866;66.71;2.21;37.78;5.41;6.36;-4.654;EXPLOSIVE_DOWN;-3;-86.2;-3;1
2026.06.23 06:00;62.553;62.747;62.148;62.221;63.29;2.55;37.18;4.61;7.24;-4.107;STRONG_DOWN;-2;-86.3;-3;0
2026.06.23 05:00;62.556;63.021;62.340;62.543;59.62;2.94;37.97;9.07;10.06;-3.611;STRONG_DOWN;-2;-86.5;-3;0
2026.06.23 04:00;63.171;63.219;62.489;62.559;55.62;3.40;40.45;8.04;13.65;-3.586;STRONG_DOWN;-2;-87.2;-3;0
2026.06.23 03:00;63.265;63.364;62.713;63.166;51.18;3.92;41.95;13.06;20.30;-2.651;STRONG_DOWN;-2;-87.1;-3;0
2026.06.23 02:00;64.039;64.118;63.216;63.266;46.30;4.52;36.52;19.86;26.11;-2.497;STRONG_DOWN;-2;-88;-3;0
2026.06.23 01:00;64.916;65.182;63.777;64.039;41.43;5.22;32.57;27.98;24.05;-1.305;SOFT_DOWN;-1;;;0
2026.06.23 00:00;64.886;64.992;64.335;64.917;36.66;6.02;31.47;30.50;20.02;0.048;NEUTRE;0;;;0
2026.06.22 23:00;64.989;65.099;64.842;64.881;31.86;6.95;24.44;13.68;16.61;0.788;NEUTRE;0;37.7;1;0
2026.06.22 22:00;64.904;65.160;64.851;64.990;28.19;8.01;27.66;15.88;18.42;0.957;NEUTRE;0;44.4;1;0
2026.06.22 20:00;65.129;65.199;65.055;65.065;24.06;9.25;21.76;20.26;20.76;1.073;SOFT_UP;1;50.4;2;0
2026.06.22 19:00;65.405;65.449;64.967;65.120;21.55;10.67;25.10;19.13;20.90;1.159;SOFT_UP;1;54;2;1
2026.06.22 18:00;65.247;65.462;65.235;65.406;18.66;12.31;20.41;22.89;22.12;1.603;SOFT_UP;1;63.5;2;1
2026.06.22 17:00;65.595;65.609;64.951;65.244;17.72;14.21;23.55;20.69;23.61;1.351;SOFT_UP;1;60.8;2;1
2026.06.22 16:00;65.440;65.707;65.202;65.586;16.64;16.39;21.30;22.79;29.95;1.883;SOFT_UP;1;69.3;3;1
2026.06.22 15:00;66.026;66.095;65.095;65.435;17.20;18.91;24.58;27.35;41.89;1.648;SOFT_UP;1;68;3;1
2026.06.22 14:00;66.511;66.694;65.812;66.023;17.84;21.82;17.33;39.70;52.67;2.562;STRONG_UP;2;76.4;3;1
2026.06.22 13:00;66.192;66.858;66.167;66.507;18.82;25.18;13.81;58.61;61.55;3.313;STRONG_UP;2;80.1;3;1
2026.06.22 12:00;66.445;66.554;66.137;66.192;17.22;22.29;15.93;59.70;62.10;2.824;STRONG_UP;2;79.3;3;1
2026.06.22 11:00;66.339;66.716;66.172;66.433;17.31;25.72;17.09;66.35;61.88;3.198;STRONG_UP;2;81.3;3;1
2026.06.22 10:00;66.347;66.573;66.310;66.343;16.88;25.63;19.72;60.25;61.39;3.059;STRONG_UP;2;81.7;3;1
2026.06.22 09:00;66.148;66.530;66.076;66.349;17.47;27.05;22.75;59.03;62.93;3.068;STRONG_UP;2;82.6;3;1
2026.06.22 08:00;66.178;66.232;65.708;66.151;18.83;21.12;26.25;64.88;61.85;2.760;STRONG_UP;2;82.7;3;1
2026.06.22 07:00;66.583;66.688;66.141;66.173;20.06;24.37;17.58;64.88;55.33;2.795;STRONG_UP;2;83.7;3;1
2026.06.22 06:00;66.366;66.781;66.318;66.577;20.66;28.12;15.31;55.79;50.67;3.422;STRONG_UP;2;85.6;3;0
2026.06.22 05:00;65.485;66.553;65.436;66.363;19.30;24.87;17.66;45.31;51.96;3.090;STRONG_UP;2;85.9;3;0
2026.06.22 04:00;65.477;65.682;65.425;65.493;19.66;16.69;20.38;50.91;61.97;1.738;SOFT_UP;1;84.2;3;0
2026.06.22 03:00;65.672;65.752;65.406;65.465;21.15;19.26;23.52;59.67;71.19;1.695;SOFT_UP;1;85.5;3;0
2026.06.22 02:00;65.842;66.166;65.513;65.658;22.88;22.23;22.38;75.32;80.80;1.995;SOFT_UP;1;87.5;3;0
2026.06.22 01:00;66.294;67.118;65.770;65.842;26.35;25.65;19.76;78.57;82.33;2.280;STRONG_UP;2;;;0
2026.06.22 00:00;64.374;66.312;64.360;66.294;28.41;20.39;22.80;88.50;82.12;2.983;STRONG_UP;2;;;0
2026.06.21 23:00;64.761;65.023;64.214;64.374;31.92;13.37;26.31;79.93;72.28;1.972;SOFT_UP;1;62.6;2;0
2026.06.21 22:00;63.129;64.826;63.129;64.762;31.82;11.68;30.36;77.93;60.39;2.587;STRONG_UP;2;69.3;3;0
2026.06.19 18:00;64.770;64.770;64.770;64.770;29.88;13.48;20.15;58.99;46.81;-0.731;NEUTRE;0;-42.5;-1;1
2026.06.19 17:00;64.764;64.789;64.700;64.770;31.42;15.55;23.25;44.27;37.76;-0.731;NEUTRE;0;-44.1;-1;1
2026.06.19 16:00;64.520;64.880;64.311;64.766;33.20;17.95;26.83;37.17;40.65;-0.737;NEUTRE;0;-46.1;-2;1
2026.06.19 15:00;64.514;64.692;64.429;64.520;35.25;15.62;30.96;31.84;47.54;-1.114;SOFT_DOWN;-1;-59.1;-2;1
2026.06.19 14:00;64.679;64.708;64.155;64.515;35.61;18.03;35.72;52.93;59.67;-1.122;SOFT_DOWN;-1;-61;-2;1
2026.06.19 13:00;65.320;65.353;64.673;64.682;36.03;20.80;26.81;57.86;65.39;-0.866;NEUTRE;0;-56.3;-2;1
2026.06.19 12:00;64.742;65.346;64.512;65.318;39.63;23.84;30.93;68.21;73.84;0.109;NEUTRE;0;11.6;0;1
2026.06.19 11:00;64.793;64.817;64.313;64.742;43.74;17.75;35.69;70.11;81.05;-0.774;NEUTRE;0;-57.8;-2;1
2026.06.19 10:00;65.075;65.113;64.758;64.817;45.30;20.48;27.60;83.20;85.18;-0.659;NEUTRE;0;-56;-2;1
2026.06.19 09:00;65.187;65.244;64.916;65.074;49.99;23.64;25.00;89.84;77.02;-0.265;NEUTRE;0;-33.6;-1;1
2026.06.19 08:00;64.793;65.351;64.694;65.187;57.26;27.27;28.84;82.50;57.00;-0.092;NEUTRE;0;-14.5;0;1
2026.06.19 07:00;64.361;64.948;64.361;64.793;65.63;22.03;33.28;58.71;33.80;-0.696;NEUTRE;0;-65.9;-3;1
2026.06.19 06:00;63.885;64.420;63.728;64.363;72.60;11.58;38.40;29.78;15.78;-1.355;SOFT_DOWN;-1;-78.9;-3;0
2026.06.19 05:00;63.467;63.901;63.261;63.885;75.52;1.83;44.31;12.90;7.85;-2.087;SOFT_DOWN;-1;-83.9;-3;0
2026.06.19 04:00;64.073;64.147;63.437;63.468;72.97;2.11;46.89;4.65;7.82;-2.727;STRONG_DOWN;-2;-86.3;-3;0
2026.06.19 03:00;64.532;64.571;63.976;64.073;70.13;2.43;42.43;6.00;11.92;-1.799;SOFT_DOWN;-1;-85.8;-3;0
2026.06.19 02:00;64.963;65.011;64.424;64.532;67.21;2.80;37.37;12.81;20.69;-1.096;SOFT_DOWN;-1;-85.4;-3;0
2026.06.19 01:00;65.308;65.373;64.930;64.967;64.31;3.24;29.86;16.93;29.41;-0.429;NEUTRE;0;;;0
2026.06.19 00:00;65.247;65.474;65.021;65.293;61.83;3.73;31.29;32.33;39.86;0.071;NEUTRE;0;;;0
2026.06.18 23:00;65.635;65.656;65.207;65.244;59.23;4.31;29.79;38.98;41.04;-4.581;EXPLOSIVE_DOWN;-3;-77.4;-3;0
2026.06.18 22:00;65.744;65.778;65.482;65.642;56.85;4.97;24.95;48.26;36.51;-3.998;STRONG_DOWN;-2;-76.3;-3;0
2026.06.18 20:00;65.762;65.926;65.519;65.689;55.32;5.74;26.86;35.89;25.24;-3.930;STRONG_DOWN;-2;-77.3;-3;0
2026.06.18 19:00;65.814;65.851;65.042;65.761;53.86;3.78;30.99;25.39;18.09;-3.824;STRONG_DOWN;-2;-77.6;-3;1
2026.06.18 18:00;66.101;66.159;65.795;65.811;50.11;4.36;21.44;14.43;14.23;-3.751;STRONG_DOWN;-2;-78;-3;1
2026.06.18 17:00;66.101;66.342;65.739;66.093;47.64;5.04;24.74;14.46;15.37;-3.339;STRONG_DOWN;-2;-77.3;-3;1
2026.06.18 16:00;66.047;66.249;65.839;66.097;44.79;5.81;26.00;13.80;15.96;-3.333;STRONG_DOWN;-2;-78;-3;1
2026.06.18 15:00;66.433;66.516;65.885;66.054;41.91;6.70;28.27;17.86;15.97;-3.396;STRONG_DOWN;-2;-78.9;-3;1
2026.06.18 14:00;66.904;66.972;66.021;66.435;38.88;7.74;29.30;16.23;12.31;-2.839;STRONG_DOWN;-2;-77.7;-3;1
2026.06.18 13:00;66.427;67.542;66.414;66.904;35.90;8.93;27.46;13.84;12.07;-2.153;SOFT_DOWN;-1;-75;-3;1
2026.06.18 12:00;66.783;67.317;66.308;66.427;33.59;7.23;31.68;6.87;12.23;-2.850;STRONG_DOWN;-2;-79.4;-3;1
2026.06.18 11:00;67.765;67.779;66.542;66.783;29.09;8.34;32.98;15.50;14.99;-2.330;STRONG_DOWN;-2;-78.2;-3;1
2026.06.18 10:00;68.436;68.519;67.711;67.762;24.39;9.63;23.52;14.31;14.08;-0.898;NEUTRE;0;-63.7;-2;1
2026.06.18 09:00;68.060;68.481;67.948;68.440;21.69;11.11;22.63;15.15;16.62;0.094;NEUTRE;0;13.2;0;1
2026.06.18 08:00;68.476;68.555;68.050;68.060;19.78;12.82;23.16;12.78;22.85;-0.462;NEUTRE;0;-52.5;-2;1
2026.06.18 07:00;68.861;68.993;68.450;68.469;18.40;14.79;14.54;21.94;34.71;0.136;NEUTRE;0;23.6;0;1
2026.06.18 06:00;68.805;68.963;68.543;68.863;21.10;17.06;14.14;33.81;46.16;0.712;NEUTRE;0;69.5;3;0
2026.06.18 05:00;68.988;69.273;68.463;68.805;22.90;19.69;16.32;48.37;58.18;0.627;NEUTRE;0;70.5;3;0
2026.06.18 04:00;69.233;69.307;68.772;68.989;24.99;22.72;12.96;56.30;67.64;0.897;NEUTRE;0;78.8;3;0
2026.06.18 03:00;68.844;69.254;68.720;69.233;24.63;24.69;14.96;69.87;70.21;1.253;SOFT_UP;1;83.9;3;0
2026.06.18 02:00;69.335;69.706;68.835;68.844;24.64;28.49;13.94;76.76;61.48;0.684;NEUTRE;0;82.6;3;0
2026.06.18 01:00;69.077;69.831;68.995;69.334;23.15;32.87;13.26;63.99;45.40;1.401;SOFT_UP;1;;;0
2026.06.18 00:00;68.376;69.350;68.346;69.073;20.18;29.08;15.30;43.70;30.10;1.019;SOFT_UP;1;;;0
2026.06.17 23:00;67.961;68.385;67.908;68.376;18.51;18.76;17.66;28.50;20.56;-2.158;SOFT_DOWN;-1;-64.7;-2;0
2026.06.17 22:00;67.883;68.093;67.685;67.960;20.89;12.23;20.37;18.11;19.12;-2.753;STRONG_DOWN;-2;-70.5;-3;0
2026.06.17 20:00;66.999;68.138;66.989;67.911;20.26;14.11;23.51;15.06;29.93;-2.823;STRONG_DOWN;-2;-72.5;-3;0
2026.06.17 19:00;69.122;69.301;66.762;67.004;19.53;16.28;27.12;24.19;52.39;-4.121;STRONG_DOWN;-2;-78.4;-3;1
2026.06.17 18:00;71.131;71.131;68.637;69.117;18.69;18.79;19.94;50.54;69.23;-1.098;SOFT_DOWN;-1;-54;-2;1
2026.06.17 17:00;70.576;71.527;70.479;71.132;21.11;21.68;11.64;82.42;76.04;1.786;SOFT_UP;1;67.1;3;1
2026.06.17 16:00;70.712;70.791;70.431;70.578;19.73;14.21;13.44;74.71;69.73;0.993;NEUTRE;0;54.4;2;1
2026.06.17 15:00;70.273;70.756;70.178;70.716;22.34;14.90;15.50;70.98;63.03;1.191;SOFT_UP;1;60.8;2;1
2026.06.17 14:00;70.105;70.863;69.861;70.273;25.47;17.19;17.89;63.51;55.65;0.557;NEUTRE;0;41.9;1;1
2026.06.17 13:00;69.922;70.423;69.516;70.115;29.08;13.08;20.64;54.61;48.60;0.331;NEUTRE;0;29.8;1;1
2026.06.17 12:00;69.726;69.957;69.575;69.921;30.10;7.19;23.81;48.84;43.99;0.053;NEUTRE;0;5.7;0;1
2026.06.17 11:00;69.933;69.956;69.599;69.726;26.48;8.29;26.51;42.36;38.18;-0.226;NEUTRE;0;-24.8;0;1
2026.06.17 10:00;69.917;70.061;69.814;69.934;22.50;9.57;21.33;40.77;36.01;0.072;NEUTRE;0;9.2;0;1
2026.06.17 09:00;69.706;70.066;69.604;69.918;20.11;11.04;24.61;31.42;40.36;0.049;NEUTRE;0;7;0;1
2026.06.17 08:00;69.924;70.037;69.462;69.706;17.35;11.77;28.39;35.84;49.61;-0.255;NEUTRE;0;-35.7;-1;1
2026.06.17 07:00;70.289;70.372;69.919;69.929;13.66;13.59;20.53;53.81;54.99;0.064;NEUTRE;0;11.6;0;1
2026.06.17 06:00;70.348;70.395;70.124;70.289;12.63;15.68;16.73;59.16;52.01;0.580;NEUTRE;0;65.3;3;0
2026.06.17 05:00;70.072;70.433;69.855;70.314;14.07;18.09;19.30;51.99;53.39;0.615;NEUTRE;0;70.2;3;0
2026.06.17 04:00;70.124;70.130;69.829;70.072;15.73;12.81;22.27;44.86;59.13;0.269;NEUTRE;0;56.6;2;0
2026.06.17 03:00;70.129;70.240;69.981;70.124;14.00;14.78;17.93;63.31;63.48;0.343;NEUTRE;0;68.8;3;0
2026.06.17 02:00;70.443;70.497;70.060;70.142;14.67;17.05;16.00;69.20;57.14;0.369;NEUTRE;0;76.5;3;0
2026.06.17 01:00;70.147;70.499;69.967;70.443;16.44;19.67;18.46;57.92;46.48;0.800;NEUTRE;0;;;0
2026.06.17 00:00;69.884;70.293;69.849;70.164;18.48;16.74;21.30;44.30;44.79;0.401;NEUTRE;0;;;0
2026.06.16 23:00;70.107;70.164;69.783;69.864;19.48;14.85;24.57;37.21;51.97;-0.047;NEUTRE;0;-2.6;0;0
2026.06.16 22:00;69.908;70.120;69.798;70.112;18.68;15.35;28.35;52.87;59.89;0.308;NEUTRE;0;17.5;0;0
2026.06.16 20:00;70.079;70.089;69.950;70.011;16.98;17.72;25.45;65.81;59.79;0.163;NEUTRE;0;10.4;0;0
2026.06.16 19:00;70.277;70.374;69.998;70.082;16.84;20.44;24.05;61.00;51.40;0.265;NEUTRE;0;17.4;0;1
2026.06.16 18:00;70.206;70.413;70.163;70.277;18.18;23.59;21.00;52.55;41.80;0.544;NEUTRE;0;34.3;1;1
2026.06.16 17:00;70.069;70.217;69.731;70.206;20.08;15.15;24.23;40.65;32.11;0.442;NEUTRE;0;30.4;1;1
2026.06.16 16:00;70.037;70.316;70.023;70.071;19.63;17.49;18.72;32.21;31.62;0.249;NEUTRE;0;19.3;0;1
2026.06.16 15:00;69.757;70.279;69.583;70.035;22.12;18.23;21.60;23.46;42.25;0.197;NEUTRE;0;16.5;0;1
2026.06.16 14:00;70.169;70.384;69.383;69.757;24.22;21.04;24.92;39.20;65.04;-0.200;NEUTRE;0;-17.8;0;1
2026.06.16 13:00;71.115;71.156;70.119;70.169;26.65;24.28;17.44;64.09;81.06;0.389;NEUTRE;0;34;1;1
2026.06.16 12:00;70.523;71.157;70.343;71.116;28.23;28.01;16.81;91.82;89.90;1.744;SOFT_UP;1;73;3;1
2026.06.16 11:00;70.506;70.528;70.213;70.524;28.73;20.43;19.39;87.26;90.18;0.897;NEUTRE;0;61.4;2;1
2026.06.16 10:00;70.408;70.580;70.362;70.504;32.75;23.57;15.10;90.60;91.68;0.868;NEUTRE;0;62.9;2;1
2026.06.16 09:00;70.545;70.638;70.401;70.408;34.41;27.20;14.67;92.66;83.63;0.731;NEUTRE;0;61.4;2;1
2026.06.16 08:00;70.095;70.567;69.974;70.544;35.10;26.78;16.92;91.76;72.05;0.926;NEUTRE;0;69;3;1
2026.06.16 07:00;69.726;70.108;69.676;70.097;37.03;18.99;19.53;66.47;61.69;0.286;NEUTRE;0;42.6;1;1
2026.06.16 06:00;69.292;69.730;69.248;69.707;42.51;8.45;22.53;57.92;61.49;-0.272;NEUTRE;0;-45.6;-2;0
2026.06.16 05:00;69.705;69.927;69.238;69.298;42.06;9.75;26.00;60.69;57.16;-0.857;NEUTRE;0;-75.5;-3;0
2026.06.16 04:00;69.820;69.858;69.642;69.703;41.54;11.25;20.98;65.86;46.68;-0.278;NEUTRE;0;-57.4;-2;0
2026.06.16 03:00;69.496;69.881;69.427;69.820;43.28;12.98;24.20;44.92;31.35;-0.110;NEUTRE;0;-39.6;-1;0
2026.06.16 02:00;69.329;69.578;69.045;69.499;45.29;4.71;27.93;29.25;25.78;-0.569;NEUTRE;0;-81.1;-3;0
2026.06.16 01:00;69.834;69.962;69.255;69.327;41.31;5.43;26.16;19.89;21.60;-0.815;NEUTRE;0;;;0
2026.06.16 00:00;69.897;69.943;69.618;69.834;37.57;6.26;22.29;28.19;21.53;-0.090;NEUTRE;0;;;0
2026.06.15 23:00;69.897;69.989;69.799;69.897;34.72;7.23;17.15;16.73;18.46;-0.553;NEUTRE;0;-28.4;-1;0
2026.06.15 22:00;70.011;70.049;69.791;69.902;33.80;8.34;19.79;19.67;19.04;-0.546;NEUTRE;0;-29.2;-1;0
2026.06.15 20:00;70.165;70.203;69.879;69.959;32.74;9.62;17.59;18.98;17.49;-0.465;NEUTRE;0;-27.7;-1;0
2026.06.15 19:00;70.172;70.188;69.948;70.165;33.28;11.10;17.01;18.48;16.99;-0.172;NEUTRE;0;-11.5;0;1
2026.06.15 18:00;70.102;70.239;69.917;70.172;35.16;12.81;19.63;15.01;17.13;-0.162;NEUTRE;0;-11.5;0;1
2026.06.15 17:00;70.293;70.294;69.939;70.102;37.34;14.78;21.60;17.47;24.83;-0.262;NEUTRE;0;-19.2;0;1
2026.06.15 16:00;70.640;70.703;70.135;70.296;40.20;17.06;16.48;18.91;40.63;0.014;NEUTRE;0;1.1;0;1
2026.06.15 15:00;70.684;70.822;70.367;70.644;46.12;19.68;12.73;38.11;61.19;0.509;NEUTRE;0;37.4;1;1
2026.06.15 14:00;71.037;71.260;70.638;70.691;49.91;22.71;5.52;64.86;76.79;0.576;NEUTRE;0;42.8;1;1
2026.06.15 13:00;71.162;71.294;70.726;71.037;48.23;26.21;4.20;80.61;82.57;1.068;SOFT_UP;1;61.6;2;1
2026.06.15 12:00;70.742;71.189;70.609;71.163;44.51;27.39;4.84;84.91;83.26;1.248;SOFT_UP;1;66.9;3;1
2026.06.15 11:00;70.683;71.019;70.604;70.741;40.60;27.10;5.59;82.20;79.08;0.647;NEUTRE;0;53;2;1
2026.06.15 10:00;70.684;70.830;70.611;70.682;36.72;24.26;6.45;82.68;67.53;0.563;NEUTRE;0;51.8;2;1
2026.06.15 09:00;70.472;70.774;70.471;70.686;33.45;24.06;7.44;72.36;49.11;0.569;NEUTRE;0;54.9;2;1
2026.06.15 08:00;70.217;70.694;70.181;70.472;30.48;23.70;8.59;47.56;36.65;0.265;NEUTRE;0;36.7;1;1
2026.06.15 07:00;70.095;70.388;69.957;70.223;27.97;18.17;9.91;27.40;36.33;-0.090;NEUTRE;0;-16.2;0;1
2026.06.15 06:00;69.993;70.227;69.905;70.086;27.74;15.22;11.43;34.99;53.24;-0.285;NEUTRE;0;-46.9;-2;0
2026.06.15 05:00;70.473;70.549;69.874;69.992;29.83;17.56;13.19;46.59;69.75;-0.418;NEUTRE;0;-62;-2;0
2026.06.15 04:00;70.333;70.496;70.224;70.473;32.23;20.26;7.24;78.15;83.44;0.266;NEUTRE;0;56.3;2;0
2026.06.15 03:00;70.567;70.585;70.220;70.333;29.91;23.37;8.36;84.52;87.42;0.067;NEUTRE;0;26.7;1;0
2026.06.15 02:00;70.205;70.780;70.184;70.566;27.23;26.97;9.64;87.66;89.61;0.398;NEUTRE;0;77.4;3;0
2026.06.15 01:00;70.048;70.506;69.857;70.206;24.14;24.05;11.12;90.09;90.66;-0.114;NEUTRE;0;;;0
2026.06.15 00:00;70.286;70.519;69.940;70.036;22.20;27.74;10.87;91.09;86.74;-0.356;NEUTRE;0;;;0
2026.06.14 23:00;69.982;70.328;69.739;70.286;18.89;26.94;12.54;90.80;80.14;2.652;STRONG_UP;2;69;3;0
2026.06.14 22:00;68.470;70.196;68.313;69.983;16.18;27.63;14.47;78.31;76.44;2.210;STRONG_UP;2;66.2;3;0
2026.06.12 20:00;67.753;68.026;67.735;67.986;13.86;16.78;16.70;71.32;78.64;0.768;NEUTRE;0;40.9;1;0
2026.06.12 19:00;67.882;68.019;67.586;67.753;15.96;18.99;19.26;79.70;82.20;0.422;NEUTRE;0;26.6;1;1
2026.06.12 18:00;68.003;68.317;67.859;67.882;18.30;21.91;12.53;84.91;80.22;0.614;NEUTRE;0;37.5;1;1
2026.06.12 17:00;67.704;68.137;67.614;68.003;16.92;19.24;14.46;81.99;68.17;0.793;NEUTRE;0;46.4;2;1
2026.06.12 16:00;67.463;68.036;67.298;67.705;17.34;19.23;16.68;73.74;50.38;0.351;NEUTRE;0;26.3;1;1
2026.06.12 15:00;67.000;68.021;66.837;67.464;18.92;21.87;19.25;48.77;37.98;-0.006;NEUTRE;0;-0.5;0;1
2026.06.12 14:00;66.224;67.079;66.179;66.990;20.85;13.00;22.21;28.64;40.92;-0.708;NEUTRE;0;-48.7;-2;1
2026.06.12 13:00;66.469;67.010;66.173;66.226;20.03;13.82;25.62;36.53;56.47;-1.841;SOFT_DOWN;-1;-72.6;-3;1
2026.06.12 12:00;67.142;67.170;66.410;66.483;18.51;15.94;25.21;57.58;68.75;-1.460;SOFT_DOWN;-1;-70;-3;1
2026.06.12 11:00;67.027;67.398;66.808;67.141;17.89;18.39;21.03;75.29;69.36;-0.485;NEUTRE;0;-44.8;-1;1
2026.06.12 10:00;67.208;67.310;66.679;67.000;19.62;18.93;24.27;73.38;58.04;-0.694;NEUTRE;0;-57.4;-2;1
2026.06.12 09:00;66.888;67.531;66.865;67.208;20.73;21.84;23.47;59.43;40.65;-0.385;NEUTRE;0;-44;-1;1
2026.06.12 08:00;66.316;67.317;66.245;66.888;23.37;20.26;27.08;41.33;28.76;-0.860;NEUTRE;0;-67.6;-3;1
2026.06.12 07:00;66.630;66.653;65.853;66.316;24.75;13.85;31.24;21.20;25.86;-1.707;SOFT_DOWN;-1;-79.7;-3;1
2026.06.12 06:00;66.539;66.889;66.357;66.627;22.62;15.98;26.35;23.76;33.00;-1.247;SOFT_DOWN;-1;-77.9;-3;0
2026.06.12 05:00;66.927;66.986;66.469;66.537;22.33;18.43;27.17;32.62;38.39;-1.380;SOFT_DOWN;-1;-80.9;-3;0
2026.06.12 04:00;67.121;67.174;66.897;66.927;22.82;21.27;18.61;42.60;43.55;-0.802;NEUTRE;0;-77.5;-3;0
2026.06.12 03:00;67.095;67.512;67.021;67.121;25.30;24.54;14.59;39.94;50.93;-0.514;NEUTRE;0;-75.5;-3;0
2026.06.12 02:00;66.878;67.169;66.700;67.096;25.29;17.57;16.84;48.11;66.56;-0.551;NEUTRE;0;-80.8;-3;0
2026.06.12 01:00;67.313;67.390;66.448;66.885;28.85;20.27;19.43;64.76;81.55;-0.864;NEUTRE;0;;;0
2026.06.12 00:00;67.468;67.756;67.149;67.324;32.96;23.39;10.97;86.81;91.71;-0.213;NEUTRE;0;;;0
2026.06.11 23:00;67.828;67.880;67.340;67.487;32.46;26.99;7.81;93.07;93.26;8.568;EXPLOSIVE_UP;3;83.2;3;0
2026.06.11 22:00;67.439;67.933;67.160;67.828;28.98;31.14;9.01;95.24;90.90;9.117;EXPLOSIVE_UP;3;83.9;3;0
2026.06.11 20:00;67.259;67.414;67.063;67.321;24.96;25.61;10.40;91.47;84.49;8.301;EXPLOSIVE_UP;3;83.9;3;0
2026.06.11 19:00;66.102;67.523;66.097;67.253;22.30;29.55;12.00;85.99;78.18;8.192;EXPLOSIVE_UP;3;84.1;3;1
2026.06.11 18:00;65.856;66.318;65.287;66.099;19.24;21.09;13.85;76.01;72.70;6.335;EXPLOSIVE_UP;3;82.8;3;1
2026.06.11 17:00;63.807;66.559;63.619;65.855;19.01;24.34;15.98;72.55;73.71;5.943;EXPLOSIVE_UP;3;82.8;3;1
2026.06.11 16:00;63.977;64.590;63.713;63.801;18.74;17.78;18.44;69.55;69.99;2.638;STRONG_UP;2;74.9;3;1
2026.06.11 15:00;63.888;64.271;63.710;63.975;21.35;14.92;21.27;79.04;62.45;2.918;STRONG_UP;2;77.2;3;1
2026.06.11 14:00;64.030;64.231;63.444;63.891;21.93;16.11;24.55;61.39;46.32;2.783;STRONG_UP;2;77.4;3;1
2026.06.11 13:00;63.418;64.264;63.344;64.019;22.11;18.59;28.32;46.91;37.26;2.989;STRONG_UP;2;79.1;3;1
2026.06.11 12:00;63.721;63.862;62.779;63.423;22.32;14.73;32.68;30.66;38.06;2.030;SOFT_UP;1;75.3;3;1
2026.06.11 11:00;63.888;64.012;63.438;63.721;19.93;17.00;28.35;34.22;51.78;2.510;STRONG_UP;2;79;3;1
2026.06.11 10:00;64.053;64.158;63.833;63.886;19.15;19.61;22.12;49.30;67.61;2.775;STRONG_UP;2;80.9;3;1
2026.06.11 09:00;64.243;64.291;63.919;64.053;21.17;22.63;21.45;71.81;77.66;3.044;STRONG_UP;2;82.5;3;1
2026.06.11 08:00;64.393;64.662;64.165;64.243;24.02;26.11;14.58;81.71;78.84;3.349;STRONG_UP;2;83.9;3;1
2026.06.11 07:00;64.051;64.489;63.900;64.398;23.35;24.77;16.82;79.46;75.39;3.599;STRONG_UP;2;85.1;3;1
2026.06.11 06:00;63.892;64.133;63.506;64.058;24.00;19.28;19.41;75.34;71.83;3.052;STRONG_UP;2;85;3;0
2026.06.11 05:00;63.970;64.324;63.559;63.890;27.65;22.25;21.10;71.38;70.51;2.781;STRONG_UP;2;85.4;3;0
2026.06.11 04:00;63.536;64.137;63.416;63.968;31.49;21.91;24.34;68.77;70.16;2.907;STRONG_UP;2;86.5;3;0
2026.06.11 03:00;63.259;63.633;62.921;63.537;35.53;14.53;28.09;71.39;65.33;2.214;STRONG_UP;2;86.6;3;0
2026.06.11 02:00;64.040;64.055;62.896;63.259;36.10;16.77;32.41;70.32;51.95;1.766;SOFT_UP;1;87.1;3;0
2026.06.11 01:00;63.544;64.472;63.239;64.040;36.76;19.35;32.84;54.28;32.52;3.023;STRONG_UP;2;;;0
2026.06.11 00:00;62.161;63.684;61.993;63.544;38.44;12.49;37.89;31.24;16.28;2.225;STRONG_UP;2;;;0
2026.06.10 23:00;62.617;62.809;61.466;62.161;36.60;6.45;43.72;12.03;9.37;-4.152;STRONG_DOWN;-2;-76.2;-3;0
2026.06.10 22:00;62.929;63.359;62.383;62.618;30.80;7.44;39.94;5.57;14.32;-3.448;STRONG_DOWN;-2;-74.2;-3;0
2026.06.10 20:00;63.722;63.727;63.285;63.361;24.98;8.59;31.90;10.51;29.32;-2.302;STRONG_DOWN;-2;-68.9;-3;0
2026.06.10 19:00;64.610;64.619;63.691;63.722;19.97;9.91;22.67;26.87;46.19;-1.745;SOFT_DOWN;-1;-64.2;-2;1
2026.06.10 18:00;64.844;65.158;64.462;64.608;17.02;11.43;13.38;50.59;57.32;-0.379;NEUTRE;0;-25.4;-1;1
2026.06.10 17:00;64.922;65.168;64.425;64.844;18.43;13.19;15.44;61.11;63.62;-0.015;NEUTRE;0;-1.1;0;1
2026.06.10 16:00;64.918;65.161;64.676;64.918;20.06;15.22;12.62;60.27;65.50;0.099;NEUTRE;0;7.9;0;1
2026.06.10 15:00;64.514;65.068;64.212;64.898;21.70;14.62;14.56;69.50;65.82;0.068;NEUTRE;0;5.8;0;1
2026.06.10 14:00;65.574;65.639;64.340;64.513;25.01;16.86;14.50;66.73;56.71;-0.526;NEUTRE;0;-40.3;-1;1
2026.06.10 13:00;64.238;65.722;64.038;65.577;27.70;19.46;16.73;61.25;45.89;1.115;SOFT_UP;1;62.6;2;1
2026.06.10 12:00;63.748;65.026;63.342;64.236;30.80;16.09;19.30;42.16;36.87;-0.953;NEUTRE;0;-60.8;-2;1
2026.06.10 11:00;64.429;64.477;63.711;63.748;34.14;13.55;22.27;34.26;34.08;-1.705;SOFT_DOWN;-1;-74;-3;1
2026.06.10 10:00;63.978;64.509;63.862;64.431;35.65;15.64;22.66;34.20;39.62;-0.652;NEUTRE;0;-55.8;-2;1
2026.06.10 09:00;63.783;64.235;63.676;63.978;38.31;11.53;26.15;33.79;50.69;-1.351;SOFT_DOWN;-1;-73.5;-3;1
2026.06.10 08:00;64.342;64.344;63.515;63.785;38.24;13.30;30.17;50.89;56.95;-1.648;SOFT_DOWN;-1;-77.8;-3;1
2026.06.10 07:00;64.910;64.940;64.311;64.342;38.15;15.35;20.04;67.39;51.65;-0.789;NEUTRE;0;-68.5;-3;1
2026.06.10 06:00;64.538;65.252;64.508;64.921;41.98;17.71;18.31;52.58;33.42;0.103;NEUTRE;0;21.1;0;0
2026.06.10 05:00;63.466;64.671;63.414;64.539;48.18;8.42;21.13;34.99;26.06;-0.486;NEUTRE;0;-65.5;-3;0
2026.06.10 04:00;64.149;64.223;63.424;63.466;48.98;4.23;24.38;12.69;23.98;-2.140;SOFT_DOWN;-1;-85.3;-3;0
2026.06.10 03:00;63.756;64.232;63.655;64.135;45.68;4.89;23.68;30.51;31.57;-1.109;SOFT_DOWN;-1;-83.2;-3;0
2026.06.10 02:00;64.651;64.745;63.686;63.756;42.58;5.64;26.50;28.75;28.58;-1.693;SOFT_DOWN;-1;-87;-3;0
2026.06.10 01:00;64.644;65.021;63.791;64.651;39.15;6.50;29.05;35.46;31.15;-0.313;NEUTRE;0;;;0
2026.06.10 00:00;64.854;65.065;64.223;64.644;35.42;7.51;28.11;21.54;34.14;-0.324;NEUTRE;0;;;0
2026.06.09 23:00;64.895;65.114;64.603;64.843;31.96;8.66;25.50;36.43;41.49;-4.398;STRONG_DOWN;-2;-76.9;-3;0
2026.06.09 22:00;65.119;65.252;64.765;64.898;29.30;9.99;24.54;44.43;38.81;-4.317;STRONG_DOWN;-2;-77.3;-3;0
2026.06.09 20:00;65.199;65.388;65.132;65.261;27.32;11.53;16.93;43.61;30.59;-3.782;STRONG_DOWN;-2;-76.8;-3;0
2026.06.09 19:00;65.639;65.759;64.964;65.198;28.61;13.30;19.54;28.39;19.67;-3.875;STRONG_DOWN;-2;-77.7;-3;1
2026.06.09 18:00;65.103;65.700;65.018;65.637;30.09;14.21;22.54;19.78;14.32;-3.227;STRONG_DOWN;-2;-76.1;-3;1
2026.06.09 17:00;64.846;65.321;64.822;65.092;31.22;7.84;26.01;10.86;12.16;-4.031;STRONG_DOWN;-2;-79.4;-3;1
2026.06.09 16:00;65.233;65.532;64.330;64.847;27.77;9.05;30.01;12.32;17.46;-4.392;STRONG_DOWN;-2;-80.8;-3;1
2026.06.09 15:00;66.054;66.255;65.093;65.247;23.79;10.44;24.86;13.29;27.63;-3.802;STRONG_DOWN;-2;-80.1;-3;1
2026.06.09 14:00;67.995;68.099;65.203;66.050;21.16;12.05;27.23;26.75;45.09;-2.618;STRONG_DOWN;-2;-76.7;-3;1
2026.06.09 13:00;68.614;68.983;67.822;67.995;18.47;13.90;17.51;42.86;55.96;0.249;NEUTRE;0;23.3;0;1
2026.06.09 12:00;68.522;68.628;68.290;68.618;19.55;16.04;14.00;65.66;61.52;1.168;SOFT_UP;1;65.5;3;1
2026.06.09 11:00;68.565;68.668;68.415;68.520;21.51;18.51;10.47;59.35;60.85;1.023;SOFT_UP;1;64.5;2;1
2026.06.09 10:00;68.347;68.579;68.141;68.568;20.55;15.95;12.08;59.56;64.23;1.094;SOFT_UP;1;67.9;3;1
2026.06.09 09:00;68.388;68.527;68.169;68.348;21.59;16.57;13.94;63.65;69.46;0.770;NEUTRE;0;62.6;2;1
2026.06.09 08:00;68.316;68.823;68.131;68.387;23.58;19.12;16.08;69.48;71.45;0.827;NEUTRE;0;66.8;3;1
2026.06.09 07:00;68.267;68.469;68.058;68.321;25.88;14.19;18.55;75.26;70.63;0.730;NEUTRE;0;66.9;3;1
2026.06.09 06:00;68.318;68.594;68.225;68.270;27.82;16.38;15.16;69.60;61.11;0.655;NEUTRE;0;67.9;3;0
2026.06.09 05:00;67.880;68.556;67.812;68.317;31.50;17.31;17.49;67.03;55.28;0.724;NEUTRE;0;73;3;0
2026.06.09 04:00;67.949;67.979;67.716;67.879;36.27;8.05;20.18;46.70;46.22;0.078;NEUTRE;0;23.7;0;0
2026.06.09 03:00;67.601;68.056;67.455;67.949;35.23;9.28;23.29;52.11;42.33;0.181;NEUTRE;0;53.7;2;0
2026.06.09 02:00;68.011;68.024;67.574;67.604;34.04;10.71;23.82;39.86;31.84;-0.327;NEUTRE;0;-74.8;-3;0
2026.06.09 01:00;67.712;68.244;67.484;68.011;33.44;12.36;27.49;35.01;24.75;0.273;NEUTRE;0;;;0
2026.06.09 00:00;67.826;67.939;67.431;67.706;32.74;8.09;31.71;20.64;19.30;-0.177;NEUTRE;0;;;0
2026.06.08 23:00;68.115;68.121;67.774;67.829;28.65;9.33;26.21;18.60;22.24;-0.487;NEUTRE;0;-25.5;-1;0
2026.06.08 22:00;68.051;68.171;67.986;68.115;25.75;10.77;20.84;18.66;29.99;-0.067;NEUTRE;0;-3.9;0;0
2026.06.08 20:00;68.055;68.176;67.932;68.137;24.81;12.42;24.04;29.47;44.06;-0.035;NEUTRE;0;-2.3;0;0
2026.06.08 19:00;68.256;68.384;68.000;68.060;23.73;14.34;23.46;41.85;59.26;-0.148;NEUTRE;0;-10;0;1
2026.06.08 18:00;68.398;68.607;68.215;68.256;23.67;16.54;18.45;60.87;71.78;0.139;NEUTRE;0;9.9;0;1
2026.06.08 17:00;68.584;68.632;68.178;68.394;26.47;19.09;21.29;75.06;75.73;0.342;NEUTRE;0;24.4;0;1
2026.06.08 16:00;68.646;68.781;68.532;68.584;29.70;22.02;12.57;79.41;76.57;0.621;NEUTRE;0;41.2;1;1
2026.06.08 15:00;68.391;68.852;68.201;68.647;30.06;25.41;14.50;72.72;77.79;0.713;NEUTRE;0;47;2;1
2026.06.08 14:00;67.923;68.412;67.672;68.391;30.48;18.92;16.73;77.59;83.36;0.337;NEUTRE;0;28.5;1;1
2026.06.08 13:00;68.849;68.904;67.891;67.919;34.23;21.83;14.75;83.07;81.00;-0.355;NEUTRE;0;-31.6;-1;1
2026.06.08 12:00;68.418;68.898;68.064;68.849;36.52;25.19;14.40;89.41;69.80;1.009;SOFT_UP;1;62.2;2;1
2026.06.08 11:00;67.105;68.525;67.009;68.420;37.94;22.19;16.61;70.53;54.84;0.380;NEUTRE;0;37.9;1;1
2026.06.08 10:00;67.008;67.401;66.737;67.098;41.57;14.19;19.17;49.47;46.05;-1.560;SOFT_DOWN;-1;-74.1;-3;1
2026.06.08 09:00;66.979;67.269;66.533;66.992;45.67;13.32;22.12;44.51;41.06;-1.715;SOFT_DOWN;-1;-76.9;-3;1
2026.06.08 08:00;66.875;67.044;66.715;66.979;48.88;10.67;25.52;44.18;38.96;-1.734;SOFT_DOWN;-1;-78.4;-3;1
2026.06.08 07:00;67.053;67.509;66.800;66.876;50.08;12.31;25.47;34.49;37.91;-1.885;SOFT_DOWN;-1;-80.6;-3;1
2026.06.08 06:00;66.589;67.318;66.582;67.047;52.43;10.06;29.39;38.21;43.43;-1.634;SOFT_DOWN;-1;-80.7;-3;0
2026.06.08 05:00;67.748;67.855;66.143;66.589;52.95;11.60;33.91;41.02;48.09;-2.306;STRONG_DOWN;-2;-84.5;-3;0
2026.06.08 04:00;67.837;68.003;67.604;67.746;53.56;13.39;26.00;51.05;55.13;-0.609;NEUTRE;0;-73.8;-3;0
2026.06.08 03:00;67.511;67.837;67.245;67.837;56.87;9.05;30.00;52.19;61.23;-0.475;NEUTRE;0;-74.3;-3;0
2026.06.08 02:00;67.828;68.021;67.369;67.512;57.36;10.44;31.39;62.15;60.78;-0.952;NEUTRE;0;-84.7;-3;0
2026.06.08 01:00;68.317;68.444;66.906;67.799;58.48;12.05;36.22;69.36;50.33;-0.531;NEUTRE;0;;;0
2026.06.08 00:00;68.161;68.458;67.980;68.317;59.78;13.90;31.05;50.84;32.17;0.229;NEUTRE;0;;;0
2026.06.07 23:00;67.308;68.209;67.308;68.169;63.10;8.02;35.83;30.80;19.96;1.215;SOFT_UP;1;50;2;0
2026.06.07 22:00;67.351;67.892;66.949;67.307;63.05;3.85;41.34;14.86;14.39;-0.065;NEUTRE;0;-3.8;0;0
2026.06.05 20:00;68.010;68.033;67.541;67.818;59.99;4.44;38.04;14.23;14.29;-8.072;EXPLOSIVE_DOWN;-3;-83.7;-3;0
2026.06.05 19:00;68.235;68.265;67.799;68.010;57.05;5.13;35.83;14.07;13.27;-7.812;EXPLOSIVE_DOWN;-3;-83.8;-3;1
2026.06.05 18:00;68.885;68.907;67.970;68.235;54.30;5.91;35.69;14.55;12.27;-7.507;EXPLOSIVE_DOWN;-3;-83.9;-3;1
2026.06.05 17:00;69.184;69.277;68.731;68.881;51.64;6.82;28.69;11.19;9.69;-6.631;EXPLOSIVE_DOWN;-3;-83.5;-3;1
2026.06.05 16:00;68.707;69.196;68.430;69.167;50.11;5.59;33.10;11.08;8.29;-6.243;EXPLOSIVE_DOWN;-3;-83.5;-3;1
2026.06.05 15:00;69.357;69.430;68.431;68.707;46.89;6.45;38.18;6.79;8.05;-6.867;EXPLOSIVE_DOWN;-3;-84.5;-3;1
2026.06.05 14:00;69.588;69.894;68.733;69.357;43.16;7.45;39.40;7.01;22.83;-5.986;EXPLOSIVE_DOWN;-3;-84.1;-3;1
2026.06.05 13:00;71.431;71.462;69.554;69.581;39.31;8.59;34.58;10.34;51.23;-5.682;EXPLOSIVE_DOWN;-3;-84.2;-3;1
2026.06.05 12:00;72.945;73.457;71.334;71.437;36.09;9.91;25.55;51.14;77.39;-3.166;STRONG_DOWN;-2;-80.5;-3;1
2026.06.05 11:00;72.823;72.986;72.453;72.944;34.86;11.44;21.37;92.22;88.78;-1.124;SOFT_DOWN;-1;-66.5;-3;1
2026.06.05 10:00;72.739;72.871;72.644;72.834;35.57;13.20;19.15;88.81;85.07;-1.273;SOFT_DOWN;-1;-70.8;-3;1
2026.06.05 09:00;72.540;72.919;72.463;72.739;38.21;15.23;22.09;85.33;75.95;-1.402;SOFT_DOWN;-1;-74.1;-3;1
2026.06.05 08:00;72.584;72.765;72.389;72.541;41.26;12.37;25.49;81.08;61.82;-1.670;SOFT_DOWN;-1;-78;-3;1
2026.06.05 07:00;72.554;72.699;72.409;72.585;42.28;11.58;29.41;61.45;41.62;-1.610;SOFT_DOWN;-1;-79.1;-3;1
2026.06.05 06:00;72.211;72.586;71.245;72.547;42.09;7.36;33.94;42.94;27.97;-1.662;SOFT_DOWN;-1;-80.9;-3;0
2026.06.05 05:00;72.782;72.828;72.152;72.215;38.66;8.50;28.76;20.46;17.94;-2.112;SOFT_DOWN;-1;-84;-3;0
2026.06.05 04:00;72.667;72.805;72.489;72.782;36.24;9.80;25.51;20.51;13.55;-1.343;SOFT_DOWN;-1;-82.5;-3;0
2026.06.05 03:00;72.537;72.707;72.307;72.667;34.98;6.54;29.43;12.85;8.38;-1.499;SOFT_DOWN;-1;-84.9;-3;0
2026.06.05 02:00;72.597;72.936;72.344;72.538;30.57;7.55;32.54;7.28;9.86;-1.674;SOFT_DOWN;-1;-87;-3;0
2026.06.05 01:00;73.253;73.280;72.493;72.602;25.68;8.71;33.67;5.01;20.84;-1.587;SOFT_DOWN;-1;;;0
2026.06.05 00:00;73.773;73.773;73.238;73.244;20.57;10.05;24.29;17.29;41.32;-0.717;NEUTRE;0;;;0
2026.06.04 23:00;73.874;74.101;73.750;73.778;17.36;11.60;13.44;40.21;58.01;0.828;NEUTRE;0;39.1;1;0
2026.06.04 22:00;73.904;74.015;73.844;73.873;18.89;13.38;11.39;66.45;63.00;0.958;NEUTRE;0;44.5;1;0
2026.06.04 20:00;74.038;74.048;73.838;73.866;20.56;15.44;13.14;67.37;55.22;0.948;NEUTRE;0;46.9;2;0
2026.06.04 19:00;73.957;74.118;73.879;74.037;22.49;17.81;12.16;55.17;44.84;1.182;SOFT_UP;1;54.5;2;1
2026.06.04 18:00;73.887;74.088;73.793;73.957;23.05;18.62;14.03;43.12;36.05;1.073;SOFT_UP;1;53.3;2;1
2026.06.04 17:00;73.832;74.061;73.602;73.886;24.43;20.08;16.19;36.22;34.05;0.976;NEUTRE;0;52.3;2;1
2026.06.04 16:00;73.836;73.964;73.756;73.834;26.53;23.17;13.52;28.82;39.84;0.905;NEUTRE;0;51.9;2;1
2026.06.04 15:00;73.476;73.865;73.427;73.837;26.57;19.41;15.59;37.11;57.45;0.909;NEUTRE;0;53.8;2;1
2026.06.04 14:00;74.298;74.426;73.175;73.471;28.98;22.40;17.99;53.59;75.11;0.409;NEUTRE;0;33.4;1;1
2026.06.04 13:00;74.517;75.045;74.296;74.296;31.76;25.84;6.98;81.65;85.73;1.536;SOFT_UP;1;69.4;3;1
2026.06.04 12:00;74.591;74.658;74.034;74.515;27.80;21.87;8.05;90.08;78.43;1.835;SOFT_UP;1;73.8;3;1
2026.06.04 11:00;73.429;74.651;73.347;74.599;24.97;25.06;9.29;85.48;63.67;1.950;SOFT_UP;1;75.9;3;1
2026.06.04 10:00;73.476;73.539;73.306;73.424;21.75;15.80;10.72;59.73;45.79;0.344;NEUTRE;0;37.8;1;1
2026.06.04 09:00;73.252;73.629;73.170;73.476;22.14;18.23;12.37;45.79;36.46;0.415;NEUTRE;0;46.1;2;1
2026.06.04 08:00;73.171;73.478;73.089;73.254;22.60;15.97;14.27;31.84;37.97;0.112;NEUTRE;0;17.5;0;1
2026.06.04 07:00;73.158;73.261;72.950;73.174;25.21;9.85;16.46;31.74;48.24;0.003;NEUTRE;0;0.6;0;1
2026.06.04 06:00;73.167;73.469;72.868;73.136;25.22;11.36;19.00;50.32;63.97;-0.049;NEUTRE;0;-10.4;0;0
2026.06.04 05:00;73.696;73.697;73.067;73.167;25.23;13.11;16.82;62.64;69.17;-0.007;NEUTRE;0;-1.8;0;0
2026.06.04 04:00;73.443;73.873;73.391;73.696;27.21;15.12;11.50;78.95;71.43;0.716;NEUTRE;0;76.1;3;0
2026.06.04 03:00;73.581;73.692;73.214;73.443;29.30;11.67;13.27;65.92;66.81;0.370;NEUTRE;0;70.2;3;0
2026.06.04 02:00;73.077;73.678;72.918;73.579;32.82;13.02;15.31;69.41;68.02;0.556;NEUTRE;0;80.9;3;0
2026.06.04 01:00;73.234;73.795;72.745;73.077;36.63;15.02;17.67;65.09;60.72;-0.130;NEUTRE;0;;;0
2026.06.04 00:00;73.172;73.361;72.994;73.234;41.02;10.97;20.38;69.57;48.43;0.085;NEUTRE;0;;;0
2026.06.03 23:00;73.123;73.390;72.983;73.188;42.71;12.66;23.52;47.51;29.06;-2.141;SOFT_DOWN;-1;-64.5;-2;0
2026.06.03 22:00;72.835;73.227;72.433;73.122;44.66;8.45;27.14;28.21;17.10;-2.229;STRONG_DOWN;-2;-66.3;-3;0
2026.06.03 20:00;73.178;73.197;72.593;72.701;43.46;9.75;28.21;11.47;13.06;-2.792;STRONG_DOWN;-2;-72.4;-3;0
2026.06.03 19:00;73.209;73.442;73.145;73.172;42.66;11.25;18.49;11.61;14.72;-2.162;SOFT_DOWN;-1;-68.7;-3;1
2026.06.03 18:00;73.239;73.342;73.084;73.211;45.48;7.80;21.34;16.09;20.50;-2.110;SOFT_DOWN;-1;-69.3;-3;1
2026.06.03 17:00;73.430;73.642;73.123;73.239;45.32;9.00;22.30;16.47;26.55;-2.072;SOFT_DOWN;-1;-70;-3;1
2026.06.03 16:00;73.375;73.494;73.089;73.411;45.76;6.00;25.73;28.94;34.19;-1.843;SOFT_DOWN;-1;-68.9;-3;1
2026.06.03 15:00;73.909;73.963;73.175;73.370;43.23;6.92;26.42;34.25;38.76;-1.897;SOFT_DOWN;-1;-70.7;-3;1
2026.06.03 14:00;73.647;73.972;73.501;73.905;40.89;7.98;24.12;39.39;42.67;-1.182;SOFT_DOWN;-1;-62.3;-2;1
2026.06.03 13:00;74.170;74.466;73.144;73.776;39.45;9.21;27.83;42.65;41.62;-1.354;SOFT_DOWN;-1;-66.9;-3;1
2026.06.03 12:00;74.503;74.547;73.893;74.169;37.79;10.63;23.39;45.98;33.03;-0.829;NEUTRE;0;-57.3;-2;1
2026.06.03 11:00;74.328;74.542;74.253;74.492;37.83;12.27;18.52;36.24;19.52;-0.397;NEUTRE;0;-39.1;-1;1
2026.06.03 10:00;73.964;74.806;73.927;74.314;40.52;14.15;21.37;16.87;11.98;-0.635;NEUTRE;0;-55.1;-2;1
2026.06.03 09:00;74.077;74.442;73.939;73.964;43.63;9.96;24.66;5.43;13.09;-1.103;SOFT_DOWN;-1;-70.1;-3;1
2026.06.03 08:00;74.047;74.368;73.975;74.079;43.81;9.23;28.45;13.63;23.09;-0.949;NEUTRE;0;-69.5;-3;1
2026.06.03 07:00;74.336;74.553;74.024;74.047;42.71;10.65;30.91;20.22;37.06;-0.992;NEUTRE;0;-72.6;-3;1
2026.06.03 06:00;74.384;74.682;73.991;74.334;41.78;12.29;35.66;35.43;53.16;-0.608;NEUTRE;0;-66.4;-3;0
2026.06.03 05:00;74.674;74.877;74.351;74.382;40.70;14.18;33.13;55.52;64.63;-0.544;NEUTRE;0;-67.8;-3;0
2026.06.03 04:00;75.149;75.216;74.670;74.670;40.80;16.36;28.90;68.51;68.50;-0.159;NEUTRE;0;-41.9;-1;0
2026.06.03 03:00;74.929;75.208;74.918;75.149;42.81;18.87;26.36;69.86;66.32;0.481;NEUTRE;0;74.5;3;0
2026.06.03 02:00;74.725;74.983;74.517;74.929;46.85;9.84;30.42;67.13;61.72;0.187;NEUTRE;0;64.6;2;0
2026.06.03 01:00;75.115;75.194;74.050;74.721;46.20;11.36;35.10;61.97;51.72;-0.091;NEUTRE;0;;;0
2026.06.03 00:00;74.789;75.314;74.713;75.117;45.44;13.10;31.58;56.06;41.04;0.439;NEUTRE;0;;;0
2026.06.02 23:00;74.921;74.972;74.267;74.789;46.07;6.36;36.44;37.14;32.72;-0.304;NEUTRE;0;-16.6;0;0
2026.06.02 22:00;75.078;75.193;74.912;74.923;42.35;7.34;27.97;29.91;27.64;-0.125;NEUTRE;0;-7.3;0;0
2026.06.02 20:00;75.142;75.240;75.028;75.051;39.88;8.47;25.92;31.10;22.86;0.045;NEUTRE;0;2.9;0;0
2026.06.02 19:00;75.126;75.217;74.969;75.138;38.21;8.11;29.91;21.90;18.45;0.161;NEUTRE;0;10.8;0;1
2026.06.02 18:00;75.082;75.253;74.728;75.124;35.27;9.35;34.51;15.58;19.97;0.143;NEUTRE;0;10.2;0;1
2026.06.02 17:00;75.401;75.490;74.986;75.081;31.88;10.79;32.26;17.86;24.14;0.085;NEUTRE;0;6.4;0;1
2026.06.02 16:00;75.748;75.780;75.281;75.400;29.11;12.45;28.21;26.48;24.56;0.511;NEUTRE;0;35.7;1;1
2026.06.02 15:00;75.675;76.017;75.662;75.746;27.63;14.37;20.81;28.09;19.92;0.972;NEUTRE;0;55.6;2;1
2026.06.02 14:00;75.860;75.950;75.228;75.674;29.06;13.68;24.01;19.10;16.61;0.876;NEUTRE;0;54.7;2;1
2026.06.02 13:00;76.066;76.522;75.770;75.859;29.32;15.78;16.15;12.56;20.50;1.122;SOFT_UP;1;62.8;2;1
2026.06.02 12:00;76.269;76.658;75.959;76.062;33.65;18.21;14.77;18.17;33.03;1.393;SOFT_UP;1;69.1;3;1
2026.06.02 11:00;76.361;76.435;76.184;76.270;37.22;21.01;12.09;30.78;51.14;1.670;SOFT_UP;1;73.7;3;1
2026.06.02 10:00;76.233;76.384;76.113;76.354;38.80;21.12;13.95;50.15;69.90;1.782;SOFT_UP;1;76;3;1
2026.06.02 09:00;76.408;76.538;76.138;76.237;41.63;24.37;14.68;72.48;83.19;1.626;SOFT_UP;1;76.2;3;1
2026.06.02 08:00;76.891;76.981;76.358;76.407;44.21;28.12;8.47;87.07;88.05;1.853;SOFT_UP;1;79.2;3;1
2026.06.02 07:00;76.723;76.902;76.548;76.895;42.76;32.44;5.09;90.03;84.39;2.503;STRONG_UP;2;82.9;3;1
2026.06.02 06:00;76.395;76.774;76.356;76.721;38.12;31.87;5.87;87.05;76.74;2.271;STRONG_UP;2;83.3;3;0
2026.06.02 05:00;75.738;76.867;75.709;76.395;33.38;36.77;6.77;76.09;62.85;1.837;SOFT_UP;1;83.1;3;0
2026.06.02 04:00;75.246;75.871;75.219;75.737;27.92;29.20;7.81;67.09;51.01;0.960;NEUTRE;0;79.5;3;0
2026.06.02 03:00;75.265;75.499;75.121;75.246;23.33;24.91;9.02;45.38;40.27;0.305;NEUTRE;0;66.4;3;0
2026.06.02 02:00;74.803;75.312;74.789;75.262;19.70;21.13;10.40;40.57;39.29;0.327;NEUTRE;0;74.8;3;0
2026.06.02 01:00;74.894;75.886;74.455;74.805;17.50;24.39;12.00;34.86;38.51;-0.283;NEUTRE;0;;;0
2026.06.02 00:00;75.017;75.285;74.786;74.926;14.96;21.68;13.85;42.45;40.05;-0.121;NEUTRE;0;;;0
2026.06.01 23:00;74.927;75.126;74.857;75.016;13.87;20.11;15.98;38.23;46.11;-0.711;NEUTRE;0;-34.9;-1;0
2026.06.01 22:00;74.855;74.942;74.674;74.937;14.24;12.68;18.44;39.48;57.15;-0.815;NEUTRE;0;-39.9;-1;0
2026.06.01 20:00;74.794;74.917;74.747;74.818;13.59;14.63;17.08;60.63;67.37;-0.973;NEUTRE;0;-47.6;-2;0
2026.06.01 19:00;75.193;75.207;74.736;74.793;14.49;16.88;19.71;71.35;67.03;-1.006;SOFT_DOWN;-1;-50;-2;1
2026.06.01 18:00;75.315;75.340;75.053;75.193;15.52;19.48;12.39;70.14;57.33;-0.476;NEUTRE;0;-30.8;-1;1
2026.06.01 17:00;74.944;75.416;74.843;75.314;14.49;22.47;14.30;59.61;41.95;-0.316;NEUTRE;0;-22.7;0;1
2026.06.01 16:00;74.872;75.054;74.556;74.941;13.30;16.21;16.50;42.25;28.13;-0.810;NEUTRE;0;-48.8;-2;1
2026.06.01 15:00;74.285;75.209;74.209;74.873;15.21;18.70;19.03;24.00;21.28;-0.900;NEUTRE;0;-53.5;-2;1
2026.06.01 14:00;73.901;74.520;73.815;74.285;17.42;10.98;21.96;18.13;27.68;-1.678;SOFT_DOWN;-1;-69.7;-3;1
2026.06.01 13:00;75.772;75.858;73.832;73.900;14.97;12.67;24.97;21.70;34.76;-2.188;SOFT_DOWN;-1;-75.2;-3;1
2026.06.01 12:00;75.674;75.878;75.264;75.737;12.24;14.62;17.94;43.22;42.09;0.244;NEUTRE;0;24.6;0;1
2026.06.01 11:00;75.664;75.888;75.494;75.681;12.56;16.87;14.93;39.37;46.29;0.169;NEUTRE;0;19.1;0;1
2026.06.01 10:00;75.617;75.960;75.603;75.663;13.56;19.46;12.97;43.69;50.90;0.146;NEUTRE;0;18.2;0;1
2026.06.01 09:00;75.682;76.263;75.588;75.617;12.57;22.46;14.97;55.80;57.91;0.085;NEUTRE;0;12;0;1
2026.06.01 08:00;75.787;75.885;75.327;75.679;11.42;17.30;17.27;53.20;59.51;0.167;NEUTRE;0;25.2;1;1
2026.06.01 07:00;75.373;75.859;75.260;75.786;13.17;19.24;19.93;64.73;63.38;0.308;NEUTRE;0;44.8;1;1
2026.06.01 06:00;75.813;75.837;75.257;75.374;14.92;21.64;23.00;60.59;65.73;-0.237;NEUTRE;0;-41.7;-1;0
2026.06.01 05:00;75.545;75.964;75.491;75.812;16.75;24.97;20.33;64.83;72.59;0.343;NEUTRE;0;57.1;2;0
2026.06.01 04:00;75.380;75.555;75.329;75.545;17.75;15.51;23.46;71.76;80.71;-0.011;NEUTRE;0;-3.5;0;0
2026.06.01 03:00;75.611;75.797;75.168;75.380;17.34;17.89;27.07;81.17;87.26;-0.229;NEUTRE;0;-59.8;-2;0
2026.06.01 02:00;75.514;76.007;75.463;75.574;16.87;20.64;24.01;89.20;88.26;0.028;NEUTRE;0;17.5;0;0
2026.06.01 01:00;75.542;75.730;74.790;75.514;18.31;15.99;27.71;91.42;82.53;-0.052;NEUTRE;0;;;0
2026.06.01 00:00;75.553;75.747;75.450;75.541;16.99;18.45;21.17;84.16;67.35;-0.016;NEUTRE;0;;;0
2026.05.31 23:00;75.045;75.690;75.020;75.553;18.55;18.33;24.43;71.99;48.36;0.566;NEUTRE;0;29;1;0
2026.05.31 22:00;75.128;75.168;73.052;75.044;19.21;9.17;28.19;45.88;35.87;-0.112;NEUTRE;0;-6.5;0;0
2026.05.29 20:00;75.529;75.649;75.233;75.256;14.33;10.58;17.30;27.20;36.14;-0.541;NEUTRE;0;-31.4;-1;0
2026.05.29 19:00;75.440;75.780;75.433;75.526;12.83;12.20;12.56;34.53;44.07;-0.184;NEUTRE;0;-12.3;0;1
2026.05.29 18:00;75.366;75.745;75.330;75.439;14.58;12.53;14.49;46.70;53.53;-0.299;NEUTRE;0;-20.5;0;1
2026.05.29 17:00;75.804;75.892;75.300;75.365;15.70;14.46;16.72;50.97;58.79;-0.396;NEUTRE;0;-27.7;-1;1
2026.05.29 16:00;75.705;75.938;75.393;75.803;17.00;16.68;16.88;62.91;66.49;0.182;NEUTRE;0;14.4;0;1
2026.05.29 15:00;75.598;76.639;75.501;75.704;19.53;19.25;16.43;62.48;70.58;0.052;NEUTRE;0;4.5;0;1
2026.05.29 14:00;75.440;75.736;74.569;75.598;21.31;10.00;18.96;74.07;78.64;-0.089;NEUTRE;0;-8.2;0;1
2026.05.29 13:00;75.654;75.830;75.167;75.439;19.83;11.54;13.99;75.19;80.53;-0.299;NEUTRE;0;-27.4;-1;1
2026.05.29 12:00;75.729;75.738;75.087;75.652;21.41;11.18;16.14;86.65;73.41;-0.017;NEUTRE;0;-1.8;0;1
2026.05.29 11:00;75.734;75.790;75.345;75.730;21.91;12.90;12.53;79.73;57.92;0.086;NEUTRE;0;10;0;1
2026.05.29 10:00;75.576;75.764;75.378;75.750;25.05;14.88;13.32;53.85;44.09;0.112;NEUTRE;0;14.2;0;1
2026.05.29 09:00;75.068;75.711;75.008;75.584;28.05;15.06;15.36;40.18;40.55;-0.107;NEUTRE;0;-15;0;1
2026.05.29 08:00;75.523;75.527;74.938;75.067;32.22;13.35;17.73;38.25;42.57;-0.790;NEUTRE;0;-65.8;-3;1
2026.05.29 07:00;75.830;75.840;75.201;75.547;35.00;15.40;13.81;43.23;40.11;-0.156;NEUTRE;0;-26.7;-1;1
2026.05.29 06:00;75.611;75.859;75.409;75.844;39.55;17.77;10.96;46.25;35.88;0.237;NEUTRE;0;41.7;1;0
2026.05.29 05:00;75.917;75.937;75.299;75.595;41.99;20.51;12.65;30.86;30.03;-0.093;NEUTRE;0;-22.7;0;0
2026.05.29 04:00;75.483;75.965;75.475;75.914;44.80;23.66;10.35;30.54;31.02;0.329;NEUTRE;0;61.7;2;0
2026.05.29 03:00;75.729;75.778;75.351;75.484;45.66;21.43;11.94;28.69;33.42;-0.239;NEUTRE;0;-60.9;-2;0
2026.05.29 02:00;75.969;76.175;75.596;75.731;48.31;24.73;4.95;33.85;31.26;0.087;NEUTRE;0;44.4;1;0
2026.05.29 01:00;75.628;76.405;75.590;75.972;45.49;28.54;5.71;37.72;35.57;0.406;NEUTRE;0;;;0
2026.05.29 00:00;75.665;76.112;75.566;75.628;42.23;27.39;6.59;22.22;43.07;-0.049;NEUTRE;0;;;0
2026.05.28 23:00;75.560;75.789;75.536;75.664;39.31;22.51;7.60;46.79;61.67;1.637;SOFT_UP;1;58.1;2;0
2026.05.28 22:00;75.552;75.817;75.510;75.560;37.74;25.97;8.77;60.21;75.08;1.498;SOFT_UP;1;56.9;2;0
2026.05.28 20:00;75.535;75.693;75.520;75.621;35.93;23.75;10.12;78.01;86.32;1.580;SOFT_UP;1;60.7;2;0
2026.05.28 19:00;75.621;75.663;75.497;75.545;35.27;24.74;11.68;87.02;93.06;1.478;SOFT_UP;1;60.3;2;1
2026.05.28 18:00;75.881;76.002;75.571;75.612;35.17;28.55;6.61;93.92;96.12;1.568;SOFT_UP;1;63;2;1
2026.05.28 17:00;75.774;75.975;75.543;75.880;30.99;31.97;7.63;98.25;92.20;1.928;SOFT_UP;1;68.6;3;1
2026.05.28 16:00;75.069;75.823;74.830;75.774;26.30;31.48;8.81;96.19;85.61;1.785;SOFT_UP;1;68.3;3;1
2026.05.28 15:00;74.592;75.063;74.462;75.062;21.68;24.55;10.16;82.15;74.17;0.829;NEUTRE;0;51.2;2;1
2026.05.28 14:00;73.339;74.830;73.130;74.592;18.64;22.36;11.72;78.50;67.38;0.197;NEUTRE;0;17.6;0;1
2026.05.28 13:00;74.117;74.164;73.164;73.338;16.71;19.77;13.53;61.86;62.53;-1.487;SOFT_DOWN;-1;-68.8;-3;1
2026.05.28 12:00;73.000;74.138;72.761;74.118;16.40;22.41;15.61;61.80;67.02;-0.439;NEUTRE;0;-39.5;-1;1
2026.05.28 11:00;72.961;73.189;72.697;72.998;16.16;15.26;18.01;63.94;76.34;-1.944;SOFT_DOWN;-1;-75.9;-3;1
2026.05.28 10:00;73.525;73.560;72.704;72.961;17.38;17.61;20.56;75.32;83.29;-1.993;SOFT_DOWN;-1;-77.4;-3;1
2026.05.28 09:00;73.186;73.604;73.182;73.513;18.86;20.32;15.13;89.74;80.21;-1.252;SOFT_DOWN;-1;-72.3;-3;1
2026.05.28 08:00;73.466;73.609;73.151;73.194;19.52;23.44;17.46;84.80;62.14;-1.680;SOFT_DOWN;-1;-78.1;-3;1
2026.05.28 07:00;73.148;73.516;73.148;73.467;20.27;23.92;20.15;66.08;39.52;-1.314;SOFT_DOWN;-1;-76.7;-3;1
2026.05.28 06:00;73.065;73.222;72.614;73.148;22.07;15.31;23.25;35.56;18.76;-1.742;SOFT_DOWN;-1;-81.3;-3;0
2026.05.28 05:00;71.964;73.288;71.758;73.065;22.30;17.67;26.82;16.93;8.11;-1.854;SOFT_DOWN;-1;-83.2;-3;0
2026.05.28 04:00;72.222;72.442;71.804;71.964;22.56;11.88;30.95;3.79;7.78;-3.333;STRONG_DOWN;-2;-87;-3;0
2026.05.28 03:00;73.050;73.235;72.152;72.221;19.18;13.71;27.32;3.61;14.81;-2.987;STRONG_DOWN;-2;-87.4;-3;0
2026.05.28 02:00;73.090;73.497;72.977;73.046;17.03;15.82;19.80;15.92;31.30;-1.879;SOFT_DOWN;-1;-87.3;-3;0
2026.05.28 01:00;74.886;74.929;72.987;73.090;17.93;18.25;22.55;24.89;37.67;-1.820;SOFT_DOWN;-1;;;0
2026.05.28 00:00;74.445;74.908;74.405;74.885;19.07;21.06;14.79;53.11;45.31;0.591;NEUTRE;0;;;0
2026.05.27 23:00;74.649;74.686;74.348;74.484;19.31;17.51;17.07;35.03;46.50;-3.690;STRONG_DOWN;-2;-74.5;-3;0
2026.05.27 22:00;74.712;74.856;74.584;74.645;22.08;20.20;8.95;47.79;54.02;-3.482;STRONG_DOWN;-2;-74.3;-3;0
2026.05.27 20:00;74.603;74.704;74.528;74.613;19.54;14.71;10.33;56.69;58.53;-3.523;STRONG_DOWN;-2;-75.9;-3;0
2026.05.27 19:00;74.759;74.779;74.529;74.605;19.86;16.97;11.83;57.58;59.72;-3.534;STRONG_DOWN;-2;-76.6;-3;1
2026.05.27 18:00;74.451;74.964;74.387;74.760;20.16;19.59;13.65;61.34;59.18;-3.333;STRONG_DOWN;-2;-76.5;-3;1
2026.05.27 17:00;74.684;74.714;74.427;74.455;20.52;15.93;15.75;60.23;56.37;-3.728;STRONG_DOWN;-2;-78.6;-3;1
2026.05.27 16:00;74.487;74.817;74.403;74.684;23.58;18.39;18.17;55.97;52.33;-3.432;STRONG_DOWN;-2;-78.3;-3;1
2026.05.27 15:00;74.283;74.643;74.147;74.488;27.12;14.75;20.97;52.90;47.17;-3.685;STRONG_DOWN;-2;-79.8;-3;1
2026.05.27 14:00;74.523;75.041;74.255;74.291;28.61;17.02;20.84;48.11;38.67;-3.940;STRONG_DOWN;-2;-81;-3;1
2026.05.27 13:00;74.334;74.702;73.862;74.521;31.46;13.00;24.05;40.49;30.46;-3.642;STRONG_DOWN;-2;-81;-3;1
2026.05.27 12:00;73.808;75.181;73.726;74.358;31.71;15.00;27.75;27.41;26.50;-3.853;STRONG_DOWN;-2;-82.1;-3;1
2026.05.27 11:00;74.254;74.533;73.349;73.809;32.00;10.45;32.02;23.48;26.70;-4.563;EXPLOSIVE_DOWN;-3;-83.9;-3;1
2026.05.27 10:00;75.410;75.492;74.062;74.254;29.11;12.06;27.68;28.59;26.56;-3.988;STRONG_DOWN;-2;-83.7;-3;1
2026.05.27 09:00;75.444;75.523;75.211;75.410;27.55;13.92;19.57;28.02;21.49;-2.493;STRONG_DOWN;-2;-80.9;-3;1
2026.05.27 08:00;74.953;75.491;74.933;75.444;29.19;14.48;22.59;23.08;17.50;-2.449;STRONG_DOWN;-2;-81.8;-3;1
2026.05.27 07:00;75.124;75.275;74.604;74.950;30.32;10.75;26.06;13.36;13.51;-3.088;STRONG_DOWN;-2;-84.3;-3;1
2026.05.27 06:00;75.629;75.773;74.656;75.115;28.58;12.41;28.88;16.07;16.24;-2.874;STRONG_DOWN;-2;-84.7;-3;0
2026.05.27 05:00;76.805;76.928;75.546;75.628;26.84;14.32;21.06;11.11;15.68;-2.211;STRONG_DOWN;-2;-84.3;-3;0
2026.05.27 04:00;76.556;76.997;76.509;76.808;28.04;16.52;13.58;21.55;24.55;-0.685;NEUTRE;0;-75.5;-3;0
2026.05.27 03:00;76.800;76.967;76.542;76.557;30.85;19.06;14.63;14.38;39.15;-1.010;SOFT_DOWN;-1;-82.5;-3;0
2026.05.27 02:00;76.752;76.894;76.507;76.800;33.58;19.35;16.88;37.72;63.77;-0.696;NEUTRE;0;-82.7;-3;0
2026.05.27 01:00;77.161;77.450;76.692;76.752;37.70;22.33;12.13;65.35;82.14;-0.758;NEUTRE;0;;;0
2026.05.27 00:00;77.338;77.503;77.124;77.157;38.94;25.77;5.22;88.25;92.17;-0.234;NEUTRE;0;;;0
2026.05.26 23:00;77.219;77.477;77.070;77.337;34.73;28.68;6.03;92.82;93.12;-0.406;NEUTRE;0;-21.7;0;0
2026.05.26 22:00;76.930;77.230;76.842;77.224;30.04;23.75;6.96;95.43;85.78;-0.551;NEUTRE;0;-29.4;-1;0
2026.05.26 20:00;77.026;77.056;76.806;76.889;26.24;20.51;8.03;91.11;71.26;-0.983;NEUTRE;0;-47.9;-2;0
2026.05.26 19:00;76.441;77.032;76.420;77.026;23.55;22.18;9.26;70.81;54.30;-0.806;NEUTRE;0;-43.7;-1;1
2026.05.26 18:00;75.926;76.465;75.801;76.441;20.85;11.34;10.69;51.87;49.45;-1.560;SOFT_DOWN;-1;-62.9;-2;1
2026.05.26 17:00;76.125;76.326;75.909;75.930;23.60;9.87;12.33;40.22;49.59;-2.218;STRONG_DOWN;-2;-71.2;-3;1
2026.05.26 16:00;75.945;76.351;75.898;76.121;25.52;11.38;14.23;56.27;56.46;-1.972;SOFT_DOWN;-1;-70.2;-3;1
2026.05.26 15:00;76.296;76.299;75.829;75.947;27.74;11.37;16.41;52.28;54.19;-2.196;SOFT_DOWN;-1;-73.1;-3;1
2026.05.26 14:00;75.960;76.556;75.801;76.290;29.22;13.12;18.94;60.83;55.96;-1.754;SOFT_DOWN;-1;-70.5;-3;1
2026.05.26 13:00;76.226;76.631;75.884;75.981;30.92;15.14;20.16;49.47;49.92;-2.152;SOFT_DOWN;-1;-75;-3;1
2026.05.26 12:00;75.968;76.235;75.461;76.226;33.49;9.31;23.26;57.57;45.41;-1.836;SOFT_DOWN;-1;-73.8;-3;1
2026.05.26 11:00;76.338;76.374;75.868;75.974;32.05;10.74;18.75;42.71;35.92;-2.161;SOFT_DOWN;-1;-77.3;-3;1
2026.05.26 10:00;75.940;76.596;75.859;76.338;32.80;12.40;21.64;35.96;32.19;-1.692;SOFT_DOWN;-1;-75.3;-3;1
2026.05.26 09:00;76.028;76.188;75.626;75.938;33.67;5.79;24.97;29.09;33.77;-2.207;STRONG_DOWN;-2;-79.7;-3;1
2026.05.26 08:00;76.404;76.459;75.948;76.018;29.26;6.68;19.99;31.51;36.50;-2.104;SOFT_DOWN;-1;-80.4;-3;1
2026.05.26 07:00;76.525;76.622;75.877;76.394;26.08;7.70;23.07;40.71;39.55;-1.620;SOFT_DOWN;-1;-79.1;-3;1
2026.05.26 06:00;76.447;76.665;76.343;76.518;22.41;8.89;17.00;37.28;38.15;-1.460;SOFT_DOWN;-1;-79.7;-3;0
2026.05.26 05:00;76.388;76.803;76.260;76.447;21.03;10.26;19.61;40.67;36.88;-1.552;SOFT_DOWN;-1;-81.9;-3;0
2026.05.26 04:00;76.873;76.901;76.370;76.392;19.45;11.83;19.51;36.50;33.63;-1.623;SOFT_DOWN;-1;-83.8;-3;0
2026.05.26 03:00;76.468;77.010;76.465;76.874;18.68;13.65;19.76;33.48;33.54;-1.002;NEUTRE;0;-82.4;-3;0
2026.05.26 02:00;76.408;76.852;76.337;76.468;18.74;11.30;22.80;30.90;41.07;-1.525;SOFT_DOWN;-1;-86.7;-3;0
2026.05.26 01:00;77.552;77.566;75.693;76.407;16.43;13.03;26.31;36.25;50.13;-1.603;SOFT_DOWN;-1;;;0
2026.05.26 00:00;77.652;77.660;77.077;77.550;13.77;15.04;18.99;56.07;59.49;-0.131;NEUTRE;0;;;0
2026.05.25 23:00;78.151;78.330;77.145;77.651;14.10;17.35;20.11;58.08;62.39;-0.640;NEUTRE;0;-32.1;-1;0
2026.05.25 22:00;77.021;78.362;76.905;78.153;15.14;20.02;23.21;64.31;65.39;0.003;NEUTRE;0;0.2;0;0
2026.05.25 18:00;78.059;78.155;77.911;77.911;16.33;23.10;16.15;64.77;64.77;-0.307;NEUTRE;0;-21;0;1
2026.05.25 17:00;78.047;78.474;77.956;78.060;16.12;26.66;15.80;67.09;56.84;-0.116;NEUTRE;0;-8.7;0;1
2026.05.25 16:00;77.763;78.051;77.668;78.049;14.67;18.19;18.23;62.46;46.58;-0.131;NEUTRE;0;-10.5;0;1
2026.05.25 15:00;77.793;78.033;77.711;77.760;16.91;20.99;19.31;40.98;40.59;-0.500;NEUTRE;0;-36.9;-1;1
2026.05.25 14:00;77.587;77.911;77.540;77.793;18.87;18.39;22.28;36.30;48.84;-0.458;NEUTRE;0;-36.4;-1;1
2026.05.25 13:00;77.806;77.806;77.340;77.587;20.31;16.87;25.71;44.48;63.98;-0.722;NEUTRE;0;-51.4;-2;1
2026.05.25 12:00;78.002;78.002;77.613;77.806;20.24;19.46;20.65;65.75;77.17;-0.441;NEUTRE;0;-39.6;-1;1
2026.05.25 11:00;78.097;78.251;77.992;78.003;22.89;22.46;8.88;81.70;84.09;-0.189;NEUTRE;0;-21.2;0;1
2026.05.25 10:00;78.019;78.226;77.998;78.096;19.75;24.43;10.25;84.07;81.69;-0.070;NEUTRE;0;-9;0;1
2026.05.25 09:00;77.879;78.099;77.741;78.018;16.50;19.62;11.82;86.50;69.09;-0.170;NEUTRE;0;-23.1;0;1
2026.05.25 08:00;77.923;78.034;77.700;77.880;15.22;19.84;13.64;74.49;52.08;-0.347;NEUTRE;0;-44.3;-1;1
2026.05.25 07:00;77.691;77.942;77.356;77.922;14.71;18.66;15.74;46.29;36.26;-0.293;NEUTRE;0;-43.3;-1;1
2026.05.25 06:00;77.468;77.718;77.357;77.687;15.67;15.65;18.16;35.45;35.57;-0.594;NEUTRE;0;-65.9;-3;0
2026.05.25 05:00;77.890;77.900;77.414;77.475;16.93;18.06;18.53;27.04;42.48;-0.865;NEUTRE;0;-75.6;-3;0
2026.05.25 04:00;77.603;77.973;77.579;77.890;19.34;20.83;16.15;44.21;56.95;-0.334;NEUTRE;0;-62;-2;0
2026.05.25 03:00;77.554;77.808;77.275;77.604;20.37;17.60;18.64;56.19;68.19;-0.700;NEUTRE;0;-79.2;-3;0
2026.05.25 02:00;77.794;78.024;77.447;77.554;23.06;20.30;16.54;70.44;78.15;-0.764;NEUTRE;0;-83.4;-3;0
2026.05.25 01:00;78.156;78.548;77.685;77.797;25.04;23.43;12.74;77.92;80.80;-0.453;NEUTRE;0;;;0
2026.05.25 00:00;78.151;78.714;77.933;78.154;24.35;27.03;10.28;86.08;76.32;0.004;NEUTRE;0;;;0
2026.05.24 23:00;77.809;78.793;77.798;78.159;21.19;31.19;11.86;78.40;61.29;2.679;STRONG_UP;2;69.1;3;0
2026.05.24 22:00;76.120;77.832;75.921;77.808;17.54;21.13;13.69;64.47;54.18;2.218;STRONG_UP;2;66.2;3;0
2026.05.22 20:00;75.568;75.574;75.367;75.482;16.95;9.60;15.79;40.99;54.20;-1.481;SOFT_DOWN;-1;-59.1;-2;0
2026.05.22 19:00;75.892;75.902;75.369;75.548;15.81;11.07;18.08;57.07;61.71;-1.395;SOFT_DOWN;-1;-58.9;-2;1
2026.05.22 18:00;75.934;76.068;75.745;75.879;14.54;12.78;10.00;64.55;58.79;-0.963;NEUTRE;0;-50.3;-2;1
2026.05.22 17:00;75.853;76.297;75.736;75.934;14.91;14.74;11.54;63.51;52.31;-0.891;NEUTRE;0;-49.7;-2;1
2026.05.22 16:00;75.938;76.256;75.685;75.851;15.32;15.89;13.32;48.30;46.27;-1.000;NEUTRE;0;-54.6;-2;1
2026.05.22 15:00;75.241;75.960;75.222;75.938;16.33;10.36;15.37;45.13;48.87;-0.886;NEUTRE;0;-53.1;-2;1
2026.05.22 14:00;75.960;75.960;74.943;75.241;15.84;11.95;17.73;45.39;49.19;-1.796;SOFT_DOWN;-1;-70.9;-3;1
2026.05.22 13:00;76.162;76.462;75.646;75.958;15.28;13.79;9.82;56.08;43.87;-0.860;NEUTRE;0;-56.1;-2;1
2026.05.22 12:00;75.777;76.346;75.401;76.146;15.05;13.72;11.34;46.10;33.35;-0.615;NEUTRE;0;-49.1;-2;1
2026.05.22 11:00;75.816;75.967;75.644;75.777;15.90;9.66;13.08;29.44;25.64;-1.096;SOFT_DOWN;-1;-66;-3;1
2026.05.22 10:00;76.010;76.194;75.699;75.811;16.04;11.15;12.47;24.52;24.78;-1.052;SOFT_DOWN;-1;-67.1;-3;1
2026.05.22 09:00;75.894;76.098;75.552;76.006;17.65;9.88;14.39;22.94;24.52;-0.797;NEUTRE;0;-63.4;-2;1
2026.05.22 08:00;75.977;76.201;75.673;75.895;17.50;11.40;13.20;26.89;29.78;-0.942;NEUTRE;0;-69.4;-3;1
2026.05.22 07:00;76.269;76.269;75.734;75.973;19.08;13.16;13.45;23.74;35.55;-0.841;NEUTRE;0;-69.7;-3;1
2026.05.22 06:00;75.848;76.556;75.703;76.279;21.84;15.18;15.52;38.70;48.37;-0.441;NEUTRE;0;-58.9;-2;0
2026.05.22 05:00;76.524;77.017;75.774;75.847;25.03;17.52;16.62;44.21;52.97;-1.005;SOFT_DOWN;-1;-77.6;-3;0
2026.05.22 04:00;76.455;76.639;76.425;76.524;28.48;20.21;11.12;62.21;49.76;-0.121;NEUTRE;0;-34.3;-1;0
2026.05.22 03:00;76.298;76.469;75.961;76.455;28.40;11.10;12.83;52.47;42.82;-0.211;NEUTRE;0;-57.8;-2;0
2026.05.22 02:00;76.394;76.473;75.884;76.301;31.66;12.81;14.81;34.59;42.19;-0.412;NEUTRE;0;-77.8;-3;0
2026.05.22 01:00;76.177;76.658;75.954;76.398;35.41;14.78;15.26;41.38;53.42;-0.286;NEUTRE;0;;;0
2026.05.22 00:00;76.617;76.629;76.185;76.187;40.61;17.05;12.56;50.59;65.10;-0.561;NEUTRE;0;;;0
2026.05.21 23:00;76.723;76.771;76.431;76.612;44.52;19.67;5.97;68.29;72.49;0.925;NEUTRE;0;42.2;1;0
2026.05.21 22:00;76.682;76.840;76.492;76.723;43.15;22.70;4.12;76.43;75.96;1.071;SOFT_UP;1;47.6;2;0
2026.05.21 20:00;76.749;76.749;76.481;76.637;39.13;22.17;4.76;72.75;77.73;0.958;NEUTRE;0;47.2;2;0
2026.05.21 19:00;76.255;76.853;76.177;76.733;35.21;25.58;5.49;78.70;83.68;1.084;SOFT_UP;1;52.1;2;1
2026.05.21 18:00;76.736;76.970;76.031;76.254;30.68;29.51;6.34;81.75;84.56;0.453;NEUTRE;0;29.6;1;1
2026.05.21 17:00;75.999;77.086;75.894;76.752;25.45;34.05;7.31;90.58;80.83;1.109;SOFT_UP;1;55.8;2;1
2026.05.21 16:00;75.527;76.034;75.527;75.998;19.42;25.72;8.43;81.35;66.05;0.116;NEUTRE;0;9.3;0;1
2026.05.21 15:00;75.092;75.577;74.894;75.525;14.62;15.86;9.73;70.56;52.11;-0.507;NEUTRE;0;-37.3;-1;1
2026.05.21 14:00;75.404;75.411;74.841;75.093;13.19;14.56;11.23;46.22;34.97;-1.076;SOFT_DOWN;-1;-60;-2;1
2026.05.21 13:00;74.688;75.686;74.390;75.400;13.23;16.80;12.96;39.55;31.68;-0.672;NEUTRE;0;-49.4;-2;1
2026.05.21 12:00;74.980;75.148;74.640;74.698;13.28;13.00;14.95;19.14;35.29;-1.597;SOFT_DOWN;-1;-71.6;-3;1
2026.05.21 11:00;74.711;75.113;74.675;74.981;14.25;15.00;17.25;36.36;45.71;-1.224;SOFT_DOWN;-1;-68.3;-3;1
2026.05.21 10:00;75.413;75.549;74.552;74.713;15.37;17.30;19.90;50.36;42.29;-1.577;SOFT_DOWN;-1;-74.3;-3;1
2026.05.21 09:00;75.508;75.834;75.318;75.417;16.66;19.97;11.15;50.42;29.70;-0.649;NEUTRE;0;-58.4;-2;1
2026.05.21 08:00;74.768;75.565;74.641;75.515;14.86;15.02;12.86;26.08;19.47;-0.520;NEUTRE;0;-55.7;-2;1
2026.05.21 07:00;74.873;75.145;74.759;74.768;15.95;10.33;14.84;12.59;17.35;-1.504;SOFT_DOWN;-1;-78.3;-3;1
2026.05.21 06:00;75.333;75.590;74.732;74.851;15.65;11.92;17.12;19.75;18.30;-1.395;SOFT_DOWN;-1;-79.2;-3;0
2026.05.21 05:00;75.699;75.762;74.911;75.366;15.31;13.76;16.55;19.72;20.57;-0.717;NEUTRE;0;-72.8;-3;0
2026.05.21 04:00;75.285;75.732;75.241;75.699;16.25;15.88;13.13;15.45;29.47;-0.278;NEUTRE;0;-57.4;-2;0
2026.05.21 03:00;75.338;75.656;75.266;75.282;17.29;15.94;15.15;26.56;46.57;-0.827;NEUTRE;0;-80.9;-3;0
2026.05.21 02:00;76.354;76.526;75.171;75.349;19.56;18.39;17.48;46.41;57.03;-0.739;NEUTRE;0;-83.2;-3;0
2026.05.21 01:00;76.070;76.934;75.752;76.349;22.18;21.22;13.57;66.75;56.49;0.578;NEUTRE;0;;;0
2026.05.21 00:00;75.910;76.117;75.346;76.069;22.21;13.85;15.66;57.92;46.83;0.209;NEUTRE;0;;;0
2026.05.20 23:00;75.680;75.980;75.409;75.910;24.68;13.24;18.07;44.79;47.93;2.328;STRONG_UP;2;66.3;3;0
2026.05.20 22:00;75.783;75.910;75.256;75.680;26.11;13.40;20.85;37.78;55.27;2.018;SOFT_UP;1;64.2;2;0
2026.05.20 20:00;75.923;76.090;75.735;75.818;26.78;15.46;12.79;61.23;66.51;2.204;STRONG_UP;2;68.1;3;0
2026.05.20 19:00;76.171;76.305;75.900;75.923;29.44;17.83;7.60;66.80;67.57;2.346;STRONG_UP;2;70.2;3;1
2026.05.20 18:00;75.813;76.364;75.715;76.170;27.79;20.58;8.77;71.48;68.03;2.679;STRONG_UP;2;73.4;3;1
2026.05.20 17:00;75.905;76.146;75.738;75.815;25.88;18.58;10.12;64.42;63.10;2.200;STRONG_UP;2;71.1;3;1
2026.05.20 16:00;75.705;75.968;75.530;75.905;25.33;14.72;11.68;68.19;60.75;2.321;STRONG_UP;2;73;3;1
2026.05.20 15:00;76.061;76.513;75.578;75.705;27.45;16.99;11.79;56.69;56.68;2.052;SOFT_UP;1;72;3;1
2026.05.20 14:00;74.833;76.589;74.395;76.063;28.90;19.60;13.61;57.36;67.78;2.534;STRONG_UP;2;76.2;3;1
2026.05.20 13:00;75.487;75.780;74.666;74.809;30.57;16.94;15.70;55.99;80.50;0.844;NEUTRE;0;55.6;2;1
2026.05.20 12:00;75.736;75.777;75.379;75.485;34.69;19.55;8.27;89.98;92.94;1.755;SOFT_UP;1;73.1;3;1
2026.05.20 11:00;75.681;75.783;75.466;75.736;33.78;22.56;6.18;95.52;91.82;2.093;SOFT_UP;1;76.9;3;1
2026.05.20 10:00;75.418;75.680;75.349;75.680;30.21;21.03;7.13;93.31;88.66;2.018;SOFT_UP;1;77.6;3;1
2026.05.20 09:00;75.334;75.581;75.114;75.422;27.27;19.66;8.23;86.62;83.64;1.670;SOFT_UP;1;76.6;3;1
2026.05.20 08:00;74.959;75.561;74.877;75.334;25.16;22.03;9.49;86.04;75.29;1.552;SOFT_UP;1;77.1;3;1
2026.05.20 07:00;75.190;75.442;74.809;74.954;22.91;22.74;10.95;78.28;58.71;1.039;SOFT_UP;1;73.4;3;1
2026.05.20 06:00;74.218;75.436;74.117;75.201;21.05;26.09;12.64;61.55;39.89;1.372;SOFT_UP;1;79;3;0
2026.05.20 05:00;73.527;74.505;73.520;74.218;18.94;19.25;14.58;36.31;29.52;0.047;NEUTRE;0;12;0;0
2026.05.20 04:00;73.512;73.867;73.412;73.532;19.74;12.24;16.82;21.80;34.14;-0.878;NEUTRE;0;-78.6;-3;0
2026.05.20 03:00;73.435;73.866;73.121;73.511;20.35;14.09;19.41;30.44;50.25;-0.906;NEUTRE;0;-81.6;-3;0
2026.05.20 02:00;74.189;74.322;73.103;73.438;21.04;16.26;22.40;50.18;61.13;-1.004;SOFT_DOWN;-1;-84.9;-3;0
2026.05.20 01:00;74.611;74.895;73.357;74.173;21.83;18.76;22.64;70.12;54.71;-0.013;NEUTRE;0;;;0
2026.05.20 00:00;74.183;74.612;73.837;74.611;23.74;21.65;21.32;63.09;37.40;0.577;NEUTRE;0;;;0
2026.05.19 23:00;73.996;74.394;73.886;74.183;27.28;20.65;24.60;30.93;23.01;-5.678;EXPLOSIVE_DOWN;-3;-79.8;-3;0
2026.05.19 22:00;73.767;74.042;73.698;74.005;30.13;13.17;28.39;18.18;25.53;-5.905;EXPLOSIVE_DOWN;-3;-80.6;-3;0
2026.05.19 20:00;73.925;73.925;73.566;73.629;29.14;10.83;32.75;19.92;34.70;-6.383;EXPLOSIVE_DOWN;-3;-82.1;-3;0
2026.05.19 19:00;74.116;74.229;73.827;73.938;25.88;12.50;27.00;38.49;43.14;-5.990;EXPLOSIVE_DOWN;-3;-82;-3;1
2026.05.19 18:00;74.449;74.516;74.020;74.118;24.21;14.42;23.77;45.70;43.56;-5.761;EXPLOSIVE_DOWN;-3;-82.1;-3;1
2026.05.19 17:00;74.614;74.900;74.383;74.448;24.18;16.64;16.16;45.23;40.72;-5.341;EXPLOSIVE_DOWN;-3;-82;-3;1
2026.05.19 16:00;74.454;74.690;74.180;74.623;27.67;12.95;18.65;39.74;38.16;-5.119;EXPLOSIVE_DOWN;-3;-82.1;-3;1
2026.05.19 15:00;74.062;74.521;73.745;74.436;29.16;9.85;21.52;37.18;38.30;-5.357;EXPLOSIVE_DOWN;-3;-82.9;-3;1
2026.05.19 14:00;74.369;74.868;73.624;74.059;27.92;11.36;24.83;37.56;40.95;-5.836;EXPLOSIVE_DOWN;-3;-83.9;-3;1
2026.05.19 13:00;76.013;76.018;73.061;74.370;26.49;13.11;28.65;40.16;40.68;-5.441;EXPLOSIVE_DOWN;-3;-83.9;-3;1
2026.05.19 12:00;75.743;76.362;75.633;76.015;24.84;15.13;19.68;45.14;39.88;-3.349;STRONG_DOWN;-2;-81;-3;1
2026.05.19 11:00;76.071;76.258;75.721;75.743;26.65;15.26;22.71;36.73;39.76;-3.695;STRONG_DOWN;-2;-82.5;-3;1
2026.05.19 10:00;75.771;76.071;75.427;76.071;27.73;12.25;26.20;37.77;44.02;-3.278;STRONG_DOWN;-2;-82.3;-3;1
2026.05.19 09:00;75.984;76.006;75.455;75.786;26.42;12.58;30.23;44.77;46.21;-3.640;STRONG_DOWN;-2;-83.7;-3;1
2026.05.19 08:00;76.451;76.532;75.820;75.985;24.14;14.52;24.69;49.52;39.06;-3.387;STRONG_DOWN;-2;-84;-3;1
2026.05.19 07:00;76.292;76.459;75.733;76.451;23.86;15.18;28.49;44.33;26.80;-2.795;STRONG_DOWN;-2;-83.7;-3;1
2026.05.19 06:00;76.309;76.646;76.019;76.292;22.84;17.51;26.81;23.32;14.12;-2.997;STRONG_DOWN;-2;-84.9;-3;0
2026.05.19 05:00;76.225;76.438;75.688;76.299;23.13;15.10;30.93;12.74;8.54;-2.988;STRONG_DOWN;-2;-85.8;-3;0
2026.05.19 04:00;76.185;76.248;75.941;76.225;21.40;17.43;30.50;6.28;11.16;-3.082;STRONG_DOWN;-2;-86.7;-3;0
2026.05.19 03:00;76.315;76.640;76.079;76.174;20.49;20.11;28.28;6.61;26.32;-3.147;STRONG_DOWN;-2;-87.6;-3;0
2026.05.19 02:00;77.087;77.132;76.167;76.316;21.05;23.20;30.22;20.60;49.41;-2.966;STRONG_DOWN;-2;-88.3;-3;0
2026.05.19 01:00;77.505;77.748;76.838;77.090;22.27;26.77;24.17;51.77;74.05;-1.982;SOFT_DOWN;-1;;;0
2026.05.19 00:00;78.649;78.864;77.465;77.530;24.91;30.89;17.29;75.87;87.61;-1.423;SOFT_DOWN;-1;;;0
2026.05.18 23:00;78.155;78.862;78.152;78.650;24.39;35.64;12.39;94.52;83.85;2.621;STRONG_UP;2;68.7;3;0
2026.05.18 22:00;77.247;78.217;77.080;78.153;20.70;27.15;14.30;92.45;67.82;1.973;SOFT_UP;1;63.7;2;0
2026.05.18 20:00;77.321;77.682;77.293;77.646;19.11;24.08;16.50;64.59;48.63;1.311;SOFT_UP;1;55.9;2;0
2026.05.18 19:00;76.504;77.575;76.464;77.319;19.18;23.56;19.03;46.40;42.12;0.885;NEUTRE;0;46.4;2;1
2026.05.18 18:00;76.939;76.954;76.404;76.500;20.50;18.58;21.96;34.89;42.20;-0.184;NEUTRE;0;-13;0;1
2026.05.18 17:00;76.908;77.212;76.824;76.937;22.37;21.44;13.59;45.08;51.24;0.386;NEUTRE;0;27.1;1;1
2026.05.18 16:00;76.828;77.081;76.257;76.914;22.36;19.54;15.68;46.63;61.20;0.356;NEUTRE;0;26.6;1;1
2026.05.18 15:00;76.642;76.888;76.099;76.828;24.12;18.95;18.10;62.03;73.54;0.244;NEUTRE;0;20.1;0;1
2026.05.18 14:00;77.818;77.858;76.234;76.647;27.48;21.86;18.25;74.94;77.90;0.008;NEUTRE;0;0.7;0;1
2026.05.18 13:00;77.428;78.163;77.178;77.814;30.32;25.23;12.11;83.65;73.62;1.531;SOFT_UP;1;69.4;3;1
2026.05.18 12:00;76.386;77.505;76.250;77.423;29.58;18.83;13.98;75.11;69.56;1.020;SOFT_UP;1;62.4;2;1
2026.05.18 11:00;75.700;77.048;75.354;76.391;31.86;16.12;16.13;62.11;70.88;-0.326;NEUTRE;0;-33.7;-1;1
2026.05.18 10:00;75.773;76.134;75.379;75.707;36.75;10.30;18.61;71.47;80.20;-1.219;SOFT_DOWN;-1;-70;-3;1
2026.05.18 09:00;76.124;76.198;75.580;75.772;37.99;11.89;17.38;79.07;82.90;-1.134;SOFT_DOWN;-1;-70.6;-3;1
2026.05.18 08:00;75.895;76.295;75.749;76.134;40.95;13.72;15.84;90.06;78.18;-0.662;NEUTRE;0;-61.8;-2;1
2026.05.18 07:00;76.123;76.265;75.544;75.920;46.14;14.98;18.28;79.57;64.60;-0.941;NEUTRE;0;-71.7;-3;1
2026.05.18 06:00;74.871;76.138;74.809;76.122;51.71;14.58;21.10;64.92;52.54;-0.677;NEUTRE;0;-68.5;-3;0
2026.05.18 05:00;75.340;75.614;74.834;74.872;56.86;10.76;24.34;49.32;43.53;-2.308;STRONG_DOWN;-2;-84.5;-3;0
2026.05.18 04:00;75.210;75.649;75.008;75.341;59.65;12.41;24.65;43.37;40.26;-1.696;SOFT_DOWN;-1;-84;-3;0
2026.05.18 03:00;74.945;75.220;74.320;75.209;63.74;4.02;28.45;37.89;42.52;-1.868;SOFT_DOWN;-1;-85.9;-3;0
2026.05.18 02:00;74.833;75.460;74.565;74.939;61.98;4.64;28.63;39.52;51.56;-2.221;STRONG_DOWN;-2;-87.7;-3;0
2026.05.18 01:00;75.376;75.459;73.842;74.840;60.42;5.34;33.04;50.15;57.95;-2.350;STRONG_DOWN;-2;;;0
2026.05.18 00:00;76.641;76.888;73.992;75.467;58.61;6.16;36.70;64.99;55.83;-1.532;SOFT_DOWN;-1;;;0
2026.05.17 23:00;76.771;76.887;76.026;76.619;56.67;7.11;31.54;58.72;46.08;1.420;SOFT_UP;1;54.3;2;0
2026.05.17 22:00;75.546;76.875;74.972;76.772;55.66;7.99;36.40;43.79;46.32;1.623;SOFT_UP;1;59;2;0
2026.05.15 20:00;76.261;76.262;75.705;75.959;54.37;9.22;36.07;35.72;47.99;-9.020;EXPLOSIVE_DOWN;-3;-84.4;-3;0
2026.05.15 19:00;76.906;76.933;76.248;76.262;53.61;10.63;26.62;59.45;46.26;-8.657;EXPLOSIVE_DOWN;-3;-84.4;-3;1
2026.05.15 18:00;77.087;77.200;76.692;76.902;55.26;12.27;20.74;48.81;33.88;-7.891;EXPLOSIVE_DOWN;-3;-84.2;-3;1
2026.05.15 17:00;76.289;77.376;76.213;77.082;59.81;14.16;23.94;30.53;25.05;-7.675;EXPLOSIVE_DOWN;-3;-84.4;-3;1
2026.05.15 16:00;76.222;76.467;75.874;76.285;65.06;4.31;27.62;22.29;22.82;-8.630;EXPLOSIVE_DOWN;-3;-85.3;-3;1
2026.05.15 15:00;76.824;76.948;76.009;76.214;63.84;4.97;28.37;22.35;25.95;-8.715;EXPLOSIVE_DOWN;-3;-85.6;-3;1
2026.05.15 14:00;76.405;77.083;75.989;76.825;62.87;5.74;32.73;23.84;36.64;-7.983;EXPLOSIVE_DOWN;-3;-85.6;-3;1
2026.05.15 13:00;77.181;77.327;75.739;76.405;61.74;6.62;37.76;31.66;43.94;-8.486;EXPLOSIVE_DOWN;-3;-86.1;-3;1
2026.05.15 12:00;78.281;78.576;77.163;77.184;60.45;7.64;29.78;54.42;43.75;-7.553;EXPLOSIVE_DOWN;-3;-86;-3;1
2026.05.15 11:00;78.861;79.009;78.237;78.322;60.64;8.81;22.67;45.76;32.65;-6.190;EXPLOSIVE_DOWN;-3;-85.5;-3;1
2026.05.15 10:00;77.407;79.086;77.356;78.869;63.20;10.17;26.15;31.08;24.91;-5.535;EXPLOSIVE_DOWN;-3;-85.4;-3;1
2026.05.15 09:00;78.162;78.478;76.794;77.408;66.15;6.33;30.18;21.12;20.70;-7.285;EXPLOSIVE_DOWN;-3;-86.9;-3;1
2026.05.15 08:00;78.889;78.955;77.845;78.163;66.28;7.30;25.22;22.54;17.52;-6.380;EXPLOSIVE_DOWN;-3;-86.8;-3;1
2026.05.15 07:00;78.316;79.317;78.075;78.889;68.00;8.42;25.91;18.44;14.19;-5.511;EXPLOSIVE_DOWN;-3;-86.8;-3;1
2026.05.15 06:00;77.900;78.726;77.544;78.317;70.63;2.40;29.90;11.58;14.68;-6.196;EXPLOSIVE_DOWN;-3;-87.5;-3;0
2026.05.15 05:00;80.942;80.964;77.636;77.927;68.39;2.77;33.30;12.54;16.76;-6.663;EXPLOSIVE_DOWN;-3;-88.1;-3;0
2026.05.15 04:00;81.381;81.494;80.903;80.936;65.89;3.19;23.32;19.92;18.56;-3.059;STRONG_DOWN;-2;-86.7;-3;0
2026.05.15 03:00;81.390;81.631;80.820;81.382;64.35;3.69;26.91;17.81;18.05;-2.525;STRONG_DOWN;-2;-87;-3;0
2026.05.15 02:00;80.768;81.648;80.630;81.396;62.58;4.25;31.04;17.93;22.27;-2.508;STRONG_DOWN;-2;-88;-3;0
2026.05.15 01:00;82.462;82.506;80.604;80.764;60.53;4.91;35.82;18.40;26.16;-3.265;STRONG_DOWN;-2;;;0
2026.05.15 00:00;83.490;83.681;81.778;82.462;58.16;5.66;31.84;30.49;26.99;-1.231;SOFT_DOWN;-1;;;0
2026.05.14 23:00;83.743;83.833;82.915;83.490;56.37;6.53;27.54;29.59;23.90;-4.799;EXPLOSIVE_DOWN;-3;-78;-3;0
2026.05.14 22:00;83.330;83.845;83.136;83.743;55.56;7.54;28.08;20.89;22.74;-4.511;EXPLOSIVE_DOWN;-3;-77.8;-3;0
2026.05.14 20:00;83.444;83.595;83.084;83.487;55.23;3.27;32.39;21.21;26.51;-4.803;EXPLOSIVE_DOWN;-3;-79.5;-3;0
2026.05.14 19:00;84.419;84.419;83.322;83.436;51.17;3.78;30.21;26.12;29.50;-4.861;EXPLOSIVE_DOWN;-3;-80.2;-3;1
2026.05.14 18:00;84.745;84.746;84.109;84.413;47.08;4.36;23.82;32.20;29.31;-3.747;STRONG_DOWN;-2;-78;-3;1
2026.05.14 17:00;84.734;84.903;84.528;84.744;43.69;5.03;17.37;30.17;24.21;-3.369;STRONG_DOWN;-2;-77.4;-3;1
2026.05.14 16:00;84.859;84.966;84.288;84.724;41.94;5.80;20.04;25.58;18.64;-3.392;STRONG_DOWN;-2;-78.2;-3;1
2026.05.14 15:00;84.446;85.250;84.370;84.858;39.91;6.69;21.26;16.87;13.96;-3.239;STRONG_DOWN;-2;-78.4;-3;1
2026.05.14 14:00;83.919;85.041;83.818;84.445;38.03;4.07;24.54;13.46;19.20;-3.710;STRONG_DOWN;-2;-80.5;-3;1
2026.05.14 13:00;86.531;86.725;83.815;83.917;32.88;4.70;28.31;11.54;28.86;-4.312;STRONG_DOWN;-2;-82.4;-3;1
2026.05.14 12:00;86.661;87.030;86.118;86.531;26.93;5.42;20.49;32.60;43.76;-1.332;SOFT_DOWN;-1;-68.2;-3;1
2026.05.14 11:00;87.133;87.239;86.467;86.659;22.13;6.25;17.76;42.44;51.48;-1.186;SOFT_DOWN;-1;-67.6;-3;1
2026.05.14 10:00;87.179;87.271;86.793;87.140;18.16;7.21;13.99;56.24;56.29;-0.637;NEUTRE;0;-55.1;-2;1
2026.05.14 09:00;86.972;87.454;86.653;87.171;16.04;8.32;16.14;55.77;53.09;-0.602;NEUTRE;0;-56.4;-2;1
2026.05.14 08:00;86.931;87.529;86.902;86.969;13.59;9.61;13.84;56.86;47.26;-0.832;NEUTRE;0;-66.9;-3;1
2026.05.14 07:00;87.171;87.543;86.640;86.960;12.90;11.08;15.97;46.64;35.49;-0.843;NEUTRE;0;-69.8;-3;1
2026.05.14 06:00;86.956;87.436;86.926;87.176;12.10;12.79;13.56;38.29;25.43;-0.596;NEUTRE;0;-65.9;-3;0
2026.05.14 05:00;86.882;87.502;86.829;86.961;13.51;14.76;15.65;21.56;16.79;-0.842;NEUTRE;0;-75.2;-3;0
2026.05.14 04:00;86.409;87.320;86.266;86.882;15.14;12.87;18.05;16.45;21.21;-0.932;NEUTRE;0;-79.2;-3;0
2026.05.14 03:00;87.103;87.339;86.348;86.409;14.88;14.84;19.63;12.36;30.95;-1.471;SOFT_DOWN;-1;-84.8;-3;0
2026.05.14 02:00;87.322;87.769;86.825;87.103;15.04;17.13;15.25;34.82;43.02;-0.680;NEUTRE;0;-82.6;-3;0
2026.05.14 01:00;88.043;88.415;87.031;87.315;16.46;19.76;14.24;45.66;39.49;-0.438;NEUTRE;0;;;0
2026.05.14 00:00;87.699;88.078;87.301;88.045;16.49;19.06;16.43;48.59;30.62;0.395;NEUTRE;0;;;0
2026.05.13 23:00;87.866;87.949;87.410;87.699;17.88;19.44;18.96;24.22;20.78;0.660;NEUTRE;0;32.9;1;0
2026.05.13 22:00;87.686;87.983;87.502;87.867;20.44;22.43;19.25;19.06;24.17;0.853;NEUTRE;0;41.1;1;0
2026.05.13 20:00;87.643;87.776;87.317;87.449;22.41;19.91;22.21;19.05;36.20;0.373;NEUTRE;0;22.8;0;0
2026.05.13 19:00;87.562;87.963;87.541;87.646;25.02;22.98;18.12;34.41;55.18;0.599;NEUTRE;0;35.4;1;1
2026.05.13 18:00;87.868;88.294;87.275;87.562;27.05;26.51;20.90;55.16;72.73;0.503;NEUTRE;0;32.2;1;1
2026.05.13 17:00;88.633;89.101;87.810;87.873;29.40;30.59;16.04;75.96;83.33;0.860;NEUTRE;0;48.7;2;1
2026.05.13 16:00;88.776;89.344;88.591;88.618;29.12;35.29;9.20;87.08;78.84;1.715;SOFT_UP;1;67.5;3;1
2026.05.13 15:00;87.853;88.794;87.790;88.776;24.58;29.49;10.62;86.95;67.28;1.896;SOFT_UP;1;70.7;3;1
2026.05.13 14:00;87.076;88.205;86.842;87.852;21.12;25.00;12.25;62.48;52.56;0.836;NEUTRE;0;53.4;2;1
2026.05.13 13:00;86.367;87.324;86.367;87.077;19.11;18.90;14.14;52.41;53.37;-0.054;NEUTRE;0;-5.3;0;1
2026.05.13 12:00;87.061;87.254;85.950;86.373;19.83;20.68;16.31;42.80;57.70;-0.862;NEUTRE;0;-58.3;-2;1
2026.05.13 11:00;86.682;87.585;86.584;87.064;21.06;23.86;11.34;64.92;68.24;-0.069;NEUTRE;0;-8;0;1
2026.05.13 10:00;86.781;87.458;86.611;86.682;18.83;25.58;13.09;65.40;68.24;-0.507;NEUTRE;0;-48.8;-2;1
2026.05.13 09:00;86.452;86.857;86.146;86.781;16.75;18.60;15.10;74.41;63.89;-0.394;NEUTRE;0;-44.6;-1;1
2026.05.13 08:00;86.507;86.551;86.191;86.452;17.73;14.84;17.42;64.91;51.80;-0.771;NEUTRE;0;-65.3;-3;1
2026.05.13 07:00;86.575;86.907;86.284;86.507;19.23;17.13;16.13;52.33;40.35;-0.708;NEUTRE;0;-66.3;-3;1
2026.05.13 06:00;86.387;86.844;86.264;86.561;21.72;18.21;18.61;38.17;30.03;-0.646;NEUTRE;0;-67.6;-3;0
2026.05.13 05:00;86.330;86.675;85.602;86.386;24.90;16.52;21.47;30.56;26.50;-0.847;NEUTRE;0;-75.3;-3;0
2026.05.13 04:00;86.576;86.743;86.305;86.331;26.73;19.07;14.69;21.36;29.35;-0.910;NEUTRE;0;-79;-3;0
2026.05.13 03:00;86.117;86.935;86.012;86.576;28.84;22.00;16.95;27.57;45.87;-0.629;NEUTRE;0;-78;-3;0
2026.05.13 02:00;86.702;87.145;85.951;86.122;31.29;25.39;19.56;39.11;65.60;-1.150;SOFT_DOWN;-1;-85.6;-3;0
2026.05.13 01:00;87.184;87.786;86.494;86.701;34.11;29.29;15.58;70.94;82.62;-0.486;NEUTRE;0;;;0
2026.05.13 00:00;87.124;87.629;86.948;87.169;34.65;33.80;12.57;86.74;89.82;0.052;NEUTRE;0;;;0
2026.05.12 23:00;86.721;87.271;86.582;87.124;32.94;30.91;14.50;90.18;92.39;-0.001;NEUTRE;0;-0.1;0;0
2026.05.12 22:00;86.084;86.959;85.990;86.721;32.45;28.70;16.73;92.55;93.76;-0.464;NEUTRE;0;-25.4;-1;0
2026.05.12 20:00;86.745;86.828;86.427;86.476;33.39;33.11;12.37;94.45;90.93;-0.745;NEUTRE;0;-40;-1;0
2026.05.12 19:00;86.074;86.820;86.043;86.745;31.51;37.90;14.27;94.27;81.55;-0.436;NEUTRE;0;-27.3;-1;1
2026.05.12 18:00;85.062;86.193;84.883;86.079;29.39;31.32;16.46;84.06;68.82;-1.201;SOFT_DOWN;-1;-56.4;-2;1
2026.05.12 17:00;84.614;85.285;84.614;85.073;29.13;25.47;19.00;66.33;58.97;-2.355;STRONG_DOWN;-2;-72.2;-3;1
2026.05.12 16:00;84.160;84.684;84.057;84.611;31.37;15.67;21.92;56.06;58.30;-2.886;STRONG_DOWN;-2;-76.2;-3;1
2026.05.12 15:00;84.340;84.456;83.015;84.151;33.64;12.49;25.29;54.51;62.26;-3.413;STRONG_DOWN;-2;-79;-3;1
2026.05.12 14:00;84.486;85.422;84.229;84.347;33.59;14.41;16.22;64.34;60.37;-3.189;STRONG_DOWN;-2;-79;-3;1
2026.05.12 13:00;84.425;85.342;83.954;84.472;37.85;15.59;18.72;67.94;47.70;-3.045;STRONG_DOWN;-2;-79.3;-3;1
2026.05.12 12:00;84.092;84.749;83.342;84.426;42.27;11.42;21.60;48.82;31.29;-3.098;STRONG_DOWN;-2;-80.2;-3;1
2026.05.12 11:00;83.676;84.130;83.051;84.086;44.03;6.41;24.92;26.33;23.47;-3.488;STRONG_DOWN;-2;-82;-3;1
2026.05.12 10:00;83.908;84.376;83.495;83.676;41.72;7.39;22.42;18.71;23.06;-3.959;STRONG_DOWN;-2;-83.6;-3;1
2026.05.12 09:00;84.288;84.362;83.811;83.912;40.38;8.53;20.35;25.36;24.29;-3.688;STRONG_DOWN;-2;-83.8;-3;1
2026.05.12 08:00;84.449;84.701;83.933;84.274;40.29;9.84;20.08;25.10;22.61;-3.272;STRONG_DOWN;-2;-83.8;-3;1
2026.05.12 07:00;84.167;84.691;83.470;84.449;41.23;11.15;23.17;22.42;23.66;-3.071;STRONG_DOWN;-2;-84.2;-3;1
2026.05.12 06:00;85.479;85.480;83.729;84.155;42.18;12.87;23.47;20.31;29.23;-3.409;STRONG_DOWN;-2;-85.5;-3;0
2026.05.12 05:00;86.003;86.202;85.171;85.484;44.19;14.85;14.44;28.24;35.32;-1.884;SOFT_DOWN;-1;-83.3;-3;0
2026.05.12 04:00;86.094;86.490;85.886;86.003;50.77;17.14;5.99;39.12;37.49;-1.288;SOFT_DOWN;-1;-82.2;-3;0
2026.05.12 03:00;86.283;86.422;85.895;86.093;51.16;18.04;6.91;38.61;41.59;-1.185;SOFT_DOWN;-1;-83.6;-3;0
2026.05.12 02:00;85.995;86.464;85.506;86.283;52.17;20.81;7.97;34.75;53.62;-0.966;NEUTRE;0;-84.8;-3;0
2026.05.12 01:00;85.998;87.053;85.461;85.998;53.34;24.02;9.20;51.43;73.46;-1.294;SOFT_DOWN;-1;;;0
2026.05.12 00:00;87.125;87.125;85.967;85.999;54.68;27.71;5.73;74.70;87.88;-1.292;SOFT_DOWN;-1;;;0
2026.05.11 23:00;86.862;87.180;86.041;87.125;52.98;31.98;5.62;94.27;92.99;8.935;EXPLOSIVE_UP;3;83.5;3;0
2026.05.11 22:00;86.215;86.950;86.002;86.857;50.35;33.79;6.49;94.68;90.95;8.600;EXPLOSIVE_UP;3;83.5;3;0
2026.05.11 20:00;86.131;86.202;85.622;86.066;47.67;26.85;7.49;90.01;87.41;7.611;EXPLOSIVE_UP;3;83.3;3;0
2026.05.11 19:00;85.760;86.145;85.746;86.129;46.33;30.98;5.35;88.16;87.56;7.690;EXPLOSIVE_UP;3;83.7;3;1
2026.05.11 18:00;85.620;86.057;85.479;85.755;42.60;32.35;6.17;84.05;87.72;7.222;EXPLOSIVE_UP;3;83.7;3;1
2026.05.11 17:00;85.159;85.621;84.956;85.620;38.70;25.72;7.12;90.46;90.42;7.053;EXPLOSIVE_UP;3;83.9;3;1
2026.05.11 16:00;85.941;85.988;84.942;85.159;35.95;29.68;8.22;88.66;90.30;6.477;EXPLOSIVE_UP;3;83.7;3;1
2026.05.11 15:00;84.862;85.987;84.795;85.931;32.77;34.23;9.48;92.15;92.32;7.442;EXPLOSIVE_UP;3;84.9;3;1
2026.05.11 14:00;85.511;85.543;84.123;84.865;29.10;33.77;10.94;90.10;91.54;6.109;EXPLOSIVE_UP;3;84.2;3;1
2026.05.11 13:00;83.625;85.839;83.477;85.512;25.72;38.96;12.63;94.72;84.40;6.918;EXPLOSIVE_UP;3;85.2;3;1
2026.05.11 12:00;81.320;83.830;81.034;83.603;21.83;31.87;14.57;89.79;69.48;4.531;EXPLOSIVE_UP;3;83.3;3;1
2026.05.11 11:00;80.353;81.330;80.317;81.303;19.45;23.02;16.81;68.70;53.95;1.655;SOFT_UP;1;73.6;3;1
2026.05.11 10:00;80.096;80.530;80.069;80.342;20.05;14.41;19.40;49.95;46.22;0.454;NEUTRE;0;45.7;2;1
2026.05.11 09:00;80.255;80.355;80.000;80.095;20.86;10.79;22.38;43.21;40.46;0.145;NEUTRE;0;20;0;1
2026.05.11 08:00;80.274;80.639;80.178;80.253;18.69;12.45;18.11;45.50;36.90;0.343;NEUTRE;0;44;1;1
2026.05.11 07:00;80.578;80.658;80.137;80.263;18.71;14.36;20.90;32.66;33.54;0.355;NEUTRE;0;48.8;2;1
2026.05.11 06:00;79.871;80.705;79.822;80.580;18.74;16.57;24.11;32.55;41.22;0.751;NEUTRE;0;70.5;3;0
2026.05.11 05:00;80.293;80.648;79.723;79.874;18.77;18.13;27.82;35.41;54.90;-0.131;NEUTRE;0;-30.6;-1;0
2026.05.11 04:00;80.641;80.669;80.199;80.293;18.41;20.91;24.19;55.71;68.14;0.393;NEUTRE;0;65.7;3;0
2026.05.11 03:00;80.926;81.096;80.550;80.629;20.13;24.13;16.42;73.57;72.14;0.813;NEUTRE;0;80.7;3;0
2026.05.11 02:00;80.788;81.603;80.627;80.930;20.30;27.84;16.77;75.15;64.77;1.189;SOFT_UP;1;85.7;3;0
2026.05.11 01:00;79.997;80.821;79.532;80.787;19.60;19.80;19.36;67.72;56.26;1.010;SOFT_UP;1;;;0
2026.05.11 00:00;79.979;80.498;79.538;79.992;22.44;18.99;22.33;51.46;52.65;0.016;NEUTRE;0;;;0
2026.05.10 23:00;79.938;80.295;79.909;79.987;24.65;21.91;19.82;49.61;52.52;0.777;NEUTRE;0;37.3;1;0
2026.05.10 22:00;79.370;80.014;79.068;79.956;27.68;14.09;22.87;56.89;50.45;0.738;NEUTRE;0;37.1;1;0
2026.05.08 20:00;80.660;80.671;80.283;80.335;28.28;16.25;11.64;51.06;40.15;1.414;SOFT_UP;1;57.9;2;0
2026.05.08 19:00;80.454;80.775;80.406;80.661;30.08;18.75;8.55;43.41;27.95;1.825;SOFT_UP;1;65.2;3;1
2026.05.08 18:00;80.344;80.868;80.333;80.454;28.96;21.64;9.87;25.97;18.11;1.564;SOFT_UP;1;62.9;2;1
2026.05.08 17:00;80.068;80.482;80.021;80.344;27.67;13.87;11.39;14.47;23.22;1.425;SOFT_UP;1;62.1;2;1
2026.05.08 16:00;79.881;80.493;79.852;80.072;30.42;16.00;13.14;13.89;41.72;1.082;SOFT_UP;1;56.7;2;1
2026.05.08 15:00;80.566;80.792;79.859;79.880;33.58;18.46;14.99;41.30;66.53;0.839;NEUTRE;0;51.6;2;1
2026.05.08 14:00;81.467;81.529;80.456;80.574;37.16;21.30;7.45;69.96;81.03;1.716;SOFT_UP;1;70.1;3;1
2026.05.08 13:00;81.094;81.543;80.513;81.467;35.46;24.58;7.78;88.33;84.38;2.843;STRONG_UP;2;78.5;3;1
2026.05.08 12:00;80.704;81.452;80.328;81.110;32.93;27.00;8.98;84.80;78.12;2.392;STRONG_UP;2;77.4;3;1
2026.05.08 11:00;80.597;80.771;80.440;80.703;30.30;21.83;10.36;80.01;67.99;1.878;SOFT_UP;1;75.4;3;1
2026.05.08 10:00;80.172;80.842;80.153;80.597;29.48;25.19;11.96;69.56;60.45;1.745;SOFT_UP;1;75.7;3;1
2026.05.08 09:00;80.114;80.569;80.004;80.173;28.53;22.97;13.80;54.41;60.18;1.209;SOFT_UP;1;71.7;3;1
2026.05.08 08:00;79.848;80.311;79.764;80.117;29.08;19.48;15.92;57.38;66.83;1.139;SOFT_UP;1;72.7;3;1
2026.05.08 07:00;80.257;80.322;79.298;79.842;32.00;22.48;18.37;68.76;73.42;0.792;NEUTRE;0;68.6;3;1
2026.05.08 06:00;80.408;80.683;80.046;80.287;35.38;25.94;9.95;74.37;73.91;1.353;SOFT_UP;1;78.9;3;0
2026.05.08 05:00;79.584;80.500;79.580;80.408;33.97;25.51;11.49;77.15;75.44;1.506;SOFT_UP;1;81.6;3;0
2026.05.08 04:00;79.837;79.941;79.273;79.583;33.36;20.08;13.25;70.22;73.31;0.465;NEUTRE;0;69.1;3;0
2026.05.08 03:00;79.640;80.130;79.536;79.837;35.34;23.17;9.24;78.96;72.26;0.785;NEUTRE;0;80.4;3;0
2026.05.08 02:00;79.911;80.133;79.342;79.641;34.17;26.74;10.66;70.76;59.33;0.538;NEUTRE;0;80.6;3;0
2026.05.08 01:00;79.095;80.179;79.066;79.911;32.81;30.85;12.30;67.06;43.26;0.879;NEUTRE;0;;;0
2026.05.08 00:00;79.215;79.450;78.794;79.093;31.24;25.52;14.19;40.16;24.36;-0.154;NEUTRE;0;;;0
2026.05.07 23:00;78.507;79.263;78.491;79.218;31.65;25.06;16.37;22.55;15.15;2.217;STRONG_UP;2;65.3;3;0
2026.05.07 22:00;78.365;78.883;78.295;78.507;33.29;21.35;18.89;10.36;14.15;1.299;SOFT_UP;1;53.1;2;0
2026.05.07 20:00;79.100;79.841;78.462;78.516;37.47;24.63;17.42;12.54;17.73;1.311;SOFT_UP;1;55.9;2;0
2026.05.07 19:00;79.226;79.351;78.734;79.102;40.60;22.95;20.11;19.55;20.13;2.067;SOFT_UP;1;67.8;3;1
2026.05.07 18:00;79.760;79.784;78.634;79.219;45.83;26.49;23.20;21.10;26.16;2.218;STRONG_UP;2;70.2;3;1
2026.05.07 17:00;79.847;80.016;78.817;79.740;51.86;30.56;24.32;19.76;40.27;2.890;STRONG_UP;2;75.4;3;1
2026.05.07 16:00;80.402;80.467;79.349;79.846;58.09;35.26;21.23;37.63;63.34;3.027;STRONG_UP;2;76.8;3;1
2026.05.07 15:00;81.978;81.993;80.340;80.402;63.21;40.69;10.86;63.43;80.95;3.745;STRONG_UP;2;79.9;3;1
2026.05.07 14:00;81.258;82.101;81.198;81.982;64.03;46.95;4.55;88.97;90.76;5.783;EXPLOSIVE_UP;3;83.9;3;1
2026.05.07 13:00;81.454;81.454;80.817;81.272;61.21;43.15;5.25;90.46;92.72;4.867;EXPLOSIVE_UP;3;83.2;3;1
2026.05.07 12:00;80.909;81.660;80.885;81.455;58.59;49.78;4.42;92.86;93.29;5.103;EXPLOSIVE_UP;3;84;3;1
2026.05.07 11:00;80.304;80.963;80.267;80.908;54.72;43.61;5.10;94.83;93.86;4.397;STRONG_UP;2;83.7;3;1
2026.05.07 10:00;80.190;80.570;80.157;80.302;50.98;41.63;5.88;92.17;93.19;3.615;STRONG_UP;2;83;3;1
2026.05.07 09:00;79.590;80.283;79.405;80.199;47.24;37.34;6.79;94.58;91.13;3.483;STRONG_UP;2;83.5;3;1
2026.05.07 08:00;79.715;79.861;79.490;79.587;43.86;35.69;7.83;92.83;82.79;2.693;STRONG_UP;2;82.5;3;1
2026.05.07 07:00;78.822;79.760;78.681;79.715;40.76;37.00;9.04;85.99;69.65;2.858;STRONG_UP;2;83.8;3;1
2026.05.07 06:00;77.717;78.971;77.713;78.845;37.68;31.44;10.43;69.54;60.00;1.735;SOFT_UP;1;81.3;3;0
2026.05.07 05:00;77.681;77.977;77.549;77.716;35.76;24.12;12.03;53.41;58.89;0.279;NEUTRE;0;51.5;2;0
2026.05.07 04:00;77.571;77.701;77.461;77.681;36.12;17.91;13.88;57.04;62.19;0.234;NEUTRE;0;52.8;2;0
2026.05.07 03:00;77.855;77.949;77.562;77.573;39.73;20.66;9.54;66.22;63.87;0.094;NEUTRE;0;35.2;1;0
2026.05.07 02:00;78.037;78.260;77.529;77.857;40.17;23.84;11.01;63.32;60.42;0.461;NEUTRE;0;79.1;3;0
2026.05.07 01:00;77.144;78.259;76.965;78.037;40.69;27.49;12.70;62.08;63.38;0.693;NEUTRE;0;;;0
2026.05.07 00:00;77.500;77.563;77.047;77.139;41.29;23.44;14.66;55.87;68.88;-0.466;NEUTRE;0;;;0
2026.05.06 23:00;77.389;77.716;77.347;77.498;44.09;27.05;7.97;72.19;70.55;4.951;EXPLOSIVE_UP;3;78.4;3;0
2026.05.06 22:00;77.259;77.595;77.259;77.387;42.49;26.16;9.19;78.59;64.48;4.801;EXPLOSIVE_UP;3;78.5;3;0
2026.05.06 20:00;77.445;77.581;77.242;77.324;41.65;29.55;10.61;60.86;54.18;4.715;EXPLOSIVE_UP;3;79.3;3;0
2026.05.06 19:00;77.030;77.516;77.028;77.438;40.80;31.15;12.24;53.99;52.76;4.870;EXPLOSIVE_UP;3;80.2;3;1
2026.05.06 18:00;77.089;77.281;77.016;77.030;40.37;28.53;14.12;47.68;57.10;4.317;STRONG_UP;2;79.5;3;1
2026.05.06 17:00;76.821;77.108;76.710;77.089;41.39;22.87;16.30;56.62;66.01;4.397;STRONG_UP;2;80.3;3;1
2026.05.06 16:00;76.975;77.218;76.737;76.822;45.17;26.39;17.76;67.02;71.17;4.036;STRONG_UP;2;80;3;1
2026.05.06 15:00;77.445;77.523;76.990;76.998;49.11;30.45;12.40;74.40;69.62;4.274;STRONG_UP;2;81.1;3;1
2026.05.06 14:00;77.298;77.757;76.988;77.445;50.19;35.14;14.31;72.10;67.13;4.879;EXPLOSIVE_UP;3;82.7;3;1
2026.05.06 13:00;76.861;77.423;76.400;77.296;51.43;33.86;16.51;62.36;69.73;4.678;EXPLOSIVE_UP;3;83;3;1
2026.05.06 12:00;76.840;76.896;75.708;76.867;54.04;31.15;19.05;66.93;79.19;4.097;STRONG_UP;2;82.6;3;1
2026.05.06 11:00;77.543;77.765;76.766;76.824;58.65;35.94;8.28;79.89;88.04;4.038;STRONG_UP;2;83.1;3;1
2026.05.06 10:00;77.194;77.781;77.137;77.545;58.05;41.47;3.84;90.75;91.96;5.015;EXPLOSIVE_UP;3;84.9;3;1
2026.05.06 09:00;76.902;77.232;76.580;77.193;54.20;34.73;4.43;93.47;93.86;4.538;EXPLOSIVE_UP;3;85;3;1
2026.05.06 08:00;76.284;77.153;75.949;76.895;50.64;38.21;5.11;91.68;94.00;4.135;STRONG_UP;2;85.1;3;1
2026.05.06 07:00;75.878;76.306;75.668;76.296;46.67;33.27;5.90;96.43;94.48;3.323;STRONG_UP;2;84.7;3;1
2026.05.06 06:00;75.883;75.942;75.596;75.859;43.10;29.61;6.81;93.89;93.64;2.732;STRONG_UP;2;84.4;3;0
2026.05.06 05:00;75.619;75.940;75.404;75.883;40.10;34.07;7.85;93.11;93.32;2.764;STRONG_UP;2;85.4;3;0
2026.05.06 04:00;75.491;75.805;75.475;75.621;36.64;35.44;9.06;93.93;93.75;2.409;STRONG_UP;2;85.8;3;0
2026.05.06 03:00;75.232;75.699;75.184;75.491;33.16;35.95;10.45;92.94;92.57;2.233;STRONG_UP;2;86.6;3;0
2026.05.06 02:00;74.787;75.304;74.595;75.240;29.81;29.68;12.06;94.39;90.51;1.893;SOFT_UP;1;87.3;3;0
2026.05.06 01:00;74.447;75.064;74.209;74.788;27.90;29.04;13.92;90.39;79.32;1.281;SOFT_UP;1;;;0
2026.05.06 00:00;73.842;74.503;73.578;74.443;26.78;23.41;16.06;86.75;58.24;0.814;NEUTRE;0;;;0
2026.05.05 23:00;73.232;74.078;73.142;73.847;28.03;19.95;18.53;60.83;31.87;1.684;SOFT_UP;1;58.8;2;0
2026.05.05 22:00;72.761;73.516;72.581;73.230;31.78;13.78;21.38;27.15;15.66;0.834;NEUTRE;0;40.5;1;0
2026.05.05 20:00;72.823;72.970;72.700;72.746;33.34;6.91;24.67;7.65;12.21;0.168;NEUTRE;0;10.7;0;0
2026.05.05 19:00;72.939;72.977;72.762;72.816;29.82;7.98;24.93;12.17;16.59;0.264;NEUTRE;0;17.4;0;1
2026.05.05 18:00;73.066;73.241;72.919;72.945;26.48;9.20;17.53;16.81;22.77;0.442;NEUTRE;0;29;1;1
2026.05.05 17:00;73.096;73.295;72.981;73.066;25.76;10.62;17.27;20.78;31.03;0.609;NEUTRE;0;38.9;1;1
2026.05.05 16:00;73.463;73.492;72.817;73.089;26.06;12.25;19.93;30.71;38.25;0.640;NEUTRE;0;42;1;1
2026.05.05 15:00;73.711;73.794;73.405;73.463;26.40;14.14;9.59;41.60;44.89;1.155;SOFT_UP;1;60;2;1
2026.05.05 14:00;73.756;73.975;73.227;73.712;27.51;16.31;11.07;42.42;50.44;1.498;SOFT_UP;1;67.5;3;1
2026.05.05 13:00;73.415;74.168;73.371;73.684;28.80;18.82;9.81;50.65;63.03;1.460;SOFT_UP;1;68.4;3;1
2026.05.05 12:00;73.701;73.997;73.329;73.417;28.38;18.42;11.31;58.24;74.19;1.092;SOFT_UP;1;64;2;1
2026.05.05 11:00;73.397;73.759;73.233;73.693;29.07;15.77;13.06;80.20;82.50;1.472;SOFT_UP;1;71.7;3;1
2026.05.05 10:00;73.719;73.741;73.355;73.393;32.10;18.19;11.50;84.14;80.90;1.059;SOFT_UP;1;67.3;3;1
2026.05.05 09:00;73.705;73.803;73.517;73.717;33.57;20.99;6.81;83.16;74.52;1.505;SOFT_UP;1;75.1;3;1
2026.05.05 08:00;73.309;73.765;73.280;73.701;30.88;22.18;7.86;75.40;66.43;1.483;SOFT_UP;1;76.5;3;1
2026.05.05 07:00;73.139;73.738;73.123;73.304;28.29;24.73;9.06;65.02;57.05;0.936;NEUTRE;0;71.6;3;1
2026.05.05 06:00;73.109;73.389;72.613;73.136;25.51;19.81;10.46;58.86;52.90;0.705;NEUTRE;0;69.3;3;0
2026.05.05 05:00;72.741;73.343;72.650;73.105;24.69;21.94;12.07;47.28;54.14;0.662;NEUTRE;0;71.5;3;0
2026.05.05 04:00;72.668;72.861;72.667;72.747;24.02;14.62;13.92;52.56;62.20;0.169;NEUTRE;0;43.6;1;0
2026.05.05 03:00;73.069;73.153;72.620;72.668;27.34;16.87;16.07;62.59;61.51;0.061;NEUTRE;0;24.6;0;0
2026.05.05 02:00;72.865;73.224;72.770;73.070;31.17;19.46;14.21;71.44;50.56;0.614;NEUTRE;0;81.8;3;0
2026.05.05 01:00;72.756;72.994;72.600;72.854;33.56;14.66;16.39;50.51;33.75;0.317;NEUTRE;0;;;0
2026.05.05 00:00;72.624;72.852;72.390;72.757;37.87;11.38;18.92;29.74;24.36;0.183;NEUTRE;0;;;0
2026.05.04 23:00;72.613;72.696;72.517;72.595;39.86;7.93;21.83;20.99;20.39;-4.070;STRONG_DOWN;-2;-75.9;-3;0
2026.05.04 22:00;72.731;72.845;72.556;72.612;38.81;9.15;21.83;22.36;18.44;-4.048;STRONG_DOWN;-2;-76.4;-3;0
2026.05.04 20:00;72.834;72.834;72.628;72.699;38.49;10.56;21.36;17.82;14.65;-3.933;STRONG_DOWN;-2;-77.3;-3;0
2026.05.04 19:00;72.719;73.067;72.639;72.837;39.20;12.18;23.83;15.15;12.88;-3.750;STRONG_DOWN;-2;-77.3;-3;1
2026.05.04 18:00;72.853;72.974;72.485;72.718;40.26;10.71;27.50;10.97;18.67;-3.907;STRONG_DOWN;-2;-78.4;-3;1
2026.05.04 17:00;72.730;73.257;72.730;72.846;39.69;12.36;24.02;12.53;32.68;-3.738;STRONG_DOWN;-2;-78.6;-3;1
2026.05.04 16:00;72.870;73.280;72.559;72.727;40.87;14.26;27.72;32.52;51.04;-3.896;STRONG_DOWN;-2;-79.7;-3;1
2026.05.04 15:00;73.844;74.017;72.556;72.879;42.23;16.46;31.98;52.99;59.64;-3.695;STRONG_DOWN;-2;-79.8;-3;1
2026.05.04 14:00;73.861;74.642;73.576;73.842;43.80;18.99;26.16;67.60;57.41;-2.422;STRONG_DOWN;-2;-75.6;-3;1
2026.05.04 13:00;73.682;74.031;73.226;73.861;48.09;13.10;30.19;58.34;46.05;-2.397;STRONG_DOWN;-2;-76.5;-3;1
2026.05.04 12:00;73.374;74.241;73.318;73.709;49.41;15.11;33.07;46.29;34.77;-2.598;STRONG_DOWN;-2;-78.4;-3;1
2026.05.04 11:00;73.350;73.617;72.968;73.347;51.28;7.03;38.16;33.52;22.27;-3.076;STRONG_DOWN;-2;-81;-3;1
2026.05.04 10:00;74.282;74.308;72.178;73.310;48.57;8.12;44.03;24.48;14.00;-3.125;STRONG_DOWN;-2;-81.9;-3;1
2026.05.04 09:00;74.348;74.554;74.268;74.283;45.45;9.36;35.71;8.81;9.73;-1.839;SOFT_DOWN;-1;-77.7;-3;1
2026.05.04 08:00;74.429;74.450;74.130;74.354;43.45;5.21;41.20;8.70;15.84;-1.746;SOFT_DOWN;-1;-78.5;-3;1
2026.05.04 07:00;74.879;74.939;74.411;74.423;38.20;6.01;34.03;11.69;30.18;-1.654;SOFT_DOWN;-1;-79.4;-3;1
2026.05.04 06:00;75.266;75.319;74.752;74.868;33.32;6.94;29.33;27.13;46.60;-1.066;SOFT_DOWN;-1;-76;-3;0
2026.05.04 05:00;75.355;75.548;75.060;75.254;28.94;8.00;25.49;51.72;60.66;-0.556;NEUTRE;0;-68.2;-3;0
2026.05.04 04:00;75.720;75.735;75.345;75.356;25.37;9.24;20.43;60.96;64.64;-0.422;NEUTRE;0;-67.2;-3;0
2026.05.04 03:00;75.591;75.801;75.468;75.720;23.46;10.66;18.72;69.30;66.07;0.059;NEUTRE;0;23.9;0;0
2026.05.04 02:00;75.698;75.804;75.120;75.591;22.85;12.30;21.60;63.66;63.86;-0.111;NEUTRE;0;-51.4;-2;0
2026.05.04 01:00;75.586;75.748;75.003;75.698;22.15;12.93;24.92;65.26;58.12;0.030;NEUTRE;0;;;0
2026.05.04 00:00;75.675;75.792;75.278;75.586;20.68;14.92;23.07;62.66;46.58;-0.118;NEUTRE;0;;;0
2026.05.03 23:00;75.759;75.955;75.581;75.672;20.56;17.21;17.56;46.44;32.70;0.217;NEUTRE;0;12;0;0
2026.05.03 22:00;75.508;75.970;75.056;75.761;23.57;19.86;20.26;30.65;32.36;0.335;NEUTRE;0;18.9;0;0
2026.05.01 20:00;75.431;75.475;75.265;75.338;27.04;14.58;23.37;21.01;42.21;1.364;SOFT_UP;1;56.9;2;0
2026.05.01 19:00;75.773;75.875;75.349;75.429;27.64;16.83;20.81;45.42;59.16;1.487;SOFT_UP;1;60.4;2;1
2026.05.01 18:00;75.975;75.996;75.603;75.772;30.26;19.42;16.59;60.18;68.09;1.948;SOFT_UP;1;67.7;3;1
2026.05.01 17:00;76.005;76.156;75.813;75.976;33.71;22.40;10.92;71.88;74.68;2.223;STRONG_UP;2;71.3;3;1
2026.05.01 16:00;76.075;76.227;75.630;75.995;33.59;25.85;12.60;72.19;75.69;2.248;STRONG_UP;2;72.5;3;1
2026.05.01 15:00;75.739;76.326;75.243;76.085;33.46;29.83;14.54;79.95;78.91;2.369;STRONG_UP;2;74.3;3;1
2026.05.01 14:00;76.238;76.948;75.628;75.713;33.30;34.42;11.30;74.94;71.76;1.869;SOFT_UP;1;71.6;3;1
2026.05.01 13:00;74.172;76.362;74.157;76.238;30.65;32.88;13.04;81.85;61.42;2.575;STRONG_UP;2;77.4;3;1
2026.05.01 12:00;73.679;75.216;73.656;74.192;28.72;29.95;15.05;58.48;39.88;-0.178;NEUTRE;0;-18.5;0;1
2026.05.01 11:00;73.271;73.691;73.116;73.679;28.05;19.51;17.36;43.94;23.32;-0.868;NEUTRE;0;-60.6;-2;1
2026.05.01 10:00;73.109;73.363;73.100;73.271;31.46;13.74;20.04;17.21;11.13;-1.417;SOFT_DOWN;-1;-72.6;-3;1
2026.05.01 09:00;73.113;73.292;72.959;73.109;33.44;11.70;23.12;8.81;7.76;-1.635;SOFT_DOWN;-1;-76.3;-3;1
2026.05.01 08:00;73.133;73.276;73.000;73.104;33.54;13.50;24.78;7.38;7.79;-1.641;SOFT_DOWN;-1;-77.8;-3;1
2026.05.01 07:00;73.425;73.641;73.051;73.133;34.16;15.58;25.75;7.09;11.48;-1.602;SOFT_DOWN;-1;-79;-3;1
2026.05.01 06:00;73.782;73.843;73.323;73.431;35.63;17.97;22.62;8.90;19.16;-1.201;SOFT_DOWN;-1;-77.5;-3;0
2026.05.01 05:00;73.826;74.033;73.724;73.782;39.35;20.74;14.24;18.46;32.88;-0.729;NEUTRE;0;-73.1;-3;0
2026.05.01 04:00;74.277;74.330;73.732;73.826;42.54;23.93;16.03;30.12;44.97;-0.670;NEUTRE;0;-75.2;-3;0
2026.05.01 03:00;74.149;74.462;74.086;74.277;46.05;27.61;9.39;50.07;57.45;-0.063;NEUTRE;0;-25.3;-1;0
2026.05.01 02:00;74.156;74.567;74.039;74.150;45.55;31.86;10.83;54.72;66.47;-0.234;NEUTRE;0;-69.2;-3;0
2026.05.01 01:00;74.137;74.195;74.018;74.158;44.98;25.92;12.50;67.55;77.04;-0.223;NEUTRE;0;;;0
2026.05.01 00:00;74.324;74.552;74.127;74.136;46.53;29.91;4.95;77.12;82.76;-0.253;NEUTRE;0;;;0
2026.04.30 23:00;74.135;74.490;74.068;74.322;42.67;32.27;5.71;86.45;85.14;3.492;STRONG_UP;2;73.7;3;0
2026.04.30 22:00;73.998;74.241;73.879;74.135;38.47;28.15;6.58;84.70;84.51;3.232;STRONG_UP;2;73.2;3;0
2026.04.30 20:00;73.630;73.766;73.584;73.720;34.83;18.46;7.60;84.27;81.07;2.654;STRONG_UP;2;71.5;3;0
2026.04.30 19:00;73.701;73.812;73.498;73.631;33.78;21.30;8.77;84.56;71.13;2.530;STRONG_UP;2;71.6;3;1
2026.04.30 18:00;73.633;73.828;73.526;73.701;32.56;24.57;8.74;74.37;55.02;2.628;STRONG_UP;2;73.1;3;1
2026.04.30 17:00;73.277;73.747;73.271;73.633;30.26;24.23;10.09;54.46;38.36;2.533;STRONG_UP;2;73.4;3;1
2026.04.30 16:00;73.144;73.373;72.970;73.277;28.58;15.87;11.64;36.24;30.44;2.037;SOFT_UP;1;70.8;3;1
2026.04.30 15:00;73.129;73.399;72.973;73.140;30.61;18.31;13.31;24.38;33.68;1.846;SOFT_UP;1;70.2;3;1
2026.04.30 14:00;72.934;73.391;72.798;73.130;32.88;20.84;15.36;30.71;51.26;1.833;SOFT_UP;1;71.3;3;1
2026.04.30 13:00;73.523;73.740;72.811;72.931;35.62;24.04;17.39;45.94;69.78;1.555;SOFT_UP;1;69.6;3;1
2026.04.30 12:00;73.539;73.800;73.344;73.502;38.63;27.74;11.24;77.13;84.08;2.351;STRONG_UP;2;77.2;3;1
2026.04.30 11:00;73.676;73.888;73.460;73.539;38.05;32.01;9.05;86.28;87.68;2.402;STRONG_UP;2;78.5;3;1
2026.04.30 10:00;73.425;73.788;73.421;73.673;35.31;33.34;10.45;88.83;88.75;2.589;STRONG_UP;2;80.3;3;1
2026.04.30 09:00;73.295;73.637;73.122;73.428;32.69;32.14;12.05;87.93;85.06;2.247;STRONG_UP;2;79.9;3;1
2026.04.30 08:00;73.084;73.612;73.023;73.293;30.73;36.34;13.91;89.47;71.48;2.059;SOFT_UP;1;80.2;3;1
2026.04.30 07:00;72.954;73.253;72.700;73.084;28.59;32.55;16.05;77.77;50.15;1.768;SOFT_UP;1;80;3;1
2026.04.30 06:00;72.170;72.990;72.125;72.937;27.76;30.24;18.52;47.21;35.41;1.564;SOFT_UP;1;80.3;3;0
2026.04.30 05:00;71.584;72.341;71.581;72.172;28.33;23.35;21.36;25.46;41.30;0.499;NEUTRE;0;66;3;0
2026.04.30 04:00;71.993;72.094;71.572;71.572;32.01;22.01;24.65;33.56;58.91;-0.337;NEUTRE;0;-62.2;-2;0
2026.04.30 03:00;72.237;72.418;71.962;71.993;36.06;25.39;16.95;64.89;78.18;0.249;NEUTRE;0;61.9;2;0
2026.04.30 02:00;72.860;72.938;72.122;72.244;38.54;29.30;14.16;78.28;84.30;0.599;NEUTRE;0;81.6;3;0
2026.04.30 01:00;72.063;72.944;72.043;72.858;39.11;33.81;16.34;91.37;82.13;1.454;SOFT_UP;1;;;0
2026.04.30 00:00;71.814;72.289;71.794;72.064;39.77;27.82;18.85;83.24;72.83;0.348;NEUTRE;0;;;0
2026.04.29 23:00;71.557;71.837;71.536;71.813;42.93;18.05;21.75;71.78;63.69;-1.975;SOFT_DOWN;-1;-62.7;-2;0
2026.04.29 22:00;71.283;71.596;71.174;71.561;48.11;8.51;25.10;63.47;55.28;-2.319;STRONG_DOWN;-2;-67.2;-3;0
2026.04.29 20:00;71.669;71.735;71.224;71.292;47.92;9.82;27.14;55.81;42.91;-2.686;STRONG_DOWN;-2;-71.7;-3;0
2026.04.29 19:00;71.480;71.833;71.412;71.668;48.08;11.33;25.65;46.57;29.05;-2.173;SOFT_DOWN;-1;-68.8;-3;1
2026.04.29 18:00;71.474;71.587;70.838;71.470;49.53;4.09;29.60;26.37;19.97;-2.443;STRONG_DOWN;-2;-71.9;-3;1
2026.04.29 17:00;71.471;71.658;71.300;71.479;45.50;4.72;24.66;14.22;17.94;-2.431;STRONG_DOWN;-2;-72.8;-3;1
2026.04.29 16:00;71.496;71.842;71.451;71.470;42.05;5.44;21.96;19.32;19.84;-2.443;STRONG_DOWN;-2;-73.8;-3;1
2026.04.29 15:00;71.823;72.001;71.407;71.497;39.25;6.28;25.34;20.28;17.13;-2.406;STRONG_DOWN;-2;-74.5;-3;1
2026.04.29 14:00;71.577;72.104;71.505;71.820;36.02;7.25;26.70;19.91;15.80;-1.966;SOFT_DOWN;-1;-72.5;-3;1
2026.04.29 13:00;72.027;72.419;71.279;71.578;32.74;8.36;30.81;11.21;14.32;-2.296;STRONG_DOWN;-2;-75.9;-3;1
2026.04.29 12:00;72.501;72.753;71.912;72.020;28.96;9.65;27.01;16.29;17.58;-1.693;SOFT_DOWN;-1;-72.5;-3;1
2026.04.29 11:00;72.925;72.947;72.451;72.501;26.13;11.13;21.31;15.48;16.10;-1.036;SOFT_DOWN;-1;-64.8;-2;1
2026.04.29 10:00;72.587;73.053;72.564;72.918;25.33;12.85;21.08;20.98;16.05;-0.467;NEUTRE;0;-46.5;-2;1
2026.04.29 09:00;72.818;72.940;72.518;72.592;25.49;11.27;24.32;11.85;20.54;-0.912;NEUTRE;0;-66.4;-3;1
2026.04.29 08:00;72.951;73.126;72.477;72.818;23.77;13.00;28.06;15.31;39.44;-0.603;NEUTRE;0;-59.5;-2;1
2026.04.29 07:00;73.399;73.541;72.932;72.938;21.79;15.00;21.59;34.45;61.27;-0.440;NEUTRE;0;-54.8;-2;1
2026.04.29 06:00;73.590;73.851;73.302;73.390;22.37;17.31;15.57;68.54;77.25;0.177;NEUTRE;0;33.6;1;0
2026.04.29 05:00;73.806;73.928;73.563;73.597;25.00;19.97;10.65;80.82;77.27;0.460;NEUTRE;0;64.3;2;0
2026.04.29 04:00;73.596;73.866;73.588;73.807;24.16;20.43;12.29;82.39;68.96;0.747;NEUTRE;0;76.6;3;0
2026.04.29 03:00;73.551;73.853;73.519;73.595;24.05;22.86;14.18;68.59;58.28;0.457;NEUTRE;0;73.8;3;0
2026.04.29 02:00;73.260;73.808;73.260;73.551;24.14;24.30;16.36;55.92;50.78;0.397;NEUTRE;0;77.4;3;0
2026.04.29 01:00;73.188;73.433;72.756;73.255;24.85;17.61;18.88;50.33;46.68;-0.007;NEUTRE;0;;;0
2026.04.29 00:00;73.260;73.717;73.098;73.189;28.14;20.32;14.01;46.08;44.85;-0.097;NEUTRE;0;;;0
2026.04.28 23:00;73.133;73.281;73.012;73.249;29.64;12.61;16.17;43.64;49.11;-3.518;STRONG_DOWN;-2;-73.8;-3;0
2026.04.28 22:00;73.054;73.180;72.901;73.128;32.30;8.77;18.65;44.83;58.79;-3.678;STRONG_DOWN;-2;-75.1;-3;0
2026.04.28 20:00;73.123;73.184;72.958;73.036;31.73;10.12;18.38;58.87;68.46;-3.799;STRONG_DOWN;-2;-76.9;-3;0
2026.04.28 19:00;73.133;73.285;73.055;73.124;32.15;11.68;14.61;72.67;73.03;-3.683;STRONG_DOWN;-2;-77.1;-3;1
2026.04.28 18:00;73.236;73.379;73.125;73.132;35.38;13.47;12.17;73.83;70.24;-3.672;STRONG_DOWN;-2;-77.7;-3;1
2026.04.28 17:00;73.185;73.480;72.945;73.231;40.04;15.55;14.04;72.60;65.22;-3.542;STRONG_DOWN;-2;-78;-3;1
2026.04.28 16:00;73.180;73.308;72.894;73.181;45.42;12.99;16.20;64.27;62.48;-3.608;STRONG_DOWN;-2;-78.9;-3;1
2026.04.28 15:00;72.907;73.175;72.557;73.172;50.71;10.05;18.70;58.77;57.87;-3.620;STRONG_DOWN;-2;-79.6;-3;1
2026.04.28 14:00;72.885;72.911;72.198;72.909;53.89;5.02;21.57;64.39;54.90;-3.966;STRONG_DOWN;-2;-81.1;-3;1
2026.04.28 13:00;73.447;73.447;72.354;72.885;52.60;5.80;21.53;50.44;40.79;-3.998;STRONG_DOWN;-2;-81.8;-3;1
2026.04.28 12:00;72.207;73.678;72.062;73.454;51.84;6.69;24.84;49.86;35.45;-3.248;STRONG_DOWN;-2;-80.7;-3;1
2026.04.28 11:00;73.201;73.292;72.006;72.206;50.96;4.04;28.66;22.06;28.16;-4.892;EXPLOSIVE_DOWN;-3;-84.3;-3;1
2026.04.28 10:00;72.931;73.467;72.928;73.200;47.21;4.66;22.04;34.42;30.24;-3.583;STRONG_DOWN;-2;-82.9;-3;1
2026.04.28 09:00;73.530;73.530;72.786;72.925;44.46;5.38;25.43;27.99;24.33;-3.945;STRONG_DOWN;-2;-84.2;-3;1
2026.04.28 08:00;73.334;73.672;72.667;73.530;41.29;6.21;29.34;28.30;19.45;-3.148;STRONG_DOWN;-2;-83.6;-3;1
2026.04.28 07:00;73.201;73.511;73.055;73.331;37.64;7.16;27.91;16.71;15.01;-3.410;STRONG_DOWN;-2;-84.8;-3;1
2026.04.28 06:00;73.414;73.703;72.855;73.211;34.32;8.26;32.21;13.35;14.35;-3.568;STRONG_DOWN;-2;-85.7;-3;0
2026.04.28 05:00;74.427;74.458;73.142;73.419;30.50;9.54;31.96;14.98;13.75;-3.294;STRONG_DOWN;-2;-86.1;-3;0
2026.04.28 04:00;74.616;74.645;74.412;74.424;26.88;11.00;22.03;14.73;12.57;-1.970;SOFT_DOWN;-1;-84.9;-3;0
2026.04.28 03:00;74.331;74.791;74.311;74.615;25.88;12.70;25.41;11.53;19.15;-1.719;SOFT_DOWN;-1;-85.6;-3;0
2026.04.28 02:00;74.617;74.931;74.167;74.331;24.73;14.65;29.32;11.46;41.77;-2.093;SOFT_DOWN;-1;-87.6;-3;0
2026.04.28 01:00;75.663;75.767;74.599;74.617;23.40;16.90;25.14;34.47;67.92;-1.716;SOFT_DOWN;-1;;;0
2026.04.28 00:00;75.920;76.133;75.664;75.664;23.99;19.50;14.98;79.37;84.68;-0.337;NEUTRE;0;;;0
2026.04.27 23:00;75.904;75.957;75.841;75.921;25.66;22.50;11.47;89.91;85.95;1.379;SOFT_UP;1;53.5;2;0
2026.04.27 22:00;75.548;75.939;75.500;75.911;24.61;23.58;13.24;84.75;83.29;1.366;SOFT_UP;1;54.4;2;0
2026.04.27 20:00;75.488;75.537;75.356;75.497;24.08;13.21;15.27;83.20;77.27;0.813;NEUTRE;0;42.5;1;0
2026.04.27 19:00;75.624;75.624;75.383;75.485;26.67;15.25;15.33;81.92;63.91;0.797;NEUTRE;0;43.4;1;1
2026.04.27 18:00;75.310;75.710;75.184;75.626;30.73;17.59;17.69;66.68;45.16;0.985;NEUTRE;0;51;2;1
2026.04.27 17:00;75.140;75.357;74.905;75.311;35.41;9.97;20.41;43.13;32.25;0.565;NEUTRE;0;36.8;1;1
2026.04.27 16:00;74.931;75.236;74.773;75.137;35.58;7.39;23.55;25.67;28.91;0.332;NEUTRE;0;25.1;1;1
2026.04.27 15:00;74.961;75.246;74.625;74.931;33.02;8.53;27.17;27.95;35.74;0.057;NEUTRE;0;4.9;0;1
2026.04.27 14:00;75.479;75.552;74.843;74.951;30.06;9.84;25.95;33.10;44.32;0.084;NEUTRE;0;7.7;0;1
2026.04.27 13:00;75.473;75.564;74.986;75.480;27.76;11.35;26.84;46.17;47.66;0.791;NEUTRE;0;53.9;2;1
2026.04.27 12:00;75.635;75.899;75.182;75.472;25.79;13.10;25.75;53.70;42.29;0.780;NEUTRE;0;55.7;2;1
2026.04.27 11:00;75.880;75.880;75.447;75.635;24.74;15.11;24.03;43.10;29.25;0.997;NEUTRE;0;63.9;2;1
2026.04.27 10:00;75.628;75.902;75.551;75.880;25.04;17.44;24.03;30.07;24.20;1.325;SOFT_UP;1;71.5;3;1
2026.04.27 09:00;75.564;75.689;75.405;75.628;26.45;10.78;27.73;14.58;26.31;0.988;NEUTRE;0;68;3;1
2026.04.27 08:00;75.696;75.758;75.465;75.563;23.75;12.44;28.75;27.96;41.91;0.901;NEUTRE;0;68.5;3;1
2026.04.27 07:00;75.801;75.965;75.688;75.695;21.31;14.36;21.46;36.41;57.33;1.078;SOFT_UP;1;73.9;3;1
2026.04.27 06:00;75.605;75.978;75.585;75.806;21.54;16.57;24.76;61.36;75.11;1.226;SOFT_UP;1;77.7;3;0
2026.04.27 05:00;76.420;76.425;75.569;75.604;21.80;19.11;28.57;74.22;80.90;0.956;NEUTRE;0;76.9;3;0
2026.04.27 04:00;76.340;76.519;76.294;76.419;22.11;22.05;19.94;89.75;77.34;2.044;SOFT_UP;1;85;3;0
2026.04.27 03:00;76.011;76.561;75.911;76.340;24.73;25.45;23.00;78.73;59.38;1.939;SOFT_UP;1;86.1;3;0
2026.04.27 02:00;75.420;76.162;75.030;76.008;27.76;19.92;26.54;63.55;40.72;1.496;SOFT_UP;1;86.6;3;0
2026.04.27 01:00;75.641;76.028;75.283;75.418;29.84;22.98;27.19;35.88;22.20;0.708;NEUTRE;0;;;0
2026.04.27 00:00;74.888;75.658;74.825;75.622;33.14;18.88;31.37;22.75;15.27;0.980;NEUTRE;0;;;0
2026.04.26 23:00;75.092;75.102;74.707;74.868;34.41;11.51;36.19;7.97;21.21;-0.497;NEUTRE;0;-26;-1;0
2026.04.26 22:00;75.242;75.741;74.951;75.094;31.75;13.29;32.26;15.08;41.88;-0.197;NEUTRE;0;-11.4;0;0
2026.04.24 20:00;75.962;75.975;75.635;75.693;30.22;15.33;23.90;40.58;65.43;0.207;NEUTRE;0;13.1;0;0
2026.04.24 19:00;76.435;76.537;75.936;75.965;31.51;17.69;13.96;69.97;81.41;0.567;NEUTRE;0;33.9;1;1
2026.04.24 18:00;76.480;76.535;76.302;76.431;34.54;20.41;6.74;85.74;86.48;1.184;SOFT_UP;1;56;2;1
2026.04.24 17:00;76.366;76.650;76.241;76.480;32.11;23.55;7.77;88.53;84.56;1.248;SOFT_UP;1;58.8;2;1
2026.04.24 16:00;76.320;76.399;76.052;76.363;29.30;17.73;8.97;85.16;78.42;1.094;SOFT_UP;1;57;2;1
2026.04.24 15:00;75.867;76.524;75.598;76.335;28.76;20.46;10.35;80.00;74.46;1.056;SOFT_UP;1;57.8;2;1
2026.04.24 14:00;75.707;76.193;75.585;75.866;28.14;18.11;11.94;70.10;72.33;0.436;NEUTRE;0;35.1;1;1
2026.04.24 13:00;75.554;75.914;75.191;75.743;29.31;13.83;13.78;73.27;73.72;0.273;NEUTRE;0;25.3;1;1
2026.04.24 12:00;75.935;76.191;75.411;75.541;33.78;15.96;11.22;73.63;71.55;0.005;NEUTRE;0;0.5;0;1
2026.04.24 11:00;74.802;76.209;74.784;75.918;36.30;18.42;12.94;74.27;69.61;0.504;NEUTRE;0;45.9;2;1
2026.04.24 10:00;74.651;74.893;74.612;74.792;39.19;7.04;14.93;66.76;62.12;-0.986;NEUTRE;0;-65.8;-3;1
2026.04.24 09:00;74.812;74.953;74.555;74.663;39.70;8.13;17.23;67.80;53.63;-1.157;SOFT_DOWN;-1;-71;-3;1
2026.04.24 08:00;74.880;74.959;74.521;74.807;40.28;9.38;19.88;51.82;39.83;-0.966;NEUTRE;0;-69.8;-3;1
2026.04.24 07:00;74.268;74.906;74.219;74.881;40.96;8.96;22.94;41.27;30.63;-0.868;NEUTRE;0;-70.3;-3;1
2026.04.24 06:00;75.082;75.117;73.926;74.272;40.51;10.33;26.47;26.42;22.49;-1.675;SOFT_DOWN;-1;-81;-3;0
2026.04.24 05:00;74.986;75.191;74.803;75.078;40.00;11.92;19.21;24.19;22.06;-0.608;NEUTRE;0;-70;-3;0
2026.04.24 04:00;74.814;75.043;74.652;74.986;42.55;7.89;22.17;16.86;29.00;-0.729;NEUTRE;0;-76.3;-3;0
2026.04.24 03:00;74.973;75.098;74.665;74.814;41.79;9.10;25.07;25.14;41.96;-0.957;NEUTRE;0;-82.1;-3;0
2026.04.24 02:00;75.584;75.607;74.849;74.971;41.03;10.50;22.38;45.00;49.80;-0.749;NEUTRE;0;-83.2;-3;0
2026.04.24 01:00;75.744;75.891;75.050;75.581;41.79;12.12;21.75;55.75;48.87;0.058;NEUTRE;0;;;0
2026.04.24 00:00;75.537;75.918;75.375;75.744;43.85;13.98;19.15;48.65;45.60;0.274;NEUTRE;0;;;0
2026.04.23 23:00;75.391;75.685;75.214;75.520;48.19;9.54;22.10;42.23;45.36;-2.570;STRONG_DOWN;-2;-68.3;-3;0
2026.04.23 22:00;75.507;75.787;75.301;75.391;49.50;11.00;22.65;45.94;47.27;-2.736;STRONG_DOWN;-2;-70.4;-3;0
2026.04.23 20:00;75.527;75.570;75.204;75.410;51.79;5.83;26.14;47.93;48.42;-2.712;STRONG_DOWN;-2;-71.9;-3;0
2026.04.23 19:00;75.554;75.808;75.367;75.530;49.98;6.72;23.31;47.94;50.42;-2.557;STRONG_DOWN;-2;-71.8;-3;1
2026.04.23 18:00;75.625;76.110;75.499;75.553;49.17;7.76;22.29;49.40;56.06;-2.527;STRONG_DOWN;-2;-72.5;-3;1
2026.04.23 17:00;76.318;76.373;74.593;75.623;49.29;8.95;25.72;53.94;61.22;-2.437;STRONG_DOWN;-2;-72.8;-3;1
2026.04.23 16:00;76.010;76.480;75.903;76.317;49.43;10.33;18.35;64.84;68.29;-1.542;SOFT_DOWN;-1;-65.3;-3;1
2026.04.23 15:00;76.231;76.481;75.784;76.014;52.73;11.91;21.18;64.89;70.70;-1.933;SOFT_DOWN;-1;-71;-3;1
2026.04.23 14:00;75.875;76.387;75.475;76.229;56.54;11.67;24.43;75.13;69.06;-1.655;SOFT_DOWN;-1;-69.4;-3;1
2026.04.23 13:00;76.820;76.923;75.732;75.876;59.80;13.47;23.86;72.07;55.72;-2.111;SOFT_DOWN;-1;-74.7;-3;1
2026.04.23 12:00;75.504;76.990;75.487;76.789;64.72;15.54;27.53;60.00;37.85;-0.933;NEUTRE;0;-60.3;-2;1
2026.04.23 11:00;74.561;75.598;74.433;75.504;70.39;3.68;31.76;35.10;30.17;-2.591;STRONG_DOWN;-2;-79.3;-3;1
2026.04.23 10:00;75.343;75.430;74.208;74.556;69.03;2.03;36.65;18.47;32.85;-3.814;STRONG_DOWN;-2;-83.4;-3;1
2026.04.23 09:00;75.599;75.608;75.059;75.359;65.88;2.34;31.57;36.95;39.27;-2.778;STRONG_DOWN;-2;-81.8;-3;1
2026.04.23 08:00;76.190;76.279;75.458;75.602;62.76;2.70;25.25;43.14;35.73;-2.464;STRONG_DOWN;-2;-81.8;-3;1
2026.04.23 07:00;76.111;76.338;75.736;76.190;60.01;3.12;23.93;37.72;28.42;-1.706;SOFT_DOWN;-1;-79.7;-3;1
2026.04.23 06:00;76.232;76.291;75.799;76.114;57.40;3.60;26.00;26.34;20.30;-1.804;SOFT_DOWN;-1;-81.6;-3;0
2026.04.23 05:00;76.215;76.310;75.542;76.225;54.59;4.15;30.00;21.19;16.72;-1.660;SOFT_DOWN;-1;-82.4;-3;0
2026.04.23 04:00;76.110;76.286;75.979;76.215;51.34;4.79;25.86;13.35;22.17;-1.673;SOFT_DOWN;-1;-83.9;-3;0
2026.04.23 03:00;75.780;76.242;75.638;76.110;48.67;3.32;29.83;15.63;36.47;-1.809;SOFT_DOWN;-1;-85.8;-3;0
2026.04.23 02:00;77.007;77.028;75.761;75.779;43.85;3.83;31.29;37.53;51.83;-2.236;STRONG_DOWN;-2;-87.7;-3;0
2026.04.23 01:00;78.146;78.305;76.964;77.007;38.57;4.42;21.50;56.24;45.32;-0.652;NEUTRE;0;;;0
2026.04.23 00:00;77.512;78.343;76.361;78.154;34.37;5.10;24.80;61.72;33.80;0.828;NEUTRE;0;;;0
2026.04.22 23:00;77.476;77.574;77.393;77.509;29.53;5.89;20.61;18.00;24.22;0.302;NEUTRE;0;16.5;0;0
2026.04.22 22:00;77.706;77.734;77.457;77.476;25.53;6.80;18.34;21.69;31.22;0.259;NEUTRE;0;14.9;0;0
2026.04.22 20:00;77.750;77.792;77.545;77.701;22.39;7.84;16.28;32.96;35.54;0.550;NEUTRE;0;31.8;1;0
2026.04.22 19:00;77.857;77.858;77.627;77.746;20.45;9.05;13.67;39.00;37.16;0.608;NEUTRE;0;35.8;1;1
2026.04.22 18:00;77.857;77.972;77.665;77.853;20.47;10.44;13.24;34.67;35.78;0.747;NEUTRE;0;43.1;1;1
2026.04.22 17:00;77.620;78.020;77.610;77.856;21.79;12.05;15.28;37.80;42.28;0.751;NEUTRE;0;44.9;1;1
2026.04.22 16:00;77.820;77.955;77.585;77.621;23.32;11.46;17.63;34.87;45.26;0.446;NEUTRE;0;32.1;1;1
2026.04.22 15:00;77.771;78.096;77.679;77.822;23.65;13.22;16.44;54.18;48.73;0.707;NEUTRE;0;46.7;2;1
2026.04.22 14:00;78.118;78.374;77.665;77.770;25.62;15.26;18.97;46.74;40.40;0.639;NEUTRE;0;45.8;2;1
2026.04.22 13:00;77.656;78.256;77.397;78.123;27.89;15.04;21.88;45.28;33.85;1.096;SOFT_UP;1;62.2;2;1
2026.04.22 12:00;77.985;78.229;77.537;77.649;29.33;17.36;22.74;29.17;27.39;0.483;NEUTRE;0;42.2;1;1
2026.04.22 11:00;78.001;78.167;77.914;77.981;31.78;20.03;17.86;27.11;28.54;0.912;NEUTRE;0;61.8;2;1
2026.04.22 10:00;77.897;78.062;77.664;78.002;35.79;16.72;20.61;25.89;40.31;0.939;NEUTRE;0;64.7;2;1
2026.04.22 09:00;78.084;78.236;77.815;77.896;39.69;19.30;17.94;32.61;58.30;0.802;NEUTRE;0;63.5;2;1
2026.04.22 08:00;78.267;78.292;77.924;78.091;45.24;22.27;16.72;62.45;75.36;1.055;SOFT_UP;1;71.4;3;1
2026.04.22 07:00;78.553;78.601;78.254;78.268;50.01;25.69;5.49;79.86;82.19;1.284;SOFT_UP;1;76.4;3;1
2026.04.22 06:00;78.483;78.585;78.255;78.550;47.74;28.93;6.34;83.79;83.92;1.649;SOFT_UP;1;80.8;3;0
2026.04.22 05:00;78.003;78.656;77.938;78.482;45.22;33.39;7.31;82.92;85.57;1.561;SOFT_UP;1;81.9;3;0
2026.04.22 04:00;78.067;78.120;77.838;78.002;42.33;27.04;8.44;85.04;87.85;0.939;NEUTRE;0;79.3;3;0
2026.04.22 03:00;77.848;78.279;77.773;78.068;40.77;31.20;9.74;88.74;89.90;1.025;SOFT_UP;1;82.6;3;0
2026.04.22 02:00;77.584;77.947;77.537;77.848;38.98;25.90;11.24;89.78;90.11;0.740;NEUTRE;0;83.2;3;0
2026.04.22 01:00;77.424;77.883;77.342;77.583;38.91;27.48;12.96;91.18;87.50;0.397;NEUTRE;0;;;0
2026.04.22 00:00;77.276;77.659;77.276;77.431;39.37;25.34;14.96;89.39;74.29;0.201;NEUTRE;0;;;0
2026.04.21 23:00;76.749;77.353;76.719;77.286;41.46;16.95;17.26;81.93;55.19;-3.183;STRONG_DOWN;-2;-72.2;-3;0
2026.04.21 22:00;77.004;77.018;76.587;76.749;47.70;11.43;19.92;51.54;34.07;-3.856;STRONG_DOWN;-2;-75.8;-3;0
2026.04.21 20:00;75.664;76.740;75.384;76.655;50.87;3.26;22.98;32.10;22.00;-3.974;STRONG_DOWN;-2;-77.4;-3;0
2026.04.21 19:00;76.777;77.085;75.485;75.658;47.14;3.77;25.37;18.57;15.19;-5.223;EXPLOSIVE_DOWN;-3;-80.8;-3;1
2026.04.21 18:00;76.721;76.889;76.370;76.774;42.99;4.35;20.76;15.33;11.17;-3.825;STRONG_DOWN;-2;-78.2;-3;1
2026.04.21 17:00;76.323;76.927;76.139;76.722;39.54;5.01;23.96;11.67;11.68;-3.890;STRONG_DOWN;-2;-79;-3;1
2026.04.21 16:00;76.975;77.253;76.215;76.319;35.57;5.79;26.16;6.52;15.96;-4.395;STRONG_DOWN;-2;-80.8;-3;1
2026.04.21 15:00;76.853;77.365;76.655;76.961;31.22;6.68;23.66;16.84;33.39;-3.590;STRONG_DOWN;-2;-79.5;-3;1
2026.04.21 14:00;78.732;78.867;76.737;76.859;27.41;7.70;25.53;24.53;48.24;-3.718;STRONG_DOWN;-2;-80.5;-3;1
2026.04.21 13:00;78.737;79.023;78.098;78.732;23.38;8.89;19.62;58.81;61.80;-1.372;SOFT_DOWN;-1;-67.2;-3;1
2026.04.21 12:00;79.168;79.229;78.365;78.737;21.18;10.26;18.20;61.38;59.02;-1.365;SOFT_DOWN;-1;-68.7;-3;1
2026.04.21 11:00;78.971;79.266;78.551;79.168;20.15;11.83;17.69;65.21;54.60;-0.826;NEUTRE;0;-59.4;-2;1
2026.04.21 10:00;78.921;79.023;78.827;78.970;20.20;13.65;14.47;50.47;47.21;-1.074;SOFT_DOWN;-1;-67.6;-3;1
2026.04.21 09:00;78.808;78.978;78.587;78.909;22.85;12.22;16.70;48.12;41.95;-1.150;SOFT_DOWN;-1;-70.8;-3;1
2026.04.21 08:00;78.955;79.034;78.469;78.810;23.99;14.10;19.27;43.05;34.66;-1.274;SOFT_DOWN;-1;-74.4;-3;1
2026.04.21 07:00;78.873;79.299;78.579;78.956;25.30;16.27;19.24;34.69;28.17;-1.091;SOFT_DOWN;-1;-74.1;-3;1
2026.04.21 06:00;78.832;79.047;78.636;78.879;27.90;13.39;22.20;26.24;24.03;-1.188;SOFT_DOWN;-1;-77.4;-3;0
2026.04.21 05:00;78.880;79.324;78.826;78.846;28.39;15.45;18.50;23.59;22.66;-1.229;SOFT_DOWN;-1;-79.8;-3;0
2026.04.21 04:00;78.931;78.993;78.790;78.879;31.38;7.60;21.35;22.26;24.61;-1.188;SOFT_DOWN;-1;-81.5;-3;0
2026.04.21 03:00;79.241;79.249;78.534;78.930;28.90;8.77;24.63;22.13;31.06;-1.124;SOFT_DOWN;-1;-83.2;-3;0
2026.04.21 02:00;79.404;79.463;79.038;79.237;26.04;10.12;17.58;29.43;44.94;-0.739;NEUTRE;0;-83.2;-3;0
2026.04.21 01:00;79.869;79.925;79.173;79.405;25.91;11.68;15.39;41.62;53.72;-0.529;NEUTRE;0;;;0
2026.04.21 00:00;79.827;80.033;79.458;79.878;27.78;13.48;11.93;63.77;57.84;0.064;NEUTRE;0;;;0
2026.04.20 23:00;80.056;80.108;79.792;79.836;31.12;15.55;4.83;55.79;51.24;1.117;SOFT_UP;1;47.6;2;0
2026.04.20 22:00;79.531;80.187;79.460;80.056;27.82;17.94;5.57;53.95;46.59;1.396;SOFT_UP;1;55;2;0
2026.04.20 20:00;79.721;79.775;79.610;79.700;24.00;11.98;6.43;43.99;43.23;0.945;NEUTRE;0;46.8;2;0
2026.04.20 19:00;79.845;80.039;79.583;79.719;23.06;13.83;7.42;41.82;43.84;0.969;NEUTRE;0;49;2;1
2026.04.20 18:00;79.632;79.981;79.632;79.847;21.96;14.00;8.56;43.88;46.70;1.131;SOFT_UP;1;54.8;2;1
2026.04.20 17:00;79.881;80.081;79.584;79.634;21.63;16.15;9.88;45.81;52.99;0.861;NEUTRE;0;48.8;2;1
2026.04.20 16:00;79.801;79.935;79.624;79.868;21.25;14.12;11.40;50.42;59.42;1.158;SOFT_UP;1;58.5;2;1
2026.04.20 15:00;79.671;79.902;79.408;79.800;22.88;14.65;13.15;62.73;67.98;1.072;SOFT_UP;1;58.2;2;1
2026.04.20 14:00;80.249;80.325;79.316;79.663;25.57;16.91;15.17;65.11;63.46;0.898;NEUTRE;0;55.3;2;1
2026.04.20 13:00;79.578;80.408;79.532;80.237;28.67;19.51;14.21;76.10;52.62;1.625;SOFT_UP;1;70.5;3;1
2026.04.20 12:00;79.779;79.916;79.396;79.577;30.67;13.87;16.40;49.16;32.54;0.789;NEUTRE;0;56;2;1
2026.04.20 11:00;79.237;79.819;79.045;79.776;34.10;13.14;18.92;32.59;21.85;1.041;SOFT_UP;1;64.9;2;1
2026.04.20 10:00;79.217;79.658;79.205;79.237;36.57;11.96;21.83;15.88;20.23;0.358;NEUTRE;0;38.9;1;1
2026.04.20 09:00;79.428;79.547;79.146;79.228;37.70;10.03;25.19;17.09;24.00;0.347;NEUTRE;0;41;1;1
2026.04.20 08:00;79.382;79.467;79.189;79.439;36.87;8.50;29.07;27.71;32.63;0.614;NEUTRE;0;60;2;1
2026.04.20 07:00;79.786;80.037;79.233;79.382;34.12;9.81;31.10;27.21;40.83;0.542;NEUTRE;0;60.2;2;1
2026.04.20 06:00;79.634;79.855;79.477;79.770;31.36;11.31;31.22;42.96;54.19;1.034;SOFT_UP;1;75.6;3;0
2026.04.20 05:00;79.799;79.880;79.258;79.630;28.98;13.06;36.02;52.30;63.52;0.856;NEUTRE;0;75.5;3;0
2026.04.20 04:00;79.928;80.071;79.642;79.799;26.24;15.06;32.07;67.31;66.61;1.070;SOFT_UP;1;80.6;3;0
2026.04.20 03:00;80.240;80.274;79.925;79.928;24.73;17.38;26.85;70.95;56.79;1.234;SOFT_UP;1;83.8;3;0
2026.04.20 02:00;80.519;80.623;80.103;80.238;25.24;20.06;23.14;61.58;40.88;1.626;SOFT_UP;1;86.9;3;0
2026.04.20 01:00;79.829;80.648;79.707;80.519;28.03;23.14;26.70;37.84;24.57;1.982;SOFT_UP;1;;;0
2026.04.20 00:00;78.954;79.868;78.634;79.824;31.24;13.95;30.80;23.21;16.69;1.102;SOFT_UP;1;;;0
2026.04.19 23:00;79.548;79.615;78.628;78.948;30.25;12.94;35.54;12.65;11.46;-1.044;SOFT_DOWN;-1;-45.6;-2;0
2026.04.19 22:00;79.781;79.791;78.792;79.548;27.74;14.93;38.46;14.20;13.95;-0.292;NEUTRE;0;-16.7;0;0
2026.04.17 20:00;81.320;81.355;80.787;80.802;25.22;17.23;29.10;7.52;25.57;2.704;STRONG_UP;2;71.8;3;0
2026.04.17 19:00;81.488;81.508;81.086;81.311;25.16;19.88;25.48;20.14;46.26;3.350;STRONG_UP;2;75.9;3;1
2026.04.17 18:00;81.775;82.025;81.414;81.487;27.13;22.94;17.44;49.05;67.13;3.574;STRONG_UP;2;77.4;3;1
2026.04.17 17:00;82.190;82.305;81.337;81.778;29.21;26.47;20.13;69.58;80.53;3.944;STRONG_UP;2;79.2;3;1
2026.04.17 16:00;82.245;82.499;82.107;82.190;31.61;30.54;10.98;82.75;89.06;4.468;EXPLOSIVE_UP;3;81;3;1
2026.04.17 15:00;82.679;82.874;81.999;82.249;29.23;35.24;12.67;89.25;93.46;4.543;EXPLOSIVE_UP;3;81.7;3;1
2026.04.17 14:00;82.355;83.022;81.964;82.667;26.49;40.66;14.62;95.17;92.50;5.074;EXPLOSIVE_UP;3;83;3;1
2026.04.17 13:00;81.542;82.411;81.058;82.327;23.32;38.03;16.87;95.97;86.39;4.642;EXPLOSIVE_UP;3;82.9;3;1
2026.04.17 12:00;79.617;81.578;79.583;81.534;20.97;34.41;19.47;86.35;81.09;3.634;STRONG_UP;2;81.7;3;1
2026.04.17 11:00;79.277;79.632;79.060;79.615;19.94;24.69;22.47;76.85;79.95;1.195;SOFT_UP;1;67.8;3;1
2026.04.17 10:00;79.561;79.566;79.173;79.277;22.28;28.49;22.88;80.07;77.09;0.765;NEUTRE;0;59.9;2;1
2026.04.17 09:00;79.468;79.778;79.464;79.559;24.02;32.88;15.01;82.94;71.27;1.124;SOFT_UP;1;70.4;3;1
2026.04.17 08:00;78.896;79.473;78.896;79.470;21.98;22.99;17.32;68.26;67.88;1.010;SOFT_UP;1;70.6;3;1
2026.04.17 07:00;78.636;78.920;78.586;78.900;23.20;11.78;19.99;62.60;72.98;0.286;NEUTRE;0;42.6;1;1
2026.04.17 06:00;78.893;79.005;78.467;78.632;22.80;13.59;23.06;72.79;77.44;-0.055;NEUTRE;0;-11.7;0;0
2026.04.17 05:00;79.105;79.175;78.860;78.892;22.33;15.69;15.37;83.56;74.60;0.276;NEUTRE;0;51.2;2;0
2026.04.17 04:00;78.877;79.236;78.846;79.110;25.61;18.10;17.74;75.98;65.53;0.553;NEUTRE;0;72.2;3;0
2026.04.17 03:00;78.282;79.114;78.282;78.880;29.39;16.07;20.46;64.26;62.15;0.261;NEUTRE;0;63;2;0
2026.04.17 02:00;78.408;78.571;78.225;78.281;32.06;8.52;23.61;56.35;67.79;-0.501;NEUTRE;0;-80;-3;0
2026.04.17 01:00;78.713;78.766;77.768;78.410;29.77;9.83;27.24;65.86;70.08;-0.337;NEUTRE;0;;;0
2026.04.17 00:00;78.675;78.859;78.447;78.713;27.12;11.34;20.97;81.15;67.44;0.048;NEUTRE;0;;;0
2026.04.16 23:00;78.794;78.827;78.667;78.682;26.70;13.08;15.98;63.23;54.98;-0.977;NEUTRE;0;-43.7;-1;0
2026.04.16 22:00;78.391;78.835;78.354;78.797;29.28;15.09;18.44;57.95;45.07;-0.832;NEUTRE;0;-40.4;-1;0
2026.04.16 20:00;78.692;78.718;78.367;78.410;32.25;13.67;21.27;43.74;35.05;-1.319;SOFT_DOWN;-1;-56.1;-2;0
2026.04.16 19:00;78.508;78.771;78.508;78.695;33.86;15.78;18.37;33.52;31.15;-0.960;NEUTRE;0;-48.7;-2;1
2026.04.16 18:00;78.292;78.592;78.240;78.501;37.91;8.00;21.19;27.87;31.86;-1.204;SOFT_DOWN;-1;-56.4;-2;1
2026.04.16 17:00;78.582;78.714;78.147;78.289;36.79;9.24;24.45;32.05;33.98;-1.471;SOFT_DOWN;-1;-62.8;-2;1
2026.04.16 16:00;78.903;79.007;78.283;78.579;35.50;10.66;24.53;35.65;31.63;-1.106;SOFT_DOWN;-1;-57.3;-2;1
2026.04.16 15:00;78.487;79.120;78.481;78.901;34.90;12.30;24.09;34.23;28.08;-0.701;NEUTRE;0;-46.5;-2;1
2026.04.16 14:00;78.663;78.879;78.036;78.485;35.28;8.39;27.80;25.01;25.46;-1.225;SOFT_DOWN;-1;-63.1;-2;1
2026.04.16 13:00;79.241;79.756;78.239;78.668;32.45;9.68;28.37;25.00;23.96;-0.994;NEUTRE;0;-59.9;-2;1
2026.04.16 12:00;79.650;79.687;78.973;79.218;29.89;11.17;25.29;26.37;20.92;-0.302;NEUTRE;0;-29.6;-1;1
2026.04.16 11:00;79.752;79.779;79.390;79.641;28.53;12.88;20.20;20.52;15.02;0.230;NEUTRE;0;25.2;1;1
2026.04.16 10:00;79.521;79.782;79.371;79.751;29.51;14.87;23.30;15.87;14.55;0.369;NEUTRE;0;39.7;1;1
2026.04.16 09:00;79.740;79.842;79.417;79.520;30.65;17.15;25.17;8.66;20.45;0.078;NEUTRE;0;11.1;0;1
2026.04.16 08:00;80.050;80.115;79.611;79.741;32.46;19.79;22.02;19.12;39.72;0.356;NEUTRE;0;45.1;2;1
2026.04.16 07:00;80.294;80.402;79.980;80.050;36.63;22.84;14.14;33.57;59.64;0.745;NEUTRE;0;67.4;3;1
2026.04.16 06:00;80.376;80.592;80.165;80.286;38.65;26.35;9.57;66.47;78.54;1.042;SOFT_UP;1;75.7;3;0
2026.04.16 05:00;80.639;80.835;80.282;80.374;37.41;30.40;6.83;78.87;83.73;1.153;SOFT_UP;1;79.1;3;0
2026.04.16 04:00;80.339;80.647;80.279;80.639;33.42;29.85;7.88;90.29;85.84;1.486;SOFT_UP;1;83.2;3;0
2026.04.16 03:00;80.348;80.581;80.270;80.339;29.60;31.68;9.09;82.01;83.40;1.109;SOFT_UP;1;83.2;3;0
2026.04.16 02:00;80.077;80.432;79.912;80.358;25.63;29.19;10.49;85.23;84.74;1.133;SOFT_UP;1;85.5;3;0
2026.04.16 01:00;80.124;80.506;79.911;80.074;22.32;33.68;12.10;82.95;74.56;0.775;NEUTRE;0;;;0
2026.04.16 00:00;79.458;80.240;79.458;80.124;18.50;31.98;13.96;86.03;60.90;0.838;NEUTRE;0;;;0
2026.04.15 23:00;79.338;79.554;79.329;79.461;15.31;23.41;16.11;54.70;42.21;-0.020;NEUTRE;0;-1.1;0;0
2026.04.15 22:00;79.174;79.375;78.847;79.340;14.83;14.77;18.59;41.98;34.47;-0.172;NEUTRE;0;-10;0;0
2026.04.15 20:00;79.349;79.374;78.866;78.941;15.35;17.04;20.90;29.95;30.66;-0.674;NEUTRE;0;-37.2;-1;0
2026.04.15 19:00;79.276;79.518;79.185;79.350;16.15;19.66;14.45;31.48;32.11;-0.160;NEUTRE;0;-10.7;0;1
2026.04.15 18:00;79.064;79.358;78.982;79.274;16.28;15.29;16.67;30.55;39.04;-0.255;NEUTRE;0;-17.7;0;1
2026.04.15 17:00;79.260;79.502;79.013;79.063;18.12;17.65;17.97;34.29;52.68;-0.521;NEUTRE;0;-34.6;-1;1
2026.04.15 16:00;79.280;79.649;79.063;79.263;20.77;20.36;19.16;52.29;66.52;-0.269;NEUTRE;0;-20.8;0;1
2026.04.15 15:00;80.003;80.008;78.801;79.281;23.50;23.49;22.11;71.47;73.02;-0.247;NEUTRE;0;-20.4;0;1
2026.04.15 14:00;79.988;80.474;79.850;79.987;26.64;27.11;12.14;75.79;64.72;0.642;NEUTRE;0;45.9;2;1
2026.04.15 13:00;78.592;79.996;78.583;79.989;24.87;19.49;14.01;71.81;51.66;0.644;NEUTRE;0;48.1;2;1
2026.04.15 12:00;79.014;79.069;78.535;78.592;26.18;12.40;16.16;46.57;36.37;-1.114;SOFT_DOWN;-1;-64.5;-2;1
2026.04.15 11:00;78.758;79.086;78.498;79.018;28.18;14.30;18.65;36.61;26.70;-0.578;NEUTRE;0;-49.8;-2;1
2026.04.15 10:00;78.445;78.822;78.330;78.762;30.49;9.60;21.52;25.94;19.56;-0.900;NEUTRE;0;-63.8;-2;1
2026.04.15 09:00;79.257;79.323;78.202;78.444;29.29;11.07;24.83;17.55;15.91;-1.300;SOFT_DOWN;-1;-72.9;-3;1
2026.04.15 08:00;79.168;79.280;78.978;79.257;27.90;12.78;18.00;15.18;16.73;-0.277;NEUTRE;0;-38;-1;1
2026.04.15 07:00;79.188;79.455;79.030;79.170;29.58;14.74;18.12;15.00;21.11;-0.386;NEUTRE;0;-51.2;-2;1
2026.04.15 06:00;79.422;79.620;79.136;79.189;32.56;17.01;17.07;20.00;27.98;-0.362;NEUTRE;0;-53.7;-2;0
2026.04.15 05:00;79.811;79.951;79.002;79.423;37.54;19.63;19.69;28.34;38.98;-0.068;NEUTRE;0;-17;0;0
2026.04.15 04:00;79.864;79.979;79.678;79.814;43.29;22.65;11.76;35.60;51.76;0.424;NEUTRE;0;67.3;3;0
2026.04.15 03:00;79.890;80.178;79.740;79.864;45.08;26.13;10.41;52.99;67.97;0.487;NEUTRE;0;74.7;3;0
2026.04.15 02:00;80.503;81.001;79.819;79.890;45.40;30.15;9.23;66.67;74.09;0.520;NEUTRE;0;80.3;3;0
2026.04.15 01:00;79.650;80.712;79.341;80.511;44.21;31.03;10.65;84.23;74.96;1.301;SOFT_UP;1;;;0
2026.04.15 00:00;79.477;79.677;79.278;79.655;43.49;24.19;12.29;71.37;73.32;0.224;NEUTRE;0;;;0
2026.04.14 23:00;79.301;79.701;79.289;79.477;45.16;27.91;13.76;69.29;77.10;5.006;EXPLOSIVE_UP;3;78.5;3;0
2026.04.14 22:00;79.382;79.571;79.113;79.301;46.88;27.35;15.87;79.29;82.61;4.774;EXPLOSIVE_UP;3;78.4;3;0
2026.04.14 20:00;79.537;79.639;79.455;79.503;50.00;31.56;6.83;82.71;83.38;5.040;EXPLOSIVE_UP;3;80;3;0
2026.04.14 19:00;79.206;79.560;79.165;79.523;47.78;29.81;7.88;85.84;84.61;5.067;EXPLOSIVE_UP;3;80.6;3;1
2026.04.14 18:00;79.316;79.330;78.902;79.205;46.18;25.44;9.09;81.58;84.80;4.647;EXPLOSIVE_UP;3;80.2;3;1
2026.04.14 17:00;79.030;79.551;79.001;79.312;46.00;29.36;6.93;86.42;87.98;4.788;EXPLOSIVE_UP;3;81;3;1
2026.04.14 16:00;79.104;79.508;79.007;79.031;43.57;32.67;7.99;86.41;85.17;4.417;STRONG_UP;2;80.9;3;1
2026.04.14 15:00;79.053;79.274;78.566;79.108;40.93;30.51;9.22;91.12;75.16;4.519;EXPLOSIVE_UP;3;81.6;3;1
2026.04.14 14:00;78.281;79.295;78.281;79.052;38.99;35.20;10.64;77.98;58.95;4.445;STRONG_UP;2;82;3;1
2026.04.14 13:00;77.468;78.321;77.422;78.264;36.75;26.08;12.28;56.38;52.64;3.403;STRONG_UP;2;80.4;3;1
2026.04.14 12:00;77.522;77.755;77.142;77.468;36.86;20.41;14.17;42.48;60.02;2.352;STRONG_UP;2;77.2;3;1
2026.04.14 11:00;77.489;77.687;77.275;77.515;39.76;23.55;13.01;59.07;75.03;2.414;STRONG_UP;2;78.6;3;1
2026.04.14 10:00;77.741;77.910;77.323;77.488;41.44;27.17;13.22;78.53;87.20;2.378;STRONG_UP;2;79.4;3;1
2026.04.14 09:00;78.080;78.116;77.614;77.741;42.50;31.36;7.63;87.49;89.30;2.712;STRONG_UP;2;81.6;3;1
2026.04.14 08:00;77.714;78.079;77.530;78.079;39.68;35.05;8.80;95.59;90.11;3.159;STRONG_UP;2;83.6;3;1
2026.04.14 07:00;77.480;77.922;77.376;77.714;36.58;36.04;10.16;84.84;87.76;2.677;STRONG_UP;2;83.4;3;1
2026.04.14 06:00;76.681;77.482;76.668;77.482;33.58;29.18;11.72;89.90;91.91;2.370;STRONG_UP;2;83.6;3;0
2026.04.14 05:00;77.149;77.162;76.486;76.679;32.18;27.63;13.52;88.52;90.16;1.309;SOFT_UP;1;80.4;3;0
2026.04.14 04:00;76.937;77.160;76.850;77.147;31.86;31.88;7.32;97.30;86.94;1.928;SOFT_UP;1;84.7;3;0
2026.04.14 03:00;76.715;76.993;76.593;76.932;27.12;28.49;8.45;84.64;77.60;1.644;SOFT_UP;1;85.4;3;0
2026.04.14 02:00;75.814;76.771;75.798;76.715;22.95;24.34;9.74;78.87;78.38;1.357;SOFT_UP;1;86.3;3;0
2026.04.14 01:00;75.946;76.311;75.725;75.818;19.89;20.81;11.24;69.29;80.63;0.172;NEUTRE;0;;;0
2026.04.14 00:00;75.688;76.052;75.368;75.945;18.36;17.21;12.97;86.97;86.01;0.340;NEUTRE;0;;;0
2026.04.13 23:00;75.804;75.918;75.633;75.678;19.03;19.86;9.01;85.64;84.49;2.585;STRONG_UP;2;68.5;3;0
2026.04.13 22:00;75.671;75.810;75.400;75.803;16.17;17.08;10.40;85.42;81.98;2.754;STRONG_UP;2;70.5;3;0
2026.04.13 20:00;75.437;75.614;75.408;75.543;14.92;12.36;11.99;82.43;79.25;2.402;STRONG_UP;2;69.7;3;0
2026.04.13 19:00;75.470;75.614;75.293;75.430;16.98;14.26;13.84;78.10;75.68;2.249;STRONG_UP;2;69.4;3;1
2026.04.13 18:00;75.178;75.570;74.885;75.472;19.37;14.34;15.97;77.22;72.45;2.306;STRONG_UP;2;70.9;3;1
2026.04.13 17:00;75.337;75.597;75.152;75.176;21.52;16.55;12.43;71.71;67.41;1.905;SOFT_UP;1;68.4;3;1
2026.04.13 16:00;74.098;75.840;74.011;75.338;22.64;19.09;14.34;68.43;59.29;2.124;SOFT_UP;1;71.5;3;1
2026.04.13 15:00;74.089;74.198;73.696;74.106;23.94;8.22;16.55;62.08;47.09;0.454;NEUTRE;0;34.3;1;1
2026.04.13 14:00;74.239;74.294;73.765;74.085;22.45;9.48;16.98;47.36;32.89;0.426;NEUTRE;0;34.4;1;1
2026.04.13 13:00;73.898;74.451;73.545;74.245;21.55;10.94;19.59;31.82;23.32;0.643;NEUTRE;0;48.1;2;1
2026.04.13 12:00;74.016;74.286;73.631;73.898;20.51;9.82;22.61;19.49;22.04;0.172;NEUTRE;0;17.9;0;1
2026.04.13 11:00;74.381;74.512;73.961;73.991;17.60;11.34;18.33;18.64;30.90;0.298;NEUTRE;0;31.4;1;1
2026.04.13 10:00;74.338;74.398;74.089;74.368;16.68;13.08;17.58;28.00;44.39;0.809;NEUTRE;0;61.3;2;1
2026.04.13 09:00;74.357;74.508;74.223;74.336;16.99;15.09;13.61;46.05;61.94;0.766;NEUTRE;0;62.5;2;1
2026.04.13 08:00;74.714;74.879;74.347;74.362;18.81;17.41;9.01;59.13;71.99;0.801;NEUTRE;0;66.1;3;1
2026.04.13 07:00;74.428;74.800;74.324;74.714;16.81;17.81;10.40;80.65;79.91;1.278;SOFT_UP;1;76.3;3;1
2026.04.13 06:00;74.675;74.718;74.354;74.428;15.35;17.90;12.00;76.18;76.04;0.891;NEUTRE;0;73.4;3;0
2026.04.13 05:00;74.466;74.683;74.200;74.683;14.68;19.17;13.84;82.89;70.10;1.236;SOFT_UP;1;79.8;3;0
2026.04.13 04:00;74.418;74.504;74.166;74.466;14.45;16.42;15.97;69.05;59.23;0.942;NEUTRE;0;79.3;3;0
2026.04.13 03:00;74.308;74.517;74.068;74.418;16.46;18.95;18.43;58.36;50.12;0.877;NEUTRE;0;81.4;3;0
2026.04.13 02:00;74.330;74.485;73.978;74.308;18.78;20.77;21.27;50.27;42.05;0.728;NEUTRE;0;83;3;0
2026.04.13 01:00;74.469;74.739;74.179;74.330;21.49;23.96;18.44;41.74;34.12;0.758;NEUTRE;0;;;0
2026.04.13 00:00;73.771;74.521;73.641;74.471;22.79;21.66;21.28;34.16;30.28;0.949;NEUTRE;0;;;0
2026.04.12 23:00;73.489;73.902;72.798;73.764;26.16;14.17;24.55;26.46;36.05;-1.203;SOFT_DOWN;-1;-49.7;-2;0
2026.04.12 22:00;74.662;75.585;72.578;73.485;26.06;16.35;28.33;30.22;45.59;-1.576;SOFT_DOWN;-1;-58.2;-2;0
2026.04.10 20:00;76.335;76.373;75.796;75.883;25.95;18.86;17.71;51.46;52.57;0.661;NEUTRE;0;36.7;1;0
2026.04.10 19:00;76.369;76.468;76.233;76.332;29.45;21.76;8.78;55.11;50.13;1.256;SOFT_UP;1;56.1;2;1
2026.04.10 18:00;76.173;76.465;75.947;76.369;27.44;24.92;10.13;51.15;49.56;1.305;SOFT_UP;1;58.5;2;1
2026.04.10 17:00;76.177;76.355;76.022;76.172;25.17;25.48;11.69;44.12;54.64;1.044;SOFT_UP;1;54.1;2;1
2026.04.10 16:00;75.940;76.214;75.719;76.172;23.33;22.89;13.48;53.39;66.25;1.044;SOFT_UP;1;55.8;2;1
2026.04.10 15:00;76.264;76.653;75.779;75.944;22.94;26.41;13.69;66.40;77.62;0.742;NEUTRE;0;48.1;2;1
2026.04.10 14:00;76.294;76.809;75.982;76.265;21.60;30.47;12.23;78.95;81.51;1.167;SOFT_UP;1;62;2;1
2026.04.10 13:00;75.869;76.434;75.767;76.300;18.34;28.18;14.11;87.52;76.30;1.214;SOFT_UP;1;64.6;2;1
2026.04.10 12:00;75.617;76.147;75.480;75.872;16.05;25.90;16.28;78.07;59.45;0.646;NEUTRE;0;50.5;2;1
2026.04.10 11:00;75.554;75.618;75.400;75.617;15.01;17.68;18.78;63.32;40.58;0.308;NEUTRE;0;32.3;1;1
2026.04.10 10:00;75.404;75.606;75.157;75.555;16.85;19.56;21.67;36.95;25.43;0.226;NEUTRE;0;27;1;1
2026.04.10 09:00;74.903;75.524;74.903;75.404;18.65;19.75;25.01;21.47;28.27;0.025;NEUTRE;0;3.6;0;1
2026.04.10 08:00;75.352;75.387;74.802;74.905;19.72;19.40;28.85;17.87;43.06;-0.637;NEUTRE;0;-60.9;-2;1
2026.04.10 07:00;75.327;75.676;75.245;75.342;19.74;22.38;21.64;45.48;65.79;-0.057;NEUTRE;0;-10.4;0;1
2026.04.10 06:00;75.962;75.962;75.304;75.351;22.51;25.83;22.87;65.83;78.36;-0.045;NEUTRE;0;-9.6;0;0
2026.04.10 05:00;75.798;76.195;75.783;75.963;25.04;29.80;15.20;86.07;81.99;0.767;NEUTRE;0;73.9;3;0
2026.04.10 04:00;75.897;75.971;75.755;75.797;23.90;26.02;17.54;83.19;72.98;0.547;NEUTRE;0;72;3;0
2026.04.10 03:00;75.598;75.969;75.598;75.897;24.59;29.88;20.24;76.71;58.20;0.679;NEUTRE;0;78.9;3;0
2026.04.10 02:00;75.526;75.644;74.901;75.598;25.41;21.00;23.35;59.03;40.37;0.283;NEUTRE;0;72.6;3;0
2026.04.10 01:00;75.413;75.875;75.413;75.528;28.50;24.23;16.34;38.87;24.37;0.190;NEUTRE;0;;;0
2026.04.10 00:00;75.385;75.463;74.929;75.417;29.90;14.24;18.86;23.19;19.58;0.042;NEUTRE;0;;;0
2026.04.09 23:00;75.361;75.448;75.194;75.395;32.35;16.43;14.13;11.04;26.53;2.242;STRONG_UP;2;65.5;3;0
2026.04.09 22:00;75.487;75.581;75.177;75.361;36.17;18.96;16.30;24.51;46.18;2.195;SOFT_UP;1;66;3;0
2026.04.09 20:00;75.569;75.704;75.226;75.278;40.57;21.88;16.94;44.04;65.11;2.083;SOFT_UP;1;66.9;3;0
2026.04.09 19:00;75.745;76.031;75.510;75.561;44.85;25.25;10.40;69.98;80.70;2.467;STRONG_UP;2;71.1;3;1
2026.04.09 18:00;76.463;76.486;75.612;75.745;45.35;29.13;8.99;81.32;84.96;2.716;STRONG_UP;2;73.6;3;1
2026.04.09 17:00;75.949;76.604;75.949;76.462;44.20;33.61;4.45;90.80;84.47;3.689;STRONG_UP;2;78.4;3;1
2026.04.09 16:00;75.795;76.251;75.795;75.946;39.21;30.53;5.13;82.75;77.62;2.989;STRONG_UP;2;76.6;3;1
2026.04.09 15:00;74.837;75.946;74.624;75.795;34.28;24.93;5.92;79.86;76.67;2.784;STRONG_UP;2;76.6;3;1
2026.04.09 14:00;74.999;75.303;74.194;74.832;30.07;21.29;6.83;70.25;75.71;1.478;SOFT_UP;1;67.2;3;1
2026.04.09 13:00;74.396;75.337;74.185;74.999;26.78;24.56;7.88;79.91;78.41;1.705;SOFT_UP;1;71.3;3;1
2026.04.09 12:00;74.562;74.720;74.088;74.395;22.99;20.10;9.09;76.97;73.71;0.886;NEUTRE;0;59;2;1
2026.04.09 11:00;74.037;74.585;74.026;74.558;20.73;19.91;10.49;78.37;70.71;1.107;SOFT_UP;1;66.2;3;1
2026.04.09 10:00;74.036;74.227;73.850;74.031;19.15;13.12;12.10;65.79;64.51;0.392;NEUTRE;0;41.5;1;1
2026.04.09 09:00;74.052;74.134;73.809;74.036;21.48;11.34;13.97;67.98;64.00;0.399;NEUTRE;0;45;1;1
2026.04.09 08:00;74.078;74.191;73.825;74.057;23.19;13.09;15.36;59.76;64.32;0.427;NEUTRE;0;50.3;2;1
2026.04.09 07:00;73.967;74.276;73.590;74.076;25.53;15.10;17.72;64.24;69.45;0.453;NEUTRE;0;55.6;2;1
2026.04.09 06:00;73.956;74.132;73.714;73.949;28.23;14.19;20.45;68.95;71.68;0.281;NEUTRE;0;46.5;2;0
2026.04.09 05:00;74.062;74.182;73.725;73.960;29.79;16.38;23.19;75.15;69.61;0.296;NEUTRE;0;53.1;2;0
2026.04.09 04:00;73.990;74.232;73.907;74.062;31.73;18.90;20.63;70.93;59.44;0.434;NEUTRE;0;67.8;3;0
2026.04.09 03:00;73.762;74.044;73.638;73.991;35.93;12.91;23.80;62.75;45.20;0.338;NEUTRE;0;68.5;3;0
2026.04.09 02:00;73.841;74.381;73.713;73.768;36.89;14.89;24.62;44.65;31.07;0.035;NEUTRE;0;21.5;0;0
2026.04.09 01:00;73.526;73.901;72.865;73.841;38.78;6.13;28.41;28.20;24.37;0.134;NEUTRE;0;;;0
2026.04.09 00:00;73.742;74.018;73.396;73.526;34.82;7.07;24.90;20.35;26.65;-0.293;NEUTRE;0;;;0
2026.04.08 23:00;74.113;74.113;73.501;73.735;31.60;8.16;26.13;24.56;27.45;-3.652;STRONG_DOWN;-2;-74.4;-3;0
2026.04.08 22:00;73.867;74.303;73.596;74.116;28.40;9.41;27.77;35.05;25.79;-3.154;STRONG_DOWN;-2;-72.8;-3;0
2026.04.08 20:00;74.527;74.622;74.057;74.074;25.17;10.86;22.01;22.72;19.29;-3.209;STRONG_DOWN;-2;-74.5;-3;0
2026.04.08 19:00;73.607;74.547;73.461;74.530;23.82;10.49;25.40;19.59;19.89;-2.613;STRONG_DOWN;-2;-72.1;-3;1
2026.04.08 18:00;75.170;75.372;73.566;73.626;21.09;12.10;27.82;15.57;20.26;-3.795;STRONG_DOWN;-2;-78.1;-3;1
2026.04.08 17:00;75.515;75.528;75.137;75.173;18.28;13.96;18.72;24.52;20.53;-1.773;SOFT_DOWN;-1;-67;-3;1
2026.04.08 16:00;75.494;75.761;75.168;75.515;18.86;16.11;20.38;20.69;20.90;-1.326;SOFT_DOWN;-1;-61.8;-2;1
2026.04.08 15:00;74.841;75.648;74.779;75.490;19.96;15.66;23.51;16.40;33.68;-1.359;SOFT_DOWN;-1;-63.9;-2;1
2026.04.08 14:00;76.448;76.633;74.687;74.842;19.95;18.07;27.13;25.63;49.77;-2.206;STRONG_DOWN;-2;-74.3;-3;1
2026.04.08 13:00;77.384;77.565;76.253;76.454;19.93;20.85;18.92;59.01;53.00;-0.099;NEUTRE;0;-9.7;0;1
2026.04.08 12:00;77.238;77.420;76.416;77.391;22.25;24.06;19.92;64.66;42.78;1.125;SOFT_UP;1;64.7;2;1
2026.04.08 11:00;76.763;77.386;76.661;77.228;24.23;27.76;19.23;35.33;35.23;0.912;NEUTRE;0;61.8;2;1
2026.04.08 10:00;76.674;76.971;76.575;76.766;25.17;23.22;22.19;28.35;43.20;0.308;NEUTRE;0;34.8;1;1
2026.04.08 09:00;76.901;77.169;76.603;76.675;28.69;26.79;24.52;42.01;57.54;0.189;NEUTRE;0;25.3;1;1
2026.04.08 08:00;76.980;77.025;76.535;76.900;32.42;27.00;28.29;59.26;67.41;0.483;NEUTRE;0;53.7;2;1
2026.04.08 07:00;77.172;77.197;76.958;76.980;37.05;31.15;19.36;71.37;66.86;0.588;NEUTRE;0;62.2;2;1
2026.04.08 06:00;77.228;77.617;77.155;77.173;39.16;35.95;9.66;71.61;64.74;0.840;NEUTRE;0;72.4;3;0
2026.04.08 05:00;76.639;77.454;76.533;77.233;36.31;36.05;11.14;57.61;66.23;0.919;NEUTRE;0;76.4;3;0
2026.04.08 04:00;76.280;76.655;76.280;76.638;33.78;28.25;12.85;65.01;75.90;0.141;NEUTRE;0;38.5;1;0
2026.04.08 03:00;76.385;76.406;76.079;76.279;33.22;22.41;14.83;76.07;84.47;-0.328;NEUTRE;0;-67.9;-3;0
2026.04.08 02:00;76.547;76.711;76.253;76.382;35.20;25.85;8.93;86.62;90.69;-0.193;NEUTRE;0;-65.3;-3;0
2026.04.08 01:00;76.654;76.990;75.982;76.551;33.12;29.83;10.30;90.73;93.67;0.027;NEUTRE;0;;;0
2026.04.08 00:00;76.530;77.163;76.013;76.652;30.73;34.42;11.41;94.74;95.32;0.159;NEUTRE;0;;;0
2026.04.07 23:00;76.322;76.910;75.971;76.550;27.74;36.33;13.17;95.55;90.52;5.062;EXPLOSIVE_UP;3;78.6;3;0
2026.04.07 22:00;73.353;76.314;73.277;76.311;24.81;32.15;15.19;95.67;85.89;4.734;EXPLOSIVE_UP;3;78.3;3;0
2026.04.07 20:00;72.834;73.089;72.727;72.894;23.12;22.59;17.53;80.34;78.29;0.044;NEUTRE;0;2.8;0;0
2026.04.07 19:00;71.325;73.056;71.258;72.838;24.73;24.67;20.23;81.67;75.84;-0.033;NEUTRE;0;-2.2;0;1
2026.04.07 18:00;72.075;72.203;71.264;71.325;27.02;21.16;23.34;72.86;65.39;-2.109;SOFT_DOWN;-1;-69.3;-3;1
2026.04.07 17:00;71.553;72.301;71.533;72.076;30.42;24.42;22.53;72.98;51.90;-1.079;SOFT_DOWN;-1;-55;-2;1
2026.04.07 16:00;71.425;71.797;71.325;71.549;34.48;18.08;25.99;50.33;33.77;-1.802;SOFT_DOWN;-1;-68.5;-3;1
2026.04.07 15:00;70.567;71.449;70.332;71.424;37.02;9.52;29.99;32.38;22.95;-1.974;SOFT_DOWN;-1;-71.4;-3;1
2026.04.07 14:00;71.241;71.272;69.792;70.566;34.74;8.54;34.60;18.59;20.79;-3.151;STRONG_DOWN;-2;-78.8;-3;1
2026.04.07 13:00;71.873;72.293;71.210;71.241;30.79;9.86;25.19;17.88;28.21;-2.225;STRONG_DOWN;-2;-75.5;-3;1
2026.04.07 12:00;72.142;72.424;71.449;71.860;28.80;11.37;25.67;25.90;40.50;-1.375;SOFT_DOWN;-1;-68.8;-3;1
2026.04.07 11:00;72.106;72.220;71.703;72.142;27.30;13.12;25.61;40.84;50.54;-0.988;NEUTRE;0;-63.7;-2;1
2026.04.07 10:00;72.689;72.800;71.929;72.105;26.54;15.14;22.82;54.76;51.54;-1.039;SOFT_DOWN;-1;-66.9;-3;1
2026.04.07 09:00;72.838;73.096;72.390;72.681;27.51;17.47;18.19;56.02;44.50;-0.248;NEUTRE;0;-31.8;-1;1
2026.04.07 08:00;72.242;72.977;72.211;72.841;31.43;17.56;20.99;43.85;43.23;-0.029;NEUTRE;0;-4.7;0;1
2026.04.07 07:00;72.232;72.498;71.843;72.242;34.90;10.65;24.22;33.64;50.20;-0.851;NEUTRE;0;-69.9;-3;1
2026.04.07 06:00;72.243;72.461;72.122;72.233;34.28;12.28;21.39;52.21;64.67;-0.863;NEUTRE;0;-72.9;-3;0
2026.04.07 05:00;73.079;73.097;71.752;72.242;35.39;14.17;24.68;64.76;69.87;-0.851;NEUTRE;0;-75.4;-3;0
2026.04.07 04:00;72.669;73.318;72.531;73.062;36.68;16.36;19.57;77.05;71.45;0.274;NEUTRE;0;57.1;2;0
2026.04.07 03:00;72.555;72.726;72.109;72.670;40.95;7.30;22.58;67.79;70.14;-0.264;NEUTRE;0;-63.2;-2;0
2026.04.07 02:00;72.084;72.601;71.777;72.557;39.38;5.31;26.05;69.51;75.24;-0.419;NEUTRE;0;-78;-3;0
2026.04.07 01:00;72.551;73.111;71.572;72.085;35.26;6.12;30.06;73.11;79.85;-1.066;SOFT_DOWN;-1;;;0
2026.04.07 00:00;72.862;73.070;72.537;72.551;30.50;7.06;25.03;83.10;82.77;-0.427;NEUTRE;0;;;0
2026.04.06 23:00;72.945;73.088;72.698;72.867;26.58;8.15;24.24;83.34;82.35;1.690;SOFT_UP;1;58.9;2;0
2026.04.06 22:00;72.735;73.273;70.402;72.945;23.03;9.40;27.97;81.89;81.09;1.799;SOFT_UP;1;61.5;2;0
2026.04.06 20:00;73.008;73.057;72.774;72.800;18.93;10.85;19.56;81.82;74.15;1.597;SOFT_UP;1;60.9;2;0
2026.04.06 19:00;73.161;73.194;72.913;73.000;17.44;12.52;15.01;79.57;61.01;1.876;SOFT_UP;1;65.8;3;1
2026.04.06 18:00;72.670;73.175;72.549;73.158;18.72;13.40;17.32;61.05;47.64;2.096;SOFT_UP;1;69.1;3;1
2026.04.06 17:00;72.576;73.025;72.167;72.670;19.64;11.78;19.99;42.42;40.41;1.415;SOFT_UP;1;61.9;2;1
2026.04.06 16:00;72.614;72.799;72.558;72.580;18.69;13.59;16.05;39.46;41.22;1.289;SOFT_UP;1;61.2;2;1
2026.04.06 15:00;72.791;72.830;72.034;72.611;20.29;15.68;18.52;39.35;48.74;1.333;SOFT_UP;1;63.5;2;1
2026.04.06 14:00;72.801;73.043;72.183;72.790;22.14;18.10;18.49;44.87;61.50;1.583;SOFT_UP;1;68.6;3;1
2026.04.06 13:00;73.052;73.159;72.256;72.710;25.38;20.88;20.03;62.01;73.30;1.471;SOFT_UP;1;68.6;3;1
2026.04.06 12:00;73.253;73.545;72.812;73.059;28.97;24.09;13.64;77.62;80.51;1.958;SOFT_UP;1;74.8;3;1
2026.04.06 11:00;73.245;73.522;73.116;73.256;29.16;27.80;9.35;80.28;81.65;2.233;STRONG_UP;2;77.7;3;1
2026.04.06 10:00;73.046;73.329;72.922;73.250;26.00;24.76;10.79;83.63;79.93;2.225;STRONG_UP;2;78.7;3;1
2026.04.06 09:00;73.126;73.546;72.978;73.044;23.96;28.57;10.33;81.03;69.34;1.937;SOFT_UP;1;78.3;3;1
2026.04.06 08:00;72.478;73.168;72.429;73.125;20.43;22.73;11.92;75.13;58.07;2.050;SOFT_UP;1;80.2;3;1
2026.04.06 07:00;72.479;72.619;71.707;72.479;18.78;14.80;13.76;51.87;45.59;1.149;SOFT_UP;1;74.9;3;1
2026.04.06 06:00;72.176;72.501;71.896;72.480;21.11;17.08;12.69;47.23;43.74;1.150;SOFT_UP;1;77;3;0
2026.04.06 05:00;72.420;72.764;72.146;72.176;22.09;19.71;8.28;37.68;42.03;0.726;NEUTRE;0;73;3;0
2026.04.06 04:00;71.948;72.427;71.945;72.420;19.20;14.35;9.56;46.32;46.81;1.066;SOFT_UP;1;80.5;3;0
2026.04.06 03:00;72.315;72.324;71.689;71.948;19.07;13.27;11.03;42.10;44.94;0.408;NEUTRE;0;71.9;3;0
2026.04.06 02:00;71.913;73.145;71.731;72.317;20.59;15.31;11.71;52.00;45.23;0.922;NEUTRE;0;84.5;3;0
2026.04.06 01:00;72.241;72.487;71.811;71.913;21.71;10.50;13.51;40.71;43.00;0.359;NEUTRE;0;;;0
2026.04.06 00:00;71.656;72.494;71.587;72.240;23.12;12.12;15.58;42.98;52.14;0.815;NEUTRE;0;;;0
2026.04.05 23:00;72.066;72.247;71.520;71.652;24.76;9.79;17.98;45.31;69.21;-0.796;NEUTRE;0;-38;-1;0
2026.04.05 22:00;72.227;72.756;71.205;72.059;24.03;11.30;20.75;68.12;83.46;-0.233;NEUTRE;0;-13.4;0;0
2026.04.03 18:00;72.980;72.980;72.980;72.980;23.19;13.04;8.56;94.21;88.79;0.000;NEUTRE;0;0;0;1
2026.04.03 05:00;72.980;72.980;72.980;72.980;23.57;15.05;9.87;88.06;83.42;0.000;NEUTRE;0;0;0;0
2026.04.02 20:00;72.636;73.035;72.597;72.975;24.00;17.36;11.39;84.10;80.21;-3.113;STRONG_DOWN;-2;-74.1;-3;0
2026.04.02 19:00;72.722;72.949;72.380;72.647;24.49;17.01;13.14;78.10;76.90;-3.549;STRONG_DOWN;-2;-76.6;-3;1
2026.04.02 18:00;72.301;72.797;72.281;72.721;26.29;15.52;15.17;78.44;76.79;-3.451;STRONG_DOWN;-2;-77;-3;1
2026.04.02 17:00;72.347;72.914;72.213;72.280;30.15;17.91;17.50;74.16;77.60;-4.036;STRONG_DOWN;-2;-79.4;-3;1
2026.04.02 16:00;71.917;72.602;71.674;72.339;34.62;13.81;20.19;77.77;76.04;-3.958;STRONG_DOWN;-2;-79.8;-3;1
2026.04.02 15:00;72.670;72.743;71.640;71.928;37.06;15.94;23.30;80.87;64.77;-4.503;EXPLOSIVE_DOWN;-3;-81.6;-3;1
2026.04.02 14:00;71.395;73.103;71.095;72.666;39.87;18.39;26.88;69.49;48.41;-3.524;STRONG_DOWN;-2;-80;-3;1
2026.04.02 13:00;70.146;71.469;69.540;71.396;43.12;8.70;31.02;43.96;41.97;-5.210;EXPLOSIVE_DOWN;-3;-83.7;-3;1
2026.04.02 12:00;70.625;70.978;70.057;70.094;41.11;10.04;31.66;31.78;46.94;-6.938;EXPLOSIVE_DOWN;-3;-85.6;-3;1
2026.04.02 11:00;70.888;71.114;70.233;70.607;39.46;11.59;33.60;50.17;57.09;-6.257;EXPLOSIVE_DOWN;-3;-85.5;-3;1
2026.04.02 10:00;71.006;71.298;70.553;70.878;38.04;13.37;33.18;58.86;57.38;-5.898;EXPLOSIVE_DOWN;-3;-85.7;-3;1
2026.04.02 09:00;71.180;71.527;70.995;71.006;37.34;15.43;29.15;62.23;47.67;-5.728;EXPLOSIVE_DOWN;-3;-86;-3;1
2026.04.02 08:00;71.548;71.730;71.155;71.180;38.35;17.80;29.01;51.04;31.84;-5.497;EXPLOSIVE_DOWN;-3;-86.3;-3;1
2026.04.02 07:00;70.623;71.562;70.572;71.555;40.57;16.04;33.47;29.73;18.41;-4.999;EXPLOSIVE_DOWN;-3;-86.4;-3;1
2026.04.02 06:00;70.708;70.845;69.607;70.642;41.39;7.37;38.62;14.74;13.00;-6.211;EXPLOSIVE_DOWN;-3;-87.5;-3;0
2026.04.02 05:00;71.978;72.054;70.250;70.714;37.30;8.50;36.58;10.77;14.88;-6.115;EXPLOSIVE_DOWN;-3;-87.9;-3;0
2026.04.02 04:00;72.154;72.246;71.560;71.979;33.46;9.81;31.03;13.49;26.64;-4.436;STRONG_DOWN;-2;-87.7;-3;0
2026.04.02 03:00;72.256;72.427;71.935;72.156;30.61;11.32;27.40;20.39;45.41;-4.201;STRONG_DOWN;-2;-88.2;-3;0
2026.04.02 02:00;72.961;73.074;71.550;72.257;28.93;13.06;31.61;46.05;67.51;-4.067;STRONG_DOWN;-2;-88.7;-3;0
2026.04.02 01:00;75.492;75.557;72.262;73.002;26.99;15.07;29.29;69.79;77.41;-3.078;STRONG_DOWN;-2;;;0
2026.04.02 00:00;75.320;75.856;75.231;75.517;26.21;17.39;19.93;86.68;74.37;0.262;NEUTRE;0;;;0
2026.04.01 23:00;75.321;75.810;75.250;75.319;29.20;18.93;22.99;75.75;55.97;0.606;NEUTRE;0;30.7;1;0
2026.04.01 22:00;74.714;75.619;71.714;75.321;32.20;16.59;26.53;60.69;49.45;0.609;NEUTRE;0;32;1;0
2026.04.01 20:00;75.240;75.381;74.966;75.087;33.60;19.15;17.80;31.46;54.73;0.297;NEUTRE;0;18.5;0;0
2026.04.01 19:00;75.190;75.666;75.134;75.229;38.21;22.09;14.31;56.20;75.18;0.486;NEUTRE;0;30;1;1
2026.04.01 18:00;75.878;75.890;74.899;75.187;40.81;25.49;16.51;76.52;88.05;0.430;NEUTRE;0;28.3;1;1
2026.04.01 17:00;75.857;76.103;75.769;75.877;43.80;29.41;5.55;92.83;87.53;1.352;SOFT_UP;1;60.8;2;1
2026.04.01 16:00;75.696;75.858;75.419;75.857;40.03;22.65;6.40;94.80;75.97;1.325;SOFT_UP;1;61.8;2;1
2026.04.01 15:00;75.380;75.797;75.251;75.695;37.59;24.00;7.39;74.97;63.47;1.109;SOFT_UP;1;59;2;1
2026.04.01 14:00;74.706;75.462;74.417;75.362;35.23;18.25;8.52;58.15;59.96;0.664;NEUTRE;0;46.9;2;1
2026.04.01 13:00;74.650;75.394;74.390;74.695;35.06;20.06;9.84;57.30;61.09;-0.227;NEUTRE;0;-21.5;0;1
2026.04.01 12:00;75.120;75.470;74.605;74.650;35.19;23.14;8.05;64.42;57.85;-0.287;NEUTRE;0;-28.3;-1;1
2026.04.01 11:00;74.862;75.416;74.763;75.128;33.17;26.70;6.48;61.54;46.54;0.351;NEUTRE;0;35.7;1;1
2026.04.01 10:00;74.442;74.900;74.286;74.859;28.90;18.65;7.48;47.59;42.85;-0.008;NEUTRE;0;-1;0;1
2026.04.01 09:00;74.407;74.609;74.126;74.441;26.76;14.23;8.63;30.50;41.17;-0.566;NEUTRE;0;-54.8;-2;1
2026.04.01 08:00;73.979;74.651;73.929;74.406;27.11;16.42;9.96;50.45;45.61;-0.613;NEUTRE;0;-59.9;-2;1
2026.04.01 07:00;75.329;75.346;73.891;73.979;27.51;18.95;11.49;42.55;34.29;-1.183;SOFT_DOWN;-1;-75.3;-3;1
2026.04.01 06:00;74.131;75.367;74.084;75.311;27.98;21.86;11.22;43.82;23.93;0.596;NEUTRE;0;65.9;3;0
2026.04.01 05:00;74.151;74.812;73.989;74.126;27.33;18.57;12.94;16.51;13.00;-0.987;NEUTRE;0;-77.3;-3;0
2026.04.01 04:00;74.014;74.338;73.749;74.151;28.79;12.57;14.94;11.47;14.98;-0.954;NEUTRE;0;-79.5;-3;0
2026.04.01 03:00;73.981;74.259;73.966;74.014;31.89;14.50;11.57;11.03;20.93;-1.137;SOFT_DOWN;-1;-83.3;-3;0
2026.04.01 02:00;74.570;74.821;73.895;73.981;35.07;16.74;13.35;22.44;33.69;-1.181;SOFT_DOWN;-1;-85.7;-3;0
2026.04.01 01:00;75.123;75.611;74.228;74.554;38.73;19.31;9.87;29.32;47.85;-0.415;NEUTRE;0;;;0
2026.04.01 00:00;74.865;75.186;74.635;75.121;39.71;17.55;11.38;49.30;67.28;0.342;NEUTRE;0;;;0
2026.03.31 23:00;75.221;75.245;74.791;74.865;42.54;20.25;8.78;64.92;81.39;7.074;EXPLOSIVE_UP;3;81.8;3;0
2026.03.31 22:00;75.345;75.537;74.970;75.222;43.00;23.37;4.06;87.64;90.52;7.584;EXPLOSIVE_UP;3;82.7;3;0
2026.03.31 20:00;75.255;75.337;74.998;75.064;38.79;21.54;4.69;91.60;90.23;7.359;EXPLOSIVE_UP;3;83.1;3;0
2026.03.31 19:00;74.941;75.289;74.802;75.260;34.88;22.67;5.41;92.31;86.95;7.639;EXPLOSIVE_UP;3;83.7;3;1
2026.03.31 18:00;74.796;75.157;74.787;74.947;30.79;21.99;6.24;86.76;78.80;7.191;EXPLOSIVE_UP;3;83.7;3;1
2026.03.31 17:00;74.570;75.114;74.422;74.817;26.94;23.59;7.20;81.78;71.95;7.005;EXPLOSIVE_UP;3;83.9;3;1
2026.03.31 16:00;73.667;75.023;73.610;74.559;22.90;25.19;8.31;67.86;64.33;6.636;EXPLOSIVE_UP;3;83.9;3;1
2026.03.31 15:00;73.150;73.951;73.141;73.674;18.68;17.40;9.59;66.21;67.11;5.371;EXPLOSIVE_UP;3;82.9;3;1
2026.03.31 14:00;73.388;74.148;72.936;73.133;17.10;20.07;11.07;58.93;67.15;4.597;EXPLOSIVE_UP;3;82.3;3;1
2026.03.31 13:00;72.829;73.533;72.511;73.384;15.28;15.36;12.77;76.18;71.29;4.956;EXPLOSIVE_UP;3;83.4;3;1
2026.03.31 12:00;73.113;73.476;72.628;72.829;16.22;17.72;12.97;66.35;69.74;4.162;STRONG_UP;2;82.7;3;1
2026.03.31 11:00;72.676;73.306;72.483;73.110;16.34;17.36;14.97;71.35;75.55;4.564;EXPLOSIVE_UP;3;83.9;3;1
2026.03.31 10:00;72.747;73.126;72.249;72.612;17.71;16.66;17.27;71.52;77.12;3.852;STRONG_UP;2;83.4;3;1
2026.03.31 09:00;73.078;73.320;72.661;72.750;20.16;19.23;12.70;83.80;74.07;4.049;STRONG_UP;2;84.4;3;1
2026.03.31 08:00;73.034;73.281;72.830;73.075;20.12;22.19;10.71;76.03;66.39;4.514;EXPLOSIVE_UP;3;85.5;3;1
2026.03.31 07:00;72.064;73.094;71.608;73.053;17.85;19.22;12.36;62.37;62.94;4.482;EXPLOSIVE_UP;3;86;3;1
2026.03.31 06:00;72.137;72.177;71.745;72.043;17.26;12.68;14.26;60.78;64.76;3.038;STRONG_UP;2;85;3;0
2026.03.31 05:00;72.178;72.508;71.551;72.128;19.01;14.64;16.46;65.68;68.74;3.159;STRONG_UP;2;86;3;0
2026.03.31 04:00;71.965;72.271;71.940;72.179;21.04;16.89;12.74;67.80;73.31;3.232;STRONG_UP;2;86.9;3;0
2026.03.31 03:00;71.900;72.387;71.838;71.965;22.12;19.49;14.69;72.75;78.01;2.926;STRONG_UP;2;87.4;3;0
2026.03.31 02:00;72.882;72.905;71.822;71.924;23.36;22.48;16.96;79.37;74.74;2.868;STRONG_UP;2;88.2;3;0
2026.03.31 01:00;70.644;73.461;70.416;72.842;24.80;25.94;19.56;81.92;60.06;4.181;STRONG_UP;2;;;0
2026.03.31 00:00;69.919;70.669;68.994;70.636;26.46;15.83;22.57;62.93;44.18;1.025;SOFT_UP;1;;;0
2026.03.30 23:00;69.940;70.028;69.528;69.920;27.83;12.37;26.05;35.32;31.48;2.591;STRONG_UP;2;68.5;3;0
2026.03.30 22:00;70.311;70.410;69.861;69.942;26.63;14.28;19.81;34.28;26.83;2.623;STRONG_UP;2;69.6;3;0
2026.03.30 20:00;70.160;70.206;69.878;70.114;28.23;10.76;22.85;24.83;22.43;2.876;STRONG_UP;2;72.9;3;0
2026.03.30 19:00;69.888;70.249;69.606;70.159;27.04;12.41;26.37;21.36;26.93;2.942;STRONG_UP;2;74;3;1
2026.03.30 18:00;70.418;70.566;69.865;69.891;25.67;14.32;24.23;21.09;35.87;2.549;STRONG_UP;2;72.6;3;1
2026.03.30 17:00;70.554;70.659;70.258;70.420;25.66;16.53;19.33;38.34;42.69;3.325;STRONG_UP;2;77.2;3;1
2026.03.30 16:00;71.000;71.014;70.512;70.560;28.41;19.07;12.56;48.18;45.37;3.530;STRONG_UP;2;78.6;3;1
2026.03.30 15:00;70.931;71.220;70.628;70.993;29.61;22.00;10.94;41.54;47.71;4.166;STRONG_UP;2;80.9;3;1
2026.03.30 14:00;70.202;70.960;70.202;70.930;29.00;18.63;12.62;46.40;58.54;4.073;STRONG_UP;2;81.3;3;1
2026.03.30 13:00;71.336;71.722;69.996;70.216;30.51;21.50;14.57;55.19;68.49;3.026;STRONG_UP;2;79.2;3;1
2026.03.30 12:00;71.281;71.587;70.882;71.326;32.24;24.81;8.91;74.03;76.55;4.654;EXPLOSIVE_UP;3;83.5;3;1
2026.03.30 11:00;70.724;71.602;70.582;71.278;29.95;28.62;10.28;76.24;80.72;4.584;EXPLOSIVE_UP;3;83.9;3;1
2026.03.30 10:00;71.071;71.075;70.644;70.722;27.30;25.08;11.86;79.37;83.28;3.768;STRONG_UP;2;83.3;3;1
2026.03.30 09:00;70.879;71.216;70.577;71.060;26.00;28.93;13.69;86.55;85.47;4.264;STRONG_UP;2;84.6;3;1
2026.03.30 08:00;70.549;71.012;70.252;70.878;24.50;28.47;15.79;83.92;85.57;3.997;STRONG_UP;2;84.9;3;1
2026.03.30 07:00;70.388;70.557;69.978;70.556;23.86;23.65;18.22;85.96;85.98;3.524;STRONG_UP;2;85;3;1
2026.03.30 06:00;70.549;70.852;70.362;70.402;25.54;27.28;10.82;86.84;84.78;3.298;STRONG_UP;2;85.4;3;0
2026.03.30 05:00;70.095;70.731;70.019;70.545;22.82;27.68;12.49;85.15;78.36;3.508;STRONG_UP;2;86.4;3;0
2026.03.30 04:00;69.812;70.122;69.687;70.096;20.52;18.78;14.41;82.34;65.43;2.849;STRONG_UP;2;86.4;3;0
2026.03.30 03:00;69.104;70.452;69.058;69.812;21.65;21.67;16.63;67.60;47.05;2.433;STRONG_UP;2;86.9;3;0
2026.03.30 02:00;68.791;69.382;68.500;69.111;22.95;13.20;19.19;46.36;30.89;1.404;SOFT_UP;1;86.4;3;0
2026.03.30 01:00;68.339;69.327;68.240;68.796;23.64;14.27;22.14;27.19;21.15;0.942;NEUTRE;0;;;0
2026.03.30 00:00;68.154;68.955;67.757;68.337;23.95;11.20;25.54;19.11;19.50;0.269;NEUTRE;0;;;0
2026.03.29 23:00;68.637;68.839;67.678;68.104;21.63;11.43;29.47;17.16;27.41;-1.039;SOFT_DOWN;-1;-45.5;-2;0
2026.03.29 22:00;68.819;69.381;68.213;68.657;18.16;13.19;26.92;22.23;38.06;-0.235;NEUTRE;0;-13.5;0;0
2026.03.27 20:00;70.045;70.130;69.637;69.703;15.69;15.22;16.36;42.84;50.69;1.549;SOFT_UP;1;60.2;2;0
2026.03.27 19:00;70.196;70.446;69.610;70.029;17.55;17.56;18.88;49.10;58.48;2.024;SOFT_UP;1;67.4;3;1
2026.03.27 18:00;69.529;70.561;69.529;70.196;19.69;20.26;21.78;60.14;68.61;2.267;STRONG_UP;2;70.6;3;1
2026.03.27 17:00;70.356;70.459;69.411;69.533;22.16;21.85;25.13;66.21;73.54;1.301;SOFT_UP;1;59.9;2;1
2026.03.27 16:00;70.780;70.951;70.101;70.365;24.50;25.22;18.87;79.48;70.24;2.513;STRONG_UP;2;74.2;3;1
2026.03.27 15:00;70.346;71.615;70.199;70.775;26.05;29.09;20.00;74.92;50.02;3.110;STRONG_UP;2;77.9;3;1
2026.03.27 14:00;67.943;70.591;67.918;70.351;27.21;22.44;23.07;56.31;28.56;2.493;STRONG_UP;2;76;3;1
2026.03.27 13:00;67.987;68.557;67.521;67.971;31.18;14.19;26.62;18.82;10.84;-0.975;NEUTRE;0;-59.4;-2;1
2026.03.27 12:00;67.833;68.158;67.488;67.977;31.30;10.45;30.72;10.56;4.88;-0.966;NEUTRE;0;-61.1;-2;1
2026.03.27 11:00;68.143;68.353;67.681;67.821;28.54;12.06;31.01;3.15;8.57;-1.193;SOFT_DOWN;-1;-67.7;-3;1
2026.03.27 10:00;68.556;68.876;68.096;68.133;26.16;13.91;26.28;0.92;22.92;-0.739;NEUTRE;0;-59;-2;1
2026.03.27 09:00;68.791;69.112;68.543;68.556;25.45;16.05;21.51;21.63;45.18;-0.122;NEUTRE;0;-17;0;1
2026.03.27 08:00;69.529;69.571;68.721;68.721;27.13;18.52;20.00;46.22;64.45;0.118;NEUTRE;0;18.4;0;1
2026.03.27 07:00;69.792;69.884;69.455;69.528;30.71;21.37;9.80;67.70;77.36;1.294;SOFT_UP;1;76.5;3;1
2026.03.27 06:00;69.482;70.114;69.360;69.793;29.72;24.66;11.30;79.44;84.07;1.680;SOFT_UP;1;81;3;0
2026.03.27 05:00;69.646;70.347;69.482;69.488;28.58;28.45;10.55;84.94;84.58;1.235;SOFT_UP;1;79.8;3;0
2026.03.27 04:00;69.376;69.730;69.159;69.646;25.91;21.86;12.18;87.82;75.52;1.466;SOFT_UP;1;83.1;3;0
2026.03.27 03:00;68.583;69.559;68.372;69.376;25.52;20.61;14.05;80.97;67.44;1.072;SOFT_UP;1;82.9;3;0
2026.03.27 02:00;68.623;69.068;68.523;68.585;26.54;17.42;16.21;57.78;63.67;-0.080;NEUTRE;0;-42;-1;0
2026.03.27 01:00;67.548;68.691;67.386;68.622;30.07;9.46;18.71;63.58;70.29;-0.026;NEUTRE;0;;;0
2026.03.27 00:00;68.640;69.074;67.402;67.540;29.64;10.91;21.39;69.65;67.09;-1.603;SOFT_DOWN;-1;;;0
2026.03.26 23:00;68.876;68.994;68.362;68.640;29.21;12.59;15.85;77.63;55.08;-2.844;STRONG_DOWN;-2;-70.3;-3;0
2026.03.26 22:00;68.335;69.026;67.968;68.881;31.93;14.53;18.29;53.98;35.58;-2.503;STRONG_DOWN;-2;-68.7;-3;0
2026.03.26 20:00;67.143;69.000;67.027;67.967;35.08;16.38;21.11;33.64;24.72;-3.796;STRONG_DOWN;-2;-76.8;-3;0
2026.03.26 19:00;67.639;67.783;66.947;67.144;38.54;9.41;24.35;19.11;23.49;-4.961;EXPLOSIVE_DOWN;-3;-80.4;-3;1
2026.03.26 18:00;67.264;67.741;66.687;67.628;37.67;10.09;28.10;21.42;35.16;-4.276;STRONG_DOWN;-2;-79.4;-3;1
2026.03.26 17:00;67.723;68.149;67.148;67.273;36.21;11.64;25.69;29.92;53.54;-4.779;EXPLOSIVE_DOWN;-3;-81;-3;1
2026.03.26 16:00;68.481;68.590;67.092;67.724;35.99;13.43;29.65;54.13;65.06;-4.140;STRONG_DOWN;-2;-80.3;-3;1
2026.03.26 15:00;69.138;69.317;68.357;68.488;35.73;15.50;21.21;76.56;60.03;-3.059;STRONG_DOWN;-2;-77.7;-3;1
2026.03.26 14:00;69.249;69.705;68.755;69.135;38.83;17.88;18.10;64.50;39.81;-2.143;SOFT_DOWN;-1;-73.8;-3;1
2026.03.26 13:00;67.438;69.298;67.303;69.216;44.72;14.04;20.89;39.02;22.21;-2.028;SOFT_DOWN;-1;-74.1;-3;1
2026.03.26 12:00;67.272;68.057;67.077;67.446;48.58;6.64;24.10;15.91;12.95;-4.534;EXPLOSIVE_DOWN;-3;-83.3;-3;1
2026.03.26 11:00;68.024;68.359;66.912;67.268;47.32;7.66;27.81;11.71;11.01;-4.786;EXPLOSIVE_DOWN;-3;-84.2;-3;1
2026.03.26 10:00;67.997;68.470;67.638;68.054;45.85;8.83;24.36;11.24;12.71;-3.673;STRONG_DOWN;-2;-83.1;-3;1
2026.03.26 09:00;68.199;68.239;67.638;67.997;45.71;5.92;28.11;10.09;13.81;-3.754;STRONG_DOWN;-2;-83.9;-3;1
2026.03.26 08:00;69.327;69.579;67.768;68.199;42.71;6.83;29.11;16.78;19.43;-3.468;STRONG_DOWN;-2;-84.2;-3;1
2026.03.26 07:00;69.984;70.045;69.072;69.353;39.75;7.88;22.51;14.54;27.17;-1.834;SOFT_DOWN;-1;-80.4;-3;1
2026.03.26 06:00;69.322;70.041;69.003;69.960;38.46;9.03;25.97;26.96;44.34;-0.975;NEUTRE;0;-74.7;-3;0
2026.03.26 05:00;71.704;71.758;69.314;69.319;36.93;10.42;25.36;40.02;59.08;-1.883;SOFT_DOWN;-1;-83.3;-3;0
2026.03.26 04:00;71.719;71.972;71.567;71.698;36.19;12.03;15.08;66.05;70.97;1.485;SOFT_UP;1;83.2;3;0
2026.03.26 03:00;71.296;71.852;71.177;71.710;40.02;9.32;17.40;71.15;68.58;1.502;SOFT_UP;1;84.9;3;0
2026.03.26 02:00;71.858;72.185;71.099;71.301;41.52;10.75;20.08;75.70;57.40;0.923;NEUTRE;0;84.5;3;0
2026.03.26 01:00;71.938;72.123;71.110;71.855;43.26;11.53;23.17;58.89;37.30;1.707;SOFT_UP;1;;;0
2026.03.26 00:00;70.649;72.005;70.601;71.949;44.75;11.51;26.73;37.59;25.61;1.840;SOFT_UP;1;;;0
2026.03.25 23:00;71.137;71.153;70.258;70.649;45.51;3.94;30.84;15.42;21.76;-3.061;STRONG_DOWN;-2;-71.6;-3;0
2026.03.25 22:00;71.220;71.618;70.949;71.129;40.62;4.55;23.71;23.84;28.21;-2.403;STRONG_DOWN;-2;-67.9;-3;0
2026.03.25 20:00;72.012;72.155;70.892;71.227;36.44;5.25;27.36;26.04;33.57;-2.268;STRONG_DOWN;-2;-68.6;-3;0
2026.03.25 19:00;72.000;72.024;71.215;72.014;31.61;6.06;27.63;34.76;41.74;-1.188;SOFT_DOWN;-1;-54.6;-2;1
2026.03.25 18:00;72.363;72.711;71.698;71.992;26.62;6.99;22.70;39.92;50.61;-1.218;SOFT_DOWN;-1;-56.7;-2;1
2026.03.25 17:00;72.618;72.694;72.252;72.378;22.58;8.07;17.78;50.54;54.08;-0.689;NEUTRE;0;-42.4;-1;1
2026.03.25 16:00;72.530;72.867;72.380;72.628;20.27;9.31;16.06;61.37;53.14;-0.346;NEUTRE;0;-26;-1;1
2026.03.25 15:00;73.029;73.173;71.677;72.531;19.30;10.74;18.53;50.33;48.27;-0.479;NEUTRE;0;-35.7;-1;1
2026.03.25 14:00;72.245;73.309;71.906;73.022;18.17;12.39;19.02;47.72;50.73;0.195;NEUTRE;0;17.4;0;1
2026.03.25 13:00;72.734;73.273;72.066;72.227;17.72;14.30;20.19;46.75;53.80;-0.896;NEUTRE;0;-57.2;-2;1
2026.03.25 12:00;73.168;73.340;72.226;72.711;17.81;16.50;21.26;57.72;54.03;-0.232;NEUTRE;0;-23.5;0;1
2026.03.25 11:00;72.973;73.334;72.871;73.152;18.61;19.03;15.63;56.93;46.87;0.373;NEUTRE;0;37.4;1;1
2026.03.25 10:00;72.672;73.083;72.423;72.971;19.96;13.62;18.03;47.43;38.10;0.125;NEUTRE;0;15.7;0;1
2026.03.25 09:00;73.029;73.331;71.927;72.669;20.89;15.72;20.80;36.25;30.75;-0.290;NEUTRE;0;-36;-1;1
2026.03.25 08:00;72.937;73.690;72.853;73.029;21.96;18.13;13.86;30.62;29.64;0.204;NEUTRE;0;29.9;1;1
2026.03.25 07:00;73.081;73.409;72.853;72.914;23.28;15.76;15.99;25.36;35.28;0.047;NEUTRE;0;8.6;0;1
2026.03.25 06:00;73.139;73.412;72.649;73.100;26.75;18.18;18.45;32.94;47.65;0.302;NEUTRE;0;48.6;2;0
2026.03.25 05:00;73.468;73.535;72.753;73.134;30.76;20.98;19.19;47.53;62.09;0.349;NEUTRE;0;57.6;2;0
2026.03.25 04:00;73.375;73.646;73.263;73.464;34.81;24.21;12.11;62.50;74.18;0.801;NEUTRE;0;77.5;3;0
2026.03.25 03:00;73.522;73.671;73.112;73.375;35.03;27.93;13.97;76.24;83.49;0.679;NEUTRE;0;78.9;3;0
2026.03.25 02:00;73.901;74.165;73.365;73.522;35.30;32.23;9.16;83.79;89.34;0.881;NEUTRE;0;84.2;3;0
2026.03.25 01:00;73.694;74.540;73.486;73.898;32.15;37.19;8.24;90.43;93.89;1.397;SOFT_UP;1;;;0
2026.03.25 00:00;72.880;74.261;72.554;73.711;27.29;38.84;9.51;93.81;93.00;1.140;SOFT_UP;1;;;0
2026.03.24 23:00;71.659;73.033;71.363;72.892;22.16;33.75;10.97;97.43;85.27;4.512;EXPLOSIVE_UP;3;77.3;3;0
2026.03.24 22:00;71.176;71.698;71.012;71.661;17.73;26.64;12.66;87.75;71.53;2.747;STRONG_UP;2;70.4;3;0
2026.03.24 20:00;69.517;71.208;69.354;71.146;14.99;19.75;14.61;70.64;64.15;2.009;SOFT_UP;1;66.2;3;0
2026.03.24 19:00;69.361;69.990;69.341;69.528;14.99;12.68;16.85;56.21;64.22;-0.311;NEUTRE;0;-20.2;0;1
2026.03.24 18:00;69.319;69.996;69.209;69.359;15.12;14.63;19.44;65.62;70.62;-0.553;NEUTRE;0;-34.7;-1;1
2026.03.24 17:00;69.764;69.926;68.689;69.315;15.28;15.52;22.44;70.83;68.33;-0.617;NEUTRE;0;-39.3;-1;1
2026.03.24 16:00;69.564;70.035;69.299;69.760;14.82;17.90;18.30;75.42;58.26;0.022;NEUTRE;0;1.8;0;1
2026.03.24 15:00;69.696;70.304;69.543;69.547;16.93;20.66;16.02;58.73;45.85;-0.284;NEUTRE;0;-23.1;0;1
2026.03.24 14:00;68.432;70.194;68.366;69.695;17.59;21.61;18.48;40.64;48.56;-0.072;NEUTRE;0;-6.6;0;1
2026.03.24 13:00;68.446;68.949;67.669;68.446;19.09;14.46;21.32;38.18;65.83;-1.862;SOFT_DOWN;-1;-72.8;-3;1
2026.03.24 12:00;70.060;70.177;68.249;68.450;19.08;16.69;17.63;66.85;83.29;-1.857;SOFT_DOWN;-1;-74;-3;1
2026.03.24 11:00;70.255;70.326;68.530;70.062;21.59;19.25;18.10;92.46;90.98;0.455;NEUTRE;0;43;1;1
2026.03.24 10:00;70.089;70.286;69.661;70.265;24.44;22.21;11.20;90.56;90.16;0.746;NEUTRE;0;59.3;2;1
2026.03.24 09:00;69.683;70.172;69.081;70.089;23.13;22.83;12.92;89.93;88.10;0.493;NEUTRE;0;51;2;1
2026.03.24 08:00;69.997;70.036;69.032;69.649;22.43;24.42;14.91;89.99;75.62;-0.138;NEUTRE;0;-21.2;0;1
2026.03.24 07:00;69.123;70.370;69.104;70.052;22.16;28.18;16.12;84.38;53.68;0.440;NEUTRE;0;54.8;2;1
2026.03.24 06:00;67.482;69.342;67.381;69.172;21.38;20.02;18.60;52.48;31.60;-0.822;NEUTRE;0;-72.1;-3;0
2026.03.24 05:00;66.697;67.685;66.000;67.488;24.11;10.10;21.46;24.19;20.06;-3.236;STRONG_DOWN;-2;-86.1;-3;0
2026.03.24 04:00;66.918;67.266;66.456;66.693;22.28;11.65;20.60;18.12;18.76;-4.376;STRONG_DOWN;-2;-87.7;-3;0
2026.03.24 03:00;67.442;67.597;66.548;66.921;21.44;13.45;22.02;17.88;23.09;-4.049;STRONG_DOWN;-2;-88.1;-3;0
2026.03.24 02:00;66.803;68.067;66.347;67.438;21.02;15.51;25.41;20.27;36.15;-3.308;STRONG_DOWN;-2;-88.5;-3;0
2026.03.24 01:00;68.182;68.613;66.474;66.803;20.53;17.90;28.19;31.13;52.68;-4.218;STRONG_DOWN;-2;;;0
2026.03.24 00:00;69.745;69.930;67.596;68.183;20.25;20.66;24.45;57.05;61.58;-2.240;STRONG_DOWN;-2;;;0
2026.03.23 23:00;69.630;70.106;69.432;69.745;22.07;23.83;16.11;69.86;62.11;2.453;STRONG_UP;2;67.4;3;0
2026.03.23 22:00;69.399;69.658;68.128;69.632;22.50;17.27;18.59;57.83;59.37;2.287;STRONG_UP;2;66.9;3;0
2026.03.23 20:00;68.932;69.326;68.637;69.103;25.39;19.93;16.33;58.63;60.93;1.510;SOFT_UP;1;59.6;2;0
2026.03.23 19:00;69.766;69.821;68.887;68.951;27.77;23.00;13.27;61.65;60.75;1.287;SOFT_UP;1;56.8;2;1
2026.03.23 18:00;69.583;70.123;69.105;69.772;27.91;26.54;11.72;62.52;63.51;2.493;STRONG_UP;2;72.2;3;1
2026.03.23 17:00;68.976;69.740;68.774;69.582;26.25;24.83;13.52;58.08;69.06;2.214;STRONG_UP;2;71.2;3;1
2026.03.23 16:00;67.869;69.222;67.845;68.852;25.75;20.40;15.60;69.94;80.24;1.141;SOFT_UP;1;58.1;2;1
2026.03.23 15:00;70.033;70.568;67.424;67.881;27.66;23.54;18.00;79.14;85.67;-0.285;NEUTRE;0;-23.2;0;1
2026.03.23 14:00;68.965;70.757;68.965;70.028;29.86;27.16;13.23;91.63;86.85;2.869;STRONG_UP;2;77.8;3;1
2026.03.23 13:00;69.401;69.518;67.385;68.968;29.14;20.70;15.26;86.24;78.30;1.312;SOFT_UP;1;66.3;3;1
2026.03.23 12:00;67.272;69.676;66.617;69.400;31.30;23.89;17.61;82.66;68.98;1.946;SOFT_UP;1;74.7;3;1
2026.03.23 11:00;64.060;69.212;64.060;67.273;33.78;25.23;20.32;66.00;58.74;-1.178;SOFT_DOWN;-1;-67.5;-3;1
2026.03.23 10:00;63.471;64.261;63.262;64.063;37.32;14.33;23.44;58.28;51.74;-5.893;EXPLOSIVE_DOWN;-3;-85.7;-3;1
2026.03.23 09:00;64.385;64.730;63.189;63.471;39.35;16.53;27.05;51.94;42.21;-6.763;EXPLOSIVE_DOWN;-3;-86.6;-3;1
2026.03.23 08:00;63.819;65.135;63.819;64.371;41.69;19.07;24.92;45.01;32.89;-5.441;EXPLOSIVE_DOWN;-3;-86.3;-3;1
2026.03.23 07:00;62.866;63.855;60.938;63.855;46.06;7.04;28.75;29.68;24.90;-6.199;EXPLOSIVE_DOWN;-3;-87.1;-3;1
2026.03.23 06:00;63.911;64.208;61.467;62.841;43.82;8.13;30.39;23.97;22.07;-7.689;EXPLOSIVE_DOWN;-3;-88;-3;0
2026.03.23 05:00;66.129;66.639;63.460;63.913;41.67;9.38;23.88;21.06;20.05;-6.114;EXPLOSIVE_DOWN;-3;-87.9;-3;0
2026.03.23 04:00;65.305;66.171;65.232;66.141;41.37;10.82;18.97;21.18;20.81;-2.841;STRONG_DOWN;-2;-86.4;-3;0
2026.03.23 03:00;65.291;65.765;64.614;65.305;43.53;5.83;21.89;17.91;25.00;-4.069;STRONG_DOWN;-2;-88.1;-3;0
2026.03.23 02:00;66.135;67.224;64.752;65.287;41.31;6.73;23.42;23.35;34.14;-4.095;STRONG_DOWN;-2;-88.8;-3;0
2026.03.23 01:00;66.346;67.985;65.459;66.101;39.15;7.77;22.62;33.75;40.01;-2.900;STRONG_DOWN;-2;;;0
2026.03.23 00:00;68.075;68.326;64.807;66.344;37.66;8.96;26.10;45.31;38.65;-2.543;STRONG_DOWN;-2;;;0
2026.03.22 23:00;68.816;69.059;67.554;68.071;35.93;10.34;18.11;40.98;26.77;1.379;SOFT_UP;1;53.5;2;0
2026.03.22 22:00;67.145;69.594;66.626;68.810;37.26;11.93;20.89;29.67;19.53;2.480;STRONG_UP;2;68.5;3;0
2026.03.20 20:00;67.935;68.243;67.717;67.863;38.79;6.77;24.11;9.64;18.45;-6.429;EXPLOSIVE_DOWN;-3;-82.1;-3;0
2026.03.20 19:00;68.089;68.496;67.655;67.937;36.12;7.81;27.81;19.29;24.47;-6.327;EXPLOSIVE_DOWN;-3;-82.4;-3;1
2026.03.20 18:00;69.626;69.723;67.791;68.083;33.04;9.01;29.61;26.42;26.69;-6.126;EXPLOSIVE_DOWN;-3;-82.6;-3;1
2026.03.20 17:00;69.689;70.143;69.002;69.616;29.91;10.39;24.52;27.71;24.12;-4.012;STRONG_DOWN;-2;-79.4;-3;1
2026.03.20 16:00;69.230;70.403;69.189;69.694;28.29;11.99;25.77;25.95;21.55;-3.905;STRONG_DOWN;-2;-79.7;-3;1
2026.03.20 15:00;69.457;70.266;68.803;69.239;27.03;12.10;29.73;18.70;20.62;-4.532;EXPLOSIVE_DOWN;-3;-81.6;-3;1
2026.03.20 14:00;70.183;70.384;68.423;69.464;24.71;13.96;34.31;19.99;23.80;-4.222;STRONG_DOWN;-2;-81.6;-3;1
2026.03.20 13:00;71.846;72.224;69.939;70.204;22.03;16.11;27.69;23.16;25.69;-3.202;STRONG_DOWN;-2;-79.8;-3;1
2026.03.20 12:00;72.184;72.441;71.345;71.845;21.35;18.59;22.48;28.25;29.62;-0.939;NEUTRE;0;-60.4;-2;1
2026.03.20 11:00;71.633;72.364;71.434;72.184;23.18;21.45;24.69;25.66;35.80;-0.472;NEUTRE;0;-44;-1;1
2026.03.20 10:00;71.696;72.049;71.192;71.633;25.66;19.54;28.49;34.94;41.35;-1.231;SOFT_DOWN;-1;-70.2;-3;1
2026.03.20 09:00;73.079;73.252;71.618;71.696;26.74;22.55;25.23;46.80;38.81;-1.144;SOFT_DOWN;-1;-70.8;-3;1
2026.03.20 08:00;72.977;73.659;72.646;73.078;29.99;26.01;19.43;42.32;32.69;0.761;NEUTRE;0;65;2;1
2026.03.20 07:00;71.547;72.983;71.392;72.973;32.38;19.75;22.42;27.30;37.67;0.616;NEUTRE;0;63.2;2;1
2026.03.20 06:00;72.494;73.139;71.185;71.551;36.38;22.79;25.87;28.46;54.44;-1.344;SOFT_DOWN;-1;-78.8;-3;0
2026.03.20 05:00;73.847;73.848;72.311;72.491;41.01;26.30;20.98;57.25;70.76;-0.048;NEUTRE;0;-12.2;0;0
2026.03.20 04:00;74.180;74.210;73.611;73.847;45.59;30.34;11.20;77.61;73.75;1.821;SOFT_UP;1;84.4;3;0
2026.03.20 03:00;73.883;74.454;73.778;74.180;45.51;35.01;8.63;77.41;68.70;2.281;STRONG_UP;2;86.7;3;0
2026.03.20 02:00;73.773;74.138;73.437;73.879;43.22;33.20;9.96;66.24;62.91;1.866;SOFT_UP;1;87.3;3;0
2026.03.20 01:00;72.462;74.518;72.238;73.773;41.58;38.31;11.49;62.45;65.91;1.719;SOFT_UP;1;;;0
2026.03.20 00:00;72.526;73.215;72.429;72.462;39.69;35.41;13.26;60.03;73.76;-0.088;NEUTRE;0;;;0
2026.03.19 23:00;72.179;72.622;71.977;72.526;38.80;29.25;15.30;75.24;85.27;-4.374;STRONG_DOWN;-2;-76.9;-3;0
2026.03.19 22:00;72.795;73.422;72.174;72.179;39.95;33.75;12.96;86.00;90.77;-4.831;EXPLOSIVE_DOWN;-3;-78.6;-3;0
2026.03.19 20:00;72.512;72.839;72.495;72.768;39.24;31.76;14.95;94.57;90.98;-4.054;STRONG_DOWN;-2;-77.7;-3;0
2026.03.19 19:00;71.561;72.591;71.561;72.514;39.74;25.56;17.25;91.73;87.52;-4.389;STRONG_DOWN;-2;-79.1;-3;1
2026.03.19 18:00;71.296;71.596;70.897;71.559;42.87;14.65;19.90;86.64;82.58;-5.649;EXPLOSIVE_DOWN;-3;-82;-3;1
2026.03.19 17:00;70.122;71.923;70.055;71.301;47.13;16.91;22.96;84.17;77.30;-5.989;EXPLOSIVE_DOWN;-3;-82.8;-3;1
2026.03.19 16:00;70.100;71.145;69.804;70.126;52.04;13.10;26.50;76.92;66.47;-7.538;EXPLOSIVE_DOWN;-3;-84.6;-3;1
2026.03.19 15:00;70.019;71.029;69.059;70.109;54.85;13.79;30.57;70.81;52.69;-7.560;EXPLOSIVE_DOWN;-3;-85;-3;1
2026.03.19 14:00;69.601;70.476;69.074;70.025;57.46;11.59;35.28;51.68;33.97;-7.671;EXPLOSIVE_DOWN;-3;-85.4;-3;1
2026.03.19 13:00;67.261;69.664;65.461;69.603;58.53;4.46;40.70;35.57;23.27;-8.228;EXPLOSIVE_DOWN;-3;-86;-3;1
2026.03.19 12:00;70.218;70.220;66.461;67.318;55.19;5.15;43.31;14.66;18.83;-11.240;SPIKE_DOWN;-4;-87.3;-3;1
2026.03.19 11:00;70.770;71.317;70.233;70.233;51.57;5.94;34.58;19.59;19.70;-7.397;EXPLOSIVE_DOWN;-3;-86.2;-3;1
2026.03.19 10:00;71.571;71.962;70.407;70.776;48.62;6.85;37.43;22.24;17.24;-6.681;EXPLOSIVE_DOWN;-3;-86.2;-3;1
2026.03.19 09:00;71.320;71.880;71.071;71.578;45.48;7.91;36.62;17.27;11.54;-5.623;EXPLOSIVE_DOWN;-3;-85.9;-3;1
2026.03.19 08:00;71.132;71.752;69.960;71.316;42.56;6.69;42.26;12.21;9.08;-5.969;EXPLOSIVE_DOWN;-3;-86.6;-3;1
2026.03.19 07:00;72.276;72.780;71.064;71.122;37.93;7.72;39.28;5.14;9.33;-6.225;EXPLOSIVE_DOWN;-3;-87.1;-3;1
2026.03.19 06:00;74.308;74.912;71.675;72.276;33.44;8.91;39.85;9.89;24.08;-4.703;EXPLOSIVE_DOWN;-3;-86.8;-3;0
2026.03.19 05:00;75.680;76.004;74.304;74.304;28.82;10.28;33.48;12.96;41.99;-2.029;SOFT_DOWN;-1;-83.8;-3;0
2026.03.19 04:00;75.809;75.809;75.463;75.680;25.10;11.86;28.14;49.38;63.97;-0.215;NEUTRE;0;-50.5;-2;0
2026.03.19 03:00;76.407;76.536;75.809;75.810;22.69;13.69;17.13;63.63;66.92;-0.044;NEUTRE;0;-18.3;0;0
2026.03.19 02:00;76.126;76.662;75.775;76.407;24.47;15.79;19.77;78.89;60.40;0.744;NEUTRE;0;83.2;3;0
2026.03.19 01:00;76.389;76.661;75.433;76.107;26.51;18.20;22.81;58.24;42.53;0.348;NEUTRE;0;;;0
2026.03.19 00:00;75.843;76.641;75.818;76.397;28.86;21.01;21.50;44.09;28.54;0.730;NEUTRE;0;;;0
2026.03.18 23:00;75.654;76.233;75.575;75.845;33.12;16.61;24.80;25.27;16.30;-4.217;STRONG_DOWN;-2;-76.4;-3;0
2026.03.18 22:00;75.411;75.773;74.993;75.654;35.17;8.41;28.62;16.25;16.37;-4.458;STRONG_DOWN;-2;-77.6;-3;0
2026.03.18 20:00;75.891;75.994;74.992;75.366;32.19;9.70;33.02;7.37;23.95;-4.822;EXPLOSIVE_DOWN;-3;-79.6;-3;0
2026.03.18 19:00;76.009;76.512;75.850;75.893;28.74;11.20;24.93;25.49;35.11;-4.156;STRONG_DOWN;-2;-78.5;-3;1
2026.03.18 18:00;77.034;77.466;75.981;76.010;27.32;12.92;25.72;38.99;37.22;-4.008;STRONG_DOWN;-2;-78.7;-3;1
2026.03.18 17:00;77.100;77.492;76.915;76.990;26.42;14.91;20.00;40.85;34.87;-2.771;STRONG_DOWN;-2;-74.8;-3;1
2026.03.18 16:00;76.606;77.353;76.508;77.095;28.24;13.50;23.08;31.82;30.62;-2.638;STRONG_DOWN;-2;-74.9;-3;1
2026.03.18 15:00;76.787;77.094;76.526;76.604;28.56;10.86;26.63;31.95;28.41;-3.258;STRONG_DOWN;-2;-78.5;-3;1
2026.03.18 14:00;77.440;77.894;76.200;76.779;26.48;12.53;30.73;28.09;20.72;-3.037;STRONG_DOWN;-2;-78.4;-3;1
2026.03.18 13:00;77.543;77.543;75.561;77.441;24.08;11.27;35.45;25.17;23.91;-2.201;STRONG_DOWN;-2;-75.3;-3;1
2026.03.18 12:00;78.570;78.988;77.406;77.547;19.82;13.00;26.62;8.90;34.14;-2.067;SOFT_DOWN;-1;-75.6;-3;1
2026.03.18 11:00;79.046;79.607;78.356;78.568;17.58;15.00;21.47;37.67;55.88;-0.778;NEUTRE;0;-57.9;-2;1
2026.03.18 10:00;79.916;80.015;78.896;79.047;17.55;17.31;18.14;55.84;68.31;-0.173;NEUTRE;0;-21.3;0;1
2026.03.18 09:00;79.370;80.021;79.352;79.916;19.89;19.97;14.66;74.13;73.11;0.924;NEUTRE;0;66.6;3;1
2026.03.18 08:00;79.709;79.791;78.943;79.372;20.59;17.75;16.91;74.96;65.49;0.237;NEUTRE;0;33.7;1;1
2026.03.18 07:00;79.844;80.151;79.291;79.725;23.38;20.48;13.20;70.23;51.12;0.683;NEUTRE;0;65.5;3;1
2026.03.18 06:00;78.989;80.108;78.979;79.833;23.65;22.86;15.23;51.28;34.51;0.820;NEUTRE;0;72;3;0
2026.03.18 05:00;78.551;79.612;78.513;78.989;24.21;19.62;17.57;31.85;25.08;-0.246;NEUTRE;0;-48;-2;0
2026.03.18 04:00;78.689;78.790;78.248;78.551;27.09;11.13;20.28;20.41;24.85;-0.799;NEUTRE;0;-77.5;-3;0
2026.03.18 03:00;78.337;78.947;78.126;78.681;26.78;12.85;23.40;22.98;33.33;-0.635;NEUTRE;0;-78.2;-3;0
2026.03.18 02:00;79.156;79.381;78.152;78.348;26.42;14.82;26.51;31.16;40.06;-1.056;SOFT_DOWN;-1;-85.2;-3;0
2026.03.18 01:00;79.414;80.055;78.770;79.138;26.13;17.10;22.85;45.85;41.40;-0.058;NEUTRE;0;;;0
2026.03.18 00:00;79.184;79.786;79.170;79.414;27.94;19.73;21.58;43.16;38.06;0.290;NEUTRE;0;;;0
2026.03.17 23:00;78.978;79.191;78.977;79.184;31.55;7.91;24.90;35.18;36.95;-2.376;STRONG_DOWN;-2;-66.8;-3;0
2026.03.17 22:00;79.245;79.245;78.696;78.977;28.44;9.13;28.73;35.83;38.65;-2.631;STRONG_DOWN;-2;-69.6;-3;0
2026.03.17 20:00;79.136;79.259;79.067;79.218;24.85;10.53;22.75;39.83;39.63;-2.334;STRONG_DOWN;-2;-69.2;-3;0
2026.03.17 19:00;79.457;79.457;78.970;79.135;23.02;12.15;26.25;40.30;38.27;-2.436;STRONG_DOWN;-2;-70.9;-3;1
2026.03.17 18:00;79.539;79.841;79.383;79.456;20.92;14.02;17.24;38.75;34.96;-2.040;SOFT_DOWN;-1;-68.6;-3;1
2026.03.17 17:00;79.357;79.906;79.335;79.534;22.55;16.18;19.89;35.75;36.33;-1.944;SOFT_DOWN;-1;-68.8;-3;1
2026.03.17 16:00;79.213;79.580;78.753;79.361;24.44;9.88;22.95;30.37;43.38;-2.158;SOFT_DOWN;-1;-71.8;-3;1
2026.03.17 15:00;80.131;80.450;78.244;79.190;22.07;11.40;26.48;42.86;53.41;-2.368;STRONG_DOWN;-2;-74.3;-3;1
2026.03.17 14:00;81.237;81.332;80.113;80.133;19.35;13.16;17.52;56.90;51.45;-1.206;SOFT_DOWN;-1;-62.7;-2;1
2026.03.17 13:00;80.643;81.370;80.555;81.240;20.13;15.18;14.64;60.48;40.08;0.159;NEUTRE;0;15.4;0;1
2026.03.17 12:00;80.278;81.023;79.990;80.643;22.95;10.97;16.90;36.99;26.71;-0.577;NEUTRE;0;-47.3;-2;1
2026.03.17 11:00;80.196;80.721;80.069;80.274;23.21;8.16;19.49;22.78;21.25;-1.032;SOFT_DOWN;-1;-64.7;-2;1
2026.03.17 10:00;80.828;80.955;79.829;80.192;20.48;9.41;22.49;20.37;19.02;-1.133;SOFT_DOWN;-1;-68.6;-3;1
2026.03.17 09:00;80.904;81.003;80.508;80.833;17.32;10.86;16.68;20.59;21.22;-0.343;NEUTRE;0;-40.7;-1;1
2026.03.17 08:00;80.985;81.192;80.527;80.936;16.74;12.53;18.65;16.11;32.08;-0.216;NEUTRE;0;-31.3;-1;1
2026.03.17 07:00;80.585;81.340;80.585;80.987;16.29;14.46;20.18;26.95;52.00;-0.153;NEUTRE;0;-26.2;-1;1
2026.03.17 06:00;81.100;81.218;80.509;80.576;16.26;14.23;23.28;53.17;72.67;-0.660;NEUTRE;0;-68;-3;0
2026.03.17 05:00;82.428;82.460;81.020;81.099;15.05;16.42;15.78;75.89;84.19;-0.015;NEUTRE;0;-3.9;0;0
2026.03.17 04:00;81.351;82.520;81.286;82.430;17.06;18.95;15.36;88.97;81.62;1.626;SOFT_UP;1;83.8;3;0
2026.03.17 03:00;81.133;81.546;80.876;81.351;18.08;9.72;17.73;87.72;74.63;0.296;NEUTRE;0;65.8;3;0
2026.03.17 02:00;81.413;81.520;81.062;81.135;16.37;11.21;16.18;68.16;61.68;0.030;NEUTRE;0;18.7;0;0
2026.03.17 01:00;80.376;81.461;79.837;81.425;16.09;10.96;18.67;68.01;60.50;0.387;NEUTRE;0;;;0
2026.03.17 00:00;81.111;81.127;80.225;80.377;14.56;12.64;17.87;48.87;59.12;-0.905;NEUTRE;0;;;0
2026.03.16 23:00;80.732;81.146;80.721;81.110;14.16;14.59;12.16;64.62;66.41;1.315;SOFT_UP;1;52.2;2;0
2026.03.16 22:00;80.800;81.057;80.568;80.734;14.95;13.61;14.03;63.87;64.73;0.846;NEUTRE;0;40.9;1;0
2026.03.16 20:00;80.855;81.036;80.683;80.706;17.01;15.70;12.57;70.74;60.70;0.811;NEUTRE;0;42.4;1;0
2026.03.16 19:00;81.018;81.375;80.703;80.863;17.92;18.12;13.63;59.59;52.78;1.007;SOFT_UP;1;50.1;2;1
2026.03.16 18:00;80.212;81.375;80.088;81.017;18.51;20.90;15.73;51.76;54.31;1.199;SOFT_UP;1;56.3;2;1
2026.03.16 17:00;80.234;80.692;80.104;80.202;19.19;15.96;18.15;46.99;63.06;0.181;NEUTRE;0;13.5;0;1
2026.03.16 16:00;80.281;80.717;79.497;80.191;21.15;18.41;20.95;64.17;77.12;0.167;NEUTRE;0;13.2;0;1
2026.03.16 15:00;80.669;81.065;80.214;80.286;23.41;21.24;15.13;78.03;83.51;0.286;NEUTRE;0;23.3;0;1
2026.03.16 14:00;81.223;81.530;80.010;80.667;24.42;24.51;17.45;89.16;80.07;0.762;NEUTRE;0;50.8;2;1
2026.03.16 13:00;80.219;81.612;79.723;81.225;25.59;28.28;20.14;83.35;63.46;1.459;SOFT_UP;1;68.4;3;1
2026.03.16 12:00;78.914;80.242;78.828;80.234;26.94;21.47;23.24;67.71;45.50;0.221;NEUTRE;0;22.5;0;1
2026.03.16 11:00;78.880;79.408;78.669;78.914;30.48;15.70;26.81;39.32;27.58;-1.428;SOFT_DOWN;-1;-71.1;-3;1
2026.03.16 10:00;77.815;78.995;77.035;78.895;31.15;9.52;30.94;29.46;25.68;-1.451;SOFT_DOWN;-1;-73;-3;1
2026.03.16 09:00;79.121;79.162;77.562;77.841;27.80;10.99;31.56;13.96;31.95;-2.768;STRONG_DOWN;-2;-81.8;-3;1
2026.03.16 08:00;79.059;79.500;78.645;79.151;24.64;12.68;26.00;33.60;46.96;-1.132;SOFT_DOWN;-1;-72.6;-3;1
2026.03.16 07:00;80.115;80.370;78.916;79.054;23.13;14.63;25.12;48.29;54.80;-1.253;SOFT_DOWN;-1;-76.1;-3;1
2026.03.16 06:00;80.260;80.740;79.591;80.097;22.63;16.88;21.85;58.98;54.19;0.050;NEUTRE;0;10.6;0;0
2026.03.16 05:00;80.075;80.472;79.409;80.260;24.13;15.89;25.21;57.13;51.03;0.254;NEUTRE;0;48.9;2;0
2026.03.16 04:00;80.220;80.646;80.063;80.081;24.35;18.33;19.62;46.45;51.72;0.030;NEUTRE;0;9.6;0;0
2026.03.16 03:00;79.293;80.301;78.837;80.221;27.58;12.05;22.64;49.51;58.71;0.205;NEUTRE;0;57;2;0
2026.03.16 02:00;80.364;80.454;79.105;79.298;27.12;13.90;23.31;59.21;64.20;-0.948;NEUTRE;0;-84.7;-3;0
2026.03.16 01:00;81.447;81.472;78.430;80.365;27.40;16.04;26.89;67.41;61.72;0.385;NEUTRE;0;;;0
2026.03.16 00:00;80.057;81.523;80.051;81.451;27.73;18.51;22.83;65.96;56.09;1.741;SOFT_UP;1;;;0
2026.03.15 23:00;80.450;80.522;79.238;80.057;30.39;10.89;26.35;51.79;48.35;0.309;NEUTRE;0;16.8;0;0
2026.03.15 22:00;79.810;80.565;79.392;80.456;28.68;12.57;28.55;50.52;42.50;0.809;NEUTRE;0;39.6;1;0
2026.03.13 20:00;80.250;80.590;79.906;80.556;27.11;14.50;26.21;42.73;34.86;-4.114;STRONG_DOWN;-2;-77.8;-3;0
2026.03.13 19:00;80.981;81.084;79.841;80.241;26.85;16.73;30.24;34.24;26.31;-4.489;EXPLOSIVE_DOWN;-3;-79.4;-3;1
2026.03.13 18:00;80.930;81.228;80.702;80.982;26.56;19.31;24.23;27.61;17.32;-3.607;STRONG_DOWN;-2;-77.5;-3;1
2026.03.13 17:00;80.287;81.327;80.275;80.930;28.91;22.28;27.96;17.09;12.36;-3.669;STRONG_DOWN;-2;-78.4;-3;1
2026.03.13 16:00;80.208;80.533;79.417;80.288;31.61;14.09;32.26;7.27;21.14;-4.433;STRONG_DOWN;-2;-80.9;-3;1
2026.03.13 15:00;80.600;81.564;80.150;80.230;30.45;16.26;27.12;12.72;46.23;-4.502;EXPLOSIVE_DOWN;-3;-81.6;-3;1
2026.03.13 14:00;83.466;83.616;80.604;80.615;31.28;18.76;26.35;43.44;70.92;-4.043;STRONG_DOWN;-2;-81.3;-3;1
2026.03.13 13:00;84.231;84.468;83.313;83.536;33.50;21.65;16.57;82.53;79.67;-0.567;NEUTRE;0;-44.5;-1;1
2026.03.13 12:00;83.681;84.467;83.623;84.230;36.61;24.98;14.99;86.78;68.65;0.259;NEUTRE;0;25.9;1;1
2026.03.13 11:00;83.240;83.771;82.927;83.681;38.40;16.13;17.30;69.71;51.63;-0.394;NEUTRE;0;-38.9;-1;1
2026.03.13 10:00;82.987;83.506;82.694;83.241;43.77;13.78;19.96;49.45;36.16;-0.918;NEUTRE;0;-64.2;-2;1
2026.03.13 09:00;82.656;83.100;82.312;82.987;47.69;8.21;23.03;35.73;25.87;-1.220;SOFT_DOWN;-1;-71.9;-3;1
2026.03.13 08:00;82.389;82.869;81.608;82.654;47.73;4.96;26.57;23.29;19.61;-1.616;SOFT_DOWN;-1;-77.6;-3;1
2026.03.13 07:00;82.461;82.867;81.581;82.401;44.53;5.70;30.66;18.61;22.36;-1.918;SOFT_DOWN;-1;-80.8;-3;1
2026.03.13 06:00;83.661;83.886;82.183;82.463;40.82;6.58;28.18;16.92;31.39;-1.844;SOFT_DOWN;-1;-81.8;-3;0
2026.03.13 05:00;84.307;84.497;83.181;83.649;37.54;7.59;23.49;31.54;46.21;-0.432;NEUTRE;0;-62.8;-2;0
2026.03.13 04:00;84.705;84.730;84.187;84.305;35.45;8.76;15.35;45.71;60.72;0.349;NEUTRE;0;63;2;0
2026.03.13 03:00;84.406;84.750;84.109;84.707;36.70;10.11;17.71;61.38;69.65;0.827;NEUTRE;0;80.9;3;0
2026.03.13 02:00;84.796;85.195;84.351;84.408;38.15;11.67;14.63;75.06;71.15;0.471;NEUTRE;0;79.3;3;0
2026.03.13 01:00;85.054;85.427;83.944;84.792;42.29;13.46;16.88;72.50;60.73;0.928;NEUTRE;0;;;0
2026.03.13 00:00;84.012;85.060;83.906;85.054;47.06;11.72;19.47;65.88;48.71;1.240;SOFT_UP;1;;;0
2026.03.12 23:00;84.349;84.372;83.995;84.005;50.48;4.36;22.47;43.81;33.89;-0.683;NEUTRE;0;-33.8;-1;0
2026.03.12 22:00;83.376;84.350;83.199;84.349;47.86;4.13;25.93;36.43;23.37;-0.277;NEUTRE;0;-15.8;0;0
2026.03.12 20:00;84.485;84.598;83.029;83.834;44.06;4.76;29.91;21.42;16.45;-0.886;NEUTRE;0;-45;-1;0
2026.03.12 19:00;84.781;85.016;84.335;84.487;39.68;5.50;21.71;12.26;15.66;-0.113;NEUTRE;0;-7.6;0;1
2026.03.12 18:00;84.806;85.171;84.676;84.782;36.62;6.34;17.35;15.67;18.84;0.235;NEUTRE;0;16.4;0;1
2026.03.12 17:00;85.093;85.415;84.713;84.803;35.11;7.32;18.87;19.05;20.08;0.260;NEUTRE;0;19;0;1
2026.03.12 16:00;85.194;85.580;84.850;85.104;33.72;8.44;18.77;21.81;23.25;0.616;NEUTRE;0;40.9;1;1
2026.03.12 15:00;85.548;85.648;84.488;85.226;33.07;9.74;21.65;19.38;33.45;0.760;NEUTRE;0;48.8;2;1
2026.03.12 14:00;85.894;86.464;85.141;85.555;32.33;11.24;16.33;28.57;57.26;1.149;SOFT_UP;1;61.6;2;1
2026.03.12 13:00;87.301;87.408;85.712;85.894;34.46;12.97;12.20;52.40;78.90;1.550;SOFT_UP;1;69.6;3;1
2026.03.12 12:00;86.936;87.395;86.595;87.301;39.29;14.97;6.06;90.81;92.45;3.213;STRONG_UP;2;80.6;3;1
2026.03.12 11:00;87.206;87.207;86.783;86.923;38.82;17.27;7.00;93.51;93.23;2.767;STRONG_UP;2;80;3;1
2026.03.12 10:00;87.072;87.220;86.785;87.206;38.28;19.93;8.00;93.03;91.70;3.101;STRONG_UP;2;81.9;3;1
2026.03.12 09:00;86.749;87.131;86.697;87.073;37.60;19.85;9.23;93.14;88.86;2.944;STRONG_UP;2;82.3;3;1
2026.03.12 08:00;87.032;87.171;86.513;86.748;37.77;22.90;10.65;88.94;76.88;2.560;STRONG_UP;2;82.1;3;1
2026.03.12 07:00;86.137;87.055;85.796;87.009;37.96;23.71;12.29;84.49;61.86;2.868;STRONG_UP;2;83.8;3;1
2026.03.12 06:00;85.318;86.518;85.120;86.137;38.92;20.80;14.18;57.22;45.01;1.837;SOFT_UP;1;81.8;3;0
2026.03.12 05:00;84.400;85.443;84.395;85.318;42.00;12.17;16.36;43.87;42.72;0.869;NEUTRE;0;75.7;3;0
2026.03.12 04:00;84.890;84.924;84.369;84.402;46.19;6.42;18.88;33.93;48.25;-0.214;NEUTRE;0;-50.3;-2;0
2026.03.12 03:00;84.526;84.993;84.414;84.886;45.72;7.41;20.54;50.36;55.53;0.358;NEUTRE;0;69.6;3;0
2026.03.12 02:00;85.444;85.697;84.323;84.524;45.53;8.55;23.70;60.47;51.94;-0.070;NEUTRE;0;-38.3;-1;0
2026.03.12 01:00;85.596;85.891;84.914;85.444;45.30;9.86;20.72;55.76;43.81;1.018;SOFT_UP;1;;;0
2026.03.12 00:00;84.583;85.656;83.943;85.592;46.81;7.68;23.91;39.59;47.80;1.193;SOFT_UP;1;;;0
2026.03.11 23:00;84.911;85.184;84.526;84.582;46.10;8.86;22.35;36.09;62.08;-4.323;STRONG_DOWN;-2;-76.7;-3;0
2026.03.11 22:00;85.683;85.842;84.598;84.910;46.54;10.22;24.11;67.72;73.55;-3.952;STRONG_DOWN;-2;-76.1;-3;0
2026.03.11 20:00;85.984;86.054;85.620;85.731;47.47;11.79;15.18;82.42;67.20;-3.024;STRONG_DOWN;-2;-73.6;-3;0
2026.03.11 19:00;85.450;86.018;85.379;85.984;52.85;12.33;17.51;70.51;50.20;-2.737;STRONG_DOWN;-2;-72.9;-3;1
2026.03.11 18:00;85.265;85.870;85.233;85.450;58.30;10.66;20.21;48.67;36.95;-3.341;STRONG_DOWN;-2;-76.6;-3;1
2026.03.11 17:00;85.276;85.548;84.732;85.266;62.52;4.53;23.32;31.43;30.03;-3.550;STRONG_DOWN;-2;-78;-3;1
2026.03.11 16:00;84.826;85.388;84.439;85.277;61.75;2.21;26.91;30.75;27.84;-3.537;STRONG_DOWN;-2;-78.6;-3;1
2026.03.11 15:00;85.516;85.723;84.677;84.827;58.20;2.55;27.19;27.90;23.13;-4.046;STRONG_DOWN;-2;-80.7;-3;1
2026.03.11 14:00;85.220;85.914;85.195;85.517;54.40;2.94;23.75;24.87;16.75;-3.266;STRONG_DOWN;-2;-79.2;-3;1
2026.03.11 13:00;85.264;86.188;84.427;85.230;50.78;3.39;27.40;16.63;12.84;-3.590;STRONG_DOWN;-2;-80.9;-3;1
2026.03.11 12:00;86.228;86.739;85.257;85.288;46.59;3.91;24.37;8.74;14.08;-3.525;STRONG_DOWN;-2;-81.4;-3;1
2026.03.11 11:00;86.527;87.000;85.958;86.236;42.63;4.51;20.84;13.15;19.29;-2.452;STRONG_DOWN;-2;-78.7;-3;1
2026.03.11 10:00;86.613;87.152;86.405;86.526;39.28;5.21;17.45;20.34;23.82;-2.124;SOFT_DOWN;-1;-78.2;-3;1
2026.03.11 09:00;87.064;87.348;86.422;86.615;37.01;6.01;19.78;24.38;25.03;-2.024;SOFT_DOWN;-1;-78.8;-3;1
2026.03.11 08:00;86.956;87.259;86.382;87.099;34.49;5.46;22.83;26.75;25.16;-1.476;SOFT_DOWN;-1;-76.5;-3;1
2026.03.11 07:00;87.397;87.632;86.358;86.955;30.35;6.29;26.34;23.96;24.88;-1.639;SOFT_DOWN;-1;-79.3;-3;1
2026.03.11 06:00;87.641;88.051;87.280;87.407;25.57;7.26;19.26;24.77;29.25;-1.128;SOFT_DOWN;-1;-76.7;-3;0
2026.03.11 05:00;88.219;88.336;86.983;87.627;22.54;8.38;22.22;25.90;35.22;-0.879;NEUTRE;0;-75.8;-3;0
2026.03.11 04:00;88.175;88.420;87.990;88.219;19.05;9.67;14.19;37.08;48.76;-0.209;NEUTRE;0;-49.7;-2;0
2026.03.11 03:00;88.763;88.861;88.023;88.173;19.07;11.16;15.19;42.67;59.33;-0.261;NEUTRE;0;-63;-2;0
2026.03.11 02:00;88.485;89.005;87.804;88.758;19.65;12.87;17.53;66.53;67.60;0.400;NEUTRE;0;77.5;3;0
2026.03.11 01:00;89.205;89.406;88.385;88.486;20.32;14.85;12.78;68.78;63.86;0.093;NEUTRE;0;;;0
2026.03.11 00:00;88.404;89.240;87.784;89.210;22.29;14.64;14.75;67.48;58.13;0.912;NEUTRE;0;;;0
2026.03.10 23:00;88.273;88.554;88.052;88.404;25.66;9.64;17.01;55.31;51.13;1.299;SOFT_UP;1;51.8;2;0
2026.03.10 22:00;87.963;88.881;87.774;88.267;25.35;11.13;19.63;51.61;47.98;1.142;SOFT_UP;1;49.5;2;0
2026.03.10 20:00;88.419;88.615;88.268;88.313;25.00;12.84;15.79;46.46;48.73;1.195;SOFT_UP;1;53.4;2;0
2026.03.10 19:00;87.890;88.647;87.730;88.410;27.26;14.81;18.22;45.88;58.89;1.306;SOFT_UP;1;57.2;2;1
2026.03.10 18:00;89.026;89.124;86.917;87.885;29.86;17.09;21.02;53.85;70.91;0.705;NEUTRE;0;41.4;1;1
2026.03.10 17:00;89.434;89.597;88.945;89.029;32.87;19.72;10.11;76.93;76.72;2.016;SOFT_UP;1;69.5;3;1
2026.03.10 16:00;89.492;89.683;89.030;89.422;32.98;22.75;9.67;81.95;70.61;2.466;STRONG_UP;2;73.9;3;1
2026.03.10 15:00;89.135;89.685;89.039;89.476;31.84;26.25;10.94;71.27;58.42;2.528;STRONG_UP;2;75.2;3;1
2026.03.10 14:00;88.775;89.271;88.327;89.134;30.40;20.43;12.62;58.60;47.68;2.136;SOFT_UP;1;73.8;3;1
2026.03.10 13:00;88.599;89.628;88.368;88.778;31.45;23.58;13.90;45.40;42.69;1.728;SOFT_UP;1;71.5;3;1
2026.03.10 12:00;88.353;88.809;87.919;88.601;32.31;17.20;16.04;39.06;47.12;1.525;SOFT_UP;1;70.8;3;1
2026.03.10 11:00;88.383;88.924;88.015;88.352;36.74;19.85;16.84;43.61;61.04;1.240;SOFT_UP;1;68.5;3;1
2026.03.10 10:00;89.132;89.132;87.808;88.382;41.13;22.91;19.43;58.70;70.32;1.274;SOFT_UP;1;70.8;3;1
2026.03.10 09:00;89.017;89.439;88.988;89.130;46.20;26.43;8.71;80.80;74.91;2.131;SOFT_UP;1;79.4;3;1
2026.03.10 08:00;89.154;89.364;88.850;88.992;45.55;27.94;10.05;71.48;68.48;1.973;SOFT_UP;1;79.8;3;1
2026.03.10 07:00;88.930;89.180;88.363;89.165;45.31;26.73;11.60;72.46;63.70;2.171;SOFT_UP;1;81.9;3;1
2026.03.10 06:00;89.127;89.196;88.578;88.929;46.21;30.84;9.34;61.50;57.63;1.901;SOFT_UP;1;82;3;0
2026.03.10 05:00;88.356;89.196;88.351;89.123;45.09;35.58;10.77;57.14;59.89;2.123;SOFT_UP;1;84;3;0
2026.03.10 04:00;88.055;88.455;87.875;88.356;43.79;27.57;12.43;54.25;65.54;1.244;SOFT_UP;1;81.9;3;0
2026.03.10 03:00;88.804;89.286;87.686;88.055;44.70;31.81;14.34;68.27;74.16;0.900;NEUTRE;0;81.6;3;0
2026.03.10 02:00;89.412;89.968;88.712;88.806;45.76;36.70;6.68;74.09;78.59;1.760;SOFT_UP;1;87.1;3;0
2026.03.10 01:00;86.888;89.523;86.569;89.410;42.15;36.90;7.71;80.12;84.76;2.452;STRONG_UP;2;;;0
2026.03.10 00:00;87.270;87.633;86.835;86.955;38.57;32.73;8.90;81.56;90.05;-0.361;NEUTRE;0;;;0
2026.03.09 23:00;87.446;88.005;86.950;87.284;35.70;37.77;8.05;92.60;93.93;6.536;EXPLOSIVE_UP;3;81.1;3;0
2026.03.09 22:00;86.751;87.508;86.522;87.446;31.21;36.33;9.29;95.98;90.68;6.734;EXPLOSIVE_UP;3;81.8;3;0
2026.03.09 20:00;86.368;86.999;86.320;86.985;26.89;33.98;10.72;93.20;85.13;6.171;EXPLOSIVE_UP;3;81.8;3;0
2026.03.09 19:00;85.789;86.677;85.681;86.365;23.02;31.91;12.36;82.85;77.66;5.414;EXPLOSIVE_UP;3;81.1;3;1
2026.03.09 18:00;84.322;86.048;84.053;85.766;19.77;27.10;14.27;79.33;73.94;4.683;EXPLOSIVE_UP;3;80.3;3;1
2026.03.09 17:00;84.650;84.776;83.845;84.319;18.04;21.46;16.46;70.78;66.02;2.917;STRONG_UP;2;75.5;3;1
2026.03.09 16:00;84.390;84.747;84.215;84.649;18.79;24.76;12.88;71.72;58.87;3.320;STRONG_UP;2;77.9;3;1
2026.03.09 15:00;84.300;84.580;84.027;84.393;16.83;23.74;14.86;55.56;46.48;3.007;STRONG_UP;2;77.5;3;1
2026.03.09 14:00;83.447;84.489;83.087;84.298;15.88;24.86;17.15;49.33;37.01;2.892;STRONG_UP;2;77.9;3;1
2026.03.09 13:00;83.689;85.056;83.385;83.481;15.50;28.69;16.52;34.56;32.15;1.894;SOFT_UP;1;73.1;3;1
2026.03.09 12:00;83.190;84.096;83.190;83.683;13.74;24.26;19.06;27.16;35.39;2.141;SOFT_UP;1;76;3;1
2026.03.09 11:00;83.183;83.543;82.809;83.186;14.00;18.64;21.99;34.73;44.35;1.534;SOFT_UP;1;72.3;3;1
2026.03.09 10:00;83.975;84.203;83.018;83.184;14.89;21.51;20.99;44.27;52.89;1.532;SOFT_UP;1;73.8;3;1
2026.03.09 09:00;83.736;84.468;83.541;83.975;16.99;24.82;17.43;54.05;63.03;2.497;STRONG_UP;2;80.9;3;1
2026.03.09 08:00;83.569;83.863;83.213;83.742;16.92;18.60;20.11;60.34;71.86;2.213;STRONG_UP;2;80.9;3;1
2026.03.09 07:00;83.745;83.779;83.101;83.567;18.92;19.47;23.21;74.69;80.37;1.999;SOFT_UP;1;81.2;3;1
2026.03.09 06:00;84.216;84.918;83.671;83.745;20.48;22.47;13.84;80.54;80.06;2.217;STRONG_UP;2;83.2;3;0
2026.03.09 05:00;82.587;84.724;82.411;84.214;19.98;23.53;15.97;85.87;72.00;2.789;STRONG_UP;2;85.5;3;0
2026.03.09 04:00;83.095;83.512;82.537;82.587;20.11;19.09;18.43;73.76;55.45;0.803;NEUTRE;0;77.5;3;0
2026.03.09 03:00;82.679;83.424;82.380;83.094;22.94;20.64;21.27;56.36;38.78;1.422;SOFT_UP;1;84.7;3;0
2026.03.09 02:00;81.031;83.019;80.634;82.679;26.24;17.85;24.54;36.23;28.31;0.915;NEUTRE;0;84.5;3;0
2026.03.09 01:00;81.396;81.396;79.558;81.021;27.84;10.12;28.32;23.76;28.33;-1.108;SOFT_DOWN;-1;;;0
2026.03.09 00:00;81.929;82.317;80.777;81.436;24.85;11.68;22.69;24.93;34.31;-0.602;NEUTRE;0;;;0
2026.03.08 23:00;83.226;83.505;80.941;81.929;23.74;13.48;24.54;36.30;42.93;-3.229;STRONG_DOWN;-2;-72.5;-3;0
2026.03.08 22:00;84.663;84.788;82.292;83.226;22.92;15.55;20.21;41.70;51.33;-1.697;SOFT_DOWN;-1;-60.1;-2;0
2026.03.06 21:00;83.869;84.553;83.817;84.363;24.45;17.95;13.92;50.79;61.77;1.991;SOFT_UP;1;64.9;2;0
2026.03.06 20:00;84.369;84.483;83.606;83.876;26.26;19.24;16.06;61.50;69.59;1.402;SOFT_UP;1;57.7;2;0
2026.03.06 19:00;84.431;84.737;84.229;84.367;28.91;22.21;7.60;73.01;73.53;1.996;SOFT_UP;1;67.1;3;1
2026.03.06 18:00;84.026;84.577;83.724;84.434;25.82;20.78;8.77;74.27;74.77;2.077;SOFT_UP;1;69;3;1
2026.03.06 17:00;83.970;84.239;83.552;84.031;23.54;17.88;10.11;73.31;72.06;1.590;SOFT_UP;1;64.6;2;1
2026.03.06 16:00;84.160;84.833;83.596;83.969;22.89;20.63;10.69;76.73;62.48;1.515;SOFT_UP;1;64.9;2;1
2026.03.06 15:00;83.751;84.925;83.704;84.157;21.53;23.80;10.99;66.14;44.28;1.742;SOFT_UP;1;69.1;3;1
2026.03.06 14:00;82.538;83.755;82.368;83.743;19.18;12.72;12.68;44.57;28.49;1.242;SOFT_UP;1;63.4;2;1
2026.03.06 13:00;82.348;84.113;81.655;82.557;22.10;14.68;14.63;22.13;19.69;-0.192;NEUTRE;0;-18.4;0;1
2026.03.06 12:00;82.266;82.828;82.100;82.386;25.48;8.89;16.88;18.77;22.37;-0.399;NEUTRE;0;-36.8;-1;1
2026.03.06 11:00;82.956;83.449;81.860;82.266;24.63;10.26;19.47;18.16;33.04;-0.544;NEUTRE;0;-48.1;-2;1
2026.03.06 10:00;82.776;83.237;82.369;82.949;23.65;11.84;17.54;30.19;53.47;0.282;NEUTRE;0;32.4;1;1
2026.03.06 09:00;84.197;84.231;82.394;82.774;24.30;13.66;19.80;50.78;69.13;0.070;NEUTRE;0;9.9;0;1
2026.03.06 08:00;84.631;84.715;83.759;84.196;25.21;15.76;11.41;79.43;77.47;1.789;SOFT_UP;1;78.8;3;1
2026.03.06 07:00;84.317;84.644;83.886;84.631;26.63;18.18;11.12;77.18;77.83;2.315;STRONG_UP;2;82.4;3;1
2026.03.06 06:00;83.660;84.420;83.482;84.312;27.02;16.43;12.83;75.80;80.01;1.929;SOFT_UP;1;82.1;3;0
2026.03.06 05:00;84.138;84.324;83.328;83.655;29.28;17.39;14.81;80.51;83.59;1.135;SOFT_UP;1;78.9;3;0
2026.03.06 04:00;84.332;84.488;84.009;84.138;32.56;20.06;6.57;83.72;82.84;1.719;SOFT_UP;1;84.1;3;0
2026.03.06 03:00;83.762;84.597;83.756;84.332;29.77;23.15;7.58;86.55;81.42;1.954;SOFT_UP;1;86.1;3;0
2026.03.06 02:00;84.060;84.094;83.339;83.762;26.55;17.51;8.74;78.24;77.73;1.265;SOFT_UP;1;86;3;0
2026.03.06 01:00;82.288;84.397;81.748;84.060;25.50;20.20;10.09;79.47;78.65;1.625;SOFT_UP;1;;;0
2026.03.06 00:00;82.716;83.284;82.256;82.290;24.29;16.85;11.64;75.48;69.71;-0.515;NEUTRE;0;;;0
2026.03.05 23:00;82.427;83.239;82.125;82.716;25.22;18.76;13.43;81.01;55.71;-1.513;SOFT_DOWN;-1;-56;-2;0
2026.03.05 21:00;81.951;82.300;81.835;82.153;26.55;8.68;15.50;52.64;34.05;-2.184;SOFT_DOWN;-1;-66.9;-3;0
2026.03.05 20:00;80.978;82.288;80.696;81.951;26.29;9.62;17.88;33.48;22.22;-2.424;STRONG_DOWN;-2;-69.9;-3;0
2026.03.05 19:00;81.570;81.972;80.597;80.964;25.72;8.05;20.64;16.02;17.76;-3.599;STRONG_DOWN;-2;-76.8;-3;1
2026.03.05 18:00;81.423;82.380;81.263;81.569;22.93;9.29;16.36;17.16;21.02;-2.879;STRONG_DOWN;-2;-74.5;-3;1
2026.03.05 17:00;81.734;82.318;81.303;81.458;22.21;9.86;18.88;20.10;25.25;-3.011;STRONG_DOWN;-2;-75.9;-3;1
2026.03.05 16:00;82.307;82.328;81.071;81.690;20.80;11.38;21.78;25.81;30.80;-2.735;STRONG_DOWN;-2;-75.4;-3;1
2026.03.05 15:00;82.596;83.256;81.310;82.304;19.18;13.13;22.20;29.85;37.46;-2.004;SOFT_DOWN;-1;-71.6;-3;1
2026.03.05 14:00;82.540;83.249;81.854;82.604;18.18;15.15;21.32;36.74;51.47;-1.647;SOFT_DOWN;-1;-69.3;-3;1
2026.03.05 13:00;83.961;84.043;81.629;82.551;18.37;17.48;24.60;45.80;65.59;-1.710;SOFT_DOWN;-1;-71.4;-3;1
2026.03.05 12:00;84.081;84.679;83.900;83.957;18.60;20.17;13.91;71.89;76.97;-0.036;NEUTRE;0;-3.9;0;1
2026.03.05 11:00;84.198;84.485;84.017;84.074;18.64;19.44;16.05;79.09;77.13;0.104;NEUTRE;0;12;0;1
2026.03.05 10:00;84.108;84.460;83.633;84.197;20.03;21.61;18.52;79.92;72.24;0.250;NEUTRE;0;29.4;1;1
2026.03.05 09:00;83.808;84.896;83.512;84.108;21.93;24.94;21.37;72.37;61.14;0.144;NEUTRE;0;19.8;0;1
2026.03.05 08:00;83.585;83.870;82.742;83.807;24.12;17.37;24.66;64.43;49.70;-0.214;NEUTRE;0;-31.1;-1;1
2026.03.05 07:00;83.368;83.786;83.064;83.606;25.16;20.04;24.06;46.63;39.38;-0.454;NEUTRE;0;-55.6;-2;1
2026.03.05 06:00;82.536;83.560;80.452;83.372;27.63;18.31;27.76;38.04;47.98;-0.732;NEUTRE;0;-70;-3;0
2026.03.05 05:00;84.599;84.733;82.523;82.523;28.72;21.13;21.78;33.46;60.36;-1.743;SOFT_DOWN;-1;-82.7;-3;0
2026.03.05 04:00;84.802;85.022;84.125;84.599;32.91;24.38;13.98;72.45;76.03;0.729;NEUTRE;0;76.3;3;0
2026.03.05 03:00;85.085;85.484;84.552;84.803;33.80;28.13;8.81;75.19;78.74;0.972;NEUTRE;0;82.2;3;0
2026.03.05 02:00;84.255;85.094;84.241;85.085;30.95;26.02;10.16;80.45;82.74;1.307;SOFT_UP;1;86.1;3;0
2026.03.05 01:00;84.112;85.157;84.112;84.255;28.97;30.02;11.73;80.58;78.68;0.319;NEUTRE;0;;;0
2026.03.05 00:00;83.987;84.301;83.861;84.113;26.69;22.04;13.53;87.18;70.36;0.150;NEUTRE;0;;;0
2026.03.04 23:00;83.586;84.006;83.265;83.987;27.12;15.11;15.61;68.27;56.08;1.250;SOFT_UP;1;50.8;2;0
2026.03.04 21:00;83.107;83.517;83.054;83.470;31.04;7.28;18.01;55.63;45.29;0.627;NEUTRE;0;33.9;1;0
2026.03.04 20:00;83.530;83.713;82.809;83.105;29.28;8.40;20.79;44.35;33.92;0.187;NEUTRE;0;11.9;0;0
2026.03.04 19:00;83.286;83.699;83.015;83.541;27.26;9.70;20.48;35.89;25.65;0.712;NEUTRE;0;40.2;1;1
2026.03.04 18:00;83.527;83.607;82.136;83.280;25.96;9.12;23.63;21.51;19.05;0.398;NEUTRE;0;26.5;1;1
2026.03.04 17:00;83.516;83.923;82.956;83.528;23.14;10.52;18.69;19.54;17.08;0.697;NEUTRE;0;42.7;1;1
2026.03.04 16:00;84.165;84.564;83.220;83.508;22.40;12.14;17.36;16.11;16.46;0.673;NEUTRE;0;43.5;1;1
2026.03.04 15:00;83.402;84.587;83.084;84.160;23.12;14.01;20.03;15.59;25.42;1.459;SOFT_UP;1;65.5;3;1
2026.03.04 14:00;84.655;85.189;83.120;83.405;23.96;16.16;22.75;17.68;42.61;0.549;NEUTRE;0;41.5;1;1
2026.03.04 13:00;85.395;86.148;84.511;84.655;25.04;18.65;15.90;42.99;65.00;2.055;SOFT_UP;1;74.3;3;1
2026.03.04 12:00;86.129;86.790;84.922;85.384;27.67;21.52;14.49;67.15;78.64;2.934;STRONG_UP;2;79.7;3;1
2026.03.04 11:00;85.925;86.437;85.816;86.128;28.92;24.83;9.35;84.85;83.67;3.831;STRONG_UP;2;82.7;3;1
2026.03.04 10:00;86.149;86.570;85.554;85.927;26.40;28.65;10.79;83.91;79.63;3.589;STRONG_UP;2;83;3;1
2026.03.04 09:00;85.249;86.222;85.033;86.149;23.50;27.79;12.45;82.25;75.29;3.857;STRONG_UP;2;84.1;3;1
2026.03.04 08:00;84.802;85.755;84.326;85.270;21.25;26.02;14.37;72.73;72.35;2.797;STRONG_UP;2;82.8;3;1
2026.03.04 07:00;84.847;85.178;84.699;84.755;20.08;23.81;16.58;70.90;74.23;2.176;SOFT_UP;1;81.9;3;1
2026.03.04 06:00;84.510;84.868;83.695;84.841;20.42;17.52;19.13;73.43;75.76;2.280;STRONG_UP;2;83.3;3;0
2026.03.04 05:00;84.612;84.994;84.177;84.510;22.88;20.22;15.75;78.35;78.32;1.881;SOFT_UP;1;83.3;3;0
2026.03.04 04:00;84.874;85.383;84.392;84.612;24.49;23.33;14.13;75.50;78.08;2.004;SOFT_UP;1;84.9;3;0
2026.03.04 03:00;83.997;84.955;83.287;84.873;24.48;20.27;16.30;81.11;79.15;2.318;STRONG_UP;2;86.7;3;0
2026.03.04 02:00;84.305;85.452;83.948;83.995;26.58;23.39;12.71;77.63;69.09;1.260;SOFT_UP;1;86;3;0
2026.03.04 01:00;83.188;84.367;82.218;84.305;26.12;15.89;14.67;78.72;55.78;1.634;SOFT_UP;1;;;0
2026.03.04 00:00;82.950;83.309;81.843;83.188;29.53;10.76;16.92;50.91;46.57;0.287;NEUTRE;0;;;0
2026.03.03 23:00;82.054;83.094;81.388;82.949;30.64;10.16;19.53;37.70;54.19;-7.868;EXPLOSIVE_DOWN;-3;-82.6;-3;0
2026.03.03 21:00;82.423;82.649;81.838;81.987;30.50;11.72;18.47;51.08;67.59;-8.937;EXPLOSIVE_DOWN;-3;-84;-3;0
2026.03.03 20:00;82.992;83.451;81.963;82.404;31.75;13.52;18.95;73.77;76.14;-8.474;EXPLOSIVE_DOWN;-3;-84;-3;0
2026.03.03 19:00;83.473;83.780;82.192;82.973;34.06;15.60;19.49;77.92;76.45;-7.842;EXPLOSIVE_DOWN;-3;-83.9;-3;1
2026.03.03 18:00;82.088;83.992;82.061;83.473;37.59;18.00;22.49;76.72;69.28;-7.286;EXPLOSIVE_DOWN;-3;-83.7;-3;1
2026.03.03 17:00;82.490;83.069;81.573;82.103;41.67;13.42;25.95;74.71;61.18;-8.808;EXPLOSIVE_DOWN;-3;-85.1;-3;1
2026.03.03 16:00;82.498;83.676;82.082;82.487;43.19;15.48;24.71;56.41;51.75;-8.381;EXPLOSIVE_DOWN;-3;-85.2;-3;1
2026.03.03 15:00;79.461;82.576;79.402;82.502;46.30;7.25;28.51;52.43;48.76;-8.365;EXPLOSIVE_DOWN;-3;-85.5;-3;1
2026.03.03 14:00;82.141;82.865;79.084;79.454;44.27;8.36;32.90;46.41;42.91;-11.750;SPIKE_DOWN;-4;-87;-3;1
2026.03.03 13:00;83.229;83.233;81.295;82.178;41.94;9.65;28.96;47.43;34.70;-8.725;EXPLOSIVE_DOWN;-3;-86.2;-3;1
2026.03.03 12:00;81.113;83.469;80.843;83.247;40.69;11.13;33.42;34.89;25.20;-7.537;EXPLOSIVE_DOWN;-3;-86;-3;1
2026.03.03 11:00;81.933;82.508;77.906;81.109;39.26;7.22;38.56;21.78;25.33;-9.912;SPIKE_DOWN;-4;-87.2;-3;1
2026.03.03 10:00;84.279;84.676;81.558;81.939;34.76;8.33;32.28;18.92;31.04;-8.990;EXPLOSIVE_DOWN;-3;-87.2;-3;1
2026.03.03 09:00;84.936;85.441;82.950;84.280;31.03;9.61;30.38;35.29;37.02;-6.390;EXPLOSIVE_DOWN;-3;-86.4;-3;1
2026.03.03 08:00;87.070;87.649;84.817;84.937;27.81;11.08;23.52;38.92;35.07;-5.660;EXPLOSIVE_DOWN;-3;-86.4;-3;1
2026.03.03 07:00;85.133;87.374;84.805;87.074;26.56;11.30;27.14;36.86;34.71;-3.287;STRONG_DOWN;-2;-84.6;-3;1
2026.03.03 06:00;86.888;87.426;82.839;85.143;24.31;13.03;31.32;29.42;41.53;-5.431;EXPLOSIVE_DOWN;-3;-87.2;-3;0
2026.03.03 05:00;89.638;90.075;86.071;86.888;21.70;15.04;25.30;37.83;46.86;-3.493;STRONG_DOWN;-2;-86.4;-3;0
2026.03.03 04:00;90.164;90.232;89.476;89.639;21.13;17.35;16.10;57.32;49.63;-0.438;NEUTRE;0;-67.9;-3;0
2026.03.03 03:00;90.062;90.238;89.663;90.162;23.81;20.02;14.78;45.41;48.23;0.143;NEUTRE;0;47;2;0
2026.03.03 02:00;88.605;90.200;88.126;90.063;25.15;22.08;17.05;46.16;56.50;0.033;NEUTRE;0;20.4;0;0
2026.03.03 01:00;90.540;91.231;88.319;88.604;27.04;25.48;18.24;53.10;65.91;-1.587;SOFT_DOWN;-1;;;0
2026.03.03 00:00;90.033;91.316;89.732;90.540;28.65;29.40;13.58;70.24;71.50;0.563;NEUTRE;0;;;0
2026.03.02 23:00;89.803;90.211;89.403;90.035;27.40;23.19;15.67;74.38;66.00;-5.950;EXPLOSIVE_DOWN;-3;-80.3;-3;0
2026.03.02 21:00;89.937;90.077;89.085;89.274;28.64;24.56;18.08;69.87;51.95;-6.745;EXPLOSIVE_DOWN;-3;-82.1;-3;0
2026.03.02 20:00;89.294;90.731;89.149;89.936;30.70;28.34;19.87;53.74;34.40;-6.053;EXPLOSIVE_DOWN;-3;-81.7;-3;0
2026.03.02 19:00;88.742;89.698;88.697;89.292;32.72;22.66;22.93;32.23;19.73;-6.726;EXPLOSIVE_DOWN;-3;-82.9;-3;1
2026.03.02 18:00;87.889;88.858;87.425;88.744;37.67;13.23;26.46;17.23;12.72;-7.299;EXPLOSIVE_DOWN;-3;-83.8;-3;1
2026.03.02 17:00;86.965;88.155;86.814;87.886;38.33;7.72;30.53;9.74;12.60;-8.195;EXPLOSIVE_DOWN;-3;-84.7;-3;1
2026.03.02 16:00;88.578;88.579;86.447;86.999;35.06;8.91;35.22;11.20;18.60;-9.121;EXPLOSIVE_DOWN;-3;-85.5;-3;1
2026.03.02 15:00;89.825;90.832;88.352;88.601;31.28;10.28;27.03;16.87;24.93;-7.448;EXPLOSIVE_DOWN;-3;-84.9;-3;1
2026.03.02 14:00;93.829;93.838;88.187;89.849;29.18;11.86;31.19;27.73;32.59;-6.144;EXPLOSIVE_DOWN;-3;-84.2;-3;1
2026.03.02 13:00;95.087;95.087;92.970;93.827;26.76;13.68;22.97;30.19;40.35;-1.989;SOFT_DOWN;-1;-73.8;-3;1
2026.03.02 12:00;94.558;95.304;94.278;95.089;26.98;15.79;17.01;39.85;53.30;-0.671;NEUTRE;0;-51.6;-2;1
2026.03.02 11:00;95.203;95.392;94.283;94.555;30.55;18.22;19.55;50.99;67.41;-1.228;SOFT_DOWN;-1;-68.3;-3;1
2026.03.02 10:00;95.289;95.594;95.065;95.203;34.71;21.02;11.71;69.05;79.75;-0.552;NEUTRE;0;-51.2;-2;1
2026.03.02 09:00;95.450;95.744;94.971;95.289;35.68;24.25;13.51;82.19;86.13;-0.462;NEUTRE;0;-49.2;-2;1
2026.03.02 08:00;96.037;96.106;95.308;95.449;36.79;27.98;8.88;88.00;81.55;-0.295;NEUTRE;0;-39.7;-1;1
2026.03.02 07:00;94.910;96.045;94.811;96.036;34.48;31.11;10.25;88.20;71.10;0.319;NEUTRE;0;45.8;2;1
2026.03.02 06:00;94.069;95.293;93.986;94.910;32.02;26.52;11.83;68.46;57.69;-0.858;NEUTRE;0;-72.8;-3;0
2026.03.02 05:00;93.724;94.350;93.375;94.069;31.06;19.51;13.65;56.65;46.26;-1.736;SOFT_DOWN;-1;-82.7;-3;0
2026.03.02 04:00;94.302;94.409;93.278;93.724;33.12;22.51;15.75;47.96;36.95;-2.096;SOFT_DOWN;-1;-85.2;-3;0
2026.03.02 03:00;93.924;94.548;93.710;94.302;35.49;25.97;12.29;34.18;34.85;-1.493;SOFT_DOWN;-1;-84.9;-3;0
2026.03.02 02:00;92.185;94.035;92.145;93.924;35.45;20.55;14.18;28.71;45.96;-1.888;SOFT_DOWN;-1;-87.3;-3;0
2026.03.02 01:00;94.197;94.699;91.953;92.185;38.09;23.71;16.37;41.66;64.77;-3.704;STRONG_DOWN;-2;;;0
2026.03.02 00:00;95.731;95.776;94.115;94.197;41.13;27.35;6.77;67.51;76.57;-1.602;SOFT_DOWN;-1;;;0
2026.03.01 23:00;95.460;96.392;93.894;95.738;38.18;31.56;7.81;85.13;78.02;0.291;NEUTRE;0;15.9;0;0
2026.02.27 21:00;93.786;93.893;93.603;93.738;34.78;21.93;9.02;77.07;75.34;6.331;EXPLOSIVE_UP;3;81.6;3;0
2026.02.27 20:00;93.177;93.854;93.047;93.787;33.71;23.24;10.40;71.85;76.58;6.386;EXPLOSIVE_UP;3;82.1;3;0
2026.02.27 19:00;93.168;93.498;92.827;93.177;33.03;20.02;12.00;77.09;81.71;5.694;EXPLOSIVE_UP;3;81.6;3;1
2026.02.27 18:00;93.569;93.814;92.302;93.168;34.26;23.11;13.85;80.80;83.35;5.684;EXPLOSIVE_UP;3;82;3;1
2026.02.27 17:00;93.163;93.812;92.920;93.575;35.68;26.66;9.69;87.24;84.43;6.146;EXPLOSIVE_UP;3;83;3;1
2026.02.27 16:00;93.497;94.088;93.008;93.159;33.98;30.76;9.67;82.02;80.50;5.674;EXPLOSIVE_UP;3;82.9;3;1
2026.02.27 15:00;91.594;93.769;91.503;93.497;31.19;30.95;11.16;84.03;79.03;6.057;EXPLOSIVE_UP;3;83.7;3;1
2026.02.27 14:00;92.147;92.326;90.886;91.595;28.75;25.91;12.87;75.47;70.02;3.900;STRONG_UP;2;80.9;3;1
2026.02.27 13:00;89.766;92.668;89.644;92.152;28.00;29.90;14.85;77.59;60.04;4.532;EXPLOSIVE_UP;3;82.7;3;1
2026.02.27 12:00;89.928;90.102;89.435;89.764;27.14;21.45;17.14;57.01;43.73;1.823;SOFT_UP;1;73.7;3;1
2026.02.27 11:00;89.653;89.992;89.560;89.927;29.59;24.75;16.89;45.52;36.97;2.008;SOFT_UP;1;76.3;3;1
2026.02.27 10:00;89.619;89.723;89.009;89.653;31.24;18.97;19.49;28.67;39.11;1.697;SOFT_UP;1;75.3;3;1
2026.02.27 09:00;89.504;90.007;89.398;89.619;35.84;21.89;14.10;36.73;56.70;1.658;SOFT_UP;1;76.5;3;1
2026.02.27 08:00;90.114;90.283;89.481;89.501;38.03;25.26;14.18;51.94;71.65;1.525;SOFT_UP;1;76.9;3;1
2026.02.27 07:00;90.103;90.227;89.732;90.116;39.56;29.15;11.54;81.42;80.81;2.222;STRONG_UP;2;82;3;1
2026.02.27 06:00;90.008;90.525;89.901;90.103;38.99;33.63;8.07;81.59;79.30;2.207;STRONG_UP;2;83.1;3;0
2026.02.27 05:00;89.445;90.084;89.416;90.008;35.55;27.93;9.31;79.41;80.02;2.100;SOFT_UP;1;84;3;0
2026.02.27 04:00;89.277;89.753;89.240;89.446;33.33;24.61;10.74;76.90;82.39;1.462;SOFT_UP;1;83.1;3;0
2026.02.27 03:00;89.790;89.913;89.278;89.278;32.42;28.39;11.25;83.75;82.99;1.272;SOFT_UP;1;84;3;0
2026.02.27 02:00;89.439;90.024;89.235;89.791;30.76;32.76;12.99;86.51;79.14;1.854;SOFT_UP;1;87.3;3;0
2026.02.27 01:00;88.429;89.462;87.777;89.437;28.84;26.84;14.98;78.72;77.15;1.452;SOFT_UP;1;;;0
2026.02.27 00:00;88.157;88.916;88.077;88.428;28.92;25.99;17.29;72.19;80.68;0.307;NEUTRE;0;;;0
2026.02.26 23:00;88.344;88.347;87.814;88.162;30.27;19.55;19.95;80.54;88.22;0.723;NEUTRE;0;35.3;1;0
2026.02.26 21:00;88.768;88.896;88.154;88.235;34.77;22.56;13.20;89.31;89.42;0.807;NEUTRE;0;40.9;1;0
2026.02.26 20:00;88.201;88.883;88.173;88.769;36.10;26.03;14.84;94.82;83.62;1.417;SOFT_UP;1;57.9;2;0
2026.02.26 19:00;87.378;88.315;87.317;88.201;37.44;17.72;17.12;84.14;76.08;0.768;NEUTRE;0;42.3;1;1
2026.02.26 18:00;86.619;87.536;86.320;87.379;42.94;8.44;19.76;71.92;71.00;-0.171;NEUTRE;0;-12.1;0;1
2026.02.26 17:00;86.696;87.275;86.301;86.619;43.37;6.44;22.80;72.18;70.19;-1.040;SOFT_DOWN;-1;-54;-2;1
2026.02.26 16:00;87.419;87.472;86.549;86.696;41.44;7.43;22.39;68.89;63.58;-0.952;NEUTRE;0;-53.3;-2;1
2026.02.26 15:00;86.557;87.572;85.172;87.419;40.09;8.57;25.83;69.50;55.37;-0.126;NEUTRE;0;-10.7;0;1
2026.02.26 14:00;87.078;87.084;85.618;86.559;38.55;6.76;29.81;52.35;42.24;-1.108;SOFT_DOWN;-1;-60.7;-2;1
2026.02.26 13:00;87.155;87.440;86.394;87.077;34.78;7.81;26.25;44.27;33.73;-0.516;NEUTRE;0;-41.8;-1;1
2026.02.26 12:00;87.080;87.378;85.895;87.155;31.80;8.09;30.29;30.09;28.34;-0.427;NEUTRE;0;-38.7;-1;1
2026.02.26 11:00;86.813;87.601;86.808;87.079;27.80;9.34;25.47;26.83;28.32;-0.514;NEUTRE;0;-46.5;-2;1
2026.02.26 10:00;87.489;87.629;86.668;86.813;24.95;10.78;29.39;28.09;31.58;-0.818;NEUTRE;0;-61.5;-2;1
2026.02.26 09:00;87.380;87.743;87.120;87.481;21.66;12.43;26.68;30.04;38.61;-0.055;NEUTRE;0;-7.8;0;1
2026.02.26 08:00;88.389;88.498;86.220;87.402;19.39;14.35;30.78;36.60;49.20;-0.145;NEUTRE;0;-22.2;0;1
2026.02.26 07:00;89.089;89.226;88.045;88.390;16.76;16.56;23.19;49.20;58.07;0.984;NEUTRE;0;72.5;3;1
2026.02.26 06:00;89.373;89.623;88.634;89.089;16.78;19.10;19.09;61.80;61.38;1.782;SOFT_UP;1;81.5;3;0
2026.02.26 05:00;89.236;89.922;89.133;89.373;19.35;22.04;14.26;63.21;60.33;2.107;SOFT_UP;1;84;3;0
2026.02.26 04:00;89.218;89.670;89.056;89.236;19.03;20.52;16.46;59.14;57.52;1.950;SOFT_UP;1;84.8;3;0
2026.02.26 03:00;88.762;89.251;88.595;89.218;20.27;13.18;18.99;58.65;51.31;1.930;SOFT_UP;1;86.1;3;0
2026.02.26 02:00;89.532;89.731;87.796;88.763;20.61;15.20;21.91;54.76;42.24;1.410;SOFT_UP;1;86.4;3;0
2026.02.26 01:00;89.301;90.328;89.118;89.532;21.00;17.54;14.77;40.51;28.99;2.288;STRONG_UP;2;;;0
2026.02.26 00:00;87.529;89.515;87.447;89.302;22.91;9.90;17.04;31.46;26.11;2.026;SOFT_UP;1;;;0
2026.02.25 23:00;88.884;89.571;87.159;87.529;22.36;11.43;19.67;15.00;29.42;0.370;NEUTRE;0;19.9;0;0
2026.02.25 21:00;88.292;89.549;88.223;89.141;21.72;13.19;15.90;31.87;51.88;2.219;STRONG_UP;2;67.2;3;0
2026.02.25 20:00;91.021;91.113;88.137;88.293;23.63;15.22;18.35;41.39;68.62;1.246;SOFT_UP;1;54.5;2;0
2026.02.25 19:00;90.522;91.212;90.499;91.021;25.82;17.56;8.96;82.37;83.35;4.375;STRONG_UP;2;79.1;3;1
2026.02.25 18:00;90.919;91.092;90.463;90.521;24.81;17.67;10.34;82.10;82.27;3.801;STRONG_UP;2;78.1;3;1
2026.02.25 17:00;90.721;91.020;90.464;90.921;24.61;18.63;11.94;85.59;79.68;4.260;STRONG_UP;2;80;3;1
2026.02.25 16:00;90.562;90.860;90.225;90.706;25.02;17.06;13.77;79.12;75.50;4.013;STRONG_UP;2;80;3;1
2026.02.25 15:00;90.550;90.734;89.757;90.562;27.23;16.64;15.89;74.32;72.11;3.848;STRONG_UP;2;80.2;3;1
2026.02.25 14:00;90.496;90.797;89.342;90.539;31.07;19.20;18.33;73.05;68.00;3.822;STRONG_UP;2;80.8;3;1
2026.02.25 13:00;90.588;90.935;90.170;90.495;35.50;22.15;12.40;68.96;64.26;3.772;STRONG_UP;2;81.3;3;1
2026.02.25 12:00;90.430;90.720;90.108;90.588;36.62;21.23;14.31;61.98;65.10;3.878;STRONG_UP;2;82.2;3;1
2026.02.25 11:00;90.435;90.437;89.413;90.430;39.25;17.38;16.51;61.85;68.91;3.697;STRONG_UP;2;82.5;3;1
2026.02.25 10:00;90.641;90.855;90.264;90.435;44.89;20.06;6.26;71.46;73.57;3.703;STRONG_UP;2;83.2;3;1
2026.02.25 09:00;90.859;90.930;90.355;90.641;43.74;23.14;4.86;73.41;75.99;3.939;STRONG_UP;2;84.2;3;1
2026.02.25 08:00;90.302;91.026;90.273;90.864;40.42;26.71;5.61;75.83;79.62;4.195;STRONG_UP;2;85.2;3;1
2026.02.25 07:00;90.530;90.664;90.235;90.308;36.59;23.42;6.47;78.73;83.57;3.557;STRONG_UP;2;85;3;1
2026.02.25 06:00;90.724;90.777;89.978;90.527;33.49;27.02;7.46;84.31;86.75;3.808;STRONG_UP;2;86;3;0
2026.02.25 05:00;89.350;91.176;89.323;90.722;29.92;31.18;8.61;87.66;87.69;4.032;STRONG_UP;2;86.9;3;0
2026.02.25 04:00;89.412;89.472;89.039;89.325;25.80;21.83;9.94;88.27;86.52;2.430;STRONG_UP;2;85.8;3;0
2026.02.25 03:00;89.348;89.761;88.715;89.412;24.01;25.18;11.46;87.14;79.10;2.530;STRONG_UP;2;87;3;0
2026.02.25 02:00;88.214;89.652;88.208;89.347;21.94;27.46;13.23;84.14;66.09;2.455;STRONG_UP;2;87.9;3;0
2026.02.25 01:00;87.373;88.634;87.337;88.213;19.94;20.83;15.26;66.03;51.41;1.155;SOFT_UP;1;;;0
2026.02.25 00:00;87.206;87.432;86.757;87.373;20.63;9.78;17.61;48.11;40.67;0.192;NEUTRE;0;;;0
2026.02.24 23:00;86.767;87.399;86.563;87.206;19.41;10.53;20.32;40.09;40.59;-1.026;SOFT_DOWN;-1;-45.2;-2;0
2026.02.24 21:00;87.224;87.326;86.902;87.089;17.51;12.16;17.21;33.80;49.03;-1.159;SOFT_DOWN;-1;-51.2;-2;0
2026.02.24 20:00;86.894;87.645;86.575;87.225;17.56;14.03;19.86;47.88;62.50;-1.004;SOFT_DOWN;-1;-48.5;-2;0
2026.02.24 19:00;87.166;87.264;86.511;86.894;17.61;10.71;22.91;65.40;73.20;-1.380;SOFT_DOWN;-1;-58.6;-2;1
2026.02.24 18:00;87.915;88.163;86.984;87.166;14.74;12.35;16.77;74.22;73.95;-1.071;SOFT_DOWN;-1;-53.3;-2;1
2026.02.24 17:00;87.281;87.939;87.270;87.915;14.67;14.25;15.62;79.98;65.72;-0.221;NEUTRE;0;-16.3;0;1
2026.02.24 16:00;87.750;88.133;86.880;87.273;16.22;16.45;18.02;67.66;50.12;-0.950;NEUTRE;0;-53.2;-2;1
2026.02.24 15:00;87.046;87.976;86.812;87.743;18.01;17.05;20.80;49.53;34.63;-0.417;NEUTRE;0;-32.1;-1;1
2026.02.24 14:00;86.098;87.388;85.320;87.050;19.26;11.90;24.00;33.18;30.49;-1.203;SOFT_DOWN;-1;-62.7;-2;1
2026.02.24 13:00;87.742;88.201;85.978;86.116;17.03;13.73;22.79;21.20;35.70;-2.263;STRONG_DOWN;-2;-75.7;-3;1
2026.02.24 12:00;88.004;88.211;87.354;87.767;15.84;15.84;16.78;37.10;47.02;-0.389;NEUTRE;0;-36.1;-1;1
2026.02.24 11:00;87.983;88.264;87.747;88.005;17.83;18.28;12.30;48.79;54.42;-0.119;NEUTRE;0;-13.7;0;1
2026.02.24 10:00;87.978;88.509;87.746;87.983;17.57;21.09;14.20;55.17;59.02;-0.144;NEUTRE;0;-18;0;1
2026.02.24 09:00;88.050;88.257;87.775;87.978;17.26;19.25;16.38;59.30;66.01;-0.150;NEUTRE;0;-20.6;0;1
2026.02.24 08:00;87.832;88.186;87.577;88.050;18.68;19.95;18.90;62.58;70.93;-0.068;NEUTRE;0;-10.8;0;1
2026.02.24 07:00;87.982;88.297;87.798;87.833;21.14;23.02;16.23;76.16;72.35;-0.314;NEUTRE;0;-45.3;-2;1
2026.02.24 06:00;88.080;88.851;87.744;88.042;21.73;26.56;18.72;74.06;65.96;-0.077;NEUTRE;0;-16.1;0;0
2026.02.24 05:00;86.771;88.193;86.673;88.083;22.40;21.50;21.60;66.83;58.27;-0.031;NEUTRE;0;-8;0;0
2026.02.24 04:00;86.897;87.038;86.633;86.772;25.82;13.12;24.92;56.98;51.21;-1.519;SOFT_DOWN;-1;-83.3;-3;0
2026.02.24 03:00;87.395;87.552;86.865;86.896;25.02;15.14;19.95;51.01;46.14;-1.378;SOFT_DOWN;-1;-84.5;-3;0
2026.02.24 02:00;86.458;87.465;86.264;87.397;26.76;15.52;23.01;45.63;47.30;-0.809;NEUTRE;0;-83.7;-3;0
2026.02.24 01:00;87.640;87.640;84.874;86.461;27.88;17.91;26.56;41.77;57.77;-1.872;SOFT_DOWN;-1;;;0
2026.02.24 00:00;88.110;88.264;87.313;87.640;29.18;20.66;17.08;54.49;72.18;-0.533;NEUTRE;0;;;0
2026.02.23 23:00;88.326;88.833;88.058;88.113;32.20;23.84;7.65;77.06;84.17;1.294;SOFT_UP;1;51.7;2;0
2026.02.23 21:00;88.828;88.830;87.884;88.126;29.25;27.45;8.83;84.98;83.30;1.309;SOFT_UP;1;54.6;2;0
2026.02.23 20:00;87.620;88.976;87.595;88.831;25.85;31.67;10.19;90.48;74.87;2.120;SOFT_UP;1;67.3;3;0
2026.02.23 19:00;87.538;87.771;87.380;87.620;21.93;23.12;11.75;74.43;60.14;0.728;NEUTRE;0;40.8;1;1
2026.02.23 18:00;86.835;87.642;86.645;87.563;20.29;21.60;13.56;59.69;52.47;0.662;NEUTRE;0;39.7;1;1
2026.02.23 17:00;86.690;86.988;86.271;86.835;19.89;14.83;15.65;46.29;46.69;-0.175;NEUTRE;0;-13.1;0;1
2026.02.23 16:00;86.630;87.380;85.911;86.655;22.54;17.12;18.05;51.42;50.47;-0.382;NEUTRE;0;-28.3;-1;1
2026.02.23 15:00;87.197;87.501;86.304;86.625;25.60;19.75;16.72;42.37;52.80;-0.416;NEUTRE;0;-32;-1;1
2026.02.23 14:00;85.677;87.958;85.625;87.194;28.25;22.79;19.29;57.61;67.61;0.238;NEUTRE;0;21;0;1
2026.02.23 13:00;87.081;87.081;85.638;85.677;31.32;20.51;22.25;58.44;74.74;-1.506;SOFT_DOWN;-1;-69;-3;1
2026.02.23 12:00;86.482;87.128;86.366;87.081;35.51;23.67;17.92;86.79;78.58;0.108;NEUTRE;0;11.5;0;1
2026.02.23 11:00;86.922;86.952;86.195;86.482;38.85;23.75;20.67;78.99;65.66;-0.581;NEUTRE;0;-50;-2;1
2026.02.23 10:00;86.639;87.030;86.581;86.922;43.76;27.41;16.01;69.98;49.26;-0.075;NEUTRE;0;-9.6;0;1
2026.02.23 09:00;86.301;86.758;86.227;86.643;46.45;22.31;18.47;48.03;35.98;-0.395;NEUTRE;0;-44.7;-1;1
2026.02.23 08:00;85.771;86.360;85.615;86.296;52.15;14.21;21.31;29.78;34.67;-0.794;NEUTRE;0;-65.9;-3;1
2026.02.23 07:00;86.331;86.587;85.110;85.772;57.09;16.39;24.59;30.13;46.76;-1.397;SOFT_DOWN;-1;-77.5;-3;1
2026.02.23 06:00;86.952;87.035;86.264;86.328;62.80;18.91;16.35;44.09;63.85;-0.758;NEUTRE;0;-70.6;-3;0
2026.02.23 05:00;87.114;87.237;86.750;86.952;71.34;21.82;9.17;66.06;77.33;-0.040;NEUTRE;0;-10.2;0;0
2026.02.23 04:00;87.147;87.533;86.997;87.114;76.04;25.18;2.78;81.39;83.47;0.146;NEUTRE;0;39.4;1;0
2026.02.23 03:00;87.520;87.600;87.050;87.149;75.41;29.05;1.69;84.54;84.93;0.186;NEUTRE;0;54.4;2;0
2026.02.23 02:00;86.769;87.771;86.731;87.520;73.32;33.52;1.95;84.49;86.57;0.613;NEUTRE;0;81.8;3;0
2026.02.23 01:00;86.277;87.556;85.914;86.773;70.90;35.50;2.25;85.77;90.36;-0.246;NEUTRE;0;;;0
2026.02.23 00:00;86.987;87.100;85.982;86.280;68.26;36.69;2.59;89.45;94.13;-0.813;NEUTRE;0;;;0
2026.02.22 23:00;85.305;87.233;85.304;86.986;65.41;42.34;2.99;95.86;96.86;1.971;SOFT_UP;1;62.6;2;0
2026.02.20 21:00;84.499;84.695;83.874;84.577;62.12;34.15;3.45;97.08;97.18;8.520;EXPLOSIVE_UP;3;83.8;3;0
2026.02.20 20:00;83.251;84.591;83.209;84.494;59.12;37.45;3.98;97.64;96.95;8.413;EXPLOSIVE_UP;3;84;3;0
2026.02.20 19:00;82.796;83.322;82.668;83.252;55.79;29.09;4.60;96.82;93.81;6.820;EXPLOSIVE_UP;3;83;3;1
2026.02.20 18:00;82.637;82.865;82.205;82.796;53.18;22.81;5.30;96.38;89.80;6.235;EXPLOSIVE_UP;3;82.7;3;1
2026.02.20 17:00;82.378;82.812;81.797;82.638;51.79;25.09;6.12;88.22;82.94;6.032;EXPLOSIVE_UP;3;82.9;3;1
2026.02.20 16:00;81.693;82.460;81.347;82.378;50.40;23.61;7.06;84.81;79.32;5.698;EXPLOSIVE_UP;3;82.9;3;1
2026.02.20 15:00;81.608;82.443;79.717;81.690;49.86;27.01;8.15;75.79;75.15;4.815;EXPLOSIVE_UP;3;82.1;3;1
2026.02.20 14:00;80.730;81.892;80.452;81.608;49.27;31.16;5.25;77.36;75.47;4.710;EXPLOSIVE_UP;3;82.5;3;1
2026.02.20 13:00;80.534;80.843;80.065;80.730;45.91;24.75;6.06;72.31;74.75;3.584;STRONG_UP;2;80.9;3;1
2026.02.20 12:00;80.388;80.687;79.995;80.531;43.64;25.47;7.00;76.73;78.42;3.328;STRONG_UP;2;80.9;3;1
2026.02.20 11:00;80.687;80.920;80.024;80.389;41.60;29.39;7.43;75.19;80.29;3.146;STRONG_UP;2;81.2;3;1
2026.02.20 10:00;80.282;80.902;80.169;80.687;38.82;33.91;6.08;83.33;85.06;3.528;STRONG_UP;2;82.8;3;1
2026.02.20 09:00;79.888;81.127;79.827;80.280;34.09;39.13;7.02;82.33;85.78;3.006;STRONG_UP;2;82.4;3;1
2026.02.20 08:00;78.689;79.935;78.683;79.887;28.63;31.05;8.09;89.51;84.59;2.502;STRONG_UP;2;81.9;3;1
2026.02.20 07:00;78.737;79.022;78.620;78.685;24.01;24.60;9.34;85.48;72.91;0.960;NEUTRE;0;72.1;3;1
2026.02.20 06:00;78.598;78.933;78.453;78.737;20.79;24.98;10.78;78.78;55.38;1.026;SOFT_UP;1;75.5;3;0
2026.02.20 05:00;78.145;78.604;78.145;78.597;17.87;18.28;12.44;54.48;38.71;0.847;NEUTRE;0;75.3;3;0
2026.02.20 04:00;77.592;78.243;77.581;78.145;17.70;8.99;14.35;32.87;40.73;0.267;NEUTRE;0;56.4;2;0
2026.02.20 03:00;78.036;78.547;77.384;77.595;16.89;10.38;16.56;28.78;50.61;-0.439;NEUTRE;0;-73.1;-3;0
2026.02.20 02:00;78.236;78.568;77.866;78.036;15.96;11.97;12.73;60.53;66.60;0.127;NEUTRE;0;55.1;2;0
2026.02.20 01:00;78.650;78.721;78.085;78.236;17.94;13.82;9.88;62.53;70.39;0.384;NEUTRE;0;;;0
2026.02.20 00:00;77.937;78.656;77.839;78.650;18.15;14.37;11.41;76.74;70.08;0.915;NEUTRE;0;;;0
2026.02.19 23:00;78.638;78.708;77.886;77.937;19.18;16.58;12.28;71.90;58.59;1.028;SOFT_UP;1;45.2;2;0
2026.02.19 21:00;78.354;78.471;78.137;78.464;19.83;19.13;9.47;61.58;43.27;1.711;SOFT_UP;1;61.4;2;0
2026.02.19 20:00;77.725;78.457;77.716;78.338;17.69;21.43;10.92;42.28;30.79;1.548;SOFT_UP;1;60.2;2;0
2026.02.19 19:00;77.770;78.043;77.484;77.724;15.41;16.13;12.60;25.95;29.39;0.752;NEUTRE;0;41.7;1;1
2026.02.19 18:00;77.524;77.896;77.430;77.770;15.89;14.56;14.54;24.16;37.08;0.811;NEUTRE;0;45.4;2;1
2026.02.19 17:00;77.491;78.022;77.379;77.524;18.33;16.80;16.78;38.06;49.24;0.493;NEUTRE;0;33.2;1;1
2026.02.19 16:00;78.582;78.588;77.299;77.497;21.14;19.39;19.36;49.02;52.17;0.458;NEUTRE;0;32.8;1;1
2026.02.19 15:00;77.929;79.057;77.854;78.573;24.38;22.37;15.71;60.64;48.61;1.852;SOFT_UP;1;70.2;3;1
2026.02.19 14:00;78.299;78.299;77.132;77.929;25.44;16.12;18.13;46.84;39.69;1.018;SOFT_UP;1;58.6;2;1
2026.02.19 13:00;78.102;78.396;77.542;78.299;28.45;18.60;15.52;38.35;35.97;1.497;SOFT_UP;1;68.9;3;1
2026.02.19 12:00;77.889;78.267;77.397;78.101;31.43;19.14;17.90;33.87;42.33;1.241;SOFT_UP;1;66.8;3;1
2026.02.19 11:00;78.436;78.592;77.316;77.889;35.76;22.08;20.66;35.69;55.58;0.966;NEUTRE;0;63.2;2;1
2026.02.19 10:00;78.536;78.569;78.089;78.436;40.74;25.48;14.52;57.43;73.14;1.675;SOFT_UP;1;75.2;3;1
2026.02.19 09:00;79.148;79.243;78.333;78.536;42.80;29.40;8.93;73.61;83.18;1.804;SOFT_UP;1;77.5;3;1
2026.02.19 08:00;78.832;79.405;78.580;79.148;41.16;33.92;6.13;88.39;87.43;2.598;STRONG_UP;2;82.2;3;1
2026.02.19 07:00;78.806;79.172;78.743;78.832;36.82;34.80;7.07;87.54;86.56;2.188;SOFT_UP;1;81.9;3;1
2026.02.19 06:00;77.883;78.893;77.853;78.803;32.30;30.15;8.16;86.35;83.65;2.151;SOFT_UP;1;82.9;3;0
2026.02.19 05:00;77.834;78.077;77.831;77.883;28.43;22.71;9.41;85.79;79.37;0.958;NEUTRE;0;77;3;0
2026.02.19 04:00;77.936;78.183;77.610;77.834;26.44;26.21;10.86;78.83;65.46;0.894;NEUTRE;0;78.8;3;0
2026.02.19 03:00;77.125;78.003;76.985;77.936;24.14;25.41;12.53;73.51;53.04;1.027;SOFT_UP;1;82.6;3;0
2026.02.19 02:00;77.213;77.375;76.958;77.125;22.63;19.83;14.46;44.06;41.08;-0.025;NEUTRE;0;-15.7;0;0
2026.02.19 01:00;76.477;77.222;76.444;77.213;23.71;17.23;16.69;41.54;42.06;0.089;NEUTRE;0;;;0
2026.02.19 00:00;77.144;77.155;76.460;76.481;27.11;18.56;19.25;37.63;40.93;-0.859;NEUTRE;0;;;0
2026.02.18 23:00;77.256;77.666;76.910;77.144;31.00;21.41;12.25;47.02;40.28;6.583;EXPLOSIVE_UP;3;81.2;3;0
2026.02.18 21:00;77.290;77.312;77.012;77.114;31.58;17.50;14.14;38.13;43.05;6.542;EXPLOSIVE_UP;3;81.9;3;0
2026.02.18 20:00;76.597;77.347;76.442;77.285;34.81;20.19;16.32;35.67;55.83;6.778;EXPLOSIVE_UP;3;82.5;3;0
2026.02.18 19:00;77.197;77.383;76.217;76.597;38.53;23.30;18.83;55.34;72.39;5.828;EXPLOSIVE_UP;3;81.8;3;1
2026.02.18 18:00;78.121;78.267;76.893;77.197;42.82;26.89;12.80;76.49;82.36;6.657;EXPLOSIVE_UP;3;83.2;3;1
2026.02.18 17:00;77.733;78.262;77.624;78.120;43.95;31.02;6.59;85.34;85.47;7.932;EXPLOSIVE_UP;3;84.6;3;1
2026.02.18 16:00;77.643;78.180;77.593;77.733;40.71;33.82;7.60;85.26;84.09;7.397;EXPLOSIVE_UP;3;84.5;3;1
2026.02.18 15:00;77.574;78.244;77.498;77.630;37.24;39.02;8.77;85.81;73.36;7.255;EXPLOSIVE_UP;3;84.8;3;1
2026.02.18 14:00;76.581;77.680;76.581;77.573;33.23;33.39;10.12;81.22;56.37;7.176;EXPLOSIVE_UP;3;85.1;3;1
2026.02.18 13:00;75.673;76.860;75.545;76.581;30.11;27.05;11.68;53.06;41.64;5.806;EXPLOSIVE_UP;3;84.3;3;1
2026.02.18 12:00;75.388;75.899;75.319;75.675;28.64;19.97;13.47;34.83;45.12;4.554;EXPLOSIVE_UP;3;83.3;3;1
2026.02.18 11:00;75.666;75.832;75.246;75.388;30.06;21.26;15.55;37.03;59.36;4.157;STRONG_UP;2;83.3;3;1
2026.02.18 10:00;75.639;76.235;75.407;75.666;32.29;24.53;13.71;63.52;74.08;4.541;EXPLOSIVE_UP;3;84.4;3;1
2026.02.18 09:00;75.774;76.048;75.613;75.640;32.90;28.31;11.99;77.54;80.54;4.505;EXPLOSIVE_UP;3;84.9;3;1
2026.02.18 08:00;75.652;75.985;75.445;75.774;31.74;30.44;13.84;81.19;84.16;4.691;EXPLOSIVE_UP;3;85.7;3;1
2026.02.18 07:00;75.459;76.018;75.412;75.651;30.85;35.12;15.97;82.90;88.34;4.521;EXPLOSIVE_UP;3;86.1;3;1
2026.02.18 06:00;75.558;75.691;75.181;75.456;29.83;32.22;18.42;88.41;92.47;4.251;STRONG_UP;2;86.4;3;0
2026.02.18 05:00;75.796;76.071;75.434;75.558;30.23;37.18;13.62;93.70;92.18;4.392;STRONG_UP;2;87.1;3;0
2026.02.18 04:00;74.631;75.823;74.460;75.796;27.75;36.91;15.72;95.30;79.20;4.721;EXPLOSIVE_UP;3;87.8;3;0
2026.02.18 03:00;73.470;74.690;73.460;74.630;25.82;29.80;18.14;87.54;57.19;3.110;STRONG_UP;2;87.5;3;0
2026.02.18 02:00;73.384;73.732;73.212;73.471;26.05;22.40;20.93;54.77;38.75;1.509;SOFT_UP;1;86.6;3;0
2026.02.18 01:00;72.494;73.447;72.490;73.385;29.54;17.41;24.15;29.27;36.38;1.390;SOFT_UP;1;;;0
2026.02.18 00:00;72.379;72.945;72.299;72.494;31.59;12.02;27.86;32.22;49.35;0.159;NEUTRE;0;;;0
2026.02.17 23:00;73.116;73.729;72.271;72.379;30.34;13.87;32.15;47.66;60.59;-5.264;EXPLOSIVE_DOWN;-3;-79;-3;0
2026.02.17 21:00;73.232;73.597;73.203;73.453;28.89;16.00;27.26;68.18;62.47;-3.859;STRONG_DOWN;-2;-76.4;-3;0
2026.02.17 20:00;73.460;73.553;73.014;73.233;29.34;16.75;31.46;65.94;53.62;-4.147;STRONG_DOWN;-2;-77.9;-3;0
2026.02.17 19:00;73.723;73.984;73.397;73.460;29.15;19.32;25.36;53.28;42.88;-3.849;STRONG_DOWN;-2;-77.6;-3;1
2026.02.17 18:00;72.664;74.037;72.580;73.719;31.56;22.30;29.27;41.65;33.95;-3.510;STRONG_DOWN;-2;-77.2;-3;1
2026.02.17 17:00;73.074;73.155;72.010;72.665;34.34;16.42;33.77;33.71;25.59;-4.890;EXPLOSIVE_DOWN;-3;-81.2;-3;1
2026.02.17 16:00;73.200;73.857;73.077;73.085;34.30;18.94;24.63;26.50;19.65;-4.340;STRONG_DOWN;-2;-80.7;-3;1
2026.02.17 15:00;72.243;73.301;71.916;73.206;37.57;10.89;28.42;16.55;22.18;-4.182;STRONG_DOWN;-2;-81;-3;1
2026.02.17 14:00;72.938;74.699;72.080;72.254;36.49;12.56;30.97;15.91;31.14;-5.428;EXPLOSIVE_DOWN;-3;-83.5;-3;1
2026.02.17 13:00;74.612;74.612;72.924;72.938;35.59;14.50;30.77;34.08;42.86;-4.533;EXPLOSIVE_DOWN;-3;-82.7;-3;1
2026.02.17 12:00;74.641;75.283;74.520;74.613;35.54;16.73;20.97;43.42;51.30;-2.340;STRONG_DOWN;-2;-77.2;-3;1
2026.02.17 11:00;73.949;74.803;73.927;74.657;39.27;9.62;24.20;51.08;59.27;-2.283;STRONG_DOWN;-2;-77.9;-3;1
2026.02.17 10:00;74.569;74.934;73.633;73.949;38.68;11.10;27.92;59.41;62.83;-3.209;STRONG_DOWN;-2;-82.1;-3;1
2026.02.17 09:00;74.922;75.026;73.998;74.569;38.01;12.81;27.90;67.33;58.98;-2.398;STRONG_DOWN;-2;-80.5;-3;1
2026.02.17 08:00;74.958;75.414;74.789;74.922;38.15;14.78;20.35;61.77;52.44;-1.936;SOFT_DOWN;-1;-79.6;-3;1
2026.02.17 07:00;74.711;75.112;74.243;74.957;41.58;9.62;23.48;47.84;48.75;-1.890;SOFT_DOWN;-1;-80.7;-3;1
2026.02.17 06:00;73.906;74.825;73.894;74.711;41.53;6.02;27.10;47.70;55.90;-2.212;STRONG_DOWN;-2;-83.1;-3;0
2026.02.17 05:00;75.133;75.233;72.707;73.882;38.13;6.94;31.27;50.71;64.48;-3.297;STRONG_DOWN;-2;-86.2;-3;0
2026.02.17 04:00;75.408;75.614;74.980;75.133;34.20;8.01;22.23;69.30;68.52;-1.660;SOFT_DOWN;-1;-83.9;-3;0
2026.02.17 03:00;76.292;76.490;74.888;75.408;32.23;9.25;25.65;73.42;61.51;-1.300;SOFT_DOWN;-1;-84.2;-3;0
2026.02.17 02:00;75.854;76.420;75.675;76.291;29.95;10.67;22.04;62.83;43.11;-0.144;NEUTRE;0;-58.4;-2;0
2026.02.17 01:00;74.685;76.307;73.073;75.855;29.21;9.98;25.43;48.26;38.73;-0.715;NEUTRE;0;;;0
2026.02.17 00:00;76.401;76.449;74.344;74.678;26.99;11.51;23.30;18.22;43.92;-2.255;STRONG_DOWN;-2;;;0
2026.02.16 23:00;76.201;76.857;76.124;76.401;25.93;13.28;13.88;49.70;62.35;0.124;NEUTRE;0;6.9;0;0
2026.02.16 21:00;76.465;76.465;76.380;76.380;29.58;7.10;16.01;63.85;68.88;0.097;NEUTRE;0;5.9;0;0
2026.02.16 20:00;76.468;76.487;76.386;76.479;28.20;8.19;17.54;73.51;67.08;0.227;NEUTRE;0;14.3;0;0
2026.02.16 19:00;76.677;76.724;76.412;76.518;26.94;9.45;17.21;69.29;55.88;0.278;NEUTRE;0;18.2;0;1
2026.02.16 18:00;76.543;76.783;76.463;76.672;26.61;10.90;17.34;58.44;42.25;0.480;NEUTRE;0;31;1;1
2026.02.16 17:00;76.314;76.688;76.314;76.545;27.19;8.01;20.01;39.92;30.18;0.313;NEUTRE;0;22.5;0;1
2026.02.16 16:00;76.057;76.660;75.673;76.315;24.79;8.09;23.09;28.37;29.66;0.012;NEUTRE;0;1;0;1
2026.02.16 15:00;76.549;76.662;75.905;76.057;21.21;9.34;23.03;22.26;39.72;-0.326;NEUTRE;0;-26.1;-1;1
2026.02.16 14:00;76.902;77.058;76.277;76.549;17.96;10.77;19.01;38.36;57.61;0.318;NEUTRE;0;27.1;1;1
2026.02.16 13:00;76.936;77.098;76.727;76.902;16.47;12.43;13.07;58.54;72.79;0.781;NEUTRE;0;53.5;2;1
2026.02.16 12:00;77.105;77.163;76.687;76.934;18.62;14.34;15.08;75.92;82.81;0.823;NEUTRE;0;57.1;2;1
2026.02.16 11:00;77.075;77.129;76.780;77.105;21.10;16.55;14.39;83.92;87.96;1.047;SOFT_UP;1;65;3;1
2026.02.16 10:00;76.938;77.286;76.694;77.074;23.27;19.10;16.61;88.58;88.28;1.006;SOFT_UP;1;66.2;3;1
2026.02.16 09:00;77.076;77.291;76.894;76.936;25.78;22.03;13.96;91.39;81.13;0.826;NEUTRE;0;64.2;2;1
2026.02.16 08:00;76.898;77.226;76.498;77.076;26.30;22.91;16.11;84.87;64.99;1.009;SOFT_UP;1;70.6;3;1
2026.02.16 07:00;76.500;77.006;76.440;76.897;27.66;21.78;18.59;67.14;46.05;0.775;NEUTRE;0;68.2;3;1
2026.02.16 06:00;75.867;76.985;75.779;76.499;30.70;24.56;21.45;42.96;32.68;0.253;NEUTRE;0;43.5;1;0
2026.02.16 05:00;75.203;75.900;74.940;75.867;34.39;14.50;24.75;28.06;35.26;-0.575;NEUTRE;0;-68.9;-3;0
2026.02.16 04:00;75.214;75.362;74.766;75.209;35.66;8.11;28.56;27.00;46.73;-1.438;SOFT_DOWN;-1;-83;-3;0
2026.02.16 03:00;75.710;75.791;74.689;75.215;32.56;9.35;32.95;50.72;58.93;-1.430;SOFT_DOWN;-1;-84.7;-3;0
2026.02.16 02:00;77.212;77.368;75.693;75.711;28.99;10.79;24.01;62.46;59.10;-0.780;NEUTRE;0;-83.5;-3;0
2026.02.16 01:00;76.745;77.432;76.399;77.208;27.61;12.45;21.21;63.61;51.88;1.182;SOFT_UP;1;;;0
2026.02.16 00:00;76.306;76.906;75.884;76.743;27.86;6.54;24.48;51.23;41.01;0.573;NEUTRE;0;;;0
2026.02.15 23:00;75.267;77.028;74.571;76.292;23.24;7.54;28.24;40.79;36.85;1.362;SOFT_UP;1;53.2;2;0
2026.02.13 21:00;76.988;77.499;76.807;77.259;17.92;8.70;19.79;31.00;38.85;2.808;STRONG_UP;2;71.6;3;0
2026.02.13 20:00;77.279;77.483;76.502;76.988;14.69;9.68;22.84;38.77;45.64;2.447;STRONG_UP;2;70.1;3;0
2026.02.13 19:00;77.660;78.240;77.281;77.281;10.72;11.17;14.13;46.80;47.25;2.837;STRONG_UP;2;73.4;3;1
2026.02.13 18:00;77.648;78.230;77.538;77.659;10.58;12.89;12.18;51.34;44.98;3.340;STRONG_UP;2;76.6;3;1
2026.02.13 17:00;77.553;78.182;77.212;77.647;11.77;13.81;14.06;43.61;43.83;3.324;STRONG_UP;2;77.2;3;1
2026.02.13 16:00;76.985;78.362;76.950;77.539;13.44;15.93;16.22;40.00;47.05;3.180;STRONG_UP;2;77.4;3;1
2026.02.13 15:00;77.290;78.585;76.880;76.987;15.37;18.39;18.72;47.87;50.22;2.446;STRONG_UP;2;74.8;3;1
2026.02.13 14:00;78.624;79.067;75.959;77.292;17.60;21.21;21.60;53.27;47.61;2.852;STRONG_UP;2;77.7;3;1
2026.02.13 13:00;77.776;79.243;76.979;78.624;20.17;24.48;19.87;49.51;45.77;4.624;EXPLOSIVE_UP;3;82.9;3;1
2026.02.13 12:00;77.265;78.028;76.955;77.781;21.67;19.99;22.93;40.04;51.43;3.502;STRONG_UP;2;81.4;3;1
2026.02.13 11:00;77.563;77.599;76.553;77.280;23.96;16.91;26.45;47.75;63.72;2.836;STRONG_UP;2;80.2;3;1
2026.02.13 10:00;78.121;78.646;77.500;77.563;24.26;19.51;16.59;66.51;75.31;3.212;STRONG_UP;2;82.1;3;1
2026.02.13 09:00;78.809;79.027;78.069;78.121;26.74;22.52;11.51;76.89;74.40;3.955;STRONG_UP;2;84.2;3;1
2026.02.13 08:00;77.820;79.274;77.753;78.813;25.88;25.98;13.28;82.52;70.22;4.876;EXPLOSIVE_UP;3;85.8;3;1
2026.02.13 07:00;77.279;78.304;76.779;77.820;24.88;20.16;15.32;63.80;66.72;3.554;STRONG_UP;2;85;3;1
2026.02.13 06:00;76.047;77.368;76.047;77.277;26.61;13.82;17.68;64.34;75.13;2.832;STRONG_UP;2;84.6;3;0
2026.02.13 05:00;76.984;77.393;75.924;76.046;28.83;15.95;20.40;72.03;83.86;1.194;SOFT_UP;1;79.5;3;0
2026.02.13 04:00;76.998;77.632;76.927;76.982;31.38;18.40;13.03;89.01;84.70;2.439;STRONG_UP;2;85.8;3;0
2026.02.13 03:00;77.084;77.299;76.597;77.035;33.58;13.97;15.04;90.53;73.81;2.510;STRONG_UP;2;87;3;0
2026.02.13 02:00;76.696;77.102;76.272;77.084;38.18;11.80;17.35;74.56;55.41;2.575;STRONG_UP;2;88;3;0
2026.02.13 01:00;75.049;77.229;75.022;76.691;41.12;13.62;20.02;56.32;36.23;2.052;SOFT_UP;1;;;0
2026.02.13 00:00;75.149;76.321;74.685;75.049;44.52;9.38;23.10;35.35;22.12;-0.133;NEUTRE;0;;;0
2026.02.12 23:00;74.434;75.636;73.918;75.149;44.87;4.38;26.65;17.03;14.65;-9.145;EXPLOSIVE_DOWN;-3;-83.6;-3;0
2026.02.12 21:00;74.712;75.370;74.600;75.244;40.74;5.06;24.64;13.97;13.55;-9.030;EXPLOSIVE_DOWN;-3;-84.1;-3;0
2026.02.12 20:00;76.221;76.401;74.358;74.703;36.86;5.84;28.44;12.96;13.14;-9.684;SPIKE_DOWN;-4;-84.8;-3;0
2026.02.12 19:00;76.055;76.778;75.747;76.221;32.39;6.74;22.35;13.73;12.99;-7.849;EXPLOSIVE_DOWN;-3;-83.9;-3;1
2026.02.12 18:00;75.497;76.864;74.658;76.043;29.11;7.77;25.79;12.73;14.66;-8.064;EXPLOSIVE_DOWN;-3;-84.3;-3;1
2026.02.12 17:00;76.161;77.741;75.492;75.501;25.33;8.97;23.94;12.50;22.49;-8.719;EXPLOSIVE_DOWN;-3;-85.1;-3;1
2026.02.12 16:00;82.324;82.487;74.907;76.234;22.23;10.35;27.62;18.75;29.13;-7.833;EXPLOSIVE_DOWN;-3;-84.8;-3;1
2026.02.12 15:00;82.441;83.145;82.301;82.327;18.65;11.94;16.87;36.21;36.62;-0.467;NEUTRE;0;-35.1;-1;1
2026.02.12 14:00;82.989;83.442;82.186;82.441;18.89;13.78;19.46;32.44;36.19;-0.329;NEUTRE;0;-27.9;-1;1
2026.02.12 13:00;82.244;83.109;81.968;82.992;19.16;11.82;22.45;41.22;43.80;0.337;NEUTRE;0;30.3;1;1
2026.02.12 12:00;83.440;83.550;81.892;82.242;17.33;13.63;25.91;34.92;50.26;-0.569;NEUTRE;0;-46.9;-2;1
2026.02.12 11:00;83.200;83.559;83.087;83.440;15.22;15.73;18.81;55.26;59.59;0.879;NEUTRE;0;61;2;1
2026.02.12 10:00;83.692;83.908;83.074;83.199;16.20;18.15;21.70;60.60;56.31;0.588;NEUTRE;0;53;2;1
2026.02.12 09:00;83.800;83.965;83.600;83.692;17.32;20.94;15.34;62.92;56.19;1.184;SOFT_UP;1;71.4;3;1
2026.02.12 08:00;83.306;83.889;83.118;83.800;17.60;20.96;17.69;45.40;58.32;1.314;SOFT_UP;1;74.9;3;1
2026.02.12 07:00;83.034;83.447;82.631;83.306;19.01;15.37;20.42;60.24;67.76;0.717;NEUTRE;0;66.6;3;1
2026.02.12 06:00;83.990;84.170;82.950;83.034;19.77;17.73;17.54;69.33;68.30;0.388;NEUTRE;0;55.5;2;0
2026.02.12 05:00;83.402;84.159;83.302;83.990;22.73;20.46;15.80;73.73;64.03;1.544;SOFT_UP;1;81.8;3;0
2026.02.12 04:00;83.471;83.696;82.907;83.397;24.25;15.30;18.24;61.84;54.46;0.827;NEUTRE;0;77.9;3;0
2026.02.12 03:00;83.394;84.084;83.206;83.471;26.63;17.65;15.21;56.53;43.71;0.916;NEUTRE;0;81.7;3;0
2026.02.12 02:00;83.348;83.622;82.929;83.410;29.58;12.27;17.55;45.01;33.18;0.843;NEUTRE;0;84;3;0
2026.02.12 01:00;82.350;83.382;81.506;83.349;31.41;8.83;20.25;29.58;34.29;0.769;NEUTRE;0;;;0
2026.02.12 00:00;82.713;83.145;81.780;82.457;30.20;10.19;21.12;24.96;48.61;-0.310;NEUTRE;0;;;0
2026.02.11 23:00;84.679;84.874;82.712;82.743;29.47;11.76;13.86;48.32;62.20;1.690;SOFT_UP;1;58.9;2;0
2026.02.11 21:00;84.427;84.534;83.865;84.230;32.74;13.56;7.79;72.55;66.16;3.517;STRONG_UP;2;75.2;3;0
2026.02.11 20:00;84.069;84.561;83.863;84.424;33.62;15.65;8.99;65.72;57.50;3.756;STRONG_UP;2;76.7;3;0
2026.02.11 19:00;83.991;84.543;83.899;84.068;34.64;18.06;9.58;60.22;47.59;3.318;STRONG_UP;2;75.7;3;1
2026.02.11 18:00;84.623;84.683;83.803;83.995;35.25;20.84;11.05;46.55;34.65;3.229;STRONG_UP;2;76.1;3;1
2026.02.11 17:00;83.566;84.791;83.239;84.620;35.95;24.04;12.75;36.00;27.71;3.997;STRONG_UP;2;79.3;3;1
2026.02.11 16:00;83.254;83.955;82.586;83.607;36.76;19.46;14.72;21.40;31.44;2.752;STRONG_UP;2;75.5;3;1
2026.02.11 15:00;83.662;84.631;82.533;83.254;40.28;22.45;16.98;25.72;49.05;2.318;STRONG_UP;2;74;3;1
2026.02.11 14:00;84.636;85.427;83.201;83.669;44.34;25.90;14.70;47.19;71.09;2.828;STRONG_UP;2;77.6;3;1
2026.02.11 13:00;85.735;85.823;83.291;84.626;46.92;29.89;16.33;74.25;87.10;4.004;STRONG_UP;2;81.8;3;1
2026.02.11 12:00;86.032;86.280;84.957;85.758;49.63;34.48;8.72;91.84;93.41;5.395;EXPLOSIVE_UP;3;84.4;3;1
2026.02.11 11:00;85.522;86.165;85.331;86.034;48.09;39.79;5.72;95.23;93.07;5.734;EXPLOSIVE_UP;3;85.1;3;1
2026.02.11 10:00;84.688;85.658;84.546;85.520;43.97;36.56;6.60;93.18;91.54;5.103;EXPLOSIVE_UP;3;85;3;1
2026.02.11 09:00;83.712;84.879;83.369;84.688;40.05;31.41;7.61;90.81;88.00;4.080;STRONG_UP;2;84.4;3;1
2026.02.11 08:00;83.779;83.977;83.283;83.712;36.83;27.05;8.78;90.62;83.75;2.881;STRONG_UP;2;83;3;1
2026.02.11 07:00;83.356;83.967;83.191;83.778;34.66;30.99;10.13;82.57;79.23;2.962;STRONG_UP;2;84;3;1
2026.02.11 06:00;82.081;83.461;81.940;83.354;32.19;25.72;11.69;78.06;80.70;2.441;STRONG_UP;2;83.8;3;0
2026.02.11 05:00;82.375;82.585;81.935;82.081;31.37;20.82;13.49;77.06;85.66;0.876;NEUTRE;0;75.8;3;0
2026.02.11 04:00;82.578;82.662;82.348;82.373;32.91;24.02;5.79;86.97;88.77;1.235;SOFT_UP;1;81.8;3;0
2026.02.11 03:00;82.294;82.741;82.101;82.580;28.57;27.72;6.68;92.95;87.61;1.490;SOFT_UP;1;84.9;3;0
2026.02.11 02:00;81.936;82.498;81.553;82.299;23.55;26.14;7.71;86.39;77.68;1.144;SOFT_UP;1;85.6;3;0
2026.02.11 01:00;81.405;81.947;81.195;81.936;18.80;21.19;8.90;83.47;69.35;0.698;NEUTRE;0;;;0
2026.02.11 00:00;81.368;81.826;81.021;81.395;15.41;21.98;10.27;63.19;58.68;0.033;NEUTRE;0;;;0
2026.02.10 23:00;80.859;81.608;80.824;81.368;12.19;21.19;11.85;61.39;51.79;-0.465;NEUTRE;0;-24.5;0;0
2026.02.10 21:00;80.920;81.027;80.549;80.721;9.72;14.37;13.67;51.47;43.16;-1.256;SOFT_DOWN;-1;-53.4;-2;0
2026.02.10 20:00;81.086;81.271;80.605;80.928;10.82;16.59;13.97;42.52;34.57;-1.003;NEUTRE;0;-48.5;-2;0
2026.02.10 19:00;80.682;81.255;80.463;81.086;11.17;18.77;16.12;35.50;28.53;-0.810;NEUTRE;0;-43.9;-1;1
2026.02.10 18:00;80.925;81.052;80.242;80.686;11.72;17.71;18.60;25.70;25.66;-1.299;SOFT_DOWN;-1;-58.4;-2;1
2026.02.10 17:00;80.451;81.528;80.422;80.955;13.15;20.44;18.04;24.38;29.16;-0.970;NEUTRE;0;-52.1;-2;1
2026.02.10 16:00;80.930;80.964;79.914;80.464;14.21;15.74;20.82;26.89;34.69;-1.571;SOFT_DOWN;-1;-65.7;-3;1
2026.02.10 15:00;82.119;82.192;80.396;80.929;14.26;18.16;16.96;36.20;41.53;-1.002;NEUTRE;0;-56.4;-2;1
2026.02.10 14:00;81.903;82.979;81.247;82.123;15.93;20.95;12.27;40.97;47.84;0.459;NEUTRE;0;36.5;1;1
2026.02.10 13:00;81.622;82.149;81.212;81.902;14.36;16.80;14.16;47.43;56.54;0.188;NEUTRE;0;18.1;0;1
2026.02.10 12:00;82.195;82.593;81.349;81.622;15.26;19.39;14.09;55.12;65.44;-0.154;NEUTRE;0;-16.1;0;1
2026.02.10 11:00;82.162;82.300;81.568;82.197;15.18;18.75;16.26;67.05;72.77;0.549;NEUTRE;0;48.4;2;1
2026.02.10 10:00;81.995;82.564;81.736;82.162;16.42;21.63;15.23;74.14;70.58;0.506;NEUTRE;0;48.8;2;1
2026.02.10 09:00;82.231;82.757;81.867;81.995;16.28;24.96;15.14;77.14;60.66;0.302;NEUTRE;0;37.1;1;1
2026.02.10 08:00;81.725;82.397;81.248;82.232;15.01;22.57;17.47;60.46;45.11;0.592;NEUTRE;0;59.1;2;1
2026.02.10 07:00;81.138;81.777;80.960;81.724;15.36;17.75;20.16;44.38;34.02;-0.029;NEUTRE;0;-5.3;0;1
2026.02.10 06:00;81.526;82.047;81.096;81.138;16.75;20.48;20.70;30.49;28.44;-0.746;NEUTRE;0;-70.4;-3;0
2026.02.10 05:00;81.262;81.695;80.533;81.524;19.24;17.93;23.88;27.20;29.36;-0.274;NEUTRE;0;-51;-2;0
2026.02.10 04:00;81.369;81.578;80.925;81.264;20.01;20.69;22.37;27.63;31.71;-0.592;NEUTRE;0;-73.3;-3;0
2026.02.10 03:00;82.017;82.087;80.851;81.369;22.49;23.87;25.81;33.24;32.82;-0.464;NEUTRE;0;-74;-3;0
2026.02.10 02:00;82.090;82.896;81.889;82.017;25.36;27.55;16.86;34.25;33.36;0.329;NEUTRE;0;74.9;3;0
2026.02.10 01:00;81.501;82.099;80.771;82.090;25.55;19.61;19.45;30.98;40.78;0.418;NEUTRE;0;;;0
2026.02.10 00:00;81.748;82.712;81.102;81.506;29.42;22.62;18.61;34.84;57.98;-0.296;NEUTRE;0;;;0
2026.02.09 23:00;83.776;83.937;80.824;81.748;32.45;26.10;21.47;56.53;76.18;2.451;STRONG_UP;2;67.4;3;0
2026.02.09 21:00;83.796;83.832;83.030;83.243;35.94;30.12;13.87;82.58;85.45;4.325;STRONG_UP;2;77.8;3;0
2026.02.09 20:00;83.332;83.954;83.291;83.794;35.79;34.75;11.00;89.44;87.24;5.016;EXPLOSIVE_UP;3;80;3;0
2026.02.09 19:00;83.063;83.509;82.790;83.334;33.31;29.77;12.69;84.32;87.81;4.439;STRONG_UP;2;79.2;3;1
2026.02.09 18:00;82.570;83.091;81.980;83.068;32.24;25.41;14.64;87.94;91.91;4.106;STRONG_UP;2;79;3;1
2026.02.09 17:00;83.417;83.578;82.384;82.570;33.07;29.32;11.30;91.18;87.16;3.482;STRONG_UP;2;77.8;3;1
2026.02.09 16:00;82.560;83.496;82.415;83.416;31.33;32.77;13.04;96.61;75.38;4.542;EXPLOSIVE_UP;3;81.1;3;1
2026.02.09 15:00;81.551;82.587;81.124;82.559;29.52;24.88;15.04;73.68;57.12;3.468;STRONG_UP;2;79.1;3;1
2026.02.09 14:00;79.703;81.821;79.349;81.547;30.27;20.65;17.36;55.84;44.25;2.199;STRONG_UP;2;74.2;3;1
2026.02.09 13:00;80.321;80.651;79.024;79.704;33.60;16.55;20.03;41.82;35.29;-0.110;NEUTRE;0;-10.8;0;1
2026.02.09 12:00;80.250;80.762;79.917;80.321;37.30;19.09;14.67;35.08;32.27;0.663;NEUTRE;0;51.2;2;1
2026.02.09 11:00;79.106;80.305;78.960;80.250;41.02;13.71;16.92;28.99;35.17;0.574;NEUTRE;0;49.6;2;1
2026.02.09 10:00;80.969;81.249;78.637;79.104;45.72;15.82;19.53;32.75;47.15;-0.862;NEUTRE;0;-62.8;-2;1
2026.02.09 09:00;81.810;82.108;80.936;80.958;51.14;18.25;8.99;43.77;61.06;1.461;SOFT_UP;1;74.7;3;1
2026.02.09 08:00;80.932;82.119;80.858;81.838;53.77;21.06;10.37;64.91;76.46;2.564;STRONG_UP;2;82.1;3;1
2026.02.09 07:00;82.015;82.040;80.338;80.931;56.82;23.34;11.97;74.48;84.07;1.427;SOFT_UP;1;77.7;3;1
2026.02.09 06:00;82.077;82.404;81.042;82.015;60.60;26.93;7.45;89.98;87.24;2.786;STRONG_UP;2;84.5;3;0
2026.02.09 05:00;81.665;82.175;81.498;82.076;61.21;31.07;3.44;87.74;83.44;2.862;STRONG_UP;2;85.6;3;0
2026.02.09 04:00;80.959;82.051;80.825;81.665;58.31;33.03;3.97;83.99;80.59;2.347;STRONG_UP;2;85.7;3;0
2026.02.09 03:00;80.862;81.478;80.812;80.962;55.19;30.93;4.58;78.60;79.48;1.466;SOFT_UP;1;84.8;3;0
2026.02.09 02:00;80.221;81.221;79.616;80.864;52.27;29.75;5.29;79.18;81.95;1.343;SOFT_UP;1;86.2;3;0
2026.02.09 01:00;79.492;81.594;79.344;80.206;49.57;34.32;6.10;80.65;83.85;0.519;NEUTRE;0;;;0
2026.02.09 00:00;79.792;79.989;78.948;79.483;46.45;28.63;7.04;86.01;83.33;-0.387;NEUTRE;0;;;0
2026.02.08 23:00;79.409;80.121;78.415;79.792;44.28;33.03;8.12;84.88;80.46;0.482;NEUTRE;0;25.3;1;0
2026.02.06 21:00;77.449;78.068;76.959;77.822;41.78;24.38;9.37;79.09;79.87;15.953;SPIKE_UP;4;86.7;3;0
2026.02.06 20:00;77.386;77.671;76.556;77.448;41.37;22.62;10.81;77.42;81.66;15.396;SPIKE_UP;4;86.7;3;0
2026.02.06 19:00;77.230;77.606;76.990;77.386;42.30;26.10;6.48;83.10;82.43;15.304;SPIKE_UP;4;86.8;3;1
2026.02.06 18:00;77.390;78.122;76.834;77.232;39.54;30.12;7.48;84.46;81.21;15.074;SPIKE_UP;4;87;3;1
2026.02.06 17:00;76.358;77.522;76.193;77.390;36.37;27.58;8.63;79.72;78.99;15.310;SPIKE_UP;4;87.2;3;1
2026.02.06 16:00;75.683;76.549;74.998;76.358;33.91;20.56;9.96;79.45;82.29;13.772;SPIKE_UP;4;87;3;1
2026.02.06 15:00;76.266;76.966;75.329;75.686;33.79;23.73;8.21;77.78;84.92;12.771;SPIKE_UP;4;87;3;1
2026.02.06 14:00;75.471;76.371;74.183;76.265;31.51;21.79;9.47;89.63;87.24;13.633;SPIKE_UP;4;87.4;3;1
2026.02.06 13:00;74.878;76.225;74.704;75.473;30.30;25.14;7.27;87.36;82.44;12.453;SPIKE_UP;4;87.3;3;1
2026.02.06 12:00;74.585;75.039;73.752;74.878;26.48;17.01;8.39;84.73;75.00;11.567;SPIKE_UP;4;87.4;3;1
2026.02.06 11:00;74.144;74.973;73.556;74.585;25.33;18.84;9.68;75.23;64.08;11.130;SPIKE_UP;4;87.5;3;1
2026.02.06 10:00;74.010;74.350;73.290;74.143;24.28;14.97;11.17;65.04;54.18;10.472;SPIKE_UP;4;87.6;3;1
2026.02.06 09:00;73.635;74.354;73.094;74.010;25.78;17.27;12.88;51.96;53.87;10.273;SPIKE_UP;4;87.8;3;1
2026.02.06 08:00;72.224;74.304;71.426;73.635;27.51;19.32;14.87;45.53;63.84;9.715;SPIKE_UP;4;87.9;3;1
2026.02.06 07:00;72.464;73.124;71.770;72.177;29.73;15.98;17.15;64.12;80.03;7.542;EXPLOSIVE_UP;3;87.6;3;1
2026.02.06 06:00;74.955;75.275;71.855;72.464;33.77;18.44;18.83;81.87;87.43;7.970;EXPLOSIVE_UP;3;88.1;3;0
2026.02.06 05:00;72.368;75.015;72.270;74.951;38.80;21.28;19.86;94.09;85.41;11.675;SPIKE_UP;4;88.9;3;0
2026.02.06 04:00;72.856;73.113;72.145;72.369;44.24;13.90;22.91;86.34;74.22;7.828;EXPLOSIVE_UP;3;88.7;3;0
2026.02.06 03:00;71.706;72.970;70.476;72.856;47.28;13.76;26.44;75.81;58.01;8.554;EXPLOSIVE_UP;3;89.1;3;0
2026.02.06 02:00;70.855;73.324;70.064;71.709;49.70;15.88;30.50;60.51;39.85;6.845;EXPLOSIVE_UP;3;89.3;3;0
2026.02.06 01:00;70.021;71.321;68.377;70.860;52.49;8.87;35.20;37.73;21.78;5.580;EXPLOSIVE_UP;3;;;0
2026.02.06 00:00;67.115;70.093;64.053;70.021;51.38;3.81;40.61;21.33;15.91;4.330;STRONG_UP;2;;;0
2026.02.05 23:00;70.247;71.141;66.882;67.137;46.54;4.40;39.65;6.28;23.37;-25.078;SPIKE_DOWN;-4;-87.7;-3;0
2026.02.05 21:00;73.532;74.207;70.611;70.885;41.39;5.08;32.28;20.13;42.41;-20.895;SPIKE_DOWN;-4;-87.4;-3;0
2026.02.05 20:00;74.627;75.319;72.633;73.566;36.55;5.86;28.60;43.69;60.12;-17.903;SPIKE_DOWN;-4;-87.2;-3;0
2026.02.05 19:00;76.020;76.400;74.262;74.628;32.03;6.76;23.67;63.41;64.52;-16.718;SPIKE_DOWN;-4;-87.1;-3;1
2026.02.05 18:00;76.581;77.806;75.136;76.021;28.40;7.80;21.02;73.25;59.49;-15.164;SPIKE_DOWN;-4;-87;-3;1
2026.02.05 17:00;77.023;77.479;75.994;76.582;25.72;9.00;19.31;56.90;46.12;-14.538;SPIKE_DOWN;-4;-87;-3;1
2026.02.05 16:00;74.030;77.501;73.882;77.023;24.07;10.39;22.28;48.33;36.63;-14.045;SPIKE_DOWN;-4;-87.1;-3;1
2026.02.05 15:00;76.361;77.147;72.221;74.027;22.17;10.48;25.71;33.12;26.47;-17.389;SPIKE_DOWN;-4;-87.8;-3;1
2026.02.05 14:00;76.001;77.553;73.433;76.363;19.11;12.09;25.88;28.43;23.55;-14.782;SPIKE_DOWN;-4;-87.6;-3;1
2026.02.05 13:00;75.978;77.717;74.682;75.998;16.46;13.95;25.20;17.87;30.60;-15.189;SPIKE_DOWN;-4;-87.8;-3;1
2026.02.05 12:00;78.331;78.837;75.498;75.978;14.57;16.10;24.94;24.36;47.02;-15.212;SPIKE_DOWN;-4;-88;-3;1
2026.02.05 11:00;78.519;79.386;78.019;78.334;13.50;18.58;17.16;49.56;65.79;-12.582;SPIKE_DOWN;-4;-87.8;-3;1
2026.02.05 10:00;78.564;79.049;77.762;78.520;14.97;17.64;19.80;67.13;70.50;-12.375;SPIKE_DOWN;-4;-87.9;-3;1
2026.02.05 09:00;79.835;79.835;77.615;78.564;16.39;20.35;22.85;80.68;62.08;-12.326;SPIKE_DOWN;-4;-88.1;-3;1
2026.02.05 08:00;79.948;81.018;78.966;79.764;18.02;23.49;17.00;63.68;43.37;-10.987;SPIKE_DOWN;-4;-88.1;-3;1
2026.02.05 07:00;78.448;80.352;78.128;79.966;18.33;22.11;19.62;41.88;28.78;-10.761;SPIKE_DOWN;-4;-88.3;-3;1
2026.02.05 06:00;77.278;79.563;76.427;78.460;20.23;20.05;22.64;24.57;19.17;-12.442;SPIKE_DOWN;-4;-88.8;-3;0
2026.02.05 05:00;76.080;77.945;73.873;77.280;22.41;15.20;26.12;19.90;15.35;-13.759;SPIKE_DOWN;-4;-89.1;-3;0
2026.02.05 04:00;76.992;77.868;75.715;76.080;21.79;17.53;23.18;13.06;15.70;-15.098;SPIKE_DOWN;-4;-89.3;-3;0
2026.02.05 03:00;74.337;77.551;73.450;77.001;23.01;17.97;26.74;13.10;34.06;-14.070;SPIKE_DOWN;-4;-89.5;-3;0
2026.02.05 02:00;86.632;86.754;73.958;74.338;23.53;20.73;28.95;20.94;59.82;-17.042;SPIKE_DOWN;-4;-89.7;-3;0
2026.02.05 01:00;89.654;89.915;86.624;86.632;24.60;23.92;18.18;68.16;83.95;-3.322;STRONG_DOWN;-2;;;0
2026.02.05 00:00;89.609;90.370;88.793;89.569;26.29;27.60;10.83;90.36;86.44;-0.045;NEUTRE;0;;;0
2026.02.04 23:00;88.330;90.261;88.064;89.630;23.62;30.78;12.50;93.32;72.62;6.065;EXPLOSIVE_UP;3;80.4;3;0
2026.02.04 21:00;87.421;88.231;87.151;88.117;20.76;21.30;14.43;75.63;50.81;4.274;STRONG_UP;2;77.7;3;0
2026.02.04 20:00;87.065;87.696;85.567;87.420;20.99;16.96;16.64;48.89;31.49;3.450;STRONG_UP;2;75.6;3;0
2026.02.04 19:00;85.909;87.308;85.656;87.064;24.08;16.76;19.21;27.92;19.34;3.028;STRONG_UP;2;74.4;3;1
2026.02.04 18:00;84.834;86.359;83.631;85.907;26.74;10.50;22.16;17.66;15.82;1.659;SOFT_UP;1;64.3;2;1
2026.02.04 17:00;85.225;86.567;84.527;84.835;25.36;12.12;20.52;12.43;23.01;0.391;NEUTRE;0;27.4;1;1
2026.02.04 16:00;86.836;87.393;83.963;85.226;25.30;13.99;23.67;17.37;39.29;0.853;NEUTRE;0;50.2;2;1
2026.02.04 15:00;89.514;90.446;86.187;86.839;25.24;16.14;17.34;39.23;61.13;2.762;STRONG_UP;2;76.5;3;1
2026.02.04 14:00;91.599;92.177;88.368;89.581;28.57;18.62;12.13;61.28;75.19;6.007;EXPLOSIVE_UP;3;84.1;3;1
2026.02.04 13:00;89.740;91.905;89.296;91.599;29.72;21.48;10.25;82.87;81.26;8.395;EXPLOSIVE_UP;3;86.1;3;1
2026.02.04 12:00;90.571;90.795;89.645;89.739;28.84;18.24;11.82;81.44;79.84;6.194;EXPLOSIVE_UP;3;85.1;3;1
2026.02.04 11:00;90.324;90.578;88.968;90.569;29.99;18.15;13.64;79.48;79.40;7.176;EXPLOSIVE_UP;3;86.1;3;1
2026.02.04 10:00;89.296;90.411;89.272;90.317;32.42;20.94;12.83;78.61;83.47;6.878;EXPLOSIVE_UP;3;86.3;3;1
2026.02.04 09:00;90.233;90.310;88.144;89.292;33.72;22.80;14.81;80.12;87.84;5.665;EXPLOSIVE_UP;3;86;3;1
2026.02.04 08:00;90.359;90.483;89.573;90.235;35.64;26.30;6.94;91.68;92.68;6.781;EXPLOSIVE_UP;3;87;3;1
2026.02.04 07:00;89.610;90.752;88.876;90.363;32.16;30.35;8.00;91.72;92.67;6.932;EXPLOSIVE_UP;3;87.4;3;1
2026.02.04 06:00;87.847;89.657;86.993;89.612;28.14;26.04;9.24;94.63;91.20;6.043;EXPLOSIVE_UP;3;87.5;3;0
2026.02.04 05:00;88.219;88.259;87.505;87.839;25.14;21.97;10.66;91.66;88.75;3.945;STRONG_UP;2;86.8;3;0
2026.02.04 04:00;87.732;88.272;87.390;88.219;23.67;25.36;12.30;87.32;86.88;4.395;STRONG_UP;2;87.7;3;0
2026.02.04 03:00;86.994;87.918;86.371;87.732;21.98;23.08;14.19;87.27;85.44;3.819;STRONG_UP;2;88;3;0
2026.02.04 02:00;87.326;88.218;86.783;86.994;21.69;26.63;12.27;86.05;79.08;2.945;STRONG_UP;2;88.3;3;0
2026.02.04 01:00;85.658;87.462;85.467;87.340;19.35;22.62;14.16;82.99;66.45;3.355;STRONG_UP;2;;;0
2026.02.04 00:00;84.505;86.090;84.468;85.656;18.79;15.52;16.34;68.19;51.87;1.362;SOFT_UP;1;;;0
2026.02.03 23:00;85.548;85.667;83.169;84.486;21.28;13.90;18.86;48.18;38.47;1.960;SOFT_UP;1;62.5;2;0
2026.02.03 21:00;84.908;85.769;84.687;85.226;22.23;16.04;12.41;39.23;29.25;2.853;STRONG_UP;2;71.9;3;0
2026.02.03 20:00;84.551;85.496;83.475;84.936;23.69;14.63;14.32;28.00;22.05;2.503;STRONG_UP;2;70.5;3;0
2026.02.03 19:00;84.033;85.189;82.669;84.551;27.17;14.54;16.52;20.51;24.38;2.038;SOFT_UP;1;67.5;3;1
2026.02.03 18:00;83.747;85.279;82.847;84.032;30.36;16.77;17.97;17.65;37.83;1.412;SOFT_UP;1;60.5;2;1
2026.02.03 17:00;86.838;86.943;82.952;83.747;34.50;19.36;20.07;34.99;56.74;1.068;SOFT_UP;1;54.8;2;1
2026.02.03 16:00;88.394;89.079;86.692;86.854;39.53;22.33;8.75;60.84;68.47;4.818;EXPLOSIVE_UP;3;81.6;3;1
2026.02.03 15:00;88.057;88.604;87.022;88.397;38.89;22.71;10.09;74.40;70.28;6.680;EXPLOSIVE_UP;3;84.3;3;1
2026.02.03 14:00;88.159;88.914;86.419;88.057;38.95;26.20;11.64;70.16;67.11;6.269;EXPLOSIVE_UP;3;84.3;3;1
2026.02.03 13:00;87.073;89.139;86.937;88.098;39.03;30.23;10.24;66.29;66.46;6.319;EXPLOSIVE_UP;3;84.8;3;1
2026.02.03 12:00;86.488;87.474;86.106;87.076;37.43;23.25;11.82;64.88;70.10;5.086;EXPLOSIVE_UP;3;84;3;1
2026.02.03 11:00;86.335;86.976;85.409;86.486;38.17;21.23;13.63;68.21;77.29;4.374;STRONG_UP;2;83.6;3;1
2026.02.03 10:00;86.660;87.388;86.193;86.334;40.69;24.49;8.03;77.21;84.62;4.190;STRONG_UP;2;84;3;1
2026.02.03 09:00;87.298;87.696;85.572;86.658;39.17;28.26;9.27;86.43;84.64;4.581;EXPLOSIVE_UP;3;85;3;1
2026.02.03 08:00;86.686;87.932;86.210;87.298;37.41;32.61;6.07;90.21;76.03;5.353;EXPLOSIVE_UP;3;86.2;3;1
2026.02.03 07:00;84.840;86.980;84.269;86.682;32.61;29.12;7.01;77.27;63.37;4.610;EXPLOSIVE_UP;3;86.1;3;1
2026.02.03 06:00;83.201;85.464;83.012;84.863;28.21;25.00;8.09;60.62;54.04;2.415;STRONG_UP;2;83.7;3;0
2026.02.03 05:00;83.385;83.867;82.930;83.201;24.69;18.82;9.33;52.23;53.98;0.409;NEUTRE;0;61.5;2;0
2026.02.03 04:00;83.295;83.885;82.472;83.374;23.30;21.72;10.77;49.26;56.75;0.618;NEUTRE;0;74;3;0
2026.02.03 03:00;81.654;83.374;81.181;83.300;21.70;19.50;12.42;60.45;67.42;0.529;NEUTRE;0;75.9;3;0
2026.02.03 02:00;84.433;84.478;81.060;81.663;21.63;22.50;14.33;60.55;71.80;-1.447;SOFT_DOWN;-1;-86.5;-3;0
2026.02.03 01:00;81.718;85.669;81.678;84.433;21.55;25.96;13.76;81.25;77.62;1.896;SOFT_UP;1;;;0
2026.02.03 00:00;82.862;84.064;81.670;81.718;20.14;23.76;15.87;73.59;75.54;-1.381;SOFT_DOWN;-1;;;0
2026.02.02 23:00;80.098;82.883;79.956;82.862;20.17;19.83;18.32;78.00;74.54;1.476;SOFT_UP;1;55.3;2;0
2026.02.02 21:00;79.882;80.765;78.904;79.211;22.67;14.01;21.13;75.02;68.69;-2.995;STRONG_DOWN;-2;-72.7;-3;0
2026.02.02 20:00;81.114;81.300;79.728;79.882;23.03;16.16;17.57;70.59;58.01;-2.174;SOFT_DOWN;-1;-67.8;-3;0
2026.02.02 19:00;78.905;81.565;78.360;81.111;25.93;18.65;20.28;60.47;43.63;-0.669;NEUTRE;0;-38.4;-1;1
2026.02.02 18:00;79.242;79.436;76.137;78.910;29.28;11.30;23.40;42.96;29.00;-3.364;STRONG_DOWN;-2;-76.6;-3;1
2026.02.02 17:00;78.435;79.973;77.791;79.241;28.41;13.03;19.28;27.46;22.81;-2.959;STRONG_DOWN;-2;-75.7;-3;1
2026.02.02 16:00;75.788;79.414;75.291;78.435;29.81;11.10;22.25;16.57;33.87;-3.946;STRONG_DOWN;-2;-79.8;-3;1
2026.02.02 15:00;78.651;79.902;75.655;75.785;29.25;12.80;24.31;24.39;56.34;-7.191;EXPLOSIVE_DOWN;-3;-84.7;-3;1
2026.02.02 14:00;81.597;82.618;77.913;78.651;28.98;14.77;19.88;60.66;78.73;-3.681;STRONG_DOWN;-2;-80.4;-3;1
2026.02.02 13:00;83.815;83.833;79.669;81.612;31.17;17.05;17.19;83.96;89.11;-0.055;NEUTRE;0;-5.4;0;1
2026.02.02 12:00;82.789;84.358;81.604;83.812;35.91;19.67;12.69;91.58;91.25;2.639;STRONG_UP;2;78.6;3;1
2026.02.02 11:00;81.782;84.045;81.746;82.813;38.11;20.95;14.64;91.80;85.75;1.416;SOFT_UP;1;71;3;1
2026.02.02 10:00;81.904;82.720;79.913;81.782;41.25;15.30;16.89;90.36;70.55;0.153;NEUTRE;0;19;0;1
2026.02.02 09:00;78.810;82.561;76.987;81.904;46.83;16.79;19.49;75.08;50.60;0.302;NEUTRE;0;37.1;1;1
2026.02.02 08:00;76.438;79.652;75.300;78.832;52.89;11.34;22.49;46.22;34.31;-3.460;STRONG_DOWN;-2;-84.1;-3;1
2026.02.02 07:00;74.102;77.816;72.277;76.285;55.96;6.60;25.95;30.49;26.05;-6.579;EXPLOSIVE_DOWN;-3;-87.3;-3;1
2026.02.02 06:00;76.320;77.279;71.292;74.102;55.42;6.12;29.94;26.23;23.67;-9.252;EXPLOSIVE_DOWN;-3;-88.4;-3;0
2026.02.02 05:00;79.045;79.545;72.700;76.239;53.78;7.06;30.93;21.42;27.03;-6.635;EXPLOSIVE_DOWN;-3;-88.1;-3;0
2026.02.02 04:00;76.756;80.293;75.023;79.045;52.39;8.15;30.46;23.37;40.60;-3.199;STRONG_DOWN;-2;-86.8;-3;0
2026.02.02 03:00;80.603;81.848;76.276;76.756;51.56;9.40;31.49;36.31;56.01;-6.002;EXPLOSIVE_DOWN;-3;-88.7;-3;0
2026.02.02 02:00;84.791;84.931;79.972;80.628;51.18;10.85;26.13;62.12;64.96;-1.260;SOFT_DOWN;-1;-86;-3;0
2026.02.02 01:00;85.700;85.700;78.962;84.791;52.70;12.51;30.15;69.60;60.89;3.838;STRONG_UP;2;;;0
2026.02.02 00:00;81.657;87.920;81.476;85.700;54.44;14.44;29.05;63.15;53.09;4.951;EXPLOSIVE_UP;3;;;0
2026.02.01 23:00;82.304;82.526;76.797;81.481;57.65;3.78;33.52;49.91;45.30;-1.000;NEUTRE;0;-44.4;-1;0
2026.01.30 21:00;83.217;85.634;82.880;85.184;54.26;4.37;27.52;46.21;39.28;-27.555;SPIKE_DOWN;-4;-88.1;-3;0
2026.01.30 20:00;85.370;85.756;81.390;83.250;51.43;5.04;31.75;39.80;31.76;-29.200;SPIKE_DOWN;-4;-88.3;-3;0
2026.01.30 19:00;83.510;86.501;81.145;85.370;48.17;5.81;36.64;31.85;23.27;-27.397;SPIKE_DOWN;-4;-88.2;-3;1
2026.01.30 18:00;85.372;87.028;73.432;83.480;44.41;6.71;42.27;23.63;21.24;-29.004;SPIKE_DOWN;-4;-88.4;-3;1
2026.01.30 17:00;93.904;94.165;84.403;85.392;40.07;7.74;36.36;14.34;23.38;-27.378;SPIKE_DOWN;-4;-88.4;-3;1
2026.01.30 16:00;98.299;98.450;91.251;93.962;36.25;8.93;31.16;25.76;30.18;-20.089;SPIKE_DOWN;-4;-88;-3;1
2026.01.30 15:00;99.351;100.200;97.518;98.321;33.30;10.30;22.57;30.04;35.78;-16.382;SPIKE_DOWN;-4;-87.7;-3;1
2026.01.30 14:00;97.975;101.559;97.431;99.381;32.68;11.89;26.04;34.75;40.14;-15.481;SPIKE_DOWN;-4;-87.7;-3;1
2026.01.30 13:00;99.285;101.649;96.649;97.977;31.97;13.71;30.04;42.54;40.21;-16.675;SPIKE_DOWN;-4;-88;-3;1
2026.01.30 12:00;102.999;104.056;98.671;99.425;31.14;15.82;28.44;43.13;33.39;-15.443;SPIKE_DOWN;-4;-88;-3;1
2026.01.30 11:00;100.854;103.394;100.279;103.015;31.55;18.26;28.23;34.96;24.76;-12.390;SPIKE_DOWN;-4;-87.7;-3;1
2026.01.30 10:00;97.885;100.917;97.206;100.854;33.11;8.84;32.57;22.08;18.28;-14.228;SPIKE_DOWN;-4;-88.2;-3;1
2026.01.30 09:00;103.903;104.734;95.011;97.885;29.38;10.19;37.58;17.25;18.01;-16.753;SPIKE_DOWN;-4;-88.6;-3;1
2026.01.30 08:00;106.959;106.982;103.208;103.901;25.08;11.76;30.39;15.51;19.57;-11.637;SPIKE_DOWN;-4;-88.3;-3;1
2026.01.30 07:00;107.924;109.479;104.707;107.087;22.14;13.57;29.12;21.27;22.12;-8.927;EXPLOSIVE_DOWN;-3;-88;-3;1
2026.01.30 06:00;109.990;110.911;107.282;107.925;19.94;15.66;25.30;21.91;23.53;-8.215;EXPLOSIVE_DOWN;-3;-88.1;-3;0
2026.01.30 05:00;111.076;112.468;109.812;109.999;19.39;18.07;18.47;23.18;23.30;-6.451;EXPLOSIVE_DOWN;-3;-88;-3;0
2026.01.30 04:00;109.753;111.413;109.670;111.076;22.21;14.74;21.31;25.49;28.47;-5.535;EXPLOSIVE_DOWN;-3;-88.2;-3;0
2026.01.30 03:00;111.027;111.322;108.566;109.751;22.82;16.20;24.58;21.25;40.76;-6.662;EXPLOSIVE_DOWN;-3;-88.9;-3;0
2026.01.30 02:00;113.225;114.214;107.946;111.036;23.17;18.70;28.37;38.66;60.26;-5.569;EXPLOSIVE_DOWN;-3;-89.1;-3;0
2026.01.30 01:00;116.720;117.113;112.633;113.215;23.57;21.57;21.23;62.37;76.03;-3.716;STRONG_DOWN;-2;;;0
2026.01.30 00:00;117.584;118.439;116.558;116.721;27.08;24.89;11.01;79.74;77.93;-0.734;NEUTRE;0;;;0
2026.01.29 23:00;116.347;117.829;115.906;117.585;25.30;23.73;12.71;85.99;71.88;-0.143;NEUTRE;0;-8;0;0
2026.01.29 21:00;116.508;117.296;115.295;115.471;24.54;23.90;14.66;68.08;60.88;-1.938;SOFT_DOWN;-1;-64.3;-2;0
2026.01.29 20:00;113.482;117.208;112.360;116.502;24.62;26.91;16.92;61.57;53.95;-1.062;SOFT_DOWN;-1;-50.1;-2;0
2026.01.29 19:00;114.639;114.664;111.625;113.477;24.91;22.97;19.52;53.00;45.59;-3.631;STRONG_DOWN;-2;-76.9;-3;1
2026.01.29 18:00;114.641;116.665;113.522;114.565;27.49;26.51;12.92;47.27;38.79;-2.707;STRONG_DOWN;-2;-73.6;-3;1
2026.01.29 17:00;112.186;115.929;112.167;114.634;26.42;26.98;14.91;36.49;35.69;-2.649;STRONG_DOWN;-2;-74.1;-3;1
2026.01.29 16:00;109.552;113.650;109.281;112.163;26.05;21.82;17.21;32.60;47.22;-4.747;EXPLOSIVE_DOWN;-3;-81.5;-3;1
2026.01.29 15:00;119.276;119.276;106.779;109.769;28.24;25.18;19.85;37.99;63.14;-6.780;EXPLOSIVE_DOWN;-3;-84.4;-3;1
2026.01.29 14:00;119.275;121.605;118.798;119.261;30.77;29.05;8.11;71.08;70.36;1.281;SOFT_UP;1;64.1;2;1
2026.01.29 13:00;118.948;119.569;118.373;119.242;26.83;22.36;9.36;80.35;62.75;1.265;SOFT_UP;1;65.5;3;1
2026.01.29 12:00;118.415;119.876;118.167;118.903;24.65;25.80;10.80;59.65;46.63;0.977;NEUTRE;0;61.4;2;1
2026.01.29 11:00;116.677;118.461;116.208;118.420;22.14;17.03;12.46;48.26;38.01;0.566;NEUTRE;0;49.2;2;1
2026.01.29 10:00;117.615;117.770;116.629;116.678;23.15;14.94;14.38;31.97;34.23;-0.913;NEUTRE;0;-64.1;-2;1
2026.01.29 09:00;116.492;117.748;116.375;117.615;26.42;16.94;16.59;33.80;41.56;-0.117;NEUTRE;0;-16.3;0;1
2026.01.29 08:00;118.073;118.256;115.281;116.492;30.32;19.54;19.14;36.94;55.62;-1.071;SOFT_DOWN;-1;-71.7;-3;1
2026.01.29 07:00;118.971;119.209;117.722;118.074;34.83;22.55;9.46;53.95;66.84;0.273;NEUTRE;0;41.3;1;1
2026.01.29 06:00;118.237;120.434;118.218;118.972;33.89;26.02;5.78;75.97;70.23;1.035;SOFT_UP;1;75.6;3;0
2026.01.29 05:00;118.391;118.525;117.597;118.237;29.32;16.77;6.67;70.59;65.36;0.411;NEUTRE;0;61.6;2;0
2026.01.29 04:00;117.373;118.500;117.049;118.394;27.20;18.94;7.70;64.13;66.49;0.544;NEUTRE;0;71.9;3;0
2026.01.29 03:00;117.659;118.078;116.963;117.371;24.90;17.38;8.88;61.35;71.68;-0.324;NEUTRE;0;-67.7;-3;0
2026.01.29 02:00;117.840;117.956;116.746;117.657;23.76;18.36;10.25;73.99;79.50;-0.082;NEUTRE;0;-42.7;-1;0
2026.01.29 01:00;117.900;118.536;116.885;117.839;23.05;21.19;10.06;79.68;83.40;0.073;NEUTRE;0;;;0
2026.01.29 00:00;117.753;118.398;116.095;117.937;21.12;23.16;11.61;84.84;85.20;0.156;NEUTRE;0;;;0
2026.01.28 23:00;116.636;119.337;115.383;117.704;19.25;26.73;13.40;85.69;77.96;4.391;STRONG_UP;2;76.9;3;0
2026.01.28 21:00;116.404;116.967;115.173;116.803;17.10;21.62;15.46;85.09;66.40;3.592;STRONG_UP;2;75.5;3;0
2026.01.28 20:00;114.433;117.417;114.145;116.409;17.18;24.94;17.83;63.11;53.60;3.242;STRONG_UP;2;74.7;3;0
2026.01.28 19:00;111.508;114.744;111.089;114.432;17.26;16.21;20.58;51.02;51.44;1.489;SOFT_UP;1;60.5;2;1
2026.01.28 18:00;114.176;114.219;110.476;111.500;18.09;16.50;23.74;46.68;56.74;-1.111;SOFT_DOWN;-1;-54.3;-2;1
2026.01.28 17:00;114.615;114.962;113.582;114.127;18.10;19.04;14.63;56.63;64.71;1.219;SOFT_UP;1;58.2;2;1
2026.01.28 16:00;113.095;114.792;112.657;114.592;18.88;20.07;16.88;66.92;71.72;1.631;SOFT_UP;1;66.5;3;1
2026.01.28 15:00;114.890;115.652;111.923;113.076;20.45;23.16;19.48;70.57;68.42;0.286;NEUTRE;0;23.3;0;1
2026.01.28 14:00;114.100;115.342;113.247;114.908;22.27;26.72;17.01;77.65;57.48;1.911;SOFT_UP;1;72;3;1
2026.01.28 13:00;113.454;114.602;113.206;114.090;22.28;25.40;19.63;57.04;39.89;1.186;SOFT_UP;1;64.1;2;1
2026.01.28 12:00;112.469;113.518;111.963;113.447;23.74;17.36;22.65;37.74;27.64;0.616;NEUTRE;0;49.2;2;1
2026.01.28 11:00;112.888;112.898;111.209;112.469;25.35;13.90;26.13;24.89;23.97;-0.252;NEUTRE;0;-27.3;-1;1
2026.01.28 10:00;112.979;113.479;112.449;112.888;24.55;16.03;18.86;20.27;30.97;0.120;NEUTRE;0;15.1;0;1
2026.01.28 09:00;113.887;114.155;112.158;112.978;27.08;18.50;21.76;26.76;46.07;0.200;NEUTRE;0;26.6;1;1
2026.01.28 08:00;114.723;115.039;113.411;113.887;30.00;21.35;15.45;45.87;64.86;1.006;SOFT_UP;1;70.6;3;1
2026.01.28 07:00;115.166;115.169;113.604;114.730;32.16;24.63;16.01;65.59;78.77;1.753;SOFT_UP;1;80;3;1
2026.01.28 06:00;115.295;115.570;113.830;115.131;33.84;28.42;16.25;83.13;88.13;2.109;SOFT_UP;1;82.8;3;0
2026.01.28 05:00;115.614;116.075;115.010;115.295;34.85;32.79;8.31;87.59;88.90;2.254;STRONG_UP;2;84.4;3;0
2026.01.28 04:00;114.712;115.642;114.682;115.614;31.05;31.58;9.59;93.69;88.95;2.537;STRONG_UP;2;86;3;0
2026.01.28 03:00;114.388;115.404;114.176;114.718;27.61;32.63;11.07;85.42;87.12;1.743;SOFT_UP;1;85.6;3;0
2026.01.28 02:00;113.140;114.470;112.939;114.390;24.27;25.95;12.77;87.73;88.86;1.452;SOFT_UP;1;86.5;3;0
2026.01.28 01:00;113.379;114.386;112.764;113.140;22.77;29.09;14.74;88.19;90.36;0.343;NEUTRE;0;;;0
2026.01.28 00:00;112.753;113.950;111.706;113.379;21.24;29.43;17.00;90.66;91.65;0.555;NEUTRE;0;;;0
2026.01.27 23:00;111.640;113.192;110.617;112.751;20.38;28.77;19.62;92.24;86.30;5.693;EXPLOSIVE_UP;3;79.8;3;0
2026.01.27 21:00;112.045;113.003;111.596;112.028;20.61;33.19;16.79;92.05;70.42;5.015;EXPLOSIVE_UP;3;79.5;3;0
2026.01.27 20:00;109.273;112.295;109.223;112.047;18.73;30.56;19.37;74.61;50.29;5.033;EXPLOSIVE_UP;3;80;3;0
2026.01.27 19:00;107.860;109.332;107.501;109.279;18.17;20.42;22.35;44.60;36.07;2.438;STRONG_UP;2;70.9;3;1
2026.01.27 18:00;106.522;108.142;105.685;107.860;20.27;13.56;25.79;31.66;30.64;1.108;SOFT_UP;1;54.2;2;1
2026.01.27 17:00;107.859;108.150;106.060;106.522;18.61;15.65;27.41;31.95;29.68;-0.146;NEUTRE;0;-11;0;1
2026.01.27 16:00;108.271;109.526;107.504;107.848;17.27;18.06;21.00;28.30;26.27;1.097;SOFT_UP;1;57.1;2;1
2026.01.27 15:00;106.464;108.617;104.959;108.271;18.77;13.92;24.23;28.80;32.53;1.493;SOFT_UP;1;66;3;1
2026.01.27 14:00;111.960;111.987;106.099;106.452;17.49;16.06;23.16;21.71;41.52;-0.212;NEUTRE;0;-18.8;0;1
2026.01.27 13:00;111.153;113.058;110.982;111.983;17.40;18.53;13.97;47.07;58.73;4.973;EXPLOSIVE_UP;3;83.4;3;1
2026.01.27 12:00;111.592;112.090;110.597;111.103;17.92;14.21;16.12;55.77;68.12;4.148;STRONG_UP;2;82.7;3;1
2026.01.27 11:00;112.374;112.767;110.851;111.603;19.70;16.39;15.98;73.33;75.82;4.617;EXPLOSIVE_UP;3;84;3;1
2026.01.27 10:00;112.465;113.015;111.815;112.374;22.54;18.92;10.70;75.26;75.98;5.339;EXPLOSIVE_UP;3;85.2;3;1
2026.01.27 09:00;111.289;113.079;111.077;112.491;21.74;21.83;12.35;78.87;77.16;5.449;EXPLOSIVE_UP;3;85.8;3;1
2026.01.27 08:00;112.548;112.790;110.158;111.290;20.81;22.96;14.24;73.81;73.20;4.323;STRONG_UP;2;85.3;3;1
2026.01.27 07:00;109.883;113.422;109.584;112.548;20.41;26.49;16.44;78.80;73.13;5.503;EXPLOSIVE_UP;3;86.8;3;1
2026.01.27 06:00;109.931;110.471;109.231;109.818;19.95;18.74;18.97;67.01;73.41;2.943;STRONG_UP;2;84.8;3;0
2026.01.27 05:00;108.153;109.954;107.210;109.928;22.92;15.21;21.88;73.60;81.01;3.047;STRONG_UP;2;85.8;3;0
2026.01.27 04:00;109.735;109.886;107.608;108.195;23.68;17.55;23.02;79.62;81.98;1.422;SOFT_UP;1;82.9;3;0
2026.01.27 03:00;110.390;110.653;108.870;109.736;25.26;20.25;18.04;89.80;72.32;2.867;STRONG_UP;2;87.3;3;0
2026.01.27 02:00;110.196;111.079;109.446;110.395;28.25;23.37;15.84;76.52;51.05;3.484;STRONG_UP;2;88.5;3;0
2026.01.27 01:00;106.167;110.844;105.662;110.196;29.64;24.75;18.28;50.65;32.11;3.298;STRONG_UP;2;;;0
2026.01.27 00:00;106.678;107.694;104.314;106.151;31.89;19.20;21.09;26.00;19.30;-0.494;NEUTRE;0;;;0
2026.01.26 23:00;105.132;107.867;102.888;106.679;36.08;22.16;24.33;19.69;16.56;1.634;SOFT_UP;1;58;2;0
2026.01.26 21:00;108.502;108.683;101.940;103.607;40.91;25.57;28.08;12.19;23.96;-1.293;SOFT_DOWN;-1;-54.2;-2;0
2026.01.26 20:00;107.425;109.723;107.259;108.470;46.48;29.50;20.26;17.80;43.60;3.340;STRONG_UP;2;75.1;3;0
2026.01.26 19:00;111.163;111.239;106.446;107.425;50.77;34.04;23.38;41.89;69.86;2.345;STRONG_UP;2;70.2;3;1
2026.01.26 18:00;117.119;117.710;110.732;111.163;55.73;39.27;13.22;71.10;87.60;5.906;EXPLOSIVE_UP;3;82.3;3;1
2026.01.26 17:00;114.282;117.244;114.116;117.119;56.67;45.31;7.79;96.60;89.77;11.580;SPIKE_UP;4;86.3;3;1
2026.01.26 16:00;112.122;114.522;111.855;114.282;54.52;38.90;8.99;95.11;77.09;8.877;EXPLOSIVE_UP;3;85.4;3;1
2026.01.26 15:00;111.237;112.397;110.612;112.119;53.30;32.63;10.37;77.59;62.27;6.817;EXPLOSIVE_UP;3;84.4;3;1
2026.01.26 14:00;109.060;111.368;108.519;111.235;53.53;28.78;11.97;58.57;58.12;5.974;EXPLOSIVE_UP;3;84.1;3;1
2026.01.26 13:00;109.347;110.355;108.729;109.059;55.42;27.73;13.81;50.63;63.29;3.901;STRONG_UP;2;81.6;3;1
2026.01.26 12:00;109.317;110.878;109.053;109.306;58.80;32.00;12.87;65.17;71.60;4.137;STRONG_UP;2;82.7;3;1
2026.01.26 11:00;109.358;109.369;108.230;109.337;61.28;24.20;14.85;74.07;74.27;4.166;STRONG_UP;2;83.3;3;1
2026.01.26 10:00;109.003;109.537;109.003;109.355;67.03;27.92;6.69;75.55;70.72;4.183;STRONG_UP;2;83.9;3;1
2026.01.26 09:00;109.244;110.082;108.549;109.003;67.90;32.22;7.72;73.19;63.75;3.848;STRONG_UP;2;84.1;3;1
2026.01.26 08:00;108.318;110.027;108.158;109.243;68.92;36.63;8.91;63.41;58.74;4.077;STRONG_UP;2;85;3;1
2026.01.26 07:00;107.556;108.356;107.072;108.315;70.16;28.51;10.28;54.65;61.38;3.193;STRONG_UP;2;84.4;3;1
2026.01.26 06:00;107.753;108.638;107.249;107.543;73.72;32.89;9.75;58.15;70.79;2.457;STRONG_UP;2;83.8;3;0
2026.01.26 05:00;108.029;108.100;106.264;107.755;76.71;31.99;11.25;71.33;80.31;2.659;STRONG_UP;2;85.2;3;0
2026.01.26 04:00;108.221;108.382;107.481;108.030;81.13;36.91;2.78;82.89;85.94;2.921;STRONG_UP;2;86.5;3;0
2026.01.26 03:00;108.903;109.298;107.594;108.221;80.38;42.59;1.28;86.69;87.80;3.103;STRONG_UP;2;87.5;3;0
2026.01.26 02:00;107.579;109.416;106.874;108.903;78.26;49.15;1.47;88.25;89.11;3.753;STRONG_UP;2;88.6;3;0
2026.01.26 01:00;106.379;108.559;105.642;107.579;75.81;51.52;1.70;88.45;91.48;2.491;STRONG_UP;2;;;0
2026.01.26 00:00;104.964;107.358;104.587;106.435;73.07;53.11;1.96;90.64;93.78;1.401;SOFT_UP;1;;;0
2026.01.25 23:00;104.501;105.129;103.222;104.955;70.02;48.91;2.26;95.36;93.94;0.434;NEUTRE;0;23;0;0
2026.01.23 21:00;102.457;103.365;102.356;103.153;66.77;42.70;2.61;95.34;90.48;6.428;EXPLOSIVE_UP;3;81.8;3;0
2026.01.23 20:00;101.889;102.551;101.613;102.465;63.43;36.85;3.01;91.11;85.76;5.718;EXPLOSIVE_UP;3;81.2;3;0
2026.01.23 19:00;100.827;102.005;100.804;101.902;60.12;33.57;3.47;84.98;82.29;5.137;EXPLOSIVE_UP;3;80.7;3;1
2026.01.23 18:00;100.657;101.357;100.643;100.828;56.87;30.43;4.01;81.18;80.45;4.029;STRONG_UP;2;78.8;3;1
2026.01.23 17:00;100.603;101.257;100.420;100.701;53.82;32.96;4.62;80.72;80.66;3.898;STRONG_UP;2;79;3;1
2026.01.23 16:00;99.814;100.860;99.814;100.585;50.50;30.73;5.33;79.46;83.12;3.778;STRONG_UP;2;79.4;3;1
2026.01.23 15:00;99.288;100.250;99.074;99.801;47.43;26.60;6.15;81.80;88.26;2.969;STRONG_UP;2;77.4;3;1
2026.01.23 14:00;99.568;99.770;98.947;99.288;45.13;24.41;7.10;88.11;91.00;2.440;STRONG_UP;2;75.7;3;1
2026.01.23 13:00;99.207;99.648;98.687;99.569;43.62;25.89;8.19;94.86;84.45;2.730;STRONG_UP;2;78.1;3;1
2026.01.23 12:00;98.959;99.302;98.612;99.207;42.34;24.33;9.45;90.03;68.21;2.357;STRONG_UP;2;77.3;3;1
2026.01.23 11:00;98.919;98.974;98.430;98.959;42.08;20.76;10.91;68.45;48.24;2.101;SOFT_UP;1;76.9;3;1
2026.01.23 10:00;98.150;98.980;97.966;98.913;43.77;23.95;12.59;46.14;38.37;2.053;SOFT_UP;1;77.8;3;1
2026.01.23 09:00;97.951;98.339;97.722;98.150;45.71;17.91;14.52;30.12;46.82;1.266;SOFT_UP;1;72.5;3;1
2026.01.23 08:00;98.686;98.709;97.516;97.960;51.14;20.67;16.76;38.85;63.58;1.070;SOFT_UP;1;71.6;3;1
2026.01.23 07:00;99.038;99.055;98.607;98.693;57.40;23.85;5.27;71.50;78.27;1.826;SOFT_UP;1;80.3;3;1
2026.01.23 06:00;99.026;99.224;98.682;99.037;56.41;27.52;3.50;80.40;81.94;2.181;SOFT_UP;1;83;3;0
2026.01.23 05:00;98.633;99.344;98.546;99.027;53.17;31.75;4.04;82.92;83.55;2.171;SOFT_UP;1;84.2;3;0
2026.01.23 04:00;98.699;98.784;98.433;98.634;49.44;25.84;4.66;82.50;85.28;1.765;SOFT_UP;1;84.3;3;0
2026.01.23 03:00;98.715;98.978;98.379;98.699;46.37;29.82;5.38;85.22;88.51;1.832;SOFT_UP;1;85.8;3;0
2026.01.23 02:00;98.569;99.191;98.307;98.715;42.82;34.41;6.21;88.11;89.61;1.849;SOFT_UP;1;87.3;3;0
2026.01.23 01:00;97.116;98.987;96.873;98.574;38.72;36.15;7.16;92.21;86.17;1.703;SOFT_UP;1;;;0
2026.01.23 00:00;96.923;97.185;96.675;97.116;34.38;28.60;8.26;88.52;79.52;0.199;NEUTRE;0;;;0
2026.01.22 23:00;96.220;96.941;96.181;96.929;31.18;25.64;9.53;77.79;76.75;6.580;EXPLOSIVE_UP;3;81.2;3;0
2026.01.22 21:00;96.091;96.369;96.001;96.147;28.94;18.50;11.00;72.25;79.89;5.720;EXPLOSIVE_UP;3;80.7;3;0
2026.01.22 20:00;95.869;96.369;95.841;96.089;29.48;21.34;12.69;80.21;86.86;5.656;EXPLOSIVE_UP;3;81.1;3;0
2026.01.22 19:00;96.177;96.365;95.465;95.869;30.10;24.51;14.64;87.23;91.74;5.414;EXPLOSIVE_UP;3;81.1;3;1
2026.01.22 18:00;96.256;96.566;95.902;96.185;30.86;28.28;9.43;93.14;92.32;5.762;EXPLOSIVE_UP;3;82.1;3;1
2026.01.22 17:00;95.786;96.475;95.407;96.272;27.91;30.52;10.88;94.85;85.91;5.857;EXPLOSIVE_UP;3;82.7;3;1
2026.01.22 16:00;95.648;95.883;95.113;95.786;24.90;26.69;12.55;88.97;67.70;5.323;EXPLOSIVE_UP;3;82.4;3;1
2026.01.22 15:00;93.816;95.818;93.438;95.622;23.19;29.50;14.48;73.90;46.30;5.143;EXPLOSIVE_UP;3;82.6;3;1
2026.01.22 14:00;93.501;94.347;93.290;93.813;21.51;24.53;16.71;40.24;28.31;3.154;STRONG_UP;2;78.9;3;1
2026.01.22 13:00;93.045;93.549;92.850;93.501;21.90;16.69;19.28;24.77;27.49;2.810;STRONG_UP;2;78.4;3;1
2026.01.22 12:00;93.506;93.770;92.864;93.042;24.16;19.25;21.94;19.93;38.93;2.306;STRONG_UP;2;77;3;1
2026.01.22 11:00;93.724;93.978;93.471;93.506;26.87;22.22;15.01;37.77;58.17;2.816;STRONG_UP;2;80.2;3;1
2026.01.22 10:00;93.833;93.845;93.357;93.722;28.03;21.60;17.31;59.08;76.20;3.053;STRONG_UP;2;81.7;3;1
2026.01.22 09:00;94.068;94.320;93.462;93.832;30.64;24.92;16.67;77.67;88.57;3.174;STRONG_UP;2;82.8;3;1
2026.01.22 08:00;94.177;94.350;93.771;94.069;32.31;28.75;13.69;91.86;95.08;3.435;STRONG_UP;2;84.1;3;1
2026.01.22 07:00;94.073;94.296;94.002;94.160;31.82;33.18;9.66;96.18;96.76;3.535;STRONG_UP;2;85;3;1
2026.01.22 06:00;93.780;94.093;93.639;94.073;28.27;27.66;11.15;97.19;94.82;3.439;STRONG_UP;2;85.6;3;0
2026.01.22 05:00;93.307;93.904;93.138;93.789;26.07;25.51;12.86;96.92;88.11;3.127;STRONG_UP;2;85.9;3;0
2026.01.22 04:00;93.349;93.390;93.068;93.308;25.01;19.11;14.84;90.34;75.36;2.598;STRONG_UP;2;86.1;3;0
2026.01.22 03:00;92.729;93.398;92.603;93.350;26.92;22.05;17.12;77.06;58.45;2.644;STRONG_UP;2;87.1;3;0
2026.01.22 02:00;92.214;92.943;91.697;92.729;29.13;16.64;19.76;58.70;49.37;1.962;SOFT_UP;1;87.4;3;0
2026.01.22 01:00;91.859;92.723;90.908;92.232;32.29;16.48;22.80;39.60;48.27;1.415;SOFT_UP;1;;;0
2026.01.22 00:00;90.945;91.916;90.783;91.861;34.78;12.18;26.30;49.80;53.66;1.007;SOFT_UP;1;;;0
2026.01.21 23:00;92.996;93.046;90.884;90.943;34.49;14.05;28.98;55.41;51.84;-4.121;STRONG_DOWN;-2;-76.1;-3;0
2026.01.21 21:00;92.578;93.344;92.393;93.064;34.45;16.21;22.79;55.76;44.98;-1.885;SOFT_DOWN;-1;-63.7;-2;0
2026.01.21 20:00;91.308;92.621;90.821;92.605;37.16;7.01;26.29;44.36;39.98;-2.369;STRONG_DOWN;-2;-69.5;-3;0
2026.01.21 19:00;93.566;93.612;90.313;91.324;33.97;8.09;30.34;34.83;38.94;-3.719;STRONG_DOWN;-2;-77.2;-3;1
2026.01.21 18:00;93.239;93.593;92.358;93.566;30.28;9.33;25.47;40.76;39.56;-1.356;SOFT_DOWN;-1;-59.5;-2;1
2026.01.21 17:00;93.400;93.412;92.327;93.288;27.81;8.51;29.39;41.25;41.38;-1.649;SOFT_DOWN;-1;-65.4;-3;1
2026.01.21 16:00;93.640;93.953;93.097;93.394;23.61;9.82;22.99;36.67;39.63;-1.537;SOFT_DOWN;-1;-65.2;-3;1
2026.01.21 15:00;93.750;94.231;92.276;93.607;21.07;11.33;26.53;46.21;44.12;-1.313;SOFT_DOWN;-1;-63.1;-2;1
2026.01.21 14:00;94.961;95.073;93.448;93.705;18.14;13.08;21.39;36.00;42.28;-1.209;SOFT_DOWN;-1;-62.8;-2;1
2026.01.21 13:00;94.198;95.053;93.675;94.950;17.22;15.09;22.53;50.15;53.34;0.103;NEUTRE;0;10.1;0;1
2026.01.21 12:00;94.723;94.880;94.068;94.198;16.82;17.41;21.61;40.69;63.40;-0.689;NEUTRE;0;-52.3;-2;1
2026.01.21 11:00;94.849;95.067;94.413;94.723;17.76;20.09;18.40;69.19;78.07;-0.136;NEUTRE;0;-15.6;0;1
2026.01.21 10:00;95.166;95.234;94.836;94.840;19.81;23.18;11.27;80.32;79.65;-0.013;NEUTRE;0;-1.7;0;1
2026.01.21 09:00;94.908;95.287;94.880;95.166;17.54;26.74;11.31;84.71;74.68;0.331;NEUTRE;0;39.7;1;1
2026.01.21 08:00;94.708;95.099;94.595;94.908;14.00;23.75;13.05;73.93;64.40;0.059;NEUTRE;0;9.4;0;1
2026.01.21 07:00;94.363;94.752;94.126;94.710;11.68;16.81;15.06;65.39;54.02;-0.150;NEUTRE;0;-25.8;-1;1
2026.01.21 06:00;94.544;95.079;94.240;94.372;12.63;19.40;14.57;53.89;43.53;-0.506;NEUTRE;0;-62.2;-2;0
2026.01.21 05:00;94.290;94.914;93.935;94.543;12.39;19.36;16.81;42.77;36.10;-0.326;NEUTRE;0;-55.8;-2;0
2026.01.21 04:00;93.896;94.582;93.755;94.316;13.21;17.12;19.40;33.94;39.05;-0.565;NEUTRE;0;-72.6;-3;0
2026.01.21 03:00;94.096;94.380;93.321;93.896;14.28;16.00;22.38;31.59;51.06;-1.008;SOFT_DOWN;-1;-82.5;-3;0
2026.01.21 02:00;94.428;94.591;93.461;94.106;13.92;18.46;23.79;51.62;67.73;-0.786;NEUTRE;0;-83.6;-3;0
2026.01.21 01:00;95.313;95.405;93.961;94.428;14.12;21.30;20.65;69.97;72.73;-0.447;NEUTRE;0;;;0
2026.01.21 00:00;94.852;95.543;94.755;95.313;16.05;24.58;15.36;81.62;69.48;0.486;NEUTRE;0;;;0
2026.01.20 23:00;94.496;94.895;93.951;94.850;14.97;15.71;17.73;66.59;61.09;1.168;SOFT_UP;1;48.9;2;0
2026.01.20 21:00;94.211;94.670;94.179;94.525;16.34;18.12;16.74;60.23;57.61;0.821;NEUTRE;0;41.4;1;0
2026.01.20 20:00;94.461;94.466;93.709;94.205;18.25;14.52;19.31;56.45;53.27;0.480;NEUTRE;0;28.4;1;0
2026.01.20 19:00;94.611;94.730;94.222;94.460;18.87;16.75;11.86;56.16;47.00;0.752;NEUTRE;0;41.7;1;1
2026.01.20 18:00;94.451;94.992;94.129;94.608;19.14;19.33;13.68;47.19;39.72;0.910;NEUTRE;0;48.7;2;1
2026.01.20 17:00;94.083;94.545;93.545;94.455;19.46;14.33;15.79;37.64;35.65;0.747;NEUTRE;0;44.7;1;1
2026.01.20 16:00;93.845;94.329;93.543;94.104;21.71;13.21;18.22;34.34;43.20;0.372;NEUTRE;0;27.7;1;1
2026.01.20 15:00;94.873;95.187;93.102;93.844;22.60;15.25;21.02;34.98;58.93;0.095;NEUTRE;0;8.1;0;1
2026.01.20 14:00;95.154;95.814;94.139;94.880;23.63;17.59;16.60;60.28;77.68;1.200;SOFT_UP;1;62.6;2;1
2026.01.20 13:00;95.714;95.715;94.639;95.150;26.82;20.30;14.56;81.54;86.02;1.488;SOFT_UP;1;68.8;3;1
2026.01.20 12:00;95.665;95.860;95.127;95.705;28.41;23.42;9.83;91.21;87.31;2.080;SOFT_UP;1;75.6;3;1
2026.01.20 11:00;95.136;95.673;95.099;95.665;26.49;23.10;11.34;85.30;85.17;2.037;SOFT_UP;1;76.5;3;1
2026.01.20 10:00;94.913;95.406;94.874;95.136;25.31;19.50;13.08;85.41;84.02;1.473;SOFT_UP;1;73.2;3;1
2026.01.20 09:00;95.337;95.471;94.869;94.914;26.18;22.50;15.09;84.80;82.14;1.236;SOFT_UP;1;72.1;3;1
2026.01.20 08:00;94.230;95.386;94.157;95.340;27.17;23.79;17.42;81.85;81.63;1.691;SOFT_UP;1;78.1;3;1
2026.01.20 07:00;93.869;94.530;93.869;94.234;28.98;16.73;20.10;79.78;78.61;0.511;NEUTRE;0;58.7;2;1
2026.01.20 06:00;94.431;94.478;93.311;93.869;32.03;18.10;23.19;83.26;67.55;0.122;NEUTRE;0;24.6;0;0
2026.01.20 05:00;94.219;94.588;94.070;94.431;35.06;20.88;16.75;72.78;47.05;0.721;NEUTRE;0;72.9;3;0
2026.01.20 04:00;93.289;94.316;93.277;94.219;38.76;16.01;19.33;46.60;26.79;0.495;NEUTRE;0;70.3;3;0
2026.01.20 03:00;92.986;93.559;92.560;93.289;43.28;7.27;22.30;21.76;14.17;-0.497;NEUTRE;0;-75;-3;0
2026.01.20 02:00;93.099;93.427;92.695;92.990;42.12;8.39;23.65;12.00;15.00;-0.816;NEUTRE;0;-83.8;-3;0
2026.01.20 01:00;93.176;93.862;92.872;93.101;41.27;9.68;23.57;8.76;27.77;-0.698;NEUTRE;0;;;0
2026.01.20 00:00;93.755;93.878;93.049;93.157;41.19;11.17;24.45;24.26;51.50;-0.638;NEUTRE;0;;;0
2026.01.19 23:00;94.467;94.628;93.719;93.755;41.79;12.88;15.77;50.30;73.02;0.446;NEUTRE;0;23.6;0;0
2026.01.19 21:00;94.330;94.330;94.330;94.330;46.67;14.86;7.86;79.95;87.39;1.062;SOFT_UP;1;48.7;2;0
2026.01.19 19:00;94.534;94.534;94.301;94.330;49.10;17.15;9.07;88.82;90.63;1.062;SOFT_UP;1;51.6;2;1
2026.01.19 18:00;94.594;94.602;94.414;94.528;51.92;19.79;3.00;93.39;90.60;1.274;SOFT_UP;1;57.9;2;1
2026.01.19 17:00;94.428;94.642;94.266;94.596;48.57;22.84;3.47;89.68;86.70;1.347;SOFT_UP;1;60.7;2;1
2026.01.19 16:00;93.797;94.591;93.619;94.427;44.72;24.26;4.00;88.74;83.27;1.166;SOFT_UP;1;58.7;2;1
2026.01.19 15:00;93.799;94.084;93.548;93.795;40.56;19.97;4.61;81.69;72.92;0.489;NEUTRE;0;36.3;1;1
2026.01.19 14:00;93.245;93.858;93.078;93.799;37.19;16.55;5.32;79.39;63.14;0.493;NEUTRE;0;38.4;1;1
2026.01.19 13:00;93.284;93.539;93.124;93.245;35.02;12.81;6.14;57.67;52.27;-0.101;NEUTRE;0;-9.9;0;1
2026.01.19 12:00;92.912;93.579;92.820;93.284;34.99;14.78;7.09;52.37;46.07;-0.059;NEUTRE;0;-6.3;0;1
2026.01.19 11:00;93.100;93.604;92.583;92.912;34.96;17.05;8.18;46.77;39.67;-0.457;NEUTRE;0;-43.1;-1;1
2026.01.19 10:00;93.156;93.234;92.894;93.100;34.93;14.10;9.44;39.06;39.68;-0.256;NEUTRE;0;-30;-1;1
2026.01.19 09:00;92.584;93.201;92.518;93.159;37.25;14.78;10.89;33.19;45.70;-0.193;NEUTRE;0;-25.8;-1;1
2026.01.19 08:00;93.091;93.420;92.384;92.584;40.65;17.05;12.56;46.78;51.04;-0.809;NEUTRE;0;-66.3;-3;1
2026.01.19 07:00;93.790;93.815;93.020;93.091;44.57;19.68;5.05;57.12;49.21;-0.266;NEUTRE;0;-40.6;-1;1
2026.01.19 06:00;93.196;93.827;93.050;93.807;42.32;22.70;5.25;49.22;51.37;0.501;NEUTRE;0;62;2;0
2026.01.19 05:00;92.759;93.523;92.753;93.199;39.22;20.18;6.05;41.28;60.75;-0.150;NEUTRE;0;-34.1;-1;0
2026.01.19 04:00;92.995;93.175;92.751;92.759;36.97;16.33;6.98;63.60;75.55;-0.621;NEUTRE;0;-74;-3;0
2026.01.19 03:00;93.224;93.417;92.795;92.995;36.50;18.84;6.46;77.36;83.35;-0.369;NEUTRE;0;-70.2;-3;0
2026.01.19 02:00;93.123;93.424;92.590;93.224;34.58;21.74;7.46;85.67;87.76;-0.123;NEUTRE;0;-54.2;-2;0
2026.01.19 01:00;93.597;94.069;92.660;93.139;32.38;25.08;7.31;87.02;88.46;-0.214;NEUTRE;0;;;0
2026.01.19 00:00;93.339;93.789;92.453;93.606;28.92;25.89;8.44;90.58;88.27;0.286;NEUTRE;0;;;0
2026.01.18 23:00;91.692;94.065;91.622;93.314;25.55;29.87;9.74;87.78;84.01;1.769;SOFT_UP;1;60;2;0
2026.01.16 21:00;89.317;90.097;89.261;90.068;21.66;19.19;11.23;86.46;78.14;-1.480;SOFT_DOWN;-1;-57.8;-2;0
2026.01.16 20:00;89.353;89.524;88.739;89.317;20.97;11.60;12.96;77.79;68.36;-2.301;STRONG_DOWN;-2;-68.9;-3;0
2026.01.16 19:00;88.999;89.467;88.608;89.353;23.34;12.27;14.95;70.18;56.07;-2.262;STRONG_DOWN;-2;-69.6;-3;1
2026.01.16 18:00;88.703;89.718;88.364;88.999;25.41;14.15;17.26;57.12;44.68;-2.649;STRONG_DOWN;-2;-73.2;-3;1
2026.01.16 17:00;88.791;88.942;88.109;88.705;27.80;7.51;19.91;40.91;35.82;-2.971;STRONG_DOWN;-2;-75.8;-3;1
2026.01.16 16:00;87.865;89.261;87.740;88.798;25.12;8.67;22.97;36.02;32.15;-2.869;STRONG_DOWN;-2;-76.1;-3;1
2026.01.16 15:00;89.097;89.873;86.821;87.866;22.03;10.00;26.51;30.54;30.80;-3.889;STRONG_DOWN;-2;-80.3;-3;1
2026.01.16 14:00;88.817;89.794;88.313;89.097;18.46;11.54;23.07;29.88;32.01;-2.542;STRONG_DOWN;-2;-76.3;-3;1
2026.01.16 13:00;90.064;90.113;87.563;88.828;16.18;13.32;26.61;31.99;39.68;-2.836;STRONG_DOWN;-2;-78.5;-3;1
2026.01.16 12:00;91.028;91.049;89.889;90.064;13.55;15.37;16.67;34.15;47.32;-1.484;SOFT_DOWN;-1;-70.3;-3;1
2026.01.16 11:00;90.498;91.293;89.989;91.027;15.00;17.73;17.91;52.89;56.32;-0.431;NEUTRE;0;-41.4;-1;1
2026.01.16 10:00;91.125;91.511;90.323;90.498;17.23;20.46;16.73;54.94;56.18;-1.010;SOFT_DOWN;-1;-66.3;-3;1
2026.01.16 09:00;91.137;91.729;91.017;91.131;18.34;23.60;10.32;61.15;57.18;-0.317;NEUTRE;0;-38.4;-1;1
2026.01.16 08:00;90.910;91.384;90.714;91.144;15.14;19.78;11.90;52.47;55.93;-0.303;NEUTRE;0;-40.5;-1;1
2026.01.16 07:00;90.401;91.097;90.371;90.938;13.64;16.23;13.73;57.92;54.60;-0.528;NEUTRE;0;-59.5;-2;1
2026.01.16 06:00;91.432;91.469;89.845;90.413;14.45;18.73;15.85;57.41;45.10;-1.103;SOFT_DOWN;-1;-76.4;-3;0
2026.01.16 05:00;90.834;91.850;90.395;91.430;15.39;21.61;13.07;48.47;34.14;0.010;NEUTRE;0;2.6;0;0
2026.01.16 04:00;90.147;90.907;90.134;90.835;13.98;14.97;15.09;29.42;25.02;-0.641;NEUTRE;0;-74.5;-3;0
2026.01.16 03:00;90.015;90.779;89.892;90.156;16.07;14.72;17.41;24.52;25.41;-1.384;SOFT_DOWN;-1;-84.5;-3;0
2026.01.16 02:00;91.094;91.332;89.433;90.013;17.25;16.99;20.09;21.10;29.64;-1.540;SOFT_DOWN;-1;-86.7;-3;0
2026.01.16 01:00;90.474;92.038;90.251;91.106;18.62;19.60;16.55;30.59;41.69;-0.345;NEUTRE;0;;;0
2026.01.16 00:00;91.421;91.433;90.447;90.477;20.19;17.41;19.09;37.22;55.69;-1.033;SOFT_DOWN;-1;;;0
2026.01.15 23:00;92.434;92.727;90.165;91.428;22.58;20.09;22.03;57.25;70.74;-0.834;NEUTRE;0;-39.3;-1;0
2026.01.15 21:00;91.921;92.558;91.864;92.295;25.35;23.18;15.22;72.60;82.19;0.106;NEUTRE;0;6.5;0;0
2026.01.15 20:00;92.484;92.534;91.182;91.921;26.06;26.21;17.56;82.39;87.66;-0.299;NEUTRE;0;-18.6;0;0
2026.01.15 19:00;92.349;92.996;92.108;92.478;27.02;30.25;9.73;91.59;88.21;0.305;NEUTRE;0;19.9;0;1
2026.01.15 18:00;91.817;92.733;91.811;92.348;23.28;30.34;11.22;89.00;82.57;0.164;NEUTRE;0;11.6;0;1
2026.01.15 17:00;91.034;91.889;91.031;91.817;19.79;20.93;12.95;84.03;71.11;-0.412;NEUTRE;0;-28.6;-1;1
2026.01.15 16:00;90.610;91.949;89.970;91.032;19.21;24.15;14.94;74.68;61.10;-1.264;SOFT_DOWN;-1;-60.7;-2;1
2026.01.15 15:00;90.337;90.889;89.616;90.607;18.54;19.62;17.24;54.62;55.61;-1.725;SOFT_DOWN;-1;-68.9;-3;1
2026.01.15 14:00;88.488;90.462;87.909;90.336;20.40;17.48;19.89;54.01;66.94;-2.019;SOFT_DOWN;-1;-72.9;-3;1
2026.01.15 13:00;91.062;91.062;87.843;88.488;22.54;20.17;22.95;58.21;79.84;-4.023;STRONG_DOWN;-2;-81.8;-3;1
2026.01.15 12:00;91.208;91.409;90.652;91.062;25.02;23.27;13.06;88.59;91.62;-1.231;SOFT_DOWN;-1;-66.6;-3;1
2026.01.15 11:00;91.082;91.445;90.820;91.215;24.54;26.85;11.65;92.71;92.23;-1.065;SOFT_DOWN;-1;-65.4;-3;1
2026.01.15 10:00;90.448;91.431;90.416;91.082;22.25;30.64;13.44;93.56;90.70;-1.209;SOFT_DOWN;-1;-69.8;-3;1
2026.01.15 09:00;89.828;90.586;89.397;90.460;19.67;22.54;15.51;90.43;79.49;-1.884;SOFT_DOWN;-1;-78;-3;1
2026.01.15 08:00;89.324;89.886;88.975;89.826;19.85;16.95;17.90;88.12;62.94;-2.572;STRONG_DOWN;-2;-82.1;-3;1
2026.01.15 07:00;89.807;90.017;89.142;89.332;22.49;19.56;17.83;59.91;41.97;-3.107;STRONG_DOWN;-2;-84.3;-3;1
2026.01.15 06:00;87.987;89.829;87.938;89.793;25.24;19.26;20.58;40.78;31.03;-2.607;STRONG_DOWN;-2;-84.2;-3;0
2026.01.15 05:00;87.725;88.294;86.881;87.987;28.62;9.74;23.74;25.23;26.67;-4.566;EXPLOSIVE_DOWN;-3;-87.2;-3;0
2026.01.15 04:00;87.725;88.565;87.455;87.725;26.58;11.24;21.14;27.08;29.41;-4.850;EXPLOSIVE_DOWN;-3;-87.9;-3;0
2026.01.15 03:00;88.653;88.790;86.392;87.730;25.97;12.97;24.40;27.72;33.36;-4.845;EXPLOSIVE_DOWN;-3;-88.4;-3;0
2026.01.15 02:00;87.985;90.169;87.596;88.653;25.26;14.96;20.43;33.43;47.70;-3.844;STRONG_DOWN;-2;-88.7;-3;0
2026.01.15 01:00;92.325;92.452;86.069;87.997;26.77;17.27;23.57;38.93;64.30;-4.555;EXPLOSIVE_DOWN;-3;;;0
2026.01.15 00:00;92.197;93.014;91.775;92.325;28.51;19.92;13.44;70.73;82.37;0.139;NEUTRE;0;;;0
2026.01.14 23:00;93.465;93.493;91.060;92.202;29.91;22.99;15.51;83.24;90.48;5.014;EXPLOSIVE_UP;3;78.5;3;0
2026.01.14 21:00;93.239;93.255;92.294;93.175;31.52;26.52;10.09;93.13;88.36;6.122;EXPLOSIVE_UP;3;81.3;3;0
2026.01.14 20:00;92.702;93.471;92.240;93.250;29.47;30.60;11.65;95.06;77.80;6.207;EXPLOSIVE_UP;3;81.9;3;0
2026.01.14 19:00;92.304;92.950;92.161;92.718;27.10;28.80;13.44;76.89;63.94;5.601;EXPLOSIVE_UP;3;81.4;3;1
2026.01.14 18:00;90.516;92.331;90.324;92.301;25.68;21.16;15.50;61.45;58.73;5.126;EXPLOSIVE_UP;3;81.1;3;1
2026.01.14 17:00;91.163;91.358;89.661;90.515;27.25;16.96;17.89;53.49;62.03;3.092;STRONG_UP;2;76.3;3;1
2026.01.14 16:00;91.783;92.026;90.578;91.148;31.03;19.57;12.33;61.25;70.26;3.813;STRONG_UP;2;79.5;3;1
2026.01.14 15:00;91.169;91.853;90.161;91.777;32.32;20.74;14.23;71.35;79.41;4.530;EXPLOSIVE_UP;3;81.6;3;1
2026.01.14 14:00;91.758;92.193;90.454;91.149;34.42;23.93;13.75;78.19;84.46;3.814;STRONG_UP;2;80.7;3;1
2026.01.14 13:00;91.981;92.222;91.031;91.751;35.56;27.61;10.76;88.69;82.63;4.500;EXPLOSIVE_UP;3;82.7;3;1
2026.01.14 12:00;90.538;92.063;90.528;91.969;34.28;29.81;12.42;86.51;71.30;4.748;EXPLOSIVE_UP;3;83.6;3;1
2026.01.14 11:00;90.136;90.732;89.908;90.534;33.21;21.05;14.33;72.68;58.17;3.114;STRONG_UP;2;81.1;3;1
2026.01.14 10:00;90.489;90.637;90.079;90.135;35.40;24.29;13.34;54.71;47.13;2.659;STRONG_UP;2;80.5;3;1
2026.01.14 09:00;90.047;90.574;89.958;90.480;36.37;26.29;15.39;47.11;41.88;3.052;STRONG_UP;2;82.5;3;1
2026.01.14 08:00;90.089;90.322;89.182;90.058;37.94;24.04;17.76;39.56;44.27;2.572;STRONG_UP;2;82.1;3;1
2026.01.14 07:00;90.123;90.530;89.809;90.097;41.46;27.74;12.03;38.98;55.35;2.616;STRONG_UP;2;83.2;3;1
2026.01.14 06:00;89.406;90.599;89.276;90.123;41.76;32.01;13.88;54.26;72.06;2.646;STRONG_UP;2;84.3;3;0
2026.01.14 05:00;90.690;91.145;89.153;89.406;42.11;36.93;16.01;72.80;86.14;1.829;SOFT_UP;1;83.1;3;0
2026.01.14 04:00;90.700;91.528;90.567;90.670;42.51;42.61;7.55;89.11;93.72;3.269;STRONG_UP;2;86.9;3;0
2026.01.14 03:00;89.659;90.737;89.181;90.701;38.30;36.50;8.72;96.52;96.35;3.304;STRONG_UP;2;87.7;3;0
2026.01.14 02:00;89.881;89.975;89.336;89.659;34.73;34.59;10.06;95.54;87.32;2.117;SOFT_UP;1;87.6;3;0
2026.01.14 01:00;88.424;89.923;88.153;89.881;31.63;38.65;11.61;97.00;70.13;2.370;STRONG_UP;2;;;0
2026.01.14 00:00;87.800;88.520;87.691;88.428;28.21;32.41;13.39;69.41;48.94;0.715;NEUTRE;0;;;0