time;open;high;low;close;adx14;plus_di;minus_di;stoch_k;stoch_d;intraday_change;intraday_level;intraday_force;theta_deg;theta_level;is_active
2026.07.14 17:15;5912.00000;5931.00000;5908.00000;5930.00000;54.38;32.56;3.89;81.77;84.73;2.277;SOFT_UP;1;58.4;2;1
2026.07.14 17:00;5894.00000;5916.00000;5894.00000;5912.00000;50.65;27.53;4.49;85.47;87.39;1.966;SOFT_UP;1;54.9;2;1
2026.07.14 16:45;5917.00000;5933.00000;5887.00000;5891.00000;47.37;31.77;5.18;86.95;87.54;1.604;NEUTRE;0;49.7;2;1
2026.07.14 16:30;5895.00000;5932.00000;5880.00000;5917.00000;43.59;36.32;5.98;89.75;88.04;2.052;SOFT_UP;1;56.9;2;1
2026.07.14 16:15;5881.00000;5905.00000;5876.00000;5896.00000;39.26;33.92;6.90;85.92;86.44;1.690;NEUTRE;0;52;2;1
2026.07.14 16:00;5802.00000;5919.00000;5790.00000;5888.00000;35.12;39.14;7.96;88.44;85.25;1.552;NEUTRE;0;50.1;2;1
2026.07.14 15:45;5772.00000;5843.00000;5771.00000;5800.00000;30.33;36.10;9.19;84.96;83.07;0.034;NEUTRE;0;1.5;0;1
2026.07.14 15:30;5718.00000;5776.00000;5700.00000;5773.00000;25.86;27.34;10.60;82.34;79.64;-0.431;NEUTRE;0;-18.9;0;1
2026.07.14 15:15;5716.00000;5762.00000;5711.00000;5721.00000;23.05;28.71;12.23;81.89;72.57;-1.328;NEUTRE;0;-47;-2;1
2026.07.14 15:00;5697.00000;5775.00000;5697.00000;5716.00000;20.40;33.13;14.11;74.68;55.60;-1.414;NEUTRE;0;-49.3;-2;1
2026.07.14 14:45;5603.00000;5698.00000;5595.00000;5698.00000;17.35;23.04;16.29;61.12;37.07;-1.725;NEUTRE;0;-55.2;-2;1
2026.07.14 14:30;5588.00000;5619.00000;5580.00000;5604.00000;17.38;14.78;18.79;30.99;20.82;-3.346;SOFT_DOWN;-1;-70.6;-3;1
2026.07.14 14:15;5567.00000;5630.00000;5554.00000;5586.00000;18.21;17.06;21.68;19.09;13.94;-3.656;SOFT_DOWN;-1;-72.4;-3;1
2026.07.14 14:00;5563.00000;5584.00000;5535.00000;5565.00000;19.18;10.37;25.02;12.38;11.41;-4.019;STRONG_DOWN;-2;-74.2;-3;1
2026.07.14 13:45;5633.00000;5640.00000;5535.00000;5563.00000;15.76;11.96;28.87;10.35;15.07;-4.053;STRONG_DOWN;-2;-74.6;-3;1
2026.07.14 13:30;5639.00000;5685.00000;5618.00000;5635.00000;11.82;13.80;21.15;11.50;23.19;-2.811;SOFT_DOWN;-1;-68.7;-3;1
2026.07.14 13:15;5654.00000;5676.00000;5629.00000;5643.00000;10.40;15.93;21.87;23.35;35.10;-2.673;SOFT_DOWN;-1;-68.1;-3;1
2026.07.14 13:00;5699.00000;5719.00000;5648.00000;5654.00000;9.58;18.38;19.02;34.71;41.41;-2.484;SOFT_DOWN;-1;-67;-3;1
2026.07.14 12:45;5748.00000;5772.00000;5626.00000;5705.00000;10.79;21.21;21.95;47.24;42.12;-1.604;NEUTRE;0;-57.2;-2;1
2026.07.14 12:30;5735.00000;5803.00000;5724.00000;5749.00000;12.19;24.47;15.00;42.29;38.63;-0.845;NEUTRE;0;-39.8;-1;1
2026.07.14 12:15;5727.00000;5745.00000;5703.00000;5735.00000;10.37;16.94;17.30;36.84;36.38;-1.087;NEUTRE;0;-47.5;-2;1
2026.07.14 12:00;5727.00000;5767.00000;5705.00000;5722.00000;11.81;19.54;19.23;36.75;39.77;-1.311;NEUTRE;0;-53.4;-2;1
2026.07.14 11:45;5738.00000;5743.00000;5702.00000;5729.00000;13.50;16.59;22.19;35.55;41.91;-1.190;NEUTRE;0;-51.3;-2;1
2026.07.14 11:30;5723.00000;5747.00000;5696.00000;5740.00000;13.36;19.15;25.60;47.02;44.74;-1.000;NEUTRE;0;-47;-2;1
2026.07.14 11:15;5770.00000;5774.00000;5717.00000;5724.00000;13.19;22.09;23.21;43.15;40.10;-1.276;NEUTRE;0;-54.4;-2;1
2026.07.14 11:00;5736.00000;5790.00000;5734.00000;5771.00000;14.84;25.49;22.19;44.05;42.33;-0.466;NEUTRE;0;-27.5;-1;1
2026.07.14 10:45;5733.00000;5744.00000;5717.00000;5735.00000;16.06;16.78;25.61;33.11;51.37;-1.087;NEUTRE;0;-51.2;-2;1
2026.07.14 10:30;5755.00000;5767.00000;5695.00000;5727.00000;15.33;19.36;29.54;49.84;65.49;-1.225;NEUTRE;0;-55.2;-2;1
2026.07.14 10:15;5766.00000;5807.00000;5759.00000;5759.00000;14.48;22.34;20.41;71.15;73.99;-0.673;NEUTRE;0;-39;-1;1
2026.07.14 10:00;5762.00000;5770.00000;5732.00000;5767.00000;16.02;13.91;23.56;75.49;75.05;-0.535;NEUTRE;0;-33.4;-1;1
2026.07.14 09:45;5758.00000;5770.00000;5747.00000;5761.00000;14.52;16.05;21.11;75.34;70.32;-0.638;NEUTRE;0;-38.9;-1;1
2026.07.14 09:30;5771.00000;5788.00000;5747.00000;5758.00000;14.66;18.52;24.35;74.31;63.27;-0.690;NEUTRE;0;-41.8;-1;1
2026.07.14 09:15;5775.00000;5799.00000;5763.00000;5770.00000;14.83;21.37;22.10;61.30;51.32;-0.483;NEUTRE;0;-32.7;-1;1
2026.07.14 09:00;5667.00000;5778.00000;5667.00000;5775.00000;16.85;15.69;25.50;54.20;47.44;-0.397;NEUTRE;0;-28.5;-1;1
2026.07.14 08:45;5798.00000;5798.00000;5597.00000;5669.00000;15.78;18.10;29.42;38.46;46.43;-2.225;SOFT_DOWN;-1;-72.3;-3;1
2026.07.13 17:15;5816.00000;5826.00000;5803.00000;5812.00000;14.54;20.88;19.20;49.67;52.93;2.613;SOFT_UP;1;61.8;2;1
2026.07.13 17:00;5816.00000;5827.00000;5814.00000;5816.00000;16.13;24.10;14.80;51.15;53.93;2.684;SOFT_UP;1;62.8;2;1
2026.07.13 16:45;5810.00000;5818.00000;5804.00000;5816.00000;14.94;17.15;17.08;57.97;54.26;2.684;SOFT_UP;1;63.1;2;1
2026.07.13 16:30;5825.00000;5827.00000;5807.00000;5809.00000;17.20;19.79;16.41;52.66;50.79;2.560;SOFT_UP;1;62.4;2;1
2026.07.13 16:15;5792.00000;5831.00000;5791.00000;5825.00000;18.41;22.84;18.93;52.14;48.50;2.843;SOFT_UP;1;65.1;3;1
2026.07.13 16:00;5817.00000;5820.00000;5789.00000;5792.00000;19.80;22.12;21.84;47.56;49.81;2.260;SOFT_UP;1;60.1;2;1
2026.07.13 15:45;5820.00000;5858.00000;5806.00000;5816.00000;22.75;25.52;16.77;45.80;54.99;2.684;SOFT_UP;1;64.5;2;1
2026.07.13 15:30;5757.00000;5839.00000;5752.00000;5820.00000;23.07;23.83;19.35;56.08;67.23;2.754;SOFT_UP;1;65.4;3;1
2026.07.13 15:15;5826.00000;5830.00000;5738.00000;5757.00000;25.02;25.90;22.32;63.09;76.23;1.642;NEUTRE;0;53;2;1
2026.07.13 15:00;5808.00000;5888.00000;5806.00000;5827.00000;27.73;29.89;14.39;82.53;79.10;2.878;SOFT_UP;1;67.1;3;1
2026.07.13 14:45;5852.00000;5852.00000;5793.00000;5808.00000;26.61;27.73;16.60;83.05;67.54;2.542;SOFT_UP;1;64.8;2;1
2026.07.13 14:30;5772.00000;5857.00000;5772.00000;5851.00000;26.85;31.99;19.16;71.71;54.27;3.302;SOFT_UP;1;70.4;3;1
2026.07.13 14:15;5716.00000;5780.00000;5688.00000;5774.00000;27.11;22.98;22.10;47.85;49.00;1.942;SOFT_UP;1;59.2;2;1
2026.07.13 14:00;5733.00000;5740.00000;5646.00000;5716.00000;30.99;19.83;25.50;43.24;60.53;0.918;NEUTRE;0;38.9;1;1
2026.07.13 13:45;5790.00000;5807.00000;5733.00000;5733.00000;33.83;22.88;15.19;55.91;76.32;1.218;NEUTRE;0;47.5;2;1
2026.07.13 13:30;5783.00000;5820.00000;5762.00000;5789.00000;35.92;26.40;11.50;82.45;89.85;2.207;SOFT_UP;1;63.6;2;1
2026.07.13 13:15;5809.00000;5809.00000;5760.00000;5783.00000;35.40;27.54;13.26;90.61;94.58;2.101;SOFT_UP;1;62.9;2;1
2026.07.13 13:00;5784.00000;5823.00000;5708.00000;5808.00000;35.46;31.78;15.30;96.48;96.02;2.542;SOFT_UP;1;67.4;3;1
2026.07.13 12:45;5760.00000;5790.00000;5747.00000;5787.00000;35.53;36.67;12.44;96.63;92.30;2.172;SOFT_UP;1;64.5;2;1
2026.07.13 12:30;5712.00000;5769.00000;5708.00000;5762.00000;33.41;34.79;14.36;94.95;84.64;1.730;NEUTRE;0;59.6;2;1
2026.07.13 12:15;5690.00000;5726.00000;5681.00000;5714.00000;32.15;29.30;16.56;85.31;74.08;0.883;NEUTRE;0;41.6;1;1
2026.07.13 12:00;5579.00000;5701.00000;5573.00000;5690.00000;32.83;25.26;19.11;73.66;69.29;0.459;NEUTRE;0;25.2;1;1
2026.07.13 11:45;5569.00000;5597.00000;5564.00000;5579.00000;35.75;16.65;22.05;63.27;68.64;-1.501;NEUTRE;0;-57.6;-2;1
2026.07.13 11:30;5567.00000;5582.00000;5534.00000;5570.00000;39.10;12.22;25.45;70.92;67.22;-1.660;NEUTRE;0;-60.6;-2;1
2026.07.13 11:15;5616.00000;5628.00000;5560.00000;5569.00000;39.71;14.10;21.03;71.74;56.63;-1.677;NEUTRE;0;-61.4;-2;1
2026.07.13 11:00;5589.00000;5621.00000;5544.00000;5614.00000;42.78;14.68;24.26;59.01;41.07;-0.883;NEUTRE;0;-44.7;-1;1
2026.07.13 10:45;5516.00000;5610.00000;5497.00000;5589.00000;45.58;14.74;27.99;39.14;35.67;-1.324;NEUTRE;0;-56.6;-2;1
2026.07.13 10:30;5505.00000;5525.00000;5478.00000;5515.00000;47.82;5.44;32.30;25.04;35.44;-2.631;SOFT_DOWN;-1;-72;-3;1
2026.07.13 10:15;5543.00000;5546.00000;5457.00000;5505.00000;44.23;6.27;37.27;42.83;38.30;-2.807;SOFT_DOWN;-1;-73.5;-3;1
2026.07.13 10:00;5645.00000;5645.00000;5531.00000;5542.00000;40.08;7.24;30.21;38.43;32.30;-2.154;SOFT_DOWN;-1;-69.3;-3;1
2026.07.13 09:45;5641.00000;5657.00000;5625.00000;5649.00000;36.81;8.35;22.60;33.62;25.43;-0.265;NEUTRE;0;-18.5;0;1
2026.07.13 09:30;5617.00000;5657.00000;5586.00000;5641.00000;35.39;9.64;26.08;24.85;19.27;-0.406;NEUTRE;0;-27.8;-1;1
2026.07.13 09:15;5633.00000;5665.00000;5571.00000;5616.00000;33.75;11.12;30.09;17.80;14.72;-0.847;NEUTRE;0;-48.4;-2;1
2026.07.13 09:00;5559.00000;5651.00000;5506.00000;5632.00000;31.86;10.54;34.72;15.17;19.08;-0.565;NEUTRE;0;-37.7;-1;1
2026.07.13 08:45;5664.00000;5669.00000;5531.00000;5561.00000;28.54;12.16;37.41;11.20;24.28;-1.819;NEUTRE;0;-68.7;-3;1
2026.07.10 17:15;6001.00000;6001.00000;5957.00000;5963.00000;25.10;14.03;28.00;30.86;29.58;-6.242;EXPLOSIVE_DOWN;-3;-77.4;-3;1
2026.07.10 17:00;5998.00000;6002.00000;5982.00000;6002.00000;23.84;16.19;23.76;30.77;27.91;-5.629;STRONG_DOWN;-2;-76.2;-3;1
2026.07.10 16:45;6003.00000;6008.00000;5982.00000;5999.00000;24.60;18.68;27.41;27.10;24.78;-5.676;STRONG_DOWN;-2;-76.5;-3;1
2026.07.10 16:30;6020.00000;6027.00000;5997.00000;6003.00000;25.47;21.55;22.76;25.87;23.97;-5.613;STRONG_DOWN;-2;-76.6;-3;1
2026.07.10 16:15;6012.00000;6026.00000;6009.00000;6020.00000;28.97;24.87;20.10;21.36;30.93;-5.346;STRONG_DOWN;-2;-76.1;-3;1
2026.07.10 16:00;5979.00000;6020.00000;5968.00000;6013.00000;31.79;23.27;23.20;24.69;49.83;-5.456;STRONG_DOWN;-2;-76.6;-3;1
2026.07.10 15:45;6085.00000;6087.00000;5960.00000;5979.00000;36.66;26.85;26.77;46.74;71.79;-5.991;STRONG_DOWN;-2;-77.9;-3;1
2026.07.10 15:30;6149.00000;6151.00000;6065.00000;6085.00000;42.28;30.98;18.16;78.06;86.47;-4.324;STRONG_DOWN;-2;-73.8;-3;1
2026.07.10 15:15;6139.00000;6166.00000;6122.00000;6148.00000;44.77;35.74;10.76;90.56;91.52;-3.333;SOFT_DOWN;-1;-69.6;-3;1
2026.07.10 15:00;6087.00000;6160.00000;6087.00000;6139.00000;43.40;39.14;12.42;90.80;93.23;-3.475;SOFT_DOWN;-1;-70.7;-3;1
2026.07.10 14:45;6039.00000;6105.00000;6034.00000;6087.00000;42.10;33.58;14.33;93.19;95.35;-4.292;STRONG_DOWN;-2;-74.4;-3;1
2026.07.10 14:30;6047.00000;6059.00000;6019.00000;6039.00000;42.39;28.77;16.53;95.70;95.18;-5.047;STRONG_DOWN;-2;-76.9;-3;1
2026.07.10 14:15;6007.00000;6054.00000;5982.00000;6047.00000;44.76;31.28;19.07;97.17;88.41;-4.921;STRONG_DOWN;-2;-76.8;-3;1
2026.07.10 14:00;5959.00000;6012.00000;5944.00000;6009.00000;47.91;27.11;22.01;92.69;70.21;-5.519;STRONG_DOWN;-2;-78.4;-3;1
2026.07.10 13:45;5902.00000;5967.00000;5901.00000;5958.00000;53.69;21.10;25.40;75.39;46.75;-6.321;EXPLOSIVE_DOWN;-3;-80;-3;1
2026.07.10 13:30;5850.00000;5902.00000;5838.00000;5894.00000;60.53;10.65;29.30;42.55;27.67;-7.327;EXPLOSIVE_DOWN;-3;-81.5;-3;1
2026.07.10 13:15;5828.00000;5864.00000;5818.00000;5853.00000;62.66;3.16;33.81;22.30;18.51;-7.972;EXPLOSIVE_DOWN;-3;-82.3;-3;1
2026.07.10 13:00;5857.00000;5869.00000;5772.00000;5826.00000;59.54;3.64;39.01;18.17;15.47;-8.396;EXPLOSIVE_DOWN;-3;-82.8;-3;1
2026.07.10 12:45;5909.00000;5925.00000;5848.00000;5856.00000;55.94;4.20;32.96;15.05;12.49;-7.925;EXPLOSIVE_DOWN;-3;-82.6;-3;1
2026.07.10 12:30;5872.00000;5920.00000;5832.00000;5909.00000;52.64;3.85;38.03;13.17;11.40;-7.091;EXPLOSIVE_DOWN;-3;-81.9;-3;1
2026.07.10 12:15;5936.00000;5940.00000;5837.00000;5874.00000;48.19;4.44;43.01;9.26;13.41;-7.642;EXPLOSIVE_DOWN;-3;-82.6;-3;1
2026.07.10 12:00;6039.00000;6055.00000;5928.00000;5936.00000;43.10;5.13;36.03;11.76;19.97;-6.667;EXPLOSIVE_DOWN;-3;-81.7;-3;1
2026.07.10 11:45;6084.00000;6094.00000;6007.00000;6037.00000;38.17;5.91;32.00;19.21;26.19;-5.079;STRONG_DOWN;-2;-79.4;-3;1
2026.07.10 11:30;6131.00000;6140.00000;6050.00000;6084.00000;33.46;6.82;29.32;28.94;30.68;-4.340;STRONG_DOWN;-2;-77.9;-3;1
2026.07.10 11:15;6179.00000;6184.00000;6112.00000;6131.00000;29.03;7.87;23.24;30.42;28.36;-3.601;SOFT_DOWN;-1;-75.8;-3;1
2026.07.10 11:00;6156.00000;6199.00000;6148.00000;6176.00000;25.90;9.09;19.12;32.70;26.22;-2.893;SOFT_DOWN;-1;-72.8;-3;1
2026.07.10 10:45;6188.00000;6197.00000;6146.00000;6156.00000;24.42;9.88;22.06;21.95;22.01;-3.208;SOFT_DOWN;-1;-74.8;-3;1
2026.07.10 10:30;6161.00000;6195.00000;6161.00000;6188.00000;22.31;11.40;20.93;24.02;23.02;-2.704;SOFT_DOWN;-1;-72.5;-3;1
2026.07.10 10:15;6199.00000;6203.00000;6139.00000;6163.00000;21.20;13.15;24.15;20.08;25.76;-3.097;SOFT_DOWN;-1;-75;-3;1
2026.07.10 10:00;6192.00000;6210.00000;6182.00000;6197.00000;19.93;15.18;17.53;24.96;31.20;-2.563;SOFT_DOWN;-1;-72.4;-3;1
2026.07.10 09:45;6217.00000;6217.00000;6173.00000;6192.00000;21.89;17.51;20.23;32.25;34.94;-2.642;SOFT_DOWN;-1;-73.3;-3;1
2026.07.10 09:30;6292.00000;6305.00000;6154.00000;6217.00000;24.15;20.21;23.34;36.41;35.51;-2.248;SOFT_DOWN;-1;-71.1;-3;1
2026.07.10 09:15;6252.00000;6292.00000;6217.00000;6292.00000;26.76;23.32;20.51;36.17;37.87;-1.069;NEUTRE;0;-54.9;-2;1
2026.07.10 09:00;6243.00000;6256.00000;6217.00000;6252.00000;29.89;19.52;23.67;33.94;42.11;-1.698;NEUTRE;0;-66.7;-3;1
2026.07.10 08:45;6360.00000;6360.00000;6195.00000;6245.00000;33.01;22.52;27.31;43.51;40.89;-1.808;NEUTRE;0;-68.5;-3;1
2026.07.09 17:15;6369.00000;6374.00000;6357.00000;6364.00000;36.61;25.99;16.76;48.89;33.94;2.315;SOFT_UP;1;58.8;2;1
2026.07.09 17:00;6368.00000;6383.00000;6365.00000;6366.00000;38.93;29.98;12.10;30.28;25.72;2.347;SOFT_UP;1;59.5;2;1
2026.07.09 16:45;6341.00000;6376.00000;6341.00000;6371.00000;38.38;28.61;13.96;22.67;27.79;2.428;SOFT_UP;1;60.7;2;1
2026.07.09 16:30;6361.00000;6361.00000;6332.00000;6341.00000;38.98;26.42;16.11;24.22;38.59;1.945;SOFT_UP;1;55.4;2;1
2026.07.09 16:15;6356.00000;6359.00000;6323.00000;6359.00000;41.25;29.43;18.59;36.48;55.90;2.235;SOFT_UP;1;59.4;2;1
2026.07.09 16:00;6354.00000;6360.00000;6326.00000;6356.00000;44.12;33.95;20.16;55.07;74.84;2.186;SOFT_UP;1;59.3;2;1
2026.07.09 15:45;6423.00000;6473.00000;6354.00000;6354.00000;46.99;39.18;10.59;76.16;88.82;2.154;SOFT_UP;1;59.3;2;1
2026.07.09 15:30;6422.00000;6462.00000;6403.00000;6423.00000;45.38;45.20;5.89;93.29;92.99;3.264;SOFT_UP;1;68.9;3;1
2026.07.09 15:15;6360.00000;6423.00000;6359.00000;6422.00000;40.53;41.99;6.80;97.01;89.89;3.248;SOFT_UP;1;69.1;3;1
2026.07.09 15:00;6312.00000;6364.00000;6294.00000;6361.00000;35.66;34.27;7.84;88.66;85.89;2.267;SOFT_UP;1;61.7;2;1
2026.07.09 14:45;6278.00000;6313.00000;6251.00000;6312.00000;31.50;28.33;9.05;84.01;87.29;1.479;NEUTRE;0;51;2;1
2026.07.09 14:30;6288.00000;6291.00000;6252.00000;6278.00000;28.41;27.23;10.44;85.01;92.10;0.932;NEUTRE;0;38.4;1;1
2026.07.09 14:15;6194.00000;6326.00000;6189.00000;6290.00000;25.92;31.42;12.05;92.86;95.32;1.125;NEUTRE;0;44.2;1;1
2026.07.09 14:00;6195.00000;6201.00000;6168.00000;6194.00000;23.05;22.22;13.90;98.44;93.50;-0.418;NEUTRE;0;-20.2;0;1
2026.07.09 13:45;6191.00000;6199.00000;6154.00000;6196.00000;23.05;24.70;16.04;94.65;84.32;-0.386;NEUTRE;0;-19.1;0;1
2026.07.09 13:30;6121.00000;6191.00000;6121.00000;6191.00000;23.33;25.77;18.51;87.42;70.33;-0.466;NEUTRE;0;-23;0;1
2026.07.09 13:15;6108.00000;6134.00000;6090.00000;6121.00000;24.40;17.20;21.35;70.90;54.36;-1.592;NEUTRE;0;-55.9;-2;1
2026.07.09 13:00;6060.00000;6113.00000;6035.00000;6108.00000;26.49;12.51;24.64;52.68;42.17;-1.801;NEUTRE;0;-59.6;-2;1
2026.07.09 12:45;6093.00000;6094.00000;5957.00000;6061.00000;25.54;10.68;28.43;39.51;33.72;-2.556;SOFT_DOWN;-1;-67.9;-3;1
2026.07.09 12:30;6123.00000;6132.00000;6088.00000;6093.00000;22.49;12.33;18.09;34.33;27.52;-2.042;SOFT_DOWN;-1;-63.6;-2;1
2026.07.09 12:15;6133.00000;6154.00000;6074.00000;6123.00000;23.04;14.22;20.87;27.33;24.83;-1.559;NEUTRE;0;-57.5;-2;1
2026.07.09 12:00;6069.00000;6154.00000;6069.00000;6134.00000;23.67;16.41;24.09;20.90;32.76;-1.383;NEUTRE;0;-54.8;-2;1
2026.07.09 11:45;6141.00000;6142.00000;6063.00000;6070.00000;24.39;16.76;27.79;26.27;50.61;-2.412;SOFT_DOWN;-1;-68.4;-3;1
2026.07.09 11:30;6200.00000;6210.00000;6116.00000;6140.00000;24.34;19.34;21.74;51.09;70.47;-1.286;NEUTRE;0;-54;-2;1
2026.07.09 11:15;6200.00000;6200.00000;6178.00000;6194.00000;27.18;22.32;14.94;74.48;83.96;-0.418;NEUTRE;0;-24.6;0;1
2026.07.09 11:00;6231.00000;6238.00000;6181.00000;6203.00000;28.32;25.75;15.40;85.84;87.17;-0.273;NEUTRE;0;-17;0;1
2026.07.09 10:45;6229.00000;6246.00000;6213.00000;6231.00000;28.80;29.71;9.13;91.57;77.90;0.177;NEUTRE;0;11.5;0;1
2026.07.09 10:30;6148.00000;6235.00000;6127.00000;6229.00000;25.08;29.15;10.53;84.11;62.11;0.145;NEUTRE;0;9.7;0;1
2026.07.09 10:15;6120.00000;6162.00000;6106.00000;6148.00000;21.72;23.24;12.15;58.02;45.41;-1.158;NEUTRE;0;-54.3;-2;1
2026.07.09 10:00;6119.00000;6158.00000;6105.00000;6120.00000;20.24;25.72;14.02;44.19;36.96;-1.608;NEUTRE;0;-63.2;-2;1
2026.07.09 09:45;6107.00000;6127.00000;6096.00000;6123.00000;18.82;20.68;16.18;34.03;32.42;-1.559;NEUTRE;0;-63.1;-2;1
2026.07.09 09:30;6074.00000;6144.00000;6074.00000;6107.00000;19.84;23.86;18.67;32.68;32.03;-1.817;NEUTRE;0;-67;-3;1
2026.07.09 09:15;6090.00000;6095.00000;6058.00000;6074.00000;21.02;16.76;21.54;30.54;30.09;-2.347;SOFT_DOWN;-1;-72.3;-3;1
2026.07.09 09:00;6096.00000;6122.00000;6060.00000;6093.00000;22.33;19.34;24.02;32.89;24.23;-2.042;SOFT_DOWN;-1;-70.3;-3;1
2026.07.09 08:45;6220.00000;6228.00000;6082.00000;6094.00000;24.10;22.31;22.26;26.85;18.09;-2.026;SOFT_DOWN;-1;-70.7;-3;1
2026.07.08 17:15;6029.00000;6039.00000;6025.00000;6035.00000;27.79;10.68;25.68;12.96;15.85;3.304;SOFT_UP;1;67;3;1
2026.07.08 17:00;6040.00000;6042.00000;6027.00000;6028.00000;25.72;12.32;27.43;14.46;23.55;3.184;SOFT_UP;1;66.6;3;1
2026.07.08 16:45;6056.00000;6060.00000;6039.00000;6040.00000;23.82;14.21;19.35;20.12;35.01;3.389;SOFT_UP;1;68.1;3;1
2026.07.08 16:30;6057.00000;6061.00000;6045.00000;6055.00000;25.13;16.40;17.93;36.06;47.61;3.646;SOFT_UP;1;69.8;3;1
2026.07.08 16:15;6066.00000;6066.00000;6050.00000;6060.00000;28.32;18.92;15.88;48.85;55.70;3.732;STRONG_UP;2;70.5;3;1
2026.07.08 16:00;6079.00000;6081.00000;6043.00000;6070.00000;31.33;21.84;18.32;57.91;57.07;3.903;STRONG_UP;2;71.6;3;1
2026.07.08 15:45;6084.00000;6097.00000;6030.00000;6078.00000;34.80;25.19;21.14;60.33;49.40;4.040;STRONG_UP;2;72.4;3;1
2026.07.08 15:30;6088.00000;6158.00000;6075.00000;6082.00000;38.81;29.07;14.06;52.96;36.78;4.108;STRONG_UP;2;73;3;1
2026.07.08 15:15;6047.00000;6093.00000;6032.00000;6088.00000;39.42;21.49;16.22;34.92;28.25;4.211;STRONG_UP;2;73.6;3;1
2026.07.08 15:00;5988.00000;6047.00000;5962.00000;6047.00000;43.33;13.20;18.72;22.45;31.07;3.509;SOFT_UP;1;70.9;3;1
2026.07.08 14:45;6094.00000;6095.00000;5976.00000;5985.00000;47.34;15.23;19.06;27.38;42.68;2.448;SOFT_UP;1;63.9;2;1
2026.07.08 14:30;6156.00000;6164.00000;6072.00000;6099.00000;52.91;17.57;9.99;43.38;53.15;4.399;STRONG_UP;2;75;3;1
2026.07.08 14:15;6116.00000;6164.00000;6094.00000;6160.00000;56.81;20.28;7.84;57.26;60.00;5.443;STRONG_UP;2;78;3;1
2026.07.08 14:00;6139.00000;6183.00000;6081.00000;6116.00000;58.75;23.40;9.05;58.81;65.92;4.690;STRONG_UP;2;76.4;3;1
2026.07.08 13:45;6150.00000;6164.00000;6128.00000;6140.00000;60.99;27.00;3.35;63.92;72.98;5.101;STRONG_UP;2;77.7;3;1
2026.07.08 13:30;6106.00000;6151.00000;6090.00000;6150.00000;58.38;25.60;3.87;75.04;79.88;5.272;STRONG_UP;2;78.3;3;1
2026.07.08 13:15;6169.00000;6172.00000;6090.00000;6105.00000;56.02;29.53;4.46;79.97;83.74;4.502;STRONG_UP;2;76.6;3;1
2026.07.08 13:00;6092.00000;6193.00000;6085.00000;6169.00000;53.30;34.08;5.15;84.62;86.00;5.597;STRONG_UP;2;79.3;3;1
2026.07.08 12:45;6061.00000;6116.00000;6049.00000;6100.00000;50.15;28.35;5.94;86.63;89.93;4.416;STRONG_UP;2;76.8;3;1
2026.07.08 12:30;6103.00000;6119.00000;6029.00000;6060.00000;47.81;32.71;6.86;86.75;90.07;3.732;STRONG_UP;2;74.8;3;1
2026.07.08 12:15;6000.00000;6106.00000;5991.00000;6103.00000;45.12;35.52;7.91;96.40;88.58;4.468;STRONG_UP;2;77.4;3;1
2026.07.08 12:00;5945.00000;6009.00000;5938.00000;6000.00000;42.28;28.01;9.13;87.06;80.23;2.705;SOFT_UP;1;70.2;3;1
2026.07.08 11:45;5925.00000;5946.00000;5922.00000;5944.00000;40.97;18.67;10.54;82.29;77.51;1.746;NEUTRE;0;61.3;2;1
2026.07.08 11:30;5935.00000;5936.00000;5908.00000;5924.00000;42.99;15.13;12.16;71.35;78.46;1.404;NEUTRE;0;56.4;2;1
2026.07.08 11:15;5917.00000;5938.00000;5912.00000;5936.00000;47.92;17.46;11.83;78.89;84.45;1.609;NEUTRE;0;60.4;2;1
2026.07.08 11:00;5944.00000;5944.00000;5882.00000;5923.00000;52.34;20.14;13.65;85.13;87.41;1.387;NEUTRE;0;57.2;2;1
2026.07.08 10:45;5944.00000;5946.00000;5929.00000;5941.00000;57.43;23.24;4.09;89.34;88.32;1.695;NEUTRE;0;62.7;2;1
2026.07.08 10:30;5921.00000;5946.00000;5918.00000;5945.00000;55.48;26.82;4.72;87.78;86.75;1.763;NEUTRE;0;64.2;2;1
2026.07.08 10:15;5924.00000;5944.00000;5920.00000;5921.00000;53.24;30.95;5.44;87.86;82.41;1.352;NEUTRE;0;58.4;2;1
2026.07.08 10:00;5933.00000;5943.00000;5916.00000;5923.00000;50.64;35.07;6.28;84.62;71.84;1.387;NEUTRE;0;59.7;2;1
2026.07.08 09:45;5900.00000;5941.00000;5894.00000;5934.00000;47.72;39.32;7.24;74.75;64.59;1.575;NEUTRE;0;63.3;2;1
2026.07.08 09:30;5867.00000;5905.00000;5867.00000;5900.00000;44.47;33.59;8.36;56.16;62.15;0.993;NEUTRE;0;52.2;2;1
2026.07.08 09:15;5829.00000;5884.00000;5803.00000;5867.00000;42.05;30.25;9.64;62.86;72.38;0.428;NEUTRE;0;29.7;1;1
2026.07.08 09:00;5927.00000;5927.00000;5820.00000;5824.00000;40.58;34.90;7.90;67.43;77.90;-0.308;NEUTRE;0;-22.9;0;1
2026.07.08 08:45;5842.00000;5942.00000;5822.00000;5927.00000;37.11;40.27;8.83;86.86;78.29;1.455;NEUTRE;0;64;2;1
2026.07.07 17:15;5766.00000;5782.00000;5766.00000;5775.00000;32.97;31.73;10.18;79.41;65.49;0.627;NEUTRE;0;24.1;0;1
2026.07.07 17:00;5775.00000;5784.00000;5762.00000;5767.00000;30.13;36.61;11.75;68.59;53.36;0.488;NEUTRE;0;19.5;0;1
2026.07.07 16:45;5767.00000;5776.00000;5765.00000;5774.00000;26.86;36.65;13.56;48.47;46.60;0.610;NEUTRE;0;24.2;0;1
2026.07.07 16:30;5744.00000;5768.00000;5742.00000;5768.00000;23.92;31.10;15.64;43.03;50.92;0.505;NEUTRE;0;20.7;0;1
2026.07.07 16:15;5740.00000;5744.00000;5728.00000;5744.00000;22.51;21.68;18.05;48.31;60.43;0.087;NEUTRE;0;3.8;0;1
2026.07.07 16:00;5746.00000;5751.00000;5730.00000;5740.00000;24.57;25.02;18.91;61.41;72.08;0.017;NEUTRE;0;0.7;0;1
2026.07.07 15:45;5765.00000;5783.00000;5725.00000;5744.00000;26.20;28.87;21.81;71.58;76.25;0.087;NEUTRE;0;3.9;0;1
2026.07.07 15:30;5789.00000;5802.00000;5751.00000;5765.00000;28.09;33.31;18.27;83.24;74.23;0.453;NEUTRE;0;19.8;0;1
2026.07.07 15:15;5774.00000;5819.00000;5766.00000;5786.00000;27.93;38.43;16.56;73.95;67.15;0.819;NEUTRE;0;33.5;1;1
2026.07.07 15:00;5660.00000;5774.00000;5660.00000;5773.00000;26.11;31.28;19.11;65.51;68.57;0.592;NEUTRE;0;25.9;1;1
2026.07.07 14:45;5660.00000;5670.00000;5629.00000;5659.00000;26.41;22.18;22.05;61.99;76.48;-1.394;NEUTRE;0;-49.3;-2;1
2026.07.07 14:30;5700.00000;5707.00000;5659.00000;5663.00000;30.43;25.60;14.18;78.21;85.61;-1.324;NEUTRE;0;-48.4;-2;1
2026.07.07 14:15;5736.00000;5755.00000;5654.00000;5699.00000;30.69;29.53;16.36;89.23;81.21;-0.697;NEUTRE;0;-31.1;-1;1
2026.07.07 14:00;5669.00000;5740.00000;5667.00000;5735.00000;31.00;31.79;18.88;89.40;63.41;-0.070;NEUTRE;0;-3.5;0;1
2026.07.07 13:45;5593.00000;5675.00000;5591.00000;5669.00000;31.85;22.99;21.79;65.00;40.16;-1.220;NEUTRE;0;-47.5;-2;1
2026.07.07 13:30;5551.00000;5607.00000;5516.00000;5591.00000;36.34;14.07;25.14;35.82;23.45;-2.579;SOFT_DOWN;-1;-67;-3;1
2026.07.07 13:15;5564.00000;5571.00000;5519.00000;5551.00000;37.58;10.15;29.01;19.65;15.73;-3.276;SOFT_DOWN;-1;-71.8;-3;1
2026.07.07 13:00;5574.00000;5582.00000;5527.00000;5564.00000;35.95;11.71;31.10;14.90;12.71;-3.049;SOFT_DOWN;-1;-70.9;-3;1
2026.07.07 12:45;5596.00000;5603.00000;5543.00000;5574.00000;34.51;13.51;31.41;12.65;11.51;-2.875;SOFT_DOWN;-1;-70.2;-3;1
2026.07.07 12:30;5620.00000;5633.00000;5576.00000;5595.00000;33.69;15.59;27.78;10.58;15.75;-2.509;SOFT_DOWN;-1;-68;-3;1
2026.07.07 12:15;5641.00000;5643.00000;5597.00000;5623.00000;34.55;17.99;26.39;11.31;27.34;-2.021;SOFT_DOWN;-1;-63.8;-2;1
2026.07.07 12:00;5675.00000;5688.00000;5632.00000;5642.00000;36.95;20.75;18.74;25.36;43.49;-1.690;NEUTRE;0;-60;-2;1
2026.07.07 11:45;5761.00000;5767.00000;5654.00000;5668.00000;41.86;23.95;15.58;45.35;50.65;-1.237;NEUTRE;0;-52.4;-2;1
2026.07.07 11:30;5741.00000;5775.00000;5735.00000;5759.00000;45.04;27.63;6.95;59.76;48.88;0.348;NEUTRE;0;20.4;0;1
2026.07.07 11:15;5735.00000;5750.00000;5713.00000;5741.00000;42.77;22.26;8.02;46.83;41.34;0.035;NEUTRE;0;2.2;0;1
2026.07.07 11:00;5726.00000;5751.00000;5708.00000;5735.00000;42.11;25.69;9.25;40.06;38.56;-0.070;NEUTRE;0;-4.5;0;1
2026.07.07 10:45;5719.00000;5735.00000;5709.00000;5726.00000;41.36;23.92;10.68;37.12;35.40;-0.227;NEUTRE;0;-14.6;0;1
2026.07.07 10:30;5707.00000;5729.00000;5696.00000;5722.00000;41.83;24.05;12.32;38.51;31.00;-0.296;NEUTRE;0;-19.1;0;1
2026.07.07 10:15;5755.00000;5765.00000;5698.00000;5707.00000;43.31;27.75;13.28;30.56;22.78;-0.558;NEUTRE;0;-33.8;-1;1
2026.07.07 10:00;5712.00000;5794.00000;5711.00000;5753.00000;44.55;32.02;12.34;23.93;16.37;0.244;NEUTRE;0;16.7;0;1
2026.07.07 09:45;5695.00000;5710.00000;5677.00000;5710.00000;44.58;21.56;14.24;13.86;19.58;-0.505;NEUTRE;0;-32.5;-1;1
2026.07.07 09:30;5691.00000;5722.00000;5679.00000;5694.00000;48.29;24.87;15.50;11.32;30.70;-0.784;NEUTRE;0;-45.5;-2;1
2026.07.07 09:15;5730.00000;5751.00000;5667.00000;5691.00000;52.15;28.70;17.89;33.55;52.38;-0.836;NEUTRE;0;-48.1;-2;1
2026.07.07 09:00;5857.00000;5867.00000;5712.00000;5730.00000;56.60;33.11;12.40;47.22;67.99;-0.157;NEUTRE;0;-12.1;0;1
2026.07.07 08:45;5739.00000;5893.00000;5723.00000;5858.00000;58.31;38.21;13.21;76.36;81.95;2.074;SOFT_UP;1;71.1;3;1
2026.07.06 17:15;5728.00000;5730.00000;5709.00000;5718.00000;59.80;29.76;15.24;80.39;87.80;10.986;SPIKE_UP;4;82.7;3;1
2026.07.06 17:00;5734.00000;5738.00000;5724.00000;5728.00000;64.04;34.34;6.60;89.08;91.56;11.180;SPIKE_UP;4;83;3;1
2026.07.06 16:45;5718.00000;5734.00000;5717.00000;5734.00000;63.47;35.22;7.61;93.94;93.14;11.297;SPIKE_UP;4;83.1;3;1
2026.07.06 16:30;5710.00000;5733.00000;5701.00000;5718.00000;63.32;39.74;8.79;91.65;92.02;10.986;SPIKE_UP;4;83;3;1
2026.07.06 16:15;5701.00000;5714.00000;5701.00000;5710.00000;63.24;36.71;10.14;93.84;88.91;10.831;SPIKE_UP;4;83.1;3;1
2026.07.06 16:00;5704.00000;5715.00000;5692.00000;5701.00000;64.25;42.36;11.70;90.57;81.95;10.656;SPIKE_UP;4;83;3;1
2026.07.06 15:45;5664.00000;5712.00000;5664.00000;5704.00000;65.40;46.87;13.50;82.32;73.56;10.714;SPIKE_UP;4;83.2;3;1
2026.07.06 15:30;5634.00000;5680.00000;5620.00000;5664.00000;66.96;43.83;15.57;72.97;68.81;9.938;EXPLOSIVE_UP;3;82.8;3;1
2026.07.06 15:15;5637.00000;5642.00000;5568.00000;5634.00000;69.94;40.83;17.97;65.41;69.40;9.356;EXPLOSIVE_UP;3;82.5;3;1
2026.07.06 15:00;5623.00000;5660.00000;5621.00000;5637.00000;74.72;47.11;9.72;68.05;75.92;9.414;EXPLOSIVE_UP;3;82.6;3;1
2026.07.06 14:45;5623.00000;5627.00000;5572.00000;5623.00000;76.10;41.34;11.21;74.75;84.26;9.142;EXPLOSIVE_UP;3;82.5;3;1
2026.07.06 14:30;5650.00000;5653.00000;5611.00000;5623.00000;78.98;47.70;2.03;84.97;91.85;9.142;EXPLOSIVE_UP;3;82.7;3;1
2026.07.06 14:15;5604.00000;5674.00000;5599.00000;5650.00000;77.00;55.04;2.34;93.06;95.76;9.666;EXPLOSIVE_UP;3;83.2;3;1
2026.07.06 14:00;5552.00000;5604.00000;5548.00000;5604.00000;74.72;49.15;2.70;97.51;95.63;8.773;EXPLOSIVE_UP;3;82.6;3;1
2026.07.06 13:45;5541.00000;5565.00000;5536.00000;5558.00000;72.43;45.99;3.11;96.70;93.46;7.880;EXPLOSIVE_UP;3;81.9;3;1
2026.07.06 13:30;5521.00000;5543.00000;5503.00000;5541.00000;70.14;41.40;3.59;92.69;90.32;7.550;EXPLOSIVE_UP;3;81.7;3;1
2026.07.06 13:15;5484.00000;5524.00000;5484.00000;5522.00000;68.00;40.46;4.14;91.00;87.90;7.182;EXPLOSIVE_UP;3;81.5;3;1
2026.07.06 13:00;5477.00000;5502.00000;5466.00000;5484.00000;65.94;38.22;4.78;87.28;86.10;6.444;EXPLOSIVE_UP;3;80.7;3;1
2026.07.06 12:45;5452.00000;5484.00000;5446.00000;5477.00000;64.12;36.41;5.52;85.42;86.80;6.308;EXPLOSIVE_UP;3;80.7;3;1
2026.07.06 12:30;5443.00000;5456.00000;5438.00000;5452.00000;62.65;30.67;6.37;85.61;89.65;5.823;STRONG_UP;2;80.1;3;1
2026.07.06 12:15;5459.00000;5461.00000;5415.00000;5439.00000;62.19;35.39;7.35;89.38;91.99;5.571;STRONG_UP;2;79.9;3;1
2026.07.06 12:00;5440.00000;5463.00000;5431.00000;5458.00000;61.66;40.84;3.13;93.96;90.94;5.939;STRONG_UP;2;80.7;3;1
2026.07.06 11:45;5394.00000;5442.00000;5380.00000;5440.00000;57.95;37.03;3.61;92.63;88.48;5.590;STRONG_UP;2;80.3;3;1
2026.07.06 11:30;5386.00000;5402.00000;5371.00000;5391.00000;54.21;32.80;4.16;86.24;84.95;4.639;STRONG_UP;2;78.6;3;1
2026.07.06 11:15;5372.00000;5396.00000;5372.00000;5386.00000;50.63;34.86;4.80;86.57;85.27;4.542;STRONG_UP;2;78.6;3;1
2026.07.06 11:00;5383.00000;5386.00000;5369.00000;5372.00000;46.76;33.82;5.54;82.04;85.12;4.270;STRONG_UP;2;78.2;3;1
2026.07.06 10:45;5337.00000;5396.00000;5336.00000;5383.00000;42.91;39.02;6.39;87.20;86.82;4.484;STRONG_UP;2;79;3;1
2026.07.06 10:30;5305.00000;5360.00000;5304.00000;5337.00000;38.45;35.79;7.38;86.11;87.61;3.591;SOFT_UP;1;76.6;3;1
2026.07.06 10:15;5293.00000;5309.00000;5288.00000;5306.00000;34.24;27.29;8.51;87.16;89.71;2.989;SOFT_UP;1;74.4;3;1
2026.07.06 10:00;5285.00000;5301.00000;5275.00000;5293.00000;31.44;25.63;9.82;89.56;90.87;2.737;SOFT_UP;1;73.5;3;1
2026.07.06 09:45;5298.00000;5302.00000;5275.00000;5284.00000;29.41;29.57;11.33;92.41;88.70;2.562;SOFT_UP;1;72.8;3;1
2026.07.06 09:30;5269.00000;5313.00000;5268.00000;5298.00000;27.08;34.12;13.07;90.64;82.10;2.834;SOFT_UP;1;74.8;3;1
2026.07.06 09:15;5191.00000;5280.00000;5190.00000;5268.00000;24.38;28.08;15.08;83.06;73.41;2.252;SOFT_UP;1;71.6;3;1
2026.07.06 09:00;5175.00000;5195.00000;5168.00000;5191.00000;23.50;17.88;17.40;72.60;55.05;0.757;NEUTRE;0;46;2;1
2026.07.06 08:45;5152.00000;5239.00000;5145.00000;5175.00000;26.91;20.63;20.08;64.58;39.01;0.446;NEUTRE;0;32.1;1;1
2026.07.03 08:45;5013.00000;5013.00000;5013.00000;5013.00000;30.85;8.41;23.17;27.96;27.36;0.000;NEUTRE;0;0;0;1
2026.07.02 17:15;5014.00000;5026.00000;5010.00000;5022.00000;28.40;9.71;26.74;24.49;30.54;-1.181;NEUTRE;0;-40.1;-1;1
2026.07.02 17:00;5024.00000;5024.00000;5008.00000;5015.00000;25.59;9.28;30.85;29.63;40.15;-1.318;NEUTRE;0;-43.7;-1;1
2026.07.02 16:45;5035.00000;5035.00000;5023.00000;5024.00000;21.25;10.71;21.17;37.50;50.65;-1.141;NEUTRE;0;-40;-1;1
2026.07.02 16:30;5030.00000;5035.00000;5023.00000;5035.00000;19.47;12.35;24.43;53.33;62.97;-0.925;NEUTRE;0;-34.6;-1;1
2026.07.02 16:15;5038.00000;5038.00000;5028.00000;5030.00000;17.42;14.26;21.78;61.11;67.62;-1.023;NEUTRE;0;-37.8;-1;1
2026.07.02 16:00;5042.00000;5044.00000;5038.00000;5038.00000;16.88;16.45;9.75;74.45;69.22;-0.866;NEUTRE;0;-33.7;-1;1
2026.07.02 15:45;5028.00000;5053.00000;5021.00000;5042.00000;15.54;18.98;11.25;67.28;62.68;-0.787;NEUTRE;0;-31.6;-1;1
2026.07.02 15:30;5019.00000;5035.00000;5013.00000;5028.00000;14.00;13.24;12.98;65.93;58.01;-1.063;NEUTRE;0;-40.2;-1;1
2026.07.02 15:15;5032.00000;5037.00000;5018.00000;5018.00000;15.99;15.28;11.48;54.82;47.20;-1.259;NEUTRE;0;-45.5;-2;1
2026.07.02 15:00;5017.00000;5036.00000;5014.00000;5032.00000;16.27;16.82;13.24;53.27;45.51;-0.984;NEUTRE;0;-38.9;-1;1
2026.07.02 14:45;5015.00000;5028.00000;5007.00000;5016.00000;16.93;13.82;15.28;33.50;48.37;-1.299;NEUTRE;0;-47.3;-2;1
2026.07.02 14:30;4992.00000;5025.00000;4986.00000;5015.00000;18.77;13.75;17.63;49.75;63.58;-1.318;NEUTRE;0;-48.2;-2;1
2026.07.02 14:15;5048.00000;5051.00000;4987.00000;4992.00000;19.75;15.86;19.95;61.86;63.66;-1.771;NEUTRE;0;-56.8;-2;1
2026.07.02 14:00;5032.00000;5052.00000;5014.00000;5048.00000;21.03;18.30;16.52;79.12;54.29;-0.669;NEUTRE;0;-30.5;-1;1
2026.07.02 13:45;5007.00000;5045.00000;4999.00000;5035.00000;23.49;18.28;19.07;50.00;39.72;-0.925;NEUTRE;0;-39.6;-1;1
2026.07.02 13:30;4993.00000;5017.00000;4985.00000;5008.00000;26.78;11.73;22.00;33.76;34.51;-1.456;NEUTRE;0;-53;-2;1
2026.07.02 13:15;5008.00000;5029.00000;4991.00000;4994.00000;26.21;13.53;22.50;35.40;30.63;-1.732;NEUTRE;0;-58.1;-2;1
2026.07.02 13:00;5032.00000;5032.00000;5001.00000;5008.00000;26.42;15.62;21.91;34.37;22.41;-1.456;NEUTRE;0;-54.1;-2;1
2026.07.02 12:45;5024.00000;5032.00000;5000.00000;5032.00000;27.90;18.02;25.28;22.13;12.03;-0.984;NEUTRE;0;-43.5;-1;1
2026.07.02 12:30;4985.00000;5024.00000;4977.00000;5024.00000;29.61;16.95;29.17;10.72;6.11;-1.141;NEUTRE;0;-48.3;-2;1
2026.07.02 12:15;5051.00000;5058.00000;4984.00000;4986.00000;30.09;19.55;31.37;3.25;12.29;-1.889;SOFT_DOWN;-1;-62.2;-2;1
2026.07.02 12:00;5055.00000;5075.00000;5047.00000;5050.00000;31.15;22.56;23.10;4.37;30.99;-0.630;NEUTRE;0;-32.9;-1;1
2026.07.02 11:45;5084.00000;5089.00000;5051.00000;5060.00000;35.76;26.03;24.45;29.25;58.84;-0.433;NEUTRE;0;-24.4;0;1
2026.07.02 11:30;5153.00000;5154.00000;5081.00000;5084.00000;40.78;30.04;16.07;59.34;79.39;0.039;NEUTRE;0;2.4;0;1
2026.07.02 11:15;5161.00000;5165.00000;5138.00000;5153.00000;42.39;34.66;6.53;87.92;91.03;1.397;NEUTRE;0;56.8;2;1
2026.07.02 11:00;5133.00000;5174.00000;5129.00000;5161.00000;38.41;39.99;7.53;90.91;92.48;1.555;NEUTRE;0;60.1;2;1
2026.07.02 10:45;5115.00000;5137.00000;5111.00000;5135.00000;33.81;33.49;8.69;94.27;91.61;1.043;NEUTRE;0;50.1;2;1
2026.07.02 10:30;5103.00000;5123.00000;5096.00000;5113.00000;29.97;30.36;10.03;92.27;85.48;0.610;NEUTRE;0;35.6;1;1
2026.07.02 10:15;5072.00000;5104.00000;5072.00000;5103.00000;26.83;24.21;11.57;88.30;76.80;0.413;NEUTRE;0;26.4;1;1
2026.07.02 10:00;5071.00000;5076.00000;5064.00000;5072.00000;25.53;14.47;13.35;75.88;69.08;-0.197;NEUTRE;0;-13.6;0;1
2026.07.02 09:45;5059.00000;5073.00000;5051.00000;5069.00000;28.83;12.85;15.40;66.21;60.60;-0.256;NEUTRE;0;-17.9;0;1
2026.07.02 09:30;5055.00000;5061.00000;5044.00000;5059.00000;31.88;6.43;17.77;65.16;53.14;-0.453;NEUTRE;0;-30.4;-1;1
2026.07.02 09:15;5067.00000;5069.00000;5042.00000;5056.00000;29.57;7.42;20.51;50.44;38.92;-0.512;NEUTRE;0;-34.3;-1;1
2026.07.02 09:00;5033.00000;5073.00000;5023.00000;5068.00000;26.92;8.56;23.66;43.81;29.51;-0.275;NEUTRE;0;-20.6;0;1
2026.07.02 08:45;5082.00000;5086.00000;5013.00000;5030.00000;23.85;9.88;27.31;22.50;23.94;-1.023;NEUTRE;0;-55.2;-2;1
2026.07.01 17:15;5060.00000;5073.00000;5060.00000;5067.00000;20.31;11.40;21.60;22.22;26.53;0.297;NEUTRE;0;12;0;1
2026.07.01 17:00;5073.00000;5073.00000;5054.00000;5060.00000;18.68;13.16;24.92;27.10;30.65;0.158;NEUTRE;0;6.5;0;1
2026.07.01 16:45;5086.00000;5088.00000;5073.00000;5073.00000;16.80;15.18;13.37;30.28;35.23;0.416;NEUTRE;0;17;0;1
2026.07.01 16:30;5072.00000;5093.00000;5072.00000;5086.00000;18.41;17.52;15.43;34.59;41.37;0.673;NEUTRE;0;26.7;1;1
2026.07.01 16:15;5081.00000;5084.00000;5072.00000;5073.00000;20.27;13.62;17.81;40.82;49.89;0.416;NEUTRE;0;17.5;0;1
2026.07.01 16:00;5095.00000;5095.00000;5073.00000;5081.00000;21.34;15.71;19.26;48.72;58.08;0.574;NEUTRE;0;23.8;0;1
2026.07.01 15:45;5089.00000;5096.00000;5068.00000;5095.00000;23.06;18.13;22.23;60.12;67.75;0.851;NEUTRE;0;33.6;1;1
2026.07.01 15:30;5097.00000;5106.00000;5087.00000;5089.00000;25.04;20.92;15.21;65.41;75.85;0.732;NEUTRE;0;30.2;1;1
2026.07.01 15:15;5097.00000;5101.00000;5063.00000;5096.00000;26.46;20.09;17.55;77.73;84.39;0.871;NEUTRE;0;35.1;1;1
2026.07.01 15:00;5098.00000;5115.00000;5090.00000;5096.00000;29.50;23.18;9.31;84.41;87.65;0.871;NEUTRE;0;35.6;1;1
2026.07.01 14:45;5099.00000;5111.00000;5089.00000;5098.00000;27.47;24.28;10.75;91.04;83.87;0.911;NEUTRE;0;37.3;1;1
2026.07.01 14:30;5092.00000;5108.00000;5075.00000;5099.00000;25.75;25.92;12.40;87.50;77.23;0.930;NEUTRE;0;38.3;1;1
2026.07.01 14:15;5073.00000;5094.00000;5056.00000;5092.00000;24.28;23.38;14.31;73.08;73.42;0.792;NEUTRE;0;34.4;1;1
2026.07.01 14:00;5044.00000;5091.00000;5041.00000;5069.00000;24.31;25.77;16.51;71.11;75.43;0.337;NEUTRE;0;16.5;0;1
2026.07.01 13:45;5079.00000;5079.00000;5015.00000;5042.00000;24.69;26.04;19.05;76.08;69.84;-0.198;NEUTRE;0;-10.1;0;1
2026.07.01 13:30;5071.00000;5088.00000;5053.00000;5078.00000;26.10;30.04;12.84;79.10;60.25;0.515;NEUTRE;0;25.2;1;1
2026.07.01 13:15;5041.00000;5074.00000;5039.00000;5071.00000;23.94;28.51;14.82;54.35;46.92;0.376;NEUTRE;0;19.3;0;1
2026.07.01 13:00;5013.00000;5050.00000;4999.00000;5041.00000;22.77;22.35;17.10;47.32;47.51;-0.218;NEUTRE;0;-11.7;0;1
2026.07.01 12:45;5069.00000;5071.00000;5002.00000;5013.00000;24.22;25.79;18.83;39.11;49.75;-0.772;NEUTRE;0;-36.7;-1;1
2026.07.01 12:30;5039.00000;5076.00000;5039.00000;5069.00000;25.55;29.75;13.47;56.10;60.79;0.337;NEUTRE;0;18.4;0;1
2026.07.01 12:15;5050.00000;5058.00000;5033.00000;5040.00000;23.68;26.85;15.55;54.04;71.49;-0.238;NEUTRE;0;-13.5;0;1
2026.07.01 12:00;5037.00000;5077.00000;5037.00000;5050.00000;23.23;30.98;15.48;72.22;80.03;-0.040;NEUTRE;0;-2.4;0;1
2026.07.01 11:45;5049.00000;5051.00000;5025.00000;5047.00000;21.66;25.74;17.86;88.20;75.41;-0.099;NEUTRE;0;-5.9;0;1
2026.07.01 11:30;5041.00000;5057.00000;5040.00000;5049.00000;22.21;29.70;11.73;79.66;60.45;-0.059;NEUTRE;0;-3.6;0;1
2026.07.01 11:15;5032.00000;5044.00000;5028.00000;5041.00000;18.96;22.51;13.53;58.38;44.97;-0.218;NEUTRE;0;-13.4;0;1
2026.07.01 11:00;5021.00000;5035.00000;5017.00000;5032.00000;18.04;17.32;15.61;43.32;33.18;-0.396;NEUTRE;0;-23.9;0;1
2026.07.01 10:45;5022.00000;5042.00000;5008.00000;5021.00000;20.02;19.98;18.02;33.21;24.02;-0.614;NEUTRE;0;-35.1;-1;1
2026.07.01 10:30;5015.00000;5027.00000;5004.00000;5021.00000;22.30;16.27;20.79;23.01;20.19;-0.614;NEUTRE;0;-35.8;-1;1
2026.07.01 10:15;4978.00000;5020.00000;4968.00000;5017.00000;23.86;14.09;23.99;15.85;25.40;-0.693;NEUTRE;0;-39.8;-1;1
2026.07.01 10:00;5065.00000;5069.00000;4962.00000;4975.00000;23.53;16.26;27.68;21.70;38.53;-1.524;NEUTRE;0;-61.9;-2;1
2026.07.01 09:45;5116.00000;5125.00000;5059.00000;5065.00000;23.15;18.76;17.99;38.64;47.28;0.257;NEUTRE;0;18;0;1
2026.07.01 09:30;5109.00000;5126.00000;5105.00000;5116.00000;26.39;21.65;10.03;55.24;51.24;1.267;NEUTRE;0;58.7;2;1
2026.07.01 09:15;5126.00000;5156.00000;5105.00000;5109.00000;24.81;24.98;11.58;47.96;46.39;1.128;NEUTRE;0;56.3;2;1
2026.07.01 09:00;5087.00000;5136.00000;5083.00000;5125.00000;22.99;22.79;13.36;50.53;43.35;1.445;NEUTRE;0;63.2;2;1
2026.07.01 08:45;5052.00000;5175.00000;5052.00000;5087.00000;22.51;26.29;15.41;40.68;35.71;0.693;NEUTRE;0;44.3;1;1
2026.06.30 17:15;5051.00000;5065.00000;5045.00000;5062.00000;21.96;16.58;17.78;38.83;29.95;3.369;SOFT_UP;1;67.4;3;1
2026.06.30 17:00;5048.00000;5056.00000;5045.00000;5051.00000;24.80;12.21;20.52;27.63;23.84;3.145;SOFT_UP;1;66.3;3;1
2026.06.30 16:45;5059.00000;5059.00000;5044.00000;5048.00000;24.71;14.09;23.67;23.38;19.24;3.084;SOFT_UP;1;66.2;3;1
2026.06.30 16:30;5049.00000;5063.00000;5049.00000;5059.00000;24.60;16.25;22.19;20.50;16.64;3.308;SOFT_UP;1;67.9;3;1
2026.06.30 16:15;5058.00000;5058.00000;5042.00000;5051.00000;26.01;13.26;25.60;13.82;14.06;3.145;SOFT_UP;1;67.2;3;1
2026.06.30 16:00;5050.00000;5065.00000;5048.00000;5058.00000;25.13;15.30;23.77;15.59;14.23;3.288;SOFT_UP;1;68.4;3;1
2026.06.30 15:45;5092.00000;5094.00000;5037.00000;5049.00000;25.66;17.65;27.43;12.77;14.36;3.104;SOFT_UP;1;67.6;3;1
2026.06.30 15:30;5085.00000;5109.00000;5067.00000;5092.00000;26.27;20.37;23.55;14.34;19.71;3.982;STRONG_UP;2;72.5;3;1
2026.06.30 15:15;5099.00000;5106.00000;5080.00000;5085.00000;29.20;23.50;22.41;15.97;27.98;3.839;STRONG_UP;2;72.1;3;1
2026.06.30 15:00;5158.00000;5171.00000;5088.00000;5099.00000;33.33;27.12;21.13;28.82;37.68;4.125;STRONG_UP;2;73.5;3;1
2026.06.30 14:45;5144.00000;5164.00000;5138.00000;5158.00000;36.54;31.29;15.11;39.16;46.27;5.330;STRONG_UP;2;77.3;3;1
2026.06.30 14:30;5134.00000;5150.00000;5133.00000;5143.00000;36.80;27.82;17.43;45.08;56.26;5.023;STRONG_UP;2;76.8;3;1
2026.06.30 14:15;5145.00000;5158.00000;5132.00000;5136.00000;38.93;32.10;20.11;54.57;67.48;4.881;STRONG_UP;2;76.7;3;1
2026.06.30 14:00;5171.00000;5179.00000;5142.00000;5148.00000;41.38;37.04;17.29;69.15;71.83;5.126;STRONG_UP;2;77.5;3;1
2026.06.30 13:45;5167.00000;5213.00000;5164.00000;5171.00000;42.16;42.74;10.80;78.72;64.08;5.595;STRONG_UP;2;78.7;3;1
2026.06.30 13:30;5107.00000;5171.00000;5097.00000;5166.00000;39.47;36.13;12.47;67.63;52.44;5.493;STRONG_UP;2;78.7;3;1
2026.06.30 13:15;5100.00000;5114.00000;5078.00000;5107.00000;38.05;29.84;14.38;45.87;46.12;4.288;STRONG_UP;2;75.9;3;1
2026.06.30 13:00;5102.00000;5104.00000;5082.00000;5100.00000;38.52;30.15;16.60;43.81;51.15;4.145;STRONG_UP;2;75.7;3;1
2026.06.30 12:45;5110.00000;5120.00000;5092.00000;5102.00000;39.99;34.79;12.16;48.68;58.87;4.186;STRONG_UP;2;76.1;3;1
2026.06.30 12:30;5088.00000;5110.00000;5088.00000;5110.00000;38.73;34.65;14.03;60.95;69.07;4.350;STRONG_UP;2;76.9;3;1
2026.06.30 12:15;5120.00000;5120.00000;5066.00000;5093.00000;38.17;39.98;16.19;66.98;76.81;4.002;STRONG_UP;2;76;3;1
2026.06.30 12:00;5105.00000;5160.00000;5099.00000;5120.00000;37.52;46.13;9.27;79.28;84.50;4.554;STRONG_UP;2;77.9;3;1
2026.06.30 11:45;5093.00000;5138.00000;5093.00000;5104.00000;33.06;47.68;10.70;84.18;82.94;4.227;STRONG_UP;2;77.3;3;1
2026.06.30 11:30;5049.00000;5105.00000;5049.00000;5093.00000;28.40;43.73;12.35;90.04;73.82;4.002;STRONG_UP;2;76.9;3;1
2026.06.30 11:15;5027.00000;5056.00000;5024.00000;5049.00000;24.16;37.00;14.25;74.60;58.36;3.104;SOFT_UP;1;73.6;3;1
2026.06.30 11:00;5005.00000;5033.00000;5005.00000;5027.00000;21.04;31.63;16.44;56.82;51.32;2.655;SOFT_UP;1;71.4;3;1
2026.06.30 10:45;5008.00000;5021.00000;5002.00000;5008.00000;19.42;29.91;18.97;43.67;55.23;2.267;SOFT_UP;1;68.9;3;1
2026.06.30 10:30;4985.00000;5011.00000;4981.00000;5008.00000;18.96;26.41;21.88;53.47;68.18;2.267;SOFT_UP;1;69.4;3;1
2026.06.30 10:15;4996.00000;5000.00000;4982.00000;4984.00000;20.43;24.83;25.25;68.55;81.01;1.777;NEUTRE;0;64.9;2;1
2026.06.30 10:00;5022.00000;5022.00000;4990.00000;4996.00000;23.45;28.65;22.30;82.53;85.37;2.022;SOFT_UP;1;68.1;3;1
2026.06.30 09:45;5023.00000;5043.00000;5012.00000;5021.00000;25.14;33.06;15.15;91.96;79.46;2.532;SOFT_UP;1;72.6;3;1
2026.06.30 09:30;5009.00000;5033.00000;5005.00000;5022.00000;23.29;33.19;17.48;81.62;64.38;2.553;SOFT_UP;1;73.2;3;1
2026.06.30 09:15;4940.00000;5015.00000;4938.00000;5011.00000;22.11;28.40;20.17;64.80;52.02;2.328;SOFT_UP;1;72.1;3;1
2026.06.30 09:00;4935.00000;4961.00000;4907.00000;4940.00000;22.90;21.98;23.28;46.71;48.43;0.878;NEUTRE;0;50.2;2;1
2026.06.30 08:45;4897.00000;4941.00000;4877.00000;4934.00000;25.98;19.67;26.86;44.55;56.21;0.756;NEUTRE;0;46.8;2;1
2026.06.29 17:15;4980.00000;4993.00000;4980.00000;4986.00000;27.60;22.69;16.45;54.01;66.08;1.259;NEUTRE;0;41.9;1;1
2026.06.29 17:00;4988.00000;4989.00000;4975.00000;4981.00000;29.40;21.45;18.98;70.06;72.78;1.158;NEUTRE;0;40;1;1
2026.06.29 16:45;5000.00000;5002.00000;4988.00000;4988.00000;32.98;24.75;7.62;74.15;69.02;1.300;NEUTRE;0;43.7;1;1
2026.06.29 16:30;4972.00000;5006.00000;4971.00000;5002.00000;29.91;28.56;8.79;74.13;65.52;1.584;NEUTRE;0;49.8;2;1
2026.06.29 16:15;4974.00000;4980.00000;4971.00000;4972.00000;26.37;21.52;10.14;58.78;66.04;0.975;NEUTRE;0;36.5;1;1
2026.06.29 16:00;4960.00000;4975.00000;4959.00000;4971.00000;24.90;16.29;11.70;63.64;75.43;0.955;NEUTRE;0;36.3;1;1
2026.06.29 15:45;4963.00000;4974.00000;4951.00000;4960.00000;26.21;17.83;13.50;75.70;84.72;0.731;NEUTRE;0;29.7;1;1
2026.06.29 15:30;4968.00000;4988.00000;4953.00000;4965.00000;28.12;20.57;14.24;86.94;89.05;0.833;NEUTRE;0;33.5;1;1
2026.06.29 15:15;4966.00000;4978.00000;4952.00000;4968.00000;29.65;19.34;16.43;91.52;84.68;0.894;NEUTRE;0;35.8;1;1
2026.06.29 15:00;4946.00000;4974.00000;4937.00000;4966.00000;32.96;19.95;18.96;88.69;69.46;0.853;NEUTRE;0;35;1;1
2026.06.29 14:45;4941.00000;4950.00000;4928.00000;4944.00000;37.64;13.04;21.88;73.82;48.68;0.406;NEUTRE;0;18.7;0;1
2026.06.29 14:30;4918.00000;4955.00000;4912.00000;4941.00000;39.54;15.05;25.24;45.88;28.25;0.345;NEUTRE;0;16.3;0;1
2026.06.29 14:15;4872.00000;4939.00000;4863.00000;4919.00000;41.73;11.64;29.13;26.33;17.22;-0.102;NEUTRE;0;-5;0;1
2026.06.29 14:00;4884.00000;4902.00000;4851.00000;4871.00000;41.55;5.94;33.61;12.55;11.57;-1.076;NEUTRE;0;-43.4;-1;1
2026.06.29 13:45;4867.00000;4918.00000;4867.00000;4885.00000;37.18;6.85;33.95;12.78;10.86;-0.792;NEUTRE;0;-35.3;-1;1
2026.06.29 13:30;4957.00000;4960.00000;4854.00000;4867.00000;32.68;7.91;39.18;9.38;11.97;-1.158;NEUTRE;0;-46.6;-2;1
2026.06.29 13:15;4976.00000;4978.00000;4943.00000;4957.00000;27.49;9.12;32.29;10.43;16.58;0.670;NEUTRE;0;31.9;1;1
2026.06.29 13:00;4998.00000;5003.00000;4966.00000;4975.00000;23.11;10.52;27.15;16.09;23.46;1.036;NEUTRE;0;44.5;1;1
2026.06.29 12:45;5020.00000;5027.00000;4990.00000;4996.00000;19.88;12.14;21.34;23.21;33.19;1.462;NEUTRE;0;54.7;2;1
2026.06.29 12:30;5012.00000;5039.00000;5003.00000;5017.00000;18.71;14.01;19.22;31.07;44.90;1.889;SOFT_UP;1;61.7;2;1
2026.06.29 12:15;5036.00000;5037.00000;4990.00000;5012.00000;19.17;15.31;22.18;45.29;56.68;1.787;NEUTRE;0;60.9;2;1
2026.06.29 12:00;5061.00000;5069.00000;5027.00000;5036.00000;19.31;17.67;13.48;58.33;54.20;2.275;SOFT_UP;1;66.8;3;1
2026.06.29 11:45;5043.00000;5064.00000;5040.00000;5061.00000;20.21;20.39;10.79;66.40;49.34;2.782;SOFT_UP;1;71.1;3;1
2026.06.29 11:30;5042.00000;5054.00000;5039.00000;5043.00000;18.58;17.11;12.45;37.88;44.87;2.417;SOFT_UP;1;68.9;3;1
2026.06.29 11:15;5028.00000;5059.00000;5028.00000;5042.00000;19.01;19.75;14.37;43.75;56.30;2.396;SOFT_UP;1;69.1;3;1
2026.06.29 11:00;5044.00000;5047.00000;5021.00000;5028.00000;19.51;16.83;16.58;52.97;69.17;2.112;SOFT_UP;1;67.1;3;1
2026.06.29 10:45;5043.00000;5062.00000;5031.00000;5044.00000;22.40;19.42;13.21;72.16;81.36;2.437;SOFT_UP;1;70.3;3;1
2026.06.29 10:30;5042.00000;5057.00000;5022.00000;5046.00000;22.91;19.92;15.24;82.38;85.14;2.478;SOFT_UP;1;71;3;1
2026.06.29 10:15;5057.00000;5060.00000;5034.00000;5042.00000;24.39;22.99;12.31;89.53;79.56;2.396;SOFT_UP;1;70.8;3;1
2026.06.29 10:00;5042.00000;5071.00000;5026.00000;5057.00000;23.49;26.53;14.21;83.49;63.50;2.701;SOFT_UP;1;73.3;3;1
2026.06.29 09:45;5043.00000;5046.00000;5002.00000;5042.00000;22.45;22.06;16.39;65.67;42.59;2.396;SOFT_UP;1;71.7;3;1
2026.06.29 09:30;4988.00000;5045.00000;4988.00000;5043.00000;23.64;25.11;18.91;41.33;24.38;2.417;SOFT_UP;1;72.3;3;1
2026.06.29 09:15;4936.00000;4998.00000;4932.00000;4988.00000;25.11;16.28;21.82;20.78;14.23;1.300;NEUTRE;0;60;2;1
2026.06.29 09:00;4914.00000;4954.00000;4907.00000;4936.00000;26.73;8.53;25.18;11.02;19.83;0.244;NEUTRE;0;18.5;0;1
2026.06.29 08:45;4924.00000;5010.00000;4900.00000;4914.00000;23.25;9.84;29.05;10.89;37.41;-0.203;NEUTRE;0;-15.9;0;1
2026.06.26 17:15;5107.00000;5111.00000;5092.00000;5096.00000;19.23;11.36;18.45;37.59;55.72;-3.393;SOFT_DOWN;-1;-67.6;-3;1
2026.06.26 17:00;5098.00000;5109.00000;5097.00000;5107.00000;18.52;13.10;17.24;63.74;67.59;-3.185;SOFT_DOWN;-1;-66.6;-3;1
2026.06.26 16:45;5122.00000;5124.00000;5093.00000;5096.00000;19.27;15.12;19.90;65.84;67.33;-3.393;SOFT_DOWN;-1;-68.2;-3;1
2026.06.26 16:30;5100.00000;5129.00000;5097.00000;5122.00000;20.14;17.45;20.97;73.17;60.42;-2.900;SOFT_DOWN;-1;-65.2;-3;1
2026.06.26 16:15;5111.00000;5111.00000;5092.00000;5100.00000;21.82;11.48;24.20;62.98;46.52;-3.318;SOFT_DOWN;-1;-68.3;-3;1
2026.06.26 16:00;5103.00000;5115.00000;5103.00000;5112.00000;19.70;13.24;19.46;45.11;33.48;-3.090;SOFT_DOWN;-1;-67.2;-3;1
2026.06.26 15:45;5089.00000;5112.00000;5062.00000;5102.00000;19.80;11.73;22.46;31.48;26.06;-3.280;SOFT_DOWN;-1;-68.7;-3;1
2026.06.26 15:30;5105.00000;5116.00000;5075.00000;5089.00000;18.02;13.53;21.91;23.85;20.59;-3.526;SOFT_DOWN;-1;-70.4;-3;1
2026.06.26 15:15;5118.00000;5129.00000;5061.00000;5105.00000;17.16;15.62;25.28;22.85;16.89;-3.223;SOFT_DOWN;-1;-69;-3;1
2026.06.26 15:00;5114.00000;5131.00000;5085.00000;5118.00000;16.16;18.02;23.74;15.08;16.76;-2.976;SOFT_DOWN;-1;-67.7;-3;1
2026.06.26 14:45;5088.00000;5127.00000;5088.00000;5114.00000;16.54;19.45;27.39;12.74;31.63;-3.052;SOFT_DOWN;-1;-68.6;-3;1
2026.06.26 14:30;5183.00000;5187.00000;5081.00000;5087.00000;16.48;22.45;31.61;22.45;54.69;-3.564;SOFT_DOWN;-1;-71.7;-3;1
2026.06.26 14:15;5210.00000;5224.00000;5179.00000;5183.00000;16.41;25.90;22.25;59.70;77.82;-1.744;NEUTRE;0;-56.4;-2;1
2026.06.26 14:00;5224.00000;5249.00000;5207.00000;5211.00000;17.76;29.88;16.10;81.92;78.64;-1.213;NEUTRE;0;-46.9;-2;1
2026.06.26 13:45;5207.00000;5226.00000;5198.00000;5224.00000;15.88;26.06;18.57;91.84;63.77;-0.967;NEUTRE;0;-40.9;-1;1
2026.06.26 13:30;5202.00000;5209.00000;5178.00000;5207.00000;15.75;20.73;21.43;62.16;38.53;-1.289;NEUTRE;0;-49.6;-2;1
2026.06.26 13:15;5176.00000;5214.00000;5169.00000;5206.00000;17.91;23.91;24.73;37.32;21.86;-1.308;NEUTRE;0;-50.6;-2;1
2026.06.26 13:00;5157.00000;5186.00000;5154.00000;5159.00000;20.41;19.76;28.53;16.10;13.76;-2.199;SOFT_DOWN;-1;-64.4;-2;1
2026.06.26 12:45;5152.00000;5172.00000;5138.00000;5152.00000;20.76;16.47;32.92;12.16;16.59;-2.332;SOFT_DOWN;-1;-66.1;-3;1
2026.06.26 12:30;5181.00000;5182.00000;5137.00000;5152.00000;18.82;19.00;37.98;13.03;25.87;-2.332;SOFT_DOWN;-1;-66.5;-3;1
2026.06.26 12:15;5215.00000;5217.00000;5172.00000;5182.00000;16.60;21.92;31.86;24.59;40.89;-1.763;NEUTRE;0;-60.6;-2;1
2026.06.26 12:00;5212.00000;5239.00000;5200.00000;5215.00000;16.31;25.30;27.19;40.00;57.54;-1.137;NEUTRE;0;-49.4;-2;1
2026.06.26 11:45;5223.00000;5223.00000;5205.00000;5213.00000;18.26;22.88;31.37;58.07;70.48;-1.175;NEUTRE;0;-50.9;-2;1
2026.06.26 11:30;5249.00000;5256.00000;5220.00000;5223.00000;18.66;26.40;23.38;74.54;68.28;-0.986;NEUTRE;0;-46.6;-2;1
2026.06.26 11:15;5250.00000;5280.00000;5250.00000;5256.00000;20.60;30.46;14.16;78.84;52.56;-0.360;NEUTRE;0;-21.5;0;1
2026.06.26 11:00;5213.00000;5252.00000;5211.00000;5250.00000;18.14;20.78;16.33;51.46;34.45;-0.474;NEUTRE;0;-28;-1;1
2026.06.26 10:45;5165.00000;5234.00000;5163.00000;5211.00000;19.09;17.23;18.85;27.38;26.00;-1.213;NEUTRE;0;-54.3;-2;1
2026.06.26 10:30;5202.00000;5214.00000;5162.00000;5166.00000;21.34;15.54;21.75;24.52;28.51;-2.066;SOFT_DOWN;-1;-67.6;-3;1
2026.06.26 10:15;5221.00000;5231.00000;5194.00000;5201.00000;22.06;17.93;15.63;26.12;32.91;-1.403;NEUTRE;0;-59.3;-2;1
2026.06.26 10:00;5189.00000;5236.00000;5182.00000;5219.00000;24.40;20.69;18.03;34.90;37.90;-1.062;NEUTRE;0;-52.6;-2;1
2026.06.26 09:45;5234.00000;5247.00000;5183.00000;5188.00000;27.09;23.88;20.52;37.73;35.92;-1.649;NEUTRE;0;-64.4;-2;1
2026.06.26 09:30;5241.00000;5261.00000;5227.00000;5234.00000;30.09;27.55;13.10;41.09;28.21;-0.777;NEUTRE;0;-45.2;-2;1
2026.06.26 09:15;5201.00000;5252.00000;5198.00000;5240.00000;29.25;27.72;15.11;28.94;17.49;-0.664;NEUTRE;0;-41.5;-1;1
2026.06.26 09:00;5188.00000;5211.00000;5178.00000;5201.00000;29.23;20.30;17.44;14.59;17.68;-1.403;NEUTRE;0;-62.5;-2;1
2026.06.26 08:45;5275.00000;5301.00000;5172.00000;5187.00000;32.56;23.42;20.12;8.95;27.86;-1.668;NEUTRE;0;-66.9;-3;1
2026.06.25 17:15;5236.00000;5243.00000;5218.00000;5222.00000;36.40;20.11;23.22;29.50;43.28;4.503;STRONG_UP;2;72.7;3;1
2026.06.25 17:00;5268.00000;5268.00000;5232.00000;5236.00000;40.90;23.20;18.17;45.13;50.44;4.783;STRONG_UP;2;73.9;3;1
2026.06.25 16:45;5264.00000;5269.00000;5252.00000;5268.00000;45.32;26.77;12.42;55.21;53.15;5.423;STRONG_UP;2;75.9;3;1
2026.06.25 16:30;5278.00000;5278.00000;5252.00000;5264.00000;46.66;30.89;14.33;50.97;53.01;5.343;STRONG_UP;2;75.9;3;1
2026.06.25 16:15;5268.00000;5289.00000;5266.00000;5278.00000;48.20;35.64;8.25;53.28;58.44;5.623;STRONG_UP;2;76.8;3;1
2026.06.25 16:00;5248.00000;5279.00000;5247.00000;5268.00000;46.02;34.43;9.52;54.77;67.08;5.423;STRONG_UP;2;76.5;3;1
2026.06.25 15:45;5250.00000;5259.00000;5217.00000;5248.00000;44.38;30.12;10.99;67.27;80.15;5.023;STRONG_UP;2;75.7;3;1
2026.06.25 15:30;5311.00000;5314.00000;5239.00000;5250.00000;44.05;34.75;4.62;79.22;88.92;5.063;STRONG_UP;2;76;3;1
2026.06.25 15:15;5241.00000;5336.00000;5230.00000;5310.00000;39.05;40.10;5.33;93.97;92.37;6.264;EXPLOSIVE_UP;3;78.8;3;1
2026.06.25 15:00;5193.00000;5241.00000;5193.00000;5241.00000;33.28;32.48;6.15;93.58;87.98;4.883;STRONG_UP;2;76;3;1
2026.06.25 14:45;5155.00000;5194.00000;5140.00000;5193.00000;27.92;22.41;7.09;89.55;81.41;3.922;STRONG_UP;2;73;3;1
2026.06.25 14:30;5152.00000;5175.00000;5143.00000;5155.00000;24.23;20.44;8.19;80.83;69.80;3.162;SOFT_UP;1;69.6;3;1
2026.06.25 14:15;5138.00000;5161.00000;5117.00000;5152.00000;21.37;16.86;9.45;73.87;56.32;3.102;SOFT_UP;1;69.5;3;1
2026.06.25 14:00;5152.00000;5152.00000;5121.00000;5139.00000;20.32;16.30;10.90;54.71;38.92;2.842;SOFT_UP;1;68.2;3;1
2026.06.25 13:45;5121.00000;5156.00000;5089.00000;5152.00000;20.39;18.81;12.58;40.38;30.54;3.102;SOFT_UP;1;70.2;3;1
2026.06.25 13:30;5110.00000;5142.00000;5077.00000;5120.00000;20.47;18.49;14.51;21.66;34.03;2.461;SOFT_UP;1;66;3;1
2026.06.25 13:15;5086.00000;5124.00000;5086.00000;5110.00000;21.76;17.08;16.74;29.59;52.22;2.261;SOFT_UP;1;64.6;2;1
2026.06.25 13:00;5157.00000;5161.00000;5079.00000;5086.00000;24.95;19.70;19.32;50.84;64.84;1.781;NEUTRE;0;59.3;2;1
2026.06.25 12:45;5191.00000;5196.00000;5132.00000;5156.00000;28.64;22.73;12.35;76.22;60.68;3.182;SOFT_UP;1;72;3;1
2026.06.25 12:30;5143.00000;5203.00000;5137.00000;5191.00000;28.49;26.23;13.04;67.47;44.36;3.882;STRONG_UP;2;75.3;3;1
2026.06.25 12:15;5119.00000;5144.00000;5104.00000;5143.00000;27.71;16.52;15.05;38.36;28.66;2.922;SOFT_UP;1;71.2;3;1
2026.06.25 12:00;5105.00000;5126.00000;5086.00000;5117.00000;31.26;12.13;17.37;27.27;23.30;2.401;SOFT_UP;1;67.9;3;1
2026.06.25 11:45;5130.00000;5134.00000;5094.00000;5104.00000;33.33;14.00;16.96;20.34;23.12;2.141;SOFT_UP;1;66;3;1
2026.06.25 11:30;5102.00000;5147.00000;5089.00000;5130.00000;36.99;16.15;19.57;22.27;29.84;2.662;SOFT_UP;1;70.7;3;1
2026.06.25 11:15;5148.00000;5157.00000;5084.00000;5102.00000;41.21;18.64;22.58;26.73;42.78;2.101;SOFT_UP;1;66.5;3;1
2026.06.25 11:00;5175.00000;5186.00000;5138.00000;5147.00000;46.08;21.51;14.67;40.52;60.62;3.002;SOFT_UP;1;73.4;3;1
2026.06.25 10:45;5199.00000;5201.00000;5117.00000;5177.00000;50.27;24.81;16.93;61.10;77.40;3.602;SOFT_UP;1;76.4;3;1
2026.06.25 10:30;5209.00000;5228.00000;5198.00000;5201.00000;55.09;28.63;4.70;80.23;87.88;4.082;STRONG_UP;2;78.2;3;1
2026.06.25 10:15;5232.00000;5236.00000;5198.00000;5209.00000;52.52;33.04;5.42;90.86;92.40;4.243;STRONG_UP;2;78.9;3;1
2026.06.25 10:00;5203.00000;5243.00000;5188.00000;5232.00000;49.56;38.12;6.26;92.54;92.44;4.703;STRONG_UP;2;80.2;3;1
2026.06.25 09:45;5173.00000;5211.00000;5170.00000;5203.00000;46.14;35.03;7.22;93.81;89.35;4.122;STRONG_UP;2;79.1;3;1
2026.06.25 09:30;5181.00000;5203.00000;5152.00000;5173.00000;43.11;37.42;8.33;90.98;82.68;3.522;SOFT_UP;1;77.6;3;1
2026.06.25 09:15;5109.00000;5184.00000;5095.00000;5181.00000;39.96;37.45;9.61;83.27;74.57;3.682;STRONG_UP;2;78.5;3;1
2026.06.25 09:00;5052.00000;5137.00000;5042.00000;5116.00000;37.00;35.08;11.09;73.78;73.68;2.381;SOFT_UP;1;72.9;3;1
2026.06.25 08:45;4997.00000;5118.00000;4980.00000;5052.00000;34.70;37.40;12.80;66.67;74.16;1.101;NEUTRE;0;57.2;2;1
2026.06.24 17:15;4985.00000;4992.00000;4978.00000;4982.00000;32.50;29.11;14.77;80.58;76.06;7.324;EXPLOSIVE_UP;3;79.2;3;1
2026.06.24 17:00;4978.00000;4985.00000;4978.00000;4984.00000;32.47;25.90;17.04;75.22;73.59;7.368;EXPLOSIVE_UP;3;79.4;3;1
2026.06.24 16:45;4969.00000;4982.00000;4969.00000;4978.00000;34.29;23.29;19.66;72.39;73.66;7.238;EXPLOSIVE_UP;3;79.4;3;1
2026.06.24 16:30;4976.00000;4976.00000;4954.00000;4969.00000;38.27;19.77;22.68;73.17;73.52;7.044;EXPLOSIVE_UP;3;79.2;3;1
2026.06.24 16:15;4982.00000;4984.00000;4970.00000;4976.00000;43.10;22.81;14.99;75.42;70.61;7.195;EXPLOSIVE_UP;3;79.6;3;1
2026.06.24 16:00;4980.00000;4986.00000;4976.00000;4982.00000;46.55;26.32;10.70;71.96;68.92;7.324;EXPLOSIVE_UP;3;79.9;3;1
2026.06.24 15:45;4977.00000;4985.00000;4953.00000;4979.00000;47.22;28.83;12.34;64.46;71.78;7.260;EXPLOSIVE_UP;3;80;3;1
2026.06.24 15:30;4949.00000;4987.00000;4939.00000;4977.00000;48.32;33.27;14.24;70.33;78.47;7.217;EXPLOSIVE_UP;3;80.1;3;1
2026.06.24 15:15;4967.00000;4983.00000;4934.00000;4949.00000;49.59;37.10;16.43;80.54;81.48;6.614;EXPLOSIVE_UP;3;79.4;3;1
2026.06.24 15:00;4983.00000;4997.00000;4959.00000;4965.00000;51.28;42.81;11.11;84.54;74.86;6.958;EXPLOSIVE_UP;3;80.1;3;1
2026.06.24 14:45;4966.00000;4988.00000;4964.00000;4981.00000;50.13;45.76;12.82;79.37;61.51;7.303;EXPLOSIVE_UP;3;80.7;3;1
2026.06.24 14:30;4948.00000;4980.00000;4948.00000;4966.00000;49.19;47.67;14.80;60.67;51.21;6.980;EXPLOSIVE_UP;3;80.4;3;1
2026.06.24 14:15;4892.00000;4952.00000;4881.00000;4948.00000;48.66;41.54;17.07;44.48;53.41;6.592;EXPLOSIVE_UP;3;80;3;1
2026.06.24 14:00;4872.00000;4900.00000;4839.00000;4892.00000;49.72;36.66;19.70;48.47;67.38;5.386;STRONG_UP;2;78.1;3;1
2026.06.24 13:45;4931.00000;4931.00000;4815.00000;4871.00000;52.74;42.30;22.73;67.29;82.15;4.933;STRONG_UP;2;77.2;3;1
2026.06.24 13:30;4982.00000;5008.00000;4931.00000;4931.00000;56.23;48.81;10.84;86.37;91.69;6.226;EXPLOSIVE_UP;3;80;3;1
2026.06.24 13:15;4966.00000;5016.00000;4962.00000;4982.00000;55.09;56.32;6.31;92.79;94.26;7.324;EXPLOSIVE_UP;3;81.6;3;1
2026.06.24 13:00;4895.00000;4966.00000;4895.00000;4966.00000;51.28;50.74;7.29;95.92;94.83;6.980;EXPLOSIVE_UP;3;81.4;3;1
2026.06.24 12:45;4815.00000;4921.00000;4811.00000;4895.00000;47.64;48.79;8.41;94.08;93.62;5.450;STRONG_UP;2;79.2;3;1
2026.06.24 12:30;4737.00000;4794.00000;4735.00000;4794.00000;44.11;40.92;9.70;94.49;90.13;3.274;SOFT_UP;1;72.8;3;1
2026.06.24 12:15;4722.00000;4737.00000;4695.00000;4737.00000;41.41;32.35;11.19;92.31;87.34;2.047;SOFT_UP;1;64.1;2;1
2026.06.24 12:00;4723.00000;4737.00000;4711.00000;4722.00000;40.31;37.33;7.05;83.60;83.47;1.723;NEUTRE;0;60.5;2;1
2026.06.24 11:45;4682.00000;4723.00000;4681.00000;4722.00000;36.01;34.78;8.14;86.11;83.93;1.723;NEUTRE;0;61;2;1
2026.06.24 11:30;4674.00000;4696.00000;4668.00000;4681.00000;32.00;30.24;9.39;80.69;84.72;0.840;NEUTRE;0;42;1;1
2026.06.24 11:15;4667.00000;4679.00000;4664.00000;4673.00000;28.83;25.56;10.84;84.98;86.69;0.668;NEUTRE;0;36.2;1;1
2026.06.24 11:00;4671.00000;4681.00000;4666.00000;4667.00000;27.04;29.49;10.45;88.48;75.98;0.539;NEUTRE;0;31.1;1;1
2026.06.24 10:45;4668.00000;4682.00000;4661.00000;4671.00000;23.87;34.03;12.06;86.61;56.22;0.625;NEUTRE;0;35.6;1;1
2026.06.24 10:30;4648.00000;4671.00000;4642.00000;4669.00000;20.21;31.20;13.91;52.85;33.18;0.582;NEUTRE;0;34.3;1;1
2026.06.24 10:15;4619.00000;4653.00000;4618.00000;4647.00000;17.42;26.45;16.05;29.21;20.64;0.108;NEUTRE;0;7.4;0;1
2026.06.24 10:00;4609.00000;4631.00000;4598.00000;4620.00000;16.34;20.85;18.52;17.49;16.76;-0.474;NEUTRE;0;-30.3;-1;1
2026.06.24 09:45;4614.00000;4614.00000;4597.00000;4609.00000;17.94;16.13;21.37;15.23;24.02;-0.711;NEUTRE;0;-41.9;-1;1
2026.06.24 09:30;4609.00000;4629.00000;4605.00000;4614.00000;18.55;18.62;17.42;17.55;39.29;-0.603;NEUTRE;0;-38;-1;1
2026.06.24 09:15;4664.00000;4666.00000;4586.00000;4609.00000;20.90;21.48;20.10;39.30;63.35;-0.711;NEUTRE;0;-43.4;-1;1
2026.06.24 09:00;4724.00000;4748.00000;4663.00000;4664.00000;23.60;24.79;8.39;61.02;73.43;0.474;NEUTRE;0;33;1;1
2026.06.24 08:45;4642.00000;4726.00000;4640.00000;4725.00000;19.63;24.62;9.68;89.74;70.67;1.788;NEUTRE;0;68.3;3;1
2026.06.23 17:15;4649.00000;4657.00000;4647.00000;4650.00000;15.95;16.06;11.17;69.52;53.95;1.462;NEUTRE;0;46.2;2;1
2026.06.23 17:00;4647.00000;4657.00000;4643.00000;4649.00000;15.64;18.53;12.89;52.74;41.25;1.440;NEUTRE;0;46.2;2;1
2026.06.23 16:45;4643.00000;4648.00000;4639.00000;4647.00000;15.28;11.49;14.87;39.57;34.62;1.396;NEUTRE;0;45.7;2;1
2026.06.23 16:30;4634.00000;4646.00000;4628.00000;4643.00000;15.66;9.84;17.15;31.43;34.80;1.309;NEUTRE;0;44.3;1;1
2026.06.23 16:15;4639.00000;4646.00000;4632.00000;4635.00000;13.90;11.36;16.38;32.86;38.95;1.135;NEUTRE;0;40.7;1;1
2026.06.23 16:00;4646.00000;4649.00000;4635.00000;4639.00000;13.25;13.10;15.60;40.10;43.19;1.222;NEUTRE;0;43.2;1;1
2026.06.23 15:45;4660.00000;4664.00000;4617.00000;4646.00000;13.95;15.12;18.00;43.89;45.54;1.375;NEUTRE;0;47.1;2;1
2026.06.23 15:30;4657.00000;4687.00000;4648.00000;4661.00000;14.76;17.44;10.62;45.56;49.10;1.702;NEUTRE;0;53.5;2;1
2026.06.23 15:15;4659.00000;4661.00000;4637.00000;4657.00000;13.29;9.87;12.25;47.16;53.05;1.615;NEUTRE;0;52.5;2;1
2026.06.23 15:00;4665.00000;4673.00000;4644.00000;4660.00000;13.68;11.39;9.65;54.59;61.35;1.680;NEUTRE;0;54.1;2;1
2026.06.23 14:45;4656.00000;4675.00000;4644.00000;4665.00000;14.51;13.14;11.13;57.40;69.33;1.789;NEUTRE;0;56.2;2;1
2026.06.23 14:30;4637.00000;4668.00000;4635.00000;4658.00000;15.47;11.69;12.85;72.05;80.60;1.636;NEUTRE;0;54.3;2;1
2026.06.23 14:15;4687.00000;4691.00000;4633.00000;4637.00000;17.13;13.49;14.82;78.55;84.54;1.178;NEUTRE;0;45.5;2;1
2026.06.23 14:00;4672.00000;4692.00000;4658.00000;4687.00000;19.04;15.57;10.47;91.21;80.70;2.269;SOFT_UP;1;63.4;2;1
2026.06.23 13:45;4686.00000;4691.00000;4641.00000;4672.00000;18.96;17.51;12.08;83.84;63.63;1.942;SOFT_UP;1;60.1;2;1
2026.06.23 13:30;4609.00000;4693.00000;4604.00000;4686.00000;19.06;20.20;13.94;67.05;50.06;2.247;SOFT_UP;1;64;2;1
2026.06.23 13:15;4579.00000;4611.00000;4564.00000;4609.00000;19.17;9.13;16.09;40.00;50.03;0.567;NEUTRE;0;27.8;1;1
2026.06.23 13:00;4591.00000;4606.00000;4569.00000;4579.00000;17.88;10.54;18.56;43.13;62.48;-0.087;NEUTRE;0;-4.7;0;1
2026.06.23 12:45;4607.00000;4617.00000;4590.00000;4594.00000;16.38;12.16;12.69;66.96;75.57;0.240;NEUTRE;0;13.1;0;1
2026.06.23 12:30;4623.00000;4625.00000;4569.00000;4609.00000;18.58;14.03;14.64;77.35;81.30;0.567;NEUTRE;0;29.2;1;1
2026.06.23 12:15;4607.00000;4634.00000;4598.00000;4624.00000;21.11;16.19;8.93;82.41;83.12;0.895;NEUTRE;0;42;1;1
2026.06.23 12:00;4588.00000;4625.00000;4585.00000;4607.00000;19.91;14.84;10.30;84.15;80.72;0.524;NEUTRE;0;28.3;1;1
2026.06.23 11:45;4598.00000;4599.00000;4584.00000;4592.00000;20.19;7.12;11.88;82.81;71.96;0.196;NEUTRE;0;11.6;0;1
2026.06.23 11:30;4575.00000;4599.00000;4553.00000;4598.00000;19.44;8.21;13.71;75.21;67.41;0.327;NEUTRE;0;19.3;0;1
2026.06.23 11:15;4575.00000;4587.00000;4566.00000;4576.00000;18.58;9.48;11.48;57.85;68.81;-0.153;NEUTRE;0;-9.5;0;1
2026.06.23 11:00;4567.00000;4590.00000;4554.00000;4575.00000;19.97;10.94;13.24;69.18;73.27;-0.175;NEUTRE;0;-11.1;0;1
2026.06.23 10:45;4577.00000;4583.00000;4563.00000;4567.00000;21.57;12.62;11.43;79.38;69.98;-0.349;NEUTRE;0;-21.8;0;1
2026.06.23 10:30;4583.00000;4586.00000;4563.00000;4577.00000;24.13;14.56;13.19;71.25;58.09;-0.131;NEUTRE;0;-8.7;0;1
2026.06.23 10:15;4556.00000;4589.00000;4555.00000;4583.00000;27.08;16.80;15.22;59.32;44.71;0.000;NEUTRE;0;0;0;1
2026.06.23 10:00;4562.00000;4577.00000;4551.00000;4556.00000;30.49;13.96;17.56;43.71;33.62;-0.589;NEUTRE;0;-36;-1;1
2026.06.23 09:45;4553.00000;4570.00000;4543.00000;4562.00000;33.42;11.96;20.26;31.10;26.60;-0.458;NEUTRE;0;-30;-1;1
2026.06.23 09:30;4528.00000;4564.00000;4515.00000;4552.00000;34.60;10.38;23.38;26.05;25.65;-0.676;NEUTRE;0;-41.2;-1;1
2026.06.23 09:15;4579.00000;4585.00000;4523.00000;4527.00000;34.00;11.98;24.46;22.65;22.94;-1.222;NEUTRE;0;-58.4;-2;1
2026.06.23 09:00;4588.00000;4607.00000;4560.00000;4581.00000;33.96;13.82;19.05;28.24;20.94;-0.044;NEUTRE;0;-3.4;0;1
2026.06.23 08:45;4583.00000;4612.00000;4572.00000;4588.00000;36.74;15.95;18.05;17.91;18.19;0.109;NEUTRE;0;8.7;0;1
2026.06.22 17:15;4587.00000;4596.00000;4578.00000;4578.00000;41.44;12.25;20.83;16.67;17.95;6.095;STRONG_UP;2;77.1;3;1
2026.06.22 17:00;4597.00000;4597.00000;4580.00000;4586.00000;43.83;14.13;22.32;20.00;18.45;6.280;EXPLOSIVE_UP;3;77.6;3;1
2026.06.22 16:45;4592.00000;4598.00000;4586.00000;4597.00000;47.11;16.31;20.33;17.19;22.79;6.535;EXPLOSIVE_UP;3;78.2;3;1
2026.06.22 16:30;4604.00000;4606.00000;4578.00000;4593.00000;52.67;18.82;23.45;18.14;34.08;6.443;EXPLOSIVE_UP;3;78.3;3;1
2026.06.22 16:15;4614.00000;4617.00000;4602.00000;4603.00000;59.09;21.71;13.87;33.03;48.00;6.674;EXPLOSIVE_UP;3;78.8;3;1
2026.06.22 16:00;4630.00000;4633.00000;4611.00000;4614.00000;64.79;25.05;6.78;51.05;59.27;6.929;EXPLOSIVE_UP;3;79.4;3;1
2026.06.22 15:45;4636.00000;4646.00000;4599.00000;4630.00000;65.93;28.90;7.82;59.90;64.54;7.300;EXPLOSIVE_UP;3;80.1;3;1
2026.06.22 15:30;4608.00000;4665.00000;4608.00000;4635.00000;67.24;33.35;6.08;66.85;67.42;7.416;EXPLOSIVE_UP;3;80.4;3;1
2026.06.22 15:15;4615.00000;4624.00000;4603.00000;4608.00000;66.94;27.41;7.01;66.87;71.53;6.790;EXPLOSIVE_UP;3;79.7;3;1
2026.06.22 15:00;4600.00000;4624.00000;4592.00000;4615.00000;68.12;31.63;8.09;68.53;79.22;6.952;EXPLOSIVE_UP;3;80.1;3;1
2026.06.22 14:45;4600.00000;4608.00000;4583.00000;4600.00000;69.48;28.81;9.33;79.20;88.27;6.605;EXPLOSIVE_UP;3;79.7;3;1
2026.06.22 14:30;4619.00000;4626.00000;4598.00000;4601.00000;72.32;33.24;1.54;89.93;91.93;6.628;EXPLOSIVE_UP;3;79.9;3;1
2026.06.22 14:15;4585.00000;4620.00000;4585.00000;4619.00000;69.42;35.06;1.78;95.68;92.34;7.045;EXPLOSIVE_UP;3;80.7;3;1
2026.06.22 14:00;4581.00000;4591.00000;4573.00000;4588.00000;66.20;27.70;2.05;90.18;91.65;6.327;EXPLOSIVE_UP;3;79.8;3;1
2026.06.22 13:45;4569.00000;4590.00000;4556.00000;4580.00000;63.12;31.11;2.37;91.18;92.23;6.141;EXPLOSIVE_UP;3;79.7;3;1
2026.06.22 13:30;4572.00000;4589.00000;4552.00000;4569.00000;59.62;35.44;2.73;93.59;90.58;5.886;STRONG_UP;2;79.4;3;1
2026.06.22 13:15;4532.00000;4572.00000;4514.00000;4572.00000;55.61;33.83;3.15;91.92;88.10;5.956;STRONG_UP;2;79.8;3;1
2026.06.22 13:00;4490.00000;4535.00000;4483.00000;4532.00000;51.40;29.22;3.63;86.22;88.18;5.029;STRONG_UP;2;78.1;3;1
2026.06.22 12:45;4492.00000;4508.00000;4480.00000;4488.00000;47.33;25.72;4.19;86.15;88.99;4.009;STRONG_UP;2;75.5;3;1
2026.06.22 12:30;4507.00000;4514.00000;4471.00000;4492.00000;43.54;29.68;4.84;92.17;84.39;4.102;STRONG_UP;2;76.1;3;1
2026.06.22 12:15;4471.00000;4511.00000;4460.00000;4509.00000;39.16;33.17;5.58;88.64;75.82;4.496;STRONG_UP;2;77.5;3;1
2026.06.22 12:00;4406.00000;4473.00000;4406.00000;4471.00000;34.24;26.81;6.44;72.35;71.28;3.615;SOFT_UP;1;74.9;3;1
2026.06.22 11:45;4402.00000;4418.00000;4396.00000;4406.00000;30.08;18.31;7.43;66.48;75.42;2.109;SOFT_UP;1;65.7;3;1
2026.06.22 11:30;4415.00000;4433.00000;4391.00000;4402.00000;28.21;21.12;8.58;75.00;74.88;2.016;SOFT_UP;1;65.1;3;1
2026.06.22 11:15;4406.00000;4416.00000;4394.00000;4415.00000;26.05;18.15;9.90;84.77;68.11;2.317;SOFT_UP;1;68.5;3;1
2026.06.22 11:00;4389.00000;4412.00000;4384.00000;4405.00000;25.53;18.14;11.42;64.86;52.33;2.086;SOFT_UP;1;66.8;3;1
2026.06.22 10:45;4386.00000;4399.00000;4369.00000;4391.00000;25.96;13.79;13.18;54.71;44.09;1.761;NEUTRE;0;63.6;2;1
2026.06.22 10:30;4386.00000;4395.00000;4377.00000;4386.00000;29.60;15.91;11.10;37.41;45.80;1.645;NEUTRE;0;62.6;2;1
2026.06.22 10:15;4372.00000;4396.00000;4368.00000;4386.00000;31.41;18.36;12.81;40.16;58.21;1.645;NEUTRE;0;63.2;2;1
2026.06.22 10:00;4379.00000;4405.00000;4369.00000;4373.00000;33.51;21.18;14.23;59.83;71.74;1.344;NEUTRE;0;58.9;2;1
2026.06.22 09:45;4404.00000;4406.00000;4347.00000;4379.00000;35.64;24.44;16.42;74.62;80.86;1.483;NEUTRE;0;61.9;2;1
2026.06.22 09:30;4417.00000;4429.00000;4389.00000;4404.00000;38.10;28.20;7.99;80.77;85.76;2.063;SOFT_UP;1;69.5;3;1
2026.06.22 09:15;4397.00000;4420.00000;4384.00000;4417.00000;35.37;29.08;9.22;87.19;91.63;2.364;SOFT_UP;1;72.4;3;1
2026.06.22 09:00;4460.00000;4461.00000;4372.00000;4396.00000;32.84;33.55;10.64;89.32;94.83;1.877;SOFT_UP;1;68.7;3;1
2026.06.22 08:45;4315.00000;4467.00000;4297.00000;4460.00000;29.91;38.71;12.28;98.40;89.99;3.360;SOFT_UP;1;78.1;3;1
2026.06.19 13:00;4156.00000;4156.00000;4156.00000;4156.00000;26.54;29.28;14.16;96.77;75.97;0.000;NEUTRE;0;0;0;1
2026.06.19 08:45;4156.00000;4156.00000;4156.00000;4156.00000;25.27;33.79;16.34;74.81;63.76;0.000;NEUTRE;0;0;0;1
2026.06.18 17:15;4132.00000;4150.00000;4132.00000;4150.00000;23.80;23.60;18.86;56.32;62.37;1.916;SOFT_UP;1;53.8;2;1
2026.06.18 17:00;4122.00000;4136.00000;4114.00000;4134.00000;25.74;15.27;21.76;60.14;70.25;1.523;NEUTRE;0;47.8;2;1
2026.06.18 16:45;4123.00000;4129.00000;4121.00000;4121.00000;27.01;17.62;25.11;70.65;79.66;1.203;NEUTRE;0;41.5;1;1
2026.06.18 16:30;4131.00000;4131.00000;4118.00000;4122.00000;28.47;20.33;28.97;79.96;86.85;1.228;NEUTRE;0;42.5;1;1
2026.06.18 16:15;4143.00000;4154.00000;4131.00000;4131.00000;30.15;23.46;18.04;88.38;91.77;1.449;NEUTRE;0;47.7;2;1
2026.06.18 16:00;4161.00000;4163.00000;4140.00000;4142.00000;32.78;27.07;14.80;92.20;91.13;1.719;NEUTRE;0;52.9;2;1
2026.06.18 15:45;4079.00000;4164.00000;4079.00000;4161.00000;33.32;31.23;17.07;94.74;82.36;2.186;SOFT_UP;1;59.7;2;1
2026.06.18 15:30;4012.00000;4087.00000;4012.00000;4078.00000;33.93;22.26;19.70;86.44;65.78;0.147;NEUTRE;0;6.7;0;1
2026.06.18 15:15;4008.00000;4012.00000;3999.00000;4010.00000;38.22;10.70;22.73;65.91;45.89;-1.523;NEUTRE;0;-50.9;-2;1
2026.06.18 15:00;4006.00000;4013.00000;3997.00000;4008.00000;38.56;12.35;26.23;45.00;28.67;-1.572;NEUTRE;0;-52.2;-2;1
2026.06.18 14:45;4014.00000;4014.00000;3997.00000;4006.00000;38.95;14.24;30.27;26.76;16.08;-1.621;NEUTRE;0;-53.5;-2;1
2026.06.18 14:30;3995.00000;4014.00000;3985.00000;4013.00000;39.41;16.44;34.92;14.25;8.34;-1.449;NEUTRE;0;-50.9;-2;1
2026.06.18 14:15;3991.00000;3996.00000;3979.00000;3994.00000;39.93;9.42;40.29;7.24;10.31;-1.916;SOFT_DOWN;-1;-58.9;-2;1
2026.06.18 14:00;4013.00000;4019.00000;3988.00000;3989.00000;36.52;10.86;38.35;3.53;23.64;-2.038;SOFT_DOWN;-1;-60.8;-2;1
2026.06.18 13:45;4036.00000;4036.00000;4002.00000;4012.00000;33.54;12.54;37.30;20.15;48.86;-1.473;NEUTRE;0;-52.8;-2;1
2026.06.18 13:30;4077.00000;4082.00000;4036.00000;4036.00000;31.06;14.46;27.65;47.26;71.85;-0.884;NEUTRE;0;-38.9;-1;1
2026.06.18 13:15;4102.00000;4103.00000;4069.00000;4077.00000;31.02;16.69;20.87;79.17;86.28;0.123;NEUTRE;0;6.5;0;1
2026.06.18 13:00;4111.00000;4112.00000;4094.00000;4101.00000;34.08;19.26;12.77;89.13;85.38;0.712;NEUTRE;0;34;1;1
2026.06.18 12:45;4094.00000;4113.00000;4080.00000;4111.00000;36.21;22.22;14.74;90.55;78.46;0.958;NEUTRE;0;42.8;1;1
2026.06.18 12:30;4078.00000;4103.00000;4071.00000;4092.00000;38.66;20.98;17.00;76.47;66.55;0.491;NEUTRE;0;25.8;1;1
2026.06.18 12:15;4039.00000;4084.00000;4033.00000;4078.00000;43.00;15.07;19.62;68.38;56.84;0.147;NEUTRE;0;8.4;0;1
2026.06.18 12:00;4047.00000;4052.00000;4033.00000;4038.00000;47.60;7.73;22.64;54.81;47.89;-0.835;NEUTRE;0;-40.6;-1;1
2026.06.18 11:45;4047.00000;4054.00000;4040.00000;4047.00000;47.37;8.92;20.45;47.32;38.14;-0.614;NEUTRE;0;-32.8;-1;1
2026.06.18 11:30;4034.00000;4057.00000;4034.00000;4047.00000;48.62;10.30;23.60;41.54;31.74;-0.614;NEUTRE;0;-33.3;-1;1
2026.06.18 11:15;4048.00000;4049.00000;4034.00000;4034.00000;50.06;6.53;27.23;25.55;28.64;-0.933;NEUTRE;0;-45.6;-2;1
2026.06.18 11:00;4035.00000;4048.00000;4025.00000;4048.00000;48.33;6.51;31.42;28.15;37.96;-0.589;NEUTRE;0;-33.4;-1;1
2026.06.18 10:45;4052.00000;4059.00000;4032.00000;4035.00000;45.66;7.51;31.57;32.23;48.96;-0.909;NEUTRE;0;-46.2;-2;1
2026.06.18 10:30;4063.00000;4063.00000;4046.00000;4051.00000;43.22;8.66;28.45;53.51;50.11;-0.516;NEUTRE;0;-31.2;-1;1
2026.06.18 10:15;4064.00000;4065.00000;4057.00000;4063.00000;41.66;10.00;22.87;61.15;38.94;-0.221;NEUTRE;0;-14.9;0;1
2026.06.18 10:00;4074.00000;4077.00000;4055.00000;4064.00000;42.05;11.53;26.39;35.68;21.78;-0.196;NEUTRE;0;-13.6;0;1
2026.06.18 09:45;4044.00000;4077.00000;4043.00000;4075.00000;42.49;13.31;30.45;20.00;13.25;0.074;NEUTRE;0;5.3;0;1
2026.06.18 09:30;4051.00000;4055.00000;4039.00000;4044.00000;43.00;5.40;35.13;9.67;11.27;-0.688;NEUTRE;0;-41.7;-1;1
2026.06.18 09:15;4059.00000;4063.00000;4045.00000;4050.00000;38.33;6.23;34.77;10.08;12.99;-0.540;NEUTRE;0;-35.7;-1;1
2026.06.18 09:00;4076.00000;4076.00000;4044.00000;4059.00000;33.52;7.19;40.11;14.08;15.49;-0.319;NEUTRE;0;-23.6;0;1
2026.06.18 08:45;4072.00000;4102.00000;4069.00000;4074.00000;27.97;8.30;34.27;14.81;21.78;0.049;NEUTRE;0;3.9;0;1
2026.06.17 17:15;4121.00000;4123.00000;4106.00000;4115.00000;22.88;9.57;27.16;17.58;25.85;-1.106;NEUTRE;0;-38.3;-1;1
2026.06.17 17:00;4122.00000;4132.00000;4116.00000;4122.00000;19.04;11.05;22.29;32.94;30.69;-0.937;NEUTRE;0;-34.2;-1;1
2026.06.17 16:45;4141.00000;4141.00000;4121.00000;4122.00000;16.78;12.75;20.91;27.03;26.97;-0.937;NEUTRE;0;-34.6;-1;1
2026.06.17 16:30;4129.00000;4142.00000;4129.00000;4142.00000;15.63;14.71;18.27;32.09;26.64;-0.457;NEUTRE;0;-18.8;0;1
2026.06.17 16:15;4136.00000;4136.00000;4126.00000;4129.00000;16.37;9.87;21.08;21.79;24.73;-0.769;NEUTRE;0;-30.2;-1;1
2026.06.17 16:00;4133.00000;4140.00000;4132.00000;4135.00000;13.31;11.39;15.09;26.04;28.24;-0.625;NEUTRE;0;-25.7;-1;1
2026.06.17 15:45;4139.00000;4150.00000;4121.00000;4133.00000;13.20;13.14;17.42;26.37;28.74;-0.673;NEUTRE;0;-27.8;-1;1
2026.06.17 15:30;4140.00000;4151.00000;4126.00000;4140.00000;13.08;15.16;17.44;32.31;29.77;-0.505;NEUTRE;0;-21.9;0;1
2026.06.17 15:15;4149.00000;4173.00000;4128.00000;4140.00000;14.01;17.49;18.90;27.55;29.10;-0.505;NEUTRE;0;-22.2;0;1
2026.06.17 15:00;4132.00000;4165.00000;4130.00000;4149.00000;15.58;17.45;21.80;29.44;33.38;-0.288;NEUTRE;0;-13.3;0;1
2026.06.17 14:45;4154.00000;4154.00000;4122.00000;4131.00000;16.26;15.30;25.16;30.30;39.26;-0.721;NEUTRE;0;-31;-1;1
2026.06.17 14:30;4166.00000;4187.00000;4150.00000;4158.00000;15.02;17.65;17.06;40.40;47.62;-0.072;NEUTRE;0;-3.5;0;1
2026.06.17 14:15;4165.00000;4172.00000;4143.00000;4165.00000;17.07;14.13;19.69;47.06;58.93;0.096;NEUTRE;0;4.7;0;1
2026.06.17 14:00;4178.00000;4180.00000;4136.00000;4165.00000;17.16;16.30;22.72;55.39;70.39;0.096;NEUTRE;0;4.8;0;1
2026.06.17 13:45;4173.00000;4188.00000;4164.00000;4177.00000;17.27;18.81;16.42;74.32;81.60;0.385;NEUTRE;0;19;0;1
2026.06.17 13:30;4178.00000;4202.00000;4169.00000;4173.00000;18.89;21.70;15.74;81.45;84.01;0.288;NEUTRE;0;14.7;0;1
2026.06.17 13:15;4161.00000;4179.00000;4147.00000;4176.00000;19.34;14.32;18.16;89.02;79.58;0.360;NEUTRE;0;18.5;0;1
2026.06.17 13:00;4168.00000;4175.00000;4155.00000;4162.00000;20.50;16.52;17.11;81.56;67.48;0.024;NEUTRE;0;1.3;0;1
2026.06.17 12:45;4156.00000;4176.00000;4151.00000;4166.00000;23.38;19.06;19.74;68.16;49.27;0.120;NEUTRE;0;6.6;0;1
2026.06.17 12:30;4130.00000;4158.00000;4119.00000;4156.00000;26.71;10.92;22.78;52.71;35.48;-0.120;NEUTRE;0;-6.7;0;1
2026.06.17 12:15;4163.00000;4163.00000;4095.00000;4130.00000;25.40;12.60;26.29;26.92;23.96;-0.745;NEUTRE;0;-36.8;-1;1
2026.06.17 12:00;4121.00000;4175.00000;4121.00000;4159.00000;23.89;14.54;24.45;26.80;21.81;-0.048;NEUTRE;0;-2.8;0;1
2026.06.17 11:45;4169.00000;4176.00000;4119.00000;4121.00000;23.66;16.77;28.21;18.15;17.57;-0.961;NEUTRE;0;-45.2;-2;1
2026.06.17 11:30;4144.00000;4177.00000;4142.00000;4169.00000;23.38;19.35;26.34;20.49;18.85;0.192;NEUTRE;0;11.6;0;1
2026.06.17 11:15;4157.00000;4162.00000;4129.00000;4144.00000;24.63;15.74;30.39;14.05;23.71;-0.409;NEUTRE;0;-24.1;0;1
2026.06.17 11:00;4202.00000;4213.00000;4154.00000;4157.00000;23.53;18.16;23.41;21.99;33.25;-0.096;NEUTRE;0;-6.1;0;1
2026.06.17 10:45;4218.00000;4229.00000;4196.00000;4200.00000;25.20;20.95;16.06;35.07;40.24;0.937;NEUTRE;0;47;2;1
2026.06.17 10:30;4223.00000;4231.00000;4206.00000;4218.00000;27.05;24.17;13.87;42.69;46.67;1.370;NEUTRE;0;58.1;2;1
2026.06.17 10:15;4215.00000;4224.00000;4207.00000;4223.00000;27.05;23.58;16.01;42.96;55.38;1.490;NEUTRE;0;60.8;2;1
2026.06.17 10:00;4191.00000;4233.00000;4191.00000;4214.00000;28.27;27.21;18.47;54.34;70.07;1.274;NEUTRE;0;57.5;2;1
2026.06.17 09:45;4245.00000;4245.00000;4184.00000;4191.00000;29.67;31.40;21.31;68.84;80.89;0.721;NEUTRE;0;42.3;1;1
2026.06.17 09:30;4247.00000;4285.00000;4242.00000;4245.00000;31.29;36.23;9.96;87.04;80.55;2.019;SOFT_UP;1;69.1;3;1
2026.06.17 09:15;4197.00000;4251.00000;4179.00000;4251.00000;27.36;29.64;11.50;86.80;66.89;2.163;SOFT_UP;1;70.8;3;1
2026.06.17 09:00;4155.00000;4203.00000;4143.00000;4197.00000;24.78;23.94;13.26;67.81;50.82;0.865;NEUTRE;0;49.8;2;1
2026.06.17 08:45;4161.00000;4180.00000;4135.00000;4153.00000;24.18;21.73;15.31;46.07;48.84;-0.192;NEUTRE;0;-15.1;0;1
2026.06.16 17:15;4138.00000;4139.00000;4128.00000;4133.00000;25.23;11.65;17.66;38.60;47.54;6.493;EXPLOSIVE_UP;3;77.8;3;1
2026.06.16 17:00;4136.00000;4141.00000;4132.00000;4141.00000;25.96;13.44;15.64;61.84;46.13;6.699;EXPLOSIVE_UP;3;78.4;3;1
2026.06.16 16:45;4142.00000;4144.00000;4136.00000;4136.00000;28.79;15.51;11.21;42.18;34.23;6.570;EXPLOSIVE_UP;3;78.3;3;1
2026.06.16 16:30;4138.00000;4147.00000;4131.00000;4142.00000;30.74;17.89;12.94;34.38;28.40;6.725;EXPLOSIVE_UP;3;78.7;3;1
2026.06.16 16:15;4133.00000;4145.00000;4131.00000;4138.00000;33.00;18.72;14.93;26.15;23.17;6.622;EXPLOSIVE_UP;3;78.7;3;1
2026.06.16 16:00;4140.00000;4148.00000;4130.00000;4133.00000;36.34;21.60;17.22;24.67;25.09;6.493;EXPLOSIVE_UP;3;78.7;3;1
2026.06.16 15:45;4137.00000;4150.00000;4131.00000;4139.00000;40.19;24.93;19.02;18.71;32.01;6.648;EXPLOSIVE_UP;3;79.1;3;1
2026.06.16 15:30;4127.00000;4140.00000;4112.00000;4138.00000;44.31;20.67;21.94;31.90;48.78;6.622;EXPLOSIVE_UP;3;79.2;3;1
2026.06.16 15:15;4199.00000;4201.00000;4127.00000;4129.00000;50.66;23.84;17.08;45.42;63.03;6.390;EXPLOSIVE_UP;3;79;3;1
2026.06.16 15:00;4179.00000;4209.00000;4168.00000;4197.00000;55.91;27.51;11.18;69.01;74.11;8.142;EXPLOSIVE_UP;3;81.5;3;1
2026.06.16 14:45;4190.00000;4202.00000;4178.00000;4179.00000;58.02;31.75;9.15;74.67;71.98;7.678;EXPLOSIVE_UP;3;81.1;3;1
2026.06.16 14:30;4205.00000;4218.00000;4178.00000;4190.00000;58.45;36.63;10.56;78.64;59.93;7.962;EXPLOSIVE_UP;3;81.6;3;1
2026.06.16 14:15;4186.00000;4214.00000;4185.00000;4205.00000;58.94;42.26;9.49;62.63;39.76;8.348;EXPLOSIVE_UP;3;82.1;3;1
2026.06.16 14:00;4139.00000;4185.00000;4136.00000;4185.00000;58.27;33.38;10.95;38.51;23.00;7.833;EXPLOSIVE_UP;3;81.7;3;1
2026.06.16 13:45;4144.00000;4150.00000;4118.00000;4139.00000;59.45;27.53;12.64;18.13;19.38;6.648;EXPLOSIVE_UP;3;80.5;3;1
2026.06.16 13:30;4127.00000;4146.00000;4116.00000;4143.00000;62.89;29.84;14.58;12.35;31.33;6.751;EXPLOSIVE_UP;3;80.8;3;1
2026.06.16 13:15;4134.00000;4154.00000;4117.00000;4127.00000;67.28;34.43;16.31;27.66;54.55;6.339;EXPLOSIVE_UP;3;80.4;3;1
2026.06.16 13:00;4203.00000;4211.00000;4129.00000;4134.00000;72.14;39.73;13.83;53.98;74.95;6.519;EXPLOSIVE_UP;3;80.8;3;1
2026.06.16 12:45;4203.00000;4212.00000;4187.00000;4203.00000;75.80;45.84;5.08;82.03;87.89;8.297;EXPLOSIVE_UP;3;82.9;3;1
2026.06.16 12:30;4195.00000;4234.00000;4193.00000;4203.00000;75.14;52.89;2.16;88.84;89.88;8.297;EXPLOSIVE_UP;3;83;3;1
2026.06.16 12:15;4174.00000;4204.00000;4170.00000;4195.00000;72.53;49.77;2.50;92.80;89.53;8.091;EXPLOSIVE_UP;3;83;3;1
2026.06.16 12:00;4157.00000;4181.00000;4155.00000;4174.00000;69.77;47.03;2.88;88.01;87.04;7.550;EXPLOSIVE_UP;3;82.6;3;1
2026.06.16 11:45;4129.00000;4170.00000;4127.00000;4157.00000;66.90;47.75;3.32;87.78;87.86;7.112;EXPLOSIVE_UP;3;82.4;3;1
2026.06.16 11:30;4097.00000;4153.00000;4094.00000;4129.00000;63.81;49.02;3.84;85.33;88.83;6.390;EXPLOSIVE_UP;3;81.7;3;1
2026.06.16 11:15;4056.00000;4098.00000;4056.00000;4097.00000;60.47;42.21;4.43;90.48;92.37;5.566;STRONG_UP;2;80.7;3;1
2026.06.16 11:00;4061.00000;4063.00000;4048.00000;4056.00000;57.31;35.89;5.11;90.70;94.91;4.509;STRONG_UP;2;78.8;3;1
2026.06.16 10:45;4065.00000;4069.00000;4048.00000;4061.00000;54.57;41.41;5.89;95.94;97.65;4.638;STRONG_UP;2;79.3;3;1
2026.06.16 10:30;4044.00000;4068.00000;4041.00000;4065.00000;51.42;47.05;6.80;98.10;98.61;4.741;STRONG_UP;2;79.8;3;1
2026.06.16 10:15;4023.00000;4044.00000;4021.00000;4044.00000;47.83;40.61;7.85;98.92;98.53;4.200;STRONG_UP;2;78.8;3;1
2026.06.16 10:00;3999.00000;4025.00000;3999.00000;4023.00000;44.79;34.15;9.05;98.81;97.36;3.659;SOFT_UP;1;77.5;3;1
2026.06.16 09:45;3999.00000;4000.00000;3985.00000;3999.00000;42.74;24.61;10.45;97.87;95.64;3.040;SOFT_UP;1;75.4;3;1
2026.06.16 09:30;3969.00000;4000.00000;3964.00000;3999.00000;43.10;28.40;12.05;95.41;94.38;3.040;SOFT_UP;1;75.8;3;1
2026.06.16 09:15;3963.00000;3975.00000;3961.00000;3969.00000;43.51;22.08;13.91;93.66;93.81;2.267;SOFT_UP;1;71.7;3;1
2026.06.16 09:00;3954.00000;3972.00000;3949.00000;3962.00000;46.71;22.18;16.05;94.07;88.87;2.087;SOFT_UP;1;70.7;3;1
2026.06.16 08:45;3881.00000;3961.00000;3881.00000;3956.00000;51.43;18.24;18.52;93.71;75.24;1.932;SOFT_UP;1;69.8;3;1
2026.06.15 17:15;3880.00000;3897.00000;3859.00000;3897.00000;59.23;8.73;21.36;78.82;54.31;-2.036;SOFT_DOWN;-1;-55.5;-2;1
2026.06.15 17:00;3878.00000;3880.00000;3874.00000;3880.00000;61.88;3.20;24.65;53.19;35.97;-2.464;SOFT_DOWN;-1;-60.7;-2;1
2026.06.15 16:45;3882.00000;3885.00000;3876.00000;3878.00000;59.55;3.69;23.31;30.91;23.64;-2.514;SOFT_DOWN;-1;-61.6;-2;1
2026.06.15 16:30;3876.00000;3885.00000;3867.00000;3882.00000;57.53;4.25;26.90;23.81;19.03;-2.413;SOFT_DOWN;-1;-61;-2;1
2026.06.15 16:15;3880.00000;3884.00000;3866.00000;3876.00000;55.20;4.05;31.04;16.22;15.80;-2.564;SOFT_DOWN;-1;-62.8;-2;1
2026.06.15 16:00;3875.00000;3882.00000;3869.00000;3880.00000;51.86;4.68;33.25;17.07;15.58;-2.464;SOFT_DOWN;-1;-62.2;-2;1
2026.06.15 15:45;3886.00000;3891.00000;3863.00000;3875.00000;48.25;5.40;38.37;14.12;13.51;-2.589;SOFT_DOWN;-1;-63.7;-2;1
2026.06.15 15:30;3906.00000;3908.00000;3861.00000;3884.00000;44.08;6.23;44.27;15.56;12.08;-2.363;SOFT_DOWN;-1;-62;-2;1
2026.06.15 15:15;3945.00000;3951.00000;3896.00000;3907.00000;39.27;7.19;39.62;10.86;9.47;-1.785;NEUTRE;0;-55.2;-2;1
2026.06.15 15:00;3948.00000;3955.00000;3932.00000;3947.00000;34.65;8.29;35.65;9.83;9.24;-0.779;NEUTRE;0;-32.6;-1;1
2026.06.15 14:45;3965.00000;3973.00000;3945.00000;3948.00000;30.40;9.57;32.44;7.73;12.41;-0.754;NEUTRE;0;-32.2;-1;1
2026.06.15 14:30;3978.00000;3983.00000;3959.00000;3964.00000;26.70;11.04;29.74;10.17;16.19;-0.352;NEUTRE;0;-16.6;0;1
2026.06.15 14:15;3996.00000;4002.00000;3967.00000;3977.00000;23.75;12.74;29.18;19.34;19.41;-0.025;NEUTRE;0;-1.2;0;1
2026.06.15 14:00;4018.00000;4019.00000;3987.00000;3996.00000;21.37;14.70;24.88;19.07;23.30;0.452;NEUTRE;0;21.7;0;1
2026.06.15 13:45;3999.00000;4018.00000;3990.00000;4018.00000;20.70;16.96;27.27;19.81;37.38;1.006;NEUTRE;0;42;1;1
2026.06.15 13:30;4022.00000;4032.00000;3991.00000;3999.00000;20.29;19.56;30.91;31.03;58.58;0.528;NEUTRE;0;25.7;1;1
2026.06.15 13:15;4045.00000;4053.00000;4017.00000;4023.00000;19.96;22.57;25.91;61.31;76.33;1.131;NEUTRE;0;46.4;2;1
2026.06.15 13:00;4063.00000;4064.00000;4032.00000;4048.00000;21.97;26.05;23.49;83.41;84.49;1.760;NEUTRE;0;59;2;1
2026.06.15 12:45;4063.00000;4070.00000;4058.00000;4062.00000;24.55;30.05;14.60;84.28;77.50;2.112;SOFT_UP;1;63.9;2;1
2026.06.15 12:30;4049.00000;4063.00000;4044.00000;4063.00000;23.01;25.70;16.85;85.78;63.23;2.137;SOFT_UP;1;64.6;2;1
2026.06.15 12:15;4054.00000;4070.00000;4049.00000;4049.00000;23.34;29.66;15.39;62.44;38.17;1.785;NEUTRE;0;60.9;2;1
2026.06.15 12:00;3999.00000;4057.00000;3999.00000;4054.00000;22.06;24.70;17.76;41.48;28.31;1.911;SOFT_UP;1;63;2;1
2026.06.15 11:45;3999.00000;4010.00000;3995.00000;3999.00000;22.94;16.03;20.49;10.60;34.58;0.528;NEUTRE;0;29;1;1
2026.06.15 11:30;4014.00000;4025.00000;3993.00000;3999.00000;24.60;18.50;23.64;32.86;59.30;0.528;NEUTRE;0;29.5;1;1
2026.06.15 11:15;4038.00000;4041.00000;4013.00000;4014.00000;26.50;21.34;17.67;60.27;75.28;0.905;NEUTRE;0;44.7;1;1
2026.06.15 11:00;4033.00000;4043.00000;4021.00000;4040.00000;29.13;24.63;15.99;84.76;76.36;1.559;NEUTRE;0;60.2;2;1
2026.06.15 10:45;4042.00000;4049.00000;4034.00000;4035.00000;30.34;28.42;9.36;80.81;63.15;1.433;NEUTRE;0;58.7;2;1
2026.06.15 10:30;4012.00000;4044.00000;4012.00000;4042.00000;27.24;27.66;10.80;63.51;56.34;1.609;NEUTRE;0;62.1;2;1
2026.06.15 10:15;4021.00000;4030.00000;4010.00000;4013.00000;24.69;25.18;12.46;45.14;57.85;0.880;NEUTRE;0;46.6;2;1
2026.06.15 10:00;4012.00000;4024.00000;4004.00000;4020.00000;23.29;24.44;14.38;60.37;66.92;1.056;NEUTRE;0;52.4;2;1
2026.06.15 09:45;4007.00000;4012.00000;3987.00000;4012.00000;22.88;18.97;16.59;68.04;72.80;0.855;NEUTRE;0;47.2;2;1
2026.06.15 09:30;3998.00000;4014.00000;3998.00000;4007.00000;25.37;21.89;12.37;72.34;76.68;0.729;NEUTRE;0;43.4;1;1
2026.06.15 09:15;3990.00000;4009.00000;3977.00000;3998.00000;24.99;20.45;14.27;78.03;82.03;0.503;NEUTRE;0;33.8;1;1
2026.06.15 09:00;4054.00000;4078.00000;3986.00000;3990.00000;26.10;23.60;12.14;79.66;79.82;0.302;NEUTRE;0;22.5;0;1
2026.06.15 08:45;3978.00000;4076.00000;3975.00000;4054.00000;25.19;26.89;14.01;88.38;80.07;1.911;SOFT_UP;1;69.6;3;1
2026.06.12 17:15;3797.00000;3798.00000;3790.00000;3791.00000;24.22;16.02;16.17;71.43;73.01;2.211;SOFT_UP;1;57.6;2;1
2026.06.12 17:00;3797.00000;3799.00000;3793.00000;3797.00000;27.88;18.49;12.88;80.41;64.78;2.373;SOFT_UP;1;59.8;2;1
2026.06.12 16:45;3793.00000;3802.00000;3793.00000;3796.00000;29.42;21.33;14.87;67.18;49.99;2.346;SOFT_UP;1;59.9;2;1
2026.06.12 16:30;3788.00000;3801.00000;3787.00000;3793.00000;31.19;22.90;17.15;46.75;36.16;2.265;SOFT_UP;1;59.4;2;1
2026.06.12 16:15;3787.00000;3790.00000;3784.00000;3788.00000;33.78;14.34;19.79;36.06;28.45;2.130;SOFT_UP;1;58.2;2;1
2026.06.12 16:00;3791.00000;3793.00000;3782.00000;3787.00000;36.52;16.55;22.84;25.69;25.69;2.103;SOFT_UP;1;58.3;2;1
2026.06.12 15:45;3782.00000;3798.00000;3763.00000;3789.00000;39.69;19.09;26.35;23.62;34.88;2.157;SOFT_UP;1;59.3;2;1
2026.06.12 15:30;3794.00000;3796.00000;3776.00000;3782.00000;43.33;22.03;24.69;27.78;44.52;1.968;SOFT_UP;1;57.4;2;1
2026.06.12 15:15;3811.00000;3817.00000;3792.00000;3797.00000;49.12;25.42;16.77;53.25;47.29;2.373;SOFT_UP;1;62.4;2;1
2026.06.12 15:00;3829.00000;3840.00000;3809.00000;3811.00000;53.53;29.33;8.88;52.54;34.97;2.750;SOFT_UP;1;66.1;3;1
2026.06.12 14:45;3797.00000;3835.00000;3797.00000;3828.00000;53.53;31.36;10.25;36.07;21.84;3.208;SOFT_UP;1;69.5;3;1
2026.06.12 14:30;3786.00000;3800.00000;3782.00000;3800.00000;53.96;22.01;11.83;16.32;21.70;2.453;SOFT_UP;1;64.4;2;1
2026.06.12 14:15;3799.00000;3805.00000;3784.00000;3786.00000;57.63;25.40;11.94;13.14;37.70;2.076;SOFT_UP;1;60.9;2;1
2026.06.12 14:00;3806.00000;3823.00000;3788.00000;3799.00000;60.95;29.30;10.84;35.65;59.81;2.427;SOFT_UP;1;64.9;2;1
2026.06.12 13:45;3799.00000;3816.00000;3799.00000;3807.00000;63.25;33.81;7.67;64.31;78.31;2.642;SOFT_UP;1;67.1;3;1
2026.06.12 13:30;3840.00000;3848.00000;3798.00000;3799.00000;63.29;39.02;8.86;79.46;87.35;2.427;SOFT_UP;1;65.7;3;1
2026.06.12 13:15;3824.00000;3846.00000;3824.00000;3840.00000;63.34;45.02;2.22;91.15;89.84;3.532;SOFT_UP;1;73.1;3;1
2026.06.12 13:00;3817.00000;3837.00000;3817.00000;3824.00000;59.14;45.65;2.56;91.46;86.94;3.101;SOFT_UP;1;71.2;3;1
2026.06.12 12:45;3802.00000;3828.00000;3797.00000;3817.00000;54.49;45.75;2.95;86.90;79.28;2.912;SOFT_UP;1;70.4;3;1
2026.06.12 12:30;3745.00000;3804.00000;3743.00000;3801.00000;49.35;40.88;3.41;82.46;71.69;2.480;SOFT_UP;1;67.7;3;1
2026.06.12 12:15;3733.00000;3763.00000;3733.00000;3744.00000;43.93;36.83;3.93;68.47;62.88;0.944;NEUTRE;0;43.5;1;1
2026.06.12 12:00;3724.00000;3740.00000;3724.00000;3732.00000;38.27;31.08;4.54;64.13;58.62;0.620;NEUTRE;0;32.5;1;1
2026.06.12 11:45;3715.00000;3727.00000;3715.00000;3724.00000;32.69;23.36;5.23;56.04;61.49;0.404;NEUTRE;0;22.9;0;1
2026.06.12 11:30;3717.00000;3724.00000;3714.00000;3715.00000;27.97;23.11;6.04;55.70;67.34;0.162;NEUTRE;0;9.8;0;1
2026.06.12 11:15;3714.00000;3732.00000;3714.00000;3717.00000;23.27;26.66;6.97;72.73;69.82;0.216;NEUTRE;0;13.3;0;1
2026.06.12 11:00;3716.00000;3717.00000;3708.00000;3714.00000;17.84;17.94;8.04;73.58;59.72;0.135;NEUTRE;0;8.6;0;1
2026.06.12 10:45;3706.00000;3716.00000;3702.00000;3716.00000;14.72;18.99;9.28;63.16;47.35;0.189;NEUTRE;0;12.2;0;1
2026.06.12 10:30;3707.00000;3708.00000;3704.00000;3706.00000;11.70;13.12;10.71;42.42;34.49;-0.081;NEUTRE;0;-5.4;0;1
2026.06.12 10:15;3703.00000;3709.00000;3701.00000;3707.00000;11.94;15.14;12.35;36.46;28.91;-0.054;NEUTRE;0;-3.7;0;1
2026.06.12 10:00;3707.00000;3708.00000;3699.00000;3703.00000;12.21;15.55;14.25;24.59;22.32;-0.162;NEUTRE;0;-11.3;0;1
2026.06.12 09:45;3700.00000;3709.00000;3700.00000;3708.00000;13.42;17.94;14.74;25.69;23.10;-0.027;NEUTRE;0;-2;0;1
2026.06.12 09:30;3711.00000;3717.00000;3700.00000;3701.00000;13.98;20.70;17.00;16.67;25.75;-0.216;NEUTRE;0;-15.6;0;1
2026.06.12 09:15;3695.00000;3714.00000;3695.00000;3710.00000;14.62;21.17;19.62;26.95;37.84;0.027;NEUTRE;0;2.1;0;1
2026.06.12 09:00;3718.00000;3720.00000;3694.00000;3695.00000;16.29;24.43;22.64;33.63;44.33;-0.377;NEUTRE;0;-27.3;-1;1
2026.06.12 08:45;3709.00000;3742.00000;3706.00000;3718.00000;18.21;28.18;19.02;52.94;41.82;0.243;NEUTRE;0;18.9;0;1
2026.06.11 17:15;3705.00000;3717.00000;3704.00000;3713.00000;18.02;21.84;21.95;46.43;34.33;-1.013;NEUTRE;0;-35.9;-1;1
2026.06.11 17:00;3703.00000;3706.00000;3697.00000;3705.00000;20.76;12.18;25.32;26.09;28.46;-1.226;NEUTRE;0;-41.6;-1;1
2026.06.11 16:45;3707.00000;3707.00000;3701.00000;3703.00000;18.56;14.05;22.38;30.49;26.82;-1.280;NEUTRE;0;-43.3;-1;1
2026.06.11 16:30;3713.00000;3717.00000;3706.00000;3707.00000;17.89;16.21;13.00;28.81;23.73;-1.173;NEUTRE;0;-41.2;-1;1
2026.06.11 16:15;3710.00000;3717.00000;3707.00000;3714.00000;18.96;18.71;13.61;21.17;21.21;-0.986;NEUTRE;0;-36.8;-1;1
2026.06.11 16:00;3702.00000;3712.00000;3702.00000;3710.00000;19.44;13.89;15.70;21.21;26.00;-1.093;NEUTRE;0;-40.1;-1;1
2026.06.11 15:45;3711.00000;3715.00000;3701.00000;3702.00000;21.49;16.03;18.11;21.26;37.45;-1.306;NEUTRE;0;-45.6;-2;1
2026.06.11 15:30;3703.00000;3732.00000;3699.00000;3711.00000;23.86;18.50;20.90;35.52;56.11;-1.066;NEUTRE;0;-40.3;-1;1
2026.06.11 15:15;3722.00000;3723.00000;3703.00000;3703.00000;26.59;17.14;24.12;55.56;70.02;-1.280;NEUTRE;0;-45.9;-2;1
2026.06.11 15:00;3746.00000;3751.00000;3721.00000;3721.00000;28.09;19.78;13.98;77.24;62.50;-0.800;NEUTRE;0;-33.3;-1;1
2026.06.11 14:45;3715.00000;3748.00000;3707.00000;3746.00000;29.76;21.29;16.13;77.27;39.76;-0.133;NEUTRE;0;-6.3;0;1
2026.06.11 14:30;3694.00000;3716.00000;3690.00000;3715.00000;32.22;12.56;18.61;32.99;16.50;-0.960;NEUTRE;0;-39.2;-1;1
2026.06.11 14:15;3693.00000;3706.00000;3691.00000;3695.00000;34.19;8.57;21.48;9.02;8.63;-1.493;NEUTRE;0;-52.2;-2;1
2026.06.11 14:00;3698.00000;3704.00000;3691.00000;3694.00000;32.84;7.84;24.78;7.48;9.55;-1.520;NEUTRE;0;-53.2;-2;1
2026.06.11 13:45;3698.00000;3706.00000;3696.00000;3698.00000;29.90;9.04;22.67;9.40;13.56;-1.413;NEUTRE;0;-51.7;-2;1
2026.06.11 13:30;3704.00000;3712.00000;3694.00000;3698.00000;27.89;10.43;26.16;11.76;21.83;-1.413;NEUTRE;0;-52.2;-2;1
2026.06.11 13:15;3717.00000;3717.00000;3698.00000;3704.00000;25.57;12.04;26.77;19.51;28.10;-1.253;NEUTRE;0;-49.3;-2;1
2026.06.11 13:00;3725.00000;3736.00000;3714.00000;3717.00000;23.66;13.89;17.93;34.21;33.12;-0.906;NEUTRE;0;-40.6;-1;1
2026.06.11 12:45;3731.00000;3745.00000;3718.00000;3723.00000;25.35;16.03;17.89;30.58;34.07;-0.746;NEUTRE;0;-35.8;-1;1
2026.06.11 12:30;3715.00000;3735.00000;3712.00000;3732.00000;28.40;12.80;20.65;34.56;39.81;-0.507;NEUTRE;0;-26.5;-1;1
2026.06.11 12:15;3732.00000;3732.00000;3711.00000;3715.00000;29.16;12.76;23.82;37.09;47.07;-0.960;NEUTRE;0;-44;-1;1
2026.06.11 12:00;3740.00000;3749.00000;3717.00000;3732.00000;28.99;14.72;23.09;47.80;57.63;-0.507;NEUTRE;0;-27.5;-1;1
2026.06.11 11:45;3733.00000;3742.00000;3728.00000;3740.00000;30.04;16.98;21.36;56.32;66.51;-0.293;NEUTRE;0;-17.1;0;1
2026.06.11 11:30;3739.00000;3739.00000;3719.00000;3734.00000;32.91;16.30;24.64;68.78;71.54;-0.453;NEUTRE;0;-25.9;-1;1
2026.06.11 11:15;3756.00000;3756.00000;3725.00000;3739.00000;34.84;18.81;23.82;74.42;63.08;-0.320;NEUTRE;0;-19.3;0;1
2026.06.11 11:00;3716.00000;3763.00000;3710.00000;3757.00000;38.39;21.70;27.48;71.43;47.05;0.160;NEUTRE;0;10.2;0;1
2026.06.11 10:45;3720.00000;3724.00000;3710.00000;3717.00000;42.49;13.72;31.71;43.40;27.01;-0.906;NEUTRE;0;-46.1;-2;1
2026.06.11 10:30;3716.00000;3731.00000;3710.00000;3721.00000;42.94;15.83;36.59;26.32;13.21;-0.800;NEUTRE;0;-43.2;-1;1
2026.06.11 10:15;3706.00000;3716.00000;3695.00000;3716.00000;43.45;7.28;42.22;11.32;6.19;-0.933;NEUTRE;0;-48.3;-2;1
2026.06.11 10:00;3719.00000;3719.00000;3704.00000;3707.00000;39.28;8.40;42.12;1.99;8.16;-1.173;NEUTRE;0;-55.3;-2;1
2026.06.11 09:45;3730.00000;3731.00000;3719.00000;3719.00000;35.05;9.69;33.21;5.26;18.41;-0.853;NEUTRE;0;-47.1;-2;1
2026.06.11 09:30;3744.00000;3745.00000;3729.00000;3730.00000;32.01;11.18;25.50;17.24;28.85;-0.560;NEUTRE;0;-36;-1;1
2026.06.11 09:15;3756.00000;3768.00000;3738.00000;3744.00000;30.92;12.90;20.77;32.74;33.65;-0.187;NEUTRE;0;-14;0;1
2026.06.11 09:00;3761.00000;3771.00000;3750.00000;3755.00000;32.08;14.88;17.81;36.57;28.87;0.107;NEUTRE;0;8.3;0;1
2026.06.11 08:45;3751.00000;3791.00000;3749.00000;3761.00000;35.64;17.17;20.55;31.63;24.24;0.267;NEUTRE;0;20.6;0;1
2026.06.10 17:15;3739.00000;3744.00000;3735.00000;3738.00000;39.75;6.17;23.71;18.42;22.03;-1.242;NEUTRE;0;-41.6;-1;1
2026.06.10 17:00;3746.00000;3748.00000;3738.00000;3739.00000;36.83;7.12;22.23;22.68;21.91;-1.215;NEUTRE;0;-41.4;-1;1
2026.06.10 16:45;3752.00000;3752.00000;3737.00000;3746.00000;34.58;8.22;25.65;25.00;18.49;-1.030;NEUTRE;0;-37.1;-1;1
2026.06.10 16:30;3751.00000;3755.00000;3747.00000;3752.00000;31.98;9.48;19.34;18.05;13.76;-0.872;NEUTRE;0;-33.1;-1;1
2026.06.10 16:15;3744.00000;3757.00000;3743.00000;3751.00000;31.64;10.94;22.32;12.41;11.28;-0.898;NEUTRE;0;-34.2;-1;1
2026.06.10 16:00;3746.00000;3755.00000;3743.00000;3744.00000;31.24;10.43;25.75;10.81;10.37;-1.083;NEUTRE;0;-39.8;-1;1
2026.06.10 15:45;3763.00000;3771.00000;3741.00000;3746.00000;29.53;12.03;29.72;10.61;10.79;-1.030;NEUTRE;0;-38.8;-1;1
2026.06.10 15:30;3761.00000;3784.00000;3761.00000;3763.00000;27.56;13.88;24.03;9.69;11.98;-0.581;NEUTRE;0;-24.8;0;1
2026.06.10 15:15;3766.00000;3775.00000;3755.00000;3761.00000;27.68;10.00;27.73;12.07;14.19;-0.634;NEUTRE;0;-27.1;-1;1
2026.06.10 15:00;3784.00000;3788.00000;3761.00000;3766.00000;24.70;11.53;27.38;14.17;16.47;-0.502;NEUTRE;0;-22.4;0;1
2026.06.10 14:45;3780.00000;3796.00000;3773.00000;3784.00000;22.24;13.31;24.75;16.33;18.57;-0.026;NEUTRE;0;-1.2;0;1
2026.06.10 14:30;3801.00000;3801.00000;3767.00000;3780.00000;21.04;15.36;28.56;18.91;25.53;-0.132;NEUTRE;0;-6.4;0;1
2026.06.10 14:15;3820.00000;3833.00000;3792.00000;3803.00000;19.65;17.72;22.27;20.48;39.31;0.476;NEUTRE;0;22.4;0;1
2026.06.10 14:00;3814.00000;3828.00000;3799.00000;3820.00000;20.92;20.45;23.07;37.22;59.93;0.925;NEUTRE;0;39.1;1;1
2026.06.10 13:45;3830.00000;3849.00000;3809.00000;3814.00000;23.21;23.59;21.32;60.23;77.56;0.766;NEUTRE;0;34.5;1;1
2026.06.10 13:30;3857.00000;3860.00000;3824.00000;3830.00000;26.00;27.22;18.83;82.33;87.89;1.189;NEUTRE;0;47.3;2;1
2026.06.10 13:15;3852.00000;3868.00000;3843.00000;3857.00000;27.19;31.41;13.60;90.11;84.82;1.902;SOFT_UP;1;60.5;2;1
2026.06.10 13:00;3838.00000;3852.00000;3822.00000;3851.00000;25.29;26.39;15.70;91.23;68.82;1.744;NEUTRE;0;58.8;2;1
2026.06.10 12:45;3808.00000;3852.00000;3803.00000;3836.00000;25.27;30.45;18.11;73.12;44.82;1.347;NEUTRE;0;52.5;2;1
2026.06.10 12:30;3779.00000;3813.00000;3779.00000;3810.00000;25.25;22.89;20.90;42.11;23.86;0.661;NEUTRE;0;33.1;1;1
2026.06.10 12:15;3774.00000;3781.00000;3763.00000;3779.00000;28.43;11.94;24.11;19.23;14.69;-0.159;NEUTRE;0;-9.1;0;1
2026.06.10 12:00;3789.00000;3802.00000;3772.00000;3773.00000;27.61;13.77;20.13;10.26;15.71;-0.317;NEUTRE;0;-18;0;1
2026.06.10 11:45;3783.00000;3795.00000;3777.00000;3790.00000;28.97;12.30;23.23;14.58;26.14;0.132;NEUTRE;0;7.9;0;1
2026.06.10 11:30;3794.00000;3798.00000;3784.00000;3786.00000;28.70;14.20;20.82;22.30;42.78;0.026;NEUTRE;0;1.6;0;1
2026.06.10 11:15;3805.00000;3810.00000;3790.00000;3794.00000;30.21;16.38;17.43;41.55;60.03;0.238;NEUTRE;0;14.6;0;1
2026.06.10 11:00;3813.00000;3827.00000;3800.00000;3805.00000;34.38;18.90;12.42;64.50;73.40;0.528;NEUTRE;0;30.6;1;1
2026.06.10 10:45;3797.00000;3831.00000;3793.00000;3811.00000;36.48;21.81;14.33;74.05;80.45;0.687;NEUTRE;0;38.2;1;1
2026.06.10 10:30;3791.00000;3810.00000;3788.00000;3796.00000;38.91;16.66;16.53;81.64;85.16;0.291;NEUTRE;0;18.8;0;1
2026.06.10 10:15;3795.00000;3799.00000;3788.00000;3791.00000;44.84;11.53;19.08;85.65;80.85;0.159;NEUTRE;0;10.8;0;1
2026.06.10 10:00;3799.00000;3805.00000;3782.00000;3795.00000;47.94;13.31;22.01;88.18;68.11;0.264;NEUTRE;0;18;0;1
2026.06.10 09:45;3799.00000;3805.00000;3781.00000;3799.00000;51.53;15.35;25.40;68.72;45.63;0.370;NEUTRE;0;25;1;1
2026.06.10 09:30;3756.00000;3802.00000;3740.00000;3799.00000;55.66;15.79;29.31;47.44;31.38;0.370;NEUTRE;0;25.6;1;1
2026.06.10 09:15;3754.00000;3762.00000;3751.00000;3757.00000;59.62;8.30;33.81;20.72;25.39;-0.740;NEUTRE;0;-44.6;-1;1
2026.06.10 09:00;3750.00000;3758.00000;3733.00000;3754.00000;59.46;3.98;39.02;25.99;33.73;-0.819;NEUTRE;0;-48.3;-2;1
2026.06.10 08:45;3785.00000;3798.00000;3748.00000;3749.00000;56.07;4.59;35.79;29.45;35.14;-0.951;NEUTRE;0;-53.2;-2;1
2026.06.09 17:15;3800.00000;3809.00000;3800.00000;3804.00000;52.81;5.30;27.01;45.75;32.56;-0.288;NEUTRE;0;-11.6;0;1
2026.06.09 17:00;3808.00000;3812.00000;3787.00000;3798.00000;50.60;6.11;31.16;30.21;24.52;-0.446;NEUTRE;0;-17.9;0;1
2026.06.09 16:45;3795.00000;3812.00000;3795.00000;3808.00000;48.04;7.05;31.03;21.72;28.76;-0.183;NEUTRE;0;-7.7;0;1
2026.06.09 16:30;3802.00000;3812.00000;3780.00000;3792.00000;45.75;8.14;35.81;21.65;44.22;-0.603;NEUTRE;0;-24.2;0;1
2026.06.09 16:15;3813.00000;3814.00000;3799.00000;3802.00000;43.10;9.39;32.18;42.93;61.71;-0.341;NEUTRE;0;-14.5;0;1
2026.06.09 16:00;3827.00000;3828.00000;3811.00000;3813.00000;41.29;10.83;24.83;68.09;70.55;-0.052;NEUTRE;0;-2.3;0;1
2026.06.09 15:45;3845.00000;3851.00000;3809.00000;3827.00000;41.61;12.50;28.65;74.13;62.94;0.315;NEUTRE;0;13.8;0;1
2026.06.09 15:30;3828.00000;3853.00000;3824.00000;3844.00000;41.97;14.42;27.56;69.42;47.72;0.760;NEUTRE;0;31.1;1;1
2026.06.09 15:15;3827.00000;3853.00000;3817.00000;3828.00000;43.61;16.64;31.80;45.28;28.17;0.341;NEUTRE;0;15.4;0;1
2026.06.09 15:00;3790.00000;3832.00000;3786.00000;3828.00000;45.50;10.23;36.69;28.47;20.28;0.341;NEUTRE;0;15.6;0;1
2026.06.09 14:45;3812.00000;3817.00000;3769.00000;3790.00000;43.83;6.78;42.34;10.78;26.44;-0.655;NEUTRE;0;-28.7;-1;1
2026.06.09 14:30;3837.00000;3837.00000;3810.00000;3812.00000;39.43;7.82;35.71;21.59;43.14;-0.079;NEUTRE;0;-3.8;0;1
2026.06.09 14:15;3854.00000;3860.00000;3835.00000;3837.00000;35.64;9.03;26.96;46.95;52.92;0.577;NEUTRE;0;26.5;1;1
2026.06.09 14:00;3864.00000;3872.00000;3859.00000;3859.00000;33.46;10.42;16.34;60.87;50.34;1.153;NEUTRE;0;45.4;2;1
2026.06.09 13:45;3862.00000;3882.00000;3855.00000;3866.00000;35.21;12.02;18.85;50.93;38.76;1.337;NEUTRE;0;50.1;2;1
2026.06.09 13:30;3856.00000;3867.00000;3848.00000;3862.00000;37.22;5.32;21.75;39.22;28.20;1.232;NEUTRE;0;48.3;2;1
2026.06.09 13:15;3858.00000;3866.00000;3846.00000;3856.00000;33.61;5.33;25.10;26.12;21.11;1.075;NEUTRE;0;45;1;1
2026.06.09 13:00;3861.00000;3866.00000;3825.00000;3857.00000;28.79;6.15;28.96;19.26;21.24;1.101;NEUTRE;0;46.2;2;1
2026.06.09 12:45;3878.00000;3885.00000;3852.00000;3859.00000;23.23;7.10;23.28;17.96;25.78;1.153;NEUTRE;0;48.1;2;1
2026.06.09 12:30;3890.00000;3892.00000;3875.00000;3878.00000;18.61;8.19;16.14;26.51;35.27;1.651;NEUTRE;0;58.4;2;1
2026.06.09 12:15;3908.00000;3912.00000;3870.00000;3892.00000;16.44;9.45;18.62;32.87;45.73;2.018;SOFT_UP;1;63.8;2;1
2026.06.09 12:00;3905.00000;3926.00000;3902.00000;3907.00000;13.95;10.91;9.77;46.43;57.29;2.412;SOFT_UP;1;68;3;1
2026.06.09 11:45;3928.00000;3932.00000;3893.00000;3904.00000;15.24;12.58;11.27;57.89;64.17;2.333;SOFT_UP;1;67.8;3;1
2026.06.09 11:30;3918.00000;3933.00000;3906.00000;3928.00000;16.74;14.52;7.87;67.53;68.58;2.962;SOFT_UP;1;72.5;3;1
2026.06.09 11:15;3909.00000;3924.00000;3907.00000;3918.00000;14.75;11.62;9.08;67.09;67.30;2.700;SOFT_UP;1;71.3;3;1
2026.06.09 11:00;3917.00000;3923.00000;3908.00000;3909.00000;15.13;13.41;10.48;71.11;62.92;2.464;SOFT_UP;1;70.1;3;1
2026.06.09 10:45;3917.00000;3922.00000;3907.00000;3917.00000;15.58;14.45;12.09;63.71;58.25;2.674;SOFT_UP;1;71.9;3;1
2026.06.09 10:30;3912.00000;3923.00000;3901.00000;3917.00000;16.61;16.67;13.96;53.95;58.78;2.674;SOFT_UP;1;72.3;3;1
2026.06.09 10:15;3920.00000;3923.00000;3904.00000;3912.00000;17.80;19.24;14.00;57.09;63.98;2.543;SOFT_UP;1;71.9;3;1
2026.06.09 10:00;3906.00000;3921.00000;3903.00000;3920.00000;18.11;20.58;16.16;65.31;71.04;2.752;SOFT_UP;1;73.6;3;1
2026.06.09 09:45;3909.00000;3913.00000;3889.00000;3906.00000;19.05;16.91;18.64;69.56;77.96;2.385;SOFT_UP;1;71.6;3;1
2026.06.09 09:30;3909.00000;3913.00000;3897.00000;3908.00000;21.23;19.51;16.39;78.26;85.51;2.438;SOFT_UP;1;72.4;3;1
2026.06.09 09:15;3941.00000;3945.00000;3899.00000;3909.00000;23.15;22.51;16.98;86.08;86.59;2.464;SOFT_UP;1;73;3;1
2026.06.09 09:00;3935.00000;3951.00000;3918.00000;3941.00000;24.56;25.97;13.24;92.18;69.59;3.303;SOFT_UP;1;77.5;3;1
2026.06.09 08:45;3815.00000;3942.00000;3815.00000;3934.00000;23.35;25.77;15.28;81.52;44.98;3.119;SOFT_UP;1;77.2;3;1
2026.06.08 17:15;3806.00000;3822.00000;3806.00000;3819.00000;23.01;15.20;17.63;35.06;25.65;-1.241;NEUTRE;0;-41.5;-1;1
2026.06.08 17:00;3811.00000;3811.00000;3805.00000;3806.00000;25.41;6.96;20.34;18.37;25.24;-1.577;NEUTRE;0;-48.8;-2;1
2026.06.08 16:45;3810.00000;3817.00000;3807.00000;3811.00000;21.78;8.03;18.34;23.53;34.49;-1.448;NEUTRE;0;-46.8;-2;1
2026.06.08 16:30;3815.00000;3818.00000;3803.00000;3810.00000;19.11;9.27;21.16;33.83;45.42;-1.474;NEUTRE;0;-47.7;-2;1
2026.06.08 16:15;3825.00000;3825.00000;3813.00000;3815.00000;16.04;10.70;14.16;46.10;56.72;-1.345;NEUTRE;0;-45.5;-2;1
2026.06.08 16:00;3815.00000;3826.00000;3813.00000;3825.00000;16.37;12.34;16.34;56.32;63.92;-1.086;NEUTRE;0;-39.9;-1;1
2026.06.08 15:45;3822.00000;3835.00000;3806.00000;3815.00000;16.74;14.24;18.86;67.74;63.42;-1.345;NEUTRE;0;-46.4;-2;1
2026.06.08 15:30;3834.00000;3846.00000;3818.00000;3822.00000;17.17;16.43;15.39;67.71;51.85;-1.164;NEUTRE;0;-42.8;-1;1
2026.06.08 15:15;3819.00000;3840.00000;3802.00000;3835.00000;19.30;15.66;17.76;54.81;36.79;-0.828;NEUTRE;0;-33.8;-1;1
2026.06.08 15:00;3806.00000;3824.00000;3800.00000;3819.00000;21.31;11.59;20.49;33.03;24.56;-1.241;NEUTRE;0;-45.5;-2;1
2026.06.08 14:45;3813.00000;3819.00000;3782.00000;3806.00000;20.32;10.17;23.64;22.52;21.30;-1.577;NEUTRE;0;-52.8;-2;1
2026.06.08 14:30;3814.00000;3837.00000;3806.00000;3813.00000;17.32;11.74;17.30;18.13;26.60;-1.396;NEUTRE;0;-49.9;-2;1
2026.06.08 14:15;3830.00000;3835.00000;3801.00000;3815.00000;17.03;12.55;19.96;23.26;38.02;-1.345;NEUTRE;0;-49.3;-2;1
2026.06.08 14:00;3839.00000;3852.00000;3821.00000;3830.00000;16.15;14.48;13.98;38.41;52.27;-0.957;NEUTRE;0;-40.1;-1;1
2026.06.08 13:45;3852.00000;3862.00000;3838.00000;3839.00000;18.36;16.71;7.70;52.38;61.83;-0.724;NEUTRE;0;-33;-1;1
2026.06.08 13:30;3829.00000;3872.00000;3826.00000;3854.00000;15.51;19.28;8.88;66.03;67.95;-0.336;NEUTRE;0;-17;0;1
2026.06.08 13:15;3833.00000;3850.00000;3824.00000;3831.00000;12.22;14.89;10.25;67.08;70.24;-0.931;NEUTRE;0;-40.9;-1;1
2026.06.08 13:00;3827.00000;3849.00000;3824.00000;3833.00000;11.26;16.59;11.83;70.73;69.03;-0.879;NEUTRE;0;-39.8;-1;1
2026.06.08 12:45;3826.00000;3845.00000;3822.00000;3827.00000;10.42;16.68;13.65;72.90;64.92;-1.034;NEUTRE;0;-45;-1;1
2026.06.08 12:30;3826.00000;3839.00000;3822.00000;3826.00000;10.48;15.23;15.75;63.45;57.12;-1.060;NEUTRE;0;-46.2;-2;1
2026.06.08 12:15;3806.00000;3840.00000;3803.00000;3830.00000;11.84;17.57;18.17;58.40;52.47;-0.957;NEUTRE;0;-43.9;-1;1
2026.06.08 12:00;3822.00000;3831.00000;3790.00000;3806.00000;13.40;16.53;20.96;49.51;42.96;-1.577;NEUTRE;0;-58.3;-2;1
2026.06.08 11:45;3822.00000;3835.00000;3814.00000;3822.00000;13.64;19.07;15.18;49.49;33.67;-1.164;NEUTRE;0;-50.7;-2;1
2026.06.08 11:30;3818.00000;3825.00000;3805.00000;3822.00000;13.99;14.68;17.52;29.88;21.62;-1.164;NEUTRE;0;-51.3;-2;1
2026.06.08 11:15;3821.00000;3830.00000;3805.00000;3818.00000;14.79;16.94;20.22;21.65;15.31;-1.267;NEUTRE;0;-54.2;-2;1
2026.06.08 11:00;3824.00000;3831.00000;3816.00000;3821.00000;15.71;19.55;16.56;13.33;12.20;-1.190;NEUTRE;0;-53.1;-2;1
2026.06.08 10:45;3808.00000;3832.00000;3805.00000;3823.00000;16.85;22.55;19.10;10.95;21.28;-1.138;NEUTRE;0;-52.5;-2;1
2026.06.08 10:30;3816.00000;3821.00000;3804.00000;3806.00000;18.17;19.76;22.04;12.31;39.81;-1.577;NEUTRE;0;-61.6;-2;1
2026.06.08 10:15;3841.00000;3845.00000;3806.00000;3816.00000;20.12;22.80;23.62;40.56;60.53;-1.319;NEUTRE;0;-57.7;-2;1
2026.06.08 10:00;3889.00000;3899.00000;3832.00000;3840.00000;22.94;26.30;17.00;66.56;72.02;-0.698;NEUTRE;0;-40.7;-1;1
2026.06.08 09:45;3851.00000;3895.00000;3851.00000;3889.00000;23.17;30.35;15.26;74.46;77.28;0.569;NEUTRE;0;35.7;1;1
2026.06.08 09:30;3837.00000;3852.00000;3831.00000;3851.00000;21.64;19.98;17.60;75.05;82.64;-0.414;NEUTRE;0;-28.2;-1;1
2026.06.08 09:15;3864.00000;3870.00000;3819.00000;3837.00000;24.00;23.06;20.31;82.34;88.40;-0.776;NEUTRE;0;-45.9;-2;1
2026.06.08 09:00;3884.00000;3894.00000;3854.00000;3866.00000;26.72;26.61;12.88;90.54;76.13;-0.026;NEUTRE;0;-2;0;1
2026.06.08 08:45;3867.00000;3892.00000;3846.00000;3885.00000;25.48;29.93;14.86;92.31;52.78;0.465;NEUTRE;0;33.2;1;1
2026.06.05 17:15;3732.00000;3738.00000;3727.00000;3738.00000;24.22;19.15;17.14;45.54;25.33;-4.764;STRONG_DOWN;-2;-73.6;-3;1
2026.06.05 17:00;3726.00000;3734.00000;3722.00000;3732.00000;27.09;16.50;19.78;20.48;12.04;-4.917;STRONG_DOWN;-2;-74.3;-3;1
2026.06.05 16:45;3726.00000;3728.00000;3720.00000;3727.00000;29.87;11.35;22.83;9.95;7.37;-5.045;STRONG_DOWN;-2;-74.9;-3;1
2026.06.05 16:30;3726.00000;3728.00000;3717.00000;3726.00000;29.30;13.09;26.34;5.69;11.20;-5.070;STRONG_DOWN;-2;-75.2;-3;1
2026.06.05 16:15;3725.00000;3730.00000;3723.00000;3726.00000;28.64;15.11;22.00;6.47;26.30;-5.070;STRONG_DOWN;-2;-75.4;-3;1
2026.06.05 16:00;3741.00000;3742.00000;3723.00000;3725.00000;30.19;17.43;25.38;21.43;49.53;-5.096;STRONG_DOWN;-2;-75.7;-3;1
2026.06.05 15:45;3767.00000;3772.00000;3734.00000;3741.00000;31.98;20.12;20.38;51.00;68.19;-4.688;STRONG_DOWN;-2;-74.7;-3;1
2026.06.05 15:30;3785.00000;3803.00000;3755.00000;3767.00000;36.80;23.21;15.01;76.16;69.81;-4.025;STRONG_DOWN;-2;-72.6;-3;1
2026.06.05 15:15;3767.00000;3785.00000;3748.00000;3785.00000;39.16;21.01;17.32;77.40;58.81;-3.567;SOFT_DOWN;-1;-70.9;-3;1
2026.06.05 15:00;3741.00000;3768.00000;3731.00000;3766.00000;43.71;17.18;19.99;55.88;44.06;-4.051;STRONG_DOWN;-2;-73.3;-3;1
2026.06.05 14:45;3745.00000;3745.00000;3732.00000;3743.00000;49.27;10.25;23.06;43.14;32.16;-4.637;STRONG_DOWN;-2;-75.5;-3;1
2026.06.05 14:30;3753.00000;3771.00000;3738.00000;3744.00000;50.93;11.83;19.51;33.16;22.71;-4.611;STRONG_DOWN;-2;-75.7;-3;1
2026.06.05 14:15;3741.00000;3770.00000;3729.00000;3754.00000;55.00;13.19;22.51;20.17;16.08;-4.357;STRONG_DOWN;-2;-75.1;-3;1
2026.06.05 14:00;3727.00000;3744.00000;3727.00000;3741.00000;59.44;5.46;25.98;14.79;16.18;-4.688;STRONG_DOWN;-2;-76.4;-3;1
2026.06.05 13:45;3746.00000;3753.00000;3725.00000;3727.00000;58.55;6.30;29.97;13.28;18.90;-5.045;STRONG_DOWN;-2;-77.5;-3;1
2026.06.05 13:30;3751.00000;3753.00000;3726.00000;3746.00000;57.51;7.27;34.03;20.49;24.12;-4.561;STRONG_DOWN;-2;-76.5;-3;1
2026.06.05 13:15;3783.00000;3786.00000;3741.00000;3751.00000;56.39;8.39;30.72;22.94;27.70;-4.433;STRONG_DOWN;-2;-76.4;-3;1
2026.06.05 13:00;3786.00000;3811.00000;3779.00000;3782.00000;56.28;9.68;22.46;28.93;28.62;-3.643;SOFT_DOWN;-1;-73.8;-3;1
2026.06.05 12:45;3788.00000;3795.00000;3778.00000;3787.00000;58.82;3.47;25.91;31.21;25.50;-3.516;SOFT_DOWN;-1;-73.6;-3;1
2026.06.05 12:30;3793.00000;3804.00000;3770.00000;3787.00000;56.12;4.01;29.90;25.71;19.34;-3.516;SOFT_DOWN;-1;-73.9;-3;1
2026.06.05 12:15;3799.00000;3800.00000;3779.00000;3793.00000;53.01;4.62;30.43;19.58;12.59;-3.363;SOFT_DOWN;-1;-73.5;-3;1
2026.06.05 12:00;3809.00000;3820.00000;3773.00000;3799.00000;49.83;5.34;35.11;12.72;7.53;-3.210;SOFT_DOWN;-1;-73.1;-3;1
2026.06.05 11:45;3806.00000;3820.00000;3803.00000;3809.00000;46.18;6.16;30.69;5.47;5.91;-2.955;SOFT_DOWN;-1;-72.1;-3;1
2026.06.05 11:30;3820.00000;3829.00000;3799.00000;3806.00000;43.04;7.10;35.41;4.42;10.03;-3.032;SOFT_DOWN;-1;-72.9;-3;1
2026.06.05 11:15;3829.00000;3837.00000;3820.00000;3820.00000;39.42;8.20;30.09;7.86;18.40;-2.675;SOFT_DOWN;-1;-71.1;-3;1
2026.06.05 11:00;3890.00000;3895.00000;3821.00000;3828.00000;36.68;9.46;33.81;17.80;25.34;-2.471;SOFT_DOWN;-1;-70.1;-3;1
2026.06.05 10:45;3899.00000;3899.00000;3889.00000;3890.00000;33.67;10.91;24.88;29.54;28.86;-0.892;NEUTRE;0;-45.6;-2;1
2026.06.05 10:30;3905.00000;3915.00000;3894.00000;3900.00000;32.84;12.59;21.71;28.69;30.91;-0.637;NEUTRE;0;-36.8;-1;1
2026.06.05 10:15;3888.00000;3908.00000;3887.00000;3905.00000;33.81;9.40;25.05;28.37;40.29;-0.510;NEUTRE;0;-31.5;-1;1
2026.06.05 10:00;3920.00000;3927.00000;3875.00000;3888.00000;32.02;10.85;28.90;35.67;56.24;-0.943;NEUTRE;0;-49.3;-2;1
2026.06.05 09:45;3937.00000;3954.00000;3918.00000;3920.00000;29.95;12.51;20.63;56.82;64.18;-0.127;NEUTRE;0;-9.1;0;1
2026.06.05 09:30;3927.00000;3946.00000;3919.00000;3936.00000;30.80;11.02;23.80;76.23;60.60;0.280;NEUTRE;0;19.9;0;1
2026.06.05 09:15;3937.00000;3944.00000;3926.00000;3931.00000;29.89;12.72;23.47;59.50;42.82;0.153;NEUTRE;0;11.5;0;1
2026.06.05 09:00;3916.00000;3944.00000;3911.00000;3938.00000;29.91;14.67;27.08;46.08;27.97;0.331;NEUTRE;0;24.4;0;1
2026.06.05 08:45;3925.00000;3927.00000;3904.00000;3915.00000;29.94;9.00;31.25;22.89;17.90;-0.255;NEUTRE;0;-19.7;0;1
2026.06.04 17:15;3929.00000;3932.00000;3924.00000;3926.00000;26.05;10.39;22.68;14.94;14.84;-1.948;SOFT_DOWN;-1;-54.3;-2;1
2026.06.04 17:00;3929.00000;3932.00000;3926.00000;3930.00000;24.34;11.99;22.33;15.87;13.00;-1.848;NEUTRE;0;-53.2;-2;1
2026.06.04 16:45;3934.00000;3937.00000;3929.00000;3929.00000;23.45;13.83;18.07;13.71;9.81;-1.873;SOFT_DOWN;-1;-54;-2;1
2026.06.04 16:30;3935.00000;3945.00000;3929.00000;3933.00000;25.01;15.96;20.85;9.41;6.33;-1.773;NEUTRE;0;-52.9;-2;1
2026.06.04 16:15;3924.00000;3939.00000;3924.00000;3934.00000;26.82;12.65;24.05;6.31;11.01;-1.748;NEUTRE;0;-52.9;-2;1
2026.06.04 16:00;3935.00000;3935.00000;3924.00000;3924.00000;26.16;10.49;27.76;3.26;25.88;-1.998;SOFT_DOWN;-1;-57;-2;1
2026.06.04 15:45;3951.00000;3969.00000;3932.00000;3935.00000;23.24;12.10;20.84;23.46;47.79;-1.723;NEUTRE;0;-53.4;-2;1
2026.06.04 15:30;3978.00000;3984.00000;3948.00000;3951.00000;22.74;13.97;17.39;50.91;64.21;-1.324;NEUTRE;0;-46.4;-2;1
2026.06.04 15:15;3978.00000;3994.00000;3973.00000;3978.00000;24.55;16.12;9.38;69.01;74.07;-0.649;NEUTRE;0;-27.7;-1;1
2026.06.04 15:00;3966.00000;3996.00000;3961.00000;3978.00000;24.27;18.59;10.82;72.73;77.92;-0.649;NEUTRE;0;-28;-1;1
2026.06.04 14:45;3970.00000;3976.00000;3958.00000;3966.00000;23.94;12.66;12.49;80.49;78.03;-0.949;NEUTRE;0;-38.4;-1;1
2026.06.04 14:30;3982.00000;3982.00000;3959.00000;3970.00000;27.51;14.61;13.56;80.54;75.98;-0.849;NEUTRE;0;-35.8;-1;1
2026.06.04 14:15;3952.00000;3983.00000;3946.00000;3981.00000;31.17;16.86;15.64;73.08;73.59;-0.574;NEUTRE;0;-26.4;-1;1
2026.06.04 14:00;3941.00000;3958.00000;3929.00000;3952.00000;35.39;9.06;18.05;74.32;73.81;-1.299;NEUTRE;0;-48.8;-2;1
2026.06.04 13:45;3962.00000;3966.00000;3938.00000;3940.00000;35.73;10.45;16.05;73.36;69.23;-1.598;NEUTRE;0;-55.1;-2;1
2026.06.04 13:30;3944.00000;3962.00000;3928.00000;3962.00000;37.98;9.86;18.52;73.75;60.28;-1.049;NEUTRE;0;-43.7;-1;1
2026.06.04 13:15;3945.00000;3963.00000;3932.00000;3944.00000;39.13;11.38;19.56;60.58;47.75;-1.499;NEUTRE;0;-54.3;-2;1
2026.06.04 13:00;3939.00000;3951.00000;3927.00000;3946.00000;41.08;7.18;22.57;46.50;34.41;-1.449;NEUTRE;0;-53.9;-2;1
2026.06.04 12:45;3911.00000;3948.00000;3904.00000;3937.00000;39.44;6.36;26.04;36.15;24.46;-1.673;NEUTRE;0;-58.2;-2;1
2026.06.04 12:30;3966.00000;3969.00000;3887.00000;3911.00000;36.16;7.33;30.05;20.56;16.91;-2.323;SOFT_DOWN;-1;-66.4;-3;1
2026.06.04 12:15;3957.00000;3972.00000;3948.00000;3968.00000;32.38;8.46;23.22;16.67;13.81;-0.899;NEUTRE;0;-42.1;-1;1
2026.06.04 12:00;3973.00000;3979.00000;3950.00000;3957.00000;30.20;9.77;25.51;13.49;11.77;-1.174;NEUTRE;0;-50.3;-2;1
2026.06.04 11:45;3978.00000;3984.00000;3963.00000;3973.00000;27.97;11.27;22.54;11.28;12.04;-0.774;NEUTRE;0;-39;-1;1
2026.06.04 11:30;3967.00000;3978.00000;3962.00000;3978.00000;27.15;8.61;26.01;10.55;15.47;-0.649;NEUTRE;0;-34.8;-1;1
2026.06.04 11:15;4003.00000;4014.00000;3965.00000;3967.00000;23.59;9.93;27.13;14.29;25.20;-0.924;NEUTRE;0;-45.3;-2;1
2026.06.04 11:00;4031.00000;4035.00000;3998.00000;4005.00000;20.08;11.46;20.94;21.57;38.60;0.025;NEUTRE;0;1.6;0;1
2026.06.04 10:45;4020.00000;4039.00000;4015.00000;4031.00000;18.66;13.22;17.09;39.74;54.46;0.674;NEUTRE;0;37.7;1;1
2026.06.04 10:30;4044.00000;4052.00000;4016.00000;4021.00000;19.57;15.25;19.08;54.50;65.34;0.425;NEUTRE;0;26.5;1;1
2026.06.04 10:15;4034.00000;4055.00000;4023.00000;4047.00000;20.87;17.60;19.02;69.13;74.18;1.074;NEUTRE;0;52.2;2;1
2026.06.04 10:00;4031.00000;4045.00000;4024.00000;4034.00000;23.48;15.50;21.95;72.39;79.97;0.749;NEUTRE;0;42.7;1;1
2026.06.04 09:45;4037.00000;4042.00000;4013.00000;4031.00000;24.44;15.69;25.33;81.03;78.34;0.674;NEUTRE;0;40.4;1;1
2026.06.04 09:30;4061.00000;4067.00000;4026.00000;4036.00000;24.58;18.10;22.33;86.49;67.34;0.799;NEUTRE;0;46;2;1
2026.06.04 09:15;4033.00000;4068.00000;4030.00000;4063.00000;26.76;20.89;24.26;67.51;43.90;1.474;NEUTRE;0;63;2;1
2026.06.04 09:00;3955.00000;4038.00000;3955.00000;4035.00000;29.72;11.95;28.00;48.02;27.55;0.774;NEUTRE;0;46.6;2;1
2026.06.04 08:45;4004.00000;4019.00000;3938.00000;3955.00000;28.12;10.27;32.30;16.18;16.69;-1.224;NEUTRE;0;-59.9;-2;1
2026.06.03 17:15;4033.00000;4046.00000;4030.00000;4036.00000;24.48;11.85;22.83;18.45;17.52;-1.272;NEUTRE;0;-42.2;-1;1
2026.06.03 17:00;4042.00000;4042.00000;4029.00000;4033.00000;23.38;9.83;26.34;15.44;18.74;-1.345;NEUTRE;0;-44.3;-1;1
2026.06.03 16:45;4040.00000;4048.00000;4040.00000;4042.00000;19.95;11.34;17.38;18.67;24.76;-1.125;NEUTRE;0;-39.6;-1;1
2026.06.03 16:30;4050.00000;4052.00000;4040.00000;4043.00000;19.79;13.08;20.05;22.11;31.77;-1.101;NEUTRE;0;-39.4;-1;1
2026.06.03 16:15;4047.00000;4057.00000;4034.00000;4048.00000;19.60;15.10;23.13;33.50;40.60;-0.978;NEUTRE;0;-36.5;-1;1
2026.06.03 16:00;4060.00000;4060.00000;4038.00000;4046.00000;19.38;17.42;24.02;39.71;47.08;-1.027;NEUTRE;0;-38.3;-1;1
2026.06.03 15:45;4057.00000;4078.00000;4057.00000;4060.00000;19.91;20.10;14.43;48.60;50.77;-0.685;NEUTRE;0;-28.2;-1;1
2026.06.03 15:30;4067.00000;4095.00000;4055.00000;4058.00000;20.44;23.19;16.65;52.94;50.64;-0.734;NEUTRE;0;-30.2;-1;1
2026.06.03 15:15;4065.00000;4091.00000;4062.00000;4067.00000;21.06;26.76;16.51;50.78;52.82;-0.514;NEUTRE;0;-22.5;0;1
2026.06.03 15:00;4044.00000;4076.00000;4027.00000;4063.00000;20.66;22.92;19.06;48.20;60.52;-0.612;NEUTRE;0;-26.7;-1;1
2026.06.03 14:45;4050.00000;4052.00000;4030.00000;4043.00000;22.42;18.91;21.99;59.47;71.96;-1.101;NEUTRE;0;-42.6;-1;1
2026.06.03 14:30;4085.00000;4100.00000;4047.00000;4050.00000;24.71;21.82;13.48;73.87;72.58;-0.930;NEUTRE;0;-38.3;-1;1
2026.06.03 14:15;4051.00000;4085.00000;4042.00000;4085.00000;24.88;20.82;15.56;82.53;58.36;-0.073;NEUTRE;0;-3.6;0;1
2026.06.03 14:00;4023.00000;4058.00000;4008.00000;4050.00000;26.48;14.37;17.95;61.34;40.64;-0.930;NEUTRE;0;-39.3;-1;1
2026.06.03 13:45;4026.00000;4032.00000;4007.00000;4023.00000;28.84;8.58;20.71;31.21;29.37;-1.590;NEUTRE;0;-54.9;-2;1
2026.06.03 13:30;4027.00000;4041.00000;4020.00000;4027.00000;26.91;9.90;15.90;29.38;29.57;-1.492;NEUTRE;0;-53.7;-2;1
2026.06.03 13:15;4037.00000;4044.00000;4021.00000;4027.00000;27.47;11.42;17.61;27.52;28.95;-1.492;NEUTRE;0;-54.2;-2;1
2026.06.03 13:00;4037.00000;4040.00000;4013.00000;4037.00000;28.41;10.50;20.32;31.80;35.58;-1.248;NEUTRE;0;-49.8;-2;1
2026.06.03 12:45;4037.00000;4042.00000;4018.00000;4036.00000;27.88;12.11;20.60;27.54;42.38;-1.272;NEUTRE;0;-50.9;-2;1
2026.06.03 12:30;4035.00000;4042.00000;4014.00000;4037.00000;28.18;13.98;23.76;47.40;51.43;-1.248;NEUTRE;0;-50.9;-2;1
2026.06.03 12:15;4085.00000;4086.00000;4023.00000;4035.00000;28.53;16.13;22.47;52.20;46.43;-1.296;NEUTRE;0;-52.5;-2;1
2026.06.03 12:00;4056.00000;4086.00000;4036.00000;4085.00000;30.38;18.61;22.76;54.70;38.72;-0.073;NEUTRE;0;-4.3;0;1
2026.06.03 11:45;4045.00000;4065.00000;4038.00000;4056.00000;33.52;15.01;26.26;32.40;33.42;-0.783;NEUTRE;0;-39.4;-1;1
2026.06.03 11:30;4052.00000;4056.00000;4029.00000;4045.00000;34.48;12.19;30.30;29.07;38.38;-1.052;NEUTRE;0;-48.4;-2;1
2026.06.03 11:15;4055.00000;4056.00000;4043.00000;4051.00000;33.23;14.07;26.98;38.79;41.94;-0.905;NEUTRE;0;-44.7;-1;1
2026.06.03 11:00;4066.00000;4068.00000;4047.00000;4055.00000;33.50;16.23;26.40;47.30;38.10;-0.807;NEUTRE;0;-42.1;-1;1
2026.06.03 10:45;4058.00000;4091.00000;4057.00000;4066.00000;34.99;18.73;23.14;39.74;30.09;-0.538;NEUTRE;0;-31.6;-1;1
2026.06.03 10:30;4052.00000;4057.00000;4036.00000;4057.00000;38.75;6.23;26.70;27.27;25.07;-0.758;NEUTRE;0;-41.6;-1;1
2026.06.03 10:15;4060.00000;4068.00000;4042.00000;4051.00000;35.15;7.18;26.41;23.27;22.74;-0.905;NEUTRE;0;-47.4;-2;1
2026.06.03 10:00;4066.00000;4074.00000;4050.00000;4059.00000;31.75;8.29;25.74;24.66;22.68;-0.709;NEUTRE;0;-41.1;-1;1
2026.06.03 09:45;4060.00000;4071.00000;4056.00000;4067.00000;28.75;9.57;25.85;20.30;25.34;-0.514;NEUTRE;0;-33;-1;1
2026.06.03 09:30;4074.00000;4074.00000;4044.00000;4060.00000;26.10;11.04;29.83;23.08;30.86;-0.685;NEUTRE;0;-41.6;-1;1
2026.06.03 09:15;4094.00000;4100.00000;4072.00000;4073.00000;23.04;12.74;20.05;32.62;30.72;-0.367;NEUTRE;0;-26;-1;1
2026.06.03 09:00;4095.00000;4113.00000;4075.00000;4094.00000;23.15;14.69;21.49;36.89;20.19;0.147;NEUTRE;0;11.4;0;1
2026.06.03 08:45;4088.00000;4119.00000;4084.00000;4095.00000;23.82;16.96;21.15;22.64;13.90;0.171;NEUTRE;0;13.5;0;1
2026.06.02 17:15;4079.00000;4087.00000;4072.00000;4072.00000;25.79;9.09;24.41;1.05;15.31;4.544;STRONG_UP;2;72.9;3;1
2026.06.02 17:00;4080.00000;4085.00000;4078.00000;4079.00000;22.72;10.49;22.01;18.02;25.49;4.724;STRONG_UP;2;73.7;3;1
2026.06.02 16:45;4091.00000;4095.00000;4080.00000;4080.00000;20.76;12.10;21.00;26.85;30.84;4.750;STRONG_UP;2;74;3;1
2026.06.02 16:30;4096.00000;4096.00000;4087.00000;4091.00000;19.82;13.96;17.05;31.61;32.44;5.032;STRONG_UP;2;75.1;3;1
2026.06.02 16:15;4093.00000;4100.00000;4090.00000;4093.00000;21.34;16.11;14.55;34.06;31.07;5.083;STRONG_UP;2;75.4;3;1
2026.06.02 16:00;4109.00000;4109.00000;4088.00000;4093.00000;23.83;18.59;16.79;31.67;29.48;5.083;STRONG_UP;2;75.7;3;1
2026.06.02 15:45;4092.00000;4116.00000;4088.00000;4108.00000;26.72;21.45;19.37;27.47;31.08;5.469;STRONG_UP;2;76.8;3;1
2026.06.02 15:30;4088.00000;4095.00000;4072.00000;4091.00000;30.04;13.21;22.35;29.29;38.48;5.032;STRONG_UP;2;76;3;1
2026.06.02 15:15;4137.00000;4141.00000;4079.00000;4088.00000;30.71;15.24;21.10;36.47;45.27;4.955;STRONG_UP;2;76;3;1
2026.06.02 15:00;4130.00000;4152.00000;4130.00000;4137.00000;32.96;17.59;11.69;49.66;48.81;6.213;EXPLOSIVE_UP;3;78.9;3;1
2026.06.02 14:45;4129.00000;4143.00000;4123.00000;4130.00000;34.93;14.00;13.49;49.68;46.09;6.033;STRONG_UP;2;78.8;3;1
2026.06.02 14:30;4139.00000;4139.00000;4125.00000;4128.00000;40.02;13.08;15.57;47.09;39.94;5.982;STRONG_UP;2;78.9;3;1
2026.06.02 14:15;4132.00000;4148.00000;4131.00000;4141.00000;44.84;15.09;12.20;41.51;36.16;6.316;EXPLOSIVE_UP;3;79.6;3;1
2026.06.02 14:00;4143.00000;4151.00000;4107.00000;4133.00000;50.10;17.41;14.07;31.21;37.66;6.110;STRONG_UP;2;79.5;3;1
2026.06.02 13:45;4154.00000;4159.00000;4137.00000;4143.00000;56.18;20.09;5.75;35.75;45.96;6.367;EXPLOSIVE_UP;3;80.1;3;1
2026.06.02 13:30;4140.00000;4156.00000;4138.00000;4154.00000;56.28;21.08;6.63;46.03;57.71;6.650;EXPLOSIVE_UP;3;80.6;3;1
2026.06.02 13:15;4141.00000;4160.00000;4138.00000;4140.00000;56.92;24.33;7.65;56.10;70.98;6.290;EXPLOSIVE_UP;3;80.3;3;1
2026.06.02 13:00;4154.00000;4174.00000;4137.00000;4141.00000;57.66;28.07;8.83;71.02;82.63;6.316;EXPLOSIVE_UP;3;80.5;3;1
2026.06.02 12:45;4175.00000;4176.00000;4148.00000;4157.00000;58.50;32.39;5.61;85.84;89.50;6.727;EXPLOSIVE_UP;3;81.2;3;1
2026.06.02 12:30;4176.00000;4188.00000;4152.00000;4175.00000;56.66;37.37;4.28;91.04;90.43;7.189;EXPLOSIVE_UP;3;82;3;1
2026.06.02 12:15;4110.00000;4181.00000;4099.00000;4176.00000;53.16;40.13;4.94;91.62;90.52;7.214;EXPLOSIVE_UP;3;82.1;3;1
2026.06.02 12:00;4105.00000;4123.00000;4089.00000;4110.00000;49.32;35.42;5.70;88.64;90.00;5.520;STRONG_UP;2;80;3;1
2026.06.02 11:45;4096.00000;4112.00000;4090.00000;4104.00000;45.79;35.89;6.57;91.30;89.45;5.366;STRONG_UP;2;79.9;3;1
2026.06.02 11:30;4076.00000;4114.00000;4072.00000;4097.00000;42.21;41.42;7.59;90.05;87.79;5.186;STRONG_UP;2;79.8;3;1
2026.06.02 11:15;4051.00000;4083.00000;4050.00000;4076.00000;38.09;36.43;8.75;87.01;85.00;4.647;STRONG_UP;2;78.9;3;1
2026.06.02 11:00;4041.00000;4060.00000;4024.00000;4050.00000;34.52;31.32;10.10;86.32;79.17;3.979;STRONG_UP;2;77.3;3;1
2026.06.02 10:45;4011.00000;4068.00000;4010.00000;4040.00000;31.95;36.13;11.65;81.65;71.86;3.723;STRONG_UP;2;76.8;3;1
2026.06.02 10:30;3967.00000;4014.00000;3965.00000;4012.00000;28.98;27.37;13.45;69.52;68.18;3.004;SOFT_UP;1;74.2;3;1
2026.06.02 10:15;3947.00000;3971.00000;3945.00000;3967.00000;28.19;18.08;15.51;64.41;73.48;1.849;NEUTRE;0;65.8;3;1
2026.06.02 10:00;3969.00000;3969.00000;3933.00000;3947.00000;31.36;19.68;17.90;70.59;76.63;1.335;NEUTRE;0;58.7;2;1
2026.06.02 09:45;3972.00000;3984.00000;3954.00000;3971.00000;35.46;22.70;12.15;85.45;78.56;1.951;SOFT_UP;1;67.9;3;1
2026.06.02 09:30;3968.00000;3988.00000;3964.00000;3971.00000;36.25;26.20;8.89;73.86;73.19;1.951;SOFT_UP;1;68.4;3;1
2026.06.02 09:15;3927.00000;3968.00000;3926.00000;3968.00000;34.24;17.41;10.26;76.36;76.56;1.874;SOFT_UP;1;68.2;3;1
2026.06.02 09:00;3965.00000;3966.00000;3921.00000;3926.00000;35.54;19.35;11.84;69.35;74.63;0.796;NEUTRE;0;47.4;2;1
2026.06.02 08:45;3895.00000;3973.00000;3895.00000;3964.00000;37.31;22.33;13.66;83.97;73.03;1.772;NEUTRE;0;68.1;3;1
2026.06.01 17:15;3897.00000;3903.00000;3893.00000;3898.00000;39.34;11.96;15.77;70.59;66.15;1.194;NEUTRE;0;40.4;1;1
2026.06.01 17:00;3894.00000;3903.00000;3894.00000;3896.00000;43.28;13.80;16.65;64.54;61.09;1.142;NEUTRE;0;39.6;1;1
2026.06.01 16:45;3891.00000;3899.00000;3884.00000;3894.00000;48.50;9.08;19.21;63.33;57.83;1.090;NEUTRE;0;38.7;1;1
2026.06.01 16:30;3889.00000;3897.00000;3884.00000;3887.00000;50.45;8.43;22.17;55.38;48.05;0.909;NEUTRE;0;34.2;1;1
2026.06.01 16:15;3888.00000;3893.00000;3882.00000;3889.00000;51.30;4.99;25.58;54.76;38.33;0.961;NEUTRE;0;36.1;1;1
2026.06.01 16:00;3894.00000;3896.00000;3886.00000;3888.00000;48.83;5.76;23.92;34.00;26.14;0.935;NEUTRE;0;35.7;1;1
2026.06.01 15:45;3876.00000;3912.00000;3852.00000;3894.00000;46.93;6.64;27.60;26.22;22.38;1.090;NEUTRE;0;40.4;1;1
2026.06.01 15:30;3895.00000;3897.00000;3869.00000;3876.00000;44.73;7.67;27.49;18.18;18.86;0.623;NEUTRE;0;26.3;1;1
2026.06.01 15:15;3903.00000;3909.00000;3869.00000;3895.00000;42.94;8.85;31.72;22.74;16.36;1.116;NEUTRE;0;42;1;1
2026.06.01 15:00;3915.00000;3927.00000;3882.00000;3902.00000;40.87;10.21;31.60;15.67;11.79;1.298;NEUTRE;0;46.8;2;1
2026.06.01 14:45;3917.00000;3922.00000;3873.00000;3916.00000;39.28;10.07;36.46;10.68;11.86;1.661;NEUTRE;0;54.2;2;1
2026.06.01 14:30;3946.00000;3969.00000;3918.00000;3919.00000;36.60;11.62;27.94;9.04;21.79;1.739;NEUTRE;0;55.9;2;1
2026.06.01 14:15;3975.00000;3980.00000;3941.00000;3946.00000;35.88;13.40;25.30;15.87;32.37;2.440;SOFT_UP;1;64.6;2;1
2026.06.01 14:00;4003.00000;4003.00000;3946.00000;3975.00000;36.67;15.47;27.22;40.45;39.46;3.193;SOFT_UP;1;70.4;3;1
2026.06.01 13:45;4057.00000;4063.00000;4009.00000;4009.00000;38.08;17.85;16.03;40.79;34.19;4.076;STRONG_UP;2;74.7;3;1
2026.06.01 13:30;4018.00000;4064.00000;3993.00000;4056.00000;43.11;20.59;18.49;37.16;33.10;5.296;STRONG_UP;2;78.3;3;1
2026.06.01 13:15;4034.00000;4037.00000;4003.00000;4017.00000;48.91;17.91;21.34;24.64;34.78;4.283;STRONG_UP;2;75.9;3;1
2026.06.01 13:00;4063.00000;4063.00000;4033.00000;4034.00000;55.09;20.66;11.04;37.50;38.28;4.725;STRONG_UP;2;77.4;3;1
2026.06.01 12:45;4065.00000;4067.00000;4048.00000;4063.00000;58.90;23.84;5.05;42.19;39.82;5.478;STRONG_UP;2;79.3;3;1
2026.06.01 12:30;4044.00000;4068.00000;4039.00000;4065.00000;57.96;27.51;5.83;35.15;48.72;5.530;STRONG_UP;2;79.6;3;1
2026.06.01 12:15;4044.00000;4082.00000;4030.00000;4043.00000;56.87;31.74;6.72;42.13;66.46;4.958;STRONG_UP;2;78.7;3;1
2026.06.01 12:00;4058.00000;4094.00000;4032.00000;4043.00000;55.61;36.63;7.17;68.89;83.67;4.958;STRONG_UP;2;78.9;3;1
2026.06.01 11:45;4070.00000;4077.00000;4044.00000;4057.00000;53.82;38.04;8.27;88.37;92.31;5.322;STRONG_UP;2;79.8;3;1
2026.06.01 11:30;4050.00000;4080.00000;4050.00000;4070.00000;52.21;43.90;6.75;93.75;94.33;5.659;STRONG_UP;2;80.6;3;1
2026.06.01 11:15;4041.00000;4057.00000;4039.00000;4050.00000;48.96;38.85;7.78;94.80;94.62;5.140;STRONG_UP;2;79.9;3;1
2026.06.01 11:00;4021.00000;4050.00000;4020.00000;4041.00000;46.24;38.85;8.98;94.43;90.94;4.907;STRONG_UP;2;79.7;3;1
2026.06.01 10:45;4002.00000;4025.00000;4002.00000;4019.00000;43.75;32.42;10.36;94.64;82.79;4.335;STRONG_UP;2;78.6;3;1
2026.06.01 10:30;3962.00000;4010.00000;3962.00000;4003.00000;42.55;27.37;11.96;83.74;74.54;3.920;STRONG_UP;2;77.7;3;1
2026.06.01 10:15;3909.00000;3968.00000;3909.00000;3963.00000;43.06;18.12;13.80;70.00;70.11;2.882;SOFT_UP;1;73.9;3;1
2026.06.01 10:00;3902.00000;3928.00000;3900.00000;3908.00000;47.60;10.65;15.92;69.89;69.52;1.454;NEUTRE;0;60.8;2;1
2026.06.01 09:45;3930.00000;3943.00000;3901.00000;3902.00000;51.88;12.29;17.82;70.45;64.86;1.298;NEUTRE;0;58.6;2;1
2026.06.01 09:30;3895.00000;3942.00000;3890.00000;3934.00000;57.04;13.82;20.56;68.21;57.58;2.129;SOFT_UP;1;70.1;3;1
2026.06.01 09:15;3890.00000;3921.00000;3877.00000;3895.00000;62.79;9.73;23.72;55.93;48.38;1.116;NEUTRE;0;56.1;2;1
2026.06.01 09:00;3891.00000;3897.00000;3865.00000;3888.00000;66.02;2.83;27.37;48.60;35.15;0.935;NEUTRE;0;52;2;1
2026.06.01 08:45;3852.00000;3932.00000;3842.00000;3894.00000;63.68;3.27;31.58;40.63;23.18;1.090;NEUTRE;0;56.9;2;1
2026.05.29 17:15;3900.00000;3905.00000;3893.00000;3899.00000;60.98;3.77;27.72;16.24;12.89;-4.366;STRONG_DOWN;-2;-72.2;-3;1
2026.05.29 17:00;3899.00000;3907.00000;3897.00000;3900.00000;58.66;4.35;26.86;12.69;13.41;-4.341;STRONG_DOWN;-2;-72.4;-3;1
2026.05.29 16:45;3911.00000;3917.00000;3893.00000;3899.00000;56.59;5.02;30.99;9.74;20.23;-4.366;STRONG_DOWN;-2;-72.7;-3;1
2026.05.29 16:30;3913.00000;3918.00000;3908.00000;3911.00000;54.20;5.80;26.15;17.79;32.15;-4.072;STRONG_DOWN;-2;-71.8;-3;1
2026.05.29 16:15;3927.00000;3927.00000;3910.00000;3912.00000;52.74;6.69;27.09;33.15;45.51;-4.047;STRONG_DOWN;-2;-71.9;-3;1
2026.05.29 16:00;3927.00000;3929.00000;3920.00000;3927.00000;51.56;7.72;22.21;45.50;52.96;-3.679;STRONG_DOWN;-2;-70.5;-3;1
2026.05.29 15:45;3927.00000;3940.00000;3907.00000;3927.00000;52.05;8.91;25.63;57.87;54.85;-3.679;STRONG_DOWN;-2;-70.8;-3;1
2026.05.29 15:30;3946.00000;3958.00000;3920.00000;3926.00000;52.60;10.28;23.51;55.51;46.43;-3.704;STRONG_DOWN;-2;-71.2;-3;1
2026.05.29 15:15;3932.00000;3963.00000;3920.00000;3945.00000;54.67;11.86;27.13;51.17;34.79;-3.238;SOFT_DOWN;-1;-69.1;-3;1
2026.05.29 15:00;3926.00000;3943.00000;3909.00000;3933.00000;57.05;6.53;31.30;32.62;22.51;-3.532;SOFT_DOWN;-1;-71;-3;1
2026.05.29 14:45;3932.00000;3935.00000;3891.00000;3926.00000;55.75;3.91;36.12;20.59;17.39;-3.704;STRONG_DOWN;-2;-72.1;-3;1
2026.05.29 14:30;3937.00000;3956.00000;3922.00000;3932.00000;51.95;4.51;30.84;14.32;15.68;-3.557;SOFT_DOWN;-1;-71.7;-3;1
2026.05.29 14:15;3944.00000;3949.00000;3933.00000;3937.00000;48.49;5.20;30.60;17.26;16.62;-3.434;SOFT_DOWN;-1;-71.4;-3;1
2026.05.29 14:00;3973.00000;3983.00000;3917.00000;3940.00000;45.04;6.01;35.31;15.46;16.21;-3.360;SOFT_DOWN;-1;-71.3;-3;1
2026.05.29 13:45;3966.00000;3973.00000;3938.00000;3973.00000;41.05;6.93;35.85;17.13;23.11;-2.551;SOFT_DOWN;-1;-66.4;-3;1
2026.05.29 13:30;4015.00000;4015.00000;3958.00000;3966.00000;36.97;8.00;32.57;16.03;33.96;-2.723;SOFT_DOWN;-1;-68.1;-3;1
2026.05.29 13:15;4057.00000;4067.00000;3997.00000;4015.00000;33.33;9.23;27.06;36.17;44.24;-1.521;NEUTRE;0;-54.7;-2;1
2026.05.29 13:00;4072.00000;4074.00000;4054.00000;4057.00000;30.90;10.64;18.69;49.67;45.36;-0.491;NEUTRE;0;-24.9;0;1
2026.05.29 12:45;4067.00000;4083.00000;4060.00000;4075.00000;31.44;12.28;17.17;46.88;37.59;-0.049;NEUTRE;0;-2.7;0;1
2026.05.29 12:30;4064.00000;4070.00000;4041.00000;4067.00000;33.72;5.48;19.81;39.53;30.42;-0.245;NEUTRE;0;-13.6;0;1
2026.05.29 12:15;4077.00000;4080.00000;4055.00000;4064.00000;30.19;6.32;15.43;26.37;21.44;-0.319;NEUTRE;0;-17.8;0;1
2026.05.29 12:00;4064.00000;4092.00000;4049.00000;4076.00000;28.38;7.29;17.81;25.34;18.08;-0.025;NEUTRE;0;-1.5;0;1
2026.05.29 11:45;4083.00000;4083.00000;4058.00000;4064.00000;26.30;8.41;20.55;12.60;14.79;-0.319;NEUTRE;0;-18.5;0;1
2026.05.29 11:30;4073.00000;4088.00000;4060.00000;4083.00000;23.90;9.71;22.48;16.30;16.69;0.147;NEUTRE;0;8.9;0;1
2026.05.29 11:15;4093.00000;4107.00000;4073.00000;4075.00000;21.48;11.20;18.79;15.48;27.04;-0.049;NEUTRE;0;-3.1;0;1
2026.05.29 11:00;4111.00000;4112.00000;4076.00000;4095.00000;20.89;12.92;20.33;18.30;43.58;0.442;NEUTRE;0;26.3;1;1
2026.05.29 10:45;4099.00000;4119.00000;4095.00000;4111.00000;20.67;14.91;15.34;47.33;64.51;0.834;NEUTRE;0;43.7;1;1
2026.05.29 10:30;4157.00000;4157.00000;4095.00000;4101.00000;23.64;17.21;17.69;65.12;75.87;0.589;NEUTRE;0;34.6;1;1
2026.05.29 10:15;4148.00000;4161.00000;4143.00000;4157.00000;27.06;19.85;8.51;81.09;82.74;1.962;SOFT_UP;1;67;3;1
2026.05.29 10:00;4141.00000;4158.00000;4133.00000;4148.00000;25.07;20.34;9.82;81.41;80.17;1.741;NEUTRE;0;65;2;1
2026.05.29 09:45;4159.00000;4160.00000;4114.00000;4140.00000;23.56;23.47;11.33;85.71;75.58;1.545;NEUTRE;0;62.9;2;1
2026.05.29 09:30;4122.00000;4168.00000;4122.00000;4158.00000;21.81;27.09;10.39;73.39;62.50;1.987;SOFT_UP;1;68.8;3;1
2026.05.29 09:15;4073.00000;4122.00000;4064.00000;4122.00000;18.31;15.87;11.99;67.63;57.53;1.104;NEUTRE;0;55.8;2;1
2026.05.29 09:00;4113.00000;4116.00000;4066.00000;4073.00000;18.99;16.72;13.84;46.48;44.32;-0.098;NEUTRE;0;-7.6;0;1
2026.05.29 08:45;4077.00000;4121.00000;4070.00000;4113.00000;20.46;19.29;14.73;58.47;35.81;0.883;NEUTRE;0;51.2;2;1
2026.05.28 17:15;4073.00000;4074.00000;4065.00000;4069.00000;21.54;8.35;17.00;28.00;22.04;-0.538;NEUTRE;0;-21;0;1
2026.05.28 17:00;4073.00000;4077.00000;4068.00000;4073.00000;19.61;9.64;14.49;20.95;19.61;-0.440;NEUTRE;0;-17.7;0;1
2026.05.28 16:45;4072.00000;4078.00000;4069.00000;4072.00000;19.53;11.12;15.01;17.19;22.72;-0.464;NEUTRE;0;-18.8;0;1
2026.05.28 16:30;4074.00000;4081.00000;4062.00000;4072.00000;20.25;12.83;17.31;20.70;28.10;-0.464;NEUTRE;0;-19.1;0;1
2026.05.28 16:15;4088.00000;4089.00000;4068.00000;4074.00000;21.08;14.80;15.12;30.26;30.50;-0.416;NEUTRE;0;-17.5;0;1
2026.05.28 16:00;4093.00000;4094.00000;4081.00000;4085.00000;24.16;17.08;7.92;33.33;25.13;-0.147;NEUTRE;0;-6.5;0;1
2026.05.28 15:45;4081.00000;4103.00000;4080.00000;4093.00000;22.24;19.71;9.14;27.91;21.57;0.049;NEUTRE;0;2.2;0;1
2026.05.28 15:30;4069.00000;4137.00000;4069.00000;4081.00000;20.02;22.74;10.55;14.14;23.81;-0.244;NEUTRE;0;-11;0;1
2026.05.28 15:15;4065.00000;4088.00000;4061.00000;4069.00000;17.47;15.15;12.17;22.65;37.70;-0.538;NEUTRE;0;-23.5;0;1
2026.05.28 15:00;4088.00000;4124.00000;4065.00000;4065.00000;18.48;17.48;11.76;34.64;49.32;-0.636;NEUTRE;0;-27.6;-1;1
2026.05.28 14:45;4083.00000;4097.00000;4080.00000;4088.00000;18.31;13.13;13.57;55.80;57.15;-0.073;NEUTRE;0;-3.5;0;1
2026.05.28 14:30;4091.00000;4100.00000;4079.00000;4082.00000;20.87;15.15;15.66;57.51;53.88;-0.220;NEUTRE;0;-10.6;0;1
2026.05.28 14:15;4096.00000;4114.00000;4079.00000;4092.00000;23.83;17.48;18.07;58.13;44.63;0.024;NEUTRE;0;1.2;0;1
2026.05.28 14:00;4087.00000;4111.00000;4084.00000;4096.00000;27.24;20.17;18.65;46.01;35.26;0.122;NEUTRE;0;6.1;0;1
2026.05.28 13:45;4073.00000;4095.00000;4055.00000;4089.00000;30.83;14.16;21.52;29.76;38.36;-0.049;NEUTRE;0;-2.5;0;1
2026.05.28 13:30;4067.00000;4082.00000;4053.00000;4072.00000;32.40;11.34;24.83;30.00;52.58;-0.464;NEUTRE;0;-22.9;0;1
2026.05.28 13:15;4077.00000;4081.00000;4061.00000;4067.00000;31.65;13.08;24.41;55.32;66.98;-0.587;NEUTRE;0;-28.6;-1;1
2026.05.28 13:00;4122.00000;4124.00000;4071.00000;4079.00000;31.87;15.10;20.47;72.41;66.76;-0.293;NEUTRE;0;-15.5;0;1
2026.05.28 12:45;4103.00000;4124.00000;4087.00000;4121.00000;34.44;17.42;18.98;73.21;52.95;0.733;NEUTRE;0;35.3;1;1
2026.05.28 12:30;4085.00000;4119.00000;4071.00000;4103.00000;39.08;18.02;21.90;54.65;35.34;0.293;NEUTRE;0;16.1;0;1
2026.05.28 12:15;4074.00000;4105.00000;4074.00000;4084.00000;43.60;16.30;25.27;30.99;21.40;-0.171;NEUTRE;0;-9.8;0;1
2026.05.28 12:00;4059.00000;4076.00000;4038.00000;4074.00000;46.99;4.42;29.15;20.38;16.97;-0.416;NEUTRE;0;-23.1;0;1
2026.05.28 11:45;4103.00000;4110.00000;4052.00000;4058.00000;42.89;5.10;27.97;12.83;16.48;-0.807;NEUTRE;0;-40.2;-1;1
2026.05.28 11:30;4113.00000;4127.00000;4090.00000;4101.00000;38.85;5.89;22.20;17.71;22.51;0.244;NEUTRE;0;14.6;0;1
2026.05.28 11:15;4110.00000;4128.00000;4105.00000;4112.00000;35.89;6.79;19.37;18.91;25.64;0.513;NEUTRE;0;29.3;1;1
2026.05.28 11:00;4110.00000;4128.00000;4110.00000;4111.00000;34.01;7.84;19.01;30.90;28.66;0.489;NEUTRE;0;28.7;1;1
2026.05.28 10:45;4148.00000;4156.00000;4111.00000;4115.00000;32.84;9.04;21.08;27.10;29.67;0.587;NEUTRE;0;33.9;1;1
2026.05.28 10:30;4131.00000;4148.00000;4100.00000;4146.00000;31.75;7.70;24.32;27.97;37.17;1.344;NEUTRE;0;57.6;2;1
2026.05.28 10:15;4147.00000;4156.00000;4121.00000;4131.00000;28.64;8.88;21.33;33.93;48.50;0.978;NEUTRE;0;49.6;2;1
2026.05.28 10:00;4164.00000;4170.00000;4121.00000;4145.00000;26.71;10.25;24.61;49.59;61.36;1.320;NEUTRE;0;58.4;2;1
2026.05.28 09:45;4160.00000;4175.00000;4137.00000;4164.00000;24.48;11.82;23.38;61.98;72.84;1.784;NEUTRE;0;66.1;3;1
2026.05.28 09:30;4176.00000;4188.00000;4155.00000;4165.00000;23.19;13.64;19.69;72.52;80.27;1.809;NEUTRE;0;66.9;3;1
2026.05.28 09:15;4206.00000;4220.00000;4154.00000;4177.00000;23.97;15.74;22.71;84.01;79.50;2.102;SOFT_UP;1;70.3;3;1
2026.05.28 09:00;4203.00000;4219.00000;4196.00000;4206.00000;24.87;18.16;16.42;84.27;63.55;2.811;SOFT_UP;1;75.4;3;1
2026.05.28 08:45;4091.00000;4210.00000;4085.00000;4203.00000;27.92;14.94;18.95;70.22;57.18;2.738;SOFT_UP;1;75.5;3;1
2026.05.27 17:15;4142.00000;4149.00000;4138.00000;4140.00000;30.40;9.73;21.86;36.17;58.55;-1.803;NEUTRE;0;-52.2;-2;1
2026.05.27 17:00;4151.00000;4154.00000;4142.00000;4144.00000;29.17;11.23;19.63;65.15;68.48;-1.708;NEUTRE;0;-51.1;-2;1
2026.05.27 16:45;4155.00000;4161.00000;4143.00000;4151.00000;29.46;12.95;21.37;74.32;65.02;-1.542;NEUTRE;0;-48.6;-2;1
2026.05.27 16:30;4155.00000;4165.00000;4151.00000;4154.00000;30.22;14.94;17.82;65.98;53.50;-1.471;NEUTRE;0;-47.7;-2;1
2026.05.27 16:15;4153.00000;4159.00000;4152.00000;4155.00000;33.53;10.65;20.56;54.77;40.92;-1.447;NEUTRE;0;-47.6;-2;1
2026.05.27 16:00;4147.00000;4164.00000;4139.00000;4152.00000;33.80;12.29;23.72;39.75;31.25;-1.518;NEUTRE;0;-49.4;-2;1
2026.05.27 15:45;4125.00000;4161.00000;4124.00000;4148.00000;34.12;12.33;27.37;28.23;33.10;-1.613;NEUTRE;0;-51.6;-2;1
2026.05.27 15:30;4139.00000;4145.00000;4100.00000;4126.00000;33.54;7.58;31.58;25.77;44.48;-2.135;SOFT_DOWN;-1;-59.5;-2;1
2026.05.27 15:15;4172.00000;4177.00000;4132.00000;4141.00000;29.27;8.74;25.50;45.29;56.73;-1.779;NEUTRE;0;-55.2;-2;1
2026.05.27 15:00;4197.00000;4202.00000;4164.00000;4173.00000;26.25;10.09;18.48;62.39;64.28;-1.020;NEUTRE;0;-39.9;-1;1
2026.05.27 14:45;4183.00000;4204.00000;4171.00000;4197.00000;25.77;11.64;18.49;62.50;65.91;-0.451;NEUTRE;0;-20.6;0;1
2026.05.27 14:30;4167.00000;4211.00000;4141.00000;4181.00000;26.24;13.43;21.33;67.94;64.02;-0.830;NEUTRE;0;-35.2;-1;1
2026.05.27 14:15;4205.00000;4205.00000;4164.00000;4168.00000;26.78;15.50;19.56;67.29;54.24;-1.139;NEUTRE;0;-44.5;-1;1
2026.05.27 14:00;4183.00000;4204.00000;4177.00000;4204.00000;29.12;17.88;17.69;56.82;40.54;-0.285;NEUTRE;0;-14.1;0;1
2026.05.27 13:45;4153.00000;4185.00000;4137.00000;4183.00000;33.51;9.81;20.41;38.63;30.31;-0.783;NEUTRE;0;-35;-1;1
2026.05.27 13:30;4174.00000;4192.00000;4149.00000;4154.00000;33.27;11.32;19.71;26.17;28.35;-1.471;NEUTRE;0;-53.3;-2;1
2026.05.27 13:15;4165.00000;4182.00000;4147.00000;4174.00000;34.23;9.48;22.74;26.14;29.42;-0.996;NEUTRE;0;-42.8;-1;1
2026.05.27 13:00;4175.00000;4193.00000;4142.00000;4165.00000;33.16;10.94;26.23;32.73;31.72;-1.210;NEUTRE;0;-48.9;-2;1
2026.05.27 12:45;4215.00000;4216.00000;4167.00000;4176.00000;31.94;12.62;22.73;29.39;27.93;-0.949;NEUTRE;0;-42.5;-1;1
2026.05.27 12:30;4189.00000;4216.00000;4162.00000;4215.00000;32.45;14.57;26.23;33.03;24.39;-0.024;NEUTRE;0;-1.4;0;1
2026.05.27 12:15;4222.00000;4222.00000;4176.00000;4191.00000;33.05;16.81;26.27;21.37;18.00;-0.593;NEUTRE;0;-30.8;-1;1
2026.05.27 12:00;4207.00000;4244.00000;4186.00000;4222.00000;34.75;19.39;26.97;18.78;16.75;0.142;NEUTRE;0;8.3;0;1
2026.05.27 11:45;4209.00000;4214.00000;4181.00000;4206.00000;37.59;14.42;31.12;13.83;26.37;-0.237;NEUTRE;0;-13.9;0;1
2026.05.27 11:30;4252.00000;4253.00000;4200.00000;4208.00000;37.73;16.64;27.05;17.65;45.86;-0.190;NEUTRE;0;-11.5;0;1
2026.05.27 11:15;4273.00000;4282.00000;4238.00000;4253.00000;39.86;19.20;20.18;47.64;64.00;0.878;NEUTRE;0;43.9;1;1
2026.05.27 11:00;4309.00000;4314.00000;4266.00000;4275.00000;45.61;22.15;13.49;72.30;74.00;1.399;NEUTRE;0;57.4;2;1
2026.05.27 10:45;4307.00000;4321.00000;4298.00000;4310.00000;48.89;25.56;5.31;72.05;75.34;2.230;SOFT_UP;1;68.6;3;1
2026.05.27 10:30;4254.00000;4314.00000;4247.00000;4307.00000;46.33;24.81;6.13;77.66;80.66;2.158;SOFT_UP;1;68.4;3;1
2026.05.27 10:15;4322.00000;4324.00000;4252.00000;4254.00000;44.17;28.62;5.93;76.32;77.79;0.901;NEUTRE;0;47.3;2;1
2026.05.27 10:00;4255.00000;4329.00000;4250.00000;4321.00000;40.85;33.03;6.84;88.00;72.09;2.491;SOFT_UP;1;71.9;3;1
2026.05.27 09:45;4227.00000;4274.00000;4222.00000;4254.00000;37.03;27.40;7.89;69.06;61.08;0.901;NEUTRE;0;48.7;2;1
2026.05.27 09:30;4185.00000;4235.00000;4175.00000;4226.00000;34.23;20.07;9.10;59.22;56.75;0.237;NEUTRE;0;17.1;0;1
2026.05.27 09:15;4201.00000;4202.00000;4177.00000;4185.00000;33.71;14.70;10.50;54.96;52.69;-0.735;NEUTRE;0;-44.4;-1;1
2026.05.27 09:00;4215.00000;4216.00000;4167.00000;4203.00000;36.33;16.96;12.12;56.07;39.18;-0.308;NEUTRE;0;-22.9;0;1
2026.05.27 08:45;4216.00000;4243.00000;4155.00000;4214.00000;39.36;19.57;13.98;47.02;24.51;-0.047;NEUTRE;0;-3.8;0;1
2026.05.26 17:15;4152.00000;4156.00000;4149.00000;4150.00000;42.85;8.19;16.14;14.43;18.25;10.138;SPIKE_UP;4;82.1;3;1
2026.05.26 17:00;4157.00000;4162.00000;4152.00000;4154.00000;44.42;9.45;12.03;12.07;28.28;10.244;SPIKE_UP;4;82.3;3;1
2026.05.26 16:45;4150.00000;4167.00000;4150.00000;4157.00000;49.41;10.90;13.88;28.26;46.22;10.324;SPIKE_UP;4;82.5;3;1
2026.05.26 16:30;4171.00000;4174.00000;4149.00000;4150.00000;55.17;12.58;16.01;44.52;59.80;10.138;SPIKE_UP;4;82.5;3;1
2026.05.26 16:15;4175.00000;4175.00000;4166.00000;4171.00000;61.81;14.52;8.01;65.87;67.37;10.695;SPIKE_UP;4;83;3;1
2026.05.26 16:00;4179.00000;4180.00000;4168.00000;4175.00000;66.88;16.75;5.83;69.01;66.82;10.801;SPIKE_UP;4;83.1;3;1
2026.05.26 15:45;4175.00000;4189.00000;4154.00000;4179.00000;69.72;19.33;6.72;67.24;65.82;10.908;SPIKE_UP;4;83.3;3;1
2026.05.26 15:30;4163.00000;4194.00000;4163.00000;4175.00000;73.00;22.30;3.80;64.21;67.67;10.801;SPIKE_UP;4;83.4;3;1
2026.05.26 15:15;4160.00000;4180.00000;4141.00000;4163.00000;73.33;18.78;4.38;66.02;72.66;10.483;SPIKE_UP;4;83.3;3;1
2026.05.26 15:00;4164.00000;4182.00000;4137.00000;4160.00000;75.05;21.67;5.06;72.77;76.38;10.403;SPIKE_UP;4;83.3;3;1
2026.05.26 14:45;4169.00000;4186.00000;4144.00000;4165.00000;77.03;25.01;3.44;79.19;75.22;10.536;SPIKE_UP;4;83.5;3;1
2026.05.26 14:30;4162.00000;4180.00000;4148.00000;4169.00000;77.22;26.66;3.97;77.19;69.14;10.642;SPIKE_UP;4;83.7;3;1
2026.05.26 14:15;4131.00000;4170.00000;4126.00000;4161.00000;77.71;25.95;4.59;69.28;65.12;10.430;SPIKE_UP;4;83.7;3;1
2026.05.26 14:00;4132.00000;4148.00000;4113.00000;4132.00000;78.90;22.25;5.29;60.95;65.21;9.660;EXPLOSIVE_UP;3;83.3;3;1
2026.05.26 13:45;4124.00000;4142.00000;4124.00000;4132.00000;81.57;25.67;1.27;65.13;68.85;9.660;EXPLOSIVE_UP;3;83.4;3;1
2026.05.26 13:30;4131.00000;4151.00000;4120.00000;4123.00000;80.18;29.62;1.47;69.55;70.24;9.421;EXPLOSIVE_UP;3;83.4;3;1
2026.05.26 13:15;4120.00000;4151.00000;4119.00000;4130.00000;78.58;34.18;1.69;71.89;70.20;9.607;EXPLOSIVE_UP;3;83.6;3;1
2026.05.26 13:00;4109.00000;4140.00000;4104.00000;4120.00000;76.74;34.15;1.95;69.30;71.71;9.342;EXPLOSIVE_UP;3;83.6;3;1
2026.05.26 12:45;4103.00000;4125.00000;4102.00000;4112.00000;74.82;33.00;2.25;69.41;76.48;9.130;EXPLOSIVE_UP;3;83.5;3;1
2026.05.26 12:30;4101.00000;4118.00000;4078.00000;4102.00000;72.91;33.39;2.60;76.43;83.88;8.864;EXPLOSIVE_UP;3;83.5;3;1
2026.05.26 12:15;4120.00000;4140.00000;4080.00000;4102.00000;70.96;38.53;2.23;83.59;90.67;8.864;EXPLOSIVE_UP;3;83.6;3;1
2026.05.26 12:00;4049.00000;4145.00000;4048.00000;4120.00000;68.18;44.45;2.57;91.63;95.15;9.342;EXPLOSIVE_UP;3;84;3;1
2026.05.26 11:45;4049.00000;4053.00000;4034.00000;4047.00000;64.96;36.85;2.97;96.79;93.77;7.404;EXPLOSIVE_UP;3;82.7;3;1
2026.05.26 11:30;4036.00000;4051.00000;4024.00000;4048.00000;61.87;40.90;3.42;97.03;86.89;7.431;EXPLOSIVE_UP;3;82.8;3;1
2026.05.26 11:15;3990.00000;4038.00000;3988.00000;4037.00000;58.37;39.79;3.95;87.50;79.17;7.139;EXPLOSIVE_UP;3;82.7;3;1
2026.05.26 11:00;3958.00000;3994.00000;3952.00000;3990.00000;54.75;32.37;4.56;76.14;76.98;5.892;STRONG_UP;2;81.4;3;1
2026.05.26 10:45;3954.00000;3980.00000;3952.00000;3959.00000;51.58;32.22;5.26;73.86;80.21;5.069;STRONG_UP;2;80.2;3;1
2026.05.26 10:30;3947.00000;3959.00000;3939.00000;3955.00000;48.45;25.64;6.06;80.95;85.94;4.963;STRONG_UP;2;80.3;3;1
2026.05.26 10:15;3942.00000;3959.00000;3939.00000;3947.00000;46.40;29.58;7.00;85.82;90.02;4.751;STRONG_UP;2;80.1;3;1
2026.05.26 10:00;3953.00000;3969.00000;3936.00000;3942.00000;44.05;34.13;8.07;91.04;90.97;4.618;STRONG_UP;2;80;3;1
2026.05.26 09:45;3929.00000;3972.00000;3929.00000;3953.00000;41.32;39.38;9.32;93.21;85.56;4.910;STRONG_UP;2;80.8;3;1
2026.05.26 09:30;3908.00000;3931.00000;3905.00000;3929.00000;38.18;30.78;10.75;88.67;76.52;4.273;STRONG_UP;2;79.8;3;1
2026.05.26 09:15;3852.00000;3925.00000;3849.00000;3909.00000;36.64;31.96;12.40;74.79;67.41;3.742;STRONG_UP;2;78.6;3;1
2026.05.26 09:00;3786.00000;3886.00000;3784.00000;3852.00000;35.49;28.98;14.31;66.09;70.43;2.229;SOFT_UP;1;71.8;3;1
2026.05.26 08:45;3768.00000;3798.00000;3761.00000;3786.00000;35.74;20.17;16.51;61.33;72.49;0.478;NEUTRE;0;33.9;1;1
2026.05.22 17:15;3811.00000;3825.00000;3809.00000;3819.00000;39.71;23.27;6.32;83.87;72.81;2.167;SOFT_UP;1;57.1;2;1
2026.05.22 17:00;3818.00000;3823.00000;3807.00000;3810.00000;37.00;24.93;7.30;72.27;56.91;1.926;SOFT_UP;1;54.4;2;1
2026.05.22 16:45;3799.00000;3819.00000;3795.00000;3818.00000;34.28;24.92;8.42;62.30;45.57;2.140;SOFT_UP;1;57.6;2;1
2026.05.22 16:30;3797.00000;3807.00000;3795.00000;3798.00000;31.94;21.06;9.71;36.15;43.59;1.605;NEUTRE;0;50.1;2;1
2026.05.22 16:15;3781.00000;3802.00000;3781.00000;3797.00000;31.18;17.89;11.21;38.26;55.46;1.578;NEUTRE;0;50.1;2;1
2026.05.22 16:00;3795.00000;3801.00000;3785.00000;3785.00000;32.44;20.64;10.00;56.37;69.42;1.257;NEUTRE;0;44.1;1;1
2026.05.22 15:45;3800.00000;3813.00000;3785.00000;3795.00000;32.09;23.81;11.54;71.76;77.82;1.525;NEUTRE;0;50;2;1
2026.05.22 15:30;3800.00000;3817.00000;3778.00000;3800.00000;31.69;27.48;13.31;80.14;82.01;1.659;NEUTRE;0;52.8;2;1
2026.05.22 15:15;3795.00000;3823.00000;3792.00000;3800.00000;31.22;31.70;9.84;81.58;79.18;1.659;NEUTRE;0;53.3;2;1
2026.05.22 15:00;3777.00000;3807.00000;3777.00000;3795.00000;27.93;28.64;11.35;84.32;70.98;1.525;NEUTRE;0;51.4;2;1
2026.05.22 14:45;3782.00000;3783.00000;3765.00000;3779.00000;25.58;20.74;13.10;71.64;61.68;1.097;NEUTRE;0;42.5;1;1
2026.05.22 14:30;3740.00000;3793.00000;3723.00000;3782.00000;26.04;23.93;15.12;56.98;61.12;1.177;NEUTRE;0;45;1;1
2026.05.22 14:15;3738.00000;3751.00000;3719.00000;3740.00000;26.57;18.38;17.44;56.41;68.10;0.054;NEUTRE;0;2.7;0;1
2026.05.22 14:00;3753.00000;3761.00000;3735.00000;3738.00000;30.26;21.21;12.43;69.96;77.26;0.000;NEUTRE;0;0;0;1
2026.05.22 13:45;3744.00000;3772.00000;3740.00000;3753.00000;30.90;24.47;11.39;77.94;83.30;0.401;NEUTRE;0;19.8;0;1
2026.05.22 13:30;3735.00000;3757.00000;3726.00000;3743.00000;30.04;21.02;13.14;83.87;86.55;0.134;NEUTRE;0;7;0;1
2026.05.22 13:15;3756.00000;3756.00000;3736.00000;3736.00000;31.11;24.26;10.20;88.10;84.20;-0.054;NEUTRE;0;-2.9;0;1
2026.05.22 13:00;3725.00000;3760.00000;3720.00000;3756.00000;29.62;27.99;11.77;87.68;74.06;0.482;NEUTRE;0;24.5;0;1
2026.05.22 12:45;3682.00000;3727.00000;3682.00000;3725.00000;27.90;19.60;13.58;76.82;67.20;-0.348;NEUTRE;0;-18.6;0;1
2026.05.22 12:30;3687.00000;3691.00000;3669.00000;3682.00000;29.39;10.31;15.66;57.66;63.09;-1.498;NEUTRE;0;-55.9;-2;1
2026.05.22 12:15;3676.00000;3701.00000;3676.00000;3687.00000;30.74;11.89;13.18;67.12;64.51;-1.364;NEUTRE;0;-53.9;-2;1
2026.05.22 12:00;3691.00000;3701.00000;3663.00000;3676.00000;34.68;13.72;15.21;64.49;59.51;-1.659;NEUTRE;0;-59.6;-2;1
2026.05.22 11:45;3670.00000;3699.00000;3669.00000;3690.00000;39.23;15.84;15.12;61.90;50.81;-1.284;NEUTRE;0;-53.4;-2;1
2026.05.22 11:30;3662.00000;3680.00000;3659.00000;3670.00000;44.91;8.53;17.44;52.14;43.28;-1.819;NEUTRE;0;-62.8;-2;1
2026.05.22 11:15;3673.00000;3673.00000;3656.00000;3662.00000;46.54;4.71;20.13;38.40;36.72;-2.033;SOFT_DOWN;-1;-65.8;-3;1
2026.05.22 11:00;3657.00000;3675.00000;3651.00000;3673.00000;44.16;5.44;23.22;39.32;36.99;-1.739;NEUTRE;0;-62.8;-2;1
2026.05.22 10:45;3676.00000;3676.00000;3648.00000;3657.00000;41.40;6.27;26.79;32.43;34.99;-2.167;SOFT_DOWN;-1;-68.1;-3;1
2026.05.22 10:30;3677.00000;3685.00000;3669.00000;3675.00000;38.23;7.24;19.38;39.22;31.16;-1.685;NEUTRE;0;-63.2;-2;1
2026.05.22 10:15;3676.00000;3686.00000;3666.00000;3678.00000;37.09;8.35;22.36;33.33;22.73;-1.605;NEUTRE;0;-62.6;-2;1
2026.05.22 10:00;3685.00000;3690.00000;3674.00000;3676.00000;35.78;9.64;19.64;20.94;14.24;-1.659;NEUTRE;0;-63.9;-2;1
2026.05.22 09:45;3672.00000;3693.00000;3663.00000;3684.00000;36.03;11.12;22.67;13.90;10.87;-1.445;NEUTRE;0;-61.3;-2;1
2026.05.22 09:30;3682.00000;3685.00000;3666.00000;3672.00000;36.32;8.73;26.15;7.87;12.60;-1.766;NEUTRE;0;-66.4;-3;1
2026.05.22 09:15;3685.00000;3699.00000;3679.00000;3682.00000;34.22;10.07;19.65;10.84;18.45;-1.498;NEUTRE;0;-63.4;-2;1
2026.05.22 09:00;3693.00000;3697.00000;3678.00000;3685.00000;34.53;10.09;22.67;19.08;21.26;-1.418;NEUTRE;0;-62.7;-2;1
2026.05.22 08:45;3738.00000;3738.00000;3679.00000;3690.00000;33.93;11.64;25.35;25.44;19.54;-1.284;NEUTRE;0;-61;-2;1
2026.05.21 17:15;3736.00000;3746.00000;3733.00000;3740.00000;33.45;13.43;15.63;19.27;15.36;-2.426;SOFT_DOWN;-1;-60;-2;1
2026.05.21 17:00;3732.00000;3739.00000;3730.00000;3736.00000;37.42;7.21;18.04;13.92;13.99;-2.531;SOFT_DOWN;-1;-61.4;-2;1
2026.05.21 16:45;3741.00000;3741.00000;3731.00000;3732.00000;36.58;8.32;19.11;12.89;16.77;-2.635;SOFT_DOWN;-1;-62.7;-2;1
2026.05.21 16:30;3739.00000;3746.00000;3733.00000;3741.00000;36.16;9.60;18.97;15.15;25.16;-2.400;SOFT_DOWN;-1;-60.8;-2;1
2026.05.21 16:15;3738.00000;3744.00000;3729.00000;3739.00000;36.68;8.71;21.89;22.28;31.99;-2.452;SOFT_DOWN;-1;-61.7;-2;1
2026.05.21 16:00;3759.00000;3759.00000;3729.00000;3737.00000;35.69;10.05;25.25;38.05;33.50;-2.505;SOFT_DOWN;-1;-62.6;-2;1
2026.05.21 15:45;3787.00000;3791.00000;3748.00000;3759.00000;34.56;11.59;19.40;35.63;25.35;-1.931;SOFT_DOWN;-1;-56.5;-2;1
2026.05.21 15:30;3749.00000;3795.00000;3749.00000;3787.00000;36.00;13.38;22.02;26.83;17.16;-1.200;NEUTRE;0;-43.6;-1;1
2026.05.21 15:15;3758.00000;3764.00000;3734.00000;3749.00000;37.78;5.07;25.41;13.59;13.87;-2.191;SOFT_DOWN;-1;-60.5;-2;1
2026.05.21 15:00;3755.00000;3772.00000;3742.00000;3757.00000;33.32;5.85;25.22;11.05;17.45;-1.983;SOFT_DOWN;-1;-58.4;-2;1
2026.05.21 14:45;3788.00000;3794.00000;3737.00000;3752.00000;28.86;6.75;29.10;16.99;26.23;-2.113;SOFT_DOWN;-1;-60.5;-2;1
2026.05.21 14:30;3831.00000;3833.00000;3782.00000;3787.00000;23.71;7.79;21.43;24.30;32.59;-1.200;NEUTRE;0;-45.5;-2;1
2026.05.21 14:15;3822.00000;3835.00000;3806.00000;3832.00000;20.17;8.98;17.48;37.39;36.03;-0.026;NEUTRE;0;-1.3;0;1
2026.05.21 14:00;3863.00000;3865.00000;3799.00000;3822.00000;18.33;10.37;20.17;36.07;34.01;-0.287;NEUTRE;0;-14.2;0;1
2026.05.21 13:45;3868.00000;3876.00000;3835.00000;3865.00000;16.21;11.96;14.89;34.62;29.61;0.835;NEUTRE;0;36.8;1;1
2026.05.21 13:30;3858.00000;3877.00000;3849.00000;3868.00000;17.03;13.80;11.92;31.34;29.71;0.913;NEUTRE;0;39.8;1;1
2026.05.21 13:15;3864.00000;3868.00000;3852.00000;3858.00000;18.52;10.98;13.76;22.89;30.54;0.652;NEUTRE;0;31.2;1;1
2026.05.21 13:00;3851.00000;3872.00000;3848.00000;3863.00000;19.64;12.67;15.87;34.91;35.96;0.783;NEUTRE;0;36.6;1;1
2026.05.21 12:45;3886.00000;3909.00000;3842.00000;3851.00000;20.94;14.62;18.32;33.81;31.73;0.470;NEUTRE;0;24.4;0;1
2026.05.21 12:30;3865.00000;3890.00000;3865.00000;3885.00000;22.43;16.86;15.85;39.16;29.04;1.357;NEUTRE;0;53.2;2;1
2026.05.21 12:15;3875.00000;3880.00000;3862.00000;3865.00000;25.41;13.31;18.29;22.22;22.69;0.835;NEUTRE;0;40;1;1
2026.05.21 12:00;3875.00000;3887.00000;3856.00000;3874.00000;26.89;15.35;21.11;25.75;22.49;1.070;NEUTRE;0;47.7;2;1
2026.05.21 11:45;3889.00000;3891.00000;3872.00000;3874.00000;28.59;17.71;16.41;20.08;24.62;1.070;NEUTRE;0;48.3;2;1
2026.05.21 11:30;3869.00000;3890.00000;3859.00000;3886.00000;32.41;19.63;18.94;21.62;38.08;1.383;NEUTRE;0;56;2;1
2026.05.21 11:15;3891.00000;3893.00000;3863.00000;3869.00000;37.12;22.65;19.87;32.16;56.86;0.939;NEUTRE;0;45.8;2;1
2026.05.21 11:00;3925.00000;3927.00000;3876.00000;3891.00000;41.82;26.13;16.26;60.45;71.49;1.513;NEUTRE;0;59.4;2;1
2026.05.21 10:45;3928.00000;3940.00000;3923.00000;3925.00000;44.67;30.15;4.58;77.98;72.93;2.400;SOFT_UP;1;70;3;1
2026.05.21 10:30;3915.00000;3930.00000;3912.00000;3929.00000;40.21;25.74;5.28;76.05;66.17;2.505;SOFT_UP;1;71.2;3;1
2026.05.21 10:15;3913.00000;3935.00000;3908.00000;3919.00000;36.25;29.70;6.10;64.76;59.53;2.244;SOFT_UP;1;69.6;3;1
2026.05.21 10:00;3891.00000;3919.00000;3889.00000;3913.00000;31.68;25.16;7.03;57.71;56.76;2.087;SOFT_UP;1;68.7;3;1
2026.05.21 09:45;3882.00000;3900.00000;3882.00000;3891.00000;27.90;19.28;8.12;56.12;58.75;1.513;NEUTRE;0;62.4;2;1
2026.05.21 09:30;3891.00000;3898.00000;3880.00000;3882.00000;25.92;20.54;9.36;56.46;59.15;1.278;NEUTRE;0;58.9;2;1
2026.05.21 09:15;3889.00000;3904.00000;3880.00000;3891.00000;24.16;23.70;10.80;63.67;55.74;1.513;NEUTRE;0;63.6;2;1
2026.05.21 09:00;3874.00000;3931.00000;3874.00000;3892.00000;22.12;27.35;12.47;57.31;38.94;1.539;NEUTRE;0;64.6;2;1
2026.05.21 08:45;3833.00000;3882.00000;3833.00000;3872.00000;19.77;18.78;14.38;46.24;31.35;1.017;NEUTRE;0;55.1;2;1
2026.05.20 17:15;3850.00000;3851.00000;3842.00000;3842.00000;20.78;11.93;16.60;13.27;28.86;-1.639;NEUTRE;0;-49.5;-2;1
2026.05.20 17:00;3849.00000;3852.00000;3846.00000;3850.00000;21.46;13.77;12.31;34.56;40.41;-1.434;NEUTRE;0;-46.1;-2;1
2026.05.20 16:45;3863.00000;3863.00000;3846.00000;3848.00000;23.90;15.89;14.21;38.76;45.71;-1.485;NEUTRE;0;-47.5;-2;1
2026.05.20 16:30;3850.00000;3866.00000;3850.00000;3865.00000;26.72;18.33;13.16;47.89;51.91;-1.050;NEUTRE;0;-38.1;-1;1
2026.05.20 16:15;3857.00000;3865.00000;3857.00000;3857.00000;28.30;21.15;8.45;50.49;55.04;-1.254;NEUTRE;0;-43.5;-1;1
2026.05.20 16:00;3862.00000;3864.00000;3856.00000;3858.00000;26.05;22.48;9.75;57.35;57.89;-1.229;NEUTRE;0;-43.4;-1;1
2026.05.20 15:45;3850.00000;3893.00000;3839.00000;3862.00000;23.98;25.94;11.25;57.29;54.50;-1.126;NEUTRE;0;-41.4;-1;1
2026.05.20 15:30;3838.00000;3854.00000;3831.00000;3849.00000;21.60;18.82;12.98;59.04;47.02;-1.459;NEUTRE;0;-49.2;-2;1
2026.05.20 15:15;3854.00000;3870.00000;3834.00000;3838.00000;22.09;21.72;12.97;47.18;37.22;-1.741;NEUTRE;0;-54.6;-2;1
2026.05.20 15:00;3830.00000;3868.00000;3827.00000;3854.00000;21.61;24.21;14.96;34.83;32.83;-1.331;NEUTRE;0;-47.5;-2;1
2026.05.20 14:45;3816.00000;3833.00000;3815.00000;3830.00000;21.30;14.80;17.27;29.65;37.04;-1.946;SOFT_DOWN;-1;-58.4;-2;1
2026.05.20 14:30;3845.00000;3852.00000;3810.00000;3816.00000;23.39;17.08;19.92;34.01;40.45;-2.304;SOFT_DOWN;-1;-62.9;-2;1
2026.05.20 14:15;3841.00000;3871.00000;3840.00000;3845.00000;25.81;19.70;12.00;47.45;38.34;-1.562;NEUTRE;0;-53.5;-2;1
2026.05.20 14:00;3844.00000;3877.00000;3835.00000;3840.00000;26.04;22.73;13.84;39.90;31.50;-1.690;NEUTRE;0;-56.1;-2;1
2026.05.20 13:45;3831.00000;3849.00000;3830.00000;3844.00000;26.31;15.97;15.97;27.67;34.60;-1.587;NEUTRE;0;-54.9;-2;1
2026.05.20 13:30;3823.00000;3842.00000;3812.00000;3831.00000;30.35;12.76;18.43;26.94;48.05;-1.920;SOFT_DOWN;-1;-60.3;-2;1
2026.05.20 13:15;3841.00000;3851.00000;3815.00000;3821.00000;32.23;14.73;19.73;49.19;65.76;-2.176;SOFT_DOWN;-1;-63.7;-2;1
2026.05.20 13:00;3868.00000;3875.00000;3831.00000;3843.00000;34.95;16.99;15.93;68.01;75.93;-1.613;NEUTRE;0;-56.8;-2;1
2026.05.20 12:45;3860.00000;3878.00000;3858.00000;3874.00000;39.83;19.61;8.94;80.07;82.14;-0.819;NEUTRE;0;-38.3;-1;1
2026.05.20 12:30;3872.00000;3879.00000;3852.00000;3860.00000;40.21;22.62;10.31;79.70;83.76;-1.178;NEUTRE;0;-49.2;-2;1
2026.05.20 12:15;3839.00000;3888.00000;3832.00000;3872.00000;40.65;26.10;11.90;86.67;82.61;-0.870;NEUTRE;0;-41.2;-1;1
2026.05.20 12:00;3813.00000;3849.00000;3809.00000;3839.00000;41.15;19.41;13.73;84.92;73.17;-1.715;NEUTRE;0;-60.4;-2;1
2026.05.20 11:45;3799.00000;3816.00000;3792.00000;3812.00000;44.84;9.70;15.84;76.25;57.66;-2.407;SOFT_DOWN;-1;-68.4;-3;1
2026.05.20 11:30;3791.00000;3807.00000;3791.00000;3799.00000;48.04;5.42;18.28;58.33;43.26;-2.739;SOFT_DOWN;-1;-71.2;-3;1
2026.05.20 11:15;3795.00000;3810.00000;3790.00000;3791.00000;47.09;6.26;21.09;38.39;31.75;-2.944;SOFT_DOWN;-1;-72.8;-3;1
2026.05.20 11:00;3782.00000;3809.00000;3778.00000;3795.00000;45.99;6.45;24.33;33.06;24.39;-2.842;SOFT_DOWN;-1;-72.6;-3;1
2026.05.20 10:45;3805.00000;3808.00000;3760.00000;3780.00000;44.13;6.95;28.08;23.79;16.85;-3.226;SOFT_DOWN;-1;-74.9;-3;1
2026.05.20 10:30;3802.00000;3812.00000;3790.00000;3807.00000;41.63;8.02;22.78;16.32;12.62;-2.535;SOFT_DOWN;-1;-71.4;-3;1
2026.05.20 10:15;3786.00000;3807.00000;3780.00000;3802.00000;40.66;5.75;26.29;10.43;12.89;-2.663;SOFT_DOWN;-1;-72.6;-3;1
2026.05.20 10:00;3831.00000;3836.00000;3783.00000;3789.00000;37.06;6.64;28.62;11.11;20.21;-2.995;SOFT_DOWN;-1;-74.8;-3;1
2026.05.20 09:45;3844.00000;3856.00000;3828.00000;3831.00000;33.17;7.66;19.96;17.12;35.31;-1.920;SOFT_DOWN;-1;-67.6;-3;1
2026.05.20 09:30;3848.00000;3853.00000;3820.00000;3844.00000;31.42;7.19;23.03;32.42;54.31;-1.587;NEUTRE;0;-64.1;-2;1
2026.05.20 09:15;3886.00000;3898.00000;3832.00000;3848.00000;28.18;8.29;20.98;56.39;69.53;-1.485;NEUTRE;0;-63.2;-2;1
2026.05.20 09:00;3925.00000;3926.00000;3862.00000;3886.00000;25.85;9.57;17.22;74.12;68.28;-0.512;NEUTRE;0;-35;-1;1
2026.05.20 08:45;3906.00000;3933.00000;3826.00000;3925.00000;25.44;11.04;19.86;78.08;61.24;0.486;NEUTRE;0;34.4;1;1
2026.05.19 17:15;3899.00000;3909.00000;3895.00000;3905.00000;24.96;12.74;13.00;52.63;54.60;3.444;SOFT_UP;1;67.9;3;1
2026.05.19 17:00;3908.00000;3908.00000;3897.00000;3900.00000;28.65;14.70;12.80;53.00;53.81;3.311;SOFT_UP;1;67.4;3;1
2026.05.19 16:45;3905.00000;3908.00000;3900.00000;3908.00000;31.99;16.96;10.58;58.16;50.41;3.523;SOFT_UP;1;68.9;3;1
2026.05.19 16:30;3904.00000;3906.00000;3900.00000;3905.00000;33.34;15.73;12.20;50.27;43.17;3.444;SOFT_UP;1;68.7;3;1
2026.05.19 16:15;3904.00000;3905.00000;3895.00000;3903.00000;36.53;15.58;14.08;42.79;35.80;3.391;SOFT_UP;1;68.7;3;1
2026.05.19 16:00;3898.00000;3920.00000;3898.00000;3904.00000;41.37;17.98;11.63;36.44;31.06;3.417;SOFT_UP;1;69.2;3;1
2026.05.19 15:45;3898.00000;3917.00000;3883.00000;3898.00000;44.44;18.65;13.42;28.17;32.72;3.258;SOFT_UP;1;68.6;3;1
2026.05.19 15:30;3884.00000;3908.00000;3882.00000;3895.00000;48.77;17.44;15.48;28.57;44.31;3.179;SOFT_UP;1;68.4;3;1
2026.05.19 15:15;3935.00000;3935.00000;3869.00000;3885.00000;55.35;20.13;17.87;41.42;58.82;2.914;SOFT_UP;1;67;3;1
2026.05.19 15:00;3941.00000;3948.00000;3925.00000;3934.00000;62.95;23.23;7.56;62.94;67.73;4.212;STRONG_UP;2;73.9;3;1
2026.05.19 14:45;3930.00000;3953.00000;3930.00000;3941.00000;64.81;26.80;5.38;72.09;72.92;4.397;STRONG_UP;2;74.8;3;1
2026.05.19 14:30;3939.00000;3943.00000;3918.00000;3930.00000;64.54;24.23;6.21;68.16;74.09;4.106;STRONG_UP;2;74;3;1
2026.05.19 14:15;3924.00000;3946.00000;3924.00000;3938.00000;65.36;27.96;3.47;78.50;74.72;4.318;STRONG_UP;2;75;3;1
2026.05.19 14:00;3934.00000;3952.00000;3920.00000;3924.00000;63.43;32.26;4.00;75.61;67.83;3.947;STRONG_UP;2;73.9;3;1
2026.05.19 13:45;3903.00000;3938.00000;3903.00000;3934.00000;61.20;30.50;4.62;70.05;59.89;4.212;STRONG_UP;2;75.2;3;1
2026.05.19 13:30;3894.00000;3922.00000;3894.00000;3904.00000;59.28;28.15;5.33;57.81;55.39;3.417;SOFT_UP;1;72.2;3;1
2026.05.19 13:15;3899.00000;3910.00000;3888.00000;3894.00000;57.91;25.89;6.15;51.82;57.55;3.152;SOFT_UP;1;71.2;3;1
2026.05.19 13:00;3883.00000;3906.00000;3873.00000;3899.00000;57.34;27.08;7.10;56.54;63.93;3.285;SOFT_UP;1;72.2;3;1
2026.05.19 12:45;3877.00000;3892.00000;3867.00000;3885.00000;57.17;24.72;8.19;64.29;71.36;2.914;SOFT_UP;1;70.4;3;1
2026.05.19 12:30;3901.00000;3912.00000;3874.00000;3877.00000;58.23;28.52;5.14;70.98;75.54;2.702;SOFT_UP;1;69.4;3;1
2026.05.19 12:15;3870.00000;3928.00000;3870.00000;3902.00000;56.51;32.91;5.93;78.82;72.29;3.364;SOFT_UP;1;73.5;3;1
2026.05.19 12:00;3852.00000;3894.00000;3852.00000;3870.00000;54.51;28.95;6.84;76.82;64.38;2.517;SOFT_UP;1;68.8;3;1
2026.05.19 11:45;3845.00000;3863.00000;3845.00000;3852.00000;53.40;22.05;7.90;61.24;57.05;2.040;SOFT_UP;1;64.9;2;1
2026.05.19 11:30;3810.00000;3860.00000;3804.00000;3844.00000;54.34;23.01;9.11;55.09;58.67;1.828;NEUTRE;0;62.9;2;1
2026.05.19 11:15;3835.00000;3847.00000;3799.00000;3810.00000;56.04;22.98;10.51;54.82;62.59;0.927;NEUTRE;0;45.4;2;1
2026.05.19 11:00;3836.00000;3840.00000;3822.00000;3835.00000;58.94;26.52;4.76;66.10;63.73;1.589;NEUTRE;0;60.7;2;1
2026.05.19 10:45;3824.00000;3846.00000;3823.00000;3836.00000;57.30;30.60;4.64;66.86;61.87;1.616;NEUTRE;0;61.6;2;1
2026.05.19 10:30;3821.00000;3852.00000;3818.00000;3825.00000;54.78;35.30;5.35;58.24;58.68;1.325;NEUTRE;0;57.2;2;1
2026.05.19 10:15;3806.00000;3821.00000;3799.00000;3821.00000;51.88;26.71;6.17;60.51;58.75;1.219;NEUTRE;0;55.7;2;1
2026.05.19 10:00;3805.00000;3835.00000;3803.00000;3805.00000;50.25;30.82;4.32;57.31;58.41;0.795;NEUTRE;0;44.4;1;1
2026.05.19 09:45;3797.00000;3823.00000;3792.00000;3805.00000;46.38;29.79;4.99;58.43;59.27;0.795;NEUTRE;0;45.1;2;1
2026.05.19 09:30;3792.00000;3805.00000;3788.00000;3798.00000;42.55;25.44;5.76;59.49;59.76;0.609;NEUTRE;0;38.3;1;1
2026.05.19 09:15;3800.00000;3822.00000;3787.00000;3792.00000;39.39;29.35;6.64;59.90;57.72;0.450;NEUTRE;0;30.9;1;1
2026.05.19 09:00;3792.00000;3808.00000;3777.00000;3800.00000;35.74;27.71;7.66;59.88;49.26;0.662;NEUTRE;0;42.2;1;1
2026.05.19 08:45;3775.00000;3823.00000;3772.00000;3794.00000;32.52;31.98;8.84;53.38;37.98;0.503;NEUTRE;0;35.3;1;1
2026.05.18 17:15;3761.00000;3779.00000;3761.00000;3762.00000;28.81;25.80;10.20;34.51;29.36;-3.439;SOFT_DOWN;-1;-67.8;-3;1
2026.05.18 17:00;3761.00000;3769.00000;3758.00000;3762.00000;26.57;21.22;11.77;26.06;30.97;-3.439;SOFT_DOWN;-1;-68.1;-3;1
2026.05.18 16:45;3755.00000;3767.00000;3755.00000;3762.00000;26.26;21.69;13.59;27.51;40.17;-3.439;SOFT_DOWN;-1;-68.4;-3;1
2026.05.18 16:30;3755.00000;3762.00000;3749.00000;3755.00000;26.76;18.62;15.68;39.34;53.27;-3.619;SOFT_DOWN;-1;-69.7;-3;1
2026.05.18 16:15;3769.00000;3769.00000;3751.00000;3755.00000;29.56;21.48;15.72;53.65;61.70;-3.619;SOFT_DOWN;-1;-70;-3;1
2026.05.18 16:00;3773.00000;3778.00000;3760.00000;3771.00000;31.73;24.78;11.22;66.82;62.53;-3.208;SOFT_DOWN;-1;-68;-3;1
2026.05.18 15:45;3765.00000;3803.00000;3757.00000;3775.00000;30.81;28.60;12.94;64.62;53.94;-3.106;SOFT_DOWN;-1;-67.6;-3;1
2026.05.18 15:30;3745.00000;3768.00000;3744.00000;3764.00000;29.75;21.29;14.93;56.14;41.71;-3.388;SOFT_DOWN;-1;-69.6;-3;1
2026.05.18 15:15;3739.00000;3748.00000;3727.00000;3745.00000;31.63;11.75;17.23;41.07;31.61;-3.876;STRONG_DOWN;-2;-72.3;-3;1
2026.05.18 15:00;3736.00000;3775.00000;3735.00000;3741.00000;33.58;13.55;14.02;27.91;27.13;-3.978;STRONG_DOWN;-2;-73;-3;1
2026.05.18 14:45;3724.00000;3751.00000;3722.00000;3737.00000;38.49;6.41;16.18;25.86;29.07;-4.081;STRONG_DOWN;-2;-73.6;-3;1
2026.05.18 14:30;3739.00000;3748.00000;3718.00000;3724.00000;37.75;5.80;18.67;27.61;29.39;-4.415;STRONG_DOWN;-2;-75.1;-3;1
2026.05.18 14:15;3755.00000;3760.00000;3720.00000;3740.00000;35.48;6.70;20.51;33.73;25.03;-4.004;STRONG_DOWN;-2;-73.9;-3;1
2026.05.18 14:00;3752.00000;3772.00000;3738.00000;3755.00000;33.12;7.73;16.75;26.82;17.23;-3.619;SOFT_DOWN;-1;-72.6;-3;1
2026.05.18 13:45;3749.00000;3766.00000;3736.00000;3753.00000;32.54;6.20;19.32;14.55;11.87;-3.670;SOFT_DOWN;-1;-73.1;-3;1
2026.05.18 13:30;3757.00000;3779.00000;3737.00000;3749.00000;29.64;7.15;21.78;10.32;10.60;-3.773;STRONG_DOWN;-2;-73.8;-3;1
2026.05.18 13:15;3761.00000;3776.00000;3752.00000;3758.00000;26.42;8.25;19.64;10.74;11.12;-3.542;SOFT_DOWN;-1;-73.1;-3;1
2026.05.18 13:00;3774.00000;3778.00000;3748.00000;3761.00000;24.21;9.52;22.66;10.73;18.33;-3.465;SOFT_DOWN;-1;-73.1;-3;1
2026.05.18 12:45;3794.00000;3800.00000;3759.00000;3778.00000;21.65;10.99;20.51;11.90;30.19;-3.029;SOFT_DOWN;-1;-71.1;-3;1
2026.05.18 12:30;3803.00000;3809.00000;3788.00000;3794.00000;20.33;12.68;12.78;32.35;45.67;-2.618;SOFT_DOWN;-1;-68.8;-3;1
2026.05.18 12:15;3868.00000;3880.00000;3791.00000;3803.00000;23.40;14.63;12.55;46.32;50.98;-2.387;SOFT_DOWN;-1;-67.4;-3;1
2026.05.18 12:00;3825.00000;3883.00000;3798.00000;3868.00000;25.82;16.88;13.27;58.33;54.13;-0.719;NEUTRE;0;-36.4;-1;1
2026.05.18 11:45;3812.00000;3835.00000;3807.00000;3825.00000;27.95;10.79;15.31;48.28;56.51;-1.822;NEUTRE;0;-62.4;-2;1
2026.05.18 11:30;3819.00000;3834.00000;3810.00000;3813.00000;29.59;12.45;16.02;55.79;56.94;-2.130;SOFT_DOWN;-1;-66.3;-3;1
2026.05.18 11:15;3827.00000;3829.00000;3810.00000;3819.00000;32.22;11.16;18.48;65.45;51.20;-1.976;SOFT_DOWN;-1;-65.2;-3;1
2026.05.18 11:00;3843.00000;3851.00000;3801.00000;3827.00000;33.37;12.88;21.32;49.56;35.89;-1.771;NEUTRE;0;-63.2;-2;1
2026.05.18 10:45;3810.00000;3854.00000;3800.00000;3844.00000;34.71;14.86;24.60;38.57;23.88;-1.335;NEUTRE;0;-56.8;-2;1
2026.05.18 10:30;3815.00000;3819.00000;3789.00000;3808.00000;36.25;7.17;28.39;19.53;12.38;-2.259;SOFT_DOWN;-1;-69.3;-3;1
2026.05.18 10:15;3786.00000;3822.00000;3770.00000;3815.00000;32.65;8.28;32.76;13.53;8.71;-2.079;SOFT_DOWN;-1;-68.2;-3;1
2026.05.18 10:00;3824.00000;3825.00000;3777.00000;3786.00000;28.49;9.55;35.72;4.07;6.42;-2.823;SOFT_DOWN;-1;-74;-3;1
2026.05.18 09:45;3869.00000;3877.00000;3818.00000;3825.00000;23.98;11.02;28.08;8.53;9.65;-1.822;NEUTRE;0;-66.5;-3;1
2026.05.18 09:30;3902.00000;3920.00000;3867.00000;3870.00000;20.96;12.71;19.62;6.65;13.88;-0.667;NEUTRE;0;-40.8;-1;1
2026.05.18 09:15;3879.00000;3913.00000;3872.00000;3901.00000;20.89;12.64;22.64;13.76;27.65;0.128;NEUTRE;0;9.7;0;1
2026.05.18 09:00;3925.00000;3948.00000;3879.00000;3879.00000;19.75;14.58;23.50;21.24;53.07;-0.436;NEUTRE;0;-30.8;-1;1
2026.05.18 08:45;3896.00000;3937.00000;3890.00000;3924.00000;19.18;16.83;27.11;47.96;75.36;0.719;NEUTRE;0;45.3;2;1
2026.05.15 17:15;4018.00000;4033.00000;4015.00000;4029.00000;18.53;19.41;17.45;90.00;87.26;-2.563;SOFT_DOWN;-1;-61.3;-2;1
2026.05.15 17:00;4009.00000;4020.00000;3991.00000;4018.00000;20.56;11.29;20.13;88.12;80.83;-2.830;SOFT_DOWN;-1;-64;-2;1
2026.05.15 16:45;4010.00000;4011.00000;4006.00000;4009.00000;19.40;13.03;15.27;83.67;69.31;-3.047;SOFT_DOWN;-1;-65.9;-3;1
2026.05.15 16:30;4009.00000;4014.00000;4008.00000;4010.00000;21.16;15.03;11.47;70.71;58.48;-3.023;SOFT_DOWN;-1;-66.1;-3;1
2026.05.15 16:15;3998.00000;4014.00000;3994.00000;4009.00000;22.35;17.34;13.23;53.54;57.13;-3.047;SOFT_DOWN;-1;-66.6;-3;1
2026.05.15 16:00;3992.00000;3997.00000;3984.00000;3997.00000;23.72;6.93;15.27;51.20;63.48;-3.337;SOFT_DOWN;-1;-68.7;-3;1
2026.05.15 15:45;3994.00000;4003.00000;3982.00000;3993.00000;21.59;8.00;17.62;66.67;66.10;-3.434;SOFT_DOWN;-1;-69.6;-3;1
2026.05.15 15:30;4007.00000;4015.00000;3994.00000;3994.00000;19.14;9.23;11.53;72.57;59.05;-3.410;SOFT_DOWN;-1;-69.7;-3;1
2026.05.15 15:15;3994.00000;4014.00000;3989.00000;4007.00000;20.38;9.92;13.31;59.05;45.97;-3.096;SOFT_DOWN;-1;-68.2;-3;1
2026.05.15 15:00;3991.00000;4014.00000;3984.00000;3994.00000;21.27;11.45;15.36;45.53;34.59;-3.410;SOFT_DOWN;-1;-70.3;-3;1
2026.05.15 14:45;3995.00000;4013.00000;3983.00000;3991.00000;22.29;12.69;17.72;33.33;24.95;-3.482;SOFT_DOWN;-1;-71;-3;1
2026.05.15 14:30;3977.00000;4006.00000;3956.00000;3995.00000;23.18;11.06;20.45;24.91;19.13;-3.386;SOFT_DOWN;-1;-70.8;-3;1
2026.05.15 14:15;3982.00000;3995.00000;3956.00000;3976.00000;22.16;9.37;23.59;16.61;16.08;-3.845;STRONG_DOWN;-2;-73.2;-3;1
2026.05.15 14:00;4009.00000;4010.00000;3966.00000;3980.00000;18.94;10.82;23.28;15.87;14.37;-3.748;STRONG_DOWN;-2;-73.1;-3;1
2026.05.15 13:45;4025.00000;4050.00000;4009.00000;4010.00000;16.23;12.48;11.82;15.77;15.46;-3.023;SOFT_DOWN;-1;-69.7;-3;1
2026.05.15 13:30;4019.00000;4044.00000;4010.00000;4024.00000;18.31;12.15;13.64;11.45;16.55;-2.684;SOFT_DOWN;-1;-67.8;-3;1
2026.05.15 13:15;4004.00000;4039.00000;4004.00000;4019.00000;20.23;11.76;15.74;19.17;23.54;-2.805;SOFT_DOWN;-1;-69;-3;1
2026.05.15 13:00;4063.00000;4071.00000;3999.00000;4003.00000;21.12;13.56;18.16;19.03;30.00;-3.192;SOFT_DOWN;-1;-71.7;-3;1
2026.05.15 12:45;4023.00000;4069.00000;4023.00000;4063.00000;22.14;15.65;15.82;32.44;43.69;-1.741;NEUTRE;0;-59.3;-2;1
2026.05.15 12:30;4129.00000;4137.00000;4004.00000;4023.00000;25.46;18.06;18.26;38.52;57.67;-2.709;SOFT_DOWN;-1;-69.5;-3;1
2026.05.15 12:15;4135.00000;4144.00000;4116.00000;4128.00000;29.29;20.84;8.11;60.11;67.59;-0.169;NEUTRE;0;-9.6;0;1
2026.05.15 12:00;4110.00000;4137.00000;4109.00000;4132.00000;27.03;20.20;9.36;74.38;72.44;-0.073;NEUTRE;0;-4.3;0;1
2026.05.15 11:45;4147.00000;4147.00000;4105.00000;4110.00000;25.55;23.30;10.80;68.27;71.98;-0.605;NEUTRE;0;-32.4;-1;1
2026.05.15 11:30;4100.00000;4144.00000;4100.00000;4144.00000;23.85;25.79;12.46;74.66;77.48;0.218;NEUTRE;0;13.1;0;1
2026.05.15 11:15;4105.00000;4114.00000;4097.00000;4100.00000;22.15;19.27;14.38;73.00;81.12;-0.846;NEUTRE;0;-42.8;-1;1
2026.05.15 11:00;4123.00000;4127.00000;4083.00000;4102.00000;23.33;22.23;16.59;84.77;81.21;-0.798;NEUTRE;0;-41.8;-1;1
2026.05.15 10:45;4111.00000;4129.00000;4098.00000;4121.00000;24.68;25.65;13.90;85.59;65.56;-0.339;NEUTRE;0;-21.2;0;1
2026.05.15 10:30;4078.00000;4113.00000;4069.00000;4111.00000;23.91;21.66;16.04;73.27;43.02;-0.580;NEUTRE;0;-34.2;-1;1
2026.05.15 10:15;4084.00000;4086.00000;4060.00000;4078.00000;25.30;15.55;18.51;37.83;22.61;-1.378;NEUTRE;0;-58.9;-2;1
2026.05.15 10:00;4055.00000;4086.00000;4052.00000;4084.00000;27.85;17.94;21.35;17.95;12.95;-1.233;NEUTRE;0;-56.6;-2;1
2026.05.15 09:45;4056.00000;4063.00000;4038.00000;4053.00000;30.80;10.29;24.64;12.05;10.33;-1.983;SOFT_DOWN;-1;-68.2;-3;1
2026.05.15 09:30;4081.00000;4088.00000;4054.00000;4056.00000;29.22;11.88;18.58;8.84;9.23;-1.911;SOFT_DOWN;-1;-68;-3;1
2026.05.15 09:15;4066.00000;4101.00000;4047.00000;4083.00000;30.33;13.71;21.44;10.10;14.69;-1.258;NEUTRE;0;-59.2;-2;1
2026.05.15 09:00;4081.00000;4117.00000;4064.00000;4067.00000;31.61;15.81;19.90;8.77;39.55;-1.644;NEUTRE;0;-66;-3;1
2026.05.15 08:45;4135.00000;4163.00000;4066.00000;4080.00000;34.71;18.25;22.38;25.21;67.03;-1.330;NEUTRE;0;-61.9;-2;1
2026.05.14 17:15;4225.00000;4233.00000;4220.00000;4222.00000;38.49;21.05;10.64;84.67;90.75;-4.350;STRONG_DOWN;-2;-72.1;-3;1
2026.05.14 17:00;4227.00000;4234.00000;4224.00000;4225.00000;39.35;24.29;7.54;91.19;94.42;-4.282;STRONG_DOWN;-2;-72.1;-3;1
2026.05.14 16:45;4219.00000;4228.00000;4216.00000;4228.00000;37.30;18.80;8.70;96.39;93.64;-4.214;STRONG_DOWN;-2;-72.1;-3;1
2026.05.14 16:30;4224.00000;4227.00000;4216.00000;4219.00000;37.39;20.41;10.04;95.70;86.43;-4.418;STRONG_DOWN;-2;-73.1;-3;1
2026.05.14 16:15;4215.00000;4222.00000;4207.00000;4221.00000;37.90;16.56;11.58;88.83;73.09;-4.372;STRONG_DOWN;-2;-73.2;-3;1
2026.05.14 16:00;4203.00000;4221.00000;4195.00000;4217.00000;41.01;18.08;13.36;74.76;56.76;-4.463;STRONG_DOWN;-2;-73.8;-3;1
2026.05.14 15:45;4172.00000;4213.00000;4157.00000;4203.00000;45.01;16.13;15.42;55.68;40.45;-4.780;STRONG_DOWN;-2;-75;-3;1
2026.05.14 15:30;4147.00000;4194.00000;4144.00000;4173.00000;51.59;13.39;17.79;39.82;28.07;-5.460;STRONG_DOWN;-2;-77;-3;1
2026.05.14 15:15;4135.00000;4153.00000;4127.00000;4147.00000;57.36;2.83;20.53;25.85;18.68;-6.049;STRONG_DOWN;-2;-78.4;-3;1
2026.05.14 15:00;4112.00000;4153.00000;4097.00000;4135.00000;54.53;3.27;23.68;18.52;13.63;-6.321;EXPLOSIVE_DOWN;-3;-79.1;-3;1
2026.05.14 14:45;4218.00000;4239.00000;4091.00000;4112.00000;51.26;3.77;27.33;11.65;12.73;-6.842;EXPLOSIVE_DOWN;-3;-80.1;-3;1
2026.05.14 14:30;4227.00000;4231.00000;4217.00000;4217.00000;47.50;4.35;18.43;10.73;13.76;-4.463;STRONG_DOWN;-2;-75.2;-3;1
2026.05.14 14:15;4229.00000;4244.00000;4217.00000;4227.00000;45.29;5.02;21.27;15.81;13.48;-4.237;STRONG_DOWN;-2;-74.7;-3;1
2026.05.14 14:00;4241.00000;4247.00000;4223.00000;4229.00000;42.75;5.79;21.12;14.74;10.83;-4.191;STRONG_DOWN;-2;-74.8;-3;1
2026.05.14 13:45;4231.00000;4250.00000;4223.00000;4241.00000;40.56;6.68;24.37;9.91;7.96;-3.919;STRONG_DOWN;-2;-74.1;-3;1
2026.05.14 13:30;4221.00000;4253.00000;4217.00000;4232.00000;38.04;7.71;28.12;7.83;8.89;-4.123;STRONG_DOWN;-2;-75.1;-3;1
2026.05.14 13:15;4288.00000;4288.00000;4217.00000;4220.00000;35.12;8.90;32.45;6.14;10.29;-4.395;STRONG_DOWN;-2;-76.2;-3;1
2026.05.14 13:00;4280.00000;4315.00000;4271.00000;4287.00000;31.76;10.26;25.74;12.71;18.63;-2.877;SOFT_DOWN;-1;-69.8;-3;1
2026.05.14 12:45;4335.00000;4339.00000;4271.00000;4279.00000;30.04;11.84;29.70;12.03;24.90;-3.058;SOFT_DOWN;-1;-71.3;-3;1
2026.05.14 12:30;4340.00000;4343.00000;4313.00000;4334.00000;28.04;13.67;24.77;31.14;31.64;-1.812;NEUTRE;0;-60.7;-2;1
2026.05.14 12:15;4375.00000;4393.00000;4335.00000;4340.00000;27.91;15.77;17.30;31.52;26.36;-1.676;NEUTRE;0;-59.3;-2;1
2026.05.14 12:00;4337.00000;4403.00000;4337.00000;4378.00000;31.50;18.19;19.43;32.26;21.13;-0.816;NEUTRE;0;-39.9;-1;1
2026.05.14 11:45;4347.00000;4352.00000;4334.00000;4342.00000;35.84;9.10;22.42;15.30;15.02;-1.631;NEUTRE;0;-59.7;-2;1
2026.05.14 11:30;4363.00000;4366.00000;4338.00000;4346.00000;34.85;10.50;22.45;15.83;14.60;-1.541;NEUTRE;0;-58.8;-2;1
2026.05.14 11:15;4368.00000;4380.00000;4353.00000;4362.00000;34.64;12.12;17.66;13.92;16.85;-1.178;NEUTRE;0;-52.2;-2;1
2026.05.14 11:00;4358.00000;4379.00000;4358.00000;4368.00000;37.10;13.99;17.53;14.05;20.94;-1.042;NEUTRE;0;-49.4;-2;1
2026.05.14 10:45;4374.00000;4379.00000;4350.00000;4358.00000;41.08;16.14;20.22;22.57;31.33;-1.269;NEUTRE;0;-55.5;-2;1
2026.05.14 10:30;4403.00000;4409.00000;4370.00000;4378.00000;45.68;18.62;12.73;26.21;34.72;-0.816;NEUTRE;0;-43.7;-1;1
2026.05.14 10:15;4383.00000;4416.00000;4383.00000;4403.00000;49.81;21.48;9.55;45.20;36.13;-0.249;NEUTRE;0;-16.7;0;1
2026.05.14 10:00;4448.00000;4453.00000;4377.00000;4381.00000;51.56;24.79;11.02;32.76;27.70;-0.748;NEUTRE;0;-42.6;-1;1
2026.05.14 09:45;4379.00000;4454.00000;4362.00000;4448.00000;53.58;28.60;12.72;30.42;30.98;0.770;NEUTRE;0;44.2;1;1
2026.05.14 09:30;4404.00000;4419.00000;4370.00000;4379.00000;55.91;27.15;14.68;19.93;41.61;-0.793;NEUTRE;0;-45.8;-2;1
2026.05.14 09:15;4442.00000;4448.00000;4397.00000;4403.00000;59.92;31.33;8.46;42.59;55.99;-0.249;NEUTRE;0;-18.3;0;1
2026.05.14 09:00;4461.00000;4468.00000;4407.00000;4442.00000;60.30;36.15;6.74;62.32;61.84;0.634;NEUTRE;0;40.9;1;1
2026.05.14 08:45;4414.00000;4487.00000;4414.00000;4461.00000;59.03;41.71;6.02;63.06;59.82;1.065;NEUTRE;0;56.3;2;1
2026.05.13 17:15;4408.00000;4423.00000;4404.00000;4416.00000;56.60;34.64;6.94;60.14;58.59;-2.473;SOFT_DOWN;-1;-60.5;-2;1
2026.05.13 17:00;4406.00000;4411.00000;4404.00000;4408.00000;55.06;30.25;8.01;56.28;59.46;-2.650;SOFT_DOWN;-1;-62.5;-2;1
2026.05.13 16:45;4403.00000;4409.00000;4398.00000;4406.00000;54.59;30.51;9.24;59.37;63.20;-2.694;SOFT_DOWN;-1;-63.2;-2;1
2026.05.13 16:30;4399.00000;4403.00000;4396.00000;4403.00000;54.76;26.81;10.66;62.72;66.08;-2.761;SOFT_DOWN;-1;-64.1;-2;1
2026.05.13 16:15;4408.00000;4412.00000;4400.00000;4400.00000;56.55;30.93;3.51;67.52;70.71;-2.827;SOFT_DOWN;-1;-65;-2;1
2026.05.13 16:00;4396.00000;4433.00000;4394.00000;4408.00000;53.00;35.69;4.05;68.00;75.79;-2.650;SOFT_DOWN;-1;-63.9;-2;1
2026.05.13 15:45;4377.00000;4405.00000;4351.00000;4395.00000;48.91;30.14;4.67;76.61;84.63;-2.937;SOFT_DOWN;-1;-66.5;-3;1
2026.05.13 15:30;4419.00000;4452.00000;4342.00000;4377.00000;45.18;34.78;5.39;82.77;89.70;-3.335;SOFT_DOWN;-1;-69.3;-3;1
2026.05.13 15:15;4329.00000;4430.00000;4329.00000;4420.00000;40.88;37.05;6.22;94.50;92.63;-2.385;SOFT_DOWN;-1;-62.6;-2;1
2026.05.13 15:00;4296.00000;4336.00000;4296.00000;4329.00000;36.21;28.43;7.18;91.82;86.14;-4.395;STRONG_DOWN;-2;-74.5;-3;1
2026.05.13 14:45;4272.00000;4303.00000;4260.00000;4297.00000;32.60;20.11;8.29;91.58;80.64;-5.102;STRONG_DOWN;-2;-76.8;-3;1
2026.05.13 14:30;4267.00000;4281.00000;4250.00000;4272.00000;31.21;15.34;9.56;75.00;74.92;-5.654;STRONG_DOWN;-2;-78.2;-3;1
2026.05.13 14:15;4224.00000;4269.00000;4217.00000;4267.00000;32.44;11.74;11.03;75.32;77.09;-5.764;STRONG_DOWN;-2;-78.6;-3;1
2026.05.13 14:00;4239.00000;4266.00000;4218.00000;4224.00000;36.96;12.66;12.73;74.43;76.53;-6.714;EXPLOSIVE_DOWN;-3;-80.4;-3;1
2026.05.13 13:45;4241.00000;4249.00000;4218.00000;4240.00000;42.60;9.16;14.69;81.53;69.79;-6.360;EXPLOSIVE_DOWN;-3;-80;-3;1
2026.05.13 13:30;4232.00000;4252.00000;4217.00000;4241.00000;45.58;10.57;16.95;73.63;57.36;-6.338;EXPLOSIVE_DOWN;-3;-80.2;-3;1
2026.05.13 13:15;4226.00000;4253.00000;4217.00000;4232.00000;49.03;12.19;19.55;54.21;46.13;-6.537;EXPLOSIVE_DOWN;-3;-80.7;-3;1
2026.05.13 13:00;4187.00000;4245.00000;4170.00000;4226.00000;53.00;10.65;22.56;44.24;42.92;-6.670;EXPLOSIVE_DOWN;-3;-81;-3;1
2026.05.13 12:45;4201.00000;4219.00000;4187.00000;4189.00000;55.64;6.95;26.03;39.94;39.76;-7.487;EXPLOSIVE_DOWN;-3;-82.1;-3;1
2026.05.13 12:30;4219.00000;4236.00000;4195.00000;4201.00000;55.30;8.02;26.19;44.59;33.72;-7.222;EXPLOSIVE_DOWN;-3;-82;-3;1
2026.05.13 12:15;4223.00000;4235.00000;4199.00000;4219.00000;55.63;9.26;28.72;34.75;22.72;-6.824;EXPLOSIVE_DOWN;-3;-81.7;-3;1
2026.05.13 12:00;4208.00000;4265.00000;4158.00000;4223.00000;56.30;10.68;33.14;21.82;15.43;-6.736;EXPLOSIVE_DOWN;-3;-81.8;-3;1
2026.05.13 11:45;4207.00000;4218.00000;4187.00000;4208.00000;57.08;5.56;38.24;11.58;15.41;-7.067;EXPLOSIVE_DOWN;-3;-82.3;-3;1
2026.05.13 11:30;4240.00000;4262.00000;4197.00000;4207.00000;54.39;6.42;39.16;12.89;21.07;-7.089;EXPLOSIVE_DOWN;-3;-82.5;-3;1
2026.05.13 11:15;4251.00000;4282.00000;4224.00000;4240.00000;51.70;7.41;38.79;21.75;27.29;-6.360;EXPLOSIVE_DOWN;-3;-81.8;-3;1
2026.05.13 11:00;4298.00000;4306.00000;4227.00000;4250.00000;49.21;8.55;43.96;28.57;26.59;-6.140;EXPLOSIVE_DOWN;-3;-81.7;-3;1
2026.05.13 10:45;4313.00000;4338.00000;4293.00000;4298.00000;46.40;9.86;37.87;31.55;20.79;-5.080;STRONG_DOWN;-2;-80.2;-3;1
2026.05.13 10:30;4321.00000;4333.00000;4302.00000;4313.00000;44.52;11.38;40.62;19.66;11.53;-4.748;STRONG_DOWN;-2;-79.8;-3;1
2026.05.13 10:15;4282.00000;4325.00000;4255.00000;4319.00000;42.71;9.16;46.87;11.17;6.46;-4.616;STRONG_DOWN;-2;-79.8;-3;1
2026.05.13 10:00;4349.00000;4352.00000;4277.00000;4281.00000;38.93;10.57;49.25;3.75;4.98;-5.455;STRONG_DOWN;-2;-81.5;-3;1
2026.05.13 09:45;4388.00000;4393.00000;4341.00000;4351.00000;34.97;12.20;43.70;4.45;6.41;-3.909;STRONG_DOWN;-2;-78.5;-3;1
2026.05.13 09:30;4405.00000;4426.00000;4377.00000;4390.00000;31.69;14.08;39.77;6.73;9.17;-3.048;SOFT_DOWN;-1;-75.8;-3;1
2026.05.13 09:15;4466.00000;4469.00000;4397.00000;4405.00000;29.22;16.24;39.61;8.07;14.37;-2.716;SOFT_DOWN;-1;-74.5;-3;1
2026.05.13 09:00;4528.00000;4533.00000;4446.00000;4469.00000;27.28;18.74;35.24;12.71;32.23;-1.303;NEUTRE;0;-60.7;-2;1
2026.05.13 08:45;4528.00000;4569.00000;4516.00000;4528.00000;26.77;21.62;28.28;22.32;56.21;0.000;NEUTRE;0;0;0;1
2026.05.12 17:15;4605.00000;4613.00000;4584.00000;4587.00000;28.84;24.95;17.89;61.65;80.44;-1.798;NEUTRE;0;-52.1;-2;1
2026.05.12 17:00;4624.00000;4630.00000;4593.00000;4604.00000;30.74;28.79;15.87;84.65;90.71;-1.434;NEUTRE;0;-46.1;-2;1
2026.05.12 16:45;4618.00000;4631.00000;4618.00000;4623.00000;31.02;33.22;7.92;95.03;91.65;-1.028;NEUTRE;0;-37.1;-1;1
2026.05.12 16:30;4601.00000;4623.00000;4599.00000;4619.00000;26.33;28.86;9.14;92.46;88.23;-1.113;NEUTRE;0;-39.7;-1;1
2026.05.12 16:15;4584.00000;4604.00000;4577.00000;4601.00000;22.40;21.12;10.54;87.46;83.18;-1.499;NEUTRE;0;-48.6;-2;1
2026.05.12 16:00;4582.00000;4590.00000;4576.00000;4585.00000;20.70;16.39;12.17;84.76;78.35;-1.841;NEUTRE;0;-54.8;-2;1
2026.05.12 15:45;4558.00000;4601.00000;4534.00000;4582.00000;21.61;18.91;14.04;77.33;72.31;-1.905;SOFT_DOWN;-1;-56.1;-2;1
2026.05.12 15:30;4521.00000;4570.00000;4521.00000;4557.00000;22.66;14.70;16.20;72.95;67.68;-2.441;SOFT_DOWN;-1;-62.7;-2;1
2026.05.12 15:15;4527.00000;4551.00000;4501.00000;4521.00000;25.41;11.00;18.69;66.67;59.11;-3.211;SOFT_DOWN;-1;-68.9;-3;1
2026.05.12 15:00;4541.00000;4549.00000;4507.00000;4527.00000;25.33;12.69;19.72;63.43;48.94;-3.083;SOFT_DOWN;-1;-68.4;-3;1
2026.05.12 14:45;4525.00000;4562.00000;4503.00000;4541.00000;25.89;14.64;22.75;47.22;37.34;-2.783;SOFT_DOWN;-1;-66.7;-3;1
2026.05.12 14:30;4494.00000;4531.00000;4455.00000;4526.00000;26.54;8.81;26.25;36.18;32.95;-3.104;SOFT_DOWN;-1;-69.2;-3;1
2026.05.12 14:15;4524.00000;4539.00000;4481.00000;4494.00000;22.97;10.17;25.03;28.62;31.67;-3.789;STRONG_DOWN;-2;-73;-3;1
2026.05.12 14:00;4525.00000;4542.00000;4509.00000;4524.00000;20.01;11.73;21.45;34.07;31.11;-3.147;SOFT_DOWN;-1;-70.1;-3;1
2026.05.12 13:45;4564.00000;4577.00000;4485.00000;4524.00000;18.59;13.54;24.75;32.33;27.69;-3.147;SOFT_DOWN;-1;-70.5;-3;1
2026.05.12 13:30;4572.00000;4587.00000;4542.00000;4563.00000;16.94;15.62;19.03;26.95;25.41;-2.312;SOFT_DOWN;-1;-64.6;-2;1
2026.05.12 13:15;4555.00000;4577.00000;4533.00000;4571.00000;18.04;14.61;21.95;23.80;32.14;-2.141;SOFT_DOWN;-1;-63.3;-2;1
2026.05.12 13:00;4569.00000;4571.00000;4536.00000;4558.00000;17.72;14.76;25.33;25.48;47.78;-2.419;SOFT_DOWN;-1;-66.4;-3;1
2026.05.12 12:45;4590.00000;4595.00000;4546.00000;4565.00000;16.39;17.03;24.83;47.16;61.21;-2.269;SOFT_DOWN;-1;-65.5;-3;1
2026.05.12 12:30;4634.00000;4638.00000;4566.00000;4590.00000;16.04;19.65;22.37;70.70;58.13;-1.734;NEUTRE;0;-59.7;-2;1
2026.05.12 12:15;4623.00000;4649.00000;4603.00000;4634.00000;17.51;22.67;17.91;65.79;43.03;-0.792;NEUTRE;0;-38.5;-1;1
2026.05.12 12:00;4572.00000;4628.00000;4552.00000;4622.00000;18.40;19.13;20.67;37.90;37.00;-1.049;NEUTRE;0;-47.1;-2;1
2026.05.12 11:45;4563.00000;4592.00000;4551.00000;4572.00000;20.64;14.79;23.84;25.41;48.37;-2.119;SOFT_DOWN;-1;-65.8;-3;1
2026.05.12 11:30;4609.00000;4615.00000;4562.00000;4564.00000;20.21;17.07;23.39;47.69;67.81;-2.291;SOFT_DOWN;-1;-67.8;-3;1
2026.05.12 11:15;4607.00000;4615.00000;4585.00000;4608.00000;20.92;19.69;20.31;72.01;80.84;-1.349;NEUTRE;0;-55.9;-2;1
2026.05.12 11:00;4615.00000;4615.00000;4569.00000;4607.00000;23.90;22.72;23.43;83.73;85.57;-1.370;NEUTRE;0;-56.9;-2;1
2026.05.12 10:45;4610.00000;4642.00000;4599.00000;4615.00000;27.34;26.22;17.00;86.78;74.03;-1.199;NEUTRE;0;-53.9;-2;1
2026.05.12 10:30;4588.00000;4609.00000;4570.00000;4609.00000;28.26;18.44;19.62;86.20;53.02;-1.327;NEUTRE;0;-57.3;-2;1
2026.05.12 10:15;4579.00000;4608.00000;4577.00000;4587.00000;32.13;21.28;19.87;49.10;26.32;-1.798;NEUTRE;0;-65.2;-3;1
2026.05.12 10:00;4519.00000;4603.00000;4514.00000;4579.00000;36.55;22.07;22.93;23.77;11.29;-1.970;SOFT_DOWN;-1;-67.6;-3;1
2026.05.12 09:45;4510.00000;4522.00000;4500.00000;4520.00000;41.88;11.47;26.46;6.09;4.81;-3.233;SOFT_DOWN;-1;-76.2;-3;1
2026.05.12 09:30;4502.00000;4516.00000;4498.00000;4511.00000;42.24;9.03;30.53;4.02;4.59;-3.425;SOFT_DOWN;-1;-77.3;-3;1
2026.05.12 09:15;4522.00000;4524.00000;4501.00000;4502.00000;40.38;10.42;32.66;4.32;5.71;-3.618;SOFT_DOWN;-1;-78.3;-3;1
2026.05.12 09:00;4566.00000;4592.00000;4513.00000;4524.00000;38.66;12.03;29.66;5.44;8.23;-3.147;SOFT_DOWN;-1;-76.9;-3;1
2026.05.12 08:45;4671.00000;4674.00000;4552.00000;4566.00000;38.10;13.88;26.63;7.39;14.24;-2.248;SOFT_DOWN;-1;-72.5;-3;1
2026.05.11 17:15;4703.00000;4705.00000;4679.00000;4680.00000;39.11;16.01;15.46;11.86;24.80;8.409;EXPLOSIVE_UP;3;80.5;3;1
2026.05.11 17:00;4704.00000;4709.00000;4692.00000;4703.00000;44.86;18.48;10.15;23.48;41.50;8.941;EXPLOSIVE_UP;3;81.2;3;1
2026.05.11 16:45;4711.00000;4720.00000;4692.00000;4703.00000;47.29;21.32;11.71;39.06;60.24;8.941;EXPLOSIVE_UP;3;81.3;3;1
2026.05.11 16:30;4727.00000;4739.00000;4701.00000;4711.00000;50.09;24.60;8.57;61.96;77.03;9.127;EXPLOSIVE_UP;3;81.6;3;1
2026.05.11 16:15;4759.00000;4763.00000;4700.00000;4724.00000;50.36;28.38;9.89;79.71;84.45;9.428;EXPLOSIVE_UP;3;82;3;1
2026.05.11 16:00;4740.00000;4773.00000;4728.00000;4760.00000;50.67;32.75;4.57;89.41;82.75;10.262;SPIKE_UP;4;82.8;3;1
2026.05.11 15:45;4706.00000;4748.00000;4685.00000;4740.00000;46.84;29.24;5.27;84.23;78.17;9.798;EXPLOSIVE_UP;3;82.6;3;1
2026.05.11 15:30;4691.00000;4710.00000;4678.00000;4705.00000;43.37;24.46;6.08;74.63;75.24;8.988;EXPLOSIVE_UP;3;82;3;1
2026.05.11 15:15;4660.00000;4718.00000;4659.00000;4692.00000;40.78;28.22;7.02;75.67;75.48;8.687;EXPLOSIVE_UP;3;81.9;3;1
2026.05.11 15:00;4673.00000;4690.00000;4656.00000;4661.00000;37.80;25.26;8.10;75.42;69.54;7.968;EXPLOSIVE_UP;3;81.3;3;1
2026.05.11 14:45;4643.00000;4682.00000;4634.00000;4673.00000;35.69;25.53;9.34;75.34;56.57;8.246;EXPLOSIVE_UP;3;81.7;3;1
2026.05.11 14:30;4640.00000;4658.00000;4628.00000;4644.00000;34.04;21.77;10.78;57.84;39.52;7.575;EXPLOSIVE_UP;3;81.2;3;1
2026.05.11 14:15;4625.00000;4664.00000;4624.00000;4639.00000;34.09;25.12;12.44;36.51;31.76;7.459;EXPLOSIVE_UP;3;81.2;3;1
2026.05.11 14:00;4614.00000;4641.00000;4606.00000;4626.00000;34.14;20.13;14.35;24.21;35.61;7.158;EXPLOSIVE_UP;3;81;3;1
2026.05.11 13:45;4616.00000;4632.00000;4597.00000;4614.00000;36.81;19.28;16.56;34.56;47.78;6.880;EXPLOSIVE_UP;3;80.8;3;1
2026.05.11 13:30;4648.00000;4653.00000;4597.00000;4620.00000;41.31;22.24;19.11;48.07;58.92;7.019;EXPLOSIVE_UP;3;81.1;3;1
2026.05.11 13:15;4650.00000;4655.00000;4603.00000;4652.00000;46.50;25.66;20.40;60.71;68.18;7.760;EXPLOSIVE_UP;3;82.1;3;1
2026.05.11 13:00;4657.00000;4667.00000;4636.00000;4650.00000;51.89;29.61;13.78;67.97;73.74;7.714;EXPLOSIVE_UP;3;82.2;3;1
2026.05.11 12:45;4679.00000;4701.00000;4653.00000;4655.00000;54.26;34.17;7.46;75.85;74.67;7.830;EXPLOSIVE_UP;3;82.5;3;1
2026.05.11 12:30;4615.00000;4708.00000;4610.00000;4680.00000;52.74;39.42;8.61;77.40;72.60;8.409;EXPLOSIVE_UP;3;83.1;3;1
2026.05.11 12:15;4576.00000;4619.00000;4570.00000;4615.00000;50.98;31.52;9.93;70.75;72.96;6.903;EXPLOSIVE_UP;3;81.8;3;1
2026.05.11 12:00;4575.00000;4606.00000;4568.00000;4576.00000;50.81;32.28;11.46;69.67;78.28;6.000;STRONG_UP;2;80.8;3;1
2026.05.11 11:45;4580.00000;4587.00000;4561.00000;4576.00000;51.30;29.56;13.22;78.47;84.80;6.000;STRONG_UP;2;81;3;1
2026.05.11 11:30;4590.00000;4617.00000;4576.00000;4581.00000;53.32;34.11;6.38;86.71;88.76;6.115;EXPLOSIVE_UP;3;81.3;3;1
2026.05.11 11:15;4575.00000;4612.00000;4567.00000;4596.00000;50.99;37.48;7.36;89.22;86.07;6.463;EXPLOSIVE_UP;3;82;3;1
2026.05.11 11:00;4513.00000;4581.00000;4499.00000;4574.00000;48.49;32.64;8.49;90.35;81.80;5.953;STRONG_UP;2;81.5;3;1
2026.05.11 10:45;4521.00000;4531.00000;4504.00000;4514.00000;46.92;28.29;9.80;78.63;78.04;4.563;STRONG_UP;2;79.2;3;1
2026.05.11 10:30;4471.00000;4527.00000;4464.00000;4521.00000;46.67;30.36;11.30;76.41;81.72;4.726;STRONG_UP;2;79.8;3;1
2026.05.11 10:15;4472.00000;4481.00000;4451.00000;4471.00000;46.82;23.80;13.04;79.07;86.99;3.567;SOFT_UP;1;76.9;3;1
2026.05.11 10:00;4486.00000;4489.00000;4460.00000;4472.00000;49.53;27.46;10.43;89.68;90.86;3.590;SOFT_UP;1;77.3;3;1
2026.05.11 09:45;4489.00000;4504.00000;4472.00000;4488.00000;50.24;31.68;5.67;92.23;90.79;3.961;STRONG_UP;2;78.7;3;1
2026.05.11 09:30;4443.00000;4498.00000;4426.00000;4488.00000;47.25;33.67;6.55;90.68;86.79;3.961;STRONG_UP;2;79;3;1
2026.05.11 09:15;4438.00000;4447.00000;4423.00000;4442.00000;44.15;27.95;7.55;89.45;83.01;2.896;SOFT_UP;1;75.5;3;1
2026.05.11 09:00;4449.00000;4468.00000;4385.00000;4438.00000;42.10;32.25;8.72;80.23;78.04;2.803;SOFT_UP;1;75.4;3;1
2026.05.11 08:45;4317.00000;4463.00000;4317.00000;4448.00000;39.74;36.29;10.06;79.35;83.09;3.035;SOFT_UP;1;76.8;3;1
2026.05.08 17:15;4280.00000;4299.00000;4242.00000;4242.00000;37.14;30.46;11.60;74.54;88.31;-4.309;STRONG_DOWN;-2;-72;-3;1
2026.05.08 17:00;4257.00000;4285.00000;4245.00000;4281.00000;35.96;31.36;13.39;95.38;94.56;-3.429;SOFT_DOWN;-1;-68.1;-3;1
2026.05.08 16:45;4261.00000;4265.00000;4248.00000;4257.00000;35.32;28.49;15.45;95.01;90.85;-3.970;STRONG_DOWN;-2;-71.1;-3;1
2026.05.08 16:30;4248.00000;4264.00000;4248.00000;4261.00000;36.18;31.97;17.83;93.27;84.02;-3.880;STRONG_DOWN;-2;-70.9;-3;1
2026.05.08 16:15;4230.00000;4255.00000;4230.00000;4248.00000;37.38;28.24;20.57;84.26;77.57;-4.173;STRONG_DOWN;-2;-72.5;-3;1
2026.05.08 16:00;4212.00000;4234.00000;4207.00000;4230.00000;40.71;19.66;23.73;74.53;73.90;-4.579;STRONG_DOWN;-2;-74.2;-3;1
2026.05.08 15:45;4205.00000;4216.00000;4141.00000;4212.00000;45.53;12.43;27.38;73.93;63.53;-4.985;STRONG_DOWN;-2;-75.6;-3;1
2026.05.08 15:30;4214.00000;4243.00000;4198.00000;4206.00000;46.75;14.34;19.90;73.24;48.28;-5.121;STRONG_DOWN;-2;-76.2;-3;1
2026.05.08 15:15;4204.00000;4225.00000;4177.00000;4214.00000;51.45;10.39;22.97;43.43;30.01;-4.940;STRONG_DOWN;-2;-75.9;-3;1
2026.05.08 15:00;4139.00000;4207.00000;4138.00000;4204.00000;53.56;6.22;26.50;28.16;22.55;-5.166;STRONG_DOWN;-2;-76.7;-3;1
2026.05.08 14:45;4180.00000;4192.00000;4139.00000;4139.00000;52.27;3.83;30.58;18.43;17.57;-6.632;EXPLOSIVE_DOWN;-3;-79.8;-3;1
2026.05.08 14:30;4198.00000;4215.00000;4135.00000;4180.00000;48.35;4.42;35.28;21.05;13.99;-5.707;STRONG_DOWN;-2;-78.3;-3;1
2026.05.08 14:15;4189.00000;4203.00000;4152.00000;4197.00000;43.84;5.10;37.44;13.23;9.18;-5.324;STRONG_DOWN;-2;-77.7;-3;1
2026.05.08 14:00;4232.00000;4236.00000;4164.00000;4190.00000;38.89;5.89;39.58;7.68;10.51;-5.482;STRONG_DOWN;-2;-78.3;-3;1
2026.05.08 13:45;4255.00000;4294.00000;4228.00000;4232.00000;33.47;6.80;31.99;6.63;14.03;-4.534;STRONG_DOWN;-2;-76.2;-3;1
2026.05.08 13:30;4290.00000;4290.00000;4243.00000;4255.00000;28.63;7.84;33.42;17.23;20.73;-4.015;STRONG_DOWN;-2;-74.7;-3;1
2026.05.08 13:15;4330.00000;4344.00000;4292.00000;4297.00000;23.50;9.05;24.60;18.23;25.66;-3.068;SOFT_DOWN;-1;-70.7;-3;1
2026.05.08 13:00;4327.00000;4364.00000;4281.00000;4330.00000;20.00;10.44;28.38;26.74;42.67;-2.323;SOFT_DOWN;-1;-65.6;-3;1
2026.05.08 12:45;4394.00000;4403.00000;4322.00000;4325.00000;15.97;12.05;25.15;32.00;54.84;-2.436;SOFT_DOWN;-1;-67;-3;1
2026.05.08 12:30;4406.00000;4415.00000;4388.00000;4394.00000;13.00;13.90;16.48;69.28;62.13;-0.880;NEUTRE;0;-40.9;-1;1
2026.05.08 12:15;4415.00000;4417.00000;4390.00000;4405.00000;13.69;16.04;17.88;63.23;54.12;-0.632;NEUTRE;0;-32.4;-1;1
2026.05.08 12:00;4388.00000;4420.00000;4388.00000;4414.00000;14.97;18.51;20.63;53.89;45.57;-0.429;NEUTRE;0;-23.8;0;1
2026.05.08 11:45;4398.00000;4403.00000;4369.00000;4386.00000;16.43;13.66;23.80;45.25;34.20;-1.060;NEUTRE;0;-48;-2;1
2026.05.08 11:30;4404.00000;4410.00000;4392.00000;4398.00000;14.80;15.76;17.06;37.56;23.69;-0.790;NEUTRE;0;-40.2;-1;1
2026.05.08 11:15;4385.00000;4407.00000;4385.00000;4406.00000;16.46;15.62;19.68;19.80;14.95;-0.609;NEUTRE;0;-33.7;-1;1
2026.05.08 11:00;4384.00000;4403.00000;4370.00000;4386.00000;17.23;15.23;22.71;13.73;13.69;-1.060;NEUTRE;0;-49.9;-2;1
2026.05.08 10:45;4421.00000;4422.00000;4378.00000;4384.00000;16.84;17.57;22.48;11.34;15.32;-1.105;NEUTRE;0;-51.7;-2;1
2026.05.08 10:30;4406.00000;4433.00000;4404.00000;4421.00000;17.55;20.27;16.84;16.01;30.36;-0.271;NEUTRE;0;-17.6;0;1
2026.05.08 10:15;4416.00000;4420.00000;4394.00000;4406.00000;18.83;16.50;19.43;18.62;46.88;-0.609;NEUTRE;0;-36.2;-1;1
2026.05.08 10:00;4457.00000;4457.00000;4394.00000;4416.00000;20.47;19.03;22.42;56.44;62.89;-0.383;NEUTRE;0;-25.2;-1;1
2026.05.08 09:45;4514.00000;4521.00000;4457.00000;4457.00000;22.36;21.96;10.49;65.57;65.35;0.541;NEUTRE;0;34.3;1;1
2026.05.08 09:30;4430.00000;4514.00000;4426.00000;4514.00000;20.36;23.66;12.10;66.67;65.03;1.827;NEUTRE;0;67.1;3;1
2026.05.08 09:15;4431.00000;4457.00000;4426.00000;4429.00000;18.52;17.33;13.96;63.80;63.88;-0.090;NEUTRE;0;-6.8;0;1
2026.05.08 09:00;4498.00000;4507.00000;4426.00000;4429.00000;19.71;20.00;16.11;64.61;47.09;-0.090;NEUTRE;0;-7;0;1
2026.05.08 08:45;4433.00000;4511.00000;4431.00000;4498.00000;21.09;23.08;17.64;63.22;30.69;1.466;NEUTRE;0;64.1;2;1
2026.05.07 17:15;4350.00000;4359.00000;4348.00000;4354.00000;22.28;11.73;20.35;13.44;15.43;1.991;SOFT_UP;1;54.9;2;1
2026.05.07 17:00;4354.00000;4356.00000;4348.00000;4349.00000;21.57;9.34;23.49;15.42;20.77;1.874;SOFT_UP;1;53.6;2;1
2026.05.07 16:45;4364.00000;4370.00000;4352.00000;4354.00000;18.26;10.78;19.41;17.42;27.66;1.991;SOFT_UP;1;55.7;2;1
2026.05.07 16:30;4360.00000;4371.00000;4355.00000;4364.00000;16.67;12.44;19.83;29.46;34.62;2.225;SOFT_UP;1;58.9;2;1
2026.05.07 16:15;4390.00000;4391.00000;4344.00000;4360.00000;15.71;14.35;22.88;36.09;38.61;2.132;SOFT_UP;1;58.2;2;1
2026.05.07 16:00;4389.00000;4395.00000;4384.00000;4390.00000;14.61;16.56;13.31;38.30;38.54;2.834;SOFT_UP;1;65.4;3;1
2026.05.07 15:45;4378.00000;4432.00000;4378.00000;4390.00000;15.18;19.11;15.35;41.45;41.06;2.834;SOFT_UP;1;65.7;3;1
2026.05.07 15:30;4408.00000;4412.00000;4363.00000;4378.00000;15.84;16.35;17.72;35.86;46.21;2.553;SOFT_UP;1;63.8;2;1
2026.05.07 15:15;4389.00000;4426.00000;4350.00000;4408.00000;17.66;18.86;20.44;45.86;57.33;3.256;SOFT_UP;1;69.2;3;1
2026.05.07 15:00;4407.00000;4429.00000;4390.00000;4390.00000;19.75;21.77;15.49;56.90;62.04;2.834;SOFT_UP;1;66.7;3;1
2026.05.07 14:45;4439.00000;4446.00000;4400.00000;4407.00000;20.20;25.11;13.93;69.23;56.67;3.233;SOFT_UP;1;69.7;3;1
2026.05.07 14:30;4401.00000;4454.00000;4401.00000;4440.00000;18.90;28.98;15.73;60.00;40.77;4.006;STRONG_UP;2;73.6;3;1
2026.05.07 14:15;4386.00000;4405.00000;4372.00000;4401.00000;17.25;19.21;18.15;40.79;26.60;3.092;SOFT_UP;1;69.5;3;1
2026.05.07 14:00;4385.00000;4398.00000;4373.00000;4386.00000;19.47;18.91;20.95;21.53;24.33;2.741;SOFT_UP;1;67.5;3;1
2026.05.07 13:45;4350.00000;4410.00000;4350.00000;4387.00000;21.68;21.81;24.17;17.47;39.25;2.764;SOFT_UP;1;68;3;1
2026.05.07 13:30;4379.00000;4389.00000;4350.00000;4350.00000;24.22;19.79;27.89;33.99;59.05;1.897;SOFT_UP;1;60;2;1
2026.05.07 13:15;4428.00000;4428.00000;4368.00000;4378.00000;25.33;22.83;25.08;66.29;73.17;2.553;SOFT_UP;1;67.1;3;1
2026.05.07 13:00;4434.00000;4463.00000;4427.00000;4428.00000;28.51;26.34;13.81;76.86;68.68;3.725;STRONG_UP;2;74.2;3;1
2026.05.07 12:45;4392.00000;4434.00000;4384.00000;4434.00000;28.09;18.00;15.93;76.34;54.79;3.865;STRONG_UP;2;75;3;1
2026.05.07 12:30;4412.00000;4414.00000;4378.00000;4392.00000;31.48;14.62;18.39;52.84;36.61;2.881;SOFT_UP;1;70.6;3;1
2026.05.07 12:15;4364.00000;4413.00000;4357.00000;4412.00000;34.56;16.44;21.21;35.18;24.00;3.350;SOFT_UP;1;73.5;3;1
2026.05.07 12:00;4343.00000;4382.00000;4329.00000;4364.00000;37.93;10.45;24.48;21.81;18.31;2.225;SOFT_UP;1;66.3;3;1
2026.05.07 11:45;4396.00000;4399.00000;4318.00000;4343.00000;37.59;12.06;28.24;15.00;15.55;1.733;NEUTRE;0;61.2;2;1
2026.05.07 11:30;4422.00000;4444.00000;4361.00000;4396.00000;37.19;13.91;24.42;18.13;20.23;2.975;SOFT_UP;1;72.6;3;1
2026.05.07 11:15;4443.00000;4448.00000;4415.00000;4421.00000;38.69;16.05;18.17;13.53;27.06;3.561;SOFT_UP;1;75.6;3;1
2026.05.07 11:00;4461.00000;4467.00000;4417.00000;4442.00000;43.70;18.52;20.03;29.02;39.55;4.052;STRONG_UP;2;77.6;3;1
2026.05.07 10:45;4501.00000;4508.00000;4457.00000;4461.00000;49.82;21.37;10.81;38.63;52.89;4.498;STRONG_UP;2;79;3;1
2026.05.07 10:30;4477.00000;4499.00000;4451.00000;4499.00000;52.43;21.95;12.47;51.01;67.24;5.388;STRONG_UP;2;81;3;1
2026.05.07 10:15;4486.00000;4518.00000;4476.00000;4481.00000;56.26;25.32;6.38;69.04;78.97;4.966;STRONG_UP;2;80.5;3;1
2026.05.07 10:00;4494.00000;4531.00000;4483.00000;4486.00000;55.72;29.22;4.79;81.67;86.00;5.083;STRONG_UP;2;80.9;3;1
2026.05.07 09:45;4495.00000;4537.00000;4485.00000;4496.00000;53.24;33.71;4.89;86.20;88.95;5.317;STRONG_UP;2;81.5;3;1
2026.05.07 09:30;4479.00000;4517.00000;4453.00000;4495.00000;49.94;32.98;5.64;90.12;91.15;5.294;STRONG_UP;2;81.7;3;1
2026.05.07 09:15;4511.00000;4521.00000;4432.00000;4475.00000;46.73;38.06;6.51;90.52;89.83;4.825;STRONG_UP;2;81.2;3;1
2026.05.07 09:00;4458.00000;4526.00000;4440.00000;4512.00000;43.03;43.91;6.13;92.80;88.11;5.692;STRONG_UP;2;82.7;3;1
2026.05.07 08:45;4269.00000;4486.00000;4269.00000;4457.00000;38.04;43.51;7.07;86.18;84.93;4.404;STRONG_UP;2;80.8;3;1
2026.05.06 17:15;4236.00000;4277.00000;4228.00000;4264.00000;32.80;35.72;8.16;85.34;84.91;5.492;STRONG_UP;2;75.7;3;1
2026.05.06 17:00;4202.00000;4271.00000;4201.00000;4236.00000;28.19;39.33;9.41;83.28;82.39;4.800;STRONG_UP;2;74;3;1
2026.05.06 16:45;4177.00000;4203.00000;4177.00000;4201.00000;23.08;30.44;10.86;86.11;76.49;3.934;STRONG_UP;2;70.9;3;1
2026.05.06 16:30;4174.00000;4180.00000;4168.00000;4177.00000;19.33;21.51;12.53;77.78;67.08;3.340;SOFT_UP;1;68.1;3;1
2026.05.06 16:15;4170.00000;4185.00000;4166.00000;4173.00000;18.25;24.82;14.46;65.59;62.37;3.241;SOFT_UP;1;67.8;3;1
2026.05.06 16:00;4143.00000;4172.00000;4143.00000;4170.00000;17.00;18.11;16.68;57.86;65.99;3.167;SOFT_UP;1;67.7;3;1
2026.05.06 15:45;4151.00000;4167.00000;4101.00000;4143.00000;18.98;18.25;19.25;63.67;72.04;2.499;SOFT_UP;1;62.9;2;1
2026.05.06 15:30;4181.00000;4194.00000;4120.00000;4151.00000;21.49;21.05;17.78;76.45;73.22;2.697;SOFT_UP;1;65;2;1
2026.05.06 15:15;4172.00000;4192.00000;4167.00000;4181.00000;23.50;24.29;10.74;76.01;63.88;3.439;SOFT_UP;1;70.2;3;1
2026.05.06 15:00;4143.00000;4179.00000;4142.00000;4172.00000;21.17;20.03;12.40;67.19;49.53;3.216;SOFT_UP;1;69.3;3;1
2026.05.06 14:45;4128.00000;4187.00000;4128.00000;4142.00000;20.80;23.11;14.30;48.43;37.08;2.474;SOFT_UP;1;64.2;2;1
2026.05.06 14:30;4108.00000;4129.00000;4100.00000;4128.00000;20.38;11.54;16.50;32.97;34.35;2.128;SOFT_UP;1;61;2;1
2026.05.06 14:15;4100.00000;4120.00000;4090.00000;4108.00000;20.79;8.54;19.04;29.82;48.50;1.633;NEUTRE;0;54.7;2;1
2026.05.06 14:00;4134.00000;4134.00000;4095.00000;4100.00000;18.14;9.86;19.41;40.26;65.06;1.435;NEUTRE;0;51.6;2;1
2026.05.06 13:45;4136.00000;4140.00000;4106.00000;4134.00000;15.90;11.37;18.05;75.41;79.27;2.276;SOFT_UP;1;63.9;2;1
2026.05.06 13:30;4147.00000;4152.00000;4124.00000;4136.00000;14.86;13.12;12.69;79.51;81.75;2.326;SOFT_UP;1;64.8;2;1
2026.05.06 13:15;4119.00000;4154.00000;4116.00000;4147.00000;16.88;15.14;14.64;82.89;85.38;2.598;SOFT_UP;1;67.5;3;1
2026.05.06 13:00;4122.00000;4133.00000;4107.00000;4119.00000;19.22;8.97;16.89;82.86;82.17;1.905;SOFT_UP;1;61;2;1
2026.05.06 12:45;4132.00000;4136.00000;4116.00000;4121.00000;17.46;10.35;14.17;90.38;73.79;1.954;SOFT_UP;1;62.1;2;1
2026.05.06 12:30;4133.00000;4136.00000;4111.00000;4132.00000;17.76;11.94;16.34;73.26;57.00;2.227;SOFT_UP;1;65.5;3;1
2026.05.06 12:15;4087.00000;4134.00000;4066.00000;4133.00000;18.09;12.55;18.86;57.74;52.12;2.251;SOFT_UP;1;66.2;3;1
2026.05.06 12:00;4109.00000;4126.00000;4083.00000;4087.00000;17.78;14.48;17.91;40.00;50.08;1.113;NEUTRE;0;48.8;2;1
2026.05.06 11:45;4116.00000;4127.00000;4103.00000;4107.00000;18.88;16.70;13.51;58.62;52.64;1.608;NEUTRE;0;59.3;2;1
2026.05.06 11:30;4125.00000;4125.00000;4107.00000;4115.00000;20.17;19.27;13.03;51.61;48.86;1.806;NEUTRE;0;62.7;2;1
2026.05.06 11:15;4101.00000;4132.00000;4098.00000;4123.00000;20.29;22.24;15.03;47.69;54.78;2.004;SOFT_UP;1;65.5;3;1
2026.05.06 11:00;4106.00000;4115.00000;4091.00000;4101.00000;20.44;17.97;17.35;47.27;66.90;1.460;NEUTRE;0;58.5;2;1
2026.05.06 10:45;4109.00000;4112.00000;4081.00000;4106.00000;23.32;18.81;20.02;69.39;83.01;1.583;NEUTRE;0;61.1;2;1
2026.05.06 10:30;4141.00000;4141.00000;4104.00000;4109.00000;26.43;21.70;11.68;84.05;86.57;1.658;NEUTRE;0;62.8;2;1
2026.05.06 10:15;4132.00000;4144.00000;4112.00000;4142.00000;25.88;25.04;10.24;95.58;78.14;2.474;SOFT_UP;1;71.4;3;1
2026.05.06 10:00;4118.00000;4137.00000;4115.00000;4133.00000;23.40;25.52;11.81;80.08;60.17;2.251;SOFT_UP;1;70.2;3;1
2026.05.06 09:45;4084.00000;4120.00000;4075.00000;4117.00000;21.35;17.56;13.63;58.75;50.42;1.856;NEUTRE;0;66.9;3;1
2026.05.06 09:30;4065.00000;4090.00000;4056.00000;4083.00000;22.70;10.01;15.73;41.67;48.37;1.014;NEUTRE;0;52.7;2;1
2026.05.06 09:15;4076.00000;4099.00000;4061.00000;4067.00000;22.77;11.55;15.89;50.83;50.24;0.619;NEUTRE;0;39.5;1;1
2026.05.06 09:00;4105.00000;4117.00000;4067.00000;4076.00000;23.85;13.33;15.90;52.60;40.81;0.841;NEUTRE;0;49;2;1
2026.05.06 08:45;4042.00000;4122.00000;4042.00000;4105.00000;26.16;15.38;18.35;47.30;30.50;1.559;NEUTRE;0;65.5;3;1
2026.05.05 17:15;4061.00000;4065.00000;4052.00000;4056.00000;28.83;6.78;21.17;22.52;23.93;5.051;STRONG_UP;2;74.5;3;1
2026.05.05 17:00;4075.00000;4079.00000;4060.00000;4060.00000;25.34;7.82;14.96;21.68;24.84;5.154;STRONG_UP;2;75;3;1
2026.05.05 16:45;4067.00000;4081.00000;4057.00000;4075.00000;24.42;9.03;17.26;27.59;30.22;5.543;STRONG_UP;2;76.2;3;1
2026.05.05 16:30;4077.00000;4084.00000;4059.00000;4067.00000;23.36;10.41;18.64;25.25;36.25;5.335;STRONG_UP;2;75.9;3;1
2026.05.05 16:15;4079.00000;4079.00000;4066.00000;4077.00000;22.60;12.02;17.19;37.81;47.98;5.594;STRONG_UP;2;76.7;3;1
2026.05.05 16:00;4093.00000;4093.00000;4071.00000;4077.00000;23.34;13.87;13.92;45.67;55.62;5.594;STRONG_UP;2;76.9;3;1
2026.05.05 15:45;4089.00000;4100.00000;4057.00000;4093.00000;26.91;16.00;16.06;60.47;62.31;6.009;STRONG_UP;2;78;3;1
2026.05.05 15:30;4105.00000;4121.00000;4067.00000;4089.00000;31.01;18.46;14.96;60.73;61.72;5.905;STRONG_UP;2;78;3;1
2026.05.05 15:15;4089.00000;4124.00000;4084.00000;4105.00000;34.17;21.30;12.42;65.74;65.22;6.320;EXPLOSIVE_UP;3;78.9;3;1
2026.05.05 15:00;4098.00000;4103.00000;4073.00000;4089.00000;35.38;16.50;14.33;58.69;70.86;5.905;STRONG_UP;2;78.3;3;1
2026.05.05 14:45;4088.00000;4120.00000;4082.00000;4098.00000;39.73;19.04;11.91;71.23;82.94;6.138;EXPLOSIVE_UP;3;79;3;1
2026.05.05 14:30;4116.00000;4120.00000;4050.00000;4088.00000;42.30;21.97;13.75;82.67;89.28;5.879;STRONG_UP;2;78.7;3;1
2026.05.05 14:15;4119.00000;4120.00000;4093.00000;4116.00000;45.27;25.35;6.41;94.92;92.05;6.605;EXPLOSIVE_UP;3;80.1;3;1
2026.05.05 14:00;4101.00000;4121.00000;4081.00000;4120.00000;43.06;29.25;7.40;90.26;91.05;6.708;EXPLOSIVE_UP;3;80.4;3;1
2026.05.05 13:45;4081.00000;4107.00000;4065.00000;4100.00000;40.52;28.36;8.54;90.96;93.37;6.190;EXPLOSIVE_UP;3;79.8;3;1
2026.05.05 13:30;4088.00000;4103.00000;4072.00000;4081.00000;38.48;32.73;7.29;91.94;92.70;5.698;STRONG_UP;2;79.1;3;1
2026.05.05 13:15;4066.00000;4089.00000;4051.00000;4088.00000;34.62;30.81;8.41;97.20;91.66;5.879;STRONG_UP;2;79.6;3;1
2026.05.05 13:00;4047.00000;4070.00000;4037.00000;4066.00000;31.16;27.86;9.70;88.96;87.76;5.310;STRONG_UP;2;78.8;3;1
2026.05.05 12:45;4020.00000;4051.00000;4005.00000;4047.00000;28.52;23.29;11.19;88.82;84.55;4.817;STRONG_UP;2;77.9;3;1
2026.05.05 12:30;4040.00000;4047.00000;3981.00000;4020.00000;27.51;25.53;12.91;85.50;70.77;4.118;STRONG_UP;2;76.2;3;1
2026.05.05 12:15;3993.00000;4044.00000;3986.00000;4040.00000;26.69;29.46;13.74;79.34;53.46;4.636;STRONG_UP;2;77.9;3;1
2026.05.05 12:00;3965.00000;4000.00000;3965.00000;3993.00000;25.19;22.32;15.85;47.47;42.49;3.419;SOFT_UP;1;74.1;3;1
2026.05.05 11:45;3967.00000;3982.00000;3943.00000;3965.00000;26.46;17.85;18.29;33.56;49.10;2.694;SOFT_UP;1;70.5;3;1
2026.05.05 11:30;3991.00000;3995.00000;3964.00000;3967.00000;30.34;20.59;12.82;46.45;62.30;2.745;SOFT_UP;1;71.2;3;1
2026.05.05 11:15;3993.00000;3994.00000;3968.00000;3992.00000;31.43;23.76;12.80;67.27;72.98;3.393;SOFT_UP;1;74.9;3;1
2026.05.05 11:00;3976.00000;3998.00000;3971.00000;3994.00000;31.66;27.41;13.00;73.19;79.44;3.445;SOFT_UP;1;75.5;3;1
2026.05.05 10:45;3979.00000;3994.00000;3971.00000;3981.00000;31.04;29.35;15.00;78.48;85.96;3.108;SOFT_UP;1;74.3;3;1
2026.05.05 10:30;3995.00000;4010.00000;3972.00000;3979.00000;30.83;33.87;16.64;86.67;89.88;3.056;SOFT_UP;1;74.4;3;1
2026.05.05 10:15;3991.00000;4013.00000;3981.00000;3994.00000;30.33;39.08;15.55;92.72;89.88;3.445;SOFT_UP;1;76.4;3;1
2026.05.05 10:00;3949.00000;3996.00000;3949.00000;3991.00000;28.37;36.92;17.95;90.25;84.94;3.367;SOFT_UP;1;76.4;3;1
2026.05.05 09:45;3902.00000;3957.00000;3902.00000;3951.00000;27.41;29.83;20.71;86.67;74.83;2.331;SOFT_UP;1;71.2;3;1
2026.05.05 09:30;3920.00000;3925.00000;3871.00000;3903.00000;28.85;25.47;23.89;77.90;59.83;1.088;NEUTRE;0;54.7;2;1
2026.05.05 09:15;3906.00000;3927.00000;3899.00000;3920.00000;32.80;29.39;19.59;59.93;43.54;1.528;NEUTRE;0;63.8;2;1
2026.05.05 09:00;3857.00000;3907.00000;3845.00000;3906.00000;34.77;22.92;22.60;41.67;47.10;1.166;NEUTRE;0;57.9;2;1
2026.05.05 08:45;3861.00000;3881.00000;3838.00000;3857.00000;40.01;20.00;26.08;29.01;62.51;-0.104;NEUTRE;0;-8.3;0;1
2026.05.04 17:15;3924.00000;3925.00000;3895.00000;3903.00000;44.13;23.07;16.60;70.63;81.30;8.567;EXPLOSIVE_UP;3;80.7;3;1
2026.05.04 17:00;3930.00000;3930.00000;3917.00000;3924.00000;48.41;26.62;7.87;87.89;85.02;9.152;EXPLOSIVE_UP;3;81.4;3;1
2026.05.04 16:45;3919.00000;3933.00000;3904.00000;3930.00000;47.50;30.72;9.09;85.38;83.92;9.318;EXPLOSIVE_UP;3;81.7;3;1
2026.05.04 16:30;3905.00000;3924.00000;3904.00000;3918.00000;46.45;30.67;10.48;81.78;84.44;8.985;EXPLOSIVE_UP;3;81.5;3;1
2026.05.04 16:15;3915.00000;3921.00000;3904.00000;3906.00000;46.05;33.08;12.10;84.59;83.19;8.651;EXPLOSIVE_UP;3;81.3;3;1
2026.05.04 16:00;3913.00000;3929.00000;3906.00000;3914.00000;45.98;38.17;12.15;86.96;76.79;8.873;EXPLOSIVE_UP;3;81.7;3;1
2026.05.04 15:45;3857.00000;3916.00000;3857.00000;3913.00000;45.10;35.35;14.02;78.04;66.37;8.846;EXPLOSIVE_UP;3;81.8;3;1
2026.05.04 15:30;3857.00000;3865.00000;3844.00000;3857.00000;45.39;27.49;16.17;65.38;56.01;7.288;EXPLOSIVE_UP;3;80.2;3;1
2026.05.04 15:15;3861.00000;3861.00000;3837.00000;3857.00000;48.39;28.79;18.66;55.70;45.10;7.288;EXPLOSIVE_UP;3;80.4;3;1
2026.05.04 15:00;3850.00000;3869.00000;3848.00000;3861.00000;52.55;33.21;14.48;46.93;43.54;7.399;EXPLOSIVE_UP;3;80.7;3;1
2026.05.04 14:45;3837.00000;3858.00000;3834.00000;3848.00000;54.60;30.26;16.71;32.66;52.54;7.038;EXPLOSIVE_UP;3;80.3;3;1
2026.05.04 14:30;3849.00000;3849.00000;3813.00000;3837.00000;58.56;29.15;19.28;51.03;71.54;6.732;EXPLOSIVE_UP;3;80.1;3;1
2026.05.04 14:15;3885.00000;3889.00000;3842.00000;3848.00000;64.43;33.64;9.85;73.91;84.10;7.038;EXPLOSIVE_UP;3;80.7;3;1
2026.05.04 14:00;3869.00000;3887.00000;3868.00000;3885.00000;65.93;38.81;2.86;89.67;90.67;8.067;EXPLOSIVE_UP;3;82;3;1
2026.05.04 13:45;3865.00000;3877.00000;3855.00000;3869.00000;62.80;36.69;3.30;88.71;92.76;7.622;EXPLOSIVE_UP;3;81.7;3;1
2026.05.04 13:30;3864.00000;3872.00000;3848.00000;3865.00000;59.61;38.83;3.81;93.63;95.45;7.510;EXPLOSIVE_UP;3;81.7;3;1
2026.05.04 13:15;3870.00000;3880.00000;3846.00000;3864.00000;56.14;44.81;4.39;95.95;96.11;7.483;EXPLOSIVE_UP;3;81.8;3;1
2026.05.04 13:00;3828.00000;3873.00000;3816.00000;3870.00000;52.14;48.53;5.07;96.78;95.96;7.650;EXPLOSIVE_UP;3;82.1;3;1
2026.05.04 12:45;3799.00000;3838.00000;3791.00000;3830.00000;47.69;46.55;5.85;95.59;94.12;6.537;EXPLOSIVE_UP;3;81;3;1
2026.05.04 12:30;3772.00000;3811.00000;3769.00000;3799.00000;43.08;44.88;6.75;95.50;86.85;5.675;STRONG_UP;2;79.9;3;1
2026.05.04 12:15;3732.00000;3781.00000;3708.00000;3772.00000;38.34;40.79;7.78;91.28;74.59;4.924;STRONG_UP;2;78.6;3;1
2026.05.04 12:00;3630.00000;3737.00000;3622.00000;3732.00000;33.78;37.80;8.98;73.76;63.18;3.811;STRONG_UP;2;75.7;3;1
2026.05.04 11:45;3595.00000;3632.00000;3595.00000;3631.00000;29.50;29.56;10.36;58.74;62.58;1.001;NEUTRE;0;46.4;2;1
2026.05.04 11:30;3595.00000;3656.00000;3590.00000;3596.00000;26.64;34.11;11.96;57.04;60.90;0.028;NEUTRE;0;1.7;0;1
2026.05.01 17:15;3590.00000;3592.00000;3587.00000;3592.00000;23.34;24.44;13.80;71.95;60.87;1.212;NEUTRE;0;40.9;1;1
2026.05.01 17:00;3574.00000;3592.00000;3574.00000;3591.00000;22.65;28.20;15.92;53.70;60.53;1.183;NEUTRE;0;40.6;1;1
2026.05.01 16:45;3569.00000;3576.00000;3566.00000;3574.00000;21.85;18.86;18.37;56.95;68.11;0.704;NEUTRE;0;27.4;1;1
2026.05.01 16:30;3580.00000;3580.00000;3569.00000;3569.00000;25.01;21.77;16.58;70.94;76.56;0.564;NEUTRE;0;22.8;0;1
2026.05.01 16:15;3580.00000;3584.00000;3575.00000;3580.00000;26.77;25.11;10.74;76.45;81.30;0.873;NEUTRE;0;33.5;1;1
2026.05.01 16:00;3571.00000;3583.00000;3571.00000;3580.00000;24.72;27.27;12.39;82.28;87.34;0.873;NEUTRE;0;33.9;1;1
2026.05.01 15:45;3582.00000;3596.00000;3571.00000;3571.00000;22.75;31.46;14.29;85.17;87.09;0.620;NEUTRE;0;25.9;1;1
2026.05.01 15:30;3545.00000;3586.00000;3544.00000;3582.00000;20.48;30.15;16.49;94.58;80.19;0.930;NEUTRE;0;36.5;1;1
2026.05.01 15:15;3544.00000;3551.00000;3527.00000;3545.00000;19.13;21.97;19.03;81.52;64.27;-0.113;NEUTRE;0;-5.2;0;1
2026.05.01 15:00;3522.00000;3545.00000;3514.00000;3544.00000;20.97;21.50;21.96;64.48;49.55;-0.141;NEUTRE;0;-6.6;0;1
2026.05.01 14:45;3513.00000;3525.00000;3505.00000;3522.00000;24.03;14.89;25.34;46.81;42.44;-0.761;NEUTRE;0;-32.4;-1;1
2026.05.01 14:30;3517.00000;3540.00000;3510.00000;3513.00000;23.73;17.18;25.39;37.35;43.24;-1.014;NEUTRE;0;-40.7;-1;1
2026.05.01 14:15;3519.00000;3523.00000;3487.00000;3514.00000;24.42;11.10;29.29;43.15;49.41;-0.986;NEUTRE;0;-40.4;-1;1
2026.05.01 14:00;3534.00000;3537.00000;3514.00000;3519.00000;21.24;12.81;22.26;49.21;48.59;-0.845;NEUTRE;0;-36.6;-1;1
2026.05.01 13:45;3533.00000;3549.00000;3529.00000;3534.00000;20.36;14.78;15.65;55.88;42.75;-0.423;NEUTRE;0;-20.7;0;1
2026.05.01 13:30;3530.00000;3550.00000;3521.00000;3533.00000;23.05;17.05;18.06;40.67;32.36;-0.451;NEUTRE;0;-22.4;0;1
2026.05.01 13:15;3519.00000;3541.00000;3513.00000;3530.00000;26.15;14.90;20.84;31.71;24.84;-0.535;NEUTRE;0;-26.4;-1;1
2026.05.01 13:00;3522.00000;3526.00000;3510.00000;3519.00000;27.62;8.95;24.05;24.72;22.11;-0.845;NEUTRE;0;-38.7;-1;1
2026.05.01 12:45;3534.00000;3537.00000;3507.00000;3524.00000;24.83;10.33;27.75;18.09;22.48;-0.704;NEUTRE;0;-34.2;-1;1
2026.05.01 12:30;3532.00000;3545.00000;3520.00000;3535.00000;21.61;11.92;25.35;23.53;29.69;-0.394;NEUTRE;0;-21.2;0;1
2026.05.01 12:15;3555.00000;3557.00000;3530.00000;3532.00000;19.39;13.75;23.09;25.82;35.85;-0.479;NEUTRE;0;-25.7;-1;1
2026.05.01 12:00;3543.00000;3564.00000;3540.00000;3555.00000;18.47;15.86;20.95;39.73;46.88;0.169;NEUTRE;0;9.8;0;1
2026.05.01 11:45;3558.00000;3564.00000;3539.00000;3546.00000;19.19;18.30;24.17;42.01;52.66;-0.085;NEUTRE;0;-5.1;0;1
2026.05.01 11:30;3560.00000;3584.00000;3558.00000;3558.00000;20.02;21.12;16.20;58.91;59.91;0.254;NEUTRE;0;15.2;0;1
2026.05.01 11:15;3573.00000;3597.00000;3545.00000;3560.00000;21.07;24.37;18.69;57.06;58.56;0.310;NEUTRE;0;18.7;0;1
2026.05.01 11:00;3527.00000;3580.00000;3524.00000;3573.00000;22.28;23.09;21.57;63.77;61.58;0.676;NEUTRE;0;37.1;1;1
2026.05.01 10:45;3542.00000;3546.00000;3524.00000;3527.00000;25.18;17.30;24.88;54.84;58.20;-0.620;NEUTRE;0;-35.4;-1;1
2026.05.01 10:30;3544.00000;3556.00000;3542.00000;3542.00000;26.29;19.96;16.12;66.14;55.59;-0.197;NEUTRE;0;-13;0;1
2026.05.01 10:15;3542.00000;3547.00000;3535.00000;3544.00000;28.70;13.14;18.60;53.62;49.60;-0.141;NEUTRE;0;-9.6;0;1
2026.05.01 10:00;3526.00000;3554.00000;3524.00000;3543.00000;30.47;15.17;21.47;47.02;50.33;-0.169;NEUTRE;0;-11.8;0;1
2026.05.01 09:45;3533.00000;3535.00000;3515.00000;3525.00000;32.51;7.76;24.77;48.17;51.57;-0.676;NEUTRE;0;-40.5;-1;1
2026.05.01 09:30;3543.00000;3545.00000;3515.00000;3534.00000;29.46;8.95;28.58;55.80;48.81;-0.423;NEUTRE;0;-28.7;-1;1
2026.05.01 09:15;3548.00000;3557.00000;3536.00000;3544.00000;25.95;10.32;22.21;50.73;38.42;-0.141;NEUTRE;0;-10.6;0;1
2026.05.01 09:00;3537.00000;3559.00000;3534.00000;3547.00000;24.32;11.91;25.62;39.89;26.37;-0.056;NEUTRE;0;-4.4;0;1
2026.05.01 08:45;3549.00000;3560.00000;3508.00000;3537.00000;22.44;13.75;29.57;24.64;23.46;-0.338;NEUTRE;0;-25.4;-1;1
2026.04.30 17:15;3560.00000;3563.00000;3557.00000;3560.00000;20.28;15.86;19.62;14.58;31.59;4.675;STRONG_UP;2;73.3;3;1
2026.04.30 17:00;3559.00000;3565.00000;3558.00000;3560.00000;21.77;18.30;20.07;31.15;44.72;4.675;STRONG_UP;2;73.5;3;1
2026.04.30 16:45;3577.00000;3577.00000;3559.00000;3559.00000;24.41;21.12;20.96;49.04;52.89;4.646;STRONG_UP;2;73.7;3;1
2026.04.30 16:30;3583.00000;3587.00000;3575.00000;3577.00000;28.11;24.37;10.51;53.97;55.45;5.175;STRONG_UP;2;75.5;3;1
2026.04.30 16:15;3571.00000;3585.00000;3568.00000;3583.00000;26.32;25.55;12.13;55.66;61.42;5.351;STRONG_UP;2;76.1;3;1
2026.04.30 16:00;3566.00000;3574.00000;3560.00000;3571.00000;24.89;19.53;14.00;56.73;70.37;4.999;STRONG_UP;2;75.4;3;1
2026.04.30 15:45;3575.00000;3580.00000;3550.00000;3566.00000;26.18;22.53;16.15;71.88;79.66;4.852;STRONG_UP;2;75.2;3;1
2026.04.30 15:30;3596.00000;3606.00000;3573.00000;3575.00000;27.67;26.00;6.84;82.50;76.99;5.116;STRONG_UP;2;76.2;3;1
2026.04.30 15:15;3546.00000;3598.00000;3542.00000;3597.00000;22.96;26.27;7.89;84.62;66.81;5.763;STRONG_UP;2;77.9;3;1
2026.04.30 15:00;3541.00000;3550.00000;3537.00000;3547.00000;18.21;17.12;9.11;63.85;54.04;4.293;STRONG_UP;2;74.2;3;1
2026.04.30 14:45;3540.00000;3545.00000;3518.00000;3542.00000;16.31;13.84;10.51;51.97;48.81;4.146;STRONG_UP;2;73.9;3;1
2026.04.30 14:30;3533.00000;3539.00000;3521.00000;3538.00000;16.72;12.55;12.12;46.30;52.11;4.028;STRONG_UP;2;73.7;3;1
2026.04.30 14:15;3528.00000;3543.00000;3520.00000;3533.00000;19.03;14.48;13.99;48.15;59.80;3.881;STRONG_UP;2;73.4;3;1
2026.04.30 14:00;3541.00000;3550.00000;3519.00000;3528.00000;21.69;16.70;16.14;61.88;68.48;3.734;STRONG_UP;2;73.1;3;1
2026.04.30 13:45;3553.00000;3562.00000;3529.00000;3541.00000;24.76;19.27;13.66;69.36;73.49;4.116;STRONG_UP;2;74.8;3;1
2026.04.30 13:30;3530.00000;3560.00000;3508.00000;3554.00000;25.95;21.30;15.76;74.19;77.55;4.499;STRONG_UP;2;76.3;3;1
2026.04.30 13:15;3532.00000;3543.00000;3526.00000;3530.00000;27.65;24.58;12.86;76.90;81.68;3.793;STRONG_UP;2;74.2;3;1
2026.04.30 13:00;3533.00000;3541.00000;3523.00000;3532.00000;27.08;26.55;14.84;81.55;85.43;3.852;STRONG_UP;2;74.7;3;1
2026.04.30 12:45;3527.00000;3535.00000;3513.00000;3533.00000;26.90;25.51;17.12;86.58;89.12;3.881;STRONG_UP;2;75.1;3;1
2026.04.30 12:30;3544.00000;3545.00000;3524.00000;3527.00000;28.01;29.44;12.07;88.16;89.75;3.705;STRONG_UP;2;74.7;3;1
2026.04.30 12:15;3515.00000;3556.00000;3489.00000;3544.00000;25.88;33.96;13.92;92.60;87.11;4.205;STRONG_UP;2;76.7;3;1
2026.04.30 12:00;3458.00000;3530.00000;3458.00000;3515.00000;23.42;33.22;16.06;88.48;78.74;3.352;SOFT_UP;1;73.8;3;1
2026.04.30 11:45;3405.00000;3460.00000;3405.00000;3458.00000;21.67;23.37;18.54;80.25;67.74;1.676;NEUTRE;0;60.3;2;1
2026.04.30 11:30;3402.00000;3415.00000;3393.00000;3404.00000;23.23;14.61;21.39;67.50;54.38;0.088;NEUTRE;0;5.4;0;1
2026.04.30 11:15;3406.00000;3410.00000;3399.00000;3402.00000;23.90;16.85;20.48;55.46;37.72;0.029;NEUTRE;0;1.8;0;1
2026.04.30 11:00;3389.00000;3418.00000;3383.00000;3409.00000;26.09;19.45;23.63;40.19;29.46;0.235;NEUTRE;0;14.7;0;1
2026.04.30 10:45;3389.00000;3390.00000;3378.00000;3389.00000;28.60;10.13;27.27;17.53;30.71;-0.353;NEUTRE;0;-22;0;1
2026.04.30 10:30;3392.00000;3405.00000;3389.00000;3390.00000;25.95;11.69;17.36;30.68;41.00;-0.323;NEUTRE;0;-20.7;0;1
2026.04.30 10:15;3407.00000;3408.00000;3391.00000;3392.00000;26.94;13.49;18.11;43.93;44.96;-0.265;NEUTRE;0;-17.7;0;1
2026.04.30 10:00;3407.00000;3412.00000;3407.00000;3408.00000;28.84;15.56;6.42;48.39;40.79;0.206;NEUTRE;0;14.2;0;1
2026.04.30 09:45;3405.00000;3417.00000;3396.00000;3408.00000;26.87;17.95;7.40;42.55;33.53;0.206;NEUTRE;0;14.6;0;1
2026.04.30 09:30;3408.00000;3414.00000;3390.00000;3405.00000;24.60;18.52;8.54;31.43;27.21;0.118;NEUTRE;0;8.7;0;1
2026.04.30 09:15;3393.00000;3410.00000;3387.00000;3408.00000;22.72;18.80;9.86;26.62;29.62;0.206;NEUTRE;0;15.3;0;1
2026.04.30 09:00;3401.00000;3415.00000;3389.00000;3393.00000;21.41;21.70;10.04;23.58;38.08;-0.235;NEUTRE;0;-17.8;0;1
2026.04.30 08:45;3401.00000;3434.00000;3388.00000;3399.00000;19.05;25.04;11.58;38.67;44.67;-0.059;NEUTRE;0;-4.7;0;1
2026.04.29 17:15;3399.00000;3401.00000;3398.00000;3399.00000;16.32;17.85;13.36;52.00;47.74;1.858;SOFT_UP;1;53;2;1
2026.04.29 17:00;3396.00000;3401.00000;3393.00000;3398.00000;16.62;20.60;15.42;43.33;48.59;1.828;NEUTRE;0;52.9;2;1
2026.04.29 16:45;3394.00000;3397.00000;3390.00000;3396.00000;16.97;16.07;17.79;47.89;52.89;1.768;NEUTRE;0;52.4;2;1
2026.04.29 16:30;3400.00000;3404.00000;3394.00000;3394.00000;18.80;18.55;11.73;54.55;52.82;1.708;NEUTRE;0;51.9;2;1
2026.04.29 16:15;3398.00000;3404.00000;3397.00000;3400.00000;18.23;21.40;8.92;56.25;46.45;1.888;SOFT_UP;1;55;2;1
2026.04.29 16:00;3394.00000;3399.00000;3389.00000;3398.00000;14.70;13.70;10.30;47.67;35.88;1.828;NEUTRE;0;54.6;2;1
2026.04.29 15:45;3395.00000;3409.00000;3388.00000;3394.00000;14.78;15.81;11.88;35.42;27.00;1.708;NEUTRE;0;53.2;2;1
2026.04.29 15:30;3391.00000;3403.00000;3385.00000;3395.00000;14.87;13.85;13.71;24.55;22.41;1.738;NEUTRE;0;54.1;2;1
2026.04.29 15:15;3387.00000;3398.00000;3383.00000;3391.00000;17.08;11.70;15.82;21.05;26.94;1.618;NEUTRE;0;52.6;2;1
2026.04.29 15:00;3397.00000;3401.00000;3382.00000;3387.00000;17.41;13.50;18.25;21.62;39.24;1.498;NEUTRE;0;50.9;2;1
2026.04.29 14:45;3398.00000;3398.00000;3387.00000;3397.00000;17.79;15.58;17.01;38.14;56.24;1.798;NEUTRE;0;56.3;2;1
2026.04.29 14:30;3413.00000;3414.00000;3389.00000;3398.00000;19.85;17.98;16.83;57.95;66.80;1.828;NEUTRE;0;57.2;2;1
2026.04.29 14:15;3419.00000;3419.00000;3399.00000;3414.00000;22.40;20.74;13.26;72.63;70.11;2.307;SOFT_UP;1;63.4;2;1
2026.04.29 14:00;3405.00000;3423.00000;3401.00000;3420.00000;22.46;23.93;13.84;69.83;70.85;2.487;SOFT_UP;1;65.4;3;1
2026.04.29 13:45;3401.00000;3411.00000;3398.00000;3405.00000;21.81;19.23;15.97;67.88;72.78;2.038;SOFT_UP;1;61.3;2;1
2026.04.29 13:30;3407.00000;3419.00000;3396.00000;3401.00000;23.74;22.18;18.43;74.83;67.10;1.918;SOFT_UP;1;60.2;2;1
2026.04.29 13:15;3415.00000;3419.00000;3400.00000;3407.00000;25.97;25.60;18.58;75.64;56.48;2.098;SOFT_UP;1;62.8;2;1
2026.04.29 13:00;3409.00000;3416.00000;3406.00000;3415.00000;27.52;29.53;16.59;50.83;48.05;2.337;SOFT_UP;1;65.7;3;1
2026.04.29 12:45;3380.00000;3410.00000;3378.00000;3409.00000;27.44;24.85;19.14;42.98;52.34;2.158;SOFT_UP;1;64.4;2;1
2026.04.29 12:30;3393.00000;3398.00000;3371.00000;3381.00000;29.66;22.90;22.08;50.34;63.27;1.319;NEUTRE;0;52.4;2;1
2026.04.29 12:15;3414.00000;3415.00000;3392.00000;3392.00000;33.94;26.42;13.51;63.69;73.01;1.648;NEUTRE;0;58.9;2;1
2026.04.29 12:00;3404.00000;3422.00000;3404.00000;3414.00000;34.19;30.49;7.56;75.78;80.29;2.307;SOFT_UP;1;67.1;3;1
2026.04.29 11:45;3428.00000;3428.00000;3399.00000;3404.00000;30.19;35.18;8.73;79.57;79.65;2.008;SOFT_UP;1;64.6;2;1
2026.04.29 11:30;3399.00000;3444.00000;3399.00000;3429.00000;25.56;40.59;10.07;85.53;66.06;2.757;SOFT_UP;1;71.3;3;1
2026.04.29 11:15;3339.00000;3410.00000;3339.00000;3399.00000;20.23;35.21;11.62;73.85;47.26;1.858;SOFT_UP;1;63.8;2;1
2026.04.29 11:00;3330.00000;3342.00000;3330.00000;3339.00000;15.59;25.89;13.41;38.81;41.28;0.060;NEUTRE;0;3.8;0;1
2026.04.29 10:45;3327.00000;3331.00000;3327.00000;3330.00000;13.10;15.78;15.47;29.11;53.63;-0.210;NEUTRE;0;-13.5;0;1
2026.04.29 10:30;3324.00000;3330.00000;3324.00000;3328.00000;14.97;14.36;17.85;55.91;70.78;-0.270;NEUTRE;0;-17.6;0;1
2026.04.29 10:15;3345.00000;3345.00000;3324.00000;3324.00000;15.60;16.57;20.60;75.86;73.02;-0.390;NEUTRE;0;-25.1;-1;1
2026.04.29 10:00;3339.00000;3346.00000;3334.00000;3345.00000;16.33;19.11;16.44;80.56;62.17;0.240;NEUTRE;0;16.5;0;1
2026.04.29 09:45;3339.00000;3343.00000;3332.00000;3340.00000;17.69;18.21;18.97;62.64;44.60;0.090;NEUTRE;0;6.5;0;1
2026.04.29 09:30;3327.00000;3342.00000;3323.00000;3339.00000;20.09;19.61;21.89;43.30;30.69;0.060;NEUTRE;0;4.4;0;1
2026.04.29 09:15;3315.00000;3333.00000;3312.00000;3327.00000;22.34;15.34;25.26;27.86;22.81;-0.300;NEUTRE;0;-21.8;0;1
2026.04.29 09:00;3311.00000;3325.00000;3310.00000;3315.00000;22.01;11.84;29.14;20.92;21.85;-0.659;NEUTRE;0;-42;-1;1
2026.04.29 08:45;3337.00000;3345.00000;3299.00000;3311.00000;18.91;13.66;33.63;19.64;22.88;-0.779;NEUTRE;0;-47.6;-2;1
2026.04.28 17:15;3360.00000;3361.00000;3357.00000;3358.00000;15.32;15.76;23.68;25.00;25.13;1.267;NEUTRE;0;42.1;1;1
2026.04.28 17:00;3361.00000;3365.00000;3359.00000;3360.00000;14.59;18.19;19.63;24.00;28.20;1.327;NEUTRE;0;43.9;1;1
2026.04.28 16:45;3359.00000;3362.00000;3357.00000;3361.00000;16.25;13.29;22.65;26.39;35.09;1.357;NEUTRE;0;44.9;1;1
2026.04.28 16:30;3368.00000;3368.00000;3354.00000;3359.00000;14.74;15.34;26.13;34.21;40.50;1.297;NEUTRE;0;44.1;1;1
2026.04.28 16:15;3368.00000;3372.00000;3365.00000;3368.00000;13.01;17.70;18.06;44.68;42.43;1.568;NEUTRE;0;49.9;2;1
2026.04.28 16:00;3376.00000;3379.00000;3368.00000;3368.00000;14.85;20.42;14.25;42.61;40.42;1.568;NEUTRE;0;50.4;2;1
2026.04.28 15:45;3369.00000;3379.00000;3369.00000;3375.00000;14.40;23.56;15.04;40.00;39.89;1.779;NEUTRE;0;54.3;2;1
2026.04.28 15:30;3370.00000;3374.00000;3365.00000;3368.00000;13.22;20.20;17.35;38.64;46.03;1.568;NEUTRE;0;51.2;2;1
2026.04.28 15:15;3370.00000;3383.00000;3361.00000;3370.00000;14.09;23.30;20.02;41.04;55.65;1.628;NEUTRE;0;52.7;2;1
2026.04.28 15:00;3369.00000;3375.00000;3354.00000;3372.00000;15.09;21.29;23.10;58.39;62.37;1.689;NEUTRE;0;54.2;2;1
2026.04.28 14:45;3390.00000;3397.00000;3369.00000;3370.00000;16.78;24.57;15.67;67.50;54.91;1.628;NEUTRE;0;53.7;2;1
2026.04.28 14:30;3369.00000;3394.00000;3369.00000;3389.00000;15.96;26.70;18.08;61.21;42.81;2.201;SOFT_UP;1;61.9;2;1
2026.04.28 14:15;3354.00000;3375.00000;3353.00000;3368.00000;15.46;19.57;20.86;36.04;32.94;1.568;NEUTRE;0;53.6;2;1
2026.04.28 14:00;3358.00000;3363.00000;3352.00000;3355.00000;17.34;14.18;24.07;31.20;33.86;1.176;NEUTRE;0;46;2;1
2026.04.28 13:45;3367.00000;3370.00000;3357.00000;3358.00000;16.03;16.37;20.78;31.58;42.67;1.267;NEUTRE;0;48.6;2;1
2026.04.28 13:30;3363.00000;3375.00000;3347.00000;3367.00000;16.67;18.88;23.98;38.79;58.62;1.538;NEUTRE;0;54.5;2;1
2026.04.28 13:15;3366.00000;3373.00000;3359.00000;3364.00000;17.41;21.79;21.08;57.63;77.54;1.448;NEUTRE;0;53.4;2;1
2026.04.28 13:00;3387.00000;3388.00000;3363.00000;3365.00000;19.83;25.14;19.92;79.43;89.53;1.478;NEUTRE;0;54.5;2;1
2026.04.28 12:45;3384.00000;3389.00000;3367.00000;3388.00000;21.10;29.01;20.53;95.57;92.60;2.171;SOFT_UP;1;64.5;2;1
2026.04.28 12:30;3382.00000;3388.00000;3378.00000;3384.00000;21.71;33.47;15.99;93.59;85.68;2.051;SOFT_UP;1;63.7;2;1
2026.04.28 12:15;3361.00000;3384.00000;3359.00000;3382.00000;19.61;32.47;18.45;88.65;72.86;1.990;SOFT_UP;1;63.4;2;1
2026.04.28 12:00;3351.00000;3365.00000;3345.00000;3361.00000;18.40;25.77;21.29;74.80;55.28;1.357;NEUTRE;0;54.3;2;1
2026.04.28 11:45;3349.00000;3359.00000;3347.00000;3351.00000;19.76;25.12;24.57;55.12;38.11;1.055;NEUTRE;0;47.9;2;1
2026.04.28 11:30;3339.00000;3351.00000;3335.00000;3349.00000;22.63;18.73;28.35;35.94;26.01;0.995;NEUTRE;0;46.8;2;1
2026.04.28 11:15;3344.00000;3344.00000;3323.00000;3339.00000;22.97;14.88;32.71;23.28;28.78;0.694;NEUTRE;0;37.2;1;1
2026.04.28 11:00;3355.00000;3359.00000;3340.00000;3344.00000;20.74;17.17;25.29;18.81;41.65;0.844;NEUTRE;0;43.4;1;1
2026.04.28 10:45;3356.00000;3361.00000;3350.00000;3355.00000;20.99;19.81;21.08;44.25;61.25;1.176;NEUTRE;0;53.4;2;1
2026.04.28 10:30;3365.00000;3366.00000;3352.00000;3356.00000;23.74;22.86;21.52;61.90;73.93;1.206;NEUTRE;0;54.7;2;1
2026.04.28 10:15;3362.00000;3369.00000;3360.00000;3363.00000;26.93;26.37;16.04;77.60;83.15;1.417;NEUTRE;0;59.6;2;1
2026.04.28 10:00;3365.00000;3379.00000;3361.00000;3362.00000;27.33;30.43;16.80;82.30;86.13;1.387;NEUTRE;0;59.7;2;1
2026.04.28 09:45;3356.00000;3368.00000;3348.00000;3364.00000;27.10;25.71;19.39;89.54;87.90;1.448;NEUTRE;0;61.3;2;1
2026.04.28 09:30;3355.00000;3372.00000;3348.00000;3357.00000;29.11;29.66;22.37;86.55;81.66;1.236;NEUTRE;0;58;2;1
2026.04.28 09:15;3330.00000;3356.00000;3328.00000;3354.00000;31.43;23.97;25.81;87.62;72.57;1.146;NEUTRE;0;56.8;2;1
2026.04.28 09:00;3335.00000;3340.00000;3314.00000;3329.00000;35.70;18.87;29.78;70.81;58.39;0.392;NEUTRE;0;28.2;1;1
2026.04.28 08:45;3316.00000;3344.00000;3305.00000;3335.00000;37.74;21.77;34.37;59.29;53.40;0.573;NEUTRE;0;38.9;1;1
2026.04.27 17:15;3292.00000;3292.00000;3278.00000;3284.00000;40.09;11.79;39.65;45.07;49.02;-2.984;SOFT_DOWN;-1;-64.9;-2;1
2026.04.27 17:00;3305.00000;3305.00000;3289.00000;3293.00000;37.92;13.60;34.47;55.84;44.32;-2.718;SOFT_DOWN;-1;-63.1;-2;1
2026.04.27 16:45;3300.00000;3306.00000;3300.00000;3305.00000;37.08;15.69;29.20;46.15;34.50;-2.363;SOFT_DOWN;-1;-60.1;-2;1
2026.04.27 16:30;3298.00000;3307.00000;3297.00000;3300.00000;38.15;18.11;33.69;30.97;25.74;-2.511;SOFT_DOWN;-1;-61.9;-2;1
2026.04.27 16:15;3300.00000;3300.00000;3295.00000;3298.00000;39.39;10.12;38.87;26.37;19.80;-2.570;SOFT_DOWN;-1;-62.8;-2;1
2026.04.27 16:00;3301.00000;3302.00000;3298.00000;3299.00000;36.43;11.68;35.62;19.88;17.04;-2.541;SOFT_DOWN;-1;-62.9;-2;1
2026.04.27 15:45;3304.00000;3304.00000;3283.00000;3300.00000;34.24;13.48;41.10;13.14;20.87;-2.511;SOFT_DOWN;-1;-63;-2;1
2026.04.27 15:30;3314.00000;3318.00000;3304.00000;3304.00000;31.72;15.55;32.04;18.10;31.66;-2.393;SOFT_DOWN;-1;-62.3;-2;1
2026.04.27 15:15;3337.00000;3341.00000;3313.00000;3314.00000;31.27;17.94;27.08;31.36;43.10;-2.097;SOFT_DOWN;-1;-59.4;-2;1
2026.04.27 15:00;3330.00000;3345.00000;3329.00000;3337.00000;32.96;20.70;22.45;45.52;53.02;-1.418;NEUTRE;0;-49.3;-2;1
2026.04.27 14:45;3328.00000;3330.00000;3317.00000;3330.00000;37.41;9.46;25.91;52.44;61.74;-1.625;NEUTRE;0;-53.6;-2;1
2026.04.27 14:30;3338.00000;3346.00000;3327.00000;3328.00000;36.01;10.92;18.06;61.11;66.41;-1.684;NEUTRE;0;-55;-2;1
2026.04.27 14:15;3338.00000;3346.00000;3327.00000;3338.00000;37.76;12.60;20.84;71.67;61.66;-1.388;NEUTRE;0;-50.2;-2;1
2026.04.27 14:00;3347.00000;3358.00000;3329.00000;3338.00000;39.78;14.54;22.42;66.46;45.18;-1.388;NEUTRE;0;-50.7;-2;1
2026.04.27 13:45;3315.00000;3358.00000;3314.00000;3347.00000;42.62;16.77;25.87;46.85;30.36;-1.123;NEUTRE;0;-45.2;-2;1
2026.04.27 13:30;3310.00000;3319.00000;3298.00000;3316.00000;45.89;5.72;29.85;22.22;29.13;-2.038;SOFT_DOWN;-1;-61.7;-2;1
2026.04.27 13:15;3326.00000;3330.00000;3310.00000;3310.00000;42.51;6.60;25.65;22.02;37.58;-2.216;SOFT_DOWN;-1;-64.1;-2;1
2026.04.27 13:00;3336.00000;3336.00000;3318.00000;3326.00000;39.96;7.61;23.45;43.14;42.39;-1.743;NEUTRE;0;-58.8;-2;1
2026.04.27 12:45;3339.00000;3339.00000;3328.00000;3335.00000;38.26;8.78;18.51;47.57;35.91;-1.477;NEUTRE;0;-55;-2;1
2026.04.27 12:30;3332.00000;3339.00000;3326.00000;3339.00000;38.67;10.13;21.35;36.45;26.57;-1.359;NEUTRE;0;-53.2;-2;1
2026.04.27 12:15;3326.00000;3352.00000;3325.00000;3332.00000;39.13;11.69;24.64;23.71;19.66;-1.566;NEUTRE;0;-57.6;-2;1
2026.04.27 12:00;3337.00000;3342.00000;3319.00000;3325.00000;39.67;7.79;28.43;19.54;24.36;-1.773;NEUTRE;0;-61.2;-2;1
2026.04.27 11:45;3339.00000;3343.00000;3334.00000;3337.00000;37.01;8.99;22.77;15.71;35.86;-1.418;NEUTRE;0;-56.1;-2;1
2026.04.27 11:30;3334.00000;3354.00000;3333.00000;3340.00000;36.03;10.38;26.27;37.84;52.23;-1.329;NEUTRE;0;-54.9;-2;1
2026.04.27 11:15;3351.00000;3353.00000;3338.00000;3338.00000;34.90;11.97;26.65;54.02;57.65;-1.388;NEUTRE;0;-56.6;-2;1
2026.04.27 11:00;3355.00000;3356.00000;3344.00000;3350.00000;34.42;13.81;24.60;64.81;51.54;-1.034;NEUTRE;0;-49.2;-2;1
2026.04.27 10:45;3351.00000;3358.00000;3349.00000;3355.00000;35.40;15.94;21.98;54.10;36.52;-0.886;NEUTRE;0;-45.4;-2;1
2026.04.27 10:30;3348.00000;3354.00000;3340.00000;3352.00000;38.39;11.55;25.36;35.71;22.38;-0.975;NEUTRE;0;-48.8;-2;1
2026.04.27 10:15;3339.00000;3349.00000;3338.00000;3346.00000;38.55;7.84;29.26;19.75;13.82;-1.152;NEUTRE;0;-54.1;-2;1
2026.04.27 10:00;3346.00000;3348.00000;3329.00000;3339.00000;35.60;7.64;33.76;11.68;10.46;-1.359;NEUTRE;0;-59.1;-2;1
2026.04.27 09:45;3367.00000;3367.00000;3341.00000;3346.00000;31.37;8.82;29.24;10.05;9.29;-1.152;NEUTRE;0;-55.5;-2;1
2026.04.27 09:30;3368.00000;3370.00000;3361.00000;3367.00000;27.94;10.18;21.90;9.65;10.40;-0.532;NEUTRE;0;-34.6;-1;1
2026.04.27 09:15;3371.00000;3372.00000;3359.00000;3368.00000;26.62;11.74;25.27;8.18;14.38;-0.502;NEUTRE;0;-33.8;-1;1
2026.04.27 09:00;3372.00000;3385.00000;3365.00000;3370.00000;25.09;13.55;22.05;13.38;32.28;-0.443;NEUTRE;0;-31.2;-1;1
2026.04.27 08:45;3385.00000;3404.00000;3367.00000;3371.00000;25.28;15.63;23.91;21.57;48.08;-0.414;NEUTRE;0;-30.2;-1;1
2026.04.24 17:15;3430.00000;3437.00000;3430.00000;3436.00000;25.94;18.04;13.54;61.90;60.23;-1.122;NEUTRE;0;-38.7;-1;1
2026.04.24 17:00;3431.00000;3431.00000;3426.00000;3430.00000;27.74;7.63;15.62;60.76;55.33;-1.295;NEUTRE;0;-43.2;-1;1
2026.04.24 16:45;3431.00000;3432.00000;3426.00000;3431.00000;26.72;8.80;18.03;58.04;46.70;-1.266;NEUTRE;0;-42.9;-1;1
2026.04.24 16:30;3433.00000;3437.00000;3424.00000;3431.00000;25.54;10.16;20.80;47.18;36.48;-1.266;NEUTRE;0;-43.4;-1;1
2026.04.24 16:15;3433.00000;3439.00000;3433.00000;3433.00000;24.18;11.72;13.35;34.88;26.95;-1.209;NEUTRE;0;-42.5;-1;1
2026.04.24 16:00;3424.00000;3441.00000;3424.00000;3433.00000;26.90;13.52;15.40;27.38;27.38;-1.209;NEUTRE;0;-42.9;-1;1
2026.04.24 15:45;3434.00000;3439.00000;3410.00000;3424.00000;30.04;13.79;17.77;18.59;38.60;-1.468;NEUTRE;0;-48.9;-2;1
2026.04.24 15:30;3430.00000;3439.00000;3425.00000;3434.00000;32.72;15.91;12.55;36.18;61.21;-1.180;NEUTRE;0;-43.2;-1;1
2026.04.24 15:15;3454.00000;3460.00000;3425.00000;3428.00000;35.93;18.36;14.48;61.02;78.99;-1.353;NEUTRE;0;-47.5;-2;1
2026.04.24 15:00;3461.00000;3471.00000;3447.00000;3454.00000;39.64;21.18;7.04;86.43;88.49;-0.604;NEUTRE;0;-26.4;-1;1
2026.04.24 14:45;3468.00000;3469.00000;3452.00000;3460.00000;38.03;24.44;4.92;89.52;87.53;-0.432;NEUTRE;0;-19.8;0;1
2026.04.24 14:30;3449.00000;3469.00000;3437.00000;3468.00000;33.65;28.20;5.67;89.50;82.07;-0.201;NEUTRE;0;-9.7;0;1
2026.04.24 14:15;3428.00000;3461.00000;3422.00000;3449.00000;28.60;28.70;6.55;83.57;74.68;-0.748;NEUTRE;0;-32.9;-1;1
2026.04.24 14:00;3416.00000;3433.00000;3414.00000;3427.00000;23.33;22.07;7.56;73.15;65.50;-1.381;NEUTRE;0;-50.5;-2;1
2026.04.24 13:45;3399.00000;3421.00000;3398.00000;3416.00000;19.38;15.75;8.72;67.31;59.06;-1.698;NEUTRE;0;-56.7;-2;1
2026.04.24 13:30;3407.00000;3417.00000;3398.00000;3399.00000;17.95;15.49;10.06;56.03;52.12;-2.187;SOFT_DOWN;-1;-63.4;-2;1
2026.04.24 13:15;3399.00000;3414.00000;3393.00000;3406.00000;17.44;15.45;11.61;53.85;44.78;-1.986;SOFT_DOWN;-1;-61.6;-2;1
2026.04.24 13:00;3401.00000;3417.00000;3391.00000;3399.00000;17.93;17.82;13.39;46.48;34.75;-2.187;SOFT_DOWN;-1;-64.2;-2;1
2026.04.24 12:45;3402.00000;3405.00000;3396.00000;3402.00000;18.51;13.47;15.45;34.00;22.22;-2.101;SOFT_DOWN;-1;-63.8;-2;1
2026.04.24 12:30;3384.00000;3404.00000;3381.00000;3402.00000;20.30;13.83;17.83;23.78;20.69;-2.101;SOFT_DOWN;-1;-64.2;-2;1
2026.04.24 12:15;3392.00000;3395.00000;3379.00000;3384.00000;21.48;9.93;20.57;8.87;31.58;-2.619;SOFT_DOWN;-1;-69.2;-3;1
2026.04.24 12:00;3399.00000;3421.00000;3386.00000;3392.00000;19.42;11.46;17.01;29.41;51.50;-2.388;SOFT_DOWN;-1;-67.8;-3;1
2026.04.24 11:45;3424.00000;3429.00000;3398.00000;3398.00000;19.41;13.23;14.35;56.47;55.83;-2.216;SOFT_DOWN;-1;-66.7;-3;1
2026.04.24 11:30;3422.00000;3427.00000;3406.00000;3423.00000;21.77;15.26;12.59;68.60;45.34;-1.496;NEUTRE;0;-58;-2;1
2026.04.24 11:15;3411.00000;3424.00000;3404.00000;3423.00000;23.64;15.41;14.52;42.42;29.91;-1.496;NEUTRE;0;-58.6;-2;1
2026.04.24 11:00;3406.00000;3414.00000;3403.00000;3410.00000;26.82;10.09;16.76;25.00;23.10;-1.871;SOFT_DOWN;-1;-64.5;-2;1
2026.04.24 10:45;3413.00000;3413.00000;3400.00000;3406.00000;27.13;10.24;19.33;22.30;18.77;-1.986;SOFT_DOWN;-1;-66.3;-3;1
2026.04.24 10:30;3421.00000;3423.00000;3399.00000;3413.00000;26.57;11.82;22.31;21.99;14.20;-1.784;NEUTRE;0;-64.5;-2;1
2026.04.24 10:15;3419.00000;3425.00000;3411.00000;3421.00000;25.93;13.64;18.05;12.03;10.44;-1.554;NEUTRE;0;-61.8;-2;1
2026.04.24 10:00;3413.00000;3431.00000;3413.00000;3418.00000;27.78;15.74;18.63;8.59;13.38;-1.640;NEUTRE;0;-63.7;-2;1
2026.04.24 09:45;3440.00000;3440.00000;3411.00000;3413.00000;30.76;18.16;21.49;10.71;17.46;-1.784;NEUTRE;0;-66.1;-3;1
2026.04.24 09:30;3446.00000;3454.00000;3440.00000;3440.00000;34.20;20.95;9.42;20.83;20.88;-1.007;NEUTRE;0;-52.5;-2;1
2026.04.24 09:15;3448.00000;3451.00000;3442.00000;3446.00000;33.61;20.88;10.86;20.83;20.16;-0.835;NEUTRE;0;-48;-2;1
2026.04.24 09:00;3440.00000;3453.00000;3436.00000;3449.00000;33.93;24.09;12.54;20.97;23.22;-0.748;NEUTRE;0;-45.7;-2;1
2026.04.24 08:45;3475.00000;3483.00000;3435.00000;3440.00000;34.30;27.80;14.46;18.69;30.57;-1.007;NEUTRE;0;-54.8;-2;1
2026.04.23 17:15;3447.00000;3456.00000;3445.00000;3452.00000;34.72;23.42;16.69;30.00;45.74;1.024;NEUTRE;0;36.2;1;1
2026.04.23 17:00;3454.00000;3454.00000;3446.00000;3450.00000;37.48;24.22;19.26;43.01;61.37;0.966;NEUTRE;0;35;1;1
2026.04.23 16:45;3462.00000;3463.00000;3450.00000;3454.00000;41.49;27.95;14.53;64.22;71.66;1.083;NEUTRE;0;38.5;1;1
2026.04.23 16:30;3464.00000;3473.00000;3458.00000;3462.00000;43.01;32.25;7.29;76.87;74.84;1.317;NEUTRE;0;44.5;1;1
2026.04.23 16:15;3460.00000;3466.00000;3456.00000;3464.00000;39.92;30.03;8.42;73.89;75.74;1.375;NEUTRE;0;46.2;2;1
2026.04.23 16:00;3446.00000;3462.00000;3442.00000;3462.00000;37.41;28.50;9.71;73.78;80.29;1.317;NEUTRE;0;45.4;2;1
2026.04.23 15:45;3451.00000;3464.00000;3443.00000;3446.00000;35.60;32.89;10.44;79.55;87.25;0.849;NEUTRE;0;33.6;1;1
2026.04.23 15:30;3459.00000;3473.00000;3448.00000;3452.00000;33.10;37.94;8.38;87.55;90.22;1.024;NEUTRE;0;39.1;1;1
2026.04.23 15:15;3429.00000;3466.00000;3426.00000;3460.00000;28.38;39.47;9.67;94.64;87.19;1.258;NEUTRE;0;45.4;2;1
2026.04.23 15:00;3423.00000;3433.00000;3417.00000;3429.00000;23.41;32.86;11.16;88.48;76.53;0.351;NEUTRE;0;16.1;0;1
2026.04.23 14:45;3397.00000;3425.00000;3396.00000;3423.00000;19.43;30.22;12.87;78.45;65.62;0.176;NEUTRE;0;8.4;0;1
2026.04.23 14:30;3381.00000;3412.00000;3381.00000;3396.00000;16.23;27.97;14.85;62.65;52.61;-0.615;NEUTRE;0;-27.6;-1;1
2026.04.23 14:15;3378.00000;3383.00000;3371.00000;3381.00000;14.01;17.88;17.14;55.77;39.27;-1.054;NEUTRE;0;-42.3;-1;1
2026.04.23 14:00;3380.00000;3393.00000;3376.00000;3377.00000;15.84;20.63;13.37;39.41;25.40;-1.171;NEUTRE;0;-45.8;-2;1
2026.04.23 13:45;3360.00000;3402.00000;3358.00000;3379.00000;14.99;23.81;15.42;22.63;16.50;-1.112;NEUTRE;0;-44.9;-1;1
2026.04.23 13:30;3356.00000;3368.00000;3350.00000;3361.00000;14.01;15.58;17.79;14.15;14.90;-1.639;NEUTRE;0;-56.2;-2;1
2026.04.23 13:15;3367.00000;3379.00000;3354.00000;3356.00000;15.14;17.98;17.11;12.73;19.49;-1.785;NEUTRE;0;-58.9;-2;1
2026.04.23 13:00;3362.00000;3373.00000;3358.00000;3369.00000;17.09;17.05;19.75;17.82;30.27;-1.405;NEUTRE;0;-53.1;-2;1
2026.04.23 12:45;3385.00000;3387.00000;3353.00000;3362.00000;18.60;19.68;22.78;27.91;44.79;-1.610;NEUTRE;0;-57.3;-2;1
2026.04.23 12:30;3411.00000;3416.00000;3373.00000;3384.00000;20.33;22.70;17.24;45.07;53.55;-0.966;NEUTRE;0;-43.6;-1;1
2026.04.23 12:15;3407.00000;3425.00000;3391.00000;3411.00000;21.35;26.19;13.45;61.40;54.38;-0.176;NEUTRE;0;-10;0;1
2026.04.23 12:00;3398.00000;3427.00000;3398.00000;3408.00000;19.69;30.22;12.35;54.17;45.70;-0.263;NEUTRE;0;-15.1;0;1
2026.04.23 11:45;3394.00000;3408.00000;3394.00000;3400.00000;16.26;24.80;14.25;47.56;38.62;-0.498;NEUTRE;0;-27.6;-1;1
2026.04.23 11:30;3395.00000;3407.00000;3392.00000;3393.00000;14.61;27.58;16.45;35.37;34.85;-0.702;NEUTRE;0;-36.9;-1;1
2026.04.23 11:15;3392.00000;3395.00000;3383.00000;3395.00000;12.97;19.52;18.98;32.93;38.05;-0.644;NEUTRE;0;-35.2;-1;1
2026.04.23 11:00;3395.00000;3409.00000;3390.00000;3394.00000;14.75;22.52;12.92;36.26;49.13;-0.673;NEUTRE;0;-37;-1;1
2026.04.23 10:45;3391.00000;3397.00000;3390.00000;3395.00000;12.85;16.27;14.91;44.95;58.43;-0.644;NEUTRE;0;-36.4;-1;1
2026.04.23 10:30;3395.00000;3399.00000;3391.00000;3392.00000;14.15;18.78;15.00;66.19;65.23;-0.732;NEUTRE;0;-40.6;-1;1
2026.04.23 10:15;3406.00000;3413.00000;3392.00000;3392.00000;14.61;21.66;15.39;64.16;59.15;-0.732;NEUTRE;0;-41.3;-1;1
2026.04.23 10:00;3392.00000;3408.00000;3387.00000;3406.00000;14.25;21.33;17.76;65.35;50.09;-0.322;NEUTRE;0;-21.6;0;1
2026.04.23 09:45;3401.00000;3411.00000;3388.00000;3392.00000;15.04;24.62;19.76;47.95;35.72;-0.732;NEUTRE;0;-42.8;-1;1
2026.04.23 09:30;3377.00000;3404.00000;3374.00000;3399.00000;15.67;23.72;22.80;36.99;24.46;-0.527;NEUTRE;0;-34.3;-1;1
2026.04.23 09:15;3369.00000;3382.00000;3369.00000;3379.00000;17.77;16.09;26.30;22.22;16.22;-1.112;NEUTRE;0;-56;-2;1
2026.04.23 09:00;3397.00000;3397.00000;3355.00000;3368.00000;16.80;18.56;30.35;14.18;15.83;-1.434;NEUTRE;0;-63;-2;1
2026.04.23 08:45;3417.00000;3428.00000;3397.00000;3397.00000;15.68;21.42;19.63;12.24;23.83;-0.585;NEUTRE;0;-39.5;-1;1
2026.04.22 17:15;3403.00000;3404.00000;3394.00000;3398.00000;17.42;12.80;22.65;21.05;37.76;2.380;SOFT_UP;1;59.5;2;1
2026.04.22 17:00;3411.00000;3415.00000;3398.00000;3403.00000;15.83;14.77;19.99;38.20;51.38;2.531;SOFT_UP;1;61.4;2;1
2026.04.22 16:45;3420.00000;3425.00000;3399.00000;3410.00000;15.95;17.04;22.16;54.02;54.76;2.742;SOFT_UP;1;63.6;2;1
2026.04.22 16:30;3419.00000;3428.00000;3419.00000;3420.00000;16.40;19.67;13.73;61.90;51.67;3.043;SOFT_UP;1;66.2;3;1
2026.04.22 16:15;3418.00000;3423.00000;3414.00000;3420.00000;16.19;14.15;15.84;48.35;43.51;3.043;SOFT_UP;1;66.6;3;1
2026.04.22 16:00;3413.00000;3421.00000;3402.00000;3418.00000;17.81;12.90;18.28;44.76;35.91;2.983;SOFT_UP;1;66.5;3;1
2026.04.22 15:45;3423.00000;3430.00000;3410.00000;3412.00000;17.90;14.89;14.61;37.40;25.66;2.802;SOFT_UP;1;65.5;3;1
2026.04.22 15:30;3420.00000;3428.00000;3406.00000;3423.00000;20.51;15.64;16.86;25.57;16.18;3.133;SOFT_UP;1;68.1;3;1
2026.04.22 15:15;3409.00000;3425.00000;3405.00000;3420.00000;23.09;15.95;19.46;14.00;12.62;3.043;SOFT_UP;1;67.9;3;1
2026.04.22 15:00;3421.00000;3424.00000;3402.00000;3408.00000;25.12;17.63;22.45;8.96;14.05;2.682;SOFT_UP;1;65.6;3;1
2026.04.22 14:45;3426.00000;3437.00000;3417.00000;3421.00000;27.13;20.35;15.42;14.89;26.28;3.073;SOFT_UP;1;68.7;3;1
2026.04.22 14:30;3442.00000;3444.00000;3417.00000;3426.00000;29.18;23.48;17.79;18.28;42.14;3.224;SOFT_UP;1;69.9;3;1
2026.04.22 14:15;3427.00000;3456.00000;3427.00000;3442.00000;31.55;27.09;14.83;45.65;63.73;3.706;STRONG_UP;2;72.7;3;1
2026.04.22 14:00;3478.00000;3482.00000;3427.00000;3429.00000;31.91;31.26;17.11;62.50;75.03;3.314;SOFT_UP;1;71.1;3;1
2026.04.22 13:45;3455.00000;3483.00000;3455.00000;3478.00000;32.31;36.06;11.91;83.03;78.75;4.791;STRONG_UP;2;76.9;3;1
2026.04.22 13:30;3439.00000;3459.00000;3437.00000;3455.00000;29.54;28.43;13.74;79.56;77.22;4.098;STRONG_UP;2;75;3;1
2026.04.22 13:15;3443.00000;3446.00000;3436.00000;3439.00000;28.72;23.71;15.85;73.66;78.51;3.616;SOFT_UP;1;73.4;3;1
2026.04.22 13:00;3432.00000;3445.00000;3419.00000;3444.00000;30.09;25.82;18.29;78.46;83.70;3.766;STRONG_UP;2;74.3;3;1
2026.04.22 12:45;3446.00000;3453.00000;3424.00000;3432.00000;32.09;29.79;18.15;83.40;84.89;3.405;SOFT_UP;1;73.1;3;1
2026.04.22 12:30;3448.00000;3458.00000;3440.00000;3445.00000;33.29;34.37;12.45;89.25;81.48;3.796;STRONG_UP;2;75;3;1
2026.04.22 12:15;3397.00000;3450.00000;3397.00000;3449.00000;31.21;32.82;14.36;82.01;78.40;3.917;STRONG_UP;2;75.7;3;1
2026.04.22 12:00;3385.00000;3401.00000;3378.00000;3397.00000;29.99;23.65;16.57;73.19;80.16;2.350;SOFT_UP;1;67.5;3;1
2026.04.22 11:45;3391.00000;3393.00000;3375.00000;3385.00000;31.90;21.93;19.12;80.00;85.74;1.989;SOFT_UP;1;64.4;2;1
2026.04.22 11:30;3394.00000;3401.00000;3388.00000;3390.00000;35.76;25.31;10.96;87.30;88.24;2.139;SOFT_UP;1;66.4;3;1
2026.04.22 11:15;3382.00000;3403.00000;3382.00000;3394.00000;35.17;29.20;12.64;89.92;88.06;2.260;SOFT_UP;1;68;3;1
2026.04.22 11:00;3377.00000;3392.00000;3376.00000;3382.00000;34.49;25.64;14.59;87.50;81.66;1.898;SOFT_UP;1;64.8;2;1
2026.04.22 10:45;3370.00000;3383.00000;3367.00000;3377.00000;35.57;20.93;16.83;86.77;68.45;1.748;NEUTRE;0;63.5;2;1
2026.04.22 10:30;3330.00000;3384.00000;3329.00000;3370.00000;39.37;24.14;19.42;70.71;54.81;1.537;NEUTRE;0;61;2;1
2026.04.22 10:15;3313.00000;3333.00000;3313.00000;3329.00000;43.76;13.59;22.41;47.87;49.75;0.301;NEUTRE;0;19.9;0;1
2026.04.22 10:00;3317.00000;3322.00000;3304.00000;3312.00000;46.73;7.63;25.85;45.83;55.61;-0.211;NEUTRE;0;-14.6;0;1
2026.04.22 09:45;3319.00000;3321.00000;3313.00000;3317.00000;45.54;8.80;22.14;55.56;64.18;-0.060;NEUTRE;0;-4.3;0;1
2026.04.22 09:30;3317.00000;3321.00000;3305.00000;3319.00000;45.91;10.15;25.54;65.45;68.99;0.000;NEUTRE;0;0;0;1
2026.04.22 09:15;3324.00000;3326.00000;3309.00000;3317.00000;46.34;11.72;25.63;71.52;65.89;-0.060;NEUTRE;0;-4.6;0;1
2026.04.22 09:00;3329.00000;3335.00000;3320.00000;3324.00000;47.74;13.52;19.62;70.00;51.04;0.151;NEUTRE;0;11.7;0;1
2026.04.22 08:45;3319.00000;3339.00000;3312.00000;3329.00000;52.25;15.60;22.63;56.14;35.15;0.301;NEUTRE;0;23;0;1
2026.04.21 17:15;3291.00000;3298.00000;3284.00000;3297.00000;57.46;2.98;26.12;26.97;25.37;-2.311;SOFT_DOWN;-1;-58.8;-2;1
2026.04.21 17:00;3290.00000;3293.00000;3290.00000;3291.00000;54.06;3.44;23.54;22.34;28.33;-2.489;SOFT_DOWN;-1;-61;-2;1
2026.04.21 16:45;3297.00000;3302.00000;3290.00000;3290.00000;50.92;3.97;27.16;26.80;32.57;-2.519;SOFT_DOWN;-1;-61.6;-2;1
2026.04.21 16:30;3303.00000;3305.00000;3285.00000;3295.00000;47.28;4.58;31.34;35.85;34.37;-2.370;SOFT_DOWN;-1;-60.5;-2;1
2026.04.21 16:15;3309.00000;3314.00000;3303.00000;3303.00000;43.09;5.28;22.32;35.04;30.12;-2.133;SOFT_DOWN;-1;-58.3;-2;1
2026.04.21 16:00;3306.00000;3312.00000;3305.00000;3309.00000;40.22;6.09;25.75;32.23;24.30;-1.956;SOFT_DOWN;-1;-56.4;-2;1
2026.04.21 15:45;3311.00000;3315.00000;3292.00000;3305.00000;36.91;7.03;29.71;23.08;19.97;-2.074;SOFT_DOWN;-1;-58.3;-2;1
2026.04.21 15:30;3309.00000;3320.00000;3305.00000;3311.00000;33.10;8.11;25.59;17.61;20.08;-1.896;SOFT_DOWN;-1;-56.4;-2;1
2026.04.21 15:15;3311.00000;3324.00000;3309.00000;3310.00000;30.21;9.36;25.42;19.23;22.36;-1.926;SOFT_DOWN;-1;-57.3;-2;1
2026.04.21 15:00;3324.00000;3331.00000;3302.00000;3310.00000;27.75;10.80;29.33;23.42;26.46;-1.926;SOFT_DOWN;-1;-57.7;-2;1
2026.04.21 14:45;3325.00000;3338.00000;3322.00000;3324.00000;24.91;12.46;23.24;24.43;35.50;-1.511;NEUTRE;0;-51.6;-2;1
2026.04.21 14:30;3332.00000;3334.00000;3310.00000;3325.00000;24.10;10.53;26.81;31.53;44.40;-1.481;NEUTRE;0;-51.5;-2;1
2026.04.21 14:15;3348.00000;3350.00000;3329.00000;3332.00000;21.10;12.15;18.76;50.55;48.49;-1.274;NEUTRE;0;-47.8;-2;1
2026.04.21 14:00;3356.00000;3360.00000;3341.00000;3348.00000;21.06;14.02;12.85;51.11;43.10;-0.800;NEUTRE;0;-35.1;-1;1
2026.04.21 13:45;3333.00000;3359.00000;3332.00000;3357.00000;23.63;15.36;14.83;43.82;44.88;-0.533;NEUTRE;0;-25.5;-1;1
2026.04.21 13:30;3343.00000;3344.00000;3331.00000;3334.00000;26.99;9.18;17.11;34.38;55.20;-1.215;NEUTRE;0;-47.9;-2;1
2026.04.21 13:15;3344.00000;3353.00000;3339.00000;3342.00000;26.50;10.59;10.27;56.44;68.04;-0.978;NEUTRE;0;-42.3;-1;1
2026.04.21 13:00;3348.00000;3361.00000;3338.00000;3344.00000;30.34;12.22;11.85;74.77;74.39;-0.919;NEUTRE;0;-41;-1;1
2026.04.21 12:45;3354.00000;3355.00000;3345.00000;3348.00000;34.77;14.10;9.00;72.90;72.49;-0.800;NEUTRE;0;-37.7;-1;1
2026.04.21 12:30;3333.00000;3356.00000;3332.00000;3353.00000;36.72;16.27;10.38;75.51;71.76;-0.652;NEUTRE;0;-32.7;-1;1
2026.04.21 12:15;3340.00000;3350.00000;3332.00000;3332.00000;38.97;14.93;11.98;69.05;66.96;-1.274;NEUTRE;0;-52;-2;1
2026.04.21 12:00;3333.00000;3343.00000;3324.00000;3340.00000;43.27;11.25;13.82;70.73;60.61;-1.037;NEUTRE;0;-46.8;-2;1
2026.04.21 11:45;3328.00000;3335.00000;3321.00000;3333.00000;48.35;6.50;15.94;61.11;54.34;-1.244;NEUTRE;0;-52.5;-2;1
2026.04.21 11:30;3333.00000;3333.00000;3317.00000;3328.00000;49.31;5.30;18.40;50.00;47.31;-1.393;NEUTRE;0;-56.2;-2;1
2026.04.21 11:15;3325.00000;3338.00000;3317.00000;3333.00000;48.40;6.12;21.23;51.92;48.09;-1.244;NEUTRE;0;-53.7;-2;1
2026.04.21 11:00;3331.00000;3336.00000;3322.00000;3327.00000;47.34;7.06;20.83;40.00;47.45;-1.422;NEUTRE;0;-57.9;-2;1
2026.04.21 10:45;3320.00000;3336.00000;3313.00000;3331.00000;47.02;8.14;24.04;52.34;45.52;-1.304;NEUTRE;0;-56.2;-2;1
2026.04.21 10:30;3342.00000;3344.00000;3319.00000;3320.00000;46.66;9.40;23.72;50.00;36.49;-1.630;NEUTRE;0;-62.4;-2;1
2026.04.21 10:15;3333.00000;3347.00000;3331.00000;3341.00000;47.18;10.84;19.98;34.21;25.15;-1.007;NEUTRE;0;-50.4;-2;1
2026.04.21 10:00;3313.00000;3340.00000;3312.00000;3333.00000;49.88;5.78;23.06;25.27;21.15;-1.244;NEUTRE;0;-56.9;-2;1
2026.04.21 09:45;3336.00000;3336.00000;3313.00000;3314.00000;48.33;4.47;26.61;15.96;17.84;-1.807;NEUTRE;0;-66.3;-3;1
2026.04.21 09:30;3319.00000;3338.00000;3319.00000;3336.00000;44.81;5.16;26.69;22.22;18.79;-1.156;NEUTRE;0;-56.3;-2;1
2026.04.21 09:15;3346.00000;3349.00000;3312.00000;3320.00000;41.30;5.95;30.79;15.34;16.05;-1.630;NEUTRE;0;-65.3;-3;1
2026.04.21 09:00;3346.00000;3356.00000;3336.00000;3346.00000;37.25;6.87;25.55;18.80;15.87;-0.859;NEUTRE;0;-49.6;-2;1
2026.04.21 08:45;3375.00000;3383.00000;3338.00000;3345.00000;34.12;7.92;27.94;14.00;14.19;-0.889;NEUTRE;0;-51.4;-2;1
2026.04.20 17:15;3360.00000;3367.00000;3357.00000;3362.00000;30.78;9.14;25.75;14.81;13.97;1.848;NEUTRE;0;52.8;2;1
2026.04.20 17:00;3369.00000;3372.00000;3358.00000;3360.00000;28.19;10.55;28.17;13.77;13.59;1.787;NEUTRE;0;52.3;2;1
2026.04.20 16:45;3369.00000;3373.00000;3365.00000;3369.00000;25.52;12.17;24.81;13.33;15.61;2.060;SOFT_UP;1;56.6;2;1
2026.04.20 16:30;3376.00000;3380.00000;3360.00000;3368.00000;24.19;14.04;28.63;13.67;28.20;2.030;SOFT_UP;1;56.6;2;1
2026.04.20 16:15;3381.00000;3382.00000;3374.00000;3376.00000;22.65;16.20;22.26;19.84;45.09;2.272;SOFT_UP;1;59.9;2;1
2026.04.20 16:00;3387.00000;3388.00000;3379.00000;3381.00000;23.71;18.69;16.07;51.09;62.86;2.424;SOFT_UP;1;61.8;2;1
2026.04.20 15:45;3410.00000;3413.00000;3383.00000;3387.00000;26.20;21.57;11.71;64.34;66.89;2.605;SOFT_UP;1;63.8;2;1
2026.04.20 15:30;3379.00000;3415.00000;3373.00000;3410.00000;25.67;24.89;13.51;73.15;63.75;3.302;SOFT_UP;1;69.1;3;1
2026.04.20 15:15;3381.00000;3391.00000;3376.00000;3380.00000;25.06;19.93;15.59;63.19;51.68;2.393;SOFT_UP;1;62.6;2;1
2026.04.20 15:00;3380.00000;3391.00000;3374.00000;3381.00000;27.03;22.99;17.98;54.91;37.46;2.424;SOFT_UP;1;63.3;2;1
2026.04.20 14:45;3383.00000;3398.00000;3377.00000;3380.00000;29.31;26.53;18.04;36.95;22.03;2.393;SOFT_UP;1;63.4;2;1
2026.04.20 14:30;3362.00000;3392.00000;3362.00000;3384.00000;30.89;26.21;20.81;20.54;12.19;2.514;SOFT_UP;1;64.9;2;1
2026.04.20 14:15;3360.00000;3368.00000;3350.00000;3361.00000;33.87;18.34;24.01;8.61;18.07;1.818;NEUTRE;0;57.5;2;1
2026.04.20 14:00;3372.00000;3382.00000;3359.00000;3360.00000;37.02;21.16;20.01;7.41;36.11;1.787;NEUTRE;0;57.5;2;1
2026.04.20 13:45;3375.00000;3382.00000;3366.00000;3372.00000;42.29;24.41;18.41;38.20;63.30;2.151;SOFT_UP;1;62.6;2;1
2026.04.20 13:30;3427.00000;3427.00000;3373.00000;3377.00000;46.64;28.17;14.51;62.72;76.59;2.302;SOFT_UP;1;64.5;2;1
2026.04.20 13:15;3415.00000;3428.00000;3403.00000;3425.00000;48.90;32.50;8.20;88.97;80.60;3.756;STRONG_UP;2;74;3;1
2026.04.20 13:00;3400.00000;3423.00000;3400.00000;3414.00000;47.23;34.43;9.46;78.07;76.12;3.423;SOFT_UP;1;72.9;3;1
2026.04.20 12:45;3385.00000;3404.00000;3385.00000;3400.00000;45.75;27.01;10.92;74.76;76.86;2.999;SOFT_UP;1;71;3;1
2026.04.20 12:30;3387.00000;3389.00000;3370.00000;3385.00000;46.26;19.02;12.60;75.52;80.22;2.545;SOFT_UP;1;68.3;3;1
2026.04.20 12:15;3384.00000;3395.00000;3383.00000;3387.00000;50.24;21.95;4.01;80.31;84.72;2.605;SOFT_UP;1;69.1;3;1
2026.04.20 12:00;3382.00000;3397.00000;3381.00000;3384.00000;47.34;25.33;4.62;84.82;89.67;2.514;SOFT_UP;1;68.8;3;1
2026.04.20 11:45;3387.00000;3397.00000;3381.00000;3382.00000;43.99;29.22;5.33;89.04;92.15;2.454;SOFT_UP;1;68.8;3;1
2026.04.20 11:30;3382.00000;3393.00000;3374.00000;3387.00000;40.12;29.87;6.16;95.16;90.25;2.605;SOFT_UP;1;70.3;3;1
2026.04.20 11:15;3356.00000;3388.00000;3355.00000;3385.00000;36.16;30.42;7.10;92.25;82.28;2.545;SOFT_UP;1;70.3;3;1
2026.04.20 11:00;3334.00000;3356.00000;3323.00000;3356.00000;32.16;20.18;8.20;83.33;70.01;1.666;NEUTRE;0;61.8;2;1
2026.04.20 10:45;3332.00000;3340.00000;3320.00000;3333.00000;30.61;15.83;9.46;71.26;61.02;0.969;NEUTRE;0;48;2;1
2026.04.20 10:30;3333.00000;3333.00000;3323.00000;3332.00000;31.45;12.88;10.91;55.43;63.88;0.939;NEUTRE;0;47.8;2;1
2026.04.20 10:15;3322.00000;3333.00000;3319.00000;3333.00000;35.01;14.86;12.59;56.36;74.58;0.969;NEUTRE;0;49.3;2;1
2026.04.20 10:00;3330.00000;3335.00000;3312.00000;3322.00000;39.12;17.15;14.53;79.83;85.29;0.636;NEUTRE;0;38.1;1;1
2026.04.20 09:45;3336.00000;3341.00000;3316.00000;3330.00000;43.87;19.79;14.09;87.53;88.34;0.879;NEUTRE;0;48;2;1
2026.04.20 09:30;3325.00000;3339.00000;3319.00000;3338.00000;48.02;22.83;14.41;88.52;88.26;1.121;NEUTRE;0;55.5;2;1
2026.04.20 09:15;3320.00000;3330.00000;3314.00000;3325.00000;51.93;19.42;16.62;88.96;86.58;0.727;NEUTRE;0;44.1;1;1
2026.04.20 09:00;3319.00000;3346.00000;3313.00000;3320.00000;58.73;22.41;19.18;87.29;76.82;0.576;NEUTRE;0;38.2;1;1
2026.04.20 08:45;3301.00000;3324.00000;3299.00000;3319.00000;66.57;15.60;22.13;83.48;63.20;0.545;NEUTRE;0;37.5;1;1
2026.04.17 17:15;3195.00000;3202.00000;3189.00000;3201.00000;74.14;2.74;25.54;59.69;49.23;-4.675;STRONG_DOWN;-2;-73.3;-3;1
2026.04.17 17:00;3196.00000;3199.00000;3192.00000;3197.00000;73.15;3.16;29.46;46.43;42.77;-4.795;STRONG_DOWN;-2;-73.9;-3;1
2026.04.17 16:45;3182.00000;3203.00000;3181.00000;3197.00000;72.00;3.65;34.00;41.57;38.04;-4.795;STRONG_DOWN;-2;-74.2;-3;1
2026.04.17 16:30;3193.00000;3201.00000;3175.00000;3182.00000;70.68;2.81;39.23;40.31;30.43;-5.241;STRONG_DOWN;-2;-75.7;-3;1
2026.04.17 16:15;3207.00000;3215.00000;3194.00000;3194.00000;68.23;3.25;34.02;32.26;20.04;-4.884;STRONG_DOWN;-2;-74.9;-3;1
2026.04.17 16:00;3193.00000;3216.00000;3191.00000;3207.00000;66.02;3.75;39.25;18.71;10.88;-4.497;STRONG_DOWN;-2;-73.9;-3;1
2026.04.17 15:45;3203.00000;3214.00000;3168.00000;3193.00000;63.47;3.09;45.29;9.14;6.27;-4.914;STRONG_DOWN;-2;-75.4;-3;1
2026.04.17 15:30;3215.00000;3219.00000;3203.00000;3203.00000;59.81;3.57;40.55;4.78;4.48;-4.616;STRONG_DOWN;-2;-74.7;-3;1
2026.04.17 15:15;3216.00000;3235.00000;3203.00000;3215.00000;56.12;4.11;46.79;4.90;4.31;-4.258;STRONG_DOWN;-2;-73.8;-3;1
2026.04.17 15:00;3239.00000;3246.00000;3208.00000;3218.00000;51.86;4.75;51.59;3.77;4.13;-4.169;STRONG_DOWN;-2;-73.7;-3;1
2026.04.17 14:45;3302.00000;3302.00000;3237.00000;3240.00000;47.04;5.48;47.78;4.26;4.24;-3.514;SOFT_DOWN;-1;-71.2;-3;1
2026.04.17 14:30;3326.00000;3333.00000;3296.00000;3302.00000;42.06;6.32;41.17;4.35;5.57;-1.668;NEUTRE;0;-54.8;-2;1
2026.04.17 14:15;3339.00000;3344.00000;3316.00000;3326.00000;37.24;7.29;39.19;4.11;8.73;-0.953;NEUTRE;0;-39.5;-1;1
2026.04.17 14:00;3381.00000;3397.00000;3337.00000;3338.00000;32.41;8.42;33.68;8.24;17.59;-0.596;NEUTRE;0;-27.7;-1;1
2026.04.17 13:45;3417.00000;3417.00000;3378.00000;3381.00000;28.17;9.71;28.35;13.85;31.92;0.685;NEUTRE;0;31.5;1;1
2026.04.17 13:30;3427.00000;3431.00000;3394.00000;3413.00000;24.97;11.20;26.40;30.67;52.16;1.638;NEUTRE;0;56.2;2;1
2026.04.17 13:15;3446.00000;3447.00000;3422.00000;3427.00000;22.59;12.93;18.82;51.24;61.43;2.055;SOFT_UP;1;62.4;2;1
2026.04.17 13:00;3456.00000;3462.00000;3435.00000;3445.00000;23.21;14.92;13.71;74.58;62.71;2.591;SOFT_UP;1;67.8;3;1
2026.04.17 12:45;3454.00000;3463.00000;3443.00000;3458.00000;26.14;17.21;11.26;58.47;50.83;2.978;SOFT_UP;1;70.8;3;1
2026.04.17 12:30;3428.00000;3454.00000;3423.00000;3454.00000;26.94;12.94;12.99;55.08;51.88;2.859;SOFT_UP;1;70.5;3;1
2026.04.17 12:15;3455.00000;3455.00000;3426.00000;3428.00000;31.05;14.93;13.50;38.94;53.40;2.085;SOFT_UP;1;64.5;2;1
2026.04.17 12:00;3442.00000;3458.00000;3425.00000;3456.00000;35.06;17.22;15.58;61.61;64.59;2.918;SOFT_UP;1;71.5;3;1
2026.04.17 11:45;3454.00000;3458.00000;3439.00000;3442.00000;39.69;19.87;11.45;59.65;70.43;2.501;SOFT_UP;1;69.1;3;1
2026.04.17 11:30;3453.00000;3461.00000;3449.00000;3454.00000;41.66;22.93;5.12;72.52;77.82;2.859;SOFT_UP;1;71.9;3;1
2026.04.17 11:15;3452.00000;3465.00000;3449.00000;3453.00000;38.29;26.46;5.90;79.14;81.90;2.829;SOFT_UP;1;72.1;3;1
2026.04.17 11:00;3457.00000;3465.00000;3444.00000;3452.00000;34.41;30.53;6.81;81.82;81.23;2.799;SOFT_UP;1;72.3;3;1
2026.04.17 10:45;3435.00000;3460.00000;3432.00000;3456.00000;29.94;31.56;7.86;84.75;78.90;2.918;SOFT_UP;1;73.3;3;1
2026.04.17 10:30;3435.00000;3442.00000;3426.00000;3435.00000;25.29;26.53;9.07;77.12;75.90;2.293;SOFT_UP;1;69.6;3;1
2026.04.17 10:15;3430.00000;3436.00000;3423.00000;3435.00000;21.64;24.84;10.46;74.85;77.34;2.293;SOFT_UP;1;70;3;1
2026.04.17 10:00;3420.00000;3430.00000;3415.00000;3429.00000;18.70;21.56;12.07;75.74;81.02;2.114;SOFT_UP;1;69;3;1
2026.04.17 09:45;3415.00000;3442.00000;3413.00000;3420.00000;17.24;24.88;13.93;81.42;83.32;1.846;NEUTRE;0;66.8;3;1
2026.04.17 09:30;3422.00000;3422.00000;3407.00000;3415.00000;15.55;18.10;16.08;85.92;81.09;1.697;NEUTRE;0;65.6;3;1
2026.04.17 09:15;3418.00000;3424.00000;3406.00000;3423.00000;17.04;20.88;18.55;82.63;76.39;1.936;SOFT_UP;1;68.8;3;1
2026.04.17 09:00;3408.00000;3429.00000;3395.00000;3419.00000;18.75;24.09;21.40;74.73;75.24;1.817;NEUTRE;0;68.1;3;1
2026.04.17 08:45;3358.00000;3410.00000;3358.00000;3408.00000;20.72;19.20;24.70;71.81;78.93;1.489;NEUTRE;0;64.5;2;1
2026.04.16 17:15;3412.00000;3422.00000;3412.00000;3413.00000;21.99;22.16;13.39;79.19;83.70;-2.010;SOFT_DOWN;-1;-55.1;-2;1
2026.04.16 17:00;3420.00000;3422.00000;3410.00000;3413.00000;21.58;25.57;15.45;85.78;81.19;-2.010;SOFT_DOWN;-1;-55.5;-2;1
2026.04.16 16:45;3405.00000;3429.00000;3405.00000;3420.00000;21.10;29.50;17.83;86.14;68.35;-1.809;NEUTRE;0;-53.1;-2;1
2026.04.16 16:30;3393.00000;3414.00000;3392.00000;3408.00000;20.55;24.42;20.57;71.65;53.32;-2.153;SOFT_DOWN;-1;-58.1;-2;1
2026.04.16 16:15;3385.00000;3396.00000;3385.00000;3393.00000;22.40;15.59;23.73;47.26;41.93;-2.584;SOFT_DOWN;-1;-62.9;-2;1
2026.04.16 16:00;3363.00000;3392.00000;3356.00000;3385.00000;22.66;12.39;27.38;41.04;41.74;-2.814;SOFT_DOWN;-1;-65.2;-3;1
2026.04.16 15:45;3388.00000;3393.00000;3349.00000;3364.00000;20.35;14.30;31.60;37.50;44.61;-3.417;SOFT_DOWN;-1;-69.5;-3;1
2026.04.16 15:30;3380.00000;3392.00000;3375.00000;3389.00000;17.68;16.50;27.37;46.69;47.21;-2.699;SOFT_DOWN;-1;-65;-2;1
2026.04.16 15:15;3401.00000;3406.00000;3377.00000;3380.00000;16.59;19.04;29.77;49.64;42.68;-2.957;SOFT_DOWN;-1;-67.3;-3;1
2026.04.16 15:00;3415.00000;3421.00000;3402.00000;3403.00000;15.76;21.97;21.09;45.28;32.19;-2.297;SOFT_DOWN;-1;-62.1;-2;1
2026.04.16 14:45;3386.00000;3416.00000;3385.00000;3415.00000;17.87;21.30;24.33;33.11;25.94;-1.952;SOFT_DOWN;-1;-58.5;-2;1
2026.04.16 14:30;3376.00000;3392.00000;3353.00000;3385.00000;19.59;12.67;28.07;18.18;32.32;-2.814;SOFT_DOWN;-1;-67.3;-3;1
2026.04.16 14:15;3419.00000;3421.00000;3369.00000;3375.00000;16.79;14.62;26.08;26.53;49.95;-3.101;SOFT_DOWN;-1;-69.5;-3;1
2026.04.16 14:00;3439.00000;3459.00000;3419.00000;3419.00000;15.04;16.87;15.30;52.25;64.70;-1.837;NEUTRE;0;-58.2;-2;1
2026.04.16 13:45;3434.00000;3445.00000;3422.00000;3439.00000;16.60;14.08;17.65;71.08;66.42;-1.263;NEUTRE;0;-48.5;-2;1
2026.04.16 13:30;3445.00000;3449.00000;3420.00000;3434.00000;17.42;16.24;20.37;70.76;54.81;-1.407;NEUTRE;0;-52.1;-2;1
2026.04.16 13:15;3449.00000;3454.00000;3422.00000;3445.00000;18.37;18.74;22.44;57.42;37.09;-1.091;NEUTRE;0;-45.4;-2;1
2026.04.16 13:00;3415.00000;3459.00000;3413.00000;3449.00000;19.81;21.62;25.89;36.23;22.31;-0.976;NEUTRE;0;-42.8;-1;1
2026.04.16 12:45;3399.00000;3428.00000;3399.00000;3414.00000;21.48;14.58;29.88;17.62;22.81;-1.981;SOFT_DOWN;-1;-62.4;-2;1
2026.04.16 12:30;3424.00000;3426.00000;3387.00000;3398.00000;19.49;15.80;34.48;13.07;35.64;-2.440;SOFT_DOWN;-1;-67.4;-3;1
2026.04.16 12:15;3442.00000;3443.00000;3419.00000;3424.00000;16.77;18.23;27.16;37.75;49.02;-1.694;NEUTRE;0;-59.6;-2;1
2026.04.16 12:00;3475.00000;3479.00000;3432.00000;3442.00000;16.33;21.03;23.00;56.12;45.44;-1.177;NEUTRE;0;-50.4;-2;1
2026.04.16 11:45;3461.00000;3479.00000;3461.00000;3477.00000;18.15;24.27;17.05;53.19;34.70;-0.172;NEUTRE;0;-10.2;0;1
2026.04.16 11:30;3442.00000;3461.00000;3442.00000;3461.00000;18.26;12.62;19.67;27.01;29.20;-0.632;NEUTRE;0;-34.1;-1;1
2026.04.16 11:15;3456.00000;3458.00000;3435.00000;3442.00000;17.71;12.13;22.69;23.90;34.01;-1.177;NEUTRE;0;-52.2;-2;1
2026.04.16 11:00;3470.00000;3472.00000;3444.00000;3458.00000;15.77;14.00;20.17;36.69;40.06;-0.718;NEUTRE;0;-38.8;-1;1
2026.04.16 10:45;3478.00000;3479.00000;3463.00000;3470.00000;15.41;16.15;12.83;41.44;46.71;-0.373;NEUTRE;0;-23.1;0;1
2026.04.16 10:30;3461.00000;3483.00000;3461.00000;3478.00000;16.02;18.64;14.80;42.03;55.19;-0.144;NEUTRE;0;-9.6;0;1
2026.04.16 10:15;3464.00000;3484.00000;3457.00000;3461.00000;16.72;21.51;17.08;56.67;66.81;-0.632;NEUTRE;0;-37.2;-1;1
2026.04.16 10:00;3471.00000;3521.00000;3460.00000;3464.00000;17.53;24.81;18.00;66.87;72.46;-0.546;NEUTRE;0;-33.9;-1;1
2026.04.16 09:45;3448.00000;3471.00000;3442.00000;3470.00000;17.78;16.02;20.77;76.88;74.00;-0.373;NEUTRE;0;-25.2;-1;1
2026.04.16 09:30;3461.00000;3467.00000;3429.00000;3447.00000;18.53;16.36;23.96;73.64;71.57;-1.034;NEUTRE;0;-53.3;-2;1
2026.04.16 09:15;3464.00000;3481.00000;3452.00000;3460.00000;18.48;18.88;18.34;71.47;68.64;-0.660;NEUTRE;0;-41.3;-1;1
2026.04.16 09:00;3444.00000;3466.00000;3443.00000;3465.00000;21.10;13.83;21.16;69.61;69.61;-0.517;NEUTRE;0;-35.3;-1;1
2026.04.16 08:45;3483.00000;3483.00000;3367.00000;3444.00000;21.12;15.96;24.41;64.85;72.33;-1.120;NEUTRE;0;-57.6;-2;1
2026.04.15 17:15;3480.00000;3485.00000;3475.00000;3481.00000;21.15;18.41;13.84;74.36;75.58;-1.805;NEUTRE;0;-52.2;-2;1
2026.04.15 17:00;3480.00000;3492.00000;3477.00000;3480.00000;22.22;21.24;12.90;77.78;69.02;-1.834;NEUTRE;0;-53;-2;1
2026.04.15 16:45;3471.00000;3488.00000;3465.00000;3481.00000;21.88;20.41;14.88;74.60;57.45;-1.805;NEUTRE;0;-53;-2;1
2026.04.15 16:30;3472.00000;3477.00000;3470.00000;3471.00000;22.84;16.19;17.17;54.69;43.54;-2.087;SOFT_DOWN;-1;-57.3;-2;1
2026.04.15 16:15;3464.00000;3475.00000;3459.00000;3472.00000;25.90;14.29;19.81;43.07;34.54;-2.059;SOFT_DOWN;-1;-57.3;-2;1
2026.04.15 16:00;3460.00000;3471.00000;3448.00000;3464.00000;27.39;12.64;22.86;32.86;27.22;-2.285;SOFT_DOWN;-1;-60.4;-2;1
2026.04.15 15:45;3454.00000;3480.00000;3452.00000;3460.00000;27.18;14.59;23.70;27.68;22.31;-2.398;SOFT_DOWN;-1;-61.9;-2;1
2026.04.15 15:30;3445.00000;3471.00000;3438.00000;3454.00000;27.69;11.88;27.35;21.11;22.48;-2.567;SOFT_DOWN;-1;-63.9;-2;1
2026.04.15 15:15;3497.00000;3504.00000;3397.00000;3445.00000;25.89;13.71;31.56;18.13;31.92;-2.821;SOFT_DOWN;-1;-66.3;-3;1
2026.04.15 15:00;3567.00000;3568.00000;3494.00000;3499.00000;23.81;15.82;22.47;28.18;50.24;-1.298;NEUTRE;0;-46.8;-2;1
2026.04.15 14:45;3593.00000;3595.00000;3558.00000;3567.00000;24.80;18.26;12.62;49.45;67.42;0.621;NEUTRE;0;27.4;1;1
2026.04.15 14:30;3565.00000;3597.00000;3552.00000;3594.00000;25.81;21.07;14.56;73.10;83.74;1.382;NEUTRE;0;49.6;2;1
2026.04.15 14:15;3595.00000;3606.00000;3560.00000;3565.00000;26.96;24.31;14.06;79.71;91.49;0.564;NEUTRE;0;26;1;1
2026.04.15 14:00;3587.00000;3595.00000;3577.00000;3595.00000;27.01;28.05;10.54;98.41;92.14;1.410;NEUTRE;0;51.1;2;1
2026.04.15 13:45;3581.00000;3590.00000;3571.00000;3589.00000;24.18;28.09;12.16;96.34;79.78;1.241;NEUTRE;0;48;2;1
2026.04.15 13:30;3562.00000;3582.00000;3552.00000;3580.00000;21.81;25.93;14.03;81.68;66.48;0.987;NEUTRE;0;42;1;1
2026.04.15 13:15;3533.00000;3565.00000;3532.00000;3562.00000;20.59;21.20;16.19;61.32;62.84;0.480;NEUTRE;0;24;0;1
2026.04.15 13:00;3533.00000;3543.00000;3526.00000;3533.00000;21.69;14.21;18.68;56.44;70.02;-0.339;NEUTRE;0;-17.8;0;1
2026.04.15 12:45;3545.00000;3546.00000;3529.00000;3533.00000;22.94;16.39;18.84;70.75;75.63;-0.339;NEUTRE;0;-18.1;0;1
2026.04.15 12:30;3543.00000;3552.00000;3535.00000;3546.00000;25.40;18.91;16.31;82.88;71.73;0.028;NEUTRE;0;1.6;0;1
2026.04.15 12:15;3541.00000;3544.00000;3521.00000;3543.00000;28.17;14.58;18.82;73.27;58.96;-0.056;NEUTRE;0;-3.2;0;1
2026.04.15 12:00;3527.00000;3549.00000;3527.00000;3542.00000;30.55;16.83;17.70;59.05;47.75;-0.085;NEUTRE;0;-5;0;1
2026.04.15 11:45;3531.00000;3532.00000;3521.00000;3528.00000;34.86;7.53;20.42;44.55;39.90;-0.480;NEUTRE;0;-26.7;-1;1
2026.04.15 11:30;3535.00000;3538.00000;3513.00000;3531.00000;33.12;8.69;23.56;39.64;36.16;-0.395;NEUTRE;0;-22.9;0;1
2026.04.15 11:15;3537.00000;3539.00000;3530.00000;3535.00000;31.12;10.02;16.73;35.51;38.90;-0.282;NEUTRE;0;-17.2;0;1
2026.04.15 11:00;3537.00000;3538.00000;3523.00000;3537.00000;32.05;9.85;19.30;33.33;48.23;-0.226;NEUTRE;0;-14.2;0;1
2026.04.15 10:45;3537.00000;3542.00000;3526.00000;3538.00000;32.00;11.37;19.19;47.86;63.49;-0.197;NEUTRE;0;-12.7;0;1
2026.04.15 10:30;3550.00000;3553.00000;3531.00000;3537.00000;32.99;13.12;17.34;63.49;74.85;-0.226;NEUTRE;0;-14.8;0;1
2026.04.15 10:15;3553.00000;3555.00000;3543.00000;3550.00000;35.93;15.14;11.61;79.10;78.69;0.141;NEUTRE;0;9.6;0;1
2026.04.15 10:00;3553.00000;3562.00000;3526.00000;3553.00000;39.43;17.47;13.40;81.95;74.01;0.226;NEUTRE;0;15.6;0;1
2026.04.15 09:45;3554.00000;3558.00000;3543.00000;3554.00000;43.47;20.15;8.20;75.00;67.25;0.254;NEUTRE;0;17.8;0;1
2026.04.15 09:30;3541.00000;3554.00000;3531.00000;3553.00000;43.67;19.15;9.46;65.08;63.30;0.226;NEUTRE;0;16.3;0;1
2026.04.15 09:15;3542.00000;3551.00000;3517.00000;3543.00000;45.18;20.09;10.91;61.67;60.71;-0.056;NEUTRE;0;-4.3;0;1
2026.04.15 09:00;3551.00000;3558.00000;3533.00000;3543.00000;47.58;23.18;5.35;63.16;48.80;-0.056;NEUTRE;0;-4.4;0;1
2026.04.15 08:45;3545.00000;3561.00000;3523.00000;3551.00000;45.29;26.75;6.18;57.30;42.64;0.169;NEUTRE;0;13.4;0;1
2026.04.14 17:15;3535.00000;3536.00000;3530.00000;3536.00000;42.64;20.74;7.13;25.93;45.02;7.805;EXPLOSIVE_UP;3;79.8;3;1
2026.04.14 17:00;3529.00000;3541.00000;3525.00000;3535.00000;41.68;23.94;8.22;44.69;61.68;7.774;EXPLOSIVE_UP;3;79.9;3;1
2026.04.14 16:45;3529.00000;3539.00000;3527.00000;3529.00000;40.58;27.62;9.49;64.45;73.37;7.591;EXPLOSIVE_UP;3;79.8;3;1
2026.04.14 16:30;3530.00000;3537.00000;3524.00000;3529.00000;39.31;29.30;10.95;75.91;80.10;7.591;EXPLOSIVE_UP;3;80;3;1
2026.04.14 16:15;3532.00000;3543.00000;3528.00000;3530.00000;38.34;33.81;7.90;79.76;84.59;7.622;EXPLOSIVE_UP;3;80.2;3;1
2026.04.14 16:00;3530.00000;3556.00000;3524.00000;3532.00000;34.68;39.01;9.12;84.62;89.44;7.683;EXPLOSIVE_UP;3;80.4;3;1
2026.04.14 15:45;3527.00000;3581.00000;3524.00000;3530.00000;30.46;45.02;10.52;89.40;91.38;7.622;EXPLOSIVE_UP;3;80.5;3;1
2026.04.14 15:30;3454.00000;3537.00000;3444.00000;3527.00000;25.59;40.07;12.14;94.30;85.63;7.530;EXPLOSIVE_UP;3;80.5;3;1
2026.04.14 15:15;3341.00000;3457.00000;3339.00000;3454.00000;21.30;33.00;14.00;90.43;74.49;5.305;STRONG_UP;2;76.9;3;1
2026.04.14 15:00;3342.00000;3346.00000;3329.00000;3341.00000;18.36;23.60;16.16;72.16;66.78;1.860;SOFT_UP;1;56.8;2;1
2026.04.14 14:45;3335.00000;3350.00000;3334.00000;3342.00000;18.31;27.23;14.12;60.87;66.80;1.890;SOFT_UP;1;57.6;2;1
2026.04.14 14:30;3326.00000;3337.00000;3326.00000;3335.00000;16.25;18.92;16.29;67.31;74.00;1.677;NEUTRE;0;54.9;2;1
2026.04.14 14:15;3339.00000;3340.00000;3316.00000;3327.00000;17.60;21.83;18.80;72.22;79.47;1.433;NEUTRE;0;51.1;2;1
2026.04.14 14:00;3329.00000;3345.00000;3320.00000;3339.00000;19.16;25.19;19.13;82.47;85.54;1.799;NEUTRE;0;57.7;2;1
2026.04.14 13:45;3333.00000;3333.00000;3318.00000;3329.00000;20.00;21.68;22.07;83.70;88.96;1.494;NEUTRE;0;53.2;2;1
2026.04.14 13:30;3336.00000;3344.00000;3329.00000;3333.00000;22.94;25.02;14.18;90.43;88.05;1.616;NEUTRE;0;55.8;2;1
2026.04.14 13:15;3337.00000;3345.00000;3321.00000;3336.00000;22.22;28.86;16.37;92.75;78.15;1.707;NEUTRE;0;57.8;2;1
2026.04.14 13:00;3305.00000;3338.00000;3299.00000;3337.00000;21.38;28.82;18.88;80.98;67.87;1.738;NEUTRE;0;58.7;2;1
2026.04.14 12:45;3283.00000;3305.00000;3276.00000;3304.00000;21.47;20.23;21.79;60.71;64.95;0.732;NEUTRE;0;35.3;1;1
2026.04.14 12:30;3284.00000;3292.00000;3266.00000;3282.00000;24.20;16.45;25.14;61.90;68.82;0.061;NEUTRE;0;3.4;0;1
2026.04.14 12:15;3303.00000;3303.00000;3282.00000;3283.00000;24.71;18.98;19.54;72.22;70.88;0.091;NEUTRE;0;5.2;0;1
2026.04.14 12:00;3295.00000;3308.00000;3290.00000;3303.00000;28.29;21.90;16.69;72.34;67.51;0.701;NEUTRE;0;35.7;1;1
2026.04.14 11:45;3281.00000;3298.00000;3277.00000;3295.00000;30.56;16.72;19.25;68.07;65.23;0.457;NEUTRE;0;25.6;1;1
2026.04.14 11:30;3299.00000;3305.00000;3259.00000;3281.00000;34.18;19.29;22.22;62.14;60.93;0.030;NEUTRE;0;1.8;0;1
2026.04.14 11:15;3295.00000;3303.00000;3289.00000;3299.00000;38.36;22.26;15.60;65.48;55.54;0.579;NEUTRE;0;32.4;1;1
2026.04.14 11:00;3293.00000;3295.00000;3276.00000;3295.00000;41.55;16.90;18.00;55.17;52.61;0.457;NEUTRE;0;27.1;1;1
2026.04.14 10:45;3291.00000;3298.00000;3288.00000;3292.00000;47.46;19.50;11.05;45.98;56.44;0.366;NEUTRE;0;22.7;0;1
2026.04.14 10:30;3286.00000;3294.00000;3284.00000;3292.00000;50.51;16.34;12.75;56.67;68.24;0.366;NEUTRE;0;23.2;0;1
2026.04.14 10:15;3301.00000;3302.00000;3279.00000;3287.00000;56.38;18.86;14.72;66.67;71.26;0.213;NEUTRE;0;14.4;0;1
2026.04.14 10:00;3299.00000;3306.00000;3299.00000;3300.00000;63.15;21.76;3.60;81.37;70.74;0.610;NEUTRE;0;36.9;1;1
2026.04.14 09:45;3300.00000;3305.00000;3295.00000;3299.00000;61.86;22.91;4.16;65.74;64.26;0.579;NEUTRE;0;36.2;1;1
2026.04.14 09:30;3280.00000;3303.00000;3276.00000;3300.00000;60.71;23.35;4.79;65.09;69.91;0.610;NEUTRE;0;38.3;1;1
2026.04.14 09:15;3297.00000;3306.00000;3280.00000;3282.00000;59.91;26.95;3.25;61.96;74.32;0.061;NEUTRE;0;4.6;0;1
2026.04.14 09:00;3284.00000;3304.00000;3278.00000;3297.00000;57.05;29.91;3.75;82.67;81.18;0.518;NEUTRE;0;35.3;1;1
2026.04.14 08:45;3280.00000;3288.00000;3270.00000;3284.00000;53.88;25.04;4.33;78.33;84.05;0.122;NEUTRE;0;9.7;0;1
2026.04.13 17:15;3273.00000;3282.00000;3272.00000;3280.00000;51.32;23.77;5.00;82.54;88.65;1.016;NEUTRE;0;36;1;1
2026.04.13 17:00;3278.00000;3280.00000;3272.00000;3273.00000;49.18;24.34;5.77;91.27;91.16;0.801;NEUTRE;0;30.1;1;1
2026.04.13 16:45;3278.00000;3280.00000;3271.00000;3278.00000;47.25;28.09;6.65;92.13;89.84;0.955;NEUTRE;0;35.1;1;1
2026.04.13 16:30;3266.00000;3278.00000;3266.00000;3278.00000;45.03;28.99;7.68;90.07;88.98;0.955;NEUTRE;0;35.5;1;1
2026.04.13 16:15;3265.00000;3271.00000;3263.00000;3267.00000;43.01;24.48;8.86;87.31;90.01;0.616;NEUTRE;0;25;1;1
2026.04.13 16:00;3266.00000;3269.00000;3261.00000;3265.00000;42.42;24.40;10.22;89.56;90.09;0.554;NEUTRE;0;23.1;0;1
2026.04.13 15:45;3259.00000;3280.00000;3255.00000;3266.00000;42.64;28.15;11.79;93.16;88.02;0.585;NEUTRE;0;24.6;0;1
2026.04.13 15:30;3205.00000;3263.00000;3198.00000;3259.00000;42.90;22.02;13.61;87.56;78.96;0.370;NEUTRE;0;16.4;0;1
2026.04.13 15:15;3177.00000;3205.00000;3171.00000;3205.00000;45.87;11.68;15.70;83.33;76.15;-1.294;NEUTRE;0;-46.3;-2;1
2026.04.13 15:00;3191.00000;3191.00000;3169.00000;3175.00000;50.67;7.15;18.12;65.99;67.78;-2.217;SOFT_DOWN;-1;-61.2;-2;1
2026.04.13 14:45;3172.00000;3195.00000;3172.00000;3191.00000;51.79;8.24;18.81;79.14;66.46;-1.725;NEUTRE;0;-55.2;-2;1
2026.04.13 14:30;3188.00000;3196.00000;3172.00000;3172.00000;53.75;9.51;21.70;58.21;53.49;-2.310;SOFT_DOWN;-1;-63;-2;1
2026.04.13 14:15;3152.00000;3188.00000;3147.00000;3188.00000;56.01;5.85;25.04;62.04;47.14;-1.817;NEUTRE;0;-57.5;-2;1
2026.04.13 14:00;3172.00000;3179.00000;3152.00000;3152.00000;55.07;3.37;28.89;40.22;36.55;-2.926;SOFT_DOWN;-1;-68.8;-3;1
2026.04.13 13:45;3169.00000;3179.00000;3167.00000;3172.00000;51.37;3.89;24.79;39.15;30.48;-2.310;SOFT_DOWN;-1;-64.2;-2;1
2026.04.13 13:30;3169.00000;3179.00000;3167.00000;3170.00000;48.06;4.49;28.60;30.27;22.50;-2.371;SOFT_DOWN;-1;-65.2;-3;1
2026.04.13 13:15;3169.00000;3179.00000;3164.00000;3170.00000;44.24;5.18;33.00;22.03;15.28;-2.371;SOFT_DOWN;-1;-65.6;-3;1
2026.04.13 13:00;3180.00000;3184.00000;3140.00000;3169.00000;39.84;5.97;38.08;15.21;10.71;-2.402;SOFT_DOWN;-1;-66.3;-3;1
2026.04.13 12:45;3191.00000;3192.00000;3175.00000;3179.00000;34.75;6.89;31.70;8.60;11.37;-2.094;SOFT_DOWN;-1;-63.7;-2;1
2026.04.13 12:30;3227.00000;3228.00000;3183.00000;3190.00000;30.21;7.95;29.33;8.33;17.20;-1.755;NEUTRE;0;-60;-2;1
2026.04.13 12:15;3226.00000;3235.00000;3221.00000;3226.00000;26.04;9.18;20.85;17.17;28.31;-0.647;NEUTRE;0;-33;-1;1
2026.04.13 12:00;3249.00000;3251.00000;3224.00000;3224.00000;24.06;10.59;20.77;26.09;32.89;-0.708;NEUTRE;0;-36;-1;1
2026.04.13 11:45;3247.00000;3255.00000;3237.00000;3247.00000;22.77;12.22;16.55;41.67;36.34;0.000;NEUTRE;0;0;0;1
2026.04.13 11:30;3249.00000;3253.00000;3235.00000;3247.00000;23.96;12.39;19.10;30.93;34.16;0.000;NEUTRE;0;0;0;1
2026.04.13 11:15;3245.00000;3253.00000;3238.00000;3249.00000;24.37;14.30;19.47;36.43;37.56;0.062;NEUTRE;0;3.9;0;1
2026.04.13 11:00;3255.00000;3262.00000;3243.00000;3245.00000;25.76;16.49;17.34;35.12;40.39;-0.062;NEUTRE;0;-4;0;1
2026.04.13 10:45;3249.00000;3257.00000;3247.00000;3255.00000;29.34;14.98;20.01;41.12;47.20;0.246;NEUTRE;0;15.7;0;1
2026.04.13 10:30;3255.00000;3255.00000;3245.00000;3249.00000;31.64;14.21;23.09;44.93;55.83;0.062;NEUTRE;0;4.2;0;1
2026.04.13 10:15;3267.00000;3268.00000;3238.00000;3255.00000;32.85;16.40;26.64;55.56;66.27;0.246;NEUTRE;0;16.5;0;1
2026.04.13 10:00;3273.00000;3278.00000;3264.00000;3267.00000;34.24;18.92;17.40;67.00;74.87;0.616;NEUTRE;0;37.2;1;1
2026.04.13 09:45;3280.00000;3285.00000;3226.00000;3271.00000;38.86;21.83;20.08;76.26;81.50;0.739;NEUTRE;0;43;1;1
2026.04.13 09:30;3285.00000;3295.00000;3276.00000;3280.00000;44.20;25.19;10.13;81.35;83.35;1.016;NEUTRE;0;52.8;2;1
2026.04.13 09:15;3281.00000;3294.00000;3273.00000;3286.00000;44.44;28.26;11.69;86.89;82.97;1.201;NEUTRE;0;58;2;1
2026.04.13 09:00;3283.00000;3294.00000;3279.00000;3281.00000;44.90;32.60;9.10;81.82;79.21;1.047;NEUTRE;0;55.1;2;1
2026.04.13 08:45;3247.00000;3285.00000;3230.00000;3282.00000;43.14;28.39;10.49;80.22;78.71;1.078;NEUTRE;0;56.6;2;1
2026.04.10 17:15;3245.00000;3249.00000;3238.00000;3243.00000;42.69;22.69;12.11;75.58;78.63;1.566;NEUTRE;0;48.2;2;1
2026.04.10 17:00;3250.00000;3250.00000;3243.00000;3244.00000;44.58;26.18;6.98;80.31;79.45;1.597;NEUTRE;0;49.2;2;1
2026.04.10 16:45;3244.00000;3251.00000;3244.00000;3250.00000;42.53;30.20;5.85;80.00;76.48;1.785;NEUTRE;0;52.7;2;1
2026.04.10 16:30;3241.00000;3248.00000;3239.00000;3244.00000;38.69;28.26;6.76;78.02;73.69;1.597;NEUTRE;0;50;2;1
2026.04.10 16:15;3243.00000;3248.00000;3240.00000;3241.00000;35.19;32.60;6.09;71.43;69.44;1.503;NEUTRE;0;48.7;2;1
2026.04.10 16:00;3228.00000;3243.00000;3228.00000;3243.00000;30.06;28.00;7.02;71.60;67.15;1.566;NEUTRE;0;50.3;2;1
2026.04.10 15:45;3208.00000;3256.00000;3206.00000;3228.00000;25.47;32.31;8.10;65.29;56.96;1.096;NEUTRE;0;40.6;1;1
2026.04.10 15:30;3205.00000;3215.00000;3202.00000;3210.00000;20.17;24.67;9.35;64.56;47.01;0.532;NEUTRE;0;22.9;0;1
2026.04.10 15:15;3200.00000;3205.00000;3195.00000;3205.00000;16.35;16.63;10.79;41.03;39.66;0.376;NEUTRE;0;16.9;0;1
2026.04.10 15:00;3191.00000;3201.00000;3189.00000;3200.00000;15.58;13.03;12.45;35.44;42.23;0.219;NEUTRE;0;10.2;0;1
2026.04.10 14:45;3200.00000;3202.00000;3188.00000;3191.00000;17.62;15.04;14.36;42.50;48.73;-0.063;NEUTRE;0;-3;0;1
2026.04.10 14:30;3206.00000;3210.00000;3190.00000;3200.00000;19.98;17.35;14.37;48.75;53.77;0.219;NEUTRE;0;10.5;0;1
2026.04.10 14:15;3195.00000;3214.00000;3195.00000;3205.00000;21.61;20.02;12.74;54.95;61.27;0.376;NEUTRE;0;18;0;1
2026.04.10 14:00;3199.00000;3199.00000;3189.00000;3195.00000;21.51;10.96;14.70;57.63;65.89;0.063;NEUTRE;0;3.2;0;1
2026.04.10 13:45;3196.00000;3202.00000;3191.00000;3199.00000;22.58;12.64;13.88;71.23;69.91;0.188;NEUTRE;0;9.6;0;1
2026.04.10 13:30;3204.00000;3209.00000;3187.00000;3195.00000;25.33;14.59;16.02;68.82;63.78;0.063;NEUTRE;0;3.3;0;1
2026.04.10 13:15;3196.00000;3213.00000;3189.00000;3203.00000;28.52;16.83;17.08;69.66;54.40;0.313;NEUTRE;0;16.2;0;1
2026.04.10 13:00;3203.00000;3204.00000;3195.00000;3196.00000;32.79;13.66;19.71;52.85;38.15;0.094;NEUTRE;0;5.1;0;1
2026.04.10 12:45;3181.00000;3205.00000;3175.00000;3202.00000;35.05;15.76;22.74;40.68;23.51;0.282;NEUTRE;0;15.2;0;1
2026.04.10 12:30;3190.00000;3192.00000;3159.00000;3181.00000;37.65;11.51;26.24;20.92;14.91;-0.376;NEUTRE;0;-20.3;0;1
2026.04.10 12:15;3201.00000;3208.00000;3183.00000;3190.00000;37.44;13.29;19.09;8.93;16.78;-0.094;NEUTRE;0;-5.4;0;1
2026.04.10 12:00;3210.00000;3221.00000;3198.00000;3201.00000;40.44;15.33;12.79;14.89;32.24;0.251;NEUTRE;0;14.4;0;1
2026.04.10 11:45;3219.00000;3220.00000;3208.00000;3208.00000;45.27;17.69;8.07;26.51;50.17;0.470;NEUTRE;0;26.2;1;1
2026.04.10 11:30;3220.00000;3228.00000;3208.00000;3219.00000;46.50;20.41;9.31;55.32;68.55;0.814;NEUTRE;0;41.1;1;1
2026.04.10 11:15;3223.00000;3229.00000;3214.00000;3220.00000;47.91;23.55;6.13;68.69;77.36;0.846;NEUTRE;0;42.8;1;1
2026.04.10 11:00;3220.00000;3236.00000;3217.00000;3227.00000;46.25;27.17;4.00;81.65;78.91;1.065;NEUTRE;0;50;2;1
2026.04.10 10:45;3222.00000;3225.00000;3218.00000;3220.00000;41.92;22.44;4.61;81.73;68.35;0.846;NEUTRE;0;44.1;1;1
2026.04.10 10:30;3214.00000;3226.00000;3214.00000;3221.00000;38.24;25.90;5.32;73.33;54.56;0.877;NEUTRE;0;45.8;2;1
2026.04.10 10:15;3216.00000;3218.00000;3209.00000;3215.00000;33.98;19.63;6.14;50.00;42.16;0.689;NEUTRE;0;39.6;1;1
2026.04.10 10:00;3197.00000;3223.00000;3197.00000;3217.00000;31.16;22.64;7.09;40.35;41.43;0.752;NEUTRE;0;42.8;1;1
2026.04.10 09:45;3204.00000;3213.00000;3193.00000;3199.00000;27.90;20.21;8.18;36.13;47.41;0.188;NEUTRE;0;13.4;0;1
2026.04.10 09:30;3202.00000;3203.00000;3189.00000;3202.00000;25.67;15.63;9.43;47.80;56.43;0.282;NEUTRE;0;20.1;0;1
2026.04.10 09:15;3213.00000;3213.00000;3192.00000;3203.00000;25.81;18.03;7.59;58.29;61.44;0.313;NEUTRE;0;22.6;0;1
2026.04.10 09:00;3221.00000;3236.00000;3187.00000;3214.00000;23.51;20.81;8.76;63.19;66.43;0.658;NEUTRE;0;42;1;1
2026.04.10 08:45;3193.00000;3242.00000;3185.00000;3221.00000;20.86;24.01;10.10;62.83;70.41;0.877;NEUTRE;0;51;2;1
2026.04.09 17:15;3182.00000;3185.00000;3177.00000;3181.00000;17.80;13.33;11.66;73.28;75.94;1.306;NEUTRE;0;43;1;1
2026.04.09 17:00;3189.00000;3189.00000;3173.00000;3182.00000;19.51;15.38;13.45;75.12;78.34;1.338;NEUTRE;0;44.1;1;1
2026.04.09 16:45;3175.00000;3191.00000;3171.00000;3188.00000;21.48;17.74;15.52;79.42;81.08;1.529;NEUTRE;0;48.3;2;1
2026.04.09 16:30;3184.00000;3186.00000;3175.00000;3176.00000;23.76;16.62;17.91;80.49;83.10;1.146;NEUTRE;0;40.5;1;1
2026.04.09 16:15;3188.00000;3192.00000;3181.00000;3185.00000;26.85;19.18;12.27;83.33;81.79;1.433;NEUTRE;0;47.4;2;1
2026.04.09 16:00;3182.00000;3192.00000;3182.00000;3189.00000;27.60;22.13;12.76;85.47;74.73;1.561;NEUTRE;0;50.2;2;1
2026.04.09 15:45;3127.00000;3202.00000;3113.00000;3182.00000;27.71;25.54;14.72;76.57;61.52;1.338;NEUTRE;0;46.3;2;1
2026.04.09 15:30;3117.00000;3128.00000;3111.00000;3127.00000;27.84;16.67;16.99;62.16;47.54;-0.414;NEUTRE;0;-18.2;0;1
2026.04.09 15:15;3117.00000;3123.00000;3105.00000;3117.00000;31.98;14.71;19.60;45.83;34.66;-0.732;NEUTRE;0;-30.6;-1;1
2026.04.09 15:00;3114.00000;3116.00000;3103.00000;3116.00000;34.71;11.00;22.62;34.62;25.99;-0.764;NEUTRE;0;-32.1;-1;1
2026.04.09 14:45;3107.00000;3114.00000;3098.00000;3113.00000;34.73;10.32;26.10;23.53;22.15;-0.860;NEUTRE;0;-35.7;-1;1
2026.04.09 14:30;3107.00000;3111.00000;3097.00000;3107.00000;33.41;9.02;30.11;19.83;22.21;-1.051;NEUTRE;0;-41.8;-1;1
2026.04.09 14:15;3130.00000;3137.00000;3101.00000;3107.00000;30.26;10.41;30.35;23.08;23.60;-1.051;NEUTRE;0;-42.2;-1;1
2026.04.09 14:00;3135.00000;3135.00000;3122.00000;3130.00000;27.38;12.01;26.05;23.73;22.13;-0.318;NEUTRE;0;-15.6;0;1
2026.04.09 13:45;3128.00000;3137.00000;3123.00000;3135.00000;25.93;13.86;28.87;24.00;21.02;-0.159;NEUTRE;0;-8.1;0;1
2026.04.09 13:30;3137.00000;3147.00000;3128.00000;3129.00000;24.51;15.99;27.82;18.67;24.38;-0.350;NEUTRE;0;-17.7;0;1
2026.04.09 13:15;3138.00000;3140.00000;3122.00000;3138.00000;24.13;12.79;32.10;20.41;36.57;-0.064;NEUTRE;0;-3.4;0;1
2026.04.09 13:00;3144.00000;3146.00000;3133.00000;3138.00000;21.22;14.75;27.63;34.07;55.52;-0.064;NEUTRE;0;-3.5;0;1
2026.04.09 12:45;3166.00000;3168.00000;3139.00000;3144.00000;19.81;17.02;24.79;55.22;70.53;0.127;NEUTRE;0;7;0;1
2026.04.09 12:30;3168.00000;3169.00000;3160.00000;3166.00000;20.01;19.64;17.46;77.27;74.69;0.828;NEUTRE;0;39.2;1;1
2026.04.09 12:15;3170.00000;3179.00000;3163.00000;3167.00000;22.18;22.67;15.02;79.09;63.05;0.860;NEUTRE;0;40.8;1;1
2026.04.09 12:00;3148.00000;3175.00000;3135.00000;3170.00000;22.47;22.31;17.33;67.71;49.59;0.955;NEUTRE;0;44.4;1;1
2026.04.09 11:45;3138.00000;3149.00000;3138.00000;3148.00000;23.99;15.74;19.99;42.35;39.92;0.255;NEUTRE;0;15;0;1
2026.04.09 11:30;3140.00000;3147.00000;3134.00000;3142.00000;25.85;15.36;23.07;38.71;42.47;0.064;NEUTRE;0;3.9;0;1
2026.04.09 11:15;3148.00000;3151.00000;3138.00000;3139.00000;26.74;17.73;21.88;38.71;42.21;-0.032;NEUTRE;0;-2;0;1
2026.04.09 11:00;3142.00000;3151.00000;3133.00000;3148.00000;29.24;20.45;25.25;50.00;41.49;0.255;NEUTRE;0;15.9;0;1
2026.04.09 10:45;3153.00000;3154.00000;3131.00000;3142.00000;32.12;23.60;29.13;37.93;36.71;0.064;NEUTRE;0;4.2;0;1
2026.04.09 10:30;3151.00000;3162.00000;3150.00000;3155.00000;35.45;27.23;21.44;36.54;40.04;0.478;NEUTRE;0;29.3;1;1
2026.04.09 10:15;3146.00000;3153.00000;3146.00000;3151.00000;39.07;19.88;24.73;35.66;46.24;0.350;NEUTRE;0;22.8;0;1
2026.04.09 10:00;3146.00000;3146.00000;3142.00000;3146.00000;43.41;7.56;28.54;47.93;57.86;0.191;NEUTRE;0;13.2;0;1
2026.04.09 09:45;3158.00000;3162.00000;3145.00000;3145.00000;41.15;8.72;21.39;55.14;60.52;0.159;NEUTRE;0;11.4;0;1
2026.04.09 09:30;3153.00000;3158.00000;3149.00000;3158.00000;41.00;10.06;24.68;70.53;58.81;0.573;NEUTRE;0;36.6;1;1
2026.04.09 09:15;3177.00000;3178.00000;3142.00000;3156.00000;40.83;11.61;28.48;55.90;42.71;0.510;NEUTRE;0;34.2;1;1
2026.04.09 09:00;3130.00000;3177.00000;3130.00000;3177.00000;40.64;12.97;32.86;50.00;30.97;1.178;NEUTRE;0;58.2;2;1
2026.04.09 08:45;3140.00000;3155.00000;3119.00000;3133.00000;40.21;7.76;37.92;22.22;21.71;-0.223;NEUTRE;0;-17.4;0;1
2026.04.08 17:15;3180.00000;3181.00000;3172.00000;3174.00000;36.24;8.95;28.92;20.69;20.71;4.202;STRONG_UP;2;71.6;3;1
2026.04.08 17:00;3178.00000;3183.00000;3178.00000;3180.00000;33.71;10.33;23.12;22.22;21.10;4.399;STRONG_UP;2;72.6;3;1
2026.04.08 16:45;3182.00000;3182.00000;3174.00000;3178.00000;33.01;8.84;26.67;19.23;19.75;4.334;STRONG_UP;2;72.6;3;1
2026.04.08 16:30;3185.00000;3186.00000;3179.00000;3182.00000;30.37;10.20;21.16;21.84;22.82;4.465;STRONG_UP;2;73.3;3;1
2026.04.08 16:15;3185.00000;3189.00000;3184.00000;3185.00000;29.66;11.77;13.43;18.18;24.17;4.563;STRONG_UP;2;73.9;3;1
2026.04.08 16:00;3182.00000;3189.00000;3178.00000;3186.00000;33.22;13.58;15.49;28.43;30.28;4.596;STRONG_UP;2;74.2;3;1
2026.04.08 15:45;3198.00000;3200.00000;3179.00000;3182.00000;37.32;15.67;16.48;25.89;32.29;4.465;STRONG_UP;2;74;3;1
2026.04.08 15:30;3187.00000;3200.00000;3184.00000;3198.00000;42.67;18.08;15.35;36.52;34.11;4.990;STRONG_UP;2;75.8;3;1
2026.04.08 15:15;3204.00000;3208.00000;3180.00000;3188.00000;47.98;20.87;17.71;34.45;35.77;4.662;STRONG_UP;2;75.1;3;1
2026.04.08 15:00;3204.00000;3213.00000;3196.00000;3204.00000;54.10;24.08;11.64;31.36;42.30;5.187;STRONG_UP;2;76.8;3;1
2026.04.08 14:45;3195.00000;3213.00000;3188.00000;3205.00000;57.07;27.78;13.44;41.50;54.36;5.220;STRONG_UP;2;77.1;3;1
2026.04.08 14:30;3209.00000;3213.00000;3191.00000;3195.00000;60.50;32.05;13.66;54.05;63.43;4.892;STRONG_UP;2;76.5;3;1
2026.04.08 14:15;3216.00000;3225.00000;3209.00000;3209.00000;63.61;36.98;3.17;67.52;70.05;5.351;STRONG_UP;2;77.8;3;1
2026.04.08 14:00;3204.00000;3224.00000;3203.00000;3216.00000;60.44;41.71;3.66;68.70;75.09;5.581;STRONG_UP;2;78.5;3;1
2026.04.08 13:45;3203.00000;3217.00000;3197.00000;3204.00000;56.84;43.00;4.22;73.91;83.79;5.187;STRONG_UP;2;77.9;3;1
2026.04.08 13:30;3197.00000;3235.00000;3197.00000;3203.00000;52.95;49.62;4.87;82.64;89.84;5.154;STRONG_UP;2;78;3;1
2026.04.08 13:15;3173.00000;3200.00000;3169.00000;3197.00000;48.46;43.08;5.62;94.81;93.43;4.957;STRONG_UP;2;77.8;3;1
2026.04.08 13:00;3164.00000;3180.00000;3160.00000;3173.00000;44.08;39.78;6.49;92.06;92.70;4.169;STRONG_UP;2;75.8;3;1
2026.04.08 12:45;3152.00000;3166.00000;3142.00000;3164.00000;39.79;35.13;7.48;93.44;91.07;3.874;STRONG_UP;2;75;3;1
2026.04.08 12:30;3159.00000;3160.00000;3141.00000;3153.00000;35.93;36.69;8.63;92.59;87.24;3.513;SOFT_UP;1;73.9;3;1
2026.04.08 12:15;3134.00000;3164.00000;3134.00000;3160.00000;31.94;42.34;9.96;87.19;81.73;3.743;STRONG_UP;2;75.1;3;1
2026.04.08 12:00;3098.00000;3137.00000;3098.00000;3134.00000;27.33;35.01;11.50;81.94;81.16;2.889;SOFT_UP;1;71.4;3;1
2026.04.08 11:45;3083.00000;3117.00000;3083.00000;3098.00000;23.75;32.50;13.26;76.07;82.11;1.707;NEUTRE;0;60.8;2;1
2026.04.08 11:30;3077.00000;3087.00000;3077.00000;3083.00000;20.94;23.93;15.30;85.45;83.67;1.215;NEUTRE;0;52.5;2;1
2026.04.08 11:15;3075.00000;3081.00000;3075.00000;3077.00000;20.78;18.38;17.66;84.80;77.66;1.018;NEUTRE;0;48.1;2;1
2026.04.08 11:00;3080.00000;3081.00000;3070.00000;3075.00000;23.67;21.21;20.38;80.77;63.75;0.952;NEUTRE;0;46.8;2;1
2026.04.08 10:45;3077.00000;3082.00000;3074.00000;3080.00000;27.01;24.47;17.92;67.41;52.43;1.116;NEUTRE;0;52;2;1
2026.04.08 10:30;3061.00000;3080.00000;3057.00000;3076.00000;28.78;24.39;20.67;43.08;52.70;0.985;NEUTRE;0;49.1;2;1
2026.04.08 10:15;3050.00000;3061.00000;3042.00000;3061.00000;31.94;15.43;23.85;46.81;67.39;0.492;NEUTRE;0;30.6;1;1
2026.04.08 10:00;3075.00000;3077.00000;3047.00000;3050.00000;33.56;17.80;23.47;68.23;81.83;0.131;NEUTRE;0;9.2;0;1
2026.04.08 09:45;3074.00000;3087.00000;3071.00000;3075.00000;36.61;20.54;14.78;87.14;90.20;0.952;NEUTRE;0;50.2;2;1
2026.04.08 09:30;3072.00000;3086.00000;3071.00000;3074.00000;39.73;22.74;17.05;90.11;90.87;0.919;NEUTRE;0;50;2;1
2026.04.08 09:15;3070.00000;3079.00000;3059.00000;3072.00000;43.64;19.06;19.67;93.36;86.10;0.854;NEUTRE;0;48.7;2;1
2026.04.08 09:00;3067.00000;3078.00000;3056.00000;3070.00000;50.11;21.22;22.70;89.13;64.83;0.788;NEUTRE;0;47.2;2;1
2026.04.08 08:45;3046.00000;3069.00000;3031.00000;3067.00000;57.30;18.20;26.19;75.81;42.87;0.689;NEUTRE;0;44.1;1;1
2026.04.07 17:15;2998.00000;3003.00000;2990.00000;2995.00000;63.34;7.27;30.22;29.55;22.71;-6.640;EXPLOSIVE_DOWN;-3;-78.1;-3;1
2026.04.07 17:00;2997.00000;3000.00000;2993.00000;2998.00000;63.67;8.39;34.87;23.26;16.27;-6.546;EXPLOSIVE_DOWN;-3;-78.1;-3;1
2026.04.07 16:45;2999.00000;3003.00000;2995.00000;2997.00000;64.05;9.68;35.84;15.34;10.61;-6.577;EXPLOSIVE_DOWN;-3;-78.3;-3;1
2026.04.07 16:30;2994.00000;3005.00000;2994.00000;2999.00000;65.07;11.17;41.36;10.22;7.06;-6.515;EXPLOSIVE_DOWN;-3;-78.4;-3;1
2026.04.07 16:15;2995.00000;2997.00000;2988.00000;2993.00000;66.24;2.64;47.72;6.29;6.96;-6.702;EXPLOSIVE_DOWN;-3;-78.9;-3;1
2026.04.07 16:00;3016.00000;3016.00000;2992.00000;2995.00000;62.65;3.04;48.22;4.67;9.22;-6.640;EXPLOSIVE_DOWN;-3;-78.9;-3;1
2026.04.07 15:45;3025.00000;3031.00000;3013.00000;3016.00000;58.73;3.51;42.18;9.92;14.26;-5.985;STRONG_DOWN;-2;-77.9;-3;1
2026.04.07 15:30;3046.00000;3046.00000;3024.00000;3025.00000;54.74;4.05;39.27;13.07;15.94;-5.704;STRONG_DOWN;-2;-77.6;-3;1
2026.04.07 15:15;3048.00000;3050.00000;3042.00000;3045.00000;50.66;4.67;32.72;19.80;15.44;-5.081;STRONG_DOWN;-2;-76.3;-3;1
2026.04.07 15:00;3057.00000;3058.00000;3045.00000;3048.00000;46.91;5.39;31.99;14.94;11.02;-4.988;STRONG_DOWN;-2;-76.3;-3;1
2026.04.07 14:45;3049.00000;3060.00000;3037.00000;3057.00000;43.18;6.22;36.91;11.59;10.90;-4.707;STRONG_DOWN;-2;-75.7;-3;1
2026.04.07 14:30;3058.00000;3061.00000;3044.00000;3049.00000;38.87;7.18;37.91;6.54;14.91;-4.956;STRONG_DOWN;-2;-76.6;-3;1
2026.04.07 14:15;3072.00000;3074.00000;3056.00000;3058.00000;34.37;8.28;32.88;14.56;27.22;-4.676;STRONG_DOWN;-2;-76.1;-3;1
2026.04.07 14:00;3116.00000;3116.00000;3065.00000;3072.00000;30.46;9.55;30.25;23.64;31.86;-4.239;STRONG_DOWN;-2;-75;-3;1
2026.04.07 13:45;3109.00000;3118.00000;3102.00000;3116.00000;27.15;11.02;23.74;43.48;30.89;-2.868;SOFT_DOWN;-1;-68.7;-3;1
2026.04.07 13:30;3125.00000;3125.00000;3107.00000;3109.00000;25.70;12.72;22.58;28.47;20.18;-3.086;SOFT_DOWN;-1;-70.4;-3;1
2026.04.07 13:15;3118.00000;3127.00000;3115.00000;3125.00000;25.36;14.68;19.22;20.71;14.52;-2.587;SOFT_DOWN;-1;-67.4;-3;1
2026.04.07 13:00;3109.00000;3123.00000;3106.00000;3119.00000;27.20;11.81;22.17;11.35;11.87;-2.774;SOFT_DOWN;-1;-69.2;-3;1
2026.04.07 12:45;3113.00000;3118.00000;3104.00000;3109.00000;26.69;9.10;25.59;11.50;15.19;-3.086;SOFT_DOWN;-1;-71.5;-3;1
2026.04.07 12:30;3124.00000;3125.00000;3108.00000;3114.00000;23.48;10.50;25.13;12.76;20.88;-2.930;SOFT_DOWN;-1;-70.9;-3;1
2026.04.07 12:15;3140.00000;3148.00000;3109.00000;3124.00000;20.77;12.11;28.09;21.32;40.44;-2.618;SOFT_DOWN;-1;-69.2;-3;1
2026.04.07 12:00;3179.00000;3181.00000;3136.00000;3140.00000;17.86;13.98;21.76;28.57;56.46;-2.120;SOFT_DOWN;-1;-65.3;-3;1
2026.04.07 11:45;3171.00000;3179.00000;3168.00000;3178.00000;17.25;16.13;14.16;71.43;69.80;-0.935;NEUTRE;0;-44.4;-1;1
2026.04.07 11:30;3177.00000;3183.00000;3168.00000;3171.00000;18.91;18.61;16.34;69.39;65.79;-1.153;NEUTRE;0;-51;-2;1
2026.04.07 11:15;3176.00000;3178.00000;3171.00000;3177.00000;20.82;16.34;18.86;68.60;61.18;-0.966;NEUTRE;0;-46.6;-2;1
2026.04.07 11:00;3173.00000;3180.00000;3170.00000;3175.00000;22.93;18.86;21.76;59.40;54.98;-1.029;NEUTRE;0;-49;-2;1
2026.04.07 10:45;3173.00000;3176.00000;3168.00000;3172.00000;25.36;15.60;25.11;55.56;53.56;-1.122;NEUTRE;0;-52.1;-2;1
2026.04.07 10:30;3171.00000;3180.00000;3161.00000;3173.00000;25.67;18.00;28.97;50.00;53.42;-1.091;NEUTRE;0;-52;-2;1
2026.04.07 10:15;3165.00000;3176.00000;3147.00000;3171.00000;26.02;17.54;33.43;55.13;53.27;-1.153;NEUTRE;0;-54.2;-2;1
2026.04.07 10:00;3190.00000;3190.00000;3163.00000;3164.00000;25.23;20.23;30.08;55.14;46.05;-1.372;NEUTRE;0;-59.4;-2;1
2026.04.07 09:45;3186.00000;3192.00000;3182.00000;3190.00000;26.10;23.35;23.88;49.55;34.72;-0.561;NEUTRE;0;-35.3;-1;1
2026.04.07 09:30;3171.00000;3186.00000;3169.00000;3186.00000;29.94;17.71;27.56;33.47;22.74;-0.686;NEUTRE;0;-41.6;-1;1
2026.04.07 09:15;3160.00000;3172.00000;3159.00000;3171.00000;31.20;7.76;31.79;21.15;15.25;-1.153;NEUTRE;0;-56.9;-2;1
2026.04.07 09:00;3181.00000;3183.00000;3146.00000;3160.00000;26.66;8.96;36.69;13.61;11.06;-1.496;NEUTRE;0;-64;-2;1
2026.04.07 08:45;3208.00000;3211.00000;3171.00000;3180.00000;21.41;10.33;31.93;11.01;11.55;-0.873;NEUTRE;0;-50.9;-2;1
2026.04.06 17:15;3218.00000;3220.00000;3213.00000;3213.00000;16.84;11.92;21.46;8.57;16.52;-1.502;NEUTRE;0;-47;-2;1
2026.04.06 17:00;3222.00000;3227.00000;3215.00000;3218.00000;15.04;13.76;20.37;15.07;24.01;-1.349;NEUTRE;0;-44.3;-1;1
2026.04.06 16:45;3224.00000;3226.00000;3220.00000;3222.00000;14.37;15.88;17.09;25.93;29.74;-1.226;NEUTRE;0;-42;-1;1
2026.04.06 16:30;3229.00000;3236.00000;3224.00000;3224.00000;16.01;18.32;9.47;31.03;32.94;-1.165;NEUTRE;0;-41;-1;1
2026.04.06 16:15;3222.00000;3232.00000;3219.00000;3229.00000;13.57;16.01;10.92;32.26;35.30;-1.012;NEUTRE;0;-37.5;-1;1
2026.04.06 16:00;3222.00000;3230.00000;3219.00000;3222.00000;12.76;16.10;12.60;35.51;34.89;-1.226;NEUTRE;0;-43.3;-1;1
2026.04.06 15:45;3234.00000;3245.00000;3219.00000;3221.00000;12.85;18.58;14.54;38.14;30.23;-1.257;NEUTRE;0;-44.5;-1;1
2026.04.06 15:30;3229.00000;3236.00000;3226.00000;3234.00000;12.95;16.11;16.78;31.01;24.02;-0.858;NEUTRE;0;-34.3;-1;1
2026.04.06 15:15;3216.00000;3232.00000;3216.00000;3229.00000;14.63;12.44;19.36;21.54;26.60;-1.012;NEUTRE;0;-39.3;-1;1
2026.04.06 15:00;3227.00000;3237.00000;3213.00000;3216.00000;13.53;14.35;22.34;19.51;33.98;-1.410;NEUTRE;0;-49.2;-2;1
2026.04.06 14:45;3239.00000;3239.00000;3219.00000;3228.00000;12.26;16.56;21.93;38.74;45.28;-1.042;NEUTRE;0;-41;-1;1
2026.04.06 14:30;3254.00000;3256.00000;3227.00000;3239.00000;12.00;19.11;19.15;43.69;50.43;-0.705;NEUTRE;0;-30.9;-1;1
2026.04.06 14:15;3238.00000;3255.00000;3232.00000;3254.00000;13.83;22.05;19.45;53.40;56.10;-0.245;NEUTRE;0;-12;0;1
2026.04.06 14:00;3247.00000;3254.00000;3232.00000;3238.00000;14.99;24.77;22.44;54.21;54.06;-0.736;NEUTRE;0;-32.9;-1;1
2026.04.06 13:45;3246.00000;3263.00000;3244.00000;3249.00000;16.54;28.58;17.50;60.68;51.36;-0.399;NEUTRE;0;-19.7;0;1
2026.04.06 13:30;3241.00000;3247.00000;3232.00000;3246.00000;15.38;20.03;20.19;47.30;43.04;-0.490;NEUTRE;0;-24.1;0;1
2026.04.06 13:15;3240.00000;3255.00000;3239.00000;3241.00000;17.68;23.11;16.12;46.11;37.63;-0.644;NEUTRE;0;-30.9;-1;1
2026.04.06 13:00;3254.00000;3255.00000;3227.00000;3238.00000;17.66;26.66;18.59;35.71;30.75;-0.736;NEUTRE;0;-34.9;-1;1
2026.04.06 12:45;3233.00000;3256.00000;3232.00000;3255.00000;17.63;30.76;18.71;31.05;32.53;-0.215;NEUTRE;0;-11.7;0;1
2026.04.06 12:30;3230.00000;3235.00000;3221.00000;3233.00000;16.60;22.03;21.59;25.49;41.47;-0.889;NEUTRE;0;-41.2;-1;1
2026.04.06 12:15;3263.00000;3263.00000;3217.00000;3231.00000;18.99;25.42;24.91;41.05;54.90;-0.950;NEUTRE;0;-43.7;-1;1
2026.04.06 12:00;3271.00000;3284.00000;3258.00000;3263.00000;21.76;29.34;15.03;57.87;62.53;0.031;NEUTRE;0;1.8;0;1
2026.04.06 11:45;3268.00000;3273.00000;3257.00000;3273.00000;20.14;27.34;17.34;65.77;63.07;0.337;NEUTRE;0;19.5;0;1
2026.04.06 11:30;3262.00000;3293.00000;3262.00000;3268.00000;19.80;31.55;15.20;63.96;53.53;0.184;NEUTRE;0;11.1;0;1
2026.04.03 08:45;3246.00000;3246.00000;3246.00000;3246.00000;17.46;21.02;17.54;59.46;41.74;0.000;NEUTRE;0;0;0;1
2026.04.02 17:15;3241.00000;3252.00000;3241.00000;3244.00000;18.76;24.25;20.23;37.18;30.35;-3.077;SOFT_DOWN;-1;-65.5;-3;1
2026.04.02 17:00;3231.00000;3246.00000;3231.00000;3241.00000;20.26;19.59;23.35;28.57;32.33;-3.167;SOFT_DOWN;-1;-66.4;-3;1
2026.04.02 16:45;3236.00000;3239.00000;3229.00000;3231.00000;22.03;15.42;26.94;25.29;36.54;-3.466;SOFT_DOWN;-1;-68.6;-3;1
2026.04.02 16:30;3237.00000;3239.00000;3229.00000;3236.00000;21.24;17.79;31.08;43.12;41.62;-3.316;SOFT_DOWN;-1;-68;-3;1
2026.04.02 16:15;3253.00000;3253.00000;3236.00000;3236.00000;20.32;20.53;25.10;41.22;35.69;-3.316;SOFT_DOWN;-1;-68.3;-3;1
2026.04.02 16:00;3246.00000;3256.00000;3243.00000;3253.00000;21.91;23.69;22.62;40.52;31.60;-2.808;SOFT_DOWN;-1;-65.2;-3;1
2026.04.02 15:45;3244.00000;3247.00000;3234.00000;3243.00000;24.92;16.68;26.10;25.32;37.06;-3.107;SOFT_DOWN;-1;-67.6;-3;1
2026.04.02 15:30;3232.00000;3248.00000;3226.00000;3244.00000;25.37;19.25;30.12;28.97;55.61;-3.077;SOFT_DOWN;-1;-67.8;-3;1
2026.04.02 15:15;3254.00000;3254.00000;3228.00000;3232.00000;25.89;22.21;33.35;56.90;75.45;-3.436;SOFT_DOWN;-1;-70.2;-3;1
2026.04.02 15:00;3271.00000;3275.00000;3252.00000;3255.00000;26.79;25.63;24.81;80.98;86.40;-2.749;SOFT_DOWN;-1;-66.1;-3;1
2026.04.02 14:45;3264.00000;3278.00000;3256.00000;3272.00000;30.66;29.57;25.95;88.48;90.25;-2.241;SOFT_DOWN;-1;-61.9;-2;1
2026.04.02 14:30;3261.00000;3265.00000;3247.00000;3264.00000;34.37;25.03;29.95;89.74;81.39;-2.480;SOFT_DOWN;-1;-64.6;-2;1
2026.04.02 14:15;3263.00000;3274.00000;3258.00000;3262.00000;38.29;28.88;25.15;92.54;60.54;-2.540;SOFT_DOWN;-1;-65.5;-3;1
2026.04.02 14:00;3240.00000;3265.00000;3235.00000;3263.00000;43.11;24.67;29.02;61.88;32.18;-2.510;SOFT_DOWN;-1;-65.6;-3;1
2026.04.02 13:45;3201.00000;3241.00000;3197.00000;3240.00000;48.50;16.16;33.48;27.19;13.63;-3.197;SOFT_DOWN;-1;-70.7;-3;1
2026.04.02 13:30;3207.00000;3214.00000;3193.00000;3201.00000;50.59;9.21;38.64;7.46;6.97;-4.362;STRONG_DOWN;-2;-75.9;-3;1
2026.04.02 13:15;3211.00000;3223.00000;3205.00000;3207.00000;48.91;10.62;35.79;6.23;7.28;-4.183;STRONG_DOWN;-2;-75.6;-3;1
2026.04.02 13:00;3211.00000;3217.00000;3203.00000;3211.00000;48.10;7.13;41.29;7.22;8.81;-4.063;STRONG_DOWN;-2;-75.4;-3;1
2026.04.02 12:45;3227.00000;3235.00000;3205.00000;3211.00000;44.64;8.23;45.45;8.40;13.12;-4.063;STRONG_DOWN;-2;-75.7;-3;1
2026.04.02 12:30;3272.00000;3275.00000;3220.00000;3227.00000;40.84;9.49;44.75;10.81;21.54;-3.585;SOFT_DOWN;-1;-74.2;-3;1
2026.04.02 12:15;3289.00000;3290.00000;3264.00000;3272.00000;37.12;10.95;39.33;20.16;35.08;-2.241;SOFT_DOWN;-1;-66.1;-3;1
2026.04.02 12:00;3301.00000;3302.00000;3284.00000;3289.00000;34.15;12.64;33.54;33.65;49.19;-1.733;NEUTRE;0;-60.7;-2;1
2026.04.02 11:45;3307.00000;3308.00000;3294.00000;3302.00000;32.44;14.58;30.16;51.43;55.21;-1.344;NEUTRE;0;-54.6;-2;1
2026.04.02 11:30;3306.00000;3309.00000;3301.00000;3306.00000;32.08;16.82;27.10;62.50;51.01;-1.225;NEUTRE;0;-52.7;-2;1
2026.04.02 11:15;3317.00000;3322.00000;3305.00000;3307.00000;33.41;19.41;23.58;51.70;38.42;-1.195;NEUTRE;0;-52.6;-2;1
2026.04.02 11:00;3301.00000;3318.00000;3296.00000;3317.00000;37.06;18.78;27.21;38.82;26.49;-0.896;NEUTRE;0;-45.1;-2;1
2026.04.02 10:45;3297.00000;3301.00000;3289.00000;3301.00000;39.94;9.78;31.39;24.73;18.80;-1.374;NEUTRE;0;-57.6;-2;1
2026.04.02 10:30;3298.00000;3300.00000;3292.00000;3297.00000;38.01;11.28;32.38;15.91;18.53;-1.494;NEUTRE;0;-60.3;-2;1
2026.04.02 10:15;3297.00000;3303.00000;3283.00000;3297.00000;36.43;13.02;37.36;15.75;27.11;-1.494;NEUTRE;0;-60.9;-2;1
2026.04.02 10:00;3327.00000;3331.00000;3297.00000;3297.00000;34.60;15.02;32.34;23.91;33.76;-1.494;NEUTRE;0;-61.5;-2;1
2026.04.02 09:45;3342.00000;3343.00000;3324.00000;3327.00000;34.30;17.34;25.10;41.67;33.79;-0.598;NEUTRE;0;-37.1;-1;1
2026.04.02 09:30;3345.00000;3345.00000;3338.00000;3342.00000;36.76;20.00;17.62;35.71;25.46;-0.149;NEUTRE;0;-10.9;0;1
2026.04.02 09:15;3327.00000;3347.00000;3320.00000;3345.00000;41.44;23.08;20.33;24.00;26.21;-0.060;NEUTRE;0;-4.6;0;1
2026.04.02 09:00;3336.00000;3342.00000;3318.00000;3327.00000;46.84;23.78;23.46;16.67;45.83;-0.598;NEUTRE;0;-39.3;-1;1
2026.04.02 08:45;3347.00000;3350.00000;3336.00000;3336.00000;53.95;27.44;15.53;37.97;72.28;-0.329;NEUTRE;0;-24.8;0;1
2026.04.01 17:15;3367.00000;3374.00000;3362.00000;3364.00000;57.98;31.66;3.63;82.86;90.57;3.032;SOFT_UP;1;65.2;3;1
2026.04.01 17:00;3365.00000;3368.00000;3364.00000;3367.00000;54.68;28.84;4.19;96.00;93.80;3.124;SOFT_UP;1;66.2;3;1
2026.04.01 16:45;3363.00000;3368.00000;3360.00000;3367.00000;51.62;33.28;4.84;92.86;91.95;3.124;SOFT_UP;1;66.5;3;1
2026.04.01 16:30;3358.00000;3364.00000;3355.00000;3363.00000;48.08;30.70;5.58;92.55;91.42;3.002;SOFT_UP;1;65.9;3;1
2026.04.01 16:15;3357.00000;3362.00000;3354.00000;3358.00000;44.83;32.01;6.44;90.43;90.62;2.848;SOFT_UP;1;65.1;3;1
2026.04.01 16:00;3353.00000;3359.00000;3347.00000;3357.00000;41.50;31.16;7.43;91.27;89.49;2.818;SOFT_UP;1;65.2;3;1
2026.04.01 15:45;3347.00000;3358.00000;3339.00000;3353.00000;38.42;34.68;8.58;90.16;82.27;2.695;SOFT_UP;1;64.6;2;1
2026.04.01 15:30;3342.00000;3351.00000;3339.00000;3347.00000;35.05;34.34;9.90;87.04;69.73;2.511;SOFT_UP;1;63.4;2;1
2026.04.01 15:15;3335.00000;3345.00000;3332.00000;3342.00000;31.94;31.93;11.42;69.61;58.83;2.358;SOFT_UP;1;62.3;2;1
2026.04.01 15:00;3322.00000;3337.00000;3320.00000;3335.00000;29.57;27.38;13.18;52.54;59.30;2.144;SOFT_UP;1;60.4;2;1
2026.04.01 14:45;3314.00000;3329.00000;3312.00000;3321.00000;28.73;24.35;15.20;54.35;71.02;1.715;NEUTRE;0;55.1;2;1
2026.04.01 14:30;3328.00000;3334.00000;3310.00000;3314.00000;29.59;28.10;17.54;71.02;84.24;1.501;NEUTRE;0;51.9;2;1
2026.04.01 14:15;3331.00000;3342.00000;3324.00000;3328.00000;30.59;32.42;11.27;87.70;89.57;1.930;SOFT_UP;1;59.1;2;1
2026.04.01 14:00;3329.00000;3340.00000;3326.00000;3331.00000;27.84;37.41;13.00;93.99;86.95;2.021;SOFT_UP;1;60.6;2;1
2026.04.01 13:45;3313.00000;3329.00000;3307.00000;3329.00000;24.68;31.08;15.00;87.01;82.65;1.960;SOFT_UP;1;60.3;2;1
2026.04.01 13:30;3293.00000;3315.00000;3291.00000;3313.00000;23.10;26.07;17.31;79.85;84.43;1.470;NEUTRE;0;53.3;2;1
2026.04.01 13:15;3301.00000;3311.00000;3290.00000;3293.00000;23.55;27.51;19.97;81.08;89.44;0.858;NEUTRE;0;38.6;1;1
2026.04.01 13:00;3306.00000;3306.00000;3267.00000;3302.00000;24.73;28.08;23.04;92.36;93.10;1.133;NEUTRE;0;47;2;1
2026.04.01 12:45;3298.00000;3309.00000;3296.00000;3306.00000;27.01;32.41;15.14;94.87;92.38;1.256;NEUTRE;0;50.5;2;1
2026.04.01 12:30;3285.00000;3300.00000;3285.00000;3298.00000;25.59;26.74;17.47;92.06;80.34;1.011;NEUTRE;0;44.9;1;1
2026.04.01 12:15;3274.00000;3288.00000;3270.00000;3285.00000;26.30;18.55;20.16;90.20;66.32;0.613;NEUTRE;0;31.6;1;1
2026.04.01 12:00;3273.00000;3279.00000;3267.00000;3274.00000;29.70;13.71;23.27;58.76;48.25;0.276;NEUTRE;0;15.8;0;1
2026.04.01 11:45;3250.00000;3275.00000;3247.00000;3274.00000;30.29;10.69;26.84;50.00;45.65;0.276;NEUTRE;0;16.1;0;1
2026.04.01 11:30;3270.00000;3271.00000;3247.00000;3250.00000;28.33;10.13;30.97;36.00;46.39;-0.459;NEUTRE;0;-26.2;-1;1
2026.04.01 11:15;3265.00000;3270.00000;3261.00000;3270.00000;24.89;11.69;26.77;50.96;53.68;0.153;NEUTRE;0;9.5;0;1
2026.04.01 11:00;3270.00000;3271.00000;3252.00000;3265.00000;22.69;13.49;30.88;52.21;54.25;0.000;NEUTRE;0;0;0;1
2026.04.01 10:45;3274.00000;3276.00000;3267.00000;3270.00000;20.15;15.57;23.49;57.85;54.56;0.153;NEUTRE;0;9.9;0;1
2026.04.01 10:30;3275.00000;3283.00000;3272.00000;3274.00000;20.13;17.96;18.56;52.67;52.81;0.276;NEUTRE;0;17.9;0;1
2026.04.01 10:15;3267.00000;3279.00000;3265.00000;3275.00000;22.98;15.13;21.41;53.15;52.56;0.306;NEUTRE;0;20.2;0;1
2026.04.01 10:00;3280.00000;3280.00000;3250.00000;3268.00000;23.87;17.46;24.70;52.60;48.58;0.092;NEUTRE;0;6.5;0;1
2026.04.01 09:45;3281.00000;3290.00000;3275.00000;3280.00000;24.90;20.15;15.68;51.92;44.04;0.459;NEUTRE;0;30.1;1;1
2026.04.01 09:30;3269.00000;3289.00000;3268.00000;3280.00000;26.81;22.22;18.10;41.22;37.74;0.459;NEUTRE;0;30.8;1;1
2026.04.01 09:15;3268.00000;3269.00000;3249.00000;3268.00000;29.36;10.99;20.88;38.97;34.07;0.092;NEUTRE;0;7;0;1
2026.04.01 09:00;3285.00000;3299.00000;3257.00000;3268.00000;29.10;12.68;17.94;33.04;27.61;0.092;NEUTRE;0;7.2;0;1
2026.04.01 08:45;3265.00000;3301.00000;3265.00000;3284.00000;30.93;14.63;17.77;30.21;22.89;0.582;NEUTRE;0;39.3;1;1
2026.03.31 17:15;3268.00000;3274.00000;3261.00000;3264.00000;34.20;5.65;20.50;19.59;21.45;4.082;STRONG_UP;2;71.1;3;1
2026.03.31 17:00;3278.00000;3279.00000;3264.00000;3267.00000;30.72;6.52;20.11;18.87;22.22;4.177;STRONG_UP;2;71.7;3;1
2026.03.31 16:45;3273.00000;3278.00000;3265.00000;3278.00000;27.60;7.52;23.20;25.89;25.84;4.528;STRONG_UP;2;73.3;3;1
2026.03.31 16:30;3286.00000;3286.00000;3269.00000;3273.00000;23.99;8.68;22.04;21.90;33.60;4.369;STRONG_UP;2;72.9;3;1
2026.03.31 16:15;3281.00000;3289.00000;3277.00000;3286.00000;20.99;10.01;18.19;29.73;47.58;4.783;STRONG_UP;2;74.6;3;1
2026.03.31 16:00;3279.00000;3292.00000;3279.00000;3281.00000;19.76;11.55;18.42;49.17;62.50;4.624;STRONG_UP;2;74.3;3;1
2026.03.31 15:45;3303.00000;3306.00000;3274.00000;3279.00000;19.27;13.33;21.26;63.85;65.99;4.560;STRONG_UP;2;74.3;3;1
2026.03.31 15:30;3293.00000;3303.00000;3291.00000;3303.00000;18.72;15.38;16.35;74.48;58.23;5.325;STRONG_UP;2;76.7;3;1
2026.03.31 15:15;3305.00000;3308.00000;3290.00000;3296.00000;21.12;17.75;18.87;59.63;44.10;5.102;STRONG_UP;2;76.4;3;1
2026.03.31 15:00;3291.00000;3307.00000;3280.00000;3304.00000;23.90;19.63;21.77;40.59;37.68;5.357;STRONG_UP;2;77.2;3;1
2026.03.31 14:45;3275.00000;3294.00000;3265.00000;3291.00000;26.78;15.24;25.12;32.08;47.23;4.943;STRONG_UP;2;76.4;3;1
2026.03.31 14:30;3297.00000;3300.00000;3271.00000;3275.00000;27.14;17.58;25.80;40.37;63.06;4.432;STRONG_UP;2;75.1;3;1
2026.03.31 14:15;3303.00000;3309.00000;3290.00000;3298.00000;28.40;20.29;19.69;69.23;75.17;5.166;STRONG_UP;2;77.4;3;1
2026.03.31 14:00;3319.00000;3323.00000;3297.00000;3303.00000;32.54;23.41;17.05;79.57;69.98;5.325;STRONG_UP;2;77.9;3;1
2026.03.31 13:45;3315.00000;3324.00000;3311.00000;3319.00000;35.13;27.01;11.39;76.72;55.83;5.835;STRONG_UP;2;79.2;3;1
2026.03.31 13:30;3300.00000;3319.00000;3296.00000;3315.00000;34.27;25.25;13.15;53.65;41.52;5.708;STRONG_UP;2;79.1;3;1
2026.03.31 13:15;3277.00000;3300.00000;3277.00000;3300.00000;34.70;16.42;15.17;37.13;44.48;5.230;STRONG_UP;2;78.4;3;1
2026.03.31 13:00;3299.00000;3312.00000;3263.00000;3277.00000;39.43;18.95;17.50;33.80;55.61;4.496;STRONG_UP;2;76.8;3;1
2026.03.31 12:45;3311.00000;3314.00000;3289.00000;3299.00000;44.88;21.86;12.03;62.50;67.74;5.198;STRONG_UP;2;78.7;3;1
2026.03.31 12:30;3321.00000;3327.00000;3303.00000;3311.00000;47.33;25.23;5.27;70.54;66.44;5.580;STRONG_UP;2;79.7;3;1
2026.03.31 12:15;3295.00000;3322.00000;3291.00000;3321.00000;44.54;25.90;6.08;70.19;66.74;5.899;STRONG_UP;2;80.4;3;1
2026.03.31 12:00;3297.00000;3308.00000;3288.00000;3295.00000;41.85;22.94;7.01;58.59;64.58;5.070;STRONG_UP;2;79.1;3;1
2026.03.31 11:45;3301.00000;3303.00000;3289.00000;3297.00000;40.11;22.62;8.09;71.43;68.44;5.134;STRONG_UP;2;79.5;3;1
2026.03.31 11:30;3306.00000;3306.00000;3289.00000;3300.00000;39.00;26.10;9.33;63.73;66.99;5.230;STRONG_UP;2;79.9;3;1
2026.03.31 11:15;3281.00000;3311.00000;3280.00000;3306.00000;37.72;30.12;10.77;70.16;70.46;5.421;STRONG_UP;2;80.4;3;1
2026.03.31 11:00;3291.00000;3293.00000;3280.00000;3281.00000;36.24;25.82;12.43;67.09;72.61;4.624;STRONG_UP;2;79.1;3;1
2026.03.31 10:45;3282.00000;3296.00000;3282.00000;3291.00000;36.43;29.79;11.97;74.13;79.26;4.943;STRONG_UP;2;80;3;1
2026.03.31 10:30;3281.00000;3294.00000;3274.00000;3282.00000;35.48;32.17;13.82;76.61;84.70;4.656;STRONG_UP;2;79.6;3;1
2026.03.31 10:15;3285.00000;3295.00000;3280.00000;3281.00000;34.79;37.12;11.33;87.04;89.76;4.624;STRONG_UP;2;79.8;3;1
2026.03.31 10:00;3279.00000;3302.00000;3276.00000;3285.00000;31.96;42.83;13.07;90.44;91.47;4.751;STRONG_UP;2;80.3;3;1
2026.03.31 09:45;3243.00000;3283.00000;3243.00000;3279.00000;28.68;38.18;15.08;91.81;93.10;4.560;STRONG_UP;2;80.1;3;1
2026.03.31 09:30;3245.00000;3256.00000;3231.00000;3243.00000;26.42;33.67;17.40;92.17;92.16;3.412;SOFT_UP;1;77.3;3;1
2026.03.31 09:15;3241.00000;3259.00000;3236.00000;3245.00000;25.58;38.85;17.00;95.31;81.60;3.476;SOFT_UP;1;77.8;3;1
2026.03.31 09:00;3196.00000;3240.00000;3196.00000;3240.00000;23.50;32.12;19.61;89.00;54.90;3.316;SOFT_UP;1;77.6;3;1
2026.03.31 08:45;3136.00000;3196.00000;3136.00000;3195.00000;23.39;22.02;22.63;60.48;30.18;1.881;SOFT_UP;1;69.3;3;1
2026.03.30 17:15;3130.00000;3130.00000;3125.00000;3126.00000;26.78;10.90;26.11;15.22;14.27;-0.888;NEUTRE;0;-32.4;-1;1
2026.03.30 17:00;3135.00000;3136.00000;3127.00000;3130.00000;24.57;12.57;23.97;14.85;14.87;-0.761;NEUTRE;0;-28.9;-1;1
2026.03.30 16:45;3135.00000;3136.00000;3126.00000;3135.00000;23.56;14.51;27.66;12.75;22.11;-0.602;NEUTRE;0;-23.9;0;1
2026.03.30 16:30;3136.00000;3140.00000;3133.00000;3135.00000;22.38;16.74;21.15;17.02;36.07;-0.602;NEUTRE;0;-24.2;0;1
2026.03.30 16:15;3147.00000;3148.00000;3135.00000;3137.00000;24.04;19.32;20.01;36.56;51.26;-0.539;NEUTRE;0;-22.2;0;1
2026.03.30 16:00;3155.00000;3156.00000;3146.00000;3147.00000;27.46;22.29;10.07;54.63;61.21;-0.222;NEUTRE;0;-9.7;0;1
2026.03.30 15:45;3147.00000;3165.00000;3135.00000;3155.00000;25.88;25.72;11.62;62.60;67.93;0.032;NEUTRE;0;1.4;0;1
2026.03.30 15:30;3150.00000;3154.00000;3137.00000;3147.00000;24.05;24.03;13.40;66.40;74.84;-0.222;NEUTRE;0;-10;0;1
2026.03.30 15:15;3147.00000;3166.00000;3142.00000;3150.00000;23.38;27.73;10.94;74.77;79.22;-0.127;NEUTRE;0;-5.9;0;1
2026.03.30 15:00;3142.00000;3153.00000;3142.00000;3146.00000;20.30;23.66;12.63;83.33;78.98;-0.254;NEUTRE;0;-11.8;0;1
2026.03.30 14:45;3140.00000;3147.00000;3135.00000;3142.00000;18.74;18.91;14.57;79.55;70.62;-0.380;NEUTRE;0;-17.6;0;1
2026.03.30 14:30;3128.00000;3144.00000;3120.00000;3140.00000;19.63;17.98;16.81;74.07;61.37;-0.444;NEUTRE;0;-20.7;0;1
2026.03.30 14:15;3129.00000;3133.00000;3121.00000;3129.00000;22.13;13.69;19.39;58.23;47.79;-0.793;NEUTRE;0;-34.4;-1;1
2026.03.30 14:00;3126.00000;3138.00000;3126.00000;3130.00000;22.89;15.80;15.97;51.81;34.11;-0.761;NEUTRE;0;-33.8;-1;1
2026.03.30 13:45;3126.00000;3133.00000;3115.00000;3126.00000;26.32;11.82;18.43;33.33;22.57;-0.888;NEUTRE;0;-38.5;-1;1
2026.03.30 13:30;3118.00000;3127.00000;3113.00000;3126.00000;27.01;8.51;21.26;17.20;22.88;-0.888;NEUTRE;0;-39;-1;1
2026.03.30 13:15;3117.00000;3127.00000;3116.00000;3118.00000;24.57;9.81;21.23;17.17;31.01;-1.141;NEUTRE;0;-46.7;-2;1
2026.03.30 13:00;3133.00000;3135.00000;3116.00000;3117.00000;22.69;11.32;24.50;34.26;38.57;-1.173;NEUTRE;0;-48;-2;1
2026.03.30 12:45;3141.00000;3142.00000;3128.00000;3133.00000;20.53;13.07;18.55;41.59;36.74;-0.666;NEUTRE;0;-32.8;-1;1
2026.03.30 12:30;3129.00000;3141.00000;3127.00000;3141.00000;21.02;13.98;21.41;39.84;34.13;-0.412;NEUTRE;0;-22.1;0;1
2026.03.30 12:15;3140.00000;3142.00000;3129.00000;3130.00000;21.02;16.13;22.50;28.78;35.02;-0.761;NEUTRE;0;-37.4;-1;1
2026.03.30 12:00;3134.00000;3154.00000;3119.00000;3137.00000;21.71;18.61;25.97;33.76;46.45;-0.539;NEUTRE;0;-28.9;-1;1
2026.03.30 11:45;3132.00000;3135.00000;3123.00000;3134.00000;22.51;13.12;29.96;42.53;61.87;-0.634;NEUTRE;0;-33.6;-1;1
2026.03.30 11:30;3141.00000;3148.00000;3130.00000;3132.00000;19.96;15.14;25.60;63.08;75.70;-0.698;NEUTRE;0;-36.8;-1;1
2026.03.30 11:15;3161.00000;3162.00000;3141.00000;3141.00000;19.09;17.47;20.13;80.00;74.10;-0.412;NEUTRE;0;-24.3;0;1
2026.03.30 11:00;3160.00000;3169.00000;3152.00000;3162.00000;20.93;20.15;15.17;84.02;57.06;0.254;NEUTRE;0;15.9;0;1
2026.03.30 10:45;3125.00000;3163.00000;3124.00000;3159.00000;21.98;17.83;17.50;58.28;34.42;0.159;NEUTRE;0;10.3;0;1
2026.03.30 10:30;3108.00000;3132.00000;3108.00000;3127.00000;25.22;8.34;20.20;28.89;19.37;-0.856;NEUTRE;0;-45.1;-2;1
2026.03.30 10:15;3131.00000;3131.00000;3102.00000;3108.00000;22.71;8.98;23.30;16.08;14.40;-1.458;NEUTRE;0;-60.3;-2;1
2026.03.30 10:00;3132.00000;3133.00000;3126.00000;3131.00000;19.38;10.36;14.16;13.14;17.56;-0.729;NEUTRE;0;-41.9;-1;1
2026.03.30 09:45;3130.00000;3143.00000;3123.00000;3132.00000;19.98;11.96;16.33;13.97;31.07;-0.698;NEUTRE;0;-41.4;-1;1
2026.03.30 09:30;3138.00000;3143.00000;3129.00000;3130.00000;20.68;13.80;14.23;25.56;52.86;-0.761;NEUTRE;0;-44.6;-1;1
2026.03.30 09:15;3150.00000;3151.00000;3135.00000;3137.00000;23.62;15.92;9.83;53.68;72.11;-0.539;NEUTRE;0;-35.7;-1;1
2026.03.30 09:00;3166.00000;3168.00000;3133.00000;3150.00000;23.62;18.37;11.34;79.33;83.02;-0.127;NEUTRE;0;-9.9;0;1
2026.03.30 08:45;3154.00000;3172.00000;3134.00000;3166.00000;23.61;21.20;12.64;83.33;81.58;0.380;NEUTRE;0;28.1;1;1
2026.03.27 16:45;3139.00000;3169.00000;3139.00000;3166.00000;23.35;24.46;12.57;86.39;81.90;0.380;NEUTRE;0;15.6;0;1
2026.03.27 16:30;3150.00000;3155.00000;3128.00000;3139.00000;22.01;21.04;14.50;75.00;69.27;-0.476;NEUTRE;0;-19.6;0;1
2026.03.27 16:15;3127.00000;3152.00000;3126.00000;3151.00000;22.56;22.57;16.73;84.31;54.96;-0.095;NEUTRE;0;-4.1;0;1
2026.03.27 16:00;3136.00000;3140.00000;3126.00000;3127.00000;23.75;18.94;19.30;48.48;32.72;-0.856;NEUTRE;0;-33.4;-1;1
2026.03.27 15:45;3114.00000;3136.00000;3111.00000;3135.00000;27.25;17.46;22.27;32.08;21.64;-0.602;NEUTRE;0;-25.2;-1;1
2026.03.27 15:30;3115.00000;3121.00000;3109.00000;3113.00000;29.58;10.91;25.70;17.59;14.61;-1.300;NEUTRE;0;-45.9;-2;1
2026.03.27 15:15;3130.00000;3135.00000;3111.00000;3115.00000;27.92;12.59;27.09;15.24;12.88;-1.237;NEUTRE;0;-45;-1;1
2026.03.27 15:00;3120.00000;3137.00000;3120.00000;3130.00000;26.59;14.53;25.49;11.01;15.21;-0.761;NEUTRE;0;-32;-1;1
2026.03.27 14:45;3132.00000;3133.00000;3119.00000;3120.00000;26.46;13.14;29.41;12.40;19.80;-1.078;NEUTRE;0;-42;-1;1
2026.03.27 14:30;3145.00000;3149.00000;3131.00000;3131.00000;24.65;15.16;20.75;22.22;21.59;-0.729;NEUTRE;0;-31.8;-1;1
2026.03.27 14:15;3146.00000;3149.00000;3132.00000;3145.00000;26.05;17.49;23.08;24.79;17.72;-0.285;NEUTRE;0;-13.8;0;1
2026.03.27 14:00;3141.00000;3145.00000;3131.00000;3145.00000;27.94;16.57;26.64;17.76;16.13;-0.285;NEUTRE;0;-14.1;0;1
2026.03.27 13:45;3154.00000;3156.00000;3140.00000;3141.00000;28.65;19.11;20.84;10.62;18.54;-0.412;NEUTRE;0;-20.3;0;1
2026.03.27 13:30;3158.00000;3173.00000;3150.00000;3154.00000;32.39;22.05;14.44;20.00;26.44;0.000;NEUTRE;0;0;0;1
2026.03.27 13:15;3159.00000;3163.00000;3150.00000;3157.00000;34.17;18.76;16.66;25.00;34.98;0.095;NEUTRE;0;5;0;1
2026.03.27 13:00;3160.00000;3162.00000;3152.00000;3159.00000;38.51;21.64;16.85;34.32;46.73;0.159;NEUTRE;0;8.6;0;1
2026.03.27 12:45;3167.00000;3172.00000;3155.00000;3158.00000;42.52;24.97;14.83;45.61;54.12;0.127;NEUTRE;0;7;0;1
2026.03.27 12:30;3177.00000;3182.00000;3161.00000;3166.00000;45.14;28.82;11.68;60.26;52.50;0.380;NEUTRE;0;20.5;0;1
2026.03.27 12:15;3171.00000;3198.00000;3166.00000;3177.00000;45.57;33.25;9.81;56.49;41.81;0.729;NEUTRE;0;36.2;1;1
2026.03.27 12:00;3147.00000;3174.00000;3143.00000;3171.00000;44.21;26.83;11.32;40.74;40.18;0.539;NEUTRE;0;28.9;1;1
2026.03.27 11:45;3150.00000;3153.00000;3141.00000;3149.00000;44.76;20.53;13.07;28.21;48.24;-0.159;NEUTRE;0;-9.5;0;1
2026.03.27 11:30;3151.00000;3158.00000;3145.00000;3150.00000;48.23;23.69;9.95;51.59;63.45;-0.127;NEUTRE;0;-7.7;0;1
2026.03.27 11:15;3172.00000;3174.00000;3146.00000;3151.00000;49.36;27.34;10.30;64.93;66.15;-0.095;NEUTRE;0;-5.9;0;1
2026.03.27 11:00;3159.00000;3178.00000;3155.00000;3172.00000;49.99;31.54;6.94;73.85;60.30;0.571;NEUTRE;0;32.6;1;1
2026.03.27 10:45;3160.00000;3165.00000;3155.00000;3160.00000;47.84;27.70;8.00;59.69;52.35;0.190;NEUTRE;0;12.3;0;1
2026.03.27 10:30;3150.00000;3161.00000;3144.00000;3160.00000;46.72;25.81;9.23;47.37;52.26;0.190;NEUTRE;0;12.6;0;1
2026.03.27 10:15;3142.00000;3150.00000;3132.00000;3150.00000;46.63;19.82;10.65;50.00;63.19;-0.127;NEUTRE;0;-8.7;0;1
2026.03.27 10:00;3160.00000;3174.00000;3134.00000;3142.00000;49.17;22.87;10.58;59.42;73.14;-0.380;NEUTRE;0;-25.1;-1;1
2026.03.27 09:45;3154.00000;3173.00000;3145.00000;3160.00000;51.09;26.39;7.98;80.15;80.21;0.190;NEUTRE;0;13.5;0;1
2026.03.26 16:45;3157.00000;3166.00000;3154.00000;3155.00000;50.71;30.45;4.26;79.84;77.27;0.702;NEUTRE;0;27.3;1;1
2026.03.26 16:30;3132.00000;3159.00000;3129.00000;3156.00000;46.90;26.16;4.92;80.65;72.64;0.734;NEUTRE;0;28.7;1;1
2026.03.26 16:15;3135.00000;3136.00000;3128.00000;3132.00000;43.61;18.39;5.68;71.32;69.87;-0.032;NEUTRE;0;-1.4;0;1
2026.03.26 16:00;3129.00000;3136.00000;3126.00000;3135.00000;42.19;21.22;6.55;65.94;70.95;0.064;NEUTRE;0;2.8;0;1
2026.03.26 15:45;3122.00000;3139.00000;3121.00000;3128.00000;40.55;24.48;7.56;72.34;79.24;-0.160;NEUTRE;0;-7.1;0;1
2026.03.26 15:30;3132.00000;3144.00000;3115.00000;3122.00000;38.67;28.25;8.72;74.58;82.55;-0.351;NEUTRE;0;-15.6;0;1
2026.03.26 15:15;3108.00000;3132.00000;3104.00000;3131.00000;36.49;26.23;10.06;90.80;84.47;-0.064;NEUTRE;0;-3;0;1
2026.03.26 15:00;3107.00000;3115.00000;3107.00000;3108.00000;35.25;20.93;11.61;82.26;69.72;-0.798;NEUTRE;0;-33.2;-1;1
2026.03.26 14:45;3100.00000;3107.00000;3095.00000;3107.00000;36.27;8.76;13.40;80.36;51.34;-0.830;NEUTRE;0;-34.7;-1;1
2026.03.26 14:30;3102.00000;3104.00000;3098.00000;3103.00000;38.63;10.11;15.46;46.55;36.13;-0.958;NEUTRE;0;-39.1;-1;1
2026.03.26 14:15;3090.00000;3107.00000;3089.00000;3102.00000;41.35;11.67;17.84;27.12;39.04;-0.989;NEUTRE;0;-40.5;-1;1
2026.03.26 14:00;3095.00000;3098.00000;3089.00000;3089.00000;44.49;5.77;20.58;34.72;51.89;-1.404;NEUTRE;0;-51;-2;1
2026.03.26 13:45;3099.00000;3107.00000;3091.00000;3094.00000;42.69;6.66;20.33;55.29;56.98;-1.245;NEUTRE;0;-48.1;-2;1
2026.03.26 13:30;3099.00000;3105.00000;3095.00000;3099.00000;41.46;7.68;19.61;65.66;52.75;-1.085;NEUTRE;0;-44.7;-1;1
2026.03.26 13:15;3098.00000;3109.00000;3094.00000;3099.00000;41.11;8.86;22.63;50.00;39.32;-1.085;NEUTRE;0;-45.2;-2;1
2026.03.26 13:00;3101.00000;3106.00000;3096.00000;3098.00000;40.71;7.15;26.11;42.60;27.82;-1.117;NEUTRE;0;-46.6;-2;1
2026.03.26 12:45;3105.00000;3110.00000;3098.00000;3100.00000;38.21;8.25;27.05;25.37;15.19;-1.053;NEUTRE;0;-45.5;-2;1
2026.03.26 12:30;3084.00000;3110.00000;3077.00000;3105.00000;35.89;9.52;31.21;15.49;9.48;-0.894;NEUTRE;0;-41.4;-1;1
2026.03.26 12:15;3091.00000;3101.00000;3083.00000;3084.00000;33.21;6.78;36.01;4.72;7.73;-1.564;NEUTRE;0;-57.5;-2;1
2026.03.26 12:00;3100.00000;3103.00000;3087.00000;3091.00000;27.82;7.83;38.13;8.24;11.09;-1.341;NEUTRE;0;-54;-2;1
2026.03.26 11:45;3139.00000;3143.00000;3097.00000;3102.00000;21.95;9.03;34.38;10.22;20.49;-0.989;NEUTRE;0;-46;-2;1
2026.03.26 11:30;3147.00000;3147.00000;3133.00000;3139.00000;16.34;10.42;27.63;14.81;32.65;0.192;NEUTRE;0;11.6;0;1
2026.03.26 11:15;3152.00000;3152.00000;3143.00000;3146.00000;11.90;12.02;20.90;36.43;46.49;0.415;NEUTRE;0;24.4;0;1
2026.03.26 11:00;3159.00000;3161.00000;3149.00000;3151.00000;9.58;13.87;13.86;46.70;51.41;0.575;NEUTRE;0;32.8;1;1
2026.03.26 10:45;3156.00000;3166.00000;3152.00000;3159.00000;11.05;16.01;12.14;56.34;57.43;0.830;NEUTRE;0;43.6;1;1
2026.03.26 10:30;3160.00000;3172.00000;3147.00000;3155.00000;10.63;18.47;14.01;51.17;59.85;0.702;NEUTRE;0;39.5;1;1
2026.03.26 10:15;3149.00000;3164.00000;3148.00000;3160.00000;10.15;16.39;16.16;64.79;65.20;0.862;NEUTRE;0;46;2;1
2026.03.26 10:00;3184.00000;3184.00000;3144.00000;3148.00000;11.61;18.91;18.65;63.58;56.26;0.479;NEUTRE;0;30.5;1;1
2026.03.26 09:45;3133.00000;3189.00000;3118.00000;3184.00000;13.29;21.82;21.52;67.23;46.18;1.628;NEUTRE;0;64.1;2;1
2026.03.25 16:45;3136.00000;3136.00000;3126.00000;3133.00000;15.23;13.69;24.83;37.97;33.19;-2.551;SOFT_DOWN;-1;-61.9;-2;1
2026.03.25 16:30;3145.00000;3145.00000;3134.00000;3136.00000;13.12;15.80;16.34;33.33;26.73;-2.457;SOFT_DOWN;-1;-61.4;-2;1
2026.03.25 16:15;3136.00000;3146.00000;3133.00000;3145.00000;14.88;18.23;18.86;28.26;24.56;-2.177;SOFT_DOWN;-1;-58.8;-2;1
2026.03.25 16:00;3136.00000;3139.00000;3129.00000;3136.00000;16.91;12.75;21.76;18.60;29.43;-2.457;SOFT_DOWN;-1;-62.1;-2;1
2026.03.25 15:45;3144.00000;3146.00000;3133.00000;3136.00000;15.49;14.71;18.95;26.83;42.28;-2.457;SOFT_DOWN;-1;-62.5;-2;1
2026.03.25 15:30;3148.00000;3157.00000;3138.00000;3144.00000;15.94;16.98;15.95;42.86;53.56;-2.208;SOFT_DOWN;-1;-60.3;-2;1
2026.03.25 15:15;3148.00000;3160.00000;3146.00000;3149.00000;17.91;19.59;11.93;57.14;57.36;-2.053;SOFT_DOWN;-1;-58.9;-2;1
2026.03.25 15:00;3154.00000;3156.00000;3147.00000;3148.00000;16.93;18.20;13.76;60.67;50.11;-2.084;SOFT_DOWN;-1;-59.7;-2;1
2026.03.25 14:45;3146.00000;3163.00000;3144.00000;3153.00000;17.39;21.01;15.88;54.26;35.67;-1.928;SOFT_DOWN;-1;-58.1;-2;1
2026.03.25 14:30;3145.00000;3152.00000;3143.00000;3146.00000;17.93;15.33;18.32;35.40;19.78;-2.146;SOFT_DOWN;-1;-61.2;-2;1
2026.03.25 14:15;3142.00000;3154.00000;3136.00000;3145.00000;19.32;17.69;21.14;17.36;7.98;-2.177;SOFT_DOWN;-1;-62;-2;1
2026.03.25 14:00;3133.00000;3145.00000;3131.00000;3142.00000;20.92;12.72;24.39;6.59;5.11;-2.271;SOFT_DOWN;-1;-63.4;-2;1
2026.03.25 13:45;3135.00000;3150.00000;3133.00000;3133.00000;19.30;14.67;25.94;0.00;12.76;-2.551;SOFT_DOWN;-1;-66.4;-3;1
2026.03.25 13:30;3145.00000;3156.00000;3135.00000;3135.00000;18.00;16.93;28.13;8.75;30.22;-2.488;SOFT_DOWN;-1;-66.2;-3;1
2026.03.25 13:15;3160.00000;3168.00000;3144.00000;3144.00000;16.95;19.54;25.86;29.53;51.11;-2.208;SOFT_DOWN;-1;-64;-2;1
2026.03.25 13:00;3177.00000;3182.00000;3157.00000;3160.00000;17.42;22.54;21.50;52.38;66.47;-1.711;NEUTRE;0;-58.3;-2;1
2026.03.25 12:45;3179.00000;3189.00000;3169.00000;3176.00000;19.73;26.01;17.43;71.43;76.78;-1.213;NEUTRE;0;-49.5;-2;1
2026.03.25 12:30;3188.00000;3195.00000;3176.00000;3179.00000;19.73;30.01;14.72;75.59;79.64;-1.120;NEUTRE;0;-47.8;-2;1
2026.03.25 12:15;3167.00000;3195.00000;3166.00000;3188.00000;17.51;34.63;16.99;83.33;79.99;-0.840;NEUTRE;0;-40.2;-1;1
2026.03.25 12:00;3166.00000;3168.00000;3146.00000;3167.00000;14.95;25.63;19.60;80.00;74.85;-1.493;NEUTRE;0;-56.9;-2;1
2026.03.25 11:45;3159.00000;3175.00000;3156.00000;3169.00000;15.19;29.57;15.93;76.62;65.17;-1.431;NEUTRE;0;-56.3;-2;1
2026.03.25 11:30;3153.00000;3159.00000;3151.00000;3159.00000;12.92;21.17;18.38;67.92;49.72;-1.742;NEUTRE;0;-61.8;-2;1
2026.03.25 11:15;3150.00000;3162.00000;3148.00000;3153.00000;13.82;24.43;21.21;50.97;33.24;-1.928;SOFT_DOWN;-1;-64.6;-2;1
2026.03.25 11:00;3156.00000;3171.00000;3146.00000;3150.00000;14.86;28.18;24.47;30.26;19.76;-2.022;SOFT_DOWN;-1;-66.2;-3;1
2026.03.25 10:45;3130.00000;3161.00000;3127.00000;3156.00000;16.07;26.37;28.24;18.48;12.71;-1.835;NEUTRE;0;-64.6;-2;1
2026.03.25 10:30;3132.00000;3133.00000;3118.00000;3130.00000;18.01;17.75;32.58;10.53;14.81;-2.644;SOFT_DOWN;-1;-72.1;-3;1
2026.03.25 10:15;3137.00000;3147.00000;3131.00000;3135.00000;16.25;20.48;25.83;9.12;27.97;-2.488;SOFT_DOWN;-1;-71.5;-3;1
2026.03.25 10:00;3157.00000;3160.00000;3124.00000;3137.00000;16.97;23.64;29.80;24.79;54.06;-2.426;SOFT_DOWN;-1;-71.5;-3;1
2026.03.25 09:45;3215.00000;3218.00000;3153.00000;3157.00000;17.81;27.27;21.99;50.00;71.11;-1.804;NEUTRE;0;-66.3;-3;1
2026.03.24 16:45;3224.00000;3236.00000;3223.00000;3232.00000;18.90;31.47;11.75;87.39;70.80;1.731;NEUTRE;0;51.8;2;1
2026.03.24 16:30;3214.00000;3225.00000;3214.00000;3225.00000;14.79;23.29;13.55;75.93;51.85;1.511;NEUTRE;0;48.4;2;1
2026.03.24 16:15;3210.00000;3216.00000;3205.00000;3214.00000;13.00;14.29;15.64;49.07;34.80;1.165;NEUTRE;0;41.4;1;1
2026.03.24 16:00;3196.00000;3217.00000;3193.00000;3210.00000;14.30;16.48;18.04;30.56;33.25;1.039;NEUTRE;0;38.6;1;1
2026.03.24 15:45;3194.00000;3208.00000;3189.00000;3196.00000;15.81;13.25;20.82;24.76;39.14;0.598;NEUTRE;0;25.1;1;1
2026.03.24 15:30;3210.00000;3211.00000;3189.00000;3194.00000;14.82;15.29;24.02;44.44;47.97;0.535;NEUTRE;0;23;0;1
2026.03.24 15:15;3219.00000;3225.00000;3206.00000;3210.00000;13.68;17.64;15.83;48.21;47.05;1.039;NEUTRE;0;40;1;1
2026.03.24 15:00;3200.00000;3221.00000;3199.00000;3219.00000;14.95;17.12;18.27;51.26;46.15;1.322;NEUTRE;0;47.3;2;1
2026.03.24 14:45;3210.00000;3214.00000;3196.00000;3200.00000;16.76;14.85;21.08;41.67;39.91;0.724;NEUTRE;0;31.2;1;1
2026.03.24 14:30;3209.00000;3223.00000;3206.00000;3210.00000;16.67;17.14;15.77;45.53;34.15;1.039;NEUTRE;0;41.4;1;1
2026.03.24 14:15;3207.00000;3229.00000;3202.00000;3207.00000;18.59;19.78;18.20;32.54;25.53;0.944;NEUTRE;0;39.2;1;1
2026.03.24 14:00;3195.00000;3208.00000;3190.00000;3206.00000;20.82;10.85;21.00;24.39;26.07;0.913;NEUTRE;0;38.8;1;1
2026.03.24 13:45;3206.00000;3206.00000;3189.00000;3195.00000;19.12;10.81;24.23;19.66;36.29;0.567;NEUTRE;0;26.9;1;1
2026.03.24 13:30;3209.00000;3221.00000;3199.00000;3206.00000;16.17;12.48;18.91;34.17;53.65;0.913;NEUTRE;0;39.8;1;1
2026.03.24 13:15;3214.00000;3217.00000;3204.00000;3209.00000;15.50;14.40;18.32;55.04;68.77;1.007;NEUTRE;0;43.1;1;1
2026.03.24 13:00;3227.00000;3232.00000;3206.00000;3214.00000;16.04;16.61;18.77;71.74;71.40;1.165;NEUTRE;0;47.8;2;1
2026.03.24 12:45;3229.00000;3229.00000;3217.00000;3227.00000;17.57;19.17;15.15;79.53;64.34;1.574;NEUTRE;0;56.7;2;1
2026.03.24 12:30;3215.00000;3236.00000;3212.00000;3228.00000;18.47;22.12;17.48;62.93;50.38;1.605;NEUTRE;0;57.7;2;1
2026.03.24 12:15;3200.00000;3218.00000;3199.00000;3216.00000;19.52;13.98;20.17;50.55;50.65;1.228;NEUTRE;0;51;2;1
2026.03.24 12:00;3215.00000;3215.00000;3190.00000;3199.00000;19.73;13.70;23.28;37.66;58.14;0.692;NEUTRE;0;35.4;1;1
2026.03.24 11:45;3213.00000;3223.00000;3211.00000;3215.00000;18.78;15.81;13.93;63.75;71.24;1.196;NEUTRE;0;51.4;2;1
2026.03.24 11:30;3216.00000;3225.00000;3204.00000;3213.00000;20.70;18.24;16.08;73.00;75.12;1.133;NEUTRE;0;50.5;2;1
2026.03.24 11:15;3214.00000;3218.00000;3210.00000;3216.00000;22.92;15.92;18.55;76.98;75.27;1.228;NEUTRE;0;53.4;2;1
2026.03.24 11:00;3209.00000;3219.00000;3204.00000;3215.00000;25.27;18.37;21.40;75.36;71.42;1.196;NEUTRE;0;53.2;2;1
2026.03.24 10:45;3211.00000;3220.00000;3209.00000;3209.00000;27.98;21.19;19.57;73.47;68.62;1.007;NEUTRE;0;49.1;2;1
2026.03.24 10:30;3209.00000;3215.00000;3207.00000;3211.00000;31.67;17.46;22.58;65.41;57.02;1.070;NEUTRE;0;51.4;2;1
2026.03.24 10:15;3185.00000;3223.00000;3185.00000;3210.00000;34.58;20.15;26.05;66.96;44.31;1.039;NEUTRE;0;51.3;2;1
2026.03.24 10:00;3197.00000;3206.00000;3182.00000;3185.00000;37.93;16.36;30.06;38.68;23.03;0.252;NEUTRE;0;17.2;0;1
2026.03.24 09:45;3177.00000;3200.00000;3176.00000;3199.00000;39.22;15.04;34.69;27.27;11.22;0.692;NEUTRE;0;41.2;1;1
2026.03.23 16:45;3181.00000;3184.00000;3173.00000;3176.00000;39.18;7.09;40.02;3.15;3.42;-2.993;SOFT_DOWN;-1;-65.6;-3;1
2026.03.23 16:30;3189.00000;3190.00000;3180.00000;3181.00000;34.45;8.18;36.39;3.25;5.44;-2.841;SOFT_DOWN;-1;-64.7;-2;1
2026.03.23 16:15;3193.00000;3201.00000;3189.00000;3189.00000;30.02;9.44;28.14;3.86;7.15;-2.596;SOFT_DOWN;-1;-63.1;-2;1
2026.03.23 16:00;3192.00000;3202.00000;3192.00000;3193.00000;26.98;10.90;28.63;9.20;8.49;-2.474;SOFT_DOWN;-1;-62.3;-2;1
2026.03.23 15:45;3212.00000;3217.00000;3189.00000;3193.00000;24.23;12.57;33.03;8.39;7.35;-2.474;SOFT_DOWN;-1;-62.7;-2;1
2026.03.23 15:30;3201.00000;3212.00000;3197.00000;3212.00000;21.06;14.51;33.72;7.88;11.71;-1.894;SOFT_DOWN;-1;-56.4;-2;1
2026.03.23 15:15;3233.00000;3235.00000;3197.00000;3201.00000;18.17;16.74;38.91;5.76;22.58;-2.230;SOFT_DOWN;-1;-61;-2;1
2026.03.23 15:00;3260.00000;3260.00000;3235.00000;3235.00000;14.84;19.31;29.51;21.48;33.89;-1.191;NEUTRE;0;-44.4;-1;1
2026.03.23 14:45;3278.00000;3279.00000;3257.00000;3260.00000;13.91;22.29;20.51;40.51;35.99;-0.428;NEUTRE;0;-19.7;0;1
2026.03.23 14:30;3285.00000;3286.00000;3259.00000;3278.00000;15.41;25.71;22.26;39.69;30.79;0.122;NEUTRE;0;5.9;0;1
2026.03.23 14:15;3273.00000;3292.00000;3271.00000;3285.00000;16.67;29.67;18.85;27.78;30.21;0.336;NEUTRE;0;16.2;0;1
2026.03.23 14:00;3261.00000;3274.00000;3258.00000;3273.00000;15.81;21.05;21.75;24.90;41.66;-0.031;NEUTRE;0;-1.6;0;1
2026.03.23 13:45;3268.00000;3274.00000;3253.00000;3261.00000;17.99;24.29;25.10;37.97;59.19;-0.397;NEUTRE;0;-19.6;0;1
2026.03.23 13:30;3288.00000;3306.00000;3262.00000;3269.00000;20.50;28.02;22.37;62.12;74.43;-0.153;NEUTRE;0;-7.9;0;1
2026.03.23 13:15;3315.00000;3319.00000;3282.00000;3289.00000;21.93;32.33;18.81;77.47;73.78;0.458;NEUTRE;0;23.1;0;1
2026.03.23 13:00;3296.00000;3328.00000;3296.00000;3315.00000;21.23;37.31;15.89;83.70;61.00;1.252;NEUTRE;0;49.9;2;1
2026.03.23 12:45;3280.00000;3310.00000;3280.00000;3296.00000;18.31;34.39;18.33;60.16;39.91;0.672;NEUTRE;0;33;1;1
2026.03.23 12:30;3237.00000;3285.00000;3237.00000;3279.00000;16.44;27.28;21.15;39.13;25.05;0.153;NEUTRE;0;8.6;0;1
2026.03.23 12:15;3239.00000;3250.00000;3228.00000;3236.00000;17.02;20.49;24.41;20.45;19.97;-1.161;NEUTRE;0;-49.4;-2;1
2026.03.23 12:00;3233.00000;3242.00000;3226.00000;3241.00000;18.29;18.04;28.16;15.57;26.31;-1.008;NEUTRE;0;-46;-2;1
2026.03.23 11:45;3241.00000;3241.00000;3219.00000;3234.00000;17.74;19.86;32.49;23.88;38.49;-1.222;NEUTRE;0;-52;-2;1
2026.03.23 11:30;3295.00000;3296.00000;3239.00000;3240.00000;16.75;22.91;23.51;39.47;44.16;-1.038;NEUTRE;0;-48;-2;1
2026.03.23 11:15;3290.00000;3307.00000;3282.00000;3294.00000;19.13;26.44;15.52;52.11;43.45;0.611;NEUTRE;0;33.8;1;1
2026.03.23 11:00;3270.00000;3292.00000;3264.00000;3289.00000;18.07;21.27;17.90;40.88;43.46;0.458;NEUTRE;0;27.1;1;1
2026.03.23 10:45;3271.00000;3275.00000;3263.00000;3267.00000;19.53;15.21;20.66;37.36;50.63;-0.214;NEUTRE;0;-13.8;0;1
2026.03.23 10:30;3278.00000;3282.00000;3262.00000;3271.00000;20.20;17.55;23.83;52.15;55.63;-0.092;NEUTRE;0;-6.2;0;1
2026.03.23 10:15;3291.00000;3296.00000;3273.00000;3278.00000;20.97;20.25;19.04;62.37;49.01;0.122;NEUTRE;0;8.3;0;1
2026.03.23 10:00;3289.00000;3301.00000;3282.00000;3292.00000;23.72;23.36;15.95;52.38;30.73;0.550;NEUTRE;0;34.1;1;1
2026.03.23 09:45;3274.00000;3310.00000;3252.00000;3290.00000;24.47;26.95;18.40;32.28;19.48;0.489;NEUTRE;0;31.7;1;1
2026.03.20 16:45;3260.00000;3261.00000;3248.00000;3250.00000;25.33;18.54;21.23;7.53;21.66;-2.049;SOFT_DOWN;-1;-56.4;-2;1
2026.03.20 16:30;3257.00000;3271.00000;3252.00000;3259.00000;28.18;21.39;19.77;18.62;40.00;-1.778;NEUTRE;0;-53;-2;1
2026.03.20 16:15;3279.00000;3280.00000;3254.00000;3256.00000;31.92;24.68;21.19;38.82;59.58;-1.869;SOFT_DOWN;-1;-54.8;-2;1
2026.03.20 16:00;3273.00000;3281.00000;3269.00000;3279.00000;35.65;28.47;15.57;62.56;76.00;-1.175;NEUTRE;0;-42.1;-1;1
2026.03.20 15:45;3276.00000;3292.00000;3264.00000;3273.00000;36.63;32.86;17.97;77.35;87.53;-1.356;NEUTRE;0;-46.7;-2;1
2026.03.20 15:30;3295.00000;3304.00000;3274.00000;3275.00000;37.76;37.91;15.24;88.08;93.84;-1.296;NEUTRE;0;-45.8;-2;1
2026.03.20 15:15;3277.00000;3300.00000;3271.00000;3295.00000;37.01;41.69;17.58;97.15;93.59;-0.693;NEUTRE;0;-29.2;-1;1
2026.03.20 15:00;3262.00000;3279.00000;3261.00000;3277.00000;36.45;36.96;20.29;96.30;86.93;-1.236;NEUTRE;0;-45.4;-2;1
2026.03.20 14:45;3227.00000;3263.00000;3227.00000;3262.00000;37.57;28.98;23.41;87.32;75.57;-1.688;NEUTRE;0;-54.6;-2;1
2026.03.20 14:30;3210.00000;3233.00000;3197.00000;3227.00000;41.71;20.61;27.01;77.17;61.26;-2.743;SOFT_DOWN;-1;-66.8;-3;1
2026.03.20 14:15;3209.00000;3230.00000;3209.00000;3210.00000;46.07;23.79;26.04;62.22;42.80;-3.255;SOFT_DOWN;-1;-70.4;-3;1
2026.03.20 14:00;3197.00000;3209.00000;3187.00000;3209.00000;52.46;12.06;30.04;44.39;24.72;-3.285;SOFT_DOWN;-1;-70.9;-3;1
2026.03.20 13:45;3185.00000;3202.00000;3177.00000;3197.00000;53.96;9.02;34.66;21.80;11.78;-3.647;SOFT_DOWN;-1;-73;-3;1
2026.03.20 13:30;3179.00000;3192.00000;3168.00000;3185.00000;53.23;4.25;40.00;7.98;8.02;-4.008;STRONG_DOWN;-2;-74.7;-3;1
2026.03.20 13:15;3197.00000;3197.00000;3179.00000;3179.00000;48.99;4.91;39.10;5.56;15.60;-4.189;STRONG_DOWN;-2;-75.6;-3;1
2026.03.20 13:00;3225.00000;3225.00000;3197.00000;3197.00000;44.58;5.66;29.73;10.53;28.19;-3.647;SOFT_DOWN;-1;-73.9;-3;1
2026.03.20 12:45;3222.00000;3229.00000;3215.00000;3225.00000;40.97;6.54;24.41;30.71;45.77;-2.803;SOFT_DOWN;-1;-69.7;-3;1
2026.03.20 12:30;3245.00000;3246.00000;3216.00000;3222.00000;38.39;7.54;27.07;43.33;55.73;-2.893;SOFT_DOWN;-1;-70.7;-3;1
2026.03.20 12:15;3245.00000;3251.00000;3240.00000;3245.00000;35.62;8.70;18.93;63.28;56.80;-2.200;SOFT_DOWN;-1;-65.7;-3;1
2026.03.20 12:00;3257.00000;3260.00000;3239.00000;3245.00000;35.40;10.04;21.84;60.56;44.31;-2.200;SOFT_DOWN;-1;-66.1;-3;1
2026.03.20 11:45;3250.00000;3260.00000;3246.00000;3257.00000;35.15;11.58;20.07;46.54;28.54;-1.838;NEUTRE;0;-62.6;-2;1
2026.03.20 11:30;3233.00000;3258.00000;3231.00000;3250.00000;36.44;11.17;23.16;25.82;18.97;-2.049;SOFT_DOWN;-1;-65.5;-3;1
2026.03.20 11:15;3250.00000;3250.00000;3222.00000;3233.00000;36.67;8.33;26.72;13.26;15.51;-2.562;SOFT_DOWN;-1;-70.4;-3;1
2026.03.20 11:00;3241.00000;3253.00000;3230.00000;3246.00000;34.24;9.61;26.44;17.82;16.18;-2.170;SOFT_DOWN;-1;-67.6;-3;1
2026.03.20 10:45;3274.00000;3274.00000;3233.00000;3241.00000;32.32;11.09;28.50;15.46;15.65;-2.321;SOFT_DOWN;-1;-69.4;-3;1
2026.03.20 10:30;3250.00000;3272.00000;3244.00000;3272.00000;30.53;12.79;28.75;15.26;20.42;-1.386;NEUTRE;0;-58.4;-2;1
2026.03.20 10:15;3276.00000;3277.00000;3242.00000;3249.00000;29.32;14.76;33.18;16.23;32.00;-2.080;SOFT_DOWN;-1;-68.2;-3;1
2026.03.20 10:00;3328.00000;3336.00000;3275.00000;3276.00000;27.92;17.03;23.77;29.77;39.34;-1.266;NEUTRE;0;-57.3;-2;1
2026.03.20 09:45;3318.00000;3335.00000;3305.00000;3328.00000;29.67;19.65;19.86;50.00;43.38;0.301;NEUTRE;0;20.8;0;1
2026.03.19 16:45;3325.00000;3333.00000;3324.00000;3326.00000;34.16;22.68;13.18;38.24;48.04;3.164;SOFT_UP;1;66.7;3;1
2026.03.19 16:30;3321.00000;3331.00000;3316.00000;3325.00000;35.34;22.75;15.20;41.90;61.79;3.133;SOFT_UP;1;66.8;3;1
2026.03.19 16:15;3328.00000;3328.00000;3311.00000;3321.00000;37.71;23.17;17.54;63.97;76.55;3.009;SOFT_UP;1;66.3;3;1
2026.03.19 16:00;3337.00000;3341.00000;3326.00000;3328.00000;41.39;26.73;6.67;79.49;83.18;3.226;SOFT_UP;1;68.1;3;1
2026.03.19 15:45;3327.00000;3345.00000;3323.00000;3337.00000;38.52;30.85;7.69;86.19;85.47;3.505;SOFT_UP;1;70;3;1
2026.03.19 15:30;3324.00000;3330.00000;3320.00000;3327.00000;35.20;25.10;8.88;83.85;83.14;3.195;SOFT_UP;1;68.5;3;1
2026.03.19 15:15;3320.00000;3331.00000;3319.00000;3324.00000;33.27;28.97;10.24;86.36;82.75;3.102;SOFT_UP;1;68.2;3;1
2026.03.19 15:00;3315.00000;3334.00000;3308.00000;3320.00000;31.04;33.42;11.82;79.21;77.80;2.978;SOFT_UP;1;67.8;3;1
2026.03.19 14:45;3290.00000;3318.00000;3280.00000;3315.00000;28.47;29.10;13.64;82.68;78.61;2.823;SOFT_UP;1;67;3;1
2026.03.19 14:30;3290.00000;3314.00000;3289.00000;3289.00000;27.28;33.57;12.09;71.51;73.13;2.016;SOFT_UP;1;59.7;2;1
2026.03.19 14:15;3273.00000;3291.00000;3272.00000;3291.00000;24.24;24.59;13.95;81.65;67.24;2.078;SOFT_UP;1;60.9;2;1
2026.03.19 14:00;3288.00000;3294.00000;3258.00000;3273.00000;23.73;28.37;16.10;66.24;53.44;1.520;NEUTRE;0;53.2;2;1
2026.03.19 13:45;3266.00000;3289.00000;3262.00000;3288.00000;23.14;30.60;18.58;53.85;49.47;1.985;SOFT_UP;1;60.6;2;1
2026.03.19 13:30;3253.00000;3271.00000;3248.00000;3266.00000;22.94;25.05;21.43;40.22;54.91;1.303;NEUTRE;0;49.9;2;1
2026.03.19 13:15;3253.00000;3261.00000;3241.00000;3253.00000;25.27;22.21;24.73;54.33;66.94;0.900;NEUTRE;0;39.9;1;1
2026.03.19 13:00;3276.00000;3279.00000;3247.00000;3253.00000;28.33;25.63;23.92;70.17;74.01;0.900;NEUTRE;0;40.4;1;1
2026.03.19 12:45;3274.00000;3293.00000;3274.00000;3278.00000;32.16;29.57;14.62;76.33;73.61;1.675;NEUTRE;0;58.3;2;1
2026.03.19 12:30;3263.00000;3276.00000;3247.00000;3274.00000;31.90;20.35;16.87;75.55;66.22;1.551;NEUTRE;0;56.8;2;1
2026.03.19 12:15;3260.00000;3290.00000;3248.00000;3263.00000;35.37;23.48;18.93;68.97;48.20;1.210;NEUTRE;0;50.6;2;1
2026.03.19 12:00;3220.00000;3273.00000;3218.00000;3260.00000;39.16;20.87;21.85;54.14;32.84;1.117;NEUTRE;0;48.9;2;1
2026.03.19 11:45;3215.00000;3227.00000;3212.00000;3221.00000;44.83;11.21;25.21;21.50;29.42;-0.093;NEUTRE;0;-5.6;0;1
2026.03.19 11:30;3215.00000;3222.00000;3208.00000;3215.00000;45.82;7.81;29.09;22.88;39.20;-0.279;NEUTRE;0;-16.6;0;1
2026.03.19 11:15;3231.00000;3232.00000;3213.00000;3216.00000;44.00;9.01;28.07;43.88;51.24;-0.248;NEUTRE;0;-15.2;0;1
2026.03.19 11:00;3231.00000;3235.00000;3224.00000;3231.00000;42.86;10.40;23.48;50.84;56.92;0.217;NEUTRE;0;13.7;0;1
2026.03.19 10:45;3226.00000;3234.00000;3222.00000;3231.00000;43.52;10.60;27.09;59.01;61.09;0.217;NEUTRE;0;14;0;1
2026.03.19 10:30;3247.00000;3249.00000;3214.00000;3223.00000;43.48;12.23;31.26;60.91;59.25;-0.031;NEUTRE;0;-2.1;0;1
2026.03.19 10:15;3249.00000;3252.00000;3243.00000;3247.00000;43.44;14.11;23.32;63.35;51.67;0.713;NEUTRE;0;40.6;1;1
2026.03.19 10:00;3236.00000;3250.00000;3225.00000;3248.00000;46.34;12.87;26.91;53.50;38.72;0.744;NEUTRE;0;42.5;1;1
2026.03.19 09:45;3224.00000;3234.00000;3190.00000;3234.00000;48.04;5.00;31.05;38.16;30.98;0.310;NEUTRE;0;21.4;0;1
2026.03.18 16:45;3264.00000;3269.00000;3251.00000;3256.00000;44.31;5.77;21.60;24.49;31.53;-3.268;SOFT_DOWN;-1;-67.4;-3;1
2026.03.18 16:30;3267.00000;3271.00000;3255.00000;3264.00000;42.22;6.66;21.51;30.30;34.97;-3.030;SOFT_DOWN;-1;-66.1;-3;1
2026.03.18 16:15;3269.00000;3273.00000;3257.00000;3267.00000;40.61;7.68;22.89;39.78;38.89;-2.941;SOFT_DOWN;-1;-65.8;-3;1
2026.03.18 16:00;3277.00000;3277.00000;3259.00000;3270.00000;39.20;8.86;24.49;34.83;39.09;-2.852;SOFT_DOWN;-1;-65.5;-3;1
2026.03.18 15:45;3265.00000;3281.00000;3265.00000;3277.00000;38.02;10.22;23.13;42.05;39.98;-2.644;SOFT_DOWN;-1;-64.2;-2;1
2026.03.18 15:30;3279.00000;3290.00000;3261.00000;3265.00000;37.91;11.80;26.69;40.38;33.79;-3.001;SOFT_DOWN;-1;-67.2;-3;1
2026.03.18 15:15;3283.00000;3287.00000;3278.00000;3279.00000;37.79;13.61;21.78;37.50;26.95;-2.585;SOFT_DOWN;-1;-64.4;-2;1
2026.03.18 15:00;3269.00000;3286.00000;3269.00000;3283.00000;40.05;14.00;25.13;23.48;24.45;-2.466;SOFT_DOWN;-1;-63.7;-2;1
2026.03.18 14:45;3270.00000;3276.00000;3262.00000;3269.00000;41.83;7.10;29.00;19.85;29.54;-2.882;SOFT_DOWN;-1;-67.4;-3;1
2026.03.18 14:30;3285.00000;3285.00000;3267.00000;3270.00000;38.94;8.19;27.97;30.00;38.45;-2.852;SOFT_DOWN;-1;-67.6;-3;1
2026.03.18 14:15;3290.00000;3292.00000;3268.00000;3285.00000;36.52;9.45;31.41;38.78;44.81;-2.406;SOFT_DOWN;-1;-64.3;-2;1
2026.03.18 14:00;3287.00000;3307.00000;3285.00000;3290.00000;33.87;10.91;25.35;46.58;49.18;-2.258;SOFT_DOWN;-1;-63.3;-2;1
2026.03.18 13:45;3304.00000;3304.00000;3268.00000;3286.00000;32.95;10.49;29.25;49.08;48.67;-2.377;SOFT_DOWN;-1;-64.8;-2;1
2026.03.18 13:30;3308.00000;3309.00000;3280.00000;3302.00000;30.75;12.10;28.62;51.89;42.85;-1.901;SOFT_DOWN;-1;-60;-2;1
2026.03.18 13:15;3307.00000;3317.00000;3303.00000;3308.00000;29.24;13.96;20.82;45.02;32.07;-1.723;NEUTRE;0;-58;-2;1
2026.03.18 13:00;3300.00000;3309.00000;3290.00000;3308.00000;30.71;7.32;24.02;31.65;21.42;-1.723;NEUTRE;0;-58.5;-2;1
2026.03.18 12:45;3288.00000;3309.00000;3283.00000;3301.00000;27.23;8.44;27.72;19.53;16.09;-1.931;SOFT_DOWN;-1;-61.8;-2;1
2026.03.18 12:30;3318.00000;3322.00000;3274.00000;3288.00000;23.22;9.74;31.99;13.07;18.08;-2.317;SOFT_DOWN;-1;-66.3;-3;1
2026.03.18 12:15;3339.00000;3340.00000;3317.00000;3318.00000;18.59;11.24;23.12;15.65;28.31;-1.426;NEUTRE;0;-55.1;-2;1
2026.03.18 12:00;3342.00000;3345.00000;3331.00000;3339.00000;16.13;12.97;17.32;25.53;36.93;-0.802;NEUTRE;0;-39.5;-1;1
2026.03.18 11:45;3345.00000;3348.00000;3335.00000;3344.00000;16.41;14.97;15.59;43.75;41.65;-0.654;NEUTRE;0;-34.4;-1;1
2026.03.18 11:30;3362.00000;3366.00000;3342.00000;3345.00000;18.62;17.27;9.70;41.51;36.07;-0.624;NEUTRE;0;-33.7;-1;1
2026.03.18 11:15;3345.00000;3364.00000;3342.00000;3360.00000;17.16;18.64;11.19;39.68;30.79;-0.178;NEUTRE;0;-11;0;1
2026.03.18 11:00;3347.00000;3360.00000;3338.00000;3345.00000;15.96;18.72;12.91;27.01;27.95;-0.624;NEUTRE;0;-34.9;-1;1
2026.03.18 10:45;3347.00000;3352.00000;3341.00000;3347.00000;15.60;16.00;14.90;25.69;31.33;-0.564;NEUTRE;0;-32.9;-1;1
2026.03.18 10:30;3345.00000;3349.00000;3338.00000;3347.00000;17.45;14.27;17.19;31.16;35.04;-0.564;NEUTRE;0;-33.5;-1;1
2026.03.18 10:15;3360.00000;3371.00000;3334.00000;3345.00000;18.70;16.46;19.84;37.12;37.99;-0.624;NEUTRE;0;-36.9;-1;1
2026.03.18 10:00;3358.00000;3375.00000;3354.00000;3359.00000;20.15;18.99;14.57;36.84;44.47;-0.208;NEUTRE;0;-14.4;0;1
2026.03.18 09:45;3366.00000;3382.00000;3356.00000;3359.00000;21.22;21.92;15.35;40.00;54.52;-0.208;NEUTRE;0;-14.7;0;1
2026.03.17 16:45;3352.00000;3359.00000;3340.00000;3344.00000;21.77;15.98;17.71;56.57;60.92;-1.386;NEUTRE;0;-45.5;-2;1
2026.03.17 16:30;3363.00000;3370.00000;3349.00000;3353.00000;24.33;18.43;13.15;67.00;57.93;-1.121;NEUTRE;0;-39.9;-1;1
2026.03.17 16:15;3347.00000;3363.00000;3343.00000;3363.00000;25.50;16.14;15.17;59.18;45.31;-0.826;NEUTRE;0;-32;-1;1
2026.03.17 16:00;3344.00000;3350.00000;3342.00000;3347.00000;28.94;8.63;17.51;47.62;33.38;-1.298;NEUTRE;0;-45;-1;1
2026.03.17 15:45;3355.00000;3363.00000;3343.00000;3344.00000;28.17;9.95;18.28;29.13;21.74;-1.386;NEUTRE;0;-47.3;-2;1
2026.03.17 15:30;3338.00000;3363.00000;3332.00000;3355.00000;27.97;11.48;21.09;23.38;17.09;-1.062;NEUTRE;0;-40.2;-1;1
2026.03.17 15:15;3353.00000;3354.00000;3336.00000;3338.00000;27.73;8.78;24.33;12.72;14.69;-1.563;NEUTRE;0;-51.6;-2;1
2026.03.17 15:00;3356.00000;3356.00000;3341.00000;3352.00000;24.78;10.14;23.80;15.17;17.39;-1.150;NEUTRE;0;-43.4;-1;1
2026.03.17 14:45;3355.00000;3368.00000;3347.00000;3356.00000;22.40;11.70;21.31;16.18;23.62;-1.032;NEUTRE;0;-40.7;-1;1
2026.03.17 14:30;3364.00000;3370.00000;3348.00000;3355.00000;21.36;13.50;23.85;20.81;32.33;-1.062;NEUTRE;0;-42;-1;1
2026.03.17 14:15;3388.00000;3389.00000;3352.00000;3364.00000;20.38;15.57;24.73;33.87;44.14;-0.796;NEUTRE;0;-34.5;-1;1
2026.03.17 14:00;3395.00000;3404.00000;3389.00000;3389.00000;20.02;17.97;13.15;42.31;55.60;-0.059;NEUTRE;0;-3;0;1
2026.03.17 13:45;3386.00000;3400.00000;3377.00000;3395.00000;20.72;16.63;15.17;56.25;67.26;0.118;NEUTRE;0;6;0;1
2026.03.17 13:30;3393.00000;3406.00000;3382.00000;3386.00000;23.20;19.19;14.16;68.24;75.98;-0.147;NEUTRE;0;-7.6;0;1
2026.03.17 13:15;3400.00000;3410.00000;3388.00000;3393.00000;24.44;22.14;12.49;77.30;75.24;0.059;NEUTRE;0;3.1;0;1
2026.03.17 13:00;3395.00000;3401.00000;3389.00000;3400.00000;23.92;19.25;14.41;82.39;65.32;0.265;NEUTRE;0;14.1;0;1
2026.03.17 12:45;3398.00000;3400.00000;3385.00000;3392.00000;25.39;20.93;16.63;66.04;46.11;0.029;NEUTRE;0;1.6;0;1
2026.03.17 12:30;3375.00000;3406.00000;3372.00000;3398.00000;27.53;24.15;19.19;47.52;30.10;0.206;NEUTRE;0;11.5;0;1
2026.03.17 12:15;3369.00000;3380.00000;3353.00000;3374.00000;30.00;16.10;22.14;24.79;25.91;-0.501;NEUTRE;0;-26.7;-1;1
2026.03.17 12:00;3380.00000;3406.00000;3371.00000;3372.00000;32.19;18.58;15.29;18.00;37.45;-0.560;NEUTRE;0;-29.9;-1;1
2026.03.17 11:45;3383.00000;3391.00000;3377.00000;3381.00000;35.65;14.84;17.64;34.95;54.94;-0.295;NEUTRE;0;-17.2;0;1
2026.03.17 11:30;3385.00000;3389.00000;3378.00000;3384.00000;39.81;14.93;20.35;59.40;64.73;-0.206;NEUTRE;0;-12.4;0;1
2026.03.17 11:15;3403.00000;3403.00000;3391.00000;3393.00000;43.56;17.22;10.15;70.48;65.11;0.059;NEUTRE;0;3.7;0;1
2026.03.17 11:00;3396.00000;3403.00000;3382.00000;3403.00000;46.29;19.87;11.71;64.32;59.16;0.354;NEUTRE;0;21.6;0;1
2026.03.17 10:45;3379.00000;3400.00000;3374.00000;3397.00000;49.44;20.73;13.51;60.53;50.85;0.177;NEUTRE;0;11.5;0;1
2026.03.17 10:30;3408.00000;3410.00000;3378.00000;3379.00000;53.80;23.92;13.23;52.63;41.30;-0.354;NEUTRE;0;-22.5;0;1
2026.03.17 10:15;3388.00000;3412.00000;3387.00000;3409.00000;57.65;27.60;10.93;39.39;35.44;0.531;NEUTRE;0;32.5;1;1
2026.03.17 10:00;3353.00000;3400.00000;3353.00000;3389.00000;59.86;24.47;12.62;31.88;43.94;-0.059;NEUTRE;0;-4.2;0;1
2026.03.17 09:45;3391.00000;3418.00000;3349.00000;3353.00000;64.16;28.23;14.56;35.05;59.14;-1.121;NEUTRE;0;-54.8;-2;1
2026.03.16 16:45;3420.00000;3420.00000;3411.00000;3413.00000;69.11;32.57;2.97;64.90;72.77;4.886;STRONG_UP;2;74.4;3;1
2026.03.16 16:30;3411.00000;3437.00000;3411.00000;3419.00000;66.93;37.59;3.43;77.46;76.70;5.071;STRONG_UP;2;75.2;3;1
2026.03.16 16:15;3411.00000;3422.00000;3407.00000;3411.00000;64.42;34.49;3.96;75.94;76.96;4.825;STRONG_UP;2;74.7;3;1
2026.03.16 16:00;3396.00000;3413.00000;3396.00000;3411.00000;62.11;30.57;4.57;76.69;80.67;4.825;STRONG_UP;2;74.9;3;1
2026.03.16 15:45;3391.00000;3414.00000;3384.00000;3396.00000;60.29;35.27;5.27;78.26;85.56;4.364;STRONG_UP;2;73.7;3;1
2026.03.16 15:30;3392.00000;3403.00000;3384.00000;3393.00000;58.18;35.06;6.08;87.05;84.24;4.272;STRONG_UP;2;73.6;3;1
2026.03.16 15:15;3384.00000;3394.00000;3377.00000;3392.00000;56.29;33.16;7.02;91.37;75.47;4.241;STRONG_UP;2;73.7;3;1
2026.03.16 15:00;3386.00000;3389.00000;3370.00000;3384.00000;54.94;33.74;8.10;74.31;62.32;3.995;STRONG_UP;2;73;3;1
2026.03.16 14:45;3372.00000;3390.00000;3372.00000;3386.00000;53.97;38.93;7.72;60.74;58.11;4.057;STRONG_UP;2;73.6;3;1
2026.03.16 14:30;3366.00000;3380.00000;3358.00000;3372.00000;51.98;36.37;8.91;51.92;60.49;3.626;SOFT_UP;1;72;3;1
2026.03.16 14:15;3360.00000;3366.00000;3345.00000;3366.00000;50.65;32.18;10.28;61.68;69.71;3.442;SOFT_UP;1;71.4;3;1
2026.03.16 14:00;3367.00000;3383.00000;3349.00000;3359.00000;50.51;37.13;8.94;67.87;78.16;3.227;SOFT_UP;1;70.6;3;1
2026.03.16 13:45;3364.00000;3383.00000;3362.00000;3367.00000;48.86;42.84;4.43;79.59;88.11;3.473;SOFT_UP;1;72.2;3;1
2026.03.16 13:30;3355.00000;3399.00000;3355.00000;3364.00000;43.87;49.43;5.11;87.03;91.88;3.380;SOFT_UP;1;72;3;1
2026.03.16 13:15;3338.00000;3357.00000;3335.00000;3355.00000;38.12;42.35;5.90;97.72;93.20;3.104;SOFT_UP;1;70.9;3;1
2026.03.16 13:00;3309.00000;3342.00000;3309.00000;3338.00000;32.36;38.38;6.80;90.91;89.92;2.581;SOFT_UP;1;67.8;3;1
2026.03.16 12:45;3279.00000;3311.00000;3279.00000;3311.00000;26.59;29.83;7.85;90.96;90.29;1.752;NEUTRE;0;59.4;2;1
2026.03.16 12:30;3288.00000;3295.00000;3276.00000;3278.00000;21.71;26.96;9.06;87.90;87.40;0.738;NEUTRE;0;36;1;1
2026.03.16 12:15;3269.00000;3287.00000;3262.00000;3287.00000;17.40;24.63;10.45;92.00;80.41;1.014;NEUTRE;0;45.5;2;1
2026.03.16 12:00;3253.00000;3271.00000;3244.00000;3269.00000;13.86;18.57;12.06;82.30;72.18;0.461;NEUTRE;0;25.3;1;1
2026.03.16 11:45;3251.00000;3263.00000;3241.00000;3255.00000;12.72;16.87;13.91;66.94;68.58;0.031;NEUTRE;0;1.9;0;1
2026.03.16 11:30;3246.00000;3259.00000;3232.00000;3251.00000;13.20;16.67;16.05;67.31;68.92;-0.092;NEUTRE;0;-5.6;0;1
2026.03.16 11:15;3250.00000;3250.00000;3234.00000;3245.00000;14.94;14.11;18.52;71.50;66.31;-0.277;NEUTRE;0;-16.9;0;1
2026.03.16 11:00;3250.00000;3261.00000;3238.00000;3250.00000;15.15;16.28;17.53;67.96;59.19;-0.123;NEUTRE;0;-7.8;0;1
2026.03.16 10:45;3246.00000;3260.00000;3240.00000;3250.00000;16.92;18.78;18.89;59.48;49.16;-0.123;NEUTRE;0;-8;0;1
2026.03.16 10:30;3233.00000;3255.00000;3218.00000;3246.00000;19.47;17.82;21.79;50.13;40.90;-0.246;NEUTRE;0;-16.1;0;1
2026.03.16 10:15;3233.00000;3268.00000;3227.00000;3233.00000;20.93;20.56;21.40;37.86;34.13;-0.645;NEUTRE;0;-37.8;-1;1
2026.03.16 10:00;3210.00000;3241.00000;3205.00000;3235.00000;23.84;13.60;24.70;34.69;30.95;-0.584;NEUTRE;0;-35.7;-1;1
2026.03.16 09:45;3254.00000;3260.00000;3174.00000;3210.00000;23.05;15.69;28.50;29.82;30.31;-1.352;NEUTRE;0;-59.6;-2;1
2026.03.13 16:45;3293.00000;3301.00000;3286.00000;3294.00000;22.13;18.10;18.52;28.33;31.42;-0.723;NEUTRE;0;-28;-1;1
2026.03.13 16:30;3274.00000;3297.00000;3273.00000;3293.00000;25.36;16.78;21.37;32.79;33.94;-0.753;NEUTRE;0;-29.3;-1;1
2026.03.13 16:15;3301.00000;3303.00000;3272.00000;3274.00000;27.42;19.37;24.66;33.14;34.51;-1.326;NEUTRE;0;-45.1;-2;1
2026.03.13 16:00;3289.00000;3330.00000;3289.00000;3300.00000;29.79;22.35;20.01;35.88;35.98;-0.542;NEUTRE;0;-22.6;0;1
2026.03.13 15:45;3279.00000;3291.00000;3275.00000;3289.00000;33.52;11.15;23.09;34.50;37.52;-0.874;NEUTRE;0;-34.3;-1;1
2026.03.13 15:30;3299.00000;3305.00000;3269.00000;3279.00000;33.31;12.86;26.65;37.57;36.27;-1.175;NEUTRE;0;-43;-1;1
2026.03.13 15:15;3301.00000;3316.00000;3290.00000;3298.00000;33.07;14.84;21.77;40.49;30.71;-0.603;NEUTRE;0;-26;-1;1
2026.03.13 15:00;3291.00000;3301.00000;3282.00000;3301.00000;35.25;8.25;25.12;30.77;20.55;-0.512;NEUTRE;0;-22.8;0;1
2026.03.13 14:45;3308.00000;3308.00000;3269.00000;3291.00000;32.90;9.52;28.98;20.88;13.36;-0.814;NEUTRE;0;-34.2;-1;1
2026.03.13 14:30;3313.00000;3331.00000;3305.00000;3308.00000;30.18;10.99;19.24;10.00;11.13;-0.301;NEUTRE;0;-14.3;0;1
2026.03.13 14:15;3304.00000;3330.00000;3303.00000;3312.00000;30.62;12.08;22.20;9.19;16.72;-0.181;NEUTRE;0;-8.9;0;1
2026.03.13 14:00;3326.00000;3334.00000;3302.00000;3304.00000;30.80;13.94;25.62;14.21;24.32;-0.422;NEUTRE;0;-20.4;0;1
2026.03.13 13:45;3347.00000;3347.00000;3321.00000;3326.00000;30.99;16.09;20.42;26.75;35.57;0.241;NEUTRE;0;12.2;0;1
2026.03.13 13:30;3346.00000;3354.00000;3337.00000;3347.00000;33.93;18.56;14.10;32.00;45.41;0.874;NEUTRE;0;38.6;1;1
2026.03.13 13:15;3339.00000;3351.00000;3328.00000;3346.00000;37.05;18.71;16.27;47.97;58.41;0.844;NEUTRE;0;38.1;1;1
2026.03.13 13:00;3370.00000;3378.00000;3337.00000;3339.00000;41.68;21.58;12.75;56.25;60.37;0.633;NEUTRE;0;30.9;1;1
2026.03.13 12:45;3358.00000;3376.00000;3351.00000;3370.00000;44.13;24.90;9.46;71.01;56.63;1.567;NEUTRE;0;56.5;2;1
2026.03.13 12:30;3351.00000;3374.00000;3345.00000;3356.00000;44.01;27.50;10.91;53.85;45.38;1.145;NEUTRE;0;48.4;2;1
2026.03.13 12:15;3345.00000;3367.00000;3341.00000;3351.00000;44.14;28.02;12.59;45.03;39.26;0.995;NEUTRE;0;45;2;1
2026.03.13 12:00;3342.00000;3354.00000;3328.00000;3344.00000;45.08;24.64;14.53;37.27;37.58;0.784;NEUTRE;0;38.8;1;1
2026.03.13 11:45;3345.00000;3362.00000;3338.00000;3342.00000;48.05;28.43;10.85;35.47;44.07;0.723;NEUTRE;0;37.2;1;1
2026.03.13 11:30;3335.00000;3350.00000;3335.00000;3343.00000;48.55;25.11;12.52;40.00;53.00;0.753;NEUTRE;0;38.9;1;1
2026.03.13 11:15;3349.00000;3351.00000;3323.00000;3335.00000;50.87;28.98;14.44;56.73;59.72;0.512;NEUTRE;0;29.3;1;1
2026.03.13 11:00;3376.00000;3376.00000;3340.00000;3347.00000;53.55;33.43;7.32;62.28;57.54;0.874;NEUTRE;0;44.4;1;1
2026.03.13 10:45;3347.00000;3377.00000;3347.00000;3375.00000;51.93;38.58;5.46;60.16;57.84;1.718;NEUTRE;0;63.1;2;1
2026.03.13 10:30;3334.00000;3349.00000;3330.00000;3347.00000;48.35;30.16;6.30;50.17;63.52;0.874;NEUTRE;0;45.7;2;1
2026.03.13 10:15;3331.00000;3342.00000;3313.00000;3333.00000;45.72;29.13;7.27;63.18;78.51;0.452;NEUTRE;0;28.5;1;1
2026.03.13 10:00;3359.00000;3385.00000;3319.00000;3331.00000;43.51;33.61;5.20;77.22;86.99;0.392;NEUTRE;0;25.8;1;1
2026.03.13 09:45;3318.00000;3364.00000;3314.00000;3361.00000;38.95;33.88;6.00;95.12;88.90;1.296;NEUTRE;0;58.6;2;1
2026.03.12 16:45;3304.00000;3315.00000;3301.00000;3313.00000;34.19;24.31;6.93;88.64;84.26;-3.185;SOFT_DOWN;-1;-66.9;-3;1
2026.03.12 16:30;3290.00000;3309.00000;3290.00000;3304.00000;30.89;21.46;7.99;82.94;80.69;-3.448;SOFT_DOWN;-1;-68.8;-3;1
2026.03.12 16:15;3276.00000;3303.00000;3275.00000;3290.00000;28.61;19.90;9.22;81.21;76.05;-3.857;STRONG_DOWN;-2;-71.1;-3;1
2026.03.12 16:00;3279.00000;3286.00000;3273.00000;3275.00000;27.37;13.63;10.64;77.92;63.50;-4.296;STRONG_DOWN;-2;-73.2;-3;1
2026.03.12 15:45;3269.00000;3284.00000;3257.00000;3278.00000;29.69;13.36;12.28;69.01;45.97;-4.208;STRONG_DOWN;-2;-73.1;-3;1
2026.03.12 15:30;3253.00000;3285.00000;3253.00000;3269.00000;33.61;15.41;14.17;43.57;30.07;-4.471;STRONG_DOWN;-2;-74.3;-3;1
2026.03.12 15:15;3242.00000;3271.00000;3241.00000;3253.00000;38.13;11.05;16.35;25.32;21.67;-4.939;STRONG_DOWN;-2;-75.9;-3;1
2026.03.12 15:00;3248.00000;3255.00000;3234.00000;3241.00000;41.02;4.55;18.86;21.31;20.66;-5.289;STRONG_DOWN;-2;-77;-3;1
2026.03.12 14:45;3253.00000;3258.00000;3237.00000;3247.00000;37.92;5.24;19.57;18.38;19.98;-5.114;STRONG_DOWN;-2;-76.8;-3;1
2026.03.12 14:30;3254.00000;3266.00000;3234.00000;3253.00000;34.88;6.05;22.58;22.29;27.70;-4.939;STRONG_DOWN;-2;-76.6;-3;1
2026.03.12 14:15;3274.00000;3274.00000;3252.00000;3254.00000;31.36;6.98;17.40;19.29;34.43;-4.909;STRONG_DOWN;-2;-76.7;-3;1
2026.03.12 14:00;3269.00000;3283.00000;3257.00000;3273.00000;29.61;8.06;16.58;41.54;44.16;-4.354;STRONG_DOWN;-2;-75.4;-3;1
2026.03.12 13:45;3291.00000;3299.00000;3260.00000;3269.00000;28.85;9.30;17.36;42.47;44.12;-4.471;STRONG_DOWN;-2;-76;-3;1
2026.03.12 13:30;3286.00000;3303.00000;3274.00000;3291.00000;28.63;10.73;14.50;48.48;43.09;-3.828;STRONG_DOWN;-2;-74;-3;1
2026.03.12 13:15;3290.00000;3299.00000;3281.00000;3286.00000;30.73;12.38;13.02;41.40;36.34;-3.974;STRONG_DOWN;-2;-74.8;-3;1
2026.03.12 13:00;3288.00000;3296.00000;3273.00000;3289.00000;35.07;11.72;15.02;39.38;34.48;-3.887;STRONG_DOWN;-2;-74.8;-3;1
2026.03.12 12:45;3280.00000;3299.00000;3277.00000;3288.00000;38.56;13.52;14.66;28.23;33.30;-3.916;STRONG_DOWN;-2;-75.2;-3;1
2026.03.12 12:30;3267.00000;3290.00000;3262.00000;3280.00000;43.87;9.30;16.92;35.84;35.49;-4.150;STRONG_DOWN;-2;-76.3;-3;1
2026.03.12 12:15;3306.00000;3324.00000;3262.00000;3267.00000;46.15;10.74;19.52;35.83;29.67;-4.530;STRONG_DOWN;-2;-77.6;-3;1
2026.03.12 12:00;3284.00000;3309.00000;3275.00000;3305.00000;48.79;8.67;22.52;34.80;19.97;-3.419;SOFT_DOWN;-1;-74.1;-3;1
2026.03.12 11:45;3268.00000;3295.00000;3264.00000;3285.00000;49.46;3.66;25.98;18.39;9.71;-4.004;STRONG_DOWN;-2;-76.6;-3;1
2026.03.12 11:30;3325.00000;3326.00000;3257.00000;3268.00000;45.48;4.23;29.98;6.73;6.07;-4.500;STRONG_DOWN;-2;-78.3;-3;1
2026.03.12 11:15;3324.00000;3335.00000;3323.00000;3325.00000;40.90;4.88;19.88;4.02;6.31;-2.835;SOFT_DOWN;-1;-72.1;-3;1
2026.03.12 11:00;3329.00000;3336.00000;3323.00000;3324.00000;37.87;5.63;22.94;7.47;9.14;-2.864;SOFT_DOWN;-1;-72.7;-3;1
2026.03.12 10:45;3337.00000;3340.00000;3329.00000;3329.00000;34.37;6.49;19.37;7.45;9.75;-2.718;SOFT_DOWN;-1;-72.2;-3;1
2026.03.12 10:30;3328.00000;3345.00000;3323.00000;3337.00000;32.00;7.49;22.35;12.50;17.82;-2.484;SOFT_DOWN;-1;-71.1;-3;1
2026.03.12 10:15;3374.00000;3375.00000;3324.00000;3328.00000;29.26;8.65;25.08;9.30;28.47;-2.747;SOFT_DOWN;-1;-73.1;-3;1
2026.03.12 10:00;3363.00000;3391.00000;3355.00000;3374.00000;26.27;9.98;19.59;31.66;52.44;-1.403;NEUTRE;0;-59.9;-2;1
2026.03.12 09:45;3422.00000;3427.00000;3362.00000;3363.00000;25.31;11.51;19.61;44.44;63.29;-1.724;NEUTRE;0;-65.3;-3;1
2026.03.11 16:45;3417.00000;3432.00000;3417.00000;3426.00000;25.19;13.28;9.61;81.20;66.91;-0.667;NEUTRE;0;-26.1;-1;1
2026.03.11 16:30;3415.00000;3433.00000;3403.00000;3415.00000;26.61;15.32;11.09;64.23;48.40;-0.986;NEUTRE;0;-36.3;-1;1
2026.03.11 16:15;3396.00000;3415.00000;3392.00000;3415.00000;28.24;8.45;12.80;55.28;35.03;-0.986;NEUTRE;0;-36.8;-1;1
2026.03.11 16:00;3403.00000;3410.00000;3383.00000;3396.00000;29.43;6.41;14.77;25.69;22.12;-1.537;NEUTRE;0;-49.8;-2;1
2026.03.11 15:45;3385.00000;3410.00000;3384.00000;3403.00000;27.88;7.39;16.47;24.10;20.96;-1.334;NEUTRE;0;-46.2;-2;1
2026.03.11 15:30;3399.00000;3409.00000;3383.00000;3384.00000;26.32;7.94;19.01;16.57;19.73;-1.885;SOFT_DOWN;-1;-56.3;-2;1
2026.03.11 15:15;3410.00000;3415.00000;3382.00000;3399.00000;24.05;9.16;21.93;22.22;20.53;-1.450;NEUTRE;0;-49.5;-2;1
2026.03.11 15:00;3413.00000;3422.00000;3400.00000;3410.00000;21.43;10.57;16.91;20.38;20.59;-1.131;NEUTRE;0;-42.9;-1;1
2026.03.11 14:45;3429.00000;3432.00000;3400.00000;3413.00000;21.17;12.19;19.51;18.98;26.83;-1.044;NEUTRE;0;-41.1;-1;1
2026.03.11 14:30;3424.00000;3436.00000;3420.00000;3429.00000;20.87;14.07;12.90;22.40;35.63;-0.580;NEUTRE;0;-26.2;-1;1
2026.03.11 14:15;3435.00000;3444.00000;3423.00000;3424.00000;23.42;16.23;12.00;39.10;41.45;-0.725;NEUTRE;0;-32.1;-1;1
2026.03.11 14:00;3453.00000;3459.00000;3427.00000;3435.00000;24.72;18.73;10.92;45.39;39.03;-0.406;NEUTRE;0;-19.7;0;1
2026.03.11 13:45;3436.00000;3455.00000;3425.00000;3453.00000;24.46;19.69;12.60;39.85;36.37;0.116;NEUTRE;0;5.9;0;1
2026.03.11 13:30;3432.00000;3441.00000;3420.00000;3436.00000;24.85;15.54;14.54;31.85;40.09;-0.377;NEUTRE;0;-19;0;1
2026.03.11 13:15;3442.00000;3452.00000;3431.00000;3432.00000;28.16;17.93;8.71;37.41;47.99;-0.493;NEUTRE;0;-24.6;0;1
2026.03.11 13:00;3432.00000;3467.00000;3429.00000;3441.00000;27.17;20.69;10.05;50.99;55.12;-0.232;NEUTRE;0;-12.4;0;1
2026.03.11 12:45;3436.00000;3452.00000;3428.00000;3432.00000;26.03;17.80;11.60;55.56;59.55;-0.493;NEUTRE;0;-25.5;-1;1
2026.03.11 12:30;3438.00000;3439.00000;3429.00000;3436.00000;26.79;12.20;13.39;58.82;55.83;-0.377;NEUTRE;0;-20.4;0;1
2026.03.11 12:15;3437.00000;3446.00000;3432.00000;3438.00000;30.20;14.08;10.83;64.29;49.74;-0.319;NEUTRE;0;-17.8;0;1
2026.03.11 12:00;3445.00000;3450.00000;3418.00000;3437.00000;32.84;16.25;12.50;44.38;42.05;-0.348;NEUTRE;0;-19.7;0;1
2026.03.11 11:45;3412.00000;3458.00000;3407.00000;3445.00000;35.88;18.74;14.42;40.56;46.48;-0.116;NEUTRE;0;-6.9;0;1
2026.03.11 11:30;3426.00000;3433.00000;3408.00000;3411.00000;39.40;14.09;16.64;41.21;57.08;-1.102;NEUTRE;0;-49.7;-2;1
2026.03.11 11:15;3440.00000;3442.00000;3412.00000;3426.00000;44.18;16.25;16.73;57.67;68.46;-0.667;NEUTRE;0;-36.1;-1;1
2026.03.11 11:00;3439.00000;3449.00000;3431.00000;3441.00000;50.75;18.75;9.56;72.35;70.06;-0.232;NEUTRE;0;-14.6;0;1
2026.03.11 10:45;3459.00000;3459.00000;3421.00000;3439.00000;53.57;21.64;11.04;75.34;63.81;-0.290;NEUTRE;0;-18.4;0;1
2026.03.11 10:30;3448.00000;3465.00000;3435.00000;3459.00000;56.82;24.97;7.07;62.50;55.56;0.290;NEUTRE;0;18.8;0;1
2026.03.11 10:15;3412.00000;3453.00000;3394.00000;3449.00000;56.96;22.66;8.15;53.59;59.93;0.000;NEUTRE;0;0;0;1
2026.03.11 10:00;3443.00000;3458.00000;3397.00000;3412.00000;58.48;26.14;8.63;50.59;71.23;-1.073;NEUTRE;0;-52.9;-2;1
2026.03.11 09:45;3449.00000;3467.00000;3401.00000;3443.00000;59.73;30.16;8.94;75.61;81.47;-0.174;NEUTRE;0;-12.4;0;1
2026.03.10 16:45;3436.00000;3448.00000;3426.00000;3443.00000;60.57;34.80;4.49;87.50;80.23;4.650;STRONG_UP;2;73.7;3;1
2026.03.10 16:30;3430.00000;3436.00000;3427.00000;3436.00000;58.02;31.77;5.18;81.30;76.22;4.438;STRONG_UP;2;73.2;3;1
2026.03.10 16:15;3422.00000;3432.00000;3417.00000;3430.00000;55.88;29.82;5.98;71.90;77.15;4.255;STRONG_UP;2;72.8;3;1
2026.03.10 16:00;3416.00000;3427.00000;3416.00000;3422.00000;54.23;29.28;6.90;75.45;81.15;4.012;STRONG_UP;2;72.1;3;1
2026.03.10 15:45;3432.00000;3432.00000;3414.00000;3416.00000;53.05;33.78;7.96;84.09;81.62;3.830;STRONG_UP;2;71.5;3;1
2026.03.10 15:30;3424.00000;3437.00000;3417.00000;3432.00000;51.70;38.98;6.62;83.90;78.97;4.316;STRONG_UP;2;73.7;3;1
2026.03.10 15:15;3391.00000;3426.00000;3390.00000;3424.00000;48.74;36.51;7.64;76.86;78.37;4.073;STRONG_UP;2;73.1;3;1
2026.03.10 15:00;3389.00000;3403.00000;3384.00000;3391.00000;46.18;32.30;8.82;76.14;82.76;3.070;SOFT_UP;1;68.4;3;1
2026.03.10 14:45;3403.00000;3414.00000;3389.00000;3389.00000;44.50;37.27;6.12;82.11;88.69;3.009;SOFT_UP;1;68.3;3;1
2026.03.10 14:30;3380.00000;3417.00000;3376.00000;3403.00000;40.30;43.00;7.07;90.04;91.55;3.435;SOFT_UP;1;71.1;3;1
2026.03.10 14:15;3367.00000;3389.00000;3364.00000;3380.00000;35.46;39.11;8.15;93.94;89.84;2.736;SOFT_UP;1;67.1;3;1
2026.03.10 14:00;3338.00000;3370.00000;3335.00000;3367.00000;30.83;33.44;9.41;90.67;82.38;2.340;SOFT_UP;1;64.1;2;1
2026.03.10 13:45;3319.00000;3338.00000;3319.00000;3338.00000;26.95;24.52;10.86;84.91;74.07;1.459;NEUTRE;0;52.6;2;1
2026.03.10 13:30;3321.00000;3330.00000;3312.00000;3319.00000;25.16;21.81;12.53;71.57;67.52;0.881;NEUTRE;0;38.8;1;1
2026.03.10 13:15;3316.00000;3325.00000;3307.00000;3321.00000;24.87;20.89;14.45;65.74;62.95;0.942;NEUTRE;0;41.2;1;1
2026.03.10 13:00;3310.00000;3317.00000;3296.00000;3316.00000;25.89;17.27;16.68;65.25;61.25;0.790;NEUTRE;0;36.8;1;1
2026.03.10 12:45;3320.00000;3324.00000;3309.00000;3310.00000;29.60;19.93;9.72;57.85;52.03;0.608;NEUTRE;0;30.4;1;1
2026.03.10 12:30;3307.00000;3326.00000;3306.00000;3320.00000;28.86;22.99;11.21;60.63;43.37;0.912;NEUTRE;0;41.9;1;1
2026.03.10 12:15;3317.00000;3319.00000;3303.00000;3307.00000;28.00;21.14;12.94;37.59;29.92;0.517;NEUTRE;0;27.5;1;1
2026.03.10 12:00;3293.00000;3329.00000;3291.00000;3317.00000;28.61;24.40;14.93;31.88;32.85;0.821;NEUTRE;0;40.1;1;1
2026.03.10 11:45;3301.00000;3304.00000;3289.00000;3293.00000;29.31;18.03;17.23;20.29;43.48;0.091;NEUTRE;0;5.4;0;1
2026.03.10 11:30;3305.00000;3315.00000;3295.00000;3301.00000;33.46;20.80;13.72;46.38;61.17;0.334;NEUTRE;0;19.7;0;1
2026.03.10 11:15;3330.00000;3330.00000;3289.00000;3301.00000;35.46;24.00;15.83;63.77;69.12;0.334;NEUTRE;0;20.1;0;1
2026.03.10 11:00;3325.00000;3335.00000;3318.00000;3330.00000;37.76;27.70;7.39;73.37;70.53;1.216;NEUTRE;0;53.7;2;1
2026.03.10 10:45;3307.00000;3330.00000;3303.00000;3326.00000;34.66;27.43;8.53;70.23;72.83;1.094;NEUTRE;0;51.4;2;1
2026.03.10 10:30;3314.00000;3316.00000;3294.00000;3307.00000;31.91;23.67;9.84;67.97;78.21;0.517;NEUTRE;0;31.2;1;1
2026.03.10 10:15;3292.00000;3318.00000;3290.00000;3311.00000;30.46;27.32;11.35;80.27;87.32;0.638;NEUTRE;0;37.5;1;1
2026.03.10 10:00;3333.00000;3336.00000;3291.00000;3292.00000;28.80;31.52;12.55;86.38;91.27;0.061;NEUTRE;0;4.3;0;1
2026.03.10 09:45;3290.00000;3335.00000;3290.00000;3332.00000;26.60;36.03;14.48;95.32;88.94;1.277;NEUTRE;0;58.2;2;1
2026.03.09 16:45;3261.00000;3293.00000;3259.00000;3290.00000;24.13;27.21;16.70;92.11;82.76;2.365;SOFT_UP;1;60.1;2;1
2026.03.09 16:30;3248.00000;3268.00000;3244.00000;3260.00000;24.16;20.08;19.27;79.40;70.90;1.431;NEUTRE;0;46.9;2;1
2026.03.09 16:15;3227.00000;3248.00000;3199.00000;3247.00000;27.56;10.35;22.24;76.77;64.80;1.027;NEUTRE;0;37.9;1;1
2026.03.09 16:00;3244.00000;3254.00000;3227.00000;3228.00000;26.19;11.95;16.87;56.52;52.61;0.436;NEUTRE;0;18.5;0;1
2026.03.09 15:45;3212.00000;3247.00000;3212.00000;3244.00000;27.60;9.79;19.47;61.11;48.26;0.933;NEUTRE;0;36.1;1;1
2026.03.09 15:30;3242.00000;3253.00000;3210.00000;3212.00000;26.76;11.30;22.46;40.20;38.55;-0.062;NEUTRE;0;-2.8;0;1
2026.03.09 15:15;3215.00000;3250.00000;3189.00000;3243.00000;25.79;11.97;25.92;43.48;37.17;0.902;NEUTRE;0;36.1;1;1
2026.03.09 15:00;3236.00000;3246.00000;3212.00000;3215.00000;24.09;13.81;24.10;31.98;32.28;0.031;NEUTRE;0;1.5;0;1
2026.03.09 14:45;3250.00000;3257.00000;3224.00000;3236.00000;23.62;15.93;22.38;36.05;30.04;0.685;NEUTRE;0;29.8;1;1
2026.03.09 14:30;3237.00000;3263.00000;3237.00000;3250.00000;24.66;18.38;19.76;28.82;28.84;1.120;NEUTRE;0;43.6;1;1
2026.03.09 14:15;3250.00000;3253.00000;3213.00000;3237.00000;27.90;15.29;22.80;25.24;39.43;0.716;NEUTRE;0;31.7;1;1
2026.03.09 14:00;3256.00000;3263.00000;3245.00000;3250.00000;29.16;17.65;14.00;32.46;53.68;1.120;NEUTRE;0;44.6;1;1
2026.03.09 13:45;3265.00000;3272.00000;3251.00000;3256.00000;31.87;20.36;11.03;60.59;66.60;1.307;NEUTRE;0;49.5;2;1
2026.03.09 13:30;3298.00000;3300.00000;3256.00000;3265.00000;32.21;23.50;9.06;67.98;66.14;1.587;NEUTRE;0;55.4;2;1
2026.03.09 13:15;3255.00000;3299.00000;3252.00000;3298.00000;30.34;26.76;10.46;71.24;62.88;2.614;SOFT_UP;1;67.6;3;1
2026.03.09 13:00;3253.00000;3257.00000;3247.00000;3254.00000;28.27;17.13;12.07;59.20;58.74;1.245;NEUTRE;0;49.7;2;1
2026.03.09 12:45;3266.00000;3275.00000;3232.00000;3253.00000;29.95;19.76;13.92;58.20;57.04;1.213;NEUTRE;0;49.5;2;1
2026.03.09 12:30;3253.00000;3267.00000;3248.00000;3266.00000;31.89;22.80;10.34;58.82;57.28;1.618;NEUTRE;0;57.9;2;1
2026.03.09 12:15;3256.00000;3257.00000;3246.00000;3253.00000;31.02;18.22;11.93;54.10;58.81;1.213;NEUTRE;0;50.6;2;1
2026.03.09 12:00;3259.00000;3259.00000;3235.00000;3254.00000;32.58;21.02;13.77;58.91;64.52;1.245;NEUTRE;0;51.9;2;1
2026.03.09 11:45;3255.00000;3272.00000;3245.00000;3259.00000;34.39;24.25;9.48;63.41;72.14;1.400;NEUTRE;0;55.7;2;1
2026.03.09 11:30;3245.00000;3274.00000;3240.00000;3256.00000;32.94;27.98;10.93;71.23;79.82;1.307;NEUTRE;0;54.5;2;1
2026.03.09 11:15;3245.00000;3249.00000;3234.00000;3245.00000;31.26;20.98;12.62;81.76;83.78;0.965;NEUTRE;0;46.6;2;1
2026.03.09 11:00;3245.00000;3257.00000;3237.00000;3245.00000;32.25;24.20;11.48;86.47;81.72;0.965;NEUTRE;0;47.2;2;1
2026.03.09 10:45;3242.00000;3245.00000;3232.00000;3245.00000;31.72;18.70;13.25;83.10;70.93;0.965;NEUTRE;0;47.9;2;1
2026.03.09 10:30;3232.00000;3251.00000;3227.00000;3243.00000;33.98;21.57;15.28;75.59;58.20;0.902;NEUTRE;0;46.6;2;1
2026.03.09 10:15;3229.00000;3250.00000;3223.00000;3232.00000;36.58;24.25;17.64;54.11;46.23;0.560;NEUTRE;0;33.9;1;1
2026.03.09 10:00;3193.00000;3252.00000;3192.00000;3229.00000;39.78;27.98;20.35;44.91;51.09;0.467;NEUTRE;0;29.9;1;1
2026.03.09 09:45;3214.00000;3230.00000;3181.00000;3194.00000;43.47;26.64;23.48;39.68;62.65;-0.622;NEUTRE;0;-38.2;-1;1
2026.03.06 18:15;3238.00000;3246.00000;3227.00000;3229.00000;49.18;30.74;12.65;68.69;73.61;5.626;STRONG_UP;2;75.2;3;1
2026.03.06 18:00;3239.00000;3241.00000;3235.00000;3238.00000;50.34;35.47;8.12;79.58;75.94;5.921;STRONG_UP;2;76.1;3;1
2026.03.06 17:45;3231.00000;3245.00000;3231.00000;3239.00000;48.43;40.93;9.37;72.58;77.14;5.954;STRONG_UP;2;76.4;3;1
2026.03.06 17:30;3217.00000;3231.00000;3217.00000;3231.00000;46.22;31.84;10.81;75.67;83.45;5.692;STRONG_UP;2;76;3;1
2026.03.06 17:15;3226.00000;3233.00000;3215.00000;3217.00000;45.74;36.74;12.47;83.19;89.58;5.234;STRONG_UP;2;75;3;1
2026.03.06 17:00;3238.00000;3241.00000;3223.00000;3226.00000;45.19;42.40;7.55;91.51;93.17;5.528;STRONG_UP;2;76;3;1
2026.03.06 16:45;3210.00000;3246.00000;3208.00000;3237.00000;41.41;48.92;8.71;94.06;94.13;5.888;STRONG_UP;2;77;3;1
2026.03.06 16:30;3185.00000;3217.00000;3172.00000;3210.00000;37.05;44.70;10.05;93.95;93.99;5.005;STRONG_UP;2;75;3;1
2026.03.06 16:15;3173.00000;3197.00000;3172.00000;3185.00000;33.02;44.74;11.60;94.39;88.49;4.187;STRONG_UP;2;72.5;3;1
2026.03.06 16:00;3131.00000;3181.00000;3131.00000;3172.00000;29.05;41.78;13.38;93.63;70.99;3.762;STRONG_UP;2;70.9;3;1
2026.03.06 15:45;3090.00000;3133.00000;3090.00000;3131.00000;25.60;33.44;15.44;77.46;49.26;2.421;SOFT_UP;1;62.2;2;1
2026.03.06 15:30;3066.00000;3093.00000;3064.00000;3090.00000;23.87;24.27;17.82;41.89;33.75;1.079;NEUTRE;0;40.6;1;1
2026.03.06 15:15;3035.00000;3070.00000;3035.00000;3067.00000;25.19;15.80;20.56;28.44;38.98;0.327;NEUTRE;0;14.8;0;1
2026.03.06 15:00;3074.00000;3078.00000;3033.00000;3035.00000;27.05;18.24;23.73;30.92;54.46;-0.720;NEUTRE;0;-30.6;-1;1
2026.03.06 14:45;3080.00000;3085.00000;3064.00000;3075.00000;29.20;21.04;16.78;57.58;71.14;0.589;NEUTRE;0;26.2;1;1
2026.03.06 14:30;3095.00000;3099.00000;3070.00000;3080.00000;31.96;24.28;14.96;74.89;79.76;0.752;NEUTRE;0;32.6;1;1
2026.03.06 14:15;3101.00000;3111.00000;3092.00000;3094.00000;33.22;28.01;5.59;80.95;80.02;1.210;NEUTRE;0;46.3;2;1
2026.03.06 14:00;3049.00000;3107.00000;3049.00000;3100.00000;28.07;29.08;6.45;83.44;81.32;1.407;NEUTRE;0;51.1;2;1
2026.03.06 13:45;3055.00000;3060.00000;3049.00000;3049.00000;22.59;21.09;7.45;75.68;79.61;-0.262;NEUTRE;0;-13.2;0;1
2026.03.06 13:30;3051.00000;3056.00000;3044.00000;3054.00000;18.71;18.74;8.59;84.85;74.79;-0.098;NEUTRE;0;-5.1;0;1
2026.03.06 13:15;3049.00000;3061.00000;3042.00000;3053.00000;15.87;21.62;9.91;78.31;62.38;-0.131;NEUTRE;0;-6.9;0;1
2026.03.06 13:00;3034.00000;3049.00000;3024.00000;3049.00000;12.60;15.23;11.44;61.19;54.45;-0.262;NEUTRE;0;-13.9;0;1
2026.03.06 12:45;3028.00000;3042.00000;3027.00000;3034.00000;12.35;13.27;13.20;47.62;53.61;-0.752;NEUTRE;0;-36;-1;1
2026.03.06 12:30;3037.00000;3040.00000;3027.00000;3028.00000;14.21;13.26;15.23;54.55;50.44;-0.949;NEUTRE;0;-43.1;-1;1
2026.03.06 12:15;3041.00000;3041.00000;3028.00000;3037.00000;15.34;15.30;16.39;58.67;41.17;-0.654;NEUTRE;0;-33.3;-1;1
2026.03.06 12:00;3036.00000;3044.00000;3034.00000;3040.00000;17.17;17.66;11.81;38.10;33.33;-0.556;NEUTRE;0;-29.7;-1;1
2026.03.06 11:45;3023.00000;3040.00000;3023.00000;3036.00000;16.76;14.22;13.63;26.74;34.41;-0.687;NEUTRE;0;-35.8;-1;1
2026.03.06 11:30;3037.00000;3037.00000;3023.00000;3025.00000;19.01;13.69;15.72;35.16;41.41;-1.047;NEUTRE;0;-48.3;-2;1
2026.03.06 11:15;3040.00000;3043.00000;3027.00000;3035.00000;20.87;15.80;13.75;41.32;43.58;-0.720;NEUTRE;0;-38.2;-1;1
2026.03.06 11:00;3038.00000;3047.00000;3032.00000;3040.00000;23.01;18.23;11.05;47.74;42.58;-0.556;NEUTRE;0;-31.9;-1;1
2026.03.06 10:45;3048.00000;3053.00000;3033.00000;3038.00000;22.78;21.03;11.73;41.67;36.19;-0.622;NEUTRE;0;-35.5;-1;1
2026.03.06 10:30;3041.00000;3051.00000;3033.00000;3050.00000;21.92;22.73;13.53;38.33;29.41;-0.229;NEUTRE;0;-15;0;1
2026.03.06 10:15;3031.00000;3043.00000;3027.00000;3041.00000;21.39;19.39;15.61;28.57;23.43;-0.523;NEUTRE;0;-32.1;-1;1
2026.03.06 10:00;3041.00000;3041.00000;3018.00000;3032.00000;23.02;20.45;18.02;21.32;20.23;-0.818;NEUTRE;0;-45.2;-2;1
2026.03.06 09:45;3057.00000;3078.00000;3030.00000;3041.00000;25.59;23.59;12.76;20.39;19.30;-0.523;NEUTRE;0;-33.4;-1;1
2026.03.05 18:15;3039.00000;3041.00000;3032.00000;3036.00000;24.94;15.36;14.73;18.99;28.49;0.430;NEUTRE;0;16.2;0;1
2026.03.05 18:00;3041.00000;3044.00000;3033.00000;3039.00000;28.45;17.73;15.28;18.52;43.32;0.529;NEUTRE;0;19.9;0;1
2026.03.05 17:45;3040.00000;3042.00000;3036.00000;3041.00000;31.69;20.45;13.44;47.96;61.80;0.595;NEUTRE;0;22.4;0;1
2026.03.05 17:30;3060.00000;3060.00000;3037.00000;3040.00000;33.38;23.60;12.94;63.49;71.98;0.562;NEUTRE;0;21.6;0;1
2026.03.05 17:15;3052.00000;3060.00000;3049.00000;3060.00000;34.03;27.23;6.90;73.94;78.83;1.224;NEUTRE;0;41.1;1;1
2026.03.05 17:00;3043.00000;3053.00000;3042.00000;3052.00000;30.10;21.63;7.97;78.50;84.94;0.959;NEUTRE;0;34.8;1;1
2026.03.05 16:45;3060.00000;3060.00000;3039.00000;3043.00000;27.63;24.96;9.19;84.04;88.75;0.662;NEUTRE;0;26;1;1
2026.03.05 16:30;3037.00000;3066.00000;3036.00000;3060.00000;24.77;28.80;10.61;92.27;90.46;1.224;NEUTRE;0;42.4;1;1
2026.03.05 16:15;3035.00000;3042.00000;3022.00000;3037.00000;21.48;20.92;12.24;89.94;85.78;0.463;NEUTRE;0;19.3;0;1
2026.03.05 16:00;3021.00000;3040.00000;3014.00000;3035.00000;20.76;22.60;14.12;89.17;75.59;0.397;NEUTRE;0;17;0;1
2026.03.05 15:45;3016.00000;3028.00000;2997.00000;3020.00000;20.39;18.98;16.29;78.23;59.37;-0.099;NEUTRE;0;-4.4;0;1
2026.03.05 15:30;2991.00000;3020.00000;2987.00000;3016.00000;22.36;17.93;18.80;59.38;51.41;-0.232;NEUTRE;0;-10.4;0;1
2026.03.05 15:15;2987.00000;2996.00000;2977.00000;2992.00000;25.44;9.50;21.69;40.51;51.96;-1.025;NEUTRE;0;-39.6;-1;1
2026.03.05 15:00;2994.00000;3003.00000;2984.00000;2987.00000;23.34;10.96;19.36;54.35;56.56;-1.191;NEUTRE;0;-44.4;-1;1
2026.03.05 14:45;2998.00000;3002.00000;2992.00000;2995.00000;22.66;12.65;15.86;61.03;52.90;-0.926;NEUTRE;0;-37.7;-1;1
2026.03.05 14:30;3000.00000;3003.00000;2992.00000;2997.00000;24.42;14.59;18.30;54.30;45.72;-0.860;NEUTRE;0;-36.1;-1;1
2026.03.05 14:15;2997.00000;3007.00000;2993.00000;3000.00000;26.44;16.84;19.72;43.38;37.21;-0.761;NEUTRE;0;-33.3;-1;1
2026.03.05 14:00;2991.00000;2998.00000;2987.00000;2996.00000;29.30;9.54;22.75;39.47;31.54;-0.893;NEUTRE;0;-38.1;-1;1
2026.03.05 13:45;2995.00000;2998.00000;2981.00000;2991.00000;27.51;11.01;26.25;28.77;24.22;-1.059;NEUTRE;0;-43.5;-1;1
2026.03.05 13:30;2988.00000;2999.00000;2964.00000;2995.00000;25.45;12.70;30.29;26.37;21.97;-0.926;NEUTRE;0;-40.2;-1;1
2026.03.05 13:15;3031.00000;3031.00000;2985.00000;2988.00000;23.07;14.65;25.72;17.52;19.08;-1.158;NEUTRE;0;-47.1;-2;1
2026.03.05 13:00;3037.00000;3040.00000;3015.00000;3029.00000;22.40;16.91;19.64;22.02;22.15;0.198;NEUTRE;0;10.6;0;1
2026.03.05 12:45;3032.00000;3038.00000;3032.00000;3037.00000;24.69;19.51;12.20;17.71;29.38;0.463;NEUTRE;0;24.1;0;1
2026.03.05 12:30;3035.00000;3038.00000;3031.00000;3032.00000;24.95;22.51;14.08;26.73;38.68;0.298;NEUTRE;0;16.4;0;1
2026.03.05 12:15;3041.00000;3045.00000;3030.00000;3035.00000;25.24;25.97;16.24;43.69;41.52;0.397;NEUTRE;0;21.8;0;1
2026.03.05 12:00;3044.00000;3061.00000;3039.00000;3042.00000;25.58;29.97;9.51;45.61;33.77;0.629;NEUTRE;0;32.8;1;1
2026.03.05 11:45;3036.00000;3053.00000;3036.00000;3044.00000;21.54;28.99;10.98;35.25;23.11;0.695;NEUTRE;0;36.1;1;1
2026.03.05 11:30;3032.00000;3043.00000;3029.00000;3037.00000;17.92;24.39;12.66;20.45;22.81;0.463;NEUTRE;0;26.4;1;1
2026.03.05 11:15;3028.00000;3039.00000;3028.00000;3031.00000;15.81;23.75;14.61;13.64;35.30;0.265;NEUTRE;0;16.2;0;1
2026.03.05 11:00;3027.00000;3032.00000;3025.00000;3028.00000;14.58;17.62;16.86;34.33;57.24;0.165;NEUTRE;0;10.5;0;1
2026.03.05 10:45;3057.00000;3057.00000;3023.00000;3028.00000;16.48;20.33;19.45;57.94;73.58;0.165;NEUTRE;0;10.7;0;1
2026.03.05 10:30;3055.00000;3067.00000;3050.00000;3057.00000;18.68;23.45;10.23;79.46;76.04;1.125;NEUTRE;0;52.8;2;1
2026.03.05 10:15;3042.00000;3057.00000;3029.00000;3053.00000;15.52;18.01;11.80;83.33;65.73;0.992;NEUTRE;0;50;2;1
2026.03.05 10:00;3046.00000;3049.00000;3025.00000;3042.00000;14.70;16.39;13.62;65.33;43.51;0.629;NEUTRE;0;37.8;1;1
2026.03.05 09:45;3023.00000;3051.00000;3023.00000;3048.00000;15.54;18.91;15.72;48.53;26.42;0.827;NEUTRE;0;46.2;2;1
2026.03.04 18:15;3027.00000;3032.00000;3021.00000;3022.00000;16.51;11.74;18.13;16.67;14.25;0.633;NEUTRE;0;23.1;0;1
2026.03.04 18:00;3030.00000;3032.00000;3026.00000;3026.00000;15.76;13.54;13.93;14.06;12.68;0.766;NEUTRE;0;27.7;1;1
2026.03.04 17:45;3025.00000;3030.00000;3022.00000;3030.00000;17.97;10.50;16.07;12.03;13.12;0.899;NEUTRE;0;32;1;1
2026.03.04 17:30;3027.00000;3029.00000;3024.00000;3025.00000;17.51;12.11;14.70;11.95;16.97;0.733;NEUTRE;0;27.3;1;1
2026.03.04 17:15;3030.00000;3036.00000;3022.00000;3027.00000;18.72;13.98;16.96;15.38;27.27;0.799;NEUTRE;0;29.7;1;1
2026.03.04 17:00;3044.00000;3044.00000;3021.00000;3030.00000;20.11;16.13;19.57;23.57;40.76;0.899;NEUTRE;0;33.1;1;1
2026.03.04 16:45;3041.00000;3073.00000;3039.00000;3044.00000;21.72;18.61;10.54;42.86;56.31;1.365;NEUTRE;0;45.1;2;1
2026.03.04 16:30;3054.00000;3074.00000;3040.00000;3041.00000;20.81;21.47;11.71;55.86;63.99;1.265;NEUTRE;0;43.4;1;1
2026.03.04 16:15;3041.00000;3060.00000;3038.00000;3054.00000;19.48;18.44;13.51;70.20;67.10;1.698;NEUTRE;0;52.1;2;1
2026.03.04 16:00;3049.00000;3059.00000;3037.00000;3041.00000;20.11;20.58;15.59;65.90;60.27;1.265;NEUTRE;0;44.2;1;1
2026.03.04 15:45;3045.00000;3063.00000;3040.00000;3049.00000;21.08;23.74;15.89;65.19;48.35;1.532;NEUTRE;0;50.1;2;1
2026.03.04 15:30;3045.00000;3048.00000;3024.00000;3045.00000;21.27;17.36;18.34;49.74;32.62;1.399;NEUTRE;0;48;2;1
2026.03.04 15:15;3025.00000;3057.00000;3025.00000;3045.00000;24.13;20.04;20.52;30.11;28.70;1.399;NEUTRE;0;48.5;2;1
2026.03.04 15:00;3013.00000;3033.00000;3007.00000;3025.00000;27.66;11.58;23.67;18.02;32.24;0.733;NEUTRE;0;31;1;1
2026.03.04 14:45;3034.00000;3037.00000;3013.00000;3013.00000;26.64;13.36;23.76;37.97;36.27;0.333;NEUTRE;0;15.5;0;1
2026.03.04 14:30;3068.00000;3068.00000;3029.00000;3034.00000;26.42;15.42;17.16;40.72;25.14;1.032;NEUTRE;0;41.2;1;1
2026.03.04 14:15;3030.00000;3071.00000;3021.00000;3068.00000;29.67;17.79;19.80;30.11;12.55;2.165;SOFT_UP;1;61.9;2;1
2026.03.04 14:00;3023.00000;3038.00000;3023.00000;3030.00000;33.40;10.37;22.85;4.59;5.44;0.899;NEUTRE;0;38.3;1;1
2026.03.04 13:45;3030.00000;3037.00000;3022.00000;3023.00000;32.77;10.94;26.37;2.96;16.66;0.666;NEUTRE;0;30.8;1;1
2026.03.04 13:30;3055.00000;3060.00000;3031.00000;3031.00000;31.45;12.63;21.19;8.76;36.73;0.932;NEUTRE;0;40.4;1;1
2026.03.04 13:15;3062.00000;3068.00000;3051.00000;3055.00000;32.39;14.57;13.84;38.26;59.09;1.732;NEUTRE;0;58.1;2;1
2026.03.04 13:00;3085.00000;3089.00000;3054.00000;3062.00000;36.98;16.81;13.26;63.16;72.27;1.965;SOFT_UP;1;61.8;2;1
2026.03.04 12:45;3083.00000;3091.00000;3075.00000;3085.00000;40.85;19.39;6.07;75.86;76.53;2.731;SOFT_UP;1;69.2;3;1
2026.03.04 12:30;3077.00000;3087.00000;3069.00000;3083.00000;39.08;18.53;7.00;77.78;71.95;2.664;SOFT_UP;1;69.1;3;1
2026.03.04 12:15;3086.00000;3089.00000;3067.00000;3075.00000;38.14;21.38;8.07;75.96;65.01;2.398;SOFT_UP;1;67.5;3;1
2026.03.04 12:00;3069.00000;3090.00000;3057.00000;3086.00000;37.05;24.67;9.32;62.11;53.31;2.764;SOFT_UP;1;70.6;3;1
2026.03.04 11:45;3053.00000;3074.00000;3053.00000;3069.00000;35.80;21.01;10.75;56.98;53.09;2.198;SOFT_UP;1;66.5;3;1
2026.03.04 11:30;3074.00000;3074.00000;3051.00000;3053.00000;36.34;24.24;12.40;40.86;56.73;1.665;NEUTRE;0;60.7;2;1
2026.03.04 11:15;3055.00000;3075.00000;3054.00000;3074.00000;36.96;27.97;12.31;61.43;70.96;2.364;SOFT_UP;1;68.9;3;1
2026.03.04 11:00;3054.00000;3059.00000;3051.00000;3055.00000;36.67;20.55;14.20;67.91;80.21;1.732;NEUTRE;0;62.7;2;1
2026.03.04 10:45;3068.00000;3070.00000;3049.00000;3054.00000;39.50;23.72;16.38;83.55;87.21;1.698;NEUTRE;0;62.8;2;1
2026.03.04 10:30;3077.00000;3079.00000;3065.00000;3068.00000;42.76;27.36;7.18;89.18;84.70;2.165;SOFT_UP;1;68.5;3;1
2026.03.04 10:15;3067.00000;3077.00000;3055.00000;3077.00000;40.35;29.38;8.29;88.89;74.82;2.464;SOFT_UP;1;71.3;3;1
2026.03.04 10:00;3046.00000;3079.00000;3046.00000;3067.00000;37.95;33.90;9.56;76.03;63.03;2.131;SOFT_UP;1;69.1;3;1
2026.03.04 09:45;3003.00000;3055.00000;3002.00000;3046.00000;35.17;27.92;11.03;59.55;60.15;1.432;NEUTRE;0;61.1;2;1
2026.03.03 18:15;3015.00000;3020.00000;3014.00000;3014.00000;33.91;22.06;12.73;53.52;68.37;-0.364;NEUTRE;0;-13.8;0;1
2026.03.03 18:00;3022.00000;3024.00000;3015.00000;3015.00000;35.00;25.45;12.13;67.39;79.46;-0.331;NEUTRE;0;-12.8;0;1
2026.03.03 17:45;3017.00000;3023.00000;3015.00000;3022.00000;34.94;27.66;13.99;84.21;88.03;-0.099;NEUTRE;0;-3.9;0;1
2026.03.03 17:30;3021.00000;3026.00000;3012.00000;3017.00000;35.26;31.91;16.15;86.79;89.92;-0.264;NEUTRE;0;-10.5;0;1
2026.03.03 17:15;3015.00000;3028.00000;3015.00000;3021.00000;35.64;36.82;15.33;93.09;91.93;-0.132;NEUTRE;0;-5.4;0;1
2026.03.03 17:00;3022.00000;3022.00000;3008.00000;3015.00000;34.79;35.39;17.69;89.88;91.42;-0.331;NEUTRE;0;-13.5;0;1
2026.03.03 16:45;2997.00000;3025.00000;2993.00000;3021.00000;35.01;40.83;20.41;92.82;93.51;-0.132;NEUTRE;0;-5.5;0;1
2026.03.03 16:30;2991.00000;3018.00000;2991.00000;2997.00000;35.27;43.75;23.55;91.55;89.41;-0.926;NEUTRE;0;-34.6;-1;1
2026.03.03 16:15;2950.00000;2991.00000;2948.00000;2991.00000;36.07;35.09;27.18;96.17;77.31;-1.124;NEUTRE;0;-40.4;-1;1
2026.03.03 16:00;2930.00000;2953.00000;2930.00000;2950.00000;39.67;26.90;31.36;80.50;54.35;-2.479;SOFT_DOWN;-1;-62.3;-2;1
2026.03.03 15:45;2912.00000;2931.00000;2896.00000;2930.00000;44.59;16.32;36.18;55.26;32.68;-3.140;SOFT_DOWN;-1;-67.8;-3;1
2026.03.03 15:30;2905.00000;2935.00000;2905.00000;2912.00000;45.63;18.83;37.79;27.27;16.52;-3.736;STRONG_DOWN;-2;-71.4;-3;1
2026.03.03 15:15;2897.00000;2907.00000;2894.00000;2906.00000;47.50;7.36;43.61;15.52;8.79;-3.934;STRONG_DOWN;-2;-72.5;-3;1
2026.03.03 15:00;2910.00000;2911.00000;2888.00000;2897.00000;43.87;8.50;50.32;6.77;4.10;-4.231;STRONG_DOWN;-2;-73.9;-3;1
2026.03.03 14:45;2918.00000;2922.00000;2901.00000;2910.00000;39.68;9.81;49.36;4.07;2.36;-3.802;STRONG_DOWN;-2;-72.5;-3;1
2026.03.03 14:30;2930.00000;2931.00000;2917.00000;2917.00000;35.50;11.31;45.24;1.45;2.27;-3.570;SOFT_DOWN;-1;-71.7;-3;1
2026.03.03 14:15;2938.00000;2946.00000;2928.00000;2930.00000;31.73;13.05;40.11;1.54;5.14;-3.140;SOFT_DOWN;-1;-69.8;-3;1
2026.03.03 14:00;2970.00000;2970.00000;2936.00000;2938.00000;28.78;15.06;39.44;3.81;11.94;-2.876;SOFT_DOWN;-1;-68.4;-3;1
2026.03.03 13:45;2991.00000;2993.00000;2969.00000;2969.00000;26.33;17.38;30.58;10.05;25.77;-1.851;NEUTRE;0;-58.9;-2;1
2026.03.03 13:30;3009.00000;3009.00000;2984.00000;2991.00000;26.14;20.05;25.67;21.97;44.58;-1.124;NEUTRE;0;-45.7;-2;1
2026.03.03 13:15;3009.00000;3014.00000;3001.00000;3008.00000;28.28;23.14;19.15;45.29;67.00;-0.562;NEUTRE;0;-27.6;-1;1
2026.03.03 13:00;3033.00000;3034.00000;2996.00000;3007.00000;31.18;26.70;22.10;66.48;83.06;-0.595;NEUTRE;0;-29.4;-1;1
2026.03.03 12:45;3041.00000;3044.00000;3033.00000;3033.00000;34.53;30.81;10.52;89.22;92.20;0.264;NEUTRE;0;14.3;0;1
2026.03.03 12:30;3040.00000;3047.00000;3034.00000;3041.00000;32.28;35.55;10.74;93.48;91.91;0.529;NEUTRE;0;27.5;1;1
2026.03.03 12:15;3020.00000;3042.00000;3019.00000;3040.00000;29.00;35.10;12.39;93.91;90.47;0.496;NEUTRE;0;26.5;1;1
2026.03.03 12:00;2994.00000;3025.00000;2988.00000;3018.00000;26.11;29.60;14.30;88.35;85.54;-0.231;NEUTRE;0;-13.3;0;1
2026.03.03 11:45;2987.00000;2997.00000;2987.00000;2994.00000;24.76;22.51;16.50;89.14;71.26;-1.025;NEUTRE;0;-47;-2;1
2026.03.03 11:30;2990.00000;2999.00000;2987.00000;2987.00000;26.20;25.97;19.03;79.14;47.13;-1.256;NEUTRE;0;-53.4;-2;1
2026.03.03 11:15;2966.00000;2994.00000;2958.00000;2992.00000;27.86;23.56;21.96;45.50;24.92;-1.091;NEUTRE;0;-50.1;-2;1
2026.03.03 11:00;2945.00000;2968.00000;2939.00000;2967.00000;31.61;16.07;25.34;16.74;16.94;-1.917;SOFT_DOWN;-1;-65;-3;1
2026.03.03 10:45;2948.00000;2952.00000;2940.00000;2945.00000;33.03;10.06;29.24;12.50;18.82;-2.645;SOFT_DOWN;-1;-71.7;-3;1
2026.03.03 10:30;2975.00000;2977.00000;2945.00000;2948.00000;30.60;11.61;27.33;21.59;21.77;-2.545;SOFT_DOWN;-1;-71.5;-3;1
2026.03.03 10:15;2977.00000;2987.00000;2968.00000;2975.00000;29.09;13.39;20.47;22.38;21.89;-1.653;NEUTRE;0;-63.3;-2;1
2026.03.03 10:00;2962.00000;2983.00000;2953.00000;2977.00000;30.35;12.21;23.62;21.34;27.83;-1.587;NEUTRE;0;-62.9;-2;1
2026.03.03 09:45;3025.00000;3026.00000;2962.00000;2963.00000;30.12;14.09;22.64;21.95;36.26;-2.050;SOFT_DOWN;-1;-68.9;-3;1
2026.03.02 18:15;2991.00000;2996.00000;2983.00000;2985.00000;31.18;9.05;26.13;40.20;46.40;3.718;STRONG_UP;2;68.3;3;1
2026.03.02 18:00;2996.00000;2996.00000;2975.00000;2991.00000;28.51;10.44;30.15;46.62;53.24;3.926;STRONG_UP;2;69.6;3;1
2026.03.02 17:45;2989.00000;2996.00000;2981.00000;2996.00000;25.42;12.05;30.39;52.38;59.83;4.100;STRONG_UP;2;70.6;3;1
2026.03.02 17:30;2997.00000;2997.00000;2986.00000;2989.00000;22.69;13.90;29.94;60.73;62.39;3.857;STRONG_UP;2;69.8;3;1
2026.03.02 17:15;3000.00000;3002.00000;2995.00000;2997.00000;20.55;16.04;21.95;66.36;57.36;4.135;STRONG_UP;2;71.3;3;1
2026.03.02 17:00;3000.00000;3007.00000;2997.00000;3000.00000;21.32;18.51;20.94;60.09;45.57;4.239;STRONG_UP;2;72;3;1
2026.03.02 16:45;2986.00000;3024.00000;2986.00000;3002.00000;23.65;21.36;24.16;45.64;34.70;4.309;STRONG_UP;2;72.5;3;1
2026.03.02 16:30;2986.00000;2992.00000;2951.00000;2985.00000;26.34;12.02;27.87;30.97;41.79;3.718;STRONG_UP;2;70.2;3;1
2026.03.02 16:15;3004.00000;3004.00000;2982.00000;2986.00000;24.28;13.87;20.53;27.50;57.85;3.753;STRONG_UP;2;70.6;3;1
2026.03.02 16:00;3005.00000;3009.00000;2998.00000;3003.00000;25.03;16.00;12.50;66.90;75.29;4.343;STRONG_UP;2;73.3;3;1
2026.03.02 15:45;3025.00000;3025.00000;3000.00000;3005.00000;26.99;18.46;11.63;79.14;77.84;4.413;STRONG_UP;2;73.8;3;1
2026.03.02 15:30;3011.00000;3027.00000;3008.00000;3025.00000;27.65;21.31;8.49;79.82;77.53;5.108;STRONG_UP;2;76.2;3;1
2026.03.02 15:15;2995.00000;3026.00000;2995.00000;3011.00000;25.29;23.77;9.80;74.55;76.74;4.621;STRONG_UP;2;75;3;1
2026.03.02 15:00;3009.00000;3016.00000;2993.00000;2995.00000;22.77;22.47;11.30;78.24;76.57;4.065;STRONG_UP;2;73.3;3;1
2026.03.02 14:45;2998.00000;3022.00000;2986.00000;3008.00000;21.19;25.92;13.04;77.44;64.54;4.517;STRONG_UP;2;75.1;3;1
2026.03.02 14:30;2971.00000;2999.00000;2957.00000;2998.00000;19.37;20.08;15.05;74.05;49.74;4.170;STRONG_UP;2;74.2;3;1
2026.03.02 14:15;2990.00000;2990.00000;2950.00000;2971.00000;20.14;19.88;17.37;42.15;34.87;3.231;SOFT_UP;1;70.3;3;1
2026.03.02 14:00;2964.00000;2993.00000;2964.00000;2990.00000;22.21;22.93;14.65;33.04;37.09;3.892;STRONG_UP;2;73.7;3;1
2026.03.02 13:45;2974.00000;2977.00000;2962.00000;2964.00000;22.23;17.97;16.91;29.41;47.54;2.988;SOFT_UP;1;69.5;3;1
2026.03.02 13:30;2981.00000;2988.00000;2968.00000;2974.00000;25.18;20.74;13.35;48.84;61.77;3.336;SOFT_UP;1;71.8;3;1
2026.03.02 13:15;2984.00000;2987.00000;2967.00000;2981.00000;25.72;23.16;15.41;64.38;73.45;3.579;SOFT_UP;1;73.3;3;1
2026.03.02 13:00;2987.00000;3001.00000;2969.00000;2982.00000;26.59;26.73;16.24;72.08;79.02;3.614;SOFT_UP;1;73.7;3;1
2026.03.02 12:45;2989.00000;2995.00000;2979.00000;2987.00000;26.92;30.84;13.93;83.89;76.74;3.787;STRONG_UP;2;74.7;3;1
2026.03.02 12:30;2983.00000;3000.00000;2983.00000;2989.00000;25.26;35.58;12.23;81.10;61.89;3.857;STRONG_UP;2;75.3;3;1
2026.03.02 12:15;2955.00000;2983.00000;2955.00000;2983.00000;21.63;25.67;14.11;65.22;45.73;3.648;SOFT_UP;1;74.7;3;1
2026.03.02 12:00;2953.00000;2958.00000;2952.00000;2954.00000;20.48;16.36;16.28;39.34;42.36;2.641;SOFT_UP;1;69.7;3;1
2026.03.02 11:45;2955.00000;2961.00000;2949.00000;2953.00000;23.60;18.87;18.79;32.64;51.70;2.606;SOFT_UP;1;69.9;3;1
2026.03.02 11:30;2953.00000;2957.00000;2946.00000;2955.00000;27.19;16.65;21.68;55.10;67.18;2.675;SOFT_UP;1;70.8;3;1
2026.03.02 11:15;2950.00000;2967.00000;2939.00000;2953.00000;29.36;19.21;25.01;67.35;77.45;2.606;SOFT_UP;1;70.7;3;1
2026.03.02 11:00;2954.00000;2962.00000;2938.00000;2949.00000;31.86;19.42;28.86;79.08;85.99;2.467;SOFT_UP;1;70.1;3;1
2026.03.02 10:45;2972.00000;2980.00000;2953.00000;2954.00000;33.75;22.41;23.68;85.91;85.87;2.641;SOFT_UP;1;71.7;3;1
2026.03.02 10:30;2974.00000;2989.00000;2967.00000;2973.00000;38.51;25.85;19.35;92.98;78.96;3.301;SOFT_UP;1;75.5;3;1
2026.03.02 10:15;2953.00000;2984.00000;2947.00000;2974.00000;42.23;26.33;22.32;78.71;51.98;3.336;SOFT_UP;1;76;3;1
2026.03.02 10:00;2846.00000;2955.00000;2846.00000;2953.00000;47.45;18.33;25.76;65.19;42.41;2.606;SOFT_UP;1;72.7;3;1
2026.03.02 09:45;2878.00000;2884.00000;2843.00000;2846.00000;52.16;11.12;29.72;12.05;39.55;-1.112;NEUTRE;0;-54.5;-2;1
2026.02.27 18:15;2893.00000;2900.00000;2891.00000;2896.00000;53.18;12.84;20.36;50.00;56.55;-4.169;STRONG_DOWN;-2;-70.4;-3;1
2026.02.27 18:00;2895.00000;2895.00000;2891.00000;2893.00000;57.88;6.26;23.49;56.60;62.83;-4.269;STRONG_DOWN;-2;-71.1;-3;1
2026.02.27 17:45;2896.00000;2900.00000;2893.00000;2895.00000;57.87;7.23;19.42;63.04;68.12;-4.203;STRONG_DOWN;-2;-71.1;-3;1
2026.02.27 17:30;2895.00000;2899.00000;2891.00000;2895.00000;59.74;6.14;22.40;68.84;66.00;-4.203;STRONG_DOWN;-2;-71.3;-3;1
2026.02.27 17:15;2903.00000;2903.00000;2891.00000;2895.00000;60.16;7.09;25.85;72.46;56.92;-4.203;STRONG_DOWN;-2;-71.6;-3;1
2026.02.27 17:00;2900.00000;2905.00000;2899.00000;2903.00000;60.65;8.18;19.57;56.69;41.17;-3.938;STRONG_DOWN;-2;-70.7;-3;1
2026.02.27 16:45;2869.00000;2912.00000;2866.00000;2900.00000;63.67;9.43;22.58;41.60;32.61;-4.037;STRONG_DOWN;-2;-71.4;-3;1
2026.02.27 16:30;2882.00000;2888.00000;2868.00000;2869.00000;67.14;2.86;26.06;25.20;29.15;-5.063;STRONG_DOWN;-2;-75.2;-3;1
2026.02.27 16:15;2878.00000;2886.00000;2870.00000;2882.00000;65.13;3.30;30.06;31.03;33.19;-4.633;STRONG_DOWN;-2;-74.1;-3;1
2026.02.27 16:00;2880.00000;2886.00000;2870.00000;2878.00000;62.81;3.81;34.69;31.21;33.95;-4.765;STRONG_DOWN;-2;-74.7;-3;1
2026.02.27 15:45;2891.00000;2893.00000;2875.00000;2880.00000;60.13;4.39;35.22;37.31;32.03;-4.699;STRONG_DOWN;-2;-74.8;-3;1
2026.02.27 15:30;2899.00000;2903.00000;2886.00000;2891.00000;57.41;5.07;31.24;33.33;24.40;-4.335;STRONG_DOWN;-2;-73.8;-3;1
2026.02.27 15:15;2887.00000;2909.00000;2865.00000;2899.00000;55.15;5.85;36.04;25.45;25.67;-4.070;STRONG_DOWN;-2;-73.1;-3;1
2026.02.27 15:00;2902.00000;2903.00000;2880.00000;2887.00000;52.55;6.75;36.34;14.40;36.57;-4.467;STRONG_DOWN;-2;-74.7;-3;1
2026.02.27 14:45;2915.00000;2922.00000;2901.00000;2902.00000;50.06;7.79;27.89;37.14;49.14;-3.971;STRONG_DOWN;-2;-73.2;-3;1
2026.02.27 14:30;2934.00000;2937.00000;2912.00000;2915.00000;49.10;8.98;24.12;58.18;50.40;-3.541;SOFT_DOWN;-1;-71.6;-3;1
2026.02.27 14:15;2930.00000;2937.00000;2919.00000;2933.00000;49.62;10.37;23.52;52.10;40.97;-2.945;SOFT_DOWN;-1;-68.5;-3;1
2026.02.27 14:00;2913.00000;2931.00000;2909.00000;2931.00000;51.28;6.83;27.14;40.91;34.51;-3.011;SOFT_DOWN;-1;-69.3;-3;1
2026.02.27 13:45;2928.00000;2928.00000;2905.00000;2913.00000;49.97;5.78;31.31;29.91;32.07;-3.607;SOFT_DOWN;-1;-72.8;-3;1
2026.02.27 13:30;2935.00000;2937.00000;2918.00000;2929.00000;47.07;6.67;27.80;32.71;33.65;-3.077;SOFT_DOWN;-1;-70.4;-3;1
2026.02.27 13:15;2932.00000;2942.00000;2930.00000;2935.00000;44.89;7.70;22.36;33.61;32.82;-2.879;SOFT_DOWN;-1;-69.5;-3;1
2026.02.27 13:00;2939.00000;2946.00000;2925.00000;2933.00000;44.29;8.89;25.80;34.65;29.54;-2.945;SOFT_DOWN;-1;-70.3;-3;1
2026.02.27 12:45;2938.00000;2941.00000;2927.00000;2939.00000;43.60;6.59;29.77;30.22;22.98;-2.747;SOFT_DOWN;-1;-69.3;-3;1
2026.02.27 12:30;2931.00000;2943.00000;2926.00000;2938.00000;40.50;7.60;34.35;23.77;15.90;-2.780;SOFT_DOWN;-1;-69.9;-3;1
2026.02.27 12:15;2958.00000;2960.00000;2922.00000;2931.00000;36.93;8.77;39.63;14.95;10.46;-3.011;SOFT_DOWN;-1;-71.7;-3;1
2026.02.27 12:00;2960.00000;2963.00000;2954.00000;2958.00000;32.80;10.12;32.77;8.99;8.96;-2.118;SOFT_DOWN;-1;-65.3;-3;1
2026.02.27 11:45;2958.00000;2965.00000;2957.00000;2960.00000;29.73;11.68;32.69;7.45;12.21;-2.052;SOFT_DOWN;-1;-65.1;-3;1
2026.02.27 11:30;2965.00000;2965.00000;2957.00000;2958.00000;27.02;13.48;37.71;10.43;16.94;-2.118;SOFT_DOWN;-1;-66.2;-3;1
2026.02.27 11:15;2969.00000;2975.00000;2962.00000;2964.00000;23.89;15.55;33.90;18.75;20.08;-1.919;SOFT_DOWN;-1;-64.5;-2;1
2026.02.27 11:00;2977.00000;2980.00000;2967.00000;2969.00000;21.86;17.95;33.20;21.62;18.14;-1.754;NEUTRE;0;-63;-2;1
2026.02.27 10:45;2985.00000;2985.00000;2973.00000;2977.00000;20.63;20.71;31.21;19.86;13.78;-1.489;NEUTRE;0;-59.6;-2;1
2026.02.27 10:30;2976.00000;2992.00000;2976.00000;2985.00000;20.69;23.89;32.16;12.93;10.22;-1.224;NEUTRE;0;-55.1;-2;1
2026.02.27 10:15;2973.00000;2977.00000;2961.00000;2977.00000;21.61;13.14;37.11;8.54;13.07;-1.489;NEUTRE;0;-60.8;-2;1
2026.02.27 10:00;3010.00000;3010.00000;2971.00000;2972.00000;17.59;15.17;33.20;9.18;26.24;-1.655;NEUTRE;0;-63.9;-2;1
2026.02.27 09:45;3022.00000;3025.00000;3004.00000;3011.00000;14.56;17.50;25.62;21.49;42.50;-0.364;NEUTRE;0;-24.7;0;1
2026.02.26 18:15;3062.00000;3070.00000;3059.00000;3063.00000;13.91;20.19;15.22;48.05;55.72;0.856;NEUTRE;0;30;1;1
2026.02.26 18:00;3066.00000;3067.00000;3058.00000;3062.00000;13.89;19.10;17.56;57.95;58.07;0.823;NEUTRE;0;29.4;1;1
2026.02.26 17:45;3066.00000;3069.00000;3063.00000;3066.00000;15.37;22.04;11.71;61.17;58.90;0.955;NEUTRE;0;33.5;1;1
2026.02.26 17:30;3062.00000;3077.00000;3062.00000;3066.00000;13.03;25.43;13.51;55.08;59.59;0.955;NEUTRE;0;33.9;1;1
2026.02.26 17:15;3057.00000;3064.00000;3053.00000;3063.00000;10.33;16.01;15.59;60.45;62.76;0.856;NEUTRE;0;31.4;1;1
2026.02.26 17:00;3070.00000;3073.00000;3056.00000;3057.00000;11.71;18.48;13.80;63.23;66.62;0.659;NEUTRE;0;25.5;1;1
2026.02.26 16:45;3060.00000;3077.00000;3048.00000;3070.00000;11.28;21.32;15.92;64.61;67.30;1.087;NEUTRE;0;38.6;1;1
2026.02.26 16:30;3051.00000;3064.00000;3042.00000;3059.00000;10.79;17.70;18.37;72.02;68.17;0.724;NEUTRE;0;28.4;1;1
2026.02.26 16:15;3078.00000;3081.00000;3048.00000;3051.00000;12.16;20.42;17.00;65.26;57.64;0.461;NEUTRE;0;19.3;0;1
2026.02.26 16:00;3037.00000;3080.00000;3037.00000;3078.00000;12.63;23.10;19.61;67.22;50.67;1.350;NEUTRE;0;46.1;2;1
2026.02.26 15:45;3049.00000;3060.00000;3030.00000;3037.00000;13.32;19.50;22.63;40.45;46.66;0.000;NEUTRE;0;0;0;1
2026.02.26 15:30;3022.00000;3059.00000;3021.00000;3048.00000;14.22;21.98;26.11;44.32;55.16;0.362;NEUTRE;0;16;0;1
2026.02.26 15:15;3038.00000;3042.00000;3014.00000;3022.00000;15.09;18.48;30.13;55.21;59.35;-0.494;NEUTRE;0;-21.7;0;1
2026.02.26 15:00;3065.00000;3066.00000;3039.00000;3040.00000;13.72;21.33;21.03;65.95;50.19;0.099;NEUTRE;0;4.6;0;1
2026.02.26 14:45;3038.00000;3071.00000;3034.00000;3065.00000;15.73;24.61;24.26;56.91;35.77;0.922;NEUTRE;0;37.6;1;1
2026.02.26 14:30;3022.00000;3049.00000;3019.00000;3038.00000;18.04;19.25;28.00;27.71;27.08;0.033;NEUTRE;0;1.6;0;1
2026.02.26 14:15;3026.00000;3031.00000;3007.00000;3021.00000;17.96;12.98;32.30;22.70;35.72;-0.527;NEUTRE;0;-24.5;0;1
2026.02.26 14:00;3061.00000;3061.00000;3027.00000;3028.00000;14.16;14.97;24.45;30.83;47.20;-0.296;NEUTRE;0;-14.6;0;1
2026.02.26 13:45;3056.00000;3064.00000;3055.00000;3061.00000;12.64;17.28;15.55;53.64;57.59;0.790;NEUTRE;0;35.3;1;1
2026.02.26 13:30;3060.00000;3063.00000;3055.00000;3056.00000;13.77;18.23;17.94;57.14;55.43;0.626;NEUTRE;0;29.7;1;1
2026.02.26 13:15;3062.00000;3067.00000;3055.00000;3060.00000;15.77;21.03;20.70;61.98;45.54;0.757;NEUTRE;0;35.1;1;1
2026.02.26 13:00;3060.00000;3076.00000;3051.00000;3063.00000;18.07;24.27;23.88;47.15;28.58;0.856;NEUTRE;0;39;1;1
2026.02.26 12:45;3044.00000;3063.00000;3044.00000;3063.00000;20.73;20.00;27.56;27.48;17.25;0.856;NEUTRE;0;39.6;1;1
2026.02.26 12:30;3051.00000;3054.00000;3037.00000;3043.00000;21.47;16.15;31.80;11.11;13.00;0.198;NEUTRE;0;11;0;1
2026.02.26 12:15;3053.00000;3065.00000;3048.00000;3051.00000;19.76;18.64;26.73;13.16;14.11;0.461;NEUTRE;0;24.9;0;1
2026.02.26 12:00;3060.00000;3078.00000;3053.00000;3053.00000;20.05;21.51;26.32;14.73;19.54;0.527;NEUTRE;0;28.4;1;1
2026.02.26 11:45;3063.00000;3063.00000;3047.00000;3062.00000;21.59;15.59;30.37;14.45;30.55;0.823;NEUTRE;0;40.8;1;1
2026.02.26 11:30;3058.00000;3072.00000;3051.00000;3063.00000;19.96;17.98;31.20;29.43;49.90;0.856;NEUTRE;0;42.5;1;1
2026.02.26 11:15;3083.00000;3096.00000;3058.00000;3058.00000;18.90;20.75;30.87;47.76;68.96;0.691;NEUTRE;0;37.1;1;1
2026.02.26 11:00;3098.00000;3101.00000;3077.00000;3082.00000;18.79;23.94;27.92;72.51;85.50;1.482;NEUTRE;0;58.9;2;1
2026.02.26 10:45;3122.00000;3134.00000;3099.00000;3099.00000;20.50;27.63;18.12;86.60;90.18;2.041;SOFT_UP;1;66.8;3;1
2026.02.26 10:30;3107.00000;3126.00000;3097.00000;3122.00000;20.45;28.36;20.91;97.40;82.15;2.799;SOFT_UP;1;73.1;3;1
2026.02.26 10:15;3059.00000;3109.00000;3048.00000;3107.00000;21.27;23.70;24.12;86.54;59.20;2.305;SOFT_UP;1;70.1;3;1
2026.02.26 10:00;3043.00000;3059.00000;3021.00000;3059.00000;24.41;14.74;27.83;62.50;41.14;0.724;NEUTRE;0;41.7;1;1
2026.02.26 09:45;3037.00000;3050.00000;3032.00000;3043.00000;23.43;17.01;27.66;28.57;32.15;0.198;NEUTRE;0;14;0;1
2026.02.25 18:15;3051.00000;3058.00000;3048.00000;3053.00000;23.37;19.62;20.19;32.35;35.40;-1.005;NEUTRE;0;-34.1;-1;1
2026.02.25 18:00;3052.00000;3053.00000;3050.00000;3050.00000;26.74;14.95;23.30;35.53;35.66;-1.102;NEUTRE;0;-37;-1;1
2026.02.25 17:45;3050.00000;3054.00000;3047.00000;3052.00000;27.50;17.25;26.89;38.33;32.23;-1.038;NEUTRE;0;-35.8;-1;1
2026.02.25 17:30;3061.00000;3062.00000;3050.00000;3050.00000;28.37;19.90;24.43;33.12;24.26;-1.102;NEUTRE;0;-37.8;-1;1
2026.02.25 17:15;3058.00000;3067.00000;3057.00000;3061.00000;31.16;22.97;19.21;25.25;15.60;-0.746;NEUTRE;0;-28;-1;1
2026.02.25 17:00;3049.00000;3059.00000;3049.00000;3058.00000;34.59;14.19;22.17;14.41;11.62;-0.843;NEUTRE;0;-31.4;-1;1
2026.02.25 16:45;3042.00000;3053.00000;3039.00000;3049.00000;36.53;7.15;25.58;7.14;11.17;-1.135;NEUTRE;0;-39.8;-1;1
2026.02.25 16:30;3048.00000;3058.00000;3039.00000;3042.00000;33.49;8.24;29.52;13.30;14.44;-1.362;NEUTRE;0;-45.5;-2;1
2026.02.25 16:15;3099.00000;3103.00000;3043.00000;3047.00000;29.97;9.51;30.82;13.07;12.41;-1.200;NEUTRE;0;-42.3;-1;1
2026.02.25 16:00;3086.00000;3104.00000;3077.00000;3099.00000;26.46;10.98;26.84;16.95;12.55;0.486;NEUTRE;0;20.5;0;1
2026.02.25 15:45;3112.00000;3112.00000;3086.00000;3086.00000;24.07;12.67;25.84;7.22;15.64;0.065;NEUTRE;0;2.9;0;1
2026.02.25 15:30;3112.00000;3123.00000;3104.00000;3112.00000;22.51;14.61;19.17;13.48;28.14;0.908;NEUTRE;0;35.8;1;1
2026.02.25 15:15;3111.00000;3124.00000;3107.00000;3112.00000;23.90;16.86;19.69;26.20;45.54;0.908;NEUTRE;0;36.2;1;1
2026.02.25 15:00;3129.00000;3130.00000;3109.00000;3111.00000;26.39;19.46;20.90;44.72;62.71;0.875;NEUTRE;0;35.7;1;1
2026.02.25 14:45;3140.00000;3151.00000;3124.00000;3128.00000;29.90;22.45;13.13;65.70;73.69;1.427;NEUTRE;0;50;2;1
2026.02.25 14:30;3148.00000;3163.00000;3139.00000;3140.00000;30.47;25.90;6.61;77.72;78.84;1.816;NEUTRE;0;57;2;1
2026.02.25 14:15;3136.00000;3161.00000;3136.00000;3148.00000;26.03;28.61;7.62;77.64;76.60;2.075;SOFT_UP;1;60.9;2;1
2026.02.25 14:00;3103.00000;3143.00000;3100.00000;3136.00000;21.12;21.93;8.79;81.15;73.44;1.686;NEUTRE;0;56;2;1
2026.02.25 13:45;3115.00000;3119.00000;3095.00000;3103.00000;17.79;16.72;10.15;71.00;63.45;0.616;NEUTRE;0;28.9;1;1
2026.02.25 13:30;3102.00000;3115.00000;3096.00000;3115.00000;16.77;16.73;11.71;68.18;54.68;1.005;NEUTRE;0;42.5;1;1
2026.02.25 13:15;3092.00000;3115.00000;3090.00000;3102.00000;16.63;19.30;13.51;51.16;44.21;0.584;NEUTRE;0;28.5;1;1
2026.02.25 13:00;3091.00000;3106.00000;3089.00000;3092.00000;16.47;16.73;15.59;44.71;35.38;0.259;NEUTRE;0;13.8;0;1
2026.02.25 12:45;3091.00000;3099.00000;3083.00000;3093.00000;18.46;12.97;17.99;36.75;28.43;0.292;NEUTRE;0;15.7;0;1
2026.02.25 12:30;3093.00000;3098.00000;3085.00000;3090.00000;18.81;14.97;18.83;24.69;24.03;0.195;NEUTRE;0;10.9;0;1
2026.02.25 12:15;3090.00000;3095.00000;3083.00000;3091.00000;19.95;13.72;21.73;23.83;27.06;0.227;NEUTRE;0;12.9;0;1
2026.02.25 12:00;3100.00000;3107.00000;3087.00000;3090.00000;19.54;15.83;19.94;23.55;34.66;0.195;NEUTRE;0;11.3;0;1
2026.02.25 11:45;3082.00000;3104.00000;3077.00000;3100.00000;20.77;15.95;23.01;33.79;50.04;0.519;NEUTRE;0;28.5;1;1
2026.02.25 11:30;3103.00000;3108.00000;3082.00000;3082.00000;21.18;18.41;23.70;46.65;64.06;-0.065;NEUTRE;0;-4;0;1
2026.02.25 11:15;3124.00000;3133.00000;3098.00000;3103.00000;22.51;21.24;17.88;69.69;70.96;0.616;NEUTRE;0;34;1;1
2026.02.25 11:00;3152.00000;3152.00000;3122.00000;3125.00000;24.65;24.51;10.08;75.86;58.84;1.329;NEUTRE;0;56.1;2;1
2026.02.25 10:45;3076.00000;3159.00000;3076.00000;3152.00000;22.03;28.28;11.63;67.33;43.25;2.205;SOFT_UP;1;68.4;3;1
2026.02.25 10:30;3062.00000;3077.00000;3058.00000;3076.00000;19.00;17.43;13.42;33.33;37.22;-0.259;NEUTRE;0;-16.9;0;1
2026.02.25 10:15;3062.00000;3075.00000;3053.00000;3061.00000;19.92;18.49;15.48;29.08;46.58;-0.746;NEUTRE;0;-41.9;-1;1
2026.02.25 10:00;3069.00000;3077.00000;3057.00000;3063.00000;21.62;21.34;15.07;49.25;59.11;-0.681;NEUTRE;0;-40;-1;1
2026.02.25 09:45;3084.00000;3098.00000;3051.00000;3070.00000;22.29;24.62;17.39;61.42;59.64;-0.454;NEUTRE;0;-29.8;-1;1
2026.02.24 18:15;3075.00000;3091.00000;3073.00000;3086.00000;23.07;28.41;12.86;66.67;58.88;-1.876;SOFT_DOWN;-1;-51.7;-2;1
2026.02.24 18:00;3073.00000;3079.00000;3069.00000;3075.00000;20.83;22.52;14.84;50.83;60.77;-2.226;SOFT_DOWN;-1;-56.7;-2;1
2026.02.24 17:45;3067.00000;3073.00000;3065.00000;3072.00000;20.87;16.76;17.12;59.13;71.91;-2.321;SOFT_DOWN;-1;-58.2;-2;1
2026.02.24 17:30;3087.00000;3089.00000;3051.00000;3067.00000;23.91;19.34;19.75;72.36;76.15;-2.480;SOFT_DOWN;-1;-60.2;-2;1
2026.02.24 17:15;3084.00000;3091.00000;3083.00000;3087.00000;27.43;22.31;9.84;84.25;76.39;-1.844;NEUTRE;0;-52.8;-2;1
2026.02.24 17:00;3077.00000;3090.00000;3075.00000;3084.00000;25.68;23.82;11.35;71.84;72.96;-1.940;SOFT_DOWN;-1;-54.6;-2;1
2026.02.24 16:45;3060.00000;3087.00000;3060.00000;3077.00000;24.17;24.41;13.10;73.08;70.16;-2.162;SOFT_DOWN;-1;-57.8;-2;1
2026.02.24 16:30;3076.00000;3090.00000;3060.00000;3060.00000;23.25;28.17;15.11;73.96;58.23;-2.703;SOFT_DOWN;-1;-63.6;-2;1
2026.02.24 16:15;3069.00000;3083.00000;3056.00000;3077.00000;22.19;28.91;17.44;63.43;44.59;-2.162;SOFT_DOWN;-1;-58.6;-2;1
2026.02.24 16:00;3046.00000;3077.00000;3042.00000;3069.00000;21.80;29.94;20.12;37.31;37.93;-2.417;SOFT_DOWN;-1;-61.7;-2;1
2026.02.24 15:45;3045.00000;3047.00000;3027.00000;3046.00000;22.13;21.36;23.22;33.03;44.12;-3.148;SOFT_DOWN;-1;-67.9;-3;1
2026.02.24 15:30;3071.00000;3074.00000;3040.00000;3043.00000;24.90;24.64;16.79;43.46;55.02;-3.243;SOFT_DOWN;-1;-68.8;-3;1
2026.02.24 15:15;3044.00000;3077.00000;3040.00000;3071.00000;25.81;28.43;19.37;55.87;65.68;-2.353;SOFT_DOWN;-1;-62.2;-2;1
2026.02.24 15:00;3045.00000;3051.00000;3032.00000;3044.00000;26.86;22.00;22.35;65.73;76.48;-3.211;SOFT_DOWN;-1;-69.2;-3;1
2026.02.24 14:45;3082.00000;3096.00000;3042.00000;3045.00000;30.87;25.38;17.70;75.44;82.44;-3.180;SOFT_DOWN;-1;-69.4;-3;1
2026.02.24 14:30;3043.00000;3106.00000;3043.00000;3082.00000;32.88;29.29;20.13;88.27;79.29;-2.003;SOFT_DOWN;-1;-59.5;-2;1
2026.02.24 14:15;3040.00000;3054.00000;3028.00000;3042.00000;35.09;21.29;23.23;83.61;65.06;-3.275;SOFT_DOWN;-1;-70.5;-3;1
2026.02.24 14:00;2976.00000;3044.00000;2975.00000;3040.00000;39.82;18.65;26.80;66.00;53.75;-3.339;SOFT_DOWN;-1;-71.2;-3;1
2026.02.24 13:45;2962.00000;2981.00000;2957.00000;2977.00000;43.18;7.47;30.93;45.57;47.83;-5.342;STRONG_DOWN;-2;-78.2;-3;1
2026.02.24 13:30;2980.00000;2980.00000;2960.00000;2962.00000;40.43;8.62;33.76;49.69;48.00;-5.819;STRONG_DOWN;-2;-79.3;-3;1
2026.02.24 13:15;2984.00000;3001.00000;2978.00000;2980.00000;37.52;9.95;25.11;48.23;47.97;-5.246;STRONG_DOWN;-2;-78.4;-3;1
2026.02.24 13:00;2969.00000;2996.00000;2949.00000;2984.00000;36.64;8.13;28.97;46.09;48.28;-5.119;STRONG_DOWN;-2;-78.3;-3;1
2026.02.24 12:45;2984.00000;2984.00000;2967.00000;2969.00000;33.64;9.38;27.54;49.59;45.45;-5.596;STRONG_DOWN;-2;-79.5;-3;1
2026.02.24 12:30;2996.00000;3002.00000;2972.00000;2984.00000;31.25;10.83;27.25;49.17;36.86;-5.119;STRONG_DOWN;-2;-78.8;-3;1
2026.02.24 12:15;2989.00000;2997.00000;2988.00000;2994.00000;29.42;12.49;23.24;37.60;26.40;-4.801;STRONG_DOWN;-2;-78.3;-3;1
2026.02.24 12:00;2985.00000;2998.00000;2982.00000;2989.00000;29.32;14.42;26.81;23.80;18.30;-4.960;STRONG_DOWN;-2;-78.9;-3;1
2026.02.24 11:45;2979.00000;2994.00000;2977.00000;2985.00000;29.20;12.79;30.94;17.81;13.39;-5.087;STRONG_DOWN;-2;-79.4;-3;1
2026.02.24 11:30;2976.00000;2991.00000;2962.00000;2979.00000;27.31;12.04;35.70;13.30;9.76;-5.278;STRONG_DOWN;-2;-80;-3;1
2026.02.24 11:15;2997.00000;3004.00000;2958.00000;2975.00000;23.89;13.89;41.19;9.06;7.51;-5.405;STRONG_DOWN;-2;-80.4;-3;1
2026.02.24 11:00;3053.00000;3053.00000;2985.00000;2997.00000;19.94;16.03;38.50;6.91;6.50;-4.706;STRONG_DOWN;-2;-79.3;-3;1
2026.02.24 10:45;3065.00000;3067.00000;3051.00000;3053.00000;16.67;18.50;29.49;6.57;5.80;-2.925;SOFT_DOWN;-1;-73.4;-3;1
2026.02.24 10:30;3067.00000;3086.00000;3063.00000;3065.00000;15.71;21.34;22.49;6.02;8.87;-2.544;SOFT_DOWN;-1;-71.5;-3;1
2026.02.24 10:15;3062.00000;3073.00000;3058.00000;3067.00000;17.72;15.93;25.95;4.82;20.94;-2.480;SOFT_DOWN;-1;-71.4;-3;1
2026.02.24 10:00;3099.00000;3105.00000;3062.00000;3062.00000;16.77;18.38;25.83;15.76;43.42;-2.639;SOFT_DOWN;-1;-72.9;-3;1
2026.02.24 09:45;3145.00000;3145.00000;3096.00000;3098.00000;16.75;21.21;17.64;42.24;59.27;-1.494;NEUTRE;0;-62.1;-2;1
2026.02.23 18:15;3130.00000;3148.00000;3130.00000;3145.00000;17.92;24.47;9.68;72.27;66.58;-1.101;NEUTRE;0;-36.6;-1;1
2026.02.23 18:00;3128.00000;3131.00000;3127.00000;3130.00000;14.01;13.71;11.17;63.29;61.68;-1.572;NEUTRE;0;-47.1;-2;1
2026.02.23 17:45;3127.00000;3133.00000;3127.00000;3128.00000;14.60;15.81;12.89;64.17;55.34;-1.635;NEUTRE;0;-48.6;-2;1
2026.02.23 17:30;3132.00000;3144.00000;3127.00000;3127.00000;15.29;18.25;14.88;57.58;45.66;-1.667;NEUTRE;0;-49.6;-2;1
2026.02.23 17:15;3122.00000;3141.00000;3121.00000;3132.00000;16.07;18.34;17.17;44.29;39.64;-1.509;NEUTRE;0;-47.1;-2;1
2026.02.23 17:00;3107.00000;3130.00000;3107.00000;3122.00000;18.04;12.70;19.81;35.12;40.17;-1.824;NEUTRE;0;-52.9;-2;1
2026.02.23 16:45;3128.00000;3128.00000;3089.00000;3106.00000;17.45;13.37;22.85;39.50;43.64;-2.327;SOFT_DOWN;-1;-59.7;-2;1
2026.02.23 16:30;3147.00000;3155.00000;3117.00000;3128.00000;16.10;15.43;15.32;45.90;41.07;-1.635;NEUTRE;0;-50.7;-2;1
2026.02.23 16:15;3128.00000;3150.00000;3117.00000;3146.00000;18.53;15.78;17.68;45.51;33.42;-1.069;NEUTRE;0;-39;-1;1
2026.02.23 16:00;3136.00000;3145.00000;3106.00000;3128.00000;20.50;15.87;20.40;31.79;25.69;-1.635;NEUTRE;0;-51.5;-2;1
2026.02.23 15:45;3134.00000;3167.00000;3125.00000;3136.00000;21.74;18.32;16.04;22.96;24.16;-1.384;NEUTRE;0;-47.3;-2;1
2026.02.23 15:30;3127.00000;3137.00000;3122.00000;3134.00000;24.07;10.14;18.51;22.31;25.67;-1.447;NEUTRE;0;-49;-2;1
2026.02.23 15:15;3139.00000;3143.00000;3122.00000;3127.00000;23.28;11.70;21.36;27.20;27.91;-1.667;NEUTRE;0;-53.4;-2;1
2026.02.23 15:00;3143.00000;3146.00000;3132.00000;3139.00000;22.37;13.51;17.32;27.50;34.04;-1.289;NEUTRE;0;-46.6;-2;1
2026.02.23 14:45;3131.00000;3148.00000;3127.00000;3144.00000;23.90;15.58;19.99;29.03;48.04;-1.132;NEUTRE;0;-43.4;-1;1
2026.02.23 14:30;3131.00000;3167.00000;3131.00000;3131.00000;25.67;17.98;20.13;45.59;66.97;-1.541;NEUTRE;0;-52.6;-2;1
2026.02.23 14:15;3151.00000;3151.00000;3127.00000;3131.00000;28.76;13.91;23.23;69.50;74.35;-1.541;NEUTRE;0;-53.1;-2;1
2026.02.23 14:00;3148.00000;3160.00000;3141.00000;3151.00000;29.32;16.05;17.83;85.82;63.23;-0.912;NEUTRE;0;-38.7;-1;1
2026.02.23 13:45;3145.00000;3152.00000;3142.00000;3147.00000;33.03;12.04;20.57;67.72;40.54;-1.038;NEUTRE;0;-42.9;-1;1
2026.02.23 13:30;3137.00000;3151.00000;3127.00000;3145.00000;34.08;12.35;23.73;36.16;21.28;-1.101;NEUTRE;0;-45.1;-2;1
2026.02.23 13:15;3121.00000;3149.00000;3116.00000;3136.00000;34.48;12.97;27.38;17.75;12.03;-1.384;NEUTRE;0;-52.1;-2;1
2026.02.23 13:00;3116.00000;3151.00000;3108.00000;3121.00000;34.29;14.97;31.60;9.94;8.74;-1.855;NEUTRE;0;-60.4;-2;1
2026.02.23 12:45;3128.00000;3128.00000;3107.00000;3116.00000;34.07;9.04;36.46;8.41;9.82;-2.013;SOFT_DOWN;-1;-62.8;-2;1
2026.02.23 12:30;3142.00000;3142.00000;3116.00000;3127.00000;30.04;10.43;35.47;7.88;11.90;-1.667;NEUTRE;0;-58.7;-2;1
2026.02.23 12:15;3176.00000;3176.00000;3134.00000;3142.00000;26.27;12.04;30.28;13.18;22.79;-1.195;NEUTRE;0;-50.2;-2;1
2026.02.23 12:00;3215.00000;3218.00000;3172.00000;3176.00000;23.68;13.89;21.02;14.63;35.17;-0.126;NEUTRE;0;-7.4;0;1
2026.02.23 11:45;3201.00000;3220.00000;3201.00000;3215.00000;24.18;16.03;14.56;40.56;47.19;1.101;NEUTRE;0;49.1;2;1
2026.02.23 11:30;3234.00000;3234.00000;3198.00000;3201.00000;27.16;18.50;16.79;50.32;51.98;0.660;NEUTRE;0;35.2;1;1
2026.02.23 11:15;3232.00000;3236.00000;3218.00000;3232.00000;30.60;21.34;10.83;50.70;55.46;1.635;NEUTRE;0;60.8;2;1
2026.02.23 11:00;3213.00000;3244.00000;3212.00000;3232.00000;30.28;24.62;12.50;54.93;62.74;1.635;NEUTRE;0;61.3;2;1
2026.02.23 10:45;3209.00000;3221.00000;3199.00000;3213.00000;29.91;17.36;14.42;60.75;69.55;1.038;NEUTRE;0;49.9;2;1
2026.02.23 10:30;3222.00000;3228.00000;3207.00000;3208.00000;33.09;20.03;11.05;72.54;74.30;0.881;NEUTRE;0;45.9;2;1
2026.02.23 10:15;3245.00000;3245.00000;3194.00000;3223.00000;33.73;23.11;12.74;75.35;73.64;1.352;NEUTRE;0;58.4;2;1
2026.02.23 10:00;3221.00000;3254.00000;3216.00000;3245.00000;34.48;26.66;8.07;75.00;62.63;2.044;SOFT_UP;1;68.3;3;1
2026.02.23 09:45;3180.00000;3284.00000;3180.00000;3224.00000;31.55;30.76;9.31;70.57;49.04;1.384;NEUTRE;0;60.2;2;1
2026.02.20 18:15;3090.00000;3099.00000;3073.00000;3081.00000;28.16;21.47;10.74;42.31;30.24;4.618;STRONG_UP;2;72.2;3;1
2026.02.20 18:00;3069.00000;3094.00000;3069.00000;3089.00000;27.37;21.82;12.39;34.23;23.69;4.890;STRONG_UP;2;73.4;3;1
2026.02.20 17:45;3075.00000;3079.00000;3069.00000;3069.00000;27.34;15.95;14.30;14.18;21.86;4.211;STRONG_UP;2;71.1;3;1
2026.02.20 17:30;3071.00000;3077.00000;3065.00000;3075.00000;30.71;15.32;16.50;22.67;33.46;4.414;STRONG_UP;2;72.2;3;1
2026.02.20 17:15;3085.00000;3089.00000;3069.00000;3070.00000;34.87;17.68;13.91;28.74;45.27;4.244;STRONG_UP;2;71.7;3;1
2026.02.20 17:00;3084.00000;3089.00000;3080.00000;3084.00000;38.40;20.40;7.59;48.97;60.80;4.720;STRONG_UP;2;73.7;3;1
2026.02.20 16:45;3100.00000;3106.00000;3065.00000;3083.00000;37.27;23.54;8.76;58.10;71.58;4.686;STRONG_UP;2;73.8;3;1
2026.02.20 16:30;3076.00000;3100.00000;3067.00000;3100.00000;35.96;24.91;10.11;75.32;82.75;5.263;STRONG_UP;2;75.7;3;1
2026.02.20 16:15;3112.00000;3117.00000;3073.00000;3077.00000;34.99;28.74;8.86;81.30;88.45;4.482;STRONG_UP;2;73.6;3;1
2026.02.20 16:00;3098.00000;3122.00000;3079.00000;3112.00000;32.24;33.16;8.13;91.61;87.83;5.671;STRONG_UP;2;77.1;3;1
2026.02.20 15:45;3060.00000;3109.00000;3057.00000;3098.00000;27.87;33.61;9.38;92.43;77.21;5.195;STRONG_UP;2;76.2;3;1
2026.02.20 15:30;3057.00000;3069.00000;3050.00000;3064.00000;23.49;26.95;10.82;79.44;59.31;4.041;STRONG_UP;2;72.7;3;1
2026.02.20 15:15;3009.00000;3061.00000;3006.00000;3058.00000;20.54;24.62;12.49;59.75;47.14;3.837;STRONG_UP;2;72.1;3;1
2026.02.20 15:00;3016.00000;3017.00000;2998.00000;3009.00000;18.67;16.10;14.41;38.73;42.29;2.173;SOFT_UP;1;60.7;2;1
2026.02.20 14:45;3022.00000;3028.00000;2996.00000;3016.00000;20.69;18.57;16.63;42.95;47.41;2.411;SOFT_UP;1;63.6;2;1
2026.02.20 14:30;3026.00000;3038.00000;3012.00000;3022.00000;23.02;21.43;11.49;45.20;52.67;2.615;SOFT_UP;1;65.8;3;1
2026.02.20 14:15;3008.00000;3027.00000;3008.00000;3022.00000;21.92;18.22;13.26;54.07;59.69;2.615;SOFT_UP;1;66.1;3;1
2026.02.20 14:00;3023.00000;3036.00000;3000.00000;3005.00000;22.87;21.02;15.30;58.75;67.31;2.037;SOFT_UP;1;60.8;2;1
2026.02.20 13:45;3019.00000;3048.00000;3013.00000;3024.00000;23.97;24.26;12.10;66.26;73.28;2.683;SOFT_UP;1;67.4;3;1
2026.02.20 13:30;3022.00000;3026.00000;3013.00000;3019.00000;22.51;18.32;13.96;76.92;77.28;2.513;SOFT_UP;1;66.4;3;1
2026.02.20 13:15;3038.00000;3049.00000;3017.00000;3022.00000;23.90;21.14;11.38;76.67;74.11;2.615;SOFT_UP;1;67.6;3;1
2026.02.20 13:00;2975.00000;3038.00000;2969.00000;3038.00000;22.95;19.10;13.13;78.24;69.11;3.158;SOFT_UP;1;71.5;3;1
2026.02.20 12:45;2983.00000;2991.00000;2974.00000;2975.00000;23.63;11.56;15.14;67.44;56.83;1.019;NEUTRE;0;44.5;1;1
2026.02.20 12:30;2991.00000;2991.00000;2976.00000;2982.00000;25.20;13.34;15.66;61.65;42.83;1.256;NEUTRE;0;51.1;2;1
2026.02.20 12:15;2971.00000;2997.00000;2966.00000;2992.00000;27.84;15.39;18.07;41.38;28.36;1.596;NEUTRE;0;58.1;2;1
2026.02.20 12:00;2963.00000;2975.00000;2954.00000;2970.00000;30.89;6.84;20.86;25.45;20.30;0.849;NEUTRE;0;41.1;1;1
2026.02.20 11:45;2978.00000;2978.00000;2957.00000;2963.00000;27.85;7.89;21.87;18.23;23.69;0.611;NEUTRE;0;32.6;1;1
2026.02.20 11:30;2965.00000;2981.00000;2962.00000;2978.00000;24.91;9.10;21.57;17.22;38.63;1.121;NEUTRE;0;50.2;2;1
2026.02.20 11:15;2971.00000;2979.00000;2958.00000;2965.00000;22.49;8.88;24.89;35.61;61.00;0.679;NEUTRE;0;36.6;1;1
2026.02.20 11:00;2995.00000;3001.00000;2967.00000;2971.00000;18.66;10.25;22.12;63.04;79.77;0.883;NEUTRE;0;44.7;1;1
2026.02.20 10:45;3012.00000;3012.00000;2992.00000;2995.00000;15.89;11.82;14.21;84.35;90.07;1.698;NEUTRE;0;62.8;2;1
2026.02.20 10:30;3013.00000;3021.00000;2986.00000;3012.00000;16.92;13.64;16.40;91.92;91.66;2.275;SOFT_UP;1;69.5;3;1
2026.02.20 10:15;3014.00000;3015.00000;2994.00000;3013.00000;18.11;15.74;15.40;93.93;88.83;2.309;SOFT_UP;1;70.2;3;1
2026.02.20 10:00;3007.00000;3019.00000;2987.00000;3013.00000;20.73;18.17;17.77;89.12;82.07;2.309;SOFT_UP;1;70.6;3;1
2026.02.20 09:45;2945.00000;3008.00000;2933.00000;3005.00000;23.76;15.67;20.51;83.45;71.97;2.037;SOFT_UP;1;68.8;3;1
2026.02.19 18:15;2990.00000;2991.00000;2977.00000;2986.00000;25.35;18.08;14.64;73.63;58.64;-8.264;EXPLOSIVE_DOWN;-3;-79.8;-3;1
2026.02.19 18:00;2981.00000;2998.00000;2981.00000;2990.00000;27.64;20.86;12.50;58.82;43.04;-8.141;EXPLOSIVE_DOWN;-3;-79.8;-3;1
2026.02.19 17:45;2970.00000;2983.00000;2970.00000;2980.00000;28.03;11.25;14.42;43.48;31.93;-8.449;EXPLOSIVE_DOWN;-3;-80.3;-3;1
2026.02.19 17:30;2982.00000;2984.00000;2970.00000;2970.00000;30.44;12.99;16.64;26.82;25.21;-8.756;EXPLOSIVE_DOWN;-3;-80.8;-3;1
2026.02.19 17:15;2969.00000;2981.00000;2966.00000;2981.00000;33.23;11.69;19.19;25.49;26.71;-8.418;EXPLOSIVE_DOWN;-3;-80.6;-3;1
2026.02.19 17:00;2975.00000;2983.00000;2967.00000;2968.00000;34.60;13.48;21.12;23.32;29.19;-8.817;EXPLOSIVE_DOWN;-3;-81.1;-3;1
2026.02.19 16:45;2984.00000;2984.00000;2957.00000;2974.00000;36.53;15.56;24.37;31.32;30.97;-8.633;EXPLOSIVE_DOWN;-3;-81;-3;1
2026.02.19 16:30;2991.00000;3000.00000;2972.00000;2985.00000;38.76;17.95;19.88;32.93;32.07;-8.295;EXPLOSIVE_DOWN;-3;-80.8;-3;1
2026.02.19 16:15;2982.00000;3025.00000;2980.00000;2991.00000;43.94;20.71;18.54;28.66;31.33;-8.111;EXPLOSIVE_DOWN;-3;-80.8;-3;1
2026.02.19 16:00;2975.00000;2990.00000;2968.00000;2981.00000;49.84;11.94;21.40;34.62;33.13;-8.418;EXPLOSIVE_DOWN;-3;-81.2;-3;1
2026.02.19 15:45;2993.00000;2995.00000;2974.00000;2975.00000;53.15;13.77;20.49;30.72;28.50;-8.602;EXPLOSIVE_DOWN;-3;-81.5;-3;1
2026.02.19 15:30;2976.00000;3017.00000;2972.00000;2993.00000;58.31;15.89;23.64;34.05;25.19;-8.049;EXPLOSIVE_DOWN;-3;-81.1;-3;1
2026.02.19 15:15;2980.00000;2990.00000;2968.00000;2972.00000;64.26;9.10;27.28;20.74;18.94;-8.694;EXPLOSIVE_DOWN;-3;-81.9;-3;1
2026.02.19 15:00;2976.00000;2984.00000;2967.00000;2981.00000;66.46;6.31;31.48;20.79;15.84;-8.418;EXPLOSIVE_DOWN;-3;-81.8;-3;1
2026.02.19 14:45;2982.00000;3012.00000;2970.00000;2975.00000;66.44;7.28;33.61;15.28;11.59;-8.602;EXPLOSIVE_DOWN;-3;-82.1;-3;1
2026.02.19 14:30;2997.00000;2999.00000;2961.00000;2985.00000;66.75;3.64;38.78;11.44;13.39;-8.295;EXPLOSIVE_DOWN;-3;-81.9;-3;1
2026.02.19 14:15;3000.00000;3021.00000;2992.00000;3000.00000;64.27;4.20;32.51;8.06;20.94;-7.834;EXPLOSIVE_DOWN;-3;-81.6;-3;1
2026.02.19 14:00;3011.00000;3030.00000;2997.00000;3000.00000;62.30;4.84;34.86;20.66;33.47;-7.834;EXPLOSIVE_DOWN;-3;-81.7;-3;1
2026.02.19 13:45;3048.00000;3049.00000;3003.00000;3013.00000;60.25;5.59;37.43;34.08;40.58;-7.435;EXPLOSIVE_DOWN;-3;-81.5;-3;1
2026.02.19 13:30;3042.00000;3083.00000;3041.00000;3044.00000;58.13;6.45;30.48;45.65;39.89;-6.482;EXPLOSIVE_DOWN;-3;-80.4;-3;1
2026.02.19 13:15;3077.00000;3082.00000;3002.00000;3040.00000;57.06;7.08;35.17;42.01;31.52;-6.605;EXPLOSIVE_DOWN;-3;-80.7;-3;1
2026.02.19 13:00;3081.00000;3090.00000;3068.00000;3077.00000;55.61;8.17;27.88;32.02;21.73;-5.469;STRONG_DOWN;-2;-79.1;-3;1
2026.02.19 12:45;3072.00000;3091.00000;3066.00000;3081.00000;55.76;9.43;32.17;20.55;13.68;-5.346;STRONG_DOWN;-2;-79;-3;1
2026.02.19 12:30;3064.00000;3080.00000;3060.00000;3071.00000;55.93;4.11;37.12;12.62;11.08;-5.653;STRONG_DOWN;-2;-79.8;-3;1
2026.02.19 12:15;3084.00000;3084.00000;3052.00000;3064.00000;52.21;4.74;42.84;7.89;11.27;-5.868;STRONG_DOWN;-2;-80.4;-3;1
2026.02.19 12:00;3102.00000;3104.00000;3073.00000;3083.00000;47.93;5.47;39.33;12.75;13.39;-5.284;STRONG_DOWN;-2;-79.6;-3;1
2026.02.19 11:45;3130.00000;3130.00000;3099.00000;3102.00000;43.67;6.31;32.48;13.18;11.13;-4.700;STRONG_DOWN;-2;-78.5;-3;1
2026.02.19 11:30;3150.00000;3150.00000;3105.00000;3130.00000;40.02;7.29;34.50;14.23;8.93;-3.840;STRONG_DOWN;-2;-76.3;-3;1
2026.02.19 11:15;3158.00000;3168.00000;3141.00000;3147.00000;36.15;8.41;27.50;6.00;7.97;-3.318;SOFT_DOWN;-1;-74.6;-3;1
2026.02.19 11:00;3168.00000;3184.00000;3154.00000;3157.00000;33.53;9.70;24.32;6.57;11.32;-3.011;SOFT_DOWN;-1;-73.5;-3;1
2026.02.19 10:45;3186.00000;3189.00000;3163.00000;3169.00000;32.08;11.19;23.44;11.33;16.72;-2.642;SOFT_DOWN;-1;-71.7;-3;1
2026.02.19 10:30;3198.00000;3202.00000;3176.00000;3185.00000;31.57;12.91;19.36;16.07;21.00;-2.151;SOFT_DOWN;-1;-68.4;-3;1
2026.02.19 10:15;3204.00000;3212.00000;3178.00000;3197.00000;33.36;14.90;21.15;22.74;26.69;-1.782;NEUTRE;0;-65;-2;1
2026.02.19 10:00;3215.00000;3225.00000;3187.00000;3204.00000;35.82;17.19;20.34;24.19;38.97;-1.567;NEUTRE;0;-62.6;-2;1
2026.02.19 09:45;3255.00000;3271.00000;3188.00000;3215.00000;40.04;19.84;23.06;33.14;56.04;-1.229;NEUTRE;0;-57.2;-2;1
2026.02.18 18:15;3261.00000;3263.00000;3249.00000;3255.00000;45.05;22.89;15.30;59.57;74.02;-2.865;SOFT_DOWN;-1;-62.6;-2;1
2026.02.18 18:00;3272.00000;3275.00000;3259.00000;3261.00000;48.92;26.41;6.66;75.42;83.82;-2.686;SOFT_DOWN;-1;-61.4;-2;1
2026.02.18 17:45;3269.00000;3274.00000;3260.00000;3273.00000;47.26;30.47;7.69;87.05;90.27;-2.328;SOFT_DOWN;-1;-58.2;-2;1
2026.02.18 17:30;3276.00000;3280.00000;3262.00000;3268.00000;45.35;35.16;6.68;88.98;92.35;-2.477;SOFT_DOWN;-1;-60.2;-2;1
2026.02.18 17:15;3248.00000;3282.00000;3247.00000;3276.00000;41.85;40.57;7.70;94.76;93.07;-2.238;SOFT_DOWN;-1;-58;-2;1
2026.02.18 17:00;3241.00000;3252.00000;3240.00000;3246.00000;37.82;33.99;8.89;93.30;90.14;-3.133;SOFT_DOWN;-1;-66.2;-3;1
2026.02.18 16:45;3231.00000;3242.00000;3218.00000;3242.00000;34.63;26.40;10.25;91.15;85.54;-3.253;SOFT_DOWN;-1;-67.3;-3;1
2026.02.18 16:30;3216.00000;3240.00000;3209.00000;3231.00000;33.18;29.18;11.83;85.95;82.25;-3.581;SOFT_DOWN;-1;-69.5;-3;1
2026.02.18 16:15;3198.00000;3233.00000;3195.00000;3219.00000;31.78;30.20;13.65;79.50;77.42;-3.939;STRONG_DOWN;-2;-71.5;-3;1
2026.02.18 16:00;3181.00000;3199.00000;3176.00000;3196.00000;30.86;21.08;15.75;81.29;70.56;-4.625;STRONG_DOWN;-2;-74.3;-3;1
2026.02.18 15:45;3204.00000;3215.00000;3179.00000;3182.00000;33.39;24.32;16.17;71.47;54.99;-5.043;STRONG_DOWN;-2;-75.8;-3;1
2026.02.18 15:30;3162.00000;3205.00000;3158.00000;3204.00000;35.43;23.79;18.66;58.92;43.32;-4.387;STRONG_DOWN;-2;-74;-3;1
2026.02.18 15:15;3138.00000;3165.00000;3121.00000;3160.00000;39.02;14.35;21.53;34.58;34.82;-5.700;STRONG_DOWN;-2;-77.7;-3;1
2026.02.18 15:00;3122.00000;3150.00000;3110.00000;3137.00000;41.94;11.32;24.84;36.45;35.85;-6.386;EXPLOSIVE_DOWN;-3;-79.2;-3;1
2026.02.18 14:45;3167.00000;3174.00000;3123.00000;3123.00000;42.64;13.06;23.66;33.44;32.19;-6.804;EXPLOSIVE_DOWN;-3;-80;-3;1
2026.02.18 14:30;3124.00000;3210.00000;3114.00000;3166.00000;44.76;15.07;27.30;37.65;30.56;-5.521;STRONG_DOWN;-2;-78;-3;1
2026.02.18 14:15;3166.00000;3172.00000;3103.00000;3123.00000;47.20;11.29;31.50;25.47;27.64;-6.804;EXPLOSIVE_DOWN;-3;-80.3;-3;1
2026.02.18 14:00;3176.00000;3197.00000;3166.00000;3167.00000;47.20;13.03;22.30;28.57;30.26;-5.491;STRONG_DOWN;-2;-78.3;-3;1
2026.02.18 13:45;3173.00000;3178.00000;3167.00000;3175.00000;50.42;5.61;25.73;28.89;35.00;-5.252;STRONG_DOWN;-2;-78;-3;1
2026.02.18 13:30;3178.00000;3178.00000;3154.00000;3172.00000;48.30;6.47;29.69;33.33;38.41;-5.342;STRONG_DOWN;-2;-78.4;-3;1
2026.02.18 13:15;3191.00000;3191.00000;3166.00000;3179.00000;45.85;7.46;26.88;42.77;39.23;-5.133;STRONG_DOWN;-2;-78.2;-3;1
2026.02.18 13:00;3201.00000;3208.00000;3166.00000;3192.00000;44.20;8.61;31.01;39.11;35.19;-4.745;STRONG_DOWN;-2;-77.5;-3;1
2026.02.18 12:45;3195.00000;3218.00000;3178.00000;3201.00000;42.30;9.94;31.39;35.82;31.06;-4.476;STRONG_DOWN;-2;-77;-3;1
2026.02.18 12:30;3210.00000;3212.00000;3166.00000;3184.00000;40.83;9.16;36.21;30.65;29.86;-4.984;STRONG_DOWN;-2;-78.5;-3;1
2026.02.18 12:15;3208.00000;3218.00000;3198.00000;3210.00000;37.93;10.57;31.08;26.72;33.64;-4.208;STRONG_DOWN;-2;-76.7;-3;1
2026.02.18 12:00;3183.00000;3221.00000;3183.00000;3205.00000;36.19;12.19;35.87;32.22;42.99;-4.357;STRONG_DOWN;-2;-77.4;-3;1
2026.02.18 11:45;3231.00000;3232.00000;3167.00000;3183.00000;34.18;14.07;41.38;41.99;44.82;-5.013;STRONG_DOWN;-2;-79.2;-3;1
2026.02.18 11:30;3244.00000;3247.00000;3211.00000;3232.00000;31.86;16.23;37.34;54.76;37.96;-3.551;SOFT_DOWN;-1;-75.3;-3;1
2026.02.18 11:15;3265.00000;3288.00000;3239.00000;3244.00000;30.70;18.73;31.12;37.70;23.04;-3.193;SOFT_DOWN;-1;-74;-3;1
2026.02.18 11:00;3194.00000;3265.00000;3194.00000;3264.00000;31.61;14.39;35.90;21.42;15.07;-2.596;SOFT_DOWN;-1;-71;-3;1
2026.02.18 10:45;3233.00000;3241.00000;3170.00000;3192.00000;29.89;11.55;41.43;10.02;13.41;-4.745;STRONG_DOWN;-2;-79.6;-3;1
2026.02.18 10:30;3267.00000;3276.00000;3228.00000;3233.00000;25.81;13.32;35.23;13.77;18.91;-3.521;SOFT_DOWN;-1;-76.4;-3;1
2026.02.18 10:15;3279.00000;3293.00000;3266.00000;3268.00000;22.84;15.37;28.47;16.43;24.50;-2.477;SOFT_DOWN;-1;-71.4;-3;1
2026.02.18 10:00;3338.00000;3349.00000;3239.00000;3278.00000;21.76;17.74;32.85;26.55;34.87;-2.178;SOFT_DOWN;-1;-69.6;-3;1
2026.02.18 09:45;3351.00000;3372.00000;3344.00000;3344.00000;20.51;20.47;23.22;30.53;35.99;-0.209;NEUTRE;0;-14.8;0;1
2026.02.17 18:15;3385.00000;3412.00000;3384.00000;3412.00000;22.69;23.62;17.74;47.52;36.92;-2.875;SOFT_DOWN;-1;-62.7;-2;1
2026.02.17 18:00;3382.00000;3384.00000;3378.00000;3384.00000;24.00;11.86;20.47;29.91;36.01;-3.672;SOFT_DOWN;-1;-68.3;-3;1
2026.02.17 17:45;3394.00000;3400.00000;3379.00000;3381.00000;23.59;13.69;21.06;33.33;43.90;-3.757;STRONG_DOWN;-2;-69;-3;1
2026.02.17 17:30;3391.00000;3398.00000;3383.00000;3394.00000;23.96;15.80;21.37;44.77;55.32;-3.387;SOFT_DOWN;-1;-67.2;-3;1
2026.02.17 17:15;3392.00000;3392.00000;3385.00000;3390.00000;25.34;12.07;24.66;53.61;63.39;-3.501;SOFT_DOWN;-1;-68.2;-3;1
2026.02.17 17:00;3398.00000;3407.00000;3392.00000;3392.00000;23.97;13.93;13.06;67.59;68.67;-3.444;SOFT_DOWN;-1;-68.2;-3;1
2026.02.17 16:45;3411.00000;3411.00000;3373.00000;3401.00000;27.16;16.07;15.07;68.98;63.26;-3.188;SOFT_DOWN;-1;-66.9;-3;1
2026.02.17 16:30;3396.00000;3423.00000;3381.00000;3412.00000;30.85;18.55;14.24;69.44;52.30;-2.875;SOFT_DOWN;-1;-65;-3;1
2026.02.17 16:15;3397.00000;3403.00000;3374.00000;3395.00000;33.57;14.07;16.43;51.35;32.86;-3.359;SOFT_DOWN;-1;-68.6;-3;1
2026.02.17 16:00;3361.00000;3425.00000;3353.00000;3402.00000;37.55;16.24;18.96;36.11;17.95;-3.160;SOFT_DOWN;-1;-67.6;-3;1
2026.02.17 15:45;3373.00000;3375.00000;3359.00000;3363.00000;42.14;8.05;21.87;11.11;8.61;-4.270;STRONG_DOWN;-2;-73.3;-3;1
2026.02.17 15:30;3366.00000;3389.00000;3361.00000;3371.00000;41.52;9.29;23.31;6.62;7.86;-4.042;STRONG_DOWN;-2;-72.7;-3;1
2026.02.17 15:15;3363.00000;3383.00000;3359.00000;3366.00000;41.29;7.42;26.90;8.08;11.81;-4.184;STRONG_DOWN;-2;-73.5;-3;1
2026.02.17 15:00;3391.00000;3399.00000;3362.00000;3362.00000;38.91;8.57;29.12;8.88;20.51;-4.298;STRONG_DOWN;-2;-74.2;-3;1
2026.02.17 14:45;3390.00000;3400.00000;3369.00000;3389.00000;36.51;9.88;30.68;18.48;36.24;-3.530;SOFT_DOWN;-1;-71.3;-3;1
2026.02.17 14:30;3423.00000;3426.00000;3380.00000;3390.00000;34.23;11.40;29.95;34.18;55.96;-3.501;SOFT_DOWN;-1;-71.4;-3;1
2026.02.17 14:15;3456.00000;3458.00000;3411.00000;3423.00000;32.60;13.16;24.18;56.05;67.34;-2.562;SOFT_DOWN;-1;-65.7;-3;1
2026.02.17 14:00;3451.00000;3483.00000;3439.00000;3455.00000;33.07;15.18;18.74;77.64;62.29;-1.651;NEUTRE;0;-55.4;-2;1
2026.02.17 13:45;3469.00000;3473.00000;3448.00000;3452.00000;36.55;14.02;21.62;68.33;42.29;-1.736;NEUTRE;0;-57.3;-2;1
2026.02.17 13:30;3423.00000;3472.00000;3408.00000;3468.00000;38.89;15.56;24.95;40.91;27.05;-1.281;NEUTRE;0;-49.4;-2;1
2026.02.17 13:15;3408.00000;3433.00000;3397.00000;3422.00000;41.31;8.58;28.79;17.65;23.72;-2.590;SOFT_DOWN;-1;-67.4;-3;1
2026.02.17 13:00;3444.00000;3458.00000;3404.00000;3407.00000;39.35;9.90;30.23;22.59;26.31;-3.017;SOFT_DOWN;-1;-70.7;-3;1
2026.02.17 12:45;3467.00000;3467.00000;3440.00000;3444.00000;37.61;11.43;24.62;30.93;26.43;-1.964;SOFT_DOWN;-1;-62.2;-2;1
2026.02.17 12:30;3452.00000;3467.00000;3449.00000;3467.00000;37.77;13.19;23.28;25.42;21.69;-1.309;NEUTRE;0;-52.2;-2;1
2026.02.17 12:15;3453.00000;3464.00000;3441.00000;3452.00000;39.32;12.65;26.86;22.93;18.35;-1.736;NEUTRE;0;-60.2;-2;1
2026.02.17 12:00;3474.00000;3501.00000;3438.00000;3447.00000;39.84;14.60;30.99;16.71;14.65;-1.879;SOFT_DOWN;-1;-62.6;-2;1
2026.02.17 11:45;3441.00000;3475.00000;3430.00000;3474.00000;40.44;10.49;35.76;15.41;17.48;-1.110;NEUTRE;0;-49.3;-2;1
2026.02.17 11:30;3481.00000;3482.00000;3437.00000;3442.00000;38.25;12.11;38.87;11.82;22.68;-2.021;SOFT_DOWN;-1;-65.2;-3;1
2026.02.17 11:15;3518.00000;3524.00000;3475.00000;3481.00000;36.06;13.97;31.86;25.21;32.82;-0.911;NEUTRE;0;-44.9;-1;1
2026.02.17 11:00;3530.00000;3564.00000;3519.00000;3522.00000;35.61;16.12;22.94;31.00;42.02;0.256;NEUTRE;0;16;0;1
2026.02.17 10:45;3512.00000;3540.00000;3508.00000;3529.00000;38.40;10.39;26.47;42.26;47.34;0.455;NEUTRE;0;27.5;1;1
2026.02.17 10:30;3552.00000;3552.00000;3514.00000;3514.00000;37.60;11.99;27.66;52.80;45.88;0.028;NEUTRE;0;1.9;0;1
2026.02.17 10:15;3567.00000;3571.00000;3538.00000;3552.00000;37.30;13.84;22.20;46.97;33.72;1.110;NEUTRE;0;53.1;2;1
2026.02.17 10:00;3509.00000;3563.00000;3498.00000;3560.00000;39.47;12.24;25.61;37.86;27.84;1.338;NEUTRE;0;58.7;2;1
2026.02.17 09:45;3513.00000;3533.00000;3501.00000;3509.00000;40.11;7.02;29.55;16.33;23.43;-0.114;NEUTRE;0;-8.2;0;1
2026.02.16 13:00;3581.00000;3581.00000;3581.00000;3581.00000;36.80;8.10;18.72;29.33;36.51;0.000;NEUTRE;0;0;0;1
2026.02.16 12:00;3581.00000;3581.00000;3581.00000;3581.00000;36.37;9.35;21.60;24.64;48.18;0.000;NEUTRE;0;0;0;1
2026.02.13 18:15;3582.00000;3582.00000;3573.00000;3579.00000;35.88;10.78;24.92;55.56;63.33;-0.583;NEUTRE;0;-21.5;0;1
2026.02.13 18:00;3595.00000;3598.00000;3581.00000;3582.00000;35.30;12.44;15.08;64.36;63.55;-0.500;NEUTRE;0;-18.9;0;1
2026.02.13 17:45;3585.00000;3596.00000;3585.00000;3595.00000;39.26;14.36;13.78;70.08;61.21;-0.139;NEUTRE;0;-5.5;0;1
2026.02.13 17:30;3586.00000;3587.00000;3582.00000;3585.00000;44.99;3.98;15.89;56.20;50.85;-0.417;NEUTRE;0;-16.4;0;1
2026.02.13 17:15;3583.00000;3588.00000;3579.00000;3586.00000;42.68;4.59;18.34;57.34;47.52;-0.389;NEUTRE;0;-15.5;0;1
2026.02.13 17:00;3590.00000;3594.00000;3579.00000;3583.00000;40.02;5.30;21.16;39.01;41.18;-0.472;NEUTRE;0;-18.9;0;1
2026.02.13 16:45;3567.00000;3594.00000;3559.00000;3590.00000;36.95;6.11;24.42;46.21;48.13;-0.278;NEUTRE;0;-11.6;0;1
2026.02.13 16:30;3602.00000;3604.00000;3567.00000;3567.00000;33.41;7.05;24.66;38.33;51.88;-0.917;NEUTRE;0;-34.4;-1;1
2026.02.13 16:15;3588.00000;3604.00000;3588.00000;3602.00000;30.01;8.14;19.72;59.84;59.51;0.056;NEUTRE;0;2.4;0;1
2026.02.13 16:00;3601.00000;3606.00000;3584.00000;3588.00000;28.23;9.39;22.75;57.46;55.33;-0.333;NEUTRE;0;-14.4;0;1
2026.02.13 15:45;3607.00000;3610.00000;3595.00000;3599.00000;26.18;10.83;18.56;61.22;46.08;-0.028;NEUTRE;0;-1.3;0;1
2026.02.13 15:30;3601.00000;3607.00000;3592.00000;3606.00000;26.16;9.42;21.42;47.30;30.03;0.167;NEUTRE;0;7.6;0;1
2026.02.13 15:15;3599.00000;3604.00000;3572.00000;3601.00000;24.20;7.79;24.71;29.71;21.37;0.028;NEUTRE;0;1.3;0;1
2026.02.13 15:00;3603.00000;3611.00000;3592.00000;3599.00000;19.92;8.99;18.90;13.08;24.52;-0.028;NEUTRE;0;-1.3;0;1
2026.02.13 14:45;3603.00000;3617.00000;3599.00000;3603.00000;17.52;10.38;16.14;21.31;39.32;0.083;NEUTRE;0;4;0;1
2026.02.13 14:30;3621.00000;3622.00000;3598.00000;3603.00000;16.87;11.97;18.62;39.16;55.54;0.083;NEUTRE;0;4;0;1
2026.02.13 14:15;3616.00000;3624.00000;3612.00000;3620.00000;16.12;13.82;12.51;57.50;69.04;0.556;NEUTRE;0;25.7;1;1
2026.02.13 14:00;3622.00000;3638.00000;3611.00000;3616.00000;17.84;15.94;14.43;69.95;79.59;0.444;NEUTRE;0;21.3;0;1
2026.02.13 13:45;3633.00000;3634.00000;3606.00000;3622.00000;19.82;16.11;16.65;79.66;86.71;0.611;NEUTRE;0;28.7;1;1
2026.02.13 13:30;3629.00000;3642.00000;3620.00000;3633.00000;22.62;18.59;11.52;89.16;88.34;0.917;NEUTRE;0;39.9;1;1
2026.02.13 13:15;3629.00000;3636.00000;3604.00000;3629.00000;22.49;17.26;13.30;91.30;83.99;0.806;NEUTRE;0;36.8;1;1
2026.02.13 13:00;3613.00000;3631.00000;3581.00000;3629.00000;23.95;17.51;15.34;84.55;76.61;0.806;NEUTRE;0;37.4;1;1
2026.02.13 12:45;3603.00000;3611.00000;3590.00000;3611.00000;26.62;14.05;17.70;76.11;71.73;0.306;NEUTRE;0;16.5;0;1
2026.02.13 12:30;3604.00000;3607.00000;3581.00000;3600.00000;28.95;13.28;20.43;69.17;64.75;0.000;NEUTRE;0;0;0;1
2026.02.13 12:15;3600.00000;3608.00000;3595.00000;3604.00000;30.14;15.32;15.28;69.92;51.46;0.111;NEUTRE;0;6.4;0;1
2026.02.13 12:00;3603.00000;3614.00000;3592.00000;3601.00000;34.76;17.68;17.64;55.17;32.64;0.028;NEUTRE;0;1.6;0;1
2026.02.13 11:45;3597.00000;3603.00000;3588.00000;3603.00000;40.08;12.71;20.35;29.29;17.80;0.083;NEUTRE;0;5;0;1
2026.02.13 11:30;3580.00000;3601.00000;3574.00000;3598.00000;42.69;12.61;23.48;13.47;13.11;-0.056;NEUTRE;0;-3.4;0;1
2026.02.13 11:15;3583.00000;3588.00000;3575.00000;3580.00000;44.63;7.14;27.09;10.65;19.03;-0.556;NEUTRE;0;-31.3;-1;1
2026.02.13 11:00;3607.00000;3607.00000;3578.00000;3582.00000;42.53;8.24;27.71;15.20;33.47;-0.500;NEUTRE;0;-29.2;-1;1
2026.02.13 10:45;3601.00000;3617.00000;3601.00000;3607.00000;40.75;9.51;19.77;31.25;49.88;0.194;NEUTRE;0;12.5;0;1
2026.02.13 10:30;3629.00000;3636.00000;3601.00000;3603.00000;41.62;10.97;22.81;53.95;59.31;0.083;NEUTRE;0;5.6;0;1
2026.02.13 10:15;3654.00000;3668.00000;3617.00000;3629.00000;42.64;12.66;19.29;64.44;45.83;0.806;NEUTRE;0;44.1;1;1
2026.02.13 10:00;3599.00000;3656.00000;3588.00000;3655.00000;46.01;10.99;22.25;59.52;31.29;1.528;NEUTRE;0;62;2;1
2026.02.13 09:45;3600.00000;3622.00000;3595.00000;3603.00000;47.87;4.99;25.68;13.51;20.50;0.083;NEUTRE;0;6;0;1
2026.02.12 18:15;3615.00000;3624.00000;3601.00000;3601.00000;44.86;5.76;26.21;20.83;24.54;-4.305;STRONG_DOWN;-2;-71;-3;1
2026.02.12 18:00;3624.00000;3627.00000;3615.00000;3616.00000;41.92;6.64;20.88;27.16;22.81;-3.906;STRONG_DOWN;-2;-69.5;-3;1
2026.02.12 17:45;3619.00000;3625.00000;3619.00000;3625.00000;40.41;7.67;18.96;25.62;18.14;-3.667;SOFT_DOWN;-1;-68.5;-3;1
2026.02.12 17:30;3623.00000;3624.00000;3618.00000;3619.00000;40.11;6.28;21.88;15.65;12.23;-3.827;STRONG_DOWN;-2;-69.6;-3;1
2026.02.12 17:15;3618.00000;3627.00000;3618.00000;3623.00000;37.75;7.25;25.25;13.16;8.83;-3.720;STRONG_DOWN;-2;-69.4;-3;1
2026.02.12 17:00;3621.00000;3630.00000;3614.00000;3617.00000;35.04;8.36;29.13;7.89;7.65;-3.880;STRONG_DOWN;-2;-70.4;-3;1
2026.02.12 16:45;3637.00000;3642.00000;3612.00000;3621.00000;31.91;9.65;33.61;5.43;11.68;-3.774;STRONG_DOWN;-2;-70.2;-3;1
2026.02.12 16:30;3645.00000;3647.00000;3636.00000;3637.00000;28.30;11.13;26.47;9.62;22.20;-3.348;SOFT_DOWN;-1;-68.2;-3;1
2026.02.12 16:15;3659.00000;3668.00000;3645.00000;3645.00000;26.38;12.85;17.96;20.00;37.98;-3.136;SOFT_DOWN;-1;-67.2;-3;1
2026.02.12 16:00;3657.00000;3666.00000;3645.00000;3659.00000;27.88;13.49;20.72;36.97;55.36;-2.764;SOFT_DOWN;-1;-64.8;-2;1
2026.02.12 15:45;3665.00000;3690.00000;3656.00000;3657.00000;28.91;15.56;15.85;56.98;69.98;-2.817;SOFT_DOWN;-1;-65.6;-3;1
2026.02.12 15:30;3686.00000;3692.00000;3656.00000;3665.00000;33.22;17.95;18.29;72.12;68.89;-2.604;SOFT_DOWN;-1;-64.2;-2;1
2026.02.12 15:15;3665.00000;3695.00000;3665.00000;3686.00000;38.19;20.72;17.26;80.82;56.19;-2.046;SOFT_DOWN;-1;-58.8;-2;1
2026.02.12 15:00;3659.00000;3670.00000;3656.00000;3665.00000;42.66;11.08;19.91;53.73;36.99;-2.604;SOFT_DOWN;-1;-64.9;-2;1
2026.02.12 14:45;3640.00000;3670.00000;3640.00000;3660.00000;44.84;12.79;22.98;34.01;28.29;-2.737;SOFT_DOWN;-1;-66.4;-3;1
2026.02.12 14:30;3643.00000;3658.00000;3635.00000;3640.00000;47.36;8.60;26.51;23.23;24.41;-3.269;SOFT_DOWN;-1;-70.2;-3;1
2026.02.12 14:15;3657.00000;3658.00000;3631.00000;3643.00000;46.80;9.92;30.59;27.63;29.23;-3.189;SOFT_DOWN;-1;-70.1;-3;1
2026.02.12 14:00;3657.00000;3672.00000;3647.00000;3657.00000;46.15;11.45;26.18;22.38;38.11;-2.817;SOFT_DOWN;-1;-68;-3;1
2026.02.12 13:45;3648.00000;3662.00000;3642.00000;3657.00000;47.22;7.06;30.21;37.68;59.04;-2.817;SOFT_DOWN;-1;-68.4;-3;1
2026.02.12 13:30;3682.00000;3683.00000;3646.00000;3648.00000;44.93;8.15;31.78;54.29;74.16;-3.056;SOFT_DOWN;-1;-70.3;-3;1
2026.02.12 13:15;3678.00000;3685.00000;3672.00000;3682.00000;42.74;9.40;25.86;85.16;83.66;-2.153;SOFT_DOWN;-1;-63.4;-2;1
2026.02.12 13:00;3686.00000;3691.00000;3662.00000;3679.00000;42.13;10.84;29.84;83.04;83.21;-2.232;SOFT_DOWN;-1;-64.7;-2;1
2026.02.12 12:45;3673.00000;3686.00000;3669.00000;3686.00000;41.43;12.51;30.71;82.78;77.44;-2.046;SOFT_DOWN;-1;-63.2;-2;1
2026.02.12 12:30;3675.00000;3686.00000;3647.00000;3673.00000;41.33;14.44;35.44;83.80;64.71;-2.392;SOFT_DOWN;-1;-67;-3;1
2026.02.12 12:15;3686.00000;3688.00000;3673.00000;3674.00000;41.21;16.66;30.64;65.75;43.05;-2.365;SOFT_DOWN;-1;-67.2;-3;1
2026.02.12 12:00;3642.00000;3687.00000;3640.00000;3687.00000;43.00;18.20;35.35;44.58;26.90;-2.020;SOFT_DOWN;-1;-64.2;-2;1
2026.02.12 11:45;3646.00000;3647.00000;3628.00000;3642.00000;44.69;7.90;40.79;18.83;20.02;-3.216;SOFT_DOWN;-1;-73.5;-3;1
2026.02.12 11:30;3669.00000;3669.00000;3645.00000;3646.00000;41.17;9.12;33.30;17.29;19.67;-3.109;SOFT_DOWN;-1;-73.3;-3;1
2026.02.12 11:15;3674.00000;3684.00000;3657.00000;3671.00000;38.73;10.52;31.32;23.94;19.45;-2.445;SOFT_DOWN;-1;-69.5;-3;1
2026.02.12 11:00;3686.00000;3686.00000;3668.00000;3671.00000;37.04;12.14;29.87;17.79;15.31;-2.445;SOFT_DOWN;-1;-69.9;-3;1
2026.02.12 10:45;3679.00000;3690.00000;3676.00000;3686.00000;36.25;14.01;27.63;16.62;12.19;-2.046;SOFT_DOWN;-1;-66.9;-3;1
2026.02.12 10:30;3679.00000;3684.00000;3668.00000;3677.00000;36.79;9.57;31.88;11.54;8.21;-2.285;SOFT_DOWN;-1;-69.5;-3;1
2026.02.12 10:15;3673.00000;3704.00000;3668.00000;3680.00000;34.17;11.04;36.78;8.41;7.78;-2.206;SOFT_DOWN;-1;-69.3;-3;1
2026.02.12 10:00;3694.00000;3695.00000;3663.00000;3671.00000;31.15;8.89;42.44;4.67;24.50;-2.445;SOFT_DOWN;-1;-71.6;-3;1
2026.02.12 09:45;3763.00000;3763.00000;3693.00000;3694.00000;25.88;10.26;34.55;10.26;48.32;-1.834;NEUTRE;0;-66.6;-3;1
2026.02.11 18:15;3774.00000;3775.00000;3762.00000;3763.00000;21.53;11.84;24.70;58.57;72.68;-0.344;NEUTRE;0;-13.1;0;1
2026.02.11 18:00;3775.00000;3776.00000;3769.00000;3774.00000;19.43;13.66;20.21;76.14;81.82;-0.053;NEUTRE;0;-2.1;0;1
2026.02.11 17:45;3772.00000;3775.00000;3770.00000;3774.00000;19.44;15.76;23.32;83.33;83.48;-0.053;NEUTRE;0;-2.1;0;1
2026.02.11 17:30;3776.00000;3776.00000;3769.00000;3771.00000;19.45;18.19;26.91;85.98;68.47;-0.132;NEUTRE;0;-5.3;0;1
2026.02.11 17:15;3777.00000;3780.00000;3774.00000;3777.00000;19.47;20.99;21.44;81.13;46.48;0.026;NEUTRE;0;1.1;0;1
2026.02.11 17:00;3765.00000;3778.00000;3764.00000;3776.00000;22.30;19.09;24.74;38.30;24.51;0.000;NEUTRE;0;0;0;1
2026.02.11 16:45;3747.00000;3770.00000;3744.00000;3765.00000;23.75;13.23;28.54;20.00;18.16;-0.291;NEUTRE;0;-12.1;0;1
2026.02.11 16:30;3762.00000;3768.00000;3747.00000;3747.00000;21.76;15.27;31.16;15.22;16.04;-0.768;NEUTRE;0;-29.8;-1;1
2026.02.11 16:15;3770.00000;3778.00000;3762.00000;3763.00000;19.84;17.61;24.96;19.25;15.88;-0.344;NEUTRE;0;-14.6;0;1
2026.02.11 16:00;3767.00000;3779.00000;3763.00000;3770.00000;20.24;20.32;27.84;13.65;13.61;-0.159;NEUTRE;0;-7;0;1
2026.02.11 15:45;3760.00000;3768.00000;3746.00000;3767.00000;20.95;12.87;32.12;14.73;24.21;-0.238;NEUTRE;0;-10.5;0;1
2026.02.11 15:30;3812.00000;3817.00000;3759.00000;3760.00000;17.59;14.85;27.97;12.45;41.70;-0.424;NEUTRE;0;-18.6;0;1
2026.02.11 15:15;3813.00000;3835.00000;3792.00000;3813.00000;15.59;17.14;23.52;45.45;61.51;0.980;NEUTRE;0;38.4;1;1
2026.02.11 15:00;3862.00000;3862.00000;3808.00000;3812.00000;15.57;19.78;21.42;67.21;68.26;0.953;NEUTRE;0;38;1;1
2026.02.11 14:45;3847.00000;3863.00000;3838.00000;3862.00000;17.35;22.82;16.17;71.88;66.56;2.278;SOFT_UP;1;62.3;2;1
2026.02.11 14:30;3809.00000;3851.00000;3805.00000;3847.00000;17.40;18.95;18.65;65.70;70.76;1.880;SOFT_UP;1;57.9;2;1
2026.02.11 14:15;3837.00000;3843.00000;3805.00000;3810.00000;19.95;19.19;21.52;62.10;77.96;0.900;NEUTRE;0;37.9;1;1
2026.02.11 14:00;3832.00000;3846.00000;3828.00000;3837.00000;22.14;22.14;15.52;84.49;84.02;1.615;NEUTRE;0;54.9;2;1
2026.02.11 13:45;3852.00000;3855.00000;3828.00000;3835.00000;22.84;25.54;17.91;87.28;73.71;1.563;NEUTRE;0;54.5;2;1
2026.02.11 13:30;3806.00000;3852.00000;3788.00000;3852.00000;23.66;27.76;20.67;80.28;56.41;2.013;SOFT_UP;1;61.4;2;1
2026.02.11 13:15;3795.00000;3806.00000;3791.00000;3806.00000;25.04;20.98;23.85;53.59;36.58;0.794;NEUTRE;0;36.4;1;1
2026.02.11 13:00;3789.00000;3807.00000;3782.00000;3794.00000;27.91;24.20;27.52;35.37;22.77;0.477;NEUTRE;0;24.3;0;1
2026.02.11 12:45;3782.00000;3795.00000;3776.00000;3789.00000;31.22;20.54;31.75;20.78;14.52;0.344;NEUTRE;0;18.4;0;1
2026.02.11 12:30;3781.00000;3786.00000;3759.00000;3781.00000;32.73;16.41;36.63;12.16;17.97;0.132;NEUTRE;0;7.4;0;1
2026.02.11 12:15;3812.00000;3815.00000;3780.00000;3781.00000;31.90;18.94;30.30;10.61;34.10;0.132;NEUTRE;0;7.6;0;1
2026.02.11 12:00;3822.00000;3828.00000;3807.00000;3811.00000;33.25;21.85;23.10;31.13;57.53;0.927;NEUTRE;0;43.6;1;1
2026.02.11 11:45;3837.00000;3843.00000;3819.00000;3822.00000;37.94;25.22;17.86;60.56;74.29;1.218;NEUTRE;0;51.9;2;1
2026.02.11 11:30;3841.00000;3852.00000;3837.00000;3837.00000;41.15;29.10;9.07;80.90;81.01;1.615;NEUTRE;0;60;2;1
2026.02.11 11:15;3838.00000;3858.00000;3836.00000;3844.00000;39.41;33.57;10.46;81.42;80.43;1.801;NEUTRE;0;63.1;2;1
2026.02.11 11:00;3813.00000;3841.00000;3813.00000;3838.00000;37.40;26.85;12.07;80.72;78.42;1.642;NEUTRE;0;61.5;2;1
2026.02.11 10:45;3823.00000;3823.00000;3808.00000;3813.00000;37.32;21.09;13.93;79.15;71.95;0.980;NEUTRE;0;48.3;2;1
2026.02.11 10:30;3814.00000;3838.00000;3811.00000;3823.00000;39.91;24.33;13.00;75.41;58.43;1.245;NEUTRE;0;55.6;2;1
2026.02.11 10:15;3784.00000;3818.00000;3778.00000;3814.00000;41.38;16.68;15.00;61.29;45.34;1.006;NEUTRE;0;50.4;2;1
2026.02.11 10:00;3780.00000;3798.00000;3772.00000;3784.00000;46.93;11.56;17.30;38.60;32.91;0.212;NEUTRE;0;14.6;0;1
2026.02.11 09:45;3776.00000;3810.00000;3761.00000;3780.00000;51.09;13.33;19.97;36.14;28.82;0.106;NEUTRE;0;7.6;0;1
2026.02.10 18:15;3782.00000;3783.00000;3777.00000;3777.00000;55.88;6.91;23.04;24.00;21.13;-5.267;STRONG_DOWN;-2;-74.3;-3;1
2026.02.10 18:00;3781.00000;3783.00000;3777.00000;3782.00000;56.19;7.97;26.58;26.32;16.96;-5.142;STRONG_DOWN;-2;-74.1;-3;1
2026.02.10 17:45;3789.00000;3791.00000;3780.00000;3780.00000;56.55;9.20;22.98;13.07;10.12;-5.192;STRONG_DOWN;-2;-74.5;-3;1
2026.02.10 17:30;3776.00000;3788.00000;3776.00000;3787.00000;58.66;6.42;26.52;11.50;8.26;-5.016;STRONG_DOWN;-2;-74.2;-3;1
2026.02.10 17:15;3783.00000;3787.00000;3775.00000;3775.00000;58.29;6.22;30.59;5.79;5.89;-5.317;STRONG_DOWN;-2;-75.2;-3;1
2026.02.10 17:00;3778.00000;3786.00000;3773.00000;3783.00000;57.07;5.89;35.30;7.48;6.25;-5.117;STRONG_DOWN;-2;-74.9;-3;1
2026.02.10 16:45;3797.00000;3814.00000;3776.00000;3779.00000;54.87;6.80;37.18;4.39;11.57;-5.217;STRONG_DOWN;-2;-75.4;-3;1
2026.02.10 16:30;3827.00000;3828.00000;3789.00000;3795.00000;52.69;7.85;37.64;6.88;17.67;-4.816;STRONG_DOWN;-2;-74.5;-3;1
2026.02.10 16:15;3843.00000;3853.00000;3827.00000;3827.00000;50.72;9.05;28.44;23.44;22.33;-4.013;STRONG_DOWN;-2;-71.8;-3;1
2026.02.10 16:00;3862.00000;3864.00000;3838.00000;3842.00000;50.57;10.45;26.31;22.70;16.78;-3.637;SOFT_DOWN;-1;-70.3;-3;1
2026.02.10 15:45;3840.00000;3862.00000;3837.00000;3862.00000;51.71;10.87;30.35;20.86;12.06;-3.135;SOFT_DOWN;-1;-67.8;-3;1
2026.02.10 15:30;3851.00000;3856.00000;3839.00000;3841.00000;52.39;8.85;35.02;6.79;7.78;-3.662;SOFT_DOWN;-1;-71;-3;1
2026.02.10 15:15;3849.00000;3869.00000;3844.00000;3851.00000;51.28;10.21;35.89;8.54;9.24;-3.411;SOFT_DOWN;-1;-70;-3;1
2026.02.10 15:00;3856.00000;3880.00000;3851.00000;3851.00000;50.60;11.79;37.10;8.00;11.52;-3.411;SOFT_DOWN;-1;-70.3;-3;1
2026.02.10 14:45;3866.00000;3866.00000;3845.00000;3856.00000;50.41;6.17;42.81;11.17;14.54;-3.286;SOFT_DOWN;-1;-70;-3;1
2026.02.10 14:30;3877.00000;3894.00000;3866.00000;3866.00000;46.66;7.12;34.01;15.38;16.97;-3.035;SOFT_DOWN;-1;-68.8;-3;1
2026.02.10 14:15;3909.00000;3909.00000;3855.00000;3876.00000;43.78;8.22;39.24;17.06;18.79;-2.784;SOFT_DOWN;-1;-67.4;-3;1
2026.02.10 14:00;3945.00000;3946.00000;3884.00000;3910.00000;40.46;9.48;37.17;18.46;21.76;-1.931;SOFT_DOWN;-1;-59.5;-2;1
2026.02.10 13:45;3960.00000;3960.00000;3941.00000;3944.00000;37.56;10.94;28.74;20.83;22.28;-1.079;NEUTRE;0;-44;-1;1
2026.02.10 13:30;3972.00000;3989.00000;3957.00000;3960.00000;36.43;12.62;20.20;26.00;20.86;-0.677;NEUTRE;0;-31.7;-1;1
2026.02.10 13:15;3965.00000;3991.00000;3956.00000;3973.00000;38.49;14.56;23.31;20.00;16.63;-0.351;NEUTRE;0;-18.1;0;1
2026.02.10 13:00;3960.00000;3969.00000;3953.00000;3965.00000;40.85;7.13;26.90;16.59;17.08;-0.552;NEUTRE;0;-27.6;-1;1
2026.02.10 12:45;3976.00000;3987.00000;3959.00000;3959.00000;38.20;8.23;25.27;13.31;18.78;-0.702;NEUTRE;0;-34.1;-1;1
2026.02.10 12:30;3975.00000;3984.00000;3955.00000;3975.00000;36.26;7.85;29.16;21.35;21.84;-0.301;NEUTRE;0;-16.5;0;1
2026.02.10 12:15;3995.00000;4009.00000;3975.00000;3975.00000;32.98;9.06;23.03;21.69;23.46;-0.301;NEUTRE;0;-16.8;0;1
2026.02.10 12:00;3988.00000;4007.00000;3973.00000;3994.00000;31.35;9.55;26.58;22.47;27.94;0.176;NEUTRE;0;10.2;0;1
2026.02.10 11:45;4023.00000;4023.00000;3966.00000;3988.00000;28.92;11.01;30.66;26.23;41.58;0.025;NEUTRE;0;1.5;0;1
2026.02.10 11:30;4045.00000;4048.00000;4022.00000;4023.00000;26.12;12.71;20.27;35.11;56.02;0.903;NEUTRE;0;44;1;1
2026.02.10 11:15;4041.00000;4053.00000;4036.00000;4046.00000;26.61;14.66;15.10;63.40;69.50;1.480;NEUTRE;0;58.3;2;1
2026.02.10 11:00;4042.00000;4051.00000;4032.00000;4041.00000;30.47;15.11;17.42;69.53;73.76;1.354;NEUTRE;0;56.6;2;1
2026.02.10 10:45;4041.00000;4064.00000;4032.00000;4040.00000;34.07;17.44;20.11;75.56;76.01;1.329;NEUTRE;0;56.7;2;1
2026.02.10 10:30;4041.00000;4056.00000;4035.00000;4042.00000;38.22;16.27;23.20;76.19;70.87;1.379;NEUTRE;0;58.3;2;1
2026.02.10 10:15;4041.00000;4050.00000;4021.00000;4042.00000;41.39;14.38;26.77;76.29;57.55;1.379;NEUTRE;0;58.9;2;1
2026.02.10 10:00;4024.00000;4067.00000;4024.00000;4042.00000;43.13;16.59;29.29;60.14;35.99;1.379;NEUTRE;0;59.5;2;1
2026.02.10 09:45;3987.00000;4036.00000;3962.00000;4024.00000;45.51;8.05;33.80;36.21;18.18;0.928;NEUTRE;0;49.5;2;1
2026.02.09 18:15;4019.00000;4019.00000;3963.00000;3987.00000;43.04;5.76;39.00;11.60;8.02;-4.480;STRONG_DOWN;-2;-71.7;-3;1
2026.02.09 18:00;4020.00000;4032.00000;4015.00000;4017.00000;38.24;6.64;30.72;6.72;6.04;-3.761;STRONG_DOWN;-2;-68.8;-3;1
2026.02.09 17:45;4038.00000;4039.00000;4017.00000;4020.00000;34.21;7.66;33.63;5.74;6.34;-3.690;STRONG_DOWN;-2;-68.7;-3;1
2026.02.09 17:30;4027.00000;4043.00000;4027.00000;4037.00000;29.80;8.84;31.81;5.67;8.15;-3.282;SOFT_DOWN;-1;-66.6;-3;1
2026.02.09 17:15;4051.00000;4053.00000;4025.00000;4027.00000;25.69;10.20;36.71;7.61;11.43;-3.522;SOFT_DOWN;-1;-68.3;-3;1
2026.02.09 17:00;4087.00000;4087.00000;4048.00000;4051.00000;20.95;11.77;29.72;11.16;17.12;-2.947;SOFT_DOWN;-1;-64.9;-2;1
2026.02.09 16:45;4092.00000;4105.00000;4071.00000;4087.00000;17.52;13.59;25.22;15.52;23.94;-2.084;SOFT_DOWN;-1;-56.9;-2;1
2026.02.09 16:30;4106.00000;4118.00000;4086.00000;4091.00000;15.60;15.68;22.31;24.68;31.12;-1.989;SOFT_DOWN;-1;-56;-2;1
2026.02.09 16:15;4128.00000;4140.00000;4102.00000;4108.00000;15.32;18.09;18.05;31.61;34.90;-1.581;NEUTRE;0;-50.1;-2;1
2026.02.09 16:00;4121.00000;4130.00000;4110.00000;4128.00000;17.65;16.82;20.82;37.06;36.83;-1.102;NEUTRE;0;-40.3;-1;1
2026.02.09 15:45;4124.00000;4140.00000;4107.00000;4121.00000;18.74;19.41;24.03;36.04;35.59;-1.270;NEUTRE;0;-44.8;-1;1
2026.02.09 15:30;4131.00000;4137.00000;4105.00000;4124.00000;19.98;21.00;27.72;37.39;40.10;-1.198;NEUTRE;0;-43.6;-1;1
2026.02.09 15:15;4125.00000;4153.00000;4124.00000;4131.00000;20.93;24.23;22.85;33.33;44.15;-1.030;NEUTRE;0;-39.8;-1;1
2026.02.09 15:00;4111.00000;4132.00000;4100.00000;4123.00000;23.70;17.18;26.37;49.57;47.04;-1.222;NEUTRE;0;-45.1;-2;1
2026.02.09 14:45;4168.00000;4170.00000;4107.00000;4112.00000;24.11;19.83;27.06;49.53;33.53;-1.485;NEUTRE;0;-51.1;-2;1
2026.02.09 14:30;4113.00000;4174.00000;4111.00000;4169.00000;25.44;22.88;30.25;42.01;18.28;-0.120;NEUTRE;0;-5.8;0;1
2026.02.09 14:15;4103.00000;4115.00000;4096.00000;4113.00000;27.22;11.99;34.90;9.05;5.71;-1.461;NEUTRE;0;-51.6;-2;1
2026.02.09 14:00;4117.00000;4120.00000;4102.00000;4104.00000;23.89;13.83;35.41;3.79;8.41;-1.677;NEUTRE;0;-55.9;-2;1
2026.02.09 13:45;4133.00000;4136.00000;4117.00000;4117.00000;20.83;15.96;28.04;4.30;21.52;-1.366;NEUTRE;0;-50.7;-2;1
2026.02.09 13:30;4130.00000;4146.00000;4127.00000;4133.00000;19.81;18.42;24.26;17.14;44.13;-0.982;NEUTRE;0;-41.9;-1;1
2026.02.09 13:15;4148.00000;4154.00000;4130.00000;4130.00000;20.75;21.25;25.56;43.10;65.24;-1.054;NEUTRE;0;-44.4;-1;1
2026.02.09 13:00;4178.00000;4185.00000;4147.00000;4150.00000;22.53;24.52;18.59;72.13;74.37;-0.575;NEUTRE;0;-28.6;-1;1
2026.02.09 12:45;4177.00000;4186.00000;4167.00000;4179.00000;23.88;28.29;13.36;80.50;74.77;0.120;NEUTRE;0;6.6;0;1
2026.02.09 12:30;4161.00000;4182.00000;4146.00000;4175.00000;22.04;29.41;15.41;70.48;72.43;0.024;NEUTRE;0;1.4;0;1
2026.02.09 12:15;4148.00000;4167.00000;4128.00000;4159.00000;20.62;27.52;17.78;73.33;71.77;-0.359;NEUTRE;0;-19.8;0;1
2026.02.09 12:00;4162.00000;4183.00000;4147.00000;4148.00000;20.49;31.76;13.02;73.47;57.04;-0.623;NEUTRE;0;-32.6;-1;1
2026.02.09 11:45;4130.00000;4163.00000;4128.00000;4162.00000;17.20;28.10;15.03;68.51;38.01;-0.287;NEUTRE;0;-16.7;0;1
2026.02.09 11:30;4128.00000;4138.00000;4116.00000;4128.00000;15.18;21.43;17.34;29.15;17.34;-1.102;NEUTRE;0;-49.7;-2;1
2026.02.09 11:15;4112.00000;4131.00000;4108.00000;4128.00000;15.90;19.83;20.00;16.36;11.22;-1.102;NEUTRE;0;-50.3;-2;1
2026.02.09 11:00;4118.00000;4119.00000;4098.00000;4110.00000;18.28;14.86;23.08;6.49;9.13;-1.533;NEUTRE;0;-59.8;-2;1
2026.02.09 10:45;4108.00000;4134.00000;4103.00000;4115.00000;17.75;17.14;22.97;10.81;19.45;-1.414;NEUTRE;0;-58.3;-2;1
2026.02.09 10:30;4144.00000;4144.00000;4107.00000;4108.00000;18.25;19.78;24.52;10.09;29.86;-1.581;NEUTRE;0;-61.7;-2;1
2026.02.09 10:15;4160.00000;4168.00000;4116.00000;4143.00000;19.41;22.82;24.55;37.45;50.77;-0.743;NEUTRE;0;-41.8;-1;1
2026.02.09 10:00;4226.00000;4229.00000;4156.00000;4160.00000;21.83;26.33;16.49;42.05;51.23;-0.335;NEUTRE;0;-22.4;0;1
2026.02.09 09:45;4174.00000;4232.00000;4157.00000;4226.00000;21.66;30.38;18.82;72.80;55.82;1.246;NEUTRE;0;57.6;2;1
2026.02.06 18:15;4182.00000;4184.00000;4161.00000;4162.00000;21.37;25.21;21.71;38.83;48.98;1.661;NEUTRE;0;48.3;2;1
2026.02.06 18:00;4179.00000;4182.00000;4176.00000;4182.00000;23.51;29.09;15.02;55.81;52.32;2.149;SOFT_UP;1;55.8;2;1
2026.02.06 17:45;4177.00000;4186.00000;4176.00000;4179.00000;22.22;33.57;17.33;52.28;49.08;2.076;SOFT_UP;1;55.2;2;1
2026.02.06 17:30;4170.00000;4177.00000;4170.00000;4177.00000;20.73;24.88;20.00;48.86;46.49;2.027;SOFT_UP;1;55;2;1
2026.02.06 17:15;4163.00000;4171.00000;4161.00000;4171.00000;22.25;15.52;23.07;46.08;43.16;1.881;SOFT_UP;1;53.3;2;1
2026.02.06 17:00;4179.00000;4183.00000;4161.00000;4162.00000;22.66;17.91;26.62;44.54;37.82;1.661;NEUTRE;0;50.3;2;1
2026.02.06 16:45;4177.00000;4214.00000;4163.00000;4180.00000;23.14;20.67;29.32;38.87;30.81;2.101;SOFT_UP;1;57.1;2;1
2026.02.06 16:30;4176.00000;4186.00000;4120.00000;4177.00000;24.04;15.40;33.83;30.04;34.03;2.027;SOFT_UP;1;56.5;2;1
2026.02.06 16:15;4200.00000;4205.00000;4176.00000;4176.00000;21.98;17.77;25.98;23.53;43.75;2.003;SOFT_UP;1;56.6;2;1
2026.02.06 16:00;4216.00000;4239.00000;4199.00000;4201.00000;22.47;20.51;17.78;48.50;56.52;2.614;SOFT_UP;1;63.6;2;1
2026.02.06 15:45;4225.00000;4233.00000;4209.00000;4215.00000;24.83;23.66;16.67;59.22;64.26;2.956;SOFT_UP;1;66.6;3;1
2026.02.06 15:30;4218.00000;4235.00000;4213.00000;4225.00000;25.98;27.30;16.67;61.83;69.70;3.200;SOFT_UP;1;68.5;3;1
2026.02.06 15:15;4218.00000;4224.00000;4188.00000;4219.00000;26.26;23.81;19.23;71.75;74.56;3.053;SOFT_UP;1;67.9;3;1
2026.02.06 15:00;4233.00000;4234.00000;4207.00000;4217.00000;28.66;27.47;14.07;75.53;74.57;3.004;SOFT_UP;1;67.9;3;1
2026.02.06 14:45;4212.00000;4244.00000;4210.00000;4233.00000;28.11;31.70;14.53;76.39;75.46;3.395;SOFT_UP;1;70.6;3;1
2026.02.06 14:30;4200.00000;4230.00000;4184.00000;4212.00000;26.72;30.24;16.76;71.78;78.12;2.882;SOFT_UP;1;67.8;3;1
2026.02.06 14:15;4200.00000;4206.00000;4181.00000;4200.00000;26.42;26.87;19.34;78.21;82.52;2.589;SOFT_UP;1;65.9;3;1
2026.02.06 14:00;4208.00000;4243.00000;4197.00000;4203.00000;27.97;31.00;12.47;84.36;76.49;2.662;SOFT_UP;1;66.9;3;1
2026.02.06 13:45;4153.00000;4210.00000;4147.00000;4208.00000;25.72;24.73;14.39;84.98;59.63;2.785;SOFT_UP;1;68.2;3;1
2026.02.06 13:30;4125.00000;4160.00000;4121.00000;4154.00000;25.60;16.33;16.60;60.13;42.12;1.466;NEUTRE;0;53.2;2;1
2026.02.06 13:15;4129.00000;4132.00000;4102.00000;4125.00000;29.42;7.79;19.15;33.77;32.97;0.757;NEUTRE;0;35.1;1;1
2026.02.06 13:00;4118.00000;4146.00000;4108.00000;4128.00000;27.46;8.99;19.02;32.47;35.17;0.830;NEUTRE;0;38.2;1;1
2026.02.06 12:45;4141.00000;4141.00000;4110.00000;4118.00000;26.17;8.35;21.95;32.65;42.31;0.586;NEUTRE;0;29.5;1;1
2026.02.06 12:30;4145.00000;4146.00000;4116.00000;4138.00000;23.30;9.64;22.35;40.40;51.71;1.075;NEUTRE;0;46.6;2;1
2026.02.06 12:15;4142.00000;4149.00000;4127.00000;4145.00000;20.77;11.12;20.15;53.89;62.05;1.246;NEUTRE;0;51.4;2;1
2026.02.06 12:00;4152.00000;4161.00000;4139.00000;4139.00000;19.52;12.83;14.85;60.83;68.50;1.099;NEUTRE;0;48.4;2;1
2026.02.06 11:45;4143.00000;4157.00000;4137.00000;4152.00000;21.40;12.01;17.14;71.43;70.52;1.417;NEUTRE;0;56;2;1
2026.02.06 11:30;4152.00000;4166.00000;4136.00000;4143.00000;21.99;13.86;19.78;73.23;62.36;1.197;NEUTRE;0;52;2;1
2026.02.06 11:15;4159.00000;4173.00000;4145.00000;4154.00000;22.66;15.99;18.20;66.91;52.40;1.466;NEUTRE;0;58.1;2;1
2026.02.06 11:00;4124.00000;4164.00000;4118.00000;4159.00000;25.15;13.50;21.00;46.93;44.69;1.588;NEUTRE;0;60.6;2;1
2026.02.06 10:45;4102.00000;4143.00000;4094.00000;4124.00000;25.68;8.56;24.23;43.36;47.79;0.733;NEUTRE;0;40;1;1
2026.02.06 10:30;4148.00000;4148.00000;4090.00000;4102.00000;22.27;9.87;27.96;43.77;50.66;0.195;NEUTRE;0;12.9;0;1
2026.02.06 10:15;4137.00000;4158.00000;4130.00000;4147.00000;18.34;11.39;21.65;56.23;54.36;1.295;NEUTRE;0;57.3;2;1
2026.02.06 10:00;4154.00000;4178.00000;4136.00000;4136.00000;16.38;13.14;21.69;51.97;44.71;1.026;NEUTRE;0;51.6;2;1
2026.02.06 09:45;4094.00000;4167.00000;4071.00000;4151.00000;15.13;11.13;25.02;54.88;38.77;1.392;NEUTRE;0;60.4;2;1
2026.02.05 18:15;4195.00000;4202.00000;4185.00000;4185.00000;11.55;12.85;13.49;27.27;33.75;2.927;SOFT_UP;1;63.1;2;1
2026.02.05 18:00;4192.00000;4201.00000;4192.00000;4195.00000;12.95;14.82;9.23;34.15;38.74;3.173;SOFT_UP;1;65.3;3;1
2026.02.05 17:45;4195.00000;4195.00000;4190.00000;4193.00000;11.36;6.85;10.65;39.83;41.92;3.123;SOFT_UP;1;65.2;3;1
2026.02.05 17:30;4194.00000;4197.00000;4191.00000;4195.00000;9.77;7.90;9.21;42.25;46.29;3.173;SOFT_UP;1;65.9;3;1
2026.02.05 17:15;4187.00000;4197.00000;4187.00000;4195.00000;10.09;9.12;10.63;43.68;51.18;3.173;SOFT_UP;1;66.2;3;1
2026.02.05 17:00;4193.00000;4198.00000;4185.00000;4187.00000;10.46;10.52;12.27;52.94;52.58;2.976;SOFT_UP;1;65.1;3;1
2026.02.05 16:45;4218.00000;4218.00000;4186.00000;4192.00000;10.90;12.14;12.97;56.92;49.99;3.099;SOFT_UP;1;66.3;3;1
2026.02.05 16:30;4199.00000;4218.00000;4188.00000;4218.00000;12.06;14.01;14.00;47.87;49.88;3.738;STRONG_UP;2;70.3;3;1
2026.02.05 16:15;4178.00000;4214.00000;4166.00000;4199.00000;13.92;14.11;16.16;45.16;59.14;3.271;SOFT_UP;1;68;3;1
2026.02.05 16:00;4214.00000;4223.00000;4175.00000;4178.00000;15.02;16.28;15.76;56.59;68.70;2.755;SOFT_UP;1;64.8;2;1
2026.02.05 15:45;4215.00000;4231.00000;4199.00000;4214.00000;17.08;18.79;10.49;75.68;68.06;3.640;SOFT_UP;1;70.6;3;1
2026.02.05 15:30;4206.00000;4220.00000;4201.00000;4214.00000;15.35;16.39;12.10;73.84;61.07;3.640;SOFT_UP;1;70.9;3;1
2026.02.05 15:15;4195.00000;4223.00000;4186.00000;4204.00000;15.39;18.91;13.97;54.66;52.64;3.394;SOFT_UP;1;70;3;1
2026.02.05 15:00;4176.00000;4204.00000;4173.00000;4195.00000;15.45;13.92;16.11;54.72;51.18;3.173;SOFT_UP;1;69;3;1
2026.02.05 14:45;4203.00000;4212.00000;4168.00000;4175.00000;16.70;16.06;18.59;48.54;46.91;2.681;SOFT_UP;1;65.9;3;1
2026.02.05 14:30;4191.00000;4203.00000;4162.00000;4203.00000;18.14;15.38;21.45;50.27;44.10;3.369;SOFT_UP;1;70.7;3;1
2026.02.05 14:15;4184.00000;4199.00000;4177.00000;4191.00000;18.40;17.75;19.13;41.92;44.95;3.074;SOFT_UP;1;69.4;3;1
2026.02.05 14:00;4182.00000;4200.00000;4162.00000;4184.00000;20.66;20.48;22.07;40.09;53.63;2.902;SOFT_UP;1;68.6;3;1
2026.02.05 13:45;4179.00000;4201.00000;4177.00000;4182.00000;23.26;23.63;19.39;52.84;63.99;2.853;SOFT_UP;1;68.6;3;1
2026.02.05 13:30;4206.00000;4221.00000;4177.00000;4179.00000;25.32;27.27;22.38;67.95;62.98;2.779;SOFT_UP;1;68.5;3;1
2026.02.05 13:15;4218.00000;4224.00000;4203.00000;4206.00000;27.70;31.46;16.73;71.19;49.55;3.443;SOFT_UP;1;72.6;3;1
2026.02.05 13:00;4193.00000;4218.00000;4185.00000;4218.00000;27.26;31.91;19.30;49.80;37.35;3.738;STRONG_UP;2;74.2;3;1
2026.02.05 12:45;4157.00000;4194.00000;4150.00000;4193.00000;27.67;25.63;22.27;27.66;41.30;3.123;SOFT_UP;1;71.7;3;1
2026.02.05 12:30;4179.00000;4179.00000;4148.00000;4157.00000;30.84;24.32;25.70;34.58;60.68;2.238;SOFT_UP;1;65.6;3;1
2026.02.05 12:15;4223.00000;4227.00000;4168.00000;4179.00000;35.17;28.06;19.72;61.66;79.38;2.779;SOFT_UP;1;70.3;3;1
2026.02.05 12:00;4223.00000;4223.00000;4204.00000;4223.00000;37.89;32.38;13.37;85.79;89.81;3.861;STRONG_UP;2;75.8;3;1
2026.02.05 11:45;4216.00000;4233.00000;4211.00000;4223.00000;37.33;37.36;9.76;90.70;92.60;3.861;STRONG_UP;2;76.1;3;1
2026.02.05 11:30;4213.00000;4223.00000;4212.00000;4216.00000;34.06;36.12;11.26;92.94;94.10;3.689;STRONG_UP;2;75.8;3;1
2026.02.05 11:15;4193.00000;4218.00000;4192.00000;4215.00000;31.23;34.68;12.99;94.17;95.59;3.665;SOFT_UP;1;76;3;1
2026.02.05 11:00;4175.00000;4202.00000;4169.00000;4193.00000;29.03;30.55;14.99;95.18;96.44;3.123;SOFT_UP;1;74;3;1
2026.02.05 10:45;4177.00000;4181.00000;4169.00000;4174.00000;28.25;25.46;17.30;97.42;95.74;2.656;SOFT_UP;1;71.8;3;1
2026.02.05 10:30;4172.00000;4180.00000;4161.00000;4177.00000;29.65;28.10;19.96;96.71;84.86;2.730;SOFT_UP;1;72.7;3;1
2026.02.05 10:15;4129.00000;4173.00000;4129.00000;4172.00000;31.61;26.75;23.03;93.08;64.81;2.607;SOFT_UP;1;72.3;3;1
2026.02.05 10:00;4090.00000;4142.00000;4084.00000;4132.00000;35.33;20.03;26.58;64.77;37.18;1.623;NEUTRE;0;63.4;2;1
2026.02.05 09:45;4066.00000;4101.00000;4062.00000;4088.00000;38.60;12.24;30.66;36.59;28.06;0.541;NEUTRE;0;34.3;1;1
2026.02.04 18:15;4065.00000;4067.00000;4023.00000;4031.00000;37.93;6.64;35.38;10.18;35.19;-4.456;STRONG_DOWN;-2;-71.6;-3;1
2026.02.04 18:00;4074.00000;4076.00000;4064.00000;4066.00000;33.25;7.67;26.49;37.42;55.97;-3.626;SOFT_DOWN;-1;-68;-3;1
2026.02.04 17:45;4090.00000;4092.00000;4074.00000;4074.00000;29.88;8.85;17.74;57.97;69.58;-3.437;SOFT_DOWN;-1;-67.2;-3;1
2026.02.04 17:30;4083.00000;4091.00000;4079.00000;4090.00000;29.33;10.21;16.20;72.52;76.27;-3.058;SOFT_DOWN;-1;-65.1;-3;1
2026.02.04 17:15;4095.00000;4107.00000;4082.00000;4082.00000;30.35;11.78;14.85;78.25;72.18;-3.247;SOFT_DOWN;-1;-66.7;-3;1
2026.02.04 17:00;4100.00000;4103.00000;4075.00000;4095.00000;33.25;11.13;17.13;78.04;60.20;-2.939;SOFT_DOWN;-1;-64.8;-2;1
2026.02.04 16:45;4091.00000;4100.00000;4067.00000;4100.00000;35.10;11.19;19.77;60.26;41.75;-2.821;SOFT_DOWN;-1;-64.3;-2;1
2026.02.04 16:30;4049.00000;4113.00000;4041.00000;4090.00000;36.24;12.91;22.81;42.31;29.93;-3.058;SOFT_DOWN;-1;-66.3;-3;1
2026.02.04 16:15;4069.00000;4080.00000;4018.00000;4049.00000;37.55;7.85;26.32;22.68;26.62;-4.029;STRONG_DOWN;-2;-71.9;-3;1
2026.02.04 16:00;4073.00000;4081.00000;4052.00000;4070.00000;35.01;9.06;21.93;24.81;33.05;-3.532;SOFT_DOWN;-1;-69.8;-3;1
2026.02.04 15:45;4099.00000;4105.00000;4060.00000;4072.00000;34.01;10.45;21.06;32.37;41.84;-3.484;SOFT_DOWN;-1;-69.8;-3;1
2026.02.04 15:30;4109.00000;4124.00000;4064.00000;4098.00000;34.06;12.06;22.93;41.96;51.79;-2.868;SOFT_DOWN;-1;-66.3;-3;1
2026.02.04 15:15;4105.00000;4114.00000;4065.00000;4109.00000;34.53;11.35;26.46;51.19;56.57;-2.607;SOFT_DOWN;-1;-64.6;-2;1
2026.02.04 15:00;4120.00000;4126.00000;4097.00000;4104.00000;33.69;13.10;20.48;62.23;56.62;-2.726;SOFT_DOWN;-1;-65.9;-3;1
2026.02.04 14:45;4149.00000;4149.00000;4089.00000;4120.00000;35.49;15.11;23.63;56.30;46.09;-2.347;SOFT_DOWN;-1;-63;-2;1
2026.02.04 14:30;4115.00000;4159.00000;4108.00000;4149.00000;37.57;17.44;22.39;51.34;34.06;-1.659;NEUTRE;0;-54.6;-2;1
2026.02.04 14:15;4131.00000;4135.00000;4092.00000;4115.00000;41.43;12.88;25.84;30.63;19.19;-2.465;SOFT_DOWN;-1;-64.9;-2;1
2026.02.04 14:00;4070.00000;4135.00000;4062.00000;4131.00000;42.66;14.86;29.81;20.20;12.54;-2.086;SOFT_DOWN;-1;-61.4;-2;1
2026.02.04 13:45;4086.00000;4092.00000;4055.00000;4070.00000;44.07;8.08;34.40;6.75;10.44;-3.532;SOFT_DOWN;-1;-72.5;-3;1
2026.02.04 13:30;4169.00000;4177.00000;4078.00000;4086.00000;41.32;9.33;30.13;10.67;15.83;-3.152;SOFT_DOWN;-1;-70.8;-3;1
2026.02.04 13:15;4197.00000;4218.00000;4165.00000;4169.00000;39.56;10.76;21.24;13.92;20.14;-1.185;NEUTRE;0;-47.8;-2;1
2026.02.04 13:00;4192.00000;4203.00000;4176.00000;4196.00000;40.61;8.06;24.51;22.89;28.34;-0.545;NEUTRE;0;-27.3;-1;1
2026.02.04 12:45;4214.00000;4222.00000;4189.00000;4192.00000;39.09;9.30;20.88;23.61;29.04;-0.640;NEUTRE;0;-31.7;-1;1
2026.02.04 12:30;4214.00000;4238.00000;4210.00000;4213.00000;39.21;10.74;14.30;38.52;28.53;-0.142;NEUTRE;0;-8;0;1
2026.02.04 12:15;4219.00000;4231.00000;4211.00000;4214.00000;43.05;8.54;16.50;25.00;23.11;-0.119;NEUTRE;0;-6.8;0;1
2026.02.04 12:00;4203.00000;4243.00000;4200.00000;4219.00000;44.78;9.85;19.04;22.06;22.78;0.000;NEUTRE;0;0;0;1
2026.02.04 11:45;4219.00000;4227.00000;4198.00000;4203.00000;46.79;5.65;21.96;22.27;23.47;-0.379;NEUTRE;0;-21.7;0;1
2026.02.04 11:30;4232.00000;4238.00000;4199.00000;4218.00000;44.89;6.52;24.81;24.00;27.97;-0.024;NEUTRE;0;-1.5;0;1
2026.02.04 11:15;4215.00000;4239.00000;4209.00000;4232.00000;42.81;7.52;24.68;24.14;36.15;0.308;NEUTRE;0;18.6;0;1
2026.02.04 11:00;4232.00000;4234.00000;4203.00000;4215.00000;41.20;6.11;28.48;35.77;49.84;-0.095;NEUTRE;0;-6.1;0;1
2026.02.04 10:45;4276.00000;4276.00000;4229.00000;4232.00000;37.59;7.05;19.96;48.55;61.11;0.308;NEUTRE;0;19.4;0;1
2026.02.04 10:30;4257.00000;4280.00000;4246.00000;4274.00000;36.01;8.13;17.47;65.22;69.23;1.304;NEUTRE;0;56.8;2;1
2026.02.04 10:15;4279.00000;4282.00000;4251.00000;4258.00000;35.95;9.39;17.89;69.57;66.05;0.924;NEUTRE;0;48;2;1
2026.02.04 10:00;4286.00000;4293.00000;4258.00000;4278.00000;36.68;10.83;17.17;72.90;46.45;1.398;NEUTRE;0;59.8;2;1
2026.02.04 09:45;4219.00000;4302.00000;4210.00000;4286.00000;38.84;12.50;19.81;55.70;24.87;1.588;NEUTRE;0;63.5;2;1
2026.02.03 18:15;4248.00000;4261.00000;4248.00000;4260.00000;41.33;7.56;22.86;10.74;9.62;-0.653;NEUTRE;0;-23.8;0;1
2026.02.03 18:00;4250.00000;4259.00000;4248.00000;4248.00000;39.95;6.36;26.38;8.16;10.94;-0.933;NEUTRE;0;-32.5;-1;1
2026.02.03 17:45;4266.00000;4266.00000;4248.00000;4249.00000;36.69;7.34;30.44;9.95;11.04;-0.910;NEUTRE;0;-32.3;-1;1
2026.02.03 17:30;4262.00000;4268.00000;4256.00000;4265.00000;32.93;8.47;28.28;14.72;11.06;-0.536;NEUTRE;0;-20.7;0;1
2026.02.03 17:15;4278.00000;4278.00000;4254.00000;4262.00000;29.70;9.77;32.63;8.46;8.02;-0.606;NEUTRE;0;-23.4;0;1
2026.02.03 17:00;4271.00000;4284.00000;4262.00000;4277.00000;25.97;11.27;32.52;10.00;10.03;-0.257;NEUTRE;0;-10.5;0;1
2026.02.03 16:45;4292.00000;4303.00000;4271.00000;4271.00000;22.50;13.01;31.23;5.61;15.21;-0.396;NEUTRE;0;-16.2;0;1
2026.02.03 16:30;4308.00000;4310.00000;4276.00000;4291.00000;19.62;15.01;33.64;14.48;29.10;0.070;NEUTRE;0;3;0;1
2026.02.03 16:15;4331.00000;4344.00000;4306.00000;4308.00000;16.75;17.32;25.24;25.56;45.28;0.466;NEUTRE;0;19.4;0;1
2026.02.03 16:00;4344.00000;4347.00000;4313.00000;4329.00000;16.46;19.98;26.28;47.25;59.83;0.956;NEUTRE;0;36.3;1;1
2026.02.03 15:45;4365.00000;4368.00000;4328.00000;4344.00000;16.89;23.05;23.54;63.02;63.01;1.306;NEUTRE;0;45.6;2;1
2026.02.03 15:30;4369.00000;4394.00000;4363.00000;4365.00000;19.33;26.60;13.70;69.23;58.10;1.796;NEUTRE;0;55;2;1
2026.02.03 15:15;4339.00000;4386.00000;4337.00000;4367.00000;17.38;26.72;15.81;56.77;49.41;1.842;NEUTRE;0;56.1;2;1
2026.02.03 15:00;4326.00000;4340.00000;4303.00000;4339.00000;16.11;16.39;18.24;48.30;53.53;1.189;NEUTRE;0;44.3;1;1
2026.02.03 14:45;4340.00000;4351.00000;4321.00000;4327.00000;17.77;18.91;13.56;43.17;61.99;0.910;NEUTRE;0;37.2;1;1
2026.02.03 14:30;4332.00000;4363.00000;4320.00000;4340.00000;17.96;21.82;15.65;69.13;75.49;1.213;NEUTRE;0;45.9;2;1
2026.02.03 14:15;4339.00000;4340.00000;4320.00000;4330.00000;18.19;16.95;18.06;73.67;80.30;0.979;NEUTRE;0;40.2;1;1
2026.02.03 14:00;4328.00000;4361.00000;4328.00000;4339.00000;20.51;19.56;14.68;83.68;85.72;1.189;NEUTRE;0;46.3;2;1
2026.02.03 13:45;4342.00000;4367.00000;4318.00000;4328.00000;21.47;22.56;16.94;83.56;80.39;0.933;NEUTRE;0;39.9;1;1
2026.02.03 13:30;4310.00000;4353.00000;4300.00000;4342.00000;22.58;21.64;19.54;89.92;69.28;1.259;NEUTRE;0;49;2;1
2026.02.03 13:15;4314.00000;4333.00000;4300.00000;4310.00000;25.27;19.16;22.55;67.69;41.71;0.513;NEUTRE;0;25.5;1;1
2026.02.03 13:00;4208.00000;4320.00000;4203.00000;4314.00000;27.91;16.05;26.02;50.22;24.07;0.606;NEUTRE;0;29.9;1;1
2026.02.03 12:45;4255.00000;4264.00000;4206.00000;4208.00000;28.56;11.16;30.02;7.23;13.51;-1.866;SOFT_DOWN;-1;-61;-2;1
2026.02.03 12:30;4263.00000;4264.00000;4254.00000;4254.00000;25.91;12.87;21.91;14.75;16.13;-0.793;NEUTRE;0;-38;-1;1
2026.02.03 12:15;4269.00000;4281.00000;4263.00000;4264.00000;25.89;14.85;11.43;18.55;15.31;-0.560;NEUTRE;0;-29.4;-1;1
2026.02.03 12:00;4273.00000;4284.00000;4258.00000;4271.00000;27.88;17.14;13.19;15.09;14.77;-0.396;NEUTRE;0;-22.1;0;1
2026.02.03 11:45;4261.00000;4280.00000;4254.00000;4273.00000;30.16;17.41;15.22;12.28;25.35;-0.350;NEUTRE;0;-20.1;0;1
2026.02.03 11:30;4263.00000;4281.00000;4255.00000;4261.00000;33.77;20.09;16.97;16.93;45.10;-0.630;NEUTRE;0;-34;-1;1
2026.02.03 11:15;4312.00000;4312.00000;4254.00000;4263.00000;37.67;23.18;19.58;46.84;63.24;-0.583;NEUTRE;0;-32.5;-1;1
2026.02.03 11:00;4345.00000;4349.00000;4304.00000;4312.00000;42.18;26.74;9.33;71.53;70.73;0.560;NEUTRE;0;32.1;1;1
2026.02.03 10:45;4307.00000;4349.00000;4304.00000;4346.00000;41.24;30.86;10.77;71.35;72.71;1.353;NEUTRE;0;57.2;2;1
2026.02.03 10:30;4289.00000;4314.00000;4287.00000;4308.00000;40.16;23.64;12.42;69.30;76.25;0.466;NEUTRE;0;28.7;1;1
2026.02.03 10:15;4320.00000;4327.00000;4285.00000;4289.00000;41.55;27.27;14.34;77.48;80.32;0.023;NEUTRE;0;1.6;0;1
2026.02.03 10:00;4332.00000;4348.00000;4313.00000;4319.00000;43.16;31.47;6.28;81.97;72.38;0.723;NEUTRE;0;41.7;1;1
2026.02.03 09:45;4288.00000;4335.00000;4271.00000;4332.00000;39.54;30.60;7.25;81.52;70.69;1.026;NEUTRE;0;52.3;2;1
2026.02.02 18:15;4230.00000;4236.00000;4209.00000;4217.00000;36.14;22.40;8.37;53.64;67.31;3.459;SOFT_UP;1;66.8;3;1
2026.02.02 18:00;4218.00000;4228.00000;4216.00000;4228.00000;34.68;21.29;9.65;76.92;72.10;3.729;STRONG_UP;2;68.6;3;1
2026.02.02 17:45;4232.00000;4234.00000;4216.00000;4218.00000;34.23;24.56;11.14;71.36;66.36;3.484;SOFT_UP;1;67.5;3;1
2026.02.02 17:30;4214.00000;4238.00000;4214.00000;4232.00000;33.71;28.34;12.85;68.02;61.48;3.827;STRONG_UP;2;69.6;3;1
2026.02.02 17:15;4211.00000;4226.00000;4209.00000;4214.00000;33.12;25.01;14.83;59.70;59.68;3.386;SOFT_UP;1;67.5;3;1
2026.02.02 17:00;4216.00000;4223.00000;4209.00000;4211.00000;34.28;26.14;17.11;56.72;64.11;3.312;SOFT_UP;1;67.4;3;1
2026.02.02 16:45;4204.00000;4227.00000;4186.00000;4216.00000;36.35;30.16;19.75;62.64;70.94;3.435;SOFT_UP;1;68.4;3;1
2026.02.02 16:30;4224.00000;4224.00000;4163.00000;4204.00000;38.73;33.67;22.78;72.98;72.98;3.140;SOFT_UP;1;66.9;3;1
2026.02.02 16:15;4225.00000;4249.00000;4214.00000;4225.00000;41.72;38.85;13.63;77.19;68.05;3.656;SOFT_UP;1;70.2;3;1
2026.02.02 16:00;4186.00000;4233.00000;4169.00000;4225.00000;40.74;37.80;15.73;68.77;64.98;3.656;SOFT_UP;1;70.4;3;1
2026.02.02 15:45;4172.00000;4188.00000;4158.00000;4187.00000;40.67;32.80;18.15;58.18;65.52;2.723;SOFT_UP;1;64.8;2;1
2026.02.02 15:30;4186.00000;4200.00000;4165.00000;4172.00000;42.50;37.84;17.35;67.97;72.79;2.355;SOFT_UP;1;61.9;2;1
2026.02.02 15:15;4186.00000;4220.00000;4186.00000;4186.00000;43.33;43.66;10.79;70.41;77.46;2.699;SOFT_UP;1;65.4;3;1
2026.02.02 15:00;4135.00000;4194.00000;4130.00000;4186.00000;40.71;38.62;12.45;80.00;83.65;2.699;SOFT_UP;1;65.7;3;1
2026.02.02 14:45;4169.00000;4171.00000;4129.00000;4135.00000;39.09;39.03;14.37;81.96;79.32;1.447;NEUTRE;0;50.4;2;1
2026.02.02 14:30;4153.00000;4180.00000;4139.00000;4169.00000;38.00;45.03;12.92;89.00;65.21;2.282;SOFT_UP;1;62.7;2;1
2026.02.02 14:15;4128.00000;4154.00000;4127.00000;4153.00000;35.31;42.21;14.90;67.01;44.91;1.889;SOFT_UP;1;58.5;2;1
2026.02.02 14:00;4097.00000;4129.00000;4097.00000;4128.00000;33.39;34.45;17.20;39.61;37.18;1.276;NEUTRE;0;48.3;2;1
2026.02.02 13:45;4080.00000;4101.00000;4076.00000;4097.00000;33.39;26.29;19.84;28.10;46.66;0.515;NEUTRE;0;24.8;0;1
2026.02.02 13:30;4099.00000;4103.00000;4061.00000;4080.00000;36.37;30.34;22.89;43.82;65.88;0.098;NEUTRE;0;5.1;0;1
2026.02.02 13:15;4134.00000;4148.00000;4091.00000;4098.00000;39.82;35.01;15.43;68.05;81.61;0.540;NEUTRE;0;26.6;1;1
2026.02.02 13:00;4149.00000;4149.00000;4093.00000;4135.00000;39.97;40.39;17.26;85.78;90.12;1.447;NEUTRE;0;53.9;2;1
2026.02.02 12:45;4146.00000;4171.00000;4131.00000;4149.00000;39.95;46.61;9.48;91.00;90.33;1.791;NEUTRE;0;60;2;1
2026.02.02 12:30;4080.00000;4153.00000;4075.00000;4147.00000;35.91;46.85;10.93;93.60;84.25;1.742;NEUTRE;0;59.8;2;1
2026.02.02 12:15;4070.00000;4092.00000;4060.00000;4083.00000;31.87;42.03;12.62;86.40;74.34;0.172;NEUTRE;0;9.8;0;1
2026.02.02 12:00;4036.00000;4077.00000;4036.00000;4071.00000;28.49;41.29;14.56;72.76;66.93;-0.123;NEUTRE;0;-7.2;0;1
2026.02.02 11:45;4010.00000;4039.00000;4007.00000;4036.00000;25.51;33.38;16.80;63.86;62.24;-0.981;NEUTRE;0;-45.8;-2;1
2026.02.02 11:30;4017.00000;4018.00000;4002.00000;4010.00000;24.35;28.42;19.38;64.17;53.24;-1.619;NEUTRE;0;-60;-2;1
2026.02.02 11:15;4024.00000;4026.00000;3996.00000;4016.00000;25.18;32.79;22.36;58.68;38.68;-1.472;NEUTRE;0;-58.2;-2;1
2026.02.02 11:00;4021.00000;4055.00000;4013.00000;4024.00000;26.15;37.83;17.08;36.86;23.01;-1.276;NEUTRE;0;-55;-2;1
2026.02.02 10:45;3986.00000;4025.00000;3982.00000;4021.00000;24.36;32.67;19.71;20.50;13.26;-1.349;NEUTRE;0;-57.1;-2;1
2026.02.02 10:30;3968.00000;3988.00000;3952.00000;3988.00000;24.30;24.45;22.75;11.67;11.17;-2.159;SOFT_DOWN;-1;-68.4;-3;1
2026.02.02 10:15;3974.00000;3976.00000;3946.00000;3968.00000;27.49;23.09;26.24;7.59;16.28;-2.650;SOFT_DOWN;-1;-72.6;-3;1
2026.02.02 10:00;4021.00000;4027.00000;3949.00000;3975.00000;30.73;26.64;28.74;14.26;39.94;-2.478;SOFT_DOWN;-1;-71.9;-3;1
2026.02.02 09:45;4076.00000;4108.00000;4019.00000;4024.00000;34.87;30.74;19.36;26.98;56.25;-1.276;NEUTRE;0;-58.2;-2;1
2026.01.30 18:15;4194.00000;4204.00000;4192.00000;4204.00000;36.74;35.47;7.95;78.57;64.15;0.670;NEUTRE;0;24.3;0;1
2026.01.30 18:00;4182.00000;4193.00000;4180.00000;4193.00000;32.65;26.82;9.17;63.20;55.25;0.407;NEUTRE;0;15.6;0;1
2026.01.30 17:45;4179.00000;4187.00000;4178.00000;4182.00000;30.13;23.85;10.59;50.68;55.57;0.144;NEUTRE;0;5.7;0;1
2026.01.30 17:30;4172.00000;4181.00000;4171.00000;4180.00000;28.84;17.26;12.21;51.88;66.16;0.096;NEUTRE;0;3.9;0;1
2026.01.30 17:15;4178.00000;4179.00000;4167.00000;4171.00000;30.64;16.84;14.09;64.16;75.99;-0.120;NEUTRE;0;-4.9;0;1
2026.01.30 17:00;4196.00000;4197.00000;4175.00000;4178.00000;33.99;19.43;6.00;82.45;78.73;0.048;NEUTRE;0;2;0;1
2026.01.30 16:45;4184.00000;4202.00000;4157.00000;4195.00000;31.10;22.41;6.93;81.35;70.42;0.455;NEUTRE;0;18.5;0;1
2026.01.30 16:30;4153.00000;4186.00000;4152.00000;4184.00000;27.77;20.39;7.99;72.40;62.66;0.192;NEUTRE;0;8.2;0;1
2026.01.30 16:15;4155.00000;4179.00000;4149.00000;4153.00000;25.32;20.36;9.22;57.53;54.84;-0.551;NEUTRE;0;-22.7;0;1
2026.01.30 16:00;4153.00000;4169.00000;4145.00000;4156.00000;23.42;18.37;10.64;58.06;54.02;-0.479;NEUTRE;0;-20.2;0;1
2026.01.30 15:45;4155.00000;4164.00000;4139.00000;4152.00000;22.93;17.99;12.28;48.92;50.29;-0.575;NEUTRE;0;-24.2;0;1
2026.01.30 15:30;4139.00000;4180.00000;4118.00000;4154.00000;23.56;20.76;14.17;55.06;45.88;-0.527;NEUTRE;0;-22.7;0;1
2026.01.30 15:15;4159.00000;4180.00000;4138.00000;4139.00000;24.28;23.95;11.39;46.88;34.67;-0.886;NEUTRE;0;-35.6;-1;1
2026.01.30 15:00;4161.00000;4161.00000;4133.00000;4159.00000;22.55;20.67;13.14;35.71;27.89;-0.407;NEUTRE;0;-18.5;0;1
2026.01.30 14:45;4133.00000;4161.00000;4118.00000;4161.00000;22.59;23.85;15.16;21.41;31.96;-0.359;NEUTRE;0;-16.7;0;1
2026.01.30 14:30;4129.00000;4150.00000;4122.00000;4133.00000;22.64;23.59;17.49;26.56;47.19;-1.030;NEUTRE;0;-41.2;-1;1
2026.01.30 14:15;4147.00000;4159.00000;4126.00000;4127.00000;23.85;27.22;17.99;47.91;65.50;-1.173;NEUTRE;0;-45.4;-2;1
2026.01.30 14:00;4167.00000;4172.00000;4127.00000;4147.00000;24.37;31.40;20.29;67.11;79.15;-0.694;NEUTRE;0;-31.4;-1;1
2026.01.30 13:45;4185.00000;4226.00000;4156.00000;4167.00000;24.81;36.23;13.50;81.47;85.50;-0.216;NEUTRE;0;-10.9;0;1
2026.01.30 13:30;4170.00000;4221.00000;4160.00000;4185.00000;21.60;40.71;15.57;88.89;77.69;0.216;NEUTRE;0;11.1;0;1
2026.01.30 13:15;4117.00000;4171.00000;4111.00000;4170.00000;18.05;34.36;17.97;86.13;57.25;-0.144;NEUTRE;0;-7.6;0;1
2026.01.30 13:00;4076.00000;4127.00000;4076.00000;4117.00000;16.01;28.37;20.73;58.04;37.77;-1.413;NEUTRE;0;-53.2;-2;1
2026.01.30 12:45;4051.00000;4086.00000;4036.00000;4076.00000;16.08;20.36;23.92;27.59;35.68;-2.395;SOFT_DOWN;-1;-66.6;-3;1
2026.01.30 12:30;4058.00000;4060.00000;4032.00000;4051.00000;17.31;15.50;27.60;27.68;48.97;-2.993;SOFT_DOWN;-1;-71.3;-3;1
2026.01.30 12:15;4068.00000;4071.00000;4056.00000;4057.00000;15.66;17.88;18.66;51.76;65.81;-2.850;SOFT_DOWN;-1;-70.8;-3;1
2026.01.30 12:00;4095.00000;4108.00000;4056.00000;4068.00000;17.74;20.63;21.53;67.48;76.43;-2.586;SOFT_DOWN;-1;-69.4;-3;1
2026.01.30 11:45;4076.00000;4096.00000;4075.00000;4095.00000;20.14;23.81;19.22;78.18;76.28;-1.940;SOFT_DOWN;-1;-63.8;-2;1
2026.01.30 11:30;4096.00000;4116.00000;4075.00000;4075.00000;21.60;27.47;22.18;83.63;63.96;-2.419;SOFT_DOWN;-1;-68.9;-3;1
2026.01.30 11:15;4108.00000;4128.00000;4091.00000;4099.00000;23.28;31.69;19.59;67.03;42.18;-1.844;NEUTRE;0;-63.6;-2;1
2026.01.30 11:00;4029.00000;4117.00000;4013.00000;4108.00000;23.23;32.00;22.60;41.22;23.10;-1.628;NEUTRE;0;-61.2;-2;1
2026.01.30 10:45;3980.00000;4030.00000;3975.00000;4027.00000;24.16;24.05;26.08;18.29;11.35;-3.568;SOFT_DOWN;-1;-76.3;-3;1
2026.01.30 10:30;3962.00000;3983.00000;3947.00000;3980.00000;27.25;14.60;30.09;9.78;10.64;-4.693;STRONG_DOWN;-2;-79.7;-3;1
2026.01.30 10:15;4016.00000;4026.00000;3935.00000;3958.00000;26.11;16.85;34.72;6.00;19.06;-5.220;STRONG_DOWN;-2;-80.9;-3;1
2026.01.30 10:00;4088.00000;4091.00000;4001.00000;4016.00000;24.79;19.44;28.91;16.15;46.98;-3.831;STRONG_DOWN;-2;-78;-3;1
2026.01.30 09:45;4176.00000;4200.00000;4084.00000;4088.00000;25.60;22.43;19.17;35.02;71.49;-2.107;SOFT_DOWN;-1;-69.4;-3;1
2026.01.29 18:15;4214.00000;4240.00000;4210.00000;4237.00000;28.33;25.88;9.45;89.77;90.93;1.875;SOFT_UP;1;51.7;2;1
2026.01.29 18:00;4223.00000;4223.00000;4213.00000;4214.00000;25.53;21.15;10.90;89.69;91.70;1.322;NEUTRE;0;42.1;1;1
2026.01.29 17:45;4220.00000;4226.00000;4216.00000;4223.00000;24.54;24.40;7.96;93.33;91.63;1.539;NEUTRE;0;46.9;2;1
2026.01.29 17:30;4191.00000;4226.00000;4188.00000;4221.00000;20.49;28.15;9.18;92.07;85.58;1.491;NEUTRE;0;46.4;2;1
2026.01.29 17:15;4192.00000;4196.00000;4183.00000;4191.00000;15.83;20.34;10.60;89.47;77.46;0.769;NEUTRE;0;28.8;1;1
2026.01.29 17:00;4189.00000;4193.00000;4182.00000;4192.00000;13.42;19.92;12.23;75.19;68.21;0.793;NEUTRE;0;29.9;1;1
2026.01.29 16:45;4172.00000;4189.00000;4151.00000;4189.00000;11.81;17.39;14.11;67.72;64.51;0.721;NEUTRE;0;27.9;1;1
2026.01.29 16:30;4173.00000;4182.00000;4157.00000;4172.00000;12.03;17.23;16.28;61.72;62.42;0.313;NEUTRE;0;13.1;0;1
2026.01.29 16:15;4159.00000;4195.00000;4154.00000;4173.00000;13.44;19.88;18.78;64.08;62.06;0.337;NEUTRE;0;14.3;0;1
2026.01.29 16:00;4171.00000;4180.00000;4157.00000;4160.00000;15.08;17.31;21.67;61.47;57.56;0.024;NEUTRE;0;1.1;0;1
2026.01.29 15:45;4170.00000;4186.00000;4168.00000;4171.00000;15.67;19.97;17.65;60.63;53.74;0.289;NEUTRE;0;12.7;0;1
2026.01.29 15:30;4170.00000;4188.00000;4169.00000;4170.00000;17.13;23.04;19.51;50.57;51.04;0.264;NEUTRE;0;11.8;0;1
2026.01.29 15:15;4136.00000;4171.00000;4122.00000;4170.00000;18.49;12.82;22.51;50.00;57.55;0.264;NEUTRE;0;12;0;1
2026.01.29 15:00;4194.00000;4195.00000;4100.00000;4136.00000;17.12;14.79;25.98;52.54;58.08;-0.553;NEUTRE;0;-24.4;0;1
2026.01.29 14:45;4199.00000;4216.00000;4190.00000;4194.00000;15.53;17.07;15.40;70.11;49.19;0.842;NEUTRE;0;35.1;1;1
2026.01.29 14:30;4186.00000;4208.00000;4184.00000;4198.00000;17.13;14.96;17.77;51.59;32.29;0.938;NEUTRE;0;38.5;1;1
2026.01.29 14:15;4157.00000;4206.00000;4152.00000;4186.00000;18.44;15.98;20.50;25.85;30.24;0.649;NEUTRE;0;29.3;1;1
2026.01.29 14:00;4162.00000;4194.00000;4156.00000;4157.00000;19.38;15.02;23.66;19.42;45.47;-0.048;NEUTRE;0;-2.4;0;1
2026.01.29 13:45;4180.00000;4188.00000;4157.00000;4160.00000;18.92;14.90;27.30;45.45;64.44;0.024;NEUTRE;0;1.2;0;1
2026.01.29 13:30;4190.00000;4203.00000;4180.00000;4180.00000;17.31;17.19;20.08;71.54;72.41;0.505;NEUTRE;0;24.7;0;1
2026.01.29 13:15;4188.00000;4197.00000;4188.00000;4191.00000;18.78;19.84;17.82;76.32;70.87;0.769;NEUTRE;0;35.6;1;1
2026.01.29 13:00;4179.00000;4190.00000;4157.00000;4188.00000;20.85;10.93;20.56;69.37;65.66;0.697;NEUTRE;0;33.4;1;1
2026.01.29 12:45;4182.00000;4192.00000;4168.00000;4179.00000;19.35;12.61;18.60;66.93;62.67;0.481;NEUTRE;0;24.9;0;1
2026.01.29 12:30;4180.00000;4190.00000;4176.00000;4181.00000;19.37;14.55;16.33;60.69;57.02;0.529;NEUTRE;0;27.5;1;1
2026.01.29 12:15;4162.00000;4194.00000;4162.00000;4180.00000;21.46;16.78;18.84;60.38;52.44;0.505;NEUTRE;0;26.9;1;1
2026.01.29 12:00;4169.00000;4192.00000;4157.00000;4162.00000;23.87;18.40;21.74;50.00;42.25;0.072;NEUTRE;0;4.2;0;1
2026.01.29 11:45;4175.00000;4187.00000;4167.00000;4169.00000;26.27;21.24;20.69;46.95;33.71;0.240;NEUTRE;0;14.1;0;1
2026.01.29 11:30;4168.00000;4175.00000;4164.00000;4173.00000;30.11;15.27;23.87;29.80;27.44;0.337;NEUTRE;0;19.8;0;1
2026.01.29 11:15;4145.00000;4171.00000;4141.00000;4169.00000;31.36;12.03;27.55;24.39;35.90;0.240;NEUTRE;0;14.7;0;1
2026.01.29 11:00;4178.00000;4184.00000;4137.00000;4145.00000;30.15;13.88;31.79;28.11;49.73;-0.337;NEUTRE;0;-20.7;0;1
2026.01.29 10:45;4187.00000;4188.00000;4173.00000;4179.00000;28.76;16.01;24.89;55.19;67.08;0.481;NEUTRE;0;28.9;1;1
2026.01.29 10:30;4215.00000;4217.00000;4187.00000;4187.00000;29.84;18.48;14.36;65.88;73.35;0.673;NEUTRE;0;38.3;1;1
2026.01.29 10:15;4198.00000;4219.00000;4195.00000;4216.00000;32.50;21.32;12.47;80.17;76.38;1.371;NEUTRE;0;58.7;2;1
2026.01.29 10:00;4208.00000;4230.00000;4197.00000;4200.00000;33.48;24.60;13.10;73.99;66.93;0.986;NEUTRE;0;50.5;2;1
2026.01.29 09:45;4159.00000;4212.00000;4159.00000;4208.00000;33.94;19.99;15.12;75.00;63.32;1.178;NEUTRE;0;56.1;2;1
2026.01.28 18:15;4148.00000;4152.00000;4145.00000;4145.00000;37.02;9.29;17.45;51.81;61.25;-5.688;STRONG_DOWN;-2;-75.4;-3;1
2026.01.28 18:00;4148.00000;4151.00000;4145.00000;4148.00000;38.02;8.52;20.13;63.16;67.89;-5.620;STRONG_DOWN;-2;-75.4;-3;1
2026.01.28 17:45;4152.00000;4156.00000;4147.00000;4148.00000;37.64;9.83;18.10;68.79;72.65;-5.620;STRONG_DOWN;-2;-75.6;-3;1
2026.01.28 17:30;4151.00000;4155.00000;4140.00000;4152.00000;38.88;9.63;20.89;71.71;72.76;-5.529;STRONG_DOWN;-2;-75.6;-3;1
2026.01.28 17:15;4149.00000;4155.00000;4146.00000;4151.00000;39.19;11.12;17.94;77.44;74.35;-5.552;STRONG_DOWN;-2;-75.8;-3;1
2026.01.28 17:00;4158.00000;4160.00000;4149.00000;4149.00000;41.60;12.83;15.58;69.14;73.65;-5.597;STRONG_DOWN;-2;-76.1;-3;1
2026.01.28 16:45;4125.00000;4165.00000;4118.00000;4158.00000;46.51;14.80;17.97;76.47;79.16;-5.392;STRONG_DOWN;-2;-75.8;-3;1
2026.01.28 16:30;4141.00000;4145.00000;4122.00000;4124.00000;52.18;10.53;20.74;75.36;78.39;-6.166;EXPLOSIVE_DOWN;-3;-77.7;-3;1
2026.01.28 16:15;4136.00000;4145.00000;4123.00000;4141.00000;55.18;12.15;23.26;85.66;74.19;-5.779;STRONG_DOWN;-2;-77.1;-3;1
2026.01.28 16:00;4137.00000;4151.00000;4107.00000;4136.00000;58.84;14.02;26.84;74.17;57.26;-5.893;STRONG_DOWN;-2;-77.6;-3;1
2026.01.28 15:45;4133.00000;4143.00000;4106.00000;4136.00000;63.07;13.38;30.97;62.75;39.18;-5.893;STRONG_DOWN;-2;-77.8;-3;1
2026.01.28 15:30;4122.00000;4146.00000;4117.00000;4133.00000;66.67;15.44;31.16;34.84;20.12;-5.961;STRONG_DOWN;-2;-78.1;-3;1
2026.01.28 15:15;4079.00000;4124.00000;4068.00000;4122.00000;71.74;6.14;35.95;19.94;13.52;-6.212;EXPLOSIVE_DOWN;-3;-78.7;-3;1
2026.01.28 15:00;4110.00000;4111.00000;4077.00000;4081.00000;71.88;3.52;41.48;5.57;12.67;-7.144;EXPLOSIVE_DOWN;-3;-80.3;-3;1
2026.01.28 14:45;4138.00000;4140.00000;4097.00000;4110.00000;69.96;4.06;38.81;15.04;23.67;-6.485;EXPLOSIVE_DOWN;-3;-79.5;-3;1
2026.01.28 14:30;4164.00000;4178.00000;4137.00000;4138.00000;68.25;4.68;30.47;17.39;37.18;-5.848;STRONG_DOWN;-2;-78.6;-3;1
2026.01.28 14:15;4170.00000;4178.00000;4138.00000;4164.00000;67.47;5.40;34.79;38.59;53.85;-5.256;STRONG_DOWN;-2;-77.6;-3;1
2026.01.28 14:00;4199.00000;4210.00000;4163.00000;4170.00000;66.60;6.23;30.52;55.56;56.68;-5.119;STRONG_DOWN;-2;-77.5;-3;1
2026.01.28 13:45;4206.00000;4210.00000;4190.00000;4197.00000;66.68;7.19;26.38;67.42;48.50;-4.505;STRONG_DOWN;-2;-76.1;-3;1
2026.01.28 13:30;4200.00000;4214.00000;4193.00000;4206.00000;68.14;8.30;28.13;47.06;31.98;-4.300;STRONG_DOWN;-2;-75.7;-3;1
2026.01.28 13:15;4180.00000;4204.00000;4172.00000;4200.00000;70.25;2.25;32.46;31.02;19.96;-4.437;STRONG_DOWN;-2;-76.4;-3;1
2026.01.28 13:00;4201.00000;4215.00000;4161.00000;4181.00000;67.67;2.60;37.46;17.87;10.93;-4.869;STRONG_DOWN;-2;-77.8;-3;1
2026.01.28 12:45;4194.00000;4205.00000;4187.00000;4201.00000;64.68;3.00;35.81;10.98;5.25;-4.414;STRONG_DOWN;-2;-76.8;-3;1
2026.01.28 12:30;4197.00000;4207.00000;4184.00000;4194.00000;61.63;3.46;41.32;3.95;3.30;-4.573;STRONG_DOWN;-2;-77.5;-3;1
2026.01.28 12:15;4231.00000;4231.00000;4196.00000;4196.00000;58.10;3.99;39.65;0.83;6.16;-4.528;STRONG_DOWN;-2;-77.6;-3;1
2026.01.28 12:00;4246.00000;4258.00000;4231.00000;4231.00000;54.46;4.60;30.37;5.11;11.33;-3.732;STRONG_DOWN;-2;-75.4;-3;1
2026.01.28 11:45;4254.00000;4262.00000;4245.00000;4246.00000;51.51;5.31;27.06;12.55;18.22;-3.390;SOFT_DOWN;-1;-74.3;-3;1
2026.01.28 11:30;4265.00000;4272.00000;4245.00000;4254.00000;49.09;6.13;31.23;16.34;22.43;-3.208;SOFT_DOWN;-1;-73.8;-3;1
2026.01.28 11:15;4276.00000;4276.00000;4244.00000;4265.00000;46.30;7.07;36.03;25.78;25.40;-2.958;SOFT_DOWN;-1;-72.8;-3;1
2026.01.28 11:00;4316.00000;4316.00000;4263.00000;4276.00000;43.09;8.16;32.44;25.17;22.55;-2.708;SOFT_DOWN;-1;-71.7;-3;1
2026.01.28 10:45;4291.00000;4319.00000;4278.00000;4316.00000;40.52;9.41;33.07;25.26;18.73;-1.797;NEUTRE;0;-64.1;-2;1
2026.01.28 10:30;4302.00000;4305.00000;4257.00000;4291.00000;38.18;5.60;38.16;17.22;13.04;-2.366;SOFT_DOWN;-1;-70.2;-3;1
2026.01.28 10:15;4354.00000;4357.00000;4275.00000;4304.00000;32.61;6.47;38.26;13.69;10.30;-2.071;SOFT_DOWN;-1;-68.1;-3;1
2026.01.28 10:00;4370.00000;4375.00000;4347.00000;4356.00000;26.69;7.46;30.64;8.20;14.45;-0.887;NEUTRE;0;-47.5;-2;1
2026.01.28 09:45;4395.00000;4410.00000;4365.00000;4370.00000;21.44;8.61;25.47;9.02;19.92;-0.569;NEUTRE;0;-35.7;-1;1
2026.01.27 18:15;4420.00000;4431.00000;4416.00000;4416.00000;17.12;9.93;14.00;26.14;26.85;2.199;SOFT_UP;1;56;2;1
2026.01.27 18:00;4425.00000;4429.00000;4417.00000;4420.00000;17.14;9.41;16.15;24.60;27.48;2.291;SOFT_UP;1;57.5;2;1
2026.01.27 17:45;4417.00000;4435.00000;4415.00000;4425.00000;15.72;10.86;18.64;29.82;30.65;2.407;SOFT_UP;1;59.1;2;1
2026.01.27 17:30;4432.00000;4434.00000;4415.00000;4417.00000;14.08;11.76;21.51;28.02;31.10;2.222;SOFT_UP;1;57.4;2;1
2026.01.27 17:15;4432.00000;4440.00000;4427.00000;4433.00000;11.74;13.57;15.10;34.10;34.40;2.592;SOFT_UP;1;61.6;2;1
2026.01.27 17:00;4432.00000;4442.00000;4427.00000;4432.00000;12.73;15.66;17.42;31.19;40.16;2.569;SOFT_UP;1;61.7;2;1
2026.01.27 16:45;4427.00000;4444.00000;4408.00000;4432.00000;13.87;18.06;20.10;37.90;45.89;2.569;SOFT_UP;1;62.1;2;1
2026.01.27 16:30;4447.00000;4471.00000;4416.00000;4426.00000;15.18;20.84;19.77;51.38;47.21;2.430;SOFT_UP;1;61.1;2;1
2026.01.27 16:15;4461.00000;4480.00000;4440.00000;4446.00000;17.11;24.05;16.10;48.39;38.85;2.893;SOFT_UP;1;65.5;3;1
2026.01.27 16:00;4419.00000;4463.00000;4411.00000;4461.00000;16.70;21.21;18.58;41.86;37.57;3.240;SOFT_UP;1;68.1;3;1
2026.01.27 15:45;4431.00000;4440.00000;4407.00000;4419.00000;18.25;17.67;21.44;26.29;46.09;2.268;SOFT_UP;1;60.6;2;1
2026.01.27 15:30;4444.00000;4445.00000;4408.00000;4432.00000;19.58;20.39;24.27;44.57;63.31;2.569;SOFT_UP;1;63.9;2;1
2026.01.27 15:15;4460.00000;4462.00000;4428.00000;4443.00000;21.25;23.53;19.69;67.43;77.30;2.823;SOFT_UP;1;66.3;3;1
2026.01.27 15:00;4468.00000;4479.00000;4456.00000;4460.00000;23.16;27.15;10.05;77.95;82.67;3.217;SOFT_UP;1;69.3;3;1
2026.01.27 14:45;4443.00000;4470.00000;4437.00000;4468.00000;19.64;25.30;11.59;86.51;85.07;3.402;SOFT_UP;1;70.6;3;1
2026.01.27 14:30;4454.00000;4457.00000;4431.00000;4442.00000;16.95;23.13;13.38;83.56;84.47;2.800;SOFT_UP;1;67.2;3;1
2026.01.27 14:15;4431.00000;4464.00000;4431.00000;4454.00000;15.45;26.69;15.43;85.14;82.43;3.078;SOFT_UP;1;69.4;3;1
2026.01.27 14:00;4425.00000;4439.00000;4417.00000;4431.00000;13.71;19.15;17.81;84.72;73.31;2.546;SOFT_UP;1;65.9;3;1
2026.01.27 13:45;4434.00000;4447.00000;4408.00000;4425.00000;15.26;22.09;20.55;77.42;57.55;2.407;SOFT_UP;1;65.1;3;1
2026.01.27 13:30;4393.00000;4442.00000;4393.00000;4434.00000;17.05;23.52;23.71;57.79;40.81;2.615;SOFT_UP;1;67.3;3;1
2026.01.27 13:15;4365.00000;4393.00000;4345.00000;4392.00000;19.61;12.06;27.36;37.43;42.60;1.643;NEUTRE;0;56.8;2;1
2026.01.27 13:00;4399.00000;4425.00000;4358.00000;4363.00000;16.66;13.91;27.40;27.21;54.52;0.972;NEUTRE;0;42.6;1;1
2026.01.27 12:45;4397.00000;4414.00000;4397.00000;4399.00000;14.20;16.05;22.66;63.16;73.45;1.805;NEUTRE;0;60.2;2;1
2026.01.27 12:30;4419.00000;4419.00000;4381.00000;4398.00000;13.76;18.52;26.14;73.18;80.38;1.782;NEUTRE;0;60.3;2;1
2026.01.27 12:15;4400.00000;4419.00000;4400.00000;4417.00000;13.25;21.37;22.47;84.00;83.93;2.222;SOFT_UP;1;65.9;3;1
2026.01.27 12:00;4410.00000;4412.00000;4384.00000;4400.00000;14.91;18.99;25.93;83.97;79.14;1.828;NEUTRE;0;61.9;2;1
2026.01.27 11:45;4415.00000;4421.00000;4405.00000;4410.00000;14.82;21.92;18.38;83.83;73.57;2.060;SOFT_UP;1;65.1;3;1
2026.01.27 11:30;4401.00000;4421.00000;4388.00000;4415.00000;15.76;25.29;21.21;69.63;69.91;2.175;SOFT_UP;1;66.8;3;1
2026.01.27 11:15;4376.00000;4408.00000;4368.00000;4403.00000;16.83;23.12;24.48;67.25;75.24;1.898;SOFT_UP;1;64.3;2;1
2026.01.27 11:00;4385.00000;4385.00000;4335.00000;4375.00000;18.98;17.83;28.24;72.86;83.77;1.250;NEUTRE;0;54.4;2;1
2026.01.27 10:45;4403.00000;4404.00000;4379.00000;4384.00000;18.42;20.57;19.05;85.63;91.34;1.458;NEUTRE;0;59.1;2;1
2026.01.27 10:30;4404.00000;4425.00000;4392.00000;4402.00000;20.67;23.73;13.98;92.84;92.15;1.875;SOFT_UP;1;65.5;3;1
2026.01.27 10:15;4387.00000;4410.00000;4373.00000;4405.00000;19.87;20.39;16.13;95.57;86.29;1.944;SOFT_UP;1;66.8;3;1
2026.01.27 10:00;4378.00000;4392.00000;4355.00000;4388.00000;21.13;16.05;18.61;88.05;67.91;1.551;NEUTRE;0;62.4;2;1
2026.01.27 09:45;4321.00000;4384.00000;4260.00000;4375.00000;23.24;15.19;21.47;75.25;50.24;1.250;NEUTRE;0;57.6;2;1
2026.01.26 18:15;4324.00000;4334.00000;4317.00000;4321.00000;24.18;17.53;17.70;40.44;31.95;1.005;NEUTRE;0;34.1;1;1
2026.01.26 18:00;4320.00000;4328.00000;4312.00000;4324.00000;27.82;14.79;20.43;35.03;24.28;1.075;NEUTRE;0;36.3;1;1
2026.01.26 17:45;4319.00000;4328.00000;4306.00000;4320.00000;29.64;17.07;23.57;20.36;16.57;0.982;NEUTRE;0;34.3;1;1
2026.01.26 17:30;4325.00000;4328.00000;4307.00000;4317.00000;31.74;19.69;26.50;17.44;13.91;0.912;NEUTRE;0;32.7;1;1
2026.01.26 17:15;4333.00000;4343.00000;4323.00000;4325.00000;34.35;22.72;18.85;11.91;10.76;1.099;NEUTRE;0;38.1;1;1
2026.01.26 17:00;4312.00000;4332.00000;4302.00000;4332.00000;38.20;17.76;21.75;12.38;13.47;1.262;NEUTRE;0;42.4;1;1
2026.01.26 16:45;4333.00000;4360.00000;4312.00000;4312.00000;42.53;20.49;19.97;7.99;21.94;0.795;NEUTRE;0;30.3;1;1
2026.01.26 16:30;4337.00000;4347.00000;4304.00000;4332.00000;48.87;19.47;23.04;20.05;43.79;1.262;NEUTRE;0;43.3;1;1
2026.01.26 16:15;4461.00000;4461.00000;4331.00000;4336.00000;55.10;22.47;16.93;37.79;63.93;1.356;NEUTRE;0;45.8;2;1
2026.01.26 16:00;4469.00000;4475.00000;4438.00000;4461.00000;61.41;25.93;6.87;73.52;77.35;4.278;STRONG_UP;2;73.1;3;1
2026.01.26 15:45;4458.00000;4484.00000;4450.00000;4469.00000;61.92;29.92;2.94;80.49;77.90;4.465;STRONG_UP;2;74;3;1
2026.01.26 15:30;4465.00000;4466.00000;4422.00000;4458.00000;58.81;26.37;3.39;78.04;76.82;4.208;STRONG_UP;2;73.3;3;1
2026.01.26 15:15;4426.00000;4478.00000;4420.00000;4465.00000;55.97;30.43;3.91;75.19;77.45;4.371;STRONG_UP;2;74.2;3;1
2026.01.26 15:00;4415.00000;4449.00000;4413.00000;4426.00000;52.70;27.42;4.51;77.22;79.56;3.460;SOFT_UP;1;70.6;3;1
2026.01.26 14:45;4439.00000;4444.00000;4409.00000;4415.00000;49.77;29.50;5.20;79.93;80.79;3.202;SOFT_UP;1;69.5;3;1
2026.01.26 14:30;4406.00000;4445.00000;4405.00000;4439.00000;46.65;34.04;6.00;81.54;81.17;3.763;STRONG_UP;2;72.6;3;1
2026.01.26 14:15;4389.00000;4420.00000;4380.00000;4405.00000;43.06;29.66;6.93;80.91;82.05;2.969;SOFT_UP;1;68.7;3;1
2026.01.26 14:00;4404.00000;4404.00000;4365.00000;4388.00000;40.12;28.07;7.99;81.06;80.94;2.571;SOFT_UP;1;66.1;3;1
2026.01.26 13:45;4363.00000;4427.00000;4361.00000;4404.00000;37.73;32.39;9.22;84.20;73.01;2.945;SOFT_UP;1;69.2;3;1
2026.01.26 13:30;4367.00000;4382.00000;4354.00000;4363.00000;34.97;26.89;10.64;77.55;58.81;1.987;SOFT_UP;1;61.1;2;1
2026.01.26 13:15;4313.00000;4387.00000;4313.00000;4367.00000;33.69;31.02;12.28;57.28;46.11;2.080;SOFT_UP;1;62.6;2;1
2026.01.26 13:00;4270.00000;4324.00000;4269.00000;4313.00000;32.21;22.70;14.17;41.60;46.91;0.818;NEUTRE;0;37.8;1;1
2026.01.26 12:45;4310.00000;4310.00000;4259.00000;4270.00000;33.61;22.27;16.35;39.45;57.03;-0.187;NEUTRE;0;-10.2;0;1
2026.01.26 12:30;4300.00000;4326.00000;4298.00000;4309.00000;36.41;25.70;7.10;59.69;71.95;0.725;NEUTRE;0;35.5;1;1
2026.01.26 12:15;4313.00000;4346.00000;4294.00000;4304.00000;33.29;29.66;8.19;71.94;80.26;0.608;NEUTRE;0;31.4;1;1
2026.01.26 12:00;4325.00000;4325.00000;4295.00000;4311.00000;29.68;28.01;9.45;84.23;81.10;0.771;NEUTRE;0;38.4;1;1
2026.01.26 11:45;4291.00000;4336.00000;4284.00000;4325.00000;26.63;32.31;10.90;84.62;72.86;1.099;NEUTRE;0;49;2;1
2026.01.26 11:30;4273.00000;4294.00000;4270.00000;4289.00000;23.10;24.86;12.58;74.45;60.24;0.257;NEUTRE;0;15.4;0;1
2026.01.26 11:15;4265.00000;4288.00000;4253.00000;4273.00000;21.61;24.84;14.51;59.52;49.18;-0.117;NEUTRE;0;-7.3;0;1
2026.01.26 11:00;4270.00000;4278.00000;4247.00000;4264.00000;20.89;24.26;16.75;46.76;45.02;-0.327;NEUTRE;0;-20.1;0;1
2026.01.26 10:45;4243.00000;4271.00000;4240.00000;4270.00000;21.29;24.52;19.32;41.25;50.28;-0.187;NEUTRE;0;-12.1;0;1
2026.01.26 10:30;4244.00000;4260.00000;4219.00000;4243.00000;22.74;22.84;22.29;47.06;60.36;-0.818;NEUTRE;0;-43.8;-1;1
2026.01.26 10:15;4278.00000;4295.00000;4246.00000;4246.00000;26.05;26.35;15.59;62.53;68.08;-0.748;NEUTRE;0;-41.9;-1;1
2026.01.26 10:00;4293.00000;4293.00000;4260.00000;4279.00000;26.12;30.40;13.60;71.48;67.09;0.023;NEUTRE;0;1.6;0;1
2026.01.26 09:45;4278.00000;4319.00000;4222.00000;4293.00000;24.26;35.08;15.69;70.22;67.98;0.351;NEUTRE;0;23.9;0;1
2026.01.23 18:15;4205.00000;4225.00000;4202.00000;4208.00000;22.12;27.45;18.10;59.57;70.95;-5.311;STRONG_DOWN;-2;-74.4;-3;1
2026.01.23 18:00;4211.00000;4218.00000;4199.00000;4205.00000;22.36;26.99;20.89;74.15;80.32;-5.378;STRONG_DOWN;-2;-74.8;-3;1
2026.01.23 17:45;4216.00000;4227.00000;4211.00000;4211.00000;23.84;31.14;14.38;79.12;84.35;-5.243;STRONG_DOWN;-2;-74.6;-3;1
2026.01.23 17:30;4188.00000;4216.00000;4188.00000;4216.00000;21.85;25.35;16.60;87.69;88.54;-5.131;STRONG_DOWN;-2;-74.5;-3;1
2026.01.23 17:15;4200.00000;4206.00000;4180.00000;4188.00000;22.00;23.76;19.15;86.25;90.39;-5.761;STRONG_DOWN;-2;-76.3;-3;1
2026.01.23 17:00;4194.00000;4206.00000;4190.00000;4200.00000;23.73;27.42;16.18;91.69;90.43;-5.491;STRONG_DOWN;-2;-75.9;-3;1
2026.01.23 16:45;4202.00000;4210.00000;4182.00000;4194.00000;23.41;31.63;18.67;93.23;79.76;-5.626;STRONG_DOWN;-2;-76.4;-3;1
2026.01.23 16:30;4167.00000;4210.00000;4163.00000;4202.00000;23.05;36.50;21.54;86.36;60.04;-5.446;STRONG_DOWN;-2;-76.2;-3;1
2026.01.23 16:15;4140.00000;4168.00000;4128.00000;4166.00000;22.63;28.37;24.85;59.69;35.83;-6.256;EXPLOSIVE_DOWN;-3;-78.1;-3;1
2026.01.23 16:00;4089.00000;4141.00000;4085.00000;4140.00000;25.09;22.35;28.68;34.06;23.97;-6.841;EXPLOSIVE_DOWN;-3;-79.2;-3;1
2026.01.23 15:45;4104.00000;4104.00000;4068.00000;4089.00000;27.05;15.62;33.09;13.75;29.40;-7.988;EXPLOSIVE_DOWN;-3;-80.9;-3;1
2026.01.23 15:30;4110.00000;4132.00000;4088.00000;4104.00000;25.69;18.02;29.63;24.10;49.32;-7.651;EXPLOSIVE_DOWN;-3;-80.7;-3;1
2026.01.23 15:15;4140.00000;4157.00000;4107.00000;4110.00000;25.89;20.80;27.55;50.34;70.37;-7.516;EXPLOSIVE_DOWN;-3;-80.6;-3;1
2026.01.23 15:00;4169.00000;4178.00000;4136.00000;4139.00000;27.73;24.00;22.86;73.53;83.53;-6.863;EXPLOSIVE_DOWN;-3;-79.9;-3;1
2026.01.23 14:45;4166.00000;4172.00000;4128.00000;4169.00000;31.62;25.49;26.38;87.24;86.17;-6.188;EXPLOSIVE_DOWN;-3;-79;-3;1
2026.01.23 14:30;4154.00000;4188.00000;4151.00000;4166.00000;36.22;29.41;22.40;89.81;76.00;-6.256;EXPLOSIVE_DOWN;-3;-79.3;-3;1
2026.01.23 14:15;4137.00000;4155.00000;4135.00000;4153.00000;39.71;20.21;25.85;81.47;60.73;-6.548;EXPLOSIVE_DOWN;-3;-80;-3;1
2026.01.23 14:00;4107.00000;4144.00000;4091.00000;4136.00000;43.94;14.86;29.82;56.72;47.93;-6.931;EXPLOSIVE_DOWN;-3;-80.7;-3;1
2026.01.23 13:45;4084.00000;4141.00000;4072.00000;4107.00000;45.55;16.28;34.41;44.00;41.14;-7.583;EXPLOSIVE_DOWN;-3;-81.6;-3;1
2026.01.23 13:30;4105.00000;4112.00000;4061.00000;4083.00000;47.06;12.32;39.70;43.07;37.86;-8.123;EXPLOSIVE_DOWN;-3;-82.3;-3;1
2026.01.23 13:15;4111.00000;4125.00000;4100.00000;4106.00000;46.20;14.21;34.05;36.34;33.49;-7.606;EXPLOSIVE_DOWN;-3;-81.9;-3;1
2026.01.23 13:00;4084.00000;4121.00000;4051.00000;4110.00000;46.98;13.93;39.28;34.18;32.35;-7.516;EXPLOSIVE_DOWN;-3;-82;-3;1
2026.01.23 12:45;4150.00000;4150.00000;4073.00000;4084.00000;46.88;16.08;40.49;29.95;32.11;-8.101;EXPLOSIVE_DOWN;-3;-82.7;-3;1
2026.01.23 12:30;4146.00000;4164.00000;4142.00000;4150.00000;47.45;18.55;32.94;32.91;34.73;-6.616;EXPLOSIVE_DOWN;-3;-81.3;-3;1
2026.01.23 12:15;4105.00000;4149.00000;4099.00000;4146.00000;50.46;10.92;38.00;33.48;37.46;-6.706;EXPLOSIVE_DOWN;-3;-81.6;-3;1
2026.01.23 12:00;4145.00000;4151.00000;4105.00000;4105.00000;49.70;12.60;42.01;37.80;37.63;-7.628;EXPLOSIVE_DOWN;-3;-82.7;-3;1
2026.01.23 11:45;4186.00000;4191.00000;4132.00000;4145.00000;49.06;14.53;39.44;41.09;31.93;-6.728;EXPLOSIVE_DOWN;-3;-81.9;-3;1
2026.01.23 11:30;4183.00000;4222.00000;4159.00000;4186.00000;49.51;16.77;38.46;34.01;21.66;-5.806;STRONG_DOWN;-2;-80.9;-3;1
2026.01.23 11:15;4150.00000;4189.00000;4125.00000;4183.00000;51.08;11.29;44.38;20.68;11.92;-5.873;STRONG_DOWN;-2;-81.2;-3;1
2026.01.23 11:00;4126.00000;4154.00000;4073.00000;4151.00000;49.80;4.62;51.21;10.28;6.57;-6.593;EXPLOSIVE_DOWN;-3;-82.3;-3;1
2026.01.23 10:45;4248.00000;4252.00000;4111.00000;4124.00000;44.62;5.33;51.87;4.79;8.22;-7.201;EXPLOSIVE_DOWN;-3;-83.1;-3;1
2026.01.23 10:30;4317.00000;4319.00000;4247.00000;4248.00000;38.96;6.15;45.01;4.64;11.93;-4.410;STRONG_DOWN;-2;-79.1;-3;1
2026.01.23 10:15;4366.00000;4366.00000;4302.00000;4322.00000;33.27;7.09;40.65;15.22;21.82;-2.745;SOFT_DOWN;-1;-73.1;-3;1
2026.01.23 10:00;4416.00000;4419.00000;4366.00000;4367.00000;27.57;8.18;31.76;15.92;25.52;-1.733;NEUTRE;0;-64.9;-2;1
2026.01.23 09:45;4444.00000;4444.00000;4386.00000;4416.00000;22.73;9.44;30.84;34.33;32.26;-0.630;NEUTRE;0;-38.5;-1;1
2026.01.22 18:15;4458.00000;4463.00000;4444.00000;4444.00000;18.06;10.89;20.20;26.32;34.63;1.230;NEUTRE;0;39.7;1;1
2026.01.22 18:00;4452.00000;4459.00000;4451.00000;4458.00000;16.23;12.57;17.64;36.13;47.03;1.549;NEUTRE;0;46.7;2;1
2026.01.22 17:45;4449.00000;4459.00000;4447.00000;4452.00000;16.14;14.50;20.36;41.43;59.71;1.412;NEUTRE;0;44.4;1;1
2026.01.22 17:30;4460.00000;4460.00000;4443.00000;4449.00000;16.04;16.73;23.49;63.54;70.51;1.344;NEUTRE;0;43.4;1;1
2026.01.22 17:15;4468.00000;4470.00000;4453.00000;4460.00000;15.93;19.31;18.05;74.16;71.88;1.595;NEUTRE;0;48.7;2;1
2026.01.22 17:00;4461.00000;4473.00000;4461.00000;4468.00000;17.86;22.28;13.59;73.84;66.61;1.777;NEUTRE;0;52.2;2;1
2026.01.22 16:45;4452.00000;4481.00000;4446.00000;4461.00000;16.88;25.71;15.68;67.63;59.06;1.617;NEUTRE;0;49.9;2;1
2026.01.22 16:30;4452.00000;4459.00000;4430.00000;4452.00000;15.75;19.99;18.09;58.37;51.68;1.412;NEUTRE;0;46.5;2;1
2026.01.22 16:15;4439.00000;4470.00000;4432.00000;4452.00000;17.40;23.06;19.81;51.19;49.41;1.412;NEUTRE;0;46.9;2;1
2026.01.22 16:00;4434.00000;4437.00000;4402.00000;4437.00000;18.91;13.25;22.86;45.49;45.65;1.071;NEUTRE;0;39.5;1;1
2026.01.22 15:45;4440.00000;4481.00000;4434.00000;4434.00000;17.73;15.29;12.31;51.55;45.57;1.002;NEUTRE;0;38.1;1;1
2026.01.22 15:30;4455.00000;4470.00000;4430.00000;4439.00000;18.80;14.04;14.21;39.92;43.92;1.116;NEUTRE;0;41.6;1;1
2026.01.22 15:15;4404.00000;4476.00000;4398.00000;4454.00000;21.60;16.20;16.39;45.25;53.53;1.458;NEUTRE;0;49.7;2;1
2026.01.22 15:00;4473.00000;4473.00000;4398.00000;4404.00000;24.84;18.11;18.92;46.60;63.14;0.319;NEUTRE;0;14.7;0;1
2026.01.22 14:45;4473.00000;4484.00000;4459.00000;4473.00000;28.32;20.89;9.31;68.75;72.32;1.891;SOFT_UP;1;57.6;2;1
2026.01.22 14:30;4446.00000;4477.00000;4435.00000;4473.00000;26.78;19.80;10.75;74.06;77.34;1.891;SOFT_UP;1;58.1;2;1
2026.01.22 14:15;4471.00000;4473.00000;4442.00000;4446.00000;26.34;22.84;9.83;74.14;78.41;1.276;NEUTRE;0;47.8;2;1
2026.01.22 14:00;4451.00000;4484.00000;4440.00000;4471.00000;24.27;26.36;11.35;83.81;76.34;1.845;NEUTRE;0;58.4;2;1
2026.01.22 13:45;4449.00000;4468.00000;4439.00000;4451.00000;21.88;24.82;13.09;77.27;63.16;1.390;NEUTRE;0;51.2;2;1
2026.01.22 13:30;4434.00000;4459.00000;4428.00000;4449.00000;20.48;23.86;15.11;67.94;55.88;1.344;NEUTRE;0;50.8;2;1
2026.01.22 13:15;4424.00000;4434.00000;4397.00000;4434.00000;20.18;15.13;17.43;44.27;56.43;1.002;NEUTRE;0;43;1;1
2026.01.22 13:00;4407.00000;4432.00000;4388.00000;4423.00000;22.19;16.62;20.11;55.44;72.39;0.752;NEUTRE;0;35.5;1;1
2026.01.22 12:45;4456.00000;4456.00000;4407.00000;4407.00000;24.15;19.18;16.56;69.59;80.34;0.387;NEUTRE;0;20.5;0;1
2026.01.22 12:30;4451.00000;4457.00000;4440.00000;4455.00000;26.74;22.13;8.75;92.15;75.79;1.481;NEUTRE;0;55.6;2;1
2026.01.22 12:15;4429.00000;4456.00000;4417.00000;4449.00000;24.18;24.63;10.10;79.27;55.55;1.344;NEUTRE;0;53.5;2;1
2026.01.22 12:00;4429.00000;4435.00000;4413.00000;4429.00000;21.47;20.13;11.65;55.95;37.46;0.888;NEUTRE;0;42.3;1;1
2026.01.22 11:45;4421.00000;4429.00000;4403.00000;4429.00000;20.66;19.04;13.44;31.43;25.43;0.888;NEUTRE;0;42.9;1;1
2026.01.22 11:30;4390.00000;4422.00000;4387.00000;4421.00000;21.19;17.82;15.51;25.00;28.63;0.706;NEUTRE;0;37.1;1;1
2026.01.22 11:15;4419.00000;4420.00000;4386.00000;4390.00000;23.39;19.68;17.90;19.87;41.06;0.000;NEUTRE;0;0;0;1
2026.01.22 11:00;4405.00000;4433.00000;4384.00000;4419.00000;26.26;22.71;20.65;41.03;62.32;0.661;NEUTRE;0;36.5;1;1
2026.01.22 10:45;4456.00000;4456.00000;4386.00000;4405.00000;29.56;26.21;23.20;62.30;75.58;0.342;NEUTRE;0;21.4;0;1
2026.01.22 10:30;4481.00000;4488.00000;4452.00000;4456.00000;33.18;30.24;12.27;83.64;78.95;1.503;NEUTRE;0;60.4;2;1
2026.01.22 10:15;4445.00000;4481.00000;4441.00000;4481.00000;31.78;31.90;14.15;80.82;73.43;2.073;SOFT_UP;1;68.1;3;1
2026.01.22 10:00;4424.00000;4447.00000;4399.00000;4445.00000;30.73;23.73;16.33;72.40;69.30;1.253;NEUTRE;0;57.1;2;1
2026.01.22 09:45;4390.00000;4440.00000;4384.00000;4424.00000;32.62;25.14;18.84;67.07;65.91;0.774;NEUTRE;0;44.3;1;1
2026.01.21 18:15;4446.00000;4458.00000;4443.00000;4452.00000;35.44;29.00;8.39;68.42;65.58;-4.361;STRONG_DOWN;-2;-71.2;-3;1
2026.01.21 18:00;4432.00000;4456.00000;4432.00000;4446.00000;32.41;31.42;9.68;62.24;65.83;-4.490;STRONG_DOWN;-2;-72;-3;1
2026.01.21 17:45;4428.00000;4432.00000;4422.00000;4432.00000;29.26;20.86;11.17;66.08;71.94;-4.791;STRONG_DOWN;-2;-73.3;-3;1
2026.01.21 17:30;4423.00000;4428.00000;4414.00000;4428.00000;29.11;17.92;12.89;69.17;78.50;-4.876;STRONG_DOWN;-2;-73.8;-3;1
2026.01.21 17:15;4419.00000;4437.00000;4416.00000;4423.00000;31.08;20.68;12.68;80.58;86.97;-4.984;STRONG_DOWN;-2;-74.3;-3;1
2026.01.21 17:00;4455.00000;4460.00000;4418.00000;4418.00000;32.17;23.86;13.16;85.75;85.82;-5.091;STRONG_DOWN;-2;-74.8;-3;1
2026.01.21 16:45;4408.00000;4456.00000;4398.00000;4455.00000;32.67;26.06;15.19;94.59;76.15;-4.296;STRONG_DOWN;-2;-72.4;-3;1
2026.01.21 16:30;4372.00000;4419.00000;4372.00000;4408.00000;33.64;20.26;17.52;77.11;55.82;-5.306;STRONG_DOWN;-2;-75.8;-3;1
2026.01.21 16:15;4339.00000;4378.00000;4324.00000;4374.00000;37.71;9.95;20.22;56.77;42.67;-6.037;STRONG_DOWN;-2;-77.7;-3;1
2026.01.21 16:00;4334.00000;4365.00000;4328.00000;4338.00000;38.27;7.78;23.33;33.59;31.77;-6.810;EXPLOSIVE_DOWN;-3;-79.2;-3;1
2026.01.21 15:45;4327.00000;4364.00000;4316.00000;4334.00000;36.47;8.56;26.92;37.65;27.53;-6.896;EXPLOSIVE_DOWN;-3;-79.5;-3;1
2026.01.21 15:30;4373.00000;4379.00000;4326.00000;4327.00000;34.12;9.88;27.86;24.06;16.92;-7.046;EXPLOSIVE_DOWN;-3;-79.9;-3;1
2026.01.21 15:15;4309.00000;4375.00000;4308.00000;4373.00000;32.05;10.24;32.14;20.87;11.98;-6.058;STRONG_DOWN;-2;-78.4;-3;1
2026.01.21 15:00;4366.00000;4369.00000;4304.00000;4308.00000;29.02;10.44;37.09;5.81;9.14;-7.454;EXPLOSIVE_DOWN;-3;-80.7;-3;1
2026.01.21 14:45;4365.00000;4387.00000;4348.00000;4366.00000;24.86;12.04;32.38;9.26;12.80;-6.208;EXPLOSIVE_DOWN;-3;-79.1;-3;1
2026.01.21 14:30;4404.00000;4405.00000;4362.00000;4365.00000;21.64;13.90;31.84;12.35;15.68;-6.230;EXPLOSIVE_DOWN;-3;-79.3;-3;1
2026.01.21 14:15;4435.00000;4444.00000;4390.00000;4404.00000;18.94;16.03;26.72;16.80;16.57;-5.392;STRONG_DOWN;-2;-77.9;-3;1
2026.01.21 14:00;4446.00000;4462.00000;4412.00000;4435.00000;18.01;18.50;24.56;17.89;16.71;-4.726;STRONG_DOWN;-2;-76.5;-3;1
2026.01.21 13:45;4460.00000;4486.00000;4442.00000;4446.00000;18.61;21.35;19.11;15.02;16.40;-4.490;STRONG_DOWN;-2;-76;-3;1
2026.01.21 13:30;4465.00000;4496.00000;4448.00000;4460.00000;20.63;24.63;19.95;17.23;18.23;-4.189;STRONG_DOWN;-2;-75.3;-3;1
2026.01.21 13:15;4462.00000;4471.00000;4451.00000;4465.00000;22.18;20.41;23.02;16.96;21.67;-4.082;STRONG_DOWN;-2;-75.2;-3;1
2026.01.21 13:00;4471.00000;4487.00000;4449.00000;4462.00000;24.67;23.55;26.56;20.50;24.30;-4.146;STRONG_DOWN;-2;-75.7;-3;1
2026.01.21 12:45;4489.00000;4490.00000;4471.00000;4471.00000;27.54;27.17;21.74;27.54;24.19;-3.953;STRONG_DOWN;-2;-75.3;-3;1
2026.01.21 12:30;4502.00000;4528.00000;4480.00000;4489.00000;30.07;31.35;17.80;24.85;21.94;-3.566;SOFT_DOWN;-1;-74.1;-3;1
2026.01.21 12:15;4478.00000;4503.00000;4469.00000;4502.00000;30.45;28.16;20.54;20.18;27.71;-3.287;SOFT_DOWN;-1;-73.2;-3;1
2026.01.21 12:00;4490.00000;4492.00000;4462.00000;4477.00000;32.73;27.51;23.69;20.80;43.46;-3.824;STRONG_DOWN;-2;-75.7;-3;1
2026.01.21 11:45;4500.00000;4511.00000;4476.00000;4490.00000;36.62;31.75;20.16;42.15;61.58;-3.545;SOFT_DOWN;-1;-74.9;-3;1
2026.01.21 11:30;4495.00000;4556.00000;4495.00000;4501.00000;38.82;36.63;14.91;67.43;71.35;-3.308;SOFT_DOWN;-1;-74.2;-3;1
2026.01.21 11:15;4547.00000;4578.00000;4491.00000;4497.00000;38.31;42.27;17.20;75.17;69.23;-3.394;SOFT_DOWN;-1;-74.9;-3;1
2026.01.21 11:00;4549.00000;4582.00000;4539.00000;4548.00000;37.72;48.77;11.36;71.47;59.77;-2.299;SOFT_DOWN;-1;-68.8;-3;1
2026.01.21 10:45;4488.00000;4564.00000;4488.00000;4550.00000;33.95;49.83;13.11;61.06;47.29;-2.256;SOFT_DOWN;-1;-68.8;-3;1
2026.01.21 10:30;4458.00000;4493.00000;4457.00000;4488.00000;30.20;43.12;15.13;46.78;37.21;-3.588;SOFT_DOWN;-1;-76.6;-3;1
2026.01.21 10:15;4375.00000;4458.00000;4367.00000;4458.00000;27.45;34.80;17.46;34.04;34.10;-4.232;STRONG_DOWN;-2;-78.9;-3;1
2026.01.21 10:00;4326.00000;4408.00000;4308.00000;4375.00000;26.57;31.70;20.14;30.81;49.33;-6.015;STRONG_DOWN;-2;-82.3;-3;1
2026.01.21 09:45;4655.00000;4655.00000;4242.00000;4326.00000;27.23;36.58;23.24;37.46;55.59;-7.068;EXPLOSIVE_DOWN;-3;-83.6;-3;1
2026.01.20 18:15;4641.00000;4666.00000;4641.00000;4657.00000;27.99;42.21;12.02;79.71;53.12;-5.249;STRONG_DOWN;-2;-74.2;-3;1
2026.01.20 18:00;4624.00000;4641.00000;4611.00000;4641.00000;23.73;33.32;13.87;49.62;32.10;-5.575;STRONG_DOWN;-2;-75.3;-3;1
2026.01.20 17:45;4617.00000;4632.00000;4615.00000;4624.00000;21.04;33.83;16.01;30.03;18.92;-5.921;STRONG_DOWN;-2;-76.3;-3;1
2026.01.20 17:30;4612.00000;4616.00000;4606.00000;4616.00000;18.78;24.55;18.47;16.67;13.07;-6.083;STRONG_DOWN;-2;-76.9;-3;1
2026.01.20 17:15;4591.00000;4612.00000;4589.00000;4612.00000;19.50;22.17;21.31;10.08;19.10;-6.165;EXPLOSIVE_DOWN;-3;-77.2;-3;1
2026.01.20 17:00;4594.00000;4598.00000;4584.00000;4589.00000;22.19;16.22;24.59;12.46;30.51;-6.633;EXPLOSIVE_DOWN;-3;-78.2;-3;1
2026.01.20 16:45;4656.00000;4657.00000;4587.00000;4593.00000;22.45;18.71;25.08;34.75;38.47;-6.551;EXPLOSIVE_DOWN;-3;-78.3;-3;1
2026.01.20 16:30;4686.00000;4714.00000;4658.00000;4658.00000;23.67;21.59;13.55;44.30;32.04;-5.229;STRONG_DOWN;-2;-75.6;-3;1
2026.01.20 16:15;4641.00000;4693.00000;4626.00000;4686.00000;23.79;19.15;15.64;36.36;24.63;-4.659;STRONG_DOWN;-2;-74.2;-3;1
2026.01.20 16:00;4640.00000;4664.00000;4635.00000;4641.00000;25.90;15.43;18.04;15.45;22.48;-5.575;STRONG_DOWN;-2;-76.9;-3;1
2026.01.20 15:45;4642.00000;4653.00000;4629.00000;4639.00000;28.68;11.97;20.82;22.08;35.16;-5.615;STRONG_DOWN;-2;-77.2;-3;1
2026.01.20 15:30;4662.00000;4679.00000;4628.00000;4642.00000;28.95;13.81;24.02;29.91;49.02;-5.554;STRONG_DOWN;-2;-77.2;-3;1
2026.01.20 15:15;4662.00000;4687.00000;4649.00000;4662.00000;29.25;15.94;21.38;53.48;64.40;-5.148;STRONG_DOWN;-2;-76.5;-3;1
2026.01.20 15:00;4695.00000;4710.00000;4661.00000;4662.00000;31.50;18.39;19.81;63.68;71.44;-5.148;STRONG_DOWN;-2;-76.7;-3;1
2026.01.20 14:45;4667.00000;4706.00000;4647.00000;4695.00000;35.78;19.97;22.86;76.05;75.65;-4.476;STRONG_DOWN;-2;-75;-3;1
2026.01.20 14:30;4672.00000;4677.00000;4634.00000;4666.00000;40.24;15.47;26.38;74.58;71.60;-5.066;STRONG_DOWN;-2;-76.9;-3;1
2026.01.20 14:15;4677.00000;4690.00000;4668.00000;4672.00000;42.42;17.86;18.27;76.32;59.33;-4.944;STRONG_DOWN;-2;-76.8;-3;1
2026.01.20 14:00;4661.00000;4692.00000;4654.00000;4677.00000;48.77;20.60;21.09;63.89;39.89;-4.842;STRONG_DOWN;-2;-76.8;-3;1
2026.01.20 13:45;4636.00000;4670.00000;4628.00000;4661.00000;56.10;14.87;24.33;37.78;27.79;-5.168;STRONG_DOWN;-2;-77.8;-3;1
2026.01.20 13:30;4624.00000;4639.00000;4612.00000;4636.00000;61.01;5.80;28.07;18.01;27.39;-5.677;STRONG_DOWN;-2;-79.1;-3;1
2026.01.20 13:15;4625.00000;4637.00000;4616.00000;4624.00000;60.28;6.69;30.11;27.59;33.12;-5.921;STRONG_DOWN;-2;-79.7;-3;1
2026.01.20 13:00;4675.00000;4679.00000;4612.00000;4625.00000;59.76;7.72;34.75;36.57;31.39;-5.900;STRONG_DOWN;-2;-79.9;-3;1
2026.01.20 12:45;4664.00000;4680.00000;4655.00000;4675.00000;59.16;8.91;30.22;35.21;27.27;-4.883;STRONG_DOWN;-2;-78;-3;1
2026.01.20 12:30;4632.00000;4670.00000;4612.00000;4664.00000;59.89;4.12;34.87;22.39;28.18;-5.107;STRONG_DOWN;-2;-78.8;-3;1
2026.01.20 12:15;4679.00000;4701.00000;4629.00000;4633.00000;56.97;4.76;35.72;24.20;34.26;-5.738;STRONG_DOWN;-2;-80.2;-3;1
2026.01.20 12:00;4717.00000;4727.00000;4670.00000;4679.00000;53.96;5.49;32.46;37.93;33.77;-4.802;STRONG_DOWN;-2;-78.5;-3;1
2026.01.20 11:45;4711.00000;4719.00000;4690.00000;4717.00000;51.33;6.33;32.05;40.63;27.67;-4.028;STRONG_DOWN;-2;-76.7;-3;1
2026.01.20 11:30;4725.00000;4732.00000;4707.00000;4711.00000;48.92;7.31;27.96;22.74;18.97;-4.151;STRONG_DOWN;-2;-77.3;-3;1
2026.01.20 11:15;4688.00000;4729.00000;4662.00000;4725.00000;47.43;6.58;32.26;19.63;15.26;-3.866;STRONG_DOWN;-2;-76.7;-3;1
2026.01.20 11:00;4765.00000;4765.00000;4674.00000;4690.00000;44.56;7.60;34.47;14.54;10.61;-4.578;STRONG_DOWN;-2;-79;-3;1
2026.01.20 10:45;4760.00000;4770.00000;4713.00000;4765.00000;41.59;8.76;33.18;11.61;6.52;-3.052;SOFT_DOWN;-1;-74;-3;1
2026.01.20 10:30;4731.00000;4767.00000;4706.00000;4760.00000;39.03;9.30;38.29;5.68;3.89;-3.154;SOFT_DOWN;-1;-74.9;-3;1
2026.01.20 10:15;4849.00000;4857.00000;4730.00000;4731.00000;35.66;10.73;38.13;2.27;4.44;-3.744;STRONG_DOWN;-2;-77.5;-3;1
2026.01.20 10:00;4930.00000;4934.00000;4849.00000;4850.00000;32.52;12.39;29.58;3.74;12.66;-1.322;NEUTRE;0;-58.4;-2;1
2026.01.20 09:45;4915.00000;4954.00000;4914.00000;4930.00000;31.23;14.29;22.36;7.31;30.19;0.305;NEUTRE;0;21.1;0;1
2026.01.19 13:00;5085.00000;5085.00000;5085.00000;5085.00000;32.64;16.49;10.42;26.92;54.05;0.000;NEUTRE;0;0;0;1
2026.01.19 12:00;5085.00000;5085.00000;5085.00000;5085.00000;34.19;19.03;12.02;56.34;72.12;0.000;NEUTRE;0;0;0;1
2026.01.16 18:15;5091.00000;5101.00000;5090.00000;5095.00000;35.98;21.96;6.18;78.90;80.71;1.920;SOFT_UP;1;52.3;2;1
2026.01.16 18:00;5093.00000;5097.00000;5091.00000;5092.00000;32.89;19.74;7.13;81.12;80.99;1.860;SOFT_UP;1;51.8;2;1
2026.01.16 17:45;5091.00000;5095.00000;5088.00000;5093.00000;30.72;17.65;8.22;82.10;73.46;1.880;SOFT_UP;1;52.5;2;1
2026.01.16 17:30;5089.00000;5097.00000;5088.00000;5091.00000;29.85;20.36;9.49;79.75;56.35;1.840;NEUTRE;0;52.3;2;1
2026.01.16 17:15;5086.00000;5101.00000;5081.00000;5090.00000;28.84;23.49;10.95;58.52;35.87;1.820;NEUTRE;0;52.4;2;1
2026.01.16 17:00;5068.00000;5088.00000;5066.00000;5086.00000;27.67;17.11;12.63;30.77;19.38;1.740;NEUTRE;0;51.6;2;1
2026.01.16 16:45;5047.00000;5097.00000;5047.00000;5068.00000;29.61;19.74;14.58;18.30;12.75;1.380;NEUTRE;0;45.4;2;1
2026.01.16 16:30;5067.00000;5080.00000;5047.00000;5047.00000;31.85;17.55;16.82;9.06;10.46;0.960;NEUTRE;0;35.6;1;1
2026.01.16 16:15;5052.00000;5070.00000;5047.00000;5067.00000;36.43;15.59;19.41;10.89;13.79;1.360;NEUTRE;0;45.9;2;1
2026.01.16 16:00;5089.00000;5089.00000;5047.00000;5052.00000;40.35;17.98;22.39;11.42;19.00;1.060;NEUTRE;0;39.2;1;1
2026.01.16 15:45;5106.00000;5119.00000;5082.00000;5090.00000;44.88;20.75;13.32;19.05;30.42;1.820;NEUTRE;0;54.9;2;1
2026.01.16 15:30;5111.00000;5120.00000;5082.00000;5106.00000;48.42;23.94;15.37;26.53;45.41;2.140;SOFT_UP;1;59.5;2;1
2026.01.16 15:15;5112.00000;5126.00000;5089.00000;5112.00000;52.52;27.63;14.90;45.70;65.25;2.260;SOFT_UP;1;61.3;2;1
2026.01.16 15:00;5158.00000;5171.00000;5105.00000;5112.00000;55.99;31.88;10.53;64.00;80.15;2.260;SOFT_UP;1;61.7;2;1
2026.01.16 14:45;5152.00000;5182.00000;5144.00000;5158.00000;56.86;36.78;3.06;86.06;88.18;3.181;SOFT_UP;1;69.4;3;1
2026.01.16 14:30;5117.00000;5166.00000;5109.00000;5152.00000;52.59;35.96;3.54;90.39;86.80;3.061;SOFT_UP;1;69;3;1
2026.01.16 14:15;5102.00000;5118.00000;5088.00000;5116.00000;48.05;28.54;4.08;88.10;84.50;2.340;SOFT_UP;1;63.7;2;1
2026.01.16 14:00;5091.00000;5107.00000;5082.00000;5101.00000;43.91;27.29;4.71;81.90;84.44;2.040;SOFT_UP;1;60.9;2;1
2026.01.16 13:45;5089.00000;5109.00000;5074.00000;5090.00000;39.80;31.49;5.43;83.50;86.72;1.820;NEUTRE;0;58.5;2;1
2026.01.16 13:30;5084.00000;5112.00000;5074.00000;5088.00000;35.07;36.33;6.27;87.93;81.24;1.780;NEUTRE;0;58.4;2;1
2026.01.16 13:15;5032.00000;5088.00000;5031.00000;5084.00000;29.61;32.20;7.23;88.74;70.32;1.700;NEUTRE;0;57.7;2;1
2026.01.16 13:00;5012.00000;5032.00000;5010.00000;5032.00000;24.42;22.04;8.34;67.05;62.51;0.660;NEUTRE;0;32;1;1
2026.01.16 12:45;5008.00000;5018.00000;5007.00000;5012.00000;21.24;15.64;9.63;55.17;67.01;0.260;NEUTRE;0;14.1;0;1
2026.01.16 12:30;5013.00000;5016.00000;5004.00000;5009.00000;20.84;15.25;11.11;65.31;75.81;0.200;NEUTRE;0;11.1;0;1
2026.01.16 12:15;5018.00000;5020.00000;4998.00000;5015.00000;21.63;17.60;12.82;80.56;75.75;0.320;NEUTRE;0;17.8;0;1
2026.01.16 12:00;5021.00000;5025.00000;5006.00000;5017.00000;22.54;20.30;9.19;81.58;63.54;0.360;NEUTRE;0;20.3;0;1
2026.01.16 11:45;5013.00000;5021.00000;5006.00000;5021.00000;20.21;20.19;10.61;65.12;48.67;0.440;NEUTRE;0;24.8;0;1
2026.01.16 11:30;5007.00000;5024.00000;5006.00000;5014.00000;18.54;23.29;12.24;43.92;38.20;0.300;NEUTRE;0;17.8;0;1
2026.01.16 11:15;4997.00000;5010.00000;4992.00000;5006.00000;16.60;14.91;14.12;36.97;36.20;0.140;NEUTRE;0;8.7;0;1
2026.01.16 11:00;5007.00000;5007.00000;4987.00000;4997.00000;18.73;14.64;16.29;33.72;42.90;-0.040;NEUTRE;0;-2.6;0;1
2026.01.16 10:45;4999.00000;5020.00000;4994.00000;5007.00000;20.80;16.90;13.42;37.91;53.55;0.160;NEUTRE;0;10.4;0;1
2026.01.16 10:30;4999.00000;5020.00000;4985.00000;4996.00000;22.23;19.49;15.48;57.07;67.30;-0.060;NEUTRE;0;-4;0;1
2026.01.16 10:15;5034.00000;5038.00000;4998.00000;4998.00000;23.88;22.49;12.15;65.68;72.14;-0.020;NEUTRE;0;-1.4;0;1
2026.01.16 10:00;5003.00000;5032.00000;4982.00000;5032.00000;22.96;23.65;14.02;79.15;74.79;0.660;NEUTRE;0;39.1;1;1
2026.01.16 09:45;4999.00000;5038.00000;4999.00000;5003.00000;22.56;27.29;10.94;71.59;63.74;0.080;NEUTRE;0;5.8;0;1
2026.01.15 18:15;4978.00000;4988.00000;4978.00000;4985.00000;19.45;16.97;12.62;73.64;52.50;1.797;NEUTRE;0;50.5;2;1
2026.01.15 18:00;4972.00000;4988.00000;4972.00000;4979.00000;20.19;19.58;14.57;46.00;39.30;1.674;NEUTRE;0;48.9;2;1
2026.01.15 17:45;4959.00000;4976.00000;4959.00000;4972.00000;21.03;11.05;16.81;37.87;38.96;1.532;NEUTRE;0;46.7;2;1
2026.01.15 17:30;4975.00000;4979.00000;4947.00000;4959.00000;21.09;12.75;19.39;34.04;38.09;1.266;NEUTRE;0;41.7;1;1
2026.01.15 17:15;4973.00000;4981.00000;4972.00000;4975.00000;21.16;14.72;10.36;44.97;37.45;1.593;NEUTRE;0;48.7;2;1
2026.01.15 17:00;4982.00000;4991.00000;4972.00000;4973.00000;21.74;16.98;11.95;35.27;30.49;1.552;NEUTRE;0;48.3;2;1
2026.01.15 16:45;4968.00000;4987.00000;4950.00000;4981.00000;22.41;16.35;13.79;32.12;25.34;1.715;NEUTRE;0;51.6;2;1
2026.01.15 16:30;4988.00000;5009.00000;4948.00000;4969.00000;24.55;18.87;15.91;24.07;17.89;1.470;NEUTRE;0;47.7;2;1
2026.01.15 16:15;4976.00000;5011.00000;4971.00000;4988.00000;27.02;21.77;12.56;19.82;16.73;1.858;SOFT_UP;1;54.6;2;1
2026.01.15 16:00;4969.00000;4983.00000;4954.00000;4977.00000;27.04;14.35;14.49;9.79;17.62;1.634;NEUTRE;0;51.5;2;1
2026.01.15 15:45;4972.00000;4997.00000;4960.00000;4969.00000;31.13;16.56;13.53;20.60;27.39;1.470;NEUTRE;0;49;2;1
2026.01.15 15:30;5045.00000;5046.00000;4972.00000;4972.00000;34.37;19.11;10.63;22.46;34.17;1.532;NEUTRE;0;50.6;2;1
2026.01.15 15:15;5007.00000;5067.00000;4992.00000;5045.00000;35.27;22.05;8.10;39.10;46.98;3.022;SOFT_UP;1;67.7;3;1
2026.01.15 15:00;5024.00000;5047.00000;5006.00000;5006.00000;33.58;21.34;9.35;40.94;59.11;2.226;SOFT_UP;1;61.3;2;1
2026.01.15 14:45;5045.00000;5052.00000;5013.00000;5024.00000;32.74;24.62;8.16;60.89;71.56;2.593;SOFT_UP;1;65.2;3;1
2026.01.15 14:30;5029.00000;5079.00000;5024.00000;5044.00000;30.06;28.41;5.08;75.50;71.26;3.002;SOFT_UP;1;68.6;3;1
2026.01.15 14:15;5021.00000;5036.00000;5019.00000;5029.00000;23.96;20.75;5.86;78.29;64.33;2.696;SOFT_UP;1;66.8;3;1
2026.01.15 14:00;5007.00000;5025.00000;4997.00000;5019.00000;19.04;13.99;6.76;60.00;56.41;2.491;SOFT_UP;1;65.5;3;1
2026.01.15 13:45;4982.00000;5026.00000;4982.00000;5007.00000;16.61;16.14;7.80;54.69;58.25;2.246;SOFT_UP;1;63.6;2;1
2026.01.15 13:30;5000.00000;5006.00000;4982.00000;4982.00000;13.81;11.63;9.00;54.55;60.15;1.736;NEUTRE;0;57.7;2;1
2026.01.15 13:15;4994.00000;5006.00000;4982.00000;4999.00000;13.98;13.42;10.39;65.52;60.02;2.083;SOFT_UP;1;62.7;2;1
2026.01.15 13:00;4987.00000;5010.00000;4977.00000;4994.00000;14.17;15.49;11.99;60.38;51.27;1.981;SOFT_UP;1;61.9;2;1
2026.01.15 12:45;4987.00000;4994.00000;4979.00000;4987.00000;14.39;10.41;13.83;54.17;39.56;1.838;NEUTRE;0;60.6;2;1
2026.01.15 12:30;4982.00000;4993.00000;4973.00000;4987.00000;14.43;10.99;15.96;39.25;27.62;1.838;NEUTRE;0;61.1;2;1
2026.01.15 12:15;4976.00000;5000.00000;4968.00000;4982.00000;13.81;12.68;18.42;25.25;23.47;1.736;NEUTRE;0;60.2;2;1
2026.01.15 12:00;4989.00000;4994.00000;4968.00000;4977.00000;13.10;11.74;21.25;18.37;35.89;1.634;NEUTRE;0;59.2;2;1
2026.01.15 11:45;4992.00000;4996.00000;4989.00000;4989.00000;10.68;13.55;12.09;26.80;57.24;1.879;SOFT_UP;1;63.1;2;1
2026.01.15 11:30;4989.00000;4995.00000;4989.00000;4990.00000;11.45;13.44;13.95;62.50;75.16;1.899;SOFT_UP;1;63.8;2;1
2026.01.15 11:15;4997.00000;4997.00000;4987.00000;4989.00000;12.92;15.50;16.10;82.41;78.16;1.879;SOFT_UP;1;64.1;2;1
2026.01.15 11:00;5002.00000;5011.00000;4987.00000;4997.00000;14.62;17.89;18.58;80.57;71.41;2.042;SOFT_UP;1;66.4;3;1
2026.01.15 10:45;5010.00000;5011.00000;4997.00000;5002.00000;16.58;20.64;15.03;71.50;61.08;2.144;SOFT_UP;1;67.8;3;1
2026.01.15 10:30;4983.00000;5014.00000;4983.00000;5010.00000;16.71;23.82;17.34;62.17;53.07;2.308;SOFT_UP;1;69.7;3;1
2026.01.15 10:15;4986.00000;5001.00000;4972.00000;4983.00000;16.85;21.03;20.00;49.56;46.35;1.756;NEUTRE;0;64.6;2;1
2026.01.15 10:00;4927.00000;4997.00000;4911.00000;4987.00000;19.06;22.14;23.08;47.47;49.93;1.838;NEUTRE;0;66.2;3;1
2026.01.15 09:45;4897.00000;4936.00000;4852.00000;4927.00000;21.67;14.64;26.63;42.00;48.75;0.613;NEUTRE;0;37.7;1;1
2026.01.14 18:15;5073.00000;5076.00000;5064.00000;5072.00000;20.54;16.89;15.90;60.31;51.42;-2.965;SOFT_DOWN;-1;-63.4;-2;1
2026.01.14 18:00;5073.00000;5080.00000;5068.00000;5073.00000;23.23;19.49;13.22;43.95;49.63;-2.946;SOFT_DOWN;-1;-63.6;-2;1
2026.01.14 17:45;5062.00000;5082.00000;5058.00000;5075.00000;23.86;22.49;15.26;50.00;55.52;-2.908;SOFT_DOWN;-1;-63.6;-2;1
2026.01.14 17:30;5067.00000;5067.00000;5047.00000;5062.00000;24.59;16.33;17.61;54.93;63.05;-3.157;SOFT_DOWN;-1;-65.8;-3;1
2026.01.14 17:15;5058.00000;5071.00000;5056.00000;5067.00000;27.79;18.84;13.39;61.64;70.10;-3.061;SOFT_DOWN;-1;-65.4;-3;1
2026.01.14 17:00;5055.00000;5066.00000;5054.00000;5058.00000;29.47;16.61;15.45;72.59;76.51;-3.233;SOFT_DOWN;-1;-66.9;-3;1
2026.01.14 16:45;5104.00000;5108.00000;5054.00000;5054.00000;33.44;19.17;17.83;76.06;70.96;-3.310;SOFT_DOWN;-1;-67.7;-3;1
2026.01.14 16:30;5048.00000;5107.00000;5048.00000;5103.00000;38.03;21.83;20.57;80.89;62.50;-2.372;SOFT_DOWN;-1;-60.5;-2;1
2026.01.14 16:15;5007.00000;5080.00000;4990.00000;5048.00000;43.43;18.15;23.74;55.91;49.81;-3.425;SOFT_DOWN;-1;-68.9;-3;1
2026.01.14 16:00;4990.00000;5011.00000;4983.00000;5007.00000;48.05;9.15;27.39;50.69;43.23;-4.209;STRONG_DOWN;-2;-72.8;-3;1
2026.01.14 15:45;5024.00000;5024.00000;4973.00000;4990.00000;47.77;10.55;31.60;42.81;32.44;-4.534;STRONG_DOWN;-2;-74.2;-3;1
2026.01.14 15:30;5005.00000;5031.00000;4997.00000;5023.00000;47.43;12.18;29.22;36.17;21.46;-3.903;STRONG_DOWN;-2;-72.1;-3;1
2026.01.14 15:15;4984.00000;5012.00000;4977.00000;5004.00000;48.40;5.45;33.72;18.35;10.57;-4.266;STRONG_DOWN;-2;-73.8;-3;1
2026.01.14 15:00;5007.00000;5007.00000;4958.00000;4983.00000;44.74;4.10;38.91;9.87;7.60;-4.668;STRONG_DOWN;-2;-75.4;-3;1
2026.01.14 14:45;5047.00000;5057.00000;5007.00000;5007.00000;39.17;4.73;29.51;3.49;6.47;-4.209;STRONG_DOWN;-2;-74.1;-3;1
2026.01.14 14:30;5036.00000;5074.00000;5034.00000;5047.00000;34.06;5.45;25.74;9.42;7.84;-3.444;SOFT_DOWN;-1;-71.1;-3;1
2026.01.14 14:15;5073.00000;5077.00000;5036.00000;5036.00000;29.30;6.29;28.93;6.50;7.33;-3.654;SOFT_DOWN;-1;-72.4;-3;1
2026.01.14 14:00;5098.00000;5099.00000;5050.00000;5073.00000;23.92;7.26;28.13;7.59;11.32;-2.946;SOFT_DOWN;-1;-68.9;-3;1
2026.01.14 13:45;5110.00000;5134.00000;5098.00000;5098.00000;18.53;8.38;17.38;7.92;18.73;-2.468;SOFT_DOWN;-1;-65.7;-3;1
2026.01.14 13:30;5135.00000;5151.00000;5110.00000;5110.00000;16.00;9.67;14.93;18.44;23.86;-2.238;SOFT_DOWN;-1;-63.9;-2;1
2026.01.14 13:15;5142.00000;5164.00000;5122.00000;5137.00000;15.17;11.15;12.72;29.83;25.91;-1.722;NEUTRE;0;-58;-2;1
2026.01.14 13:00;5166.00000;5187.00000;5118.00000;5144.00000;16.49;12.87;14.68;23.32;27.04;-1.588;NEUTRE;0;-56.4;-2;1
2026.01.14 12:45;5149.00000;5177.00000;5140.00000;5166.00000;18.02;14.85;12.03;24.59;33.45;-1.167;NEUTRE;0;-48.4;-2;1
2026.01.14 12:30;5174.00000;5176.00000;5142.00000;5149.00000;19.18;17.13;13.05;33.21;39.86;-1.492;NEUTRE;0;-55.8;-2;1
2026.01.14 12:15;5192.00000;5192.00000;5147.00000;5174.00000;20.05;19.77;12.80;42.54;38.28;-1.014;NEUTRE;0;-45.5;-2;1
2026.01.14 12:00;5172.00000;5211.00000;5163.00000;5193.00000;19.84;22.81;9.42;43.84;31.32;-0.650;NEUTRE;0;-33.7;-1;1
2026.01.14 11:45;5174.00000;5178.00000;5160.00000;5172.00000;16.50;15.74;10.86;28.47;22.23;-1.052;NEUTRE;0;-47.8;-2;1
2026.01.14 11:30;5155.00000;5231.00000;5147.00000;5173.00000;16.22;18.16;12.54;21.66;18.71;-1.033;NEUTRE;0;-47.9;-2;1
2026.01.14 11:15;5157.00000;5176.00000;5153.00000;5156.00000;15.89;10.89;14.46;16.56;22.14;-1.358;NEUTRE;0;-56.1;-2;1
2026.01.14 11:00;5174.00000;5188.00000;5139.00000;5156.00000;16.17;12.56;16.69;17.92;27.84;-1.358;NEUTRE;0;-56.7;-2;1
2026.01.14 10:45;5178.00000;5198.00000;5155.00000;5175.00000;16.48;14.49;14.23;31.94;34.32;-0.995;NEUTRE;0;-48.7;-2;1
2026.01.14 10:30;5212.00000;5213.00000;5165.00000;5176.00000;18.88;16.72;12.84;33.66;32.52;-0.976;NEUTRE;0;-48.9;-2;1
2026.01.14 10:15;5187.00000;5250.00000;5179.00000;5215.00000;19.77;19.30;10.51;37.38;31.03;-0.230;NEUTRE;0;-15.4;0;1
2026.01.14 10:00;5186.00000;5222.00000;5156.00000;5181.00000;18.28;16.20;12.13;26.53;28.29;-0.880;NEUTRE;0;-47.3;-2;1
2026.01.14 09:45;5227.00000;5259.00000;5160.00000;5190.00000;18.88;18.69;13.06;29.19;35.39;-0.708;NEUTRE;0;-41.8;-1;1