time;open;high;low;close;adx14;plus_di;minus_di;stoch_k;stoch_d;intraday_change;intraday_level;intraday_force;theta_deg;theta_level;is_active
2026.07.14 18:00;29862.25;29876.25;29810.25;29827.25;27.47;24.08;11.35;80.88;73.86;1.386;STRONG_UP;2;75;3;1
2026.07.14 17:00;29825.50;29864.50;29807.25;29862.00;26.17;25.05;13.10;75.17;67.47;1.504;STRONG_UP;2;76.9;3;1
2026.07.14 16:00;29784.75;29828.50;29704.00;29825.50;25.38;19.23;15.11;65.52;62.66;1.380;STRONG_UP;2;76.5;3;1
2026.07.14 15:00;29774.25;29894.00;29753.25;29785.00;27.44;22.19;11.35;61.72;61.63;1.242;STRONG_UP;2;76;3;1
2026.07.14 14:00;29779.50;29833.75;29566.75;29773.00;26.70;19.01;13.10;60.75;61.77;1.202;STRONG_UP;2;76.5;3;1
2026.07.14 13:00;29771.75;29830.50;29684.75;29779.25;27.97;21.94;8.32;62.41;63.93;1.223;STRONG_UP;2;77.6;3;1
2026.07.14 12:00;29631.50;29919.00;29569.00;29771.75;25.34;25.31;9.59;62.16;66.16;1.197;STRONG_UP;2;78.3;3;1
2026.07.14 11:00;29604.50;29669.25;29553.50;29632.00;22.32;18.23;11.07;67.22;70.25;0.722;SOFT_UP;1;72.5;3;1
2026.07.14 10:00;29600.75;29631.50;29576.75;29605.25;21.99;16.02;12.77;69.10;72.99;0.631;SOFT_UP;1;71.9;3;1
2026.07.14 09:00;29570.75;29627.50;29557.00;29600.75;23.64;17.36;14.74;74.42;76.77;0.616;SOFT_UP;1;73.2;3;1
2026.07.14 08:00;29573.25;29634.25;29546.75;29571.00;26.02;20.03;17.01;75.45;79.63;0.515;NEUTRE;0;72.2;3;1
2026.07.14 07:00;29563.00;29620.00;29544.50;29572.00;28.77;20.60;19.62;80.43;80.08;0.518;NEUTRE;0;74.4;3;1
2026.07.14 06:00;29590.50;29648.00;29561.75;29563.25;32.82;23.77;19.13;83.00;72.08;0.489;NEUTRE;0;75.8;3;0
2026.07.14 05:00;29508.00;29630.00;29488.00;29591.25;36.20;24.22;22.07;76.80;59.64;0.584;SOFT_UP;1;80;3;0
2026.07.14 04:00;29423.25;29515.25;29371.00;29508.00;41.05;15.52;25.46;56.45;53.85;0.301;NEUTRE;0;74.6;3;0
2026.07.14 03:00;29386.25;29426.75;29302.25;29423.25;43.63;8.46;29.38;45.68;56.56;0.013;NEUTRE;0;11.8;0;0
2026.07.14 02:00;29446.00;29487.25;29365.50;29386.75;41.84;9.77;26.09;59.43;57.61;-0.111;NEUTRE;0;-69.6;-3;0
2026.07.14 01:00;29519.75;29539.25;29435.75;29446.25;41.27;11.27;21.22;64.58;45.22;0.091;NEUTRE;0;;;0
2026.07.14 00:00;29419.50;29533.00;29325.00;29520.25;42.91;12.07;24.49;48.81;28.84;0.342;NEUTRE;0;;;0
2026.07.13 23:00;29397.75;29421.75;29326.25;29419.00;44.29;5.70;28.25;22.26;18.13;-1.579;STRONG_DOWN;-2;-73.2;-3;0
2026.07.13 22:00;29468.75;29478.00;29393.50;29397.75;40.89;6.58;21.77;15.44;15.19;-1.650;STRONG_DOWN;-2;-74.6;-3;0
2026.07.13 20:00;29465.50;29472.75;29387.25;29429.50;38.93;6.64;25.12;16.69;14.63;-1.544;STRONG_DOWN;-2;-75;-3;0
2026.07.13 19:00;29491.75;29523.25;29394.50;29465.00;35.97;7.66;27.68;13.45;16.68;-1.425;STRONG_DOWN;-2;-74.6;-3;1
2026.07.13 18:00;29478.75;29537.75;29453.75;29491.75;32.79;8.83;24.85;13.76;27.24;-1.336;STRONG_DOWN;-2;-74.4;-3;1
2026.07.13 17:00;29525.00;29579.25;29467.50;29478.25;30.51;10.19;26.16;22.81;39.67;-1.381;STRONG_DOWN;-2;-75.7;-3;1
2026.07.13 16:00;29610.25;29637.25;29459.75;29525.00;28.45;11.76;30.18;45.13;50.45;-1.224;STRONG_DOWN;-2;-74.9;-3;1
2026.07.13 15:00;29717.25;29750.75;29595.75;29610.00;26.07;13.57;23.04;51.06;52.26;-0.940;SOFT_DOWN;-1;-71.7;-3;1
2026.07.13 14:00;29629.25;29722.25;29489.25;29716.00;26.11;12.83;26.58;55.15;58.57;-0.585;SOFT_DOWN;-1;-63.7;-2;1
2026.07.13 13:00;29717.50;29746.75;29517.25;29628.75;24.75;14.81;28.83;50.56;68.89;-0.877;SOFT_DOWN;-1;-73;-3;1
2026.07.13 12:00;29740.00;29756.25;29655.25;29717.25;23.62;17.08;24.01;69.99;83.59;-0.581;SOFT_DOWN;-1;-66.9;-3;1
2026.07.13 11:00;29755.25;29798.25;29728.50;29739.75;24.66;19.71;16.55;86.12;88.93;-0.506;NEUTRE;0;-65.8;-3;1
2026.07.13 10:00;29769.50;29776.75;29735.00;29755.25;27.11;18.00;19.09;94.66;80.43;-0.454;NEUTRE;0;-65.5;-3;1
2026.07.13 09:00;29745.50;29775.25;29716.75;29769.50;30.83;20.22;22.03;86.03;62.20;-0.406;NEUTRE;0;-65.4;-3;1
2026.07.13 08:00;29652.00;29752.50;29646.25;29745.75;34.91;17.35;25.42;60.61;40.44;-0.486;NEUTRE;0;-71.2;-3;1
2026.07.13 07:00;29629.00;29688.25;29606.25;29651.00;37.38;10.71;29.33;39.96;24.07;-0.803;SOFT_DOWN;-1;-79.8;-3;1
2026.07.13 06:00;29650.50;29664.50;29584.25;29629.00;35.98;7.90;33.84;20.75;11.38;-0.877;SOFT_DOWN;-1;-82;-3;0
2026.07.13 05:00;29625.75;29691.75;29542.00;29648.00;31.95;9.12;39.05;11.49;5.44;-0.813;SOFT_DOWN;-1;-82.8;-3;0
2026.07.13 04:00;29687.25;29688.00;29612.00;29626.25;27.31;10.52;37.86;1.89;3.43;-0.886;SOFT_DOWN;-1;-84.7;-3;0
2026.07.13 03:00;29715.50;29726.25;29681.75;29687.00;22.82;12.14;29.57;2.93;6.68;-0.682;SOFT_DOWN;-1;-84.8;-3;0
2026.07.13 02:00;29760.00;29806.75;29713.75;29715.25;19.90;14.01;23.05;5.46;11.64;-0.588;SOFT_DOWN;-1;-86;-3;0
2026.07.13 01:00;29833.50;29848.75;29736.25;29759.25;19.21;16.16;22.88;11.65;22.62;-0.441;NEUTRE;0;;;0
2026.07.13 00:00;29891.00;30039.50;29807.00;29833.00;19.52;18.65;16.72;17.80;41.08;-0.194;NEUTRE;0;;;0
2026.07.12 23:00;29909.00;29909.25;29843.50;29891.25;21.69;12.90;19.29;38.41;65.18;-0.200;NEUTRE;0;-22.8;0;0
2026.07.12 22:00;29951.25;29977.50;29854.75;29909.00;21.97;14.89;19.63;67.01;82.49;-0.141;NEUTRE;0;-17.2;0;0
2026.07.10 20:00;30036.25;30067.50;30030.75;30065.25;23.23;17.18;9.79;90.12;91.11;0.448;NEUTRE;0;47.3;2;0
2026.07.10 19:00;30037.00;30074.75;30024.00;30036.75;22.59;19.82;11.29;90.32;91.46;0.352;NEUTRE;0;41.9;1;1
2026.07.10 18:00;30037.25;30067.00;30022.75;30037.00;21.85;20.52;13.03;92.88;87.43;0.353;NEUTRE;0;43.5;1;1
2026.07.10 17:00;30025.75;30070.75;29995.75;30037.25;21.77;23.67;15.03;91.19;80.38;0.354;NEUTRE;0;45.2;2;1
2026.07.10 16:00;29943.50;30041.00;29943.50;30025.75;21.69;21.21;17.34;78.23;70.01;0.316;NEUTRE;0;43.7;1;1
2026.07.10 15:00;29816.50;29989.75;29779.50;29943.50;23.48;16.39;20.01;71.71;65.61;0.041;NEUTRE;0;7.5;0;1
2026.07.10 14:00;29922.00;29964.50;29674.50;29816.25;25.56;17.07;23.09;60.10;63.18;-0.384;NEUTRE;0;-53;-2;1
2026.07.10 13:00;29799.25;29966.75;29790.25;29921.25;27.19;19.69;20.50;65.01;65.20;-0.033;NEUTRE;0;-7;0;1
2026.07.10 12:00;29814.75;29875.25;29770.50;29799.25;31.06;14.74;23.66;64.42;59.87;-0.441;NEUTRE;0;-60.6;-2;1
2026.07.10 11:00;29847.75;29886.25;29805.75;29814.00;32.27;17.01;22.12;66.17;46.18;-0.392;NEUTRE;0;-59.9;-2;1
2026.07.10 10:00;29813.75;29860.75;29804.75;29849.50;35.22;14.76;25.52;49.00;28.82;-0.273;NEUTRE;0;-52.9;-2;1
2026.07.10 09:00;29772.25;29826.00;29718.00;29813.75;36.53;7.48;29.45;23.36;17.54;-0.393;NEUTRE;0;-64.7;-2;1
2026.07.10 08:00;29771.75;29802.75;29742.25;29772.25;33.00;8.63;30.53;14.10;19.82;-0.531;SOFT_DOWN;-1;-72.7;-3;1
2026.07.10 07:00;29818.50;29824.25;29762.00;29772.25;29.47;9.96;30.20;15.16;31.93;-0.531;SOFT_DOWN;-1;-74.8;-3;1
2026.07.10 06:00;29844.25;29855.75;29774.50;29817.75;26.26;11.49;31.76;30.19;51.59;-0.379;NEUTRE;0;-71.9;-3;0
2026.07.10 05:00;29881.75;29895.50;29839.25;29844.25;23.09;13.26;24.38;50.43;66.35;-0.291;NEUTRE;0;-70.5;-3;0
2026.07.10 04:00;29931.50;29947.00;29874.50;29881.25;22.09;15.30;18.49;74.13;69.40;-0.167;NEUTRE;0;-63.7;-2;0
2026.07.10 03:00;29950.50;29962.00;29911.25;29931.50;24.04;17.65;13.54;74.49;59.16;0.001;NEUTRE;0;0.9;0;0
2026.07.10 02:00;29891.00;29950.50;29853.00;29950.25;25.70;16.88;15.62;59.57;46.04;0.063;NEUTRE;0;56.7;2;0
2026.07.10 01:00;29865.50;29921.25;29817.00;29890.75;29.06;14.87;18.03;43.43;39.87;-0.135;NEUTRE;0;;;0
2026.07.10 00:00;29931.25;29950.25;29803.50;29865.25;32.06;17.15;20.80;35.12;45.17;-0.221;NEUTRE;0;;;0
2026.07.09 23:00;29920.00;29962.00;29906.00;29931.50;35.51;19.79;13.25;41.06;59.34;1.302;STRONG_UP;2;69.9;3;0
2026.07.09 22:00;29941.00;29959.25;29903.00;29920.00;37.93;22.08;15.29;59.34;74.92;1.263;STRONG_UP;2;70.2;3;0
2026.07.09 20:00;29947.50;29972.50;29925.25;29930.00;40.97;25.48;11.56;77.60;85.16;1.297;STRONG_UP;2;72.3;3;0
2026.07.09 19:00;29938.25;29956.50;29896.25;29947.25;41.49;24.19;13.34;87.81;89.54;1.355;STRONG_UP;2;73.8;3;1
2026.07.09 18:00;29973.00;29982.50;29928.50;29938.25;43.43;27.91;7.16;90.07;86.50;1.325;STRONG_UP;2;74.3;3;1
2026.07.09 17:00;29896.00;29992.25;29892.25;29973.00;41.01;32.20;8.26;90.75;83.43;1.443;STRONG_UP;2;76.3;3;1
2026.07.09 16:00;29884.75;29922.25;29863.75;29896.00;38.21;26.39;9.53;78.68;79.03;1.182;STRONG_UP;2;74.4;3;1
2026.07.09 15:00;29787.50;29904.00;29779.25;29885.00;36.87;25.65;11.00;80.85;81.31;1.145;STRONG_UP;2;74.9;3;1
2026.07.09 14:00;29910.00;29921.50;29613.75;29786.25;36.39;29.59;12.69;77.56;74.46;0.811;SOFT_UP;1;70.4;3;1
2026.07.09 13:00;29734.50;29929.25;29670.75;29908.75;35.84;34.15;11.79;85.51;67.38;1.225;STRONG_UP;2;77.6;3;1
2026.07.09 12:00;29695.00;29785.25;29679.50;29734.50;33.86;30.83;13.60;60.31;58.08;0.635;SOFT_UP;1;68.7;3;1
2026.07.09 11:00;29599.50;29719.50;29577.00;29695.00;33.11;26.01;15.70;56.31;63.93;0.502;NEUTRE;0;65.6;3;1
2026.07.09 10:00;29643.50;29667.50;29563.00;29599.50;34.40;24.39;18.11;57.63;73.38;0.179;NEUTRE;0;40.9;1;1
2026.07.09 09:00;29660.25;29668.25;29612.00;29643.75;37.42;28.15;13.68;77.85;85.12;0.328;NEUTRE;0;60.4;2;1
2026.07.09 08:00;29682.75;29733.75;29642.25;29660.00;37.86;32.48;7.52;84.67;89.61;0.383;NEUTRE;0;66.7;3;1
2026.07.09 07:00;29611.00;29705.25;29602.50;29682.50;34.08;32.68;8.67;92.83;89.21;0.459;NEUTRE;0;72.5;3;1
2026.07.09 06:00;29605.00;29641.00;29571.00;29610.75;30.39;28.09;10.01;91.35;77.93;0.217;NEUTRE;0;60.3;2;0
2026.07.09 05:00;29552.00;29607.75;29473.25;29605.75;27.76;25.10;11.55;83.47;62.93;0.200;NEUTRE;0;62.7;2;0
2026.07.09 04:00;29504.75;29556.75;29461.75;29551.25;26.34;23.13;13.32;58.98;52.57;0.015;NEUTRE;0;10.3;0;0
2026.07.09 03:00;29428.75;29516.50;29395.75;29504.75;26.26;20.17;15.37;46.33;52.53;-0.142;NEUTRE;0;-66.4;-3;0
2026.07.09 02:00;29447.75;29574.00;29418.25;29428.50;28.22;23.27;14.87;52.41;60.51;-0.400;NEUTRE;0;-84.1;-3;0
2026.07.09 01:00;29502.50;29553.50;29444.75;29448.00;29.17;26.85;14.54;58.86;69.13;-0.334;NEUTRE;0;;;0
2026.07.09 00:00;29546.75;29560.50;29487.25;29502.50;29.08;30.98;10.76;70.27;77.78;-0.150;NEUTRE;0;;;0
2026.07.08 22:00;29424.75;29447.50;29402.50;29415.75;26.11;23.74;12.42;78.25;82.60;0.398;NEUTRE;0;41.2;1;0
2026.07.08 20:00;29456.75;29467.00;29351.50;29398.50;25.31;27.39;14.33;84.82;84.85;0.339;NEUTRE;0;39.4;1;0
2026.07.08 19:00;29404.50;29499.00;29375.75;29455.25;24.38;31.61;13.31;84.73;78.05;0.532;SOFT_UP;1;53.6;2;1
2026.07.08 18:00;29350.75;29423.00;29328.00;29404.00;21.87;26.98;15.35;84.99;69.56;0.358;NEUTRE;0;43.9;1;1
2026.07.08 17:00;29371.50;29456.00;29323.75;29351.75;21.00;31.14;17.71;64.43;62.11;0.179;NEUTRE;0;27;1;1
2026.07.08 16:00;29095.50;29376.00;29093.50;29372.00;20.01;26.62;20.44;59.27;63.11;0.248;NEUTRE;0;36.9;1;1
2026.07.08 15:00;29209.50;29222.25;29033.75;29095.75;21.06;22.34;23.58;62.63;62.98;-0.695;SOFT_DOWN;-1;-66;-3;1
2026.07.08 14:00;29365.50;29385.75;29149.75;29209.75;23.89;25.78;17.74;67.43;53.82;-0.305;NEUTRE;0;-46.5;-2;1
2026.07.08 13:00;29152.75;29397.00;29147.25;29367.50;24.72;29.75;20.47;58.89;38.59;0.233;NEUTRE;0;40.9;1;1
2026.07.08 12:00;29087.50;29236.00;29052.00;29152.25;25.69;24.40;23.62;35.13;23.44;-0.502;NEUTRE;0;-63.7;-2;1
2026.07.08 11:00;29017.25;29119.00;28972.25;29087.25;29.39;18.38;27.26;21.76;16.83;-0.724;SOFT_DOWN;-1;-72.6;-3;1
2026.07.08 10:00;28958.75;29058.50;28924.25;29017.25;30.92;14.86;31.45;13.43;16.05;-0.962;SOFT_DOWN;-1;-77.9;-3;1
2026.07.08 09:00;29008.00;29032.00;28908.25;28956.75;30.16;14.11;36.29;15.30;19.68;-1.169;STRONG_DOWN;-2;-81;-3;1
2026.07.08 08:00;29380.00;29413.00;28957.00;29008.50;28.03;16.28;35.81;19.43;24.37;-0.992;SOFT_DOWN;-1;-80.5;-3;1
2026.07.08 07:00;29327.25;29406.50;29280.00;29379.25;26.57;18.79;30.43;24.31;33.39;0.273;NEUTRE;0;62.1;2;1
2026.07.08 06:00;29346.25;29362.00;29281.25;29327.75;27.02;16.26;35.11;29.36;46.05;0.097;NEUTRE;0;38;1;0
2026.07.08 05:00;29414.25;29445.00;29310.75;29346.25;25.53;18.77;34.89;46.50;57.78;0.160;NEUTRE;0;57.1;2;0
2026.07.08 04:00;29465.75;29472.00;29374.75;29414.25;24.84;21.65;32.92;62.27;67.03;0.393;NEUTRE;0;78.1;3;0
2026.07.08 03:00;29459.75;29530.75;29459.75;29465.75;25.48;24.98;24.54;64.57;64.35;0.568;SOFT_UP;1;83.8;3;0
2026.07.08 02:00;29434.75;29473.75;29387.00;29459.50;29.27;16.52;28.32;74.25;58.37;0.547;SOFT_UP;1;85.7;3;0
2026.07.08 01:00;29542.75;29556.00;29425.50;29434.25;29.72;19.06;25.84;54.24;43.97;0.461;NEUTRE;0;;;0
2026.07.08 00:00;29299.25;29544.50;29265.75;29541.50;31.97;20.64;29.82;46.60;39.94;0.827;SOFT_UP;1;;;0
2026.07.07 23:00;29381.00;29404.50;29291.50;29299.00;34.09;16.09;34.41;31.06;39.89;-1.845;STRONG_DOWN;-2;-75.6;-3;0
2026.07.07 22:00;29323.75;29396.75;29323.75;29381.00;33.75;18.56;35.31;42.15;48.81;-1.570;STRONG_DOWN;-2;-73.8;-3;0
2026.07.07 20:00;29394.25;29435.75;29387.00;29417.00;34.16;21.42;30.31;46.45;56.17;-1.450;STRONG_DOWN;-2;-74.1;-3;0
2026.07.07 19:00;29389.50;29407.75;29270.25;29390.50;36.77;15.87;34.97;57.84;60.05;-1.539;STRONG_DOWN;-2;-75.7;-3;1
2026.07.07 18:00;29566.00;29573.25;29383.75;29389.50;36.64;18.32;27.65;64.21;53.90;-1.542;STRONG_DOWN;-2;-76.4;-3;1
2026.07.07 17:00;29538.75;29579.50;29509.25;29566.50;39.16;21.13;21.72;58.10;40.58;-0.949;SOFT_DOWN;-1;-69.7;-3;1
2026.07.07 16:00;29386.25;29557.00;29376.25;29538.75;44.97;19.46;25.06;39.39;28.11;-1.042;SOFT_DOWN;-1;-72.4;-3;1
2026.07.07 15:00;29297.00;29387.25;29247.25;29385.75;49.95;8.00;28.92;24.25;23.67;-1.554;STRONG_DOWN;-2;-78.7;-3;1
2026.07.07 14:00;29468.50;29503.50;29209.75;29301.50;48.92;9.23;33.36;20.70;26.99;-1.837;STRONG_DOWN;-2;-81;-3;1
2026.07.07 13:00;29636.25;29683.00;29419.75;29468.50;47.73;10.65;27.50;26.05;33.85;-1.277;STRONG_DOWN;-2;-78.1;-3;1
2026.07.07 12:00;29639.75;29714.75;29621.50;29641.50;48.29;12.29;19.94;34.24;41.45;-0.698;SOFT_DOWN;-1;-70.4;-3;1
2026.07.07 11:00;29659.50;29659.50;29590.75;29640.00;52.06;5.07;23.01;41.25;46.36;-0.703;SOFT_DOWN;-1;-72.1;-3;1
2026.07.07 10:00;29661.50;29687.50;29625.00;29657.50;50.25;5.85;18.88;48.86;48.45;-0.644;SOFT_DOWN;-1;-72.2;-3;1
2026.07.07 09:00;29657.75;29692.50;29621.50;29661.25;49.87;6.75;21.79;48.97;47.42;-0.631;SOFT_DOWN;-1;-73.6;-3;1
2026.07.07 08:00;29645.00;29707.75;29640.25;29657.75;49.43;7.79;21.07;47.51;42.12;-0.643;SOFT_DOWN;-1;-75.6;-3;1
2026.07.07 07:00;29688.25;29742.75;29642.50;29645.00;49.95;8.98;23.80;45.77;33.34;-0.686;SOFT_DOWN;-1;-78.1;-3;1
2026.07.07 06:00;29687.25;29699.75;29630.25;29688.25;50.69;3.77;27.47;33.09;21.42;-0.541;SOFT_DOWN;-1;-77.1;-3;0
2026.07.07 05:00;29624.00;29703.00;29557.25;29687.50;46.81;4.35;31.69;21.17;15.47;-0.544;SOFT_DOWN;-1;-79.2;-3;0
2026.07.07 04:00;29667.75;29678.75;29606.50;29624.00;42.34;5.02;31.37;9.99;12.54;-0.756;SOFT_DOWN;-1;-83.8;-3;0
2026.07.07 03:00;29745.75;29783.00;29628.50;29667.25;37.71;5.79;31.51;15.26;12.72;-0.611;SOFT_DOWN;-1;-84.2;-3;0
2026.07.07 02:00;29771.50;29818.00;29737.75;29746.00;32.91;6.68;25.48;12.35;9.30;-0.348;NEUTRE;0;-83.2;-3;0
2026.07.07 01:00;29815.75;29833.25;29716.25;29771.50;28.98;7.71;29.40;10.56;10.40;-0.262;NEUTRE;0;;;0
2026.07.07 00:00;29849.75;29912.25;29807.25;29815.50;24.44;8.89;21.96;5.01;15.42;-0.115;NEUTRE;0;;;0
2026.07.06 23:00;29892.75;29927.75;29839.50;29851.00;21.69;10.26;20.61;15.64;26.80;-0.443;NEUTRE;0;-43;-1;0
2026.07.06 22:00;29964.50;29972.00;29888.25;29893.00;19.87;11.84;15.28;25.62;35.05;-0.303;NEUTRE;0;-33.7;-1;0
2026.07.06 20:00;29949.75;29971.50;29930.50;29951.00;20.97;13.66;9.87;39.14;43.91;-0.109;NEUTRE;0;-14.8;0;0
2026.07.06 19:00;29989.50;30050.75;29930.75;29952.00;21.72;15.76;11.29;40.39;53.19;-0.106;NEUTRE;0;-15.1;0;1
2026.07.06 18:00;29895.50;30002.50;29894.25;29989.25;22.52;12.00;13.03;52.19;67.38;0.018;NEUTRE;0;2.8;0;1
2026.07.06 17:00;29988.00;30035.00;29881.50;29895.75;25.35;13.85;15.04;66.99;78.19;-0.293;NEUTRE;0;-39.8;-1;1
2026.07.06 16:00;30072.75;30092.50;29980.75;29988.50;28.62;15.98;7.40;82.97;83.32;0.016;NEUTRE;0;2.8;0;1
2026.07.06 15:00;30025.00;30082.75;29940.75;30072.75;27.38;17.10;8.54;84.61;81.75;0.297;NEUTRE;0;43.8;1;1
2026.07.06 14:00;29930.50;30066.00;29903.75;30024.25;26.46;17.91;9.86;82.39;83.40;0.135;NEUTRE;0;25;1;1
2026.07.06 13:00;29932.50;30006.25;29775.50;29930.50;26.07;15.00;11.37;78.25;84.88;-0.178;NEUTRE;0;-33.5;-1;1
2026.07.06 12:00;29877.25;29934.50;29864.50;29932.75;27.96;17.31;7.19;89.57;89.79;-0.170;NEUTRE;0;-34.4;-1;1
2026.07.06 11:00;29883.25;29913.00;29840.50;29877.25;25.91;15.25;8.29;86.83;90.08;-0.355;NEUTRE;0;-57.4;-2;1
2026.07.06 10:00;29876.25;29890.25;29846.25;29883.25;25.35;12.76;9.57;92.98;91.49;-0.335;NEUTRE;0;-58.3;-2;1
2026.07.06 09:00;29867.75;29887.00;29826.00;29876.25;27.05;13.59;11.04;90.44;84.18;-0.359;NEUTRE;0;-62.6;-2;1
2026.07.06 08:00;29850.50;29882.00;29778.75;29868.00;29.62;14.42;12.74;91.04;72.65;-0.386;NEUTRE;0;-66.8;-3;1
2026.07.06 07:00;29846.00;29873.50;29815.00;29850.75;33.22;16.64;9.30;71.04;53.45;-0.444;NEUTRE;0;-72;-3;1
2026.07.06 06:00;29789.00;29857.00;29753.75;29845.75;33.98;14.86;10.73;55.87;37.80;-0.460;NEUTRE;0;-74.9;-3;0
2026.07.06 05:00;29827.75;29830.75;29751.50;29789.25;36.73;13.23;12.38;33.45;23.96;-0.649;SOFT_DOWN;-1;-81;-3;0
2026.07.06 04:00;29729.25;29839.00;29701.75;29827.25;41.87;15.27;14.29;24.08;20.05;-0.522;NEUTRE;0;-81;-3;0
2026.07.06 03:00;29724.50;29805.25;29692.50;29729.50;47.79;13.84;16.48;14.35;26.30;-0.848;SOFT_DOWN;-1;-85.8;-3;0
2026.07.06 02:00;29791.50;29817.00;29682.25;29724.25;53.80;15.97;19.02;21.72;43.78;-0.865;SOFT_DOWN;-1;-87.3;-3;0
2026.07.06 01:00;29925.25;29930.00;29750.00;29791.25;60.74;18.42;14.21;42.82;58.94;-0.642;SOFT_DOWN;-1;;;0
2026.07.06 00:00;29983.75;30003.50;29844.75;29923.75;68.10;21.26;8.30;66.80;59.13;-0.200;NEUTRE;0;;;0
2026.07.05 23:00;29944.25;30008.00;29925.25;29983.50;71.83;24.53;1.77;67.20;44.80;0.143;NEUTRE;0;16.7;0;0
2026.07.05 22:00;29940.75;29978.00;29860.00;29944.25;69.57;22.72;2.05;43.39;33.34;0.012;NEUTRE;0;1.5;0;0
2026.07.03 18:00;29895.75;29895.75;29895.75;29895.75;67.43;15.50;2.36;23.82;34.74;1.009;SOFT_UP;1;69.8;3;1
2026.07.03 17:00;29901.00;29901.00;29895.75;29895.75;66.49;17.88;2.73;32.81;49.30;1.009;SOFT_UP;1;70.8;3;1
2026.07.03 16:00;29905.25;29923.50;29890.00;29901.00;65.41;20.63;3.15;47.60;64.07;1.026;SOFT_UP;1;72.1;3;1
2026.07.03 15:00;29917.50;29923.75;29883.75;29905.25;64.16;23.80;3.63;67.49;76.78;1.041;SOFT_UP;1;73.4;3;1
2026.07.03 14:00;29938.25;29944.75;29887.50;29917.50;62.71;27.47;2.75;77.13;81.56;1.082;STRONG_UP;2;75;3;1
2026.07.03 13:00;29901.25;29954.25;29885.00;29938.00;59.77;31.69;3.17;85.71;82.41;1.151;STRONG_UP;2;76.9;3;1
2026.07.03 12:00;29899.50;29921.00;29874.75;29901.00;56.38;29.18;3.66;81.84;78.06;1.026;SOFT_UP;1;76.4;3;1
2026.07.03 11:00;29878.75;29906.50;29865.00;29899.25;53.10;28.85;4.22;79.68;75.08;1.020;SOFT_UP;1;77.4;3;1
2026.07.03 10:00;29869.50;29892.50;29857.75;29878.75;49.81;28.09;4.87;72.65;73.38;0.951;SOFT_UP;1;77.7;3;1
2026.07.03 09:00;29847.00;29897.75;29826.25;29869.50;46.63;32.42;5.61;72.91;77.38;0.920;SOFT_UP;1;78.6;3;1
2026.07.03 08:00;29843.00;29872.00;29830.50;29848.00;42.96;31.86;6.48;74.57;83.12;0.847;SOFT_UP;1;79;3;1
2026.07.03 07:00;29839.50;29867.50;29824.75;29843.00;39.38;35.10;7.48;84.64;90.04;0.830;SOFT_UP;1;80.1;3;1
2026.07.03 06:00;29823.50;29885.75;29819.50;29839.25;35.46;40.49;8.63;90.16;93.91;0.818;SOFT_UP;1;81.4;3;0
2026.07.03 05:00;29801.25;29839.00;29789.50;29823.50;30.93;35.87;9.95;95.32;95.81;0.764;SOFT_UP;1;82.3;3;0
2026.07.03 04:00;29766.25;29819.00;29761.50;29801.25;26.99;35.17;11.48;96.25;91.58;0.689;SOFT_UP;1;83.2;3;0
2026.07.03 03:00;29748.50;29773.25;29716.75;29766.50;23.33;28.34;13.25;95.84;86.73;0.572;SOFT_UP;1;83.8;3;0
2026.07.03 02:00;29681.00;29753.75;29679.50;29749.00;21.34;27.39;15.29;82.63;83.18;0.513;NEUTRE;0;85.4;3;0
2026.07.03 01:00;29535.75;29697.00;29532.25;29680.75;20.26;19.85;17.64;81.70;83.24;0.282;NEUTRE;0;;;0
2026.07.03 00:00;29597.25;29636.75;29521.75;29535.50;22.47;17.27;20.35;85.20;76.46;-0.209;NEUTRE;0;;;0
2026.07.02 23:00;29615.00;29616.50;29551.00;29598.75;24.66;19.93;19.57;82.83;58.76;-1.480;STRONG_DOWN;-2;-72.2;-3;0
2026.07.02 22:00;29571.75;29620.75;29556.75;29615.00;28.32;23.00;21.23;61.36;36.28;-1.425;STRONG_DOWN;-2;-72.3;-3;0
2026.07.02 20:00;29539.00;29563.00;29513.25;29552.75;32.06;13.47;24.50;32.10;18.16;-1.633;STRONG_DOWN;-2;-75.8;-3;0
2026.07.02 19:00;29487.00;29587.00;29348.50;29535.50;32.53;15.54;28.27;15.39;8.78;-1.690;STRONG_DOWN;-2;-76.9;-3;1
2026.07.02 18:00;29338.00;29526.50;29330.25;29487.25;33.06;14.03;32.62;6.98;6.71;-1.851;STRONG_DOWN;-2;-78.6;-3;1
2026.07.02 17:00;29460.50;29481.75;29328.00;29338.00;32.02;12.68;37.64;3.95;14.40;-2.347;EXPLOSIVE_DOWN;-3;-81.5;-3;1
2026.07.02 16:00;29677.50;29686.75;29433.25;29460.25;29.31;14.63;32.90;9.21;31.15;-1.941;STRONG_DOWN;-2;-80.3;-3;1
2026.07.02 15:00;29838.25;29848.75;29610.75;29674.75;27.91;16.88;27.19;30.05;54.32;-1.227;STRONG_DOWN;-2;-75.8;-3;1
2026.07.02 14:00;30255.25;30291.25;29730.00;29839.75;28.60;19.48;23.66;54.19;69.42;-0.677;SOFT_DOWN;-1;-66.9;-3;1
2026.07.02 13:00;30181.75;30259.25;30007.50;30255.00;31.51;22.47;19.69;78.73;72.26;0.705;SOFT_UP;1;69.1;3;1
2026.07.02 12:00;30034.00;30318.00;30020.75;30182.00;35.34;25.93;21.91;75.34;64.41;0.462;NEUTRE;0;61.8;2;1
2026.07.02 11:00;30003.25;30077.50;29966.75;30033.50;39.49;17.47;25.28;62.70;51.74;-0.032;NEUTRE;0;-8;0;1
2026.07.02 10:00;29957.00;30007.50;29920.00;30002.50;42.75;10.44;29.17;55.19;39.91;-0.136;NEUTRE;0;-33.3;-1;1
2026.07.02 09:00;30031.75;30032.00;29942.50;29956.75;42.06;12.05;29.71;37.32;25.20;-0.288;NEUTRE;0;-57.1;-2;1
2026.07.02 08:00;29890.25;30037.25;29825.75;30032.00;42.02;13.90;34.28;27.20;20.73;-0.037;NEUTRE;0;-12.6;0;1
2026.07.02 07:00;29919.25;29942.50;29825.25;29890.25;41.97;9.14;39.55;11.07;28.63;-0.509;NEUTRE;0;-74.1;-3;1
2026.07.02 06:00;30049.50;30065.25;29893.75;29919.00;38.83;10.55;36.65;23.92;49.63;-0.414;NEUTRE;0;-73.3;-3;0
2026.07.02 05:00;30111.75;30157.50;30036.50;30049.25;36.29;12.17;29.48;50.89;70.21;0.020;NEUTRE;0;11;0;0
2026.07.02 04:00;30171.25;30187.00;30055.25;30112.25;35.48;14.05;31.63;74.08;79.50;0.230;NEUTRE;0;70.2;3;0
2026.07.02 03:00;30206.25;30211.75;30133.75;30171.25;35.02;16.21;27.33;85.66;73.77;0.426;NEUTRE;0;81.7;3;0
2026.07.02 02:00;30202.00;30237.25;30179.75;30206.25;36.48;18.70;22.46;78.77;58.36;0.543;SOFT_UP;1;85.6;3;0
2026.07.02 01:00;30108.50;30226.25;30096.25;30202.00;40.69;18.64;25.91;56.89;40.80;0.528;NEUTRE;0;;;0
2026.07.02 00:00;30043.25;30116.25;29951.75;30107.50;44.43;8.49;29.90;39.43;29.31;0.214;NEUTRE;0;;;0
2026.07.01 23:00;30106.00;30108.50;30010.00;30043.25;42.69;9.79;29.05;26.08;20.81;-1.600;STRONG_DOWN;-2;-73.5;-3;0
2026.07.01 22:00;30080.00;30111.50;30050.75;30106.00;41.63;11.30;27.16;22.43;17.52;-1.394;STRONG_DOWN;-2;-71.9;-3;0
2026.07.01 20:00;30079.00;30084.50;30008.50;30064.75;41.68;6.20;31.34;13.92;18.42;-1.530;STRONG_DOWN;-2;-74.9;-3;0
2026.07.01 19:00;30132.00;30230.25;30053.50;30079.50;37.79;7.15;27.05;16.19;26.17;-1.481;STRONG_DOWN;-2;-75.2;-3;1
2026.07.01 18:00;30162.50;30189.00;30098.75;30131.50;34.66;8.25;27.27;25.16;33.15;-1.311;STRONG_DOWN;-2;-74.2;-3;1
2026.07.01 17:00;30189.25;30238.75;30153.00;30161.75;31.75;9.52;22.22;37.15;39.54;-1.212;STRONG_DOWN;-2;-73.8;-3;1
2026.07.01 16:00;30253.50;30279.25;30173.75;30188.50;30.48;10.98;21.91;37.14;39.38;-1.124;STRONG_DOWN;-2;-73.6;-3;1
2026.07.01 15:00;30192.00;30353.75;30185.25;30253.50;30.06;12.67;23.61;44.34;40.99;-0.911;SOFT_DOWN;-1;-71.2;-3;1
2026.07.01 14:00;30278.75;30324.75;30136.50;30191.50;30.04;11.98;27.24;36.67;40.29;-1.114;STRONG_DOWN;-2;-75.4;-3;1
2026.07.01 13:00;30265.00;30312.50;30087.50;30278.75;28.68;12.82;31.43;41.96;47.23;-0.829;SOFT_DOWN;-1;-72;-3;1
2026.07.01 12:00;30361.25;30393.00;30232.50;30265.50;26.62;14.79;26.35;42.25;51.85;-0.872;SOFT_DOWN;-1;-74.1;-3;1
2026.07.01 11:00;30406.00;30434.25;30353.75;30361.25;26.39;17.06;18.78;57.49;53.03;-0.558;SOFT_DOWN;-1;-67.8;-3;1
2026.07.01 10:00;30382.75;30412.75;30350.50;30406.00;29.71;15.58;21.67;55.82;46.67;-0.412;NEUTRE;0;-63.4;-2;1
2026.07.01 09:00;30375.75;30384.50;30337.25;30382.75;31.77;11.00;25.01;45.79;40.13;-0.488;NEUTRE;0;-69.1;-3;1
2026.07.01 08:00;30372.75;30376.25;30316.50;30375.75;30.67;10.00;28.86;38.40;36.90;-0.511;NEUTRE;0;-72.1;-3;1
2026.07.01 07:00;30390.50;30393.50;30298.25;30372.75;27.92;11.54;33.29;36.21;39.07;-0.521;NEUTRE;0;-74.5;-3;1
2026.07.01 06:00;30428.25;30442.75;30363.50;30390.25;24.75;13.32;27.88;36.11;41.83;-0.463;NEUTRE;0;-75;-3;0
2026.07.01 05:00;30442.25;30461.75;30421.50;30428.25;23.12;15.37;20.91;44.88;41.95;-0.339;NEUTRE;0;-73;-3;0
2026.07.01 04:00;30466.75;30473.50;30428.00;30442.50;24.33;17.73;21.64;44.49;36.21;-0.292;NEUTRE;0;-74.2;-3;0
2026.07.01 03:00;30436.50;30476.00;30428.75;30465.50;26.54;20.46;24.71;36.46;30.29;-0.217;NEUTRE;0;-74.1;-3;0
2026.07.01 02:00;30451.75;30454.50;30365.75;30436.50;29.18;16.60;28.52;27.68;29.01;-0.312;NEUTRE;0;-82.5;-3;0
2026.07.01 01:00;30522.25;30527.75;30450.50;30451.75;29.60;19.16;18.21;26.74;30.05;-0.262;NEUTRE;0;;;0
2026.07.01 00:00;30531.75;30551.00;30506.25;30522.50;33.77;22.11;9.91;32.61;38.25;-0.030;NEUTRE;0;;;0
2026.06.30 23:00;30509.00;30541.75;30508.50;30531.75;33.10;22.33;11.44;30.82;51.56;1.643;STRONG_UP;2;73.9;3;0
2026.06.30 22:00;30521.50;30533.75;30496.75;30509.00;33.23;22.06;13.20;51.31;70.65;1.567;STRONG_UP;2;73.8;3;0
2026.06.30 20:00;30515.50;30542.25;30483.50;30494.50;34.48;25.45;15.23;72.55;85.05;1.519;STRONG_UP;2;74.8;3;0
2026.06.30 19:00;30553.00;30598.75;30511.50;30519.25;35.92;29.37;10.24;88.09;92.58;1.601;STRONG_UP;2;76.2;3;1
2026.06.30 18:00;30523.50;30574.00;30497.75;30553.00;34.01;29.52;11.81;94.50;92.56;1.714;STRONG_UP;2;77.8;3;1
2026.06.30 17:00;30526.75;30561.50;30515.00;30523.25;32.65;34.06;10.15;95.14;90.32;1.615;STRONG_UP;2;77.7;3;1
2026.06.30 16:00;30459.00;30545.25;30452.00;30526.75;29.35;33.93;11.71;88.04;81.80;1.626;STRONG_UP;2;78.5;3;1
2026.06.30 15:00;30304.00;30480.75;30299.00;30459.75;26.38;28.51;13.51;87.79;76.25;1.403;STRONG_UP;2;77.5;3;1
2026.06.30 14:00;30364.00;30440.25;30274.50;30303.00;24.94;29.46;15.59;69.56;64.29;0.881;SOFT_UP;1;71.8;3;1
2026.06.30 13:00;30012.50;30363.25;29996.00;30363.25;24.04;26.85;17.99;71.41;61.07;1.082;STRONG_UP;2;76.1;3;1
2026.06.30 12:00;30136.75;30141.25;30003.25;30011.75;24.70;21.68;20.75;51.91;51.54;-0.088;NEUTRE;0;-19.5;0;1
2026.06.30 11:00;30139.25;30173.25;30115.00;30136.75;28.17;25.02;11.49;59.89;44.44;0.328;NEUTRE;0;55.3;2;1
2026.06.30 10:00;30081.00;30149.75;30067.00;30139.00;26.80;22.66;13.26;42.83;38.78;0.335;NEUTRE;0;58.3;2;1
2026.06.30 09:00;30068.25;30092.25;30033.25;30081.00;26.89;15.46;15.30;30.61;45.19;0.142;NEUTRE;0;37.4;1;1
2026.06.30 08:00;30080.50;30133.00;30018.00;30068.50;30.95;17.83;17.65;42.90;61.61;0.101;NEUTRE;0;31.4;1;1
2026.06.30 07:00;30131.75;30148.25;30068.25;30080.25;35.64;20.58;13.64;62.07;75.80;0.140;NEUTRE;0;44.1;1;1
2026.06.30 06:00;30166.00;30171.00;30097.25;30131.25;38.00;23.74;10.17;79.85;81.83;0.310;NEUTRE;0;68.2;3;0
2026.06.30 05:00;30184.75;30215.25;30115.50;30165.50;37.69;27.39;7.92;85.47;79.66;0.424;NEUTRE;0;76.3;3;0
2026.06.30 04:00;30094.75;30207.50;30093.75;30184.75;35.00;30.41;9.14;80.18;71.64;0.488;NEUTRE;0;80.4;3;0
2026.06.30 03:00;30019.00;30128.50;30010.25;30094.50;32.11;24.41;10.55;73.35;66.75;0.187;NEUTRE;0;71.7;3;0
2026.06.30 02:00;30052.25;30054.50;29977.00;30019.00;30.95;18.54;12.17;61.41;62.12;-0.064;NEUTRE;0;-57.1;-2;0
2026.06.30 01:00;30008.50;30076.50;29950.00;30052.50;32.53;21.39;14.04;65.50;64.86;0.047;NEUTRE;0;;;0
2026.06.30 00:00;30038.25;30084.75;29934.25;30008.50;34.34;24.68;16.20;59.46;70.52;-0.099;NEUTRE;0;;;0
2026.06.29 23:00;30010.50;30052.25;30004.75;30038.50;36.44;28.48;11.49;69.61;81.29;1.420;STRONG_UP;2;71.5;3;0
2026.06.29 22:00;29990.25;30033.75;29969.50;30010.50;35.50;26.86;13.26;82.48;89.87;1.325;STRONG_UP;2;71.1;3;0
2026.06.29 20:00;30045.50;30047.25;29992.25;30007.00;35.75;31.00;9.85;91.78;94.41;1.313;STRONG_UP;2;72.5;3;0
2026.06.29 19:00;30031.50;30067.00;29974.50;30046.75;33.28;35.77;11.36;95.36;96.17;1.448;STRONG_UP;2;74.8;3;1
2026.06.29 18:00;30002.50;30067.75;29986.00;30031.50;30.44;41.27;11.20;96.09;95.00;1.396;STRONG_UP;2;75.1;3;1
2026.06.29 17:00;29915.00;30036.75;29915.00;30002.75;26.30;41.78;12.92;97.08;88.07;1.299;STRONG_UP;2;74.9;3;1
2026.06.29 16:00;29839.50;29931.25;29834.25;29914.75;22.23;34.91;14.91;91.83;75.63;1.002;SOFT_UP;1;71.7;3;1
2026.06.29 15:00;29712.50;29846.00;29660.75;29838.25;19.48;26.76;17.21;75.31;60.18;0.744;SOFT_UP;1;67.4;3;1
2026.06.29 14:00;29616.75;29714.75;29273.25;29713.00;19.13;19.97;19.85;59.73;60.84;0.321;NEUTRE;0;48;2;1
2026.06.29 13:00;29702.75;29835.25;29557.25;29616.50;22.03;23.05;13.01;45.50;67.28;-0.005;NEUTRE;0;-1.1;0;1
2026.06.29 12:00;29704.00;29737.25;29649.25;29703.25;21.14;21.17;15.01;77.30;78.26;0.288;NEUTRE;0;49.3;2;1
2026.06.29 11:00;29739.75;29755.75;29682.75;29703.25;21.77;24.42;11.46;79.03;77.81;0.288;NEUTRE;0;51.7;2;1
2026.06.29 10:00;29662.75;29744.50;29662.75;29739.75;19.56;25.81;13.23;78.44;77.92;0.411;NEUTRE;0;63.3;2;1
2026.06.29 09:00;29656.50;29686.25;29618.50;29663.00;17.61;18.82;15.26;75.96;81.40;0.152;NEUTRE;0;39.3;1;1
2026.06.29 08:00;29661.00;29728.25;29651.75;29659.50;18.72;21.72;10.06;79.35;83.07;0.140;NEUTRE;0;40.3;1;1
2026.06.29 07:00;29629.00;29692.75;29577.00;29661.25;15.96;17.92;11.61;88.90;82.37;0.146;NEUTRE;0;45.3;2;1
2026.06.29 06:00;29669.00;29682.75;29589.25;29629.00;15.12;20.67;11.77;80.96;73.99;0.037;NEUTRE;0;16.6;0;0
2026.06.29 05:00;29517.00;29670.00;29490.25;29667.50;13.23;21.76;13.58;77.25;68.20;0.167;NEUTRE;0;58.3;2;0
2026.06.29 04:00;29591.25;29591.75;29503.75;29517.25;11.70;18.41;15.66;63.75;62.06;-0.340;NEUTRE;0;-76.3;-3;0
2026.06.29 03:00;29522.25;29603.75;29480.25;29591.50;12.26;21.24;18.07;63.61;63.24;-0.089;NEUTRE;0;-55.1;-2;0
2026.06.29 02:00;29514.75;29543.00;29387.50;29522.25;12.91;16.94;20.86;58.80;65.25;-0.323;NEUTRE;0;-82.7;-3;0
2026.06.29 01:00;29491.50;29556.50;29419.75;29515.75;13.30;19.54;20.87;67.29;63.50;-0.345;NEUTRE;0;;;0
2026.06.29 00:00;29618.00;29620.00;29362.50;29492.00;14.84;22.55;24.08;69.65;49.88;-0.425;NEUTRE;0;;;0
2026.06.28 23:00;29557.50;29681.75;29549.00;29618.00;16.62;26.02;16.65;53.55;28.66;1.092;STRONG_UP;2;66.5;3;0
2026.06.28 22:00;29298.00;29593.75;29286.00;29557.50;15.79;19.83;19.21;26.44;21.03;0.886;SOFT_UP;1;62.8;2;0
2026.06.26 20:00;29303.25;29402.50;29254.25;29291.75;17.98;13.31;22.16;5.98;31.76;-1.390;STRONG_DOWN;-2;-73.4;-3;0
2026.06.26 19:00;29417.25;29567.75;29285.25;29292.75;16.91;15.36;22.36;30.66;55.35;-1.387;STRONG_DOWN;-2;-74.2;-3;1
2026.06.26 18:00;29543.75;29580.50;29387.75;29414.50;16.66;17.73;20.21;58.63;70.71;-0.977;SOFT_DOWN;-1;-69.2;-3;1
2026.06.26 17:00;29611.75;29698.25;29534.75;29543.00;18.21;20.45;11.59;76.77;77.48;-0.545;SOFT_DOWN;-1;-57.2;-2;1
2026.06.26 16:00;29618.75;29643.00;29493.00;29610.50;16.75;18.40;13.37;76.74;71.51;-0.317;NEUTRE;0;-43.8;-1;1
2026.06.26 15:00;29500.50;29714.50;29408.00;29619.00;16.90;21.23;15.43;78.93;59.52;-0.289;NEUTRE;0;-43;-1;1
2026.06.26 14:00;29439.25;29661.00;29413.25;29501.50;17.06;21.81;17.81;58.86;38.85;-0.684;SOFT_DOWN;-1;-67.1;-3;1
2026.06.26 13:00;29315.75;29462.00;29182.25;29445.00;18.13;12.81;20.54;40.78;28.46;-0.874;SOFT_DOWN;-1;-72.9;-3;1
2026.06.26 12:00;29348.75;29447.75;29297.50;29314.00;17.36;14.78;17.37;16.91;27.33;-1.315;STRONG_DOWN;-2;-79.3;-3;1
2026.06.26 11:00;29359.75;29424.50;29303.50;29348.75;18.79;14.68;20.04;27.68;42.17;-1.198;STRONG_DOWN;-2;-79.3;-3;1
2026.06.26 10:00;29369.00;29397.75;29317.50;29359.75;19.30;13.53;23.12;37.38;59.11;-1.161;STRONG_DOWN;-2;-79.9;-3;1
2026.06.26 09:00;29397.25;29442.75;29343.25;29369.25;18.25;15.62;21.74;61.45;69.14;-1.129;STRONG_DOWN;-2;-80.6;-3;1
2026.06.26 08:00;29525.25;29555.75;29362.25;29397.25;18.53;18.02;22.15;78.51;62.30;-1.035;SOFT_DOWN;-1;-80.9;-3;1
2026.06.26 07:00;29499.75;29561.25;29434.25;29525.00;19.80;20.79;19.83;67.47;44.68;-0.605;SOFT_DOWN;-1;-76.6;-3;1
2026.06.26 06:00;29324.00;29533.25;29288.00;29500.75;22.49;20.60;22.88;40.92;27.95;-0.687;SOFT_DOWN;-1;-79.8;-3;0
2026.06.26 05:00;29268.50;29408.00;29254.25;29324.50;25.14;15.91;26.40;25.65;19.13;-1.280;STRONG_DOWN;-2;-85.4;-3;0
2026.06.26 04:00;29364.25;29383.00;29251.25;29268.50;25.19;15.85;30.47;17.27;12.74;-1.469;STRONG_DOWN;-2;-86.8;-3;0
2026.06.26 03:00;29263.25;29367.50;29160.75;29364.00;24.21;16.48;35.15;14.48;11.86;-1.147;STRONG_DOWN;-2;-86.9;-3;0
2026.06.26 02:00;29490.75;29503.50;29229.25;29263.25;22.37;19.02;35.47;6.47;14.16;-1.486;STRONG_DOWN;-2;-88.4;-3;0
2026.06.26 01:00;29635.00;29674.25;29460.75;29490.75;21.17;21.94;27.93;14.64;24.09;-0.720;SOFT_DOWN;-1;;;0
2026.06.26 00:00;29704.75;29769.25;29616.25;29633.50;22.57;25.32;21.03;21.38;35.79;-0.240;NEUTRE;0;;;0
2026.06.25 23:00;29677.00;29889.50;29665.25;29704.75;24.62;29.22;19.34;36.25;51.67;-1.297;STRONG_DOWN;-2;-69.9;-3;0
2026.06.25 22:00;29720.00;29731.75;29605.00;29677.00;25.28;22.89;22.31;49.76;61.17;-1.389;STRONG_DOWN;-2;-71.9;-3;0
2026.06.25 20:00;29747.75;29917.25;29747.75;29760.25;28.97;26.41;11.60;69.01;62.78;-1.112;STRONG_DOWN;-2;-69.6;-3;0
2026.06.25 19:00;29772.75;29775.50;29614.50;29747.75;27.43;17.61;13.38;64.75;54.33;-1.154;STRONG_DOWN;-2;-71.2;-3;1
2026.06.25 18:00;29794.25;29889.25;29678.75;29772.50;29.56;20.31;9.30;54.58;45.22;-1.072;SOFT_DOWN;-1;-70.9;-3;1
2026.06.25 17:00;29679.50;29809.75;29670.75;29793.00;28.38;17.63;10.73;43.68;35.27;-1.003;SOFT_DOWN;-1;-70.7;-3;1
2026.06.25 16:00;29659.75;29869.00;29585.25;29679.75;29.00;20.34;12.38;37.40;27.97;-1.380;STRONG_DOWN;-2;-76.5;-3;1
2026.06.25 15:00;29633.00;29759.75;29461.25;29659.25;29.72;17.55;14.29;24.74;19.53;-1.448;STRONG_DOWN;-2;-77.9;-3;1
2026.06.25 14:00;29318.00;29773.75;29309.25;29632.25;32.72;20.25;16.48;21.76;28.32;-1.538;STRONG_DOWN;-2;-79.3;-3;1
2026.06.25 13:00;30200.25;30213.25;29296.50;29313.50;36.18;23.36;19.02;12.09;36.75;-2.597;EXPLOSIVE_DOWN;-3;-84.1;-3;1
2026.06.25 12:00;30129.75;30260.50;30115.75;30200.25;40.16;26.96;8.20;51.13;51.04;0.350;NEUTRE;0;54.7;2;1
2026.06.25 11:00;30159.00;30191.50;30098.25;30129.75;38.13;23.77;9.46;47.03;56.88;0.115;NEUTRE;0;26.8;1;1
2026.06.25 10:00;30130.75;30183.75;30123.25;30158.25;37.37;27.43;6.79;54.97;67.74;0.210;NEUTRE;0;45.5;2;1
2026.06.25 09:00;30119.00;30156.25;30112.00;30130.75;33.84;24.65;7.83;68.64;79.28;0.119;NEUTRE;0;32.6;1;1
2026.06.25 08:00;30180.00;30216.75;30109.25;30118.75;31.08;28.45;9.04;79.61;82.89;0.079;NEUTRE;0;25.5;1;1
2026.06.25 07:00;30104.50;30185.00;30104.50;30179.75;27.90;28.28;10.43;89.60;78.53;0.282;NEUTRE;0;62.8;2;1
2026.06.25 06:00;30087.50;30130.00;30076.50;30104.50;25.10;22.12;12.03;79.46;64.39;0.032;NEUTRE;0;14.5;0;0
2026.06.25 05:00;30039.75;30120.25;30038.50;30087.75;24.42;22.72;13.88;66.52;58.26;-0.024;NEUTRE;0;-13.1;0;0
2026.06.25 04:00;30032.25;30062.00;29996.75;30039.25;24.46;15.25;16.02;47.18;59.53;-0.185;NEUTRE;0;-65.9;-3;0
2026.06.25 03:00;29996.75;30043.25;29979.75;30032.25;27.84;13.18;18.49;61.07;71.18;-0.209;NEUTRE;0;-73.5;-3;0
2026.06.25 02:00;29996.75;30018.75;29923.75;29996.75;29.55;9.27;21.33;70.32;79.35;-0.326;NEUTRE;0;-82.8;-3;0
2026.06.25 01:00;29965.50;30029.50;29949.50;29996.75;28.03;10.70;20.44;82.14;86.07;-0.326;NEUTRE;0;;;0
2026.06.25 00:00;30095.00;30100.25;29935.75;29964.50;27.53;12.34;23.59;85.57;84.12;-0.434;NEUTRE;0;;;0
2026.06.24 23:00;30050.25;30134.00;30046.25;30094.75;26.95;14.24;16.88;90.49;72.82;1.172;STRONG_UP;2;67.9;3;0
2026.06.24 22:00;30151.50;30166.50;30045.25;30050.00;29.79;16.43;19.48;76.31;48.17;1.022;SOFT_UP;1;66;3;0
2026.06.24 20:00;29513.75;30155.25;29486.00;30087.25;33.07;17.53;22.47;51.66;25.46;1.147;STRONG_UP;2;70.2;3;0
2026.06.24 19:00;29345.00;29526.00;29265.00;29514.25;36.26;5.76;25.93;16.54;16.76;-0.779;SOFT_DOWN;-1;-63.2;-2;1
2026.06.24 18:00;29387.25;29562.00;29324.00;29344.25;32.05;6.65;26.44;8.17;31.19;-1.351;STRONG_DOWN;-2;-74.6;-3;1
2026.06.24 17:00;29606.75;29660.00;29364.75;29387.00;27.78;7.68;27.88;25.56;51.04;-1.207;STRONG_DOWN;-2;-73.8;-3;1
2026.06.24 16:00;29754.75;29804.75;29595.00;29604.75;23.32;8.86;20.17;59.83;63.56;-0.475;NEUTRE;0;-55.2;-2;1
2026.06.24 15:00;29891.00;29906.00;29699.25;29755.00;20.91;10.22;15.62;67.75;59.47;0.030;NEUTRE;0;5.5;0;1
2026.06.24 14:00;29685.75;29891.50;29524.25;29889.50;20.91;10.71;18.03;63.11;53.76;0.482;NEUTRE;0;59;2;1
2026.06.24 13:00;29762.25;29839.50;29562.50;29683.25;20.21;10.18;20.80;47.54;52.34;-0.211;NEUTRE;0;-38.1;-1;1
2026.06.24 12:00;29859.75;29871.50;29751.50;29761.50;18.05;11.75;13.50;50.62;54.70;0.052;NEUTRE;0;11.8;0;1
2026.06.24 11:00;29792.25;29863.25;29733.75;29860.25;19.76;12.50;15.58;58.86;57.62;0.384;NEUTRE;0;59.4;2;1
2026.06.24 10:00;29806.75;29850.50;29773.25;29792.25;21.11;14.42;13.28;54.61;60.89;0.155;NEUTRE;0;36.9;1;1
2026.06.24 09:00;29817.75;29842.50;29753.25;29807.75;23.72;15.05;15.33;59.39;66.11;0.208;NEUTRE;0;48.2;2;1
2026.06.24 08:00;29769.50;29865.50;29762.00;29817.25;27.23;17.36;16.18;68.66;70.13;0.240;NEUTRE;0;55.4;2;1
2026.06.24 07:00;29822.50;29839.50;29762.25;29769.00;30.88;16.17;18.66;70.27;68.10;0.077;NEUTRE;0;28;1;1
2026.06.24 06:00;29818.50;29863.75;29796.50;29822.50;34.52;18.65;14.71;71.46;58.93;0.257;NEUTRE;0;64.2;2;0
2026.06.24 05:00;29783.25;29883.00;29778.50;29818.25;38.02;21.52;16.98;62.58;51.51;0.243;NEUTRE;0;67;3;0
2026.06.24 04:00;29744.25;29789.25;29653.00;29783.75;42.05;11.03;19.59;42.76;50.70;0.127;NEUTRE;0;56.9;2;0
2026.06.24 03:00;29636.25;29777.75;29614.75;29744.25;44.22;11.43;22.60;49.21;63.17;-0.006;NEUTRE;0;-5.5;0;0
2026.06.24 02:00;29826.25;29837.00;29635.00;29637.00;45.97;13.19;24.17;60.14;67.57;-0.366;NEUTRE;0;-83.6;-3;0
2026.06.24 01:00;29844.00;29850.50;29760.75;29826.25;48.52;15.22;18.31;80.16;64.38;0.270;NEUTRE;0;;;0
2026.06.24 00:00;29746.00;29890.25;29735.25;29844.00;54.57;17.56;21.13;62.42;49.29;0.329;NEUTRE;0;;;0
2026.06.23 23:00;29678.00;29762.75;29586.25;29746.50;61.54;7.61;24.38;50.55;37.15;-2.702;EXPLOSIVE_DOWN;-3;-80;-3;0
2026.06.23 22:00;29767.50;29801.50;29631.50;29677.75;62.94;8.78;24.19;34.88;26.72;-2.927;EXPLOSIVE_DOWN;-3;-81.2;-3;0
2026.06.23 20:00;29648.25;29750.75;29632.00;29750.75;65.43;5.53;27.91;26.00;25.48;-2.688;EXPLOSIVE_DOWN;-3;-81.3;-3;0
2026.06.23 19:00;29627.75;29751.50;29611.50;29647.75;65.20;6.38;32.20;19.28;30.85;-3.025;EXPLOSIVE_DOWN;-3;-82.6;-3;1
2026.06.23 18:00;29731.50;29781.00;29576.50;29628.50;64.94;7.37;37.16;31.17;41.60;-3.088;EXPLOSIVE_DOWN;-3;-83.1;-3;1
2026.06.23 17:00;29862.25;29895.00;29731.00;29731.25;64.64;8.50;31.25;42.09;51.84;-2.752;EXPLOSIVE_DOWN;-3;-82.7;-3;1
2026.06.23 16:00;29797.25;29914.25;29789.25;29862.75;65.78;9.81;30.59;51.53;57.49;-2.322;EXPLOSIVE_DOWN;-3;-81.9;-3;1
2026.06.23 15:00;29854.00;29884.75;29694.75;29796.50;67.98;7.68;35.30;61.88;58.39;-2.538;EXPLOSIVE_DOWN;-3;-83;-3;1
2026.06.23 14:00;29925.50;30045.25;29812.25;29852.75;68.56;8.87;31.21;59.07;45.55;-2.354;EXPLOSIVE_DOWN;-3;-83;-3;1
2026.06.23 13:00;29734.50;29931.50;29616.25;29925.50;70.52;2.72;36.02;54.23;34.23;-2.116;EXPLOSIVE_DOWN;-3;-82.8;-3;1
2026.06.23 12:00;29871.25;29899.25;29706.50;29733.25;68.15;3.14;37.15;23.35;21.14;-2.745;EXPLOSIVE_DOWN;-3;-84.8;-3;1
2026.06.23 11:00;29820.00;29882.75;29786.50;29871.50;65.65;3.62;36.48;25.12;16.95;-2.293;EXPLOSIVE_DOWN;-3;-84.3;-3;1
2026.06.23 10:00;29886.00;29915.00;29751.00;29815.75;63.14;4.18;42.10;14.93;10.34;-2.475;EXPLOSIVE_DOWN;-3;-85.2;-3;1
2026.06.23 09:00;29826.75;29931.50;29823.25;29885.00;60.25;4.82;41.80;10.81;6.49;-2.249;EXPLOSIVE_DOWN;-3;-85.3;-3;1
2026.06.23 08:00;29907.00;29917.00;29775.50;29826.75;57.32;3.50;48.23;5.29;3.93;-2.439;EXPLOSIVE_DOWN;-3;-86.1;-3;1
2026.06.23 07:00;29967.50;30052.50;29888.00;29906.00;52.84;4.04;43.42;3.37;5.43;-2.180;EXPLOSIVE_DOWN;-3;-86.2;-3;1
2026.06.23 06:00;30107.00;30132.25;29949.25;29969.25;48.20;4.66;44.37;3.12;8.21;-1.973;STRONG_DOWN;-2;-86.4;-3;0
2026.06.23 05:00;30240.00;30266.25;30092.00;30107.00;43.16;5.38;39.19;9.79;13.07;-1.523;STRONG_DOWN;-2;-86.1;-3;0
2026.06.23 04:00;30398.75;30413.50;30230.00;30240.25;38.13;6.21;33.04;11.70;18.05;-1.087;STRONG_DOWN;-2;-85.7;-3;0
2026.06.23 03:00;30403.50;30411.50;30300.50;30398.50;33.48;7.17;32.21;17.71;25.37;-0.569;SOFT_DOWN;-1;-83.8;-3;0
2026.06.23 02:00;30459.25;30472.00;30389.25;30403.25;28.85;8.27;24.86;24.72;32.93;-0.554;SOFT_DOWN;-1;-85.7;-3;0
2026.06.23 01:00;30599.75;30614.25;30405.25;30458.50;25.58;9.54;25.71;33.68;41.57;-0.373;NEUTRE;0;;;0
2026.06.23 00:00;30572.50;30633.50;30460.00;30599.75;22.46;11.01;25.64;40.40;53.78;0.089;NEUTRE;0;;;0
2026.06.22 23:00;30580.50;30586.00;30539.50;30573.75;19.77;12.70;22.53;50.62;55.43;0.729;SOFT_UP;1;56.9;2;0
2026.06.22 22:00;30662.00;30697.25;30565.75;30580.75;18.52;14.66;17.31;70.33;48.06;0.752;SOFT_UP;1;58.8;2;0
2026.06.22 20:00;30652.50;30676.50;30639.25;30668.25;20.09;16.91;11.38;45.34;30.63;1.040;SOFT_UP;1;68.3;3;0
2026.06.22 19:00;30559.75;30671.50;30533.25;30650.25;20.17;17.45;13.13;28.50;20.73;0.981;SOFT_UP;1;68.2;3;1
2026.06.22 18:00;30613.75;30661.75;30549.75;30557.25;21.10;20.13;13.31;18.04;16.18;0.675;SOFT_UP;1;61.1;2;1
2026.06.22 17:00;30588.00;30648.75;30532.25;30613.75;21.21;21.44;15.36;15.65;20.83;0.861;SOFT_UP;1;67.8;3;1
2026.06.22 16:00;30555.25;30614.00;30502.75;30587.00;21.94;20.15;17.72;14.84;33.74;0.773;SOFT_UP;1;66.8;3;1
2026.06.22 15:00;30639.00;30678.00;30540.50;30556.00;24.33;23.25;15.23;32.00;54.82;0.670;SOFT_UP;1;65.2;3;1
2026.06.22 14:00;30934.25;30964.25;30544.25;30638.25;24.86;26.83;17.15;54.37;64.00;0.941;SOFT_UP;1;72.9;3;1
2026.06.22 13:00;30799.75;30935.00;30756.25;30934.00;25.30;30.96;12.03;78.09;64.63;1.916;STRONG_UP;2;82;3;1
2026.06.22 12:00;30755.75;30843.50;30750.75;30800.00;22.42;27.84;13.88;59.54;61.31;1.474;STRONG_UP;2;80.4;3;1
2026.06.22 11:00;30719.00;30826.50;30710.00;30755.00;20.72;29.31;16.01;56.26;67.60;1.326;STRONG_UP;2;80.3;3;1
2026.06.22 10:00;30698.00;30764.25;30698.00;30718.75;19.39;25.60;18.48;68.13;78.55;1.207;STRONG_UP;2;80.3;3;1
2026.06.22 09:00;30729.00;30754.75;30697.50;30698.25;19.89;27.33;21.32;78.41;86.37;1.139;STRONG_UP;2;80.7;3;1
2026.06.22 08:00;30757.00;30763.75;30689.00;30729.00;21.05;31.53;24.60;89.10;88.35;1.240;STRONG_UP;2;82.4;3;1
2026.06.22 07:00;30735.50;30780.25;30732.25;30757.25;22.39;36.38;19.48;91.61;83.24;1.333;STRONG_UP;2;83.8;3;1
2026.06.22 06:00;30639.25;30741.00;30636.00;30735.50;21.18;29.40;22.48;84.34;77.17;1.262;STRONG_UP;2;84.4;3;0
2026.06.22 05:00;30581.50;30662.00;30570.50;30639.00;22.39;22.35;25.94;73.77;74.44;0.944;SOFT_UP;1;83.8;3;0
2026.06.22 04:00;30554.25;30590.25;30523.25;30581.50;24.69;13.72;29.93;73.39;77.74;0.754;SOFT_UP;1;83.7;3;0
2026.06.22 03:00;30583.25;30614.50;30544.50;30554.25;22.78;15.84;29.66;76.16;72.19;0.665;SOFT_UP;1;84.7;3;0
2026.06.22 02:00;30605.75;30624.25;30576.25;30583.00;21.61;18.27;27.24;83.67;59.66;0.759;SOFT_UP;1;86.9;3;0
2026.06.22 01:00;30615.75;30657.50;30602.75;30605.50;21.90;21.08;22.94;56.74;35.39;0.834;SOFT_UP;1;;;0
2026.06.22 00:00;30352.50;30622.25;30346.50;30615.50;24.62;14.42;26.47;38.59;22.49;0.866;SOFT_UP;1;;;0
2026.06.21 23:00;30521.25;30522.25;30336.25;30351.75;23.88;11.06;30.54;10.85;23.38;-0.734;SOFT_DOWN;-1;-57.1;-2;0
2026.06.21 22:00;30576.25;30614.50;30464.00;30521.25;20.35;12.76;24.67;18.03;42.05;-0.180;NEUTRE;0;-21.6;0;0
2026.06.19 18:00;30637.25;30637.25;30637.25;30637.25;18.58;14.73;13.08;41.25;63.98;-0.171;NEUTRE;0;-24.7;0;1
2026.06.19 17:00;30644.25;30644.25;30637.25;30637.25;20.53;16.99;15.09;66.86;80.96;-0.171;NEUTRE;0;-26;-1;1
2026.06.19 16:00;30683.00;30701.00;30639.25;30646.25;22.78;19.60;13.99;83.83;89.48;-0.142;NEUTRE;0;-23.2;0;1
2026.06.19 15:00;30689.25;30703.50;30652.25;30682.75;23.72;22.62;12.91;92.18;87.02;-0.023;NEUTRE;0;-4.2;0;1
2026.06.19 14:00;30680.25;30696.75;30647.25;30689.25;23.16;24.07;14.89;92.43;76.33;-0.002;NEUTRE;0;-0.4;0;1
2026.06.19 13:00;30651.25;30692.50;30625.25;30680.25;23.10;26.46;17.19;76.45;67.25;-0.031;NEUTRE;0;-6.6;0;1
2026.06.19 12:00;30589.25;30668.00;30525.00;30651.25;23.38;24.92;19.83;60.11;68.62;-0.125;NEUTRE;0;-26.7;-1;1
2026.06.19 11:00;30572.25;30599.00;30535.00;30589.50;25.23;21.33;22.88;65.20;79.64;-0.327;NEUTRE;0;-55.2;-2;1
2026.06.19 10:00;30624.50;30631.25;30537.75;30572.25;28.57;24.62;25.74;80.55;87.68;-0.383;NEUTRE;0;-61.6;-2;1
2026.06.19 09:00;30647.50;30664.00;30609.75;30624.25;32.63;28.40;17.85;93.17;83.00;-0.213;NEUTRE;0;-48.9;-2;1
2026.06.19 08:00;30628.75;30658.50;30606.00;30647.25;34.14;31.21;20.60;89.32;63.95;-0.138;NEUTRE;0;-39.9;-1;1
2026.06.19 07:00;30553.00;30631.00;30550.25;30628.00;36.24;27.96;23.77;66.52;40.01;-0.201;NEUTRE;0;-54.3;-2;1
2026.06.19 06:00;30480.00;30559.75;30477.25;30553.00;40.57;18.68;27.42;36.00;20.74;-0.446;NEUTRE;0;-74.5;-3;0
2026.06.19 05:00;30432.50;30482.00;30387.75;30480.00;43.89;7.06;31.64;17.50;10.74;-0.683;SOFT_DOWN;-1;-81.4;-3;0
2026.06.19 04:00;30516.75;30525.50;30404.25;30432.25;40.87;8.14;33.82;8.70;7.17;-0.839;SOFT_DOWN;-1;-84.4;-3;0
2026.06.19 03:00;30592.25;30604.00;30504.25;30517.00;37.74;9.40;26.33;6.03;8.76;-0.563;SOFT_DOWN;-1;-83.7;-3;0
2026.06.19 02:00;30594.00;30618.25;30574.25;30592.25;36.26;10.84;19.59;6.77;12.66;-0.318;NEUTRE;0;-82.6;-3;0
2026.06.19 01:00;30641.50;30662.25;30591.00;30594.00;37.41;12.51;16.74;13.47;22.39;-0.312;NEUTRE;0;;;0
2026.06.19 00:00;30689.75;30692.25;30627.25;30641.25;40.94;14.43;11.49;17.75;35.62;-0.158;NEUTRE;0;;;0
2026.06.18 23:00;30660.50;30701.75;30655.75;30690.00;45.50;16.66;6.51;35.95;54.07;1.245;STRONG_UP;2;69.1;3;0
2026.06.18 22:00;30755.50;30763.75;30649.75;30661.00;45.76;19.22;7.52;53.15;69.50;1.149;STRONG_UP;2;68.4;3;0
2026.06.18 20:00;30692.00;30746.50;30682.00;30720.50;46.07;22.17;4.32;73.09;81.69;1.345;STRONG_UP;2;72.9;3;0
2026.06.18 19:00;30689.25;30782.25;30644.25;30694.25;42.79;25.59;4.98;82.26;87.75;1.259;STRONG_UP;2;72.7;3;1
2026.06.18 18:00;30708.50;30717.25;30665.25;30689.50;39.00;22.28;5.75;89.74;90.28;1.243;STRONG_UP;2;73.3;3;1
2026.06.18 17:00;30684.00;30735.50;30656.25;30706.75;35.93;25.70;6.64;91.27;85.30;1.300;STRONG_UP;2;74.9;3;1
2026.06.18 16:00;30639.75;30706.50;30628.50;30684.25;32.39;24.03;7.66;89.84;78.80;1.226;STRONG_UP;2;74.9;3;1
2026.06.18 15:00;30621.50;30674.25;30495.50;30640.25;29.42;21.36;8.83;74.81;67.90;1.080;STRONG_UP;2;74;3;1
2026.06.18 14:00;30466.75;30659.50;30448.50;30621.25;27.56;23.38;10.19;71.75;65.38;1.018;SOFT_UP;1;74.1;3;1
2026.06.18 13:00;30513.00;30613.50;30392.00;30466.50;25.76;23.62;11.76;57.14;64.64;0.507;NEUTRE;0;62.1;2;1
2026.06.18 12:00;30422.00;30535.00;30395.50;30513.75;24.57;21.80;13.57;67.24;68.53;0.663;SOFT_UP;1;69.5;3;1
2026.06.18 11:00;30433.75;30456.00;30359.00;30422.00;24.77;16.45;15.66;69.53;72.60;0.360;NEUTRE;0;57.7;2;1
2026.06.18 10:00;30487.00;30492.50;30421.50;30433.75;28.20;18.98;8.16;68.81;75.52;0.399;NEUTRE;0;62.6;2;1
2026.06.18 09:00;30396.25;30493.75;30386.00;30487.50;26.41;21.90;9.41;79.47;79.09;0.576;SOFT_UP;1;72.1;3;1
2026.06.18 08:00;30444.50;30497.75;30387.75;30394.75;24.33;25.26;10.61;78.27;71.92;0.271;NEUTRE;0;58.6;2;1
2026.06.18 07:00;30418.75;30443.25;30381.50;30443.25;21.79;21.53;12.24;79.53;65.14;0.431;NEUTRE;0;71.4;3;1
2026.06.18 06:00;30353.00;30424.50;30321.00;30419.00;20.91;20.17;14.12;57.95;63.86;0.351;NEUTRE;0;70.5;3;0
2026.06.18 05:00;30340.25;30376.50;30323.75;30353.00;21.42;16.14;16.30;57.95;73.45;0.133;NEUTRE;0;52.2;2;0
2026.06.18 04:00;30399.00;30403.75;30283.00;30340.25;24.64;18.62;18.80;75.69;83.38;0.091;NEUTRE;0;47.7;2;0
2026.06.18 03:00;30399.50;30417.75;30369.25;30398.75;28.35;21.49;10.71;86.72;84.44;0.284;NEUTRE;0;77.7;3;0
2026.06.18 02:00;30380.50;30429.25;30372.75;30399.50;27.57;24.79;11.25;87.72;78.01;0.286;NEUTRE;0;81.8;3;0
2026.06.18 01:00;30365.50;30437.00;30361.75;30380.00;26.03;28.60;12.98;78.87;65.83;0.222;NEUTRE;0;;;0
2026.06.18 00:00;30312.75;30429.75;30305.25;30365.25;24.25;31.52;14.97;67.42;50.66;0.173;NEUTRE;0;;;0
2026.06.17 23:00;30233.50;30311.75;30224.25;30311.75;22.50;21.79;17.28;51.20;37.92;-0.054;NEUTRE;0;-6.5;0;0
2026.06.17 22:00;30119.75;30257.25;30094.25;30233.75;24.19;15.56;19.93;33.35;32.17;-0.312;NEUTRE;0;-34.5;-1;0
2026.06.17 20:00;29992.75;30157.50;29992.75;30134.50;26.01;8.54;23.00;29.21;37.95;-0.639;SOFT_DOWN;-1;-57.1;-2;0
2026.06.17 19:00;30273.50;30367.75;29921.75;29992.75;22.96;9.85;26.54;33.95;48.07;-1.106;STRONG_DOWN;-2;-70.5;-3;1
2026.06.17 18:00;30464.75;30517.25;30071.75;30273.50;19.44;11.37;25.45;50.69;51.91;-0.181;NEUTRE;0;-25.9;-1;1
2026.06.17 17:00;30408.00;30464.75;30326.50;30464.75;16.55;13.12;20.57;59.56;45.94;0.450;NEUTRE;0;52;2;1
2026.06.17 16:00;30448.25;30470.25;30395.50;30408.00;15.69;15.14;16.05;45.48;35.04;0.263;NEUTRE;0;38.5;1;1
2026.06.17 15:00;30357.00;30457.00;30345.25;30448.25;17.66;14.74;18.52;32.77;27.36;0.396;NEUTRE;0;51.9;2;1
2026.06.17 14:00;30345.25;30542.75;30289.50;30357.75;18.62;17.01;21.37;26.87;26.55;0.097;NEUTRE;0;18.5;0;1
2026.06.17 13:00;30490.50;30538.75;30345.00;30347.50;19.74;19.62;21.29;22.45;23.01;0.063;NEUTRE;0;13.2;0;1
2026.06.17 12:00;30415.75;30518.75;30413.75;30489.00;22.15;22.64;19.10;30.33;24.35;0.530;NEUTRE;0;64.9;2;1
2026.06.17 11:00;30457.75;30490.75;30387.00;30414.00;24.25;22.02;22.04;16.26;30.99;0.283;NEUTRE;0;51.2;2;1
2026.06.17 10:00;30461.00;30497.25;30417.75;30457.75;27.98;25.41;20.87;26.46;51.40;0.427;NEUTRE;0;64.2;2;1
2026.06.17 09:00;30508.25;30525.00;30447.50;30461.25;30.77;29.32;18.33;50.26;72.33;0.439;NEUTRE;0;67;3;1
2026.06.17 08:00;30558.25;30583.00;30463.50;30508.25;31.96;33.83;17.97;77.47;86.74;0.594;SOFT_UP;1;74.4;3;1
2026.06.17 07:00;30542.50;30578.00;30537.50;30558.50;32.16;39.04;11.21;89.27;92.11;0.759;SOFT_UP;1;79.2;3;1
2026.06.17 06:00;30498.25;30544.50;30483.50;30542.50;28.59;32.32;12.93;93.48;93.85;0.706;SOFT_UP;1;80;3;0
2026.06.17 05:00;30485.00;30525.50;30479.25;30498.75;26.40;32.50;14.92;93.60;94.08;0.562;SOFT_UP;1;79.6;3;0
2026.06.17 04:00;30464.00;30485.00;30446.25;30484.75;24.75;24.03;17.22;94.48;88.62;0.516;NEUTRE;0;80.9;3;0
2026.06.17 03:00;30439.25;30468.00;30416.00;30464.50;26.02;20.97;19.87;94.17;75.72;0.449;NEUTRE;0;82.1;3;0
2026.06.17 02:00;30445.50;30461.50;30431.50;30439.25;29.61;24.20;18.34;77.20;57.58;0.366;NEUTRE;0;83.6;3;0
2026.06.17 01:00;30382.25;30448.25;30366.25;30445.50;32.04;21.13;21.16;55.78;39.88;0.387;NEUTRE;0;;;0
2026.06.17 00:00;30328.25;30401.00;30328.25;30382.25;36.96;15.51;24.41;39.76;26.27;0.178;NEUTRE;0;;;0
2026.06.16 23:00;30378.00;30378.75;30307.75;30328.25;39.22;13.19;28.17;24.09;15.11;-1.636;STRONG_DOWN;-2;-73.8;-3;0
2026.06.16 22:00;30357.00;30386.50;30329.50;30377.50;39.68;15.22;27.79;14.97;10.10;-1.477;STRONG_DOWN;-2;-72.9;-3;0
2026.06.16 20:00;30308.75;30329.25;30273.50;30298.75;41.29;7.53;32.06;6.28;9.59;-1.732;STRONG_DOWN;-2;-76.6;-3;0
2026.06.16 19:00;30441.25;30479.00;30301.75;30307.75;38.11;8.69;29.20;9.05;12.10;-1.703;STRONG_DOWN;-2;-77;-3;1
2026.06.16 18:00;30475.75;30494.75;30421.25;30441.25;35.65;10.02;23.32;13.44;13.15;-1.270;STRONG_DOWN;-2;-73.7;-3;1
2026.06.16 17:00;30495.00;30519.50;30402.75;30475.75;35.00;11.57;26.91;13.81;12.90;-1.158;STRONG_DOWN;-2;-73.1;-3;1
2026.06.16 16:00;30465.25;30570.00;30445.50;30494.75;34.25;13.35;25.41;12.19;12.67;-1.096;STRONG_DOWN;-2;-73.2;-3;1
2026.06.16 15:00;30600.50;30663.00;30407.00;30466.50;34.73;15.40;29.32;12.70;20.67;-1.188;STRONG_DOWN;-2;-75.4;-3;1
2026.06.16 14:00;30806.25;30856.00;30562.50;30600.50;35.28;17.77;24.49;13.11;36.16;-0.753;SOFT_DOWN;-1;-69;-3;1
2026.06.16 13:00;30825.25;30887.25;30750.25;30805.00;38.26;20.50;18.42;36.20;56.50;-0.090;NEUTRE;0;-18.5;0;1
2026.06.16 12:00;30938.50;30951.25;30814.25;30825.25;43.32;23.66;14.06;59.17;69.94;-0.024;NEUTRE;0;-5.5;0;1
2026.06.16 11:00;30932.50;30972.75;30922.00;30939.00;46.07;27.30;4.13;74.12;73.84;0.345;NEUTRE;0;56.6;2;1
2026.06.16 10:00;30869.00;30935.50;30868.50;30932.50;41.82;20.20;4.76;76.51;75.81;0.324;NEUTRE;0;57.5;2;1
2026.06.16 09:00;30924.75;30930.25;30862.25;30869.25;38.74;22.10;5.50;70.88;71.76;0.118;NEUTRE;0;32.4;1;1
2026.06.16 08:00;30838.50;30943.75;30827.75;30924.75;35.44;25.51;6.34;80.03;67.57;0.298;NEUTRE;0;61;2;1
2026.06.16 07:00;30827.00;30847.00;30806.75;30838.50;31.64;16.60;7.32;64.38;61.30;0.019;NEUTRE;0;7.5;0;1
2026.06.16 06:00;30804.25;30836.50;30796.75;30827.00;30.53;15.14;8.44;58.28;57.24;-0.019;NEUTRE;0;-8.7;0;0
2026.06.16 05:00;30813.25;30844.75;30795.00;30804.50;30.86;17.47;9.74;61.24;50.33;-0.092;NEUTRE;0;-41.7;-1;0
2026.06.16 04:00;30830.25;30835.25;30793.50;30813.00;31.24;17.22;11.24;52.19;36.41;-0.064;NEUTRE;0;-37.7;-1;0
2026.06.16 03:00;30782.00;30854.50;30777.50;30830.00;32.81;19.86;12.97;37.57;29.14;-0.009;NEUTRE;0;-8.3;0;0
2026.06.16 02:00;30782.75;30804.00;30768.75;30782.00;34.63;12.83;14.96;19.47;28.63;-0.165;NEUTRE;0;-75.9;-3;0
2026.06.16 01:00;30774.00;30802.00;30754.75;30782.25;38.78;13.93;17.27;30.37;35.40;-0.164;NEUTRE;0;;;0
2026.06.16 00:00;30832.75;30852.00;30767.25;30774.75;43.10;16.08;15.85;36.06;40.54;-0.188;NEUTRE;0;;;0
2026.06.15 23:00;30805.75;30841.25;30793.25;30832.75;49.62;18.55;13.57;39.79;50.08;1.594;STRONG_UP;2;73.4;3;0
2026.06.15 22:00;30853.50;30863.25;30754.75;30805.75;54.87;21.40;15.66;45.79;63.51;1.505;STRONG_UP;2;73.2;3;0
2026.06.15 20:00;30870.25;30892.50;30825.75;30834.25;60.93;24.70;8.00;64.66;76.33;1.599;STRONG_UP;2;75.5;3;0
2026.06.15 19:00;30860.00;30877.00;30814.75;30873.25;62.44;24.92;9.23;80.07;84.80;1.727;STRONG_UP;2;77.2;3;1
2026.06.15 18:00;30857.75;30889.50;30824.00;30860.00;64.98;28.76;8.36;84.27;88.86;1.684;STRONG_UP;2;77.5;3;1
2026.06.15 17:00;30867.25;30891.25;30832.25;30858.00;66.53;33.18;7.71;90.04;89.35;1.677;STRONG_UP;2;78.2;3;1
2026.06.15 16:00;30878.75;30912.50;30850.50;30867.25;67.18;38.29;4.14;92.28;84.33;1.708;STRONG_UP;2;79;3;1
2026.06.15 15:00;30775.00;30885.75;30771.25;30878.50;65.13;37.54;4.78;85.74;75.79;1.745;STRONG_UP;2;79.9;3;1
2026.06.15 14:00;30701.25;30790.00;30670.50;30774.50;63.24;30.45;5.51;74.97;66.95;1.402;STRONG_UP;2;78.3;3;1
2026.06.15 13:00;30579.50;30798.75;30561.75;30700.75;62.31;35.13;6.36;66.67;58.94;1.159;STRONG_UP;2;76.9;3;1
2026.06.15 12:00;30597.50;30616.00;30537.25;30579.75;61.23;28.67;7.34;59.22;54.71;0.760;SOFT_UP;1;71.9;3;1
2026.06.15 11:00;30561.50;30621.00;30554.50;30597.50;61.53;33.08;5.10;50.94;55.90;0.819;SOFT_UP;1;74.5;3;1
2026.06.15 10:00;30548.00;30570.00;30528.25;30560.00;59.72;26.38;5.88;53.96;65.61;0.695;SOFT_UP;1;73.4;3;1
2026.06.15 09:00;30589.75;30602.25;30509.50;30548.00;59.14;30.43;6.79;62.79;76.43;0.656;SOFT_UP;1;74.2;3;1
2026.06.15 08:00;30543.25;30627.00;30538.00;30589.75;58.47;35.12;3.11;80.08;87.15;0.793;SOFT_UP;1;78.2;3;1
2026.06.15 07:00;30549.50;30569.00;30520.00;30543.75;54.58;30.49;3.59;86.43;91.13;0.642;SOFT_UP;1;77.3;3;1
2026.06.15 06:00;30535.00;30557.50;30518.50;30549.50;50.83;31.57;4.14;94.94;93.70;0.661;SOFT_UP;1;79.4;3;0
2026.06.15 05:00;30528.25;30545.00;30504.25;30534.75;46.83;31.50;4.77;92.03;93.99;0.612;SOFT_UP;1;80.4;3;0
2026.06.15 04:00;30486.25;30531.00;30469.25;30528.25;42.69;31.06;5.51;94.14;95.72;0.591;SOFT_UP;1;82;3;0
2026.06.15 03:00;30500.25;30517.00;30479.75;30485.75;38.51;32.35;6.35;95.81;96.49;0.451;NEUTRE;0;82.2;3;0
2026.06.15 02:00;30466.25;30510.25;30461.00;30500.25;34.10;34.54;7.33;97.20;96.29;0.498;NEUTRE;0;85.3;3;0
2026.06.15 01:00;30435.75;30483.25;30420.75;30466.25;29.36;31.42;8.46;96.45;94.55;0.386;NEUTRE;0;;;0
2026.06.15 00:00;30349.00;30466.00;30336.50;30435.75;25.02;32.01;9.76;95.23;90.79;0.286;NEUTRE;0;;;0
2026.06.14 23:00;30345.50;30366.25;30280.75;30349.50;20.67;25.08;11.26;91.97;83.67;0.426;NEUTRE;0;41.9;1;0
2026.06.14 22:00;30220.75;30392.25;30190.25;30345.50;18.00;28.94;13.00;85.19;78.64;0.413;NEUTRE;0;42.3;1;0
2026.06.12 20:00;29647.75;29728.75;29647.75;29681.00;14.92;19.04;15.00;73.86;77.24;0.355;NEUTRE;0;40.7;1;0
2026.06.12 19:00;29642.25;29709.75;29579.75;29650.25;15.39;18.36;17.30;76.89;75.69;0.251;NEUTRE;0;32.6;1;1
2026.06.12 18:00;29681.00;29717.25;29606.50;29643.50;17.31;21.18;16.80;80.97;73.57;0.228;NEUTRE;0;31.5;1;1
2026.06.12 17:00;29672.25;29749.50;29647.25;29680.25;18.19;24.44;13.72;69.22;63.92;0.352;NEUTRE;0;45.1;2;1
2026.06.12 16:00;29438.75;29676.50;29408.00;29669.50;16.67;17.22;15.84;70.52;56.59;0.316;NEUTRE;0;43.7;1;1
2026.06.12 15:00;29631.50;29757.75;29408.00;29437.75;18.59;19.87;18.27;52.02;48.45;-0.467;NEUTRE;0;-56.4;-2;1
2026.06.12 14:00;29348.50;29641.25;29338.75;29630.00;20.81;17.80;21.08;47.22;52.10;0.183;NEUTRE;0;32.3;1;1
2026.06.12 13:00;29411.00;29494.25;29231.75;29348.50;22.71;13.06;24.33;46.11;64.37;-0.769;SOFT_DOWN;-1;-70.7;-3;1
2026.06.12 12:00;29635.50;29644.25;29387.00;29410.00;21.57;15.07;18.97;62.95;74.84;-0.561;SOFT_DOWN;-1;-66.2;-3;1
2026.06.12 11:00;29548.00;29657.25;29547.75;29636.25;23.13;17.39;12.27;84.05;78.39;0.204;NEUTRE;0;41.9;1;1
2026.06.12 10:00;29619.75;29655.50;29516.25;29547.50;24.03;19.82;14.16;77.53;66.36;-0.096;NEUTRE;0;-24.9;0;1
2026.06.12 09:00;29478.25;29666.25;29476.00;29620.25;25.17;22.87;16.34;73.58;50.04;0.150;NEUTRE;0;38.9;1;1
2026.06.12 08:00;29430.50;29564.50;29415.25;29477.75;26.48;18.16;18.86;47.99;32.14;-0.332;NEUTRE;0;-63.5;-2;1
2026.06.12 07:00;29358.75;29455.75;29259.25;29426.75;30.26;9.74;21.76;28.55;25.77;-0.505;NEUTRE;0;-74;-3;1
2026.06.12 06:00;29399.50;29472.00;29334.00;29359.00;29.05;11.24;19.25;19.90;30.85;-0.734;SOFT_DOWN;-1;-80.4;-3;0
2026.06.12 05:00;29542.00;29552.25;29373.25;29399.50;29.48;12.97;17.84;28.86;41.10;-0.597;SOFT_DOWN;-1;-80.2;-3;0
2026.06.12 04:00;29527.75;29547.00;29487.25;29542.00;31.59;14.97;10.79;43.80;55.46;-0.115;NEUTRE;0;-54.3;-2;0
2026.06.12 03:00;29561.00;29562.25;29490.00;29527.75;33.95;17.27;11.74;50.64;69.53;-0.163;NEUTRE;0;-69.2;-3;0
2026.06.12 02:00;29550.50;29582.25;29503.50;29560.75;36.23;19.93;10.67;71.95;84.19;-0.052;NEUTRE;0;-51.5;-2;0
2026.06.12 01:00;29586.75;29588.25;29465.75;29550.50;37.15;23.00;12.31;85.99;91.36;-0.086;NEUTRE;0;;;0
2026.06.12 00:00;29576.00;29643.25;29535.25;29586.75;38.21;26.53;5.47;94.64;93.35;0.036;NEUTRE;0;;;0
2026.06.11 23:00;29557.00;29590.00;29492.75;29575.25;33.96;23.03;6.32;93.44;92.11;4.278;EXPLOSIVE_UP;3;83.7;3;0
2026.06.11 22:00;29491.75;29584.25;29469.25;29556.75;30.42;25.66;7.29;91.97;91.39;4.213;EXPLOSIVE_UP;3;83.8;3;0
2026.06.11 20:00;29456.00;29521.00;29409.25;29432.00;26.52;23.22;8.41;90.92;87.03;3.773;EXPLOSIVE_UP;3;83.7;3;0
2026.06.11 19:00;29267.50;29540.00;29228.50;29456.25;23.40;26.79;9.70;91.28;78.88;3.858;EXPLOSIVE_UP;3;84.2;3;1
2026.06.11 18:00;29212.75;29307.75;29068.00;29267.75;19.79;19.45;11.19;78.88;60.76;3.194;EXPLOSIVE_UP;3;83.4;3;1
2026.06.11 17:00;28769.50;29299.25;28678.25;29212.75;18.69;21.89;12.92;66.48;49.53;3.000;EXPLOSIVE_UP;3;83.3;3;1
2026.06.11 16:00;28859.25;28973.25;28766.00;28768.25;17.60;17.18;14.90;36.93;41.66;1.432;STRONG_UP;2;77;3;1
2026.06.11 15:00;28649.75;28904.00;28578.25;28856.25;19.22;14.69;17.20;45.19;51.98;1.743;STRONG_UP;2;79.9;3;1
2026.06.11 14:00;28898.50;29047.00;28606.75;28647.50;20.96;16.95;18.50;42.86;60.30;1.007;SOFT_UP;1;74;3;1
2026.06.11 13:00;28811.25;29010.50;28650.75;28897.75;23.52;19.55;19.80;67.90;71.90;1.889;STRONG_UP;2;81.9;3;1
2026.06.11 12:00;28899.50;28912.50;28637.00;28811.25;27.04;18.37;22.85;70.13;76.37;1.584;STRONG_UP;2;81.1;3;1
2026.06.11 11:00;28877.00;28907.00;28811.25;28899.25;29.52;21.20;16.64;77.67;81.83;1.894;STRONG_UP;2;83.2;3;1
2026.06.11 10:00;28876.00;28914.50;28874.25;28877.25;32.21;24.46;9.07;81.30;86.85;1.817;STRONG_UP;2;83.5;3;1
2026.06.11 09:00;28908.75;28920.25;28856.50;28876.00;30.11;28.22;10.47;86.52;89.48;1.812;STRONG_UP;2;84.1;3;1
2026.06.11 08:00;28843.25;28933.25;28841.50;28908.50;27.68;32.56;12.08;92.73;90.91;1.927;STRONG_UP;2;85.1;3;1
2026.06.11 07:00;28790.25;28866.50;28765.75;28843.50;24.88;26.38;13.94;89.20;90.47;1.698;STRONG_UP;2;85.1;3;1
2026.06.11 06:00;28745.25;28795.25;28687.25;28790.25;23.96;19.56;16.08;90.78;90.03;1.510;STRONG_UP;2;85.3;3;0
2026.06.11 05:00;28774.25;28780.00;28710.25;28745.25;26.15;22.57;15.28;91.42;87.07;1.351;STRONG_UP;2;85.6;3;0
2026.06.11 04:00;28737.25;28800.75;28703.25;28774.25;27.21;26.04;17.63;87.88;81.24;1.454;STRONG_UP;2;86.7;3;0
2026.06.11 03:00;28634.50;28742.25;28579.50;28737.25;28.43;20.81;20.34;81.92;69.23;1.323;STRONG_UP;2;87.3;3;0
2026.06.11 02:00;28642.00;28695.50;28532.25;28634.25;32.63;19.60;23.47;73.94;50.85;0.960;SOFT_UP;1;87.5;3;0
2026.06.11 01:00;28548.75;28761.00;28548.25;28642.00;36.26;22.61;25.58;51.83;29.61;0.987;SOFT_UP;1;;;0
2026.06.11 00:00;28362.00;28569.00;28334.00;28548.50;40.90;12.20;29.51;26.77;14.48;0.658;SOFT_UP;1;;;0
2026.06.10 23:00;28339.50;28444.25;28264.25;28361.50;40.81;5.92;34.05;10.23;7.87;-2.415;EXPLOSIVE_DOWN;-3;-78.9;-3;0
2026.06.10 22:00;28427.50;28468.00;28327.25;28339.50;36.25;6.83;33.90;6.42;8.67;-2.490;EXPLOSIVE_DOWN;-3;-79.7;-3;0
2026.06.10 20:00;28526.50;28533.75;28409.00;28458.50;31.60;7.88;30.18;6.95;11.43;-2.081;EXPLOSIVE_DOWN;-3;-78.8;-3;0
2026.06.10 19:00;28608.00;28666.50;28493.00;28526.25;27.44;9.09;24.47;12.63;17.85;-1.848;STRONG_DOWN;-2;-78;-3;1
2026.06.10 18:00;28777.50;28830.00;28574.25;28606.25;24.61;10.48;21.03;14.70;24.60;-1.572;STRONG_DOWN;-2;-76.7;-3;1
2026.06.10 17:00;28717.75;28792.00;28616.00;28777.75;23.25;12.10;21.75;26.22;36.95;-0.982;SOFT_DOWN;-1;-70.3;-3;1
2026.06.10 16:00;28854.00;28894.50;28663.25;28716.00;22.44;13.96;20.97;32.89;47.81;-1.195;STRONG_DOWN;-2;-74.5;-3;1
2026.06.10 15:00;28900.25;28984.00;28626.50;28854.00;22.81;16.11;24.20;51.75;54.50;-0.720;SOFT_DOWN;-1;-66.7;-3;1
2026.06.10 14:00;29019.25;29248.00;28854.75;28899.25;23.23;18.58;18.10;58.78;50.35;-0.564;SOFT_DOWN;-1;-62.8;-2;1
2026.06.10 13:00;28831.25;29160.00;28772.00;29020.25;26.60;18.00;20.88;52.97;40.45;-0.148;NEUTRE;0;-28.8;-1;1
2026.06.10 12:00;28676.00;28990.50;28659.00;28831.25;29.55;14.05;24.09;39.31;32.04;-0.798;SOFT_DOWN;-1;-72.7;-3;1
2026.06.10 11:00;28826.25;28843.50;28609.00;28676.00;30.05;9.39;27.80;29.07;28.31;-1.332;STRONG_DOWN;-2;-80.3;-3;1
2026.06.10 10:00;28778.25;28842.00;28698.75;28826.25;27.05;10.83;26.19;27.73;30.96;-0.815;SOFT_DOWN;-1;-75.8;-3;1
2026.06.10 09:00;28760.75;28829.25;28683.00;28777.25;24.83;11.13;30.21;28.14;37.90;-0.984;SOFT_DOWN;-1;-79.3;-3;1
2026.06.10 08:00;28961.50;28961.75;28741.50;28761.25;21.55;12.84;28.71;37.02;38.75;-1.039;SOFT_DOWN;-1;-81;-3;1
2026.06.10 07:00;28966.75;28999.00;28925.50;28961.75;18.99;14.82;20.27;48.53;32.85;-0.349;NEUTRE;0;-67.5;-3;1
2026.06.10 06:00;28942.00;29011.75;28933.75;28966.75;19.52;17.10;21.67;30.71;19.86;-0.332;NEUTRE;0;-69.5;-3;0
2026.06.10 05:00;28895.75;28966.00;28853.75;28942.00;20.71;10.70;25.00;19.30;15.01;-0.417;NEUTRE;0;-76.1;-3;0
2026.06.10 04:00;28990.50;29000.75;28868.00;28896.00;17.74;12.35;26.89;9.58;21.57;-0.575;SOFT_DOWN;-1;-81.8;-3;0
2026.06.10 03:00;28969.00;29043.75;28965.00;28990.75;14.77;14.25;19.79;16.16;37.79;-0.249;NEUTRE;0;-76;-3;0
2026.06.10 02:00;29032.00;29039.75;28959.50;28968.75;14.54;15.66;22.83;38.95;56.35;-0.325;NEUTRE;0;-82.8;-3;0
2026.06.10 01:00;29073.25;29111.00;29009.50;29032.25;13.91;18.07;16.76;58.25;71.03;-0.107;NEUTRE;0;;;0
2026.06.10 00:00;29063.25;29167.25;28969.25;29073.25;15.47;20.85;19.34;71.84;79.97;0.034;NEUTRE;0;;;0
2026.06.09 23:00;29025.00;29096.50;28979.50;29063.25;17.27;18.56;22.31;83.00;80.95;-1.223;STRONG_DOWN;-2;-68.8;-3;0
2026.06.09 22:00;29042.25;29113.50;28985.50;29025.00;18.52;21.42;24.95;85.09;71.85;-1.353;STRONG_DOWN;-2;-71.4;-3;0
2026.06.09 20:00;29115.50;29194.25;29081.25;29136.25;20.19;24.71;19.02;74.75;55.42;-0.975;SOFT_DOWN;-1;-67;-3;0
2026.06.09 19:00;29065.00;29144.25;28838.25;29114.75;21.29;21.71;21.95;55.71;37.06;-1.048;SOFT_DOWN;-1;-69.5;-3;1
2026.06.09 18:00;28831.25;29089.75;28783.75;29064.25;24.49;22.31;25.32;35.80;22.44;-1.219;STRONG_DOWN;-2;-73;-3;1
2026.06.09 17:00;28478.75;28923.00;28465.00;28828.00;27.28;17.36;29.22;19.67;13.95;-2.022;STRONG_DOWN;-2;-80.1;-3;1
2026.06.09 16:00;28694.25;28786.00;28226.75;28478.25;27.56;15.42;33.72;11.86;18.25;-3.211;EXPLOSIVE_DOWN;-3;-84.1;-3;1
2026.06.09 15:00;29238.50;29300.75;28681.00;28694.25;26.07;17.80;26.41;10.31;34.43;-2.477;EXPLOSIVE_DOWN;-3;-82.9;-3;1
2026.06.09 14:00;29671.00;29710.25;29082.75;29238.50;27.09;20.54;20.50;32.59;59.86;-0.627;SOFT_DOWN;-1;-65.2;-3;1
2026.06.09 13:00;29735.25;29845.50;29632.75;29673.00;31.24;23.70;10.16;60.40;76.31;0.850;SOFT_UP;1;72.5;3;1
2026.06.09 12:00;29680.25;29736.00;29651.00;29734.00;29.90;19.42;11.73;86.59;82.78;1.057;SOFT_UP;1;76.8;3;1
2026.06.09 11:00;29683.50;29726.00;29670.00;29679.75;30.70;22.41;10.09;81.93;75.10;0.873;SOFT_UP;1;75.4;3;1
2026.06.09 10:00;29678.75;29697.25;29620.00;29683.25;29.59;17.96;11.65;79.82;68.65;0.885;SOFT_UP;1;76.9;3;1
2026.06.09 09:00;29640.75;29695.00;29634.75;29678.75;30.86;20.72;10.50;63.57;67.70;0.869;SOFT_UP;1;77.9;3;1
2026.06.09 08:00;29591.75;29685.75;29565.00;29640.50;30.57;21.55;12.12;62.56;76.12;0.739;SOFT_UP;1;77.4;3;1
2026.06.09 07:00;29621.25;29688.00;29582.50;29591.00;30.97;24.86;11.75;76.98;86.63;0.571;SOFT_UP;1;75.8;3;1
2026.06.09 06:00;29632.50;29673.50;29600.00;29621.25;30.22;28.69;11.01;88.82;91.58;0.674;SOFT_UP;1;79.6;3;0
2026.06.09 05:00;29604.25;29650.00;29589.00;29632.50;28.02;28.18;12.70;94.08;91.11;0.712;SOFT_UP;1;81.7;3;0
2026.06.09 04:00;29579.75;29629.25;29567.50;29602.50;26.50;27.29;14.65;91.84;79.51;0.610;SOFT_UP;1;82.3;3;0
2026.06.09 03:00;29512.75;29591.00;29499.75;29579.75;25.94;21.96;16.91;87.42;62.77;0.533;SOFT_UP;1;83.4;3;0
2026.06.09 02:00;29491.00;29522.75;29459.25;29512.75;27.94;13.83;19.51;59.28;43.17;0.305;NEUTRE;0;82.3;3;0
2026.06.09 01:00;29336.00;29544.75;29328.00;29490.75;29.61;15.95;22.51;41.62;33.07;0.230;NEUTRE;0;;;0
2026.06.09 00:00;29423.00;29439.00;29302.50;29336.00;31.54;10.90;25.98;28.61;27.24;-0.296;NEUTRE;0;;;0
2026.06.08 23:00;29424.00;29479.75;29382.75;29424.25;30.11;12.58;20.93;29.00;28.20;1.169;STRONG_UP;2;67.9;3;0
2026.06.08 22:00;29459.75;29462.00;29320.25;29423.75;30.91;11.70;24.15;24.13;32.93;1.167;STRONG_UP;2;68.7;3;0
2026.06.08 20:00;29451.75;29468.75;29400.50;29433.75;30.32;13.50;19.15;31.47;43.41;1.202;STRONG_UP;2;71;3;0
2026.06.08 19:00;29542.00;29546.75;29376.75;29452.75;32.32;15.57;22.10;43.19;54.45;1.267;STRONG_UP;2;72.8;3;1
2026.06.08 18:00;29557.75;29616.50;29527.00;29540.50;34.63;17.97;11.90;55.58;66.51;1.569;STRONG_UP;2;76.7;3;1
2026.06.08 17:00;29579.75;29622.25;29485.00;29557.25;36.83;20.74;13.73;64.60;72.62;1.626;STRONG_UP;2;77.8;3;1
2026.06.08 16:00;29608.75;29690.50;29553.25;29579.25;39.37;23.93;8.20;79.37;77.39;1.702;STRONG_UP;2;79;3;1
2026.06.08 15:00;29675.50;29741.25;29557.75;29609.50;37.89;27.61;8.95;73.88;74.69;1.806;STRONG_UP;2;80.3;3;1
2026.06.08 14:00;29348.25;29679.25;29331.00;29675.00;35.87;26.66;10.33;78.93;79.28;2.031;STRONG_UP;2;81.9;3;1
2026.06.08 13:00;29485.25;29603.00;29340.75;29348.75;34.60;27.39;11.92;71.26;81.25;0.909;SOFT_UP;1;73.5;3;1
2026.06.08 12:00;29373.75;29506.00;29364.50;29484.75;33.87;25.91;13.75;87.66;84.01;1.377;STRONG_UP;2;79.8;3;1
2026.06.08 11:00;29240.50;29436.50;29212.25;29373.75;34.36;22.34;15.87;84.84;82.05;0.995;SOFT_UP;1;77.1;3;1
2026.06.08 10:00;29238.25;29271.25;29174.00;29240.25;37.04;14.44;18.31;79.53;76.97;0.536;SOFT_UP;1;68.9;3;1
2026.06.08 09:00;29176.75;29245.00;29143.25;29238.25;40.92;12.51;21.12;81.78;68.34;0.529;NEUTRE;0;70.6;3;1
2026.06.08 08:00;29254.75;29265.75;29156.75;29176.00;43.27;14.43;22.33;69.62;50.87;0.315;NEUTRE;0;62.3;2;1
2026.06.08 07:00;29100.25;29279.25;29082.25;29255.25;46.63;16.65;25.77;53.64;42.97;0.588;SOFT_UP;1;76.2;3;1
2026.06.08 06:00;29014.50;29148.75;28999.75;29100.25;50.49;9.03;29.73;29.36;47.98;0.055;NEUTRE;0;23.9;0;0
2026.06.08 05:00;29089.00;29138.00;28971.50;29014.50;50.04;9.30;34.31;45.92;64.64;-0.240;NEUTRE;0;-66.7;-3;0
2026.06.08 04:00;29210.75;29221.00;29086.75;29088.75;48.92;10.74;28.94;68.67;76.41;0.015;NEUTRE;0;10.3;0;0
2026.06.08 03:00;29209.25;29230.75;29174.50;29210.50;49.39;12.39;23.33;79.32;75.34;0.434;NEUTRE;0;81.9;3;0
2026.06.08 02:00;29159.50;29242.25;29103.75;29209.25;52.27;14.29;26.92;81.25;63.65;0.430;NEUTRE;0;84.5;3;0
2026.06.08 01:00;29216.00;29234.50;29024.50;29157.75;55.60;15.63;31.06;65.45;43.33;0.253;NEUTRE;0;;;0
2026.06.08 00:00;29084.25;29286.75;29058.75;29216.00;59.07;18.04;33.33;44.25;24.20;0.453;NEUTRE;0;;;0
2026.06.07 23:00;28891.50;29101.75;28891.50;29085.00;63.58;8.33;38.46;20.29;11.75;0.792;SOFT_UP;1;59;2;0
2026.06.07 22:00;28856.50;29021.75;28821.50;28891.25;63.45;3.76;44.38;8.05;8.21;0.120;NEUTRE;0;14.8;0;0
2026.06.05 20:00;29014.75;29040.75;28780.00;28830.00;60.23;4.34;51.21;6.90;9.85;-4.734;SPIKE_DOWN;-4;-85;-3;0
2026.06.05 19:00;29190.00;29209.75;28973.50;29013.25;56.52;5.01;47.67;9.68;11.63;-4.128;EXPLOSIVE_DOWN;-3;-84.6;-3;1
2026.06.05 18:00;29470.25;29475.75;29100.00;29190.75;52.75;5.78;46.77;12.96;12.81;-3.542;EXPLOSIVE_DOWN;-3;-84;-3;1
2026.06.05 17:00;29489.50;29503.50;29361.25;29470.25;48.87;6.67;43.26;12.25;11.49;-2.618;EXPLOSIVE_DOWN;-3;-82.4;-3;1
2026.06.05 16:00;29657.50;29659.00;29385.25;29490.00;45.11;7.69;47.32;13.21;10.46;-2.553;EXPLOSIVE_DOWN;-3;-82.6;-3;1
2026.06.05 15:00;29852.00;29868.25;29615.25;29657.50;40.97;8.88;41.68;9.00;9.74;-1.999;STRONG_DOWN;-2;-81.2;-3;1
2026.06.05 14:00;29773.50;29940.75;29758.00;29852.50;37.29;10.24;39.41;9.16;19.37;-1.355;STRONG_DOWN;-2;-77.9;-3;1
2026.06.05 13:00;30053.00;30099.25;29770.50;29772.75;33.99;11.82;44.42;11.05;36.41;-1.618;STRONG_DOWN;-2;-80.6;-3;1
2026.06.05 12:00;30146.50;30155.75;30042.25;30053.50;30.30;13.64;38.54;37.91;54.00;-0.691;SOFT_DOWN;-1;-70.3;-3;1
2026.06.05 11:00;30193.50;30196.00;30134.75;30146.50;27.61;15.73;31.93;60.26;60.57;-0.383;NEUTRE;0;-59.3;-2;1
2026.06.05 10:00;30196.75;30235.00;30191.00;30194.25;26.63;18.15;22.71;63.83;53.59;-0.226;NEUTRE;0;-47.6;-2;1
2026.06.05 09:00;30157.50;30257.25;30150.75;30196.75;29.02;20.95;26.21;57.62;46.33;-0.217;NEUTRE;0;-49.4;-2;1
2026.06.05 08:00;30149.50;30221.25;30118.75;30157.50;31.77;18.97;30.24;39.32;45.75;-0.347;NEUTRE;0;-64.5;-2;1
2026.06.05 07:00;30121.75;30157.25;30060.75;30149.50;33.13;12.28;34.89;42.05;51.18;-0.373;NEUTRE;0;-68.8;-3;1
2026.06.05 06:00;30168.25;30212.75;30111.75;30121.75;30.85;14.17;32.13;55.87;53.81;-0.465;NEUTRE;0;-75.1;-3;0
2026.06.05 05:00;30228.50;30231.75;30161.25;30168.25;29.63;16.35;29.53;55.62;47.43;-0.311;NEUTRE;0;-71.6;-3;0
2026.06.05 04:00;30161.50;30241.50;30155.00;30228.00;29.78;18.87;34.07;49.93;37.11;-0.114;NEUTRE;0;-54.1;-2;0
2026.06.05 03:00;30213.00;30227.00;30144.75;30161.50;29.94;19.19;39.31;36.73;24.80;-0.334;NEUTRE;0;-79.5;-3;0
2026.06.05 02:00;30194.25;30247.50;30170.50;30213.00;29.25;22.15;40.55;24.68;14.69;-0.164;NEUTRE;0;-75.9;-3;0
2026.06.05 01:00;30141.50;30195.50;30051.50;30194.50;29.24;15.16;46.78;12.99;9.64;-0.225;NEUTRE;0;;;0
2026.06.05 00:00;30262.50;30262.50;30130.00;30142.00;25.88;17.50;45.59;6.39;14.33;-0.398;NEUTRE;0;;;0
2026.06.04 23:00;30365.00;30369.50;30253.50;30262.50;23.01;20.19;38.27;9.54;32.76;-0.428;NEUTRE;0;-42;-1;0
2026.06.04 22:00;30408.00;30419.75;30315.25;30365.00;21.80;23.29;35.97;27.07;57.99;-0.090;NEUTRE;0;-11.2;0;0
2026.06.04 20:00;30483.25;30493.75;30397.00;30415.25;21.86;26.88;29.46;61.67;80.66;0.075;NEUTRE;0;10.3;0;0
2026.06.04 19:00;30556.50;30602.00;30480.75;30483.50;24.52;31.01;20.68;85.24;91.11;0.299;NEUTRE;0;37.3;1;1
2026.06.04 18:00;30558.50;30597.00;30549.50;30556.50;25.21;35.78;15.14;95.07;93.04;0.540;SOFT_UP;1;55.4;2;1
2026.06.04 17:00;30478.00;30562.25;30463.50;30558.25;22.85;30.03;17.47;93.02;86.49;0.545;SOFT_UP;1;57.2;2;1
2026.06.04 16:00;30412.25;30492.50;30393.50;30478.00;22.30;23.78;20.15;91.02;74.84;0.281;NEUTRE;0;40.4;1;1
2026.06.04 15:00;30355.50;30468.25;30353.75;30412.25;24.46;23.68;23.25;75.44;57.07;0.065;NEUTRE;0;11.8;0;1
2026.06.04 14:00;30247.25;30356.25;30151.75;30355.25;28.08;12.27;26.83;58.05;41.44;-0.123;NEUTRE;0;-23;0;1
2026.06.04 13:00;30308.75;30362.75;30187.50;30247.75;26.68;14.16;28.27;37.72;30.09;-0.476;NEUTRE;0;-60.6;-2;1
2026.06.04 12:00;30278.00;30328.75;30222.25;30309.25;25.66;16.33;29.57;28.56;23.17;-0.274;NEUTRE;0;-47.9;-2;1
2026.06.04 11:00;30243.75;30286.50;30163.50;30278.75;25.17;12.74;34.12;23.98;23.65;-0.374;NEUTRE;0;-58.7;-2;1
2026.06.04 10:00;30335.00;30336.25;30203.25;30243.75;22.03;14.71;34.40;16.97;33.41;-0.489;NEUTRE;0;-67.1;-3;1
2026.06.04 09:00;30342.25;30347.50;30247.75;30335.25;19.25;16.97;34.54;30.01;54.64;-0.188;NEUTRE;0;-45.3;-2;1
2026.06.04 08:00;30497.25;30500.00;30326.25;30342.75;16.96;19.58;27.75;53.24;72.77;-0.164;NEUTRE;0;-44.8;-1;1
2026.06.04 07:00;30528.25;30543.00;30489.25;30498.50;16.92;22.59;17.58;80.68;80.21;0.349;NEUTRE;0;67.5;3;1
2026.06.04 06:00;30482.50;30532.25;30464.00;30528.25;17.60;22.99;20.29;84.38;74.09;0.447;NEUTRE;0;74.5;3;0
2026.06.04 05:00;30496.00;30498.75;30449.25;30482.50;19.35;18.97;23.41;75.57;60.40;0.296;NEUTRE;0;70.8;3;0
2026.06.04 04:00;30479.00;30506.00;30466.25;30496.25;20.72;21.89;21.73;62.31;46.94;0.341;NEUTRE;0;76.4;3;0
2026.06.04 03:00;30411.75;30485.75;30408.50;30478.75;23.84;17.42;25.07;43.32;34.66;0.284;NEUTRE;0;77.7;3;0
2026.06.04 02:00;30452.25;30455.00;30351.50;30411.75;24.75;13.98;28.93;35.19;28.24;0.063;NEUTRE;0;56.7;2;0
2026.06.04 01:00;30497.75;30529.25;30437.25;30452.25;23.19;16.13;20.63;25.49;21.25;0.197;NEUTRE;0;;;0
2026.06.04 00:00;30392.50;30501.00;30377.25;30497.75;24.88;13.89;23.80;24.04;22.93;0.346;NEUTRE;0;;;0
2026.06.03 23:00;30456.25;30461.50;30370.00;30392.75;24.66;11.11;27.47;14.22;29.68;-1.021;SOFT_DOWN;-1;-65;-3;0
2026.06.03 22:00;30471.25;30496.50;30374.00;30455.50;21.93;12.82;31.02;30.51;43.54;-0.817;SOFT_DOWN;-1;-60.9;-2;0
2026.06.03 20:00;30634.25;30637.25;30477.25;30495.00;18.92;14.80;22.83;44.30;49.09;-0.688;SOFT_DOWN;-1;-59;-2;0
2026.06.03 19:00;30650.75;30693.00;30610.25;30632.75;18.55;17.07;13.55;55.82;47.41;-0.239;NEUTRE;0;-31.3;-1;1
2026.06.03 18:00;30642.00;30681.00;30607.75;30650.75;19.63;17.47;15.63;47.16;42.74;-0.181;NEUTRE;0;-25.9;-1;1
2026.06.03 17:00;30605.75;30646.00;30518.25;30641.75;21.80;12.81;18.04;39.24;39.25;-0.210;NEUTRE;0;-30.9;-1;1
2026.06.03 16:00;30604.00;30622.00;30505.00;30605.75;22.54;11.89;20.81;41.82;37.76;-0.327;NEUTRE;0;-44.7;-1;1
2026.06.03 15:00;30666.50;30714.25;30567.00;30604.25;21.81;13.72;15.86;36.69;35.04;-0.332;NEUTRE;0;-47;-2;1
2026.06.03 14:00;30559.00;30737.50;30546.25;30665.75;24.05;15.83;18.30;34.78;43.15;-0.132;NEUTRE;0;-24.5;0;1
2026.06.03 13:00;30716.50;30805.75;30495.50;30558.00;26.63;18.26;21.12;33.64;56.62;-0.483;NEUTRE;0;-60.9;-2;1
2026.06.03 12:00;30778.75;30795.75;30699.50;30716.00;29.61;21.07;14.25;61.04;67.21;0.032;NEUTRE;0;7.4;0;1
2026.06.03 11:00;30753.00;30792.50;30753.00;30779.25;31.20;24.31;7.89;75.18;68.42;0.238;NEUTRE;0;46.3;2;1
2026.06.03 10:00;30732.75;30782.25;30714.75;30753.00;28.16;24.06;9.11;65.41;63.72;0.152;NEUTRE;0;36.3;1;1
2026.06.03 09:00;30716.00;30768.50;30710.50;30733.00;25.55;24.63;10.51;64.66;61.09;0.087;NEUTRE;0;25.1;1;1
2026.06.03 08:00;30720.75;30750.00;30700.75;30716.00;23.30;23.51;12.13;61.10;57.51;0.032;NEUTRE;0;11;0;1
2026.06.03 07:00;30697.00;30738.00;30685.50;30720.75;21.98;23.38;13.99;57.51;61.03;0.047;NEUTRE;0;18;0;1
2026.06.03 06:00;30688.00;30716.50;30671.75;30697.25;21.49;20.67;16.15;53.92;65.38;-0.029;NEUTRE;0;-13.2;0;0
2026.06.03 05:00;30701.25;30722.00;30674.25;30688.00;22.91;23.86;17.77;71.65;69.85;-0.059;NEUTRE;0;-29.7;-1;0
2026.06.03 04:00;30705.25;30729.25;30700.00;30701.25;24.18;27.53;12.21;70.56;67.74;-0.016;NEUTRE;0;-11;0;0
2026.06.03 03:00;30678.00;30708.00;30667.50;30705.25;21.97;20.58;14.09;67.33;67.36;-0.003;NEUTRE;0;-2.8;0;0
2026.06.03 02:00;30681.75;30692.50;30664.00;30678.25;22.47;17.86;16.25;65.32;68.76;-0.091;NEUTRE;0;-65.6;-3;0
2026.06.03 01:00;30718.75;30721.75;30652.00;30681.75;25.20;20.61;18.75;69.42;72.06;-0.080;NEUTRE;0;;;0
2026.06.03 00:00;30706.25;30724.25;30670.00;30718.75;28.35;23.78;17.67;71.55;75.82;0.041;NEUTRE;0;;;0
2026.06.02 23:00;30704.25;30712.25;30567.50;30706.00;30.44;24.04;20.39;75.22;77.98;0.780;SOFT_UP;1;58.6;2;0
2026.06.02 22:00;30731.50;30755.50;30697.25;30702.75;33.86;27.73;9.73;80.71;76.54;0.770;SOFT_UP;1;59.4;2;0
2026.06.02 20:00;30706.00;30761.50;30697.25;30746.50;31.68;32.00;11.23;78.00;75.10;0.913;SOFT_UP;1;65.6;3;0
2026.06.02 19:00;30637.50;30718.75;30636.75;30706.00;29.16;26.69;12.96;70.89;78.06;0.780;SOFT_UP;1;63.3;2;1
2026.06.02 18:00;30627.25;30661.50;30597.75;30637.25;28.32;20.05;14.95;76.40;86.38;0.555;SOFT_UP;1;56.2;2;1
2026.06.02 17:00;30690.25;30701.50;30608.00;30626.75;30.43;23.14;14.78;86.88;93.49;0.520;NEUTRE;0;56;2;1
2026.06.02 16:00;30688.50;30710.25;30640.00;30690.25;31.72;26.69;11.78;95.85;93.51;0.729;SOFT_UP;1;65.6;3;1
2026.06.02 15:00;30641.75;30696.25;30611.00;30688.50;30.64;27.74;13.60;97.74;83.92;0.723;SOFT_UP;1;66.8;3;1
2026.06.02 14:00;30602.50;30646.25;30537.00;30641.50;30.09;22.98;15.69;86.94;64.84;0.569;SOFT_UP;1;63;2;1
2026.06.02 13:00;30528.25;30602.50;30423.00;30599.75;31.82;20.35;18.10;67.08;56.88;0.432;NEUTRE;0;58.1;2;1
2026.06.02 12:00;30531.25;30558.75;30522.00;30528.25;35.81;23.49;12.40;40.50;61.21;0.197;NEUTRE;0;38.5;1;1
2026.06.02 11:00;30528.00;30572.75;30502.50;30529.75;36.57;27.10;14.31;63.07;77.84;0.202;NEUTRE;0;41.6;1;1
2026.06.02 10:00;30564.25;30570.25;30527.00;30528.00;37.45;31.27;11.14;80.05;88.14;0.196;NEUTRE;0;43.5;1;1
2026.06.02 09:00;30547.25;30584.00;30524.50;30564.25;35.91;36.08;12.86;90.39;92.85;0.315;NEUTRE;0;59.4;2;1
2026.06.02 08:00;30528.50;30567.25;30528.50;30547.25;34.13;37.30;14.84;93.99;93.27;0.259;NEUTRE;0;57.4;2;1
2026.06.02 07:00;30513.50;30546.00;30508.50;30528.75;32.75;34.60;17.12;94.18;84.45;0.199;NEUTRE;0;54;2;1
2026.06.02 06:00;30475.25;30514.50;30468.00;30513.50;32.59;27.00;19.75;91.65;67.74;0.149;NEUTRE;0;50.2;2;0
2026.06.02 05:00;30442.25;30492.00;30429.50;30475.25;35.23;23.71;22.79;67.52;42.67;0.023;NEUTRE;0;12.5;0;0
2026.06.02 04:00;30362.50;30443.75;30357.75;30442.25;40.34;15.48;26.30;44.06;23.05;-0.085;NEUTRE;0;-45.8;-2;0
2026.06.02 03:00;30372.75;30382.00;30317.00;30362.50;42.56;6.81;30.35;16.44;10.42;-0.347;NEUTRE;0;-79.9;-3;0
2026.06.02 02:00;30332.75;30383.50;30321.00;30372.75;39.37;7.86;34.07;8.64;8.05;-0.313;NEUTRE;0;-82.5;-3;0
2026.06.02 01:00;30372.00;30400.00;30332.25;30332.75;35.81;9.07;36.54;6.19;11.17;-0.445;NEUTRE;0;;;0
2026.06.02 00:00;30468.25;30468.25;30362.25;30372.00;32.06;10.47;35.35;9.34;19.88;-0.316;NEUTRE;0;;;0
2026.06.01 23:00;30457.00;30478.00;30442.50;30467.75;28.63;12.08;29.14;17.98;36.92;-0.028;NEUTRE;0;-3.4;0;0
2026.06.01 22:00;30509.50;30513.75;30430.50;30457.00;26.67;13.94;33.62;32.33;57.67;-0.063;NEUTRE;0;-7.9;0;0
2026.06.01 20:00;30570.50;30573.00;30506.25;30520.00;24.40;16.08;25.78;60.47;77.38;0.144;NEUTRE;0;19.2;0;0
2026.06.01 19:00;30621.25;30646.25;30554.75;30568.75;24.59;18.55;18.56;80.23;87.88;0.304;NEUTRE;0;37.7;1;1
2026.06.01 18:00;30669.25;30673.50;30613.50;30622.00;28.37;21.41;11.54;91.43;89.14;0.478;NEUTRE;0;52.1;2;1
2026.06.01 17:00;30579.75;30690.75;30534.25;30669.25;28.13;24.70;13.32;91.98;76.57;0.633;SOFT_UP;1;61;2;1
2026.06.01 16:00;30500.50;30583.00;30450.00;30580.00;27.85;17.91;15.37;84.01;58.27;0.340;NEUTRE;0;45.8;2;1
2026.06.01 15:00;30436.50;30552.75;30413.75;30500.75;30.96;17.17;17.73;53.73;35.39;0.080;NEUTRE;0;14.5;0;1
2026.06.01 14:00;30310.25;30446.00;30294.00;30435.75;35.47;7.99;20.46;37.07;26.20;-0.133;NEUTRE;0;-24.7;0;1
2026.06.01 13:00;30448.00;30465.75;30291.00;30309.25;34.19;9.22;23.61;15.38;20.43;-0.548;SOFT_DOWN;-1;-63.9;-2;1
2026.06.01 12:00;30460.75;30495.25;30413.25;30448.00;32.71;10.64;16.47;26.16;24.60;-0.093;NEUTRE;0;-20.6;0;1
2026.06.01 11:00;30493.00;30500.25;30450.75;30461.75;34.43;12.28;11.97;19.75;23.95;-0.048;NEUTRE;0;-11.9;0;1
2026.06.01 10:00;30461.00;30503.25;30452.75;30492.75;39.53;14.17;13.19;27.89;30.31;0.054;NEUTRE;0;14.6;0;1
2026.06.01 09:00;30498.00;30510.75;30453.00;30461.00;45.07;16.34;15.15;24.21;38.33;-0.050;NEUTRE;0;-15;0;1
2026.06.01 08:00;30509.75;30514.75;30442.50;30498.00;51.42;18.86;17.48;38.83;56.84;0.071;NEUTRE;0;23.2;0;1
2026.06.01 07:00;30578.00;30591.00;30486.25;30510.00;58.75;21.76;10.85;51.96;68.88;0.111;NEUTRE;0;37.5;1;1
2026.06.01 06:00;30578.75;30588.25;30553.75;30578.00;62.64;25.11;2.61;79.74;78.65;0.334;NEUTRE;0;69.6;3;0
2026.06.01 05:00;30572.25;30590.00;30550.00;30577.75;59.78;28.97;3.01;74.94;80.87;0.333;NEUTRE;0;72.8;3;0
2026.06.01 04:00;30544.25;30579.50;30542.50;30572.25;56.49;29.39;3.47;81.28;87.16;0.315;NEUTRE;0;75.3;3;0
2026.06.01 03:00;30548.25;30593.00;30536.00;30544.25;53.05;33.91;4.00;86.38;91.94;0.223;NEUTRE;0;74.5;3;0
2026.06.01 02:00;30547.25;30567.50;30542.50;30548.25;49.07;32.25;4.62;93.83;94.37;0.236;NEUTRE;0;80.1;3;0
2026.06.01 01:00;30539.50;30551.25;30521.00;30547.25;45.09;27.21;5.33;95.60;91.19;0.233;NEUTRE;0;;;0
2026.06.01 00:00;30476.25;30553.50;30470.25;30539.50;41.69;31.39;6.15;93.68;84.06;0.208;NEUTRE;0;;;0
2026.05.31 23:00;30454.50;30483.50;30449.50;30476.25;37.76;23.28;7.10;84.29;67.65;0.234;NEUTRE;0;26.2;1;0
2026.05.31 22:00;30405.00;30472.00;30359.75;30454.50;35.37;21.66;8.19;74.23;48.83;0.163;NEUTRE;0;19.7;0;0
2026.05.29 20:00;30396.25;30409.25;30375.50;30388.00;33.87;16.40;9.45;44.45;33.02;0.290;NEUTRE;0;35.1;1;0
2026.05.29 19:00;30322.75;30443.50;30314.50;30395.50;34.94;18.92;10.90;27.82;28.70;0.314;NEUTRE;0;38.6;1;1
2026.05.29 18:00;30300.75;30401.00;30290.75;30323.75;36.18;16.76;12.58;26.79;32.33;0.078;NEUTRE;0;11.8;0;1
2026.05.29 17:00;30396.75;30409.50;30295.00;30301.25;39.56;19.34;13.92;31.48;41.19;0.003;NEUTRE;0;0.5;0;1
2026.05.29 16:00;30361.50;30446.50;30357.50;30396.50;43.14;22.31;7.67;38.71;52.38;0.318;NEUTRE;0;43.9;1;1
2026.05.29 15:00;30359.00;30438.00;30337.00;30361.00;42.26;24.28;8.85;53.39;69.04;0.200;NEUTRE;0;32.8;1;1
2026.05.29 14:00;30516.75;30534.50;30269.50;30358.75;41.60;28.01;10.21;65.05;76.15;0.193;NEUTRE;0;33.7;1;1
2026.05.29 13:00;30349.25;30519.00;30335.00;30517.25;40.83;32.32;7.98;88.67;78.22;0.716;SOFT_UP;1;69.4;3;1
2026.05.29 12:00;30348.00;30349.25;30296.00;30348.00;37.82;23.10;9.20;74.72;70.49;0.158;NEUTRE;0;32.5;1;1
2026.05.29 11:00;30337.25;30370.50;30298.75;30348.00;37.02;26.66;9.83;71.27;65.49;0.158;NEUTRE;0;34.8;1;1
2026.05.29 10:00;30330.75;30348.25;30299.75;30339.00;35.61;25.99;11.34;65.49;66.14;0.128;NEUTRE;0;31.8;1;1
2026.05.29 09:00;30314.00;30368.00;30308.25;30330.00;35.05;29.98;10.38;59.72;70.75;0.098;NEUTRE;0;27.8;1;1
2026.05.29 08:00;30298.75;30324.25;30286.25;30314.00;32.98;23.33;11.98;73.22;81.21;0.045;NEUTRE;0;15.2;0;1
2026.05.29 07:00;30347.50;30347.50;30265.00;30298.75;33.10;26.92;13.83;79.31;79.95;-0.005;NEUTRE;0;-2;0;1
2026.05.29 06:00;30299.25;30349.25;30298.50;30347.50;33.25;31.06;9.71;91.09;67.76;0.156;NEUTRE;0;51.5;2;0
2026.05.29 05:00;30297.00;30317.00;30291.00;30299.25;30.31;26.07;11.20;69.45;45.47;-0.003;NEUTRE;0;-1.7;0;0
2026.05.29 04:00;30259.50;30305.25;30259.00;30296.75;28.83;23.12;12.92;42.72;27.58;-0.012;NEUTRE;0;-8.3;0;0
2026.05.29 03:00;30237.00;30273.50;30235.25;30259.50;28.92;16.12;14.91;24.23;19.88;-0.134;NEUTRE;0;-65.2;-3;0
2026.05.29 02:00;30246.50;30269.25;30226.75;30237.00;32.76;16.89;17.20;15.78;18.59;-0.209;NEUTRE;0;-78.8;-3;0
2026.05.29 01:00;30246.50;30262.25;30215.25;30246.25;37.66;16.95;19.85;19.62;28.07;-0.178;NEUTRE;0;;;0
2026.05.29 00:00;30300.25;30300.25;30233.50;30246.50;42.25;19.56;16.93;20.38;42.62;-0.177;NEUTRE;0;;;0
2026.05.28 23:00;30295.75;30325.50;30295.00;30300.25;47.64;22.57;5.36;44.19;63.30;1.083;STRONG_UP;2;66.3;3;0
2026.05.28 22:00;30344.75;30360.25;30286.50;30295.75;45.49;26.05;6.18;63.29;78.17;1.068;SOFT_UP;1;66.9;3;0
2026.05.28 20:00;30305.50;30335.50;30291.00;30311.50;43.00;24.89;7.14;82.43;88.33;1.121;STRONG_UP;2;69.8;3;0
2026.05.28 19:00;30291.50;30330.50;30274.00;30306.00;41.09;26.99;8.23;88.80;92.72;1.103;STRONG_UP;2;70.4;3;1
2026.05.28 18:00;30318.75;30336.50;30280.25;30292.00;39.22;31.14;7.80;93.75;95.46;1.056;SOFT_UP;1;70.6;3;1
2026.05.28 17:00;30325.75;30340.75;30281.75;30316.75;36.03;35.93;8.59;95.61;92.40;1.138;STRONG_UP;2;72.8;3;1
2026.05.28 16:00;30263.50;30328.25;30237.75;30325.50;32.13;38.20;9.91;97.03;87.96;1.168;STRONG_UP;2;74.2;3;1
2026.05.28 15:00;30186.75;30291.75;30180.00;30263.50;28.02;37.88;11.43;84.55;76.96;0.961;SOFT_UP;1;72.1;3;1
2026.05.28 14:00;29989.75;30189.50;29962.75;30186.25;24.08;29.63;13.19;82.28;67.74;0.703;SOFT_UP;1;67.6;3;1
2026.05.28 13:00;30055.50;30111.00;29919.50;29989.75;21.89;28.86;15.22;64.05;59.38;0.048;NEUTRE;0;10.1;0;1
2026.05.28 12:00;29923.50;30066.00;29921.25;30054.75;20.49;29.68;17.57;56.88;63.08;0.264;NEUTRE;0;46.8;2;1
2026.05.28 11:00;29882.25;29938.75;29870.00;29923.25;19.70;20.72;20.27;57.20;74.41;-0.174;NEUTRE;0;-37.4;-1;1
2026.05.28 10:00;29974.50;29974.50;29866.75;29883.75;22.56;23.91;23.39;75.16;79.55;-0.306;NEUTRE;0;-56;-2;1
2026.05.28 09:00;29982.75;29997.00;29940.25;29974.50;25.86;27.59;16.49;90.88;73.17;-0.003;NEUTRE;0;-0.9;0;1
2026.05.28 08:00;29957.50;29993.50;29946.00;29982.75;25.97;31.83;17.47;72.59;53.68;0.024;NEUTRE;0;8.3;0;1
2026.05.28 07:00;29908.50;29962.25;29908.50;29954.75;25.48;26.61;20.15;56.03;35.91;-0.069;NEUTRE;0;-25.5;-1;1
2026.05.28 06:00;29903.75;29937.00;29879.25;29907.75;27.27;23.58;23.26;32.41;19.34;-0.226;NEUTRE;0;-61.2;-2;0
2026.05.28 05:00;29787.50;29910.50;29768.00;29903.75;31.36;20.15;26.83;19.28;15.53;-0.239;NEUTRE;0;-66.6;-3;0
2026.05.28 04:00;29810.25;29823.75;29763.00;29787.50;34.00;13.88;30.96;6.33;23.77;-0.627;SOFT_DOWN;-1;-82.5;-3;0
2026.05.28 03:00;29972.00;29983.50;29795.75;29810.50;33.37;16.01;27.43;21.00;36.65;-0.550;SOFT_DOWN;-1;-83.6;-3;0
2026.05.28 02:00;30070.00;30078.25;29970.00;29972.50;34.46;18.48;17.37;43.98;46.17;-0.010;NEUTRE;0;-13.6;0;0
2026.05.28 01:00;30069.75;30079.00;30033.25;30070.00;39.28;21.32;11.06;44.99;52.67;0.315;NEUTRE;0;;;0
2026.05.28 00:00;29975.50;30088.25;29961.75;30070.00;40.45;24.60;12.76;49.55;65.83;0.315;NEUTRE;0;;;0
2026.05.27 23:00;30059.50;30077.75;29965.75;29978.00;41.80;27.11;14.72;63.47;78.03;-0.400;NEUTRE;0;-40.1;-1;0
2026.05.27 22:00;30111.50;30134.00;30025.25;30059.50;43.67;31.28;8.81;84.46;74.20;-0.129;NEUTRE;0;-15.8;0;0
2026.05.27 20:00;30046.00;30120.50;30034.50;30118.00;41.77;34.18;10.17;86.16;56.85;0.066;NEUTRE;0;9.1;0;0
2026.05.27 19:00;30038.00;30069.50;30008.50;30045.00;39.86;30.32;11.73;51.96;34.28;-0.177;NEUTRE;0;-24.3;0;1
2026.05.27 18:00;29972.00;30059.25;29962.25;30037.50;39.20;32.39;13.54;32.42;21.95;-0.202;NEUTRE;0;-28.5;-1;1
2026.05.27 17:00;29987.25;29996.00;29894.25;29972.00;38.91;27.35;15.62;18.44;16.69;-0.419;NEUTRE;0;-50;-2;1
2026.05.27 16:00;29934.25;30047.50;29919.25;29987.00;40.70;31.55;14.24;14.97;19.39;-0.370;NEUTRE;0;-48.2;-2;1
2026.05.27 15:00;29939.75;29979.50;29882.25;29934.25;41.15;28.25;16.43;16.66;30.68;-0.545;SOFT_DOWN;-1;-60.4;-2;1
2026.05.27 14:00;30058.75;30098.00;29879.25;29940.00;43.41;32.60;18.96;26.53;50.39;-0.526;NEUTRE;0;-61.2;-2;1
2026.05.27 13:00;30260.50;30269.50;29937.00;30060.25;46.02;37.61;17.82;48.86;72.18;-0.126;NEUTRE;0;-25.1;-1;1
2026.05.27 12:00;30263.75;30376.75;30242.00;30260.50;47.60;43.40;6.45;75.80;86.89;0.539;SOFT_UP;1;65.3;3;1
2026.05.27 11:00;30235.25;30295.25;30234.75;30264.25;43.52;40.77;7.44;91.89;91.96;0.552;SOFT_UP;1;67.6;3;1
2026.05.27 10:00;30212.50;30246.75;30211.25;30234.50;39.58;34.76;8.58;92.99;83.87;0.453;NEUTRE;0;65.5;3;1
2026.05.27 09:00;30195.25;30212.50;30172.00;30212.25;36.37;25.26;9.90;91.01;68.80;0.379;NEUTRE;0;63.9;2;1
2026.05.27 08:00;30140.00;30215.50;30130.50;30195.00;35.25;29.15;11.43;67.61;49.05;0.321;NEUTRE;0;62.7;2;1
2026.05.27 07:00;30076.00;30142.75;30074.50;30139.25;33.95;20.47;13.18;47.77;40.85;0.136;NEUTRE;0;43.2;1;1
2026.05.27 06:00;30102.00;30109.00;30054.75;30074.75;35.85;16.01;15.21;31.76;44.88;-0.078;NEUTRE;0;-32.2;-1;0
2026.05.27 05:00;30104.50;30119.25;30067.25;30102.00;40.97;18.47;14.01;43.03;57.27;0.012;NEUTRE;0;6.6;0;0
2026.05.27 04:00;30096.50;30123.00;30074.00;30104.50;45.16;21.31;14.16;59.87;70.75;0.021;NEUTRE;0;14.3;0;0
2026.05.27 03:00;30136.25;30153.25;30092.75;30096.50;49.00;24.59;10.46;68.91;79.39;-0.006;NEUTRE;0;-5.5;0;0
2026.05.27 02:00;30121.75;30157.50;30120.00;30136.25;50.34;28.38;5.14;83.48;82.34;0.126;NEUTRE;0;71.8;3;0
2026.05.27 01:00;30128.50;30157.50;30114.00;30121.75;47.41;32.74;5.93;85.77;77.13;0.078;NEUTRE;0;;;0
2026.05.27 00:00;30098.25;30135.75;30070.25;30128.25;44.04;30.09;6.84;77.77;71.78;0.100;NEUTRE;0;;;0
2026.05.26 23:00;30037.75;30103.00;30037.50;30098.50;41.13;27.02;7.89;67.86;68.66;0.740;SOFT_UP;1;57.3;2;0
2026.05.26 22:00;30070.50;30073.50;30027.75;30037.75;39.02;24.25;9.10;69.71;67.86;0.536;SOFT_UP;1;49.7;2;0
2026.05.26 20:00;30078.00;30082.25;30030.50;30043.00;38.04;27.98;9.58;68.40;62.84;0.554;SOFT_UP;1;53.3;2;0
2026.05.26 19:00;30013.50;30110.75;30004.75;30078.00;36.35;32.29;11.05;65.47;56.11;0.671;SOFT_UP;1;59.7;2;1
2026.05.26 18:00;29995.25;30059.75;29981.50;30013.25;34.41;29.85;12.75;54.65;52.70;0.454;NEUTRE;0;50.7;2;1
2026.05.26 17:00;29974.25;30012.25;29953.75;29995.75;33.53;25.10;14.72;48.20;57.16;0.396;NEUTRE;0;48.4;2;1
2026.05.26 16:00;29926.00;30014.25;29921.00;29974.00;34.67;28.97;16.98;55.25;70.78;0.323;NEUTRE;0;44.3;1;1
2026.05.26 15:00;30054.50;30065.75;29884.75;29925.50;35.99;33.42;19.59;68.04;82.07;0.161;NEUTRE;0;27.4;1;1
2026.05.26 14:00;30005.00;30117.75;29975.50;30054.00;37.52;38.57;14.89;89.06;85.00;0.591;SOFT_UP;1;63.9;2;1
2026.05.26 13:00;29919.25;30002.75;29826.00;30002.75;36.48;32.06;17.18;89.11;80.24;0.419;NEUTRE;0;57.3;2;1
2026.05.26 12:00;29864.50;29929.00;29850.50;29919.25;37.44;30.57;19.83;76.81;74.92;0.140;NEUTRE;0;29.4;1;1
2026.05.26 11:00;29854.00;29873.25;29817.00;29864.50;39.92;24.35;22.88;74.78;70.44;-0.044;NEUTRE;0;-11;0;1
2026.05.26 10:00;29845.75;29913.75;29842.75;29853.75;45.58;28.10;19.35;73.18;62.41;-0.079;NEUTRE;0;-20.9;0;1
2026.05.26 09:00;29807.00;29849.50;29803.25;29845.75;49.76;18.50;22.33;63.35;53.63;-0.106;NEUTRE;0;-29.7;-1;1
2026.05.26 08:00;29773.25;29809.50;29757.25;29806.50;55.97;8.04;25.77;50.71;47.59;-0.238;NEUTRE;0;-55.2;-2;1
2026.05.26 07:00;29825.50;29828.75;29743.00;29772.50;56.51;9.28;29.73;46.83;43.25;-0.351;NEUTRE;0;-67.6;-3;1
2026.05.26 06:00;29804.75;29844.25;29798.75;29823.75;57.14;10.70;24.30;45.23;37.63;-0.180;NEUTRE;0;-55.4;-2;0
2026.05.26 05:00;29799.50;29814.75;29783.00;29804.75;59.95;2.37;28.04;37.70;31.59;-0.243;NEUTRE;0;-67;-3;0
2026.05.26 04:00;29818.75;29827.50;29792.25;29799.50;56.20;2.74;27.87;29.97;25.75;-0.261;NEUTRE;0;-72.4;-3;0
2026.05.26 03:00;29816.25;29827.50;29801.50;29818.75;52.21;3.16;28.13;27.11;22.95;-0.197;NEUTRE;0;-72.5;-3;0
2026.05.26 02:00;29810.50;29827.25;29796.25;29816.50;47.97;3.50;32.45;20.16;20.36;-0.204;NEUTRE;0;-78.5;-3;0
2026.05.26 01:00;29820.50;29832.00;29769.75;29810.50;42.96;4.04;37.44;21.59;23.58;-0.224;NEUTRE;0;;;0
2026.05.26 00:00;29877.50;29879.50;29799.75;29820.75;37.18;4.66;35.79;19.33;29.58;-0.190;NEUTRE;0;;;0
2026.05.25 23:00;29888.75;29899.50;29833.50;29877.50;31.06;5.38;34.79;29.81;43.22;0.120;NEUTRE;0;14.2;0;0
2026.05.25 22:00;29923.00;29949.00;29880.50;29888.75;24.57;6.20;29.18;39.60;54.20;0.157;NEUTRE;0;19.1;0;0
2026.05.25 20:00;29961.25;29964.25;29940.25;29940.25;18.36;7.16;20.25;60.24;61.89;0.330;NEUTRE;0;38.6;1;0
2026.05.25 19:00;29961.25;29961.25;29961.25;29961.25;13.84;8.26;9.91;62.76;57.51;0.400;NEUTRE;0;45.5;2;1
2026.05.25 18:00;29961.25;29961.25;29959.25;29961.25;14.57;9.53;11.43;62.67;47.87;0.400;NEUTRE;0;47.1;2;1
2026.05.25 17:00;29962.50;29962.50;29942.50;29961.25;15.42;11.00;13.19;47.11;40.00;0.400;NEUTRE;0;48.7;2;1
2026.05.25 16:00;29922.25;29965.75;29912.75;29962.25;16.39;12.69;15.22;33.83;38.99;0.404;NEUTRE;0;50.7;2;1
2026.05.25 15:00;29927.50;29988.75;29914.50;29922.25;17.52;14.64;17.05;39.06;51.27;0.270;NEUTRE;0;41.1;1;1
2026.05.25 14:00;29992.50;29992.75;29909.25;29928.00;19.04;16.89;19.68;44.07;61.48;0.289;NEUTRE;0;45;1;1
2026.05.25 13:00;29940.50;29992.75;29937.00;29992.25;20.80;19.49;17.59;70.70;72.38;0.504;NEUTRE;0;61.9;2;1
2026.05.25 12:00;29971.50;29986.75;29937.25;29940.50;23.22;20.84;20.30;69.66;72.82;0.331;NEUTRE;0;53.2;2;1
2026.05.25 11:00;29970.75;29987.25;29964.50;29971.50;26.59;24.04;14.95;76.79;73.05;0.435;NEUTRE;0;62.4;2;1
2026.05.25 10:00;29954.75;29974.00;29945.25;29970.75;27.09;18.78;17.25;72.01;71.77;0.432;NEUTRE;0;64.4;2;1
2026.05.25 09:00;29961.50;29975.50;29953.25;29954.75;30.60;21.67;15.62;70.34;72.37;0.379;NEUTRE;0;63.9;2;1
2026.05.25 08:00;29971.00;29973.00;29926.25;29961.50;32.82;23.27;18.03;72.95;75.80;0.401;NEUTRE;0;67.6;3;1
2026.05.25 07:00;29969.00;29986.00;29889.00;29970.75;35.91;26.86;20.80;73.80;79.77;0.432;NEUTRE;0;71.5;3;1
2026.05.25 06:00;29967.25;29983.75;29948.50;29966.50;39.48;30.99;14.56;80.65;86.20;0.418;NEUTRE;0;73.5;3;0
2026.05.25 05:00;29973.25;29993.25;29967.50;29967.50;40.01;35.75;8.51;84.85;90.73;0.421;NEUTRE;0;76.2;3;0
2026.05.25 04:00;29961.00;29984.50;29960.00;29973.25;36.70;36.03;9.82;93.11;94.45;0.441;NEUTRE;0;79.4;3;0
2026.05.25 03:00;29956.00;29987.25;29954.25;29961.00;33.55;41.57;11.33;94.22;94.58;0.400;NEUTRE;0;81.2;3;0
2026.05.25 02:00;29923.50;29959.25;29902.25;29956.50;29.92;34.91;13.08;96.01;94.31;0.385;NEUTRE;0;83.9;3;0
2026.05.25 01:00;29914.50;29947.00;29905.00;29923.50;27.53;36.98;15.09;93.51;86.12;0.274;NEUTRE;0;;;0
2026.05.25 00:00;29841.75;29934.00;29825.50;29914.00;25.29;37.90;17.41;93.42;70.05;0.242;NEUTRE;0;;;0
2026.05.24 23:00;29806.50;29880.25;29804.50;29842.00;23.48;36.11;20.09;71.44;48.57;0.492;NEUTRE;0;46;2;0
2026.05.24 22:00;29695.75;29823.50;29679.50;29807.00;22.71;30.14;23.18;45.29;41.58;0.375;NEUTRE;0;39.5;1;0
2026.05.22 20:00;29551.25;29576.50;29500.50;29529.75;24.20;21.84;26.75;28.99;50.39;-0.065;NEUTRE;0;-8.9;0;0
2026.05.22 19:00;29649.25;29655.75;29531.25;29550.00;26.37;25.20;24.64;50.45;67.83;0.003;NEUTRE;0;0.4;0;1
2026.05.22 18:00;29678.00;29687.25;29623.50;29649.25;30.25;29.08;17.03;71.73;78.27;0.339;NEUTRE;0;42.3;1;1
2026.05.22 17:00;29670.50;29745.75;29646.50;29678.00;30.88;33.55;14.10;81.31;80.76;0.437;NEUTRE;0;51.2;2;1
2026.05.22 16:00;29686.25;29693.00;29632.25;29670.50;29.35;30.54;16.26;81.76;77.89;0.411;NEUTRE;0;51.2;2;1
2026.05.22 15:00;29646.75;29712.25;29643.25;29687.25;29.17;35.24;15.98;79.23;70.25;0.468;NEUTRE;0;56.5;2;1
2026.05.22 14:00;29639.50;29653.25;29489.75;29646.00;27.87;27.50;18.44;72.68;56.32;0.328;NEUTRE;0;48.6;2;1
2026.05.22 13:00;29592.50;29714.50;29547.25;29640.00;29.13;31.74;15.87;58.84;39.77;0.308;NEUTRE;0;48.9;2;1
2026.05.22 12:00;29507.75;29594.50;29495.00;29592.75;28.48;25.58;18.31;37.43;27.01;0.148;NEUTRE;0;30.8;1;1
2026.05.22 11:00;29464.00;29526.25;29451.50;29507.75;30.31;18.96;21.12;23.05;26.16;-0.140;NEUTRE;0;-31.6;-1;1
2026.05.22 10:00;29525.50;29526.00;29436.25;29464.00;34.14;21.83;24.37;20.54;34.01;-0.288;NEUTRE;0;-54.3;-2;1
2026.05.22 09:00;29564.25;29564.25;29476.25;29525.25;38.55;25.19;21.27;34.90;45.81;-0.080;NEUTRE;0;-23.3;0;1
2026.05.22 08:00;29581.75;29664.00;29561.75;29563.75;43.18;29.06;9.59;46.57;55.64;0.050;NEUTRE;0;16.8;0;1
2026.05.22 07:00;29561.25;29583.75;29527.00;29581.75;42.07;21.46;11.06;55.97;63.42;0.111;NEUTRE;0;37.5;1;1
2026.05.22 06:00;29545.25;29591.25;29532.25;29561.50;43.63;24.76;11.34;64.39;69.33;0.042;NEUTRE;0;18.7;0;0
2026.05.22 05:00;29591.25;29605.25;29541.00;29545.25;44.62;28.57;10.81;69.91;68.58;-0.013;NEUTRE;0;-7.2;0;0
2026.05.22 04:00;29571.50;29597.00;29563.50;29591.25;44.55;32.97;7.08;73.68;69.04;0.143;NEUTRE;0;60;2;0
2026.05.22 03:00;29547.75;29571.75;29526.75;29571.75;41.46;26.44;8.17;62.14;71.20;0.077;NEUTRE;0;51.2;2;0
2026.05.22 02:00;29528.00;29554.00;29507.25;29547.75;39.72;24.44;9.43;71.30;80.46;-0.004;NEUTRE;0;-5.5;0;0
2026.05.22 01:00;29564.00;29577.50;29492.75;29528.00;39.01;28.20;10.88;80.17;84.67;-0.071;NEUTRE;0;;;0
2026.05.22 00:00;29549.00;29601.00;29533.75;29564.00;38.19;32.54;5.11;89.92;84.18;0.051;NEUTRE;0;;;0
2026.05.21 23:00;29536.50;29582.25;29533.75;29549.00;32.86;33.26;5.90;83.92;75.57;1.226;STRONG_UP;2;68.8;3;0
2026.05.21 22:00;29467.50;29541.75;29467.00;29536.75;27.16;25.52;6.80;78.69;70.88;1.184;STRONG_UP;2;69;3;0
2026.05.21 20:00;29444.75;29470.50;29432.50;29451.50;22.44;17.31;7.85;64.10;66.88;0.892;SOFT_UP;1;65.1;3;0
2026.05.21 19:00;29336.25;29461.50;29334.75;29443.25;20.11;16.32;9.06;69.86;70.61;0.863;SOFT_UP;1;65.5;3;1
2026.05.21 18:00;29495.50;29520.25;29294.75;29336.25;18.80;18.84;10.45;66.67;65.59;0.497;NEUTRE;0;53.2;2;1
2026.05.21 17:00;29257.25;29552.00;29257.25;29495.25;17.28;21.73;12.06;75.29;59.76;1.041;SOFT_UP;1;71.4;3;1
2026.05.21 16:00;29265.50;29309.00;29207.75;29256.00;15.54;12.45;13.92;54.80;44.21;0.222;NEUTRE;0;33.9;1;1
2026.05.21 15:00;29234.50;29302.25;29137.75;29265.75;17.07;13.34;16.06;49.19;33.47;0.255;NEUTRE;0;39.4;1;1
2026.05.21 14:00;29286.75;29337.00;29126.75;29234.00;18.28;15.39;18.53;28.63;22.03;0.146;NEUTRE;0;26.8;1;1
2026.05.21 13:00;29192.50;29313.25;29173.25;29285.75;19.66;17.76;17.98;22.59;24.72;0.324;NEUTRE;0;50.3;2;1
2026.05.21 12:00;29251.50;29289.50;29184.50;29192.50;22.59;17.88;20.74;14.88;34.27;0.004;NEUTRE;0;0.9;0;1
2026.05.21 11:00;29244.75;29291.50;29203.00;29252.00;24.93;20.63;21.22;36.68;50.06;0.208;NEUTRE;0;42.5;1;1
2026.05.21 10:00;29379.25;29391.50;29191.75;29244.75;28.54;23.80;24.49;51.25;53.76;0.183;NEUTRE;0;41.5;1;1
2026.05.21 09:00;29372.00;29427.50;29366.00;29379.50;32.72;27.46;14.84;62.25;52.26;0.645;SOFT_UP;1;73.9;3;1
2026.05.21 08:00;29320.75;29461.00;29309.25;29372.25;33.16;31.69;17.12;47.78;53.44;0.620;SOFT_UP;1;75.1;3;1
2026.05.21 07:00;29299.25;29331.75;29199.25;29320.50;33.66;23.46;19.75;46.73;66.13;0.443;NEUTRE;0;71.9;3;1
2026.05.21 06:00;29365.50;29392.00;29278.75;29299.75;37.52;27.07;13.56;65.79;80.58;0.372;NEUTRE;0;71.6;3;0
2026.05.21 05:00;29417.75;29438.00;29297.25;29365.50;38.18;31.23;13.13;85.86;85.37;0.597;SOFT_UP;1;80.2;3;0
2026.05.21 04:00;29360.75;29422.50;29358.50;29417.75;37.78;36.04;8.46;90.10;77.76;0.776;SOFT_UP;1;83.9;3;0
2026.05.21 03:00;29327.75;29380.00;29324.50;29360.50;34.05;31.37;9.76;80.15;62.90;0.580;SOFT_UP;1;83.9;3;0
2026.05.21 02:00;29311.50;29375.75;29311.00;29327.75;31.21;35.02;11.26;63.04;46.57;0.468;NEUTRE;0;85;3;0
2026.05.21 01:00;29219.75;29319.25;29219.75;29311.50;28.11;26.98;12.99;45.52;35.93;0.412;NEUTRE;0;;;0
2026.05.21 00:00;29191.25;29231.50;29170.00;29219.75;27.05;17.56;14.99;31.15;38.00;0.098;NEUTRE;0;;;0
2026.05.20 23:00;29190.00;29223.25;29166.50;29191.25;30.00;18.20;17.30;31.13;51.97;0.836;SOFT_UP;1;60.4;2;0
2026.05.20 22:00;29273.75;29274.75;29112.25;29189.75;34.22;21.00;19.96;51.71;68.36;0.831;SOFT_UP;1;61.3;2;0
2026.05.20 20:00;29394.75;29394.75;29246.50;29286.75;39.10;24.23;11.19;73.07;75.29;1.166;STRONG_UP;2;70.5;3;0
2026.05.20 19:00;29300.00;29394.50;29297.00;29392.50;39.45;27.96;7.68;80.30;75.99;1.531;STRONG_UP;2;75.6;3;1
2026.05.20 18:00;29300.50;29343.25;29274.75;29299.75;36.77;24.17;8.86;72.51;75.82;1.211;STRONG_UP;2;72.9;3;1
2026.05.20 17:00;29261.25;29323.50;29228.50;29300.50;35.29;23.45;10.22;75.16;78.02;1.213;STRONG_UP;2;73.8;3;1
2026.05.20 16:00;29330.75;29336.00;29209.75;29261.25;34.67;27.06;11.79;79.78;76.40;1.078;STRONG_UP;2;72.9;3;1
2026.05.20 15:00;29259.75;29393.50;29230.50;29330.50;33.96;31.23;11.08;79.13;66.09;1.317;STRONG_UP;2;76.8;3;1
2026.05.20 14:00;29099.75;29278.25;29006.75;29262.25;31.86;25.15;12.78;70.29;60.27;1.081;STRONG_UP;2;75;3;1
2026.05.20 13:00;29103.25;29193.00;29022.50;29099.00;31.74;24.19;14.75;48.85;62.05;0.517;NEUTRE;0;62.5;2;1
2026.05.20 12:00;29080.75;29167.50;29072.00;29103.00;32.90;27.91;12.55;61.67;74.04;0.531;SOFT_UP;1;65;2;1
2026.05.20 11:00;29106.25;29127.25;29062.50;29080.00;32.12;25.72;14.48;75.64;82.37;0.452;NEUTRE;0;63.3;2;1
2026.05.20 10:00;29122.75;29155.75;29102.75;29106.75;32.76;29.68;7.15;84.82;86.83;0.544;SOFT_UP;1;69.2;3;1
2026.05.20 09:00;29097.25;29148.00;29064.75;29122.75;28.38;32.00;8.25;86.65;86.39;0.599;SOFT_UP;1;72.7;3;1
2026.05.20 08:00;29025.50;29135.25;29022.25;29097.25;23.67;34.56;9.51;89.01;79.90;0.511;NEUTRE;0;72.1;3;1
2026.05.20 07:00;29037.50;29063.50;29013.50;29025.50;18.57;30.11;10.98;83.50;66.18;0.263;NEUTRE;0;61.2;2;1
2026.05.20 06:00;28953.25;29038.25;28949.50;29038.25;14.26;26.97;12.67;67.18;51.68;0.307;NEUTRE;0;68;3;0
2026.05.20 05:00;28881.25;28980.25;28880.75;28953.75;10.90;21.07;14.62;47.86;47.32;0.016;NEUTRE;0;8.8;0;0
2026.05.20 04:00;28894.25;28948.00;28869.50;28881.50;9.80;19.33;16.86;40.00;50.49;-0.234;NEUTRE;0;-70.5;-3;0
2026.05.20 03:00;28883.50;28912.75;28838.00;28894.25;10.26;15.39;19.46;54.12;55.89;-0.190;NEUTRE;0;-71.9;-3;0
2026.05.20 02:00;28978.75;29015.25;28865.00;28883.50;10.04;17.76;16.90;57.34;49.67;-0.227;NEUTRE;0;-79.7;-3;0
2026.05.20 01:00;28936.75;28996.75;28857.00;28978.75;11.20;18.60;19.50;56.20;39.79;0.102;NEUTRE;0;;;0
2026.05.20 00:00;28949.25;28970.25;28797.75;28937.00;12.56;18.54;22.49;35.47;32.54;-0.042;NEUTRE;0;;;0
2026.05.19 23:00;28909.75;29021.50;28902.25;28949.25;13.01;21.39;16.64;27.70;37.24;-0.632;SOFT_DOWN;-1;-53.1;-2;0
2026.05.19 22:00;28918.50;28955.00;28865.00;28909.75;13.09;16.10;19.19;34.44;50.59;-0.767;SOFT_DOWN;-1;-59.3;-2;0
2026.05.19 20:00;28922.50;28940.25;28886.25;28891.75;13.76;18.58;18.52;49.58;65.67;-0.829;SOFT_DOWN;-1;-63.5;-2;0
2026.05.19 19:00;28959.75;29058.25;28867.25;28922.75;15.85;21.44;21.36;67.75;73.17;-0.723;SOFT_DOWN;-1;-61.5;-2;1
2026.05.19 18:00;29068.75;29100.50;28941.75;28958.25;18.26;24.74;18.65;79.68;68.50;-0.601;SOFT_DOWN;-1;-58.2;-2;1
2026.05.19 17:00;29021.00;29125.25;29007.50;29067.75;18.91;28.55;15.15;72.10;55.12;-0.225;NEUTRE;0;-32.6;-1;1
2026.05.19 16:00;28817.00;29033.50;28790.75;29020.75;17.10;20.95;17.48;53.72;43.37;-0.386;NEUTRE;0;-49.4;-2;1
2026.05.19 15:00;28802.75;28876.25;28726.25;28815.00;18.34;14.21;20.17;39.53;34.50;-1.092;STRONG_DOWN;-2;-74.2;-3;1
2026.05.19 14:00;28936.00;28942.50;28662.75;28802.75;18.49;16.39;23.27;36.86;28.29;-1.134;STRONG_DOWN;-2;-75.7;-3;1
2026.05.19 13:00;28911.25;29066.25;28802.00;28933.25;18.67;18.91;19.19;27.10;22.80;-0.687;SOFT_DOWN;-1;-68.6;-3;1
2026.05.19 12:00;28853.00;28936.50;28831.75;28911.50;21.43;14.27;22.14;20.91;25.27;-0.761;SOFT_DOWN;-1;-71.9;-3;1
2026.05.19 11:00;28919.75;28949.00;28853.00;28853.25;21.40;16.47;22.43;20.39;36.29;-0.961;SOFT_DOWN;-1;-76.7;-3;1
2026.05.19 10:00;28913.75;28929.25;28839.25;28922.25;22.34;15.83;25.88;34.51;54.43;-0.724;SOFT_DOWN;-1;-74.1;-3;1
2026.05.19 09:00;29004.00;29004.25;28838.25;28913.75;22.07;18.27;29.86;53.97;65.22;-0.753;SOFT_DOWN;-1;-76.1;-3;1
2026.05.19 08:00;29101.00;29116.25;28972.50;29004.00;21.76;21.08;22.01;74.80;59.73;-0.444;NEUTRE;0;-69.6;-3;1
2026.05.19 07:00;29020.25;29123.50;29004.50;29101.00;24.78;24.32;21.97;66.87;42.19;-0.111;NEUTRE;0;-37.5;-1;1
2026.05.19 06:00;28934.00;29019.75;28904.00;29019.75;27.81;14.65;25.35;37.51;26.50;-0.390;NEUTRE;0;-72.4;-3;0
2026.05.19 05:00;28959.75;28974.50;28884.00;28934.00;27.97;10.89;29.25;22.18;19.81;-0.684;SOFT_DOWN;-1;-81.4;-3;0
2026.05.19 04:00;28988.75;28989.50;28903.00;28959.50;25.24;12.57;30.52;19.81;25.29;-0.596;SOFT_DOWN;-1;-82.1;-3;0
2026.05.19 03:00;28970.75;29037.00;28944.00;28989.00;22.71;14.50;27.93;17.43;40.10;-0.495;NEUTRE;0;-82.9;-3;0
2026.05.19 02:00;29011.75;29012.25;28929.25;28970.75;21.33;12.64;32.22;38.63;62.40;-0.558;SOFT_DOWN;-1;-85.8;-3;0
2026.05.19 01:00;29082.50;29093.75;28989.50;29012.00;17.90;14.58;26.01;64.24;79.75;-0.416;NEUTRE;0;;;0
2026.05.19 00:00;29133.25;29186.00;29077.25;29082.75;16.32;16.82;17.07;84.34;89.18;-0.173;NEUTRE;0;;;0
2026.05.18 23:00;29156.25;29183.50;29112.50;29133.25;18.72;19.41;14.71;90.67;78.76;0.058;NEUTRE;0;7;0;0
2026.05.18 22:00;29112.75;29171.75;29094.00;29156.50;19.47;19.85;16.97;92.53;60.28;0.138;NEUTRE;0;16.9;0;0
2026.05.18 20:00;29097.75;29108.25;29068.25;29081.25;21.26;12.11;19.58;53.08;36.80;-0.120;NEUTRE;0;-16.2;0;0
2026.05.18 19:00;28840.50;29111.50;28836.75;29097.50;20.91;13.98;22.59;35.24;27.04;-0.064;NEUTRE;0;-9.3;0;1
2026.05.18 18:00;29013.00;29019.00;28813.50;28841.50;20.51;10.95;26.07;22.10;22.56;-0.944;SOFT_DOWN;-1;-68.5;-3;1
2026.05.18 17:00;29004.50;29036.00;28959.00;29012.50;17.38;12.63;19.18;23.80;24.26;-0.356;NEUTRE;0;-45.4;-2;1
2026.05.18 16:00;28996.50;29071.25;28841.75;29004.50;16.88;14.58;22.13;21.77;34.76;-0.384;NEUTRE;0;-49.3;-2;1
2026.05.18 15:00;29081.25;29124.25;28940.75;28995.25;16.31;16.82;18.90;27.22;50.79;-0.416;NEUTRE;0;-53.3;-2;1
2026.05.18 14:00;29240.50;29297.00;28972.00;29081.50;17.92;19.41;19.19;55.28;65.72;-0.119;NEUTRE;0;-22.4;0;1
2026.05.18 13:00;29407.00;29417.50;29136.50;29239.50;20.59;22.39;14.36;69.88;67.78;0.423;NEUTRE;0;57.6;2;1
2026.05.18 12:00;29177.25;29418.50;29170.50;29407.25;20.40;25.84;14.71;72.00;69.62;0.999;SOFT_UP;1;76.1;3;1
2026.05.18 11:00;29119.00;29272.75;29052.25;29176.00;19.31;20.77;16.97;61.44;73.42;0.205;NEUTRE;0;42;1;1
2026.05.18 10:00;29189.25;29194.25;29079.50;29119.25;20.74;18.49;19.58;75.42;82.61;0.010;NEUTRE;0;2.8;0;1
2026.05.18 09:00;29238.75;29247.75;29168.50;29189.00;23.48;21.33;10.66;83.40;81.91;0.250;NEUTRE;0;53.4;2;1
2026.05.18 08:00;29119.25;29241.50;29119.25;29240.00;21.96;23.40;12.30;89.00;76.72;0.425;NEUTRE;0;68.7;3;1
2026.05.18 07:00;29110.50;29174.25;29058.25;29119.25;20.56;18.54;14.19;73.32;64.01;0.010;NEUTRE;0;4;0;1
2026.05.18 06:00;29042.25;29111.75;28989.75;29109.75;21.68;13.10;16.37;67.84;52.14;-0.022;NEUTRE;0;-10.1;0;0
2026.05.18 05:00;29049.50;29096.50;29020.25;29042.00;23.30;15.11;15.04;50.86;39.48;-0.255;NEUTRE;0;-67.9;-3;0
2026.05.18 04:00;29054.25;29115.00;29019.75;29049.75;26.85;17.44;17.36;37.71;30.33;-0.228;NEUTRE;0;-70.1;-3;0
2026.05.18 03:00;29009.25;29069.75;29002.50;29054.50;30.95;12.81;20.03;29.87;25.41;-0.212;NEUTRE;0;-73.7;-3;0
2026.05.18 02:00;29020.75;29092.75;28990.75;29009.00;32.33;14.79;23.11;23.40;23.62;-0.368;NEUTRE;0;-83.6;-3;0
2026.05.18 01:00;29033.25;29049.50;28925.25;29021.00;33.92;10.54;26.67;22.95;24.04;-0.327;NEUTRE;0;;;0
2026.05.18 00:00;29116.25;29142.75;28937.00;29032.00;32.47;12.16;29.31;24.50;23.55;-0.289;NEUTRE;0;;;0
2026.05.17 23:00;29231.25;29246.50;29010.50;29116.25;31.11;14.03;28.33;24.66;27.20;-0.030;NEUTRE;0;-3.6;0;0
2026.05.17 22:00;29125.00;29281.50;29120.75;29231.00;30.70;16.19;25.50;21.48;40.46;0.364;NEUTRE;0;38.7;1;0
2026.05.15 20:00;29230.25;29230.25;29110.50;29186.50;31.98;13.77;29.42;35.48;61.40;-1.683;STRONG_DOWN;-2;-76.2;-3;0
2026.05.15 19:00;29389.75;29397.50;29207.25;29231.75;31.33;15.89;21.67;64.42;77.23;-1.531;STRONG_DOWN;-2;-75.6;-3;1
2026.05.15 18:00;29447.75;29485.75;29316.00;29388.75;33.78;18.34;16.21;84.31;79.19;-1.002;SOFT_DOWN;-1;-69.6;-3;1
2026.05.15 17:00;29322.25;29449.50;29310.75;29447.25;38.04;17.87;18.71;82.95;67.94;-0.805;SOFT_DOWN;-1;-66.4;-3;1
2026.05.15 16:00;29281.00;29350.00;29250.75;29322.00;43.54;9.59;21.59;70.30;51.90;-1.227;STRONG_DOWN;-2;-74.9;-3;1
2026.05.15 15:00;29281.25;29379.00;29212.00;29280.50;44.31;11.07;24.91;50.57;35.53;-1.367;STRONG_DOWN;-2;-77.2;-3;1
2026.05.15 14:00;29143.00;29380.50;29131.75;29279.50;45.21;12.77;28.74;34.84;29.48;-1.370;STRONG_DOWN;-2;-78.1;-3;1
2026.05.15 13:00;29189.50;29289.25;29089.25;29143.00;46.25;9.09;33.16;21.18;28.35;-1.830;STRONG_DOWN;-2;-81.6;-3;1
2026.05.15 12:00;29253.00;29254.25;29142.00;29189.75;44.60;10.49;34.21;32.43;30.90;-1.672;STRONG_DOWN;-2;-81.6;-3;1
2026.05.15 11:00;29327.75;29353.00;29251.00;29252.50;43.29;12.10;24.53;31.44;29.37;-1.461;STRONG_DOWN;-2;-81.2;-3;1
2026.05.15 10:00;29223.25;29367.50;29198.75;29328.75;44.73;13.96;28.30;28.82;31.07;-1.204;STRONG_DOWN;-2;-80.3;-3;1
2026.05.15 09:00;29263.75;29288.00;29176.75;29223.25;46.39;8.86;32.66;27.84;30.95;-1.560;STRONG_DOWN;-2;-83.2;-3;1
2026.05.15 08:00;29404.25;29410.00;29185.25;29263.25;44.71;10.22;36.51;36.56;27.17;-1.425;STRONG_DOWN;-2;-83.4;-3;1
2026.05.15 07:00;29401.75;29467.50;29376.00;29404.25;42.94;11.80;29.07;28.44;18.01;-0.950;SOFT_DOWN;-1;-81.3;-3;1
2026.05.15 06:00;29279.75;29412.75;29246.50;29403.00;43.05;4.41;33.54;16.51;16.04;-0.954;SOFT_DOWN;-1;-82.6;-3;0
2026.05.15 05:00;29461.00;29462.00;29279.75;29279.75;37.86;5.09;35.62;9.09;18.18;-1.369;STRONG_DOWN;-2;-85.7;-3;0
2026.05.15 04:00;29562.75;29563.00;29445.00;29460.25;32.14;5.87;27.15;22.52;23.31;-0.761;SOFT_DOWN;-1;-83.8;-3;0
2026.05.15 03:00;29579.75;29592.00;29530.25;29562.75;27.17;6.77;20.21;22.93;23.79;-0.416;NEUTRE;0;-81.5;-3;0
2026.05.15 02:00;29517.25;29596.00;29493.50;29579.75;23.69;7.81;23.32;24.49;35.51;-0.359;NEUTRE;0;-83.4;-3;0
2026.05.15 01:00;29682.50;29689.75;29512.00;29517.50;19.67;9.01;24.13;23.94;45.78;-0.568;SOFT_DOWN;-1;;;0
2026.05.15 00:00;29686.25;29725.75;29636.50;29682.50;15.68;10.40;17.07;58.11;55.81;-0.013;NEUTRE;0;;;0
2026.05.14 23:00;29707.00;29732.25;29673.75;29686.25;14.35;12.00;13.27;55.30;55.19;0.190;NEUTRE;0;21.8;0;0
2026.05.14 22:00;29699.00;29719.50;29669.25;29706.75;15.79;10.49;15.32;54.02;60.53;0.259;NEUTRE;0;29.7;1;0
2026.05.14 20:00;29685.75;29736.50;29636.25;29678.25;15.34;12.11;17.67;56.24;69.37;0.163;NEUTRE;0;21.5;0;0
2026.05.14 19:00;29708.50;29733.75;29678.25;29685.25;14.83;13.97;13.95;71.34;79.83;0.186;NEUTRE;0;25.3;1;1
2026.05.14 18:00;29728.50;29728.50;29639.50;29707.75;17.09;14.67;16.09;80.54;84.85;0.262;NEUTRE;0;35.2;1;1
2026.05.14 17:00;29726.75;29753.00;29594.25;29730.00;19.01;16.92;18.57;87.60;82.75;0.337;NEUTRE;0;43.8;1;1
2026.05.14 16:00;29755.25;29781.00;29693.50;29727.25;21.22;19.53;11.81;86.41;70.24;0.328;NEUTRE;0;44.8;1;1
2026.05.14 15:00;29673.25;29772.75;29664.00;29754.50;20.70;21.08;13.62;74.25;51.78;0.420;NEUTRE;0;53.6;2;1
2026.05.14 14:00;29540.50;29728.50;29533.50;29672.75;20.57;18.06;15.72;50.06;36.99;0.144;NEUTRE;0;26.5;1;1
2026.05.14 13:00;29493.50;29683.00;29447.50;29540.25;22.67;17.25;18.14;31.04;32.66;-0.303;NEUTRE;0;-48.4;-2;1
2026.05.14 12:00;29538.25;29574.00;29477.75;29493.50;25.77;12.78;20.93;29.87;35.67;-0.461;NEUTRE;0;-61.7;-2;1
2026.05.14 11:00;29543.25;29575.75;29507.25;29538.25;26.02;14.75;19.43;37.08;39.81;-0.310;NEUTRE;0;-53.7;-2;1
2026.05.14 10:00;29532.25;29592.00;29513.75;29543.50;27.92;17.02;20.96;40.06;46.43;-0.292;NEUTRE;0;-54.7;-2;1
2026.05.14 09:00;29576.25;29587.75;29479.75;29532.25;30.62;18.80;24.18;42.28;52.28;-0.330;NEUTRE;0;-60.6;-2;1
2026.05.14 08:00;29573.50;29628.00;29545.50;29575.25;33.41;21.70;18.54;56.94;54.78;-0.185;NEUTRE;0;-48.2;-2;1
2026.05.14 07:00;29607.00;29632.00;29565.50;29572.75;37.34;25.03;17.66;57.62;45.81;-0.193;NEUTRE;0;-53.1;-2;1
2026.05.14 06:00;29602.00;29639.25;29601.75;29607.00;40.43;28.89;11.99;49.76;34.77;-0.078;NEUTRE;0;-32.2;-1;0
2026.05.14 05:00;29566.75;29610.25;29534.50;29602.00;40.29;21.43;13.84;30.06;31.55;-0.094;NEUTRE;0;-42.3;-1;0
2026.05.14 04:00;29534.50;29598.00;29513.25;29565.75;43.17;22.24;15.96;24.49;44.56;-0.217;NEUTRE;0;-69.1;-3;0
2026.05.14 03:00;29586.25;29608.75;29520.50;29534.75;47.29;25.66;17.10;40.11;64.32;-0.321;NEUTRE;0;-79.1;-3;0
2026.05.14 02:00;29607.00;29633.75;29570.00;29586.25;51.48;29.61;11.11;69.08;81.79;-0.148;NEUTRE;0;-74.4;-3;0
2026.05.14 01:00;29680.00;29681.25;29602.25;29606.75;52.41;34.17;5.03;83.75;88.79;-0.078;NEUTRE;0;;;0
2026.05.14 00:00;29630.00;29691.50;29589.75;29680.00;49.04;39.42;5.81;92.54;87.89;0.169;NEUTRE;0;;;0
2026.05.13 23:00;29588.75;29647.25;29588.75;29630.75;45.15;38.80;6.70;90.08;83.35;1.890;STRONG_UP;2;75.9;3;0
2026.05.13 22:00;29531.00;29606.75;29527.25;29588.75;41.24;34.12;7.73;81.04;79.90;1.746;STRONG_UP;2;75.4;3;0
2026.05.13 20:00;29474.75;29546.00;29447.75;29535.00;37.89;27.61;8.92;78.93;81.97;1.561;STRONG_UP;2;75.2;3;0
2026.05.13 19:00;29471.00;29539.00;29449.50;29475.25;35.84;30.76;10.29;79.73;84.33;1.356;STRONG_UP;2;73.9;3;1
2026.05.13 18:00;29442.75;29563.75;29440.75;29471.00;33.69;35.49;11.87;87.25;84.43;1.341;STRONG_UP;2;74.5;3;1
2026.05.13 17:00;29446.75;29495.00;29441.25;29442.75;31.20;32.36;13.70;86.02;73.92;1.244;STRONG_UP;2;74.2;3;1
2026.05.13 16:00;29308.50;29462.00;29298.75;29446.75;29.77;27.89;15.81;80.02;58.34;1.258;STRONG_UP;2;75.3;3;1
2026.05.13 15:00;29316.25;29381.25;29281.25;29308.75;30.09;24.57;18.24;55.71;40.92;0.783;SOFT_UP;1;68.4;3;1
2026.05.13 14:00;29171.50;29320.75;29114.75;29316.75;32.45;19.04;21.05;39.28;34.88;0.811;SOFT_UP;1;70.4;3;1
2026.05.13 13:00;29235.50;29303.25;29074.75;29168.50;36.67;20.66;24.29;27.77;43.76;0.301;NEUTRE;0;48.2;2;1
2026.05.13 12:00;29368.50;29399.50;29199.50;29234.75;41.07;23.84;19.62;37.59;60.13;0.529;NEUTRE;0;64.9;2;1
2026.05.13 11:00;29383.75;29393.50;29347.50;29368.75;45.90;27.51;11.26;65.93;77.17;0.989;SOFT_UP;1;77.1;3;1
2026.05.13 10:00;29419.25;29422.50;29366.50;29383.75;46.51;31.74;6.63;76.87;83.57;1.041;SOFT_UP;1;78.8;3;1
2026.05.13 09:00;29411.75;29425.00;29365.75;29419.50;43.60;36.63;7.65;88.70;87.40;1.164;STRONG_UP;2;80.9;3;1
2026.05.13 08:00;29369.50;29446.00;29368.00;29411.50;40.24;42.26;8.25;85.14;87.24;1.136;STRONG_UP;2;81.7;3;1
2026.05.13 07:00;29308.25;29369.50;29288.25;29369.25;36.07;33.67;9.52;88.38;90.08;0.991;SOFT_UP;1;81.7;3;1
2026.05.13 06:00;29295.75;29351.00;29289.50;29308.50;33.02;35.35;10.98;88.22;90.73;0.782;SOFT_UP;1;81;3;0
2026.05.13 05:00;29286.25;29309.00;29274.25;29295.50;30.00;30.29;12.67;93.64;89.33;0.738;SOFT_UP;1;82;3;0
2026.05.13 04:00;29247.50;29296.00;29242.75;29286.25;28.31;29.19;14.62;90.32;84.90;0.706;SOFT_UP;1;83.3;3;0
2026.05.13 03:00;29220.50;29263.50;29202.50;29247.50;27.55;24.29;16.87;84.02;79.03;0.573;SOFT_UP;1;83.8;3;0
2026.05.13 02:00;29213.25;29239.75;29201.50;29221.50;29.02;22.04;19.46;80.34;77.52;0.483;NEUTRE;0;85.1;3;0
2026.05.13 01:00;29143.50;29259.00;29141.50;29214.00;32.53;25.43;22.46;72.71;78.28;0.457;NEUTRE;0;;;0
2026.05.13 00:00;29081.00;29155.00;29055.00;29143.50;36.58;15.72;25.91;79.50;84.62;0.215;NEUTRE;0;;;0
2026.05.12 23:00;29141.25;29155.50;29076.75;29081.00;38.44;18.14;26.56;82.63;83.33;-1.176;STRONG_DOWN;-2;-68;-3;0
2026.05.12 22:00;29142.75;29185.50;29140.50;29142.00;41.45;20.93;18.19;91.74;74.27;-0.968;SOFT_DOWN;-1;-64.8;-2;0
2026.05.12 20:00;29172.75;29174.00;29102.25;29136.00;46.75;20.58;20.98;75.62;52.03;-0.989;SOFT_DOWN;-1;-67.3;-3;0
2026.05.12 19:00;28955.50;29186.75;28955.00;29172.50;53.79;23.74;24.21;55.47;30.96;-0.865;SOFT_DOWN;-1;-65.6;-3;1
2026.05.12 18:00;28919.00;29006.00;28911.50;28955.00;61.92;15.40;27.94;25.00;13.28;-1.604;STRONG_DOWN;-2;-76.9;-3;1
2026.05.12 17:00;28749.00;28928.00;28748.75;28918.75;66.99;5.07;32.24;12.42;6.42;-1.727;STRONG_DOWN;-2;-78.5;-3;1
2026.05.12 16:00;28839.50;28912.25;28741.50;28748.00;66.10;4.50;37.20;2.42;9.90;-2.307;EXPLOSIVE_DOWN;-3;-81.8;-3;1
2026.05.12 15:00;29013.00;29030.00;28827.50;28839.00;64.20;5.19;35.17;4.44;21.11;-1.998;STRONG_DOWN;-2;-81.2;-3;1
2026.05.12 14:00;29129.00;29225.00;28999.25;29013.00;62.65;5.99;27.53;22.85;35.34;-1.407;STRONG_DOWN;-2;-78.4;-3;1
2026.05.12 13:00;29222.00;29294.25;29110.00;29126.75;62.41;6.92;24.22;36.05;37.89;-1.020;SOFT_DOWN;-1;-75.2;-3;1
2026.05.12 12:00;29164.25;29231.00;29112.75;29222.25;63.46;2.70;27.95;47.11;35.66;-0.696;SOFT_DOWN;-1;-70.4;-3;1
2026.05.12 11:00;29207.75;29215.50;29132.25;29164.25;60.55;3.11;29.71;30.50;30.34;-0.893;SOFT_DOWN;-1;-75.7;-3;1
2026.05.12 10:00;29219.75;29246.25;29185.25;29207.00;57.40;3.59;24.48;29.35;27.33;-0.748;SOFT_DOWN;-1;-74.6;-3;1
2026.05.12 09:00;29213.00;29243.75;29174.50;29219.25;54.78;3.51;28.25;31.17;25.64;-0.706;SOFT_DOWN;-1;-75.2;-3;1
2026.05.12 08:00;29240.00;29244.50;29173.00;29213.25;51.22;4.05;32.60;21.46;22.61;-0.726;SOFT_DOWN;-1;-77.2;-3;1
2026.05.12 07:00;29218.50;29253.50;29175.25;29238.50;47.12;4.68;37.13;24.29;27.12;-0.641;SOFT_DOWN;-1;-77.3;-3;1
2026.05.12 06:00;29280.75;29290.75;29213.25;29217.50;42.43;5.40;35.37;22.07;33.56;-0.712;SOFT_DOWN;-1;-80.1;-3;0
2026.05.12 05:00;29281.50;29302.00;29269.50;29280.75;37.65;6.23;29.64;35.00;39.55;-0.497;NEUTRE;0;-78.3;-3;0
2026.05.12 04:00;29323.75;29336.75;29281.25;29281.25;33.40;7.19;28.64;43.61;41.00;-0.495;NEUTRE;0;-80.5;-3;0
2026.05.12 03:00;29359.75;29363.00;29319.50;29323.75;29.32;8.29;22.45;40.04;39.71;-0.351;NEUTRE;0;-80;-3;0
2026.05.12 02:00;29268.75;29363.75;29259.25;29359.75;26.75;9.57;25.90;39.34;47.89;-0.229;NEUTRE;0;-79.8;-3;0
2026.05.12 01:00;29377.25;29390.25;29226.25;29268.75;23.78;11.04;29.88;39.74;56.48;-0.538;SOFT_DOWN;-1;;;0
2026.05.12 00:00;29427.00;29427.25;29352.75;29377.25;20.35;12.74;22.62;64.60;63.65;-0.169;NEUTRE;0;;;0
2026.05.11 23:00;29444.00;29452.75;29420.50;29427.00;19.18;14.70;12.10;65.09;60.60;0.423;NEUTRE;0;41.7;1;0
2026.05.11 22:00;29413.75;29454.50;29413.25;29443.75;20.64;16.96;13.97;61.28;61.88;0.480;NEUTRE;0;46.6;2;0
2026.05.11 20:00;29427.75;29429.00;29321.25;29395.00;22.33;12.97;16.12;55.42;65.01;0.314;NEUTRE;0;37.2;1;0
2026.05.11 19:00;29387.25;29433.25;29370.25;29426.75;24.11;14.97;11.60;68.93;73.97;0.422;NEUTRE;0;47.1;2;1
2026.05.11 18:00;29440.50;29473.75;29385.50;29386.75;25.86;17.27;9.66;70.69;77.75;0.286;NEUTRE;0;37.6;1;1
2026.05.11 17:00;29404.00;29475.50;29376.25;29440.50;25.49;19.93;11.14;82.30;77.49;0.469;NEUTRE;0;53.2;2;1
2026.05.11 16:00;29464.25;29478.50;29368.75;29404.00;25.06;23.00;12.86;80.26;65.83;0.345;NEUTRE;0;46.2;2;1
2026.05.11 15:00;29390.00;29474.00;29358.75;29464.00;24.57;25.90;14.84;69.92;52.52;0.549;SOFT_UP;1;60.5;2;1
2026.05.11 14:00;29309.25;29417.00;29246.25;29390.00;24.17;22.28;17.12;47.32;44.24;0.297;NEUTRE;0;45.7;2;1
2026.05.11 13:00;29295.75;29433.25;29281.25;29309.25;25.88;25.71;16.60;40.33;46.18;0.021;NEUTRE;0;4.5;0;1
2026.05.11 12:00;29347.50;29352.00;29258.75;29296.50;26.55;21.44;19.15;45.06;46.74;-0.022;NEUTRE;0;-5.1;0;1
2026.05.11 11:00;29301.00;29387.50;29299.75;29347.25;29.77;24.74;15.34;53.13;47.27;0.151;NEUTRE;0;33.6;1;1
2026.05.11 10:00;29314.50;29332.00;29288.25;29300.75;30.74;18.81;17.70;42.02;43.98;-0.008;NEUTRE;0;-2.2;0;1
2026.05.11 09:00;29296.25;29364.25;29294.50;29314.75;34.99;21.70;18.22;46.67;48.38;0.040;NEUTRE;0;12.1;0;1
2026.05.11 08:00;29321.50;29328.50;29263.00;29296.50;39.04;17.16;21.02;43.27;52.29;-0.022;NEUTRE;0;-7.6;0;1
2026.05.11 07:00;29320.75;29325.75;29286.00;29321.50;43.48;19.80;18.86;55.20;57.17;0.063;NEUTRE;0;23.5;0;1
2026.05.11 06:00;29320.75;29353.25;29299.50;29320.75;49.80;22.84;16.53;58.41;59.17;0.061;NEUTRE;0;26.2;1;0
2026.05.11 05:00;29340.50;29352.75;29317.50;29320.75;54.99;26.36;13.92;57.89;60.59;0.061;NEUTRE;0;30.6;1;0
2026.05.11 04:00;29323.25;29343.00;29292.50;29340.50;58.71;26.16;16.07;61.23;60.93;0.128;NEUTRE;0;57.1;2;0
2026.05.11 03:00;29348.75;29348.75;29320.25;29323.25;64.06;30.18;10.08;62.67;57.76;0.069;NEUTRE;0;48.1;2;0
2026.05.11 02:00;29337.75;29359.75;29323.25;29348.75;66.24;34.83;10.02;58.89;51.64;0.156;NEUTRE;0;75.2;3;0
2026.05.11 01:00;29294.50;29351.75;29249.25;29338.25;67.91;36.81;11.56;51.74;51.03;0.120;NEUTRE;0;;;0
2026.05.11 00:00;29303.00;29398.50;29266.25;29294.50;70.33;42.48;10.78;44.30;58.92;-0.029;NEUTRE;0;;;0
2026.05.10 23:00;29293.25;29344.50;29289.50;29302.75;71.99;42.73;12.44;57.05;70.95;0.055;NEUTRE;0;6.6;0;0
2026.05.10 22:00;29286.50;29317.75;29225.00;29293.25;74.62;41.82;14.36;75.40;80.47;0.023;NEUTRE;0;2.9;0;0
2026.05.08 20:00;29338.75;29381.50;29329.50;29331.50;78.58;48.26;1.47;80.38;84.43;2.280;EXPLOSIVE_UP;3;79.7;3;0
2026.05.08 19:00;29239.25;29338.75;29237.25;29338.50;76.19;43.03;1.69;85.62;88.56;2.304;EXPLOSIVE_UP;3;80.3;3;1
2026.05.08 18:00;29263.25;29301.00;29236.75;29239.00;73.70;43.93;1.95;87.28;92.03;1.957;STRONG_UP;2;79.2;3;1
2026.05.08 17:00;29239.75;29316.25;29234.50;29262.75;70.96;50.69;2.26;92.78;95.02;2.040;STRONG_UP;2;80.2;3;1
2026.05.08 16:00;29189.25;29246.75;29189.25;29240.00;67.80;45.41;2.60;96.02;94.20;1.961;STRONG_UP;2;80.4;3;1
2026.05.08 15:00;29161.00;29216.00;29124.50;29190.25;64.52;44.16;3.00;96.27;90.56;1.787;STRONG_UP;2;80.2;3;1
2026.05.08 14:00;29105.00;29171.75;29072.75;29161.75;61.02;43.52;3.46;90.31;81.64;1.688;STRONG_UP;2;80.3;3;1
2026.05.08 13:00;28911.50;29104.25;28862.75;29104.25;57.29;39.73;4.00;85.10;75.46;1.487;STRONG_UP;2;79.8;3;1
2026.05.08 12:00;28897.25;28974.75;28876.00;28911.50;53.53;37.59;4.61;69.50;72.00;0.815;SOFT_UP;1;73.1;3;1
2026.05.08 11:00;28863.25;28913.50;28863.25;28897.25;49.75;33.83;5.32;71.76;75.78;0.765;SOFT_UP;1;73.4;3;1
2026.05.08 10:00;28850.75;28888.75;28840.50;28862.00;46.20;31.64;6.14;74.73;83.36;0.642;SOFT_UP;1;72.2;3;1
2026.05.08 09:00;28861.00;28896.25;28830.75;28850.75;42.92;36.51;7.09;80.83;88.32;0.603;SOFT_UP;1;72.9;3;1
2026.05.08 08:00;28826.25;28867.75;28823.25;28861.00;39.14;35.43;8.18;94.52;90.87;0.639;SOFT_UP;1;75.5;3;1
2026.05.08 07:00;28834.50;28834.75;28805.00;28827.00;35.55;29.47;9.43;89.61;88.68;0.520;NEUTRE;0;74.5;3;1
2026.05.08 06:00;28803.75;28836.75;28783.25;28835.00;33.10;34.00;10.89;88.47;88.12;0.548;SOFT_UP;1;77.2;3;0
2026.05.08 05:00;28778.50;28827.75;28777.75;28803.75;30.27;36.65;12.56;87.96;88.23;0.439;NEUTRE;0;76.8;3;0
2026.05.08 04:00;28772.00;28794.50;28757.00;28778.25;27.39;32.05;14.49;87.93;87.97;0.350;NEUTRE;0;76.7;3;0
2026.05.08 03:00;28746.25;28775.25;28742.50;28771.75;25.80;29.09;16.72;88.81;84.65;0.328;NEUTRE;0;79.3;3;0
2026.05.08 02:00;28759.25;28771.50;28708.50;28746.25;25.62;31.80;19.30;87.18;73.84;0.239;NEUTRE;0;80.2;3;0
2026.05.08 01:00;28743.75;28781.00;28743.50;28759.00;25.80;36.69;13.72;77.97;57.87;0.283;NEUTRE;0;;;0
2026.05.08 00:00;28677.75;28746.00;28677.75;28743.75;22.75;27.98;15.83;56.39;43.06;0.230;NEUTRE;0;;;0
2026.05.07 23:00;28613.50;28678.75;28606.00;28677.75;21.99;17.12;18.26;39.26;34.42;0.036;NEUTRE;0;4.3;0;0
2026.05.07 22:00;28574.50;28668.00;28573.50;28613.50;24.87;17.48;21.07;33.52;31.77;-0.188;NEUTRE;0;-22.5;0;0
2026.05.07 20:00;28681.75;28764.75;28631.75;28637.75;27.27;20.17;14.83;30.49;29.53;-0.104;NEUTRE;0;-14.1;0;0
2026.05.07 19:00;28643.75;28707.25;28585.75;28682.50;29.12;16.63;17.11;31.29;29.34;0.052;NEUTRE;0;7.5;0;1
2026.05.07 18:00;28695.25;28715.25;28582.50;28643.25;33.37;19.18;19.74;26.81;34.59;-0.085;NEUTRE;0;-12.9;0;1
2026.05.07 17:00;28696.25;28712.25;28552.75;28695.00;38.29;21.79;22.78;29.93;48.12;0.096;NEUTRE;0;15.3;0;1
2026.05.07 16:00;28784.00;28786.25;28636.50;28695.75;43.83;25.14;18.21;47.02;64.91;0.099;NEUTRE;0;16.7;0;1
2026.05.07 15:00;28927.75;28929.25;28772.25;28783.25;48.12;29.01;7.06;67.40;67.53;0.404;NEUTRE;0;52.5;2;1
2026.05.07 14:00;28780.50;28943.75;28778.25;28927.75;46.16;33.47;7.56;80.31;57.90;0.908;SOFT_UP;1;72.3;3;1
2026.05.07 13:00;28754.25;28801.25;28707.75;28780.25;43.55;25.37;8.73;54.90;41.47;0.393;NEUTRE;0;55.6;2;1
2026.05.07 12:00;28731.25;28758.75;28716.25;28754.00;42.74;22.28;10.07;38.51;34.16;0.302;NEUTRE;0;50.6;2;1
2026.05.07 11:00;28725.75;28749.25;28704.00;28731.75;43.50;22.27;11.62;31.00;38.08;0.224;NEUTRE;0;44.6;1;1
2026.05.07 10:00;28729.25;28741.50;28689.50;28726.00;45.36;23.07;13.40;32.98;50.32;0.204;NEUTRE;0;44.6;1;1
2026.05.07 09:00;28735.50;28761.50;28710.25;28729.00;48.26;26.61;9.33;50.26;67.97;0.215;NEUTRE;0;49.1;2;1
2026.05.07 08:00;28777.25;28813.50;28727.75;28735.50;48.29;30.71;5.51;67.72;80.82;0.237;NEUTRE;0;55.1;2;1
2026.05.07 07:00;28736.50;28803.75;28727.25;28777.00;45.01;33.68;6.36;85.94;85.71;0.382;NEUTRE;0;69.3;3;1
2026.05.07 06:00;28718.50;28746.75;28693.75;28736.50;41.44;27.40;7.33;88.82;81.02;0.241;NEUTRE;0;62.8;2;0
2026.05.07 05:00;28703.50;28726.75;28693.75;28719.25;38.92;25.81;8.46;82.39;68.47;0.181;NEUTRE;0;60.3;2;0
2026.05.07 04:00;28690.75;28712.50;28684.25;28703.25;37.12;23.14;9.76;71.85;52.08;0.125;NEUTRE;0;56.5;2;0
2026.05.07 03:00;28684.50;28701.50;28672.25;28690.75;36.58;20.71;11.27;51.17;38.35;0.081;NEUTRE;0;52.6;2;0
2026.05.07 02:00;28697.00;28705.25;28651.25;28684.50;37.66;23.90;13.00;33.21;34.32;0.059;NEUTRE;0;55;2;0
2026.05.07 01:00;28660.75;28715.00;28637.25;28697.00;38.91;27.57;15.00;30.66;41.51;0.103;NEUTRE;0;;;0
2026.05.07 00:00;28667.50;28690.25;28636.25;28661.00;40.36;26.92;17.31;39.10;54.68;-0.023;NEUTRE;0;;;0
2026.05.06 23:00;28675.75;28692.00;28654.25;28668.75;43.22;31.06;14.84;54.77;69.31;1.058;SOFT_UP;1;65.8;3;0
2026.05.06 22:00;28666.75;28701.00;28651.25;28676.00;44.44;35.84;17.13;70.17;82.25;1.083;STRONG_UP;2;67.2;3;0
2026.05.06 20:00;28709.50;28798.25;28693.50;28704.75;45.84;41.35;7.61;83.00;88.21;1.184;STRONG_UP;2;70.8;3;0
2026.05.06 19:00;28639.00;28724.50;28636.75;28710.75;42.29;36.88;8.78;93.57;88.04;1.206;STRONG_UP;2;72;3;1
2026.05.06 18:00;28598.75;28664.50;28591.50;28639.25;39.33;32.04;10.13;88.05;81.17;0.954;SOFT_UP;1;68.7;3;1
2026.05.06 17:00;28538.25;28609.25;28528.25;28599.00;37.39;25.32;11.69;82.50;72.62;0.812;SOFT_UP;1;66.6;3;1
2026.05.06 16:00;28559.25;28600.25;28511.75;28538.00;37.47;27.51;13.49;72.95;62.30;0.597;SOFT_UP;1;61;2;1
2026.05.06 15:00;28536.00;28584.25;28518.00;28559.25;37.98;28.96;15.57;62.40;55.69;0.672;SOFT_UP;1;65.2;3;1
2026.05.06 14:00;28468.25;28549.00;28384.25;28536.50;39.19;25.23;17.96;51.54;57.70;0.591;SOFT_UP;1;63.9;2;1
2026.05.06 13:00;28456.25;28504.50;28336.00;28467.75;42.63;24.95;20.72;53.14;68.69;0.349;NEUTRE;0;52.4;2;1
2026.05.06 12:00;28537.75;28539.00;28426.00;28456.25;47.77;28.79;15.69;68.44;81.13;0.308;NEUTRE;0;51.2;2;1
2026.05.06 11:00;28583.75;28632.75;28511.25;28537.75;50.59;33.22;6.50;84.49;87.46;0.596;SOFT_UP;1;69.1;3;1
2026.05.06 10:00;28505.25;28611.00;28501.75;28583.75;48.02;35.58;7.50;90.45;85.45;0.758;SOFT_UP;1;74.7;3;1
2026.05.06 09:00;28481.00;28512.75;28414.50;28505.25;45.39;27.22;8.66;87.43;81.82;0.481;NEUTRE;0;68.9;3;1
2026.05.06 08:00;28346.25;28515.25;28323.00;28481.50;44.41;31.40;9.99;78.47;78.38;0.397;NEUTRE;0;67.4;3;1
2026.05.06 07:00;28334.25;28351.50;28307.75;28346.00;43.28;23.13;11.53;79.55;74.82;-0.080;NEUTRE;0;-28.9;-1;1
2026.05.06 06:00;28353.25;28367.25;28299.25;28334.75;44.79;26.69;13.30;77.11;63.14;-0.120;NEUTRE;0;-44.1;-1;0
2026.05.06 05:00;28334.25;28358.50;28325.00;28353.50;46.53;30.79;9.52;67.81;53.03;-0.054;NEUTRE;0;-27.6;-1;0
2026.05.06 04:00;28311.50;28343.25;28309.25;28334.25;45.57;28.53;10.98;44.52;47.02;-0.122;NEUTRE;0;-55.9;-2;0
2026.05.06 03:00;28287.00;28333.50;28282.25;28311.25;45.75;28.51;12.67;46.77;54.29;-0.203;NEUTRE;0;-73;-3;0
2026.05.06 02:00;28291.00;28294.75;28261.75;28287.00;46.88;21.26;14.62;49.78;63.85;-0.288;NEUTRE;0;-81.8;-3;0
2026.05.06 01:00;28274.50;28306.00;28267.00;28291.25;51.24;24.53;14.43;66.32;75.33;-0.273;NEUTRE;0;;;0
2026.05.06 00:00;28368.75;28371.50;28247.25;28274.50;55.14;28.30;16.65;75.46;78.97;-0.332;NEUTRE;0;;;0
2026.05.05 23:00;28374.25;28384.25;28344.25;28368.75;59.63;32.66;7.20;84.21;78.61;2.248;EXPLOSIVE_UP;3;78.1;3;0
2026.05.05 22:00;28251.00;28414.50;28250.00;28374.25;58.98;37.68;8.30;77.24;78.13;2.268;EXPLOSIVE_UP;3;78.7;3;0
2026.05.05 20:00;28134.00;28245.50;28110.50;28210.00;58.22;30.77;9.58;74.37;82.69;1.676;STRONG_UP;2;76.1;3;0
2026.05.05 19:00;28167.75;28186.75;28107.75;28134.50;59.10;28.80;11.06;82.79;88.46;1.404;STRONG_UP;2;74.4;3;1
2026.05.05 18:00;28158.25;28184.25;28153.25;28167.50;61.34;33.24;3.90;90.91;90.01;1.523;STRONG_UP;2;76.3;3;1
2026.05.05 17:00;28124.00;28166.50;28107.00;28158.25;58.63;29.54;4.50;91.67;88.65;1.489;STRONG_UP;2;76.7;3;1
2026.05.05 16:00;28125.75;28151.25;28090.50;28124.25;56.32;30.14;5.19;87.44;85.40;1.367;STRONG_UP;2;76.4;3;1
2026.05.05 15:00;28095.00;28145.75;28086.75;28125.50;54.12;33.39;5.99;86.84;83.41;1.371;STRONG_UP;2;77.3;3;1
2026.05.05 14:00;28083.00;28136.75;28031.50;28095.00;51.74;36.17;6.91;81.92;80.93;1.261;STRONG_UP;2;77.1;3;1
2026.05.05 13:00;27972.50;28110.75;27970.50;28081.00;49.25;37.94;7.97;81.48;81.53;1.211;STRONG_UP;2;77.5;3;1
2026.05.05 12:00;27941.75;28004.75;27927.75;27972.00;46.79;32.15;9.20;79.39;83.30;0.818;SOFT_UP;1;73.1;3;1
2026.05.05 11:00;27933.25;27945.75;27898.75;27941.75;45.45;25.31;10.61;83.74;83.58;0.709;SOFT_UP;1;72.2;3;1
2026.05.05 10:00;27934.50;27957.50;27921.00;27933.75;46.14;29.20;4.96;86.79;82.80;0.680;SOFT_UP;1;73.1;3;1
2026.05.05 09:00;27927.25;27953.50;27907.75;27934.50;42.32;32.01;5.72;80.22;80.77;0.683;SOFT_UP;1;74.8;3;1
2026.05.05 08:00;27880.00;27937.00;27878.00;27927.50;38.12;31.38;6.60;81.40;82.53;0.658;SOFT_UP;1;75.9;3;1
2026.05.05 07:00;27879.00;27925.00;27873.75;27880.25;33.95;33.08;7.62;80.69;84.12;0.487;NEUTRE;0;73.5;3;1
2026.05.05 06:00;27851.00;27883.50;27817.50;27878.75;29.55;25.71;8.79;85.48;84.29;0.482;NEUTRE;0;75.6;3;0
2026.05.05 05:00;27826.50;27853.00;27818.75;27851.75;26.55;22.56;10.14;86.18;84.16;0.385;NEUTRE;0;75;3;0
2026.05.05 04:00;27839.25;27858.00;27826.00;27826.50;24.79;26.03;8.45;81.21;82.66;0.294;NEUTRE;0;74.3;3;0
2026.05.05 03:00;27814.25;27846.75;27810.25;27839.50;20.76;24.62;9.75;85.09;76.61;0.341;NEUTRE;0;79.7;3;0
2026.05.05 02:00;27813.50;27839.75;27800.50;27814.00;17.30;25.46;11.25;81.67;63.89;0.249;NEUTRE;0;80.6;3;0
2026.05.05 01:00;27783.75;27828.50;27767.00;27813.50;14.00;24.97;12.98;63.08;53.05;0.247;NEUTRE;0;;;0
2026.05.05 00:00;27745.00;27792.00;27739.25;27783.75;11.30;19.68;14.98;46.91;50.57;0.140;NEUTRE;0;;;0
2026.05.04 23:00;27751.25;27761.75;27731.00;27745.25;10.95;13.89;17.28;49.16;52.59;-0.279;NEUTRE;0;-30.4;-1;0
2026.05.04 22:00;27769.25;27787.75;27740.00;27751.50;10.96;16.02;15.44;55.63;53.27;-0.256;NEUTRE;0;-29.4;-1;0
2026.05.04 20:00;27779.00;27779.00;27737.75;27743.25;12.35;15.67;17.81;52.97;48.77;-0.286;NEUTRE;0;-34.7;-1;0
2026.05.04 19:00;27758.25;27791.25;27739.25;27779.50;13.27;18.08;20.00;51.20;42.45;-0.155;NEUTRE;0;-21.5;0;1
2026.05.04 18:00;27791.25;27817.25;27717.75;27758.50;14.54;20.86;23.07;42.13;39.01;-0.231;NEUTRE;0;-31.8;-1;1
2026.05.04 17:00;27705.50;27802.75;27702.75;27791.25;16.00;21.83;26.62;34.02;45.77;-0.113;NEUTRE;0;-17.8;0;1
2026.05.04 16:00;27732.75;27746.25;27614.75;27705.00;16.94;16.49;30.72;40.88;60.85;-0.423;NEUTRE;0;-52;-2;1
2026.05.04 15:00;27880.25;27912.50;27696.25;27733.25;14.91;19.03;25.91;62.41;71.08;-0.322;NEUTRE;0;-46.1;-2;1
2026.05.04 14:00;27893.75;27939.50;27843.25;27880.25;14.85;21.96;19.44;79.27;70.10;0.207;NEUTRE;0;35.6;1;1
2026.05.04 13:00;27843.50;27894.25;27786.50;27893.50;16.19;18.10;22.43;71.56;60.47;0.254;NEUTRE;0;43.4;1;1
2026.05.04 12:00;27827.00;27879.75;27827.00;27843.50;17.04;20.89;20.10;59.46;50.60;0.075;NEUTRE;0;16.8;0;1
2026.05.04 11:00;27813.00;27844.00;27777.75;27826.25;19.37;13.82;23.19;50.39;41.53;0.013;NEUTRE;0;3.3;0;1
2026.05.04 10:00;27889.25;27896.00;27661.75;27812.75;18.45;15.95;26.76;41.96;35.49;-0.036;NEUTRE;0;-9.9;0;1
2026.05.04 09:00;27892.50;27921.50;27882.50;27889.50;17.40;18.40;16.38;32.23;37.46;0.240;NEUTRE;0;52.2;2;1
2026.05.04 08:00;27911.75;27913.00;27863.75;27892.50;19.18;17.88;18.89;32.29;49.17;0.251;NEUTRE;0;56.6;2;1
2026.05.04 07:00;27896.25;27950.00;27880.00;27911.75;21.71;20.63;16.72;47.87;66.92;0.320;NEUTRE;0;65.7;3;1
2026.05.04 06:00;27933.75;27939.50;27871.25;27894.75;23.44;21.50;19.30;67.35;81.11;0.259;NEUTRE;0;64.4;2;0
2026.05.04 05:00;27937.25;27964.50;27929.50;27933.75;26.21;24.81;9.14;85.53;89.60;0.399;NEUTRE;0;75.5;3;0
2026.05.04 04:00;27930.00;27951.50;27926.25;27937.25;23.14;22.91;10.54;90.45;90.85;0.412;NEUTRE;0;78.7;3;0
2026.05.04 03:00;27928.00;27943.25;27917.25;27930.25;21.02;21.41;12.16;92.81;84.95;0.386;NEUTRE;0;80.9;3;0
2026.05.04 02:00;27918.25;27942.25;27877.25;27928.00;20.01;24.11;14.04;89.28;73.74;0.378;NEUTRE;0;83.8;3;0
2026.05.04 01:00;27892.25;27920.50;27857.00;27918.25;19.03;22.67;16.19;72.76;57.20;0.343;NEUTRE;0;;;0
2026.05.04 00:00;27822.75;27896.00;27800.75;27891.75;19.39;20.22;18.69;59.19;46.77;0.248;NEUTRE;0;;;0
2026.05.03 23:00;27849.75;27855.25;27814.25;27823.00;21.77;16.75;21.56;39.65;39.17;-0.250;NEUTRE;0;-27.7;-1;0
2026.05.03 22:00;27892.75;27923.50;27835.25;27849.75;23.18;19.33;17.00;41.47;48.72;-0.154;NEUTRE;0;-18.7;0;0
2026.05.01 20:00;27836.25;27836.25;27755.25;27784.00;25.76;12.68;19.61;36.40;60.12;0.694;SOFT_UP;1;59.2;2;0
2026.05.01 19:00;27821.50;27900.00;27817.50;27836.75;26.43;14.63;10.88;68.30;76.89;0.885;SOFT_UP;1;66.1;3;1
2026.05.01 18:00;27881.75;27889.50;27794.25;27820.75;28.23;14.93;12.55;75.65;81.41;0.827;SOFT_UP;1;65.8;3;1
2026.05.01 17:00;27830.00;27895.50;27827.75;27882.75;31.24;17.22;9.07;86.73;85.90;1.052;SOFT_UP;1;71.5;3;1
2026.05.01 16:00;27889.50;27900.50;27805.00;27830.50;31.28;19.87;10.47;81.86;84.43;0.863;SOFT_UP;1;69;3;1
2026.05.01 15:00;27815.25;27915.75;27769.25;27889.50;31.32;22.93;12.08;89.10;83.31;1.076;SOFT_UP;1;73.9;3;1
2026.05.01 14:00;27870.00;27905.25;27750.75;27814.00;31.37;25.36;13.94;82.32;66.13;0.803;SOFT_UP;1;70.2;3;1
2026.05.01 13:00;27576.00;27870.25;27574.25;27869.75;31.73;25.77;16.08;78.52;49.11;1.005;SOFT_UP;1;75;3;1
2026.05.01 12:00;27563.00;27624.25;27546.50;27575.75;33.05;16.95;18.56;37.55;31.47;-0.061;NEUTRE;0;-13.8;0;1
2026.05.01 11:00;27568.75;27573.00;27537.25;27563.00;37.44;9.42;21.41;31.27;23.97;-0.107;NEUTRE;0;-25.2;-1;1
2026.05.01 10:00;27569.25;27579.50;27535.50;27568.75;37.21;10.87;24.71;25.59;16.24;-0.086;NEUTRE;0;-22.6;0;1
2026.05.01 09:00;27565.50;27575.00;27544.25;27569.25;36.95;12.54;25.45;15.06;9.57;-0.084;NEUTRE;0;-24.3;0;1
2026.05.01 08:00;27578.75;27596.50;27553.75;27565.75;37.41;14.47;24.61;8.06;11.17;-0.097;NEUTRE;0;-30.4;-1;1
2026.05.01 07:00;27594.50;27624.00;27572.75;27578.25;39.17;16.69;21.56;5.58;23.27;-0.052;NEUTRE;0;-19.8;0;1
2026.05.01 06:00;27615.50;27627.25;27590.50;27594.75;43.24;19.26;19.55;19.87;43.76;0.008;NEUTRE;0;3.7;0;0
2026.05.01 05:00;27627.00;27638.25;27611.75;27615.50;49.78;22.23;13.66;44.35;64.30;0.083;NEUTRE;0;38.8;1;0
2026.05.01 04:00;27641.25;27642.50;27620.00;27627.00;53.77;25.65;10.97;67.05;77.91;0.125;NEUTRE;0;56.5;2;0
2026.05.01 03:00;27641.00;27672.25;27633.50;27641.25;55.88;29.59;3.43;81.48;80.09;0.177;NEUTRE;0;70.7;3;0
2026.05.01 02:00;27648.50;27651.25;27623.50;27641.00;52.28;25.81;3.95;85.20;76.65;0.176;NEUTRE;0;76.8;3;0
2026.05.01 01:00;27624.00;27657.00;27612.25;27648.50;49.03;29.78;4.56;73.60;74.58;0.203;NEUTRE;0;;;0
2026.05.01 00:00;27592.50;27640.50;27590.50;27623.75;45.28;28.69;5.27;71.16;78.33;0.113;NEUTRE;0;;;0
2026.04.30 23:00;27578.25;27621.50;27575.50;27592.50;41.63;27.25;6.08;78.99;84.54;0.152;NEUTRE;0;17.7;0;0
2026.04.30 22:00;27620.25;27644.50;27555.50;27578.25;38.26;31.45;7.01;84.84;88.92;0.101;NEUTRE;0;12.5;0;0
2026.04.30 20:00;27577.25;27615.75;27564.00;27601.00;34.37;31.31;8.09;89.81;87.86;0.183;NEUTRE;0;23.9;0;0
2026.04.30 19:00;27550.25;27619.50;27541.75;27577.50;30.59;36.13;9.33;92.12;81.51;0.098;NEUTRE;0;14;0;1
2026.04.30 18:00;27542.25;27590.50;27541.00;27550.25;26.22;35.95;10.77;81.65;69.11;-0.001;NEUTRE;0;-0.2;0;1
2026.04.30 17:00;27369.50;27546.75;27368.75;27542.25;21.97;27.89;12.43;70.76;55.89;-0.030;NEUTRE;0;-4.9;0;1
2026.04.30 16:00;27386.75;27433.50;27348.00;27369.75;19.45;22.39;14.34;54.91;47.78;-0.656;SOFT_DOWN;-1;-63.2;-2;1
2026.04.30 15:00;27358.75;27433.50;27330.75;27387.25;19.07;25.83;16.54;41.99;46.92;-0.593;SOFT_DOWN;-1;-62.4;-2;1
2026.04.30 14:00;27246.50;27374.25;27162.50;27359.00;18.63;20.94;19.09;46.43;59.44;-0.695;SOFT_DOWN;-1;-67.4;-3;1
2026.04.30 13:00;27522.75;27538.50;27203.75;27245.75;20.78;24.16;19.03;52.34;68.43;-1.106;STRONG_DOWN;-2;-76.3;-3;1
2026.04.30 12:00;27438.75;27544.00;27437.00;27522.50;22.15;27.87;11.24;79.54;75.63;-0.102;NEUTRE;0;-22.4;0;1
2026.04.30 11:00;27373.75;27492.75;27370.00;27438.50;19.02;24.79;12.96;73.42;72.41;-0.407;NEUTRE;0;-60.8;-2;1
2026.04.30 10:00;27366.50;27430.75;27355.00;27373.25;17.12;20.83;14.96;73.94;64.27;-0.643;SOFT_DOWN;-1;-72.2;-3;1
2026.04.30 09:00;27358.75;27441.00;27330.00;27367.00;17.23;24.04;17.26;69.86;48.07;-0.666;SOFT_DOWN;-1;-74.4;-3;1
2026.04.30 08:00;27349.75;27395.00;27323.50;27358.75;17.35;21.36;19.92;49.02;27.68;-0.696;SOFT_DOWN;-1;-76.6;-3;1
2026.04.30 07:00;27282.00;27376.75;27268.75;27350.75;19.48;20.72;22.98;25.34;12.23;-0.725;SOFT_DOWN;-1;-78.7;-3;1
2026.04.30 06:00;27222.25;27305.75;27184.25;27282.25;21.69;13.80;26.51;8.67;10.75;-0.974;SOFT_DOWN;-1;-82.7;-3;0
2026.04.30 05:00;27231.75;27307.50;27220.75;27222.25;20.17;15.92;25.97;2.68;28.06;-1.191;STRONG_DOWN;-2;-85;-3;0
2026.04.30 04:00;27408.25;27409.50;27230.00;27232.25;19.58;18.37;28.33;20.90;54.34;-1.155;STRONG_DOWN;-2;-85.9;-3;0
2026.04.30 03:00;27425.50;27452.00;27401.50;27408.50;19.32;21.20;17.99;60.60;79.09;-0.515;NEUTRE;0;-83.1;-3;0
2026.04.30 02:00;27579.25;27586.75;27385.25;27425.50;21.03;24.46;20.75;81.52;90.80;-0.454;NEUTRE;0;-84.8;-3;0
2026.04.30 01:00;27594.25;27600.25;27555.00;27579.50;23.00;28.22;10.99;95.17;88.94;0.105;NEUTRE;0;;;0
2026.04.30 00:00;27550.50;27621.25;27550.25;27594.00;19.78;32.56;12.68;95.71;80.12;0.158;NEUTRE;0;;;0
2026.04.29 23:00;27470.25;27554.25;27451.75;27550.25;16.06;23.05;14.63;75.93;67.72;1.119;STRONG_UP;2;67;3;0
2026.04.29 22:00;27241.75;27498.25;27240.25;27470.00;15.09;18.19;16.88;68.72;70.22;0.824;SOFT_UP;1;61.1;2;0
2026.04.29 20:00;27336.25;27405.50;27095.50;27155.75;16.83;16.82;19.47;58.50;68.22;-0.329;NEUTRE;0;-38.5;-1;0
2026.04.29 19:00;27294.50;27336.75;27261.50;27334.25;18.30;19.41;14.23;83.44;67.03;0.326;NEUTRE;0;39.7;1;1
2026.04.29 18:00;27247.75;27299.75;27157.75;27294.50;18.74;14.84;16.42;62.72;60.68;0.180;NEUTRE;0;25.8;1;1
2026.04.29 17:00;27199.50;27252.25;27169.75;27247.75;20.85;11.97;18.95;54.94;63.62;0.008;NEUTRE;0;1.3;0;1
2026.04.29 16:00;27238.75;27272.50;27152.75;27198.25;20.59;13.81;21.86;64.39;68.04;-0.173;NEUTRE;0;-27.6;-1;1
2026.04.29 15:00;27302.00;27308.25;27198.75;27239.25;20.28;15.94;19.31;71.53;63.84;-0.023;NEUTRE;0;-4.2;0;1
2026.04.29 14:00;27220.00;27314.25;27178.00;27301.75;21.93;18.39;22.28;68.18;56.34;0.206;NEUTRE;0;35.5;1;1
2026.04.29 13:00;27224.25;27249.00;27123.75;27219.75;23.83;13.85;25.71;51.79;48.51;-0.095;NEUTRE;0;-19.5;0;1
2026.04.29 12:00;27249.50;27251.75;27191.00;27224.00;22.88;15.98;21.41;49.06;44.04;-0.079;NEUTRE;0;-17.7;0;1
2026.04.29 11:00;27262.75;27283.75;27234.50;27249.50;24.17;18.44;13.69;44.69;37.36;0.015;NEUTRE;0;3.8;0;1
2026.04.29 10:00;27227.25;27287.25;27210.75;27262.00;25.61;21.28;15.79;38.39;32.69;0.061;NEUTRE;0;16.4;0;1
2026.04.29 09:00;27240.00;27269.00;27221.00;27227.25;27.28;20.88;18.22;29.01;36.98;-0.067;NEUTRE;0;-19.8;0;1
2026.04.29 08:00;27236.75;27260.75;27197.50;27240.00;30.43;21.45;21.02;30.69;51.99;-0.020;NEUTRE;0;-6.9;0;1
2026.04.29 07:00;27264.75;27287.25;27209.00;27236.75;34.95;24.75;21.46;51.24;71.20;-0.032;NEUTRE;0;-12.5;0;1
2026.04.29 06:00;27295.75;27316.25;27259.75;27264.25;39.23;28.56;14.78;74.03;82.27;0.069;NEUTRE;0;29.1;1;0
2026.04.29 05:00;27296.75;27308.25;27275.50;27295.75;40.38;32.95;12.77;88.34;83.01;0.184;NEUTRE;0;60.7;2;0
2026.04.29 04:00;27282.75;27311.25;27282.00;27297.00;39.80;38.02;11.68;84.44;78.20;0.189;NEUTRE;0;66.4;3;0
2026.04.29 03:00;27266.75;27292.25;27265.00;27282.50;37.77;33.88;13.48;76.25;77.18;0.136;NEUTRE;0;65.5;3;0
2026.04.29 02:00;27246.00;27280.75;27242.50;27266.75;36.96;32.60;15.55;73.92;82.17;0.078;NEUTRE;0;62.1;2;0
2026.04.29 01:00;27262.75;27268.25;27190.75;27245.75;37.20;32.58;17.94;81.37;87.97;0.001;NEUTRE;0;;;0
2026.04.29 00:00;27245.50;27292.75;27245.50;27262.75;38.46;37.60;9.84;91.22;88.69;0.063;NEUTRE;0;;;0
2026.04.28 23:00;27222.25;27246.75;27212.75;27245.50;35.38;28.40;11.35;91.33;84.90;-0.885;SOFT_DOWN;-1;-61.8;-2;0
2026.04.28 22:00;27215.00;27231.50;27207.75;27222.50;34.22;25.87;13.10;83.54;77.81;-0.969;SOFT_DOWN;-1;-64.9;-2;0
2026.04.28 20:00;27168.75;27206.25;27146.25;27189.75;34.44;20.55;15.11;79.84;68.41;-1.088;STRONG_DOWN;-2;-69.2;-3;0
2026.04.28 19:00;27193.25;27223.50;27154.00;27168.25;37.39;23.71;15.45;70.06;52.98;-1.166;STRONG_DOWN;-2;-71.4;-3;1
2026.04.28 18:00;27140.25;27193.50;27119.75;27193.25;39.90;20.71;17.83;55.34;37.94;-1.075;SOFT_DOWN;-1;-70.9;-3;1
2026.04.28 17:00;27083.00;27142.50;27046.75;27140.25;44.89;13.26;20.57;33.56;30.61;-1.268;STRONG_DOWN;-2;-74.5;-3;1
2026.04.28 16:00;27052.25;27094.00;27027.75;27082.75;48.47;7.51;23.73;24.92;32.26;-1.477;STRONG_DOWN;-2;-77.4;-3;1
2026.04.28 15:00;27090.75;27118.25;27008.75;27052.00;47.94;8.66;27.38;33.35;34.54;-1.589;STRONG_DOWN;-2;-79;-3;1
2026.04.28 14:00;27200.25;27232.00;27011.75;27091.00;47.33;10.00;31.17;38.52;30.10;-1.447;STRONG_DOWN;-2;-78.7;-3;1
2026.04.28 13:00;27147.00;27249.50;27068.50;27201.75;46.69;11.53;32.01;31.76;20.92;-1.044;SOFT_DOWN;-1;-75.6;-3;1
2026.04.28 12:00;27093.00;27152.00;27035.25;27147.50;46.64;5.02;36.93;20.04;17.89;-1.241;STRONG_DOWN;-2;-78.7;-3;1
2026.04.28 11:00;27259.75;27268.50;27080.00;27093.25;42.12;5.79;36.72;10.96;18.68;-1.439;STRONG_DOWN;-2;-81;-3;1
2026.04.28 10:00;27283.25;27299.75;27237.75;27260.50;37.40;6.68;29.49;22.66;22.28;-0.830;SOFT_DOWN;-1;-76;-3;1
2026.04.28 09:00;27351.25;27354.00;27255.50;27283.50;33.46;7.71;29.62;22.43;18.79;-0.747;SOFT_DOWN;-1;-76;-3;1
2026.04.28 08:00;27336.50;27358.00;27301.50;27351.00;29.58;8.90;26.99;21.76;16.49;-0.501;NEUTRE;0;-71.7;-3;1
2026.04.28 07:00;27336.25;27350.75;27319.25;27336.50;26.38;10.27;26.31;12.17;15.12;-0.554;SOFT_DOWN;-1;-75.4;-3;1
2026.04.28 06:00;27362.25;27376.75;27321.75;27336.00;23.69;11.85;29.14;15.55;16.62;-0.556;SOFT_DOWN;-1;-77.4;-3;0
2026.04.28 05:00;27416.25;27422.25;27349.25;27362.75;20.84;13.67;25.93;17.65;15.42;-0.458;NEUTRE;0;-77.3;-3;0
2026.04.28 04:00;27409.25;27438.25;27403.75;27416.00;19.29;15.78;18.44;16.67;18.69;-0.265;NEUTRE;0;-72.7;-3;0
2026.04.28 03:00;27393.50;27427.25;27387.75;27409.00;21.06;13.30;21.27;11.95;31.62;-0.290;NEUTRE;0;-77.9;-3;0
2026.04.28 02:00;27421.25;27435.50;27385.25;27393.50;20.75;15.34;24.54;27.45;53.98;-0.347;NEUTRE;0;-83.2;-3;0
2026.04.28 01:00;27467.00;27483.50;27416.75;27420.25;20.39;17.70;18.68;55.46;71.92;-0.249;NEUTRE;0;;;0
2026.04.28 00:00;27488.75;27510.75;27449.75;27466.75;23.12;20.43;13.94;79.04;81.71;-0.080;NEUTRE;0;;;0
2026.04.27 23:00;27484.00;27502.75;27474.00;27488.25;23.77;23.57;9.97;81.28;81.70;0.383;NEUTRE;0;38.9;1;0
2026.04.27 22:00;27435.00;27499.75;27428.50;27484.00;21.19;25.59;11.51;84.82;83.34;0.368;NEUTRE;0;39;1;0
2026.04.27 20:00;27444.00;27444.75;27410.25;27417.75;18.61;19.21;13.28;79.01;77.97;0.126;NEUTRE;0;17;0;0
2026.04.27 19:00;27398.50;27450.50;27389.75;27443.25;18.66;22.16;15.32;86.19;70.02;0.219;NEUTRE;0;29.1;1;1
2026.04.27 18:00;27427.75;27435.25;27390.25;27399.00;18.72;21.71;17.68;68.71;54.36;0.058;NEUTRE;0;8.9;0;1
2026.04.27 17:00;27389.75;27438.50;27379.50;27427.75;20.03;25.05;20.39;55.17;44.77;0.163;NEUTRE;0;24.9;0;1
2026.04.27 16:00;27365.75;27405.50;27347.25;27389.50;21.53;20.30;23.53;39.20;39.59;0.023;NEUTRE;0;4;0;1
2026.04.27 15:00;27368.25;27382.00;27306.75;27366.25;23.71;17.22;27.15;39.95;44.39;-0.062;NEUTRE;0;-11.3;0;1
2026.04.27 14:00;27400.75;27408.25;27321.00;27367.25;23.92;19.87;28.42;39.63;53.23;-0.058;NEUTRE;0;-11.3;0;1
2026.04.27 13:00;27418.50;27431.50;27297.50;27400.50;24.87;22.92;32.79;53.59;64.38;0.063;NEUTRE;0;13.2;0;1
2026.04.27 12:00;27480.75;27482.50;27389.25;27418.50;25.97;26.45;27.30;66.48;64.61;0.129;NEUTRE;0;27.5;1;1
2026.04.27 11:00;27474.25;27499.00;27474.25;27480.75;29.72;30.52;17.48;73.08;53.37;0.356;NEUTRE;0;57.4;2;1
2026.04.27 10:00;27454.00;27482.25;27440.25;27474.25;30.12;24.80;20.16;54.27;35.65;0.332;NEUTRE;0;58.1;2;1
2026.04.27 09:00;27438.75;27465.00;27435.00;27453.75;33.16;22.30;23.27;32.75;20.82;0.257;NEUTRE;0;54.1;2;1
2026.04.27 08:00;27424.25;27443.50;27387.25;27438.75;37.94;14.70;26.84;19.93;23.57;0.203;NEUTRE;0;50.8;2;1
2026.04.27 07:00;27432.25;27442.50;27406.25;27424.25;39.28;16.96;25.78;9.78;40.08;0.150;NEUTRE;0;46;2;1
2026.04.27 06:00;27448.00;27454.00;27422.75;27433.25;42.15;19.57;22.74;40.99;66.26;0.183;NEUTRE;0;55.9;2;0
2026.04.27 05:00;27516.50;27518.50;27442.75;27448.25;47.48;22.58;16.39;69.47;83.57;0.237;NEUTRE;0;66.4;3;0
2026.04.27 04:00;27523.75;27538.75;27507.25;27516.50;52.34;26.06;5.82;88.32;91.44;0.487;NEUTRE;0;80.4;3;0
2026.04.27 03:00;27518.00;27533.00;27512.75;27523.75;50.62;27.26;6.71;92.92;88.80;0.513;NEUTRE;0;83.1;3;0
2026.04.27 02:00;27536.25;27540.25;27510.75;27518.25;49.10;31.45;7.74;93.09;77.10;0.493;NEUTRE;0;85.2;3;0
2026.04.27 01:00;27454.25;27537.75;27454.25;27536.25;47.35;34.99;8.94;80.41;63.43;0.559;SOFT_UP;1;;;0
2026.04.27 00:00;27383.25;27465.25;27377.75;27453.25;45.51;27.17;10.31;57.79;60.33;0.256;NEUTRE;0;;;0
2026.04.26 23:00;27394.50;27396.75;27367.00;27383.00;45.59;19.30;11.90;52.10;68.56;-0.042;NEUTRE;0;-5;0;0
2026.04.26 22:00;27394.50;27417.25;27343.25;27394.75;48.95;22.27;13.73;71.09;80.08;0.001;NEUTRE;0;0.1;0;0
2026.04.24 20:00;27433.50;27442.50;27408.25;27438.00;52.83;25.70;5.28;82.50;86.10;1.324;STRONG_UP;2;72.7;3;0
2026.04.24 19:00;27407.25;27453.00;27403.25;27433.25;50.82;29.66;6.10;86.67;89.40;1.306;STRONG_UP;2;73.3;3;1
2026.04.24 18:00;27431.25;27441.75;27383.00;27407.00;48.50;30.74;7.03;89.13;89.32;1.209;STRONG_UP;2;72.9;3;1
2026.04.24 17:00;27408.75;27459.75;27366.25;27431.50;46.31;35.47;8.12;92.41;82.51;1.300;STRONG_UP;2;74.9;3;1
2026.04.24 16:00;27394.25;27429.00;27358.75;27408.75;43.78;35.87;9.37;86.41;70.67;1.216;STRONG_UP;2;74.8;3;1
2026.04.24 15:00;27289.50;27416.00;27285.50;27395.00;41.50;38.54;10.81;68.71;60.97;1.165;STRONG_UP;2;75.1;3;1
2026.04.24 14:00;27188.00;27295.75;27158.00;27289.00;39.24;30.29;12.47;56.89;60.63;0.774;SOFT_UP;1;69.5;3;1
2026.04.24 13:00;27236.50;27265.25;27129.50;27193.00;38.87;31.54;14.39;57.30;65.80;0.419;NEUTRE;0;57.3;2;1
2026.04.24 12:00;27275.00;27311.00;27201.75;27236.25;39.10;36.40;8.41;67.71;69.58;0.579;SOFT_UP;1;66.8;3;1
2026.04.24 11:00;27169.50;27362.00;27169.50;27273.75;35.51;41.99;9.71;72.37;70.39;0.717;SOFT_UP;1;72.4;3;1
2026.04.24 10:00;27108.25;27191.25;27107.00;27170.75;31.36;34.81;11.20;68.67;68.82;0.337;NEUTRE;0;58.5;2;1
2026.04.24 09:00;27093.75;27119.00;27063.00;27108.00;28.30;26.97;12.92;70.12;69.31;0.105;NEUTRE;0;29.4;1;1
2026.04.24 08:00;27107.75;27150.50;27072.25;27093.50;27.23;31.12;12.37;67.66;62.34;0.052;NEUTRE;0;17.5;0;1
2026.04.24 07:00;27073.00;27113.50;27070.00;27107.75;24.79;28.63;14.27;70.14;50.89;0.104;NEUTRE;0;35.7;1;1
2026.04.24 06:00;27085.00;27098.00;27065.75;27073.75;23.45;27.56;16.47;49.21;37.36;-0.021;NEUTRE;0;-9.6;0;0
2026.04.24 05:00;27053.00;27085.25;27030.25;27085.00;23.19;25.71;19.00;33.31;40.85;0.020;NEUTRE;0;11;0;0
2026.04.24 04:00;27030.25;27055.50;27016.00;27053.00;24.45;21.35;21.93;29.55;57.97;-0.098;NEUTRE;0;-49.9;-2;0
2026.04.24 03:00;27069.50;27077.25;27022.50;27030.25;28.00;24.63;22.77;59.70;79.96;-0.182;NEUTRE;0;-71.2;-3;0
2026.04.24 02:00;27117.50;27119.50;27058.00;27069.50;31.71;28.42;16.30;84.66;90.83;-0.037;NEUTRE;0;-41.8;-1;0
2026.04.24 01:00;27118.25;27126.50;27098.75;27117.50;32.41;32.79;8.61;95.53;88.99;0.140;NEUTRE;0;;;0
2026.04.24 00:00;27079.50;27134.75;27069.75;27118.00;28.41;37.84;9.93;92.30;78.96;0.142;NEUTRE;0;;;0
2026.04.23 23:00;27040.75;27079.50;27032.75;27079.50;23.80;30.58;11.46;79.14;64.75;-0.054;NEUTRE;0;-6.5;0;0
2026.04.23 22:00;27017.50;27050.00;27008.75;27041.00;20.46;25.58;13.23;65.43;52.92;-0.197;NEUTRE;0;-23.4;0;0
2026.04.23 20:00;26925.50;26987.50;26909.00;26945.25;18.71;20.34;15.26;49.67;45.87;-0.550;SOFT_DOWN;-1;-53.1;-2;0
2026.04.23 19:00;26861.00;26943.50;26839.50;26924.00;19.40;14.84;17.61;43.65;47.33;-0.628;SOFT_DOWN;-1;-58;-2;1
2026.04.23 18:00;26878.50;26981.25;26842.75;26860.50;21.07;17.13;19.84;44.29;58.19;-0.863;SOFT_DOWN;-1;-66.7;-3;1
2026.04.23 17:00;27086.75;27097.50;26681.00;26878.50;23.18;19.76;22.89;54.05;68.08;-0.796;SOFT_DOWN;-1;-66.2;-3;1
2026.04.23 16:00;27092.00;27116.50;27037.75;27086.75;25.62;22.80;13.23;76.24;73.92;-0.028;NEUTRE;0;-4.8;0;1
2026.04.23 15:00;27093.50;27154.50;27060.25;27091.75;25.48;26.31;10.87;73.94;71.59;-0.009;NEUTRE;0;-1.7;0;1
2026.04.23 14:00;27016.00;27105.00;26970.00;27092.75;23.01;22.28;12.55;71.59;71.68;-0.006;NEUTRE;0;-1.2;0;1
2026.04.23 13:00;27007.75;27101.25;26963.50;27016.00;22.25;25.28;14.48;69.24;71.03;-0.289;NEUTRE;0;-47.1;-2;1
2026.04.23 12:00;27031.00;27078.25;26956.75;27008.00;21.50;26.60;16.71;74.19;63.80;-0.318;NEUTRE;0;-52.1;-2;1
2026.04.23 11:00;26980.25;27047.50;26941.00;27031.00;21.29;26.79;19.28;69.65;57.46;-0.233;NEUTRE;0;-45.7;-2;1
2026.04.23 10:00;26941.00;26983.75;26915.50;26978.00;22.06;21.71;22.24;47.55;57.87;-0.429;NEUTRE;0;-64.3;-2;1
2026.04.23 09:00;26926.50;26960.25;26889.25;26941.00;25.27;19.75;25.66;55.19;67.26;-0.566;SOFT_DOWN;-1;-71.8;-3;1
2026.04.23 08:00;26995.25;27001.00;26917.25;26926.50;27.15;22.79;23.54;70.88;68.38;-0.619;SOFT_DOWN;-1;-75;-3;1
2026.04.23 07:00;26990.75;27012.75;26969.50;26995.00;31.07;26.29;17.57;75.72;58.02;-0.366;NEUTRE;0;-68.4;-3;1
2026.04.23 06:00;26976.50;27005.25;26976.00;26990.00;32.79;27.67;20.27;58.55;44.71;-0.385;NEUTRE;0;-72.1;-3;0
2026.04.23 05:00;26954.25;26978.00;26938.25;26976.50;35.46;17.60;23.39;39.79;38.48;-0.435;NEUTRE;0;-76.6;-3;0
2026.04.23 04:00;26906.75;26956.25;26892.25;26954.25;38.75;11.88;26.99;35.78;44.11;-0.517;NEUTRE;0;-80.9;-3;0
2026.04.23 03:00;26950.75;26959.75;26864.50;26906.50;38.73;13.71;31.14;39.87;54.20;-0.693;SOFT_DOWN;-1;-84.9;-3;0
2026.04.23 02:00;26999.00;26999.50;26942.75;26950.75;38.71;15.82;23.29;56.68;65.50;-0.530;NEUTRE;0;-85.5;-3;0
2026.04.23 01:00;27059.00;27061.50;26992.75;26999.00;41.73;18.26;13.32;66.05;72.45;-0.352;NEUTRE;0;;;0
2026.04.23 00:00;27094.25;27097.75;26847.50;27058.50;45.74;21.07;15.37;73.78;77.95;-0.132;NEUTRE;0;;;0
2026.04.22 23:00;27086.00;27098.25;27080.75;27094.75;50.37;24.31;3.39;77.53;81.89;1.201;STRONG_UP;2;68.4;3;0
2026.04.22 22:00;27088.75;27096.25;27069.50;27086.00;46.51;26.29;3.91;82.56;85.47;1.168;STRONG_UP;2;68.7;3;0
2026.04.22 20:00;27078.75;27133.00;27068.00;27106.00;42.26;30.33;4.51;85.58;86.08;1.243;STRONG_UP;2;71.6;3;0
2026.04.22 19:00;27012.75;27090.75;26977.25;27078.50;37.37;25.00;5.21;88.26;86.17;1.140;STRONG_UP;2;71;3;1
2026.04.22 18:00;27029.25;27040.00;26991.75;27012.75;33.03;21.96;6.01;84.40;84.28;0.895;SOFT_UP;1;67.4;3;1
2026.04.22 17:00;26965.25;27049.00;26965.00;27028.75;29.34;25.34;6.93;85.85;82.92;0.954;SOFT_UP;1;69.8;3;1
2026.04.22 16:00;26979.50;27002.00;26957.25;26965.00;25.08;20.63;8.00;82.59;75.70;0.716;SOFT_UP;1;65.2;3;1
2026.04.22 15:00;26970.75;27006.75;26940.00;26979.00;22.15;23.81;9.23;80.31;65.37;0.768;SOFT_UP;1;68;3;1
2026.04.22 14:00;26863.50;27005.25;26851.75;26970.75;18.77;27.13;10.65;64.20;54.90;0.738;SOFT_UP;1;68.6;3;1
2026.04.22 13:00;26820.25;26889.50;26811.50;26863.25;14.95;19.70;12.29;51.59;53.18;0.336;NEUTRE;0;51.4;2;1
2026.04.22 12:00;26832.50;26898.75;26818.50;26820.25;13.69;22.73;12.80;48.91;54.35;0.176;NEUTRE;0;35.4;1;1
2026.04.22 11:00;26824.75;26837.25;26805.25;26832.75;11.50;14.44;14.77;59.04;59.22;0.222;NEUTRE;0;44.3;1;1
2026.04.22 10:00;26824.50;26848.00;26804.50;26824.75;13.09;16.66;17.04;55.08;62.69;0.192;NEUTRE;0;42.9;1;1
2026.04.22 09:00;26818.25;26861.50;26806.75;26824.50;14.93;19.22;18.87;63.54;69.70;0.191;NEUTRE;0;45.8;2;1
2026.04.22 08:00;26844.50;26849.25;26779.00;26818.25;17.08;18.73;21.77;69.46;67.58;0.168;NEUTRE;0;45.5;2;1
2026.04.22 07:00;26835.00;26863.00;26825.00;26844.25;18.56;21.61;15.05;76.11;63.51;0.265;NEUTRE;0;61.4;2;1
2026.04.22 06:00;26830.25;26844.00;26802.00;26835.50;18.66;17.25;17.36;57.16;59.35;0.233;NEUTRE;0;62;2;0
2026.04.22 05:00;26776.25;26855.00;26769.75;26830.25;21.48;19.90;20.03;57.26;69.79;0.213;NEUTRE;0;64.1;2;0
2026.04.22 04:00;26807.00;26816.75;26773.75;26776.00;24.73;16.06;23.12;63.62;81.48;0.010;NEUTRE;0;6.9;0;0
2026.04.22 03:00;26816.25;26824.75;26803.25;26806.75;25.76;18.53;16.12;88.50;91.31;0.125;NEUTRE;0;63.6;2;0
2026.04.22 02:00;26820.00;26830.25;26815.25;26816.25;28.66;21.38;10.01;92.33;91.03;0.161;NEUTRE;0;75.6;3;0
2026.04.22 01:00;26795.75;26830.50;26792.00;26819.75;27.49;24.67;11.55;93.10;87.56;0.174;NEUTRE;0;;;0
2026.04.22 00:00;26773.25;26816.25;26770.50;26795.75;26.15;22.77;13.33;87.67;77.87;0.084;NEUTRE;0;;;0
2026.04.21 23:00;26739.50;26775.75;26734.75;26772.25;26.14;12.66;15.38;81.91;65.90;-0.088;NEUTRE;0;-10.5;0;0
2026.04.21 22:00;26747.25;26759.25;26732.00;26739.75;28.67;8.41;17.74;64.03;51.47;-0.209;NEUTRE;0;-24.7;0;0
2026.04.21 20:00;26639.75;26791.75;26601.00;26732.75;27.60;9.71;20.47;51.76;39.82;-0.235;NEUTRE;0;-29.6;-1;0
2026.04.21 19:00;26723.00;26785.50;26551.25;26639.25;26.36;10.70;23.62;38.62;30.38;-0.584;SOFT_DOWN;-1;-56.1;-2;1
2026.04.21 18:00;26698.25;26743.25;26658.75;26723.00;24.62;12.34;20.20;29.07;21.98;-0.271;NEUTRE;0;-36.1;-1;1
2026.04.21 17:00;26670.00;26764.25;26599.50;26698.25;24.69;14.24;23.30;23.45;23.02;-0.364;NEUTRE;0;-46;-2;1
2026.04.21 16:00;26730.75;26779.25;26667.75;26669.50;24.78;16.43;20.52;13.44;25.81;-0.471;NEUTRE;0;-54.9;-2;1
2026.04.21 15:00;26738.50;26784.50;26661.75;26730.00;26.89;18.96;23.67;32.17;39.52;-0.245;NEUTRE;0;-38.3;-1;1
2026.04.21 14:00;26836.50;26884.00;26729.50;26735.75;29.33;21.88;18.82;31.84;48.31;-0.224;NEUTRE;0;-37.7;-1;1
2026.04.21 13:00;26819.75;26837.50;26726.50;26837.50;32.68;20.62;21.72;54.55;63.38;0.156;NEUTRE;0;30.1;1;1
2026.04.21 12:00;26870.25;26879.00;26811.25;26819.75;37.31;23.79;13.31;58.53;70.85;0.090;NEUTRE;0;19.9;0;1
2026.04.21 11:00;26870.50;26900.25;26840.50;26870.00;38.71;27.45;8.72;77.06;70.29;0.277;NEUTRE;0;50.6;2;1
2026.04.21 10:00;26839.75;26881.25;26833.75;26870.50;36.70;26.78;10.06;76.96;64.96;0.279;NEUTRE;0;53.5;2;1
2026.04.21 09:00;26835.50;26846.25;26804.50;26839.75;35.36;19.56;11.61;56.85;59.60;0.164;NEUTRE;0;41.4;1;1
2026.04.21 08:00;26812.00;26853.50;26796.25;26835.50;36.88;22.57;13.40;61.05;66.07;0.148;NEUTRE;0;41.8;1;1
2026.04.21 07:00;26845.00;26846.25;26805.00;26812.50;38.63;26.04;13.11;60.91;67.32;0.063;NEUTRE;0;23.5;0;1
2026.04.21 06:00;26824.75;26855.75;26822.00;26845.25;39.49;30.05;8.78;76.26;67.42;0.185;NEUTRE;0;56.2;2;0
2026.04.21 05:00;26824.25;26842.25;26817.75;26824.75;37.14;28.52;10.13;64.78;63.78;0.108;NEUTRE;0;46.3;2;0
2026.04.21 04:00;26810.75;26829.75;26810.25;26824.00;35.53;25.06;11.69;61.21;68.40;0.105;NEUTRE;0;51.8;2;0
2026.04.21 03:00;26811.00;26815.50;26790.50;26811.00;35.41;17.67;13.49;65.35;75.86;0.057;NEUTRE;0;42.6;1;0
2026.04.21 02:00;26811.75;26821.75;26807.25;26810.75;38.79;20.39;5.26;78.64;84.14;0.056;NEUTRE;0;53.6;2;0
2026.04.21 01:00;26823.50;26836.00;26806.50;26811.50;35.68;23.52;6.07;83.58;86.74;0.059;NEUTRE;0;;;0
2026.04.21 00:00;26795.75;26835.75;26784.50;26823.25;32.10;27.01;7.00;90.18;89.26;0.103;NEUTRE;0;;;0
2026.04.20 23:00;26809.50;26810.75;26790.75;26794.50;27.99;23.66;8.08;86.45;86.99;0.513;NEUTRE;0;47.2;2;0
2026.04.20 22:00;26778.50;26815.50;26778.50;26809.50;24.74;27.30;9.32;91.14;82.39;0.569;SOFT_UP;1;51.4;2;0
2026.04.20 20:00;26744.25;26808.50;26729.25;26775.25;20.99;28.83;10.76;83.39;70.72;0.441;NEUTRE;0;46.9;2;0
2026.04.20 19:00;26731.75;26750.75;26708.50;26745.00;17.20;22.05;12.41;72.63;57.50;0.327;NEUTRE;0;39.8;1;1
2026.04.20 18:00;26706.25;26746.75;26696.25;26731.25;15.54;23.99;14.32;56.13;43.54;0.276;NEUTRE;0;36.6;1;1
2026.04.20 17:00;26678.25;26725.75;26659.75;26706.25;14.05;21.28;16.52;43.75;36.46;0.182;NEUTRE;0;27.4;1;1
2026.04.20 16:00;26658.00;26697.50;26638.75;26678.00;14.28;17.97;19.07;30.76;38.55;0.076;NEUTRE;0;12.9;0;1
2026.04.20 15:00;26638.00;26708.25;26568.50;26657.25;16.02;20.73;22.00;34.88;54.40;-0.002;NEUTRE;0;-0.4;0;1
2026.04.20 14:00;26779.75;26787.00;26612.25;26636.75;18.03;23.92;20.57;50.00;69.55;-0.079;NEUTRE;0;-15.3;0;1
2026.04.20 13:00;26749.50;26824.50;26716.25;26780.00;19.64;27.60;14.58;78.32;78.54;0.459;NEUTRE;0;59.7;2;1
2026.04.20 12:00;26709.75;26773.75;26701.00;26749.50;17.91;24.63;16.82;80.33;77.59;0.344;NEUTRE;0;54.2;2;1
2026.04.20 11:00;26699.50;26721.75;26679.25;26708.75;17.77;17.43;19.40;76.97;73.60;0.191;NEUTRE;0;40;1;1
2026.04.20 10:00;26693.50;26729.25;26690.50;26699.75;19.68;20.11;18.32;75.46;71.05;0.158;NEUTRE;0;37.4;1;1
2026.04.20 09:00;26695.50;26718.00;26684.75;26693.50;21.99;18.73;21.14;68.36;62.83;0.134;NEUTRE;0;35.8;1;1
2026.04.20 08:00;26667.50;26707.00;26618.25;26694.75;24.44;16.53;24.39;69.33;57.82;0.139;NEUTRE;0;40.1;1;1
2026.04.20 07:00;26686.50;26719.50;26648.50;26667.75;25.25;19.07;22.90;50.78;50.85;0.038;NEUTRE;0;14.7;0;1
2026.04.20 06:00;26634.25;26698.75;26632.25;26686.75;27.73;17.51;26.42;53.36;58.79;0.109;NEUTRE;0;41.3;1;0
2026.04.20 05:00;26674.25;26677.50;26611.50;26634.25;28.87;15.28;30.48;48.41;63.23;-0.088;NEUTRE;0;-40.4;-1;0
2026.04.20 04:00;26678.00;26681.00;26653.50;26674.25;28.20;17.63;25.38;74.62;65.88;0.062;NEUTRE;0;36.9;1;0
2026.04.20 03:00;26692.75;26700.50;26676.25;26678.25;29.77;20.35;16.56;66.68;55.89;0.077;NEUTRE;0;51.2;2;0
2026.04.20 02:00;26704.25;26705.25;26683.75;26692.75;32.77;23.48;14.35;56.34;46.64;0.131;NEUTRE;0;72.5;3;0
2026.04.20 01:00;26655.50;26713.50;26652.50;26704.25;34.10;27.09;16.56;44.64;42.78;0.174;NEUTRE;0;;;0
2026.04.20 00:00;26657.75;26663.75;26615.50;26655.50;35.64;18.71;19.10;38.94;44.99;-0.008;NEUTRE;0;;;0
2026.04.19 23:00;26663.50;26680.25;26635.75;26657.50;40.96;21.59;15.59;44.76;51.20;0.260;NEUTRE;0;28.7;1;0
2026.04.19 22:00;26588.25;26672.25;26534.25;26663.75;44.78;22.14;17.98;51.26;56.23;0.284;NEUTRE;0;32;1;0
2026.04.17 20:00;26827.25;26843.75;26815.00;26839.25;50.07;25.55;6.59;57.56;63.70;1.362;STRONG_UP;2;73.1;3;0
2026.04.17 19:00;26784.00;26829.75;26757.00;26826.50;48.70;21.99;7.60;59.86;71.76;1.314;STRONG_UP;2;73.4;3;1
2026.04.17 18:00;26807.25;26820.50;26754.75;26783.75;48.71;23.42;8.77;73.66;81.13;1.153;STRONG_UP;2;72.1;3;1
2026.04.17 17:00;26858.50;26875.75;26735.25;26807.00;49.21;27.02;10.12;81.75;83.98;1.241;STRONG_UP;2;74.2;3;1
2026.04.17 16:00;26803.75;26881.25;26791.50;26858.25;49.78;31.17;5.52;87.97;86.05;1.434;STRONG_UP;2;77;3;1
2026.04.17 15:00;26827.50;26876.00;26798.50;26803.75;46.68;35.97;5.17;82.21;85.92;1.228;STRONG_UP;2;75.8;3;1
2026.04.17 14:00;26731.25;26854.50;26715.50;26826.25;42.35;37.24;5.97;87.97;90.05;1.313;STRONG_UP;2;77.6;3;1
2026.04.17 13:00;26742.00;26808.75;26628.75;26729.75;37.73;37.90;6.89;87.57;91.28;0.949;SOFT_UP;1;74.2;3;1
2026.04.17 12:00;26565.25;26744.25;26560.00;26740.50;32.88;38.22;7.94;94.62;92.37;0.989;SOFT_UP;1;75.9;3;1
2026.04.17 11:00;26525.00;26567.00;26521.00;26564.75;27.85;29.30;9.17;91.64;93.04;0.326;NEUTRE;0;55.1;2;1
2026.04.17 10:00;26535.75;26544.75;26504.50;26525.00;24.08;26.37;10.58;90.86;87.85;0.176;NEUTRE;0;40.4;1;1
2026.04.17 09:00;26517.75;26539.50;26505.50;26535.75;21.21;28.42;12.20;96.63;75.17;0.216;NEUTRE;0;49.3;2;1
2026.04.17 08:00;26488.00;26519.00;26476.00;26517.50;18.34;23.51;14.08;76.06;53.51;0.147;NEUTRE;0;41.6;1;1
2026.04.17 07:00;26455.50;26490.25;26455.50;26488.00;17.30;16.84;16.25;52.83;37.99;0.036;NEUTRE;0;14;0;1
2026.04.17 06:00;26464.50;26478.50;26445.75;26455.50;19.68;14.23;18.75;31.66;28.40;-0.087;NEUTRE;0;-35.1;-1;0
2026.04.17 05:00;26461.75;26469.00;26442.00;26464.25;20.60;11.96;21.63;29.48;33.22;-0.054;NEUTRE;0;-27.6;-1;0
2026.04.17 04:00;26458.25;26480.25;26454.25;26461.75;19.34;13.80;17.98;24.06;46.07;-0.063;NEUTRE;0;-37.3;-1;0
2026.04.17 03:00;26463.75;26467.25;26448.75;26457.50;20.29;8.23;20.75;46.11;66.47;-0.079;NEUTRE;0;-51.9;-2;0
2026.04.17 02:00;26487.50;26494.25;26454.50;26463.75;16.77;9.50;19.16;68.04;78.37;-0.056;NEUTRE;0;-53.6;-2;0
2026.04.17 01:00;26485.75;26496.25;26479.75;26487.75;14.16;10.96;12.33;85.25;79.18;0.035;NEUTRE;0;;;0
2026.04.17 00:00;26478.50;26494.75;26455.50;26485.75;15.43;11.24;14.23;81.82;71.88;0.027;NEUTRE;0;;;0
2026.04.16 23:00;26472.75;26487.00;26469.50;26478.50;16.00;12.97;10.93;70.46;63.47;0.276;NEUTRE;0;30.1;1;0
2026.04.16 22:00;26453.25;26485.25;26452.00;26473.00;17.15;13.43;12.61;63.36;60.04;0.255;NEUTRE;0;29.3;1;0
2026.04.16 20:00;26483.25;26489.50;26440.00;26466.75;19.31;15.50;14.55;56.60;59.79;0.231;NEUTRE;0;29.2;1;0
2026.04.16 19:00;26436.75;26497.25;26433.50;26483.50;21.79;17.88;16.79;60.16;66.40;0.294;NEUTRE;0;36.8;1;1
2026.04.16 18:00;26459.50;26482.25;26354.50;26436.75;24.66;17.01;19.37;62.61;72.66;0.117;NEUTRE;0;17.5;0;1
2026.04.16 17:00;26472.50;26508.25;26431.00;26459.50;27.46;19.63;13.14;76.42;74.20;0.204;NEUTRE;0;30.1;1;1
2026.04.16 16:00;26532.75;26561.50;26430.50;26472.50;28.64;22.65;15.16;78.95;63.43;0.253;NEUTRE;0;37.4;1;1
2026.04.16 15:00;26403.00;26538.50;26403.00;26532.25;30.00;23.43;17.50;67.24;48.16;0.479;NEUTRE;0;57.1;2;1
2026.04.16 14:00;26320.50;26421.25;26290.00;26403.50;32.38;13.72;20.19;44.11;38.59;-0.009;NEUTRE;0;-1.8;0;1
2026.04.16 13:00;26400.75;26450.75;26275.00;26320.25;34.43;15.84;23.29;33.13;38.20;-0.324;NEUTRE;0;-50.3;-2;1
2026.04.16 12:00;26418.25;26430.75;26393.00;26400.50;36.80;18.27;16.55;38.53;40.79;-0.020;NEUTRE;0;-4.6;0;1
2026.04.16 11:00;26405.25;26424.00;26382.00;26417.25;41.70;18.33;19.09;42.94;44.97;0.044;NEUTRE;0;11;0;1
2026.04.16 10:00;26452.25;26463.75;26363.50;26405.00;47.80;21.15;22.03;40.89;51.66;-0.003;NEUTRE;0;-0.8;0;1
2026.04.16 09:00;26439.25;26456.50;26432.25;26452.00;54.84;24.41;14.87;51.10;63.79;0.175;NEUTRE;0;43.3;1;1
2026.04.16 08:00;26457.75;26463.50;26411.25;26439.00;59.54;28.16;17.16;63.00;72.07;0.126;NEUTRE;0;37.3;1;1
2026.04.16 07:00;26479.00;26485.00;26451.00;26458.00;64.96;32.49;8.09;77.28;74.18;0.198;NEUTRE;0;53.8;2;1
2026.04.16 06:00;26454.00;26484.25;26454.00;26479.00;65.71;37.49;7.98;75.92;72.59;0.277;NEUTRE;0;65.9;3;0
2026.04.16 05:00;26433.50;26460.00;26415.75;26454.00;65.83;30.93;9.21;69.33;73.72;0.183;NEUTRE;0;60.5;2;0
2026.04.16 04:00;26442.25;26443.50;26427.75;26433.25;67.64;29.95;10.63;72.54;79.53;0.104;NEUTRE;0;51.5;2;0
2026.04.16 03:00;26441.25;26459.50;26437.75;26442.25;70.72;34.56;2.49;79.31;86.23;0.138;NEUTRE;0;65.8;3;0
2026.04.16 02:00;26439.75;26458.25;26438.50;26441.25;68.28;38.99;2.88;86.74;92.21;0.134;NEUTRE;0;72.9;3;0
2026.04.16 01:00;26436.25;26464.00;26425.25;26440.00;65.52;44.99;3.32;92.65;95.23;0.130;NEUTRE;0;;;0
2026.04.16 00:00;26405.75;26443.25;26389.75;26436.75;62.33;43.67;3.83;97.23;96.09;0.117;NEUTRE;0;;;0
2026.04.15 23:00;26388.25;26413.75;26382.75;26405.75;59.02;41.90;4.42;95.82;95.11;1.493;STRONG_UP;2;72.3;3;0
2026.04.15 22:00;26349.00;26391.50;26345.50;26388.00;55.65;37.31;5.10;95.24;92.93;1.425;STRONG_UP;2;72.3;3;0
2026.04.15 20:00;26363.00;26370.25;26332.75;26355.25;52.52;35.94;5.88;94.28;87.27;1.299;STRONG_UP;2;72.3;3;0
2026.04.15 19:00;26302.25;26376.00;26291.50;26362.00;49.55;41.47;6.79;89.28;81.55;1.325;STRONG_UP;2;73.5;3;1
2026.04.15 18:00;26189.25;26314.00;26172.75;26302.25;46.12;36.56;7.83;78.24;79.25;1.095;STRONG_UP;2;71.2;3;1
2026.04.15 17:00;26143.50;26218.75;26135.50;26189.25;43.26;31.81;9.04;77.14;84.83;0.661;SOFT_UP;1;62;2;1
2026.04.15 16:00;26196.25;26250.50;26102.25;26143.25;41.34;36.71;10.43;82.37;87.91;0.484;NEUTRE;0;55.7;2;1
2026.04.15 15:00;26162.25;26214.25;26138.00;26196.00;39.12;38.59;12.04;94.97;84.55;0.687;SOFT_UP;1;65.7;3;1
2026.04.15 14:00;26069.50;26175.25;26048.00;26162.00;37.07;36.66;13.89;86.40;70.52;0.556;SOFT_UP;1;62.5;2;1
2026.04.15 13:00;25988.75;26068.00;25978.75;26067.75;35.84;29.33;16.02;72.28;55.62;0.194;NEUTRE;0;35.8;1;1
2026.04.15 12:00;25996.75;26005.25;25959.75;25988.50;36.84;23.03;18.49;52.87;46.60;-0.111;NEUTRE;0;-24.1;0;1
2026.04.15 11:00;25983.75;26040.75;25972.50;25996.50;40.82;26.57;17.02;41.71;43.37;-0.080;NEUTRE;0;-19.4;0;1
2026.04.15 10:00;25977.00;25996.25;25933.50;25983.50;43.73;20.63;19.64;45.21;45.09;-0.130;NEUTRE;0;-32.2;-1;1
2026.04.15 09:00;26030.25;26036.50;25975.25;25977.00;50.09;23.80;12.43;43.18;38.98;-0.155;NEUTRE;0;-39.8;-1;1
2026.04.15 08:00;26003.25;26036.75;25999.50;26030.25;52.96;27.47;8.25;46.88;32.76;0.050;NEUTRE;0;16.8;0;1
2026.04.15 07:00;25986.75;26007.50;25971.75;26003.25;52.83;19.61;9.52;26.89;28.56;-0.054;NEUTRE;0;-20.5;0;1
2026.04.15 06:00;25977.75;25996.50;25967.25;25986.75;55.62;17.90;10.98;24.51;33.06;-0.117;NEUTRE;0;-43.3;-1;0
2026.04.15 05:00;26012.50;26053.50;25965.50;25977.50;60.50;20.65;12.67;34.29;44.99;-0.153;NEUTRE;0;-56;-2;0
2026.04.15 04:00;26020.75;26024.50;26009.00;26012.25;66.12;23.83;7.02;40.37;57.76;-0.019;NEUTRE;0;-12.9;0;0
2026.04.15 03:00;25994.75;26025.00;25994.00;26020.75;67.91;27.49;8.09;60.31;73.86;0.013;NEUTRE;0;11.8;0;0
2026.04.15 02:00;26037.00;26037.25;25989.75;25994.75;69.97;31.72;9.34;72.61;82.84;-0.086;NEUTRE;0;-64.3;-2;0
2026.04.15 01:00;26017.00;26041.25;26013.00;26037.00;72.35;36.60;3.25;88.67;88.35;0.076;NEUTRE;0;;;0
2026.04.15 00:00;26017.25;26021.25;25994.25;26017.25;70.61;31.34;3.75;87.25;90.19;0.000;NEUTRE;0;;;0
2026.04.14 23:00;25994.75;26034.50;25992.50;26017.50;69.37;36.16;4.32;89.13;91.06;1.692;STRONG_UP;2;74.3;3;0
2026.04.14 22:00;25992.00;26011.25;25983.25;25995.00;67.94;33.21;4.99;94.19;92.08;1.604;STRONG_UP;2;74.2;3;0
2026.04.14 20:00;26000.25;26000.50;25971.25;25990.75;67.03;32.41;5.76;89.84;90.69;1.588;STRONG_UP;2;75.4;3;0
2026.04.14 19:00;25916.75;26001.50;25914.25;25999.75;66.60;37.39;6.64;92.19;91.87;1.623;STRONG_UP;2;76.4;3;1
2026.04.14 18:00;25957.75;25963.25;25885.00;25917.00;66.10;36.40;7.66;90.03;91.85;1.300;STRONG_UP;2;74;3;1
2026.04.14 17:00;25913.50;25968.00;25911.00;25957.25;66.24;42.00;3.73;93.37;91.02;1.457;STRONG_UP;2;76.4;3;1
2026.04.14 16:00;25874.25;25937.00;25872.50;25913.00;63.55;40.10;4.30;92.14;86.42;1.284;STRONG_UP;2;75.6;3;1
2026.04.14 15:00;25805.25;25898.50;25761.75;25874.75;60.92;37.08;4.96;87.55;79.26;1.134;STRONG_UP;2;74.7;3;1
2026.04.14 14:00;25721.00;25817.25;25711.50;25805.00;58.55;33.65;5.73;79.56;71.90;0.862;SOFT_UP;1;71.4;3;1
2026.04.14 13:00;25675.00;25762.25;25650.75;25721.00;56.64;30.82;6.61;70.69;67.49;0.534;SOFT_UP;1;63.3;2;1
2026.04.14 12:00;25667.25;25712.25;25657.00;25675.00;55.41;28.67;7.63;65.45;68.22;0.354;NEUTRE;0;55;2;1
2026.04.14 11:00;25624.25;25691.50;25619.25;25665.50;55.01;27.30;8.80;66.34;72.48;0.317;NEUTRE;0;54.4;2;1
2026.04.14 10:00;25636.25;25654.25;25622.00;25624.50;55.59;23.57;10.15;72.88;77.55;0.156;NEUTRE;0;37;1;1
2026.04.14 09:00;25661.50;25672.75;25631.00;25636.25;58.03;27.19;7.42;78.22;71.76;0.202;NEUTRE;0;47.4;2;1
2026.04.14 08:00;25617.00;25663.00;25609.25;25661.50;58.17;27.78;8.57;81.56;64.69;0.301;NEUTRE;0;61.2;2;1
2026.04.14 07:00;25584.50;25641.75;25581.00;25617.25;58.98;25.98;9.88;55.50;53.43;0.128;NEUTRE;0;41.5;1;1
2026.04.14 06:00;25573.25;25591.75;25563.50;25584.25;61.15;17.31;11.40;57.00;54.80;-0.001;NEUTRE;0;-0.5;0;0
2026.04.14 05:00;25592.50;25597.25;25571.00;25573.00;67.39;19.97;9.07;47.79;53.57;-0.045;NEUTRE;0;-23.5;0;0
2026.04.14 04:00;25582.50;25593.50;25579.75;25592.75;71.99;23.05;5.34;59.62;62.28;0.032;NEUTRE;0;21.2;0;0
2026.04.14 03:00;25595.00;25595.00;25573.75;25582.25;73.46;26.59;6.16;53.29;69.21;-0.009;NEUTRE;0;-8.3;0;0
2026.04.14 02:00;25580.25;25596.25;25574.50;25595.00;75.17;30.69;6.57;73.94;81.34;0.041;NEUTRE;0;44.8;1;0
2026.04.14 01:00;25590.25;25592.25;25570.50;25580.50;76.78;32.58;7.58;80.41;88.32;-0.016;NEUTRE;0;;;0
2026.04.14 00:00;25584.50;25598.50;25559.00;25590.25;79.01;37.59;8.74;89.66;94.18;0.022;NEUTRE;0;;;0
2026.04.13 23:00;25592.75;25617.25;25582.25;25584.25;81.59;43.37;1.03;94.88;96.71;2.408;EXPLOSIVE_UP;3;78.8;3;0
2026.04.13 22:00;25570.00;25595.75;25566.75;25592.75;79.47;40.59;1.19;97.98;95.97;2.442;EXPLOSIVE_UP;3;79.5;3;0
2026.04.13 20:00;25537.75;25582.50;25532.50;25581.50;77.19;39.81;1.38;97.26;93.97;2.397;EXPLOSIVE_UP;3;80.2;3;0
2026.04.13 19:00;25444.00;25549.25;25430.25;25537.75;74.71;35.70;1.59;92.67;91.01;2.222;EXPLOSIVE_UP;3;80;3;1
2026.04.13 18:00;25403.00;25453.25;25395.25;25444.50;72.13;28.78;1.83;91.98;90.65;1.848;STRONG_UP;2;78.6;3;1
2026.04.13 17:00;25409.75;25438.25;25396.00;25403.00;69.68;29.23;2.11;88.38;91.01;1.682;STRONG_UP;2;78.2;3;1
2026.04.13 16:00;25308.25;25433.75;25281.75;25409.50;67.09;32.09;2.44;91.60;93.13;1.708;STRONG_UP;2;79;3;1
2026.04.13 15:00;25350.75;25353.25;25297.50;25308.50;64.20;28.88;2.81;93.06;86.37;1.304;STRONG_UP;2;76.6;3;1
2026.04.13 14:00;25306.25;25356.75;25245.75;25351.25;61.43;33.33;3.25;94.72;74.46;1.475;STRONG_UP;2;78.9;3;1
2026.04.13 13:00;25167.00;25307.75;25156.00;25305.75;58.22;31.66;3.75;71.34;60.58;1.293;STRONG_UP;2;78.3;3;1
2026.04.13 12:00;25089.75;25178.25;25072.75;25167.00;55.05;23.40;4.32;57.32;63.00;0.738;SOFT_UP;1;71.4;3;1
2026.04.13 11:00;25155.25;25193.25;25083.75;25088.25;52.94;27.00;3.38;53.07;66.20;0.422;NEUTRE;0;61.7;2;1
2026.04.13 10:00;25115.00;25156.25;25108.75;25155.50;49.12;25.96;3.91;78.60;72.49;0.691;SOFT_UP;1;73.3;3;1
2026.04.13 09:00;25096.75;25131.50;25096.75;25115.00;45.32;21.94;4.51;66.92;71.41;0.529;NEUTRE;0;70.6;3;1
2026.04.13 08:00;25100.25;25128.50;25088.25;25096.75;42.15;23.99;5.20;71.93;78.06;0.456;NEUTRE;0;70.1;3;1
2026.04.13 07:00;25114.00;25126.75;25087.00;25100.25;38.73;27.01;6.00;75.37;81.84;0.470;NEUTRE;0;72.9;3;1
2026.04.13 06:00;25078.50;25118.00;25077.00;25114.00;34.90;27.77;6.92;86.89;86.25;0.525;NEUTRE;0;76.7;3;0
2026.04.13 05:00;25079.50;25089.00;25059.75;25078.00;31.02;21.17;7.99;83.27;78.25;0.381;NEUTRE;0;74.8;3;0
2026.04.13 04:00;25059.00;25093.50;25050.50;25079.50;28.84;24.42;9.22;88.60;66.66;0.387;NEUTRE;0;77.9;3;0
2026.04.13 03:00;25076.50;25083.00;25053.25;25059.00;26.32;24.42;10.63;62.87;47.80;0.305;NEUTRE;0;78.5;3;0
2026.04.13 02:00;25082.00;25084.00;25056.00;25076.25;24.32;28.18;10.85;48.52;34.21;0.374;NEUTRE;0;83.7;3;0
2026.04.13 01:00;25054.75;25089.00;25051.00;25082.00;21.22;32.52;12.52;32.01;26.21;0.397;NEUTRE;0;;;0
2026.04.13 00:00;24982.75;25054.75;24948.50;25054.50;17.66;23.65;14.44;22.10;25.88;0.287;NEUTRE;0;;;0
2026.04.12 23:00;24955.50;24984.75;24921.25;24982.25;16.66;17.15;16.66;24.53;33.71;0.288;NEUTRE;0;31.2;1;0
2026.04.12 22:00;24910.50;25018.00;24904.00;24956.00;19.00;19.79;19.23;31.01;35.30;0.183;NEUTRE;0;21.9;0;0
2026.04.10 20:00;25283.25;25327.50;25275.75;25325.00;21.69;22.84;8.60;45.58;33.48;0.404;NEUTRE;0;44.3;1;0
2026.04.10 19:00;25260.25;25300.00;25258.25;25283.00;18.07;18.18;9.92;29.32;25.87;0.238;NEUTRE;0;31.2;1;1
2026.04.10 18:00;25271.00;25280.00;25238.75;25260.00;16.33;13.60;11.45;25.55;28.90;0.147;NEUTRE;0;21.6;0;1
2026.04.10 17:00;25264.00;25274.25;25222.25;25271.25;17.52;13.55;13.21;22.75;38.73;0.191;NEUTRE;0;28.5;1;1
2026.04.10 16:00;25263.75;25300.50;25221.50;25263.75;20.02;15.64;15.25;38.39;54.95;0.162;NEUTRE;0;26.1;1;1
2026.04.10 15:00;25351.75;25391.75;25244.25;25263.25;22.90;18.04;13.16;55.05;64.24;0.160;NEUTRE;0;27.3;1;1
2026.04.10 14:00;25308.25;25372.00;25268.00;25351.25;24.02;20.82;12.71;71.42;68.95;0.508;NEUTRE;0;60.3;2;1
2026.04.10 13:00;25303.00;25368.00;25291.25;25318.25;24.00;24.02;11.23;66.23;69.37;0.378;NEUTRE;0;54.6;2;1
2026.04.10 12:00;25267.50;25362.75;25262.50;25303.00;22.10;26.66;12.95;69.20;64.37;0.317;NEUTRE;0;52;2;1
2026.04.10 11:00;25270.25;25300.00;25260.75;25267.25;20.18;21.14;14.95;72.67;52.02;0.175;NEUTRE;0;37.6;1;1
2026.04.10 10:00;25257.25;25282.50;25239.75;25270.75;20.65;17.53;17.24;51.24;32.16;0.189;NEUTRE;0;42.4;1;1
2026.04.10 09:00;25208.00;25272.75;25205.00;25257.50;23.70;16.72;19.90;32.14;20.71;0.137;NEUTRE;0;36.4;1;1
2026.04.10 08:00;25241.00;25242.75;25202.25;25207.75;26.01;12.48;22.96;13.09;21.66;-0.060;NEUTRE;0;-19.9;0;1
2026.04.10 07:00;25227.50;25253.50;25222.00;25240.75;25.45;14.39;18.99;16.89;39.71;0.070;NEUTRE;0;25.8;1;1
2026.04.10 06:00;25261.00;25266.50;25220.50;25227.50;27.25;16.61;21.91;35.02;60.13;0.018;NEUTRE;0;8.3;0;0
2026.04.10 05:00;25268.50;25284.00;25258.25;25261.00;29.33;19.16;12.65;67.23;76.65;0.151;NEUTRE;0;55.6;2;0
2026.04.10 04:00;25289.75;25292.50;25264.50;25268.25;30.69;22.11;10.87;78.16;82.85;0.179;NEUTRE;0;65.2;3;0
2026.04.10 03:00;25272.75;25300.50;25270.25;25290.00;30.17;25.52;9.38;84.55;83.54;0.266;NEUTRE;0;76.9;3;0
2026.04.10 02:00;25283.50;25289.00;25253.25;25272.75;27.70;23.59;10.82;85.84;77.74;0.197;NEUTRE;0;78.2;3;0
2026.04.10 01:00;25269.25;25297.50;25254.50;25283.50;26.25;27.22;11.95;80.25;69.58;0.240;NEUTRE;0;;;0
2026.04.10 00:00;25223.00;25275.00;25205.00;25269.75;24.29;23.36;13.79;67.13;68.43;0.185;NEUTRE;0;;;0
2026.04.09 23:00;25205.75;25234.00;25192.25;25222.50;24.07;17.94;15.91;61.36;72.65;0.790;SOFT_UP;1;59;2;0
2026.04.09 22:00;25232.00;25253.50;25202.00;25205.75;26.85;20.70;14.77;76.79;80.05;0.723;SOFT_UP;1;57.8;2;0
2026.04.09 20:00;25248.25;25253.00;25219.25;25234.75;28.40;23.89;11.88;79.79;80.87;0.839;SOFT_UP;1;63.8;2;0
2026.04.09 19:00;25179.00;25267.75;25174.75;25248.00;27.61;27.56;13.71;83.56;83.17;0.892;SOFT_UP;1;66.2;3;1
2026.04.09 18:00;25225.50;25230.25;25146.75;25179.00;26.70;25.60;15.82;79.25;81.73;0.616;SOFT_UP;1;58.9;2;1
2026.04.09 17:00;25195.75;25255.50;25187.00;25225.50;27.17;29.54;10.84;86.71;79.09;0.802;SOFT_UP;1;66.3;3;1
2026.04.09 16:00;25189.00;25263.00;25160.75;25195.75;24.23;34.08;12.51;79.24;68.78;0.683;SOFT_UP;1;64.2;2;1
2026.04.09 15:00;25039.75;25195.75;25015.25;25188.50;20.83;29.21;14.43;71.31;63.47;0.654;SOFT_UP;1;64.6;2;1
2026.04.09 14:00;25032.00;25054.00;24959.75;25039.75;18.83;21.62;16.65;55.78;59.51;0.060;NEUTRE;0;11.7;0;1
2026.04.09 13:00;25027.50;25108.00;25005.00;25031.75;19.73;24.94;11.83;63.33;59.72;0.028;NEUTRE;0;5.9;0;1
2026.04.09 12:00;25028.75;25061.25;25016.00;25027.75;17.28;21.80;13.65;59.44;50.75;0.012;NEUTRE;0;2.8;0;1
2026.04.09 11:00;24983.00;25037.25;24976.00;25028.75;16.40;16.99;15.75;56.38;42.37;0.016;NEUTRE;0;4;0;1
2026.04.09 10:00;25015.75;25025.75;24980.50;24983.00;18.34;16.72;18.17;36.43;34.37;-0.167;NEUTRE;0;-38.9;-1;1
2026.04.09 09:00;24971.50;25017.25;24963.25;25015.75;20.52;16.40;20.97;34.30;39.06;-0.036;NEUTRE;0;-11;0;1
2026.04.09 08:00;24984.50;25002.25;24951.75;24971.25;21.80;14.65;24.19;32.38;48.67;-0.214;NEUTRE;0;-52.3;-2;1
2026.04.09 07:00;25039.00;25047.25;24964.25;24984.50;21.37;16.90;24.11;50.50;56.80;-0.161;NEUTRE;0;-48.1;-2;1
2026.04.09 06:00;25028.00;25056.75;25016.25;25038.00;21.96;19.51;18.18;63.13;57.85;0.053;NEUTRE;0;23.1;0;0
2026.04.09 05:00;25012.75;25045.50;24993.25;25028.00;24.80;18.23;20.97;56.77;52.77;0.013;NEUTRE;0;7.2;0;0
2026.04.09 04:00;25017.75;25022.25;25006.00;25013.00;27.54;14.19;24.20;53.66;49.13;-0.047;NEUTRE;0;-29.6;-1;0
2026.04.09 03:00;25029.50;25036.00;25007.75;25017.75;27.76;16.38;26.27;47.88;45.38;-0.028;NEUTRE;0;-24.3;0;0
2026.04.09 02:00;25021.50;25048.00;25021.25;25029.50;28.46;18.89;22.96;45.85;43.99;0.019;NEUTRE;0;24.7;0;0
2026.04.09 01:00;25010.50;25024.00;24979.75;25022.00;31.35;8.00;26.49;42.42;43.46;-0.011;NEUTRE;0;;;0
2026.04.09 00:00;25024.75;25033.75;24998.00;25010.50;27.93;9.23;24.22;43.70;46.35;-0.057;NEUTRE;0;;;0
2026.04.08 23:00;25033.25;25053.75;25021.75;25024.75;25.33;10.65;17.72;44.24;45.08;-0.099;NEUTRE;0;-11.8;0;0
2026.04.08 22:00;25055.50;25063.00;25012.00;25033.50;25.39;12.29;20.45;51.09;44.73;-0.064;NEUTRE;0;-8;0;0
2026.04.08 20:00;25078.50;25094.00;25034.75;25041.00;25.46;14.18;16.73;39.91;43.13;-0.034;NEUTRE;0;-4.7;0;0
2026.04.08 19:00;24952.00;25086.00;24942.50;25080.00;28.10;14.28;19.31;43.19;47.95;0.122;NEUTRE;0;17.3;0;1
2026.04.08 18:00;25092.75;25130.50;24948.00;24952.50;30.13;16.48;21.69;46.28;48.13;-0.387;NEUTRE;0;-46.1;-2;1
2026.04.08 17:00;25141.00;25155.00;25064.50;25092.75;32.66;19.01;15.20;54.37;41.84;0.173;NEUTRE;0;26.2;1;1
2026.04.08 16:00;25077.50;25156.25;25062.25;25140.75;35.97;21.94;17.54;43.73;32.01;0.364;NEUTRE;0;47.7;2;1
2026.04.08 15:00;24991.75;25088.00;24978.25;25077.75;39.79;14.14;20.24;27.41;30.76;0.113;NEUTRE;0;20;0;1
2026.04.08 14:00;25080.75;25103.25;24926.00;24991.75;43.19;16.32;23.35;24.89;43.33;-0.231;NEUTRE;0;-38.6;-1;1
2026.04.08 13:00;25212.00;25247.75;25066.25;25081.25;47.10;18.83;14.77;39.98;56.75;0.127;NEUTRE;0;25.3;1;1
2026.04.08 12:00;25208.50;25255.50;25154.25;25212.25;52.49;21.73;9.59;65.11;68.18;0.650;SOFT_UP;1;69.1;3;1
2026.04.08 11:00;25203.00;25233.75;25179.50;25208.25;54.60;25.07;7.23;65.18;69.59;0.634;SOFT_UP;1;70.3;3;1
2026.04.08 10:00;25198.25;25230.75;25184.50;25203.00;54.50;28.93;6.92;74.26;71.95;0.613;SOFT_UP;1;71.4;3;1
2026.04.08 09:00;25213.50;25243.75;25183.50;25199.25;53.44;33.38;7.98;69.34;72.22;0.598;SOFT_UP;1;72.7;3;1
2026.04.08 08:00;25140.75;25219.50;25133.50;25213.50;52.22;32.32;9.21;72.26;77.09;0.655;SOFT_UP;1;75.8;3;1
2026.04.08 07:00;25169.50;25188.75;25135.00;25140.75;51.69;31.79;10.63;75.07;82.94;0.364;NEUTRE;0;68.3;3;1
2026.04.08 06:00;25190.00;25200.25;25160.50;25169.50;51.97;36.68;4.97;83.95;89.81;0.479;NEUTRE;0;75.5;3;0
2026.04.08 05:00;25123.75;25193.50;25117.50;25190.00;48.25;39.71;5.73;89.81;94.55;0.561;SOFT_UP;1;79.6;3;0
2026.04.08 04:00;25101.50;25155.25;25101.50;25123.75;44.16;38.08;6.61;95.65;97.48;0.296;NEUTRE;0;74.4;3;0
2026.04.08 03:00;25110.00;25117.50;25085.75;25101.50;40.13;33.13;7.63;98.19;98.09;0.208;NEUTRE;0;73.4;3;0
2026.04.08 02:00;25093.00;25110.25;25090.50;25110.00;36.67;34.72;8.80;98.60;97.95;0.242;NEUTRE;0;80.3;3;0
2026.04.08 01:00;25079.00;25107.75;25046.50;25093.00;33.15;38.11;10.15;97.49;97.00;0.174;NEUTRE;0;;;0
2026.04.08 00:00;25049.50;25100.00;25007.00;25079.75;29.34;42.03;11.72;97.75;96.40;0.121;NEUTRE;0;;;0
2026.04.07 23:00;24912.50;25084.50;24912.25;25049.50;25.18;45.93;13.52;95.76;89.78;3.092;EXPLOSIVE_UP;3;81.3;3;0
2026.04.07 22:00;24597.75;24921.50;24365.25;24912.25;20.67;38.43;15.60;95.69;82.99;2.527;EXPLOSIVE_UP;3;79.8;3;0
2026.04.07 20:00;24369.25;24448.75;24345.50;24398.50;17.35;31.27;18.00;77.90;72.88;0.413;NEUTRE;0;45;1;0
2026.04.07 19:00;24100.75;24379.75;24082.25;24367.75;15.87;25.80;20.77;75.38;68.79;0.286;NEUTRE;0;36.1;1;1
2026.04.07 18:00;24224.75;24237.00;24076.00;24100.75;16.65;22.39;23.96;65.35;56.72;-0.813;SOFT_DOWN;-1;-65.4;-3;1
2026.04.07 17:00;24200.75;24296.50;24169.25;24224.75;18.69;25.83;18.74;65.63;40.67;-0.302;NEUTRE;0;-40.7;-1;1
2026.04.07 16:00;24107.50;24239.25;24104.50;24200.75;19.12;22.89;21.62;39.18;22.07;-0.401;NEUTRE;0;-50.5;-2;1
2026.04.07 15:00;24007.50;24130.50;23940.75;24107.00;21.62;13.99;24.95;17.22;13.61;-0.787;SOFT_DOWN;-1;-68.5;-3;1
2026.04.07 14:00;24119.75;24141.75;23993.50;24008.50;20.62;16.14;24.51;9.81;13.56;-1.192;STRONG_DOWN;-2;-76.4;-3;1
2026.04.07 13:00;24214.00;24301.50;24117.50;24120.00;20.63;18.63;15.42;13.81;21.40;-0.734;SOFT_DOWN;-1;-69.9;-3;1
2026.04.07 12:00;24209.25;24277.00;24134.25;24214.00;22.35;19.44;17.79;17.05;35.71;-0.347;NEUTRE;0;-54.4;-2;1
2026.04.07 11:00;24202.25;24255.75;24177.00;24209.25;25.10;22.43;15.92;33.33;58.13;-0.366;NEUTRE;0;-58.2;-2;1
2026.04.07 10:00;24385.00;24398.25;24184.25;24202.25;26.35;25.89;16.95;56.74;74.95;-0.395;NEUTRE;0;-62.4;-2;1
2026.04.07 09:00;24358.75;24419.25;24351.25;24384.25;27.19;29.87;7.55;84.32;77.56;0.354;NEUTRE;0;62.3;2;1
2026.04.07 08:00;24245.25;24381.25;24245.00;24358.75;22.20;25.87;8.71;83.79;67.65;0.249;NEUTRE;0;56.4;2;1
2026.04.07 07:00;24241.00;24254.00;24208.25;24245.25;17.98;15.48;10.05;64.56;53.59;-0.218;NEUTRE;0;-56.4;-2;1
2026.04.07 06:00;24226.00;24243.25;24206.25;24241.00;17.48;14.24;11.60;54.60;43.55;-0.236;NEUTRE;0;-62.3;-2;0
2026.04.07 05:00;24245.75;24258.00;24203.50;24226.50;18.59;16.43;13.38;41.62;32.30;-0.295;NEUTRE;0;-70.7;-3;0
2026.04.07 04:00;24219.50;24261.25;24197.50;24245.75;19.87;18.96;15.44;34.44;23.99;-0.216;NEUTRE;0;-69.1;-3;0
2026.04.07 03:00;24210.25;24229.50;24192.00;24219.50;21.36;14.22;17.82;20.83;18.88;-0.324;NEUTRE;0;-79.2;-3;0
2026.04.07 02:00;24176.25;24219.25;24151.75;24210.50;22.91;12.20;20.56;16.69;26.00;-0.361;NEUTRE;0;-83.5;-3;0
2026.04.07 01:00;24301.50;24309.50;24167.25;24176.00;22.51;14.08;20.19;19.11;40.72;-0.503;NEUTRE;0;;;0
2026.04.07 00:00;24298.25;24357.00;24277.25;24301.25;23.23;16.24;11.40;42.20;60.14;0.012;NEUTRE;0;;;0
2026.04.06 23:00;24301.75;24329.75;24297.50;24299.00;24.11;13.48;13.15;60.86;71.61;0.867;SOFT_UP;1;61.3;2;0
2026.04.06 22:00;24357.25;24381.50;24299.25;24301.50;27.63;15.56;14.34;77.37;69.75;0.877;SOFT_UP;1;62.6;2;0
2026.04.06 20:00;24362.00;24368.75;24333.25;24344.25;31.25;17.95;10.18;76.61;56.76;1.054;SOFT_UP;1;68.6;3;0
2026.04.06 19:00;24351.00;24371.50;24325.25;24361.75;31.81;20.71;11.75;55.27;41.27;1.127;STRONG_UP;2;70.8;3;1
2026.04.06 18:00;24262.75;24361.75;24244.75;24350.25;32.45;20.66;13.56;38.39;33.56;1.079;STRONG_UP;2;71;3;1
2026.04.06 17:00;24307.75;24332.00;24202.50;24262.75;34.25;19.93;15.64;30.15;38.24;0.716;SOFT_UP;1;63.9;2;1
2026.04.06 16:00;24323.25;24345.25;24282.25;24306.50;37.67;22.99;8.58;32.15;45.70;0.898;SOFT_UP;1;69.8;3;1
2026.04.06 15:00;24305.50;24336.00;24252.00;24322.75;36.44;24.27;9.89;52.42;55.69;0.965;SOFT_UP;1;72.2;3;1
2026.04.06 14:00;24411.00;24450.25;24262.00;24305.25;35.57;28.00;9.59;52.53;54.12;0.892;SOFT_UP;1;72;3;1
2026.04.06 13:00;24305.75;24409.50;24245.75;24409.50;33.51;28.98;11.06;62.12;56.06;1.325;STRONG_UP;2;78.5;3;1
2026.04.06 12:00;24305.00;24336.50;24287.25;24305.25;31.77;26.58;12.76;47.70;58.75;0.892;SOFT_UP;1;74.5;3;1
2026.04.06 11:00;24313.25;24315.25;24281.50;24305.00;31.26;24.03;14.72;58.38;70.19;0.891;SOFT_UP;1;75.7;3;1
2026.04.06 10:00;24336.00;24357.75;24266.75;24313.25;32.37;27.73;16.99;70.18;77.55;0.926;SOFT_UP;1;77.4;3;1
2026.04.06 09:00;24368.50;24396.75;24330.50;24334.75;33.66;31.99;8.83;82.02;76.81;1.015;SOFT_UP;1;79.6;3;1
2026.04.06 08:00;24308.00;24391.50;24308.00;24368.50;30.11;35.70;10.18;80.46;69.90;1.155;STRONG_UP;2;81.9;3;1
2026.04.06 07:00;24254.75;24324.25;24206.75;24308.25;26.18;28.80;11.75;67.96;63.22;0.905;SOFT_UP;1;80.9;3;1
2026.04.06 06:00;24231.25;24288.25;24215.00;24254.75;23.74;28.52;13.56;61.27;62.75;0.683;SOFT_UP;1;79.7;3;0
2026.04.06 05:00;24251.75;24266.75;24211.75;24231.25;21.93;28.39;15.64;60.43;65.77;0.585;SOFT_UP;1;80;3;0
2026.04.06 04:00;24211.25;24259.50;24206.50;24251.50;20.85;30.73;18.05;66.56;72.77;0.669;SOFT_UP;1;83;3;0
2026.04.06 03:00;24221.25;24228.50;24137.50;24211.00;20.06;26.45;20.83;70.33;74.61;0.501;NEUTRE;0;82.9;3;0
2026.04.06 02:00;24191.75;24325.00;24186.75;24222.25;21.32;30.52;15.71;81.41;69.92;0.548;SOFT_UP;1;85.7;3;0
2026.04.06 01:00;24207.75;24238.50;24183.25;24191.75;19.66;25.59;18.12;72.08;53.77;0.421;NEUTRE;0;;;0
2026.04.06 00:00;24090.25;24213.75;24086.75;24207.75;20.06;22.64;20.91;56.27;37.70;0.488;NEUTRE;0;;;0
2026.04.05 23:00;24078.00;24091.25;24040.00;24090.50;22.54;11.28;24.13;32.96;22.08;-0.005;NEUTRE;0;-0.6;0;0
2026.04.05 22:00;24091.75;24096.25;23980.25;24078.00;20.42;13.02;27.84;23.88;16.94;-0.057;NEUTRE;0;-7.1;0;0
2026.04.03 18:00;24122.75;24122.75;24122.75;24122.75;17.99;15.02;16.74;9.39;16.77;-0.368;NEUTRE;0;-44.7;-1;1
2026.04.03 13:00;24115.25;24135.50;24104.50;24122.75;19.92;17.33;19.31;17.56;26.78;-0.368;NEUTRE;0;-53.9;-2;1
2026.04.03 12:00;24149.50;24250.50;24111.25;24115.25;22.15;20.00;18.94;23.34;31.55;-0.399;NEUTRE;0;-58.1;-2;1
2026.04.03 11:00;24137.50;24158.25;24112.25;24149.50;25.14;12.89;21.85;39.45;36.21;-0.257;NEUTRE;0;-48.5;-2;1
2026.04.03 10:00;24138.25;24143.50;24126.50;24137.75;25.04;9.93;25.21;31.86;35.04;-0.306;NEUTRE;0;-56;-2;1
2026.04.03 09:00;24148.25;24152.50;24130.25;24138.25;22.20;11.46;25.70;37.34;36.15;-0.304;NEUTRE;0;-58.5;-2;1
2026.04.03 08:00;24153.00;24165.75;24141.25;24148.25;19.73;13.23;22.04;35.93;31.67;-0.262;NEUTRE;0;-57.7;-2;1
2026.04.03 07:00;24151.75;24162.00;24119.25;24152.75;18.92;12.91;25.44;35.16;26.89;-0.244;NEUTRE;0;-59.3;-2;1
2026.04.03 06:00;24179.25;24182.50;24138.25;24151.75;16.80;14.89;22.51;23.92;21.80;-0.248;NEUTRE;0;-63.4;-2;0
2026.04.03 05:00;24166.00;24192.00;24158.25;24179.75;16.25;17.18;19.02;21.58;21.47;-0.132;NEUTRE;0;-51.9;-2;0
2026.04.03 04:00;24165.25;24181.50;24156.00;24166.00;17.97;15.04;21.95;19.89;29.84;-0.189;NEUTRE;0;-66.4;-3;0
2026.04.03 03:00;24179.25;24190.75;24160.00;24165.50;17.86;17.35;22.91;22.93;45.99;-0.191;NEUTRE;0;-72;-3;0
2026.04.03 02:00;24196.50;24204.25;24149.75;24179.50;18.49;20.02;26.43;46.70;65.47;-0.133;NEUTRE;0;-72.7;-3;0
2026.04.03 01:00;24224.75;24230.00;24195.00;24196.25;19.21;23.11;17.73;68.34;78.42;-0.064;NEUTRE;0;;;0
2026.04.03 00:00;24211.75;24253.25;24211.50;24224.50;20.14;26.66;13.20;81.35;85.48;0.053;NEUTRE;0;;;0
2026.04.02 23:00;24202.25;24215.00;24188.25;24211.50;18.04;16.67;15.23;85.56;85.25;0.120;NEUTRE;0;14.2;0;0
2026.04.02 22:00;24201.00;24217.00;24176.75;24202.25;20.12;19.23;17.58;89.53;81.51;0.082;NEUTRE;0;10.2;0;0
2026.04.02 20:00;24220.25;24232.75;24199.00;24214.00;22.53;22.19;11.78;80.66;75.90;0.130;NEUTRE;0;17.5;0;0
2026.04.02 19:00;24139.25;24224.50;24134.00;24220.00;21.28;21.84;13.59;74.33;74.16;0.155;NEUTRE;0;21.5;0;1
2026.04.02 18:00;24090.50;24163.50;24090.50;24139.00;20.97;14.83;15.68;72.71;76.17;-0.180;NEUTRE;0;-25.8;-1;1
2026.04.02 17:00;24120.00;24180.25;24062.50;24089.50;23.77;17.11;18.09;75.45;80.10;-0.385;NEUTRE;0;-47.6;-2;1
2026.04.02 16:00;24134.50;24174.50;24057.00;24120.25;27.00;19.00;20.87;80.35;80.27;-0.257;NEUTRE;0;-37.9;-1;1
2026.04.02 15:00;24174.00;24212.25;24088.25;24135.00;30.43;21.92;19.99;84.51;68.22;-0.196;NEUTRE;0;-32.3;-1;1
2026.04.02 14:00;23897.00;24259.75;23858.25;24173.75;34.40;25.29;23.07;75.94;47.36;-0.036;NEUTRE;0;-7.1;0;1
2026.04.02 13:00;23724.50;23906.50;23677.75;23896.00;38.99;15.65;26.62;44.21;32.11;-1.185;STRONG_DOWN;-2;-77.2;-3;1
2026.04.02 12:00;23682.25;23756.50;23665.75;23724.50;40.99;7.97;30.71;21.92;36.27;-1.894;STRONG_DOWN;-2;-82.5;-3;1
2026.04.02 11:00;23812.00;23820.50;23681.75;23682.00;38.25;9.19;32.73;30.20;52.82;-2.070;EXPLOSIVE_DOWN;-3;-83.7;-3;1
2026.04.02 10:00;23829.00;23839.50;23774.50;23811.00;35.49;10.61;27.48;56.69;61.44;-1.536;STRONG_DOWN;-2;-82.3;-3;1
2026.04.02 09:00;23833.25;23858.50;23817.50;23829.00;34.14;12.24;21.53;71.55;50.16;-1.462;STRONG_DOWN;-2;-82.7;-3;1
2026.04.02 08:00;23878.00;23880.50;23821.50;23833.25;35.16;14.12;23.34;56.08;28.45;-1.444;STRONG_DOWN;-2;-83.5;-3;1
2026.04.02 07:00;23814.75;23880.00;23794.50;23877.50;36.78;16.16;26.93;22.85;10.15;-1.261;STRONG_DOWN;-2;-83.5;-3;1
2026.04.02 06:00;23755.75;23817.50;23751.00;23814.50;38.59;7.40;31.07;6.42;3.66;-1.522;STRONG_DOWN;-2;-85.3;-3;0
2026.04.02 05:00;23802.50;23824.75;23753.75;23755.75;35.07;8.54;35.22;1.19;3.38;-1.765;STRONG_DOWN;-2;-86.6;-3;0
2026.04.02 04:00;23820.25;23840.25;23794.25;23802.50;31.08;9.85;31.86;3.37;8.70;-1.571;STRONG_DOWN;-2;-87;-3;0
2026.04.02 03:00;23883.75;23892.75;23814.00;23820.00;27.75;11.37;30.15;5.57;17.38;-1.499;STRONG_DOWN;-2;-87.6;-3;0
2026.04.02 02:00;23939.00;23965.25;23855.25;23883.75;25.06;13.12;26.73;17.15;28.70;-1.235;STRONG_DOWN;-2;-88.1;-3;0
2026.04.02 01:00;24235.25;24238.00;23911.50;23941.25;23.66;15.14;22.98;29.42;32.48;-0.998;SOFT_DOWN;-1;;;0
2026.04.02 00:00;24182.50;24244.50;24153.50;24235.50;24.13;17.47;15.11;39.53;32.00;0.219;NEUTRE;0;;;0
2026.04.01 23:00;24168.75;24201.50;24159.00;24182.25;26.73;12.88;17.44;28.48;28.22;0.611;SOFT_UP;1;52.1;2;0
2026.04.01 22:00;24174.50;24203.25;24156.75;24168.75;28.54;14.87;20.12;27.98;34.12;0.554;SOFT_UP;1;50.6;2;0
2026.04.01 20:00;24199.00;24214.50;24175.75;24190.00;30.62;17.15;16.93;28.21;47.00;0.643;SOFT_UP;1;57.3;2;0
2026.04.01 19:00;24158.00;24251.50;24153.00;24200.25;35.23;19.79;19.54;46.15;66.99;0.685;SOFT_UP;1;60.2;2;1
2026.04.01 18:00;24265.50;24272.00;24124.00;24158.25;40.55;22.84;22.54;66.65;83.57;0.511;NEUTRE;0;53.9;2;1
2026.04.01 17:00;24318.00;24346.75;24264.75;24265.50;46.68;26.35;11.38;88.17;88.39;0.957;SOFT_UP;1;69.8;3;1
2026.04.01 16:00;24312.75;24329.75;24287.25;24318.00;47.76;30.41;8.91;95.89;77.75;1.175;STRONG_UP;2;74.3;3;1
2026.04.01 15:00;24259.00;24325.25;24229.50;24312.50;46.69;33.45;10.28;81.12;63.53;1.152;STRONG_UP;2;74.9;3;1
2026.04.01 14:00;24114.75;24268.50;24107.25;24259.50;45.72;29.48;11.86;56.23;56.50;0.932;SOFT_UP;1;72.8;3;1
2026.04.01 13:00;24060.25;24192.75;24036.00;24115.00;46.20;26.79;13.68;53.24;60.33;0.331;NEUTRE;0;50.9;2;1
2026.04.01 12:00;24189.50;24235.75;24048.75;24059.75;48.32;30.91;14.54;60.04;59.48;0.101;NEUTRE;0;22.2;0;1
2026.04.01 11:00;24126.00;24204.00;24121.75;24188.75;50.21;35.67;10.77;67.71;54.69;0.638;SOFT_UP;1;70.4;3;1
2026.04.01 10:00;24068.00;24138.50;24049.25;24126.00;49.69;28.91;12.42;50.70;54.00;0.377;NEUTRE;0;61.3;2;1
2026.04.01 09:00;24069.50;24089.50;24002.75;24067.75;51.19;24.91;14.33;45.67;61.86;0.134;NEUTRE;0;35.8;1;1
2026.04.01 08:00;24076.75;24105.75;24026.50;24069.50;54.93;28.74;12.33;65.62;74.08;0.141;NEUTRE;0;40.5;1;1
2026.04.01 07:00;24167.75;24178.50;24074.25;24076.75;57.23;33.16;4.95;74.29;71.28;0.172;NEUTRE;0;49.9;2;1
2026.04.01 06:00;24040.50;24175.50;24037.75;24167.50;54.65;37.82;5.72;82.33;61.83;0.549;SOFT_UP;1;77.3;3;0
2026.04.01 05:00;24011.75;24072.00;24006.25;24039.75;51.71;32.08;6.60;57.22;50.59;0.018;NEUTRE;0;9.9;0;0
2026.04.01 04:00;23980.75;24021.00;23977.75;24011.50;49.53;25.08;7.61;45.94;54.60;-0.100;NEUTRE;0;-50.4;-2;0
2026.04.01 03:00;23965.75;23991.50;23963.25;23980.75;48.93;18.44;8.78;48.62;68.11;-0.228;NEUTRE;0;-74.8;-3;0
2026.04.01 02:00;23976.50;23994.50;23955.25;23965.75;51.00;21.28;10.13;69.24;83.61;-0.290;NEUTRE;0;-81.9;-3;0
2026.04.01 01:00;24035.00;24041.00;23966.25;23976.25;53.38;24.55;7.38;86.46;90.76;-0.247;NEUTRE;0;;;0
2026.04.01 00:00;24035.50;24047.00;23991.50;24034.75;53.32;28.33;3.32;95.13;91.51;-0.003;NEUTRE;0;;;0
2026.03.31 23:00;23957.50;24044.50;23942.25;24035.75;49.37;32.00;3.83;90.68;89.89;4.303;EXPLOSIVE_UP;3;83.7;3;0
2026.03.31 22:00;23905.00;23971.75;23905.00;23957.50;44.87;25.97;4.42;88.70;88.87;3.963;EXPLOSIVE_UP;3;83.5;3;0
2026.03.31 20:00;23911.25;23944.50;23869.00;23897.00;40.86;24.36;5.10;90.29;88.01;3.700;EXPLOSIVE_UP;3;83.6;3;0
2026.03.31 19:00;23854.75;23971.50;23833.00;23910.50;37.08;28.11;5.88;87.63;83.14;3.759;EXPLOSIVE_UP;3;84;3;1
2026.03.31 18:00;23759.00;23870.00;23759.00;23854.75;32.73;21.16;6.79;86.11;76.31;3.517;EXPLOSIVE_UP;3;84;3;1
2026.03.31 17:00;23773.75;23874.50;23746.75;23759.75;29.85;24.41;7.83;75.67;70.22;3.105;EXPLOSIVE_UP;3;83.5;3;1
2026.03.31 16:00;23445.00;23856.25;23435.50;23773.75;26.53;25.97;9.04;67.15;68.88;3.166;EXPLOSIVE_UP;3;84;3;1
2026.03.31 15:00;23408.00;23557.50;23407.00;23445.00;23.17;19.04;10.43;67.83;74.53;1.739;STRONG_UP;2;79.9;3;1
2026.03.31 14:00;23566.00;23585.00;23376.25;23408.00;22.23;21.97;12.03;71.64;71.50;1.578;STRONG_UP;2;79.6;3;1
2026.03.31 13:00;23368.00;23570.00;23356.75;23564.25;21.15;24.25;13.88;84.12;64.69;2.257;EXPLOSIVE_UP;3;83.2;3;1
2026.03.31 12:00;23358.25;23434.00;23310.50;23368.00;20.23;18.16;16.02;58.73;50.69;1.405;STRONG_UP;2;80;3;1
2026.03.31 11:00;23284.00;23395.75;23262.25;23358.25;22.37;16.19;18.48;51.23;51.10;1.363;STRONG_UP;2;80.5;3;1
2026.03.31 10:00;23305.75;23331.00;23237.25;23283.25;24.80;11.22;21.32;42.09;52.50;1.037;SOFT_UP;1;78.7;3;1
2026.03.31 09:00;23310.50;23350.00;23293.00;23305.00;23.84;12.95;15.45;59.96;58.34;1.132;STRONG_UP;2;80.7;3;1
2026.03.31 08:00;23368.00;23389.00;23293.00;23310.50;26.15;14.94;17.83;55.44;59.00;1.155;STRONG_UP;2;81.9;3;1
2026.03.31 07:00;23290.25;23370.00;23237.25;23368.75;28.82;14.20;20.57;59.62;65.03;1.408;STRONG_UP;2;84.1;3;1
2026.03.31 06:00;23310.00;23317.50;23264.25;23290.75;30.43;10.30;23.74;61.94;71.89;1.070;SOFT_UP;1;83.4;3;0
2026.03.31 05:00;23282.50;23337.50;23233.25;23308.75;29.04;11.88;27.39;73.54;79.52;1.148;STRONG_UP;2;84.9;3;0
2026.03.31 04:00;23317.50;23341.25;23277.75;23282.50;27.43;13.71;25.04;80.20;82.83;1.034;SOFT_UP;1;85.4;3;0
2026.03.31 03:00;23344.75;23396.25;23311.75;23317.75;27.15;15.82;20.65;84.83;78.55;1.187;STRONG_UP;2;87;3;0
2026.03.31 02:00;23338.25;23402.00;23321.75;23344.50;29.29;18.25;22.01;83.47;64.37;1.303;STRONG_UP;2;88.2;3;0
2026.03.31 01:00;23200.00;23396.00;23159.25;23338.50;32.35;19.91;25.40;67.36;43.57;1.277;STRONG_UP;2;;;0
2026.03.31 00:00;23044.25;23282.00;22962.25;23199.75;35.47;15.56;29.30;42.28;29.49;0.675;SOFT_UP;1;;;0
2026.03.30 23:00;23099.25;23099.25;23022.50;23043.75;36.21;9.17;33.81;21.06;21.32;-0.355;NEUTRE;0;-36.8;-1;0
2026.03.30 22:00;23130.50;23145.50;23097.00;23099.25;32.96;10.58;24.08;25.13;19.06;-0.115;NEUTRE;0;-14.2;0;0
2026.03.30 20:00;23135.25;23142.75;23090.75;23101.00;32.04;11.33;27.79;17.76;13.18;-0.107;NEUTRE;0;-14.5;0;0
2026.03.30 19:00;23119.50;23163.75;23023.75;23134.50;30.50;13.07;32.06;14.29;13.54;0.038;NEUTRE;0;5.5;0;1
2026.03.30 18:00;23209.75;23211.75;23114.25;23119.50;28.72;15.09;27.05;7.47;18.30;-0.027;NEUTRE;0;-4.2;0;1
2026.03.30 17:00;23287.00;23305.25;23168.75;23210.00;28.77;17.41;22.61;18.86;24.73;0.364;NEUTRE;0;46;2;1
2026.03.30 16:00;23373.25;23379.25;23266.75;23287.25;31.20;20.08;15.04;28.58;29.51;0.698;SOFT_UP;1;64.7;2;1
2026.03.30 15:00;23376.75;23435.25;23281.50;23373.75;33.79;23.17;15.34;26.74;31.82;1.072;SOFT_UP;1;73.9;3;1
2026.03.30 14:00;23301.50;23381.00;23261.75;23377.25;35.85;21.31;17.70;33.20;42.63;1.088;STRONG_UP;2;75.1;3;1
2026.03.30 13:00;23505.25;23536.50;23292.00;23301.25;39.95;24.59;16.52;35.51;50.48;0.759;SOFT_UP;1;70.5;3;1
2026.03.30 12:00;23457.50;23522.00;23436.50;23505.00;43.07;28.37;9.97;59.18;64.39;1.640;STRONG_UP;2;81.4;3;1
2026.03.30 11:00;23410.00;23567.00;23405.50;23457.50;42.31;32.74;11.50;56.76;72.86;1.435;STRONG_UP;2;81;3;1
2026.03.30 10:00;23402.25;23415.00;23372.50;23410.00;41.44;23.30;13.27;77.22;84.33;1.229;STRONG_UP;2;80.5;3;1
2026.03.30 09:00;23442.00;23449.25;23389.00;23402.25;43.59;26.88;9.34;84.59;88.78;1.196;STRONG_UP;2;81.2;3;1
2026.03.30 08:00;23395.50;23448.00;23372.50;23442.00;42.85;30.70;10.78;91.18;90.42;1.368;STRONG_UP;2;83.1;3;1
2026.03.30 07:00;23388.75;23412.50;23358.50;23396.25;42.06;28.18;12.44;90.57;90.50;1.170;STRONG_UP;2;83;3;1
2026.03.30 06:00;23344.50;23413.50;23336.00;23388.75;42.56;32.52;14.35;89.50;90.28;1.137;STRONG_UP;2;83.8;3;0
2026.03.30 05:00;23319.00;23360.25;23318.25;23344.75;43.14;26.95;16.56;91.43;85.19;0.947;SOFT_UP;1;83.8;3;0
2026.03.30 04:00;23294.50;23353.00;23287.25;23319.25;46.11;28.44;19.10;89.90;70.38;0.837;SOFT_UP;1;84.4;3;0
2026.03.30 03:00;23251.50;23304.75;23249.25;23294.25;50.18;21.53;22.04;74.24;48.06;0.729;SOFT_UP;1;85.1;3;0
2026.03.30 02:00;23200.00;23272.75;23194.00;23251.25;57.71;15.97;25.43;46.99;28.50;0.543;SOFT_UP;1;85.6;3;0
2026.03.30 01:00;23149.00;23207.75;23134.50;23199.75;63.08;5.73;29.35;22.94;16.89;0.320;NEUTRE;0;;;0
2026.03.30 00:00;23125.75;23260.75;23093.25;23149.00;62.42;6.61;33.86;15.56;13.74;0.101;NEUTRE;0;;;0
2026.03.29 23:00;23206.00;23222.00;23107.50;23126.25;61.67;4.07;39.07;12.16;11.42;-0.180;NEUTRE;0;-20.7;0;0
2026.03.29 22:00;23168.00;23240.75;23134.25;23206.75;58.67;4.70;41.49;13.49;9.66;0.167;NEUTRE;0;20.2;0;0
2026.03.27 20:00;23308.25;23329.25;23231.75;23262.50;55.44;5.42;36.17;8.61;7.52;-2.572;EXPLOSIVE_DOWN;-3;-80.9;-3;0
2026.03.27 19:00;23338.50;23359.25;23268.50;23307.75;52.60;6.25;35.94;6.87;11.20;-2.382;EXPLOSIVE_DOWN;-3;-80.6;-3;1
2026.03.27 18:00;23358.25;23394.50;23327.00;23338.50;49.86;7.21;31.55;7.07;17.75;-2.253;EXPLOSIVE_DOWN;-3;-80.6;-3;1
2026.03.27 17:00;23473.00;23526.00;23345.00;23358.75;47.88;8.32;32.30;19.65;22.20;-2.168;EXPLOSIVE_DOWN;-3;-80.8;-3;1
2026.03.27 16:00;23548.50;23556.00;23443.25;23472.75;46.16;9.60;28.92;26.54;18.92;-1.691;STRONG_DOWN;-2;-78.9;-3;1
2026.03.27 15:00;23510.00;23609.00;23457.75;23548.25;45.55;11.08;31.39;20.42;12.74;-1.375;STRONG_DOWN;-2;-77.3;-3;1
2026.03.27 14:00;23480.25;23557.25;23439.75;23510.50;45.19;7.52;36.22;9.81;9.00;-1.533;STRONG_DOWN;-2;-79.3;-3;1
2026.03.27 13:00;23612.75;23661.00;23471.50;23478.75;42.05;8.68;37.64;7.99;9.38;-1.666;STRONG_DOWN;-2;-80.8;-3;1
2026.03.27 12:00;23662.50;23666.00;23596.25;23612.50;38.90;10.01;33.30;9.19;8.96;-1.106;STRONG_DOWN;-2;-77.4;-3;1
2026.03.27 11:00;23649.00;23687.75;23611.75;23662.50;36.62;11.55;35.01;10.95;9.68;-0.896;SOFT_DOWN;-1;-75.8;-3;1
2026.03.27 10:00;23737.50;23765.25;23631.50;23648.25;34.50;13.33;36.39;6.73;13.45;-0.956;SOFT_DOWN;-1;-77.8;-3;1
2026.03.27 09:00;23778.50;23811.50;23708.75;23737.75;32.67;15.38;33.11;11.37;27.76;-0.581;SOFT_DOWN;-1;-72.2;-3;1
2026.03.27 08:00;23870.50;23891.25;23770.25;23777.75;32.07;17.75;28.99;22.25;47.56;-0.414;NEUTRE;0;-68.2;-3;1
2026.03.27 07:00;23903.75;23905.50;23853.00;23870.50;33.30;20.48;22.93;49.66;67.98;-0.025;NEUTRE;0;-9.8;0;1
2026.03.27 06:00;23924.75;23953.75;23894.00;23904.25;37.56;23.63;14.45;70.77;77.62;0.116;NEUTRE;0;43.1;1;0
2026.03.27 05:00;23915.25;23974.00;23913.75;23925.75;39.63;27.26;11.58;83.51;71.88;0.206;NEUTRE;0;63.4;2;0
2026.03.27 04:00;23894.25;23919.50;23881.00;23915.25;39.51;17.54;13.36;78.59;55.40;0.162;NEUTRE;0;63;2;0
2026.03.27 03:00;23852.75;23896.50;23838.25;23894.50;43.51;11.05;15.42;53.53;41.07;0.075;NEUTRE;0;50.4;2;0
2026.03.27 02:00;23872.75;23884.75;23844.50;23852.75;47.67;9.65;17.79;34.09;34.97;-0.099;NEUTRE;0;-67.3;-3;0
2026.03.27 01:00;23817.25;23873.50;23805.50;23871.00;50.43;6.83;20.53;35.59;34.44;-0.023;NEUTRE;0;;;0
2026.03.27 00:00;23876.50;23905.00;23805.50;23816.75;50.49;7.88;23.69;35.24;28.75;-0.250;NEUTRE;0;;;0
2026.03.26 23:00;23868.25;23890.25;23840.50;23875.50;50.55;9.09;21.92;32.48;20.31;-1.834;STRONG_DOWN;-2;-75.5;-3;0
2026.03.26 22:00;23843.00;23887.50;23826.75;23868.25;51.96;9.64;25.29;18.54;11.20;-1.864;STRONG_DOWN;-2;-76.3;-3;0
2026.03.26 20:00;23785.75;24020.75;23762.50;23821.25;53.06;11.13;29.19;9.92;7.38;-2.057;STRONG_DOWN;-2;-78.6;-3;0
2026.03.26 19:00;23881.50;23885.00;23774.75;23786.25;54.34;4.75;33.68;5.14;7.19;-2.201;EXPLOSIVE_DOWN;-3;-79.9;-3;1
2026.03.26 18:00;23860.00;23899.25;23844.50;23881.75;51.11;5.48;29.12;7.09;11.60;-1.808;STRONG_DOWN;-2;-78.4;-3;1
2026.03.26 17:00;23996.75;24016.50;23851.00;23860.50;48.47;6.32;31.78;9.33;24.21;-1.895;STRONG_DOWN;-2;-79.5;-3;1
2026.03.26 16:00;24092.00;24100.25;23969.00;23996.50;45.64;7.30;25.70;18.37;35.49;-1.336;STRONG_DOWN;-2;-76.1;-3;1
2026.03.26 15:00;24101.50;24128.25;24050.25;24091.75;44.09;8.42;20.13;44.92;40.82;-0.945;SOFT_DOWN;-1;-71.8;-3;1
2026.03.26 14:00;24214.75;24237.25;24052.75;24101.25;44.56;9.71;22.73;43.18;32.15;-0.906;SOFT_DOWN;-1;-72.3;-3;1
2026.03.26 13:00;24116.50;24231.00;24063.25;24215.50;45.24;11.21;25.35;34.35;24.06;-0.436;NEUTRE;0;-58.4;-2;1
2026.03.26 12:00;24103.25;24146.50;24074.25;24116.50;46.25;5.18;29.25;18.94;20.44;-0.843;SOFT_DOWN;-1;-73.6;-3;1
2026.03.26 11:00;24175.75;24187.25;24098.00;24101.50;42.61;5.98;28.70;18.89;21.09;-0.905;SOFT_DOWN;-1;-75.9;-3;1
2026.03.26 10:00;24153.75;24201.00;24131.00;24175.50;39.09;6.90;27.42;23.49;22.81;-0.600;SOFT_DOWN;-1;-71;-3;1
2026.03.26 09:00;24192.25;24195.75;24108.25;24154.00;35.90;6.81;31.64;20.90;21.84;-0.689;SOFT_DOWN;-1;-74.9;-3;1
2026.03.26 08:00;24257.50;24284.75;24152.75;24192.25;31.49;7.86;28.68;24.05;23.43;-0.531;SOFT_DOWN;-1;-72.7;-3;1
2026.03.26 07:00;24288.25;24296.25;24200.25;24257.25;27.57;9.06;27.56;20.55;28.95;-0.264;NEUTRE;0;-61.3;-2;1
2026.03.26 06:00;24254.00;24293.50;24231.25;24288.25;24.04;10.46;26.83;25.67;37.88;-0.137;NEUTRE;0;-47.9;-2;0
2026.03.26 05:00;24323.25;24338.75;24250.00;24254.00;20.98;12.07;26.33;40.63;46.86;-0.278;NEUTRE;0;-69.6;-3;0
2026.03.26 04:00;24378.00;24383.50;24316.50;24323.25;18.50;13.93;18.85;47.35;48.08;0.007;NEUTRE;0;4.8;0;0
2026.03.26 03:00;24283.25;24419.50;24281.00;24378.00;19.03;16.07;21.75;52.61;47.12;0.232;NEUTRE;0;75;3;0
2026.03.26 02:00;24359.75;24377.00;24249.25;24283.25;19.65;13.82;25.10;44.29;37.44;-0.157;NEUTRE;0;-75.3;-3;0
2026.03.26 01:00;24353.75;24380.00;24329.75;24359.75;18.21;15.94;19.26;44.46;28.75;0.157;NEUTRE;0;;;0
2026.03.26 00:00;24321.50;24408.75;24316.75;24354.00;19.57;18.40;22.22;23.56;22.36;0.134;NEUTRE;0;;;0
2026.03.25 23:00;24312.50;24330.75;24282.75;24321.25;21.13;8.18;25.64;18.22;25.78;-0.371;NEUTRE;0;-38;-1;0
2026.03.25 22:00;24355.25;24359.00;24310.00;24312.50;16.44;9.44;20.86;25.31;34.11;-0.407;NEUTRE;0;-41.8;-1;0
2026.03.25 20:00;24371.00;24392.00;24349.25;24366.75;13.17;10.90;13.42;33.80;41.42;-0.184;NEUTRE;0;-24;0;0
2026.03.25 19:00;24353.50;24391.00;24310.75;24372.00;13.60;12.21;15.49;43.23;46.51;-0.163;NEUTRE;0;-22.5;0;1
2026.03.25 18:00;24424.75;24450.75;24322.25;24353.75;13.87;14.09;15.67;47.23;49.83;-0.238;NEUTRE;0;-32.6;-1;1
2026.03.25 17:00;24420.75;24492.50;24377.00;24425.00;15.19;16.26;11.52;49.06;47.17;0.054;NEUTRE;0;8.7;0;1
2026.03.25 16:00;24376.25;24448.75;24330.25;24420.75;14.91;12.93;13.29;53.20;45.00;0.037;NEUTRE;0;6.4;0;1
2026.03.25 15:00;24484.00;24492.75;24286.00;24377.00;16.99;14.92;15.34;39.27;41.48;-0.142;NEUTRE;0;-24.6;0;1
2026.03.25 14:00;24368.75;24518.00;24328.25;24483.00;19.39;17.22;14.56;42.54;48.78;0.292;NEUTRE;0;45.3;2;1
2026.03.25 13:00;24447.25;24524.50;24360.75;24366.50;21.08;19.87;14.16;42.65;56.52;-0.185;NEUTRE;0;-34.6;-1;1
2026.03.25 12:00;24495.00;24538.50;24371.75;24447.25;21.75;22.92;15.31;61.16;61.74;0.145;NEUTRE;0;30.3;1;1
2026.03.25 11:00;24446.25;24521.00;24439.75;24494.00;22.03;26.45;11.39;65.75;62.26;0.337;NEUTRE;0;56;2;1
2026.03.25 10:00;24452.75;24486.00;24425.50;24446.25;19.29;23.89;13.14;58.31;60.53;0.141;NEUTRE;0;34.3;1;1
2026.03.25 09:00;24438.00;24479.75;24411.50;24452.75;17.79;25.98;15.16;62.71;59.83;0.168;NEUTRE;0;42.1;1;1
2026.03.25 08:00;24407.50;24533.00;24407.50;24438.00;16.48;29.98;17.49;60.58;55.71;0.108;NEUTRE;0;33.2;1;1
2026.03.25 07:00;24376.25;24418.50;24350.50;24406.50;14.97;20.66;20.18;56.20;50.30;-0.022;NEUTRE;0;-8.6;0;1
2026.03.25 06:00;24380.50;24388.25;24323.50;24376.25;17.09;17.00;23.29;50.35;42.19;-0.145;NEUTRE;0;-49.5;-2;0
2026.03.25 05:00;24417.75;24427.75;24372.50;24380.50;17.32;19.61;15.23;44.36;37.67;-0.128;NEUTRE;0;-51.1;-2;0
2026.03.25 04:00;24379.25;24419.25;24374.75;24417.75;18.05;20.27;17.57;31.85;40.32;0.025;NEUTRE;0;16.8;0;0
2026.03.25 03:00;24335.75;24388.00;24319.75;24379.25;19.73;12.58;20.27;36.81;50.85;-0.133;NEUTRE;0;-65;-3;0
2026.03.25 02:00;24394.75;24399.00;24332.50;24335.75;19.16;14.52;20.52;52.30;61.25;-0.311;NEUTRE;0;-82.4;-3;0
2026.03.25 01:00;24447.50;24466.75;24391.75;24395.00;19.47;16.75;9.97;63.44;65.46;-0.069;NEUTRE;0;;;0
2026.03.25 00:00;24411.75;24492.25;24382.50;24447.75;18.56;19.32;11.50;68.00;63.29;0.147;NEUTRE;0;;;0
2026.03.24 23:00;24425.25;24441.00;24401.25;24411.50;17.51;15.11;13.27;64.92;57.24;-0.177;NEUTRE;0;-20.4;0;0
2026.03.24 22:00;24426.50;24455.50;24380.00;24425.50;19.21;17.44;15.31;56.94;48.93;-0.120;NEUTRE;0;-14.8;0;0
2026.03.24 20:00;24217.75;24545.25;24213.25;24403.50;21.17;20.12;17.67;49.85;46.63;-0.210;NEUTRE;0;-26.9;-1;0
2026.03.24 19:00;24274.75;24318.25;24189.50;24216.50;23.42;12.70;20.39;40.00;47.28;-0.974;SOFT_DOWN;-1;-68;-3;1
2026.03.24 18:00;24241.75;24346.50;24208.00;24274.25;23.45;14.65;21.31;50.05;50.25;-0.738;SOFT_DOWN;-1;-63.2;-2;1
2026.03.24 17:00;24279.75;24293.75;24159.75;24241.25;24.21;11.05;24.59;51.80;46.72;-0.873;SOFT_DOWN;-1;-68.1;-3;1
2026.03.24 16:00;24294.25;24345.00;24243.25;24279.75;22.09;12.75;18.79;48.89;37.71;-0.716;SOFT_DOWN;-1;-65.2;-3;1
2026.03.24 15:00;24242.50;24383.25;24241.50;24294.75;22.54;14.71;21.68;39.47;29.65;-0.654;SOFT_DOWN;-1;-64.6;-2;1
2026.03.24 14:00;24212.75;24340.50;24175.25;24242.25;23.05;12.33;25.02;24.76;28.58;-0.869;SOFT_DOWN;-1;-71.6;-3;1
2026.03.24 13:00;24278.50;24315.25;24134.00;24214.50;21.37;11.88;28.87;24.71;40.23;-0.982;SOFT_DOWN;-1;-74.7;-3;1
2026.03.24 12:00;24382.25;24395.50;24264.00;24279.00;18.25;13.70;22.27;36.28;53.28;-0.719;SOFT_DOWN;-1;-71;-3;1
2026.03.24 11:00;24404.50;24422.00;24296.00;24381.75;17.39;15.81;21.96;59.71;65.47;-0.299;NEUTRE;0;-52.8;-2;1
2026.03.24 10:00;24420.00;24432.75;24367.25;24405.00;17.56;18.24;16.63;63.86;71.36;-0.203;NEUTRE;0;-44.5;-1;1
2026.03.24 09:00;24376.00;24428.50;24303.25;24419.25;19.55;20.05;19.19;72.85;77.10;-0.145;NEUTRE;0;-37.9;-1;1
2026.03.24 08:00;24465.75;24489.50;24360.25;24376.25;22.23;23.14;15.14;77.37;69.59;-0.321;NEUTRE;0;-62.7;-2;1
2026.03.24 07:00;24375.75;24505.25;24370.25;24465.50;22.43;26.70;16.28;81.07;52.09;0.044;NEUTRE;0;16.9;0;1
2026.03.24 06:00;24261.00;24394.50;24258.50;24376.00;22.16;18.18;18.79;50.33;30.06;-0.322;NEUTRE;0;-68.9;-3;0
2026.03.24 05:00;24256.50;24303.50;24192.50;24260.75;25.31;10.69;21.68;24.88;17.99;-0.793;SOFT_DOWN;-1;-82.6;-3;0
2026.03.24 04:00;24275.00;24302.00;24240.00;24256.50;23.98;12.33;18.43;14.96;14.62;-0.811;SOFT_DOWN;-1;-84.2;-3;0
2026.03.24 03:00;24248.00;24281.00;24230.00;24275.00;24.62;9.02;21.27;14.14;18.63;-0.735;SOFT_DOWN;-1;-85.2;-3;0
2026.03.24 02:00;24262.50;24292.50;24222.00;24248.25;22.19;10.40;24.54;14.77;30.49;-0.844;SOFT_DOWN;-1;-87.2;-3;0
2026.03.24 01:00;24322.50;24325.00;24231.50;24263.00;19.38;12.00;26.24;26.99;44.74;-0.784;SOFT_DOWN;-1;;;0
2026.03.24 00:00;24454.75;24456.25;24266.25;24322.75;16.63;13.85;24.56;49.69;50.00;-0.540;SOFT_DOWN;-1;;;0
2026.03.23 23:00;24480.75;24481.25;24426.25;24455.00;14.90;15.98;15.39;57.53;46.65;1.876;STRONG_UP;2;75.8;3;0
2026.03.23 22:00;24397.00;24488.75;24375.25;24481.00;16.90;18.44;17.75;42.77;40.81;1.984;STRONG_UP;2;77.1;3;0
2026.03.23 20:00;24398.50;24432.75;24358.50;24402.50;19.20;13.69;20.48;39.64;39.00;1.657;STRONG_UP;2;76;3;0
2026.03.23 19:00;24512.50;24515.75;24397.75;24397.75;19.10;15.79;15.50;40.02;40.48;1.637;STRONG_UP;2;76.5;3;1
2026.03.23 18:00;24467.25;24535.25;24416.00;24513.25;21.89;18.22;15.51;37.35;47.63;2.118;EXPLOSIVE_UP;3;80;3;1
2026.03.23 17:00;24368.00;24471.50;24310.50;24467.00;24.02;12.80;17.89;44.06;60.19;1.926;STRONG_UP;2;79.7;3;1
2026.03.23 16:00;24380.25;24464.00;24307.50;24367.50;25.17;14.06;20.65;61.49;73.37;1.511;STRONG_UP;2;77.7;3;1
2026.03.23 15:00;24609.75;24686.75;24369.75;24380.00;26.12;16.22;17.70;75.03;78.28;1.563;STRONG_UP;2;78.8;3;1
2026.03.23 14:00;24598.50;24687.00;24527.25;24609.00;29.46;18.71;12.78;83.59;76.93;2.517;EXPLOSIVE_UP;3;83.4;3;1
2026.03.23 13:00;24608.75;24640.75;24431.75;24599.00;31.10;17.14;14.75;76.21;68.23;2.476;EXPLOSIVE_UP;3;83.8;3;1
2026.03.23 12:00;24389.50;24619.50;24344.25;24607.75;34.73;18.21;17.02;71.00;60.12;2.512;EXPLOSIVE_UP;3;84.4;3;1
2026.03.23 11:00;23880.00;24760.50;23875.00;24389.50;39.56;21.01;19.64;57.48;50.85;1.603;STRONG_UP;2;81.9;3;1
2026.03.23 10:00;23881.75;23927.50;23814.50;23879.00;45.12;9.77;22.66;51.88;42.88;-0.524;NEUTRE;0;-68.5;-3;1
2026.03.23 09:00;23933.00;23970.00;23844.25;23882.25;45.95;11.28;22.09;43.19;32.70;-0.510;NEUTRE;0;-70;-3;1
2026.03.23 08:00;23838.50;23954.00;23838.50;23930.50;48.03;11.05;25.49;33.56;26.26;-0.309;NEUTRE;0;-61.9;-2;1
2026.03.23 07:00;23855.00;23912.50;23772.00;23840.75;49.34;7.23;29.42;21.34;23.70;-0.683;SOFT_DOWN;-1;-78;-3;1
2026.03.23 06:00;23972.25;23975.25;23826.00;23854.50;47.62;8.34;28.03;23.88;27.20;-0.626;SOFT_DOWN;-1;-78.8;-3;0
2026.03.23 05:00;23995.00;24032.50;23933.50;23972.75;46.62;9.62;21.26;25.87;30.30;-0.133;NEUTRE;0;-52.2;-2;0
2026.03.23 04:00;23952.25;24002.75;23944.75;23995.00;47.99;6.48;24.53;31.84;30.50;-0.041;NEUTRE;0;-26.4;-1;0
2026.03.23 03:00;24008.00;24025.50;23948.75;23952.00;46.42;7.48;27.24;33.18;26.62;-0.220;NEUTRE;0;-74.3;-3;0
2026.03.23 02:00;24044.25;24067.00;23988.75;24008.00;44.80;8.63;23.42;26.47;21.13;0.014;NEUTRE;0;18.7;0;0
2026.03.23 01:00;23948.00;24071.50;23935.75;24043.00;44.59;9.95;27.02;20.22;24.87;0.159;NEUTRE;0;;;0
2026.03.23 00:00;24004.75;24088.50;23939.75;23948.75;44.35;11.48;30.72;16.69;32.13;-0.233;NEUTRE;0;;;0
2026.03.22 23:00;24043.25;24081.75;23974.50;24004.75;44.16;13.25;31.85;37.71;39.11;0.148;NEUTRE;0;17.3;0;0
2026.03.22 22:00;23969.25;24094.25;23955.50;24043.25;44.61;15.29;36.75;41.99;33.21;0.309;NEUTRE;0;34.2;1;0
2026.03.20 20:00;24112.75;24214.50;24095.00;24205.50;45.13;17.64;33.82;37.62;22.94;-1.679;STRONG_DOWN;-2;-76.2;-3;0
2026.03.20 19:00;24093.75;24117.00;23971.25;24112.75;47.24;7.80;39.03;20.00;16.20;-2.055;STRONG_DOWN;-2;-79.2;-3;1
2026.03.20 18:00;24210.75;24220.50;24072.75;24092.50;44.25;9.01;34.32;11.18;15.54;-2.138;EXPLOSIVE_DOWN;-3;-80.1;-3;1
2026.03.20 17:00;24271.00;24290.75;24167.00;24211.00;42.07;10.39;29.78;17.40;16.44;-1.656;STRONG_DOWN;-2;-78;-3;1
2026.03.20 16:00;24311.00;24355.50;24234.50;24271.75;41.11;11.99;25.97;18.04;18.86;-1.409;STRONG_DOWN;-2;-76.8;-3;1
2026.03.20 15:00;24269.50;24342.00;24236.00;24311.00;41.77;12.12;29.97;13.88;24.25;-1.250;STRONG_DOWN;-2;-76.1;-3;1
2026.03.20 14:00;24284.50;24326.75;24230.75;24269.25;41.67;11.77;34.58;24.67;34.19;-1.420;STRONG_DOWN;-2;-78.5;-3;1
2026.03.20 13:00;24495.50;24526.00;24279.25;24284.75;40.51;13.58;32.13;34.21;35.74;-1.357;STRONG_DOWN;-2;-78.8;-3;1
2026.03.20 12:00;24443.50;24500.00;24425.00;24495.50;40.50;15.67;27.98;43.69;33.98;-0.501;NEUTRE;0;-63.7;-2;1
2026.03.20 11:00;24407.00;24466.75;24398.00;24442.75;42.39;11.26;32.29;29.32;33.62;-0.715;SOFT_DOWN;-1;-72.4;-3;1
2026.03.20 10:00;24431.00;24438.75;24318.50;24405.25;41.48;6.72;37.26;28.94;39.95;-0.867;SOFT_DOWN;-1;-76.6;-3;1
2026.03.20 09:00;24557.50;24584.00;24407.50;24430.75;37.18;7.76;31.60;42.62;44.19;-0.764;SOFT_DOWN;-1;-76.3;-3;1
2026.03.20 08:00;24592.75;24614.50;24552.50;24557.50;33.57;8.95;23.82;48.29;35.18;-0.249;NEUTRE;0;-56.4;-2;1
2026.03.20 07:00;24528.00;24605.50;24481.50;24592.25;31.76;8.09;27.49;41.68;27.50;-0.108;NEUTRE;0;-36.7;-1;1
2026.03.20 06:00;24591.25;24602.75;24517.75;24528.25;28.26;9.34;27.22;15.59;23.61;-0.368;NEUTRE;0;-71.4;-3;0
2026.03.20 05:00;24585.00;24601.75;24558.50;24591.25;25.08;10.78;24.03;25.22;34.34;-0.112;NEUTRE;0;-47.3;-2;0
2026.03.20 04:00;24609.50;24621.25;24583.50;24585.00;23.08;12.43;18.84;30.02;43.06;-0.137;NEUTRE;0;-58.9;-2;0
2026.03.20 03:00;24619.25;24627.50;24596.75;24609.50;23.48;14.35;16.34;47.77;53.99;-0.038;NEUTRE;0;-31.5;-1;0
2026.03.20 02:00;24616.75;24640.50;24610.50;24619.50;26.10;16.56;11.97;51.39;61.95;0.003;NEUTRE;0;4.2;0;0
2026.03.20 01:00;24597.00;24659.25;24590.50;24616.75;27.64;19.10;13.81;62.82;70.77;-0.008;NEUTRE;0;;;0
2026.03.20 00:00;24618.75;24641.00;24581.25;24597.25;29.42;17.96;15.94;71.66;74.50;-0.087;NEUTRE;0;;;0
2026.03.19 23:00;24635.00;24657.50;24604.25;24618.75;33.03;20.72;12.47;77.84;73.53;0.011;NEUTRE;0;1.3;0;0
2026.03.19 22:00;24650.25;24650.25;24603.75;24635.00;34.29;21.81;14.38;73.99;67.42;0.077;NEUTRE;0;9.6;0;0
2026.03.19 20:00;24573.00;24632.00;24562.50;24616.50;36.40;19.13;16.60;68.75;61.08;0.002;NEUTRE;0;0.3;0;0
2026.03.19 19:00;24507.25;24689.75;24505.00;24573.75;40.91;22.07;19.15;59.51;55.18;-0.172;NEUTRE;0;-23.7;0;1
2026.03.19 18:00;24452.25;24522.25;24417.25;24507.75;46.12;11.52;22.10;54.99;52.74;-0.440;NEUTRE;0;-49.8;-2;1
2026.03.19 17:00;24453.75;24480.25;24377.00;24452.25;48.37;7.14;25.49;51.03;52.16;-0.665;SOFT_DOWN;-1;-62.2;-2;1
2026.03.19 16:00;24474.25;24521.50;24423.00;24454.00;47.16;8.24;22.56;52.21;49.26;-0.658;SOFT_DOWN;-1;-63.3;-2;1
2026.03.19 15:00;24487.75;24576.25;24397.25;24473.50;47.26;9.51;26.03;53.23;43.54;-0.579;SOFT_DOWN;-1;-61.8;-2;1
2026.03.19 14:00;24500.75;24544.75;24406.50;24488.00;47.38;8.26;30.04;42.33;35.99;-0.520;NEUTRE;0;-60.9;-2;1
2026.03.19 13:00;24445.25;24520.00;24326.25;24501.00;45.92;6.78;34.66;35.04;41.62;-0.467;NEUTRE;0;-60.1;-2;1
2026.03.19 12:00;24546.00;24556.25;24422.25;24445.25;42.63;7.82;32.37;30.59;48.80;-0.694;SOFT_DOWN;-1;-70.3;-3;1
2026.03.19 11:00;24590.00;24612.00;24508.00;24546.00;39.79;9.02;27.51;59.24;51.20;-0.284;NEUTRE;0;-51.3;-2;1
2026.03.19 10:00;24627.00;24627.00;24570.50;24590.00;38.13;10.41;22.49;56.57;37.34;-0.106;NEUTRE;0;-27.2;-1;1
2026.03.19 09:00;24544.75;24648.50;24499.25;24627.00;38.34;12.01;25.95;37.79;23.01;0.045;NEUTRE;0;13.6;0;1
2026.03.19 08:00;24556.50;24592.25;24504.75;24544.50;38.59;8.06;29.95;17.64;17.57;-0.290;NEUTRE;0;-60.3;-2;1
2026.03.19 07:00;24604.25;24625.75;24542.75;24556.00;35.67;9.30;27.87;13.61;22.65;-0.244;NEUTRE;0;-59.3;-2;1
2026.03.19 06:00;24596.00;24637.75;24573.00;24604.50;33.48;10.74;26.55;21.45;37.45;-0.047;NEUTRE;0;-20.8;0;0
2026.03.19 05:00;24628.50;24646.50;24575.50;24594.50;32.10;12.39;30.04;32.88;53.34;-0.087;NEUTRE;0;-40.1;-1;0
2026.03.19 04:00;24662.75;24662.75;24609.25;24628.50;30.64;14.29;27.35;58.02;59.65;0.051;NEUTRE;0;31.7;1;0
2026.03.19 03:00;24694.75;24713.75;24662.25;24662.75;30.53;16.49;16.32;69.12;49.23;0.190;NEUTRE;0;71.9;3;0
2026.03.19 02:00;24638.75;24723.00;24599.50;24694.50;35.14;19.03;18.83;51.81;31.25;0.319;NEUTRE;0;82.6;3;0
2026.03.19 01:00;24618.25;24669.25;24604.00;24638.75;40.47;15.26;21.73;26.77;18.22;0.092;NEUTRE;0;;;0
2026.03.19 00:00;24616.00;24642.00;24585.75;24618.50;44.01;11.18;25.07;15.18;12.29;0.010;NEUTRE;0;;;0
2026.03.18 23:00;24592.25;24642.75;24591.00;24616.00;44.88;12.90;27.49;12.73;9.48;-1.550;STRONG_DOWN;-2;-73;-3;0
2026.03.18 22:00;24614.25;24614.50;24561.00;24592.25;46.23;6.49;31.72;8.95;9.59;-1.645;STRONG_DOWN;-2;-74.5;-3;0
2026.03.18 20:00;24650.25;24678.75;24564.25;24612.75;43.19;7.49;35.66;6.77;11.89;-1.563;STRONG_DOWN;-2;-75.2;-3;0
2026.03.18 19:00;24742.00;24800.00;24641.25;24650.50;39.79;8.64;30.80;13.04;17.43;-1.412;STRONG_DOWN;-2;-74.5;-3;1
2026.03.18 18:00;24879.25;24915.00;24740.50;24742.50;37.27;9.97;25.92;15.86;19.08;-1.044;SOFT_DOWN;-1;-70.4;-3;1
2026.03.18 17:00;24844.00;24883.50;24794.75;24879.25;36.16;11.50;25.13;23.40;21.86;-0.497;NEUTRE;0;-54.7;-2;1
2026.03.18 16:00;24898.00;24909.75;24830.00;24844.00;36.00;13.27;22.88;17.99;19.96;-0.638;SOFT_DOWN;-1;-62.6;-2;1
2026.03.18 15:00;24881.50;24930.75;24859.50;24898.50;37.45;15.32;20.71;24.18;19.65;-0.420;NEUTRE;0;-53.6;-2;1
2026.03.18 14:00;24966.00;24983.25;24811.50;24881.75;40.91;17.67;23.90;17.72;13.85;-0.487;NEUTRE;0;-59.3;-2;1
2026.03.18 13:00;24879.75;24996.75;24863.25;24967.75;44.90;20.39;22.94;17.06;15.92;-0.143;NEUTRE;0;-28;-1;1
2026.03.18 12:00;25111.00;25117.00;24869.25;24879.75;50.90;23.53;25.78;6.76;23.03;-0.495;NEUTRE;0;-63.4;-2;1
2026.03.18 11:00;25159.75;25175.75;25096.50;25111.25;58.03;27.15;15.63;23.92;37.37;0.431;NEUTRE;0;62.2;2;1
2026.03.18 10:00;25167.75;25196.50;25158.50;25160.00;62.82;31.32;6.00;38.42;49.73;0.626;SOFT_UP;1;71.7;3;1
2026.03.18 09:00;25170.50;25189.50;25157.50;25167.75;62.04;33.31;6.93;49.76;61.75;0.657;SOFT_UP;1;74.2;3;1
2026.03.18 08:00;25160.75;25184.50;25152.50;25170.50;61.50;36.03;7.99;61.00;74.82;0.668;SOFT_UP;1;76.1;3;1
2026.03.18 07:00;25180.75;25187.25;25157.75;25160.75;61.17;41.57;6.70;74.50;86.28;0.629;SOFT_UP;1;77;3;1
2026.03.18 06:00;25167.50;25209.50;25165.25;25180.75;59.46;47.97;3.82;88.97;92.66;0.709;SOFT_UP;1;80.1;3;0
2026.03.18 05:00;25138.50;25169.25;25134.50;25167.50;55.49;41.35;4.41;95.39;94.60;0.656;SOFT_UP;1;81;3;0
2026.03.18 04:00;25135.50;25147.25;25130.00;25138.25;51.61;37.98;5.08;93.61;94.55;0.539;SOFT_UP;1;81.3;3;0
2026.03.18 03:00;25116.50;25142.75;25106.25;25135.50;47.80;39.81;5.87;94.81;89.83;0.528;NEUTRE;0;83.3;3;0
2026.03.18 02:00;25095.25;25128.75;25093.50;25117.00;43.72;40.03;6.77;95.24;77.22;0.454;NEUTRE;0;84.8;3;0
2026.03.18 01:00;25077.75;25097.00;25077.75;25095.50;39.51;32.33;7.81;79.45;61.45;0.368;NEUTRE;0;;;0
2026.03.18 00:00;25003.50;25081.00;24996.75;25077.75;36.19;24.52;9.01;56.96;51.92;0.297;NEUTRE;0;;;0
2026.03.17 23:00;25005.25;25022.50;24994.25;25003.00;34.64;17.61;10.40;47.94;49.43;0.496;NEUTRE;0;46.2;2;0
2026.03.17 22:00;25011.25;25015.75;24989.50;25005.25;36.00;16.64;12.00;50.87;49.16;0.505;NEUTRE;0;48;2;0
2026.03.17 20:00;25009.25;25029.25;25003.50;25024.75;39.05;19.20;7.73;49.47;50.21;0.584;SOFT_UP;1;54.7;2;0
2026.03.17 19:00;25002.00;25026.75;24981.25;25009.50;38.50;20.66;8.92;47.12;53.40;0.523;NEUTRE;0;53.1;2;1
2026.03.17 18:00;25033.50;25056.25;24989.25;25002.00;38.32;23.84;7.59;54.04;60.89;0.492;NEUTRE;0;52.9;2;1
2026.03.17 17:00;24994.25;25042.00;24993.25;25033.25;36.26;24.23;8.76;59.03;69.90;0.618;SOFT_UP;1;60.4;2;1
2026.03.17 16:00;24990.00;25025.25;24945.50;24994.50;34.62;22.68;10.10;69.59;81.01;0.462;NEUTRE;0;54.4;2;1
2026.03.17 15:00;25075.25;25088.50;24951.00;24989.50;34.05;26.17;10.60;81.09;87.47;0.442;NEUTRE;0;55;2;1
2026.03.17 14:00;25092.00;25095.50;24995.25;25075.25;32.77;30.19;7.27;92.33;88.59;0.787;SOFT_UP;1;69.8;3;1
2026.03.17 13:00;24931.25;25113.50;24928.50;25092.50;28.40;34.84;8.39;88.98;84.69;0.856;SOFT_UP;1;72.6;3;1
2026.03.17 12:00;24813.25;24938.75;24811.50;24931.50;23.36;25.66;9.69;84.46;78.42;0.209;NEUTRE;0;40.1;1;1
2026.03.17 11:00;24832.25;24859.00;24811.50;24813.50;20.00;19.97;11.18;80.61;67.91;-0.265;NEUTRE;0;-49.4;-2;1
2026.03.17 10:00;24842.25;24842.50;24792.50;24832.25;18.74;17.70;12.89;70.18;50.69;-0.190;NEUTRE;0;-42.6;-1;1
2026.03.17 09:00;24767.50;24848.50;24767.50;24842.25;19.20;20.42;14.88;52.93;33.99;-0.150;NEUTRE;0;-38.9;-1;1
2026.03.17 08:00;24770.25;24808.00;24738.50;24767.75;19.74;15.87;17.17;28.96;24.79;-0.449;NEUTRE;0;-69.8;-3;1
2026.03.17 07:00;24753.25;24815.00;24735.75;24770.50;22.18;18.31;19.81;20.07;22.58;-0.438;NEUTRE;0;-71.7;-3;1
2026.03.17 06:00;24753.75;24773.00;24728.00;24753.25;24.98;12.97;22.86;25.33;23.74;-0.507;NEUTRE;0;-76.3;-3;0
2026.03.17 05:00;24834.50;24851.75;24751.75;24753.75;24.58;14.97;18.25;22.33;20.48;-0.505;NEUTRE;0;-78.4;-3;0
2026.03.17 04:00;24790.00;24846.50;24787.75;24834.50;26.84;17.27;15.52;23.55;16.55;-0.181;NEUTRE;0;-65.5;-3;0
2026.03.17 03:00;24790.25;24810.50;24779.50;24790.00;30.15;10.50;17.91;15.56;14.17;-0.360;NEUTRE;0;-80.2;-3;0
2026.03.17 02:00;24834.25;24838.25;24785.75;24790.25;30.78;12.12;17.57;10.53;12.16;-0.359;NEUTRE;0;-83.4;-3;0
2026.03.17 01:00;24813.25;24846.75;24809.25;24834.50;32.69;13.98;13.38;16.42;13.50;-0.181;NEUTRE;0;;;0
2026.03.17 00:00;24879.50;24880.50;24804.00;24813.00;37.38;16.14;15.44;9.52;13.18;-0.267;NEUTRE;0;;;0
2026.03.16 23:00;24838.25;24880.75;24835.75;24879.75;42.80;18.62;11.43;14.57;20.67;0.940;SOFT_UP;1;63.2;2;0
2026.03.16 22:00;24855.50;24874.75;24834.00;24838.25;45.70;19.43;13.19;15.43;29.51;0.772;SOFT_UP;1;59.5;2;0
2026.03.16 20:00;24884.00;24900.25;24860.25;24867.75;49.79;22.42;5.31;32.00;40.18;0.892;SOFT_UP;1;65.1;3;0
2026.03.16 19:00;24918.25;25030.50;24851.50;24882.75;47.95;25.87;6.12;41.11;44.86;0.952;SOFT_UP;1;67.6;3;1
2026.03.16 18:00;24895.75;24948.25;24891.00;24918.25;45.83;22.78;7.07;47.44;51.06;1.096;STRONG_UP;2;71.3;3;1
2026.03.16 17:00;24889.25;24938.00;24866.25;24895.75;44.78;23.53;8.15;46.04;61.15;1.005;SOFT_UP;1;70.7;3;1
2026.03.16 16:00;24888.50;24916.75;24831.50;24889.00;44.21;22.59;9.41;59.72;74.47;0.978;SOFT_UP;1;71.3;3;1
2026.03.16 15:00;24908.50;24953.25;24861.25;24888.75;44.67;26.07;5.48;77.69;85.44;0.977;SOFT_UP;1;72.4;3;1
2026.03.16 14:00;24949.00;24978.00;24833.50;24908.50;41.50;30.08;6.33;86.01;89.50;1.057;SOFT_UP;1;74.7;3;1
2026.03.16 13:00;24870.50;24952.75;24835.50;24948.00;37.85;32.02;7.30;92.62;84.80;1.217;STRONG_UP;2;77.6;3;1
2026.03.16 12:00;24837.50;24901.50;24836.25;24870.00;34.00;30.22;8.43;89.86;71.29;0.901;SOFT_UP;1;74.6;3;1
2026.03.16 11:00;24816.50;24848.25;24788.25;24837.50;30.56;22.31;9.72;71.93;49.47;0.769;SOFT_UP;1;73.5;3;1
2026.03.16 10:00;24703.25;24826.00;24699.25;24816.50;29.21;20.04;11.22;52.09;43.35;0.684;SOFT_UP;1;73.2;3;1
2026.03.16 09:00;24738.75;24746.50;24688.50;24703.00;29.37;13.48;12.94;24.39;50.64;0.223;NEUTRE;0;50.2;2;1
2026.03.16 08:00;24723.25;24781.25;24706.50;24738.75;33.57;15.55;10.16;53.57;70.85;0.368;NEUTRE;0;65.8;3;1
2026.03.16 07:00;24778.00;24796.50;24714.75;24723.75;35.51;17.94;10.03;73.97;81.22;0.307;NEUTRE;0;64.8;2;1
2026.03.16 06:00;24772.25;24779.00;24748.50;24777.75;36.62;20.70;5.22;85.02;83.74;0.526;NEUTRE;0;76.7;3;0
2026.03.16 05:00;24717.75;24774.00;24717.50;24772.25;33.07;21.36;6.02;84.67;86.30;0.504;NEUTRE;0;78.4;3;0
2026.03.16 04:00;24743.00;24761.25;24717.00;24718.00;29.53;21.18;6.95;81.54;89.32;0.284;NEUTRE;0;73.8;3;0
2026.03.16 03:00;24698.75;24751.00;24698.25;24742.75;26.29;20.87;8.01;92.68;93.01;0.384;NEUTRE;0;80.8;3;0
2026.03.16 02:00;24725.50;24728.50;24683.50;24698.50;23.49;17.52;9.25;93.73;92.90;0.205;NEUTRE;0;78.6;3;0
2026.03.16 01:00;24719.25;24733.75;24676.75;24725.50;22.34;20.22;10.67;92.62;86.70;0.314;NEUTRE;0;;;0
2026.03.16 00:00;24648.00;24735.75;24645.25;24719.00;21.03;23.33;12.31;92.36;73.88;0.288;NEUTRE;0;;;0
2026.03.15 23:00;24676.75;24706.50;24617.00;24647.75;19.50;21.95;14.20;75.12;49.20;0.338;NEUTRE;0;35.4;1;0
2026.03.15 22:00;24564.75;24686.25;24505.00;24676.75;19.21;21.84;16.39;54.15;29.13;0.456;NEUTRE;0;45.1;2;0
2026.03.13 20:00;24395.75;24399.25;24338.75;24340.00;19.97;12.45;18.91;18.34;14.27;-0.765;SOFT_DOWN;-1;-61.6;-2;0
2026.03.13 19:00;24447.50;24448.25;24350.25;24397.25;19.87;14.36;18.90;14.89;9.33;-0.532;SOFT_DOWN;-1;-53.6;-2;1
2026.03.13 18:00;24373.00;24471.50;24367.00;24447.50;20.84;16.57;19.17;9.58;5.31;-0.327;NEUTRE;0;-41.3;-1;1
2026.03.13 17:00;24395.50;24473.00;24353.50;24373.00;22.92;19.12;22.12;3.52;9.88;-0.631;SOFT_DOWN;-1;-60.9;-2;1
2026.03.13 16:00;24408.00;24486.50;24386.75;24395.50;25.33;22.07;21.25;2.82;26.46;-0.539;SOFT_DOWN;-1;-58.5;-2;1
2026.03.13 15:00;24486.00;24568.25;24391.00;24407.75;28.94;25.46;23.86;23.29;53.91;-0.489;NEUTRE;0;-57.6;-2;1
2026.03.13 14:00;24725.25;24763.25;24482.00;24489.00;32.89;29.38;19.63;53.26;77.09;-0.158;NEUTRE;0;-28.6;-1;1
2026.03.13 13:00;24680.50;24803.50;24611.00;24724.75;34.89;33.90;15.60;85.19;89.01;0.803;SOFT_UP;1;71.5;3;1
2026.03.13 12:00;24661.25;24732.25;24629.50;24680.50;34.57;33.42;18.00;92.82;84.38;0.623;SOFT_UP;1;68.3;3;1
2026.03.13 11:00;24615.00;24663.75;24601.00;24661.25;35.27;28.30;20.76;89.02;68.08;0.544;SOFT_UP;1;67.3;3;1
2026.03.13 10:00;24530.00;24621.50;24524.25;24616.25;38.33;22.30;23.96;71.31;46.73;0.361;NEUTRE;0;60.2;2;1
2026.03.13 09:00;24511.75;24573.25;24509.00;24529.50;43.68;18.10;27.64;43.91;27.76;0.007;NEUTRE;0;2.2;0;1
2026.03.13 08:00;24447.00;24522.25;24396.25;24511.50;47.18;8.67;31.90;24.96;21.78;-0.066;NEUTRE;0;-21.8;0;1
2026.03.13 07:00;24478.25;24486.50;24409.25;24446.50;45.63;5.64;36.81;14.41;31.95;-0.331;NEUTRE;0;-66.4;-3;1
2026.03.13 06:00;24584.25;24594.00;24475.75;24478.75;41.36;6.51;29.22;25.98;48.66;-0.200;NEUTRE;0;-58.2;-2;0
2026.03.13 05:00;24574.25;24598.00;24552.50;24584.25;37.94;7.51;23.73;55.48;65.14;0.230;NEUTRE;0;65.8;3;0
2026.03.13 04:00;24623.50;24626.25;24562.75;24574.00;35.79;8.66;23.92;64.52;72.74;0.189;NEUTRE;0;66.4;3;0
2026.03.13 03:00;24603.00;24628.25;24581.00;24623.50;34.09;9.99;23.18;75.41;71.03;0.390;NEUTRE;0;81;3;0
2026.03.13 02:00;24628.50;24649.75;24598.50;24602.75;33.22;11.53;21.05;78.30;59.77;0.306;NEUTRE;0;82.3;3;0
2026.03.13 01:00;24624.75;24659.25;24617.75;24628.50;33.83;13.31;18.51;59.37;41.35;0.411;NEUTRE;0;;;0
2026.03.13 00:00;24527.75;24640.75;24492.50;24624.25;36.52;8.50;21.35;41.65;28.85;0.393;NEUTRE;0;;;0
2026.03.12 23:00;24585.00;24612.00;24525.75;24527.25;35.52;9.80;21.19;23.03;20.78;-1.049;SOFT_DOWN;-1;-65.6;-3;0
2026.03.12 22:00;24554.75;24600.00;24539.00;24585.50;35.33;11.31;22.08;21.86;18.80;-0.814;SOFT_DOWN;-1;-60.8;-2;0
2026.03.12 20:00;24554.50;24576.50;24516.25;24568.75;35.80;7.12;25.48;17.46;20.20;-0.882;SOFT_DOWN;-1;-64.9;-2;0
2026.03.12 19:00;24598.00;24641.75;24542.00;24554.50;32.64;8.22;22.83;17.09;23.70;-0.939;SOFT_DOWN;-1;-67.3;-3;1
2026.03.12 18:00;24623.25;24669.75;24594.50;24598.75;30.43;9.48;18.24;26.05;26.22;-0.760;SOFT_DOWN;-1;-63.9;-2;1
2026.03.12 17:00;24660.75;24722.50;24584.75;24623.25;30.25;10.94;21.05;27.96;23.31;-0.662;SOFT_DOWN;-1;-62;-2;1
2026.03.12 16:00;24664.75;24733.00;24587.25;24661.25;30.05;12.63;24.00;24.64;18.44;-0.508;NEUTRE;0;-56.9;-2;1
2026.03.12 15:00;24618.75;24708.75;24560.25;24664.50;29.89;12.01;27.70;17.31;16.77;-0.495;NEUTRE;0;-57.9;-2;1
2026.03.12 14:00;24656.25;24745.25;24571.25;24618.25;28.41;13.86;30.82;13.35;28.11;-0.682;SOFT_DOWN;-1;-67;-3;1
2026.03.12 13:00;24832.75;24851.50;24630.00;24655.25;26.94;15.99;30.37;19.64;49.24;-0.533;SOFT_DOWN;-1;-63.2;-2;1
2026.03.12 12:00;24856.50;24861.50;24801.00;24832.75;26.31;18.45;23.16;51.32;71.94;0.184;NEUTRE;0;36.6;1;1
2026.03.12 11:00;24881.25;24927.00;24848.00;24856.25;28.61;21.29;14.77;76.76;86.45;0.278;NEUTRE;0;50.7;2;1
2026.03.12 10:00;24915.75;24925.25;24874.25;24882.75;30.24;24.56;11.93;87.74;92.11;0.385;NEUTRE;0;61.8;2;1
2026.03.12 09:00;24876.50;24919.75;24812.50;24916.00;29.57;26.68;13.77;94.83;90.33;0.519;NEUTRE;0;70.3;3;1
2026.03.12 08:00;24870.75;24900.50;24835.75;24876.25;29.20;30.78;12.55;93.75;75.78;0.359;NEUTRE;0;65.3;3;1
2026.03.12 07:00;24808.25;24871.00;24806.50;24869.50;27.22;28.51;14.48;82.42;54.12;0.332;NEUTRE;0;66.5;3;1
2026.03.12 06:00;24770.00;24812.25;24745.50;24807.75;26.39;18.88;16.71;51.17;31.67;0.083;NEUTRE;0;33.8;1;0
2026.03.12 05:00;24717.50;24776.00;24716.50;24769.75;29.51;13.44;19.28;28.77;20.51;-0.071;NEUTRE;0;-34.5;-1;0
2026.03.12 04:00;24728.25;24749.50;24708.25;24717.50;31.30;8.65;22.25;15.06;17.00;-0.281;NEUTRE;0;-73.6;-3;0
2026.03.12 03:00;24728.50;24757.50;24695.75;24728.25;29.35;9.98;25.67;17.70;18.91;-0.238;NEUTRE;0;-75.4;-3;0
2026.03.12 02:00;24788.75;24794.25;24703.25;24728.50;27.10;11.52;27.75;18.23;19.37;-0.237;NEUTRE;0;-80.1;-3;0
2026.03.12 01:00;24789.75;24840.50;24769.00;24788.25;24.90;13.29;20.91;20.82;21.77;0.004;NEUTRE;0;;;0
2026.03.12 00:00;24787.25;24803.75;24739.50;24789.75;25.31;7.43;24.12;19.08;27.34;0.010;NEUTRE;0;;;0
2026.03.11 23:00;24848.00;24852.00;24732.75;24787.00;21.06;8.57;27.83;25.42;34.27;-0.911;SOFT_DOWN;-1;-62.4;-2;0
2026.03.11 22:00;24929.75;24930.00;24815.75;24848.00;16.16;9.89;21.41;37.53;36.76;-0.668;SOFT_DOWN;-1;-55.8;-2;0
2026.03.11 20:00;24983.00;24989.75;24939.25;24946.75;12.98;11.41;10.20;39.85;34.57;-0.273;NEUTRE;0;-33.4;-1;0
2026.03.11 19:00;24957.00;25004.75;24912.50;24982.50;14.11;13.16;11.76;32.91;30.23;-0.130;NEUTRE;0;-18.3;0;1
2026.03.11 18:00;24950.75;24975.50;24889.75;24957.00;15.42;10.31;13.57;30.96;32.00;-0.232;NEUTRE;0;-31.9;-1;1
2026.03.11 17:00;25005.50;25024.00;24872.75;24950.75;15.69;11.89;15.66;26.83;39.29;-0.257;NEUTRE;0;-36.2;-1;1
2026.03.11 16:00;24933.50;25010.00;24897.00;25006.75;16.00;13.72;15.61;38.21;51.74;-0.033;NEUTRE;0;-5.7;0;1
2026.03.11 15:00;25064.25;25088.75;24891.25;24933.50;17.47;15.84;18.01;52.83;58.23;-0.326;NEUTRE;0;-46.4;-2;1
2026.03.11 14:00;25100.00;25178.00;24957.75;25064.25;19.18;18.27;15.60;64.19;56.44;0.197;NEUTRE;0;34.2;1;1
2026.03.11 13:00;24944.00;25114.00;24942.75;25099.75;20.91;16.61;18.00;57.67;46.59;0.339;NEUTRE;0;51.6;2;1
2026.03.11 12:00;24945.25;25053.25;24909.00;24944.25;23.51;13.71;20.77;47.46;36.92;-0.283;NEUTRE;0;-48.8;-2;1
2026.03.11 11:00;25015.75;25042.25;24928.00;24945.00;23.98;15.82;21.93;34.64;26.55;-0.280;NEUTRE;0;-50.9;-2;1
2026.03.11 10:00;24901.25;25023.50;24894.50;25016.25;25.18;15.73;25.31;28.66;23.47;0.005;NEUTRE;0;1.4;0;1
2026.03.11 09:00;24964.25;24969.25;24898.75;24901.25;25.46;11.68;29.20;16.35;22.06;-0.455;NEUTRE;0;-67.8;-3;1
2026.03.11 08:00;25003.75;25036.25;24933.50;24964.00;22.79;13.48;26.11;25.39;28.59;-0.204;NEUTRE;0;-51;-2;1
2026.03.11 07:00;25039.50;25046.00;24946.50;25004.75;21.38;15.55;28.18;24.42;41.74;-0.041;NEUTRE;0;-15.8;0;1
2026.03.11 06:00;25028.50;25052.00;25007.00;25039.50;20.23;17.94;23.16;35.95;63.50;0.098;NEUTRE;0;38.3;1;0
2026.03.11 05:00;25090.00;25094.25;25024.50;25028.50;21.39;20.70;20.74;64.84;83.57;0.054;NEUTRE;0;27.6;1;0
2026.03.11 04:00;25117.75;25120.50;25085.50;25090.00;24.66;23.89;10.48;89.73;92.46;0.300;NEUTRE;0;74.6;3;0
2026.03.11 03:00;25093.00;25122.00;25085.25;25117.75;22.46;27.56;12.09;96.15;83.68;0.411;NEUTRE;0;81.4;3;0
2026.03.11 02:00;25090.25;25100.00;25073.00;25093.00;19.91;22.59;13.95;91.49;63.03;0.312;NEUTRE;0;82.5;3;0
2026.03.11 01:00;25060.25;25096.50;25050.50;25090.25;19.33;24.08;16.10;63.39;39.70;0.301;NEUTRE;0;;;0
2026.03.11 00:00;25015.00;25084.75;25009.75;25060.50;19.25;23.85;18.58;34.21;24.17;0.182;NEUTRE;0;;;0
2026.03.10 23:00;24969.25;25024.25;24962.75;25015.50;20.30;15.11;21.43;21.49;22.12;0.543;SOFT_UP;1;48.8;2;0
2026.03.10 22:00;24991.50;25017.00;24950.50;24969.00;20.76;15.62;24.73;16.80;31.46;0.356;NEUTRE;0;38.1;1;0
2026.03.10 20:00;24984.50;25037.25;24984.50;25004.50;20.48;18.02;20.67;28.08;49.92;0.498;NEUTRE;0;50.3;2;0
2026.03.10 19:00;25028.25;25071.25;24939.50;24984.50;22.58;20.79;23.85;49.50;69.98;0.418;NEUTRE;0;46.8;2;1
2026.03.10 18:00;25168.75;25179.50;24986.50;25028.25;25.00;23.99;22.03;72.17;84.46;0.594;SOFT_UP;1;57.9;2;1
2026.03.10 17:00;25155.00;25216.25;25101.25;25168.50;28.19;27.68;16.27;88.25;85.08;1.158;STRONG_UP;2;73.1;3;1
2026.03.10 16:00;25147.75;25168.00;25079.50;25155.50;28.53;25.49;18.78;92.95;73.56;1.105;STRONG_UP;2;73.3;3;1
2026.03.10 15:00;25147.75;25180.75;25108.50;25147.75;30.59;29.41;16.62;74.03;51.01;1.074;SOFT_UP;1;73.9;3;1
2026.03.10 14:00;24967.25;25151.00;24891.75;25150.25;31.02;27.60;19.18;53.68;38.05;1.084;STRONG_UP;2;75.1;3;1
2026.03.10 13:00;24968.00;25079.25;24946.75;24961.75;33.03;27.59;22.13;25.31;37.67;0.327;NEUTRE;0;50.6;2;1
2026.03.10 12:00;24970.00;24998.25;24891.75;24968.00;36.42;22.43;25.54;35.15;53.65;0.352;NEUTRE;0;54.8;2;1
2026.03.10 11:00;25064.75;25104.00;24957.25;24970.00;41.03;25.88;20.00;52.55;69.92;0.360;NEUTRE;0;57.7;2;1
2026.03.10 10:00;25089.50;25093.50;25019.75;25065.50;45.37;29.86;16.53;73.24;80.15;0.744;SOFT_UP;1;74.5;3;1
2026.03.10 09:00;25085.50;25133.00;25080.00;25088.75;47.93;34.45;6.50;83.98;83.13;0.837;SOFT_UP;1;77.5;3;1
2026.03.10 08:00;25072.00;25145.25;25062.25;25085.25;44.80;39.75;7.50;83.23;75.10;0.823;SOFT_UP;1;78.6;3;1
2026.03.10 07:00;24952.25;25075.25;24938.75;25071.75;41.19;32.89;8.66;82.19;63.28;0.769;SOFT_UP;1;79.3;3;1
2026.03.10 06:00;24955.75;24981.00;24939.75;24952.25;38.55;27.33;9.99;59.89;50.52;0.288;NEUTRE;0;66.7;3;0
2026.03.10 05:00;24902.50;24960.75;24901.75;24955.75;37.33;23.98;11.52;47.74;49.78;0.302;NEUTRE;0;71.1;3;0
2026.03.10 04:00;24886.00;24917.75;24861.75;24902.75;37.68;16.46;13.30;43.93;57.29;0.089;NEUTRE;0;47.1;2;0
2026.03.10 03:00;24925.75;24960.00;24853.25;24885.75;41.84;18.99;15.34;57.68;65.52;0.021;NEUTRE;0;18.7;0;0
2026.03.10 02:00;24986.25;24997.75;24905.75;24925.50;46.64;21.92;10.14;70.26;68.68;0.181;NEUTRE;0;77.1;3;0
2026.03.10 01:00;24933.50;24996.75;24924.75;24986.25;48.17;25.29;8.52;68.63;68.97;0.425;NEUTRE;0;;;0
2026.03.10 00:00;24880.50;24968.75;24831.75;24933.50;47.95;23.19;9.83;67.14;72.70;0.213;NEUTRE;0;;;0
2026.03.09 23:00;24906.00;24931.25;24857.50;24880.50;49.10;22.55;11.34;71.13;77.93;2.755;EXPLOSIVE_UP;3;80.2;3;0
2026.03.09 22:00;24943.50;24969.50;24870.50;24905.75;51.56;26.02;10.38;79.83;80.37;2.859;EXPLOSIVE_UP;3;81;3;0
2026.03.09 20:00;24991.25;25023.75;24906.25;24967.75;52.88;30.02;6.42;82.84;80.11;3.115;EXPLOSIVE_UP;3;82.4;3;0
2026.03.09 19:00;24653.75;25052.75;24640.75;24990.25;51.05;34.64;7.40;78.44;80.52;3.208;EXPLOSIVE_UP;3;83;3;1
2026.03.09 18:00;24611.00;24706.75;24608.00;24654.25;48.94;27.05;8.54;79.03;84.81;1.820;STRONG_UP;2;78.4;3;1
2026.03.09 17:00;24708.50;24711.00;24575.00;24610.25;48.47;31.22;9.86;84.09;83.78;1.639;STRONG_UP;2;77.9;3;1
2026.03.09 16:00;24641.50;24748.00;24630.00;24708.00;47.92;36.02;5.15;91.31;75.94;2.042;STRONG_UP;2;80.8;3;1
2026.03.09 15:00;24548.50;24656.75;24548.50;24641.25;43.76;29.66;5.95;75.95;62.72;1.767;STRONG_UP;2;80;3;1
2026.03.09 14:00;24369.50;24583.50;24323.75;24547.75;40.25;23.89;6.86;60.56;56.65;1.380;STRONG_UP;2;78.2;3;1
2026.03.09 13:00;24378.75;24524.00;24312.75;24369.50;37.92;24.04;7.92;51.64;59.22;0.644;SOFT_UP;1;67.4;3;1
2026.03.09 12:00;24383.00;24458.75;24349.75;24379.00;35.99;22.98;9.13;57.76;67.43;0.684;SOFT_UP;1;70.1;3;1
2026.03.09 11:00;24371.25;24421.50;24349.00;24382.25;34.89;21.26;10.54;68.28;76.36;0.697;SOFT_UP;1;71.9;3;1
2026.03.09 10:00;24419.50;24432.75;24346.25;24368.75;35.07;24.53;12.16;76.25;81.30;0.641;SOFT_UP;1;72.1;3;1
2026.03.09 09:00;24311.50;24493.50;24283.25;24419.50;35.28;28.31;14.03;84.55;84.68;0.851;SOFT_UP;1;77.7;3;1
2026.03.09 08:00;24275.50;24336.00;24232.25;24310.50;35.52;21.14;16.19;83.10;81.23;0.401;NEUTRE;0;67.6;3;1
2026.03.09 07:00;24243.25;24312.75;24209.25;24275.50;38.95;20.94;18.68;86.37;71.83;0.256;NEUTRE;0;60.5;2;1
2026.03.09 06:00;24257.50;24314.75;24225.50;24243.50;44.06;24.17;19.14;74.21;53.44;0.124;NEUTRE;0;45;2;0
2026.03.09 05:00;24100.25;24257.00;24084.75;24257.00;49.05;17.93;22.08;54.92;33.20;0.180;NEUTRE;0;60.1;2;0
2026.03.09 04:00;24092.50;24132.75;24091.00;24100.00;55.00;9.59;25.48;31.19;16.97;-0.469;NEUTRE;0;-80;-3;0
2026.03.09 03:00;24083.25;24130.75;24076.50;24092.25;56.49;10.33;29.40;13.49;7.71;-0.501;NEUTRE;0;-82.9;-3;0
2026.03.09 02:00;24007.75;24101.25;23999.50;24083.25;57.79;3.55;33.92;6.23;5.57;-0.538;SOFT_DOWN;-1;-85.6;-3;0
2026.03.09 01:00;24117.50;24136.50;24004.00;24006.50;54.22;4.10;38.46;3.40;7.21;-0.855;SOFT_DOWN;-1;;;0
2026.03.09 00:00;24213.50;24238.00;24093.25;24116.75;50.14;4.73;34.01;7.07;11.27;-0.400;NEUTRE;0;;;0
2026.03.08 23:00;24303.25;24324.25;24167.75;24213.75;46.22;5.46;31.33;11.17;18.98;-0.219;NEUTRE;0;-24.7;0;0
2026.03.08 22:00;24267.00;24318.00;24222.25;24302.50;42.51;6.29;30.79;15.56;30.27;0.146;NEUTRE;0;17.8;0;0
2026.03.06 21:00;24666.75;24681.50;24617.50;24665.75;38.89;7.26;21.82;30.21;44.45;-1.571;STRONG_DOWN;-2;-74.6;-3;0
2026.03.06 20:00;24807.50;24852.00;24605.25;24667.00;37.17;8.38;25.17;45.04;57.25;-1.566;STRONG_DOWN;-2;-75.2;-3;0
2026.03.06 19:00;24799.25;24852.00;24774.25;24807.50;35.19;9.67;18.51;58.10;66.13;-1.006;SOFT_DOWN;-1;-68.7;-3;1
2026.03.06 18:00;24783.00;24897.50;24778.50;24799.25;35.78;11.16;20.51;68.60;66.16;-1.039;SOFT_DOWN;-1;-70.3;-3;1
2026.03.06 17:00;24877.50;24918.25;24743.25;24783.50;36.74;12.87;23.67;71.68;53.26;-1.101;STRONG_DOWN;-2;-72.3;-3;1
2026.03.06 16:00;24857.25;24913.75;24790.50;24879.00;37.85;14.85;23.16;58.20;33.28;-0.720;SOFT_DOWN;-1;-65.3;-3;1
2026.03.06 15:00;24689.25;24891.50;24663.75;24858.25;40.31;14.36;26.72;29.88;16.24;-0.803;SOFT_DOWN;-1;-68.9;-3;1
2026.03.06 14:00;24644.50;24741.00;24610.50;24688.75;41.88;6.41;30.83;11.75;10.64;-1.479;STRONG_DOWN;-2;-78.9;-3;1
2026.03.06 13:00;24832.25;24875.25;24617.50;24644.50;38.24;7.39;34.75;7.10;11.71;-1.656;STRONG_DOWN;-2;-80.8;-3;1
2026.03.06 12:00;24855.50;24883.25;24804.50;24834.75;34.13;8.53;28.93;13.08;16.98;-0.897;SOFT_DOWN;-1;-74.5;-3;1
2026.03.06 11:00;24946.75;24961.00;24835.50;24855.50;31.00;9.84;27.33;14.94;22.72;-0.814;SOFT_DOWN;-1;-74.4;-3;1
2026.03.06 10:00;24919.00;24978.25;24916.75;24946.50;28.53;11.35;21.57;22.92;35.81;-0.451;NEUTRE;0;-65.4;-3;1
2026.03.06 09:00;25072.50;25080.50;24881.25;24918.50;28.15;13.10;24.89;30.30;51.69;-0.563;SOFT_DOWN;-1;-71.7;-3;1
2026.03.06 08:00;25123.75;25126.75;25031.75;25072.50;27.71;15.12;17.10;54.21;64.62;0.052;NEUTRE;0;17.5;0;1
2026.03.06 07:00;25105.25;25138.75;25090.25;25123.75;31.02;17.44;10.26;70.55;74.12;0.256;NEUTRE;0;60.5;2;1
2026.03.06 06:00;25116.75;25134.25;25100.00;25105.00;31.80;20.13;8.74;69.11;76.11;0.182;NEUTRE;0;55.7;2;0
2026.03.06 05:00;25108.25;25140.25;25105.25;25116.75;30.63;23.22;7.73;82.72;81.16;0.228;NEUTRE;0;65.6;3;0
2026.03.06 04:00;25112.25;25136.50;25092.75;25107.75;27.64;25.15;8.92;76.52;82.12;0.193;NEUTRE;0;66.8;3;0
2026.03.06 03:00;25068.75;25113.75;25068.75;25112.25;24.56;21.02;10.29;84.24;87.54;0.210;NEUTRE;0;73.6;3;0
2026.03.06 02:00;25065.50;25114.75;25059.25;25068.75;23.07;24.25;11.87;85.60;87.54;0.037;NEUTRE;0;41.8;1;0
2026.03.06 01:00;25072.75;25089.75;25037.25;25065.50;21.35;21.05;13.70;92.77;85.60;0.024;NEUTRE;0;;;0
2026.03.06 00:00;25059.50;25095.75;25058.00;25072.75;21.39;24.29;9.73;84.26;72.09;0.053;NEUTRE;0;;;0
2026.03.05 23:00;25005.25;25068.25;25000.25;25058.75;18.09;16.82;11.23;79.77;54.94;-0.443;NEUTRE;0;-43;-1;0
2026.03.05 21:00;25046.25;25049.50;24999.50;25005.25;17.81;15.16;12.95;52.23;32.02;-0.656;SOFT_DOWN;-1;-56.5;-2;0
2026.03.05 20:00;24855.50;25054.50;24825.75;25047.25;19.34;17.49;14.95;32.81;19.64;-0.489;NEUTRE;0;-49.8;-2;0
2026.03.05 19:00;24811.25;24880.75;24792.00;24857.00;21.11;8.50;17.25;11.02;18.38;-1.245;STRONG_DOWN;-2;-72.5;-3;1
2026.03.05 18:00;24804.25;24887.25;24773.50;24813.50;19.13;9.81;19.90;15.10;35.64;-1.417;STRONG_DOWN;-2;-75.3;-3;1
2026.03.05 17:00;25041.50;25121.75;24788.25;24805.75;16.85;11.32;20.96;29.02;48.45;-1.448;STRONG_DOWN;-2;-76.4;-3;1
2026.03.05 16:00;25081.00;25089.00;24941.25;25041.75;14.84;13.06;17.13;62.79;55.07;-0.511;NEUTRE;0;-57.1;-2;1
2026.03.05 15:00;25184.75;25204.75;24929.75;25080.75;15.05;15.07;19.77;53.53;45.27;-0.356;NEUTRE;0;-49;-2;1
2026.03.05 14:00;24992.75;25185.75;24961.75;25184.75;15.29;17.38;21.02;48.90;44.19;0.058;NEUTRE;0;11.3;0;1
2026.03.05 13:00;25067.75;25073.50;24980.75;24993.50;16.18;12.35;24.25;33.38;46.74;-0.702;SOFT_DOWN;-1;-69.1;-3;1
2026.03.05 12:00;25093.75;25155.25;25037.00;25068.75;13.67;14.25;18.65;50.29;55.17;-0.403;NEUTRE;0;-58.4;-2;1
2026.03.05 11:00;25105.75;25149.25;25086.00;25092.50;13.71;16.44;15.15;56.54;59.32;-0.309;NEUTRE;0;-53.7;-2;1
2026.03.05 10:00;25112.25;25142.00;25087.25;25105.50;15.19;17.21;17.48;58.69;63.55;-0.257;NEUTRE;0;-51.2;-2;1
2026.03.05 09:00;25049.50;25204.25;25039.75;25112.25;17.41;19.85;20.17;62.73;59.22;-0.230;NEUTRE;0;-51;-2;1
2026.03.05 08:00;25070.25;25077.00;24972.25;25049.50;19.97;11.01;23.27;69.23;50.19;-0.480;NEUTRE;0;-71;-3;1
2026.03.05 07:00;25090.25;25095.00;25040.25;25070.50;17.53;12.70;16.86;45.69;32.92;-0.396;NEUTRE;0;-69.9;-3;1
2026.03.05 06:00;25033.75;25091.25;24979.75;25090.75;18.07;13.60;19.46;35.66;25.44;-0.316;NEUTRE;0;-68.6;-3;0
2026.03.05 05:00;25101.50;25103.50;25032.25;25033.75;18.12;15.69;15.21;17.43;18.77;-0.542;SOFT_DOWN;-1;-79.2;-3;0
2026.03.05 04:00;25047.75;25105.50;25030.75;25101.75;20.66;18.11;17.55;23.25;24.43;-0.272;NEUTRE;0;-73.1;-3;0
2026.03.05 03:00;25090.25;25100.25;25024.75;25047.75;23.60;19.81;20.25;15.65;32.15;-0.487;NEUTRE;0;-82.7;-3;0
2026.03.05 02:00;25069.75;25123.75;25049.00;25090.50;27.07;22.86;18.42;34.39;46.40;-0.317;NEUTRE;0;-82.6;-3;0
2026.03.05 01:00;25207.50;25216.25;25043.50;25069.50;29.57;26.38;21.25;46.41;50.05;-0.400;NEUTRE;0;;;0
2026.03.05 00:00;25170.25;25241.75;25159.50;25207.50;32.47;30.44;14.19;58.40;56.66;0.148;NEUTRE;0;;;0
2026.03.04 23:00;25150.50;25189.00;25141.50;25170.50;31.86;25.26;16.38;45.33;65.08;1.899;STRONG_UP;2;75.9;3;0
2026.03.04 21:00;25120.50;25161.50;25093.00;25131.25;33.49;21.81;18.90;66.26;81.47;1.740;STRONG_UP;2;76;3;0
2026.03.04 20:00;25188.25;25194.25;25113.00;25121.50;37.54;25.17;17.31;83.64;91.18;1.700;STRONG_UP;2;76.3;3;0
2026.03.04 19:00;25192.00;25215.75;25180.00;25188.25;40.46;29.04;7.29;94.53;95.19;1.971;STRONG_UP;2;78.7;3;1
2026.03.04 18:00;25168.50;25213.25;25140.00;25191.75;37.48;32.44;8.41;95.37;94.22;1.985;STRONG_UP;2;79.4;3;1
2026.03.04 17:00;25144.75;25179.75;25104.75;25168.75;34.19;30.39;9.70;95.68;92.16;1.892;STRONG_UP;2;79.5;3;1
2026.03.04 16:00;25126.50;25169.00;25051.50;25145.00;31.52;32.86;11.20;91.62;86.38;1.795;STRONG_UP;2;79.6;3;1
2026.03.04 15:00;24918.75;25146.25;24891.50;25126.75;28.80;34.94;12.92;89.19;81.43;1.722;STRONG_UP;2;79.8;3;1
2026.03.04 14:00;24889.00;24969.25;24826.25;24918.50;26.16;29.62;14.91;78.33;78.20;0.878;SOFT_UP;1;71.8;3;1
2026.03.04 13:00;24798.25;24924.75;24794.75;24889.00;25.10;29.39;17.20;76.78;81.16;0.759;SOFT_UP;1;70.5;3;1
2026.03.04 12:00;24804.25;24843.25;24719.75;24799.00;24.93;24.27;19.85;79.48;85.61;0.395;NEUTRE;0;57.9;2;1
2026.03.04 11:00;24841.00;24893.75;24800.50;24804.75;27.23;28.00;12.84;87.20;88.24;0.418;NEUTRE;0;61.5;2;1
2026.03.04 10:00;24753.75;24864.00;24734.00;24841.25;25.71;27.40;14.82;90.15;81.01;0.566;SOFT_UP;1;69.9;3;1
2026.03.04 09:00;24644.25;24769.25;24620.50;24753.75;25.08;20.40;17.10;87.37;65.64;0.212;NEUTRE;0;48.7;2;1
2026.03.04 08:00;24655.25;24687.00;24611.00;24644.00;27.58;15.04;19.73;65.51;44.89;-0.233;NEUTRE;0;-54.6;-2;1
2026.03.04 07:00;24569.25;24676.50;24535.50;24654.50;29.75;15.22;22.76;44.04;30.74;-0.190;NEUTRE;0;-52.7;-2;1
2026.03.04 06:00;24573.50;24589.00;24498.50;24570.25;31.27;8.02;26.26;25.12;24.01;-0.531;SOFT_DOWN;-1;-76.9;-3;0
2026.03.04 05:00;24587.00;24616.50;24531.25;24573.00;27.89;9.25;24.74;23.05;23.74;-0.520;NEUTRE;0;-78.8;-3;0
2026.03.04 04:00;24598.50;24643.00;24565.75;24586.75;25.17;10.67;22.32;23.86;25.72;-0.465;NEUTRE;0;-79.9;-3;0
2026.03.04 03:00;24635.50;24636.25;24524.50;24598.25;23.61;10.97;25.75;24.30;28.32;-0.418;NEUTRE;0;-81.6;-3;0
2026.03.04 02:00;24674.25;24701.75;24588.25;24635.50;21.06;12.66;20.94;29.00;33.16;-0.267;NEUTRE;0;-81.2;-3;0
2026.03.04 01:00;24747.50;24770.50;24630.00;24674.50;20.51;14.61;18.50;31.66;42.35;-0.109;NEUTRE;0;;;0
2026.03.04 00:00;24701.50;24801.75;24675.50;24747.00;21.85;16.86;16.36;38.83;56.70;0.184;NEUTRE;0;;;0
2026.03.03 23:00;24696.25;24757.75;24669.75;24701.25;24.99;14.09;18.88;56.55;72.61;-1.077;STRONG_DOWN;-2;-66.2;-3;0
2026.03.03 21:00;24756.25;24756.50;24690.75;24710.50;26.60;16.26;18.11;74.71;82.64;-1.040;SOFT_DOWN;-1;-67.3;-3;0
2026.03.03 20:00;24785.75;24820.25;24717.50;24757.50;29.86;18.76;14.73;86.57;86.42;-0.852;SOFT_DOWN;-1;-64.1;-2;0
2026.03.03 19:00;24799.00;24848.75;24709.00;24785.75;32.60;21.64;17.00;86.65;79.77;-0.739;SOFT_DOWN;-1;-62;-2;1
2026.03.03 18:00;24640.50;24831.25;24640.00;24798.75;35.77;23.04;19.62;86.04;69.22;-0.687;SOFT_DOWN;-1;-61.6;-2;1
2026.03.03 17:00;24670.50;24711.00;24603.00;24639.00;40.04;16.97;22.64;66.63;54.16;-1.327;STRONG_DOWN;-2;-75.2;-3;1
2026.03.03 16:00;24446.00;24723.75;24435.50;24670.00;43.99;19.58;26.12;54.98;49.88;-1.202;STRONG_DOWN;-2;-74.6;-3;1
2026.03.03 15:00;24489.25;24559.25;24351.25;24446.50;48.56;13.81;30.14;40.86;47.41;-2.097;EXPLOSIVE_DOWN;-3;-81.6;-3;1
2026.03.03 14:00;24494.75;24659.50;24455.75;24489.00;50.32;15.93;27.04;53.80;45.26;-1.927;STRONG_DOWN;-2;-81.5;-3;1
2026.03.03 13:00;24581.25;24588.00;24447.50;24494.75;54.08;12.99;31.20;47.57;32.54;-1.904;STRONG_DOWN;-2;-82;-3;1
2026.03.03 12:00;24486.75;24604.75;24477.00;24581.25;56.06;14.99;32.77;34.40;18.98;-1.558;STRONG_DOWN;-2;-81;-3;1
2026.03.03 11:00;24450.50;24512.50;24369.00;24486.75;58.95;6.18;37.82;15.65;8.47;-1.936;STRONG_DOWN;-2;-83.3;-3;1
2026.03.03 10:00;24453.75;24482.00;24392.50;24450.50;56.96;3.86;43.63;6.89;4.85;-2.081;EXPLOSIVE_DOWN;-3;-84.3;-3;1
2026.03.03 09:00;24515.75;24580.50;24443.75;24453.75;52.84;4.46;41.54;2.88;5.12;-2.068;EXPLOSIVE_DOWN;-3;-84.9;-3;1
2026.03.03 08:00;24674.25;24694.00;24504.75;24515.75;48.57;5.14;41.06;4.80;7.54;-1.820;STRONG_DOWN;-2;-84.8;-3;1
2026.03.03 07:00;24752.75;24766.25;24668.00;24674.50;44.08;5.93;34.11;7.67;10.38;-1.184;STRONG_DOWN;-2;-83;-3;1
2026.03.03 06:00;24764.25;24798.00;24735.50;24752.50;40.04;6.85;28.79;10.15;13.96;-0.872;SOFT_DOWN;-1;-81.9;-3;0
2026.03.03 05:00;24809.75;24828.25;24743.50;24764.25;36.72;7.90;31.25;13.31;15.65;-0.825;SOFT_DOWN;-1;-82.9;-3;0
2026.03.03 04:00;24845.00;24862.00;24791.50;24809.75;33.19;9.11;27.34;18.41;14.50;-0.643;SOFT_DOWN;-1;-82.7;-3;0
2026.03.03 03:00;24860.25;24882.50;24804.00;24845.00;30.61;10.52;28.82;15.22;10.48;-0.502;NEUTRE;0;-83;-3;0
2026.03.03 02:00;24872.25;24877.75;24808.00;24860.25;28.16;11.20;33.26;9.87;10.76;-0.441;NEUTRE;0;-84.6;-3;0
2026.03.03 01:00;24929.50;24958.75;24868.50;24872.25;24.86;12.93;25.03;6.35;22.02;-0.392;NEUTRE;0;;;0
2026.03.03 00:00;24970.25;24981.00;24924.75;24929.50;23.78;14.92;19.29;16.04;43.62;-0.163;NEUTRE;0;;;0
2026.03.02 23:00;24983.25;25000.25;24943.75;24970.25;25.47;17.21;17.06;43.67;65.06;0.938;SOFT_UP;1;63.1;2;0
2026.03.02 21:00;25020.75;25027.75;24975.25;24993.00;29.32;19.86;11.11;71.16;80.31;1.030;SOFT_UP;1;67.2;3;0
2026.03.02 20:00;25081.75;25089.75;24947.00;25021.25;29.49;22.91;12.82;80.35;86.92;1.144;STRONG_UP;2;70.1;3;0
2026.03.02 19:00;24971.25;25099.00;24966.75;25082.00;29.68;26.44;12.66;89.41;92.06;1.390;STRONG_UP;2;74.2;3;1
2026.03.02 18:00;25064.75;25072.75;24967.75;24971.25;28.82;27.45;14.61;91.00;93.09;0.942;SOFT_UP;1;68.5;3;1
2026.03.02 17:00;25031.25;25075.50;25007.25;25064.75;28.56;31.68;11.07;95.78;88.64;1.320;STRONG_UP;2;75.1;3;1
2026.03.02 16:00;24923.00;25043.50;24851.50;25032.50;25.54;29.34;12.78;92.48;78.49;1.189;STRONG_UP;2;74.5;3;1
2026.03.02 15:00;24857.50;24956.00;24802.50;24923.25;23.42;26.84;14.74;77.66;68.45;0.748;SOFT_UP;1;67.5;3;1
2026.03.02 14:00;24619.75;24897.50;24606.75;24857.50;22.55;25.11;17.01;65.32;67.32;0.482;NEUTRE;0;59;2;1
2026.03.02 13:00;24629.75;24737.50;24594.25;24620.00;23.06;20.50;19.63;62.37;69.01;-0.478;NEUTRE;0;-60.7;-2;1
2026.03.02 12:00;24685.50;24703.75;24608.50;24628.25;26.27;20.03;22.65;74.26;64.45;-0.445;NEUTRE;0;-60.9;-2;1
2026.03.02 11:00;24656.00;24727.75;24634.50;24685.50;29.37;23.11;21.93;70.40;48.58;-0.213;NEUTRE;0;-43.1;-1;1
2026.03.02 10:00;24628.25;24683.75;24625.00;24656.00;33.49;19.41;25.31;48.69;30.46;-0.332;NEUTRE;0;-58.1;-2;1
2026.03.02 09:00;24562.00;24653.25;24551.00;24628.50;36.61;14.41;29.20;26.64;17.19;-0.444;NEUTRE;0;-67.3;-3;1
2026.03.02 08:00;24539.50;24589.75;24476.50;24561.75;37.03;7.07;33.69;16.06;13.20;-0.713;SOFT_DOWN;-1;-76.9;-3;1
2026.03.02 07:00;24589.00;24601.75;24530.00;24540.00;32.68;8.16;31.61;8.86;14.95;-0.801;SOFT_DOWN;-1;-79.8;-3;1
2026.03.02 06:00;24675.75;24701.50;24527.50;24589.00;28.63;9.41;36.47;14.69;23.71;-0.603;SOFT_DOWN;-1;-78.4;-3;0
2026.03.02 05:00;24757.75;24768.00;24671.50;24675.50;23.97;10.86;29.35;21.29;33.09;-0.254;NEUTRE;0;-67.9;-3;0
2026.03.02 04:00;24790.25;24816.00;24740.00;24758.50;20.58;12.53;22.94;35.17;38.14;0.082;NEUTRE;0;44.8;1;0
2026.03.02 03:00;24819.50;24834.00;24784.75;24790.25;19.24;14.46;17.41;42.81;35.28;0.210;NEUTRE;0;73.6;3;0
2026.03.02 02:00;24861.25;24873.00;24795.75;24819.50;20.77;16.69;16.65;36.45;28.75;0.328;NEUTRE;0;82.8;3;0
2026.03.02 01:00;24785.50;24899.50;24771.75;24861.25;23.95;19.25;19.22;26.57;28.72;0.497;NEUTRE;0;;;0
2026.03.02 00:00;24738.25;24795.50;24712.25;24785.25;27.62;9.69;22.17;23.24;35.59;0.190;NEUTRE;0;;;0
2026.03.01 23:00;24740.75;24812.50;24713.75;24738.25;25.85;11.18;25.31;36.34;43.17;-0.010;NEUTRE;0;-1.2;0;0
2026.02.27 21:00;24996.00;24996.00;24938.75;24957.50;23.87;12.90;15.00;47.19;46.34;-0.149;NEUTRE;0;-18.9;0;0
2026.02.27 20:00;24893.75;25022.00;24892.50;24995.25;26.39;14.89;17.31;45.97;51.58;0.002;NEUTRE;0;0.3;0;0
2026.02.27 19:00;24901.50;24958.50;24873.75;24893.75;29.29;9.64;19.97;45.85;61.49;-0.404;NEUTRE;0;-45.8;-2;1
2026.02.27 18:00;24944.75;24954.50;24874.00;24901.75;28.43;10.39;23.04;62.93;68.19;-0.372;NEUTRE;0;-45;-2;1
2026.02.27 17:00;24968.50;25035.75;24899.75;24944.75;26.98;11.99;21.66;75.69;62.76;-0.200;NEUTRE;0;-29.7;-1;1
2026.02.27 16:00;24982.25;25020.25;24931.00;24968.50;26.71;13.84;21.46;65.95;45.99;-0.105;NEUTRE;0;-17.6;0;1
2026.02.27 15:00;24879.25;25016.25;24866.00;24982.25;27.50;15.28;24.76;46.64;29.92;-0.050;NEUTRE;0;-9.2;0;1
2026.02.27 14:00;24870.00;24937.25;24781.75;24879.25;28.08;9.54;28.57;25.39;19.58;-0.462;NEUTRE;0;-57.9;-2;1
2026.02.27 13:00;24919.25;24941.25;24794.75;24869.75;24.72;11.00;31.68;17.73;18.78;-0.500;NEUTRE;0;-61.7;-2;1
2026.02.27 12:00;24951.75;24993.50;24897.25;24919.25;21.07;12.70;25.79;15.60;27.38;-0.302;NEUTRE;0;-50.6;-2;1
2026.02.27 11:00;24999.75;25011.25;24929.50;24951.75;19.07;14.65;24.60;23.01;44.29;-0.172;NEUTRE;0;-37.1;-1;1
2026.02.27 10:00;25029.00;25043.75;24965.75;24999.75;18.11;16.90;21.57;43.53;62.48;0.020;NEUTRE;0;5.5;0;1
2026.02.27 09:00;25066.00;25098.00;25023.75;25028.75;19.03;19.50;13.45;66.35;73.82;0.136;NEUTRE;0;36.2;1;1
2026.02.27 08:00;25071.75;25088.25;25037.50;25066.00;19.13;22.51;12.67;77.56;76.55;0.285;NEUTRE;0;59.9;2;1
2026.02.27 07:00;25030.25;25078.00;25030.25;25071.75;17.77;22.86;14.62;77.53;78.14;0.308;NEUTRE;0;64.8;2;1
2026.02.27 06:00;25038.75;25045.25;24991.25;25030.00;17.12;15.88;16.86;74.54;76.42;0.141;NEUTRE;0;48.7;2;0
2026.02.27 05:00;25022.50;25059.50;25021.75;25038.75;19.29;18.32;10.77;82.34;68.93;0.176;NEUTRE;0;59.6;2;0
2026.02.27 04:00;25024.00;25035.00;25011.00;25022.75;18.26;11.16;12.43;72.37;53.15;0.112;NEUTRE;0;53.6;2;0
2026.02.27 03:00;25030.75;25035.00;25001.25;25024.00;20.24;12.88;14.34;52.09;40.96;0.117;NEUTRE;0;62.1;2;0
2026.02.27 02:00;24992.00;25032.50;24984.75;25030.75;22.53;13.72;16.54;35.00;40.27;0.144;NEUTRE;0;74;3;0
2026.02.27 01:00;24987.25;25016.50;24969.50;24992.00;24.56;10.67;19.09;35.80;52.17;-0.011;NEUTRE;0;;;0
2026.02.27 00:00;24994.75;25025.25;24954.25;24985.50;23.98;12.31;22.02;50.02;63.67;-0.037;NEUTRE;0;;;0
2026.02.26 23:00;24993.00;25035.50;24954.50;24995.25;23.32;14.21;25.36;70.69;63.30;-1.264;STRONG_DOWN;-2;-69.4;-3;0
2026.02.26 21:00;25082.75;25089.00;25025.75;25032.25;22.58;16.39;15.73;70.30;49.32;-1.118;STRONG_DOWN;-2;-68.8;-3;0
2026.02.26 20:00;25062.50;25091.50;25023.75;25082.50;25.73;18.92;18.15;48.90;32.25;-0.919;SOFT_DOWN;-1;-65.8;-3;0
2026.02.26 19:00;24999.75;25098.00;24989.25;25062.75;29.37;21.83;20.94;28.77;22.19;-0.997;SOFT_DOWN;-1;-68.5;-3;1
2026.02.26 18:00;24934.00;25030.00;24888.75;25000.75;33.57;15.56;24.16;19.07;18.76;-1.242;STRONG_DOWN;-2;-73.3;-3;1
2026.02.26 17:00;24962.50;25008.00;24911.75;24934.25;35.40;17.96;25.37;18.73;19.61;-1.505;STRONG_DOWN;-2;-76.9;-3;1
2026.02.26 16:00;24999.75;25084.50;24953.75;24962.50;38.22;20.72;22.56;18.48;20.57;-1.393;STRONG_DOWN;-2;-76.6;-3;1
2026.02.26 15:00;25190.50;25209.00;24861.50;24998.50;43.44;23.91;26.03;21.61;31.55;-1.251;STRONG_DOWN;-2;-76.1;-3;1
2026.02.26 14:00;25383.25;25397.25;25182.50;25191.75;49.47;27.59;15.82;21.63;41.31;-0.488;NEUTRE;0;-59.3;-2;1
2026.02.26 13:00;25372.75;25414.50;25361.00;25383.25;52.92;31.83;5.47;51.42;55.04;0.269;NEUTRE;0;45;2;1
2026.02.26 12:00;25361.00;25389.50;25359.75;25372.75;50.18;29.54;6.31;50.88;59.79;0.227;NEUTRE;0;42.5;1;1
2026.02.26 11:00;25356.00;25369.25;25344.75;25361.00;47.94;23.61;7.28;62.81;67.18;0.181;NEUTRE;0;38.5;1;1
2026.02.26 10:00;25377.50;25387.75;25346.50;25356.00;47.19;27.24;7.31;65.68;69.36;0.161;NEUTRE;0;37.9;1;1
2026.02.26 09:00;25348.50;25400.50;25345.25;25377.50;45.57;31.43;8.43;73.03;72.50;0.246;NEUTRE;0;52.9;2;1
2026.02.26 08:00;25347.25;25391.25;25342.75;25348.50;43.70;33.70;9.73;69.36;68.93;0.131;NEUTRE;0;38.4;1;1
2026.02.26 07:00;25326.50;25363.50;25325.25;25346.25;41.93;30.08;11.22;75.09;58.95;0.122;NEUTRE;0;40.1;1;1
2026.02.26 06:00;25306.75;25343.25;25306.00;25326.50;41.36;26.56;12.95;62.34;42.12;0.044;NEUTRE;0;19.5;0;0
2026.02.26 05:00;25299.50;25309.00;25282.50;25306.75;42.42;16.50;14.94;39.42;28.36;-0.034;NEUTRE;0;-18.2;0;0
2026.02.26 04:00;25300.00;25309.25;25292.00;25299.50;48.19;19.04;11.73;24.60;21.81;-0.062;NEUTRE;0;-36.9;-1;0
2026.02.26 03:00;25306.25;25322.50;25294.00;25300.00;51.95;21.97;11.75;21.07;20.28;-0.060;NEUTRE;0;-44.1;-1;0
2026.02.26 02:00;25315.50;25318.50;25288.50;25306.25;55.28;23.19;13.56;19.77;25.69;-0.036;NEUTRE;0;-41.1;-1;0
2026.02.26 01:00;25314.75;25319.00;25264.50;25315.50;59.75;26.75;15.64;20.02;37.96;0.001;NEUTRE;0;;;0
2026.02.26 00:00;25315.25;25340.25;25301.75;25314.75;64.91;30.87;7.53;37.27;60.15;-0.002;NEUTRE;0;;;0
2026.02.25 23:00;25408.50;25416.75;25274.00;25315.50;65.54;35.62;8.69;56.59;78.84;1.084;STRONG_UP;2;66.3;3;0
2026.02.25 21:00;25381.00;25492.75;25369.50;25459.25;66.28;41.10;2.10;86.57;91.82;1.658;STRONG_UP;2;75.3;3;0
2026.02.25 20:00;25368.00;25395.25;25351.50;25383.00;62.58;35.25;2.42;93.36;93.52;1.354;STRONG_UP;2;73;3;0
2026.02.25 19:00;25350.00;25377.00;25348.75;25368.00;58.80;34.26;2.79;95.55;90.80;1.294;STRONG_UP;2;73.1;3;1
2026.02.25 18:00;25351.75;25357.00;25333.50;25350.00;54.78;28.63;3.22;91.67;87.65;1.222;STRONG_UP;2;73.1;3;1
2026.02.25 17:00;25315.75;25353.75;25310.50;25351.25;50.94;30.91;3.72;85.19;86.18;1.227;STRONG_UP;2;74;3;1
2026.02.25 16:00;25294.25;25331.50;25282.50;25315.75;46.69;27.75;4.29;86.10;88.99;1.085;STRONG_UP;2;73.1;3;1
2026.02.25 15:00;25342.50;25359.00;25264.25;25294.25;42.61;32.02;4.95;87.26;90.77;0.999;SOFT_UP;1;72.8;3;1
2026.02.25 14:00;25149.75;25350.00;25129.25;25342.50;37.89;35.49;5.71;93.60;91.26;1.192;STRONG_UP;2;76.4;3;1
2026.02.25 13:00;25137.75;25164.75;25123.25;25149.50;32.60;28.04;6.59;91.44;89.26;0.421;NEUTRE;0;57.5;2;1
2026.02.25 12:00;25124.00;25147.75;25104.50;25138.00;28.09;26.05;7.60;88.75;85.26;0.375;NEUTRE;0;56.5;2;1
2026.02.25 11:00;25072.50;25127.50;25067.75;25124.00;23.97;22.85;8.77;87.60;76.17;0.319;NEUTRE;0;54.5;2;1
2026.02.25 10:00;25081.25;25092.75;25064.75;25072.50;20.81;17.42;10.12;79.43;62.02;0.114;NEUTRE;0;28.9;1;1
2026.02.25 09:00;25072.75;25087.25;25054.25;25081.25;19.93;17.08;11.67;61.48;47.26;0.149;NEUTRE;0;38.7;1;1
2026.02.25 08:00;25036.25;25089.50;25035.75;25072.75;20.10;19.71;13.47;45.14;39.70;0.115;NEUTRE;0;34.8;1;1
2026.02.25 07:00;25040.50;25052.50;25017.25;25035.50;20.30;12.20;15.54;35.16;40.48;-0.034;NEUTRE;0;-13.2;0;1
2026.02.25 06:00;25039.75;25057.75;25031.25;25040.50;21.57;14.08;11.82;38.80;51.12;-0.014;NEUTRE;0;-6.4;0;0
2026.02.25 05:00;25049.75;25066.50;25029.75;25039.75;23.55;16.24;13.64;47.47;65.68;-0.017;NEUTRE;0;-9.3;0;0
2026.02.25 04:00;25066.25;25066.75;25033.75;25049.75;25.83;18.74;14.07;67.09;81.13;0.023;NEUTRE;0;15.5;0;0
2026.02.25 03:00;25106.00;25108.25;24999.00;25066.25;27.62;21.63;16.23;82.49;86.84;0.089;NEUTRE;0;55.1;2;0
2026.02.25 02:00;25102.50;25113.25;25084.00;25106.00;29.67;24.95;6.76;93.83;80.77;0.248;NEUTRE;0;80.5;3;0
2026.02.25 01:00;25070.25;25112.00;25061.50;25102.50;25.41;28.13;7.80;84.21;66.55;0.234;NEUTRE;0;;;0
2026.02.25 00:00;25044.00;25073.75;25018.50;25070.25;20.62;20.81;9.00;64.28;59.86;0.105;NEUTRE;0;;;0
2026.02.24 23:00;25009.50;25050.00;24991.50;25044.00;17.70;17.40;10.38;51.17;64.87;1.036;SOFT_UP;1;65.4;3;0
2026.02.24 21:00;25028.25;25036.75;25003.00;25020.25;16.54;16.59;11.98;64.13;76.74;0.940;SOFT_UP;1;65.2;3;0
2026.02.24 20:00;25020.75;25070.50;24994.25;25028.25;16.60;19.14;13.83;79.32;85.82;0.972;SOFT_UP;1;67;3;0
2026.02.24 19:00;25029.00;25051.50;24988.00;25020.75;16.67;18.25;15.95;86.78;89.50;0.942;SOFT_UP;1;67.4;3;1
2026.02.24 18:00;25045.75;25077.75;25011.25;25029.00;18.20;21.06;12.77;91.35;88.27;0.975;SOFT_UP;1;69.1;3;1
2026.02.24 17:00;25027.75;25075.25;25020.75;25045.75;17.24;24.30;12.54;90.38;83.40;1.043;SOFT_UP;1;71.4;3;1
2026.02.24 16:00;24975.25;25046.00;24969.00;25027.75;14.98;19.78;14.47;83.08;74.10;0.970;SOFT_UP;1;71.2;3;1
2026.02.24 15:00;24874.50;25030.25;24819.00;24975.25;14.90;19.68;16.70;76.74;66.59;0.758;SOFT_UP;1;67.8;3;1
2026.02.24 14:00;24876.25;24963.00;24694.50;24874.50;15.93;17.81;19.27;62.49;60.72;0.352;NEUTRE;0;50.6;2;1
2026.02.24 13:00;24816.00;24889.75;24813.50;24876.25;17.78;20.55;15.41;60.53;63.28;0.359;NEUTRE;0;53.2;2;1
2026.02.24 12:00;24832.50;24899.25;24795.50;24816.00;18.31;23.71;17.78;59.13;61.40;0.116;NEUTRE;0;25.1;1;1
2026.02.24 11:00;24841.50;24852.50;24808.25;24832.50;18.94;20.42;20.52;70.18;54.95;0.183;NEUTRE;0;38.8;1;1
2026.02.24 10:00;24846.50;24864.75;24824.75;24841.25;21.81;23.57;17.94;54.89;39.37;0.218;NEUTRE;0;46.5;2;1
2026.02.24 09:00;24790.50;24847.00;24787.75;24846.25;23.08;20.36;20.70;39.80;32.23;0.238;NEUTRE;0;52;2;1
2026.02.24 08:00;24833.25;24833.50;24760.00;24790.50;26.51;19.99;23.88;23.42;39.57;0.013;NEUTRE;0;4.5;0;1
2026.02.24 07:00;24837.00;24867.75;24830.00;24831.75;29.22;23.07;12.91;33.48;58.22;0.180;NEUTRE;0;51.2;2;1
2026.02.24 06:00;24839.50;24852.25;24822.25;24837.00;29.37;20.30;14.89;61.81;77.67;0.201;NEUTRE;0;58.3;2;0
2026.02.24 05:00;24875.25;24886.50;24825.00;24839.75;31.53;23.42;15.77;79.35;87.54;0.212;NEUTRE;0;64;2;0
2026.02.24 04:00;24872.50;24883.00;24865.00;24875.25;33.37;27.03;8.19;91.83;91.95;0.355;NEUTRE;0;76.9;3;0
2026.02.24 03:00;24868.50;24883.25;24866.00;24872.50;30.28;31.18;8.60;91.44;90.34;0.344;NEUTRE;0;79.8;3;0
2026.02.24 02:00;24821.25;24878.00;24815.75;24868.50;26.20;31.30;9.92;92.59;87.07;0.328;NEUTRE;0;82.8;3;0
2026.02.24 01:00;24815.00;24834.50;24794.50;24821.25;22.25;25.36;11.45;87.00;80.18;0.137;NEUTRE;0;;;0
2026.02.24 00:00;24787.25;24822.25;24773.00;24815.00;19.86;24.55;13.21;81.63;64.49;0.112;NEUTRE;0;;;0
2026.02.23 23:00;24786.75;24823.50;24768.25;24787.25;18.29;28.33;15.24;71.92;44.80;-0.733;SOFT_DOWN;-1;-57;-2;0
2026.02.23 21:00;24768.25;24796.00;24757.50;24784.75;16.48;25.03;17.58;39.93;26.00;-0.743;SOFT_DOWN;-1;-59.7;-2;0
2026.02.23 20:00;24689.00;24771.75;24678.50;24767.00;16.33;19.19;20.29;22.57;18.76;-0.814;SOFT_DOWN;-1;-63.1;-2;0
2026.02.23 19:00;24726.50;24753.75;24683.00;24691.00;18.42;19.18;23.41;15.51;15.98;-1.118;STRONG_DOWN;-2;-70.6;-3;1
2026.02.23 18:00;24744.00;24819.50;24719.75;24726.50;19.72;22.13;19.02;18.21;15.78;-0.976;SOFT_DOWN;-1;-69.1;-3;1
2026.02.23 17:00;24733.75;24762.50;24676.75;24744.00;21.59;16.74;21.95;14.23;15.86;-0.906;SOFT_DOWN;-1;-68.8;-3;1
2026.02.23 16:00;24743.50;24788.25;24667.50;24734.50;22.85;19.32;25.32;14.91;21.46;-0.944;SOFT_DOWN;-1;-70.7;-3;1
2026.02.23 15:00;24912.75;24951.25;24738.00;24742.75;24.29;22.29;20.24;18.44;28.85;-0.911;SOFT_DOWN;-1;-71.2;-3;1
2026.02.23 14:00;24934.00;25038.25;24857.50;24912.75;27.29;25.72;14.73;31.03;40.20;-0.230;NEUTRE;0;-38.5;-1;1
2026.02.23 13:00;24903.50;24953.00;24887.75;24934.00;27.30;22.42;16.99;37.09;54.73;-0.145;NEUTRE;0;-28.4;-1;1
2026.02.23 12:00;24927.00;24941.75;24883.25;24903.50;29.39;23.21;19.61;52.48;71.72;-0.267;NEUTRE;0;-47.1;-2;1
2026.02.23 11:00;24969.00;24986.75;24906.75;24928.50;32.61;26.79;16.44;74.62;84.41;-0.167;NEUTRE;0;-36.3;-1;1
2026.02.23 10:00;24982.75;24999.00;24945.00;24969.00;33.95;30.91;11.62;88.05;90.44;-0.005;NEUTRE;0;-1.4;0;1
2026.02.23 09:00;24928.50;25003.00;24928.50;24982.50;32.19;35.66;13.41;90.56;86.16;0.049;NEUTRE;0;14.8;0;1
2026.02.23 08:00;24897.75;24933.00;24877.25;24928.50;30.17;26.69;15.47;92.71;69.04;-0.167;NEUTRE;0;-45.3;-2;1
2026.02.23 07:00;24866.75;24913.50;24862.25;24898.00;30.71;25.42;17.85;75.21;44.34;-0.289;NEUTRE;0;-63.4;-2;1
2026.02.23 06:00;24838.00;24868.50;24831.75;24867.00;32.75;15.82;20.59;39.21;23.61;-0.413;NEUTRE;0;-73.3;-3;0
2026.02.23 05:00;24833.25;24842.75;24806.75;24838.00;35.77;7.47;23.76;18.61;13.70;-0.530;NEUTRE;0;-79;-3;0
2026.02.23 04:00;24841.00;24851.75;24811.00;24833.25;33.25;8.62;25.60;13.00;9.39;-0.549;SOFT_DOWN;-1;-81.4;-3;0
2026.02.23 03:00;24838.25;24862.25;24812.50;24840.75;30.73;9.95;28.97;9.49;7.73;-0.519;NEUTRE;0;-83.2;-3;0
2026.02.23 02:00;24842.00;24856.00;24807.50;24838.25;27.94;9.55;33.43;5.69;16.21;-0.529;NEUTRE;0;-85.5;-3;0
2026.02.23 01:00;24852.75;24881.25;24832.25;24842.50;23.69;11.02;30.72;8.01;35.33;-0.512;NEUTRE;0;;;0
2026.02.23 00:00;24970.25;24970.25;24847.75;24852.50;20.08;12.71;30.58;34.93;56.50;-0.472;NEUTRE;0;;;0
2026.02.22 23:00;25046.50;25055.25;24935.50;24970.50;16.81;14.67;24.29;63.05;70.83;-0.303;NEUTRE;0;-32.5;-1;0
2026.02.20 21:00;25075.00;25087.25;25063.75;25077.75;15.60;16.92;14.16;71.53;75.87;0.809;SOFT_UP;1;61.8;2;0
2026.02.20 20:00;25021.75;25076.75;25013.50;25075.00;16.63;12.65;16.33;77.92;80.84;0.798;SOFT_UP;1;62.6;2;0
2026.02.20 19:00;25097.75;25117.50;25017.50;25021.75;17.24;14.60;17.87;78.15;84.49;0.584;SOFT_UP;1;56.1;2;1
2026.02.20 18:00;25033.75;25120.75;24928.00;25097.00;18.34;16.85;20.62;86.46;88.66;0.886;SOFT_UP;1;67.2;3;1
2026.02.20 17:00;25097.00;25108.50;24879.00;25033.75;19.61;18.46;23.80;88.86;83.55;0.632;SOFT_UP;1;60.9;2;1
2026.02.20 16:00;25117.75;25138.00;24967.00;25097.00;20.69;21.30;21.56;90.67;67.55;0.886;SOFT_UP;1;69.5;3;1
2026.02.20 15:00;24897.00;25124.25;24858.00;25117.75;23.78;23.34;24.87;71.11;42.80;0.970;SOFT_UP;1;72.3;3;1
2026.02.20 14:00;24768.75;24955.75;24679.50;24893.25;26.94;17.20;28.70;40.87;23.61;0.067;NEUTRE;0;13;0;1
2026.02.20 13:00;24828.25;24863.00;24722.25;24768.75;27.23;14.68;33.12;16.41;15.95;-0.433;NEUTRE;0;-58.2;-2;1
2026.02.20 12:00;24828.50;24848.50;24790.00;24828.50;25.49;16.94;30.81;13.55;23.40;-0.193;NEUTRE;0;-37.9;-1;1
2026.02.20 11:00;24901.00;24901.25;24810.50;24828.50;24.94;19.54;30.15;17.89;37.22;-0.193;NEUTRE;0;-40.3;-1;1
2026.02.20 10:00;24934.75;24945.75;24899.75;24901.00;25.49;22.55;19.66;38.76;54.26;0.098;NEUTRE;0;25.4;1;1
2026.02.20 09:00;24936.00;24983.50;24930.75;24935.25;28.36;26.02;12.32;55.02;66.55;0.236;NEUTRE;0;51.8;2;1
2026.02.20 08:00;24920.25;24941.00;24896.00;24935.50;27.23;17.62;14.22;68.99;73.84;0.237;NEUTRE;0;55.1;2;1
2026.02.20 07:00;24942.00;24953.50;24907.00;24920.25;29.77;20.33;12.64;75.63;73.29;0.176;NEUTRE;0;50.6;2;1
2026.02.20 06:00;24941.75;24955.25;24930.00;24942.00;30.76;23.46;6.98;76.91;68.28;0.263;NEUTRE;0;64.8;2;0
2026.02.20 05:00;24900.50;24946.50;24900.25;24941.75;27.16;21.74;8.05;67.32;66.11;0.262;NEUTRE;0;68.5;3;0
2026.02.20 04:00;24889.00;24913.00;24884.50;24900.50;24.27;13.94;9.29;60.63;70.93;0.096;NEUTRE;0;49.3;2;0
2026.02.20 03:00;24896.25;24910.00;24887.75;24889.00;24.92;16.09;8.96;70.39;80.30;0.050;NEUTRE;0;38.9;1;0
2026.02.20 02:00;24905.25;24932.75;24877.50;24896.25;24.38;18.56;10.34;81.78;83.45;0.079;NEUTRE;0;62.4;2;0
2026.02.20 01:00;24900.25;24934.00;24890.50;24905.25;23.76;21.42;8.31;88.74;77.78;0.116;NEUTRE;0;;;0
2026.02.20 00:00;24876.50;24912.00;24857.75;24900.50;20.63;16.93;9.59;79.83;61.58;0.096;NEUTRE;0;;;0
2026.02.19 23:00;24830.25;24887.75;24824.50;24876.50;19.55;12.66;11.07;64.76;47.50;-0.348;NEUTRE;0;-36.2;-1;0
2026.02.19 21:00;24862.00;24870.75;24828.00;24834.25;21.52;10.47;12.77;40.14;33.53;-0.517;NEUTRE;0;-50;-2;0
2026.02.19 20:00;24781.25;24864.75;24776.50;24861.50;23.31;9.93;14.74;37.59;30.60;-0.408;NEUTRE;0;-44.6;-1;0
2026.02.19 19:00;24839.75;24848.50;24751.00;24781.25;23.90;8.62;17.00;22.85;32.92;-0.729;SOFT_DOWN;-1;-61.7;-2;1
2026.02.19 18:00;24779.50;24847.50;24749.00;24840.50;22.54;9.79;19.62;31.36;47.45;-0.492;NEUTRE;0;-52.9;-2;1
2026.02.19 17:00;24843.25;24903.00;24764.50;24779.50;20.87;11.30;20.22;44.55;58.41;-0.736;SOFT_DOWN;-1;-64.5;-2;1
2026.02.19 16:00;24923.50;24958.50;24801.25;24843.00;19.72;13.03;19.24;66.45;56.69;-0.482;NEUTRE;0;-55.5;-2;1
2026.02.19 15:00;24879.50;24949.25;24847.75;24923.25;19.80;15.04;17.65;64.22;42.86;-0.160;NEUTRE;0;-27.3;-1;1
2026.02.19 14:00;24853.00;24918.50;24762.75;24879.50;21.61;12.69;20.37;39.41;27.96;-0.335;NEUTRE;0;-49.2;-2;1
2026.02.19 13:00;24867.75;24879.75;24800.25;24853.25;21.36;10.82;23.50;24.95;21.10;-0.441;NEUTRE;0;-58.6;-2;1
2026.02.19 12:00;24876.75;24896.50;24814.25;24867.75;18.96;12.48;24.41;19.51;17.98;-0.383;NEUTRE;0;-57.1;-2;1
2026.02.19 11:00;24854.50;24884.75;24835.50;24877.50;16.90;14.40;24.19;18.83;22.09;-0.344;NEUTRE;0;-56.5;-2;1
2026.02.19 10:00;24892.00;24901.75;24824.50;24853.75;15.60;16.61;27.91;15.61;34.77;-0.439;NEUTRE;0;-64.8;-2;1
2026.02.19 09:00;24955.75;24972.25;24850.00;24892.00;14.09;19.17;27.13;31.83;57.91;-0.285;NEUTRE;0;-56.9;-2;1
2026.02.19 08:00;25018.50;25053.00;24944.50;24953.75;13.62;22.12;19.41;56.86;72.86;-0.038;NEUTRE;0;-12.9;0;1
2026.02.19 07:00;25017.50;25046.50;25007.00;25018.75;14.71;25.52;13.54;85.03;77.68;0.222;NEUTRE;0;56.9;2;1
2026.02.19 06:00;24995.50;25019.50;24987.00;25017.50;12.25;18.93;15.62;76.70;72.56;0.217;NEUTRE;0;60.3;2;0
2026.02.19 05:00;24955.25;25003.50;24940.00;24995.50;12.66;14.27;18.02;71.31;74.22;0.129;NEUTRE;0;51.3;2;0
2026.02.19 04:00;24983.25;24993.25;24953.00;24955.25;12.82;16.47;17.64;69.67;73.03;-0.032;NEUTRE;0;-21.2;0;0
2026.02.19 03:00;24978.75;24998.50;24965.75;24983.25;14.26;19.00;15.48;81.67;67.58;0.080;NEUTRE;0;52.2;2;0
2026.02.19 02:00;24972.25;24987.25;24953.50;24978.75;14.89;16.64;17.87;67.75;53.25;0.062;NEUTRE;0;56.3;2;0
2026.02.19 01:00;24946.25;24993.75;24937.25;24972.25;16.63;19.20;20.61;53.32;42.49;0.036;NEUTRE;0;;;0
2026.02.19 00:00;24963.25;24972.25;24915.75;24946.25;18.64;16.30;23.79;38.68;33.03;-0.068;NEUTRE;0;;;0
2026.02.18 23:00;24954.75;24994.25;24954.75;24963.50;18.64;18.81;16.83;35.48;34.54;1.028;SOFT_UP;1;65.2;3;0
2026.02.18 21:00;24954.50;24966.25;24925.75;24936.00;20.65;14.31;19.41;24.94;43.67;0.917;SOFT_UP;1;64.7;2;0
2026.02.18 20:00;24882.50;24997.00;24855.50;24956.00;21.49;16.51;22.40;43.19;63.09;0.998;SOFT_UP;1;67.5;3;0
2026.02.18 19:00;25025.25;25034.75;24861.75;24882.50;22.47;19.05;25.17;62.89;79.05;0.700;SOFT_UP;1;60.7;2;1
2026.02.18 18:00;25096.50;25126.50;24981.75;25024.75;23.80;21.98;18.37;83.20;88.24;1.276;STRONG_UP;2;73.7;3;1
2026.02.18 17:00;25060.75;25127.25;25058.25;25097.25;26.08;25.36;13.06;91.06;85.91;1.569;STRONG_UP;2;77.4;3;1
2026.02.18 16:00;25085.75;25115.50;25057.00;25060.75;25.17;26.64;15.07;90.45;73.28;1.422;STRONG_UP;2;76.9;3;1
2026.02.18 15:00;24941.50;25098.00;24937.00;25085.75;24.78;26.14;17.39;76.22;56.16;1.523;STRONG_UP;2;78.5;3;1
2026.02.18 14:00;24827.25;24957.25;24751.75;24939.75;25.50;16.71;20.07;53.17;52.89;0.932;SOFT_UP;1;72.8;3;1
2026.02.18 13:00;24889.00;24919.50;24816.50;24827.25;28.02;19.28;18.31;39.09;60.76;0.477;NEUTRE;0;60.6;2;1
2026.02.18 12:00;24894.25;24960.50;24843.50;24889.25;31.93;22.24;17.09;66.40;75.96;0.727;SOFT_UP;1;71.2;3;1
2026.02.18 11:00;24921.00;24927.00;24889.50;24894.25;34.83;25.67;13.67;76.80;82.25;0.748;SOFT_UP;1;73.1;3;1
2026.02.18 10:00;24908.50;24938.75;24907.00;24921.00;35.50;29.62;8.60;84.70;85.48;0.856;SOFT_UP;1;76.4;3;1
2026.02.18 09:00;24902.75;24940.25;24898.75;24908.75;32.50;34.17;9.92;85.26;85.44;0.806;SOFT_UP;1;77;3;1
2026.02.18 08:00;24832.75;24914.75;24832.25;24902.75;29.04;29.98;11.45;86.50;86.27;0.782;SOFT_UP;1;78.1;3;1
2026.02.18 07:00;24822.50;24841.25;24801.25;24833.00;26.62;20.88;13.21;84.57;88.13;0.500;NEUTRE;0;73.9;3;1
2026.02.18 06:00;24824.00;24845.75;24808.25;24822.75;27.25;24.09;12.55;87.75;86.50;0.458;NEUTRE;0;74.9;3;0
2026.02.18 05:00;24835.00;24843.50;24819.50;24824.25;26.59;27.80;9.86;92.08;75.10;0.464;NEUTRE;0;77.4;3;0
2026.02.18 04:00;24792.75;24839.00;24782.75;24835.00;23.36;29.19;11.38;79.68;53.54;0.508;NEUTRE;0;80.8;3;0
2026.02.18 03:00;24757.25;24798.25;24735.25;24792.75;20.20;22.54;13.13;53.55;34.41;0.337;NEUTRE;0;79.6;3;0
2026.02.18 02:00;24743.25;24769.75;24734.50;24757.25;19.24;19.05;15.15;27.39;28.25;0.193;NEUTRE;0;77.9;3;0
2026.02.18 01:00;24725.25;24745.00;24708.75;24743.25;20.45;11.17;17.48;22.30;35.73;0.137;NEUTRE;0;;;0
2026.02.18 00:00;24709.50;24753.75;24707.50;24725.25;20.21;12.89;20.17;35.07;51.62;0.064;NEUTRE;0;;;0
2026.02.17 23:00;24762.50;24766.75;24701.50;24709.50;19.94;14.88;23.27;49.83;67.06;-0.432;NEUTRE;0;-42.3;-1;0
2026.02.17 21:00;24776.00;24817.75;24754.50;24771.50;19.62;17.17;15.20;69.96;77.83;-0.182;NEUTRE;0;-22.8;0;0
2026.02.17 20:00;24813.75;24841.00;24735.25;24774.75;21.70;19.81;17.54;81.39;82.08;-0.169;NEUTRE;0;-22.2;0;0
2026.02.17 19:00;24844.25;24888.50;24807.00;24813.75;24.11;22.85;9.80;82.13;76.51;-0.012;NEUTRE;0;-1.8;0;1
2026.02.17 18:00;24696.25;24871.50;24648.75;24844.25;21.66;23.16;11.31;82.73;63.76;0.111;NEUTRE;0;16.6;0;1
2026.02.17 17:00;24759.25;24764.00;24608.00;24696.25;19.71;19.30;13.05;64.68;45.66;-0.486;NEUTRE;0;-54.1;-2;1
2026.02.17 16:00;24598.75;24795.00;24592.00;24759.25;19.76;22.27;15.05;43.89;29.74;-0.232;NEUTRE;0;-35.1;-1;1
2026.02.17 15:00;24479.75;24640.00;24448.50;24598.75;19.83;13.95;17.37;28.41;25.76;-0.878;SOFT_DOWN;-1;-70.6;-3;1
2026.02.17 14:00;24611.25;24813.75;24475.00;24483.25;21.20;16.09;17.91;16.93;22.78;-1.344;STRONG_DOWN;-2;-77.9;-3;1
2026.02.17 13:00;24583.75;24701.50;24517.50;24611.25;23.64;13.47;20.67;31.94;31.69;-0.828;SOFT_DOWN;-1;-72;-3;1
2026.02.17 12:00;24622.50;24666.50;24576.75;24584.00;24.03;15.54;18.90;19.48;37.30;-0.938;SOFT_DOWN;-1;-75.2;-3;1
2026.02.17 11:00;24606.00;24635.50;24571.50;24622.25;26.23;12.62;21.80;43.64;54.27;-0.784;SOFT_DOWN;-1;-73.8;-3;1
2026.02.17 10:00;24685.25;24696.50;24589.50;24605.75;26.17;14.56;20.83;48.78;60.83;-0.850;SOFT_DOWN;-1;-76.3;-3;1
2026.02.17 09:00;24639.25;24694.50;24635.50;24685.25;27.47;16.81;17.42;70.40;57.64;-0.530;NEUTRE;0;-70.7;-3;1
2026.02.17 08:00;24659.25;24725.25;24623.50;24639.00;31.42;19.39;20.10;63.31;41.44;-0.716;SOFT_DOWN;-1;-77;-3;1
2026.02.17 07:00;24627.50;24662.75;24583.50;24659.25;35.98;12.92;23.19;39.21;24.87;-0.635;SOFT_DOWN;-1;-77.2;-3;1
2026.02.17 06:00;24581.00;24639.50;24581.00;24627.50;37.14;10.40;26.76;21.80;17.48;-0.763;SOFT_DOWN;-1;-80.8;-3;0
2026.02.17 05:00;24621.50;24624.50;24557.50;24581.00;36.08;8.05;30.88;13.60;14.91;-0.950;SOFT_DOWN;-1;-83.8;-3;0
2026.02.17 04:00;24608.50;24628.75;24592.50;24621.50;32.61;9.29;27.59;17.05;18.33;-0.787;SOFT_DOWN;-1;-84;-3;0
2026.02.17 03:00;24660.75;24663.75;24572.75;24608.50;30.00;10.72;31.84;14.08;26.59;-0.839;SOFT_DOWN;-1;-85.8;-3;0
2026.02.17 02:00;24666.25;24683.50;24617.00;24660.75;26.98;12.37;29.25;23.86;43.60;-0.629;SOFT_DOWN;-1;-86.2;-3;0
2026.02.17 01:00;24786.75;24823.25;24649.75;24666.25;24.89;14.28;26.18;41.83;59.69;-0.606;SOFT_DOWN;-1;;;0
2026.02.17 00:00;24816.75;24833.50;24773.50;24786.75;24.19;16.47;19.23;65.11;66.53;-0.121;NEUTRE;0;;;0
2026.02.16 23:00;24759.00;24840.50;24737.75;24816.50;26.73;19.01;22.19;72.12;63.13;-0.073;NEUTRE;0;-8.7;0;0
2026.02.16 21:00;24742.25;24745.50;24719.25;24743.25;29.65;7.71;25.60;62.37;53.55;-0.368;NEUTRE;0;-40.3;-1;0
2026.02.16 20:00;24743.50;24743.50;24742.25;24743.25;25.94;8.89;16.06;54.91;44.24;-0.368;NEUTRE;0;-41.7;-1;0
2026.02.16 19:00;24743.50;24743.50;24728.75;24743.50;25.51;10.26;18.53;43.36;33.67;-0.367;NEUTRE;0;-43.1;-1;1
2026.02.16 18:00;24742.50;24743.50;24730.25;24743.50;25.02;11.84;19.82;34.45;26.93;-0.367;NEUTRE;0;-44.6;-1;1
2026.02.16 17:00;24727.50;24770.00;24713.00;24742.50;24.99;13.66;22.87;23.19;21.54;-0.371;NEUTRE;0;-46.6;-2;1
2026.02.16 16:00;24691.75;24752.25;24670.25;24727.25;24.95;10.97;26.38;23.16;23.14;-0.433;NEUTRE;0;-52.6;-2;1
2026.02.16 15:00;24767.25;24796.50;24678.25;24691.75;22.44;12.66;28.94;18.27;24.63;-0.576;SOFT_DOWN;-1;-61.7;-2;1
2026.02.16 14:00;24843.25;24844.00;24691.50;24767.00;19.87;14.60;31.67;27.98;35.11;-0.273;NEUTRE;0;-43.3;-1;1
2026.02.16 13:00;24868.25;24874.75;24843.25;24843.50;17.26;16.85;21.24;27.64;48.35;0.035;NEUTRE;0;7.4;0;1
2026.02.16 12:00;24862.00;24879.75;24847.50;24868.50;18.14;19.44;22.43;49.72;66.61;0.136;NEUTRE;0;28.7;1;1
2026.02.16 11:00;24877.00;24877.75;24841.00;24861.75;19.83;21.48;25.88;67.70;80.02;0.109;NEUTRE;0;25.6;1;1
2026.02.16 10:00;24908.25;24911.00;24867.75;24877.00;21.45;24.78;18.66;82.43;82.22;0.170;NEUTRE;0;39.4;1;1
2026.02.16 09:00;24894.25;24920.75;24887.25;24908.75;22.59;28.59;14.59;89.94;70.85;0.298;NEUTRE;0;58;2;1
2026.02.16 08:00;24860.75;24902.50;24840.25;24894.25;21.07;24.61;16.84;74.30;50.45;0.240;NEUTRE;0;55.4;2;1
2026.02.16 07:00;24822.75;24872.25;24820.50;24860.75;21.43;20.92;19.43;48.30;38.85;0.105;NEUTRE;0;36;1;1
2026.02.16 06:00;24810.25;24826.25;24793.25;24822.75;24.16;10.47;22.42;28.75;40.86;-0.048;NEUTRE;0;-21.2;0;0
2026.02.16 05:00;24824.75;24827.00;24793.75;24810.25;22.28;12.08;25.63;39.50;54.48;-0.099;NEUTRE;0;-43.8;-1;0
2026.02.16 04:00;24822.75;24839.50;24818.50;24824.75;20.18;13.94;18.13;54.34;61.34;-0.040;NEUTRE;0;-25.8;-1;0
2026.02.16 03:00;24830.50;24835.25;24807.50;24822.50;21.27;12.97;20.92;69.59;60.19;-0.049;NEUTRE;0;-38.3;-1;0
2026.02.16 02:00;24859.00;24871.50;24826.50;24830.50;20.94;14.96;13.60;60.10;48.27;-0.017;NEUTRE;0;-22.4;0;0
2026.02.16 01:00;24834.25;24868.00;24821.75;24859.25;23.42;16.07;15.69;50.88;37.86;0.099;NEUTRE;0;;;0
2026.02.16 00:00;24834.75;24847.75;24809.50;24833.75;26.85;11.80;18.11;33.83;32.29;-0.004;NEUTRE;0;;;0
2026.02.15 23:00;24774.00;24837.00;24753.75;24834.75;27.73;9.29;20.89;28.87;41.13;0.245;NEUTRE;0;27.3;1;0
2026.02.13 21:00;24802.00;24827.00;24771.50;24783.00;26.09;10.72;20.83;34.19;57.35;-0.157;NEUTRE;0;-19.9;0;0
2026.02.13 20:00;24852.00;24888.75;24731.25;24803.75;25.18;12.37;24.03;60.32;75.07;-0.074;NEUTRE;0;-10.2;0;0
2026.02.13 19:00;24938.50;24967.25;24849.25;24851.75;24.12;14.28;16.20;77.55;81.98;0.120;NEUTRE;0;17;0;1
2026.02.13 18:00;24937.75;24994.25;24900.50;24938.50;26.86;16.47;12.01;87.33;78.95;0.469;NEUTRE;0;51.6;2;1
2026.02.13 17:00;24893.50;24993.00;24882.75;24937.25;28.59;18.80;13.86;81.07;70.65;0.464;NEUTRE;0;52.9;2;1
2026.02.13 16:00;24810.75;24932.25;24762.25;24893.75;30.66;13.22;15.99;68.46;61.46;0.289;NEUTRE;0;41.2;1;1
2026.02.13 15:00;24694.50;24927.25;24693.25;24810.00;33.91;14.80;18.45;62.42;57.82;-0.048;NEUTRE;0;-8.8;0;1
2026.02.13 14:00;24780.25;24848.50;24578.50;24697.50;37.44;11.90;21.29;53.49;52.76;-0.502;NEUTRE;0;-60;-2;1
2026.02.13 13:00;24694.00;24820.00;24619.75;24780.50;38.85;13.73;22.22;57.55;55.23;-0.167;NEUTRE;0;-31.9;-1;1
2026.02.13 12:00;24720.00;24744.25;24667.75;24694.00;41.19;10.02;25.63;47.26;59.83;-0.516;NEUTRE;0;-64.3;-2;1
2026.02.13 11:00;24728.25;24737.50;24624.75;24719.75;40.79;10.21;29.58;60.88;68.40;-0.412;NEUTRE;0;-61.1;-2;1
2026.02.13 10:00;24773.00;24798.75;24726.75;24728.25;39.58;11.78;20.21;71.35;67.47;-0.378;NEUTRE;0;-61.3;-2;1
2026.02.13 09:00;24774.50;24807.00;24730.00;24773.00;41.61;13.59;22.62;72.96;56.40;-0.197;NEUTRE;0;-46.6;-2;1
2026.02.13 08:00;24745.50;24782.50;24674.00;24774.25;44.18;10.78;26.10;58.09;41.61;-0.192;NEUTRE;0;-49.3;-2;1
2026.02.13 07:00;24712.50;24761.50;24710.00;24745.25;44.58;12.44;25.02;38.14;30.28;-0.309;NEUTRE;0;-64.9;-2;1
2026.02.13 06:00;24711.25;24730.25;24642.50;24712.25;46.28;5.02;28.86;28.59;30.62;-0.442;NEUTRE;0;-74.3;-3;0
2026.02.13 05:00;24756.75;24770.25;24691.50;24711.25;42.58;5.80;24.71;24.11;34.86;-0.446;NEUTRE;0;-77;-3;0
2026.02.13 04:00;24749.00;24801.25;24744.25;24756.75;39.59;6.69;18.21;39.18;37.69;-0.263;NEUTRE;0;-72.6;-3;0
2026.02.13 03:00;24801.75;24819.50;24744.50;24748.75;38.56;7.72;20.95;41.31;34.79;-0.295;NEUTRE;0;-78.1;-3;0
2026.02.13 02:00;24785.50;24830.50;24785.50;24801.75;37.39;8.90;15.76;32.59;31.96;-0.082;NEUTRE;0;-63.2;-2;0
2026.02.13 01:00;24730.50;24820.25;24728.75;24786.75;38.86;6.77;18.18;30.46;31.83;-0.142;NEUTRE;0;;;0
2026.02.13 00:00;24822.00;24862.75;24708.75;24730.25;37.80;7.81;20.98;32.83;29.71;-0.370;NEUTRE;0;;;0
2026.02.12 23:00;24822.25;24853.25;24743.50;24822.25;36.58;9.01;20.74;32.19;24.69;-1.632;STRONG_DOWN;-2;-73.8;-3;0
2026.02.12 21:00;24763.25;24837.75;24743.25;24821.00;36.15;8.23;23.93;24.10;18.35;-1.637;STRONG_DOWN;-2;-75.2;-3;0
2026.02.12 20:00;24898.25;24911.50;24721.25;24762.75;34.20;9.49;27.61;17.77;13.89;-1.868;STRONG_DOWN;-2;-77.5;-3;0
2026.02.12 19:00;24904.50;24942.75;24845.50;24897.75;31.94;10.95;21.81;13.19;9.90;-1.333;STRONG_DOWN;-2;-73.6;-3;1
2026.02.12 18:00;24824.50;24928.75;24800.75;24904.50;31.76;10.42;25.16;10.71;8.03;-1.306;STRONG_DOWN;-2;-74.1;-3;1
2026.02.12 17:00;24877.75;24939.75;24823.50;24824.50;30.27;12.03;26.30;5.79;8.87;-1.623;STRONG_DOWN;-2;-77.8;-3;1
2026.02.12 16:00;25008.75;25030.75;24805.25;24877.50;29.20;13.88;30.34;7.60;17.77;-1.413;STRONG_DOWN;-2;-76.8;-3;1
2026.02.12 15:00;25204.00;25258.50;25006.25;25009.75;27.96;16.01;21.30;13.22;39.57;-0.889;SOFT_DOWN;-1;-70.8;-3;1
2026.02.12 14:00;25394.75;25397.00;25185.75;25205.75;30.09;18.47;13.63;32.48;58.75;-0.112;NEUTRE;0;-21.2;0;1
2026.02.12 13:00;25356.00;25419.00;25319.75;25394.75;32.39;21.32;5.97;73.02;74.31;0.637;SOFT_UP;1;67.1;3;1
2026.02.12 12:00;25365.50;25383.00;25342.25;25356.00;28.72;19.01;6.88;70.75;75.74;0.483;NEUTRE;0;62.8;2;1
2026.02.12 11:00;25349.00;25369.75;25337.25;25365.50;25.93;16.94;7.94;79.17;80.05;0.521;NEUTRE;0;66.4;3;1
2026.02.12 10:00;25354.25;25373.00;25333.50;25349.00;24.36;19.54;9.17;77.29;79.94;0.456;NEUTRE;0;65.6;3;1
2026.02.12 09:00;25352.75;25363.75;25329.00;25354.25;22.55;18.95;10.58;83.70;82.43;0.477;NEUTRE;0;68.7;3;1
2026.02.12 08:00;25349.75;25368.00;25323.75;25352.50;21.66;21.86;12.20;78.82;83.04;0.470;NEUTRE;0;70.6;3;1
2026.02.12 07:00;25318.75;25358.25;25313.75;25350.00;20.63;21.83;14.08;84.76;87.21;0.460;NEUTRE;0;72.5;3;1
2026.02.12 06:00;25337.75;25343.25;25291.50;25318.75;20.48;20.01;16.25;85.53;87.93;0.336;NEUTRE;0;69.7;3;0
2026.02.12 05:00;25325.25;25343.50;25325.25;25337.75;22.03;23.09;8.71;91.36;87.42;0.411;NEUTRE;0;75.9;3;0
2026.02.12 04:00;25309.50;25338.50;25302.50;25325.25;18.47;22.42;10.05;86.92;78.07;0.362;NEUTRE;0;77.1;3;0
2026.02.12 03:00;25292.00;25320.00;25281.25;25309.50;15.45;17.97;11.60;84.00;63.61;0.299;NEUTRE;0;78.3;3;0
2026.02.12 02:00;25299.50;25309.25;25268.00;25292.00;14.51;16.46;13.38;63.30;50.52;0.230;NEUTRE;0;79.8;3;0
2026.02.12 01:00;25264.50;25313.75;25241.75;25299.75;15.16;18.99;15.44;43.52;47.03;0.261;NEUTRE;0;;;0
2026.02.12 00:00;25234.00;25272.00;25213.50;25264.50;15.91;13.00;17.82;44.74;56.52;0.121;NEUTRE;0;;;0
2026.02.11 23:00;25267.75;25291.00;25205.50;25234.00;15.94;15.00;20.56;52.83;64.27;-0.151;NEUTRE;0;-17.6;0;0
2026.02.11 21:00;25276.75;25306.00;25267.75;25286.50;15.99;17.30;12.52;71.99;67.60;0.056;NEUTRE;0;7.4;0;0
2026.02.11 20:00;25308.25;25321.75;25271.25;25277.25;15.98;19.96;13.04;67.99;59.27;0.020;NEUTRE;0;2.8;0;0
2026.02.11 19:00;25299.75;25359.75;25258.00;25308.25;15.22;23.04;15.05;62.82;50.71;0.142;NEUTRE;0;19.9;0;1
2026.02.11 18:00;25264.00;25311.75;25200.00;25300.75;14.33;19.32;17.36;46.98;43.60;0.113;NEUTRE;0;16.9;0;1
2026.02.11 17:00;25178.50;25323.50;25141.25;25263.25;15.71;22.30;20.03;42.34;48.76;-0.036;NEUTRE;0;-5.9;0;1
2026.02.11 16:00;25244.00;25274.00;25174.75;25180.25;17.30;21.55;23.11;41.47;59.22;-0.364;NEUTRE;0;-47.7;-2;1
2026.02.11 15:00;25302.00;25341.50;25056.75;25244.00;19.43;24.86;26.67;62.47;71.85;-0.112;NEUTRE;0;-19.9;0;1
2026.02.11 14:00;25442.75;25464.00;25289.75;25304.75;21.88;28.69;18.18;73.72;67.76;0.129;NEUTRE;0;24;0;1
2026.02.11 13:00;25246.50;25450.00;25235.50;25442.75;21.79;31.86;20.98;79.34;52.67;0.675;SOFT_UP;1;68.3;3;1
2026.02.11 12:00;25206.25;25275.25;25206.25;25246.00;21.98;24.23;24.21;50.20;34.25;-0.104;NEUTRE;0;-22.8;0;1
2026.02.11 11:00;25206.25;25249.25;25205.00;25208.50;25.35;22.16;27.93;28.48;23.18;-0.252;NEUTRE;0;-47.9;-2;1
2026.02.11 10:00;25204.00;25206.25;25145.75;25206.25;27.48;10.62;32.23;24.06;20.30;-0.261;NEUTRE;0;-51.6;-2;1
2026.02.11 09:00;25249.50;25277.75;25203.50;25204.00;23.95;12.26;22.50;16.99;16.08;-0.270;NEUTRE;0;-55.4;-2;1
2026.02.11 08:00;25269.50;25277.50;25209.25;25249.50;23.10;14.14;24.78;19.83;17.88;-0.090;NEUTRE;0;-28.6;-1;1
2026.02.11 07:00;25268.25;25289.25;25252.25;25269.75;22.45;16.32;18.89;11.42;29.20;-0.010;NEUTRE;0;-4;0;1
2026.02.11 06:00;25286.50;25315.50;25266.75;25268.25;24.78;18.83;15.77;22.40;52.41;-0.016;NEUTRE;0;-7.4;0;0
2026.02.11 05:00;25305.75;25324.75;25278.75;25286.50;27.23;21.73;14.41;53.77;75.75;0.056;NEUTRE;0;28.5;1;0
2026.02.11 04:00;25337.00;25339.00;25295.00;25305.75;28.31;25.07;11.19;81.06;86.67;0.133;NEUTRE;0;58.1;2;0
2026.02.11 03:00;25321.00;25344.00;25302.25;25337.00;26.78;28.93;10.38;92.41;81.21;0.256;NEUTRE;0;76.4;3;0
2026.02.11 02:00;25314.75;25328.25;25306.00;25321.00;23.64;27.57;11.98;86.55;64.96;0.193;NEUTRE;0;77.9;3;0
2026.02.11 01:00;25289.75;25325.00;25289.75;25314.50;21.21;29.57;13.82;64.67;44.72;0.167;NEUTRE;0;;;0
2026.02.11 00:00;25272.25;25295.50;25265.50;25289.75;18.89;21.24;15.95;43.65;28.94;0.069;NEUTRE;0;;;0
2026.02.10 23:00;25269.25;25286.75;25267.75;25272.25;19.61;20.02;18.40;25.84;20.27;-0.281;NEUTRE;0;-30.6;-1;0
2026.02.10 21:00;25218.25;25255.50;25208.00;25253.75;21.97;8.54;21.23;17.33;24.05;-0.354;NEUTRE;0;-39.2;-1;0
2026.02.10 20:00;25293.50;25296.00;25197.75;25219.00;18.79;9.85;24.50;17.64;33.18;-0.491;NEUTRE;0;-49.9;-2;0
2026.02.10 19:00;25312.00;25322.00;25274.25;25293.25;15.12;11.36;16.29;37.17;45.84;-0.198;NEUTRE;0;-26.8;-1;1
2026.02.10 18:00;25383.25;25384.25;25270.75;25311.75;14.71;13.11;18.80;44.72;53.30;-0.125;NEUTRE;0;-18.6;0;1
2026.02.10 17:00;25325.75;25396.75;25303.50;25383.25;14.23;15.13;17.25;55.63;61.33;0.157;NEUTRE;0;24.1;0;1
2026.02.10 16:00;25374.00;25399.50;25316.00;25326.75;15.41;17.46;17.84;59.55;62.36;-0.066;NEUTRE;0;-11.3;0;1
2026.02.10 15:00;25392.50;25445.75;25348.00;25374.00;17.62;20.14;14.69;68.82;58.79;0.120;NEUTRE;0;21.2;0;1
2026.02.10 14:00;25371.50;25408.25;25255.50;25390.75;17.92;17.34;16.95;58.72;51.29;0.186;NEUTRE;0;32.7;1;1
2026.02.10 13:00;25338.00;25373.75;25292.00;25371.50;20.50;20.01;15.88;48.85;52.33;0.110;NEUTRE;0;22.3;0;1
2026.02.10 12:00;25369.00;25420.75;25337.25;25337.75;21.89;23.08;9.81;46.30;55.85;-0.023;NEUTRE;0;-5.3;0;1
2026.02.10 11:00;25355.00;25373.00;25332.50;25369.00;19.04;17.84;11.31;61.83;63.57;0.101;NEUTRE;0;24;0;1
2026.02.10 10:00;25362.75;25373.75;25341.00;25354.75;18.53;20.58;9.83;59.43;63.94;0.044;NEUTRE;0;12;0;1
2026.02.10 09:00;25333.25;25403.00;25332.75;25363.00;15.94;23.75;11.34;69.44;69.07;0.077;NEUTRE;0;22.5;0;1
2026.02.10 08:00;25348.75;25365.50;25321.75;25333.25;12.95;19.19;13.08;62.96;69.75;-0.040;NEUTRE;0;-13.6;0;1
2026.02.10 07:00;25312.00;25348.50;25305.75;25348.50;12.03;16.17;15.09;74.81;67.78;0.020;NEUTRE;0;7.9;0;1
2026.02.10 06:00;25351.00;25352.75;25291.50;25312.00;13.35;18.65;17.42;71.47;54.17;-0.124;NEUTRE;0;-45;-2;0
2026.02.10 05:00;25344.00;25357.00;25311.00;25351.00;14.87;21.52;15.20;57.04;37.62;0.030;NEUTRE;0;16.2;0;0
2026.02.10 04:00;25298.75;25345.75;25298.25;25344.00;14.51;21.07;17.54;34.01;26.27;0.002;NEUTRE;0;1.4;0;0
2026.02.10 03:00;25305.25;25312.75;25278.25;25298.75;15.34;13.62;20.23;21.81;23.72;-0.177;NEUTRE;0;-70.7;-3;0
2026.02.10 02:00;25334.00;25335.00;25286.75;25305.25;14.69;15.72;19.56;22.99;26.55;-0.151;NEUTRE;0;-74.7;-3;0
2026.02.10 01:00;25334.25;25351.25;25299.50;25334.00;15.28;18.14;18.50;26.37;29.63;-0.037;NEUTRE;0;;;0
2026.02.10 00:00;25343.50;25361.75;25309.50;25334.25;17.48;20.93;18.37;30.28;43.20;-0.036;NEUTRE;0;;;0
2026.02.09 23:00;25383.75;25394.75;25328.00;25343.50;19.17;24.15;15.75;32.23;60.38;0.272;NEUTRE;0;29.8;1;0
2026.02.09 21:00;25337.50;25374.00;25335.75;25360.50;18.88;23.08;18.18;67.10;79.30;0.339;NEUTRE;0;38;1;0
2026.02.09 20:00;25398.25;25412.00;25333.50;25338.00;19.96;26.63;20.97;81.81;87.33;0.250;NEUTRE;0;31.2;1;0
2026.02.09 19:00;25369.00;25427.25;25363.00;25398.25;21.20;30.73;18.42;89.00;91.02;0.489;NEUTRE;0;51.2;2;1
2026.02.09 18:00;25354.50;25388.25;25311.50;25369.00;20.61;26.12;21.25;91.17;91.37;0.373;NEUTRE;0;45.1;2;1
2026.02.09 17:00;25389.75;25415.75;25349.50;25354.50;22.20;30.14;16.91;92.88;86.30;0.316;NEUTRE;0;42;1;1
2026.02.09 16:00;25312.75;25403.25;25305.00;25390.25;21.29;31.87;19.51;90.06;74.61;0.457;NEUTRE;0;54.1;2;1
2026.02.09 15:00;25109.25;25328.25;25103.00;25311.25;20.86;25.03;22.51;75.96;59.82;0.144;NEUTRE;0;24.9;0;1
2026.02.09 14:00;25078.50;25187.25;24955.00;25112.50;23.25;19.25;25.97;57.82;47.42;-0.642;SOFT_DOWN;-1;-65.7;-3;1
2026.02.09 13:00;25100.50;25155.00;25073.50;25078.50;24.54;22.21;22.12;45.69;36.76;-0.776;SOFT_DOWN;-1;-70.9;-3;1
2026.02.09 12:00;25046.75;25102.75;25014.75;25100.75;28.29;15.77;25.52;38.76;29.94;-0.688;SOFT_DOWN;-1;-70.2;-3;1
2026.02.09 11:00;25043.25;25070.75;25020.00;25046.75;29.01;12.60;29.45;25.82;25.07;-0.902;SOFT_DOWN;-1;-75.9;-3;1
2026.02.09 10:00;25086.75;25093.25;24967.25;25043.50;27.30;14.54;33.98;25.23;25.37;-0.915;SOFT_DOWN;-1;-77.3;-3;1
2026.02.09 09:00;25159.25;25184.50;25073.25;25086.50;25.34;16.77;26.26;24.17;26.15;-0.745;SOFT_DOWN;-1;-76;-3;1
2026.02.09 08:00;25157.00;25213.50;25147.75;25160.50;25.85;19.36;20.00;26.70;23.26;-0.452;NEUTRE;0;-69.9;-3;1
2026.02.09 07:00;25165.75;25180.25;25119.75;25158.50;29.57;14.55;23.07;27.58;18.12;-0.460;NEUTRE;0;-72.5;-3;1
2026.02.09 06:00;25214.25;25221.00;25155.75;25165.75;30.64;16.79;17.47;15.51;17.28;-0.431;NEUTRE;0;-73.9;-3;0
2026.02.09 05:00;25186.25;25227.75;25176.00;25214.25;35.05;19.38;15.38;11.27;26.28;-0.239;NEUTRE;0;-66.6;-3;0
2026.02.09 04:00;25188.50;25222.25;25178.75;25186.50;38.67;20.72;17.75;25.06;42.67;-0.349;NEUTRE;0;-76.7;-3;0
2026.02.09 03:00;25227.00;25241.00;25188.00;25188.50;43.43;23.91;17.21;42.51;58.26;-0.341;NEUTRE;0;-79.7;-3;0
2026.02.09 02:00;25216.25;25261.75;25207.25;25226.50;47.61;27.59;14.27;60.43;67.83;-0.191;NEUTRE;0;-77.8;-3;0
2026.02.09 01:00;25262.25;25264.25;25194.00;25216.50;50.04;31.83;16.46;71.83;72.29;-0.230;NEUTRE;0;;;0
2026.02.09 00:00;25274.75;25345.50;25257.50;25262.00;52.84;36.73;5.09;71.22;73.04;-0.050;NEUTRE;0;;;0
2026.02.08 23:00;25239.75;25293.25;25222.25;25274.75;49.33;33.24;5.87;73.82;77.71;0.139;NEUTRE;0;16.3;0;0
2026.02.06 21:00;25142.75;25163.00;25089.25;25102.25;46.16;27.87;6.78;74.09;83.45;3.160;EXPLOSIVE_UP;3;82.2;3;0
2026.02.06 20:00;25068.25;25219.75;25054.75;25143.25;43.90;32.15;7.82;85.22;89.13;3.329;EXPLOSIVE_UP;3;82.9;3;0
2026.02.06 19:00;25083.50;25107.25;25064.75;25069.75;41.28;26.61;9.02;91.04;89.14;3.027;EXPLOSIVE_UP;3;82.6;3;1
2026.02.06 18:00;25091.75;25122.75;25073.75;25083.50;40.04;30.71;7.15;91.14;82.25;3.083;EXPLOSIVE_UP;3;83.1;3;1
2026.02.06 17:00;25000.00;25107.75;24986.25;25091.75;36.63;30.72;8.25;85.24;73.92;3.117;EXPLOSIVE_UP;3;83.6;3;1
2026.02.06 16:00;24894.75;25049.00;24880.00;25000.00;33.40;28.01;9.52;70.38;68.63;2.740;EXPLOSIVE_UP;3;83.1;3;1
2026.02.06 15:00;24849.75;24960.25;24742.75;24894.75;30.96;24.24;10.99;66.15;72.81;2.308;EXPLOSIVE_UP;3;82.4;3;1
2026.02.06 14:00;24796.75;24982.75;24701.00;24849.75;29.94;27.97;12.68;69.37;80.60;2.123;EXPLOSIVE_UP;3;82.2;3;1
2026.02.06 13:00;24781.25;24851.75;24757.00;24796.75;28.76;25.12;14.63;82.92;89.07;1.905;STRONG_UP;2;82;3;1
2026.02.06 12:00;24853.75;24859.75;24760.25;24781.25;29.12;28.98;16.35;89.51;92.18;1.841;STRONG_UP;2;82.3;3;1
2026.02.06 11:00;24792.50;24871.75;24790.75;24853.75;29.32;33.44;14.15;94.78;90.24;2.139;EXPLOSIVE_UP;3;83.9;3;1
2026.02.06 10:00;24749.00;24796.50;24711.25;24792.75;27.59;24.29;16.33;92.24;82.93;1.888;STRONG_UP;2;83.8;3;1
2026.02.06 09:00;24583.00;24781.75;24560.75;24749.25;28.82;25.37;18.84;83.68;78.29;1.710;STRONG_UP;2;83.8;3;1
2026.02.06 08:00;24555.75;24605.00;24490.00;24582.75;30.99;16.96;21.74;72.86;75.07;1.025;SOFT_UP;1;80.8;3;1
2026.02.06 07:00;24546.25;24577.75;24505.50;24555.75;33.86;15.93;25.09;78.32;77.46;0.914;SOFT_UP;1;81;3;1
2026.02.06 06:00;24581.50;24612.00;24539.75;24546.25;35.63;18.38;21.66;74.05;74.92;0.875;SOFT_UP;1;81.9;3;0
2026.02.06 05:00;24452.75;24595.50;24430.00;24581.50;39.85;17.69;24.99;80.03;71.63;1.020;SOFT_UP;1;84.2;3;0
2026.02.06 04:00;24525.50;24527.75;24426.25;24452.75;43.35;14.12;28.83;70.69;60.25;0.491;NEUTRE;0;80.4;3;0
2026.02.06 03:00;24532.75;24564.75;24471.50;24525.25;44.75;16.29;26.41;64.15;46.20;0.789;SOFT_UP;1;85.5;3;0
2026.02.06 02:00;24529.00;24574.25;24510.25;24532.75;47.99;18.79;24.08;45.89;29.32;0.820;SOFT_UP;1;87.1;3;0
2026.02.06 01:00;24399.00;24534.25;24339.75;24529.00;53.48;12.07;27.78;28.56;17.81;0.804;SOFT_UP;1;;;0
2026.02.06 00:00;24333.25;24407.75;24240.25;24399.50;55.64;3.92;32.06;13.51;16.39;0.272;NEUTRE;0;;;0
2026.02.05 23:00;24442.00;24472.25;24293.75;24333.50;52.17;4.52;32.07;11.36;24.61;-2.926;EXPLOSIVE_DOWN;-3;-80.8;-3;0
2026.02.05 21:00;24636.25;24689.75;24406.25;24426.25;48.61;5.22;27.31;24.31;36.83;-2.556;EXPLOSIVE_DOWN;-3;-80.4;-3;0
2026.02.05 20:00;24709.50;24807.00;24566.75;24638.75;45.64;6.02;22.81;38.16;45.63;-1.708;STRONG_DOWN;-2;-76.4;-3;0
2026.02.05 19:00;24700.00;24837.50;24672.00;24711.25;43.71;6.95;19.57;48.02;46.90;-1.419;STRONG_DOWN;-2;-74.5;-3;1
2026.02.05 18:00;24782.00;24832.50;24661.50;24700.00;43.11;7.55;22.59;50.70;41.88;-1.464;STRONG_DOWN;-2;-75.7;-3;1
2026.02.05 17:00;24827.25;24886.25;24722.25;24782.00;42.07;8.72;20.59;41.99;31.36;-1.137;STRONG_DOWN;-2;-72.8;-3;1
2026.02.05 16:00;24631.50;24855.00;24543.25;24828.50;42.31;7.12;23.76;32.95;24.34;-0.951;SOFT_DOWN;-1;-70.8;-3;1
2026.02.05 15:00;24768.75;24795.25;24550.25;24631.50;40.53;5.27;27.42;19.12;20.20;-1.737;STRONG_DOWN;-2;-79.9;-3;1
2026.02.05 14:00;24766.50;24958.50;24653.00;24768.75;36.34;6.08;25.19;20.93;22.84;-1.190;STRONG_DOWN;-2;-76.3;-3;1
2026.02.05 13:00;24792.25;24864.75;24758.25;24766.25;32.53;7.02;23.76;20.55;28.58;-1.200;STRONG_DOWN;-2;-77.4;-3;1
2026.02.05 12:00;25028.25;25055.50;24707.00;24792.00;29.17;8.10;27.42;27.03;34.95;-1.097;STRONG_DOWN;-2;-77.3;-3;1
2026.02.05 11:00;25032.25;25064.00;24990.00;25028.25;25.29;9.35;19.14;38.16;42.99;-0.155;NEUTRE;0;-34.3;-1;1
2026.02.05 10:00;25028.50;25090.50;25020.00;25032.25;23.89;10.78;15.85;39.65;50.65;-0.139;NEUTRE;0;-33.9;-1;1
2026.02.05 09:00;24997.25;25095.75;24977.25;25028.25;24.64;12.44;18.29;51.15;56.27;-0.155;NEUTRE;0;-39.8;-1;1
2026.02.05 08:00;25043.25;25122.75;24997.25;24997.25;25.51;14.36;18.50;61.14;54.44;-0.278;NEUTRE;0;-59.3;-2;1
2026.02.05 07:00;25070.75;25088.25;25039.75;25043.25;27.49;16.57;16.14;56.52;42.72;-0.095;NEUTRE;0;-33.3;-1;1
2026.02.05 06:00;24995.25;25075.75;24991.50;25070.75;31.52;15.15;18.62;45.64;32.15;0.015;NEUTRE;0;6.9;0;0
2026.02.05 05:00;25009.75;25043.75;24961.75;24995.25;34.79;11.64;21.49;25.98;30.68;-0.286;NEUTRE;0;-70.1;-3;0
2026.02.05 04:00;24947.50;25025.50;24914.75;25009.50;35.56;10.00;24.79;24.84;42.71;-0.229;NEUTRE;0;-70.2;-3;0
2026.02.05 03:00;24960.25;25036.00;24928.50;24947.25;34.49;11.54;26.70;41.23;59.46;-0.478;NEUTRE;0;-82.6;-3;0
2026.02.05 02:00;25122.25;25133.50;24958.75;24960.50;33.70;13.32;26.47;62.05;71.26;-0.425;NEUTRE;0;-84.4;-3;0
2026.02.05 01:00;25108.00;25168.25;25098.75;25122.25;33.80;15.36;18.22;75.09;73.73;0.220;NEUTRE;0;;;0
2026.02.05 00:00;25067.00;25134.00;25030.25;25106.25;37.69;10.15;21.02;76.63;70.92;0.157;NEUTRE;0;;;0
2026.02.04 23:00;25063.50;25122.25;25040.75;25066.75;38.12;9.97;24.26;69.46;60.29;-1.413;STRONG_DOWN;-2;-71.4;-3;0
2026.02.04 21:00;24994.50;25180.00;24876.00;25115.75;37.56;11.50;27.99;66.67;47.60;-1.220;STRONG_DOWN;-2;-70.4;-3;0
2026.02.04 20:00;25103.75;25116.50;24979.00;24997.00;36.92;13.27;27.09;44.73;31.61;-1.687;STRONG_DOWN;-2;-76.2;-3;0
2026.02.04 19:00;24923.00;25114.75;24863.00;25105.00;37.33;15.11;31.25;31.39;21.76;-1.262;STRONG_DOWN;-2;-72.7;-3;1
2026.02.04 18:00;24872.50;24957.75;24818.50;24923.00;37.72;7.84;36.06;18.72;15.49;-1.978;STRONG_DOWN;-2;-79.3;-3;1
2026.02.04 17:00;25034.50;25056.50;24783.25;24873.25;33.63;9.05;41.61;15.17;11.83;-2.174;EXPLOSIVE_DOWN;-3;-80.8;-3;1
2026.02.04 16:00;25150.25;25168.75;24927.50;25034.50;28.92;10.44;39.89;12.60;10.84;-1.540;STRONG_DOWN;-2;-77.9;-3;1
2026.02.04 15:00;25193.75;25303.00;25107.50;25149.75;24.37;12.05;34.55;7.74;19.99;-1.086;STRONG_DOWN;-2;-74.1;-3;1
2026.02.04 14:00;25357.00;25387.50;25185.75;25193.75;20.69;13.90;33.70;12.17;36.10;-0.913;SOFT_DOWN;-1;-72.4;-3;1
2026.02.04 13:00;25405.75;25416.00;25342.50;25356.75;17.47;16.04;26.93;40.04;50.26;-0.272;NEUTRE;0;-45.4;-2;1
2026.02.04 12:00;25473.00;25489.75;25396.75;25405.75;16.26;18.51;19.72;56.08;49.80;-0.080;NEUTRE;0;-17.9;0;1
2026.02.04 11:00;25448.75;25482.50;25435.75;25473.00;18.28;21.36;16.31;54.66;46.04;0.185;NEUTRE;0;39.1;1;1
2026.02.04 10:00;25401.50;25465.25;25394.75;25449.00;19.02;18.97;18.81;38.65;48.58;0.090;NEUTRE;0;23.5;0;1
2026.02.04 09:00;25425.25;25448.00;25354.25;25401.50;21.89;18.12;21.71;44.81;62.24;-0.096;NEUTRE;0;-27.3;-1;1
2026.02.04 08:00;25501.75;25508.75;25400.50;25425.00;23.87;20.91;17.46;62.26;70.21;-0.004;NEUTRE;0;-1.4;0;1
2026.02.04 07:00;25469.75;25513.25;25467.50;25501.75;26.16;24.13;10.62;79.65;70.85;0.298;NEUTRE;0;64.1;2;1
2026.02.04 06:00;25442.00;25488.50;25434.25;25469.75;24.20;19.52;12.26;68.72;62.91;0.172;NEUTRE;0;54.2;2;0
2026.02.04 05:00;25432.75;25442.50;25408.25;25442.00;24.41;9.48;14.14;64.19;62.50;0.063;NEUTRE;0;31.4;1;0
2026.02.04 04:00;25432.75;25447.50;25416.50;25432.75;25.13;10.93;12.61;55.81;62.82;0.027;NEUTRE;0;18.1;0;0
2026.02.04 03:00;25411.75;25450.50;25401.75;25433.25;27.90;12.62;14.55;67.50;68.91;0.029;NEUTRE;0;25.1;1;0
2026.02.04 02:00;25438.25;25472.50;25398.75;25412.00;31.09;14.56;16.79;65.15;69.88;-0.055;NEUTRE;0;-53.1;-2;0
2026.02.04 01:00;25375.25;25453.75;25375.25;25438.00;34.78;12.88;19.38;74.08;70.55;0.047;NEUTRE;0;;;0
2026.02.04 00:00;25426.00;25434.00;25375.00;25375.25;37.03;11.00;22.36;70.42;61.48;-0.200;NEUTRE;0;;;0
2026.02.03 23:00;25382.75;25439.50;25361.50;25426.50;37.49;12.69;25.80;67.14;44.94;-2.006;STRONG_DOWN;-2;-76.7;-3;0
2026.02.03 21:00;25446.00;25475.50;25380.00;25415.00;38.02;14.64;26.12;46.89;25.12;-2.050;STRONG_DOWN;-2;-78;-3;0
2026.02.03 20:00;25314.75;25457.75;25269.00;25444.75;39.53;14.03;30.13;20.79;10.61;-1.936;STRONG_DOWN;-2;-77.9;-3;0
2026.02.03 19:00;25244.50;25357.75;25218.50;25316.00;40.01;8.04;34.77;7.67;7.77;-2.432;EXPLOSIVE_DOWN;-3;-80.8;-3;1
2026.02.03 18:00;25386.00;25422.75;25245.50;25245.50;36.56;9.28;37.14;3.38;9.31;-2.704;EXPLOSIVE_DOWN;-3;-82.2;-3;1
2026.02.03 17:00;25490.75;25501.50;25344.25;25386.00;32.95;10.70;34.28;12.26;14.81;-2.162;EXPLOSIVE_DOWN;-3;-80.8;-3;1
2026.02.03 16:00;25618.00;25618.00;25467.50;25490.75;29.95;12.35;27.49;12.28;17.24;-1.758;STRONG_DOWN;-2;-79.3;-3;1
2026.02.03 15:00;25624.75;25645.50;25469.75;25616.25;28.71;14.25;31.49;19.88;26.66;-1.275;STRONG_DOWN;-2;-76.3;-3;1
2026.02.03 14:00;25966.50;25976.00;25622.75;25630.50;27.33;16.44;22.95;19.58;29.74;-1.220;STRONG_DOWN;-2;-76.7;-3;1
2026.02.03 13:00;25981.25;26002.00;25960.75;25966.50;29.00;18.97;11.75;40.54;28.34;0.075;NEUTRE;0;15.6;0;1
2026.02.03 12:00;25944.50;25995.25;25922.25;25981.25;29.85;19.38;13.56;29.10;22.38;0.132;NEUTRE;0;28;1;1
2026.02.03 11:00;25955.00;25964.75;25934.50;25944.75;31.72;15.93;15.65;15.37;30.38;-0.009;NEUTRE;0;-2.3;0;1
2026.02.03 10:00;25968.50;25989.00;25944.00;25955.00;36.47;18.38;13.23;22.67;49.44;0.031;NEUTRE;0;8.5;0;1
2026.02.03 09:00;25976.00;26009.25;25957.50;25968.50;39.57;21.21;10.65;53.11;71.03;0.083;NEUTRE;0;24;0;1
2026.02.03 08:00;26011.25;26023.00;25969.50;25976.00;40.55;24.47;8.72;72.55;82.62;0.112;NEUTRE;0;34.1;1;1
2026.02.03 07:00;25991.00;26026.75;25974.00;26011.25;39.49;28.24;8.76;87.42;85.92;0.248;NEUTRE;0;59.7;2;1
2026.02.03 06:00;25986.25;26006.00;25972.50;25991.00;37.47;26.53;10.11;87.89;80.37;0.170;NEUTRE;0;53.9;2;0
2026.02.03 05:00;25978.75;25995.50;25951.25;25986.25;36.34;25.79;11.67;82.44;74.91;0.151;NEUTRE;0;55.6;2;0
2026.02.03 04:00;25955.25;25986.75;25952.25;25978.50;36.13;26.71;13.46;70.79;72.18;0.121;NEUTRE;0;55.7;2;0
2026.02.03 03:00;25927.00;25963.25;25912.25;25955.50;36.61;20.34;15.53;71.50;75.64;0.033;NEUTRE;0;28;1;0
2026.02.03 02:00;25958.75;25958.75;25900.00;25927.00;40.18;22.11;17.92;74.25;74.96;-0.077;NEUTRE;0;-61.8;-2;0
2026.02.03 01:00;25952.00;25989.50;25947.75;25958.75;44.75;25.52;8.17;81.16;68.09;0.045;NEUTRE;0;;;0
2026.02.03 00:00;25947.00;25983.50;25914.00;25952.00;43.71;27.23;9.43;69.49;55.79;0.019;NEUTRE;0;;;0
2026.02.02 23:00;25883.00;25975.75;25865.50;25946.75;42.97;29.70;10.88;53.63;57.34;1.624;STRONG_UP;2;73.7;3;0
2026.02.02 21:00;25855.50;25895.50;25835.00;25873.75;42.45;23.08;12.56;44.26;69.02;1.339;STRONG_UP;2;72;3;0
2026.02.02 20:00;25845.50;25898.75;25821.50;25854.50;44.43;26.63;14.49;74.13;86.57;1.263;STRONG_UP;2;71.9;3;0
2026.02.02 19:00;25941.25;25944.50;25841.50;25845.50;46.73;30.72;12.73;88.67;92.77;1.228;STRONG_UP;2;72.3;3;1
2026.02.02 18:00;25922.75;25948.50;25897.00;25941.25;47.55;35.45;6.40;96.93;93.23;1.603;STRONG_UP;2;76.9;3;1
2026.02.02 17:00;25893.75;25940.50;25888.00;25922.75;44.18;38.51;7.39;92.73;90.30;1.530;STRONG_UP;2;77.1;3;1
2026.02.02 16:00;25838.00;25900.50;25803.25;25893.75;40.55;32.72;8.52;90.02;88.47;1.417;STRONG_UP;2;76.9;3;1
2026.02.02 15:00;25742.50;25911.00;25733.25;25840.00;37.76;37.75;9.83;88.14;87.04;1.206;STRONG_UP;2;75.6;3;1
2026.02.02 14:00;25528.25;25798.25;25519.50;25748.75;34.55;33.80;11.35;87.26;84.49;0.849;SOFT_UP;1;71.2;3;1
2026.02.02 13:00;25486.25;25539.00;25455.50;25528.50;32.21;24.69;13.09;85.72;84.17;-0.014;NEUTRE;0;-3;0;1
2026.02.02 12:00;25450.50;25526.00;25450.50;25486.75;32.44;26.09;15.11;80.48;85.05;-0.177;NEUTRE;0;-35.5;-1;1
2026.02.02 11:00;25405.75;25490.75;25399.00;25450.50;33.33;22.92;17.43;86.30;88.42;-0.319;NEUTRE;0;-54.5;-2;1
2026.02.02 10:00;25452.50;25470.00;25390.00;25405.75;36.37;22.97;20.11;88.36;80.19;-0.494;NEUTRE;0;-67.3;-3;1
2026.02.02 09:00;25400.25;25462.00;25355.00;25452.50;40.94;24.97;23.21;90.59;60.19;-0.311;NEUTRE;0;-59.1;-2;1
2026.02.02 08:00;25348.00;25421.25;25339.50;25400.25;46.68;22.95;26.78;61.62;36.30;-0.516;NEUTRE;0;-72.2;-3;1
2026.02.02 07:00;25233.00;25349.75;25231.00;25348.00;52.68;13.03;30.90;28.37;20.50;-0.721;SOFT_DOWN;-1;-78.7;-3;1
2026.02.02 06:00;25248.50;25273.00;25179.75;25233.00;54.52;5.09;35.65;18.92;15.40;-1.171;STRONG_DOWN;-2;-84;-3;0
2026.02.02 05:00;25341.25;25347.50;25235.00;25248.50;51.36;5.87;32.02;14.22;10.89;-1.110;STRONG_DOWN;-2;-84.7;-3;0
2026.02.02 04:00;25279.00;25375.00;25216.00;25341.50;48.65;6.77;36.95;13.06;14.32;-0.746;SOFT_DOWN;-1;-83.7;-3;0
2026.02.02 03:00;25365.50;25386.25;25262.25;25279.00;45.51;7.81;38.16;5.40;22.02;-0.991;SOFT_DOWN;-1;-86.4;-3;0
2026.02.02 02:00;25407.00;25449.00;25356.50;25365.50;42.36;9.02;32.33;24.52;35.09;-0.652;SOFT_DOWN;-1;-86.4;-3;0
2026.02.02 01:00;25603.25;25635.50;25399.75;25406.00;40.20;10.40;30.12;36.13;38.92;-0.493;NEUTRE;0;;;0
2026.02.02 00:00;25532.00;25644.00;25486.25;25603.50;38.90;12.00;29.10;44.62;36.83;0.280;NEUTRE;0;;;0
2026.02.01 23:00;25493.75;25570.00;25373.25;25532.00;38.48;6.63;33.58;36.02;33.67;0.150;NEUTRE;0;17.5;0;0
2026.01.30 21:00;25677.00;25705.25;25624.75;25643.25;34.10;7.65;24.42;29.86;30.43;-1.260;STRONG_DOWN;-2;-71;-3;0
2026.01.30 20:00;25658.50;25727.00;25570.50;25670.50;31.30;8.83;28.17;35.12;28.01;-1.155;STRONG_DOWN;-2;-70.3;-3;0
2026.01.30 19:00;25739.25;25780.00;25651.50;25657.00;28.07;10.19;24.55;26.30;21.19;-1.207;STRONG_DOWN;-2;-72;-3;1
2026.01.30 18:00;25675.50;25770.75;25568.25;25740.50;26.03;10.65;28.32;22.61;24.68;-0.886;SOFT_DOWN;-1;-67.2;-3;1
2026.01.30 17:00;25757.25;25794.75;25677.75;25678.50;23.06;12.29;24.36;14.67;36.34;-1.124;STRONG_DOWN;-2;-72.6;-3;1
2026.01.30 16:00;25842.25;25867.75;25743.75;25757.25;21.54;14.18;19.43;36.77;53.79;-0.821;SOFT_DOWN;-1;-68.1;-3;1
2026.01.30 15:00;25827.50;25933.00;25770.25;25841.00;22.45;16.36;19.13;57.57;68.11;-0.499;NEUTRE;0;-58.1;-2;1
2026.01.30 14:00;25825.50;25938.25;25805.00;25827.50;24.70;18.88;18.79;67.03;75.07;-0.551;SOFT_DOWN;-1;-62.3;-2;1
2026.01.30 13:00;25845.00;25885.00;25781.75;25825.50;28.47;15.63;21.68;79.72;72.11;-0.558;SOFT_DOWN;-1;-64.3;-2;1
2026.01.30 12:00;25870.25;25904.25;25822.50;25844.75;30.35;18.04;18.94;78.44;58.46;-0.484;NEUTRE;0;-62.9;-2;1
2026.01.30 11:00;25763.75;25882.75;25762.75;25870.25;34.65;16.77;21.86;58.16;39.59;-0.386;NEUTRE;0;-59.5;-2;1
2026.01.30 10:00;25696.25;25789.00;25693.00;25764.00;37.95;7.33;25.22;38.76;26.56;-0.795;SOFT_DOWN;-1;-75.4;-3;1
2026.01.30 09:00;25766.75;25785.50;25649.25;25696.50;35.33;7.89;29.10;21.85;20.88;-1.055;SOFT_DOWN;-1;-80;-3;1
2026.01.30 08:00;25707.75;25791.75;25681.50;25767.00;31.94;9.11;29.94;19.08;26.38;-0.784;SOFT_DOWN;-1;-78.1;-3;1
2026.01.30 07:00;25750.00;25803.00;25699.50;25707.75;28.65;10.51;32.03;21.72;35.05;-1.012;SOFT_DOWN;-1;-81.9;-3;1
2026.01.30 06:00;25832.25;25838.00;25735.75;25750.00;25.27;12.13;31.57;38.35;41.34;-0.849;SOFT_DOWN;-1;-81.7;-3;0
2026.01.30 05:00;25858.00;25885.50;25831.00;25832.00;22.31;13.99;22.10;45.07;39.61;-0.533;SOFT_DOWN;-1;-79;-3;0
2026.01.30 04:00;25846.25;25895.00;25842.75;25858.00;22.29;16.14;22.18;40.60;36.48;-0.433;NEUTRE;0;-79.2;-3;0
2026.01.30 03:00;25843.50;25887.25;25827.00;25846.25;23.29;16.34;25.59;33.16;39.94;-0.478;NEUTRE;0;-82.6;-3;0
2026.01.30 02:00;25851.25;25864.50;25735.25;25842.75;23.49;13.05;29.53;35.67;53.03;-0.492;NEUTRE;0;-85.2;-3;0
2026.01.30 01:00;25928.75;25931.25;25795.50;25851.75;21.14;15.06;26.90;50.99;70.01;-0.457;NEUTRE;0;;;0
2026.01.30 00:00;25970.50;25990.25;25906.75;25928.75;20.05;17.37;18.43;72.41;82.70;-0.161;NEUTRE;0;;;0
2026.01.29 23:00;25997.50;26017.50;25883.25;25970.75;22.68;20.05;21.27;86.62;82.22;-0.753;SOFT_DOWN;-1;-57.7;-2;0
2026.01.29 21:00;25990.50;26038.50;25958.75;25986.75;25.72;23.13;15.89;89.07;69.84;-0.692;SOFT_DOWN;-1;-57.9;-2;0
2026.01.29 20:00;25848.00;26019.00;25840.75;25992.25;26.82;22.93;18.34;70.97;51.72;-0.671;SOFT_DOWN;-1;-58.4;-2;0
2026.01.29 19:00;25836.25;25897.75;25819.50;25848.00;29.23;15.99;21.16;49.50;35.24;-1.222;STRONG_DOWN;-2;-72.2;-3;1
2026.01.29 18:00;25759.50;25889.25;25757.25;25836.00;31.59;16.78;24.41;34.71;22.92;-1.268;STRONG_DOWN;-2;-73.6;-3;1
2026.01.29 17:00;25710.50;25877.75;25707.75;25759.75;33.60;18.02;28.17;21.51;13.85;-1.559;STRONG_DOWN;-2;-77.3;-3;1
2026.01.29 16:00;25575.50;25738.50;25538.00;25710.50;35.39;8.19;32.50;12.54;10.32;-1.747;STRONG_DOWN;-2;-79.3;-3;1
2026.01.29 15:00;25862.50;25866.25;25536.00;25575.75;31.64;9.45;37.50;7.49;14.45;-2.262;EXPLOSIVE_DOWN;-3;-82.2;-3;1
2026.01.29 14:00;26193.50;26195.75;25857.50;25862.50;27.32;10.90;28.29;10.92;16.93;-1.167;STRONG_DOWN;-2;-76.1;-3;1
2026.01.29 13:00;26174.75;26203.00;26149.75;26193.75;24.70;12.58;19.35;24.95;17.00;0.099;NEUTRE;0;20.2;0;1
2026.01.29 12:00;26199.00;26220.75;26155.25;26174.50;25.23;14.52;20.74;14.92;16.65;0.026;NEUTRE;0;6;0;1
2026.01.29 11:00;26190.50;26207.50;26174.75;26199.00;26.40;16.75;19.35;11.12;30.03;0.119;NEUTRE;0;27.6;1;1
2026.01.29 10:00;26210.50;26236.00;26186.00;26190.50;29.35;19.33;17.04;23.92;52.45;0.087;NEUTRE;0;22.8;0;1
2026.01.29 09:00;26248.25;26272.00;26209.50;26210.50;32.90;22.30;12.44;55.05;73.12;0.163;NEUTRE;0;41.2;1;1
2026.01.29 08:00;26254.25;26279.25;26226.25;26248.25;33.60;25.73;10.23;78.38;84.93;0.308;NEUTRE;0;61.8;2;1
2026.01.29 07:00;26245.25;26276.00;26230.50;26254.50;32.13;29.69;10.57;85.93;84.67;0.332;NEUTRE;0;66.5;3;1
2026.01.29 06:00;26232.50;26267.50;26231.00;26245.25;29.77;31.39;12.19;90.48;77.49;0.296;NEUTRE;0;67.3;3;0
2026.01.29 05:00;26227.25;26248.75;26210.00;26232.75;27.57;28.31;14.07;77.59;64.35;0.248;NEUTRE;0;67.4;3;0
2026.01.29 04:00;26197.50;26232.50;26194.50;26227.25;26.64;26.22;16.23;64.40;55.79;0.227;NEUTRE;0;70;3;0
2026.01.29 03:00;26160.75;26198.75;26160.75;26197.50;27.12;16.59;18.73;51.06;51.89;0.114;NEUTRE;0;61.5;2;0
2026.01.29 02:00;26127.75;26175.50;26121.75;26161.00;30.35;9.72;21.61;51.91;57.84;-0.026;NEUTRE;0;-32.2;-1;0
2026.01.29 01:00;26161.75;26167.25;26085.00;26127.75;29.19;8.86;24.93;52.70;63.94;-0.153;NEUTRE;0;;;0
2026.01.29 00:00;26167.75;26178.75;26103.50;26161.75;26.36;10.22;25.31;68.90;68.66;-0.023;NEUTRE;0;;;0
2026.01.28 23:00;26280.00;26292.50;26159.50;26168.00;23.88;11.79;17.75;70.23;57.96;0.116;NEUTRE;0;13.7;0;0
2026.01.28 21:00;26149.25;26287.00;25996.50;26267.75;24.45;12.97;20.48;66.84;44.39;0.497;NEUTRE;0;48.9;2;0
2026.01.28 20:00;26157.50;26210.75;26132.00;26147.00;24.76;14.97;16.46;36.82;28.71;0.035;NEUTRE;0;4.8;0;0
2026.01.28 19:00;26167.50;26209.00;26111.50;26159.75;27.84;16.93;18.99;29.50;19.75;0.084;NEUTRE;0;12.1;0;1
2026.01.28 18:00;26140.25;26178.50;26121.50;26167.50;31.24;14.72;21.91;19.81;13.86;0.114;NEUTRE;0;17;0;1
2026.01.28 17:00;26116.00;26163.75;26109.75;26140.25;33.03;13.00;25.28;9.94;13.31;0.010;NEUTRE;0;1.6;0;1
2026.01.28 16:00;26162.00;26197.75;26100.25;26116.00;33.18;15.00;29.17;11.82;21.23;-0.083;NEUTRE;0;-14.1;0;1
2026.01.28 15:00;26251.75;26264.00;26158.75;26161.75;33.34;17.31;24.43;18.16;33.89;0.092;NEUTRE;0;16.5;0;1
2026.01.28 14:00;26272.75;26297.25;26213.00;26253.25;35.85;19.98;20.26;33.71;48.64;0.442;NEUTRE;0;56.8;2;1
2026.01.28 13:00;26280.00;26304.75;26254.50;26272.75;41.26;23.05;15.80;49.78;58.83;0.516;NEUTRE;0;62.5;2;1
2026.01.28 12:00;26317.00;26319.50;26264.25;26280.00;44.73;26.60;15.24;62.43;60.89;0.544;SOFT_UP;1;65.5;3;1
2026.01.28 11:00;26315.75;26325.75;26286.75;26317.75;47.44;30.69;11.32;64.28;60.63;0.689;SOFT_UP;1;71.7;3;1
2026.01.28 10:00;26284.25;26319.50;26271.50;26315.75;47.65;32.94;13.07;55.95;61.74;0.681;SOFT_UP;1;73.1;3;1
2026.01.28 09:00;26278.50;26289.50;26251.75;26284.00;48.34;28.40;15.08;61.67;68.83;0.560;SOFT_UP;1;71.6;3;1
2026.01.28 08:00;26314.25;26330.50;26270.50;26278.75;51.06;32.76;9.76;67.59;75.21;0.539;SOFT_UP;1;72.9;3;1
2026.01.28 07:00;26301.00;26322.75;26288.25;26314.25;50.59;37.80;6.70;77.23;80.64;0.675;SOFT_UP;1;77.9;3;1
2026.01.28 06:00;26260.75;26347.75;26257.50;26301.00;47.62;43.62;7.74;80.80;83.50;0.625;SOFT_UP;1;78.8;3;0
2026.01.28 05:00;26219.00;26248.25;26218.75;26244.75;44.20;35.47;8.93;83.88;84.81;0.409;NEUTRE;0;75.8;3;0
2026.01.28 04:00;26198.75;26226.50;26198.75;26219.25;41.80;29.58;10.30;85.82;87.42;0.312;NEUTRE;0;75.2;3;0
2026.01.28 03:00;26213.25;26218.00;26192.00;26198.75;40.79;29.42;11.88;84.72;89.47;0.233;NEUTRE;0;75.1;3;0
2026.01.28 02:00;26204.00;26220.75;26202.50;26213.25;40.53;33.95;7.50;91.71;92.74;0.289;NEUTRE;0;81.9;3;0
2026.01.28 01:00;26205.50;26227.50;26201.00;26204.00;36.95;39.17;8.65;91.98;88.52;0.253;NEUTRE;0;;;0
2026.01.28 00:00;26137.75;26207.50;26134.75;26205.50;32.82;33.59;9.98;94.53;82.62;0.259;NEUTRE;0;;;0
2026.01.27 23:00;26132.00;26145.50;26125.25;26137.25;29.53;25.64;11.52;79.07;77.76;0.959;SOFT_UP;1;63.6;2;0
2026.01.27 21:00;26075.00;26117.00;26061.00;26109.00;28.23;17.58;13.29;74.27;79.24;0.850;SOFT_UP;1;63;2;0
2026.01.27 20:00;26091.25;26113.50;26068.50;26074.75;30.44;20.28;13.28;79.94;82.61;0.717;SOFT_UP;1;60;2;0
2026.01.27 19:00;26089.50;26098.50;26072.25;26091.25;31.91;18.27;15.32;83.51;83.78;0.781;SOFT_UP;1;63.3;2;1
2026.01.27 18:00;26061.00;26095.75;26037.75;26089.50;35.47;19.47;17.68;84.37;85.87;0.774;SOFT_UP;1;64.3;2;1
2026.01.27 17:00;26079.00;26091.00;26050.00;26061.00;40.18;22.47;17.15;83.47;84.59;0.664;SOFT_UP;1;62.1;2;1
2026.01.27 16:00;26077.50;26106.00;26072.75;26078.75;44.30;25.92;11.25;89.76;79.20;0.733;SOFT_UP;1;65.7;3;1
2026.01.27 15:00;26051.75;26097.75;26022.00;26077.50;45.04;26.10;12.98;80.56;67.68;0.728;SOFT_UP;1;66.9;3;1
2026.01.27 14:00;25989.50;26056.75;25916.75;26052.00;46.80;21.78;14.98;67.27;62.88;0.630;SOFT_UP;1;65.3;3;1
2026.01.27 13:00;26003.25;26017.50;25981.75;25989.75;51.15;25.13;10.14;55.21;59.01;0.389;NEUTRE;0;55.4;2;1
2026.01.27 12:00;26031.00;26032.50;25990.50;26003.50;52.48;29.00;7.93;66.15;51.90;0.442;NEUTRE;0;60.7;2;1
2026.01.27 11:00;26005.00;26041.75;25990.75;26031.00;51.78;33.46;9.06;55.65;41.61;0.548;SOFT_UP;1;67.5;3;1
2026.01.27 10:00;25973.00;26006.75;25969.50;26004.75;50.91;28.05;10.45;33.88;43.14;0.447;NEUTRE;0;65.2;3;1
2026.01.27 09:00;25983.25;25994.00;25966.75;25973.25;51.71;27.10;12.06;35.30;59.41;0.325;NEUTRE;0;60.2;2;1
2026.01.27 08:00;26005.00;26010.75;25966.50;25983.25;53.76;31.27;13.92;60.24;77.12;0.364;NEUTRE;0;65.6;3;1
2026.01.27 07:00;26001.50;26019.75;25991.50;26004.75;56.12;36.08;7.37;82.68;88.81;0.447;NEUTRE;0;72.1;3;1
2026.01.27 06:00;26007.50;26027.25;25998.00;26001.50;54.59;41.64;4.96;88.45;92.89;0.435;NEUTRE;0;74.1;3;0
2026.01.27 05:00;25988.75;26008.75;25971.50;26007.50;50.88;38.31;5.72;95.29;95.78;0.458;NEUTRE;0;77.3;3;0
2026.01.27 04:00;25975.00;26002.00;25971.00;25988.75;47.32;41.42;6.60;94.92;95.04;0.385;NEUTRE;0;77.9;3;0
2026.01.27 03:00;25970.00;25978.50;25962.50;25975.00;43.44;36.13;7.62;97.11;89.42;0.332;NEUTRE;0;79.4;3;0
2026.01.27 02:00;25921.75;25974.00;25920.75;25970.00;40.10;37.36;8.79;93.08;74.87;0.313;NEUTRE;0;82.5;3;0
2026.01.27 01:00;25898.00;25925.00;25894.25;25921.75;36.75;28.95;10.14;78.07;53.78;0.127;NEUTRE;0;;;0
2026.01.27 00:00;25889.00;25902.00;25874.50;25898.00;35.00;21.90;11.70;53.45;38.86;0.035;NEUTRE;0;;;0
2026.01.26 23:00;25845.25;25895.50;25838.00;25889.00;35.72;21.63;13.50;29.83;41.59;1.290;STRONG_UP;2;69.8;3;0
2026.01.26 21:00;25844.75;25870.25;25833.50;25858.75;37.65;18.20;15.58;33.31;58.40;1.172;STRONG_UP;2;69.7;3;0
2026.01.26 20:00;25878.00;25892.25;25839.75;25843.50;42.25;21.00;15.36;61.64;76.57;1.112;STRONG_UP;2;69.6;3;0
2026.01.26 19:00;25897.25;25912.25;25877.25;25878.00;46.37;24.23;6.74;80.25;86.08;1.247;STRONG_UP;2;72.5;3;1
2026.01.26 18:00;25890.00;25930.00;25873.25;25898.00;44.81;27.96;7.77;87.83;90.30;1.325;STRONG_UP;2;74.3;3;1
2026.01.26 17:00;25905.75;25929.75;25881.25;25890.00;43.01;32.26;6.80;90.17;91.73;1.294;STRONG_UP;2;74.8;3;1
2026.01.26 16:00;25880.75;25927.25;25850.25;25905.50;39.60;36.43;7.84;92.88;89.69;1.355;STRONG_UP;2;76.3;3;1
2026.01.26 15:00;25836.75;25897.75;25802.25;25880.75;35.76;36.14;9.05;92.14;81.88;1.258;STRONG_UP;2;76.2;3;1
2026.01.26 14:00;25715.75;25852.50;25703.50;25836.75;32.04;34.41;10.44;84.04;69.42;1.086;STRONG_UP;2;75.1;3;1
2026.01.26 13:00;25687.25;25720.25;25657.50;25715.75;28.74;26.05;12.05;69.46;54.80;0.612;SOFT_UP;1;66.3;3;1
2026.01.26 12:00;25668.00;25713.50;25668.00;25687.00;27.51;30.05;11.33;54.75;47.52;0.500;NEUTRE;0;63.6;2;1
2026.01.26 11:00;25650.25;25671.75;25641.25;25669.25;24.79;20.56;13.07;40.18;49.52;0.430;NEUTRE;0;62.1;2;1
2026.01.26 10:00;25617.75;25673.25;25613.00;25650.25;25.17;23.73;15.08;47.63;63.51;0.356;NEUTRE;0;59.9;2;1
2026.01.26 09:00;25726.25;25734.00;25581.50;25617.25;25.62;27.38;17.40;60.75;76.15;0.227;NEUTRE;0;50.7;2;1
2026.01.26 08:00;25699.25;25741.00;25698.00;25726.25;26.13;31.59;8.33;82.14;82.45;0.653;SOFT_UP;1;75.8;3;1
2026.01.26 07:00;25668.25;25710.00;25665.25;25699.25;21.19;25.36;9.61;85.58;83.21;0.548;SOFT_UP;1;75.2;3;1
2026.01.26 06:00;25673.50;25701.50;25664.75;25668.50;17.52;26.33;11.09;79.63;77.54;0.427;NEUTRE;0;73.8;3;0
2026.01.26 05:00;25634.00;25675.00;25626.00;25673.50;13.95;19.29;12.79;84.42;73.22;0.447;NEUTRE;0;77;3;0
2026.01.26 04:00;25634.00;25658.25;25622.25;25634.00;12.98;17.00;14.76;68.57;62.80;0.292;NEUTRE;0;74.2;3;0
2026.01.26 03:00;25608.75;25657.00;25608.00;25633.75;13.89;19.08;17.03;66.67;55.24;0.291;NEUTRE;0;78;3;0
2026.01.26 02:00;25648.00;25665.25;25594.75;25608.50;15.16;22.02;19.65;53.17;43.44;0.193;NEUTRE;0;77.9;3;0
2026.01.26 01:00;25581.50;25667.75;25570.00;25649.25;16.62;25.40;22.68;45.89;34.62;0.352;NEUTRE;0;;;0
2026.01.26 00:00;25559.25;25616.75;25544.50;25581.50;18.30;21.29;26.17;31.27;29.29;0.087;NEUTRE;0;;;0
2026.01.25 23:00;25458.00;25570.00;25451.50;25559.00;19.54;14.61;30.19;26.69;34.95;0.397;NEUTRE;0;39.9;1;0
2026.01.23 21:00;25733.50;25737.25;25671.75;25678.25;17.19;16.85;19.89;29.92;43.21;0.242;NEUTRE;0;29.1;1;0
2026.01.23 20:00;25747.50;25755.00;25690.75;25734.00;18.56;19.45;18.49;48.23;53.93;0.460;NEUTRE;0;48.1;2;0
2026.01.23 19:00;25724.50;25774.00;25718.75;25747.50;21.03;22.44;14.63;51.48;62.97;0.512;NEUTRE;0;52.5;2;1
2026.01.23 18:00;25692.25;25763.25;25688.00;25724.50;21.03;22.90;16.88;62.08;76.28;0.423;NEUTRE;0;48.7;2;1
2026.01.23 17:00;25788.25;25807.00;25682.50;25693.25;21.94;26.42;19.48;75.35;83.10;0.301;NEUTRE;0;40.6;1;1
2026.01.23 16:00;25826.75;25844.75;25760.50;25788.00;22.99;30.48;12.84;91.39;78.21;0.670;SOFT_UP;1;63.7;2;1
2026.01.23 15:00;25663.25;25826.50;25661.75;25825.75;20.26;31.84;14.81;82.54;61.33;0.818;SOFT_UP;1;69.2;3;1
2026.01.23 14:00;25570.50;25663.75;25556.00;25663.25;17.76;21.54;17.09;60.69;45.69;0.183;NEUTRE;0;32.3;1;1
2026.01.23 13:00;25627.50;25634.25;25559.75;25570.50;18.72;20.65;19.72;40.77;32.39;-0.179;NEUTRE;0;-33.7;-1;1
2026.01.23 12:00;25605.75;25631.50;25583.00;25627.50;21.24;23.82;17.95;35.60;23.25;0.044;NEUTRE;0;10.1;0;1
2026.01.23 11:00;25573.25;25657.00;25571.00;25605.75;22.35;27.49;20.72;20.79;16.45;-0.041;NEUTRE;0;-10.2;0;1
2026.01.23 10:00;25557.75;25573.75;25549.00;25573.25;23.63;16.82;23.90;13.35;19.51;-0.168;NEUTRE;0;-39.1;-1;1
2026.01.23 09:00;25599.75;25628.25;25539.75;25557.75;24.59;19.41;27.58;15.21;37.03;-0.228;NEUTRE;0;-50.8;-2;1
2026.01.23 08:00;25691.25;25691.25;25580.25;25599.75;25.70;22.40;24.79;29.96;60.45;-0.064;NEUTRE;0;-21.2;0;1
2026.01.23 07:00;25704.75;25723.50;25682.00;25691.25;28.87;25.84;14.50;65.90;81.41;0.293;NEUTRE;0;63.7;2;1
2026.01.23 06:00;25712.00;25730.50;25702.75;25704.75;28.99;29.82;9.03;85.48;88.88;0.345;NEUTRE;0;70.2;3;0
2026.01.23 05:00;25699.00;25713.50;25692.50;25712.00;25.21;24.98;10.42;92.86;90.46;0.374;NEUTRE;0;74.6;3;0
2026.01.23 04:00;25694.50;25706.50;25683.50;25699.00;22.77;23.70;12.03;88.30;85.03;0.323;NEUTRE;0;75.6;3;0
2026.01.23 03:00;25667.75;25707.00;25667.25;25694.75;21.24;27.34;13.88;90.22;74.55;0.306;NEUTRE;0;78.5;3;0
2026.01.23 02:00;25685.50;25688.25;25664.50;25667.75;19.49;24.29;16.01;76.56;56.57;0.201;NEUTRE;0;78.4;3;0
2026.01.23 01:00;25653.00;25686.75;25647.75;25685.75;19.32;27.06;18.48;56.87;43.42;0.271;NEUTRE;0;;;0
2026.01.23 00:00;25616.25;25653.25;25596.00;25653.00;19.40;18.00;21.32;36.26;40.42;0.143;NEUTRE;0;;;0
2026.01.22 23:00;25579.75;25628.25;25579.00;25616.50;21.09;14.06;24.60;37.12;48.58;0.255;NEUTRE;0;28.2;1;0
2026.01.22 21:00;25661.50;25675.25;25609.25;25621.75;20.13;16.22;18.93;47.89;59.63;0.276;NEUTRE;0;32.5;1;0
2026.01.22 20:00;25639.00;25664.00;25583.75;25661.75;22.04;16.09;21.85;60.72;67.97;0.432;NEUTRE;0;46.3;2;0
2026.01.22 19:00;25672.50;25714.00;25633.50;25639.00;23.10;18.57;15.67;70.27;68.30;0.343;NEUTRE;0;41.1;1;1
2026.01.22 18:00;25710.75;25720.00;25666.50;25673.00;25.35;21.42;11.77;72.93;57.53;0.476;NEUTRE;0;52;2;1
2026.01.22 17:00;25667.75;25719.00;25652.00;25710.75;24.78;24.43;13.58;61.72;45.27;0.624;SOFT_UP;1;60.6;2;1
2026.01.22 16:00;25605.50;25698.50;25603.00;25668.25;24.20;23.48;15.67;37.96;42.19;0.458;NEUTRE;0;54.2;2;1
2026.01.22 15:00;25577.50;25657.50;25536.75;25605.25;24.86;20.49;18.08;36.13;57.62;0.211;NEUTRE;0;34.2;1;1
2026.01.22 14:00;25735.25;25738.50;25554.00;25577.50;27.72;23.64;18.67;52.48;73.68;0.103;NEUTRE;0;19.6;0;1
2026.01.22 13:00;25690.25;25738.75;25677.00;25735.25;30.18;27.28;11.28;84.24;85.43;0.720;SOFT_UP;1;69.5;3;1
2026.01.22 12:00;25674.50;25695.75;25658.50;25690.25;28.44;20.77;13.02;84.32;87.41;0.544;SOFT_UP;1;65.5;3;1
2026.01.22 11:00;25687.75;25713.50;25665.75;25675.00;29.29;23.96;12.03;87.74;89.85;0.484;NEUTRE;0;64.8;2;1
2026.01.22 10:00;25698.00;25702.75;25669.50;25687.75;28.69;24.18;13.88;90.16;87.08;0.534;SOFT_UP;1;68.8;3;1
2026.01.22 09:00;25682.25;25714.75;25671.75;25698.00;28.94;27.90;14.97;91.67;75.21;0.574;SOFT_UP;1;72;3;1
2026.01.22 08:00;25587.00;25706.25;25581.50;25682.25;28.76;29.16;17.28;79.41;57.29;0.513;NEUTRE;0;72.1;3;1
2026.01.22 07:00;25538.75;25592.50;25498.25;25587.00;29.25;19.61;19.94;54.55;47.39;0.140;NEUTRE;0;44.1;1;1
2026.01.22 06:00;25532.75;25547.25;25482.50;25538.75;33.62;15.24;23.00;37.90;53.39;-0.049;NEUTRE;0;-21.6;0;0
2026.01.22 05:00;25574.00;25576.25;25527.25;25532.75;35.67;17.59;15.91;49.71;65.64;-0.072;NEUTRE;0;-34.9;-1;0
2026.01.22 04:00;25588.75;25589.25;25565.50;25574.00;40.39;20.30;6.35;72.55;74.23;0.089;NEUTRE;0;47.1;2;0
2026.01.22 03:00;25567.00;25593.50;25567.00;25588.75;38.55;23.42;6.35;74.67;75.95;0.147;NEUTRE;0;67.1;3;0
2026.01.22 02:00;25593.50;25601.75;25564.25;25567.00;35.66;27.02;7.33;75.46;76.50;0.062;NEUTRE;0;56.3;2;0
2026.01.22 01:00;25558.75;25600.00;25552.00;25593.50;32.33;30.46;8.46;77.70;75.31;0.165;NEUTRE;0;;;0
2026.01.22 00:00;25551.25;25581.00;25538.25;25558.75;28.60;29.06;9.76;76.34;75.51;0.029;NEUTRE;0;;;0
2026.01.21 23:00;25545.25;25568.25;25521.50;25551.25;25.36;28.94;11.26;71.89;74.17;1.736;STRONG_UP;2;74.7;3;0
2026.01.21 21:00;25470.50;25530.00;25470.50;25506.50;22.49;23.86;12.99;78.30;72.33;1.558;STRONG_UP;2;74.4;3;0
2026.01.21 20:00;25638.25;25651.50;25445.50;25469.75;21.41;27.53;14.99;72.33;61.58;1.411;STRONG_UP;2;73.7;3;0
2026.01.21 19:00;25281.75;25640.50;25232.75;25638.25;20.17;30.95;17.30;66.35;58.01;2.082;EXPLOSIVE_UP;3;79.3;3;1
2026.01.21 18:00;25245.00;25293.75;25150.50;25282.25;18.92;22.62;19.96;46.05;61.28;0.665;SOFT_UP;1;60.8;2;1
2026.01.21 17:00;25228.75;25261.00;25142.50;25245.00;20.87;22.59;23.03;61.62;73.34;0.517;NEUTRE;0;55.8;2;1
2026.01.21 16:00;25469.25;25493.25;25220.50;25228.75;23.93;26.06;16.45;76.17;72.13;0.452;NEUTRE;0;53.8;2;1
2026.01.21 15:00;25322.75;25487.25;25295.00;25469.25;24.13;30.07;14.77;82.24;53.53;1.410;STRONG_UP;2;77.6;3;1
2026.01.21 14:00;25083.00;25338.25;25072.50;25324.50;22.60;22.77;17.05;57.97;32.23;0.833;SOFT_UP;1;70.8;3;1
2026.01.21 13:00;25085.50;25124.50;25040.50;25083.00;23.86;13.90;19.67;20.39;15.80;-0.128;NEUTRE;0;-25.5;-1;1
2026.01.21 12:00;25046.50;25089.00;25025.25;25085.50;24.89;9.54;22.70;18.33;14.80;-0.118;NEUTRE;0;-25.4;-1;1
2026.01.21 11:00;25152.50;25158.75;25039.50;25046.50;22.45;11.01;22.75;8.69;16.06;-0.274;NEUTRE;0;-50.3;-2;1
2026.01.21 10:00;25128.75;25187.50;25121.00;25152.50;20.55;12.70;15.73;17.39;27.38;0.148;NEUTRE;0;35.6;1;1
2026.01.21 09:00;25203.00;25224.25;25128.00;25128.50;22.07;14.66;16.53;22.09;41.53;0.053;NEUTRE;0;15.9;0;1
2026.01.21 08:00;25211.50;25233.00;25193.75;25203.25;24.54;16.91;8.57;42.65;57.11;0.350;NEUTRE;0;64.7;2;1
2026.01.21 07:00;25195.75;25245.75;25192.50;25211.50;23.28;19.51;9.89;59.84;68.47;0.383;NEUTRE;0;69.3;3;1
2026.01.21 06:00;25219.50;25230.25;25191.00;25195.75;21.82;18.04;11.41;68.84;72.29;0.321;NEUTRE;0;68.9;3;0
2026.01.21 05:00;25195.50;25225.00;25185.00;25219.25;21.71;18.75;13.16;76.72;74.65;0.414;NEUTRE;0;76;3;0
2026.01.21 04:00;25196.25;25212.50;25182.00;25195.50;22.36;16.83;15.19;71.31;72.99;0.320;NEUTRE;0;75.5;3;0
2026.01.21 03:00;25178.75;25226.50;25178.25;25196.25;25.01;19.42;17.53;75.92;63.78;0.323;NEUTRE;0;79.1;3;0
2026.01.21 02:00;25201.25;25208.25;25167.50;25178.75;28.07;16.59;20.22;71.74;45.84;0.253;NEUTRE;0;80.7;3;0
2026.01.21 01:00;25177.75;25218.00;25177.75;25201.25;30.87;19.14;19.46;43.69;26.09;0.342;NEUTRE;0;;;0
2026.01.21 00:00;25115.25;25185.00;25114.75;25177.75;35.49;9.47;22.46;22.09;16.13;0.249;NEUTRE;0;;;0
2026.01.20 23:00;25151.25;25173.75;25103.00;25115.50;34.69;8.47;25.91;12.48;12.97;-1.033;SOFT_DOWN;-1;-65.3;-3;0
2026.01.20 21:00;25143.00;25166.25;25121.75;25144.00;32.22;9.77;25.82;13.82;16.26;-0.921;SOFT_DOWN;-1;-64.8;-2;0
2026.01.20 20:00;25166.75;25166.75;25098.25;25141.25;30.24;11.27;29.79;12.60;27.50;-0.932;SOFT_DOWN;-1;-66.1;-3;0
2026.01.20 19:00;25198.50;25223.50;25127.50;25168.25;27.96;13.01;27.95;22.37;46.75;-0.826;SOFT_DOWN;-1;-64.6;-2;1
2026.01.20 18:00;25291.75;25310.50;25170.50;25198.50;26.65;15.01;25.36;47.52;66.92;-0.706;SOFT_DOWN;-1;-62.2;-2;1
2026.01.20 17:00;25396.00;25405.75;25257.25;25291.75;26.80;17.32;19.72;70.37;76.17;-0.339;NEUTRE;0;-44;-1;1
2026.01.20 16:00;25362.75;25427.75;25333.00;25398.50;29.92;19.98;14.91;82.86;78.33;0.082;NEUTRE;0;13.9;0;1
2026.01.20 15:00;25319.50;25415.75;25254.50;25362.25;32.29;21.10;17.21;75.28;72.09;-0.061;NEUTRE;0;-11.1;0;1
2026.01.20 14:00;25211.50;25367.50;25200.75;25321.75;35.69;19.75;19.85;76.84;63.46;-0.221;NEUTRE;0;-37.4;-1;1
2026.01.20 13:00;25256.75;25275.75;25180.50;25211.50;41.14;14.32;22.91;64.15;46.96;-0.655;SOFT_DOWN;-1;-67.7;-3;1
2026.01.20 12:00;25204.50;25283.00;25190.75;25256.75;43.92;16.52;24.78;49.39;31.49;-0.477;NEUTRE;0;-62.5;-2;1
2026.01.20 11:00;25174.00;25227.25;25172.00;25204.50;47.61;9.77;28.59;27.33;19.46;-0.683;SOFT_DOWN;-1;-71.6;-3;1
2026.01.20 10:00;25133.25;25206.50;25109.00;25174.50;47.38;5.49;32.99;17.77;16.49;-0.801;SOFT_DOWN;-1;-75.5;-3;1
2026.01.20 09:00;25200.00;25219.50;25094.50;25133.25;43.68;6.34;38.06;13.29;18.19;-0.963;SOFT_DOWN;-1;-79.1;-3;1
2026.01.20 08:00;25282.75;25287.75;25166.50;25200.00;39.41;7.31;35.05;18.43;25.36;-0.700;SOFT_DOWN;-1;-76.7;-3;1
2026.01.20 07:00;25309.50;25319.50;25257.00;25282.50;35.40;8.44;28.96;22.86;37.08;-0.375;NEUTRE;0;-68.9;-3;1
2026.01.20 06:00;25382.00;25389.50;25258.75;25309.75;32.41;9.74;32.99;34.80;53.06;-0.268;NEUTRE;0;-65.2;-3;0
2026.01.20 05:00;25379.50;25411.50;25366.25;25382.00;29.02;11.24;25.42;53.59;69.43;0.017;NEUTRE;0;9.3;0;0
2026.01.20 04:00;25409.25;25411.00;25369.50;25379.75;27.54;12.97;28.22;70.79;77.27;0.008;NEUTRE;0;5.5;0;0
2026.01.20 03:00;25423.50;25430.50;25402.50;25409.25;26.07;14.96;20.33;83.91;75.00;0.124;NEUTRE;0;63.4;2;0
2026.01.20 02:00;25419.25;25437.25;25390.50;25423.50;27.74;17.26;23.46;77.10;59.09;0.180;NEUTRE;0;77.1;3;0
2026.01.20 01:00;25360.50;25431.50;25360.50;25419.50;29.67;18.02;27.07;63.99;50.19;0.165;NEUTRE;0;;;0
2026.01.20 00:00;25377.75;25403.25;25324.00;25360.50;31.15;14.68;31.23;36.17;52.01;-0.068;NEUTRE;0;;;0
2026.01.19 23:00;25402.00;25403.50;25366.25;25377.75;30.40;16.93;27.83;50.42;67.68;-0.347;NEUTRE;0;-36.1;-1;0
2026.01.19 21:00;25388.25;25388.25;25377.50;25382.00;31.33;13.24;32.12;69.44;80.12;-0.330;NEUTRE;0;-37.2;-1;0
2026.01.19 20:00;25396.50;25396.50;25388.25;25388.25;29.74;15.28;21.67;83.18;87.33;-0.305;NEUTRE;0;-36.4;-1;0
2026.01.19 19:00;25396.50;25396.50;25396.50;25396.50;31.66;17.63;9.62;87.74;89.34;-0.273;NEUTRE;0;-34.8;-1;1
2026.01.19 18:00;25396.50;25398.50;25384.75;25396.50;32.01;20.34;11.10;91.06;88.03;-0.273;NEUTRE;0;-36.3;-1;1
2026.01.19 17:00;25377.50;25416.50;25371.50;25396.50;32.41;23.47;12.81;89.21;79.02;-0.273;NEUTRE;0;-37.8;-1;1
2026.01.19 16:00;25326.00;25382.75;25320.25;25377.50;32.87;15.54;14.78;83.82;66.92;-0.348;NEUTRE;0;-46.5;-2;1
2026.01.19 15:00;25315.50;25342.75;25287.00;25326.00;37.54;8.09;17.05;64.04;51.53;-0.550;SOFT_DOWN;-1;-60.6;-2;1
2026.01.19 14:00;25319.75;25346.25;25236.50;25315.50;37.83;9.33;19.68;52.92;38.48;-0.591;SOFT_DOWN;-1;-63.9;-2;1
2026.01.19 13:00;25328.25;25343.25;25283.25;25319.75;38.17;10.77;16.15;37.63;25.25;-0.574;SOFT_DOWN;-1;-64.9;-2;1
2026.01.19 12:00;25289.50;25348.00;25270.75;25328.00;40.97;12.43;18.64;24.91;20.34;-0.542;SOFT_DOWN;-1;-65.4;-3;1
2026.01.19 11:00;25267.25;25316.75;25264.00;25289.75;44.19;8.11;21.50;13.20;22.54;-0.692;SOFT_DOWN;-1;-71.8;-3;1
2026.01.19 10:00;25279.75;25312.00;25256.75;25267.75;44.04;7.98;24.81;22.92;33.54;-0.778;SOFT_DOWN;-1;-75.1;-3;1
2026.01.19 09:00;25390.00;25395.25;25262.25;25279.75;42.91;9.20;27.10;31.51;36.87;-0.731;SOFT_DOWN;-1;-75.7;-3;1
2026.01.19 08:00;25351.00;25409.75;25347.50;25389.75;41.93;10.62;21.40;46.19;35.53;-0.299;NEUTRE;0;-61.1;-2;1
2026.01.19 07:00;25384.00;25391.50;25325.25;25351.00;43.20;7.74;24.70;32.91;27.98;-0.452;NEUTRE;0;-72.3;-3;1
2026.01.19 06:00;25393.25;25413.50;25379.75;25384.25;41.81;8.93;15.84;27.50;22.13;-0.321;NEUTRE;0;-68.9;-3;0
2026.01.19 05:00;25379.00;25418.25;25370.50;25393.00;43.95;10.31;18.28;23.54;16.83;-0.287;NEUTRE;0;-70.2;-3;0
2026.01.19 04:00;25386.00;25393.75;25370.75;25379.00;46.43;4.00;21.09;15.35;12.88;-0.342;NEUTRE;0;-76.4;-3;0
2026.01.19 03:00;25415.50;25417.50;25362.50;25386.00;43.09;4.62;24.33;11.60;12.23;-0.314;NEUTRE;0;-78.8;-3;0
2026.01.19 02:00;25398.00;25419.00;25391.00;25415.50;39.25;5.33;20.10;11.70;14.35;-0.198;NEUTRE;0;-78.2;-3;0
2026.01.19 01:00;25428.25;25450.00;25385.75;25397.75;36.34;6.15;23.20;13.38;17.93;-0.268;NEUTRE;0;;;0
2026.01.19 00:00;25466.00;25468.50;25372.50;25428.25;33.00;7.09;26.76;17.96;30.08;-0.148;NEUTRE;0;;;0
2026.01.18 23:00;25429.00;25467.00;25403.50;25466.25;29.13;8.18;25.91;22.46;40.40;0.146;NEUTRE;0;17.1;0;0
2026.01.16 21:00;25684.25;25701.25;25670.50;25680.75;25.62;9.44;15.08;49.83;46.63;-0.231;NEUTRE;0;-28;-1;0
2026.01.16 20:00;25714.25;25728.75;25681.25;25683.75;26.02;10.89;12.03;48.93;41.82;-0.220;NEUTRE;0;-28;-1;0
2026.01.16 19:00;25715.50;25747.00;25672.00;25715.75;29.26;12.57;13.88;41.12;35.99;-0.095;NEUTRE;0;-13.6;0;1
2026.01.16 18:00;25660.50;25731.25;25653.50;25715.50;33.00;11.27;16.01;35.40;31.70;-0.096;NEUTRE;0;-14.5;0;1
2026.01.16 17:00;25716.00;25720.50;25657.50;25659.25;35.41;10.88;18.47;31.43;27.03;-0.315;NEUTRE;0;-41.9;-1;1
2026.01.16 16:00;25680.00;25752.00;25661.00;25716.00;36.88;12.55;20.46;28.26;23.07;-0.094;NEUTRE;0;-15.9;0;1
2026.01.16 15:00;25728.00;25764.50;25591.25;25680.00;38.87;14.49;23.61;21.39;28.08;-0.234;NEUTRE;0;-37;-1;1
2026.01.16 14:00;25825.25;25889.75;25726.75;25728.00;41.16;16.71;15.21;19.57;40.77;-0.048;NEUTRE;0;-9.4;0;1
2026.01.16 13:00;25828.50;25837.50;25801.50;25825.25;46.77;19.29;10.49;43.27;54.14;0.330;NEUTRE;0;50.8;2;1
2026.01.16 12:00;25832.00;25852.00;25804.75;25830.25;49.42;22.25;10.72;59.46;60.44;0.350;NEUTRE;0;54.7;2;1
2026.01.16 11:00;25853.50;25871.75;25825.50;25832.25;51.64;25.68;5.61;59.69;59.18;0.357;NEUTRE;0;57.5;2;1
2026.01.16 10:00;25814.75;25863.25;25809.75;25853.75;49.72;26.80;6.48;62.17;63.90;0.441;NEUTRE;0;64.9;2;1
2026.01.16 09:00;25816.00;25841.50;25809.25;25814.50;47.98;24.67;7.47;55.69;71.10;0.288;NEUTRE;0;57.1;2;1
2026.01.16 08:00;25822.75;25844.50;25794.50;25816.00;47.13;28.46;8.62;73.85;83.28;0.294;NEUTRE;0;60.6;2;1
2026.01.16 07:00;25822.25;25837.25;25807.25;25822.75;46.15;32.84;6.03;83.77;88.45;0.321;NEUTRE;0;65.7;3;1
2026.01.16 06:00;25807.00;25826.00;25802.50;25822.25;42.63;32.13;6.95;92.21;91.03;0.319;NEUTRE;0;68.8;3;0
2026.01.16 05:00;25809.25;25819.50;25802.00;25807.00;39.28;32.81;8.02;89.36;89.59;0.259;NEUTRE;0;68.2;3;0
2026.01.16 04:00;25786.00;25809.50;25783.50;25809.00;35.98;29.07;9.26;91.52;81.06;0.267;NEUTRE;0;72.8;3;0
2026.01.16 03:00;25786.25;25799.25;25783.50;25786.00;33.57;27.48;10.68;87.91;64.75;0.178;NEUTRE;0;70.8;3;0
2026.01.16 02:00;25769.00;25796.00;25762.00;25786.25;31.96;28.53;12.32;63.75;43.40;0.179;NEUTRE;0;77;3;0
2026.01.16 01:00;25759.50;25782.25;25747.75;25769.00;30.77;26.70;14.22;42.60;27.64;0.112;NEUTRE;0;;;0
2026.01.16 00:00;25740.25;25761.25;25730.25;25759.50;30.82;21.44;16.41;23.86;16.87;0.075;NEUTRE;0;;;0
2026.01.15 23:00;25719.50;25750.25;25703.50;25740.50;33.51;19.28;18.93;16.45;16.08;0.534;SOFT_UP;1;48.3;2;0
2026.01.15 21:00;25719.50;25726.00;25694.00;25705.50;38.53;14.26;21.85;10.29;20.20;0.397;NEUTRE;0;42.5;1;0
2026.01.15 20:00;25756.25;25770.25;25680.25;25717.00;41.23;16.46;25.21;21.49;35.57;0.442;NEUTRE;0;46.9;2;0
2026.01.15 19:00;25884.50;25884.50;25745.75;25756.25;44.34;18.99;17.89;28.81;47.11;0.596;SOFT_UP;1;56.6;2;1
2026.01.15 18:00;25852.75;25909.75;25849.00;25884.50;50.70;21.91;9.19;56.40;57.06;1.097;STRONG_UP;2;71.3;3;1
2026.01.15 17:00;25924.00;25937.00;25848.75;25852.75;52.21;25.28;10.61;56.12;59.13;0.973;SOFT_UP;1;70.1;3;1
2026.01.15 16:00;25883.25;25936.00;25877.50;25924.00;53.95;29.17;7.23;58.66;66.29;1.251;STRONG_UP;2;75.2;3;1
2026.01.15 15:00;25860.25;25924.75;25803.75;25883.25;52.98;30.70;8.34;62.61;77.58;1.092;STRONG_UP;2;74.2;3;1
2026.01.15 14:00;25892.75;25951.50;25842.00;25862.25;52.31;35.43;4.76;77.60;88.14;1.010;SOFT_UP;1;74;3;1
2026.01.15 13:00;25851.25;25915.75;25833.25;25892.75;48.62;35.86;5.49;92.54;93.06;1.129;STRONG_UP;2;76.6;3;1
2026.01.15 12:00;25839.50;25853.00;25810.50;25851.50;44.80;29.67;6.33;94.28;93.22;0.968;SOFT_UP;1;75.6;3;1
2026.01.15 11:00;25816.50;25855.00;25815.75;25840.75;41.71;34.24;5.41;92.36;91.53;0.926;SOFT_UP;1;76.2;3;1
2026.01.15 10:00;25811.75;25829.00;25799.50;25816.50;36.94;29.31;6.24;93.03;89.61;0.831;SOFT_UP;1;76;3;1
2026.01.15 09:00;25737.00;25832.25;25732.75;25811.75;32.64;33.82;7.20;89.20;85.05;0.812;SOFT_UP;1;77.1;3;1
2026.01.15 08:00;25688.25;25746.50;25673.25;25737.00;27.68;25.77;8.30;86.61;76.97;0.520;NEUTRE;0;72.4;3;1
2026.01.15 07:00;25700.00;25706.50;25676.50;25688.25;24.05;21.33;9.58;79.35;60.92;0.330;NEUTRE;0;66.3;3;1
2026.01.15 06:00;25621.25;25721.75;25610.25;25700.00;21.90;24.61;11.06;64.94;45.84;0.376;NEUTRE;0;71.7;3;0
2026.01.15 05:00;25577.50;25646.75;25575.25;25621.25;19.43;18.05;12.76;38.47;45.37;0.068;NEUTRE;0;33.3;1;0
2026.01.15 04:00;25580.75;25598.75;25568.75;25577.50;19.77;10.50;14.72;34.12;56.93;-0.103;NEUTRE;0;-51.2;-2;0
2026.01.15 03:00;25608.00;25626.25;25578.75;25580.75;20.24;12.11;11.86;63.53;71.61;-0.090;NEUTRE;0;-55.4;-2;0
2026.01.15 02:00;25628.75;25633.00;25595.25;25608.00;23.19;13.97;8.34;73.13;75.65;0.017;NEUTRE;0;22.4;0;0
2026.01.15 01:00;25601.00;25641.75;25561.75;25628.50;22.87;16.12;9.62;78.16;79.13;0.097;NEUTRE;0;;;0
2026.01.15 00:00;25603.75;25608.00;25585.50;25601.50;22.50;12.11;11.10;75.66;74.82;-0.009;NEUTRE;0;;;0
2026.01.14 23:00;25584.00;25614.00;25562.00;25604.00;25.29;13.98;12.80;83.55;64.61;-1.106;STRONG_DOWN;-2;-66.7;-3;0
2026.01.14 21:00;25635.75;25657.00;25552.50;25602.75;28.50;16.13;14.77;65.24;43.03;-1.110;STRONG_DOWN;-2;-68.6;-3;0
2026.01.14 20:00;25499.50;25643.00;25461.75;25635.75;32.21;16.55;17.05;45.02;25.25;-0.983;SOFT_DOWN;-1;-67.2;-3;0
2026.01.14 19:00;25514.25;25533.00;25485.50;25499.50;36.94;9.76;19.67;18.82;12.07;-1.509;STRONG_DOWN;-2;-75.4;-3;1
2026.01.14 18:00;25449.25;25525.00;25420.25;25514.25;37.44;8.67;22.70;11.89;7.34;-1.452;STRONG_DOWN;-2;-75.6;-3;1
2026.01.14 17:00;25458.50;25507.75;25432.50;25449.25;36.32;7.47;26.19;5.50;6.65;-1.703;STRONG_DOWN;-2;-78.3;-3;1
2026.01.14 16:00;25491.75;25590.25;25439.50;25459.50;33.35;8.62;28.79;4.61;11.86;-1.664;STRONG_DOWN;-2;-78.8;-3;1
2026.01.14 15:00;25584.25;25692.25;25469.00;25490.75;30.19;9.94;30.20;9.82;20.61;-1.543;STRONG_DOWN;-2;-78.6;-3;1
2026.01.14 14:00;25753.50;25789.00;25581.50;25584.25;27.07;11.47;27.10;21.15;26.08;-1.182;STRONG_DOWN;-2;-76.2;-3;1
2026.01.14 13:00;25778.50;25801.25;25731.75;25753.50;25.00;13.24;20.13;30.88;25.41;-0.528;NEUTRE;0;-63;-2;1
2026.01.14 12:00;25742.50;25783.50;25701.50;25778.50;25.66;11.34;23.23;26.22;22.24;-0.432;NEUTRE;0;-60.1;-2;1
2026.01.14 11:00;25736.50;25767.75;25714.50;25742.50;24.32;10.13;26.80;19.13;23.37;-0.571;SOFT_DOWN;-1;-68.3;-3;1
2026.01.14 10:00;25851.25;25852.00;25711.25;25736.50;21.12;11.69;30.92;21.38;26.23;-0.594;SOFT_DOWN;-1;-70.8;-3;1
2026.01.14 09:00;25857.00;25877.75;25835.25;25851.25;17.43;13.49;22.12;29.59;26.26;-0.151;NEUTRE;0;-39.1;-1;1
2026.01.14 08:00;25861.25;25875.00;25839.75;25857.00;16.38;15.57;23.90;27.73;21.94;-0.128;NEUTRE;0;-37.7;-1;1
2026.01.14 07:00;25859.00;25870.75;25848.25;25862.00;15.65;17.96;23.87;21.46;22.30;-0.109;NEUTRE;0;-37;-1;1
2026.01.14 06:00;25855.25;25862.75;25835.00;25859.00;15.89;15.25;27.54;16.63;29.23;-0.121;NEUTRE;0;-44.3;-1;0
2026.01.14 05:00;25881.00;25882.25;25852.25;25855.50;13.92;17.60;22.21;28.80;44.36;-0.134;NEUTRE;0;-52.4;-2;0
2026.01.14 04:00;25914.25;25918.25;25872.75;25881.25;14.28;20.31;15.12;42.27;57.62;-0.035;NEUTRE;0;-22.9;0;0
2026.01.14 03:00;25892.75;25925.00;25889.00;25914.00;14.22;23.43;11.95;62.02;68.24;0.092;NEUTRE;0;56;2;0
2026.01.14 02:00;25885.25;25896.00;25875.50;25892.75;11.41;14.65;13.78;68.55;68.26;0.010;NEUTRE;0;13.6;0;0
2026.01.14 01:00;25906.25;25923.50;25878.25;25885.25;12.70;16.90;13.84;74.13;62.29;-0.019;NEUTRE;0;;;0
2026.01.14 00:00;25890.25;25923.50;25883.50;25906.25;13.13;19.50;14.19;62.10;50.44;0.062;NEUTRE;0;;;0