time;open;high;low;close;adx14;plus_di;minus_di;stoch_k;stoch_d;intraday_change;intraday_level;intraday_force;theta_deg;theta_level;is_active
2026.07.14 18:00;1.14230;1.14260;1.14157;1.14212;23.76;14.44;19.00;26.49;42.01;0.334;SOFT_UP;1;64.4;2;1
2026.07.14 17:00;1.14315;1.14330;1.14190;1.14230;25.31;16.66;16.99;40.48;56.76;0.350;SOFT_UP;1;66.7;3;1
2026.07.14 16:00;1.14271;1.14341;1.14238;1.14314;29.05;19.22;14.33;59.07;69.74;0.423;STRONG_UP;2;71.4;3;1
2026.07.14 15:00;1.14448;1.14531;1.14254;1.14267;31.28;22.18;14.14;70.74;77.47;0.382;SOFT_UP;1;70.8;3;1
2026.07.14 14:00;1.14510;1.14586;1.14396;1.14448;32.69;25.59;8.43;79.42;77.98;0.541;STRONG_UP;2;77.1;3;1
2026.07.14 13:00;1.14459;1.14548;1.14412;1.14511;29.96;26.45;9.73;82.25;74.33;0.596;STRONG_UP;2;79;3;1
2026.07.14 12:00;1.14064;1.14622;1.14035;1.14457;27.46;30.51;11.22;72.26;67.37;0.549;STRONG_UP;2;79;3;1
2026.07.14 11:00;1.13917;1.14091;1.13893;1.14063;24.57;21.29;12.95;68.49;69.09;0.203;SOFT_UP;1;64.3;2;1
2026.07.14 10:00;1.14007;1.14014;1.13907;1.13915;24.61;18.59;14.94;61.36;66.56;0.073;NEUTRE;0;39.4;1;1
2026.07.14 09:00;1.13993;1.14034;1.13946;1.14006;26.72;21.44;11.63;77.43;64.26;0.153;NEUTRE;0;62.4;2;1
2026.07.14 08:00;1.13958;1.14056;1.13929;1.13992;26.27;24.74;13.42;60.88;54.77;0.141;NEUTRE;0;63.3;2;1
2026.07.14 07:00;1.13861;1.13972;1.13836;1.13956;25.75;18.37;15.49;54.47;58.05;0.109;NEUTRE;0;60.3;2;1
2026.07.14 06:00;1.13914;1.13935;1.13842;1.13857;28.40;17.02;17.87;48.95;65.19;0.022;NEUTRE;0;22.4;0;0
2026.07.14 05:00;1.13902;1.13956;1.13902;1.13914;32.39;19.63;10.70;70.73;76.33;0.072;NEUTRE;0;58.4;2;0
2026.07.14 04:00;1.13933;1.13942;1.13871;1.13902;32.84;18.67;12.34;75.87;78.25;0.061;NEUTRE;0;59.8;2;0
2026.07.14 03:00;1.13904;1.13964;1.13880;1.13932;34.76;21.54;12.29;82.39;76.39;0.088;NEUTRE;0;73.2;3;0
2026.07.14 02:00;1.13886;1.13940;1.13886;1.13903;35.90;20.46;14.18;76.50;66.01;0.062;NEUTRE;0;74;3;0
2026.07.14 01:00;1.13844;1.13903;1.13842;1.13885;38.64;13.25;16.37;70.27;52.24;0.047;NEUTRE;0;;;0
2026.07.14 00:00;1.13832;1.13892;1.13779;1.13845;42.97;12.52;18.88;51.27;34.81;0.011;NEUTRE;0;;;0
2026.07.13 23:00;1.13806;1.13835;1.13797;1.13831;46.46;6.68;21.79;35.16;21.39;-0.185;NEUTRE;0;-42.2;-1;0
2026.07.13 22:00;1.13781;1.13860;1.13767;1.13806;45.45;7.71;25.14;17.98;13.28;-0.207;SOFT_DOWN;-1;-46.7;-2;0
2026.07.13 21:00;1.13780;1.13847;1.13769;1.13794;44.28;6.75;29.01;11.02;10.23;-0.217;SOFT_DOWN;-1;-49.3;-2;0
2026.07.13 20:00;1.13832;1.13841;1.13772;1.13799;41.51;6.60;33.47;10.82;9.93;-0.213;SOFT_DOWN;-1;-50.2;-2;0
2026.07.13 19:00;1.13871;1.13876;1.13814;1.13832;37.58;7.62;29.26;8.84;9.65;-0.184;NEUTRE;0;-47.5;-2;1
2026.07.13 18:00;1.13859;1.13886;1.13843;1.13870;34.33;8.79;26.56;10.13;11.49;-0.151;NEUTRE;0;-43.4;-1;1
2026.07.13 17:00;1.13887;1.13905;1.13850;1.13858;31.88;10.14;28.14;9.99;12.39;-0.161;NEUTRE;0;-46.9;-2;1
2026.07.13 16:00;1.14013;1.14023;1.13825;1.13883;29.55;11.70;32.47;14.36;16.07;-0.139;NEUTRE;0;-44.4;-1;1
2026.07.13 15:00;1.14058;1.14062;1.13961;1.14012;26.86;13.50;26.90;12.83;24.54;-0.026;NEUTRE;0;-11.1;0;1
2026.07.13 14:00;1.14142;1.14158;1.13979;1.14058;25.90;15.58;28.30;21.02;41.47;0.014;NEUTRE;0;6.4;0;1
2026.07.13 13:00;1.14306;1.14330;1.14139;1.14142;25.42;17.98;18.90;39.77;57.86;0.088;NEUTRE;0;37.3;1;1
2026.07.13 12:00;1.14271;1.14306;1.14202;1.14305;28.95;20.74;16.73;63.63;70.21;0.231;SOFT_UP;1;65.2;3;1
2026.07.13 11:00;1.14356;1.14372;1.14247;1.14272;31.75;23.93;12.65;70.17;75.91;0.202;SOFT_UP;1;64.2;2;1
2026.07.13 10:00;1.14311;1.14353;1.14256;1.14352;31.89;25.28;14.59;76.83;79.53;0.272;SOFT_UP;1;71.9;3;1
2026.07.13 09:00;1.14358;1.14370;1.14270;1.14310;32.68;29.16;14.62;80.74;78.58;0.235;SOFT_UP;1;71.2;3;1
2026.07.13 08:00;1.14241;1.14456;1.14235;1.14357;32.59;33.65;16.87;81.03;74.38;0.276;SOFT_UP;1;75.6;3;1
2026.07.13 07:00;1.14007;1.14259;1.14005;1.14242;32.50;25.11;19.46;73.96;71.30;0.175;NEUTRE;0;70.5;3;1
2026.07.13 06:00;1.13982;1.14073;1.13954;1.14007;35.55;17.71;22.46;68.16;69.70;-0.031;NEUTRE;0;-30.2;-1;0
2026.07.13 05:00;1.14035;1.14089;1.13966;1.13982;39.20;20.44;24.36;71.77;66.38;-0.053;NEUTRE;0;-50.1;-2;0
2026.07.13 04:00;1.13987;1.14048;1.13966;1.14035;43.88;18.45;28.11;69.18;56.12;-0.006;NEUTRE;0;-9.6;0;0
2026.07.13 03:00;1.13939;1.13986;1.13903;1.13986;47.44;9.66;32.44;58.20;47.63;-0.049;NEUTRE;0;-61.5;-2;0
2026.07.13 02:00;1.13975;1.13994;1.13930;1.13939;46.41;11.14;32.42;40.96;38.93;-0.090;NEUTRE;0;-78.8;-3;0
2026.07.13 01:00;1.13953;1.13971;1.13840;1.13971;46.04;7.33;37.41;43.73;34.85;-0.062;NEUTRE;0;;;0
2026.07.13 00:00;1.14042;1.14052;1.13944;1.13952;42.78;8.46;30.95;32.09;25.29;-0.079;NEUTRE;0;;;0
2026.07.12 23:00;1.13943;1.14039;1.13928;1.14039;40.58;7.91;35.71;28.71;18.92;0.022;NEUTRE;0;6.2;0;0
2026.07.12 22:00;1.14030;1.14030;1.13883;1.13943;37.02;7.88;41.20;15.07;13.89;-0.062;NEUTRE;0;-17.6;0;0
2026.07.12 21:00;1.14014;1.14062;1.13991;1.14036;32.27;9.09;36.68;12.98;14.36;0.019;NEUTRE;0;5.8;0;0
2026.07.10 20:00;1.14154;1.14179;1.14113;1.14145;27.95;10.49;30.14;13.63;20.61;-0.159;NEUTRE;0;-41.9;-1;0
2026.07.10 19:00;1.14161;1.14168;1.14135;1.14154;24.81;12.10;29.65;16.48;34.49;-0.151;NEUTRE;0;-41.8;-1;1
2026.07.10 18:00;1.14174;1.14178;1.14113;1.14161;22.16;13.96;34.21;31.72;49.14;-0.145;NEUTRE;0;-42.2;-1;1
2026.07.10 17:00;1.14290;1.14308;1.14163;1.14172;19.10;16.11;27.64;55.27;53.87;-0.136;NEUTRE;0;-42;-1;1
2026.07.10 16:00;1.14373;1.14409;1.14292;1.14292;17.99;18.59;18.20;60.42;43.73;-0.031;NEUTRE;0;-12.3;0;1
2026.07.10 15:00;1.14220;1.14387;1.14211;1.14374;20.59;18.55;21.01;45.92;30.29;0.041;NEUTRE;0;17.1;0;1
2026.07.10 14:00;1.14205;1.14281;1.14115;1.14221;22.81;12.14;24.24;24.86;25.14;-0.093;NEUTRE;0;-36.8;-1;1
2026.07.10 13:00;1.14287;1.14292;1.14191;1.14203;21.20;14.01;20.92;20.10;23.62;-0.108;NEUTRE;0;-43.1;-1;1
2026.07.10 12:00;1.14310;1.14414;1.14229;1.14288;21.42;16.16;18.35;30.47;21.02;-0.034;NEUTRE;0;-17.7;0;1
2026.07.10 11:00;1.14330;1.14349;1.14262;1.14306;23.74;13.24;21.18;20.28;12.07;-0.018;NEUTRE;0;-10.4;0;1
2026.07.10 10:00;1.14271;1.14350;1.14264;1.14330;23.84;15.28;24.08;12.32;9.28;0.003;NEUTRE;0;1.9;0;1
2026.07.10 09:00;1.14301;1.14340;1.14263;1.14269;24.07;15.84;27.79;3.61;10.53;-0.051;NEUTRE;0;-32.6;-1;1
2026.07.10 08:00;1.14368;1.14419;1.14300;1.14302;23.56;18.28;24.67;11.91;18.72;-0.022;NEUTRE;0;-17.2;0;1
2026.07.10 07:00;1.14421;1.14421;1.14361;1.14368;24.90;21.09;20.58;16.08;28.49;0.036;NEUTRE;0;30.1;1;1
2026.07.10 06:00;1.14391;1.14472;1.14386;1.14417;28.54;24.34;17.33;28.16;45.29;0.079;NEUTRE;0;56;2;0
2026.07.10 05:00;1.14424;1.14441;1.14353;1.14393;30.34;22.54;20.00;41.21;63.08;0.058;NEUTRE;0;52.6;2;0
2026.07.10 04:00;1.14491;1.14491;1.14392;1.14423;34.09;26.00;16.26;66.49;79.56;0.084;NEUTRE;0;67.1;3;0
2026.07.10 03:00;1.14580;1.14591;1.14470;1.14491;35.79;30.00;6.64;81.55;86.81;0.143;NEUTRE;0;79.5;3;0
2026.07.10 02:00;1.14469;1.14604;1.14465;1.14579;31.48;34.62;7.66;90.63;86.09;0.220;SOFT_UP;1;85.4;3;0
2026.07.10 01:00;1.14397;1.14496;1.14377;1.14470;26.51;27.99;8.83;88.24;71.33;0.125;NEUTRE;0;;;0
2026.07.10 00:00;1.14327;1.14417;1.14300;1.14398;22.59;22.09;10.19;79.42;52.50;0.062;NEUTRE;0;;;0
2026.07.09 23:00;1.14331;1.14337;1.14310;1.14328;20.39;14.96;11.76;46.34;31.70;0.098;NEUTRE;0;25.6;1;0
2026.07.09 22:00;1.14283;1.14333;1.14260;1.14332;21.69;14.99;13.57;31.74;23.85;0.102;NEUTRE;0;27.6;1;0
2026.07.09 21:00;1.14295;1.14317;1.14255;1.14264;24.26;13.92;15.66;17.02;25.57;0.042;NEUTRE;0;12.7;0;0
2026.07.09 20:00;1.14272;1.14299;1.14269;1.14296;27.09;11.60;18.07;22.79;37.13;0.070;NEUTRE;0;21.5;0;0
2026.07.09 19:00;1.14332;1.14341;1.14251;1.14273;27.90;13.38;20.85;36.91;50.94;0.050;NEUTRE;0;16.5;0;1
2026.07.09 18:00;1.14372;1.14378;1.14311;1.14332;28.84;15.44;13.80;51.68;58.39;0.102;NEUTRE;0;32.6;1;1
2026.07.09 17:00;1.14365;1.14403;1.14337;1.14372;32.41;17.82;9.95;64.22;64.39;0.137;NEUTRE;0;42.2;1;1
2026.07.09 16:00;1.14386;1.14410;1.14347;1.14365;33.04;20.56;9.15;59.25;61.66;0.130;NEUTRE;0;42.5;1;1
2026.07.09 15:00;1.14326;1.14402;1.14288;1.14385;32.22;21.76;10.56;69.69;59.84;0.148;NEUTRE;0;48;2;1
2026.07.09 14:00;1.14389;1.14457;1.14310;1.14326;31.84;25.11;9.21;56.03;43.90;0.096;NEUTRE;0;37.7;1;1
2026.07.09 13:00;1.14245;1.14390;1.14235;1.14389;29.61;21.97;10.63;53.79;33.17;0.151;NEUTRE;0;52.6;2;1
2026.07.09 12:00;1.14293;1.14357;1.14223;1.14245;28.82;22.07;12.27;21.89;20.57;0.025;NEUTRE;0;13.2;0;1
2026.07.09 11:00;1.14231;1.14296;1.14217;1.14292;28.86;18.46;14.15;23.83;23.17;0.067;NEUTRE;0;34.5;1;1
2026.07.09 10:00;1.14305;1.14314;1.14207;1.14230;31.27;21.30;16.33;16.00;30.10;0.012;NEUTRE;0;7.7;0;1
2026.07.09 09:00;1.14262;1.14311;1.14234;1.14305;34.05;24.58;14.96;29.67;46.04;0.078;NEUTRE;0;44.3;1;1
2026.07.09 08:00;1.14351;1.14379;1.14252;1.14263;35.55;28.36;13.67;44.63;60.26;0.041;NEUTRE;0;30;1;1
2026.07.09 07:00;1.14417;1.14419;1.14322;1.14352;35.64;32.72;7.29;63.84;69.51;0.119;NEUTRE;0;62.4;2;1
2026.07.09 06:00;1.14304;1.14490;1.14304;1.14417;31.34;37.76;8.41;72.32;71.96;0.176;NEUTRE;0;73.2;3;0
2026.07.09 05:00;1.14263;1.14337;1.14261;1.14305;26.39;30.91;9.71;72.37;73.04;0.078;NEUTRE;0;60.4;2;0
2026.07.09 04:00;1.14265;1.14270;1.14229;1.14264;22.42;22.10;11.20;71.21;74.74;0.042;NEUTRE;0;49.8;2;0
2026.07.09 03:00;1.14237;1.14301;1.14225;1.14265;20.83;25.50;12.93;75.54;75.01;0.043;NEUTRE;0;58.2;2;0
2026.07.09 02:00;1.14254;1.14279;1.14228;1.14241;19.00;24.97;14.91;77.46;70.22;0.022;NEUTRE;0;51.1;2;0
2026.07.09 01:00;1.14255;1.14269;1.14195;1.14254;18.04;25.80;17.21;72.04;58.84;0.033;NEUTRE;0;;;0
2026.07.09 00:00;1.14216;1.14297;1.14208;1.14254;17.75;29.77;17.15;61.16;50.66;0.033;NEUTRE;0;;;0
2026.07.08 23:00;1.14188;1.14219;1.14169;1.14209;16.34;20.86;19.79;43.31;52.55;0.172;NEUTRE;0;40.1;1;0
2026.07.08 22:00;1.14107;1.14190;1.14087;1.14187;18.45;15.15;22.84;47.52;65.42;0.153;NEUTRE;0;38.1;1;0
2026.07.08 21:00;1.14145;1.14183;1.14121;1.14161;18.17;17.48;21.27;66.81;78.09;0.130;NEUTRE;0;34.9;1;0
2026.07.08 20:00;1.14272;1.14275;1.14150;1.14160;19.46;20.17;17.35;81.92;84.27;0.129;NEUTRE;0;36;1;0
2026.07.08 19:00;1.14251;1.14300;1.14223;1.14272;21.30;23.27;11.03;85.52;78.36;0.227;SOFT_UP;1;53.4;2;1
2026.07.08 18:00;1.14167;1.14286;1.14161;1.14251;19.09;24.05;12.73;85.38;70.05;0.209;SOFT_UP;1;52.6;2;1
2026.07.08 17:00;1.14139;1.14267;1.14139;1.14167;17.29;25.42;14.69;64.19;59.34;0.135;NEUTRE;0;41.8;1;1
2026.07.08 16:00;1.13949;1.14145;1.13945;1.14138;15.84;14.78;16.95;60.59;52.52;0.110;NEUTRE;0;37.8;1;1
2026.07.08 15:00;1.14071;1.14116;1.13909;1.13949;17.22;14.82;19.56;53.25;41.11;-0.056;NEUTRE;0;-22.8;0;1
2026.07.08 14:00;1.14095;1.14130;1.14030;1.14070;17.75;17.10;13.57;43.72;29.69;0.050;NEUTRE;0;21.9;0;1
2026.07.08 13:00;1.13956;1.14136;1.13952;1.14096;18.71;19.73;15.66;26.37;23.05;0.073;NEUTRE;0;32.3;1;1
2026.07.08 12:00;1.13978;1.14067;1.13950;1.13956;19.82;17.00;18.07;18.99;24.28;-0.050;NEUTRE;0;-25.1;-1;1
2026.07.08 11:00;1.14079;1.14093;1.13927;1.13979;22.40;19.61;20.85;23.79;30.52;-0.030;NEUTRE;0;-17.1;0;1
2026.07.08 10:00;1.14041;1.14144;1.14009;1.14083;25.38;22.63;16.46;30.06;42.49;0.061;NEUTRE;0;34.5;1;1
2026.07.08 09:00;1.14099;1.14112;1.13958;1.14041;26.85;22.47;18.99;37.70;61.25;0.025;NEUTRE;0;17.4;0;1
2026.07.08 08:00;1.14251;1.14273;1.14002;1.14100;29.69;25.92;17.51;59.72;79.45;0.076;NEUTRE;0;46.9;2;1
2026.07.08 07:00;1.14222;1.14312;1.14166;1.14253;31.28;29.91;10.90;86.33;89.91;0.211;SOFT_UP;1;73.6;3;1
2026.07.08 06:00;1.14194;1.14237;1.14169;1.14222;28.92;26.61;12.57;92.29;90.76;0.183;NEUTRE;0;73.8;3;0
2026.07.08 05:00;1.14140;1.14203;1.14119;1.14192;27.86;23.01;14.51;91.10;84.89;0.157;NEUTRE;0;74.2;3;0
2026.07.08 04:00;1.14141;1.14155;1.14106;1.14142;28.67;17.76;16.74;88.89;74.18;0.113;NEUTRE;0;72.6;3;0
2026.07.08 03:00;1.14113;1.14162;1.14112;1.14141;32.62;20.49;17.43;74.69;55.02;0.112;NEUTRE;0;76.6;3;0
2026.07.08 02:00;1.14051;1.14123;1.14043;1.14108;36.40;12.53;20.12;58.97;37.91;0.083;NEUTRE;0;77.9;3;0
2026.07.08 01:00;1.14076;1.14091;1.13981;1.14051;38.43;8.30;23.21;31.41;22.86;0.033;NEUTRE;0;;;0
2026.07.08 00:00;1.14013;1.14112;1.13999;1.14077;37.06;9.58;24.26;23.35;17.78;0.056;NEUTRE;0;;;0
2026.07.07 23:00;1.14061;1.14081;1.13998;1.14012;36.09;6.84;28.00;13.82;16.61;-0.349;SOFT_DOWN;-1;-59.7;-2;0
2026.07.07 22:00;1.14062;1.14085;1.14026;1.14067;32.30;7.89;27.11;16.18;18.33;-0.301;SOFT_DOWN;-1;-57;-2;0
2026.07.07 21:00;1.14100;1.14136;1.14008;1.14041;28.81;9.10;31.28;19.82;22.19;-0.323;SOFT_DOWN;-1;-60;-2;0
2026.07.07 20:00;1.14163;1.14169;1.14101;1.14114;24.80;10.50;24.92;18.99;23.79;-0.260;SOFT_DOWN;-1;-55.7;-2;0
2026.07.07 19:00;1.14181;1.14191;1.14078;1.14162;22.35;12.12;28.75;27.77;25.57;-0.218;SOFT_DOWN;-1;-52.3;-2;1
2026.07.07 18:00;1.14279;1.14295;1.14171;1.14182;19.53;13.98;20.51;24.60;24.79;-0.200;SOFT_DOWN;-1;-51.4;-2;1
2026.07.07 17:00;1.14232;1.14290;1.14219;1.14279;19.61;16.13;17.72;24.34;30.07;-0.115;NEUTRE;0;-37.3;-1;1
2026.07.07 16:00;1.14227;1.14255;1.14176;1.14231;21.91;11.03;20.44;25.44;43.05;-0.157;NEUTRE;0;-47.9;-2;1
2026.07.07 15:00;1.14327;1.14346;1.14218;1.14226;20.68;12.73;15.41;40.42;56.45;-0.162;NEUTRE;0;-50.6;-2;1
2026.07.07 14:00;1.14359;1.14376;1.14233;1.14328;22.40;14.68;15.97;63.28;66.18;-0.073;NEUTRE;0;-30.4;-1;1
2026.07.07 13:00;1.14363;1.14416;1.14301;1.14358;25.20;16.94;11.12;65.66;61.38;-0.046;NEUTRE;0;-21.7;0;1
2026.07.07 12:00;1.14325;1.14418;1.14305;1.14362;25.88;19.55;12.29;69.59;51.28;-0.043;NEUTRE;0;-22;0;1
2026.07.07 11:00;1.14335;1.14387;1.14251;1.14321;26.35;18.34;14.18;48.89;31.03;-0.079;NEUTRE;0;-39;-1;1
2026.07.07 10:00;1.14247;1.14339;1.14231;1.14335;28.44;15.73;16.36;35.35;19.78;-0.066;NEUTRE;0;-36.6;-1;1
2026.07.07 09:00;1.14276;1.14298;1.14242;1.14247;32.51;12.31;18.88;8.85;12.86;-0.143;NEUTRE;0;-60.8;-2;1
2026.07.07 08:00;1.14247;1.14355;1.14247;1.14275;34.27;14.20;20.41;15.14;15.11;-0.119;NEUTRE;0;-59.2;-2;1
2026.07.07 07:00;1.14295;1.14317;1.14244;1.14248;36.78;10.97;23.55;14.60;13.31;-0.142;NEUTRE;0;-66.4;-3;1
2026.07.07 06:00;1.14314;1.14320;1.14248;1.14294;36.83;12.66;26.33;15.58;11.58;-0.102;NEUTRE;0;-62.4;-2;0
2026.07.07 05:00;1.14352;1.14369;1.14278;1.14313;37.11;14.61;23.97;9.74;16.21;-0.086;NEUTRE;0;-62.7;-2;0
2026.07.07 04:00;1.14365;1.14389;1.14352;1.14352;39.08;16.85;15.15;9.43;23.28;-0.052;NEUTRE;0;-55.7;-2;0
2026.07.07 03:00;1.14393;1.14424;1.14357;1.14364;44.27;19.45;15.40;29.45;31.64;-0.041;NEUTRE;0;-57;-2;0
2026.07.07 02:00;1.14435;1.14458;1.14391;1.14393;49.30;22.44;9.97;30.96;37.23;-0.016;NEUTRE;0;-42;-1;0
2026.07.07 01:00;1.14383;1.14470;1.14367;1.14435;50.96;25.89;11.50;34.50;50.88;0.021;NEUTRE;0;;;0
2026.07.07 00:00;1.14411;1.14421;1.14378;1.14383;52.88;22.56;13.27;46.23;67.15;-0.024;NEUTRE;0;;;0
2026.07.06 23:00;1.14448;1.14478;1.14408;1.14411;57.03;26.03;4.58;71.91;79.27;0.042;NEUTRE;0;11.6;0;0
2026.07.06 22:00;1.14377;1.14448;1.14377;1.14448;55.02;23.44;5.28;83.30;84.74;0.074;NEUTRE;0;20.8;0;0
2026.07.06 21:00;1.14409;1.14450;1.14380;1.14419;53.76;27.04;5.44;82.59;87.22;0.049;NEUTRE;0;14.7;0;0
2026.07.06 20:00;1.14407;1.14417;1.14392;1.14403;51.80;23.95;6.28;88.34;90.64;0.035;NEUTRE;0;11.2;0;0
2026.07.06 19:00;1.14423;1.14425;1.14377;1.14407;50.77;27.64;7.25;90.72;92.04;0.038;NEUTRE;0;12.7;0;1
2026.07.06 18:00;1.14360;1.14446;1.14347;1.14427;49.59;31.89;8.36;92.86;90.60;0.056;NEUTRE;0;19.3;0;1
2026.07.06 17:00;1.14303;1.14392;1.14298;1.14359;48.23;28.40;9.65;92.53;80.29;-0.003;NEUTRE;0;-1.1;0;1
2026.07.06 16:00;1.14253;1.14317;1.14246;1.14303;48.07;20.50;11.13;86.42;60.36;-0.052;NEUTRE;0;-20.1;0;1
2026.07.06 15:00;1.14168;1.14258;1.14149;1.14250;50.91;10.87;12.84;61.91;39.16;-0.099;NEUTRE;0;-36.6;-1;1
2026.07.06 14:00;1.14077;1.14198;1.14077;1.14168;57.46;4.07;14.82;32.76;29.78;-0.171;NEUTRE;0;-54;-2;1
2026.07.06 13:00;1.14128;1.14223;1.14080;1.14107;57.54;4.69;16.72;22.82;28.55;-0.224;SOFT_DOWN;-1;-62.7;-2;1
2026.07.06 12:00;1.14149;1.14195;1.14104;1.14128;57.75;2.40;19.29;33.75;30.55;-0.205;SOFT_DOWN;-1;-62.5;-2;1
2026.07.06 11:00;1.14193;1.14200;1.14115;1.14148;54.66;2.77;20.40;29.07;28.94;-0.188;NEUTRE;0;-62.6;-2;1
2026.07.06 10:00;1.14129;1.14209;1.14094;1.14193;51.36;3.20;23.54;28.83;30.61;-0.149;NEUTRE;0;-59.2;-2;1
2026.07.06 09:00;1.14202;1.14211;1.14107;1.14129;47.57;3.69;25.42;28.93;30.01;-0.205;SOFT_DOWN;-1;-68.7;-3;1
2026.07.06 08:00;1.14263;1.14269;1.14149;1.14203;43.40;4.26;23.12;34.07;27.08;-0.140;NEUTRE;0;-63.1;-2;1
2026.07.06 07:00;1.14226;1.14280;1.14163;1.14262;39.48;4.92;24.88;27.02;23.63;-0.088;NEUTRE;0;-54.8;-2;1
2026.07.06 06:00;1.14234;1.14287;1.14196;1.14227;35.25;5.67;24.37;20.13;27.53;-0.119;NEUTRE;0;-65.9;-3;0
2026.07.06 05:00;1.14326;1.14330;1.14227;1.14234;31.10;6.55;22.88;23.72;29.82;-0.113;NEUTRE;0;-68.6;-3;0
2026.07.06 04:00;1.14313;1.14340;1.14312;1.14325;27.34;7.55;13.70;38.73;35.74;-0.033;NEUTRE;0;-42.9;-1;0
2026.07.06 03:00;1.14335;1.14354;1.14276;1.14314;27.10;8.71;15.81;27.00;38.87;-0.043;NEUTRE;0;-58.2;-2;0
2026.07.06 02:00;1.14282;1.14349;1.14272;1.14335;26.82;9.07;18.24;41.49;52.75;-0.024;NEUTRE;0;-53.5;-2;0
2026.07.06 01:00;1.14379;1.14385;1.14280;1.14283;25.77;10.46;19.45;48.11;61.23;-0.070;NEUTRE;0;;;0
2026.07.06 00:00;1.14363;1.14408;1.14323;1.14379;25.12;12.07;16.14;68.65;62.18;0.014;NEUTRE;0;;;0
2026.07.05 23:00;1.14360;1.14377;1.14328;1.14364;26.77;8.32;18.62;66.93;51.61;0.052;NEUTRE;0;14.3;0;0
2026.07.05 22:00;1.14318;1.14374;1.14301;1.14363;25.00;8.66;21.48;50.97;35.53;0.052;NEUTRE;0;14.9;0;0
2026.07.05 21:00;1.14304;1.14387;1.14284;1.14378;22.31;9.99;24.79;36.92;28.17;0.065;NEUTRE;0;19.2;0;0
2026.07.03 20:00;1.14358;1.14369;1.14317;1.14327;19.19;11.53;23.67;18.69;24.33;0.094;NEUTRE;0;27.9;1;0
2026.07.03 19:00;1.14380;1.14402;1.14353;1.14363;16.83;13.30;16.67;28.90;24.12;0.125;NEUTRE;0;36.5;1;1
2026.07.03 18:00;1.14399;1.14412;1.14370;1.14381;17.70;15.35;13.89;25.40;19.05;0.141;NEUTRE;0;41.4;1;1
2026.07.03 17:00;1.14372;1.14416;1.14371;1.14399;19.65;17.71;15.66;18.08;14.97;0.157;NEUTRE;0;46.1;2;1
2026.07.03 16:00;1.14366;1.14393;1.14350;1.14372;21.73;12.57;18.07;13.66;16.56;0.133;NEUTRE;0;43.1;1;1
2026.07.03 15:00;1.14413;1.14441;1.14347;1.14366;22.31;14.50;20.85;13.16;23.81;0.128;NEUTRE;0;43.9;1;1
2026.07.03 14:00;1.14400;1.14475;1.14383;1.14413;22.98;16.73;18.17;22.86;33.01;0.169;NEUTRE;0;53.7;2;1
2026.07.03 13:00;1.14466;1.14478;1.14376;1.14400;25.88;19.31;20.96;35.41;34.72;0.158;NEUTRE;0;53.9;2;1
2026.07.03 12:00;1.14501;1.14525;1.14458;1.14466;29.23;22.28;11.82;40.77;33.17;0.215;SOFT_UP;1;63.6;2;1
2026.07.03 11:00;1.14463;1.14569;1.14458;1.14501;29.01;25.70;13.64;27.97;34.65;0.246;SOFT_UP;1;68.4;3;1
2026.07.03 10:00;1.14404;1.14499;1.14401;1.14464;28.76;19.96;15.74;30.77;47.30;0.214;SOFT_UP;1;67.5;3;1
2026.07.03 09:00;1.14524;1.14525;1.14399;1.14406;31.37;23.03;18.16;45.21;60.77;0.163;NEUTRE;0;63.9;2;1
2026.07.03 08:00;1.14544;1.14573;1.14501;1.14525;34.37;26.57;8.50;65.92;72.79;0.267;SOFT_UP;1;75.1;3;1
2026.07.03 07:00;1.14539;1.14577;1.14471;1.14543;31.73;30.66;9.81;71.17;79.76;0.283;SOFT_UP;1;77.6;3;1
2026.07.03 06:00;1.14485;1.14621;1.14479;1.14538;28.69;35.37;10.15;81.27;85.40;0.278;SOFT_UP;1;79.2;3;0
2026.07.03 05:00;1.14459;1.14546;1.14453;1.14485;24.58;32.69;11.72;86.85;84.14;0.232;SOFT_UP;1;79.2;3;0
2026.07.03 04:00;1.14408;1.14458;1.14389;1.14458;21.10;23.16;13.52;88.09;79.24;0.208;SOFT_UP;1;80.3;3;0
2026.07.03 03:00;1.14391;1.14412;1.14365;1.14408;20.30;16.47;15.60;77.49;66.99;0.165;NEUTRE;0;80.8;3;0
2026.07.03 02:00;1.14368;1.14445;1.14355;1.14394;23.00;19.00;18.00;72.15;52.77;0.152;NEUTRE;0;83.3;3;0
2026.07.03 01:00;1.14302;1.14443;1.14298;1.14368;26.12;21.59;20.77;51.33;37.43;0.130;NEUTRE;0;;;0
2026.07.03 00:00;1.14220;1.14304;1.14203;1.14303;29.85;10.16;23.96;34.83;32.54;0.073;NEUTRE;0;;;0
2026.07.02 23:00;1.14286;1.14302;1.14215;1.14221;28.21;11.72;25.82;26.15;31.27;0.396;SOFT_UP;1;62.7;2;0
2026.07.02 22:00;1.14302;1.14352;1.14275;1.14287;26.78;13.53;19.19;36.64;29.83;0.454;STRONG_UP;2;66.7;3;0
2026.07.02 21:00;1.14278;1.14334;1.14253;1.14310;28.23;12.01;22.14;31.01;21.97;0.474;STRONG_UP;2;68.5;3;0
2026.07.02 20:00;1.14302;1.14353;1.14289;1.14334;28.02;13.86;18.71;21.84;23.47;0.495;STRONG_UP;2;70.3;3;0
2026.07.02 19:00;1.14327;1.14337;1.14259;1.14305;30.04;12.14;21.58;13.06;33.61;0.469;STRONG_UP;2;70.2;3;1
2026.07.02 18:00;1.14304;1.14367;1.14290;1.14327;30.35;14.01;18.79;35.51;49.80;0.489;STRONG_UP;2;71.9;3;1
2026.07.02 17:00;1.14372;1.14372;1.14284;1.14303;32.78;16.17;21.68;52.28;60.36;0.468;STRONG_UP;2;72.1;3;1
2026.07.02 16:00;1.14474;1.14479;1.14350;1.14373;35.58;18.65;13.61;61.63;65.89;0.529;STRONG_UP;2;75;3;1
2026.07.02 15:00;1.14438;1.14494;1.14395;1.14472;38.65;21.52;10.33;67.18;67.77;0.616;STRONG_UP;2;77.8;3;1
2026.07.02 14:00;1.14505;1.14580;1.14334;1.14436;39.19;24.84;11.92;68.86;67.29;0.585;STRONG_UP;2;78;3;1
2026.07.02 13:00;1.14512;1.14551;1.14383;1.14502;39.81;28.66;10.69;67.26;65.28;0.643;STRONG_UP;2;79.8;3;1
2026.07.02 12:00;1.14034;1.14724;1.13950;1.14511;38.91;33.07;12.34;65.74;69.56;0.650;STRONG_UP;2;80.7;3;1
2026.07.02 11:00;1.14101;1.14143;1.14001;1.14036;37.88;26.60;14.23;62.85;76.86;0.233;SOFT_UP;1;67.3;3;1
2026.07.02 10:00;1.14094;1.14109;1.14028;1.14101;39.04;27.01;16.42;80.09;85.15;0.290;SOFT_UP;1;73;3;1
2026.07.02 09:00;1.14197;1.14208;1.14085;1.14094;41.30;31.17;8.12;87.65;85.11;0.284;SOFT_UP;1;74.3;3;1
2026.07.02 08:00;1.14074;1.14205;1.14065;1.14198;38.63;35.59;9.37;87.71;80.20;0.375;SOFT_UP;1;79.3;3;1
2026.07.02 07:00;1.13942;1.14089;1.13902;1.14074;35.60;28.32;10.82;79.97;75.29;0.266;SOFT_UP;1;76.9;3;1
2026.07.02 06:00;1.13855;1.14040;1.13852;1.13943;34.20;28.64;12.48;72.94;70.27;0.151;NEUTRE;0;70.6;3;0
2026.07.02 05:00;1.13864;1.13883;1.13812;1.13855;33.42;20.20;14.40;72.96;64.58;0.074;NEUTRE;0;59.1;2;0
2026.07.02 04:00;1.13820;1.13880;1.13819;1.13865;35.98;23.31;15.10;64.93;56.68;0.083;NEUTRE;0;66.8;3;0
2026.07.02 03:00;1.13817;1.13830;1.13777;1.13819;38.23;14.29;17.42;55.85;50.69;0.042;NEUTRE;0;57.6;2;0
2026.07.02 02:00;1.13814;1.13881;1.13807;1.13818;42.59;16.48;11.40;49.26;46.72;0.041;NEUTRE;0;66.6;3;0
2026.07.02 01:00;1.13762;1.13854;1.13759;1.13813;46.33;13.41;13.15;46.98;45.82;0.037;NEUTRE;0;;;0
2026.07.02 00:00;1.13771;1.13830;1.13747;1.13763;53.31;11.58;15.17;43.94;41.44;-0.007;NEUTRE;0;;;0
2026.07.01 23:00;1.13786;1.13786;1.13768;1.13772;59.45;5.21;17.51;46.55;34.57;-0.311;SOFT_DOWN;-1;-56.7;-2;0
2026.07.01 22:00;1.13782;1.13793;1.13768;1.13786;60.26;6.01;20.20;33.82;24.78;-0.299;SOFT_DOWN;-1;-56.9;-2;0
2026.07.01 21:00;1.13755;1.13787;1.13746;1.13782;61.20;3.24;23.31;23.35;22.48;-0.302;SOFT_DOWN;-1;-58.3;-2;0
2026.07.01 20:00;1.13786;1.13791;1.13735;1.13777;58.99;3.74;26.89;17.16;26.00;-0.307;SOFT_DOWN;-1;-60;-2;0
2026.07.01 19:00;1.13795;1.13813;1.13771;1.13785;56.44;4.31;21.14;26.93;33.97;-0.300;SOFT_DOWN;-1;-60.7;-2;1
2026.07.01 18:00;1.13808;1.13826;1.13750;1.13795;54.95;4.98;24.39;33.92;41.87;-0.291;SOFT_DOWN;-1;-61.2;-2;1
2026.07.01 17:00;1.13821;1.13856;1.13786;1.13806;53.24;5.74;20.86;41.05;49.61;-0.281;SOFT_DOWN;-1;-61.8;-2;1
2026.07.01 16:00;1.13834;1.13937;1.13795;1.13819;52.69;6.63;22.09;50.63;51.94;-0.270;SOFT_DOWN;-1;-62.3;-2;1
2026.07.01 15:00;1.13950;1.13958;1.13785;1.13834;52.51;7.65;25.48;57.15;45.27;-0.257;SOFT_DOWN;-1;-62.6;-2;1
2026.07.01 14:00;1.13917;1.14051;1.13843;1.13950;52.31;8.82;24.25;48.04;32.35;-0.155;NEUTRE;0;-51.3;-2;1
2026.07.01 13:00;1.13697;1.14115;1.13614;1.13917;53.18;10.18;27.98;30.62;24.09;-0.184;NEUTRE;0;-57.9;-2;1
2026.07.01 12:00;1.13852;1.13876;1.13687;1.13697;54.19;4.41;32.28;18.40;22.75;-0.377;SOFT_DOWN;-1;-74.2;-3;1
2026.07.01 11:00;1.13977;1.13986;1.13845;1.13852;50.84;5.09;24.39;23.23;24.38;-0.241;SOFT_DOWN;-1;-67.9;-3;1
2026.07.01 10:00;1.13876;1.14001;1.13858;1.13977;48.59;5.87;26.72;26.63;27.02;-0.131;NEUTRE;0;-55.9;-2;1
2026.07.01 09:00;1.13953;1.13992;1.13849;1.13875;46.22;5.81;30.83;23.28;32.28;-0.221;SOFT_DOWN;-1;-70.1;-3;1
2026.07.01 08:00;1.14017;1.14036;1.13937;1.13953;42.82;6.70;26.11;31.17;38.96;-0.152;NEUTRE;0;-65;-2;1
2026.07.01 07:00;1.14026;1.14040;1.13927;1.14017;40.31;7.73;30.12;42.40;39.73;-0.096;NEUTRE;0;-57.1;-2;1
2026.07.01 06:00;1.14055;1.14093;1.13999;1.14027;37.41;8.92;24.95;43.30;33.33;-0.088;NEUTRE;0;-58.8;-2;0
2026.07.01 05:00;1.14082;1.14103;1.14027;1.14055;35.89;10.29;24.21;33.50;22.60;-0.063;NEUTRE;0;-54.8;-2;0
2026.07.01 04:00;1.14038;1.14105;1.14022;1.14084;35.20;11.87;27.93;23.18;14.37;-0.038;NEUTRE;0;-46.9;-2;0
2026.07.01 03:00;1.14052;1.14079;1.14014;1.14037;34.41;8.88;32.23;11.13;8.53;-0.079;NEUTRE;0;-71.4;-3;0
2026.07.01 02:00;1.14040;1.14077;1.14023;1.14051;30.97;10.25;35.06;8.81;9.98;-0.067;NEUTRE;0;-75.2;-3;0
2026.07.01 01:00;1.14092;1.14093;1.14023;1.14040;27.30;11.83;40.45;5.66;19.40;-0.076;NEUTRE;0;;;0
2026.07.01 00:00;1.14127;1.14138;1.14082;1.14091;23.08;13.65;33.71;15.48;36.57;-0.032;NEUTRE;0;;;0
2026.06.30 23:00;1.14198;1.14199;1.14121;1.14126;20.11;15.74;28.18;37.07;51.73;-0.053;NEUTRE;0;-14.6;0;0
2026.06.30 22:00;1.14226;1.14236;1.14182;1.14197;18.85;18.17;20.49;57.14;59.98;0.009;NEUTRE;0;2.6;0;0
2026.06.30 21:00;1.14202;1.14228;1.14139;1.14226;20.83;18.68;23.64;60.98;62.32;0.034;NEUTRE;0;10.3;0;0
2026.06.30 20:00;1.14262;1.14269;1.14203;1.14207;22.23;21.56;16.21;61.81;62.40;0.018;NEUTRE;0;5.8;0;0
2026.06.30 19:00;1.14201;1.14262;1.14151;1.14262;23.47;23.24;18.71;64.16;61.84;0.066;NEUTRE;0;21.4;0;1
2026.06.30 18:00;1.14212;1.14267;1.14192;1.14201;25.42;26.82;15.90;61.22;63.81;0.012;NEUTRE;0;4.3;0;1
2026.06.30 17:00;1.14137;1.14219;1.14137;1.14212;25.40;21.10;18.35;60.15;67.34;0.022;NEUTRE;0;8.3;0;1
2026.06.30 16:00;1.14167;1.14179;1.14118;1.14137;28.24;16.84;21.17;70.05;72.77;-0.044;NEUTRE;0;-17.2;0;1
2026.06.30 15:00;1.14325;1.14363;1.14147;1.14167;30.83;19.43;17.12;71.81;64.82;-0.018;NEUTRE;0;-7.7;0;1
2026.06.30 14:00;1.13942;1.14343;1.13908;1.14326;34.60;20.99;19.75;76.44;59.87;0.122;NEUTRE;0;44.5;1;1
2026.06.30 13:00;1.13958;1.14066;1.13930;1.13943;39.45;14.42;22.79;46.20;52.56;-0.214;SOFT_DOWN;-1;-61.7;-2;1
2026.06.30 12:00;1.13928;1.14026;1.13883;1.13958;42.06;12.12;26.29;56.96;55.85;-0.201;SOFT_DOWN;-1;-62.1;-2;1
2026.06.30 11:00;1.14016;1.14025;1.13860;1.13927;42.86;13.88;30.34;54.51;54.47;-0.228;SOFT_DOWN;-1;-66.8;-3;1
2026.06.30 10:00;1.13970;1.14020;1.13922;1.14015;43.72;16.01;29.23;56.07;56.96;-0.151;NEUTRE;0;-59.6;-2;1
2026.06.30 09:00;1.13932;1.13983;1.13888;1.13970;45.95;12.67;33.72;52.84;53.54;-0.190;NEUTRE;0;-67.2;-3;1
2026.06.30 08:00;1.13984;1.13990;1.13832;1.13934;46.04;14.61;38.91;61.97;44.50;-0.222;SOFT_DOWN;-1;-72.3;-3;1
2026.06.30 07:00;1.14026;1.14090;1.13967;1.13984;46.14;16.86;31.75;45.81;25.32;-0.178;NEUTRE;0;-70.8;-3;1
2026.06.30 06:00;1.13843;1.14034;1.13831;1.14026;48.53;12.45;36.64;25.72;11.48;-0.141;NEUTRE;0;-69.3;-3;0
2026.06.30 05:00;1.13888;1.13924;1.13820;1.13844;48.41;6.03;42.27;4.43;5.25;-0.300;SOFT_DOWN;-1;-81.6;-3;0
2026.06.30 04:00;1.13981;1.13988;1.13885;1.13888;44.32;6.96;39.16;4.29;7.83;-0.262;SOFT_DOWN;-1;-82.3;-3;0
2026.06.30 03:00;1.14032;1.14048;1.13966;1.13981;40.39;8.03;33.09;7.03;10.65;-0.180;NEUTRE;0;-81.6;-3;0
2026.06.30 02:00;1.14038;1.14061;1.14013;1.14031;37.23;9.27;29.36;12.16;17.88;-0.137;NEUTRE;0;-82.6;-3;0
2026.06.30 01:00;1.14160;1.14169;1.14017;1.14038;34.96;10.69;32.59;12.76;27.58;-0.130;NEUTRE;0;;;0
2026.06.30 00:00;1.14187;1.14201;1.14122;1.14160;32.55;12.34;26.98;28.70;39.54;-0.024;NEUTRE;0;;;0
2026.06.29 23:00;1.14245;1.14249;1.14185;1.14187;31.83;14.23;18.86;41.28;47.68;0.297;SOFT_UP;1;55.5;2;0
2026.06.29 22:00;1.14247;1.14253;1.14221;1.14246;34.58;16.42;13.11;48.63;55.80;0.349;SOFT_UP;1;60.8;2;0
2026.06.29 21:00;1.14203;1.14262;1.14191;1.14250;38.17;18.95;15.13;53.12;66.10;0.352;SOFT_UP;1;62.1;2;0
2026.06.29 20:00;1.14254;1.14270;1.14216;1.14237;42.31;21.87;12.04;65.67;76.24;0.341;SOFT_UP;1;62.5;2;0
2026.06.29 19:00;1.14252;1.14266;1.14217;1.14254;44.36;24.09;13.89;79.52;83.69;0.356;SOFT_UP;1;64.7;2;1
2026.06.29 18:00;1.14264;1.14289;1.14246;1.14252;47.06;27.80;6.92;83.53;87.34;0.354;SOFT_UP;1;65.7;3;1
2026.06.29 17:00;1.14257;1.14278;1.14209;1.14264;45.04;28.14;7.98;88.02;90.45;0.365;SOFT_UP;1;67.5;3;1
2026.06.29 16:00;1.14236;1.14305;1.14228;1.14256;43.39;32.47;4.98;90.48;87.74;0.357;SOFT_UP;1;68.3;3;1
2026.06.29 15:00;1.14216;1.14248;1.14162;1.14234;38.77;26.07;5.74;92.85;82.09;0.338;SOFT_UP;1;68.5;3;1
2026.06.29 14:00;1.14099;1.14230;1.14043;1.14216;34.90;26.86;6.62;79.90;71.77;0.322;SOFT_UP;1;68.9;3;1
2026.06.29 13:00;1.14023;1.14119;1.14002;1.14098;30.97;21.86;7.64;73.52;66.78;0.219;SOFT_UP;1;62.2;2;1
2026.06.29 12:00;1.14086;1.14087;1.14002;1.14024;28.33;21.02;8.82;61.87;60.14;0.154;NEUTRE;0;55.3;2;1
2026.06.29 11:00;1.14041;1.14112;1.13986;1.14086;26.39;24.25;10.18;64.95;58.52;0.208;SOFT_UP;1;64.9;2;1
2026.06.29 10:00;1.14030;1.14053;1.13992;1.14042;24.16;20.78;11.74;53.59;59.00;0.170;NEUTRE;0;62.4;2;1
2026.06.29 09:00;1.13959;1.14036;1.13940;1.14030;23.61;19.69;13.55;57.03;68.03;0.159;NEUTRE;0;63.3;2;1
2026.06.29 08:00;1.14021;1.14071;1.13923;1.13955;24.39;22.72;15.63;66.37;74.60;0.093;NEUTRE;0;52.6;2;1
2026.06.29 07:00;1.14118;1.14129;1.13997;1.14022;25.30;26.22;10.35;80.68;66.95;0.152;NEUTRE;0;67.8;3;1
2026.06.29 06:00;1.13942;1.14147;1.13923;1.14119;22.52;30.25;11.94;76.76;48.84;0.237;SOFT_UP;1;77.3;3;0
2026.06.29 05:00;1.13823;1.13949;1.13821;1.13942;19.31;21.30;13.77;43.42;35.76;0.082;NEUTRE;0;61.6;2;0
2026.06.29 04:00;1.13829;1.13849;1.13805;1.13823;18.97;12.56;15.89;26.33;39.86;-0.023;NEUTRE;0;-32.9;-1;0
2026.06.29 03:00;1.13875;1.13898;1.13829;1.13829;20.09;14.50;9.95;37.54;48.37;-0.018;NEUTRE;0;-34.1;-1;0
2026.06.29 02:00;1.13850;1.13930;1.13844;1.13875;20.32;16.73;8.13;55.71;52.80;0.023;NEUTRE;0;52.3;2;0
2026.06.29 01:00;1.13873;1.13906;1.13843;1.13849;18.13;15.01;9.38;51.86;47.53;0.000;NEUTRE;0;;;0
2026.06.29 00:00;1.13849;1.13889;1.13830;1.13874;17.37;13.16;10.83;50.83;39.05;0.022;NEUTRE;0;;;0
2026.06.28 23:00;1.13849;1.13869;1.13819;1.13849;18.55;9.97;12.49;39.89;29.20;-0.015;NEUTRE;0;-4.2;0;0
2026.06.28 22:00;1.13839;1.13864;1.13809;1.13851;19.68;9.97;14.42;26.42;20.11;-0.013;NEUTRE;0;-3.8;0;0
2026.06.28 21:00;1.13866;1.13900;1.13797;1.13839;19.90;11.50;16.63;21.30;14.74;-0.024;NEUTRE;0;-7.3;0;0
2026.06.26 20:00;1.13866;1.13917;1.13809;1.13834;20.15;13.27;17.40;12.62;10.65;0.194;NEUTRE;0;47.5;2;0
2026.06.26 19:00;1.13854;1.13890;1.13804;1.13866;21.18;11.47;20.08;10.31;11.42;0.222;SOFT_UP;1;52.8;2;1
2026.06.26 18:00;1.13862;1.13909;1.13850;1.13855;20.24;13.23;14.94;9.01;12.50;0.212;SOFT_UP;1;53;2;1
2026.06.26 17:00;1.13896;1.13928;1.13843;1.13860;22.42;15.27;17.24;14.94;20.66;0.217;SOFT_UP;1;55.2;2;1
2026.06.26 16:00;1.14026;1.14030;1.13827;1.13895;24.94;17.62;19.89;13.54;34.43;0.247;SOFT_UP;1;60.1;2;1
2026.06.26 15:00;1.13939;1.14076;1.13918;1.14026;27.85;20.33;16.05;33.50;55.20;0.363;SOFT_UP;1;69.9;3;1
2026.06.26 14:00;1.14246;1.14280;1.13932;1.13937;30.32;23.45;17.16;56.25;70.16;0.284;SOFT_UP;1;66.4;3;1
2026.06.26 13:00;1.14267;1.14295;1.14115;1.14233;32.60;27.06;11.71;75.86;77.48;0.545;STRONG_UP;2;78;3;1
2026.06.26 12:00;1.13980;1.14338;1.13972;1.14266;31.52;31.23;13.51;78.38;80.33;0.574;STRONG_UP;2;79.5;3;1
2026.06.26 11:00;1.14046;1.14060;1.13934;1.13980;30.28;24.34;15.59;78.19;83.39;0.322;SOFT_UP;1;73.1;3;1
2026.06.26 10:00;1.14065;1.14081;1.13999;1.14045;31.56;28.09;10.05;84.42;85.29;0.379;SOFT_UP;1;76.8;3;1
2026.06.26 09:00;1.14011;1.14118;1.13951;1.14066;29.14;32.41;11.59;87.56;85.35;0.398;SOFT_UP;1;78.7;3;1
2026.06.26 08:00;1.13863;1.14073;1.13827;1.14010;26.35;33.25;13.38;83.90;84.69;0.349;SOFT_UP;1;78.5;3;1
2026.06.26 07:00;1.13748;1.13884;1.13728;1.13862;23.84;26.55;15.44;84.59;88.01;0.218;SOFT_UP;1;74.1;3;1
2026.06.26 06:00;1.13779;1.13821;1.13710;1.13749;23.44;24.42;17.81;85.59;85.11;0.119;NEUTRE;0;65.9;3;0
2026.06.26 05:00;1.13768;1.13818;1.13748;1.13779;24.64;28.17;15.28;93.85;72.52;0.145;NEUTRE;0;73;3;0
2026.06.26 04:00;1.13713;1.13769;1.13682;1.13766;23.87;21.74;17.63;75.89;49.64;0.134;NEUTRE;0;75.2;3;0
2026.06.26 03:00;1.13588;1.13713;1.13582;1.13713;25.94;15.18;20.35;47.83;30.18;0.087;NEUTRE;0;73;3;0
2026.06.26 02:00;1.13593;1.13624;1.13539;1.13588;27.69;7.06;23.48;25.20;20.36;-0.023;NEUTRE;0;-52.3;-2;0
2026.06.26 01:00;1.13643;1.13688;1.13562;1.13593;23.68;8.15;22.93;17.52;18.90;-0.018;NEUTRE;0;;;0
2026.06.26 00:00;1.13614;1.13667;1.13606;1.13645;20.01;9.40;21.08;18.35;20.63;0.027;NEUTRE;0;;;0
2026.06.25 23:00;1.13680;1.13693;1.13599;1.13611;17.19;10.85;24.33;20.83;22.02;0.067;NEUTRE;0;18.2;0;0
2026.06.25 22:00;1.13698;1.13728;1.13662;1.13679;13.95;12.52;17.76;22.72;23.52;0.127;NEUTRE;0;33;1;0
2026.06.25 21:00;1.13655;1.13730;1.13646;1.13707;13.43;14.45;20.49;22.51;31.57;0.151;NEUTRE;0;39;1;0
2026.06.25 20:00;1.13722;1.13742;1.13695;1.13699;12.84;16.67;14.67;25.32;45.39;0.144;NEUTRE;0;39.1;1;0
2026.06.25 19:00;1.13727;1.13796;1.13681;1.13722;13.83;19.23;16.92;46.89;63.21;0.165;NEUTRE;0;44.4;1;1
2026.06.25 18:00;1.13739;1.13802;1.13695;1.13726;14.97;22.19;17.65;63.95;75.37;0.168;NEUTRE;0;46.4;2;1
2026.06.25 17:00;1.13736;1.13772;1.13711;1.13739;15.52;21.29;20.37;78.78;82.12;0.180;NEUTRE;0;50;2;1
2026.06.25 16:00;1.13841;1.13862;1.13730;1.13737;17.57;24.57;18.71;83.39;79.19;0.178;NEUTRE;0;51.4;2;1
2026.06.25 15:00;1.13747;1.13877;1.13732;1.13839;18.19;28.35;21.36;84.20;66.40;0.268;SOFT_UP;1;63.6;2;1
2026.06.25 14:00;1.13634;1.13834;1.13626;1.13745;18.82;28.15;24.64;69.98;46.47;0.185;NEUTRE;0;56.1;2;1
2026.06.25 13:00;1.13532;1.13695;1.13488;1.13633;20.69;22.20;28.43;45.04;31.06;0.086;NEUTRE;0;36.7;1;1
2026.06.25 12:00;1.13373;1.13643;1.13327;1.13533;21.99;21.75;32.81;24.40;32.19;-0.002;NEUTRE;0;-1.1;0;1
2026.06.25 11:00;1.13453;1.13455;1.13330;1.13372;22.25;15.94;37.85;23.74;45.85;-0.144;NEUTRE;0;-55.9;-2;1
2026.06.25 10:00;1.13613;1.13617;1.13426;1.13454;19.41;18.40;31.86;48.42;55.40;-0.071;NEUTRE;0;-38.7;-1;1
2026.06.25 09:00;1.13673;1.13738;1.13614;1.13614;18.27;21.23;21.62;65.39;51.54;0.070;NEUTRE;0;41.2;1;1
2026.06.25 08:00;1.13595;1.13722;1.13585;1.13673;20.94;22.51;24.95;52.39;45.24;0.122;NEUTRE;0;59.8;2;1
2026.06.25 07:00;1.13525;1.13601;1.13443;1.13590;23.37;12.38;28.78;36.83;53.42;0.048;NEUTRE;0;37.7;1;1
2026.06.25 06:00;1.13604;1.13645;1.13519;1.13525;20.84;14.29;25.81;46.50;69.97;-0.009;NEUTRE;0;-9.6;0;0
2026.06.25 05:00;1.13665;1.13678;1.13592;1.13608;19.63;16.49;20.87;76.93;80.19;0.064;NEUTRE;0;55.3;2;0
2026.06.25 04:00;1.13698;1.13705;1.13657;1.13667;20.84;19.02;12.45;86.49;74.94;0.116;NEUTRE;0;73;3;0
2026.06.25 03:00;1.13631;1.13707;1.13625;1.13697;20.83;21.95;14.37;77.14;61.30;0.143;NEUTRE;0;79.5;3;0
2026.06.25 02:00;1.13578;1.13653;1.13562;1.13631;20.83;15.20;16.58;61.19;49.80;0.085;NEUTRE;0;78.2;3;0
2026.06.25 01:00;1.13531;1.13671;1.13529;1.13577;23.36;17.53;19.13;45.58;45.82;0.037;NEUTRE;0;;;0
2026.06.25 00:00;1.13535;1.13547;1.13473;1.13531;26.29;6.80;22.07;42.64;49.84;-0.004;NEUTRE;0;;;0
2026.06.24 23:00;1.13548;1.13560;1.13525;1.13535;22.19;7.84;14.66;49.24;53.89;-0.221;SOFT_DOWN;-1;-47.3;-2;0
2026.06.24 22:00;1.13560;1.13588;1.13545;1.13548;20.94;9.05;8.12;57.62;55.96;-0.210;SOFT_DOWN;-1;-47.1;-2;0
2026.06.24 21:00;1.13557;1.13589;1.13540;1.13564;23.33;10.44;9.37;54.81;55.35;-0.196;SOFT_DOWN;-1;-46.4;-2;0
2026.06.24 20:00;1.13531;1.13600;1.13521;1.13589;26.10;12.05;10.82;55.43;59.32;-0.174;NEUTRE;0;-44.4;-1;0
2026.06.24 19:00;1.13546;1.13584;1.13506;1.13531;29.28;10.78;12.48;55.79;63.40;-0.225;SOFT_DOWN;-1;-53.2;-2;1
2026.06.24 18:00;1.13493;1.13605;1.13493;1.13547;32.67;12.44;14.40;66.75;68.21;-0.211;SOFT_DOWN;-1;-52.9;-2;1
2026.06.24 17:00;1.13593;1.13609;1.13486;1.13492;36.57;14.36;16.62;67.65;67.46;-0.259;SOFT_DOWN;-1;-59.8;-2;1
2026.06.24 16:00;1.13477;1.13676;1.13465;1.13592;41.07;16.57;19.17;70.21;60.48;-0.171;NEUTRE;0;-50.3;-2;1
2026.06.24 15:00;1.13414;1.13614;1.13397;1.13478;46.27;14.59;22.12;64.53;47.78;-0.272;SOFT_DOWN;-1;-63.9;-2;1
2026.06.24 14:00;1.13438;1.13518;1.13356;1.13413;50.23;10.03;25.52;46.71;29.50;-0.329;SOFT_DOWN;-1;-69.3;-3;1
2026.06.24 13:00;1.13286;1.13479;1.13239;1.13439;51.26;7.87;29.45;32.11;18.36;-0.306;SOFT_DOWN;-1;-69.3;-3;1
2026.06.24 12:00;1.13399;1.13457;1.13249;1.13287;50.25;7.67;33.98;9.67;15.04;-0.439;STRONG_DOWN;-2;-76.4;-3;1
2026.06.24 11:00;1.13395;1.13486;1.13366;1.13399;48.27;8.85;30.56;13.30;19.66;-0.341;SOFT_DOWN;-1;-74;-3;1
2026.06.24 10:00;1.13455;1.13461;1.13381;1.13394;47.22;7.01;35.26;22.13;22.26;-0.345;SOFT_DOWN;-1;-75.6;-3;1
2026.06.24 09:00;1.13523;1.13535;1.13440;1.13456;44.20;8.09;29.33;23.55;19.88;-0.291;SOFT_DOWN;-1;-74.7;-3;1
2026.06.24 08:00;1.13513;1.13556;1.13376;1.13525;42.27;9.33;33.85;21.10;18.21;-0.230;SOFT_DOWN;-1;-72.8;-3;1
2026.06.24 07:00;1.13591;1.13607;1.13511;1.13513;40.04;10.77;27.52;14.99;19.34;-0.241;SOFT_DOWN;-1;-75.5;-3;1
2026.06.24 06:00;1.13675;1.13748;1.13573;1.13591;39.47;12.43;21.81;18.54;18.99;-0.172;NEUTRE;0;-72.8;-3;0
2026.06.24 05:00;1.13627;1.13680;1.13624;1.13676;41.32;8.36;25.17;24.49;20.58;-0.098;NEUTRE;0;-65.6;-3;0
2026.06.24 04:00;1.13670;1.13672;1.13608;1.13626;39.97;7.45;29.04;13.93;20.02;-0.141;NEUTRE;0;-75.9;-3;0
2026.06.24 03:00;1.13671;1.13685;1.13610;1.13669;37.01;8.59;33.03;23.31;26.60;-0.104;NEUTRE;0;-75.6;-3;0
2026.06.24 02:00;1.13760;1.13765;1.13664;1.13671;33.67;9.92;27.03;22.81;32.71;-0.102;NEUTRE;0;-80.1;-3;0
2026.06.24 01:00;1.13761;1.13766;1.13706;1.13761;31.73;11.44;24.80;33.68;46.39;-0.023;NEUTRE;0;;;0
2026.06.24 00:00;1.13787;1.13819;1.13730;1.13759;30.94;13.20;22.46;41.63;60.72;-0.025;NEUTRE;0;;;0
2026.06.23 23:00;1.13812;1.13833;1.13786;1.13788;31.71;15.23;16.23;63.86;66.90;-0.417;STRONG_DOWN;-2;-63.9;-2;0
2026.06.23 22:00;1.13817;1.13819;1.13788;1.13811;36.10;12.99;18.73;76.68;57.85;-0.396;SOFT_DOWN;-1;-63.8;-2;0
2026.06.23 21:00;1.13827;1.13828;1.13797;1.13817;38.87;14.99;17.14;60.16;39.50;-0.391;SOFT_DOWN;-1;-64.5;-2;0
2026.06.23 20:00;1.13787;1.13813;1.13775;1.13811;43.82;9.86;19.78;36.72;25.28;-0.396;SOFT_DOWN;-1;-65.9;-3;0
2026.06.23 19:00;1.13784;1.13825;1.13783;1.13786;45.41;11.37;19.59;21.63;19.79;-0.418;STRONG_DOWN;-2;-68;-3;1
2026.06.23 18:00;1.13792;1.13803;1.13756;1.13784;48.31;5.06;22.60;17.48;19.24;-0.420;STRONG_DOWN;-2;-69.2;-3;1
2026.06.23 17:00;1.13790;1.13813;1.13762;1.13792;45.99;5.84;24.11;20.26;20.79;-0.413;SOFT_DOWN;-1;-69.9;-3;1
2026.06.23 16:00;1.13828;1.13835;1.13781;1.13791;43.69;6.74;22.09;19.98;20.48;-0.414;SOFT_DOWN;-1;-71.1;-3;1
2026.06.23 15:00;1.13817;1.13851;1.13751;1.13826;42.22;7.78;25.49;22.14;17.94;-0.383;SOFT_DOWN;-1;-70.8;-3;1
2026.06.23 14:00;1.13893;1.13907;1.13754;1.13817;40.52;8.98;28.95;19.33;13.72;-0.391;SOFT_DOWN;-1;-72.4;-3;1
2026.06.23 13:00;1.13885;1.13999;1.13848;1.13893;38.66;10.36;23.95;12.35;10.46;-0.325;SOFT_DOWN;-1;-70.5;-3;1
2026.06.23 12:00;1.13854;1.13943;1.13822;1.13885;38.51;6.24;27.63;9.47;10.81;-0.332;SOFT_DOWN;-1;-72.2;-3;1
2026.06.23 11:00;1.14003;1.14025;1.13840;1.13854;34.72;7.20;29.59;9.56;11.88;-0.359;SOFT_DOWN;-1;-74.8;-3;1
2026.06.23 10:00;1.14107;1.14123;1.13954;1.14003;30.70;8.31;24.67;13.41;13.21;-0.228;SOFT_DOWN;-1;-68.7;-3;1
2026.06.23 09:00;1.14079;1.14109;1.14057;1.14106;27.79;9.59;19.09;12.65;15.35;-0.138;NEUTRE;0;-59.9;-2;1
2026.06.23 08:00;1.14120;1.14171;1.14042;1.14080;26.98;11.07;22.02;13.57;20.56;-0.161;NEUTRE;0;-66.2;-3;1
2026.06.23 07:00;1.14227;1.14388;1.14092;1.14115;26.03;12.77;19.45;19.82;30.93;-0.130;NEUTRE;0;-64.5;-2;1
2026.06.23 06:00;1.14227;1.14298;1.14191;1.14227;26.85;14.73;17.29;28.28;39.93;-0.032;NEUTRE;0;-31;-1;0
2026.06.23 05:00;1.14207;1.14254;1.14187;1.14227;29.75;10.67;19.95;44.70;51.44;-0.032;NEUTRE;0;-35.8;-1;0
2026.06.23 04:00;1.14293;1.14298;1.14193;1.14207;29.67;12.32;21.65;46.80;53.94;-0.050;NEUTRE;0;-54.6;-2;0
2026.06.23 03:00;1.14254;1.14296;1.14183;1.14292;30.00;13.92;24.98;62.83;60.44;0.025;NEUTRE;0;43.2;1;0
2026.06.23 02:00;1.14266;1.14315;1.14252;1.14255;30.25;16.06;19.42;52.21;62.26;-0.008;NEUTRE;0;-24.3;0;0
2026.06.23 01:00;1.14266;1.14280;1.14220;1.14264;33.44;9.98;22.41;66.28;67.32;0.000;NEUTRE;0;;;0
2026.06.23 00:00;1.14264;1.14274;1.14222;1.14265;32.68;9.98;25.86;68.28;67.06;0.001;NEUTRE;0;;;0
2026.06.22 23:00;1.14268;1.14290;1.14253;1.14265;30.89;11.52;20.67;67.38;57.87;-0.310;SOFT_DOWN;-1;-56.6;-2;0
2026.06.22 22:00;1.14276;1.14289;1.14251;1.14272;31.27;12.87;23.85;65.53;43.27;-0.304;SOFT_DOWN;-1;-57.3;-2;0
2026.06.22 21:00;1.14283;1.14294;1.14217;1.14276;31.49;14.85;27.52;40.70;25.83;-0.300;SOFT_DOWN;-1;-58.1;-2;0
2026.06.22 20:00;1.14246;1.14289;1.14242;1.14281;31.73;17.14;26.75;23.58;16.27;-0.296;SOFT_DOWN;-1;-59.1;-2;0
2026.06.22 19:00;1.14244;1.14252;1.14187;1.14247;33.25;7.66;30.87;13.20;13.48;-0.325;SOFT_DOWN;-1;-62.6;-2;1
2026.06.22 18:00;1.14288;1.14312;1.14219;1.14239;29.10;8.84;28.04;12.04;18.36;-0.332;SOFT_DOWN;-1;-64.3;-2;1
2026.06.22 17:00;1.14307;1.14329;1.14268;1.14288;25.56;10.20;24.25;15.19;22.16;-0.290;SOFT_DOWN;-1;-62.5;-2;1
2026.06.22 16:00;1.14315;1.14320;1.14250;1.14306;23.22;9.50;27.99;27.86;28.62;-0.274;SOFT_DOWN;-1;-62.6;-2;1
2026.06.22 15:00;1.14445;1.14500;1.14300;1.14315;19.21;10.97;21.30;23.43;28.12;-0.266;SOFT_DOWN;-1;-63.4;-2;1
2026.06.22 14:00;1.14284;1.14502;1.14253;1.14444;17.24;12.65;24.58;34.55;38.06;-0.154;NEUTRE;0;-51.1;-2;1
2026.06.22 13:00;1.14545;1.14548;1.14279;1.14283;14.96;14.60;26.75;26.38;45.83;-0.294;SOFT_DOWN;-1;-68.6;-3;1
2026.06.22 12:00;1.14483;1.14616;1.14473;1.14547;12.74;16.84;19.77;53.24;57.59;-0.064;NEUTRE;0;-31;-1;1
2026.06.22 11:00;1.14560;1.14600;1.14471;1.14483;13.47;17.71;22.82;57.88;53.62;-0.120;NEUTRE;0;-50.9;-2;1
2026.06.22 10:00;1.14576;1.14633;1.14547;1.14559;13.61;20.44;17.26;61.64;44.84;-0.053;NEUTRE;0;-30.8;-1;1
2026.06.22 09:00;1.14510;1.14628;1.14500;1.14576;14.40;22.69;19.92;41.33;30.51;-0.038;NEUTRE;0;-25.4;-1;1
2026.06.22 08:00;1.14455;1.14529;1.14412;1.14506;15.62;14.28;22.98;31.55;24.07;-0.099;NEUTRE;0;-54.4;-2;1
2026.06.22 07:00;1.14598;1.14623;1.14439;1.14455;14.43;16.48;22.97;18.64;17.16;-0.144;NEUTRE;0;-66.7;-3;1
2026.06.22 06:00;1.14538;1.14630;1.14520;1.14599;14.12;19.01;19.73;22.03;18.63;-0.018;NEUTRE;0;-18.7;0;0
2026.06.22 05:00;1.14559;1.14626;1.14539;1.14540;16.01;21.94;20.11;10.80;22.33;-0.070;NEUTRE;0;-57.6;-2;0
2026.06.22 04:00;1.14560;1.14566;1.14525;1.14557;17.80;14.71;23.20;23.05;34.73;-0.055;NEUTRE;0;-57.2;-2;0
2026.06.22 03:00;1.14652;1.14666;1.14541;1.14560;17.09;16.97;20.77;33.15;40.37;-0.052;NEUTRE;0;-62.9;-2;0
2026.06.22 02:00;1.14637;1.14674;1.14598;1.14651;18.17;19.58;16.95;48.00;40.59;0.027;NEUTRE;0;56.7;2;0
2026.06.22 01:00;1.14664;1.14734;1.14633;1.14634;19.85;22.59;12.47;39.97;33.71;0.012;NEUTRE;0;;;0
2026.06.22 00:00;1.14620;1.14663;1.14574;1.14661;18.47;15.25;14.39;33.82;32.64;0.036;NEUTRE;0;;;0
2026.06.21 23:00;1.14619;1.14655;1.14575;1.14619;20.86;16.21;16.60;27.36;37.07;-0.013;NEUTRE;0;-3.6;0;0
2026.06.21 22:00;1.14587;1.14664;1.14572;1.14619;23.89;18.71;19.15;36.75;50.51;-0.013;NEUTRE;0;-3.8;0;0
2026.06.21 21:00;1.14634;1.14699;1.14555;1.14627;27.38;21.59;22.10;47.11;63.86;-0.006;NEUTRE;0;-1.8;0;0
2026.06.19 20:00;1.14722;1.14764;1.14711;1.14731;31.41;24.91;11.86;67.67;74.29;0.132;NEUTRE;0;36.6;1;0
2026.06.19 19:00;1.14746;1.14790;1.14720;1.14722;30.79;28.74;11.08;76.81;73.39;0.124;NEUTRE;0;36.3;1;1
2026.06.19 18:00;1.14737;1.14803;1.14726;1.14762;28.70;33.16;11.46;78.41;67.57;0.159;NEUTRE;0;44.9;1;1
2026.06.19 17:00;1.14683;1.14758;1.14667;1.14739;25.63;29.27;13.22;64.96;59.52;0.139;NEUTRE;0;42.7;1;1
2026.06.19 16:00;1.14646;1.14690;1.14616;1.14685;23.77;22.28;15.26;59.35;61.27;0.092;NEUTRE;0;32.9;1;1
2026.06.19 15:00;1.14682;1.14758;1.14622;1.14645;24.55;25.70;16.36;54.26;65.19;0.057;NEUTRE;0;23.2;0;1
2026.06.19 14:00;1.14626;1.14698;1.14577;1.14681;24.91;22.87;18.88;70.20;75.41;0.088;NEUTRE;0;35.3;1;1
2026.06.19 13:00;1.14707;1.14721;1.14563;1.14627;27.27;26.39;21.78;71.11;80.39;0.041;NEUTRE;0;19.6;0;1
2026.06.19 12:00;1.14610;1.14745;1.14610;1.14708;29.99;30.45;20.55;84.92;87.21;0.112;NEUTRE;0;46.4;2;1
2026.06.19 11:00;1.14622;1.14676;1.14587;1.14608;31.62;27.39;23.72;85.14;88.17;0.024;NEUTRE;0;13.8;0;1
2026.06.19 10:00;1.14591;1.14630;1.14520;1.14622;35.38;23.65;27.37;91.57;86.27;0.037;NEUTRE;0;22.6;0;1
2026.06.19 09:00;1.14640;1.14644;1.14581;1.14591;39.70;27.29;23.04;87.81;73.64;0.010;NEUTRE;0;7.1;0;1
2026.06.19 08:00;1.14461;1.14655;1.14460;1.14640;44.51;31.49;26.59;79.42;54.75;0.052;NEUTRE;0;36.2;1;1
2026.06.19 07:00;1.14416;1.14489;1.14414;1.14461;50.06;23.23;30.68;53.68;32.97;-0.104;NEUTRE;0;-59.1;-2;1
2026.06.19 06:00;1.14304;1.14419;1.14287;1.14416;55.63;12.45;35.40;31.15;17.30;-0.143;NEUTRE;0;-69.6;-3;0
2026.06.19 05:00;1.14283;1.14334;1.14175;1.14305;56.81;4.46;40.85;14.09;9.94;-0.240;SOFT_DOWN;-1;-79.5;-3;0
2026.06.19 04:00;1.14422;1.14430;1.14270;1.14285;53.20;5.14;37.94;6.67;16.33;-0.257;SOFT_DOWN;-1;-82.1;-3;0
2026.06.19 03:00;1.14542;1.14544;1.14414;1.14421;49.67;5.93;29.93;9.07;29.42;-0.139;NEUTRE;0;-79.2;-3;0
2026.06.19 02:00;1.14528;1.14575;1.14513;1.14542;47.01;6.85;22.82;33.25;50.34;-0.033;NEUTRE;0;-61.7;-2;0
2026.06.19 01:00;1.14615;1.14630;1.14523;1.14528;45.96;7.90;23.84;45.93;59.67;-0.045;NEUTRE;0;;;0
2026.06.19 00:00;1.14580;1.14654;1.14578;1.14615;45.31;9.11;19.61;71.84;60.89;0.031;NEUTRE;0;;;0
2026.06.18 23:00;1.14627;1.14629;1.14567;1.14580;46.66;5.45;22.62;61.25;46.79;-0.422;STRONG_DOWN;-2;-64.2;-2;0
2026.06.18 22:00;1.14606;1.14630;1.14517;1.14629;44.43;6.29;26.10;49.59;31.55;-0.379;SOFT_DOWN;-1;-62.7;-2;0
2026.06.18 21:00;1.14586;1.14634;1.14538;1.14613;41.86;7.26;27.26;29.54;18.02;-0.393;SOFT_DOWN;-1;-64.6;-2;0
2026.06.18 20:00;1.14575;1.14628;1.14553;1.14569;39.38;8.38;29.05;15.53;13.21;-0.431;STRONG_DOWN;-2;-67.6;-3;0
2026.06.18 19:00;1.14592;1.14625;1.14503;1.14571;36.95;9.05;33.52;8.98;18.27;-0.429;STRONG_DOWN;-2;-68.5;-3;1
2026.06.18 18:00;1.14622;1.14654;1.14586;1.14589;33.79;10.45;28.21;15.11;35.10;-0.414;SOFT_DOWN;-1;-68.9;-3;1
2026.06.18 17:00;1.14652;1.14732;1.14620;1.14622;31.92;12.05;24.85;30.72;52.36;-0.385;SOFT_DOWN;-1;-68.6;-3;1
2026.06.18 16:00;1.14689;1.14718;1.14611;1.14649;31.49;11.98;28.68;59.47;59.88;-0.362;SOFT_DOWN;-1;-68.6;-3;1
2026.06.18 15:00;1.14862;1.14871;1.14686;1.14688;30.02;13.83;22.31;66.90;47.84;-0.328;SOFT_DOWN;-1;-67.9;-3;1
2026.06.18 14:00;1.14714;1.14869;1.14673;1.14859;31.03;15.79;25.74;53.26;28.96;-0.179;NEUTRE;0;-55.2;-2;1
2026.06.18 13:00;1.14690;1.14838;1.14626;1.14715;32.12;15.79;29.70;23.35;12.25;-0.304;SOFT_DOWN;-1;-69.2;-3;1
2026.06.18 12:00;1.14569;1.14815;1.14529;1.14691;32.36;16.55;34.27;10.26;5.18;-0.325;SOFT_DOWN;-1;-71.9;-3;1
2026.06.18 11:00;1.14604;1.14665;1.14540;1.14570;31.97;11.02;39.54;3.14;4.18;-0.430;STRONG_DOWN;-2;-77.2;-3;1
2026.06.18 10:00;1.14763;1.14770;1.14593;1.14604;28.21;12.72;39.10;2.14;9.39;-0.401;SOFT_DOWN;-1;-77.5;-3;1
2026.06.18 09:00;1.14830;1.14856;1.14743;1.14762;24.72;14.67;32.08;7.25;18.21;-0.263;SOFT_DOWN;-1;-73.1;-3;1
2026.06.18 08:00;1.15126;1.15135;1.14818;1.14824;22.80;16.93;26.80;18.79;32.06;-0.209;SOFT_DOWN;-1;-71.2;-3;1
2026.06.18 07:00;1.15192;1.15226;1.15062;1.15125;22.83;19.54;19.08;28.60;47.50;0.052;NEUTRE;0;39.9;1;1
2026.06.18 06:00;1.15103;1.15279;1.15102;1.15192;26.16;22.54;18.26;48.79;66.87;0.110;NEUTRE;0;64.2;2;0
2026.06.18 05:00;1.15228;1.15245;1.15100;1.15104;28.57;23.05;21.07;65.12;78.46;0.034;NEUTRE;0;37.5;1;0
2026.06.18 04:00;1.15232;1.15260;1.15204;1.15229;32.28;26.60;13.28;86.69;83.78;0.143;NEUTRE;0;76.1;3;0
2026.06.18 03:00;1.15175;1.15240;1.15173;1.15231;32.11;25.20;15.33;83.57;75.67;0.144;NEUTRE;0;79.5;3;0
2026.06.18 02:00;1.15163;1.15205;1.15127;1.15175;33.30;21.04;17.68;81.09;60.83;0.096;NEUTRE;0;79.5;3;0
2026.06.18 01:00;1.15152;1.15221;1.15150;1.15162;37.09;24.28;15.87;62.35;42.82;0.084;NEUTRE;0;;;0
2026.06.18 00:00;1.15065;1.15204;1.15064;1.15153;39.58;24.33;18.31;39.05;29.08;0.076;NEUTRE;0;;;0
2026.06.17 23:00;1.15041;1.15082;1.15034;1.15066;43.49;14.66;21.13;27.06;22.11;-0.885;EXPLOSIVE_DOWN;-3;-77;-3;0
2026.06.17 22:00;1.15013;1.15054;1.14977;1.15042;47.41;7.94;24.38;21.12;17.74;-0.905;EXPLOSIVE_DOWN;-3;-77.8;-3;0
2026.06.17 21:00;1.14999;1.15040;1.14977;1.15034;46.88;6.37;28.13;18.15;15.63;-0.912;EXPLOSIVE_DOWN;-3;-78.5;-3;0
2026.06.17 20:00;1.14937;1.15051;1.14867;1.15003;44.39;7.35;32.45;13.96;17.26;-0.939;EXPLOSIVE_DOWN;-3;-79.3;-3;0
2026.06.17 19:00;1.15382;1.15415;1.14777;1.14938;41.51;8.48;37.45;14.79;29.47;-0.995;EXPLOSIVE_DOWN;-3;-80.4;-3;1
2026.06.17 18:00;1.15953;1.15953;1.15354;1.15385;38.19;9.78;29.29;23.03;39.75;-0.610;STRONG_DOWN;-2;-75.3;-3;1
2026.06.17 17:00;1.15913;1.15960;1.15876;1.15915;36.39;11.29;20.39;50.61;48.06;-0.153;NEUTRE;0;-45.4;-2;1
2026.06.17 16:00;1.15924;1.15930;1.15886;1.15913;37.57;7.53;23.53;45.60;49.39;-0.155;NEUTRE;0;-47.5;-2;1
2026.06.17 15:00;1.15890;1.15937;1.15867;1.15924;35.42;8.69;27.15;47.95;49.90;-0.146;NEUTRE;0;-47.6;-2;1
2026.06.17 14:00;1.15965;1.15982;1.15807;1.15890;32.95;10.03;31.33;54.61;45.23;-0.175;NEUTRE;0;-54.6;-2;1
2026.06.17 13:00;1.16017;1.16025;1.15953;1.15966;30.09;11.57;23.31;47.13;33.86;-0.109;NEUTRE;0;-43.4;-1;1
2026.06.17 12:00;1.15914;1.16024;1.15903;1.16018;29.54;13.14;26.90;33.94;25.28;-0.065;NEUTRE;0;-31.4;-1;1
2026.06.17 11:00;1.15968;1.15968;1.15850;1.15911;28.80;8.04;31.04;20.52;24.66;-0.157;NEUTRE;0;-58.1;-2;1
2026.06.17 10:00;1.16037;1.16042;1.15952;1.15967;24.18;9.27;22.51;21.39;28.57;-0.109;NEUTRE;0;-50.8;-2;1
2026.06.17 09:00;1.16016;1.16056;1.16004;1.16036;21.49;10.70;17.09;32.08;35.17;-0.049;NEUTRE;0;-31.5;-1;1
2026.06.17 08:00;1.16080;1.16081;1.15977;1.16017;21.26;12.35;19.72;32.23;38.88;-0.065;NEUTRE;0;-42.5;-1;1
2026.06.17 07:00;1.16075;1.16145;1.16042;1.16081;20.99;14.25;13.13;41.20;41.34;-0.010;NEUTRE;0;-9.1;0;1
2026.06.17 06:00;1.16127;1.16143;1.16035;1.16076;23.60;16.14;15.15;43.22;36.57;-0.015;NEUTRE;0;-15.7;0;0
2026.06.17 05:00;1.16120;1.16147;1.16101;1.16117;26.74;18.62;8.08;39.59;32.95;0.021;NEUTRE;0;25.3;1;0
2026.06.17 04:00;1.16101;1.16132;1.16097;1.16120;24.79;16.47;9.33;26.91;37.05;0.023;NEUTRE;0;32.9;1;0
2026.06.17 03:00;1.16090;1.16119;1.16080;1.16100;24.34;13.29;10.76;32.34;48.55;0.006;NEUTRE;0;12.7;0;0
2026.06.17 02:00;1.16120;1.16147;1.16090;1.16090;26.47;15.33;8.47;51.90;59.71;-0.003;NEUTRE;0;-9.6;0;0
2026.06.17 01:00;1.16144;1.16157;1.16099;1.16120;26.11;17.69;7.35;61.41;59.08;0.023;NEUTRE;0;;;0
2026.06.17 00:00;1.16093;1.16164;1.16083;1.16143;23.77;20.41;8.48;65.83;50.69;0.043;NEUTRE;0;;;0
2026.06.16 23:00;1.16114;1.16144;1.16086;1.16094;21.08;19.76;9.78;50.00;39.42;0.159;NEUTRE;0;37.9;1;0
2026.06.16 22:00;1.16084;1.16121;1.16084;1.16114;19.13;16.70;11.29;36.25;39.54;0.176;NEUTRE;0;42;1;0
2026.06.16 21:00;1.16093;1.16137;1.16060;1.16083;19.10;19.26;13.03;32.00;49.05;0.149;NEUTRE;0;38.6;1;0
2026.06.16 20:00;1.16078;1.16095;1.16063;1.16077;19.06;13.84;15.03;50.38;63.17;0.144;NEUTRE;0;39.1;1;0
2026.06.16 19:00;1.16102;1.16135;1.16054;1.16079;21.36;15.97;17.34;64.76;72.76;0.146;NEUTRE;0;40.9;1;1
2026.06.16 18:00;1.16110;1.16138;1.16059;1.16101;24.01;18.42;19.06;74.37;77.96;0.165;NEUTRE;0;45.9;2;1
2026.06.16 17:00;1.16129;1.16135;1.16104;1.16109;27.44;21.26;13.23;79.14;73.19;0.172;NEUTRE;0;48.7;2;1
2026.06.16 16:00;1.16139;1.16195;1.16113;1.16129;28.08;24.53;10.80;80.36;60.82;0.189;NEUTRE;0;53.1;2;1
2026.06.16 15:00;1.16066;1.16184;1.15995;1.16138;26.42;26.23;12.46;60.08;45.03;0.197;SOFT_UP;1;56;2;1
2026.06.16 14:00;1.15925;1.16080;1.15875;1.16066;25.01;21.81;14.38;42.01;47.45;0.135;NEUTRE;0;47.4;2;1
2026.06.16 13:00;1.15992;1.16032;1.15909;1.15923;25.70;21.56;16.59;33.01;58.97;0.011;NEUTRE;0;5.4;0;1
2026.06.16 12:00;1.15986;1.16015;1.15909;1.15993;27.66;22.75;19.14;67.35;77.97;0.072;NEUTRE;0;34.1;1;1
2026.06.16 11:00;1.16115;1.16116;1.15968;1.15986;30.59;26.25;13.52;76.54;85.29;0.066;NEUTRE;0;34.1;1;1
2026.06.16 10:00;1.16007;1.16127;1.16002;1.16115;30.37;30.29;12.07;90.03;91.56;0.177;NEUTRE;0;63.4;2;1
2026.06.16 09:00;1.16051;1.16090;1.15995;1.16007;28.43;30.39;13.93;89.30;81.76;0.084;NEUTRE;0;46.4;2;1
2026.06.16 08:00;1.15956;1.16061;1.15928;1.16052;27.09;30.37;16.07;95.37;61.84;0.123;NEUTRE;0;60;2;1
2026.06.16 07:00;1.15869;1.15953;1.15848;1.15952;26.52;22.55;18.54;60.62;34.66;0.036;NEUTRE;0;30.1;1;1
2026.06.16 06:00;1.15745;1.15873;1.15745;1.15869;29.09;14.30;21.40;29.53;23.51;-0.035;NEUTRE;0;-33.3;-1;0
2026.06.16 05:00;1.15786;1.15805;1.15749;1.15752;30.51;8.32;24.69;13.84;24.72;-0.136;NEUTRE;0;-71.9;-3;0
2026.06.16 04:00;1.15860;1.15866;1.15755;1.15786;27.58;9.60;26.84;27.17;37.75;-0.107;NEUTRE;0;-71.6;-3;0
2026.06.16 03:00;1.15874;1.15884;1.15836;1.15861;24.55;11.08;19.74;33.14;48.90;-0.042;NEUTRE;0;-57.6;-2;0
2026.06.16 02:00;1.15876;1.15890;1.15824;1.15875;24.00;12.79;22.78;52.94;55.19;-0.030;NEUTRE;0;-59.4;-2;0
2026.06.16 01:00;1.15928;1.15947;1.15866;1.15875;23.37;14.75;16.49;60.62;48.57;-0.030;NEUTRE;0;;;0
2026.06.16 00:00;1.15910;1.15933;1.15875;1.15927;26.12;14.37;19.03;52.02;36.52;0.015;NEUTRE;0;;;0
2026.06.15 23:00;1.15880;1.15934;1.15880;1.15910;27.99;16.58;20.63;33.08;24.93;-0.099;NEUTRE;0;-25.9;-1;0
2026.06.15 22:00;1.15893;1.15910;1.15849;1.15881;30.62;12.29;23.80;24.47;17.36;-0.124;NEUTRE;0;-32.4;-1;0
2026.06.15 21:00;1.15876;1.15935;1.15867;1.15881;30.42;14.18;22.93;17.23;11.39;-0.124;NEUTRE;0;-33.6;-1;0
2026.06.15 20:00;1.15850;1.15896;1.15833;1.15887;31.47;7.54;26.45;10.39;10.53;-0.119;NEUTRE;0;-33.8;-1;0
2026.06.15 19:00;1.15944;1.15958;1.15839;1.15849;27.75;8.70;29.06;6.54;12.51;-0.152;NEUTRE;0;-42;-1;1
2026.06.15 18:00;1.15991;1.16027;1.15936;1.15944;23.72;10.03;20.99;14.68;17.19;-0.070;NEUTRE;0;-23.7;0;1
2026.06.15 17:00;1.16032;1.16037;1.15976;1.15991;21.94;11.58;17.45;16.32;24.64;-0.029;NEUTRE;0;-10.9;0;1
2026.06.15 16:00;1.15980;1.16048;1.15971;1.16032;22.20;13.36;20.14;20.58;40.90;0.006;NEUTRE;0;2.4;0;1
2026.06.15 15:00;1.16069;1.16070;1.15962;1.15981;22.51;15.41;23.24;37.01;59.80;-0.038;NEUTRE;0;-15.9;0;1
2026.06.15 14:00;1.16164;1.16183;1.16052;1.16075;22.86;17.79;14.56;65.12;71.36;0.043;NEUTRE;0;19.1;0;1
2026.06.15 13:00;1.16151;1.16203;1.16117;1.16165;24.84;20.52;9.16;77.28;68.21;0.121;NEUTRE;0;46.4;2;1
2026.06.15 12:00;1.16085;1.16194;1.16040;1.16150;22.77;22.07;10.57;71.69;55.52;0.108;NEUTRE;0;45.4;2;1
2026.06.15 11:00;1.16101;1.16138;1.16054;1.16087;20.86;19.87;12.20;55.68;41.58;0.053;NEUTRE;0;28.5;1;1
2026.06.15 10:00;1.16066;1.16142;1.16029;1.16102;20.39;22.93;14.08;39.21;33.61;0.066;NEUTRE;0;36.6;1;1
2026.06.15 09:00;1.16013;1.16105;1.16002;1.16065;19.84;21.42;16.24;29.85;38.38;0.034;NEUTRE;0;23.1;0;1
2026.06.15 08:00;1.16057;1.16099;1.15967;1.16012;20.78;23.82;18.74;31.76;52.04;-0.011;NEUTRE;0;-8.8;0;1
2026.06.15 07:00;1.16060;1.16103;1.16009;1.16057;22.14;27.48;16.73;53.53;67.76;0.028;NEUTRE;0;24.3;0;1
2026.06.15 06:00;1.16165;1.16176;1.16004;1.16060;21.80;31.71;19.30;70.84;68.57;0.030;NEUTRE;0;29.4;1;0
2026.06.15 05:00;1.16125;1.16217;1.16122;1.16165;21.42;36.59;11.72;78.92;61.55;0.121;NEUTRE;0;69.9;3;0
2026.06.15 04:00;1.16039;1.16132;1.16029;1.16122;16.79;28.45;13.52;55.94;53.52;0.084;NEUTRE;0;67.1;3;0
2026.06.15 03:00;1.15991;1.16049;1.15980;1.16040;13.90;20.43;15.60;49.78;56.75;0.013;NEUTRE;0;26;1;0
2026.06.15 02:00;1.15977;1.16010;1.15939;1.15991;13.97;14.88;18.00;54.83;64.59;-0.029;NEUTRE;0;-58.5;-2;0
2026.06.15 01:00;1.15985;1.16013;1.15938;1.15977;14.66;17.17;20.77;65.65;73.88;-0.041;NEUTRE;0;;;0
2026.06.15 00:00;1.16025;1.16115;1.15977;1.15985;15.46;19.81;15.96;73.30;78.33;-0.034;NEUTRE;0;;;0
2026.06.14 23:00;1.16081;1.16091;1.16019;1.16026;16.18;22.86;13.74;82.69;74.73;0.243;SOFT_UP;1;50;2;0
2026.06.14 22:00;1.16022;1.16173;1.15990;1.16085;14.84;26.37;15.85;78.99;56.66;0.294;SOFT_UP;1;56.4;2;0
2026.06.14 21:00;1.15745;1.16051;1.15683;1.16033;13.29;20.17;18.29;62.52;45.18;0.249;SOFT_UP;1;53.2;2;0
2026.06.12 20:00;1.15710;1.15714;1.15645;1.15663;14.58;9.92;21.10;28.48;43.48;-0.077;NEUTRE;0;-23.5;0;0
2026.06.12 19:00;1.15744;1.15774;1.15684;1.15710;11.27;11.44;15.65;44.55;53.52;-0.036;NEUTRE;0;-12.1;0;1
2026.06.12 18:00;1.15741;1.15782;1.15718;1.15744;10.62;13.20;12.25;57.42;57.37;-0.007;NEUTRE;0;-2.5;0;1
2026.06.12 17:00;1.15742;1.15771;1.15714;1.15742;11.67;12.59;14.13;58.60;53.32;-0.009;NEUTRE;0;-3.4;0;1
2026.06.12 16:00;1.15725;1.15774;1.15691;1.15743;12.58;14.52;16.31;56.09;43.96;-0.008;NEUTRE;0;-3.2;0;1
2026.06.12 15:00;1.15729;1.15832;1.15711;1.15727;13.63;16.76;15.11;45.27;35.10;-0.022;NEUTRE;0;-9.4;0;1
2026.06.12 14:00;1.15691;1.15785;1.15657;1.15729;14.93;13.36;17.43;30.52;32.14;-0.020;NEUTRE;0;-9.1;0;1
2026.06.12 13:00;1.15632;1.15788;1.15614;1.15692;15.19;15.42;20.11;29.50;41.83;-0.052;NEUTRE;0;-24.3;0;1
2026.06.12 12:00;1.15712;1.15721;1.15598;1.15630;15.49;11.86;23.21;36.41;54.60;-0.105;NEUTRE;0;-44.6;-1;1
2026.06.12 11:00;1.15736;1.15790;1.15702;1.15711;12.90;13.69;13.77;59.57;66.06;-0.035;NEUTRE;0;-19.7;0;1
2026.06.12 10:00;1.15835;1.15852;1.15687;1.15736;14.83;15.79;15.89;67.81;69.42;-0.014;NEUTRE;0;-9;0;1
2026.06.12 09:00;1.15765;1.15892;1.15731;1.15836;17.07;18.22;14.23;70.81;62.48;0.073;NEUTRE;0;42.4;1;1
2026.06.12 08:00;1.15663;1.15852;1.15650;1.15764;17.80;17.21;16.42;69.63;55.88;0.010;NEUTRE;0;8;0;1
2026.06.12 07:00;1.15732;1.15732;1.15568;1.15662;20.18;10.71;18.95;47.01;44.57;-0.078;NEUTRE;0;-51.5;-2;1
2026.06.12 06:00;1.15574;1.15739;1.15574;1.15727;19.02;12.36;21.30;50.99;42.12;-0.022;NEUTRE;0;-22.4;0;0
2026.06.12 05:00;1.15712;1.15735;1.15570;1.15571;17.86;13.90;24.58;35.70;32.89;-0.156;NEUTRE;0;-74.1;-3;0
2026.06.12 04:00;1.15719;1.15748;1.15684;1.15712;16.33;16.04;17.73;39.66;25.93;-0.035;NEUTRE;0;-44.6;-1;0
2026.06.12 03:00;1.15664;1.15748;1.15648;1.15717;18.07;18.50;20.46;23.29;22.57;-0.030;NEUTRE;0;-48.4;-2;0
2026.06.12 02:00;1.15628;1.15701;1.15624;1.15664;20.08;14.12;23.60;14.84;36.24;-0.076;NEUTRE;0;-76.9;-3;0
2026.06.12 01:00;1.15693;1.15699;1.15612;1.15629;19.30;15.89;27.24;29.57;57.99;-0.106;NEUTRE;0;;;0
2026.06.12 00:00;1.15752;1.15762;1.15658;1.15693;18.22;18.33;23.29;64.31;77.00;-0.051;NEUTRE;0;;;0
2026.06.11 23:00;1.15847;1.15861;1.15740;1.15751;19.20;21.16;14.74;80.07;84.30;0.349;SOFT_UP;1;59.7;2;0
2026.06.11 22:00;1.15747;1.15847;1.15727;1.15846;19.40;22.63;17.01;86.62;86.67;0.431;STRONG_UP;2;65.6;3;0
2026.06.11 21:00;1.15750;1.15785;1.15747;1.15752;20.21;18.16;19.63;86.21;85.63;0.349;SOFT_UP;1;61.9;2;0
2026.06.11 20:00;1.15784;1.15832;1.15761;1.15787;22.72;20.96;17.27;87.19;78.26;0.380;SOFT_UP;1;65;2;0
2026.06.11 19:00;1.15577;1.15894;1.15575;1.15784;24.73;24.18;19.92;83.47;62.16;0.377;SOFT_UP;1;65.9;3;1
2026.06.11 18:00;1.15506;1.15662;1.15410;1.15576;27.05;16.71;22.99;64.10;36.77;0.197;SOFT_UP;1;51;2;1
2026.06.11 17:00;1.15085;1.15663;1.15026;1.15506;28.78;19.28;26.52;38.92;22.46;0.136;NEUTRE;0;42;1;1
2026.06.11 16:00;1.15144;1.15158;1.15067;1.15087;30.77;10.05;30.60;7.30;25.58;-0.227;SOFT_DOWN;-1;-58;-2;1
2026.06.11 15:00;1.15189;1.15239;1.15137;1.15141;27.73;11.60;23.48;21.15;42.54;-0.180;NEUTRE;0;-53.5;-2;1
2026.06.11 14:00;1.15292;1.15302;1.15144;1.15189;26.79;13.39;26.03;48.29;51.98;-0.139;NEUTRE;0;-48.2;-2;1
2026.06.11 13:00;1.15396;1.15402;1.15172;1.15292;25.97;15.45;27.31;58.19;45.95;-0.049;NEUTRE;0;-23;0;1
2026.06.11 12:00;1.15383;1.15431;1.15161;1.15394;25.70;17.82;31.51;49.47;32.07;0.039;NEUTRE;0;20.1;0;1
2026.06.11 11:00;1.15310;1.15414;1.15309;1.15379;25.38;20.56;27.93;30.18;20.83;0.026;NEUTRE;0;14.9;0;1
2026.06.11 10:00;1.15335;1.15341;1.15228;1.15309;26.95;13.03;32.23;16.57;15.44;-0.035;NEUTRE;0;-21.5;0;1
2026.06.11 09:00;1.15318;1.15368;1.15295;1.15337;24.57;15.04;28.06;15.73;18.92;-0.010;NEUTRE;0;-7.1;0;1
2026.06.11 08:00;1.15444;1.15451;1.15303;1.15318;23.70;17.35;30.69;14.02;27.33;-0.027;NEUTRE;0;-20.8;0;1
2026.06.11 07:00;1.15415;1.15553;1.15410;1.15447;23.07;20.02;24.29;27.00;42.15;0.085;NEUTRE;0;53.8;2;1
2026.06.11 06:00;1.15467;1.15471;1.15400;1.15414;25.14;14.28;28.03;40.97;55.65;0.056;NEUTRE;0;46.4;2;0
2026.06.11 05:00;1.15481;1.15510;1.15450;1.15470;24.01;16.47;21.51;58.48;67.70;0.105;NEUTRE;0;67.1;3;0
2026.06.11 04:00;1.15449;1.15500;1.15421;1.15480;25.66;16.44;24.82;67.48;76.95;0.114;NEUTRE;0;72.7;3;0
2026.06.11 03:00;1.15478;1.15488;1.15440;1.15450;26.48;18.97;24.93;77.12;80.13;0.088;NEUTRE;0;73.2;3;0
2026.06.11 02:00;1.15538;1.15539;1.15458;1.15477;28.47;21.89;23.00;86.26;67.71;0.111;NEUTRE;0;80.9;3;0
2026.06.11 01:00;1.15421;1.15558;1.15413;1.15537;32.47;25.26;26.54;77.00;44.86;0.163;NEUTRE;0;;;0
2026.06.11 00:00;1.15349;1.15426;1.15349;1.15420;37.08;15.14;30.62;39.89;21.07;0.062;NEUTRE;0;;;0
2026.06.10 23:00;1.15294;1.15374;1.15252;1.15348;37.58;7.21;35.33;17.69;12.21;0.002;NEUTRE;0;0.6;0;0
2026.06.10 22:00;1.15357;1.15363;1.15279;1.15295;33.19;8.32;37.36;5.63;14.92;-0.044;NEUTRE;0;-12.7;0;0
2026.06.10 21:00;1.15351;1.15389;1.15333;1.15357;28.52;9.60;33.22;13.32;26.47;0.010;NEUTRE;0;3.1;0;0
2026.06.10 20:00;1.15411;1.15411;1.15345;1.15349;24.42;11.08;35.04;25.82;37.51;0.003;NEUTRE;0;1;0;0
2026.06.10 19:00;1.15479;1.15485;1.15407;1.15412;20.18;12.78;26.19;40.27;43.87;0.057;NEUTRE;0;18.7;0;1
2026.06.10 18:00;1.15522;1.15574;1.15478;1.15480;17.99;14.75;16.21;46.45;45.19;0.116;NEUTRE;0;36;1;1
2026.06.10 17:00;1.15535;1.15563;1.15443;1.15521;20.03;15.25;18.71;44.91;46.84;0.152;NEUTRE;0;45.2;2;1
2026.06.10 16:00;1.15490;1.15591;1.15481;1.15535;21.55;17.60;16.72;44.20;49.91;0.164;NEUTRE;0;49.1;2;1
2026.06.10 15:00;1.15520;1.15565;1.15342;1.15490;24.47;16.67;19.29;51.41;50.14;0.125;NEUTRE;0;43.2;1;1
2026.06.10 14:00;1.15623;1.15668;1.15497;1.15519;27.11;19.23;11.56;54.13;42.62;0.150;NEUTRE;0;50.4;2;1
2026.06.10 13:00;1.15480;1.15728;1.15472;1.15623;27.45;22.19;13.34;44.87;36.86;0.240;SOFT_UP;1;64.3;2;1
2026.06.10 12:00;1.15366;1.15645;1.15356;1.15481;27.84;20.62;15.39;28.85;43.72;0.117;NEUTRE;0;47.7;2;1
2026.06.10 11:00;1.15515;1.15522;1.15353;1.15362;29.89;17.24;17.76;36.84;58.86;0.014;NEUTRE;0;8.2;0;1
2026.06.10 10:00;1.15577;1.15589;1.15499;1.15517;34.26;19.90;7.20;65.46;67.44;0.148;NEUTRE;0;59.1;2;1
2026.06.10 09:00;1.15533;1.15593;1.15502;1.15576;32.32;22.96;7.80;74.27;70.00;0.199;SOFT_UP;1;68.1;3;1
2026.06.10 08:00;1.15537;1.15538;1.15478;1.15533;29.71;17.19;9.00;62.60;69.48;0.162;NEUTRE;0;66.3;3;1
2026.06.10 07:00;1.15485;1.15583;1.15463;1.15535;29.46;19.84;10.38;73.14;76.88;0.164;NEUTRE;0;69.3;3;1
2026.06.10 06:00;1.15544;1.15579;1.15480;1.15484;29.18;22.89;9.80;72.71;79.10;0.120;NEUTRE;0;66.1;3;0
2026.06.10 05:00;1.15462;1.15552;1.15450;1.15540;27.51;22.21;11.30;84.80;78.77;0.168;NEUTRE;0;75.2;3;0
2026.06.10 04:00;1.15499;1.15502;1.15442;1.15461;26.74;18.09;13.04;79.80;71.39;0.100;NEUTRE;0;70.5;3;0
2026.06.10 03:00;1.15422;1.15518;1.15420;1.15499;28.36;20.87;15.05;71.72;57.04;0.133;NEUTRE;0;78.7;3;0
2026.06.10 02:00;1.15375;1.15446;1.15367;1.15422;30.23;12.78;17.37;62.63;41.59;0.066;NEUTRE;0;74.9;3;0
2026.06.10 01:00;1.15420;1.15425;1.15350;1.15375;32.54;10.66;20.04;36.77;23.87;0.025;NEUTRE;0;;;0
2026.06.10 00:00;1.15346;1.15431;1.15331;1.15420;32.84;12.30;23.12;25.37;21.31;0.064;NEUTRE;0;;;0
2026.06.09 23:00;1.15362;1.15388;1.15328;1.15346;33.19;7.57;26.68;9.49;24.80;0.059;NEUTRE;0;16.1;0;0
2026.06.09 22:00;1.15372;1.15401;1.15360;1.15362;29.71;8.74;22.58;29.08;36.38;0.073;NEUTRE;0;20.5;0;0
2026.06.09 21:00;1.15431;1.15455;1.15351;1.15372;27.49;10.08;26.05;35.83;40.16;0.082;NEUTRE;0;23.7;0;0
2026.06.09 20:00;1.15412;1.15451;1.15403;1.15437;24.92;11.63;22.36;44.23;40.53;0.138;NEUTRE;0;37.9;1;0
2026.06.09 19:00;1.15495;1.15501;1.15392;1.15412;23.89;13.42;25.80;40.44;36.26;0.116;NEUTRE;0;34.5;1;1
2026.06.09 18:00;1.15478;1.15528;1.15459;1.15495;22.71;15.49;20.32;36.92;31.27;0.188;NEUTRE;0;49.6;2;1
2026.06.09 17:00;1.15404;1.15527;1.15399;1.15478;24.13;17.65;23.44;31.44;31.36;0.173;NEUTRE;0;48.9;2;1
2026.06.09 16:00;1.15547;1.15571;1.15282;1.15405;25.67;20.36;27.05;25.47;43.04;0.110;NEUTRE;0;37.8;1;1
2026.06.09 15:00;1.15621;1.15670;1.15453;1.15548;27.45;23.49;22.11;37.19;63.19;0.234;SOFT_UP;1;60.4;2;1
2026.06.09 14:00;1.15660;1.15731;1.15578;1.15620;31.21;27.11;16.65;66.47;82.01;0.297;SOFT_UP;1;67.3;3;1
2026.06.09 13:00;1.15732;1.15778;1.15632;1.15661;32.33;31.28;13.78;85.89;90.59;0.332;SOFT_UP;1;70.8;3;1
2026.06.09 12:00;1.15724;1.15748;1.15689;1.15733;31.33;36.09;9.89;93.68;91.40;0.395;SOFT_UP;1;74.9;3;1
2026.06.09 11:00;1.15651;1.15739;1.15650;1.15724;27.39;39.30;11.41;92.21;83.21;0.387;SOFT_UP;1;75.8;3;1
2026.06.09 10:00;1.15611;1.15690;1.15596;1.15651;23.14;36.87;13.17;88.30;69.44;0.324;SOFT_UP;1;74.7;3;1
2026.06.09 09:00;1.15505;1.15633;1.15499;1.15611;19.41;33.22;15.20;69.11;56.83;0.289;SOFT_UP;1;74.6;3;1
2026.06.09 08:00;1.15389;1.15523;1.15362;1.15503;16.67;25.70;17.53;50.92;57.98;0.195;SOFT_UP;1;70;3;1
2026.06.09 07:00;1.15436;1.15466;1.15371;1.15389;16.33;24.21;20.23;50.45;68.79;0.096;NEUTRE;0;57.1;2;1
2026.06.09 06:00;1.15444;1.15532;1.15430;1.15437;17.47;27.93;13.79;72.57;79.72;0.138;NEUTRE;0;68.9;3;0
2026.06.09 05:00;1.15451;1.15473;1.15392;1.15444;14.94;23.33;15.91;83.33;84.44;0.144;NEUTRE;0;72.9;3;0
2026.06.09 04:00;1.15377;1.15479;1.15366;1.15451;14.33;26.92;18.36;83.26;81.42;0.150;NEUTRE;0;76.7;3;0
2026.06.09 03:00;1.15372;1.15397;1.15345;1.15376;13.63;19.89;21.18;86.73;70.68;0.085;NEUTRE;0;72.6;3;0
2026.06.09 02:00;1.15396;1.15400;1.15363;1.15372;15.25;22.95;19.12;74.25;51.78;0.082;NEUTRE;0;77.8;3;0
2026.06.09 01:00;1.15311;1.15393;1.15302;1.15393;16.19;23.57;22.06;51.04;38.54;0.100;NEUTRE;0;;;0
2026.06.09 00:00;1.15278;1.15314;1.15267;1.15310;18.17;13.84;25.45;30.06;33.95;0.028;NEUTRE;0;;;0
2026.06.08 23:00;1.15332;1.15339;1.15276;1.15279;16.42;15.97;26.42;34.53;33.11;0.060;NEUTRE;0;16.4;0;0
2026.06.08 22:00;1.15344;1.15348;1.15322;1.15334;15.15;18.43;19.25;37.26;26.21;0.108;NEUTRE;0;28.9;1;0
2026.06.08 21:00;1.15341;1.15377;1.15330;1.15344;17.15;21.27;17.48;27.53;18.91;0.116;NEUTRE;0;31.9;1;0
2026.06.08 20:00;1.15304;1.15333;1.15301;1.15318;18.29;13.07;20.17;13.83;16.69;0.094;NEUTRE;0;27.9;1;0
2026.06.08 19:00;1.15279;1.15338;1.15276;1.15304;17.81;15.08;23.27;15.38;26.73;0.082;NEUTRE;0;25.9;1;1
2026.06.08 18:00;1.15377;1.15418;1.15273;1.15279;17.26;17.40;26.85;20.85;41.98;0.060;NEUTRE;0;20.6;0;1
2026.06.08 17:00;1.15385;1.15412;1.15351;1.15376;16.63;20.07;22.71;43.97;59.24;0.144;NEUTRE;0;43.7;1;1
2026.06.08 16:00;1.15438;1.15458;1.15385;1.15386;18.24;23.16;17.63;61.11;71.65;0.153;NEUTRE;0;47.1;2;1
2026.06.08 15:00;1.15425;1.15477;1.15362;1.15438;18.96;26.72;20.34;72.64;79.42;0.198;SOFT_UP;1;56.1;2;1
2026.06.08 14:00;1.15411;1.15443;1.15315;1.15423;19.79;26.29;23.47;81.21;83.99;0.185;NEUTRE;0;56.1;2;1
2026.06.08 13:00;1.15417;1.15544;1.15410;1.15412;21.96;30.33;15.66;84.41;78.25;0.175;NEUTRE;0;56.6;2;1
2026.06.08 12:00;1.15363;1.15433;1.15347;1.15418;20.44;22.25;18.07;86.34;62.31;0.181;NEUTRE;0;59.5;2;1
2026.06.08 11:00;1.15241;1.15436;1.15231;1.15362;21.99;25.67;20.85;64.01;39.06;0.132;NEUTRE;0;53.5;2;1
2026.06.08 10:00;1.15122;1.15315;1.15096;1.15242;23.77;20.54;24.06;36.59;19.69;0.028;NEUTRE;0;17.5;0;1
2026.06.08 09:00;1.15080;1.15141;1.14993;1.15122;26.22;11.48;27.76;16.57;12.39;-0.076;NEUTRE;0;-43.6;-1;1
2026.06.08 08:00;1.15160;1.15228;1.15075;1.15079;23.87;13.25;23.51;5.92;19.13;-0.114;NEUTRE;0;-58.1;-2;1
2026.06.08 07:00;1.15148;1.15266;1.15139;1.15163;23.25;15.29;20.69;14.68;38.46;-0.041;NEUTRE;0;-33.4;-1;1
2026.06.08 06:00;1.15187;1.15246;1.15133;1.15149;24.51;15.21;23.87;36.79;61.41;-0.053;NEUTRE;0;-44.9;-1;0
2026.06.08 05:00;1.15311;1.15395;1.15174;1.15187;24.88;17.55;21.96;63.92;75.32;-0.020;NEUTRE;0;-24.3;0;0
2026.06.08 04:00;1.15319;1.15336;1.15295;1.15311;26.99;20.26;16.92;83.51;81.54;0.088;NEUTRE;0;68;3;0
2026.06.08 03:00;1.15283;1.15321;1.15257;1.15320;29.76;17.74;19.52;78.54;81.17;0.095;NEUTRE;0;74.3;3;0
2026.06.08 02:00;1.15260;1.15312;1.15202;1.15282;33.61;18.31;22.52;82.56;78.69;0.062;NEUTRE;0;74;3;0
2026.06.08 01:00;1.15330;1.15345;1.15115;1.15260;37.19;21.13;25.99;82.42;64.36;0.043;NEUTRE;0;;;0
2026.06.08 00:00;1.15210;1.15333;1.15204;1.15331;41.32;24.38;24.03;71.10;43.59;0.105;NEUTRE;0;;;0
2026.06.07 23:00;1.15128;1.15225;1.15128;1.15217;47.57;15.25;27.73;39.57;24.82;0.131;NEUTRE;0;32.7;1;0
2026.06.07 22:00;1.15095;1.15184;1.15065;1.15128;50.42;11.09;32.00;20.09;14.99;0.054;NEUTRE;0;15.5;0;0
2026.06.07 21:00;1.15066;1.15131;1.15049;1.15094;50.71;5.94;36.92;14.79;11.18;0.024;NEUTRE;0;7.3;0;0
2026.06.05 20:00;1.15250;1.15259;1.15176;1.15186;47.39;6.86;28.34;10.08;8.63;-0.804;EXPLOSIVE_DOWN;-3;-77.6;-3;0
2026.06.05 19:00;1.15226;1.15271;1.15180;1.15250;45.30;7.91;31.96;8.67;6.95;-0.749;EXPLOSIVE_DOWN;-3;-77.3;-3;1
2026.06.05 18:00;1.15240;1.15287;1.15190;1.15227;42.99;9.13;35.19;7.13;6.11;-0.769;EXPLOSIVE_DOWN;-3;-78.3;-3;1
2026.06.05 17:00;1.15319;1.15327;1.15188;1.15238;40.55;10.54;40.60;5.03;4.98;-0.760;EXPLOSIVE_DOWN;-3;-78.8;-3;1
2026.06.05 16:00;1.15321;1.15326;1.15221;1.15319;37.75;12.16;43.19;6.15;4.75;-0.690;STRONG_DOWN;-2;-78.4;-3;1
2026.06.05 15:00;1.15587;1.15596;1.15312;1.15321;34.93;14.03;36.50;3.77;7.12;-0.688;STRONG_DOWN;-2;-79;-3;1
2026.06.05 14:00;1.15716;1.15802;1.15492;1.15586;33.46;16.19;32.37;4.34;19.98;-0.460;STRONG_DOWN;-2;-74.9;-3;1
2026.06.05 13:00;1.15858;1.15991;1.15714;1.15716;33.48;18.68;26.33;13.25;46.98;-0.348;SOFT_DOWN;-1;-71.7;-3;1
2026.06.05 12:00;1.16413;1.16426;1.15857;1.15859;36.02;21.55;22.44;42.34;71.07;-0.225;SOFT_DOWN;-1;-64.7;-2;1
2026.06.05 11:00;1.16398;1.16417;1.16341;1.16412;41.24;24.86;12.81;85.37;84.64;0.251;SOFT_UP;1;68.7;3;1
2026.06.05 10:00;1.16384;1.16439;1.16382;1.16401;42.66;28.69;6.48;85.51;84.67;0.242;SOFT_UP;1;69.9;3;1
2026.06.05 09:00;1.16363;1.16441;1.16342;1.16384;39.51;33.10;7.47;83.03;82.48;0.227;SOFT_UP;1;70.6;3;1
2026.06.05 08:00;1.16316;1.16397;1.16315;1.16363;35.87;31.36;8.62;85.46;81.62;0.209;SOFT_UP;1;71.2;3;1
2026.06.05 07:00;1.16218;1.16368;1.16212;1.16318;32.64;30.74;9.95;78.96;77.11;0.171;NEUTRE;0;70;3;1
2026.06.05 06:00;1.16152;1.16225;1.16125;1.16219;29.80;21.37;11.48;80.44;75.47;0.085;NEUTRE;0;57.9;2;0
2026.06.05 05:00;1.16157;1.16190;1.16145;1.16153;29.75;19.27;13.24;71.91;72.27;0.028;NEUTRE;0;32.3;1;0
2026.06.05 04:00;1.16145;1.16167;1.16134;1.16157;31.48;14.37;15.28;74.04;71.63;0.032;NEUTRE;0;42;1;0
2026.06.05 03:00;1.16137;1.16154;1.16132;1.16144;35.85;10.52;17.63;70.85;68.70;0.021;NEUTRE;0;38.3;1;0
2026.06.05 02:00;1.16132;1.16163;1.16121;1.16138;37.48;12.14;20.35;70.00;59.88;0.016;NEUTRE;0;42;1;0
2026.06.05 01:00;1.16123;1.16146;1.16095;1.16132;39.36;7.78;23.48;65.26;46.26;0.010;NEUTRE;0;;;0
2026.06.05 00:00;1.16120;1.16138;1.16105;1.16125;37.69;8.98;24.07;44.37;30.93;0.004;NEUTRE;0;;;0
2026.06.04 23:00;1.16116;1.16134;1.16114;1.16119;36.47;10.36;23.58;29.17;20.64;0.026;NEUTRE;0;7.3;0;0
2026.06.04 22:00;1.16107;1.16132;1.16105;1.16117;36.08;10.42;27.21;19.27;14.05;0.024;NEUTRE;0;7;0;0
2026.06.04 21:00;1.16092;1.16146;1.16083;1.16107;34.77;12.02;31.39;13.48;9.93;0.016;NEUTRE;0;4.9;0;0
2026.06.04 20:00;1.16122;1.16131;1.16077;1.16107;33.25;10.21;36.22;9.39;7.29;0.016;NEUTRE;0;5.2;0;0
2026.06.04 19:00;1.16147;1.16158;1.16102;1.16121;29.75;11.78;34.67;6.90;8.29;0.028;NEUTRE;0;9.4;0;1
2026.06.04 18:00;1.16204;1.16220;1.16130;1.16146;26.74;13.59;32.32;5.58;12.19;0.049;NEUTRE;0;17.1;0;1
2026.06.04 17:00;1.16231;1.16237;1.16191;1.16203;24.58;15.68;26.86;12.39;25.53;0.098;NEUTRE;0;33;1;1
2026.06.04 16:00;1.16278;1.16293;1.16228;1.16231;24.32;18.09;18.62;18.60;43.33;0.122;NEUTRE;0;40.7;1;1
2026.06.04 15:00;1.16303;1.16312;1.16220;1.16279;27.84;20.87;21.48;45.60;64.63;0.164;NEUTRE;0;50.9;2;1
2026.06.04 14:00;1.16357;1.16396;1.16287;1.16302;31.90;24.08;13.58;65.78;78.52;0.183;NEUTRE;0;55.8;2;1
2026.06.04 13:00;1.16365;1.16396;1.16336;1.16358;32.52;27.79;8.76;82.50;86.95;0.232;SOFT_UP;1;63.6;2;1
2026.06.04 12:00;1.16410;1.16448;1.16342;1.16366;29.51;32.06;8.56;87.27;89.45;0.239;SOFT_UP;1;66;3;1
2026.06.04 11:00;1.16302;1.16449;1.16299;1.16412;25.15;37.00;9.88;91.09;85.47;0.278;SOFT_UP;1;70.7;3;1
2026.06.04 10:00;1.16254;1.16339;1.16250;1.16301;20.12;31.41;11.40;90.00;75.69;0.183;NEUTRE;0;64.1;2;1
2026.06.04 09:00;1.16128;1.16280;1.16127;1.16255;16.02;26.04;13.16;75.32;63.29;0.143;NEUTRE;0;60.8;2;1
2026.06.04 08:00;1.16035;1.16137;1.16032;1.16128;13.43;15.67;15.18;61.76;60.81;0.034;NEUTRE;0;25.6;1;1
2026.06.04 07:00;1.16102;1.16124;1.15982;1.16036;15.25;16.17;17.51;52.79;60.12;-0.046;NEUTRE;0;-36.5;-1;1
2026.06.04 06:00;1.16097;1.16147;1.16067;1.16103;16.98;18.66;11.00;67.87;65.41;0.012;NEUTRE;0;12.7;0;0
2026.06.04 05:00;1.16092;1.16102;1.16049;1.16095;15.62;12.88;12.69;59.69;67.37;0.005;NEUTRE;0;6.4;0;0
2026.06.04 04:00;1.16056;1.16126;1.16036;1.16094;17.92;14.86;14.65;68.69;73.58;0.004;NEUTRE;0;6.4;0;0
2026.06.04 03:00;1.16097;1.16098;1.16022;1.16057;20.56;12.36;16.90;73.73;76.42;-0.028;NEUTRE;0;-46.4;-2;0
2026.06.04 02:00;1.16094;1.16109;1.16060;1.16097;21.34;14.26;11.81;78.33;75.49;0.007;NEUTRE;0;21.5;0;0
2026.06.04 01:00;1.16064;1.16098;1.16036;1.16091;23.17;13.00;13.62;77.20;70.91;0.002;NEUTRE;0;;;0
2026.06.04 00:00;1.16089;1.16123;1.16052;1.16064;26.38;15.00;11.75;70.94;60.69;-0.022;NEUTRE;0;;;0
2026.06.03 23:00;1.16054;1.16106;1.16011;1.16087;28.56;13.63;13.56;64.60;44.87;-0.105;NEUTRE;0;-27.2;-1;0
2026.06.03 22:00;1.15975;1.16118;1.15943;1.16054;32.92;15.72;15.64;46.52;30.17;-0.133;NEUTRE;0;-34.3;-1;0
2026.06.03 21:00;1.15966;1.16004;1.15963;1.15975;37.94;8.12;18.05;23.48;20.78;-0.201;SOFT_DOWN;-1;-47.2;-2;0
2026.06.03 20:00;1.15979;1.16001;1.15967;1.15978;37.94;9.37;19.32;20.52;19.80;-0.199;SOFT_DOWN;-1;-48.3;-2;0
2026.06.03 19:00;1.15981;1.16006;1.15968;1.15977;38.44;10.81;21.84;18.33;21.91;-0.200;SOFT_DOWN;-1;-49.9;-2;1
2026.06.03 18:00;1.15981;1.15995;1.15949;1.15980;39.16;8.02;25.20;20.53;29.49;-0.197;SOFT_DOWN;-1;-51;-2;1
2026.06.03 17:00;1.16002;1.16034;1.15965;1.15980;37.22;9.25;23.73;26.87;35.93;-0.197;SOFT_DOWN;-1;-52.6;-2;1
2026.06.03 16:00;1.16046;1.16047;1.15948;1.15998;36.20;10.68;27.38;41.08;37.94;-0.182;NEUTRE;0;-52;-2;1
2026.06.03 15:00;1.16120;1.16126;1.16022;1.16044;35.02;12.32;20.09;39.83;34.35;-0.142;NEUTRE;0;-46.8;-2;1
2026.06.03 14:00;1.16007;1.16120;1.15945;1.16120;36.71;13.33;23.18;32.92;35.21;-0.077;NEUTRE;0;-31.8;-1;1
2026.06.03 13:00;1.16002;1.16061;1.15970;1.16017;38.21;10.19;26.75;30.31;41.96;-0.165;NEUTRE;0;-55;-2;1
2026.06.03 12:00;1.16176;1.16182;1.15964;1.16001;37.19;11.76;30.87;42.41;43.48;-0.179;NEUTRE;0;-59.2;-2;1
2026.06.03 11:00;1.16158;1.16223;1.16150;1.16175;36.02;13.57;22.49;53.15;37.49;-0.029;NEUTRE;0;-16.5;0;1
2026.06.03 10:00;1.16132;1.16226;1.16124;1.16158;37.75;15.66;25.95;34.89;25.80;-0.044;NEUTRE;0;-26.4;-1;1
2026.06.03 09:00;1.16079;1.16157;1.16076;1.16132;39.76;7.66;29.94;24.44;19.20;-0.066;NEUTRE;0;-39.6;-1;1
2026.06.03 08:00;1.16159;1.16166;1.16048;1.16078;36.76;8.84;34.55;18.06;17.53;-0.113;NEUTRE;0;-57.9;-2;1
2026.06.03 07:00;1.16160;1.16240;1.16125;1.16158;33.29;10.20;29.82;15.12;21.87;-0.044;NEUTRE;0;-35.3;-1;1
2026.06.03 06:00;1.16184;1.16221;1.16120;1.16160;30.87;9.22;34.41;19.41;34.32;-0.042;NEUTRE;0;-38.3;-1;0
2026.06.03 05:00;1.16253;1.16268;1.16183;1.16183;26.74;10.64;30.11;31.08;48.70;-0.022;NEUTRE;0;-26.4;-1;0
2026.06.03 04:00;1.16272;1.16278;1.16240;1.16253;23.50;12.28;24.42;52.48;59.64;0.038;NEUTRE;0;46.9;2;0
2026.06.03 03:00;1.16278;1.16292;1.16259;1.16271;22.03;14.17;20.49;62.53;57.56;0.053;NEUTRE;0;63.3;2;0
2026.06.03 02:00;1.16292;1.16316;1.16246;1.16277;22.61;16.35;23.64;63.92;52.11;0.059;NEUTRE;0;73.3;3;0
2026.06.03 01:00;1.16285;1.16331;1.16259;1.16291;23.28;18.86;24.42;46.22;47.30;0.071;NEUTRE;0;;;0
2026.06.03 00:00;1.16209;1.16304;1.16201;1.16285;24.89;15.99;28.17;46.20;53.18;0.065;NEUTRE;0;;;0
2026.06.02 23:00;1.16264;1.16270;1.16194;1.16208;24.48;13.38;32.51;49.48;58.68;-0.122;NEUTRE;0;-30.9;-1;0
2026.06.02 22:00;1.16293;1.16311;1.16260;1.16263;21.83;15.43;24.15;63.87;60.13;-0.075;NEUTRE;0;-21;0;0
2026.06.02 21:00;1.16279;1.16328;1.16253;1.16270;21.80;17.81;27.87;62.70;50.46;-0.069;NEUTRE;0;-20.3;0;0
2026.06.02 20:00;1.16320;1.16344;1.16296;1.16309;21.76;20.55;23.33;53.81;35.58;-0.035;NEUTRE;0;-11.2;0;0
2026.06.02 19:00;1.16280;1.16326;1.16280;1.16320;24.13;17.94;26.92;34.86;20.82;-0.026;NEUTRE;0;-8.8;0;1
2026.06.02 18:00;1.16211;1.16297;1.16131;1.16280;24.76;11.00;31.06;18.07;16.09;-0.060;NEUTRE;0;-20.6;0;1
2026.06.02 17:00;1.16280;1.16293;1.16199;1.16211;21.24;12.69;29.54;9.52;19.68;-0.119;NEUTRE;0;-38.3;-1;1
2026.06.02 16:00;1.16402;1.16408;1.16265;1.16280;18.37;14.65;23.28;20.67;31.03;-0.060;NEUTRE;0;-22.9;0;1
2026.06.02 15:00;1.16433;1.16448;1.16352;1.16402;17.69;16.90;17.51;28.85;42.56;0.045;NEUTRE;0;18.7;0;1
2026.06.02 14:00;1.16413;1.16496;1.16357;1.16433;20.14;19.50;19.40;43.55;53.97;0.071;NEUTRE;0;29.7;1;1
2026.06.02 13:00;1.16502;1.16521;1.16392;1.16419;23.20;22.50;18.51;55.28;57.14;0.059;NEUTRE;0;27.1;1;1
2026.06.02 12:00;1.16494;1.16552;1.16471;1.16502;25.27;25.96;11.93;63.09;53.17;0.131;NEUTRE;0;50.9;2;1
2026.06.02 11:00;1.16432;1.16525;1.16432;1.16492;23.46;24.83;13.77;53.06;51.81;0.122;NEUTRE;0;51.3;2;1
2026.06.02 10:00;1.16429;1.16458;1.16382;1.16432;22.66;17.56;15.89;43.37;59.18;0.070;NEUTRE;0;38.3;1;1
2026.06.02 09:00;1.16421;1.16445;1.16398;1.16428;25.38;20.26;15.09;59.00;73.19;0.067;NEUTRE;0;40;1;1
2026.06.02 08:00;1.16486;1.16521;1.16417;1.16421;27.04;23.38;11.20;75.16;82.86;0.061;NEUTRE;0;40.7;1;1
2026.06.02 07:00;1.16503;1.16505;1.16445;1.16483;25.78;26.98;8.78;85.40;84.16;0.114;NEUTRE;0;61.4;2;1
2026.06.02 06:00;1.16369;1.16520;1.16368;1.16503;21.91;31.13;10.13;88.02;77.91;0.131;NEUTRE;0;67.9;3;0
2026.06.02 05:00;1.16376;1.16394;1.16359;1.16368;17.45;23.16;11.69;79.05;65.94;0.015;NEUTRE;0;18.7;0;0
2026.06.02 04:00;1.16339;1.16385;1.16338;1.16376;15.07;22.77;13.49;66.67;56.50;0.022;NEUTRE;0;31.8;1;0
2026.06.02 03:00;1.16306;1.16349;1.16304;1.16339;13.45;14.49;15.56;52.10;56.71;-0.009;NEUTRE;0;-18.7;0;0
2026.06.02 02:00;1.16304;1.16343;1.16299;1.16307;14.97;14.67;17.95;50.72;65.88;-0.037;NEUTRE;0;-64.4;-2;0
2026.06.02 01:00;1.16311;1.16366;1.16283;1.16304;15.73;16.93;20.72;67.31;74.17;-0.040;NEUTRE;0;;;0
2026.06.02 00:00;1.16350;1.16353;1.16290;1.16310;16.60;17.12;23.90;79.60;74.75;-0.034;NEUTRE;0;;;0
2026.06.01 23:00;1.16335;1.16359;1.16326;1.16351;16.61;19.75;18.79;75.62;70.52;-0.108;NEUTRE;0;-27.9;-1;0
2026.06.01 22:00;1.16301;1.16339;1.16266;1.16336;18.78;13.47;21.68;69.05;69.99;-0.121;NEUTRE;0;-31.8;-1;0
2026.06.01 21:00;1.16303;1.16333;1.16240;1.16309;18.07;14.28;25.02;66.90;70.91;-0.144;NEUTRE;0;-37.7;-1;0
2026.06.01 20:00;1.16314;1.16335;1.16302;1.16314;16.65;16.47;18.61;74.04;70.11;-0.140;NEUTRE;0;-38.3;-1;0
2026.06.01 19:00;1.16304;1.16335;1.16263;1.16313;18.27;19.01;21.47;71.80;62.83;-0.141;NEUTRE;0;-39.9;-1;1
2026.06.01 18:00;1.16344;1.16350;1.16304;1.16305;20.15;21.93;16.01;64.49;51.56;-0.148;NEUTRE;0;-42.8;-1;1
2026.06.01 17:00;1.16297;1.16376;1.16247;1.16345;20.85;25.31;18.48;52.21;36.47;-0.113;NEUTRE;0;-36.8;-1;1
2026.06.01 16:00;1.16229;1.16302;1.16160;1.16295;21.66;20.38;21.32;37.99;23.79;-0.156;NEUTRE;0;-47.7;-2;1
2026.06.01 15:00;1.16172;1.16283;1.16148;1.16228;24.64;21.45;24.60;19.22;14.71;-0.214;SOFT_DOWN;-1;-58.1;-2;1
2026.06.01 14:00;1.16080;1.16180;1.16065;1.16172;27.38;13.01;28.38;14.16;14.70;-0.262;SOFT_DOWN;-1;-64.6;-2;1
2026.06.01 13:00;1.16470;1.16480;1.16077;1.16077;25.88;15.02;31.14;10.76;15.01;-0.343;SOFT_DOWN;-1;-71.4;-3;1
2026.06.01 12:00;1.16459;1.16502;1.16447;1.16470;24.48;17.33;21.81;19.18;22.36;-0.006;NEUTRE;0;-3.2;0;1
2026.06.01 11:00;1.16472;1.16479;1.16413;1.16458;26.49;13.56;25.17;15.08;33.47;-0.016;NEUTRE;0;-9.3;0;1
2026.06.01 10:00;1.16504;1.16507;1.16457;1.16472;25.95;15.64;18.78;32.81;54.26;-0.004;NEUTRE;0;-2.6;0;1
2026.06.01 09:00;1.16573;1.16603;1.16479;1.16504;28.54;18.05;14.90;52.51;70.81;0.023;NEUTRE;0;16.1;0;1
2026.06.01 08:00;1.16565;1.16599;1.16530;1.16574;31.46;20.83;10.87;77.47;81.54;0.083;NEUTRE;0;49.5;2;1
2026.06.01 07:00;1.16644;1.16645;1.16514;1.16564;31.47;24.03;12.54;82.44;72.16;0.075;NEUTRE;0;50.4;2;1
2026.06.01 06:00;1.16511;1.16645;1.16498;1.16644;31.47;27.73;14.47;84.70;54.65;0.143;NEUTRE;0;69.6;3;0
2026.06.01 05:00;1.16479;1.16530;1.16475;1.16510;31.48;19.96;16.69;49.33;32.48;0.028;NEUTRE;0;32.3;1;0
2026.06.01 04:00;1.16435;1.16482;1.16430;1.16478;34.95;9.60;19.26;29.93;21.82;0.001;NEUTRE;0;1.6;0;0
2026.06.01 03:00;1.16461;1.16488;1.16413;1.16435;35.18;11.08;22.22;18.16;14.89;-0.036;NEUTRE;0;-53.5;-2;0
2026.06.01 02:00;1.16444;1.16465;1.16433;1.16461;35.45;8.07;25.64;17.35;12.47;-0.014;NEUTRE;0;-38.3;-1;0
2026.06.01 01:00;1.16473;1.16479;1.16416;1.16444;32.88;9.31;29.59;9.17;13.90;-0.028;NEUTRE;0;;;0
2026.06.01 00:00;1.16477;1.16528;1.16446;1.16474;29.92;10.74;26.81;10.89;18.69;-0.003;NEUTRE;0;;;0
2026.05.31 23:00;1.16537;1.16554;1.16477;1.16477;27.94;12.39;25.12;21.64;22.42;-0.022;NEUTRE;0;-6.2;0;0
2026.05.31 22:00;1.16601;1.16601;1.16499;1.16537;27.02;14.30;24.59;23.53;25.87;0.029;NEUTRE;0;8.4;0;0
2026.05.31 21:00;1.16503;1.16613;1.16503;1.16602;27.10;16.50;27.78;22.09;32.46;0.085;NEUTRE;0;24.5;0;0
2026.05.29 20:00;1.16645;1.16646;1.16579;1.16590;27.36;19.04;21.42;31.98;44.14;0.057;NEUTRE;0;17.8;0;0
2026.05.29 19:00;1.16637;1.16691;1.16633;1.16643;30.66;21.97;12.32;43.29;55.98;0.103;NEUTRE;0;31.4;1;1
2026.05.29 18:00;1.16618;1.16682;1.16601;1.16639;31.05;22.96;14.21;57.15;67.91;0.100;NEUTRE;0;32;1;1
2026.05.29 17:00;1.16717;1.16730;1.16618;1.16619;32.20;26.49;13.17;67.50;76.36;0.082;NEUTRE;0;28.5;1;1
2026.05.29 16:00;1.16777;1.16789;1.16663;1.16717;31.98;30.57;9.01;79.09;82.73;0.166;NEUTRE;0;49.5;2;1
2026.05.29 15:00;1.16682;1.16852;1.16671;1.16778;28.53;35.27;9.42;82.50;84.74;0.219;SOFT_UP;1;58.7;2;1
2026.05.29 14:00;1.16470;1.16740;1.16400;1.16683;24.02;31.18;10.87;86.58;83.58;0.137;NEUTRE;0;47.8;2;1
2026.05.29 13:00;1.16486;1.16529;1.16446;1.16470;20.28;26.43;12.54;85.14;76.69;-0.045;NEUTRE;0;-21.3;0;1
2026.05.29 12:00;1.16471;1.16487;1.16407;1.16486;17.92;22.71;14.47;79.03;62.72;-0.032;NEUTRE;0;-16.7;0;1
2026.05.29 11:00;1.16424;1.16480;1.16396;1.16473;17.27;24.86;16.70;65.91;48.08;-0.043;NEUTRE;0;-23.8;0;1
2026.05.29 10:00;1.16414;1.16449;1.16376;1.16428;16.91;23.01;19.27;43.21;40.58;-0.082;NEUTRE;0;-42.7;-1;1
2026.05.29 09:00;1.16278;1.16425;1.16263;1.16414;18.15;21.49;22.23;35.13;44.72;-0.094;NEUTRE;0;-49.6;-2;1
2026.05.29 08:00;1.16398;1.16398;1.16245;1.16278;20.68;22.23;25.66;43.39;49.45;-0.210;SOFT_DOWN;-1;-71.3;-3;1
2026.05.29 07:00;1.16526;1.16531;1.16375;1.16417;22.76;25.65;17.97;55.64;42.00;-0.091;NEUTRE;0;-55.7;-2;1
2026.05.29 06:00;1.16418;1.16542;1.16418;1.16533;23.55;29.59;16.55;49.31;27.97;0.009;NEUTRE;0;9.6;0;0
2026.05.29 05:00;1.16388;1.16433;1.16378;1.16417;22.83;20.73;19.10;21.04;14.50;-0.091;NEUTRE;0;-64;-2;0
2026.05.29 04:00;1.16368;1.16389;1.16339;1.16387;25.71;11.61;22.04;13.55;13.71;-0.117;NEUTRE;0;-73.1;-3;0
2026.05.29 03:00;1.16446;1.16448;1.16357;1.16368;24.90;13.40;19.89;8.92;22.38;-0.133;NEUTRE;0;-78.7;-3;0
2026.05.29 02:00;1.16442;1.16489;1.16432;1.16446;25.73;15.46;10.27;18.67;38.20;-0.066;NEUTRE;0;-74.9;-3;0
2026.05.29 01:00;1.16483;1.16562;1.16429;1.16443;26.58;17.84;11.85;39.57;53.15;-0.069;NEUTRE;0;;;0
2026.05.29 00:00;1.16523;1.16554;1.16472;1.16484;27.57;20.59;8.70;56.38;54.43;-0.033;NEUTRE;0;;;0
2026.05.28 23:00;1.16496;1.16529;1.16496;1.16521;25.56;19.06;10.04;63.49;46.04;0.300;SOFT_UP;1;55.8;2;0
2026.05.28 22:00;1.16516;1.16521;1.16491;1.16498;24.73;18.27;11.58;43.43;38.84;0.281;SOFT_UP;1;55.2;2;0
2026.05.28 21:00;1.16486;1.16520;1.16467;1.16516;25.08;20.56;13.36;31.18;43.90;0.296;SOFT_UP;1;57.8;2;0
2026.05.28 20:00;1.16472;1.16494;1.16445;1.16493;25.68;16.18;15.42;41.92;59.33;0.276;SOFT_UP;1;57.3;2;0
2026.05.28 19:00;1.16476;1.16512;1.16460;1.16473;29.26;18.67;13.08;58.61;73.20;0.259;SOFT_UP;1;56.9;2;1
2026.05.28 18:00;1.16530;1.16550;1.16462;1.16476;31.05;21.54;14.50;77.46;81.72;0.262;SOFT_UP;1;58.6;2;1
2026.05.28 17:00;1.16564;1.16571;1.16505;1.16530;32.83;24.85;9.22;83.53;81.91;0.308;SOFT_UP;1;63.9;2;1
2026.05.28 16:00;1.16478;1.16610;1.16452;1.16565;30.81;28.68;10.63;84.16;81.09;0.338;SOFT_UP;1;67.2;3;1
2026.05.28 15:00;1.16476;1.16565;1.16472;1.16478;28.49;28.71;12.27;78.05;79.32;0.263;SOFT_UP;1;63.2;2;1
2026.05.28 14:00;1.16302;1.16575;1.16265;1.16472;26.71;33.13;14.16;81.06;76.50;0.258;SOFT_UP;1;64.3;2;1
2026.05.28 13:00;1.16365;1.16428;1.16288;1.16302;24.64;30.93;16.34;78.87;69.85;0.112;NEUTRE;0;44.1;1;1
2026.05.28 12:00;1.16163;1.16378;1.16151;1.16363;23.68;30.19;18.85;69.57;67.32;0.164;NEUTRE;0;57;2;1
2026.05.28 11:00;1.16032;1.16224;1.16031;1.16167;23.77;24.40;21.75;61.11;72.36;-0.004;NEUTRE;0;-2.3;0;1
2026.05.28 10:00;1.16127;1.16153;1.16034;1.16034;26.54;22.49;25.09;71.27;80.60;-0.119;NEUTRE;0;-53.3;-2;1
2026.05.28 09:00;1.16153;1.16189;1.16126;1.16128;29.79;25.95;17.06;84.71;78.63;-0.038;NEUTRE;0;-25.4;-1;1
2026.05.28 08:00;1.16116;1.16165;1.16064;1.16153;31.19;24.08;19.69;85.81;64.44;-0.016;NEUTRE;0;-12.7;0;1
2026.05.28 07:00;1.16103;1.16174;1.16096;1.16113;34.44;27.79;17.84;65.38;41.30;-0.051;NEUTRE;0;-39.4;-1;1
2026.05.28 06:00;1.15988;1.16119;1.15983;1.16100;36.39;21.21;20.59;42.13;22.52;-0.062;NEUTRE;0;-49.3;-2;0
2026.05.28 05:00;1.15915;1.16017;1.15886;1.15988;41.75;12.94;23.75;16.40;10.11;-0.158;NEUTRE;0;-74.3;-3;0
2026.05.28 04:00;1.15868;1.15923;1.15858;1.15914;43.64;3.89;27.41;9.02;9.70;-0.222;SOFT_DOWN;-1;-80.9;-3;0
2026.05.28 03:00;1.16124;1.16134;1.15868;1.15869;38.80;4.49;29.26;4.91;11.15;-0.261;SOFT_DOWN;-1;-84.2;-3;0
2026.05.28 02:00;1.16098;1.16149;1.16092;1.16123;33.47;5.18;20.80;15.17;17.45;-0.042;NEUTRE;0;-67.1;-3;0
2026.05.28 01:00;1.16202;1.16210;1.16090;1.16097;29.38;5.98;24.00;13.37;20.38;-0.065;NEUTRE;0;;;0
2026.05.28 00:00;1.16172;1.16231;1.16162;1.16203;24.64;6.90;18.46;23.81;27.32;0.027;NEUTRE;0;;;0
2026.05.27 23:00;1.16254;1.16283;1.16157;1.16173;21.42;7.96;21.30;23.96;32.25;-0.162;NEUTRE;0;-38.4;-1;0
2026.05.27 22:00;1.16253;1.16300;1.16236;1.16256;17.70;9.18;14.93;34.20;34.67;-0.090;NEUTRE;0;-24.7;0;0
2026.05.27 21:00;1.16270;1.16296;1.16224;1.16256;16.75;9.63;17.23;38.59;31.63;-0.090;NEUTRE;0;-25.8;-1;0
2026.05.27 20:00;1.16285;1.16304;1.16254;1.16254;14.98;11.12;13.47;31.20;26.15;-0.092;NEUTRE;0;-27.4;-1;0
2026.05.27 19:00;1.16291;1.16316;1.16264;1.16284;15.81;12.83;12.47;25.10;22.69;-0.066;NEUTRE;0;-21.4;0;1
2026.05.27 18:00;1.16265;1.16299;1.16223;1.16290;18.02;9.77;14.39;22.13;19.58;-0.061;NEUTRE;0;-20.9;0;1
2026.05.27 17:00;1.16320;1.16326;1.16219;1.16269;17.86;11.27;16.60;20.84;17.55;-0.079;NEUTRE;0;-27.6;-1;1
2026.05.27 16:00;1.16300;1.16324;1.16238;1.16319;17.66;13.01;16.42;15.75;17.75;-0.036;NEUTRE;0;-14.2;0;1
2026.05.27 15:00;1.16251;1.16360;1.16222;1.16298;18.59;15.01;18.95;16.07;23.64;-0.054;NEUTRE;0;-22.1;0;1
2026.05.27 14:00;1.16411;1.16519;1.16247;1.16252;19.67;17.32;19.08;21.43;29.26;-0.094;NEUTRE;0;-37.1;-1;1
2026.05.27 13:00;1.16433;1.16475;1.16372;1.16409;21.95;19.98;14.94;33.43;34.62;0.041;NEUTRE;0;19.6;0;1
2026.05.27 12:00;1.16375;1.16607;1.16340;1.16434;23.11;23.06;17.24;32.93;39.66;0.063;NEUTRE;0;30.6;1;1
2026.05.27 11:00;1.16393;1.16416;1.16325;1.16374;24.44;15.60;19.90;37.50;45.85;0.011;NEUTRE;0;6.4;0;1
2026.05.27 10:00;1.16443;1.16444;1.16355;1.16387;26.34;18.00;17.88;48.54;52.47;0.022;NEUTRE;0;13.9;0;1
2026.05.27 09:00;1.16445;1.16482;1.16421;1.16444;30.34;20.77;9.23;51.50;55.01;0.071;NEUTRE;0;41.6;1;1
2026.05.27 08:00;1.16401;1.16468;1.16379;1.16445;29.09;20.43;10.65;57.36;62.32;0.072;NEUTRE;0;45.4;2;1
2026.05.27 07:00;1.16455;1.16485;1.16400;1.16403;28.73;23.57;8.65;56.17;66.25;0.036;NEUTRE;0;30.1;1;1
2026.05.27 06:00;1.16392;1.16490;1.16369;1.16451;26.02;27.20;9.99;73.44;73.67;0.077;NEUTRE;0;55.3;2;0
2026.05.27 05:00;1.16409;1.16441;1.16384;1.16393;22.91;25.15;11.52;69.13;71.87;0.028;NEUTRE;0;32.3;1;0
2026.05.27 04:00;1.16384;1.16420;1.16380;1.16410;20.71;23.35;13.29;78.44;74.02;0.042;NEUTRE;0;49.8;2;0
2026.05.27 03:00;1.16380;1.16421;1.16365;1.16384;19.68;26.95;15.34;68.05;72.66;0.020;NEUTRE;0;36.9;1;0
2026.05.27 02:00;1.16337;1.16382;1.16335;1.16381;18.48;20.38;17.70;75.56;78.62;0.017;NEUTRE;0;43.8;1;0
2026.05.27 01:00;1.16378;1.16391;1.16324;1.16337;20.24;23.51;20.42;74.38;80.22;-0.021;NEUTRE;0;;;0
2026.05.27 00:00;1.16361;1.16402;1.16358;1.16378;22.27;27.13;15.76;85.92;83.54;0.015;NEUTRE;0;;;0
2026.05.26 23:00;1.16330;1.16396;1.16327;1.16362;21.62;29.21;18.18;80.38;83.31;0.006;NEUTRE;0;1.7;0;0
2026.05.26 22:00;1.16284;1.16332;1.16276;1.16331;21.37;19.43;20.98;84.33;86.93;-0.021;NEUTRE;0;-6.1;0;0
2026.05.26 21:00;1.16301;1.16301;1.16240;1.16288;24.07;13.91;24.21;85.23;84.31;-0.058;NEUTRE;0;-17.3;0;0
2026.05.26 20:00;1.16316;1.16326;1.16302;1.16310;23.61;16.05;14.31;91.24;74.25;-0.039;NEUTRE;0;-12.4;0;0
2026.05.26 19:00;1.16291;1.16323;1.16270;1.16316;26.36;16.59;16.51;76.47;53.16;-0.034;NEUTRE;0;-11.4;0;1
2026.05.26 18:00;1.16238;1.16307;1.16231;1.16291;30.38;14.50;19.05;55.04;35.75;-0.055;NEUTRE;0;-19;0;1
2026.05.26 17:00;1.16236;1.16274;1.16211;1.16237;32.96;10.05;21.98;27.98;24.98;-0.101;NEUTRE;0;-33.8;-1;1
2026.05.26 16:00;1.16191;1.16294;1.16191;1.16236;32.31;11.60;25.36;24.22;23.81;-0.102;NEUTRE;0;-35.7;-1;1
2026.05.26 15:00;1.16246;1.16256;1.16160;1.16190;31.55;7.76;29.26;22.74;26.10;-0.142;NEUTRE;0;-46.8;-2;1
2026.05.26 14:00;1.16248;1.16293;1.16209;1.16247;27.46;8.95;25.91;24.47;35.57;-0.093;NEUTRE;0;-36.8;-1;1
2026.05.26 13:00;1.16315;1.16326;1.16166;1.16249;24.21;10.33;29.89;31.09;52.33;-0.091;NEUTRE;0;-38.3;-1;1
2026.05.26 12:00;1.16345;1.16363;1.16307;1.16317;20.45;11.92;20.93;51.14;69.29;-0.033;NEUTRE;0;-17.2;0;1
2026.05.26 11:00;1.16412;1.16445;1.16331;1.16343;19.37;13.75;17.56;74.76;79.31;-0.010;NEUTRE;0;-5.8;0;1
2026.05.26 10:00;1.16423;1.16450;1.16374;1.16412;20.48;15.87;14.46;81.96;79.41;0.049;NEUTRE;0;28.9;1;1
2026.05.26 09:00;1.16361;1.16437;1.16322;1.16424;22.92;15.68;16.68;81.22;70.67;0.059;NEUTRE;0;36.5;1;1
2026.05.26 08:00;1.16368;1.16417;1.16341;1.16361;25.96;15.41;19.25;75.06;52.78;0.005;NEUTRE;0;4;0;1
2026.05.26 07:00;1.16348;1.16400;1.16237;1.16367;28.25;14.34;22.21;55.73;33.83;0.010;NEUTRE;0;9.1;0;1
2026.05.26 06:00;1.16274;1.16372;1.16266;1.16349;29.29;16.55;22.89;27.54;23.91;-0.005;NEUTRE;0;-5.4;0;0
2026.05.26 05:00;1.16293;1.16304;1.16270;1.16276;31.32;9.23;26.41;18.21;25.47;-0.068;NEUTRE;0;-56.9;-2;0
2026.05.26 04:00;1.16355;1.16357;1.16290;1.16293;28.72;10.64;21.43;25.97;30.42;-0.053;NEUTRE;0;-56.2;-2;0
2026.05.26 03:00;1.16336;1.16369;1.16334;1.16356;27.96;12.28;14.62;32.23;31.73;0.001;NEUTRE;0;2.2;0;0
2026.05.26 02:00;1.16336;1.16348;1.16308;1.16335;30.92;4.94;16.87;33.06;35.51;-0.017;NEUTRE;0;-43.8;-1;0
2026.05.26 01:00;1.16384;1.16394;1.16300;1.16335;27.27;5.70;19.47;29.91;39.96;-0.017;NEUTRE;0;;;0
2026.05.26 00:00;1.16355;1.16394;1.16335;1.16384;23.05;6.58;16.73;43.57;53.35;0.025;NEUTRE;0;;;0
2026.05.25 23:00;1.16404;1.16429;1.16354;1.16355;19.89;7.59;14.35;46.40;59.47;-0.050;NEUTRE;0;-13.8;0;0
2026.05.25 22:00;1.16399;1.16427;1.16354;1.16404;18.21;8.35;16.56;70.08;64.54;-0.008;NEUTRE;0;-2.3;0;0
2026.05.25 21:00;1.16374;1.16433;1.16343;1.16399;15.93;9.63;19.11;61.94;58.44;-0.012;NEUTRE;0;-3.7;0;0
2026.05.25 20:00;1.16417;1.16433;1.16411;1.16431;13.31;11.11;10.43;61.61;52.27;0.015;NEUTRE;0;4.8;0;0
2026.05.25 19:00;1.16431;1.16433;1.16414;1.16418;14.87;12.82;9.93;51.78;43.00;0.004;NEUTRE;0;1.4;0;1
2026.05.25 18:00;1.16429;1.16435;1.16412;1.16431;15.20;14.80;11.46;43.41;34.51;0.015;NEUTRE;0;5.4;0;1
2026.05.25 17:00;1.16408;1.16439;1.16398;1.16429;15.59;17.07;13.23;33.79;25.84;0.014;NEUTRE;0;5.3;0;1
2026.05.25 16:00;1.16420;1.16424;1.16363;1.16407;16.03;14.07;15.26;26.33;27.63;-0.005;NEUTRE;0;-2;0;1
2026.05.25 15:00;1.16418;1.16480;1.16393;1.16418;17.88;16.24;10.04;17.40;36.80;0.004;NEUTRE;0;1.7;0;1
2026.05.25 14:00;1.16384;1.16461;1.16380;1.16417;17.00;15.37;11.59;39.18;56.19;0.003;NEUTRE;0;1.4;0;1
2026.05.25 13:00;1.16480;1.16494;1.16384;1.16384;17.45;17.74;12.61;53.82;68.16;-0.025;NEUTRE;0;-12.2;0;1
2026.05.25 12:00;1.16437;1.16525;1.16423;1.16479;17.54;20.47;9.09;75.58;78.00;0.057;NEUTRE;0;28.2;1;1
2026.05.25 11:00;1.16426;1.16503;1.16400;1.16436;14.32;20.30;10.49;75.10;76.74;0.020;NEUTRE;0;11.6;0;1
2026.05.25 10:00;1.16410;1.16440;1.16408;1.16424;11.62;14.01;12.11;83.33;73.85;0.009;NEUTRE;0;5.8;0;1
2026.05.25 09:00;1.16434;1.16449;1.16400;1.16411;12.29;16.17;13.97;71.79;61.19;-0.002;NEUTRE;0;-1.4;0;1
2026.05.25 08:00;1.16371;1.16440;1.16326;1.16434;13.06;15.83;16.12;66.42;52.29;0.018;NEUTRE;0;14.2;0;1
2026.05.25 07:00;1.16413;1.16416;1.16293;1.16370;14.93;15.03;18.60;45.36;40.68;-0.037;NEUTRE;0;-30.8;-1;1
2026.05.25 06:00;1.16387;1.16444;1.16372;1.16406;15.59;17.34;11.58;45.09;39.00;-0.006;NEUTRE;0;-6.4;0;0
2026.05.25 05:00;1.16417;1.16449;1.16377;1.16388;14.92;20.00;12.29;31.61;38.85;-0.021;NEUTRE;0;-25.3;-1;0
2026.05.25 04:00;1.16369;1.16434;1.16353;1.16417;13.55;19.88;14.19;40.32;50.12;0.003;NEUTRE;0;4.8;0;0
2026.05.25 03:00;1.16373;1.16394;1.16357;1.16369;13.06;15.34;16.37;44.61;62.76;-0.038;NEUTRE;0;-55;-2;0
2026.05.25 02:00;1.16388;1.16422;1.16364;1.16373;14.57;17.70;15.98;65.42;77.04;-0.034;NEUTRE;0;-62.4;-2;0
2026.05.25 01:00;1.16363;1.16466;1.16352;1.16387;16.02;20.42;18.43;78.24;84.46;-0.022;NEUTRE;0;;;0
2026.05.25 00:00;1.16413;1.16486;1.16350;1.16364;17.70;23.56;21.27;87.44;82.53;-0.042;NEUTRE;0;;;0
2026.05.24 23:00;1.16428;1.16459;1.16411;1.16415;19.64;27.19;17.64;87.71;70.54;0.037;NEUTRE;0;10.3;0;0
2026.05.24 22:00;1.16277;1.16446;1.16257;1.16429;19.39;27.20;20.36;72.45;57.66;0.049;NEUTRE;0;14.1;0;0
2026.05.24 21:00;1.16372;1.16396;1.16265;1.16289;20.16;27.32;23.49;51.45;56.54;-0.071;NEUTRE;0;-20.9;0;0
2026.05.22 20:00;1.16055;1.16063;1.15978;1.16010;22.10;18.25;27.10;49.07;65.39;-0.144;NEUTRE;0;-39.1;-1;0
2026.05.22 19:00;1.16115;1.16134;1.16049;1.16055;22.49;21.05;18.42;69.10;71.94;-0.105;NEUTRE;0;-31.9;-1;1
2026.05.22 18:00;1.16131;1.16148;1.16090;1.16116;24.93;24.29;13.83;78.02;66.30;-0.053;NEUTRE;0;-18.4;0;1
2026.05.22 17:00;1.16110;1.16188;1.16083;1.16130;24.54;28.03;15.96;68.72;53.50;-0.040;NEUTRE;0;-14.8;0;1
2026.05.22 16:00;1.16024;1.16109;1.15993;1.16108;24.09;20.77;18.42;52.16;43.52;-0.059;NEUTRE;0;-22.6;0;1
2026.05.22 15:00;1.15975;1.16051;1.15955;1.16025;26.88;16.27;21.25;39.62;37.38;-0.131;NEUTRE;0;-44.5;-1;1
2026.05.22 14:00;1.16001;1.16035;1.15879;1.15975;28.97;16.21;24.52;38.77;32.45;-0.174;NEUTRE;0;-54.5;-2;1
2026.05.22 13:00;1.16038;1.16180;1.15991;1.16025;30.29;18.70;17.24;33.76;26.44;-0.131;NEUTRE;0;-48.6;-2;1
2026.05.22 12:00;1.15962;1.16068;1.15941;1.16039;34.32;12.46;19.90;24.81;24.89;-0.119;NEUTRE;0;-48.2;-2;1
2026.05.22 11:00;1.15971;1.16018;1.15929;1.15961;36.07;8.32;22.96;20.75;30.24;-0.186;NEUTRE;0;-62.3;-2;1
2026.05.22 10:00;1.16040;1.16076;1.15949;1.15971;34.42;9.60;23.03;29.12;37.11;-0.177;NEUTRE;0;-63.4;-2;1
2026.05.22 09:00;1.16074;1.16077;1.15959;1.16038;33.39;11.08;25.36;40.85;39.20;-0.120;NEUTRE;0;-56.4;-2;1
2026.05.22 08:00;1.16079;1.16156;1.16030;1.16075;32.49;12.79;20.01;41.36;39.48;-0.088;NEUTRE;0;-51.1;-2;1
2026.05.22 07:00;1.16096;1.16096;1.16010;1.16078;34.10;7.43;23.09;35.41;38.85;-0.085;NEUTRE;0;-53.8;-2;1
2026.05.22 06:00;1.16083;1.16141;1.16050;1.16094;31.46;8.57;19.48;41.69;39.59;-0.071;NEUTRE;0;-53.1;-2;0
2026.05.22 05:00;1.16147;1.16166;1.16068;1.16087;30.31;9.89;19.44;39.46;30.81;-0.077;NEUTRE;0;-60;-2;0
2026.05.22 04:00;1.16116;1.16152;1.16109;1.16149;29.96;11.41;15.99;37.62;21.54;-0.024;NEUTRE;0;-34.1;-1;0
2026.05.22 03:00;1.16113;1.16128;1.16084;1.16116;32.00;4.58;18.45;15.34;17.96;-0.053;NEUTRE;0;-63.3;-2;0
2026.05.22 02:00;1.16095;1.16140;1.16094;1.16114;27.65;5.28;17.80;11.66;26.95;-0.054;NEUTRE;0;-71.8;-3;0
2026.05.22 01:00;1.16140;1.16155;1.16097;1.16097;23.57;6.10;19.53;26.88;43.43;-0.069;NEUTRE;0;;;0
2026.05.22 00:00;1.16177;1.16177;1.16120;1.16140;19.12;7.03;16.44;42.29;56.59;-0.032;NEUTRE;0;;;0
2026.05.21 23:00;1.16173;1.16187;1.16156;1.16175;15.90;8.12;9.25;61.13;67.72;-0.060;NEUTRE;0;-16.4;0;0
2026.05.21 22:00;1.16178;1.16209;1.16150;1.16171;17.35;9.36;10.67;66.35;71.11;-0.064;NEUTRE;0;-18.1;0;0
2026.05.21 21:00;1.16159;1.16218;1.16143;1.16198;19.01;10.80;12.31;75.69;75.05;-0.040;NEUTRE;0;-12.1;0;0
2026.05.21 20:00;1.16210;1.16227;1.16156;1.16168;20.94;12.47;11.54;71.29;73.93;-0.066;NEUTRE;0;-20.4;0;0
2026.05.21 19:00;1.16105;1.16239;1.16095;1.16210;23.56;14.38;13.31;78.17;71.48;-0.030;NEUTRE;0;-10.1;0;1
2026.05.21 18:00;1.16243;1.16297;1.16068;1.16110;26.59;16.60;15.36;72.33;58.51;-0.116;NEUTRE;0;-36;-1;1
2026.05.21 17:00;1.15950;1.16298;1.15925;1.16245;30.09;19.15;17.73;63.94;45.26;0.000;NEUTRE;0;0;0;1
2026.05.21 16:00;1.15883;1.15960;1.15842;1.15950;34.12;8.16;20.45;39.27;32.77;-0.254;SOFT_DOWN;-1;-60.8;-2;1
2026.05.21 15:00;1.15926;1.15936;1.15819;1.15880;32.76;6.28;23.60;32.58;26.39;-0.314;SOFT_DOWN;-1;-67;-3;1
2026.05.21 14:00;1.15945;1.15962;1.15839;1.15926;28.88;7.25;24.60;26.46;21.62;-0.274;SOFT_DOWN;-1;-65.6;-3;1
2026.05.21 13:00;1.15966;1.16009;1.15749;1.15943;24.95;8.36;28.38;20.14;26.75;-0.260;SOFT_DOWN;-1;-66.1;-3;1
2026.05.21 12:00;1.15987;1.16087;1.15928;1.15969;20.40;9.65;22.16;18.25;40.56;-0.237;SOFT_DOWN;-1;-65.8;-3;1
2026.05.21 11:00;1.16070;1.16157;1.15955;1.15986;17.49;11.14;22.96;41.87;56.17;-0.223;SOFT_DOWN;-1;-66.4;-3;1
2026.05.21 10:00;1.16270;1.16299;1.15996;1.16071;14.85;12.85;23.36;61.56;60.08;-0.150;NEUTRE;0;-59.4;-2;1
2026.05.21 09:00;1.16233;1.16332;1.16203;1.16270;12.67;14.83;16.45;65.09;51.43;0.022;NEUTRE;0;15.4;0;1
2026.05.21 08:00;1.16033;1.16352;1.16024;1.16233;13.82;17.11;18.98;53.59;40.97;-0.010;NEUTRE;0;-8;0;1
2026.05.21 07:00;1.16198;1.16206;1.15934;1.16058;15.14;12.89;21.90;35.62;32.31;-0.161;NEUTRE;0;-68.9;-3;1
2026.05.21 06:00;1.16215;1.16264;1.16154;1.16199;13.49;14.87;12.83;33.71;27.29;-0.040;NEUTRE;0;-36.9;-1;0
2026.05.21 05:00;1.16218;1.16232;1.16176;1.16215;14.43;12.69;14.80;27.61;24.22;-0.026;NEUTRE;0;-30.4;-1;0
2026.05.21 04:00;1.16187;1.16232;1.16181;1.16219;15.46;14.64;15.70;20.54;29.69;-0.022;NEUTRE;0;-31.8;-1;0
2026.05.21 03:00;1.16173;1.16223;1.16172;1.16186;17.30;14.17;18.12;24.52;41.80;-0.051;NEUTRE;0;-62.4;-2;0
2026.05.21 02:00;1.16259;1.16281;1.16152;1.16173;18.08;16.35;20.91;44.02;52.98;-0.062;NEUTRE;0;-74;-3;0
2026.05.21 01:00;1.16282;1.16350;1.16225;1.16257;18.99;18.87;15.42;56.87;53.69;0.010;NEUTRE;0;;;0
2026.05.21 00:00;1.16245;1.16287;1.16219;1.16281;20.36;14.02;17.79;58.04;50.69;0.031;NEUTRE;0;;;0
2026.05.20 23:00;1.16260;1.16272;1.16223;1.16244;21.67;12.78;20.52;46.15;46.66;0.159;NEUTRE;0;37.9;1;0
2026.05.20 22:00;1.16224;1.16276;1.16224;1.16259;21.43;14.75;23.37;47.88;52.33;0.171;NEUTRE;0;41.2;1;0
2026.05.20 21:00;1.16171;1.16268;1.16171;1.16246;21.24;14.65;26.96;45.95;56.82;0.160;NEUTRE;0;40.6;1;0
2026.05.20 20:00;1.16275;1.16281;1.16230;1.16249;19.96;16.91;21.75;63.17;63.63;0.163;NEUTRE;0;42.6;1;0
2026.05.20 19:00;1.16305;1.16349;1.16272;1.16274;21.10;19.51;12.43;61.34;62.61;0.184;NEUTRE;0;47.5;2;1
2026.05.20 18:00;1.16157;1.16354;1.16157;1.16306;20.94;22.51;14.34;66.40;65.18;0.212;SOFT_UP;1;53;2;1
2026.05.20 17:00;1.16252;1.16268;1.16157;1.16157;20.75;19.26;16.55;60.10;63.67;0.084;NEUTRE;0;29.1;1;1
2026.05.20 16:00;1.16187;1.16305;1.16184;1.16252;22.78;22.22;15.35;69.05;64.40;0.165;NEUTRE;0;49.3;2;1
2026.05.20 15:00;1.16178;1.16448;1.16126;1.16188;23.47;25.64;17.71;61.85;58.80;0.110;NEUTRE;0;39.6;1;1
2026.05.20 14:00;1.15908;1.16237;1.15824;1.16179;24.27;19.50;20.44;62.29;61.53;0.103;NEUTRE;0;39.7;1;1
2026.05.20 13:00;1.15950;1.15969;1.15887;1.15905;27.65;12.52;23.58;52.26;60.42;-0.134;NEUTRE;0;-49.3;-2;1
2026.05.20 12:00;1.16005;1.16040;1.15935;1.15950;27.18;14.44;18.20;70.05;57.13;-0.095;NEUTRE;0;-41.7;-1;1
2026.05.20 11:00;1.16008;1.16052;1.15959;1.16005;29.59;16.66;17.49;58.95;40.79;-0.047;NEUTRE;0;-25.7;-1;1
2026.05.20 10:00;1.15878;1.16026;1.15870;1.16007;33.77;14.93;20.18;42.39;29.24;-0.046;NEUTRE;0;-27.4;-1;1
2026.05.20 09:00;1.15898;1.15942;1.15878;1.15879;36.67;8.94;23.28;21.03;22.44;-0.156;NEUTRE;0;-62.9;-2;1
2026.05.20 08:00;1.15929;1.15947;1.15833;1.15900;35.46;10.31;26.86;24.29;24.01;-0.138;NEUTRE;0;-62.8;-2;1
2026.05.20 07:00;1.15962;1.16012;1.15917;1.15928;34.07;11.90;19.66;22.00;26.25;-0.114;NEUTRE;0;-61.4;-2;1
2026.05.20 06:00;1.15952;1.16056;1.15928;1.15962;35.52;13.73;20.90;25.74;28.75;-0.084;NEUTRE;0;-57.6;-2;0
2026.05.20 05:00;1.15967;1.16012;1.15914;1.15951;37.80;10.55;24.12;30.99;29.61;-0.094;NEUTRE;0;-64.7;-2;0
2026.05.20 04:00;1.16020;1.16064;1.15967;1.15969;37.60;12.18;19.51;29.50;25.27;-0.078;NEUTRE;0;-65.5;-3;0
2026.05.20 03:00;1.15974;1.16052;1.15950;1.16019;39.83;12.15;22.51;28.32;24.30;-0.035;NEUTRE;0;-52.7;-2;0
2026.05.20 02:00;1.15972;1.16026;1.15941;1.15975;41.36;10.10;25.97;17.99;28.89;-0.073;NEUTRE;0;-76.3;-3;0
2026.05.20 01:00;1.16006;1.16025;1.15933;1.15969;40.95;11.47;29.97;26.59;40.14;-0.078;NEUTRE;0;;;0
2026.05.20 00:00;1.16060;1.16103;1.16005;1.16010;40.38;13.23;22.54;42.09;48.87;-0.043;NEUTRE;0;;;0
2026.05.19 23:00;1.16082;1.16126;1.16060;1.16065;42.58;15.27;17.37;51.75;53.27;-0.413;SOFT_DOWN;-1;-63.7;-2;0
2026.05.19 22:00;1.16046;1.16085;1.16020;1.16083;48.14;8.06;20.05;52.76;54.12;-0.397;SOFT_DOWN;-1;-63.8;-2;0
2026.05.19 21:00;1.16002;1.16082;1.15995;1.16059;48.99;8.59;23.13;55.30;56.61;-0.418;STRONG_DOWN;-2;-66;-3;0
2026.05.19 20:00;1.16061;1.16065;1.16030;1.16059;49.47;9.91;20.50;54.29;56.26;-0.418;STRONG_DOWN;-2;-67;-3;0
2026.05.19 19:00;1.16025;1.16076;1.16023;1.16061;51.73;11.44;23.65;60.25;54.31;-0.416;SOFT_DOWN;-1;-67.9;-3;1
2026.05.19 18:00;1.16105;1.16144;1.16024;1.16030;54.33;13.20;27.00;54.25;43.08;-0.443;STRONG_DOWN;-2;-70.2;-3;1
2026.05.19 17:00;1.16066;1.16119;1.16062;1.16104;57.40;15.23;26.29;48.43;33.50;-0.379;SOFT_DOWN;-1;-68.3;-3;1
2026.05.19 16:00;1.16017;1.16090;1.15953;1.16067;62.14;9.74;30.33;26.55;24.98;-0.411;SOFT_DOWN;-1;-70.9;-3;1
2026.05.19 15:00;1.15952;1.16026;1.15918;1.16016;63.79;4.05;35.00;25.51;26.55;-0.455;STRONG_DOWN;-2;-73.7;-3;1
2026.05.19 14:00;1.16133;1.16166;1.15946;1.15952;61.42;4.68;36.39;22.90;26.98;-0.510;STRONG_DOWN;-2;-76.3;-3;1
2026.05.19 13:00;1.16161;1.16176;1.16012;1.16134;58.98;5.40;37.38;31.26;27.31;-0.354;SOFT_DOWN;-1;-71.9;-3;1
2026.05.19 12:00;1.16163;1.16236;1.16148;1.16164;56.56;6.23;30.37;26.78;23.39;-0.328;SOFT_DOWN;-1;-72;-3;1
2026.05.19 11:00;1.16218;1.16222;1.16160;1.16163;55.11;4.74;35.04;23.90;19.66;-0.329;SOFT_DOWN;-1;-73.5;-3;1
2026.05.19 10:00;1.16191;1.16263;1.16104;1.16218;51.87;5.47;40.43;19.49;17.43;-0.281;SOFT_DOWN;-1;-72.5;-3;1
2026.05.19 09:00;1.16229;1.16230;1.16142;1.16191;48.13;6.31;42.97;15.58;22.23;-0.305;SOFT_DOWN;-1;-75.3;-3;1
2026.05.19 08:00;1.16345;1.16357;1.16218;1.16230;44.09;7.28;36.30;17.23;25.09;-0.271;SOFT_DOWN;-1;-75.3;-3;1
2026.05.19 07:00;1.16362;1.16371;1.16296;1.16345;40.62;8.40;33.25;33.89;25.25;-0.172;NEUTRE;0;-70.1;-3;1
2026.05.19 06:00;1.16421;1.16454;1.16357;1.16364;37.69;9.69;25.85;24.15;16.24;-0.156;NEUTRE;0;-71.2;-3;0
2026.05.19 05:00;1.16363;1.16427;1.16334;1.16418;36.50;6.90;29.83;17.71;11.59;-0.110;NEUTRE;0;-68;-3;0
2026.05.19 04:00;1.16409;1.16429;1.16349;1.16363;32.51;7.96;31.94;6.86;9.26;-0.157;NEUTRE;0;-77.3;-3;0
2026.05.19 03:00;1.16427;1.16454;1.16403;1.16407;28.26;9.19;26.47;10.21;21.10;-0.119;NEUTRE;0;-77.4;-3;0
2026.05.19 02:00;1.16459;1.16468;1.16405;1.16428;25.15;10.60;29.94;10.71;39.67;-0.101;NEUTRE;0;-80;-3;0
2026.05.19 01:00;1.16442;1.16523;1.16429;1.16461;21.68;12.23;28.68;42.39;64.86;-0.073;NEUTRE;0;;;0
2026.05.19 00:00;1.16546;1.16556;1.16435;1.16442;18.83;14.11;32.11;65.91;79.95;-0.089;NEUTRE;0;;;0
2026.05.18 23:00;1.16574;1.16583;1.16543;1.16544;15.74;16.28;23.32;86.28;86.50;0.354;SOFT_UP;1;60;2;0
2026.05.18 22:00;1.16578;1.16616;1.16570;1.16575;15.42;18.79;16.52;87.64;76.60;0.381;SOFT_UP;1;62.9;2;0
2026.05.18 21:00;1.16540;1.16604;1.16477;1.16584;16.81;17.66;19.06;85.59;63.56;0.388;SOFT_UP;1;64.3;2;0
2026.05.18 20:00;1.16509;1.16606;1.16509;1.16548;18.81;20.38;18.12;56.57;50.13;0.357;SOFT_UP;1;63.6;2;0
2026.05.18 19:00;1.16292;1.16560;1.16288;1.16507;20.80;16.37;20.91;48.53;54.94;0.322;SOFT_UP;1;62.4;2;1
2026.05.18 18:00;1.16478;1.16485;1.16283;1.16289;22.12;14.64;24.12;45.30;60.44;0.134;NEUTRE;0;40;1;1
2026.05.18 17:00;1.16504;1.16531;1.16477;1.16478;21.76;16.89;13.06;71.01;67.77;0.297;SOFT_UP;1;63.1;2;1
2026.05.18 16:00;1.16482;1.16558;1.16436;1.16511;23.14;19.49;15.07;65.03;67.55;0.325;SOFT_UP;1;66.4;3;1
2026.05.18 15:00;1.16415;1.16527;1.16329;1.16482;24.73;18.58;17.39;67.28;71.35;0.301;SOFT_UP;1;66.1;3;1
2026.05.18 14:00;1.16508;1.16530;1.16410;1.16415;28.03;21.44;13.77;70.35;68.47;0.243;SOFT_UP;1;62.9;2;1
2026.05.18 13:00;1.16509;1.16558;1.16435;1.16508;28.99;24.74;12.68;76.42;62.26;0.323;SOFT_UP;1;70.3;3;1
2026.05.18 12:00;1.16416;1.16569;1.16406;1.16510;28.49;28.55;14.63;58.63;56.85;0.325;SOFT_UP;1;71.9;3;1
2026.05.18 11:00;1.16267;1.16493;1.16262;1.16413;27.91;25.77;16.88;51.73;61.56;0.241;SOFT_UP;1;67.9;3;1
2026.05.18 10:00;1.16346;1.16364;1.16261;1.16267;29.00;21.14;19.48;60.20;72.01;0.115;NEUTRE;0;52.3;2;1
2026.05.18 09:00;1.16412;1.16423;1.16348;1.16348;32.83;24.39;9.48;72.74;79.03;0.185;NEUTRE;0;66.6;3;1
2026.05.18 08:00;1.16316;1.16449;1.16286;1.16412;31.11;28.15;10.94;83.09;82.81;0.240;SOFT_UP;1;73.5;3;1
2026.05.18 07:00;1.16354;1.16401;1.16311;1.16316;29.13;27.95;12.62;81.27;81.67;0.158;NEUTRE;0;68.5;3;1
2026.05.18 06:00;1.16227;1.16362;1.16213;1.16354;27.80;25.58;14.57;84.07;77.01;0.190;NEUTRE;0;74.3;3;0
2026.05.18 05:00;1.16202;1.16229;1.16165;1.16227;27.86;15.78;16.81;79.68;70.12;0.081;NEUTRE;0;61.3;2;0
2026.05.18 04:00;1.16215;1.16258;1.16187;1.16203;31.66;18.21;14.11;67.28;56.72;0.060;NEUTRE;0;59.4;2;0
2026.05.18 03:00;1.16152;1.16222;1.16151;1.16215;34.57;13.21;16.28;63.40;44.19;0.071;NEUTRE;0;69.4;3;0
2026.05.18 02:00;1.16168;1.16192;1.16127;1.16151;38.29;8.74;18.78;39.47;32.71;0.015;NEUTRE;0;40.2;1;0
2026.05.18 01:00;1.16112;1.16185;1.16081;1.16172;38.57;8.43;21.67;29.68;29.77;0.034;NEUTRE;0;;;0
2026.05.18 00:00;1.16133;1.16207;1.16080;1.16112;37.74;9.72;25.00;28.97;32.55;-0.018;NEUTRE;0;;;0
2026.05.17 23:00;1.16228;1.16232;1.16116;1.16133;36.77;11.22;24.49;30.67;32.31;-0.015;NEUTRE;0;-4.2;0;0
2026.05.17 22:00;1.16228;1.16239;1.16171;1.16227;36.71;12.95;20.96;38.01;31.60;0.065;NEUTRE;0;18.4;0;0
2026.05.17 21:00;1.16151;1.16232;1.16150;1.16198;38.73;13.35;24.19;28.25;28.92;0.040;NEUTRE;0;12.1;0;0
2026.05.15 20:00;1.16211;1.16256;1.16188;1.16234;40.24;15.41;20.95;28.55;33.15;-0.328;SOFT_DOWN;-1;-61.6;-2;0
2026.05.15 19:00;1.16220;1.16228;1.16188;1.16211;44.09;11.44;24.17;29.95;36.43;-0.347;SOFT_DOWN;-1;-64.1;-2;1
2026.05.15 18:00;1.16266;1.16269;1.16164;1.16216;45.38;13.21;27.89;40.95;37.68;-0.343;SOFT_DOWN;-1;-65;-3;1
2026.05.15 17:00;1.16296;1.16354;1.16264;1.16265;46.86;15.24;17.53;38.41;31.61;-0.301;SOFT_DOWN;-1;-63.4;-2;1
2026.05.15 16:00;1.16263;1.16310;1.16227;1.16298;53.00;10.06;20.22;33.68;26.33;-0.273;SOFT_DOWN;-1;-62.5;-2;1
2026.05.15 15:00;1.16289;1.16307;1.16203;1.16261;55.99;11.05;23.33;22.76;23.63;-0.304;SOFT_DOWN;-1;-66.4;-3;1
2026.05.15 14:00;1.16230;1.16376;1.16211;1.16291;59.10;12.75;25.74;22.57;32.10;-0.279;SOFT_DOWN;-1;-66;-3;1
2026.05.15 13:00;1.16263;1.16319;1.16187;1.16231;63.01;9.40;29.70;25.57;42.14;-0.330;SOFT_DOWN;-1;-70.7;-3;1
2026.05.15 12:00;1.16311;1.16318;1.16186;1.16259;64.71;10.73;34.27;48.17;49.99;-0.306;SOFT_DOWN;-1;-70.8;-3;1
2026.05.15 11:00;1.16490;1.16497;1.16289;1.16313;66.62;12.38;27.54;52.69;41.73;-0.260;SOFT_DOWN;-1;-69.4;-3;1
2026.05.15 10:00;1.16277;1.16552;1.16270;1.16490;71.02;14.28;31.78;49.13;28.85;-0.108;NEUTRE;0;-50.6;-2;1
2026.05.15 09:00;1.16328;1.16333;1.16170;1.16276;76.11;4.53;36.66;23.38;15.80;-0.292;SOFT_DOWN;-1;-74.7;-3;1
2026.05.15 08:00;1.16372;1.16379;1.16301;1.16327;75.82;5.23;29.94;14.04;10.06;-0.248;SOFT_DOWN;-1;-74;-3;1
2026.05.15 07:00;1.16346;1.16486;1.16315;1.16363;76.67;6.03;31.79;9.97;9.41;-0.217;SOFT_DOWN;-1;-74;-3;1
2026.05.15 06:00;1.16321;1.16432;1.16321;1.16346;77.99;2.10;36.68;6.18;13.94;-0.232;SOFT_DOWN;-1;-77.1;-3;0
2026.05.15 05:00;1.16471;1.16477;1.16323;1.16323;76.27;2.43;42.04;12.07;18.31;-0.251;SOFT_DOWN;-1;-80;-3;0
2026.05.15 04:00;1.16517;1.16523;1.16461;1.16470;74.30;2.80;34.72;23.56;19.45;-0.125;NEUTRE;0;-74.1;-3;0
2026.05.15 03:00;1.16530;1.16547;1.16496;1.16517;72.65;3.23;31.38;19.28;13.72;-0.085;NEUTRE;0;-72.6;-3;0
2026.05.15 02:00;1.16465;1.16572;1.16453;1.16532;71.31;3.73;36.21;15.50;12.01;-0.072;NEUTRE;0;-76.2;-3;0
2026.05.15 01:00;1.16551;1.16562;1.16459;1.16466;69.78;3.01;41.78;6.37;13.59;-0.129;NEUTRE;0;;;0
2026.05.15 00:00;1.16616;1.16633;1.16519;1.16550;67.19;3.47;39.24;14.18;20.24;-0.057;NEUTRE;0;;;0
2026.05.14 23:00;1.16692;1.16695;1.16610;1.16615;64.65;4.01;33.00;20.22;23.19;-0.462;STRONG_DOWN;-2;-66.2;-3;0
2026.05.14 22:00;1.16703;1.16710;1.16680;1.16693;62.54;4.63;25.41;26.32;23.14;-0.395;SOFT_DOWN;-1;-63.7;-2;0
2026.05.14 21:00;1.16666;1.16738;1.16654;1.16703;61.52;5.34;29.32;23.02;21.76;-0.387;SOFT_DOWN;-1;-64.3;-2;0
2026.05.14 20:00;1.16706;1.16717;1.16655;1.16682;60.34;2.31;33.83;20.07;20.88;-0.405;SOFT_DOWN;-1;-66.3;-3;0
2026.05.14 19:00;1.16770;1.16787;1.16683;1.16706;56.21;2.67;32.08;22.19;20.17;-0.384;SOFT_DOWN;-1;-66.3;-3;1
2026.05.14 18:00;1.16776;1.16781;1.16735;1.16770;51.83;3.08;29.33;20.36;16.31;-0.329;SOFT_DOWN;-1;-64.1;-2;1
2026.05.14 17:00;1.16761;1.16804;1.16755;1.16775;47.35;3.55;27.15;17.95;12.81;-0.325;SOFT_DOWN;-1;-65.1;-3;1
2026.05.14 16:00;1.16771;1.16809;1.16705;1.16760;42.81;4.10;31.33;10.61;8.96;-0.338;SOFT_DOWN;-1;-67.2;-3;1
2026.05.14 15:00;1.16780;1.16806;1.16713;1.16770;37.57;4.73;34.96;9.86;8.12;-0.329;SOFT_DOWN;-1;-68;-3;1
2026.05.14 14:00;1.16893;1.16998;1.16782;1.16783;31.63;5.46;28.93;6.41;8.08;-0.318;SOFT_DOWN;-1;-68.7;-3;1
2026.05.14 13:00;1.16968;1.16992;1.16853;1.16893;26.00;6.30;28.32;8.10;10.26;-0.224;SOFT_DOWN;-1;-62.7;-2;1
2026.05.14 12:00;1.16993;1.17052;1.16959;1.16969;20.21;7.27;20.94;9.74;16.06;-0.160;NEUTRE;0;-56.4;-2;1
2026.05.14 11:00;1.17084;1.17087;1.16992;1.16994;15.86;8.38;18.71;12.95;19.77;-0.138;NEUTRE;0;-54.7;-2;1
2026.05.14 10:00;1.17069;1.17126;1.17044;1.17084;12.44;9.67;13.16;25.50;29.00;-0.061;NEUTRE;0;-34.5;-1;1
2026.05.14 09:00;1.17109;1.17129;1.17054;1.17071;12.00;11.16;13.31;20.86;32.31;-0.073;NEUTRE;0;-42.4;-1;1
2026.05.14 08:00;1.17071;1.17135;1.17045;1.17107;12.50;12.88;15.36;40.64;43.30;-0.042;NEUTRE;0;-30.6;-1;1
2026.05.14 07:00;1.17181;1.17182;1.17057;1.17071;13.07;14.86;15.67;35.43;40.38;-0.073;NEUTRE;0;-49.6;-2;1
2026.05.14 06:00;1.17099;1.17212;1.17064;1.17179;14.67;17.15;17.22;53.82;39.73;0.020;NEUTRE;0;20.6;0;0
2026.05.14 05:00;1.17143;1.17157;1.17098;1.17100;16.90;14.07;19.87;31.89;34.36;-0.048;NEUTRE;0;-47.2;-2;0
2026.05.14 04:00;1.17121;1.17171;1.17113;1.17142;16.87;16.23;19.02;33.47;43.16;-0.012;NEUTRE;0;-18.7;0;0
2026.05.14 03:00;1.17121;1.17148;1.17094;1.17121;18.25;12.63;21.94;37.72;56.43;-0.030;NEUTRE;0;-48.4;-2;0
2026.05.14 02:00;1.17135;1.17151;1.17113;1.17121;16.91;14.57;19.90;58.28;72.06;-0.030;NEUTRE;0;-59.4;-2;0
2026.05.14 01:00;1.17167;1.17172;1.17123;1.17135;17.14;16.81;18.92;73.28;82.28;-0.018;NEUTRE;0;;;0
2026.05.14 00:00;1.17156;1.17182;1.17139;1.17168;18.87;19.40;16.80;84.62;86.53;0.010;NEUTRE;0;;;0
2026.05.13 23:00;1.17173;1.17180;1.17150;1.17155;20.67;22.38;15.45;88.95;80.99;-0.163;NEUTRE;0;-38.6;-1;0
2026.05.13 22:00;1.17156;1.17185;1.17156;1.17172;21.03;25.83;14.75;86.03;66.77;-0.148;NEUTRE;0;-37.2;-1;0
2026.05.13 21:00;1.17066;1.17156;1.17064;1.17156;20.06;14.42;17.02;68.00;47.88;-0.162;NEUTRE;0;-41;-1;0
2026.05.13 20:00;1.17091;1.17134;1.17086;1.17132;21.87;16.64;15.96;46.28;37.54;-0.182;NEUTRE;0;-45.7;-2;0
2026.05.13 19:00;1.17074;1.17127;1.17072;1.17092;24.92;16.95;18.42;29.35;38.63;-0.216;SOFT_DOWN;-1;-52;-2;1
2026.05.13 18:00;1.17038;1.17102;1.17037;1.17073;28.12;12.57;21.25;36.98;48.55;-0.233;SOFT_DOWN;-1;-55.6;-2;1
2026.05.13 17:00;1.17083;1.17105;1.17036;1.17038;28.49;14.50;24.52;49.57;57.29;-0.262;SOFT_DOWN;-1;-60.1;-2;1
2026.05.13 16:00;1.17106;1.17176;1.17076;1.17083;28.92;16.73;19.38;59.09;57.40;-0.224;SOFT_DOWN;-1;-57.6;-2;1
2026.05.13 15:00;1.17073;1.17159;1.17071;1.17106;32.24;16.69;22.36;63.20;55.42;-0.205;SOFT_DOWN;-1;-57;-2;1
2026.05.13 14:00;1.17099;1.17122;1.17026;1.17073;34.97;12.79;25.80;49.92;49.61;-0.233;SOFT_DOWN;-1;-61.9;-2;1
2026.05.13 13:00;1.17014;1.17120;1.17006;1.17098;35.16;14.43;29.77;53.14;46.80;-0.211;SOFT_DOWN;-1;-61.3;-2;1
2026.05.13 12:00;1.17118;1.17159;1.16966;1.17015;35.23;16.65;34.35;45.78;37.81;-0.282;SOFT_DOWN;-1;-69.3;-3;1
2026.05.13 11:00;1.17125;1.17169;1.17110;1.17118;35.32;19.22;28.15;41.49;26.67;-0.194;NEUTRE;0;-63.3;-2;1
2026.05.13 10:00;1.17059;1.17142;1.17016;1.17124;37.85;15.13;32.49;26.17;14.52;-0.189;NEUTRE;0;-64.8;-2;1
2026.05.13 09:00;1.17023;1.17064;1.16950;1.17059;38.07;7.94;37.48;12.34;8.12;-0.245;SOFT_DOWN;-1;-71.9;-3;1
2026.05.13 08:00;1.17067;1.17114;1.16998;1.17023;33.91;9.16;36.77;5.04;9.56;-0.275;SOFT_DOWN;-1;-75.5;-3;1
2026.05.13 07:00;1.17198;1.17229;1.17067;1.17068;29.88;10.57;33.28;6.98;16.90;-0.237;SOFT_DOWN;-1;-75.3;-3;1
2026.05.13 06:00;1.17338;1.17341;1.17177;1.17197;26.51;12.19;27.95;16.67;26.90;-0.127;NEUTRE;0;-67.3;-3;0
2026.05.13 05:00;1.17342;1.17367;1.17322;1.17337;24.55;14.07;18.65;27.06;38.28;-0.008;NEUTRE;0;-10.2;0;0
2026.05.13 04:00;1.17343;1.17349;1.17318;1.17342;26.17;10.08;21.52;36.96;49.78;-0.003;NEUTRE;0;-4.8;0;0
2026.05.13 03:00;1.17367;1.17375;1.17322;1.17342;24.63;11.63;22.85;50.83;51.65;-0.003;NEUTRE;0;-6.4;0;0
2026.05.13 02:00;1.17385;1.17413;1.17358;1.17367;23.41;13.42;15.91;61.54;48.98;0.018;NEUTRE;0;45.4;2;0
2026.05.13 01:00;1.17377;1.17414;1.17313;1.17384;25.71;15.48;18.36;42.59;43.96;0.032;NEUTRE;0;;;0
2026.05.13 00:00;1.17346;1.17383;1.17326;1.17377;28.35;13.14;21.18;42.82;50.17;0.026;NEUTRE;0;;;0
2026.05.12 23:00;1.17391;1.17410;1.17342;1.17347;29.11;15.17;20.12;46.47;58.17;-0.368;SOFT_DOWN;-1;-61;-2;0
2026.05.12 22:00;1.17387;1.17398;1.17335;1.17391;31.43;14.78;23.22;61.22;68.63;-0.331;SOFT_DOWN;-1;-59.5;-2;0
2026.05.12 21:00;1.17337;1.17401;1.17334;1.17387;32.85;17.06;26.79;66.82;70.49;-0.335;SOFT_DOWN;-1;-60.9;-2;0
2026.05.12 20:00;1.17403;1.17406;1.17373;1.17397;34.49;19.68;21.96;77.85;64.29;-0.326;SOFT_DOWN;-1;-61.4;-2;0
2026.05.12 19:00;1.17401;1.17466;1.17395;1.17400;38.96;22.71;15.08;66.80;49.41;-0.323;SOFT_DOWN;-1;-62.4;-2;1
2026.05.12 18:00;1.17330;1.17408;1.17285;1.17401;41.84;13.64;17.40;48.22;37.95;-0.323;SOFT_DOWN;-1;-63.7;-2;1
2026.05.12 17:00;1.17281;1.17334;1.17269;1.17329;46.42;6.48;20.07;33.22;31.72;-0.384;SOFT_DOWN;-1;-68.5;-3;1
2026.05.12 16:00;1.17317;1.17383;1.17275;1.17280;45.68;7.48;21.74;32.41;33.53;-0.425;STRONG_DOWN;-2;-71.5;-3;1
2026.05.12 15:00;1.17355;1.17363;1.17215;1.17317;45.20;5.78;25.09;29.53;36.50;-0.394;SOFT_DOWN;-1;-71.3;-3;1
2026.05.12 14:00;1.17301;1.17358;1.17273;1.17356;42.53;6.67;22.92;38.64;39.21;-0.361;SOFT_DOWN;-1;-71;-3;1
2026.05.12 13:00;1.17472;1.17497;1.17265;1.17297;40.62;7.69;26.44;41.33;34.77;-0.411;SOFT_DOWN;-1;-74.3;-3;1
2026.05.12 12:00;1.17436;1.17497;1.17348;1.17473;38.41;8.87;25.01;37.64;26.87;-0.262;SOFT_DOWN;-1;-67.9;-3;1
2026.05.12 11:00;1.17405;1.17478;1.17346;1.17435;37.00;8.28;28.85;25.34;21.53;-0.294;SOFT_DOWN;-1;-71.6;-3;1
2026.05.12 10:00;1.17472;1.17487;1.17403;1.17405;34.16;9.55;26.65;17.62;17.78;-0.319;SOFT_DOWN;-1;-74.5;-3;1
2026.05.12 09:00;1.17441;1.17513;1.17433;1.17472;32.15;11.02;25.26;21.61;20.14;-0.262;SOFT_DOWN;-1;-73;-3;1
2026.05.12 08:00;1.17475;1.17500;1.17391;1.17441;31.06;10.22;29.14;14.10;20.13;-0.289;SOFT_DOWN;-1;-76.2;-3;1
2026.05.12 07:00;1.17500;1.17531;1.17432;1.17475;28.44;11.79;27.84;24.70;21.75;-0.260;SOFT_DOWN;-1;-76.6;-3;1
2026.05.12 06:00;1.17618;1.17650;1.17494;1.17500;26.59;13.60;22.48;21.58;16.99;-0.239;SOFT_DOWN;-1;-77.4;-3;0
2026.05.12 05:00;1.17569;1.17673;1.17519;1.17615;26.89;15.69;23.48;18.99;13.57;-0.141;NEUTRE;0;-72.5;-3;0
2026.05.12 04:00;1.17560;1.17593;1.17552;1.17568;27.97;10.12;27.09;10.40;11.11;-0.181;NEUTRE;0;-78.9;-3;0
2026.05.12 03:00;1.17621;1.17628;1.17544;1.17559;25.26;11.67;31.26;11.32;12.39;-0.188;NEUTRE;0;-81.9;-3;0
2026.05.12 02:00;1.17612;1.17642;1.17590;1.17622;22.12;13.47;27.64;11.60;19.98;-0.135;NEUTRE;0;-82.5;-3;0
2026.05.12 01:00;1.17668;1.17686;1.17573;1.17612;20.22;15.54;31.90;14.26;38.46;-0.143;NEUTRE;0;;;0
2026.05.12 00:00;1.17781;1.17782;1.17660;1.17667;18.03;17.93;24.96;34.07;62.38;-0.097;NEUTRE;0;;;0
2026.05.11 23:00;1.17850;1.17850;1.17769;1.17781;18.28;20.69;15.05;67.06;75.32;0.095;NEUTRE;0;25;0;0
2026.05.11 22:00;1.17824;1.17875;1.17804;1.17848;18.67;23.87;10.72;86.00;69.32;0.152;NEUTRE;0;37.9;1;0
2026.05.11 21:00;1.17781;1.17844;1.17751;1.17826;15.69;20.83;12.37;72.89;52.71;0.133;NEUTRE;0;35.5;1;0
2026.05.11 20:00;1.17770;1.17826;1.17733;1.17815;14.19;21.05;14.27;49.08;39.95;0.124;NEUTRE;0;34.9;1;0
2026.05.11 19:00;1.17745;1.17775;1.17740;1.17770;13.41;15.86;16.47;36.16;40.15;0.086;NEUTRE;0;27;1;1
2026.05.11 18:00;1.17777;1.17801;1.17741;1.17746;15.19;18.30;18.56;34.61;47.09;0.065;NEUTRE;0;22.1;0;1
2026.05.11 17:00;1.17730;1.17783;1.17706;1.17777;17.41;16.49;21.42;49.69;60.26;0.092;NEUTRE;0;31.4;1;1
2026.05.11 16:00;1.17795;1.17801;1.17720;1.17729;18.09;19.03;21.92;56.97;67.77;0.051;NEUTRE;0;19.8;0;1
2026.05.11 15:00;1.17789;1.17850;1.17764;1.17795;19.79;21.96;16.93;74.11;69.05;0.107;NEUTRE;0;38.8;1;1
2026.05.11 14:00;1.17850;1.17876;1.17786;1.17792;20.85;25.34;15.60;72.23;60.96;0.105;NEUTRE;0;40.2;1;1
2026.05.11 13:00;1.17741;1.17875;1.17739;1.17850;20.40;29.07;18.00;60.81;53.65;0.154;NEUTRE;0;53.2;2;1
2026.05.11 12:00;1.17683;1.17743;1.17641;1.17740;19.92;18.61;20.77;49.86;53.61;0.060;NEUTRE;0;29.4;1;1
2026.05.11 11:00;1.17691;1.17743;1.17631;1.17680;22.13;21.47;23.96;50.30;60.15;0.009;NEUTRE;0;5.3;0;1
2026.05.11 10:00;1.17670;1.17738;1.17642;1.17687;24.70;24.77;26.14;60.69;70.80;0.015;NEUTRE;0;9.6;0;1
2026.05.11 09:00;1.17710;1.17742;1.17670;1.17670;28.08;28.58;25.67;69.46;72.01;0.001;NEUTRE;0;0.7;0;1
2026.05.11 08:00;1.17718;1.17819;1.17709;1.17710;31.58;32.98;21.29;82.26;59.53;0.035;NEUTRE;0;26.2;1;1
2026.05.11 07:00;1.17673;1.17744;1.17643;1.17718;33.12;27.56;24.56;64.31;33.16;0.042;NEUTRE;0;34.1;1;1
2026.05.11 06:00;1.17497;1.17678;1.17497;1.17673;37.33;21.75;28.34;32.03;13.07;0.003;NEUTRE;0;3.2;0;0
2026.05.11 05:00;1.17501;1.17544;1.17484;1.17497;41.05;13.71;32.70;3.16;13.61;-0.146;NEUTRE;0;-73.1;-3;0
2026.05.11 04:00;1.17563;1.17571;1.17499;1.17501;41.07;15.82;33.89;4.03;29.81;-0.143;NEUTRE;0;-76.1;-3;0
2026.05.11 03:00;1.17590;1.17590;1.17559;1.17563;41.79;18.25;26.28;33.63;47.38;-0.090;NEUTRE;0;-73.5;-3;0
2026.05.11 02:00;1.17626;1.17660;1.17587;1.17590;45.44;21.06;16.43;51.76;53.01;-0.067;NEUTRE;0;-75.2;-3;0
2026.05.11 01:00;1.17696;1.17708;1.17614;1.17626;50.54;24.30;13.27;56.77;50.32;-0.037;NEUTRE;0;;;0
2026.05.11 00:00;1.17669;1.17718;1.17653;1.17696;53.80;28.03;8.93;50.52;46.76;0.023;NEUTRE;0;;;0
2026.05.10 23:00;1.17636;1.17698;1.17634;1.17668;54.12;27.61;10.30;43.68;48.38;0.145;NEUTRE;0;35.4;1;0
2026.05.10 22:00;1.17610;1.17646;1.17575;1.17636;55.42;19.36;11.89;46.09;60.02;0.117;NEUTRE;0;30.9;1;0
2026.05.10 21:00;1.17498;1.17683;1.17455;1.17610;60.27;22.34;13.71;55.38;64.60;0.095;NEUTRE;0;27;1;0
2026.05.08 20:00;1.17799;1.17874;1.17786;1.17832;65.86;25.78;2.32;78.59;62.59;0.451;STRONG_UP;2;68.5;3;0
2026.05.08 19:00;1.17782;1.17829;1.17764;1.17799;63.14;21.88;2.67;59.85;51.65;0.423;STRONG_UP;2;68.3;3;1
2026.05.08 18:00;1.17721;1.17813;1.17705;1.17782;60.82;21.46;3.08;49.32;49.66;0.408;SOFT_UP;1;68.6;3;1
2026.05.08 17:00;1.17709;1.17760;1.17703;1.17721;58.66;17.21;3.56;45.77;53.97;0.356;SOFT_UP;1;67;3;1
2026.05.08 16:00;1.17724;1.17782;1.17705;1.17709;57.57;19.85;3.57;53.87;63.49;0.346;SOFT_UP;1;67.7;3;1
2026.05.08 15:00;1.17741;1.17782;1.17666;1.17725;55.72;22.91;4.11;62.26;71.86;0.360;SOFT_UP;1;69.7;3;1
2026.05.08 14:00;1.17786;1.17793;1.17669;1.17741;53.59;26.43;4.35;74.34;77.36;0.373;SOFT_UP;1;71.6;3;1
2026.05.08 13:00;1.17738;1.17868;1.17660;1.17787;50.80;30.50;5.02;78.97;79.07;0.413;SOFT_UP;1;74.4;3;1
2026.05.08 12:00;1.17650;1.17784;1.17558;1.17739;47.58;28.98;5.79;78.76;81.43;0.372;SOFT_UP;1;74;3;1
2026.05.08 11:00;1.17638;1.17685;1.17617;1.17650;44.64;26.70;6.68;79.47;84.54;0.296;SOFT_UP;1;71.7;3;1
2026.05.08 10:00;1.17687;1.17722;1.17610;1.17638;42.28;30.80;7.71;86.05;86.90;0.286;SOFT_UP;1;72.8;3;1
2026.05.08 09:00;1.17634;1.17733;1.17630;1.17687;39.56;35.54;6.15;88.11;85.55;0.327;SOFT_UP;1;76.3;3;1
2026.05.08 08:00;1.17427;1.17655;1.17418;1.17634;34.80;29.36;7.09;86.55;85.46;0.282;SOFT_UP;1;75.9;3;1
2026.05.08 07:00;1.17441;1.17477;1.17415;1.17427;30.75;22.32;8.18;81.99;82.03;0.106;NEUTRE;0;59.6;2;1
2026.05.08 06:00;1.17369;1.17480;1.17367;1.17441;28.35;25.76;9.44;87.85;73.85;0.118;NEUTRE;0;65.7;3;0
2026.05.08 05:00;1.17350;1.17384;1.17326;1.17369;25.58;16.65;10.90;76.26;62.57;0.056;NEUTRE;0;51.6;2;0
2026.05.08 04:00;1.17280;1.17356;1.17267;1.17350;26.30;11.79;12.57;57.44;51.15;0.040;NEUTRE;0;48.4;2;0
2026.05.08 03:00;1.17271;1.17335;1.17266;1.17280;29.86;9.97;14.51;54.02;43.69;-0.020;NEUTRE;0;-36.9;-1;0
2026.05.08 02:00;1.17321;1.17323;1.17242;1.17271;31.60;8.83;16.74;41.98;31.95;-0.027;NEUTRE;0;-56.7;-2;0
2026.05.08 01:00;1.17267;1.17334;1.17267;1.17321;31.70;10.18;14.56;35.06;23.22;0.015;NEUTRE;0;;;0
2026.05.08 00:00;1.17303;1.17344;1.17262;1.17267;33.85;11.75;16.80;18.81;14.22;-0.031;NEUTRE;0;;;0
2026.05.07 23:00;1.17248;1.17312;1.17242;1.17303;36.34;7.56;19.39;15.79;9.61;-0.148;NEUTRE;0;-35.9;-1;0
2026.05.07 22:00;1.17266;1.17313;1.17224;1.17248;35.17;8.72;22.37;8.05;8.39;-0.195;SOFT_DOWN;-1;-45;-1;0
2026.05.07 21:00;1.17251;1.17295;1.17218;1.17266;33.83;6.95;25.81;4.98;12.81;-0.180;NEUTRE;0;-44;-1;0
2026.05.07 20:00;1.17335;1.17446;1.17224;1.17238;30.17;8.02;28.59;12.14;21.00;-0.203;SOFT_DOWN;-1;-48.8;-2;0
2026.05.07 19:00;1.17497;1.17540;1.17332;1.17333;26.17;9.25;25.50;21.30;24.70;-0.123;NEUTRE;0;-36.1;-1;1
2026.05.07 18:00;1.17485;1.17518;1.17396;1.17497;23.00;10.67;24.69;29.57;29.49;0.017;NEUTRE;0;6.1;0;1
2026.05.07 17:00;1.17603;1.17606;1.17354;1.17485;20.44;12.31;28.49;23.24;34.47;0.007;NEUTRE;0;2.7;0;1
2026.05.07 16:00;1.17634;1.17657;1.17561;1.17601;17.48;14.21;20.23;35.66;47.90;0.106;NEUTRE;0;36.7;1;1
2026.05.07 15:00;1.17756;1.17777;1.17628;1.17634;17.48;16.40;12.61;44.51;56.72;0.134;NEUTRE;0;45.2;2;1
2026.05.07 14:00;1.17682;1.17770;1.17637;1.17755;18.16;18.92;13.62;63.52;64.74;0.237;SOFT_UP;1;62.3;2;1
2026.05.07 13:00;1.17726;1.17768;1.17663;1.17682;18.45;21.83;12.71;62.12;67.41;0.175;NEUTRE;0;56.6;2;1
2026.05.07 12:00;1.17699;1.17777;1.17669;1.17726;17.23;25.19;13.78;68.59;72.52;0.212;SOFT_UP;1;63.3;2;1
2026.05.07 11:00;1.17668;1.17699;1.17620;1.17696;15.37;17.95;15.90;71.52;78.31;0.186;NEUTRE;0;62.3;2;1
2026.05.07 10:00;1.17699;1.17758;1.17647;1.17668;16.81;20.71;13.09;77.45;79.56;0.163;NEUTRE;0;61.4;2;1
2026.05.07 09:00;1.17715;1.17780;1.17655;1.17700;15.93;23.90;14.00;85.95;71.68;0.190;NEUTRE;0;67.2;3;1
2026.05.07 08:00;1.17666;1.17739;1.17627;1.17715;14.36;22.53;16.15;75.29;51.67;0.203;SOFT_UP;1;70.7;3;1
2026.05.07 07:00;1.17478;1.17683;1.17477;1.17666;14.03;18.30;18.63;53.81;34.64;0.161;NEUTRE;0;68.9;3;1
2026.05.07 06:00;1.17514;1.17566;1.17447;1.17478;16.05;12.38;21.50;25.90;27.84;0.001;NEUTRE;0;1.1;0;0
2026.05.07 05:00;1.17506;1.17535;1.17497;1.17516;14.37;14.28;18.34;24.21;36.73;0.033;NEUTRE;0;36.6;1;0
2026.05.07 04:00;1.17486;1.17533;1.17475;1.17506;14.67;15.67;21.17;33.40;50.44;0.025;NEUTRE;0;35.2;1;0
2026.05.07 03:00;1.17562;1.17564;1.17485;1.17486;14.63;18.08;21.77;52.57;59.42;0.008;NEUTRE;0;16.7;0;0
2026.05.07 02:00;1.17587;1.17607;1.17542;1.17562;15.46;20.86;14.02;65.36;58.51;0.072;NEUTRE;0;76.2;3;0
2026.05.07 01:00;1.17483;1.17631;1.17462;1.17587;14.82;24.07;16.18;60.32;53.83;0.094;NEUTRE;0;;;0
2026.05.07 00:00;1.17477;1.17538;1.17465;1.17483;14.08;19.31;18.67;49.86;52.09;0.005;NEUTRE;0;;;0
2026.05.06 23:00;1.17502;1.17517;1.17461;1.17477;15.99;17.86;21.54;51.32;50.90;0.284;SOFT_UP;1;54.3;2;0
2026.05.06 22:00;1.17495;1.17510;1.17491;1.17502;17.01;20.60;16.61;55.10;47.11;0.306;SOFT_UP;1;57.5;2;0
2026.05.06 21:00;1.17427;1.17498;1.17427;1.17495;17.98;14.06;19.16;46.30;39.98;0.300;SOFT_UP;1;58.1;2;0
2026.05.06 20:00;1.17473;1.17503;1.17444;1.17486;18.38;16.22;18.43;39.92;32.33;0.292;SOFT_UP;1;58.7;2;0
2026.05.06 19:00;1.17491;1.17553;1.17472;1.17474;20.22;18.72;13.96;33.73;24.84;0.282;SOFT_UP;1;59.1;2;1
2026.05.06 18:00;1.17479;1.17513;1.17444;1.17491;21.10;14.00;16.11;23.34;19.00;0.296;SOFT_UP;1;61.6;2;1
2026.05.06 17:00;1.17440;1.17553;1.17425;1.17479;23.26;16.15;18.59;17.45;16.45;0.286;SOFT_UP;1;62.2;2;1
2026.05.06 16:00;1.17524;1.17532;1.17415;1.17440;25.76;16.11;21.45;16.22;17.90;0.253;SOFT_UP;1;60.7;2;1
2026.05.06 15:00;1.17548;1.17581;1.17483;1.17525;27.54;18.59;15.81;15.69;25.27;0.325;SOFT_UP;1;67.7;3;1
2026.05.06 14:00;1.17514;1.17627;1.17446;1.17548;30.53;21.45;18.24;21.78;40.94;0.345;SOFT_UP;1;70.2;3;1
2026.05.06 13:00;1.17532;1.17589;1.17461;1.17514;33.98;21.52;21.04;38.33;60.84;0.316;SOFT_UP;1;69.9;3;1
2026.05.06 12:00;1.17696;1.17698;1.17513;1.17533;39.04;24.83;18.03;62.71;78.02;0.332;SOFT_UP;1;72.2;3;1
2026.05.06 11:00;1.17887;1.17914;1.17679;1.17696;42.60;28.65;7.00;81.49;86.54;0.471;STRONG_UP;2;78.3;3;1
2026.05.06 10:00;1.17748;1.17965;1.17662;1.17887;39.82;33.06;8.08;89.87;85.55;0.634;STRONG_UP;2;82;3;1
2026.05.06 09:00;1.17620;1.17767;1.17559;1.17748;36.60;28.09;9.32;88.27;78.83;0.516;STRONG_UP;2;81.2;3;1
2026.05.06 08:00;1.17371;1.17705;1.17326;1.17620;34.51;27.83;10.76;78.51;72.95;0.406;SOFT_UP;1;80.1;3;1
2026.05.06 07:00;1.17331;1.17379;1.17240;1.17373;33.01;18.88;12.41;69.70;70.05;0.195;SOFT_UP;1;72.3;3;1
2026.05.06 06:00;1.17328;1.17353;1.17280;1.17331;34.91;21.78;9.89;70.65;71.33;0.160;NEUTRE;0;71.6;3;0
2026.05.06 05:00;1.17366;1.17379;1.17297;1.17328;34.51;25.13;7.83;69.80;73.01;0.157;NEUTRE;0;74.2;3;0
2026.05.06 04:00;1.17175;1.17426;1.17160;1.17366;31.75;29.00;9.04;73.53;76.97;0.190;NEUTRE;0;79.4;3;0
2026.05.06 03:00;1.17171;1.17228;1.17160;1.17175;28.56;22.01;10.43;75.70;78.96;0.026;NEUTRE;0;44.3;1;0
2026.05.06 02:00;1.17210;1.17246;1.17153;1.17171;27.46;25.39;12.03;81.68;79.26;0.023;NEUTRE;0;52.3;2;0
2026.05.06 01:00;1.17196;1.17258;1.17174;1.17210;26.19;29.30;10.41;79.51;71.95;0.056;NEUTRE;0;;;0
2026.05.06 00:00;1.17144;1.17212;1.17110;1.17199;22.89;25.38;12.01;76.58;56.58;0.047;NEUTRE;0;;;0
2026.05.05 23:00;1.17053;1.17252;1.17049;1.17144;20.91;29.29;13.86;59.75;32.93;0.197;SOFT_UP;1;44;1;0
2026.05.05 22:00;1.16930;1.17092;1.16914;1.17053;18.63;21.67;15.99;33.41;18.81;0.119;NEUTRE;0;31.4;1;0
2026.05.05 21:00;1.16919;1.16935;1.16919;1.16930;19.17;11.44;18.45;5.64;16.52;0.014;NEUTRE;0;4.3;0;0
2026.05.05 20:00;1.16950;1.16966;1.16920;1.16925;18.51;13.19;20.33;17.38;28.35;0.009;NEUTRE;0;2.9;0;0
2026.05.05 19:00;1.16996;1.17009;1.16940;1.16951;18.09;15.22;16.76;26.53;40.95;0.032;NEUTRE;0;10.7;0;1
2026.05.05 18:00;1.16984;1.17006;1.16967;1.16996;20.13;17.57;13.32;41.13;56.62;0.070;NEUTRE;0;23.7;0;1
2026.05.05 17:00;1.16990;1.17039;1.16958;1.16984;21.11;20.27;15.37;55.20;69.96;0.060;NEUTRE;0;21.7;0;1
2026.05.05 16:00;1.17062;1.17086;1.16977;1.16991;22.25;23.39;14.13;73.52;78.15;0.066;NEUTRE;0;24.9;0;1
2026.05.05 15:00;1.17054;1.17133;1.17008;1.17062;21.87;26.99;11.93;81.15;74.56;0.127;NEUTRE;0;43.7;1;1
2026.05.05 14:00;1.16972;1.17056;1.16911;1.17054;19.28;21.66;13.76;79.78;66.40;0.120;NEUTRE;0;44;1;1
2026.05.05 13:00;1.16921;1.17043;1.16917;1.16972;18.82;23.61;15.88;62.74;58.97;0.050;NEUTRE;0;23.4;0;1
2026.05.05 12:00;1.16887;1.16974;1.16850;1.16921;18.70;18.82;18.32;56.67;58.49;0.006;NEUTRE;0;3.2;0;1
2026.05.05 11:00;1.16891;1.16943;1.16830;1.16888;21.37;17.87;21.14;57.50;60.73;-0.022;NEUTRE;0;-12.7;0;1
2026.05.05 10:00;1.16900;1.16975;1.16868;1.16892;23.37;20.62;19.22;61.29;62.06;-0.019;NEUTRE;0;-12.1;0;1
2026.05.05 09:00;1.16885;1.16926;1.16808;1.16900;26.42;16.75;22.17;63.38;60.52;-0.012;NEUTRE;0;-8.5;0;1
2026.05.05 08:00;1.16887;1.16964;1.16846;1.16885;28.34;19.32;20.63;61.51;51.33;-0.025;NEUTRE;0;-19.4;0;1
2026.05.05 07:00;1.16856;1.16965;1.16854;1.16887;32.20;22.29;22.76;56.66;39.28;-0.023;NEUTRE;0;-20.3;0;1
2026.05.05 06:00;1.16828;1.16893;1.16792;1.16856;36.99;15.75;26.26;35.81;29.86;-0.050;NEUTRE;0;-43.2;-1;0
2026.05.05 05:00;1.16774;1.16842;1.16762;1.16828;38.83;10.40;30.31;25.38;32.76;-0.074;NEUTRE;0;-59.1;-2;0
2026.05.05 04:00;1.16836;1.16871;1.16765;1.16774;37.28;12.00;34.39;28.38;38.24;-0.120;NEUTRE;0;-73.5;-3;0
2026.05.05 03:00;1.16872;1.16878;1.16833;1.16837;35.59;13.85;29.81;44.52;40.52;-0.066;NEUTRE;0;-68;-3;0
2026.05.05 02:00;1.16865;1.16912;1.16860;1.16872;35.44;15.98;25.17;41.82;34.84;-0.036;NEUTRE;0;-63.8;-2;0
2026.05.05 01:00;1.16861;1.16880;1.16794;1.16864;37.46;8.97;29.04;35.21;32.52;-0.043;NEUTRE;0;;;0
2026.05.05 00:00;1.16914;1.16937;1.16848;1.16861;35.09;10.35;23.85;27.48;33.79;-0.045;NEUTRE;0;;;0
2026.05.04 23:00;1.16898;1.16927;1.16894;1.16914;34.42;11.94;19.57;34.87;38.70;-0.291;SOFT_DOWN;-1;-55;-2;0
2026.05.04 22:00;1.16891;1.16922;1.16884;1.16898;35.99;11.44;22.58;39.01;41.77;-0.304;SOFT_DOWN;-1;-57.3;-2;0
2026.05.04 21:00;1.16868;1.16914;1.16853;1.16895;36.49;9.96;26.05;42.22;42.03;-0.307;SOFT_DOWN;-1;-58.7;-2;0
2026.05.04 20:00;1.16947;1.16947;1.16868;1.16909;35.23;11.50;26.27;44.07;37.07;-0.295;SOFT_DOWN;-1;-59;-2;0
2026.05.04 19:00;1.16969;1.17020;1.16932;1.16947;34.63;13.27;17.85;39.81;28.77;-0.263;SOFT_DOWN;-1;-57.3;-2;1
2026.05.04 18:00;1.16932;1.16975;1.16879;1.16969;37.69;7.44;20.60;27.32;24.65;-0.244;SOFT_DOWN;-1;-56.8;-2;1
2026.05.04 17:00;1.16820;1.16968;1.16812;1.16932;36.27;7.46;23.77;19.17;34.15;-0.275;SOFT_DOWN;-1;-61.2;-2;1
2026.05.04 16:00;1.16971;1.17007;1.16808;1.16820;33.81;8.61;27.42;27.46;49.72;-0.371;SOFT_DOWN;-1;-69.1;-3;1
2026.05.04 15:00;1.17069;1.17153;1.16938;1.16972;30.98;9.93;21.59;55.80;56.01;-0.241;SOFT_DOWN;-1;-61.1;-2;1
2026.05.04 14:00;1.17145;1.17161;1.17041;1.17070;30.06;11.46;17.54;65.89;48.49;-0.158;NEUTRE;0;-51.8;-2;1
2026.05.04 13:00;1.17091;1.17175;1.17017;1.17146;31.46;13.23;20.24;46.32;34.27;-0.093;NEUTRE;0;-38.9;-1;1
2026.05.04 12:00;1.16929;1.17122;1.16918;1.17090;33.08;10.10;23.36;33.25;28.72;-0.141;NEUTRE;0;-52.9;-2;1
2026.05.04 11:00;1.17047;1.17084;1.16926;1.16929;32.07;8.79;26.95;23.23;24.71;-0.278;SOFT_DOWN;-1;-70.7;-3;1
2026.05.04 10:00;1.17170;1.17171;1.16885;1.17047;29.19;10.14;31.10;29.67;25.61;-0.177;NEUTRE;0;-63.4;-2;1
2026.05.04 09:00;1.17189;1.17234;1.17157;1.17171;25.86;11.70;21.25;21.23;27.09;-0.072;NEUTRE;0;-42;-1;1
2026.05.04 08:00;1.17175;1.17229;1.17111;1.17189;25.38;12.50;24.52;25.92;36.44;-0.056;NEUTRE;0;-38.3;-1;1
2026.05.04 07:00;1.17284;1.17288;1.17150;1.17174;24.29;14.43;23.21;34.11;49.72;-0.069;NEUTRE;0;-48;-2;1
2026.05.04 06:00;1.17305;1.17369;1.17212;1.17286;24.44;16.65;19.86;49.27;57.29;0.026;NEUTRE;0;26;1;0
2026.05.04 05:00;1.17289;1.17321;1.17254;1.17304;26.85;14.50;22.92;65.78;55.21;0.042;NEUTRE;0;43.4;1;0
2026.05.04 04:00;1.17372;1.17380;1.17273;1.17289;27.52;16.73;22.08;56.81;42.96;0.029;NEUTRE;0;39.2;1;0
2026.05.04 03:00;1.17271;1.17386;1.17242;1.17372;29.63;19.31;25.48;43.04;33.70;0.100;NEUTRE;0;75.1;3;0
2026.05.04 02:00;1.17249;1.17284;1.17222;1.17271;32.07;11.38;29.40;29.02;32.91;0.014;NEUTRE;0;38.3;1;0
2026.05.04 01:00;1.17268;1.17292;1.17198;1.17248;30.21;13.13;33.93;29.04;41.51;-0.006;NEUTRE;0;;;0
2026.05.04 00:00;1.17255;1.17286;1.17212;1.17268;28.06;15.15;36.85;40.66;45.55;0.011;NEUTRE;0;;;0
2026.05.03 23:00;1.17329;1.17329;1.17247;1.17255;25.95;17.49;35.25;54.82;39.40;-0.171;NEUTRE;0;-40;-1;0
2026.05.03 22:00;1.17409;1.17417;1.17266;1.17329;24.77;20.18;37.10;41.18;23.24;-0.108;NEUTRE;0;-28.9;-1;0
2026.05.03 21:00;1.17456;1.17481;1.17403;1.17409;24.03;23.28;28.85;22.19;12.09;-0.040;NEUTRE;0;-12.1;0;0
2026.05.01 20:00;1.17193;1.17222;1.17149;1.17155;26.08;14.64;33.29;6.35;7.07;-0.111;NEUTRE;0;-32;-1;0
2026.05.01 19:00;1.17270;1.17281;1.17175;1.17193;24.11;16.89;32.94;7.72;8.49;-0.078;NEUTRE;0;-24.8;0;1
2026.05.01 18:00;1.17328;1.17337;1.17192;1.17270;22.86;19.49;35.54;7.14;17.09;-0.013;NEUTRE;0;-4.7;0;1
2026.05.01 17:00;1.17378;1.17402;1.17289;1.17328;21.89;22.49;30.71;10.61;34.36;0.037;NEUTRE;0;13.8;0;1
2026.05.01 16:00;1.17547;1.17568;1.17374;1.17378;22.88;25.95;23.86;33.52;54.95;0.079;NEUTRE;0;29.1;1;1
2026.05.01 15:00;1.17671;1.17704;1.17531;1.17547;25.76;29.94;15.08;58.96;69.04;0.223;SOFT_UP;1;59.2;2;1
2026.05.01 14:00;1.17618;1.17850;1.17599;1.17671;24.64;34.55;11.36;72.38;75.10;0.329;SOFT_UP;1;69.3;3;1
2026.05.01 13:00;1.17572;1.17633;1.17436;1.17618;20.66;26.56;13.10;75.80;73.86;0.284;SOFT_UP;1;67.9;3;1
2026.05.01 12:00;1.17511;1.17686;1.17480;1.17572;18.62;30.65;11.68;77.13;72.56;0.245;SOFT_UP;1;66.5;3;1
2026.05.01 11:00;1.17444;1.17580;1.17437;1.17511;14.60;27.44;13.48;68.64;67.64;0.193;NEUTRE;0;63.2;2;1
2026.05.01 10:00;1.17311;1.17455;1.17305;1.17444;11.59;18.22;15.56;71.90;68.02;0.136;NEUTRE;0;56.9;2;1
2026.05.01 09:00;1.17432;1.17436;1.17305;1.17311;12.16;19.07;17.95;62.38;60.42;0.022;NEUTRE;0;15.4;0;1
2026.05.01 08:00;1.17342;1.17478;1.17316;1.17432;13.57;22.01;19.42;69.77;52.14;0.125;NEUTRE;0;60.4;2;1
2026.05.01 07:00;1.17352;1.17417;1.17311;1.17341;14.69;19.60;22.41;49.10;37.52;0.048;NEUTRE;0;37.7;1;1
2026.05.01 06:00;1.17221;1.17447;1.17185;1.17352;15.93;22.62;25.85;37.55;38.50;0.057;NEUTRE;0;46.9;2;0
2026.05.01 05:00;1.17265;1.17269;1.17215;1.17221;17.35;15.64;29.83;25.90;47.47;-0.055;NEUTRE;0;-51.1;-2;0
2026.05.01 04:00;1.17308;1.17319;1.17256;1.17265;15.22;18.05;22.74;52.07;57.17;-0.017;NEUTRE;0;-25.6;-1;0
2026.05.01 03:00;1.17333;1.17361;1.17303;1.17308;15.79;20.83;14.76;64.44;49.75;0.020;NEUTRE;0;36.9;1;0
2026.05.01 02:00;1.17308;1.17338;1.17291;1.17333;15.60;17.93;17.03;55.00;36.68;0.041;NEUTRE;0;66.6;3;0
2026.05.01 01:00;1.17274;1.17325;1.17248;1.17308;17.60;16.43;19.65;29.82;29.11;0.020;NEUTRE;0;;;0
2026.05.01 00:00;1.17285;1.17295;1.17239;1.17274;18.94;12.97;22.67;25.23;34.23;-0.009;NEUTRE;0;;;0
2026.04.30 23:00;1.17310;1.17327;1.17280;1.17285;17.66;14.96;14.90;32.27;43.05;0.378;SOFT_UP;1;61.6;2;0
2026.04.30 22:00;1.17307;1.17358;1.17290;1.17310;20.34;17.26;13.92;45.18;57.84;0.400;SOFT_UP;1;64;2;0
2026.04.30 21:00;1.17276;1.17349;1.17276;1.17307;21.82;17.88;16.06;51.70;70.11;0.397;SOFT_UP;1;64.9;2;0
2026.04.30 20:00;1.17334;1.17361;1.17292;1.17318;24.35;20.63;15.16;76.64;81.03;0.407;SOFT_UP;1;66.4;3;0
2026.04.30 19:00;1.17361;1.17414;1.17320;1.17333;25.74;23.81;11.24;81.98;82.96;0.419;STRONG_UP;2;68.1;3;1
2026.04.30 18:00;1.17246;1.17398;1.17246;1.17361;24.19;24.85;12.97;84.48;84.11;0.443;STRONG_UP;2;70.2;3;1
2026.04.30 17:00;1.17252;1.17321;1.17218;1.17246;23.08;20.88;14.97;82.41;79.98;0.345;SOFT_UP;1;66.4;3;1
2026.04.30 16:00;1.17282;1.17353;1.17226;1.17252;24.09;24.09;16.08;85.45;71.53;0.350;SOFT_UP;1;67.9;3;1
2026.04.30 15:00;1.17275;1.17355;1.17225;1.17282;24.73;27.80;18.55;72.09;59.73;0.376;SOFT_UP;1;70.5;3;1
2026.04.30 14:00;1.16899;1.17330;1.16874;1.17274;25.47;29.12;21.40;57.03;59.91;0.369;SOFT_UP;1;71.4;3;1
2026.04.30 13:00;1.16924;1.17005;1.16815;1.16898;27.04;22.63;24.70;50.07;70.09;0.047;NEUTRE;0;22.2;0;1
2026.04.30 12:00;1.17046;1.17053;1.16891;1.16924;30.52;26.11;22.34;72.62;81.68;0.069;NEUTRE;0;32.9;1;1
2026.04.30 11:00;1.17145;1.17193;1.17028;1.17046;34.02;30.13;12.77;87.59;83.21;0.174;NEUTRE;0;60.7;2;1
2026.04.30 10:00;1.16941;1.17149;1.16886;1.17145;33.03;30.66;14.74;84.81;77.13;0.258;SOFT_UP;1;71;3;1
2026.04.30 09:00;1.16794;1.16970;1.16729;1.16941;32.72;24.91;17.00;77.23;67.85;0.084;NEUTRE;0;46.4;2;1
2026.04.30 08:00;1.16791;1.16972;1.16741;1.16795;34.85;28.74;18.85;69.35;52.07;-0.041;NEUTRE;0;-30;-1;1
2026.04.30 07:00;1.16700;1.16836;1.16697;1.16791;37.01;24.10;21.75;56.98;33.85;-0.045;NEUTRE;0;-35.9;-1;1
2026.04.30 06:00;1.16591;1.16703;1.16575;1.16700;41.92;13.09;25.10;29.88;19.74;-0.122;NEUTRE;0;-66.4;-3;0
2026.04.30 05:00;1.16598;1.16643;1.16586;1.16591;43.53;7.89;28.96;14.69;16.01;-0.216;SOFT_DOWN;-1;-78.4;-3;0
2026.04.30 04:00;1.16656;1.16658;1.16547;1.16598;41.43;9.11;33.42;14.66;21.44;-0.210;SOFT_DOWN;-1;-80.4;-3;0
2026.04.30 03:00;1.16665;1.16708;1.16645;1.16656;39.01;10.51;24.97;18.68;35.23;-0.160;NEUTRE;0;-80.6;-3;0
2026.04.30 02:00;1.16741;1.16763;1.16621;1.16665;38.74;12.13;28.82;30.99;50.52;-0.152;NEUTRE;0;-83.3;-3;0
2026.04.30 01:00;1.16789;1.16816;1.16729;1.16741;38.43;13.99;21.55;56.04;59.26;-0.087;NEUTRE;0;;;0
2026.04.30 00:00;1.16843;1.16892;1.16789;1.16789;41.07;16.14;14.25;64.53;54.23;-0.046;NEUTRE;0;;;0
2026.04.29 23:00;1.16775;1.16862;1.16756;1.16843;46.43;14.15;16.45;57.22;44.22;-0.281;SOFT_DOWN;-1;-54;-2;0
2026.04.29 22:00;1.16713;1.16782;1.16708;1.16775;52.42;4.71;18.98;40.93;35.55;-0.339;SOFT_DOWN;-1;-60.1;-2;0
2026.04.29 21:00;1.16730;1.16772;1.16679;1.16713;51.22;3.36;21.89;34.51;32.00;-0.392;SOFT_DOWN;-1;-64.6;-2;0
2026.04.29 20:00;1.16759;1.16772;1.16706;1.16731;47.81;3.87;20.80;31.20;27.80;-0.376;SOFT_DOWN;-1;-64.7;-2;0
2026.04.29 19:00;1.16718;1.16801;1.16667;1.16760;44.61;4.47;24.00;30.28;26.70;-0.352;SOFT_DOWN;-1;-64.4;-2;1
2026.04.29 18:00;1.16865;1.16902;1.16608;1.16719;40.92;5.16;27.69;21.91;30.29;-0.387;SOFT_DOWN;-1;-67.6;-3;1
2026.04.29 17:00;1.16843;1.16887;1.16795;1.16866;36.67;5.95;22.16;27.91;38.17;-0.261;SOFT_DOWN;-1;-60;-2;1
2026.04.29 16:00;1.16945;1.16985;1.16834;1.16843;33.44;6.87;19.05;41.04;43.18;-0.281;SOFT_DOWN;-1;-63.2;-2;1
2026.04.29 15:00;1.17008;1.17038;1.16871;1.16944;31.35;7.92;18.21;45.54;40.23;-0.195;SOFT_DOWN;-1;-55.7;-2;1
2026.04.29 14:00;1.16887;1.17027;1.16835;1.17006;30.11;8.13;21.01;42.94;44.77;-0.142;NEUTRE;0;-48.8;-2;1
2026.04.29 13:00;1.16987;1.17030;1.16821;1.16886;27.95;9.38;24.24;32.21;49.74;-0.244;SOFT_DOWN;-1;-64.7;-2;1
2026.04.29 12:00;1.17006;1.17079;1.16932;1.16986;25.44;10.82;19.80;59.17;58.37;-0.159;NEUTRE;0;-56.2;-2;1
2026.04.29 11:00;1.17090;1.17094;1.16996;1.17006;24.85;12.49;16.15;57.85;53.60;-0.142;NEUTRE;0;-55.5;-2;1
2026.04.29 10:00;1.16972;1.17090;1.16961;1.17090;26.70;13.78;18.64;58.09;47.20;-0.070;NEUTRE;0;-38.3;-1;1
2026.04.29 09:00;1.16999;1.17043;1.16957;1.16972;28.50;10.29;21.50;44.85;37.26;-0.171;NEUTRE;0;-65;-2;1
2026.04.29 08:00;1.17052;1.17055;1.16933;1.16999;27.47;11.88;24.81;38.66;26.55;-0.148;NEUTRE;0;-64.4;-2;1
2026.04.29 07:00;1.16995;1.17080;1.16979;1.17052;26.27;13.71;22.83;28.28;16.52;-0.102;NEUTRE;0;-58.7;-2;1
2026.04.29 06:00;1.17004;1.17038;1.16961;1.16995;26.47;9.42;26.34;12.70;8.72;-0.151;NEUTRE;0;-70.6;-3;0
2026.04.29 05:00;1.17052;1.17056;1.16978;1.17004;23.26;10.87;27.00;8.57;9.30;-0.143;NEUTRE;0;-72.8;-3;0
2026.04.29 04:00;1.17056;1.17073;1.17042;1.17052;20.28;12.54;18.53;4.90;16.70;-0.102;NEUTRE;0;-70.8;-3;0
2026.04.29 03:00;1.17073;1.17104;1.17047;1.17054;20.44;14.47;18.90;14.42;35.24;-0.101;NEUTRE;0;-75.2;-3;0
2026.04.29 02:00;1.17117;1.17165;1.17068;1.17073;21.54;16.69;16.13;30.79;55.58;-0.084;NEUTRE;0;-78.1;-3;0
2026.04.29 01:00;1.17153;1.17158;1.17068;1.17117;24.59;18.15;18.62;60.50;70.49;-0.047;NEUTRE;0;;;0
2026.04.29 00:00;1.17172;1.17202;1.17142;1.17153;28.18;20.94;8.83;75.45;71.78;-0.016;NEUTRE;0;;;0
2026.04.28 23:00;1.17153;1.17173;1.17150;1.17172;26.25;16.73;10.19;75.52;65.35;-0.048;NEUTRE;0;-13.2;0;0
2026.04.28 22:00;1.17128;1.17179;1.17128;1.17153;26.56;19.30;11.76;64.37;62.26;-0.064;NEUTRE;0;-18.1;0;0
2026.04.28 21:00;1.17114;1.17133;1.17092;1.17126;26.91;8.92;13.57;56.16;65.79;-0.087;NEUTRE;0;-25;-1;0
2026.04.28 20:00;1.17095;1.17148;1.17090;1.17126;27.86;10.29;15.65;66.25;74.59;-0.087;NEUTRE;0;-26.1;-1;0
2026.04.28 19:00;1.17113;1.17149;1.17068;1.17095;28.97;11.87;18.06;74.97;81.89;-0.113;NEUTRE;0;-33.8;-1;1
2026.04.28 18:00;1.17133;1.17159;1.17110;1.17113;30.25;13.70;12.86;82.54;86.65;-0.098;NEUTRE;0;-31.5;-1;1
2026.04.28 17:00;1.17103;1.17175;1.17062;1.17133;34.42;15.81;14.84;88.16;88.37;-0.081;NEUTRE;0;-28.2;-1;1
2026.04.28 16:00;1.17134;1.17167;1.17051;1.17103;39.23;17.15;17.13;89.26;84.29;-0.107;NEUTRE;0;-37;-1;1
2026.04.28 15:00;1.17006;1.17155;1.17006;1.17134;45.25;18.20;19.76;87.69;70.83;-0.080;NEUTRE;0;-31;-1;1
2026.04.28 14:00;1.16972;1.17030;1.16902;1.17007;51.58;8.09;22.80;75.90;53.42;-0.189;NEUTRE;0;-56.7;-2;1
2026.04.28 13:00;1.16966;1.17034;1.16882;1.16970;52.19;9.34;26.31;48.91;34.66;-0.220;SOFT_DOWN;-1;-62.3;-2;1
2026.04.28 12:00;1.16827;1.16997;1.16771;1.16966;52.89;7.03;30.36;35.46;30.93;-0.223;SOFT_DOWN;-1;-64.5;-2;1
2026.04.28 11:00;1.16928;1.16991;1.16818;1.16827;51.43;8.11;31.83;19.60;31.58;-0.342;SOFT_DOWN;-1;-74.1;-3;1
2026.04.28 10:00;1.16920;1.16955;1.16902;1.16929;50.21;9.36;29.25;37.73;34.96;-0.255;SOFT_DOWN;-1;-70.8;-3;1
2026.04.28 09:00;1.17018;1.17018;1.16861;1.16920;50.01;10.80;33.75;37.40;27.65;-0.263;SOFT_DOWN;-1;-73.1;-3;1
2026.04.28 08:00;1.16965;1.17075;1.16945;1.17019;49.77;12.46;30.77;29.73;18.29;-0.178;NEUTRE;0;-68.3;-3;1
2026.04.28 07:00;1.16873;1.17005;1.16855;1.16963;50.91;6.09;35.50;15.82;15.30;-0.226;SOFT_DOWN;-1;-74.6;-3;1
2026.04.28 06:00;1.17057;1.17078;1.16867;1.16873;47.87;7.03;39.73;9.31;16.17;-0.303;SOFT_DOWN;-1;-80;-3;0
2026.04.28 05:00;1.17122;1.17130;1.17050;1.17057;44.47;8.11;32.50;20.78;17.12;-0.146;NEUTRE;0;-73.1;-3;0
2026.04.28 04:00;1.17130;1.17160;1.17114;1.17122;42.07;9.36;25.19;18.42;12.27;-0.090;NEUTRE;0;-68.5;-3;0
2026.04.28 03:00;1.17081;1.17176;1.17077;1.17130;41.49;10.80;29.07;12.17;12.82;-0.084;NEUTRE;0;-72.4;-3;0
2026.04.28 02:00;1.17125;1.17133;1.17076;1.17081;40.83;5.78;33.54;6.22;21.59;-0.125;NEUTRE;0;-81.9;-3;0
2026.04.28 01:00;1.17185;1.17185;1.17120;1.17125;36.24;6.66;26.82;20.06;32.69;-0.088;NEUTRE;0;;;0
2026.04.28 00:00;1.17228;1.17266;1.17168;1.17185;32.56;7.69;19.59;38.49;33.49;-0.037;NEUTRE;0;;;0
2026.04.27 23:00;1.17219;1.17228;1.17210;1.17227;30.86;8.87;16.01;39.53;24.95;0.149;NEUTRE;0;36.1;1;0
2026.04.27 22:00;1.17207;1.17228;1.17191;1.17219;31.19;10.24;18.47;22.46;14.07;0.142;NEUTRE;0;36;1;0
2026.04.27 21:00;1.17222;1.17222;1.17186;1.17210;31.58;9.32;21.32;12.87;8.93;0.134;NEUTRE;0;35.7;1;0
2026.04.27 20:00;1.17204;1.17229;1.17198;1.17201;30.41;10.75;19.47;6.89;6.44;0.126;NEUTRE;0;35.4;1;0
2026.04.27 19:00;1.17196;1.17256;1.17187;1.17201;30.65;12.41;22.46;7.03;6.12;0.126;NEUTRE;0;36.8;1;1
2026.04.27 18:00;1.17228;1.17244;1.17185;1.17196;30.93;11.64;25.92;5.39;5.99;0.122;NEUTRE;0;37.4;1;1
2026.04.27 17:00;1.17258;1.17297;1.17198;1.17228;29.83;13.43;26.52;5.95;8.45;0.150;NEUTRE;0;44.8;1;1
2026.04.27 16:00;1.17304;1.17336;1.17249;1.17258;29.38;15.49;22.67;6.62;14.28;0.175;NEUTRE;0;50.9;2;1
2026.04.27 15:00;1.17357;1.17365;1.17290;1.17304;31.01;17.88;18.91;12.78;25.24;0.214;SOFT_UP;1;58.1;2;1
2026.04.27 14:00;1.17397;1.17478;1.17329;1.17357;35.35;20.63;13.82;23.45;42.86;0.260;SOFT_UP;1;64.5;2;1
2026.04.27 13:00;1.17441;1.17536;1.17354;1.17397;37.75;23.80;13.36;39.48;59.82;0.294;SOFT_UP;1;68.6;3;1
2026.04.27 12:00;1.17410;1.17546;1.17405;1.17440;39.23;27.46;11.10;65.66;74.80;0.331;SOFT_UP;1;72.2;3;1
2026.04.27 11:00;1.17457;1.17467;1.17375;1.17410;38.74;23.07;12.81;74.31;82.05;0.305;SOFT_UP;1;72.3;3;1
2026.04.27 10:00;1.17418;1.17474;1.17386;1.17457;40.30;26.62;12.94;84.44;87.90;0.345;SOFT_UP;1;75.6;3;1
2026.04.27 09:00;1.17481;1.17506;1.17406;1.17419;41.19;30.71;11.44;87.41;85.33;0.313;SOFT_UP;1;75.7;3;1
2026.04.27 08:00;1.17436;1.17505;1.17389;1.17481;40.49;35.29;13.20;91.86;78.90;0.366;SOFT_UP;1;79;3;1
2026.04.27 07:00;1.17294;1.17447;1.17289;1.17436;39.71;33.02;15.23;76.72;72.54;0.327;SOFT_UP;1;79.2;3;1
2026.04.27 06:00;1.17221;1.17294;1.17163;1.17294;40.14;23.21;17.57;68.12;75.68;0.206;SOFT_UP;1;75.5;3;0
2026.04.27 05:00;1.17264;1.17277;1.17218;1.17221;44.19;26.78;13.81;72.78;83.38;0.144;NEUTRE;0;72.9;3;0
2026.04.27 04:00;1.17291;1.17313;1.17246;1.17264;46.08;30.89;8.64;86.14;87.83;0.180;NEUTRE;0;78.8;3;0
2026.04.27 03:00;1.17262;1.17323;1.17260;1.17291;44.51;35.65;6.75;91.22;81.83;0.203;SOFT_UP;1;82.5;3;0
2026.04.27 02:00;1.17242;1.17279;1.17192;1.17262;40.87;30.39;7.79;86.15;68.42;0.179;NEUTRE;0;84.3;3;0
2026.04.27 01:00;1.17157;1.17265;1.17157;1.17242;38.05;32.59;8.99;68.13;53.39;0.161;NEUTRE;0;;;0
2026.04.27 00:00;1.17053;1.17169;1.17053;1.17156;35.17;24.05;10.37;50.97;47.19;0.088;NEUTRE;0;;;0
2026.04.26 23:00;1.17076;1.17092;1.17050;1.17052;34.47;17.62;11.97;41.06;51.82;0.070;NEUTRE;0;18.9;0;0
2026.04.26 22:00;1.17074;1.17121;1.17043;1.17076;36.84;20.34;13.81;49.55;65.85;0.091;NEUTRE;0;25;0;0
2026.04.26 21:00;1.16970;1.17090;1.16954;1.17074;39.56;17.35;15.94;64.84;75.49;0.089;NEUTRE;0;25.5;1;0
2026.04.24 20:00;1.17182;1.17230;1.17165;1.17200;45.00;20.02;5.19;83.15;81.05;0.315;SOFT_UP;1;60.6;2;0
2026.04.24 19:00;1.17174;1.17207;1.17150;1.17182;42.87;17.66;5.99;78.49;81.18;0.300;SOFT_UP;1;60.7;2;1
2026.04.24 18:00;1.17131;1.17194;1.17108;1.17174;41.88;16.86;6.91;81.52;81.66;0.293;SOFT_UP;1;61.4;2;1
2026.04.24 17:00;1.17188;1.17208;1.17117;1.17131;41.88;19.46;6.37;83.51;78.06;0.256;SOFT_UP;1;59.5;2;1
2026.04.24 16:00;1.17173;1.17194;1.17127;1.17187;40.52;20.08;7.35;79.95;72.66;0.304;SOFT_UP;1;65;2;1
2026.04.24 15:00;1.17060;1.17195;1.17003;1.17173;39.61;23.17;8.48;70.73;71.79;0.292;SOFT_UP;1;65.5;3;1
2026.04.24 14:00;1.17065;1.17166;1.17001;1.17060;38.56;24.42;9.78;67.29;77.10;0.195;SOFT_UP;1;57.5;2;1
2026.04.24 13:00;1.17085;1.17121;1.16983;1.17065;37.91;23.98;11.28;77.34;82.86;0.199;SOFT_UP;1;59.9;2;1
2026.04.24 12:00;1.17143;1.17171;1.17023;1.17085;38.20;27.67;8.56;86.66;82.55;0.217;SOFT_UP;1;63.9;2;1
2026.04.24 11:00;1.17031;1.17181;1.17024;1.17141;35.97;31.92;9.77;84.58;77.03;0.264;SOFT_UP;1;69.7;3;1
2026.04.24 10:00;1.16861;1.17032;1.16852;1.17029;33.33;22.23;11.28;76.42;70.82;0.169;NEUTRE;0;62.3;2;1
2026.04.24 09:00;1.16896;1.16905;1.16837;1.16861;33.42;14.80;13.01;70.08;65.81;0.025;NEUTRE;0;17.4;0;1
2026.04.24 08:00;1.16906;1.16956;1.16836;1.16896;37.58;17.07;15.01;65.97;56.57;0.055;NEUTRE;0;37.8;1;1
2026.04.24 07:00;1.16781;1.16934;1.16758;1.16908;42.37;16.88;17.32;61.37;48.43;0.065;NEUTRE;0;46.3;2;1
2026.04.24 06:00;1.16817;1.16834;1.16772;1.16782;48.69;10.74;19.99;42.37;37.32;-0.043;NEUTRE;0;-38.9;-1;0
2026.04.24 05:00;1.16787;1.16828;1.16762;1.16817;51.55;10.90;23.06;41.57;37.90;-0.013;NEUTRE;0;-16.3;0;0
2026.04.24 04:00;1.16777;1.16813;1.16761;1.16787;53.97;9.08;26.61;28.03;43.60;-0.039;NEUTRE;0;-47.7;-2;0
2026.04.24 03:00;1.16787;1.16797;1.16725;1.16778;54.72;5.74;30.71;44.10;57.86;-0.046;NEUTRE;0;-59.9;-2;0
2026.04.24 02:00;1.16882;1.16891;1.16777;1.16787;52.60;6.63;24.32;58.68;59.14;-0.039;NEUTRE;0;-65.5;-3;0
2026.04.24 01:00;1.16850;1.16883;1.16817;1.16882;51.90;7.65;22.66;70.81;54.67;0.043;NEUTRE;0;;;0
2026.04.24 00:00;1.16832;1.16883;1.16816;1.16850;52.26;8.82;26.15;47.93;44.97;0.015;NEUTRE;0;;;0
2026.04.23 23:00;1.16857;1.16857;1.16816;1.16832;52.68;4.21;30.17;45.26;42.57;-0.189;NEUTRE;0;-42.8;-1;0
2026.04.23 22:00;1.16856;1.16863;1.16846;1.16857;49.16;4.86;23.56;41.71;40.54;-0.167;NEUTRE;0;-40.5;-1;0
2026.04.23 21:00;1.16803;1.16882;1.16773;1.16856;46.60;5.61;27.18;40.76;41.09;-0.168;NEUTRE;0;-42;-1;0
2026.04.23 20:00;1.16862;1.16865;1.16803;1.16823;43.65;6.47;27.13;39.15;44.00;-0.196;SOFT_DOWN;-1;-47.8;-2;0
2026.04.23 19:00;1.16887;1.16899;1.16799;1.16862;40.90;7.46;31.30;43.36;49.94;-0.163;NEUTRE;0;-44;-1;1
2026.04.23 18:00;1.16925;1.16996;1.16877;1.16891;37.74;8.61;24.12;49.50;58.65;-0.138;NEUTRE;0;-40.8;-1;1
2026.04.23 17:00;1.17019;1.17025;1.16689;1.16925;36.25;9.94;27.83;56.97;65.21;-0.109;NEUTRE;0;-35.8;-1;1
2026.04.23 16:00;1.17030;1.17053;1.16981;1.17019;34.54;11.46;18.74;69.48;67.88;-0.029;NEUTRE;0;-11.5;0;1
2026.04.23 15:00;1.17104;1.17152;1.17004;1.17030;36.15;13.23;16.71;69.18;59.38;-0.020;NEUTRE;0;-8.5;0;1
2026.04.23 14:00;1.16908;1.17162;1.16867;1.17104;39.92;15.26;19.28;64.98;46.09;0.044;NEUTRE;0;19.5;0;1
2026.04.23 13:00;1.16916;1.16964;1.16819;1.16908;44.28;7.28;22.24;43.99;31.04;-0.124;NEUTRE;0;-47.1;-2;1
2026.04.23 12:00;1.16902;1.16979;1.16858;1.16916;43.29;8.41;21.53;29.32;22.08;-0.117;NEUTRE;0;-47.7;-2;1
2026.04.23 11:00;1.16820;1.16974;1.16788;1.16902;43.21;9.06;24.84;19.82;22.58;-0.129;NEUTRE;0;-52.9;-2;1
2026.04.23 10:00;1.16932;1.16958;1.16794;1.16820;42.70;9.13;28.66;17.11;31.19;-0.199;SOFT_DOWN;-1;-66;-3;1
2026.04.23 09:00;1.17013;1.17020;1.16901;1.16933;41.32;10.54;23.03;30.81;44.16;-0.103;NEUTRE;0;-52.2;-2;1
2026.04.23 08:00;1.17022;1.17050;1.16961;1.17012;41.95;12.16;18.82;45.66;51.19;-0.035;NEUTRE;0;-26.2;-1;1
2026.04.23 07:00;1.17033;1.17117;1.16952;1.17022;45.10;14.03;21.71;56.02;48.63;-0.026;NEUTRE;0;-22.7;0;1
2026.04.23 06:00;1.17066;1.17088;1.17015;1.17033;48.74;16.19;19.18;51.91;38.25;-0.017;NEUTRE;0;-17.7;0;0
2026.04.23 05:00;1.16998;1.17067;1.16993;1.17067;54.94;14.25;22.13;37.95;33.93;0.012;NEUTRE;0;15.1;0;0
2026.04.23 04:00;1.16953;1.17004;1.16949;1.16998;60.06;3.35;25.53;24.88;42.57;-0.047;NEUTRE;0;-52.9;-2;0
2026.04.23 03:00;1.16971;1.17014;1.16946;1.16953;57.48;3.87;29.46;38.97;59.53;-0.085;NEUTRE;0;-72.6;-3;0
2026.04.23 02:00;1.17088;1.17102;1.16956;1.16971;54.51;4.46;31.73;63.85;67.76;-0.070;NEUTRE;0;-75.8;-3;0
2026.04.23 01:00;1.17112;1.17126;1.17075;1.17088;51.30;5.15;24.07;75.79;57.93;0.030;NEUTRE;0;;;0
2026.04.23 00:00;1.17053;1.17134;1.16921;1.17112;49.23;5.94;27.77;63.64;42.99;0.050;NEUTRE;0;;;0
2026.04.22 23:00;1.17060;1.17069;1.17043;1.17053;46.84;6.85;23.23;34.37;28.22;-0.327;SOFT_DOWN;-1;-58;-2;0
2026.04.22 22:00;1.17076;1.17085;1.17050;1.17060;45.67;7.91;22.67;30.97;19.34;-0.321;SOFT_DOWN;-1;-58.7;-2;0
2026.04.22 21:00;1.17050;1.17078;1.17038;1.17076;45.27;6.05;26.15;19.32;9.85;-0.307;SOFT_DOWN;-1;-58.7;-2;0
2026.04.22 20:00;1.17053;1.17076;1.17026;1.17060;42.63;6.21;30.18;7.74;4.75;-0.321;SOFT_DOWN;-1;-61.1;-2;0
2026.04.22 19:00;1.17086;1.17108;1.17046;1.17053;39.05;7.16;28.67;2.51;3.34;-0.327;SOFT_DOWN;-1;-62.7;-2;1
2026.04.22 18:00;1.17100;1.17127;1.17074;1.17086;35.82;8.26;26.13;4.02;3.63;-0.299;SOFT_DOWN;-1;-61.9;-2;1
2026.04.22 17:00;1.17124;1.17166;1.17097;1.17100;33.34;9.53;23.47;3.50;7.86;-0.287;SOFT_DOWN;-1;-62.3;-2;1
2026.04.22 16:00;1.17131;1.17153;1.17097;1.17123;31.97;8.10;27.08;3.36;13.17;-0.267;SOFT_DOWN;-1;-62;-2;1
2026.04.22 15:00;1.17182;1.17237;1.17121;1.17129;28.59;9.35;24.66;16.71;19.95;-0.262;SOFT_DOWN;-1;-63.1;-2;1
2026.04.22 14:00;1.17405;1.17428;1.17180;1.17182;26.07;10.79;20.63;19.46;20.12;-0.217;SOFT_DOWN;-1;-60.2;-2;1
2026.04.22 13:00;1.17273;1.17430;1.17235;1.17405;25.26;12.45;20.39;23.68;23.23;-0.027;NEUTRE;0;-13.2;0;1
2026.04.22 12:00;1.17343;1.17374;1.17245;1.17273;25.42;9.94;23.52;17.23;32.06;-0.140;NEUTRE;0;-52.7;-2;1
2026.04.22 11:00;1.17511;1.17512;1.17316;1.17343;23.09;11.47;18.67;28.79;45.38;-0.080;NEUTRE;0;-39.3;-1;1
2026.04.22 10:00;1.17473;1.17529;1.17434;1.17511;22.97;13.24;12.29;50.16;55.89;0.063;NEUTRE;0;35.4;1;1
2026.04.22 09:00;1.17534;1.17572;1.17461;1.17473;25.93;15.27;9.80;57.20;58.01;0.031;NEUTRE;0;21.2;0;1
2026.04.22 08:00;1.17550;1.17587;1.17471;1.17534;26.56;17.62;9.93;60.30;52.86;0.083;NEUTRE;0;49.5;2;1
2026.04.22 07:00;1.17490;1.17560;1.17457;1.17550;26.35;16.76;11.45;56.53;42.88;0.096;NEUTRE;0;57.1;2;1
2026.04.22 06:00;1.17503;1.17548;1.17444;1.17490;27.51;17.54;13.21;41.76;29.08;0.045;NEUTRE;0;40.2;1;0
2026.04.22 05:00;1.17392;1.17623;1.17387;1.17503;29.58;20.24;15.25;30.36;26.19;0.056;NEUTRE;0;51.6;2;0
2026.04.22 04:00;1.17381;1.17420;1.17380;1.17392;31.96;10.12;17.59;15.11;34.72;-0.038;NEUTRE;0;-46.9;-2;0
2026.04.22 03:00;1.17403;1.17421;1.17373;1.17381;32.73;11.68;20.30;33.11;52.50;-0.048;NEUTRE;0;-61;-2;0
2026.04.22 02:00;1.17443;1.17480;1.17395;1.17403;33.62;13.47;16.37;55.93;63.43;-0.029;NEUTRE;0;-58.5;-2;0
2026.04.22 01:00;1.17435;1.17466;1.17383;1.17443;37.29;13.01;18.89;68.45;64.34;0.005;NEUTRE;0;;;0
2026.04.22 00:00;1.17437;1.17510;1.17428;1.17435;40.20;15.01;13.45;65.90;58.65;-0.002;NEUTRE;0;;;0
2026.04.21 23:00;1.17385;1.17438;1.17370;1.17437;45.54;3.81;15.52;58.68;49.21;-0.340;SOFT_DOWN;-1;-59;-2;0
2026.04.21 22:00;1.17404;1.17435;1.17384;1.17385;43.23;4.40;14.74;51.37;40.89;-0.384;SOFT_DOWN;-1;-63;-2;0
2026.04.21 21:00;1.17452;1.17460;1.17337;1.17405;41.57;5.08;17.01;37.57;34.35;-0.367;SOFT_DOWN;-1;-63.1;-2;0
2026.04.21 20:00;1.17251;1.17532;1.17230;1.17406;39.65;5.86;19.63;33.72;31.83;-0.367;SOFT_DOWN;-1;-64.2;-2;0
2026.04.21 19:00;1.17404;1.17520;1.17186;1.17252;37.44;6.15;22.65;31.75;29.59;-0.497;STRONG_DOWN;-2;-71.3;-3;1
2026.04.21 18:00;1.17425;1.17468;1.17290;1.17403;34.38;7.10;21.34;30.02;23.24;-0.369;SOFT_DOWN;-1;-66.6;-3;1
2026.04.21 17:00;1.17412;1.17634;1.17199;1.17425;31.96;8.19;24.63;26.98;23.01;-0.350;SOFT_DOWN;-1;-66.7;-3;1
2026.04.21 16:00;1.17511;1.17553;1.17401;1.17412;29.17;9.45;21.27;12.71;24.29;-0.362;SOFT_DOWN;-1;-68.6;-3;1
2026.04.21 15:00;1.17521;1.17594;1.17408;1.17511;27.74;10.90;23.84;29.32;37.51;-0.277;SOFT_DOWN;-1;-64.3;-2;1
2026.04.21 14:00;1.17653;1.17756;1.17515;1.17521;26.28;12.58;18.65;30.82;39.40;-0.269;SOFT_DOWN;-1;-65.2;-3;1
2026.04.21 13:00;1.17589;1.17713;1.17575;1.17653;27.33;14.51;17.69;52.38;37.87;-0.157;NEUTRE;0;-53.7;-2;1
2026.04.21 12:00;1.17668;1.17679;1.17538;1.17589;30.01;12.95;20.42;34.98;27.51;-0.211;SOFT_DOWN;-1;-63.2;-2;1
2026.04.21 11:00;1.17607;1.17680;1.17559;1.17668;31.19;14.95;21.27;26.25;21.68;-0.144;NEUTRE;0;-55.9;-2;1
2026.04.21 10:00;1.17593;1.17612;1.17562;1.17607;33.30;8.60;24.54;21.31;20.16;-0.196;SOFT_DOWN;-1;-65.6;-3;1
2026.04.21 09:00;1.17650;1.17650;1.17562;1.17592;31.02;9.92;28.31;17.48;19.79;-0.209;SOFT_DOWN;-1;-69.1;-3;1
2026.04.21 08:00;1.17639;1.17667;1.17566;1.17650;28.40;11.45;31.97;21.69;23.14;-0.160;NEUTRE;0;-66.1;-3;1
2026.04.21 07:00;1.17743;1.17767;1.17631;1.17639;25.49;13.21;26.99;20.19;23.37;-0.169;NEUTRE;0;-69.8;-3;1
2026.04.21 06:00;1.17780;1.17798;1.17717;1.17743;24.14;15.24;21.41;27.55;21.85;-0.081;NEUTRE;0;-56.7;-2;0
2026.04.21 05:00;1.17752;1.17819;1.17748;1.17780;25.27;17.59;18.82;22.37;17.05;-0.049;NEUTRE;0;-47.8;-2;0
2026.04.21 04:00;1.17753;1.17764;1.17737;1.17752;28.64;8.38;21.71;15.62;14.62;-0.073;NEUTRE;0;-64.1;-2;0
2026.04.21 03:00;1.17790;1.17792;1.17729;1.17753;26.23;9.67;25.05;13.16;16.89;-0.072;NEUTRE;0;-69.7;-3;0
2026.04.21 02:00;1.17802;1.17820;1.17767;1.17790;23.45;11.15;19.63;15.08;30.68;-0.041;NEUTRE;0;-66.6;-3;0
2026.04.21 01:00;1.17825;1.17859;1.17792;1.17802;22.82;12.87;15.39;22.42;47.84;-0.031;NEUTRE;0;;;0
2026.04.21 00:00;1.17838;1.17853;1.17804;1.17825;24.96;14.85;15.00;54.52;66.30;-0.011;NEUTRE;0;;;0
2026.04.20 23:00;1.17901;1.17907;1.17829;1.17838;28.72;17.14;9.46;66.57;72.63;0.385;SOFT_UP;1;62.1;2;0
2026.04.20 22:00;1.17853;1.17901;1.17851;1.17901;28.70;19.77;6.58;77.81;74.22;0.439;STRONG_UP;2;66;3;0
2026.04.20 21:00;1.17846;1.17870;1.17832;1.17853;25.41;13.28;7.59;73.50;72.81;0.398;SOFT_UP;1;64.9;2;0
2026.04.20 20:00;1.17857;1.17883;1.17832;1.17868;25.12;15.32;8.76;71.36;74.13;0.411;SOFT_UP;1;66.6;3;0
2026.04.20 19:00;1.17798;1.17885;1.17795;1.17857;24.80;17.67;10.10;73.57;78.25;0.401;SOFT_UP;1;67.2;3;1
2026.04.20 18:00;1.17835;1.17894;1.17784;1.17797;24.42;20.39;11.66;77.46;80.30;0.350;SOFT_UP;1;65.5;3;1
2026.04.20 17:00;1.17854;1.17899;1.17810;1.17835;23.98;23.53;9.81;83.73;79.44;0.382;SOFT_UP;1;68.4;3;1
2026.04.20 16:00;1.17837;1.17878;1.17816;1.17854;21.34;23.52;11.32;79.72;72.63;0.399;SOFT_UP;1;70.4;3;1
2026.04.20 15:00;1.17716;1.17892;1.17680;1.17837;19.24;27.14;13.07;74.85;67.00;0.384;SOFT_UP;1;70.9;3;1
2026.04.20 14:00;1.17748;1.17778;1.17622;1.17717;16.81;23.04;15.08;63.31;65.27;0.282;SOFT_UP;1;66.2;3;1
2026.04.20 13:00;1.17647;1.17813;1.17608;1.17748;16.19;26.59;17.40;62.83;69.91;0.308;SOFT_UP;1;69.5;3;1
2026.04.20 12:00;1.17667;1.17680;1.17555;1.17647;15.46;20.70;20.07;69.67;73.95;0.222;SOFT_UP;1;64.4;2;1
2026.04.20 11:00;1.17704;1.17752;1.17650;1.17667;17.60;23.88;11.47;77.25;70.67;0.239;SOFT_UP;1;67.8;3;1
2026.04.20 10:00;1.17651;1.17710;1.17620;1.17704;14.91;21.22;13.23;74.93;66.40;0.271;SOFT_UP;1;71.9;3;1
2026.04.20 09:00;1.17607;1.17654;1.17549;1.17651;13.64;14.91;15.27;59.84;61.98;0.226;SOFT_UP;1;70.5;3;1
2026.04.20 08:00;1.17590;1.17643;1.17564;1.17607;15.55;17.20;15.42;64.43;67.89;0.188;NEUTRE;0;69.3;3;1
2026.04.20 07:00;1.17646;1.17716;1.17533;1.17590;17.11;19.85;17.79;61.66;72.40;0.174;NEUTRE;0;70.4;3;1
2026.04.20 06:00;1.17530;1.17655;1.17472;1.17646;18.90;17.78;20.53;77.59;81.07;0.221;SOFT_UP;1;76.5;3;0
2026.04.20 05:00;1.17589;1.17606;1.17467;1.17530;20.70;16.39;23.69;77.94;84.76;0.123;NEUTRE;0;70.2;3;0
2026.04.20 04:00;1.17599;1.17619;1.17559;1.17589;21.08;18.92;17.15;87.68;84.21;0.173;NEUTRE;0;78.4;3;0
2026.04.20 03:00;1.17566;1.17622;1.17543;1.17599;23.57;21.83;19.79;88.65;71.42;0.181;NEUTRE;0;81.6;3;0
2026.04.20 02:00;1.17565;1.17614;1.17543;1.17566;26.44;23.63;22.83;76.31;51.19;0.153;NEUTRE;0;83.4;3;0
2026.04.20 01:00;1.17542;1.17596;1.17504;1.17565;30.25;23.36;26.35;49.30;29.40;0.152;NEUTRE;0;;;0
2026.04.20 00:00;1.17386;1.17566;1.17367;1.17542;33.98;21.94;30.40;27.95;15.90;0.133;NEUTRE;0;;;0
2026.04.19 23:00;1.17396;1.17452;1.17361;1.17386;36.72;16.50;35.08;10.95;8.00;0.030;NEUTRE;0;8.4;0;0
2026.04.19 22:00;1.17304;1.17398;1.17286;1.17396;36.83;9.91;40.47;8.78;7.01;0.038;NEUTRE;0;11;0;0
2026.04.19 21:00;1.17351;1.17408;1.17304;1.17304;33.16;11.43;44.23;4.27;7.50;-0.040;NEUTRE;0;-12.1;0;0
2026.04.17 20:00;1.17687;1.17716;1.17602;1.17651;29.20;13.19;37.82;7.98;10.25;-0.132;NEUTRE;0;-36.6;-1;0
2026.04.17 19:00;1.17795;1.17834;1.17667;1.17687;26.26;15.22;34.86;10.26;12.47;-0.102;NEUTRE;0;-31.2;-1;1
2026.04.17 18:00;1.17951;1.17975;1.17740;1.17795;24.26;17.56;33.50;12.51;16.40;-0.010;NEUTRE;0;-3.6;0;1
2026.04.17 17:00;1.17984;1.17984;1.17846;1.17951;23.19;20.26;31.72;14.64;26.43;0.122;NEUTRE;0;39;1;1
2026.04.17 16:00;1.18004;1.18043;1.17915;1.17984;23.37;23.38;28.90;22.05;44.63;0.150;NEUTRE;0;46.6;2;1
2026.04.17 15:00;1.18133;1.18163;1.17994;1.18004;25.34;26.98;23.86;42.62;65.01;0.167;NEUTRE;0;51.4;2;1
2026.04.17 14:00;1.18333;1.18357;1.18129;1.18133;28.30;31.13;15.24;69.24;80.14;0.277;SOFT_UP;1;65.8;3;1
2026.04.17 13:00;1.18349;1.18487;1.18239;1.18333;27.38;35.91;10.16;83.18;83.32;0.446;STRONG_UP;2;75.5;3;1
2026.04.17 12:00;1.17934;1.18371;1.17930;1.18349;22.99;34.24;11.72;88.01;83.54;0.460;STRONG_UP;2;77;3;1
2026.04.17 11:00;1.17941;1.17991;1.17917;1.17933;18.99;26.25;13.52;78.76;82.00;0.107;NEUTRE;0;47.6;2;1
2026.04.17 10:00;1.17931;1.17955;1.17910;1.17941;16.99;22.81;15.60;83.85;79.06;0.114;NEUTRE;0;52.1;2;1
2026.04.17 09:00;1.17936;1.17991;1.17907;1.17931;16.71;26.32;18.01;83.39;68.82;0.105;NEUTRE;0;52.7;2;1
2026.04.17 08:00;1.17819;1.17952;1.17805;1.17936;16.40;23.22;20.78;69.96;58.63;0.110;NEUTRE;0;57.2;2;1
2026.04.17 07:00;1.17746;1.17829;1.17746;1.17819;18.07;13.92;23.97;53.13;59.53;0.010;NEUTRE;0;9.1;0;1
2026.04.17 06:00;1.17802;1.17829;1.17718;1.17746;16.77;16.07;27.66;52.80;61.93;-0.052;NEUTRE;0;-44.3;-1;0
2026.04.17 05:00;1.17822;1.17842;1.17796;1.17802;15.27;18.54;21.10;72.68;57.53;-0.004;NEUTRE;0;-5.2;0;0
2026.04.17 04:00;1.17831;1.17840;1.17812;1.17822;16.62;21.39;19.00;60.30;40.61;0.013;NEUTRE;0;20.1;0;0
2026.04.17 03:00;1.17767;1.17849;1.17751;1.17831;18.27;24.68;21.92;39.60;29.22;0.020;NEUTRE;0;36.9;1;0
2026.04.17 02:00;1.17757;1.17775;1.17727;1.17768;20.17;16.86;25.30;21.93;34.01;-0.033;NEUTRE;0;-61.7;-2;0
2026.04.17 01:00;1.17786;1.17795;1.17742;1.17757;20.19;19.46;24.38;26.14;49.44;-0.042;NEUTRE;0;;;0
2026.04.17 00:00;1.17807;1.17829;1.17767;1.17786;21.57;22.45;20.87;53.97;66.28;-0.018;NEUTRE;0;;;0
2026.04.16 23:00;1.17849;1.17860;1.17805;1.17807;24.33;25.90;14.66;68.22;72.16;-0.218;SOFT_DOWN;-1;-46.9;-2;0
2026.04.16 22:00;1.17802;1.17870;1.17802;1.17849;23.80;29.89;16.91;76.63;72.17;-0.182;NEUTRE;0;-43;-1;0
2026.04.16 21:00;1.17759;1.17810;1.17758;1.17802;23.20;20.91;19.51;71.61;64.33;-0.222;SOFT_DOWN;-1;-50;-2;0
2026.04.16 20:00;1.17808;1.17830;1.17782;1.17823;26.24;24.13;16.83;68.25;54.89;-0.204;SOFT_DOWN;-1;-49;-2;0
2026.04.16 19:00;1.17793;1.17854;1.17793;1.17808;27.54;27.84;15.90;53.11;47.88;-0.217;SOFT_DOWN;-1;-52.2;-2;1
2026.04.16 18:00;1.17732;1.17807;1.17729;1.17793;27.57;20.27;18.34;43.29;44.52;-0.230;SOFT_DOWN;-1;-55.2;-2;1
2026.04.16 17:00;1.17745;1.17751;1.17679;1.17732;31.05;12.34;21.17;47.24;42.90;-0.281;SOFT_DOWN;-1;-61.8;-2;1
2026.04.16 16:00;1.17818;1.17868;1.17685;1.17745;31.77;14.24;23.14;43.04;36.94;-0.270;SOFT_DOWN;-1;-62.3;-2;1
2026.04.16 15:00;1.17712;1.17818;1.17697;1.17818;33.00;12.23;26.70;38.43;34.12;-0.208;SOFT_DOWN;-1;-57.4;-2;1
2026.04.16 14:00;1.17722;1.17818;1.17686;1.17713;32.35;14.11;30.81;29.37;31.91;-0.297;SOFT_DOWN;-1;-67.3;-3;1
2026.04.16 13:00;1.17812;1.17832;1.17668;1.17722;31.61;16.28;35.55;34.57;29.46;-0.290;SOFT_DOWN;-1;-68.3;-3;1
2026.04.16 12:00;1.17837;1.17844;1.17756;1.17812;30.75;18.78;32.76;31.79;24.40;-0.213;SOFT_DOWN;-1;-63.4;-2;1
2026.04.16 11:00;1.17795;1.17884;1.17794;1.17837;31.31;21.67;31.16;22.01;18.16;-0.192;NEUTRE;0;-63;-2;1
2026.04.16 10:00;1.17792;1.17801;1.17721;1.17795;33.36;10.82;35.95;19.39;17.56;-0.228;SOFT_DOWN;-1;-68.7;-3;1
2026.04.16 09:00;1.17859;1.17873;1.17765;1.17792;30.23;12.48;33.02;13.09;17.71;-0.230;SOFT_DOWN;-1;-70.8;-3;1
2026.04.16 08:00;1.17912;1.17936;1.17761;1.17859;27.93;14.40;38.10;20.20;25.15;-0.174;NEUTRE;0;-67.8;-3;1
2026.04.16 07:00;1.18029;1.18045;1.17906;1.17912;25.28;16.62;31.22;19.82;33.31;-0.129;NEUTRE;0;-64.3;-2;1
2026.04.16 06:00;1.18039;1.18066;1.17931;1.18029;24.48;19.17;33.25;35.43;48.54;-0.030;NEUTRE;0;-29.4;-1;0
2026.04.16 05:00;1.18091;1.18096;1.18026;1.18040;24.11;22.12;27.54;44.69;60.09;-0.020;NEUTRE;0;-24.3;0;0
2026.04.16 04:00;1.18126;1.18128;1.18079;1.18091;26.14;25.53;20.13;65.51;72.57;0.023;NEUTRE;0;32.9;1;0
2026.04.16 03:00;1.18168;1.18235;1.18118;1.18126;28.34;29.45;10.98;70.07;76.31;0.053;NEUTRE;0;63.3;2;0
2026.04.16 02:00;1.18022;1.18173;1.18017;1.18168;25.68;25.83;12.67;82.13;82.15;0.088;NEUTRE;0;78.6;3;0
2026.04.16 01:00;1.18071;1.18090;1.17965;1.18022;24.37;21.62;14.62;76.74;78.41;-0.036;NEUTRE;0;;;0
2026.04.16 00:00;1.18064;1.18082;1.18024;1.18071;25.14;24.95;9.61;87.57;72.88;0.006;NEUTRE;0;;;0
2026.04.15 23:00;1.18022;1.18075;1.18022;1.18064;22.18;26.93;11.08;70.91;60.28;0.071;NEUTRE;0;19.2;0;0
2026.04.15 22:00;1.17976;1.18030;1.17976;1.18022;19.18;18.01;12.79;60.17;56.52;0.036;NEUTRE;0;10.4;0;0
2026.04.15 21:00;1.17965;1.18025;1.17960;1.17976;19.53;19.35;14.76;49.75;54.46;-0.003;NEUTRE;0;-0.9;0;0
2026.04.15 20:00;1.17995;1.18006;1.17950;1.17997;20.46;17.83;17.03;59.65;59.30;0.014;NEUTRE;0;4.5;0;0
2026.04.15 19:00;1.18001;1.18046;1.17982;1.17995;23.25;20.58;10.86;53.97;61.45;0.013;NEUTRE;0;4.4;0;1
2026.04.15 18:00;1.17945;1.18016;1.17933;1.18001;22.07;16.53;12.53;64.29;69.41;0.018;NEUTRE;0;6.4;0;1
2026.04.15 17:00;1.18005;1.18017;1.17923;1.17945;23.34;19.08;14.45;66.11;72.60;-0.030;NEUTRE;0;-11.2;0;1
2026.04.15 16:00;1.17977;1.18024;1.17971;1.18005;24.81;22.01;8.82;77.85;75.05;0.021;NEUTRE;0;8.4;0;1
2026.04.15 15:00;1.17963;1.18077;1.17942;1.17977;22.04;25.40;10.18;73.84;68.99;-0.003;NEUTRE;0;-1.3;0;1
2026.04.15 14:00;1.17876;1.17998;1.17841;1.17962;18.85;20.30;11.74;73.45;58.84;-0.015;NEUTRE;0;-6.9;0;1
2026.04.15 13:00;1.17877;1.17972;1.17837;1.17876;17.64;20.88;13.55;59.67;44.42;-0.088;NEUTRE;0;-37.3;-1;1
2026.04.15 12:00;1.17827;1.17924;1.17769;1.17877;17.08;18.62;15.63;43.40;33.45;-0.087;NEUTRE;0;-39.2;-1;1
2026.04.15 11:00;1.17766;1.17843;1.17728;1.17827;18.37;13.44;18.04;30.19;29.35;-0.130;NEUTRE;0;-53.1;-2;1
2026.04.15 10:00;1.17812;1.17863;1.17716;1.17766;18.95;15.51;20.81;26.75;29.65;-0.181;NEUTRE;0;-63.9;-2;1
2026.04.15 09:00;1.17891;1.17911;1.17746;1.17812;19.62;17.90;20.88;31.11;34.28;-0.142;NEUTRE;0;-60.6;-2;1
2026.04.15 08:00;1.17853;1.17950;1.17850;1.17891;21.46;20.65;14.39;31.08;39.69;-0.075;NEUTRE;0;-46.6;-2;1
2026.04.15 07:00;1.17838;1.17902;1.17824;1.17853;22.01;16.45;16.61;40.64;46.13;-0.108;NEUTRE;0;-60.1;-2;1
2026.04.15 06:00;1.17917;1.17990;1.17835;1.17838;25.32;18.98;16.99;47.34;44.11;-0.120;NEUTRE;0;-66.1;-3;0
2026.04.15 05:00;1.17882;1.17980;1.17880;1.17917;28.37;21.90;15.14;50.40;36.94;-0.053;NEUTRE;0;-50.1;-2;0
2026.04.15 04:00;1.17869;1.17893;1.17859;1.17882;29.92;11.88;17.47;34.59;28.56;-0.083;NEUTRE;0;-66.8;-3;0
2026.04.15 03:00;1.17830;1.17890;1.17799;1.17869;31.60;12.35;20.16;25.84;31.96;-0.094;NEUTRE;0;-74.2;-3;0
2026.04.15 02:00;1.17904;1.17906;1.17784;1.17830;32.77;14.25;23.26;25.25;43.10;-0.127;NEUTRE;0;-82;-3;0
2026.04.15 01:00;1.17938;1.17966;1.17894;1.17904;34.11;16.44;12.96;44.78;52.99;-0.064;NEUTRE;0;;;0
2026.04.15 00:00;1.17980;1.17984;1.17890;1.17938;37.54;18.97;14.96;59.26;53.93;-0.036;NEUTRE;0;;;0
2026.04.14 23:00;1.17948;1.18015;1.17940;1.17981;41.50;21.89;9.08;54.93;44.55;0.269;SOFT_UP;1;52.8;2;0
2026.04.14 22:00;1.17909;1.17991;1.17909;1.17948;41.51;20.34;10.47;47.60;35.89;0.241;SOFT_UP;1;51;2;0
2026.04.14 21:00;1.17944;1.17947;1.17881;1.17909;42.97;15.21;12.08;31.12;28.81;0.207;SOFT_UP;1;48;2;0
2026.04.14 20:00;1.17915;1.17954;1.17910;1.17943;47.82;17.55;7.18;28.95;27.95;0.236;SOFT_UP;1;53.1;2;0
2026.04.14 19:00;1.17926;1.17951;1.17902;1.17915;48.73;19.20;8.29;26.35;26.60;0.212;SOFT_UP;1;51.5;2;1
2026.04.14 18:00;1.17953;1.17966;1.17902;1.17926;50.12;22.16;9.56;28.55;32.04;0.222;SOFT_UP;1;54.3;2;1
2026.04.14 17:00;1.17937;1.17992;1.17915;1.17953;51.72;25.56;7.91;24.89;41.29;0.245;SOFT_UP;1;58.4;2;1
2026.04.14 16:00;1.17900;1.17968;1.17879;1.17937;51.56;24.70;9.12;42.67;61.10;0.231;SOFT_UP;1;58.4;2;1
2026.04.14 15:00;1.18084;1.18084;1.17871;1.17900;52.41;28.50;10.53;56.29;73.85;0.200;SOFT_UP;1;56.4;2;1
2026.04.14 14:00;1.17989;1.18108;1.17930;1.18084;53.39;32.89;7.89;84.34;85.00;0.356;SOFT_UP;1;70.8;3;1
2026.04.14 13:00;1.18042;1.18073;1.17931;1.17989;52.16;34.92;9.10;80.93;85.13;0.275;SOFT_UP;1;67.2;3;1
2026.04.14 12:00;1.17995;1.18053;1.17924;1.18042;51.16;38.13;10.50;89.73;84.63;0.320;SOFT_UP;1;71.6;3;1
2026.04.14 11:00;1.17963;1.18059;1.17951;1.17992;50.30;43.99;8.89;84.73;76.92;0.278;SOFT_UP;1;70.7;3;1
2026.04.14 10:00;1.17884;1.17985;1.17879;1.17963;47.82;40.22;10.26;79.44;71.59;0.253;SOFT_UP;1;70.7;3;1
2026.04.14 09:00;1.17823;1.17922;1.17816;1.17884;46.05;37.26;11.84;66.58;68.28;0.186;NEUTRE;0;66.8;3;1
2026.04.14 08:00;1.17796;1.17840;1.17747;1.17823;45.17;31.10;13.66;68.74;73.23;0.134;NEUTRE;0;62.1;2;1
2026.04.14 07:00;1.17777;1.17964;1.17771;1.17797;46.13;35.88;11.79;69.53;75.00;0.112;NEUTRE;0;61;2;1
2026.04.14 06:00;1.17639;1.17780;1.17577;1.17777;45.45;26.73;13.61;81.41;74.83;0.095;NEUTRE;0;60.7;2;0
2026.04.14 05:00;1.17664;1.17693;1.17592;1.17639;47.44;24.25;15.70;74.05;66.84;-0.022;NEUTRE;0;-26.4;-1;0
2026.04.14 04:00;1.17665;1.17696;1.17643;1.17664;51.44;27.98;10.35;69.03;61.98;-0.001;NEUTRE;0;-1.6;0;0
2026.04.14 03:00;1.17604;1.17678;1.17587;1.17665;52.28;27.06;11.94;57.44;64.71;0.000;NEUTRE;0;0;0;0
2026.04.14 02:00;1.17597;1.17619;1.17559;1.17604;54.36;21.25;13.78;59.47;75.78;-0.052;NEUTRE;0;-71.2;-3;0
2026.04.14 01:00;1.17661;1.17675;1.17591;1.17597;59.44;24.52;7.69;77.23;84.29;-0.058;NEUTRE;0;;;0
2026.04.14 00:00;1.17665;1.17677;1.17607;1.17661;60.55;28.30;5.95;90.65;87.07;-0.003;NEUTRE;0;;;0
2026.04.13 23:00;1.17612;1.17665;1.17607;1.17664;59.83;30.01;6.86;85.00;86.03;0.786;EXPLOSIVE_UP;3;75.4;3;0
2026.04.13 22:00;1.17552;1.17648;1.17552;1.17612;59.37;30.12;7.92;85.57;88.83;0.742;EXPLOSIVE_UP;3;75.3;3;0
2026.04.13 21:00;1.17540;1.17592;1.17531;1.17562;59.53;25.78;9.14;87.53;91.56;0.699;STRONG_UP;2;75.1;3;0
2026.04.13 20:00;1.17598;1.17627;1.17564;1.17590;61.35;29.75;2.22;93.40;93.19;0.723;EXPLOSIVE_UP;3;76.2;3;0
2026.04.13 19:00;1.17639;1.17647;1.17536;1.17599;57.54;34.32;2.56;93.74;89.83;0.731;EXPLOSIVE_UP;3;77;3;1
2026.04.13 18:00;1.17332;1.17651;1.17332;1.17641;53.15;39.60;2.96;92.44;84.75;0.767;EXPLOSIVE_UP;3;78.2;3;1
2026.04.13 17:00;1.17247;1.17375;1.17244;1.17331;48.08;32.43;3.41;83.32;78.77;0.501;STRONG_UP;2;73.2;3;1
2026.04.13 16:00;1.17093;1.17312;1.17067;1.17247;43.02;30.02;3.94;78.49;77.56;0.429;STRONG_UP;2;71.7;3;1
2026.04.13 15:00;1.17098;1.17122;1.17022;1.17092;37.82;22.70;4.54;74.49;72.15;0.296;SOFT_UP;1;65.8;3;1
2026.04.13 14:00;1.17051;1.17204;1.17001;1.17099;33.38;26.20;5.24;79.69;66.25;0.302;SOFT_UP;1;67.6;3;1
2026.04.13 13:00;1.16982;1.17118;1.16960;1.17050;28.26;23.71;6.05;62.27;52.63;0.260;SOFT_UP;1;66.1;3;1
2026.04.13 12:00;1.16814;1.16988;1.16803;1.16982;23.47;14.70;6.98;56.79;47.89;0.202;SOFT_UP;1;62.2;2;1
2026.04.13 11:00;1.16932;1.16993;1.16806;1.16814;21.60;16.96;7.80;38.84;46.83;0.058;NEUTRE;0;30.7;1;1
2026.04.13 10:00;1.16859;1.16948;1.16822;1.16932;19.24;15.87;9.00;48.05;52.92;0.159;NEUTRE;0;60.8;2;1
2026.04.13 09:00;1.16857;1.16921;1.16834;1.16859;17.95;15.01;10.38;53.60;60.26;0.097;NEUTRE;0;50.5;2;1
2026.04.13 08:00;1.16969;1.16969;1.16832;1.16857;17.90;17.32;11.98;57.10;64.20;0.095;NEUTRE;0;53.2;2;1
2026.04.13 07:00;1.16852;1.16998;1.16852;1.16969;17.86;19.98;11.58;70.08;73.22;0.191;NEUTRE;0;72;3;1
2026.04.13 06:00;1.16875;1.16945;1.16776;1.16852;16.51;17.47;13.36;65.43;79.41;0.091;NEUTRE;0;59.7;2;0
2026.04.13 05:00;1.16858;1.16888;1.16829;1.16875;16.99;14.97;15.42;84.15;87.83;0.110;NEUTRE;0;68;3;0
2026.04.13 04:00;1.16877;1.16898;1.16854;1.16858;19.38;17.28;11.27;88.64;79.68;0.096;NEUTRE;0;69.7;3;0
2026.04.13 03:00;1.16881;1.16890;1.16855;1.16877;19.13;17.14;13.00;90.70;62.19;0.112;NEUTRE;0;76.6;3;0
2026.04.13 02:00;1.16859;1.16899;1.16848;1.16881;19.96;19.78;15.00;59.70;39.16;0.116;NEUTRE;0;81.3;3;0
2026.04.13 01:00;1.16874;1.16892;1.16802;1.16859;20.92;20.71;17.31;36.17;23.77;0.097;NEUTRE;0;;;0
2026.04.13 00:00;1.16746;1.16873;1.16708;1.16873;22.76;20.64;19.97;21.61;17.37;0.109;NEUTRE;0;;;0
2026.04.12 23:00;1.16720;1.16751;1.16638;1.16746;26.01;12.44;23.05;13.53;19.33;0.097;NEUTRE;0;25.4;1;0
2026.04.12 22:00;1.16708;1.16784;1.16654;1.16720;25.41;14.36;24.41;16.99;34.20;0.075;NEUTRE;0;21;0;0
2026.04.12 21:00;1.16633;1.16805;1.16629;1.16710;25.33;16.57;28.17;27.46;46.38;0.066;NEUTRE;0;19.5;0;0
2026.04.10 20:00;1.17270;1.17306;1.17204;1.17242;25.24;19.12;18.07;58.15;53.02;0.282;SOFT_UP;1;57.8;2;0
2026.04.10 19:00;1.17312;1.17323;1.17268;1.17270;28.69;22.06;11.20;53.54;46.70;0.306;SOFT_UP;1;61.1;2;1
2026.04.10 18:00;1.17230;1.17350;1.17184;1.17312;28.08;25.45;12.92;47.37;45.40;0.342;SOFT_UP;1;65;2;1
2026.04.10 17:00;1.17201;1.17257;1.17185;1.17230;27.38;20.75;14.91;39.21;52.68;0.272;SOFT_UP;1;61;2;1
2026.04.10 16:00;1.17219;1.17251;1.17132;1.17201;29.07;22.66;17.21;49.62;67.23;0.247;SOFT_UP;1;60.1;2;1
2026.04.10 15:00;1.17273;1.17391;1.17214;1.17221;31.44;26.15;9.25;69.22;80.04;0.264;SOFT_UP;1;63.2;2;1
2026.04.10 14:00;1.17272;1.17380;1.17197;1.17275;28.94;29.21;10.68;82.86;87.01;0.310;SOFT_UP;1;68.2;3;1
2026.04.10 13:00;1.17205;1.17345;1.17183;1.17274;26.24;30.76;12.32;88.03;90.22;0.310;SOFT_UP;1;69.6;3;1
2026.04.10 12:00;1.17137;1.17253;1.17092;1.17205;23.69;26.76;14.21;90.15;88.94;0.251;SOFT_UP;1;67;3;1
2026.04.10 11:00;1.17125;1.17184;1.17104;1.17136;22.62;24.28;16.40;92.49;78.75;0.192;NEUTRE;0;63;2;1
2026.04.10 10:00;1.17099;1.17155;1.17055;1.17125;23.12;22.44;18.92;84.19;54.75;0.182;NEUTRE;0;64;2;1
2026.04.10 09:00;1.16856;1.17106;1.16845;1.17099;25.37;18.36;21.83;59.57;31.26;0.160;NEUTRE;0;63.5;2;1
2026.04.10 08:00;1.16794;1.16894;1.16771;1.16856;27.94;8.68;25.19;20.47;22.17;-0.048;NEUTRE;0;-34.1;-1;1
2026.04.10 07:00;1.16838;1.16894;1.16786;1.16793;24.74;10.02;27.19;13.74;36.06;-0.102;NEUTRE;0;-58.7;-2;1
2026.04.10 06:00;1.16897;1.16933;1.16826;1.16838;21.45;11.56;25.68;32.30;50.09;-0.063;NEUTRE;0;-49.8;-2;0
2026.04.10 05:00;1.16916;1.16924;1.16872;1.16897;18.91;13.34;23.01;62.12;55.77;-0.013;NEUTRE;0;-16.3;0;0
2026.04.10 04:00;1.16954;1.16963;1.16907;1.16916;17.73;15.39;16.20;55.84;44.54;0.003;NEUTRE;0;4.8;0;0
2026.04.10 03:00;1.16906;1.16964;1.16895;1.16954;20.06;17.76;18.69;49.34;32.60;0.036;NEUTRE;0;53.5;2;0
2026.04.10 02:00;1.16920;1.16938;1.16864;1.16906;22.76;14.70;21.57;28.43;19.33;-0.005;NEUTRE;0;-15.7;0;0
2026.04.10 01:00;1.16876;1.16943;1.16858;1.16919;23.34;16.96;24.89;20.04;14.40;0.006;NEUTRE;0;;;0
2026.04.10 00:00;1.16912;1.16913;1.16852;1.16876;24.02;14.14;28.71;9.53;12.34;-0.031;NEUTRE;0;;;0
2026.04.09 23:00;1.16938;1.16958;1.16898;1.16912;22.48;16.31;21.53;13.64;19.62;0.278;SOFT_UP;1;53.7;2;0
2026.04.09 22:00;1.17017;1.17022;1.16922;1.16939;23.82;18.82;18.69;13.85;28.80;0.301;SOFT_UP;1;57;2;0
2026.04.09 21:00;1.16979;1.17013;1.16950;1.17013;27.43;21.71;17.26;31.38;44.46;0.365;SOFT_UP;1;63;2;0
2026.04.09 20:00;1.17003;1.17004;1.16950;1.16979;29.88;22.86;19.91;41.17;58.42;0.335;SOFT_UP;1;62.1;2;0
2026.04.09 19:00;1.16989;1.17082;1.16977;1.17002;33.42;26.37;15.28;60.83;74.24;0.355;SOFT_UP;1;64.6;2;1
2026.04.09 18:00;1.17139;1.17145;1.16970;1.16989;34.47;30.43;17.63;73.27;82.23;0.344;SOFT_UP;1;65.1;3;1
2026.04.09 17:00;1.17103;1.17232;1.17097;1.17139;35.67;35.11;9.18;88.63;81.62;0.473;STRONG_UP;2;72.3;3;1
2026.04.09 16:00;1.17051;1.17137;1.17019;1.17103;32.15;29.69;10.59;84.79;74.12;0.442;STRONG_UP;2;72.2;3;1
2026.04.09 15:00;1.16844;1.17068;1.16773;1.17051;29.81;25.26;12.22;71.43;72.42;0.397;SOFT_UP;1;71.5;3;1
2026.04.09 14:00;1.16815;1.16879;1.16739;1.16844;29.04;19.29;14.10;66.15;76.97;0.220;SOFT_UP;1;60.5;2;1
2026.04.09 13:00;1.16858;1.16950;1.16808;1.16815;31.12;22.26;8.69;79.67;82.76;0.195;SOFT_UP;1;59.4;2;1
2026.04.09 12:00;1.16880;1.16899;1.16788;1.16858;29.16;20.16;10.03;85.09;82.20;0.232;SOFT_UP;1;65.3;3;1
2026.04.09 11:00;1.16709;1.16891;1.16692;1.16881;28.48;22.15;11.57;83.51;78.94;0.251;SOFT_UP;1;68.7;3;1
2026.04.09 10:00;1.16743;1.16792;1.16709;1.16709;28.03;17.90;13.35;78.00;73.68;0.104;NEUTRE;0;49.5;2;1
2026.04.09 09:00;1.16717;1.16789;1.16681;1.16743;30.10;20.10;15.40;75.32;65.66;0.133;NEUTRE;0;59;2;1
2026.04.09 08:00;1.16626;1.16745;1.16593;1.16718;32.70;16.92;17.77;67.71;61.52;0.112;NEUTRE;0;57.6;2;1
2026.04.09 07:00;1.16641;1.16690;1.16551;1.16626;37.35;13.96;20.50;53.96;60.92;0.033;NEUTRE;0;28;1;1
2026.04.09 06:00;1.16605;1.16640;1.16539;1.16640;40.18;10.57;23.66;62.89;69.00;0.045;NEUTRE;0;40.2;1;0
2026.04.09 05:00;1.16661;1.16674;1.16589;1.16605;40.48;12.20;19.68;65.92;72.91;0.015;NEUTRE;0;18.7;0;0
2026.04.09 04:00;1.16620;1.16707;1.16615;1.16660;43.10;14.08;18.00;78.18;70.96;0.062;NEUTRE;0;60.2;2;0
2026.04.09 03:00;1.16650;1.16665;1.16602;1.16620;47.85;9.22;20.77;74.61;62.11;0.027;NEUTRE;0;45.4;2;0
2026.04.09 02:00;1.16615;1.16670;1.16589;1.16650;49.29;10.64;23.97;60.08;53.33;0.053;NEUTRE;0;71.5;3;0
2026.04.09 01:00;1.16568;1.16632;1.16500;1.16615;50.94;5.06;27.66;51.64;51.10;0.023;NEUTRE;0;;;0
2026.04.09 00:00;1.16588;1.16607;1.16526;1.16568;48.15;5.84;28.88;48.25;50.23;-0.017;NEUTRE;0;;;0
2026.04.08 23:00;1.16619;1.16630;1.16572;1.16588;45.35;6.74;24.59;53.41;49.92;-0.233;SOFT_DOWN;-1;-48.8;-2;0
2026.04.08 22:00;1.16650;1.16673;1.16597;1.16619;43.56;7.77;21.74;49.03;41.96;-0.206;SOFT_DOWN;-1;-46.5;-2;0
2026.04.08 21:00;1.16560;1.16666;1.16560;1.16650;42.98;7.55;25.08;47.32;32.06;-0.180;NEUTRE;0;-44;-1;0
2026.04.08 20:00;1.16675;1.16691;1.16601;1.16631;41.33;8.71;22.99;29.53;18.71;-0.196;SOFT_DOWN;-1;-47.8;-2;0
2026.04.08 19:00;1.16498;1.16701;1.16431;1.16675;40.75;10.05;26.53;19.32;11.96;-0.158;NEUTRE;0;-43.1;-1;1
2026.04.08 18:00;1.16745;1.16798;1.16496;1.16500;40.09;11.60;26.91;7.28;11.62;-0.308;SOFT_DOWN;-1;-62.6;-2;1
2026.04.08 17:00;1.16814;1.16850;1.16685;1.16745;40.15;13.38;21.42;9.27;18.54;-0.098;NEUTRE;0;-33;-1;1
2026.04.08 16:00;1.16859;1.16883;1.16768;1.16814;42.77;15.44;16.98;18.30;34.49;-0.039;NEUTRE;0;-15.4;0;1
2026.04.08 15:00;1.16938;1.16961;1.16840;1.16859;48.62;17.82;9.96;28.06;51.40;-0.001;NEUTRE;0;-0.4;0;1
2026.04.08 14:00;1.16939;1.17031;1.16891;1.16938;51.75;20.56;5.00;57.09;67.08;0.067;NEUTRE;0;28.3;1;1
2026.04.08 13:00;1.17137;1.17214;1.16867;1.16940;50.35;23.72;5.77;69.04;65.52;0.068;NEUTRE;0;30.5;1;1
2026.04.08 12:00;1.16998;1.17177;1.16880;1.17137;48.73;25.73;6.66;75.12;54.95;0.237;SOFT_UP;1;65.8;3;1
2026.04.08 11:00;1.16899;1.17100;1.16850;1.16997;47.17;25.70;7.69;52.41;44.27;0.117;NEUTRE;0;50.2;2;1
2026.04.08 10:00;1.16790;1.16922;1.16772;1.16899;46.13;18.70;8.87;37.32;46.04;0.033;NEUTRE;0;20.4;0;1
2026.04.08 09:00;1.16809;1.16892;1.16776;1.16793;47.74;18.50;10.23;43.07;55.82;-0.057;NEUTRE;0;-35.5;-1;1
2026.04.08 08:00;1.16953;1.16988;1.16686;1.16809;50.66;21.35;11.81;57.74;60.41;-0.044;NEUTRE;0;-31.8;-1;1
2026.04.08 07:00;1.16959;1.16996;1.16786;1.16953;54.02;24.63;8.53;66.67;54.86;0.080;NEUTRE;0;52.2;2;1
2026.04.08 06:00;1.16911;1.17079;1.16842;1.16960;54.86;28.42;5.74;56.81;52.51;0.086;NEUTRE;0;58.2;2;0
2026.04.08 05:00;1.16760;1.17083;1.16719;1.16911;53.09;32.80;6.62;41.10;57.44;0.044;NEUTRE;0;44.8;1;0
2026.04.08 04:00;1.16702;1.16808;1.16702;1.16760;51.04;26.22;7.64;59.62;69.85;-0.086;NEUTRE;0;-67.6;-3;0
2026.04.08 03:00;1.16734;1.16755;1.16658;1.16702;50.46;22.56;8.82;71.60;78.22;-0.135;NEUTRE;0;-78.8;-3;0
2026.04.08 02:00;1.16751;1.16819;1.16684;1.16733;51.48;26.03;6.05;78.31;84.47;-0.109;NEUTRE;0;-80.8;-3;0
2026.04.08 01:00;1.16714;1.16880;1.16707;1.16751;49.83;30.04;4.36;84.75;89.81;-0.093;NEUTRE;0;;;0
2026.04.08 00:00;1.16860;1.16966;1.16656;1.16714;46.01;34.66;5.03;90.35;91.44;-0.125;NEUTRE;0;;;0
2026.04.07 23:00;1.16677;1.16900;1.16611;1.16860;41.60;36.71;5.81;94.34;87.89;1.261;EXPLOSIVE_UP;3;80.8;3;0
2026.04.07 22:00;1.15964;1.16694;1.15890;1.16674;36.82;31.40;6.70;89.64;81.92;1.100;EXPLOSIVE_UP;3;79.9;3;0
2026.04.07 21:00;1.15930;1.15996;1.15916;1.15964;32.52;22.87;7.73;79.70;77.18;0.484;STRONG_UP;2;68.9;3;0
2026.04.07 20:00;1.15947;1.16048;1.15921;1.15970;29.91;26.39;7.96;76.43;72.97;0.490;STRONG_UP;2;70.1;3;0
2026.04.07 19:00;1.15744;1.16015;1.15727;1.15947;26.26;26.45;9.19;75.42;69.77;0.470;STRONG_UP;2;70.3;3;1
2026.04.07 18:00;1.15772;1.15828;1.15711;1.15744;22.85;20.53;10.60;67.07;66.20;0.294;SOFT_UP;1;61.5;2;1
2026.04.07 17:00;1.15711;1.15792;1.15661;1.15772;21.45;18.96;12.23;66.81;65.53;0.318;SOFT_UP;1;64.6;2;1
2026.04.07 16:00;1.15707;1.15792;1.15693;1.15711;21.44;21.87;10.35;64.73;63.90;0.265;SOFT_UP;1;61.8;2;1
2026.04.07 15:00;1.15715;1.15784;1.15656;1.15707;19.24;24.00;11.95;65.05;61.79;0.262;SOFT_UP;1;63.1;2;1
2026.04.07 14:00;1.15633;1.15833;1.15582;1.15717;17.04;27.69;13.79;61.92;58.46;0.270;SOFT_UP;1;65.3;3;1
2026.04.07 13:00;1.15602;1.15647;1.15556;1.15633;14.50;20.55;15.91;58.41;58.15;0.198;SOFT_UP;1;59.8;2;1
2026.04.07 12:00;1.15597;1.15694;1.15535;1.15602;14.77;23.71;18.35;55.06;63.03;0.171;NEUTRE;0;58.1;2;1
2026.04.07 11:00;1.15540;1.15617;1.15477;1.15597;15.09;19.90;21.18;60.99;72.45;0.166;NEUTRE;0;59.5;2;1
2026.04.07 10:00;1.15625;1.15634;1.15455;1.15540;16.93;22.97;24.44;73.04;83.03;0.117;NEUTRE;0;52.8;2;1
2026.04.07 09:00;1.15733;1.15751;1.15619;1.15625;19.06;26.50;14.10;83.33;86.58;0.191;NEUTRE;0;67.3;3;1
2026.04.07 08:00;1.15425;1.15753;1.15416;1.15733;17.30;30.58;16.27;92.73;85.52;0.284;SOFT_UP;1;76;3;1
2026.04.07 07:00;1.15443;1.15457;1.15364;1.15425;15.26;21.77;18.77;83.67;75.97;0.017;NEUTRE;0;15.3;0;1
2026.04.07 06:00;1.15352;1.15452;1.15322;1.15443;16.47;24.29;21.66;80.18;63.96;0.033;NEUTRE;0;31.8;1;0
2026.04.07 05:00;1.15380;1.15394;1.15299;1.15351;18.12;21.16;24.99;64.08;46.97;-0.047;NEUTRE;0;-46.6;-2;0
2026.04.07 04:00;1.15341;1.15385;1.15326;1.15380;19.63;24.42;24.46;47.62;31.27;-0.022;NEUTRE;0;-31.8;-1;0
2026.04.07 03:00;1.15296;1.15344;1.15285;1.15341;22.64;17.49;28.23;29.20;20.55;-0.055;NEUTRE;0;-64.2;-2;0
2026.04.07 02:00;1.15298;1.15317;1.15239;1.15296;22.51;13.14;32.57;17.00;18.52;-0.094;NEUTRE;0;-79.3;-3;0
2026.04.07 01:00;1.15372;1.15399;1.15271;1.15298;19.43;15.16;31.27;15.46;25.66;-0.093;NEUTRE;0;;;0
2026.04.07 00:00;1.15405;1.15436;1.15362;1.15372;17.08;17.49;25.14;23.10;34.74;-0.029;NEUTRE;0;;;0
2026.04.06 23:00;1.15423;1.15430;1.15385;1.15405;16.94;20.18;24.23;38.41;42.78;0.271;SOFT_UP;1;53;2;0
2026.04.06 22:00;1.15429;1.15475;1.15419;1.15423;18.15;23.28;16.33;42.72;42.79;0.287;SOFT_UP;1;55.8;2;0
2026.04.06 21:00;1.15378;1.15438;1.15378;1.15430;18.24;16.70;18.85;47.21;38.41;0.293;SOFT_UP;1;57.5;2;0
2026.04.06 20:00;1.15425;1.15443;1.15406;1.15421;20.12;19.27;14.57;38.44;31.22;0.285;SOFT_UP;1;58.1;2;0
2026.04.06 19:00;1.15454;1.15465;1.15404;1.15425;21.07;22.23;16.81;29.58;26.20;0.288;SOFT_UP;1;59.7;2;1
2026.04.06 18:00;1.15411;1.15523;1.15393;1.15454;22.18;25.65;19.40;25.63;23.83;0.314;SOFT_UP;1;63;2;1
2026.04.06 17:00;1.15447;1.15487;1.15338;1.15411;23.45;25.34;22.38;23.40;28.41;0.276;SOFT_UP;1;61.3;2;1
2026.04.06 16:00;1.15440;1.15479;1.15421;1.15447;26.10;29.24;17.25;22.45;37.11;0.308;SOFT_UP;1;65.2;3;1
2026.04.06 15:00;1.15427;1.15441;1.15352;1.15440;26.15;23.66;19.91;39.38;49.56;0.301;SOFT_UP;1;66.1;3;1
2026.04.06 14:00;1.15598;1.15712;1.15421;1.15427;28.85;27.30;11.04;49.49;53.52;0.290;SOFT_UP;1;66.8;3;1
2026.04.06 13:00;1.15530;1.15609;1.15491;1.15598;26.77;26.05;12.74;59.82;55.19;0.439;STRONG_UP;2;75.3;3;1
2026.04.06 12:00;1.15454;1.15543;1.15423;1.15530;25.61;21.46;14.70;51.24;56.40;0.380;SOFT_UP;1;74.3;3;1
2026.04.06 11:00;1.15478;1.15496;1.15399;1.15454;26.67;18.73;16.96;54.51;64.52;0.314;SOFT_UP;1;72.7;3;1
2026.04.06 10:00;1.15501;1.15540;1.15372;1.15477;30.01;21.61;19.57;63.44;74.04;0.334;SOFT_UP;1;75.1;3;1
2026.04.06 09:00;1.15549;1.15601;1.15469;1.15500;33.86;24.94;13.70;75.62;82.00;0.354;SOFT_UP;1;77.3;3;1
2026.04.06 08:00;1.15639;1.15682;1.15535;1.15550;34.60;28.77;8.11;83.04;84.30;0.397;SOFT_UP;1;79.9;3;1
2026.04.06 07:00;1.15327;1.15684;1.15253;1.15640;31.31;33.20;9.36;87.33;80.94;0.475;STRONG_UP;2;82.5;3;1
2026.04.06 06:00;1.15250;1.15374;1.15217;1.15327;27.50;27.24;10.80;82.51;74.36;0.203;SOFT_UP;1;75.3;3;0
2026.04.06 05:00;1.15240;1.15293;1.15227;1.15250;25.09;23.50;12.46;72.98;62.44;0.136;NEUTRE;0;71.9;3;0
2026.04.06 04:00;1.15187;1.15247;1.15182;1.15240;24.23;16.39;14.38;67.59;50.17;0.128;NEUTRE;0;74.5;3;0
2026.04.06 03:00;1.15203;1.15227;1.15168;1.15187;26.95;14.18;16.59;46.74;34.15;0.082;NEUTRE;0;72;3;0
2026.04.06 02:00;1.15065;1.15284;1.15065;1.15203;29.89;16.36;19.15;36.17;28.12;0.096;NEUTRE;0;79.5;3;0
2026.04.06 01:00;1.15115;1.15141;1.15060;1.15065;33.28;8.83;22.09;19.53;28.31;-0.024;NEUTRE;0;;;0
2026.04.06 00:00;1.15093;1.15180;1.15090;1.15115;31.80;10.19;19.79;28.65;33.63;0.019;NEUTRE;0;;;0
2026.04.05 23:00;1.15146;1.15167;1.15081;1.15094;31.76;9.53;22.84;36.77;32.54;-0.104;NEUTRE;0;-27;-1;0
2026.04.05 22:00;1.15206;1.15211;1.15047;1.15146;30.33;11.00;26.35;35.48;22.18;-0.059;NEUTRE;0;-16.8;0;0
2026.04.05 21:00;1.15214;1.15230;1.15194;1.15206;28.67;12.69;16.62;25.37;12.00;-0.007;NEUTRE;0;-2.2;0;0
2026.04.03 20:00;1.15142;1.15296;1.15095;1.15116;31.02;14.65;19.17;5.67;5.37;-0.256;SOFT_DOWN;-1;-55.3;-2;0
2026.04.03 19:00;1.15143;1.15156;1.15138;1.15142;33.73;6.18;22.12;4.96;6.90;-0.233;SOFT_DOWN;-1;-54.1;-2;1
2026.04.03 18:00;1.15199;1.15211;1.15137;1.15143;30.26;7.13;25.53;5.48;8.97;-0.232;SOFT_DOWN;-1;-55.4;-2;1
2026.04.03 17:00;1.15186;1.15215;1.15182;1.15199;26.25;8.23;20.10;10.26;16.44;-0.184;NEUTRE;0;-50.6;-2;1
2026.04.03 16:00;1.15219;1.15221;1.15185;1.15187;23.84;9.50;21.79;11.17;25.19;-0.194;NEUTRE;0;-53.8;-2;1
2026.04.03 15:00;1.15208;1.15275;1.15196;1.15218;21.47;10.96;20.44;27.89;37.83;-0.167;NEUTRE;0;-51.4;-2;1
2026.04.03 14:00;1.15345;1.15362;1.15205;1.15208;20.12;12.65;21.84;36.50;45.59;-0.176;NEUTRE;0;-54.8;-2;1
2026.04.03 13:00;1.15307;1.15383;1.15277;1.15345;19.12;14.59;18.14;49.11;56.83;-0.057;NEUTRE;0;-26.3;-1;1
2026.04.03 12:00;1.15440;1.15457;1.15171;1.15306;20.39;16.84;20.93;51.18;66.32;-0.091;NEUTRE;0;-40.5;-1;1
2026.04.03 11:00;1.15448;1.15464;1.15406;1.15440;21.86;19.43;11.51;70.20;75.90;0.025;NEUTRE;0;14.4;0;1
2026.04.03 10:00;1.15428;1.15487;1.15416;1.15446;21.29;22.41;10.63;77.59;79.98;0.030;NEUTRE;0;18.7;0;1
2026.04.03 09:00;1.15427;1.15452;1.15403;1.15428;19.07;18.28;12.26;79.92;81.96;0.015;NEUTRE;0;10.6;0;1
2026.04.03 08:00;1.15425;1.15450;1.15398;1.15427;18.98;20.46;14.15;82.42;75.13;0.014;NEUTRE;0;11.2;0;1
2026.04.03 07:00;1.15393;1.15461;1.15392;1.15425;19.09;23.61;16.32;83.55;61.03;0.012;NEUTRE;0;10.9;0;1
2026.04.03 06:00;1.15377;1.15403;1.15347;1.15393;19.22;14.31;18.84;59.43;41.68;-0.016;NEUTRE;0;-16.7;0;0
2026.04.03 05:00;1.15335;1.15378;1.15290;1.15377;20.08;9.64;21.73;40.11;31.62;-0.029;NEUTRE;0;-33.2;-1;0
2026.04.03 04:00;1.15360;1.15360;1.15335;1.15335;17.24;11.13;17.21;25.51;29.72;-0.066;NEUTRE;0;-61.7;-2;0
2026.04.03 03:00;1.15357;1.15372;1.15339;1.15360;16.59;12.84;17.40;29.25;38.01;-0.044;NEUTRE;0;-58.8;-2;0
2026.04.03 02:00;1.15347;1.15380;1.15317;1.15357;16.82;14.81;20.07;34.41;50.13;-0.047;NEUTRE;0;-69.3;-3;0
2026.04.03 01:00;1.15378;1.15395;1.15335;1.15347;17.09;17.09;18.77;50.38;61.07;-0.055;NEUTRE;0;;;0
2026.04.03 00:00;1.15411;1.15449;1.15378;1.15378;19.00;19.72;10.63;65.61;61.94;-0.029;NEUTRE;0;;;0
2026.04.02 23:00;1.15397;1.15427;1.15392;1.15412;17.32;17.99;12.26;67.22;50.02;-0.416;SOFT_DOWN;-1;-63.9;-2;0
2026.04.02 22:00;1.15411;1.15411;1.15370;1.15397;17.07;13.73;14.15;52.99;34.95;-0.429;STRONG_DOWN;-2;-65.5;-3;0
2026.04.02 21:00;1.15313;1.15419;1.15313;1.15411;19.46;15.84;16.33;29.85;26.12;-0.417;STRONG_DOWN;-2;-65.9;-3;0
2026.04.02 20:00;1.15343;1.15392;1.15318;1.15384;22.22;14.35;18.84;22.00;28.91;-0.440;STRONG_DOWN;-2;-68;-3;0
2026.04.02 19:00;1.15359;1.15434;1.15331;1.15343;23.56;16.56;19.03;26.52;38.85;-0.475;STRONG_DOWN;-2;-70.5;-3;1
2026.04.02 18:00;1.15372;1.15397;1.15327;1.15358;26.11;13.58;21.96;38.22;51.33;-0.462;STRONG_DOWN;-2;-70.9;-3;1
2026.04.02 17:00;1.15389;1.15489;1.15360;1.15372;26.50;15.67;18.09;51.82;63.63;-0.450;STRONG_DOWN;-2;-71.5;-3;1
2026.04.02 16:00;1.15448;1.15477;1.15386;1.15389;29.48;18.09;17.77;63.94;71.57;-0.436;STRONG_DOWN;-2;-72;-3;1
2026.04.02 15:00;1.15509;1.15583;1.15412;1.15448;33.88;20.87;16.11;75.11;69.60;-0.385;SOFT_DOWN;-1;-70.9;-3;1
2026.04.02 14:00;1.15309;1.15637;1.15264;1.15509;37.12;24.08;18.59;75.67;54.61;-0.332;SOFT_DOWN;-1;-69.5;-3;1
2026.04.02 13:00;1.15242;1.15323;1.15199;1.15309;40.85;14.83;21.45;58.02;37.99;-0.505;STRONG_DOWN;-2;-77.1;-3;1
2026.04.02 12:00;1.15176;1.15311;1.15166;1.15242;44.32;15.63;24.75;30.16;28.27;-0.563;STRONG_DOWN;-2;-79.3;-3;1
2026.04.02 11:00;1.15119;1.15191;1.15089;1.15172;47.67;5.30;28.55;25.79;33.42;-0.623;STRONG_DOWN;-2;-81.1;-3;1
2026.04.02 10:00;1.15259;1.15266;1.15108;1.15119;44.43;6.11;30.08;28.85;39.55;-0.669;STRONG_DOWN;-2;-82.4;-3;1
2026.04.02 09:00;1.15251;1.15316;1.15214;1.15259;41.08;7.05;24.39;45.62;37.66;-0.548;STRONG_DOWN;-2;-81.7;-3;1
2026.04.02 08:00;1.15321;1.15355;1.15240;1.15251;38.92;8.14;24.22;44.18;26.55;-0.555;STRONG_DOWN;-2;-82.7;-3;1
2026.04.02 07:00;1.15340;1.15375;1.15184;1.15322;37.26;9.39;27.94;23.17;12.93;-0.494;STRONG_DOWN;-2;-82.8;-3;1
2026.04.02 06:00;1.15250;1.15352;1.15149;1.15341;35.35;8.98;32.24;12.29;6.81;-0.477;STRONG_DOWN;-2;-83.6;-3;0
2026.04.02 05:00;1.15366;1.15387;1.15245;1.15250;32.11;10.36;29.93;3.33;4.84;-0.556;STRONG_DOWN;-2;-85.4;-3;0
2026.04.02 04:00;1.15394;1.15417;1.15318;1.15366;29.58;11.96;26.62;4.82;9.20;-0.456;STRONG_DOWN;-2;-85.5;-3;0
2026.04.02 03:00;1.15464;1.15487;1.15373;1.15394;28.28;13.80;22.17;6.38;19.37;-0.431;STRONG_DOWN;-2;-86.5;-3;0
2026.04.02 02:00;1.15522;1.15600;1.15436;1.15465;29.05;15.92;17.08;16.41;43.67;-0.370;SOFT_DOWN;-1;-87.3;-3;0
2026.04.02 01:00;1.15952;1.16053;1.15452;1.15523;32.98;18.37;18.21;35.34;54.94;-0.320;SOFT_DOWN;-1;;;0
2026.04.02 00:00;1.15894;1.15976;1.15866;1.15953;37.98;21.20;10.41;79.26;55.58;0.051;NEUTRE;0;;;0
2026.04.01 23:00;1.15908;1.15943;1.15886;1.15894;38.57;19.84;12.01;50.24;37.13;0.137;NEUTRE;0;33.9;1;0
2026.04.01 22:00;1.15899;1.15940;1.15893;1.15907;40.72;22.90;11.97;37.24;25.49;0.149;NEUTRE;0;37.3;1;0
2026.04.01 21:00;1.15829;1.15909;1.15829;1.15899;42.17;16.27;13.81;23.90;15.46;0.142;NEUTRE;0;37.3;1;0
2026.04.01 20:00;1.15835;1.15916;1.15834;1.15893;47.40;18.77;14.97;15.33;15.32;0.137;NEUTRE;0;37.7;1;0
2026.04.01 19:00;1.15787;1.15868;1.15760;1.15835;52.95;12.66;17.28;7.15;25.36;0.086;NEUTRE;0;27;1;1
2026.04.01 18:00;1.15937;1.15941;1.15767;1.15786;58.73;14.60;18.94;23.48;47.72;0.044;NEUTRE;0;15.4;0;1
2026.04.01 17:00;1.16188;1.16232;1.15935;1.15937;65.77;16.85;7.00;45.45;64.24;0.175;NEUTRE;0;49.2;2;1
2026.04.01 16:00;1.16134;1.16189;1.16042;1.16188;69.53;19.44;2.53;74.23;72.86;0.391;SOFT_UP;1;70;3;1
2026.04.01 15:00;1.16223;1.16268;1.16048;1.16134;68.39;22.43;2.29;73.04;72.25;0.345;SOFT_UP;1;68.9;3;1
2026.04.01 14:00;1.16095;1.16266;1.16044;1.16222;66.38;25.75;2.64;71.32;72.64;0.421;STRONG_UP;2;73.6;3;1
2026.04.01 13:00;1.16043;1.16235;1.15983;1.16117;64.07;27.56;3.05;72.39;74.70;0.330;SOFT_UP;1;70.7;3;1
2026.04.01 12:00;1.16072;1.16231;1.15935;1.16042;61.60;31.55;3.52;74.22;74.83;0.265;SOFT_UP;1;68.1;3;1
2026.04.01 11:00;1.15993;1.16097;1.15976;1.16072;58.78;29.44;4.06;77.51;72.43;0.291;SOFT_UP;1;71.5;3;1
2026.04.01 10:00;1.15950;1.16032;1.15931;1.15993;56.17;25.71;4.68;72.78;71.28;0.223;SOFT_UP;1;68.3;3;1
2026.04.01 09:00;1.15962;1.16023;1.15805;1.15950;54.17;28.29;5.40;67.00;70.89;0.186;NEUTRE;0;66.8;3;1
2026.04.01 08:00;1.15818;1.16103;1.15772;1.15962;52.05;32.65;6.24;74.06;71.86;0.196;SOFT_UP;1;70.1;3;1
2026.04.01 07:00;1.15909;1.15984;1.15768;1.15818;49.61;32.14;7.20;71.62;61.18;0.072;NEUTRE;0;49.2;2;1
2026.04.01 06:00;1.15676;1.15925;1.15617;1.15909;47.49;32.88;8.30;69.91;51.90;0.150;NEUTRE;0;70.5;3;0
2026.04.01 05:00;1.15650;1.15761;1.15645;1.15674;45.61;29.75;9.58;41.99;42.56;-0.053;NEUTRE;0;-50.1;-2;0
2026.04.01 04:00;1.15605;1.15661;1.15591;1.15650;44.74;21.06;11.05;43.78;48.99;-0.073;NEUTRE;0;-64.1;-2;0
2026.04.01 03:00;1.15684;1.15684;1.15588;1.15605;46.83;24.30;12.75;41.90;59.60;-0.112;NEUTRE;0;-76.6;-3;0
2026.04.01 02:00;1.15614;1.15708;1.15602;1.15684;49.24;28.04;12.47;61.27;75.24;-0.044;NEUTRE;0;-68;-3;0
2026.04.01 01:00;1.15741;1.15753;1.15546;1.15614;50.90;32.35;14.39;75.63;82.81;-0.105;NEUTRE;0;;;0
2026.04.01 00:00;1.15735;1.15785;1.15690;1.15741;52.82;37.33;5.90;88.83;83.02;0.005;NEUTRE;0;;;0
2026.03.31 23:00;1.15584;1.15742;1.15567;1.15735;49.76;36.11;6.81;83.97;81.33;1.022;EXPLOSIVE_UP;3;78.7;3;0
2026.03.31 22:00;1.15554;1.15592;1.15523;1.15584;46.91;28.48;7.86;76.28;80.53;0.890;EXPLOSIVE_UP;3;77.6;3;0
2026.03.31 21:00;1.15512;1.15550;1.15508;1.15549;45.40;23.50;9.07;83.73;80.66;0.860;EXPLOSIVE_UP;3;77.8;3;0
2026.03.31 20:00;1.15588;1.15632;1.15522;1.15526;45.57;27.11;5.33;81.58;75.98;0.840;EXPLOSIVE_UP;3;78.1;3;0
2026.03.31 19:00;1.15443;1.15594;1.15385;1.15585;42.25;25.97;6.16;76.66;72.38;0.891;EXPLOSIVE_UP;3;79.3;3;1
2026.03.31 18:00;1.15395;1.15505;1.15380;1.15443;39.26;23.41;7.10;69.70;71.35;0.767;EXPLOSIVE_UP;3;78.2;3;1
2026.03.31 17:00;1.15401;1.15563;1.15385;1.15395;37.08;27.02;7.58;70.78;75.39;0.725;EXPLOSIVE_UP;3;78.2;3;1
2026.03.31 16:00;1.15170;1.15596;1.15137;1.15401;34.14;31.17;8.75;73.56;80.77;0.731;EXPLOSIVE_UP;3;79;3;1
2026.03.31 15:00;1.15199;1.15325;1.15114;1.15170;30.74;26.89;10.09;81.83;88.11;0.529;STRONG_UP;2;75.9;3;1
2026.03.31 14:00;1.15321;1.15403;1.15107;1.15199;28.49;31.02;11.64;86.92;86.47;0.554;STRONG_UP;2;77.4;3;1
2026.03.31 13:00;1.15026;1.15323;1.15003;1.15322;25.88;31.64;13.43;95.58;78.49;0.662;STRONG_UP;2;80.1;3;1
2026.03.31 12:00;1.14908;1.15096;1.14866;1.15026;23.65;25.59;15.50;76.91;56.84;0.403;SOFT_UP;1;75.2;3;1
2026.03.31 11:00;1.14585;1.14908;1.14573;1.14908;23.51;16.95;17.89;62.99;49.73;0.300;SOFT_UP;1;72;3;1
2026.03.31 10:00;1.14680;1.14697;1.14578;1.14586;26.71;9.87;20.64;30.61;48.41;0.019;NEUTRE;0;12.1;0;1
2026.03.31 09:00;1.14669;1.14729;1.14618;1.14679;25.39;11.39;18.64;55.60;51.43;0.100;NEUTRE;0;51.4;2;1
2026.03.31 08:00;1.14719;1.14755;1.14640;1.14669;25.59;13.14;18.46;59.03;45.80;0.092;NEUTRE;0;52.3;2;1
2026.03.31 07:00;1.14717;1.14739;1.14625;1.14720;26.93;13.02;21.30;39.65;39.49;0.136;NEUTRE;0;65.4;3;1
2026.03.31 06:00;1.14642;1.14741;1.14605;1.14717;27.36;15.02;24.58;38.72;44.83;0.134;NEUTRE;0;68.3;3;0
2026.03.31 05:00;1.14687;1.14712;1.14620;1.14642;27.86;14.06;28.36;40.10;52.26;0.068;NEUTRE;0;56.9;2;0
2026.03.31 04:00;1.14693;1.14726;1.14686;1.14687;26.96;16.22;21.68;55.66;63.30;0.107;NEUTRE;0;71.6;3;0
2026.03.31 03:00;1.14755;1.14760;1.14660;1.14693;28.89;18.71;25.02;61.01;67.85;0.113;NEUTRE;0;76.7;3;0
2026.03.31 02:00;1.14757;1.14793;1.14727;1.14755;31.12;21.59;18.56;73.24;69.22;0.167;NEUTRE;0;83.9;3;0
2026.03.31 01:00;1.14746;1.14905;1.14730;1.14757;34.74;24.91;20.72;69.32;59.31;0.168;NEUTRE;0;;;0
2026.03.31 00:00;1.14564;1.14759;1.14469;1.14746;38.67;15.91;23.91;65.12;57.51;0.159;NEUTRE;0;;;0
2026.03.30 23:00;1.14592;1.14592;1.14519;1.14564;41.53;9.50;27.58;43.49;60.15;-0.304;SOFT_DOWN;-1;-56.1;-2;0
2026.03.30 22:00;1.14620;1.14655;1.14591;1.14592;40.42;10.96;16.65;63.93;69.70;-0.279;SOFT_DOWN;-1;-55;-2;0
2026.03.30 21:00;1.14559;1.14673;1.14547;1.14620;43.47;12.65;19.21;73.02;65.56;-0.255;SOFT_DOWN;-1;-53.8;-2;0
2026.03.30 20:00;1.14593;1.14627;1.14567;1.14625;46.99;8.98;22.17;72.15;55.14;-0.251;SOFT_DOWN;-1;-54.7;-2;0
2026.03.30 19:00;1.14605;1.14620;1.14535;1.14594;47.70;8.56;25.58;51.52;40.59;-0.278;SOFT_DOWN;-1;-58.8;-2;1
2026.03.30 18:00;1.14573;1.14658;1.14565;1.14606;47.37;9.88;24.09;41.76;31.88;-0.267;SOFT_DOWN;-1;-59.1;-2;1
2026.03.30 17:00;1.14596;1.14648;1.14555;1.14573;48.22;9.75;27.79;28.50;23.36;-0.296;SOFT_DOWN;-1;-63;-2;1
2026.03.30 16:00;1.14535;1.14609;1.14471;1.14596;48.24;4.79;32.07;25.37;20.40;-0.276;SOFT_DOWN;-1;-62.8;-2;1
2026.03.30 15:00;1.14647;1.14655;1.14427;1.14535;44.28;5.53;37.00;16.20;16.39;-0.329;SOFT_DOWN;-1;-68;-3;1
2026.03.30 14:00;1.14638;1.14702;1.14544;1.14646;39.71;6.38;34.80;19.63;16.70;-0.232;SOFT_DOWN;-1;-61.8;-2;1
2026.03.30 13:00;1.14824;1.14876;1.14618;1.14638;35.20;7.36;32.95;13.35;15.66;-0.239;SOFT_DOWN;-1;-64.2;-2;1
2026.03.30 12:00;1.14845;1.14886;1.14726;1.14824;30.85;8.50;31.58;17.13;18.13;-0.077;NEUTRE;0;-35.9;-1;1
2026.03.30 11:00;1.14888;1.15003;1.14836;1.14845;26.74;9.80;25.86;16.49;19.50;-0.059;NEUTRE;0;-31.1;-1;1
2026.03.30 10:00;1.14942;1.14970;1.14877;1.14888;23.93;11.31;26.06;20.76;22.88;-0.022;NEUTRE;0;-13.9;0;1
2026.03.30 09:00;1.14958;1.14979;1.14836;1.14942;21.54;13.05;30.07;21.25;30.69;0.025;NEUTRE;0;17.4;0;1
2026.03.30 08:00;1.14975;1.14985;1.14902;1.14958;18.78;15.06;27.59;26.64;46.85;0.039;NEUTRE;0;28.8;1;1
2026.03.30 07:00;1.15124;1.15125;1.14937;1.14975;17.15;17.38;25.35;44.16;64.83;0.054;NEUTRE;0;41;1;1
2026.03.30 06:00;1.15155;1.15198;1.15112;1.15124;16.91;20.05;14.93;69.75;78.12;0.184;NEUTRE;0;73.9;3;0
2026.03.30 05:00;1.15132;1.15179;1.15092;1.15155;17.26;19.74;17.23;80.58;82.43;0.211;SOFT_UP;1;78.1;3;0
2026.03.30 04:00;1.15154;1.15209;1.15132;1.15132;18.88;22.77;12.80;84.03;78.96;0.191;NEUTRE;0;79.5;3;0
2026.03.30 03:00;1.15110;1.15184;1.15099;1.15154;17.47;21.28;14.77;82.68;65.76;0.210;SOFT_UP;1;82.8;3;0
2026.03.30 02:00;1.15046;1.15148;1.15011;1.15110;17.38;18.04;17.05;70.17;46.23;0.171;NEUTRE;0;84.1;3;0
2026.03.30 01:00;1.15064;1.15107;1.15025;1.15046;19.62;16.21;19.67;44.42;24.85;0.116;NEUTRE;0;;;0
2026.03.30 00:00;1.14913;1.15124;1.14891;1.15064;21.16;18.70;22.70;24.10;13.04;0.131;NEUTRE;0;;;0
2026.03.29 23:00;1.14882;1.14941;1.14871;1.14913;22.93;9.50;26.19;6.03;11.35;-0.080;NEUTRE;0;-21.4;0;0
2026.03.29 22:00;1.15002;1.15020;1.14876;1.14882;19.26;10.96;29.12;9.00;16.92;-0.107;NEUTRE;0;-28.7;-1;0
2026.03.29 21:00;1.15005;1.15022;1.14992;1.15002;15.25;12.64;21.20;19.02;20.38;-0.003;NEUTRE;0;-0.9;0;0
2026.03.27 20:00;1.15167;1.15206;1.15090;1.15121;13.70;14.59;12.78;22.76;21.96;-0.190;NEUTRE;0;-46.9;-2;0
2026.03.27 19:00;1.15132;1.15177;1.15095;1.15168;14.79;12.99;14.74;19.36;24.63;-0.149;NEUTRE;0;-41.5;-1;1
2026.03.27 18:00;1.15121;1.15195;1.15067;1.15132;16.09;14.98;17.01;23.78;34.56;-0.180;NEUTRE;0;-48.4;-2;1
2026.03.27 17:00;1.15187;1.15289;1.15060;1.15121;17.59;17.29;19.63;30.74;46.70;-0.190;NEUTRE;0;-51.5;-2;1
2026.03.27 16:00;1.15190;1.15270;1.15144;1.15188;19.33;19.95;17.01;49.17;59.78;-0.132;NEUTRE;0;-42.9;-1;1
2026.03.27 15:00;1.15284;1.15475;1.15175;1.15190;21.07;23.02;15.84;60.20;58.31;-0.130;NEUTRE;0;-44.3;-1;1
2026.03.27 14:00;1.15237;1.15353;1.15229;1.15284;21.47;20.30;18.28;69.98;44.54;-0.049;NEUTRE;0;-21.5;0;1
2026.03.27 13:00;1.15147;1.15327;1.15137;1.15238;23.97;20.20;21.09;44.74;23.97;-0.088;NEUTRE;0;-37.3;-1;1
2026.03.27 12:00;1.15071;1.15178;1.15014;1.15147;27.33;11.24;24.33;18.89;12.64;-0.167;NEUTRE;0;-57.5;-2;1
2026.03.27 11:00;1.15107;1.15136;1.15045;1.15071;25.87;9.03;28.08;8.29;10.52;-0.233;SOFT_DOWN;-1;-67.3;-3;1
2026.03.27 10:00;1.15188;1.15258;1.15099;1.15106;21.96;10.42;23.27;10.74;11.26;-0.203;SOFT_DOWN;-1;-66.4;-3;1
2026.03.27 09:00;1.15203;1.15258;1.15142;1.15188;19.47;12.03;22.68;12.54;15.60;-0.132;NEUTRE;0;-58.8;-2;1
2026.03.27 08:00;1.15182;1.15249;1.15155;1.15205;17.74;13.88;24.45;10.50;32.38;-0.117;NEUTRE;0;-58.7;-2;1
2026.03.27 07:00;1.15342;1.15344;1.15166;1.15185;16.23;16.01;26.41;23.76;56.09;-0.134;NEUTRE;0;-65.1;-3;1
2026.03.27 06:00;1.15407;1.15435;1.15336;1.15342;14.95;18.48;15.78;62.89;76.16;0.002;NEUTRE;0;2.2;0;0
2026.03.27 05:00;1.15426;1.15460;1.15369;1.15407;16.04;21.32;13.08;81.62;82.85;0.058;NEUTRE;0;52.6;2;0
2026.03.27 04:00;1.15386;1.15434;1.15368;1.15425;14.83;20.20;15.09;83.99;73.93;0.074;NEUTRE;0;64.4;2;0
2026.03.27 03:00;1.15381;1.15399;1.15335;1.15386;14.88;15.15;17.41;82.96;60.46;0.040;NEUTRE;0;56.4;2;0
2026.03.27 02:00;1.15402;1.15424;1.15359;1.15381;16.10;17.49;14.32;54.85;45.48;0.036;NEUTRE;0;63.8;2;0
2026.03.27 01:00;1.15302;1.15406;1.15294;1.15396;17.05;15.92;16.53;43.58;40.52;0.049;NEUTRE;0;;;0
2026.03.27 00:00;1.15340;1.15377;1.15240;1.15302;19.38;14.38;19.07;38.01;38.38;-0.033;NEUTRE;0;;;0
2026.03.26 23:00;1.15381;1.15395;1.15336;1.15340;20.21;16.59;11.22;39.97;33.39;-0.235;SOFT_DOWN;-1;-49;-2;0
2026.03.26 22:00;1.15325;1.15401;1.15318;1.15381;20.35;19.14;12.95;37.16;26.93;-0.200;SOFT_DOWN;-1;-45.7;-2;0
2026.03.26 21:00;1.15292;1.15358;1.15275;1.15325;20.51;14.12;14.94;23.06;17.99;-0.248;SOFT_DOWN;-1;-53.1;-2;0
2026.03.26 20:00;1.15215;1.15584;1.15192;1.15307;23.23;16.29;17.24;20.57;18.40;-0.264;SOFT_DOWN;-1;-56.1;-2;0
2026.03.26 19:00;1.15335;1.15342;1.15214;1.15215;26.37;9.30;19.90;10.34;22.64;-0.343;SOFT_DOWN;-1;-63.8;-2;1
2026.03.26 18:00;1.15256;1.15336;1.15248;1.15335;24.84;10.73;18.87;24.30;36.35;-0.240;SOFT_DOWN;-1;-56.4;-2;1
2026.03.26 17:00;1.15352;1.15373;1.15252;1.15256;24.43;12.38;21.07;33.30;45.81;-0.308;SOFT_DOWN;-1;-63.9;-2;1
2026.03.26 16:00;1.15411;1.15429;1.15306;1.15352;24.20;14.29;17.45;51.47;49.75;-0.225;SOFT_DOWN;-1;-57.7;-2;1
2026.03.26 15:00;1.15472;1.15510;1.15311;1.15411;26.39;16.49;19.51;52.65;41.30;-0.174;NEUTRE;0;-52.6;-2;1
2026.03.26 14:00;1.15419;1.15547;1.15365;1.15472;29.16;19.02;18.34;45.12;31.14;-0.121;NEUTRE;0;-44.2;-1;1
2026.03.26 13:00;1.15348;1.15523;1.15346;1.15419;33.36;19.92;21.16;26.12;24.98;-0.167;NEUTRE;0;-55.4;-2;1
2026.03.26 12:00;1.15239;1.15351;1.15219;1.15348;38.03;8.04;24.41;22.19;33.29;-0.228;SOFT_DOWN;-1;-65;-2;1
2026.03.26 11:00;1.15569;1.15584;1.15230;1.15239;36.11;9.27;26.88;26.64;39.22;-0.323;SOFT_DOWN;-1;-73.2;-3;1
2026.03.26 10:00;1.15593;1.15649;1.15541;1.15569;34.18;10.70;17.50;51.05;45.39;-0.037;NEUTRE;0;-22.6;0;1
2026.03.26 09:00;1.15594;1.15646;1.15522;1.15593;35.72;11.92;20.20;39.97;40.17;-0.016;NEUTRE;0;-11.3;0;1
2026.03.26 08:00;1.15535;1.15609;1.15472;1.15594;37.25;9.16;23.30;45.16;46.50;-0.016;NEUTRE;0;-12.7;0;1
2026.03.26 07:00;1.15663;1.15664;1.15503;1.15535;36.28;10.57;23.41;35.39;52.89;-0.067;NEUTRE;0;-47.2;-2;1
2026.03.26 06:00;1.15574;1.15667;1.15514;1.15663;36.04;12.19;25.96;58.94;65.93;0.044;NEUTRE;0;39.6;1;0
2026.03.26 05:00;1.15690;1.15695;1.15574;1.15575;36.04;14.07;23.92;64.33;70.28;-0.032;NEUTRE;0;-35.8;-1;0
2026.03.26 04:00;1.15683;1.15720;1.15671;1.15690;37.59;16.24;15.27;74.52;66.45;0.067;NEUTRE;0;62.1;2;0
2026.03.26 03:00;1.15586;1.15691;1.15575;1.15683;42.90;9.63;17.62;71.98;61.15;0.061;NEUTRE;0;66.4;3;0
2026.03.26 02:00;1.15640;1.15654;1.15544;1.15586;45.00;6.20;20.33;52.86;47.52;-0.022;NEUTRE;0;-51.1;-2;0
2026.03.26 01:00;1.15579;1.15667;1.15578;1.15640;43.73;7.16;18.70;58.60;37.56;0.024;NEUTRE;0;;;0
2026.03.26 00:00;1.15612;1.15644;1.15537;1.15579;43.59;4.28;21.57;31.10;23.35;-0.029;NEUTRE;0;;;0
2026.03.25 23:00;1.15602;1.15617;1.15585;1.15612;40.00;4.94;17.99;22.99;19.01;-0.449;STRONG_DOWN;-2;-65.6;-3;0
2026.03.25 22:00;1.15600;1.15622;1.15557;1.15602;37.40;5.70;20.76;15.95;19.37;-0.458;STRONG_DOWN;-2;-66.9;-3;0
2026.03.25 21:00;1.15574;1.15614;1.15574;1.15600;34.40;6.58;19.93;18.10;26.70;-0.460;STRONG_DOWN;-2;-67.9;-3;0
2026.03.25 20:00;1.15629;1.15632;1.15556;1.15589;31.94;7.59;23.00;24.07;32.09;-0.469;STRONG_DOWN;-2;-69.3;-3;0
2026.03.25 19:00;1.15662;1.15662;1.15587;1.15629;29.11;8.76;20.26;37.92;33.29;-0.435;STRONG_DOWN;-2;-68.8;-3;1
2026.03.25 18:00;1.15780;1.15806;1.15607;1.15662;27.49;10.10;19.27;34.29;28.92;-0.406;SOFT_DOWN;-1;-68.5;-3;1
2026.03.25 17:00;1.15671;1.15835;1.15642;1.15780;26.92;11.66;19.53;27.67;24.14;-0.305;SOFT_DOWN;-1;-63.7;-2;1
2026.03.25 16:00;1.15694;1.15764;1.15549;1.15672;27.17;7.79;22.54;24.81;22.14;-0.398;SOFT_DOWN;-1;-70.4;-3;1
2026.03.25 15:00;1.15855;1.15890;1.15626;1.15695;23.88;8.99;20.49;19.94;21.59;-0.378;SOFT_DOWN;-1;-70.6;-3;1
2026.03.25 14:00;1.15726;1.15876;1.15659;1.15856;21.55;10.37;21.72;21.66;29.88;-0.239;SOFT_DOWN;-1;-62.5;-2;1
2026.03.25 13:00;1.15909;1.15985;1.15713;1.15727;19.42;11.97;21.24;23.18;40.48;-0.350;SOFT_DOWN;-1;-71.8;-3;1
2026.03.25 12:00;1.16052;1.16134;1.15861;1.15909;18.12;13.81;16.13;44.80;49.85;-0.194;NEUTRE;0;-61.2;-2;1
2026.03.25 11:00;1.16041;1.16111;1.15939;1.16051;19.72;15.94;14.22;53.45;51.48;-0.071;NEUTRE;0;-36;-1;1
2026.03.25 10:00;1.15987;1.16053;1.15955;1.16040;21.87;13.20;16.40;51.30;49.74;-0.081;NEUTRE;0;-42.4;-1;1
2026.03.25 09:00;1.16025;1.16090;1.15910;1.15987;23.57;15.23;18.93;49.68;42.23;-0.127;NEUTRE;0;-57.8;-2;1
2026.03.25 08:00;1.15973;1.16161;1.15902;1.16025;25.54;17.58;21.84;48.25;30.27;-0.094;NEUTRE;0;-52.9;-2;1
2026.03.25 07:00;1.15958;1.16050;1.15881;1.15972;27.80;13.69;25.20;28.77;16.48;-0.139;NEUTRE;0;-65.9;-3;1
2026.03.25 06:00;1.15918;1.15995;1.15866;1.15960;27.52;10.79;29.08;13.79;9.29;-0.150;NEUTRE;0;-70.5;-3;0
2026.03.25 05:00;1.15976;1.15978;1.15887;1.15918;24.70;12.45;31.05;6.88;10.99;-0.186;NEUTRE;0;-76.6;-3;0
2026.03.25 04:00;1.16034;1.16038;1.15970;1.15976;21.92;14.36;21.79;7.20;25.61;-0.136;NEUTRE;0;-75.4;-3;0
2026.03.25 03:00;1.16038;1.16053;1.16003;1.16034;22.13;16.57;17.68;18.88;45.56;-0.086;NEUTRE;0;-72.8;-3;0
2026.03.25 02:00;1.16118;1.16128;1.16009;1.16039;25.03;19.12;18.55;50.75;64.81;-0.082;NEUTRE;0;-77.8;-3;0
2026.03.25 01:00;1.16230;1.16241;1.16115;1.16117;28.65;22.06;7.70;67.04;72.57;-0.015;NEUTRE;0;;;0
2026.03.25 00:00;1.16134;1.16304;1.16122;1.16230;25.64;25.45;8.03;76.65;74.86;0.083;NEUTRE;0;;;0
2026.03.24 23:00;1.16138;1.16180;1.16083;1.16135;21.58;18.89;9.27;74.01;73.43;0.049;NEUTRE;0;13.5;0;0
2026.03.24 22:00;1.16106;1.16188;1.16042;1.16139;19.64;21.79;10.69;73.93;70.18;0.053;NEUTRE;0;15.2;0;0
2026.03.24 21:00;1.16036;1.16123;1.16010;1.16105;17.40;18.30;12.34;72.36;62.84;0.023;NEUTRE;0;7;0;0
2026.03.24 20:00;1.15853;1.16281;1.15825;1.16068;17.08;21.11;14.23;64.25;52.95;-0.009;NEUTRE;0;-2.9;0;0
2026.03.24 19:00;1.15819;1.15926;1.15819;1.15853;16.72;12.38;16.42;51.89;43.15;-0.194;NEUTRE;0;-49;-2;1
2026.03.24 18:00;1.15757;1.15922;1.15672;1.15819;17.13;13.71;18.95;42.71;39.41;-0.223;SOFT_DOWN;-1;-54.4;-2;1
2026.03.24 17:00;1.15824;1.15835;1.15567;1.15757;17.30;10.47;21.87;34.85;37.98;-0.277;SOFT_DOWN;-1;-61.4;-2;1
2026.03.24 16:00;1.15774;1.15921;1.15738;1.15823;14.54;12.08;15.41;40.67;38.84;-0.220;SOFT_DOWN;-1;-57.2;-2;1
2026.03.24 15:00;1.15889;1.15970;1.15756;1.15774;14.91;13.94;16.27;38.43;34.03;-0.262;SOFT_DOWN;-1;-63.1;-2;1
2026.03.24 14:00;1.15771;1.16067;1.15771;1.15892;16.02;16.08;17.70;37.42;30.43;-0.160;NEUTRE;0;-52.2;-2;1
2026.03.24 13:00;1.15844;1.15904;1.15667;1.15772;17.74;10.08;20.42;26.23;29.89;-0.264;SOFT_DOWN;-1;-66.4;-3;1
2026.03.24 12:00;1.15889;1.15991;1.15808;1.15844;15.26;11.63;14.41;27.66;33.39;-0.202;SOFT_DOWN;-1;-62.2;-2;1
2026.03.24 11:00;1.15918;1.16004;1.15786;1.15889;15.97;13.42;16.62;35.80;41.28;-0.163;NEUTRE;0;-59.1;-2;1
2026.03.24 10:00;1.15945;1.15961;1.15830;1.15918;16.79;15.49;16.08;36.71;49.81;-0.138;NEUTRE;0;-57.3;-2;1
2026.03.24 09:00;1.15892;1.15967;1.15783;1.15945;19.08;17.87;18.55;51.34;61.66;-0.115;NEUTRE;0;-55.2;-2;1
2026.03.24 08:00;1.16084;1.16091;1.15813;1.15881;21.73;20.62;18.89;61.36;58.19;-0.170;NEUTRE;0;-67.3;-3;1
2026.03.24 07:00;1.15915;1.16175;1.15887;1.16084;24.41;23.79;17.71;72.26;44.05;0.005;NEUTRE;0;4.6;0;1
2026.03.24 06:00;1.15833;1.15920;1.15788;1.15915;25.90;13.83;20.43;40.94;25.00;-0.140;NEUTRE;0;-69.2;-3;0
2026.03.24 05:00;1.15798;1.15889;1.15755;1.15833;26.93;12.35;23.57;18.94;16.61;-0.211;SOFT_DOWN;-1;-78.1;-3;0
2026.03.24 04:00;1.15828;1.15831;1.15753;1.15798;26.26;7.59;27.20;15.12;16.39;-0.241;SOFT_DOWN;-1;-81.6;-3;0
2026.03.24 03:00;1.15855;1.15890;1.15811;1.15828;21.63;8.75;19.94;15.76;16.40;-0.215;SOFT_DOWN;-1;-82.9;-3;0
2026.03.24 02:00;1.15841;1.15921;1.15824;1.15855;18.96;10.10;20.48;18.30;20.85;-0.192;NEUTRE;0;-84.7;-3;0
2026.03.24 01:00;1.15881;1.15956;1.15781;1.15843;16.65;11.66;23.63;15.15;28.92;-0.202;SOFT_DOWN;-1;;;0
2026.03.24 00:00;1.16078;1.16083;1.15807;1.15882;13.99;13.45;24.98;29.11;42.00;-0.169;NEUTRE;0;;;0
2026.03.23 23:00;1.16143;1.16156;1.16055;1.16078;11.53;15.52;15.00;42.51;51.53;0.398;SOFT_UP;1;62.8;2;0
2026.03.23 22:00;1.16148;1.16174;1.16080;1.16142;13.04;17.90;13.50;54.38;60.73;0.453;STRONG_UP;2;66.7;3;0
2026.03.23 21:00;1.16115;1.16148;1.16101;1.16148;12.89;16.40;15.58;57.71;64.05;0.458;STRONG_UP;2;67.9;3;0
2026.03.23 20:00;1.16130;1.16149;1.16092;1.16105;14.47;18.93;17.97;70.09;64.30;0.421;STRONG_UP;2;67.1;3;0
2026.03.23 19:00;1.16345;1.16351;1.16122;1.16130;16.30;21.84;12.64;64.35;59.21;0.443;STRONG_UP;2;69.2;3;1
2026.03.23 18:00;1.16014;1.16371;1.15914;1.16347;14.71;25.20;14.58;58.45;60.61;0.631;STRONG_UP;2;75.8;3;1
2026.03.23 17:00;1.15907;1.16093;1.15863;1.16013;12.86;19.72;16.83;54.82;67.14;0.342;SOFT_UP;1;66.2;3;1
2026.03.23 16:00;1.15855;1.16003;1.15762;1.15907;13.63;16.73;19.42;68.56;78.23;0.250;SOFT_UP;1;60.4;2;1
2026.03.23 15:00;1.16150;1.16308;1.15817;1.15857;14.58;19.30;18.89;78.04;81.37;0.207;SOFT_UP;1;57.3;2;1
2026.03.23 14:00;1.15994;1.16393;1.15927;1.16150;16.66;22.27;18.35;88.09;75.61;0.460;STRONG_UP;2;74.9;3;1
2026.03.23 13:00;1.16127;1.16151;1.15797;1.15994;17.74;17.71;21.18;77.98;56.21;0.325;SOFT_UP;1;70.5;3;1
2026.03.23 12:00;1.15556;1.16142;1.15460;1.16123;19.09;20.05;24.44;60.77;33.28;0.437;STRONG_UP;2;76.3;3;1
2026.03.23 11:00;1.14856;1.16190;1.14854;1.15562;20.51;23.13;28.19;29.87;18.29;-0.048;NEUTRE;0;-26.2;-1;1
2026.03.23 10:00;1.14945;1.15011;1.14841;1.14853;22.15;13.12;32.53;9.21;16.96;-0.662;STRONG_DOWN;-2;-82.4;-3;1
2026.03.23 09:00;1.15294;1.15339;1.14907;1.14945;19.02;15.14;31.56;15.79;19.69;-0.582;STRONG_DOWN;-2;-82.2;-3;1
2026.03.23 08:00;1.15268;1.15459;1.15257;1.15294;16.53;17.47;23.96;25.87;22.56;-0.280;SOFT_DOWN;-1;-75.8;-3;1
2026.03.23 07:00;1.15302;1.15400;1.15233;1.15268;16.67;15.66;27.64;17.41;22.46;-0.303;SOFT_DOWN;-1;-78.4;-3;1
2026.03.23 06:00;1.15337;1.15340;1.15201;1.15302;14.98;12.55;31.89;24.42;28.76;-0.273;SOFT_DOWN;-1;-79;-3;0
2026.03.23 05:00;1.15502;1.15521;1.15337;1.15337;10.59;14.48;21.75;25.57;34.93;-0.243;SOFT_DOWN;-1;-79.7;-3;0
2026.03.23 04:00;1.15467;1.15512;1.15455;1.15502;9.13;16.70;15.23;36.28;39.20;-0.100;NEUTRE;0;-70.5;-3;0
2026.03.23 03:00;1.15463;1.15501;1.15422;1.15467;9.82;16.31;17.57;42.94;44.67;-0.131;NEUTRE;0;-78.5;-3;0
2026.03.23 02:00;1.15540;1.15570;1.15426;1.15463;10.75;18.81;19.49;38.36;47.97;-0.134;NEUTRE;0;-82.5;-3;0
2026.03.23 01:00;1.15438;1.15613;1.15438;1.15540;12.14;21.71;21.21;52.71;51.64;-0.067;NEUTRE;0;;;0
2026.03.23 00:00;1.15618;1.15639;1.15383;1.15439;13.82;25.05;24.48;52.85;52.69;-0.155;NEUTRE;0;;;0
2026.03.22 23:00;1.15579;1.15645;1.15568;1.15618;15.77;28.90;17.12;49.36;53.91;0.224;SOFT_UP;1;47.7;2;0
2026.03.22 22:00;1.15406;1.15623;1.15400;1.15579;14.26;28.95;19.76;55.87;60.63;0.190;NEUTRE;0;44.2;1;0
2026.03.22 21:00;1.15360;1.15443;1.15354;1.15401;13.55;20.99;22.80;56.50;63.13;0.036;NEUTRE;0;10.9;0;0
2026.03.20 20:00;1.15582;1.15716;1.15570;1.15713;15.00;24.22;17.05;69.51;65.32;-0.041;NEUTRE;0;-13;0;0
2026.03.20 19:00;1.15502;1.15616;1.15465;1.15581;14.64;17.41;19.67;63.38;60.28;-0.155;NEUTRE;0;-42.6;-1;1
2026.03.20 18:00;1.15575;1.15715;1.15473;1.15502;15.95;20.09;21.88;63.07;51.66;-0.224;SOFT_DOWN;-1;-54.5;-2;1
2026.03.20 17:00;1.15589;1.15703;1.15494;1.15574;17.74;23.18;23.91;54.38;37.86;-0.162;NEUTRE;0;-47;-2;1
2026.03.20 16:00;1.15418;1.15663;1.15409;1.15590;20.23;23.80;27.59;37.54;30.16;-0.148;NEUTRE;0;-46.2;-2;1
2026.03.20 15:00;1.15346;1.15574;1.15345;1.15418;22.21;22.07;31.84;21.67;35.21;-0.296;SOFT_DOWN;-1;-65.8;-3;1
2026.03.20 14:00;1.15409;1.15435;1.15244;1.15346;22.84;16.12;36.73;31.28;49.99;-0.358;SOFT_DOWN;-1;-70.9;-3;1
2026.03.20 13:00;1.15641;1.15655;1.15396;1.15409;20.35;18.60;30.14;52.68;56.14;-0.304;SOFT_DOWN;-1;-69.2;-3;1
2026.03.20 12:00;1.15711;1.15795;1.15618;1.15641;19.84;21.47;21.59;66.01;51.26;-0.104;NEUTRE;0;-44.3;-1;1
2026.03.20 11:00;1.15595;1.15797;1.15570;1.15711;22.85;24.77;24.91;49.72;43.70;-0.043;NEUTRE;0;-23.8;0;1
2026.03.20 10:00;1.15484;1.15622;1.15348;1.15595;26.32;16.72;28.75;38.05;48.34;-0.143;NEUTRE;0;-58.2;-2;1
2026.03.20 09:00;1.15675;1.15726;1.15475;1.15482;26.30;19.29;26.04;43.32;50.03;-0.241;SOFT_DOWN;-1;-71.7;-3;1
2026.03.20 08:00;1.15730;1.15804;1.15674;1.15674;28.06;22.26;17.85;63.65;39.29;-0.075;NEUTRE;0;-46.6;-2;1
2026.03.20 07:00;1.15587;1.15749;1.15555;1.15726;30.68;19.17;20.59;43.13;18.56;-0.030;NEUTRE;0;-25.8;-1;1
2026.03.20 06:00;1.15522;1.15659;1.15522;1.15588;34.86;14.99;23.76;11.08;5.29;-0.149;NEUTRE;0;-70.3;-3;0
2026.03.20 05:00;1.15553;1.15606;1.15522;1.15522;36.74;11.34;27.41;1.46;2.96;-0.206;SOFT_DOWN;-1;-77.8;-3;0
2026.03.20 04:00;1.15564;1.15595;1.15547;1.15553;36.01;13.08;27.05;3.33;4.67;-0.180;NEUTRE;0;-78.8;-3;0
2026.03.20 03:00;1.15632;1.15633;1.15559;1.15564;36.19;15.10;27.37;4.08;5.65;-0.170;NEUTRE;0;-81.1;-3;0
2026.03.20 02:00;1.15647;1.15676;1.15615;1.15632;37.31;17.42;19.94;6.61;12.42;-0.111;NEUTRE;0;-80.9;-3;0
2026.03.20 01:00;1.15734;1.15767;1.15632;1.15647;42.01;20.10;18.72;6.25;23.58;-0.098;NEUTRE;0;;;0
2026.03.20 00:00;1.15761;1.15798;1.15707;1.15734;47.93;23.19;13.05;24.41;41.48;-0.023;NEUTRE;0;;;0
2026.03.19 23:00;1.15781;1.15814;1.15742;1.15761;51.00;26.76;9.14;40.07;56.34;0.987;EXPLOSIVE_UP;3;78.3;3;0
2026.03.19 22:00;1.15811;1.15949;1.15773;1.15781;51.30;30.88;3.92;59.96;69.88;1.004;EXPLOSIVE_UP;3;79;3;0
2026.03.19 21:00;1.15870;1.15881;1.15808;1.15812;47.27;29.68;4.53;68.99;78.90;1.031;EXPLOSIVE_UP;3;79.8;3;0
2026.03.19 20:00;1.15844;1.15888;1.15800;1.15883;43.23;34.25;5.22;80.69;87.87;1.093;EXPLOSIVE_UP;3;80.8;3;0
2026.03.19 19:00;1.15835;1.16159;1.15768;1.15844;38.57;39.52;6.03;87.03;89.63;1.059;EXPLOSIVE_UP;3;81;3;1
2026.03.19 18:00;1.15599;1.15838;1.15507;1.15835;33.19;32.97;6.96;95.89;87.87;1.051;EXPLOSIVE_UP;3;81.4;3;1
2026.03.19 17:00;1.15355;1.15672;1.15354;1.15599;28.27;30.32;8.03;85.96;82.17;0.845;EXPLOSIVE_UP;3;79.9;3;1
2026.03.19 16:00;1.15137;1.15374;1.15116;1.15355;23.68;20.57;9.26;81.77;82.58;0.632;STRONG_UP;2;77.3;3;1
2026.03.19 15:00;1.15161;1.15386;1.14982;1.15138;21.49;23.74;10.68;78.79;84.57;0.443;STRONG_UP;2;73.3;3;1
2026.03.19 14:00;1.15172;1.15280;1.15004;1.15161;18.96;23.35;12.33;87.18;85.49;0.463;STRONG_UP;2;75;3;1
2026.03.19 13:00;1.14869;1.15270;1.14690;1.15174;17.12;26.39;14.22;87.74;82.29;0.475;STRONG_UP;2;76.3;3;1
2026.03.19 12:00;1.14794;1.14896;1.14623;1.14869;15.15;20.53;16.41;81.55;73.50;0.208;SOFT_UP;1;62.9;2;1
2026.03.19 11:00;1.14735;1.14811;1.14654;1.14794;15.76;18.90;18.94;77.58;60.35;0.143;NEUTRE;0;55.7;2;1
2026.03.19 10:00;1.14800;1.14800;1.14662;1.14735;18.17;20.73;21.85;61.38;39.22;0.092;NEUTRE;0;46;2;1
2026.03.19 09:00;1.14507;1.14877;1.14507;1.14800;20.56;23.91;25.21;42.09;21.74;0.148;NEUTRE;0;61.6;2;1
2026.03.19 08:00;1.14521;1.14589;1.14428;1.14507;23.32;15.62;29.09;14.20;12.69;-0.107;NEUTRE;0;-56.4;-2;1
2026.03.19 07:00;1.14649;1.14750;1.14505;1.14522;22.27;18.02;26.21;8.94;18.06;-0.094;NEUTRE;0;-56.5;-2;1
2026.03.19 06:00;1.14658;1.14765;1.14608;1.14649;22.85;20.79;23.77;14.93;33.08;0.017;NEUTRE;0;17.7;0;0
2026.03.19 05:00;1.14685;1.14707;1.14632;1.14655;25.33;18.31;27.43;30.32;51.22;0.022;NEUTRE;0;26.4;1;0
2026.03.19 04:00;1.14741;1.14746;1.14666;1.14685;26.16;21.13;24.68;53.98;68.65;0.048;NEUTRE;0;53.5;2;0
2026.03.19 03:00;1.14818;1.14831;1.14742;1.14742;29.00;24.38;13.86;69.34;74.00;0.098;NEUTRE;0;74.8;3;0
2026.03.19 02:00;1.14757;1.14910;1.14714;1.14818;29.22;28.13;15.99;82.64;62.06;0.164;NEUTRE;0;83.8;3;0
2026.03.19 01:00;1.14738;1.14833;1.14731;1.14757;29.49;26.41;18.45;70.02;41.32;0.111;NEUTRE;0;;;0
2026.03.19 00:00;1.14630;1.14740;1.14619;1.14738;31.30;16.45;21.29;33.51;21.64;0.094;NEUTRE;0;;;0
2026.03.18 23:00;1.14564;1.14656;1.14549;1.14630;34.14;8.30;24.57;20.44;13.45;-0.656;STRONG_DOWN;-2;-72.7;-3;0
2026.03.18 22:00;1.14669;1.14669;1.14508;1.14564;31.77;9.57;28.35;10.96;6.98;-0.713;STRONG_DOWN;-2;-74.7;-3;0
2026.03.18 21:00;1.14503;1.14716;1.14500;1.14669;29.04;11.05;32.71;8.96;9.24;-0.622;STRONG_DOWN;-2;-73.3;-3;0
2026.03.18 20:00;1.14687;1.14701;1.14496;1.14503;25.90;11.68;37.74;1.00;16.57;-0.766;EXPLOSIVE_DOWN;-3;-77;-3;0
2026.03.18 19:00;1.14769;1.14823;1.14681;1.14691;21.77;13.48;29.66;17.75;30.34;-0.603;STRONG_DOWN;-2;-74.4;-3;1
2026.03.18 18:00;1.15163;1.15250;1.14767;1.14769;19.34;15.55;24.91;30.96;36.58;-0.536;STRONG_DOWN;-2;-73.4;-3;1
2026.03.18 17:00;1.15104;1.15165;1.15023;1.15163;18.76;17.94;20.59;42.32;38.67;-0.194;NEUTRE;0;-52.1;-2;1
2026.03.18 16:00;1.15126;1.15219;1.15065;1.15104;20.59;20.70;19.20;36.44;34.24;-0.245;SOFT_DOWN;-1;-59.9;-2;1
2026.03.18 15:00;1.15162;1.15293;1.15111;1.15126;23.18;23.89;17.56;37.25;34.16;-0.226;SOFT_DOWN;-1;-59.5;-2;1
2026.03.18 14:00;1.15146;1.15272;1.15038;1.15162;24.40;25.79;20.26;29.02;36.56;-0.195;SOFT_DOWN;-1;-57.5;-2;1
2026.03.18 13:00;1.15070;1.15152;1.14904;1.15146;26.31;21.86;23.38;36.20;50.76;-0.209;SOFT_DOWN;-1;-61.1;-2;1
2026.03.18 12:00;1.15464;1.15478;1.15050;1.15070;29.84;25.23;17.92;44.46;59.09;-0.275;SOFT_DOWN;-1;-68.8;-3;1
2026.03.18 11:00;1.15395;1.15550;1.15298;1.15463;31.82;29.11;11.76;71.63;58.83;0.066;NEUTRE;0;34.1;1;1
2026.03.18 10:00;1.15386;1.15436;1.15334;1.15395;30.19;26.63;13.57;61.18;47.47;0.007;NEUTRE;0;4.5;0;1
2026.03.18 09:00;1.15321;1.15392;1.15251;1.15386;29.84;24.09;15.66;43.67;42.49;-0.001;NEUTRE;0;-0.7;0;1
2026.03.18 08:00;1.15260;1.15340;1.15174;1.15321;31.17;22.12;18.07;37.55;53.21;-0.057;NEUTRE;0;-38.8;-1;1
2026.03.18 07:00;1.15420;1.15456;1.15229;1.15260;34.41;25.52;15.75;46.23;64.17;-0.110;NEUTRE;0;-60.5;-2;1
2026.03.18 06:00;1.15451;1.15490;1.15392;1.15420;36.07;29.45;7.13;75.85;61.88;0.029;NEUTRE;0;28.6;1;0
2026.03.18 05:00;1.15413;1.15465;1.15397;1.15451;32.23;30.05;8.22;70.44;42.33;0.055;NEUTRE;0;51.1;2;0
2026.03.18 04:00;1.15357;1.15421;1.15357;1.15413;28.41;24.72;9.49;39.34;21.23;0.023;NEUTRE;0;32.9;1;0
2026.03.18 03:00;1.15323;1.15366;1.15316;1.15358;25.93;15.30;10.95;17.20;14.69;-0.025;NEUTRE;0;-43.2;-1;0
2026.03.18 02:00;1.15335;1.15378;1.15318;1.15323;27.36;17.65;12.02;7.14;19.46;-0.055;NEUTRE;0;-72.1;-3;0
2026.03.18 01:00;1.15323;1.15399;1.15319;1.15335;28.65;20.37;13.61;19.72;32.53;-0.045;NEUTRE;0;;;0
2026.03.18 00:00;1.15387;1.15436;1.15318;1.15323;30.00;23.50;15.70;31.52;46.35;-0.055;NEUTRE;0;;;0
2026.03.17 23:00;1.15398;1.15408;1.15371;1.15385;31.55;27.12;11.21;46.34;56.96;0.352;SOFT_UP;1;59.9;2;0
2026.03.17 22:00;1.15358;1.15444;1.15357;1.15398;30.01;31.29;12.93;61.20;64.88;0.364;SOFT_UP;1;61.8;2;0
2026.03.17 21:00;1.15366;1.15373;1.15337;1.15359;28.24;23.55;14.92;63.34;68.35;0.330;SOFT_UP;1;60.5;2;0
2026.03.17 20:00;1.15354;1.15419;1.15347;1.15407;29.13;27.18;15.02;70.10;70.71;0.371;SOFT_UP;1;64.4;2;0
2026.03.17 19:00;1.15388;1.15409;1.15336;1.15354;29.18;29.22;17.33;71.62;68.43;0.325;SOFT_UP;1;62.6;2;1
2026.03.17 18:00;1.15393;1.15470;1.15382;1.15388;29.74;33.72;10.30;70.41;65.32;0.355;SOFT_UP;1;65.8;3;1
2026.03.17 17:00;1.15276;1.15398;1.15261;1.15393;26.13;26.32;11.88;63.26;63.33;0.359;SOFT_UP;1;67.2;3;1
2026.03.17 16:00;1.15246;1.15327;1.15179;1.15276;24.34;22.39;13.71;62.29;68.65;0.257;SOFT_UP;1;61.1;2;1
2026.03.17 15:00;1.15329;1.15386;1.15203;1.15246;24.38;25.84;13.33;64.44;72.69;0.231;SOFT_UP;1;60;2;1
2026.03.17 14:00;1.15301;1.15384;1.15203;1.15329;23.22;29.64;15.38;79.21;75.87;0.304;SOFT_UP;1;67.8;3;1
2026.03.17 13:00;1.15238;1.15432;1.15238;1.15300;21.92;34.20;14.77;74.41;73.72;0.278;SOFT_UP;1;67.5;3;1
2026.03.17 12:00;1.15072;1.15243;1.15040;1.15238;19.18;24.48;17.04;74.01;75.43;0.224;SOFT_UP;1;64.6;2;1
2026.03.17 11:00;1.15058;1.15185;1.15043;1.15072;19.37;23.85;19.66;72.74;78.67;0.080;NEUTRE;0;39.3;1;1
2026.03.17 10:00;1.15161;1.15161;1.15036;1.15058;20.87;24.91;22.68;79.53;78.03;0.068;NEUTRE;0;37.5;1;1
2026.03.17 09:00;1.15101;1.15245;1.15076;1.15161;23.36;28.75;21.25;83.73;67.11;0.157;NEUTRE;0;63;2;1
2026.03.17 08:00;1.14945;1.15178;1.14873;1.15101;24.65;27.07;24.52;70.84;51.05;0.105;NEUTRE;0;55.9;2;1
2026.03.17 07:00;1.14815;1.14998;1.14794;1.14946;27.68;22.16;28.29;46.77;37.44;-0.030;NEUTRE;0;-25.8;-1;1
2026.03.17 06:00;1.14790;1.14815;1.14656;1.14815;30.07;11.76;32.64;35.54;37.53;-0.144;NEUTRE;0;-69.7;-3;0
2026.03.17 05:00;1.14966;1.14989;1.14776;1.14790;27.46;13.57;26.05;30.00;37.62;-0.165;NEUTRE;0;-74.9;-3;0
2026.03.17 04:00;1.14915;1.14996;1.14889;1.14967;26.84;15.66;21.90;47.05;37.47;-0.011;NEUTRE;0;-17.2;0;0
2026.03.17 03:00;1.14948;1.15026;1.14915;1.14915;28.42;18.07;21.53;35.83;27.82;-0.057;NEUTRE;0;-65;-2;0
2026.03.17 02:00;1.14926;1.14983;1.14906;1.14948;31.45;14.89;24.84;29.53;21.22;-0.028;NEUTRE;0;-57.6;-2;0
2026.03.17 01:00;1.14921;1.14952;1.14861;1.14926;32.43;10.99;28.67;18.11;20.31;-0.047;NEUTRE;0;;;0
2026.03.17 00:00;1.14980;1.14981;1.14889;1.14921;30.57;12.68;28.34;16.03;29.14;-0.051;NEUTRE;0;;;0
2026.03.16 23:00;1.14986;1.14995;1.14945;1.14980;29.39;14.63;23.34;26.80;43.06;0.549;STRONG_UP;2;69.6;3;0
2026.03.16 22:00;1.15056;1.15056;1.14976;1.14986;30.39;16.88;17.39;44.59;57.74;0.554;STRONG_UP;2;70.6;3;0
2026.03.16 21:00;1.15052;1.15076;1.15013;1.15059;34.84;19.48;13.21;57.78;67.07;0.618;STRONG_UP;2;73.2;3;0
2026.03.16 20:00;1.15077;1.15102;1.15028;1.15058;37.24;22.48;11.57;70.86;73.16;0.617;STRONG_UP;2;74;3;0
2026.03.16 19:00;1.15182;1.15246;1.15057;1.15076;38.05;25.94;7.33;72.57;69.98;0.633;STRONG_UP;2;75.1;3;1
2026.03.16 18:00;1.14919;1.15234;1.14918;1.15182;35.29;28.95;8.45;76.06;68.48;0.726;EXPLOSIVE_UP;3;77.6;3;1
2026.03.16 17:00;1.14932;1.15036;1.14901;1.14919;32.29;23.76;9.75;61.29;69.82;0.496;STRONG_UP;2;73.1;3;1
2026.03.16 16:00;1.14861;1.14989;1.14773;1.14932;30.83;22.06;11.25;68.08;77.43;0.507;STRONG_UP;2;74.4;3;1
2026.03.16 15:00;1.14885;1.14999;1.14801;1.14866;30.59;25.46;10.99;80.07;84.20;0.449;STRONG_UP;2;73.5;3;1
2026.03.16 14:00;1.14999;1.15017;1.14799;1.14885;29.18;29.37;12.68;84.13;86.76;0.466;STRONG_UP;2;75.1;3;1
2026.03.16 13:00;1.14734;1.15006;1.14734;1.14999;27.57;33.12;14.63;88.42;89.59;0.566;STRONG_UP;2;78.5;3;1
2026.03.16 12:00;1.14789;1.14875;1.14719;1.14734;25.86;30.80;16.88;87.73;90.68;0.334;SOFT_UP;1;72.3;3;1
2026.03.16 11:00;1.14751;1.14869;1.14705;1.14791;25.34;34.95;19.48;92.63;83.95;0.384;SOFT_UP;1;75.7;3;1
2026.03.16 10:00;1.14497;1.14776;1.14474;1.14751;24.87;31.60;22.48;91.67;68.59;0.349;SOFT_UP;1;75.7;3;1
2026.03.16 09:00;1.14445;1.14523;1.14406;1.14497;26.10;23.57;25.94;67.56;45.34;0.127;NEUTRE;0;57.8;2;1
2026.03.16 08:00;1.14254;1.14450;1.14254;1.14445;29.38;17.60;29.93;46.54;29.66;0.081;NEUTRE;0;48.8;2;1
2026.03.16 07:00;1.14314;1.14345;1.14139;1.14254;29.91;12.07;34.53;21.94;28.49;-0.086;NEUTRE;0;-54.2;-2;1
2026.03.16 06:00;1.14342;1.14363;1.14238;1.14314;27.10;13.92;32.45;20.51;43.55;-0.033;NEUTRE;0;-31.8;-1;0
2026.03.16 05:00;1.14412;1.14432;1.14329;1.14342;25.12;16.06;26.25;43.03;63.29;-0.009;NEUTRE;0;-11.5;0;0
2026.03.16 04:00;1.14503;1.14510;1.14411;1.14412;25.29;18.54;18.03;67.11;77.76;0.052;NEUTRE;0;55.7;2;0
2026.03.16 03:00;1.14477;1.14537;1.14454;1.14503;28.96;21.39;14.13;79.74;85.39;0.132;NEUTRE;0;78.6;3;0
2026.03.16 02:00;1.14491;1.14512;1.14446;1.14477;30.28;20.04;16.30;86.44;86.77;0.109;NEUTRE;0;80.8;3;0
2026.03.16 01:00;1.14545;1.14562;1.14394;1.14491;33.35;23.13;18.81;89.99;78.93;0.122;NEUTRE;0;;;0
2026.03.16 00:00;1.14352;1.14552;1.14348;1.14545;36.89;25.77;21.70;83.87;61.48;0.169;NEUTRE;0;;;0
2026.03.15 23:00;1.14296;1.14354;1.14256;1.14353;41.25;14.80;25.04;62.93;40.28;0.139;NEUTRE;0;34.3;1;0
2026.03.15 22:00;1.14275;1.14386;1.14188;1.14296;43.64;17.08;28.89;37.63;22.19;0.089;NEUTRE;0;24.5;0;0
2026.03.15 21:00;1.14194;1.14288;1.14181;1.14267;46.41;12.09;33.34;20.29;12.99;0.064;NEUTRE;0;19;0;0
2026.03.13 20:00;1.14220;1.14224;1.14105;1.14155;46.35;6.55;38.47;8.66;10.33;-0.912;EXPLOSIVE_DOWN;-3;-79;-3;0
2026.03.13 19:00;1.14357;1.14366;1.14196;1.14220;42.58;7.56;32.62;10.03;12.38;-0.856;EXPLOSIVE_DOWN;-3;-78.9;-3;1
2026.03.13 18:00;1.14420;1.14425;1.14315;1.14357;39.53;8.72;26.87;12.30;13.84;-0.737;EXPLOSIVE_DOWN;-3;-77.8;-3;1
2026.03.13 17:00;1.14417;1.14459;1.14334;1.14419;37.77;10.06;28.35;14.81;21.22;-0.683;STRONG_DOWN;-2;-77.5;-3;1
2026.03.13 16:00;1.14428;1.14502;1.14359;1.14417;36.26;11.61;29.63;14.41;36.45;-0.685;STRONG_DOWN;-2;-78.3;-3;1
2026.03.13 15:00;1.14569;1.14608;1.14341;1.14428;35.11;13.40;34.19;34.44;56.80;-0.675;STRONG_DOWN;-2;-78.8;-3;1
2026.03.13 14:00;1.14787;1.14846;1.14551;1.14569;33.79;15.46;27.35;60.51;65.25;-0.553;STRONG_DOWN;-2;-77.3;-3;1
2026.03.13 13:00;1.14776;1.14897;1.14734;1.14786;34.72;17.84;22.01;75.46;58.98;-0.365;SOFT_DOWN;-1;-72.5;-3;1
2026.03.13 12:00;1.14681;1.14882;1.14607;1.14774;38.45;19.17;25.40;59.79;42.58;-0.375;SOFT_DOWN;-1;-74.1;-3;1
2026.03.13 11:00;1.14580;1.14706;1.14550;1.14681;42.21;12.27;29.31;41.68;28.34;-0.456;STRONG_DOWN;-2;-77.9;-3;1
2026.03.13 10:00;1.14529;1.14717;1.14517;1.14580;42.40;14.16;33.81;26.27;17.50;-0.543;STRONG_DOWN;-2;-80.7;-3;1
2026.03.13 09:00;1.14448;1.14612;1.14448;1.14529;42.62;8.26;39.02;17.08;9.97;-0.588;STRONG_DOWN;-2;-82.3;-3;1
2026.03.13 08:00;1.14575;1.14589;1.14326;1.14448;39.17;7.37;45.02;9.17;5.75;-0.658;STRONG_DOWN;-2;-83.8;-3;1
2026.03.13 07:00;1.14824;1.14833;1.14539;1.14575;34.14;8.51;39.49;3.66;5.98;-0.548;STRONG_DOWN;-2;-83.5;-3;1
2026.03.13 06:00;1.15004;1.15031;1.14819;1.14824;29.47;9.81;30.91;4.43;9.48;-0.332;SOFT_DOWN;-1;-80.9;-3;0
2026.03.13 05:00;1.15030;1.15062;1.14997;1.15004;26.03;11.32;22.75;9.85;14.99;-0.175;NEUTRE;0;-75.8;-3;0
2026.03.13 04:00;1.15089;1.15089;1.14997;1.15029;24.88;13.07;26.25;14.17;24.80;-0.154;NEUTRE;0;-77;-3;0
2026.03.13 03:00;1.15134;1.15154;1.15045;1.15089;23.55;15.08;22.26;20.95;39.92;-0.102;NEUTRE;0;-75.4;-3;0
2026.03.13 02:00;1.15161;1.15219;1.15108;1.15134;24.21;17.40;16.79;39.29;57.12;-0.062;NEUTRE;0;-74;-3;0
2026.03.13 01:00;1.15231;1.15294;1.15142;1.15161;27.66;20.07;14.66;59.53;58.47;-0.039;NEUTRE;0;;;0
2026.03.13 00:00;1.15206;1.15281;1.15200;1.15231;29.52;23.16;11.05;72.55;45.48;0.022;NEUTRE;0;;;0
2026.03.12 23:00;1.15187;1.15229;1.15147;1.15206;28.61;16.85;12.74;43.32;25.06;-0.189;NEUTRE;0;-42.8;-1;0
2026.03.12 22:00;1.15112;1.15213;1.15106;1.15187;30.88;16.44;14.71;20.58;14.16;-0.205;SOFT_DOWN;-1;-46.4;-2;0
2026.03.12 21:00;1.15109;1.15123;1.15101;1.15112;34.77;6.03;16.97;11.28;13.85;-0.270;SOFT_DOWN;-1;-55.4;-2;0
2026.03.12 20:00;1.15147;1.15159;1.15097;1.15113;32.80;6.95;19.58;10.63;17.22;-0.269;SOFT_DOWN;-1;-56.6;-2;0
2026.03.12 19:00;1.15118;1.15182;1.15103;1.15147;30.53;8.02;21.10;19.64;21.48;-0.240;SOFT_DOWN;-1;-54.9;-2;1
2026.03.12 18:00;1.15216;1.15240;1.15109;1.15118;28.32;9.26;23.18;21.39;20.88;-0.265;SOFT_DOWN;-1;-58.9;-2;1
2026.03.12 17:00;1.15218;1.15316;1.15191;1.15216;26.08;10.68;17.12;23.40;18.60;-0.180;NEUTRE;0;-50;-2;1
2026.03.12 16:00;1.15214;1.15323;1.15132;1.15218;26.53;12.33;19.75;17.85;15.32;-0.178;NEUTRE;0;-51.4;-2;1
2026.03.12 15:00;1.15201;1.15282;1.15107;1.15217;27.05;10.92;22.79;14.54;18.11;-0.179;NEUTRE;0;-53.4;-2;1
2026.03.12 14:00;1.15260;1.15329;1.15152;1.15203;25.79;12.60;22.34;13.57;29.52;-0.191;NEUTRE;0;-57;-2;1
2026.03.12 13:00;1.15389;1.15500;1.15198;1.15258;25.47;14.54;21.77;26.22;51.15;-0.144;NEUTRE;0;-51.3;-2;1
2026.03.12 12:00;1.15559;1.15572;1.15323;1.15389;26.33;16.78;18.76;48.78;69.06;-0.030;NEUTRE;0;-15.7;0;1
2026.03.12 11:00;1.15575;1.15659;1.15522;1.15559;29.52;19.36;9.35;78.44;80.69;0.117;NEUTRE;0;50.2;2;1
2026.03.12 10:00;1.15592;1.15625;1.15490;1.15575;28.70;18.52;10.78;79.95;79.56;0.131;NEUTRE;0;55.9;2;1
2026.03.12 09:00;1.15470;1.15609;1.15443;1.15593;29.05;19.54;12.44;83.70;74.19;0.146;NEUTRE;0;61.3;2;1
2026.03.12 08:00;1.15508;1.15557;1.15430;1.15470;30.11;17.73;14.36;75.04;58.10;0.040;NEUTRE;0;29.4;1;1
2026.03.12 07:00;1.15475;1.15525;1.15411;1.15508;33.12;16.58;16.57;63.83;40.15;0.073;NEUTRE;0;49.6;2;1
2026.03.12 06:00;1.15392;1.15512;1.15389;1.15475;38.21;17.38;19.11;35.44;24.16;0.044;NEUTRE;0;39.6;1;0
2026.03.12 05:00;1.15328;1.15449;1.15323;1.15392;43.36;12.17;22.06;21.19;21.81;-0.028;NEUTRE;0;-32.3;-1;0
2026.03.12 04:00;1.15381;1.15397;1.15316;1.15328;45.59;7.69;25.45;15.86;24.52;-0.083;NEUTRE;0;-66.8;-3;0
2026.03.12 03:00;1.15385;1.15400;1.15328;1.15381;44.36;8.87;27.08;28.39;28.33;-0.037;NEUTRE;0;-54.3;-2;0
2026.03.12 02:00;1.15505;1.15539;1.15319;1.15385;43.39;10.24;31.25;29.30;23.85;-0.034;NEUTRE;0;-62.4;-2;0
2026.03.12 01:00;1.15456;1.15553;1.15450;1.15505;42.28;11.82;26.90;27.30;20.86;0.070;NEUTRE;0;;;0
2026.03.12 00:00;1.15424;1.15497;1.15338;1.15456;42.79;5.27;31.04;14.96;22.53;0.028;NEUTRE;0;;;0
2026.03.11 23:00;1.15499;1.15533;1.15395;1.15424;38.45;6.08;30.30;20.33;36.03;-0.592;STRONG_DOWN;-2;-71;-3;0
2026.03.11 22:00;1.15730;1.15731;1.15493;1.15499;34.12;7.02;24.03;32.30;39.77;-0.527;STRONG_DOWN;-2;-69.7;-3;0
2026.03.11 21:00;1.15652;1.15731;1.15645;1.15730;30.94;8.09;17.90;55.45;37.76;-0.328;SOFT_DOWN;-1;-60.4;-2;0
2026.03.11 20:00;1.15728;1.15731;1.15646;1.15662;29.90;9.34;20.48;31.54;25.59;-0.387;SOFT_DOWN;-1;-65.4;-3;0
2026.03.11 19:00;1.15713;1.15759;1.15678;1.15728;28.75;10.78;17.84;26.30;19.32;-0.330;SOFT_DOWN;-1;-62.9;-2;1
2026.03.11 18:00;1.15709;1.15741;1.15638;1.15713;29.37;9.02;20.58;18.92;13.83;-0.343;SOFT_DOWN;-1;-65;-3;1
2026.03.11 17:00;1.15706;1.15762;1.15605;1.15709;27.88;10.40;23.75;12.74;12.94;-0.346;SOFT_DOWN;-1;-66.4;-3;1
2026.03.11 16:00;1.15659;1.15764;1.15627;1.15706;26.16;12.00;25.25;9.81;15.53;-0.349;SOFT_DOWN;-1;-67.9;-3;1
2026.03.11 15:00;1.15815;1.15839;1.15652;1.15659;24.71;13.85;26.32;16.26;18.09;-0.389;SOFT_DOWN;-1;-71.1;-3;1
2026.03.11 14:00;1.15913;1.16125;1.15807;1.15815;23.74;15.98;17.62;20.52;18.36;-0.255;SOFT_DOWN;-1;-64;-2;1
2026.03.11 13:00;1.15823;1.15931;1.15775;1.15914;26.64;9.05;20.33;17.50;16.17;-0.170;NEUTRE;0;-55.8;-2;1
2026.03.11 12:00;1.15943;1.16055;1.15771;1.15822;24.84;10.45;23.46;17.05;16.42;-0.249;SOFT_DOWN;-1;-66.8;-3;1
2026.03.11 11:00;1.16067;1.16105;1.15941;1.15942;22.75;12.05;17.86;13.96;14.50;-0.146;NEUTRE;0;-56.2;-2;1
2026.03.11 10:00;1.15917;1.16114;1.15907;1.16067;23.27;13.91;20.61;18.26;19.35;-0.038;NEUTRE;0;-23.2;0;1
2026.03.11 09:00;1.16123;1.16137;1.15898;1.15917;23.86;16.05;23.78;11.27;29.87;-0.167;NEUTRE;0;-64.4;-2;1
2026.03.11 08:00;1.16167;1.16211;1.16032;1.16123;24.55;18.52;18.81;28.53;54.02;0.010;NEUTRE;0;8;0;1
2026.03.11 07:00;1.16330;1.16452;1.16131;1.16167;28.20;21.37;13.19;49.81;75.19;0.048;NEUTRE;0;37.7;1;1
2026.03.11 06:00;1.16326;1.16405;1.16295;1.16330;28.90;24.65;7.36;83.73;89.30;0.189;NEUTRE;0;74.3;3;0
2026.03.11 05:00;1.16333;1.16358;1.16297;1.16326;25.04;21.87;8.49;92.02;92.10;0.185;NEUTRE;0;76.5;3;0
2026.03.11 04:00;1.16299;1.16349;1.16277;1.16333;22.12;22.97;9.80;92.16;89.42;0.191;NEUTRE;0;79.5;3;0
2026.03.11 03:00;1.16257;1.16315;1.16248;1.16299;19.34;19.23;11.31;92.11;80.30;0.162;NEUTRE;0;80.7;3;0
2026.03.11 02:00;1.16266;1.16290;1.16182;1.16257;18.32;16.45;13.05;83.99;58.93;0.126;NEUTRE;0;82;3;0
2026.03.11 01:00;1.16174;1.16279;1.16121;1.16266;19.36;17.42;15.06;64.79;34.87;0.133;NEUTRE;0;;;0
2026.03.11 00:00;1.16111;1.16246;1.16053;1.16174;21.22;16.88;17.37;28.00;15.35;0.054;NEUTRE;0;;;0
2026.03.10 23:00;1.16047;1.16117;1.16046;1.16111;24.27;9.20;20.05;11.82;8.93;-0.044;NEUTRE;0;-12.2;0;0
2026.03.10 22:00;1.16101;1.16127;1.16026;1.16047;22.30;10.61;23.13;6.23;9.15;-0.099;NEUTRE;0;-26.9;-1;0
2026.03.10 21:00;1.16063;1.16113;1.16053;1.16101;20.02;12.25;22.57;8.74;14.96;-0.053;NEUTRE;0;-15.9;0;0
2026.03.10 20:00;1.16140;1.16150;1.16075;1.16096;18.54;14.13;20.41;12.47;27.49;-0.057;NEUTRE;0;-17.8;0;0
2026.03.10 19:00;1.16241;1.16283;1.16062;1.16140;18.59;16.30;23.55;23.66;46.41;-0.019;NEUTRE;0;-6.4;0;1
2026.03.10 18:00;1.16448;1.16456;1.16135;1.16241;18.66;18.81;22.09;46.35;66.63;0.068;NEUTRE;0;23.1;0;1
2026.03.10 17:00;1.16514;1.16669;1.16411;1.16448;20.30;21.71;12.26;69.24;72.18;0.246;SOFT_UP;1;58.5;2;1
2026.03.10 16:00;1.16472;1.16542;1.16387;1.16514;19.14;17.47;14.14;84.32;65.13;0.303;SOFT_UP;1;64.9;2;1
2026.03.10 15:00;1.16480;1.16548;1.16394;1.16472;20.46;20.16;15.62;62.99;48.98;0.267;SOFT_UP;1;63.5;2;1
2026.03.10 14:00;1.16322;1.16500;1.16267;1.16480;21.66;18.47;18.03;48.10;41.36;0.274;SOFT_UP;1;65.6;3;1
2026.03.10 13:00;1.16341;1.16485;1.16288;1.16321;24.81;21.31;19.41;35.87;43.84;0.137;NEUTRE;0;49.9;2;1
2026.03.10 12:00;1.16382;1.16405;1.16211;1.16342;27.91;18.34;22.40;40.12;53.34;0.155;NEUTRE;0;55.5;2;1
2026.03.10 11:00;1.16392;1.16527;1.16359;1.16380;30.67;21.16;14.11;55.52;66.61;0.188;NEUTRE;0;62.6;2;1
2026.03.10 10:00;1.16511;1.16514;1.16200;1.16392;32.31;23.23;16.28;64.37;75.42;0.198;SOFT_UP;1;65.9;3;1
2026.03.10 09:00;1.16455;1.16587;1.16435;1.16510;34.57;26.80;7.27;79.94;81.95;0.300;SOFT_UP;1;75.1;3;1
2026.03.10 08:00;1.16602;1.16615;1.16428;1.16455;31.07;30.92;8.39;81.96;73.06;0.252;SOFT_UP;1;74.3;3;1
2026.03.10 07:00;1.16322;1.16633;1.16274;1.16602;27.04;35.68;9.68;83.95;54.12;0.379;SOFT_UP;1;80.7;3;1
2026.03.10 06:00;1.16200;1.16373;1.16200;1.16322;22.38;30.03;11.17;53.28;29.12;0.138;NEUTRE;0;68.9;3;0
2026.03.10 05:00;1.16114;1.16200;1.16112;1.16200;18.78;19.26;12.89;25.13;15.45;0.033;NEUTRE;0;36.6;1;0
2026.03.10 04:00;1.16092;1.16139;1.16066;1.16114;18.62;11.56;14.87;8.95;15.77;-0.041;NEUTRE;0;-49.1;-2;0
2026.03.10 03:00;1.16128;1.16154;1.16075;1.16092;19.55;13.34;15.26;12.28;28.59;-0.060;NEUTRE;0;-66.1;-3;0
2026.03.10 02:00;1.16197;1.16266;1.16113;1.16128;21.53;15.40;10.21;26.09;45.68;-0.029;NEUTRE;0;-58.5;-2;0
2026.03.10 01:00;1.16259;1.16295;1.16115;1.16197;21.73;17.76;11.58;47.39;62.87;0.030;NEUTRE;0;;;0
2026.03.10 00:00;1.16162;1.16352;1.16112;1.16258;21.83;20.50;13.36;63.55;77.44;0.083;NEUTRE;0;;;0
2026.03.09 23:00;1.16294;1.16311;1.16144;1.16162;21.94;21.02;15.42;77.68;84.86;0.800;EXPLOSIVE_UP;3;75.7;3;0
2026.03.09 22:00;1.16367;1.16454;1.16221;1.16294;22.95;24.26;10.70;91.07;82.95;0.915;EXPLOSIVE_UP;3;78;3;0
2026.03.09 21:00;1.16347;1.16367;1.16297;1.16367;20.52;22.24;12.34;85.83;72.14;0.978;EXPLOSIVE_UP;3;79.2;3;0
2026.03.09 20:00;1.16086;1.16367;1.16084;1.16354;19.27;25.67;14.24;71.96;65.04;0.967;EXPLOSIVE_UP;3;79.6;3;0
2026.03.09 19:00;1.15761;1.16334;1.15750;1.16085;17.83;27.82;16.43;58.62;66.73;0.733;EXPLOSIVE_UP;3;77;3;1
2026.03.09 18:00;1.15784;1.15839;1.15754;1.15761;16.61;19.06;18.96;64.55;73.62;0.452;STRONG_UP;2;70.5;3;1
2026.03.09 17:00;1.15873;1.15892;1.15781;1.15784;19.13;21.99;16.99;77.02;78.75;0.472;STRONG_UP;2;72.3;3;1
2026.03.09 16:00;1.15912;1.15990;1.15849;1.15873;20.09;25.38;10.18;79.30;76.44;0.549;STRONG_UP;2;75.5;3;1
2026.03.09 15:00;1.15730;1.15934;1.15719;1.15912;16.61;23.17;11.74;79.94;74.92;0.583;STRONG_UP;2;77.1;3;1
2026.03.09 14:00;1.15755;1.15777;1.15471;1.15726;14.13;15.50;13.55;70.07;73.05;0.422;STRONG_UP;2;73.6;3;1
2026.03.09 13:00;1.15532;1.15875;1.15520;1.15757;15.27;17.88;13.17;74.75;74.62;0.449;STRONG_UP;2;75.6;3;1
2026.03.09 12:00;1.15611;1.15681;1.15497;1.15529;15.29;12.23;15.20;74.32;69.72;0.251;SOFT_UP;1;67;3;1
2026.03.09 11:00;1.15600;1.15676;1.15548;1.15609;15.97;14.11;13.27;74.78;65.97;0.320;SOFT_UP;1;73;3;1
2026.03.09 10:00;1.15537;1.15646;1.15466;1.15600;17.96;12.68;15.31;60.06;61.03;0.312;SOFT_UP;1;74.1;3;1
2026.03.09 09:00;1.15344;1.15728;1.15306;1.15537;19.27;14.63;17.67;63.08;67.46;0.258;SOFT_UP;1;72.8;3;1
2026.03.09 08:00;1.15633;1.15649;1.15149;1.15343;20.79;14.00;20.39;59.94;71.81;0.089;NEUTRE;0;51.4;2;1
2026.03.09 07:00;1.15445;1.15648;1.15351;1.15632;21.12;16.15;17.31;79.35;76.11;0.340;SOFT_UP;1;79.6;3;1
2026.03.09 06:00;1.15672;1.15689;1.15444;1.15445;23.84;18.63;15.15;76.12;64.59;0.178;NEUTRE;0;73.3;3;0
2026.03.09 05:00;1.15257;1.15711;1.15235;1.15672;25.92;21.50;17.49;72.85;46.92;0.375;SOFT_UP;1;83.3;3;0
2026.03.09 04:00;1.15163;1.15293;1.15155;1.15255;28.33;11.30;20.18;44.80;26.18;0.013;NEUTRE;0;20.1;0;0
2026.03.09 03:00;1.15246;1.15286;1.15124;1.15163;28.35;12.26;23.28;23.10;12.07;-0.067;NEUTRE;0;-68.3;-3;0
2026.03.09 02:00;1.15089;1.15279;1.15080;1.15246;27.93;13.48;26.86;10.64;5.95;0.005;NEUTRE;0;15.7;0;0
2026.03.09 01:00;1.15169;1.15236;1.15069;1.15089;27.13;12.22;30.99;2.46;4.46;-0.131;NEUTRE;0;;;0
2026.03.09 00:00;1.15240;1.15312;1.15158;1.15169;24.62;14.11;27.56;4.73;9.86;-0.062;NEUTRE;0;;;0
2026.03.08 23:00;1.15354;1.15396;1.15210;1.15240;23.44;16.28;26.61;6.17;20.47;-0.174;NEUTRE;0;-40.4;-1;0
2026.03.08 22:00;1.15463;1.15519;1.15257;1.15354;23.33;18.78;26.82;18.68;40.65;-0.075;NEUTRE;0;-21;0;0
2026.03.08 21:00;1.15441;1.15552;1.15430;1.15468;24.21;21.67;20.78;36.55;56.20;0.023;NEUTRE;0;7;0;0
2026.03.06 21:00;1.16056;1.16180;1.16048;1.16161;27.62;25.00;10.97;66.72;66.94;0.084;NEUTRE;0;24.3;0;0
2026.03.06 20:00;1.16010;1.16096;1.15953;1.16056;25.87;19.06;12.66;65.33;70.44;-0.007;NEUTRE;0;-2.3;0;0
2026.03.06 19:00;1.15982;1.16093;1.15964;1.16009;26.74;21.99;13.43;68.79;74.98;-0.047;NEUTRE;0;-15.6;0;1
2026.03.06 18:00;1.15955;1.16211;1.15924;1.15982;27.14;25.37;15.49;77.19;76.77;-0.071;NEUTRE;0;-24;0;1
2026.03.06 17:00;1.16050;1.16092;1.15944;1.15955;27.59;22.90;17.87;78.95;65.70;-0.094;NEUTRE;0;-31.9;-1;1
2026.03.06 16:00;1.15791;1.16128;1.15785;1.16052;29.94;26.42;20.62;74.16;46.26;-0.010;NEUTRE;0;-4;0;1
2026.03.06 15:00;1.15717;1.15925;1.15701;1.15793;32.65;21.38;23.80;44.00;23.23;-0.233;SOFT_DOWN;-1;-60.3;-2;1
2026.03.06 14:00;1.15548;1.15743;1.15457;1.15717;36.85;12.17;27.46;20.62;10.73;-0.299;SOFT_DOWN;-1;-67.4;-3;1
2026.03.06 13:00;1.15544;1.15924;1.15502;1.15548;36.58;14.04;29.26;5.06;6.21;-0.445;STRONG_DOWN;-2;-75.5;-3;1
2026.03.06 12:00;1.15621;1.15685;1.15519;1.15546;36.80;7.49;33.76;6.51;7.67;-0.446;STRONG_DOWN;-2;-76.6;-3;1
2026.03.06 11:00;1.15781;1.15809;1.15607;1.15621;32.66;8.64;30.80;7.07;12.06;-0.382;SOFT_DOWN;-1;-75.7;-3;1
2026.03.06 10:00;1.15739;1.15845;1.15725;1.15781;29.05;9.97;26.55;9.43;23.57;-0.244;SOFT_DOWN;-1;-70;-3;1
2026.03.06 09:00;1.16026;1.16026;1.15714;1.15739;26.53;11.50;30.64;19.67;34.91;-0.280;SOFT_DOWN;-1;-74.1;-3;1
2026.03.06 08:00;1.16143;1.16143;1.16012;1.16026;23.62;13.27;20.66;41.61;40.78;-0.033;NEUTRE;0;-24.9;0;1
2026.03.06 07:00;1.16114;1.16178;1.16061;1.16143;23.91;15.32;18.08;43.46;44.54;0.068;NEUTRE;0;47.6;2;1
2026.03.06 06:00;1.16060;1.16117;1.16014;1.16114;26.32;9.65;20.86;37.28;55.23;0.043;NEUTRE;0;38.9;1;0
2026.03.06 05:00;1.16132;1.16163;1.16053;1.16060;24.71;11.13;18.25;52.87;69.77;-0.003;NEUTRE;0;-3.9;0;0
2026.03.06 04:00;1.16198;1.16208;1.16127;1.16132;24.79;12.85;10.70;75.54;80.03;0.059;NEUTRE;0;59;2;0
2026.03.06 03:00;1.16161;1.16204;1.16158;1.16198;27.20;14.82;6.46;80.90;84.08;0.115;NEUTRE;0;77;3;0
2026.03.06 02:00;1.16146;1.16203;1.16140;1.16161;25.34;16.77;7.46;83.65;87.65;0.084;NEUTRE;0;78.1;3;0
2026.03.06 01:00;1.16106;1.16200;1.16066;1.16146;23.33;18.62;8.60;87.69;90.50;0.071;NEUTRE;0;;;0
2026.03.06 00:00;1.16064;1.16141;1.16050;1.16106;21.26;14.71;9.93;91.61;91.73;0.036;NEUTRE;0;;;0
2026.03.05 23:00;1.16070;1.16100;1.16029;1.16064;21.54;10.04;11.46;92.18;84.11;-0.242;SOFT_DOWN;-1;-49.9;-2;0
2026.03.05 22:00;1.16055;1.16087;1.16042;1.16070;23.85;11.59;13.22;91.40;72.44;-0.236;SOFT_DOWN;-1;-50.4;-2;0
2026.03.05 21:00;1.16045;1.16101;1.16015;1.16077;26.50;13.37;15.25;68.75;56.04;-0.230;SOFT_DOWN;-1;-51;-2;0
2026.03.05 20:00;1.15726;1.16102;1.15699;1.16045;29.57;15.42;17.60;57.16;47.98;-0.258;SOFT_DOWN;-1;-55.5;-2;0
2026.03.05 19:00;1.15856;1.15877;1.15697;1.15726;33.10;9.21;20.31;42.20;41.02;-0.532;STRONG_DOWN;-2;-72.4;-3;1
2026.03.05 18:00;1.15875;1.15913;1.15708;1.15857;32.41;10.62;22.49;44.58;37.55;-0.419;STRONG_DOWN;-2;-69.1;-3;1
2026.03.05 17:00;1.15835;1.15916;1.15721;1.15876;31.88;12.26;24.97;36.27;30.33;-0.403;SOFT_DOWN;-1;-69.5;-3;1
2026.03.05 16:00;1.15827;1.15865;1.15586;1.15835;31.53;10.12;28.82;31.79;30.73;-0.438;STRONG_DOWN;-2;-72;-3;1
2026.03.05 15:00;1.16027;1.16089;1.15687;1.15827;29.00;11.68;27.68;22.93;34.23;-0.445;STRONG_DOWN;-2;-73.3;-3;1
2026.03.05 14:00;1.15971;1.16086;1.15921;1.16024;27.20;13.47;22.98;37.47;43.87;-0.276;SOFT_DOWN;-1;-65.8;-3;1
2026.03.05 13:00;1.16200;1.16241;1.15892;1.15971;27.38;15.55;26.52;42.31;49.04;-0.321;SOFT_DOWN;-1;-70.2;-3;1
2026.03.05 12:00;1.16110;1.16245;1.16071;1.16202;27.58;17.94;22.71;51.82;53.09;-0.123;NEUTRE;0;-49.1;-2;1
2026.03.05 11:00;1.16106;1.16171;1.16034;1.16110;30.01;14.16;26.20;52.98;54.08;-0.202;SOFT_DOWN;-1;-64.2;-2;1
2026.03.05 10:00;1.16224;1.16314;1.16060;1.16105;30.04;16.33;27.31;54.48;51.38;-0.206;SOFT_DOWN;-1;-66.7;-3;1
2026.03.05 09:00;1.15983;1.16443;1.15961;1.16224;30.79;18.85;31.51;54.79;42.12;-0.104;NEUTRE;0;-52.5;-2;1
2026.03.05 08:00;1.16045;1.16046;1.15812;1.15983;31.66;9.07;36.36;44.87;29.22;-0.311;SOFT_DOWN;-1;-77.1;-3;1
2026.03.05 07:00;1.16064;1.16157;1.15988;1.16045;27.29;10.47;30.38;26.69;15.94;-0.258;SOFT_DOWN;-1;-76.5;-3;1
2026.03.05 06:00;1.15942;1.16158;1.15873;1.16064;23.99;12.08;35.06;16.09;10.07;-0.242;SOFT_DOWN;-1;-77.6;-3;0
2026.03.05 05:00;1.16081;1.16135;1.15937;1.15942;20.18;13.94;37.00;5.03;8.29;-0.346;SOFT_DOWN;-1;-82.7;-3;0
2026.03.05 04:00;1.16126;1.16144;1.16052;1.16081;16.32;16.08;33.75;9.07;19.20;-0.227;SOFT_DOWN;-1;-81.1;-3;0
2026.03.05 03:00;1.16254;1.16274;1.16096;1.16129;13.37;18.56;31.59;10.76;33.86;-0.186;NEUTRE;0;-81.9;-3;0
2026.03.05 02:00;1.16278;1.16316;1.16221;1.16254;11.43;21.41;25.65;37.78;53.32;-0.078;NEUTRE;0;-77.2;-3;0
2026.03.05 01:00;1.16447;1.16472;1.16268;1.16278;11.81;24.71;21.98;53.04;59.09;-0.058;NEUTRE;0;;;0
2026.03.05 00:00;1.16345;1.16450;1.16317;1.16447;12.73;28.51;21.67;69.14;62.24;0.088;NEUTRE;0;;;0
2026.03.04 23:00;1.16342;1.16388;1.16334;1.16345;12.59;25.72;25.00;55.09;62.89;0.206;SOFT_UP;1;45.3;2;0
2026.03.04 22:00;1.16261;1.16344;1.16253;1.16343;14.31;17.15;28.85;62.50;64.06;0.204;SOFT_UP;1;46.3;2;0
2026.03.04 21:00;1.16399;1.16413;1.16339;1.16345;12.59;19.78;18.90;71.09;59.86;0.206;SOFT_UP;1;47.9;2;0
2026.03.04 20:00;1.16394;1.16434;1.16380;1.16400;14.18;22.83;13.29;58.60;50.94;0.253;SOFT_UP;1;54.9;2;0
2026.03.04 19:00;1.16241;1.16408;1.16241;1.16394;12.30;18.93;15.33;49.89;49.85;0.248;SOFT_UP;1;55.8;2;1
2026.03.04 18:00;1.16326;1.16331;1.16231;1.16240;12.57;14.79;17.69;44.33;50.05;0.115;NEUTRE;0;35.7;1;1
2026.03.04 17:00;1.16369;1.16433;1.16261;1.16326;13.13;17.07;15.80;55.31;53.20;0.189;NEUTRE;0;51.4;2;1
2026.03.04 16:00;1.16398;1.16457;1.16283;1.16369;14.56;19.70;16.26;50.50;53.01;0.227;SOFT_UP;1;58;2;1
2026.03.04 15:00;1.16244;1.16401;1.16163;1.16398;15.32;17.78;18.76;53.79;57.58;0.251;SOFT_UP;1;62.1;2;1
2026.03.04 14:00;1.16308;1.16408;1.16204;1.16246;17.27;20.51;18.99;54.74;62.69;0.121;NEUTRE;0;44.2;1;1
2026.03.04 13:00;1.16301;1.16519;1.16299;1.16308;19.33;23.67;14.75;64.21;67.09;0.174;NEUTRE;0;56.5;2;1
2026.03.04 12:00;1.16349;1.16483;1.16258;1.16301;18.74;24.79;17.02;69.13;64.49;0.168;NEUTRE;0;57.6;2;1
2026.03.04 11:00;1.16340;1.16543;1.16305;1.16349;18.76;28.60;16.43;67.91;58.44;0.209;SOFT_UP;1;65;2;1
2026.03.04 10:00;1.16084;1.16468;1.16083;1.16341;17.49;28.16;18.95;56.44;54.99;0.202;SOFT_UP;1;66.3;3;1
2026.03.04 09:00;1.15993;1.16196;1.15918;1.16083;17.17;21.62;21.87;50.97;58.81;-0.020;NEUTRE;0;-14.1;0;1
2026.03.04 08:00;1.16155;1.16166;1.15947;1.15993;19.73;23.29;25.23;57.56;62.13;-0.097;NEUTRE;0;-53.8;-2;1
2026.03.04 07:00;1.16104;1.16279;1.16104;1.16155;22.14;26.87;18.09;67.91;63.51;0.042;NEUTRE;0;34.1;1;1
2026.03.04 06:00;1.15950;1.16174;1.15894;1.16104;22.54;21.77;20.87;60.92;60.53;-0.002;NEUTRE;0;-2.2;0;0
2026.03.04 05:00;1.15927;1.15986;1.15867;1.15950;25.69;14.79;24.08;61.70;58.72;-0.134;NEUTRE;0;-71.7;-3;0
2026.03.04 04:00;1.16082;1.16101;1.15899;1.15928;25.96;17.07;23.65;58.98;49.72;-0.153;NEUTRE;0;-76.9;-3;0
2026.03.04 03:00;1.15977;1.16089;1.15949;1.16082;27.47;19.69;23.48;55.48;39.92;-0.021;NEUTRE;0;-38.3;-1;0
2026.03.04 02:00;1.15935;1.16040;1.15910;1.15977;30.35;17.34;27.09;34.71;33.13;-0.111;NEUTRE;0;-80.9;-3;0
2026.03.04 01:00;1.15927;1.15972;1.15745;1.15935;31.64;11.96;31.26;29.56;40.60;-0.147;NEUTRE;0;;;0
2026.03.04 00:00;1.16106;1.16108;1.15919;1.15926;29.63;13.80;24.27;35.13;54.77;-0.155;NEUTRE;0;;;0
2026.03.03 23:00;1.16111;1.16201;1.16085;1.16105;29.96;15.92;14.50;57.11;70.17;-0.717;EXPLOSIVE_DOWN;-3;-74.1;-3;0
2026.03.03 22:00;1.16097;1.16149;1.16097;1.16111;33.85;11.47;16.73;72.06;80.59;-0.711;STRONG_DOWN;-2;-74.6;-3;0
2026.03.03 21:00;1.16171;1.16180;1.16095;1.16118;36.19;13.23;19.30;81.35;84.44;-0.705;STRONG_DOWN;-2;-75.2;-3;0
2026.03.03 20:00;1.16121;1.16243;1.16107;1.16171;38.88;15.27;20.10;88.37;85.11;-0.660;STRONG_DOWN;-2;-74.9;-3;0
2026.03.03 19:00;1.16153;1.16256;1.15994;1.16122;42.77;17.62;23.19;83.61;78.55;-0.702;STRONG_DOWN;-2;-76.5;-3;1
2026.03.03 18:00;1.15902;1.16218;1.15897;1.16153;47.25;18.10;26.76;83.34;68.47;-0.676;STRONG_DOWN;-2;-76.7;-3;1
2026.03.03 17:00;1.16028;1.16032;1.15865;1.15901;51.55;11.97;30.87;68.71;50.46;-0.891;EXPLOSIVE_DOWN;-3;-80.4;-3;1
2026.03.03 16:00;1.15724;1.16056;1.15689;1.16027;52.69;13.81;35.62;53.35;36.20;-0.783;EXPLOSIVE_DOWN;-3;-79.7;-3;1
2026.03.03 15:00;1.15673;1.15849;1.15300;1.15724;54.00;7.26;41.10;29.32;27.60;-1.042;EXPLOSIVE_DOWN;-3;-82.7;-3;1
2026.03.03 14:00;1.15902;1.15993;1.15647;1.15673;51.55;8.37;37.70;25.93;24.80;-1.086;EXPLOSIVE_DOWN;-3;-83.5;-3;1
2026.03.03 13:00;1.16125;1.16148;1.15898;1.15902;49.68;9.66;32.34;27.57;19.43;-0.890;EXPLOSIVE_DOWN;-3;-82.6;-3;1
2026.03.03 12:00;1.15971;1.16151;1.15899;1.16125;49.02;11.15;37.26;20.91;12.24;-0.699;STRONG_DOWN;-2;-81.3;-3;1
2026.03.03 11:00;1.15915;1.16032;1.15817;1.15971;48.26;5.60;42.99;9.80;7.25;-0.831;EXPLOSIVE_DOWN;-3;-83.3;-3;1
2026.03.03 10:00;1.16052;1.16126;1.15888;1.15915;43.85;6.46;44.52;6.01;6.59;-0.879;EXPLOSIVE_DOWN;-3;-84.2;-3;1
2026.03.03 09:00;1.16225;1.16287;1.15982;1.16052;39.11;7.45;45.30;5.94;6.98;-0.762;EXPLOSIVE_DOWN;-3;-84;-3;1
2026.03.03 08:00;1.16432;1.16459;1.16175;1.16225;34.09;8.60;42.53;7.81;8.28;-0.614;STRONG_DOWN;-2;-83.4;-3;1
2026.03.03 07:00;1.16689;1.16689;1.16423;1.16432;29.12;9.92;35.64;7.18;8.52;-0.437;STRONG_DOWN;-2;-81.9;-3;1
2026.03.03 06:00;1.16663;1.16713;1.16617;1.16689;24.92;11.45;29.90;9.86;13.55;-0.217;SOFT_DOWN;-1;-76.2;-3;0
2026.03.03 05:00;1.16807;1.16846;1.16648;1.16663;21.89;13.21;29.54;8.51;23.57;-0.239;SOFT_DOWN;-1;-79.5;-3;0
2026.03.03 04:00;1.16900;1.16933;1.16789;1.16807;19.38;15.25;23.13;22.28;36.93;-0.116;NEUTRE;0;-73;-3;0
2026.03.03 03:00;1.16940;1.16972;1.16860;1.16900;19.21;17.59;19.10;39.91;45.85;-0.037;NEUTRE;0;-54.3;-2;0
2026.03.03 02:00;1.16964;1.16987;1.16856;1.16940;21.53;20.30;22.04;48.61;45.49;-0.003;NEUTRE;0;-9.6;0;0
2026.03.03 01:00;1.16949;1.17066;1.16919;1.16965;24.21;23.42;18.03;49.02;40.56;0.019;NEUTRE;0;;;0
2026.03.03 00:00;1.16943;1.16954;1.16862;1.16949;25.93;15.30;20.80;38.84;35.47;0.005;NEUTRE;0;;;0
2026.03.02 23:00;1.16858;1.16979;1.16857;1.16943;27.58;17.66;24.00;33.81;41.42;-0.548;STRONG_DOWN;-2;-69.6;-3;0
2026.03.02 22:00;1.16861;1.16910;1.16844;1.16858;29.48;11.67;27.69;33.75;49.37;-0.620;STRONG_DOWN;-2;-72.5;-3;0
2026.03.02 21:00;1.16898;1.16949;1.16888;1.16897;27.75;13.47;21.70;56.70;59.75;-0.587;STRONG_DOWN;-2;-72.4;-3;0
2026.03.02 20:00;1.17108;1.17129;1.16781;1.16898;28.42;15.54;25.04;57.66;56.04;-0.586;STRONG_DOWN;-2;-73.1;-3;0
2026.03.02 19:00;1.16941;1.17131;1.16935;1.17108;29.19;17.93;22.08;64.89;46.96;-0.407;SOFT_DOWN;-1;-67.5;-3;1
2026.03.02 18:00;1.17067;1.17071;1.16866;1.16941;32.09;15.98;25.48;45.56;33.04;-0.549;STRONG_DOWN;-2;-73.8;-3;1
2026.03.02 17:00;1.16893;1.17075;1.16864;1.17067;33.50;18.44;29.40;30.43;23.11;-0.442;STRONG_DOWN;-2;-71.2;-3;1
2026.03.02 16:00;1.16798;1.16940;1.16714;1.16893;35.13;11.43;33.92;23.14;19.79;-0.590;STRONG_DOWN;-2;-76.5;-3;1
2026.03.02 15:00;1.17171;1.17171;1.16795;1.16798;32.90;13.19;33.62;15.76;21.85;-0.671;STRONG_DOWN;-2;-78.8;-3;1
2026.03.02 14:00;1.16983;1.17236;1.16946;1.17171;31.25;15.22;32.62;20.48;32.84;-0.354;SOFT_DOWN;-1;-70.7;-3;1
2026.03.02 13:00;1.17034;1.17180;1.16950;1.16983;30.46;14.59;37.63;29.31;43.91;-0.514;STRONG_DOWN;-2;-77.3;-3;1
2026.03.02 12:00;1.17329;1.17336;1.17017;1.17034;28.36;16.83;38.94;48.71;47.50;-0.470;STRONG_DOWN;-2;-77.2;-3;1
2026.03.02 11:00;1.17383;1.17409;1.17260;1.17329;26.62;19.42;33.21;53.72;40.08;-0.219;SOFT_DOWN;-1;-66;-3;1
2026.03.02 10:00;1.17328;1.17469;1.17325;1.17383;26.69;22.41;31.61;40.08;27.41;-0.173;NEUTRE;0;-62.8;-2;1
2026.03.02 09:00;1.17221;1.17434;1.17209;1.17328;28.17;22.12;36.48;26.46;16.72;-0.220;SOFT_DOWN;-1;-70;-3;1
2026.03.02 08:00;1.17160;1.17235;1.16978;1.17221;28.74;11.91;42.09;15.71;15.91;-0.311;SOFT_DOWN;-1;-77.1;-3;1
2026.03.02 07:00;1.17320;1.17340;1.17031;1.17160;24.56;13.75;45.39;8.00;29.91;-0.363;SOFT_DOWN;-1;-80.3;-3;1
2026.03.02 06:00;1.17659;1.17663;1.17299;1.17320;20.11;15.86;39.03;24.02;54.31;-0.227;SOFT_DOWN;-1;-76.8;-3;0
2026.03.02 05:00;1.17861;1.17861;1.17659;1.17659;16.71;18.30;29.82;57.71;70.34;0.061;NEUTRE;0;54;2;0
2026.03.02 04:00;1.17884;1.17900;1.17816;1.17861;15.60;21.12;22.45;81.21;68.65;0.233;SOFT_UP;1;81.3;3;0
2026.03.02 03:00;1.17884;1.17955;1.17880;1.17884;17.52;24.36;14.18;72.09;51.38;0.253;SOFT_UP;1;84;3;0
2026.03.02 02:00;1.17916;1.17931;1.17806;1.17884;16.15;23.19;16.36;52.64;34.01;0.253;SOFT_UP;1;86;3;0
2026.03.02 01:00;1.17770;1.17940;1.17750;1.17916;15.98;26.76;18.88;29.40;21.61;0.280;SOFT_UP;1;;;0
2026.03.02 00:00;1.17587;1.17778;1.17558;1.17770;15.79;17.76;21.78;19.99;21.88;0.156;NEUTRE;0;;;0
2026.03.01 23:00;1.17736;1.17874;1.17566;1.17587;16.65;20.49;24.58;15.45;33.30;-0.061;NEUTRE;0;-16.6;0;0
2026.03.01 22:00;1.17659;1.17772;1.17568;1.17750;17.82;18.55;28.36;30.21;51.07;0.077;NEUTRE;0;21.5;0;0
2026.02.27 21:00;1.18156;1.18180;1.18109;1.18143;17.34;21.40;18.24;54.23;65.65;0.097;NEUTRE;0;27.5;1;0
2026.02.27 20:00;1.18188;1.18256;1.18148;1.18156;18.78;24.69;12.60;68.76;73.99;0.108;NEUTRE;0;31.3;1;0
2026.02.27 19:00;1.18176;1.18224;1.18164;1.18188;16.68;23.93;14.54;73.96;76.43;0.135;NEUTRE;0;38.7;1;1
2026.02.27 18:00;1.18162;1.18187;1.18110;1.18177;15.49;18.13;16.78;79.27;72.92;0.125;NEUTRE;0;38;1;1
2026.02.27 17:00;1.18217;1.18265;1.18152;1.18162;17.28;20.91;10.97;76.05;58.14;0.113;NEUTRE;0;36.8;1;1
2026.02.27 16:00;1.18067;1.18248;1.18053;1.18217;15.14;21.82;12.65;63.43;40.98;0.159;NEUTRE;0;48.2;2;1
2026.02.27 15:00;1.17967;1.18167;1.17960;1.18067;13.38;18.78;14.60;34.94;27.98;0.032;NEUTRE;0;13.5;0;1
2026.02.27 14:00;1.17923;1.18152;1.17905;1.17967;13.51;20.56;16.85;24.57;25.17;-0.053;NEUTRE;0;-23.1;0;1
2026.02.27 13:00;1.18021;1.18063;1.17901;1.17923;14.06;18.18;19.44;24.43;23.03;-0.090;NEUTRE;0;-38;-1;1
2026.02.27 12:00;1.17999;1.18079;1.17983;1.18021;15.71;20.97;14.64;26.50;23.34;-0.007;NEUTRE;0;-3.8;0;1
2026.02.27 11:00;1.17984;1.18036;1.17958;1.17999;15.39;17.31;16.89;18.17;29.01;-0.025;NEUTRE;0;-14.4;0;1
2026.02.27 10:00;1.17949;1.18033;1.17943;1.17984;17.57;19.38;19.49;25.33;44.22;-0.038;NEUTRE;0;-23.2;0;1
2026.02.27 09:00;1.18093;1.18111;1.17925;1.17949;20.23;22.36;22.49;43.52;60.50;-0.068;NEUTRE;0;-40.4;-1;1
2026.02.27 08:00;1.18148;1.18213;1.18078;1.18093;23.30;25.80;13.29;63.81;71.89;0.054;NEUTRE;0;37.3;1;1
2026.02.27 07:00;1.18036;1.18191;1.17968;1.18148;21.97;27.26;15.34;74.18;79.27;0.101;NEUTRE;0;58.4;2;1
2026.02.27 06:00;1.18082;1.18106;1.18018;1.18039;21.04;25.59;17.70;77.68;82.36;0.008;NEUTRE;0;8.5;0;0
2026.02.27 05:00;1.18106;1.18116;1.18059;1.18082;21.47;29.53;13.25;85.95;74.62;0.045;NEUTRE;0;45.4;2;0
2026.02.27 04:00;1.18033;1.18129;1.18016;1.18106;18.92;34.08;15.29;83.45;59.11;0.065;NEUTRE;0;61.4;2;0
2026.02.27 03:00;1.18002;1.18055;1.17998;1.18033;15.98;29.24;17.65;54.46;48.98;0.003;NEUTRE;0;6.4;0;0
2026.02.27 02:00;1.17898;1.18011;1.17898;1.18003;14.63;21.87;20.36;39.44;56.18;-0.022;NEUTRE;0;-51.1;-2;0
2026.02.27 01:00;1.17961;1.18021;1.17886;1.17897;16.33;25.23;23.49;53.05;71.22;-0.112;NEUTRE;0;;;0
2026.02.27 00:00;1.18029;1.18054;1.17957;1.17961;18.30;29.11;19.02;76.05;81.61;-0.058;NEUTRE;0;;;0
2026.02.26 23:00;1.17970;1.18030;1.17959;1.18029;17.89;29.78;21.94;84.58;81.09;-0.100;NEUTRE;0;-26.1;-1;0
2026.02.26 22:00;1.17935;1.17972;1.17893;1.17970;18.31;21.80;25.32;84.20;71.03;-0.150;NEUTRE;0;-37.5;-1;0
2026.02.26 21:00;1.18010;1.18033;1.17970;1.17976;19.97;25.15;14.94;74.50;52.44;-0.145;NEUTRE;0;-37.9;-1;0
2026.02.26 20:00;1.17964;1.18030;1.17955;1.18010;19.13;28.29;17.24;54.38;34.16;-0.116;NEUTRE;0;-33.2;-1;0
2026.02.26 19:00;1.17843;1.17975;1.17821;1.17964;18.34;21.36;19.89;28.43;25.13;-0.155;NEUTRE;0;-42.6;-1;1
2026.02.26 18:00;1.17758;1.17870;1.17738;1.17842;20.61;14.16;22.95;19.67;32.72;-0.258;SOFT_DOWN;-1;-58.2;-2;1
2026.02.26 17:00;1.17915;1.17931;1.17736;1.17758;20.13;16.33;26.48;27.27;46.85;-0.329;SOFT_DOWN;-1;-65.4;-3;1
2026.02.26 16:00;1.17987;1.17991;1.17857;1.17915;19.59;18.85;21.01;51.21;61.24;-0.196;SOFT_DOWN;-1;-54.1;-2;1
2026.02.26 15:00;1.18126;1.18141;1.17806;1.17987;21.76;21.75;24.24;62.08;61.14;-0.135;NEUTRE;0;-45.4;-2;1
2026.02.26 14:00;1.18065;1.18155;1.18017;1.18126;24.28;25.09;18.28;70.44;52.58;-0.018;NEUTRE;0;-8.2;0;1
2026.02.26 13:00;1.18087;1.18164;1.18025;1.18065;25.60;28.95;20.20;50.91;34.44;-0.069;NEUTRE;0;-30.9;-1;1
2026.02.26 12:00;1.18000;1.18093;1.17996;1.18087;26.80;25.55;23.31;36.40;20.16;-0.051;NEUTRE;0;-25.6;-1;1
2026.02.26 11:00;1.17981;1.18045;1.17976;1.18000;30.21;21.86;26.90;16.00;12.37;-0.124;NEUTRE;0;-51.8;-2;1
2026.02.26 10:00;1.17969;1.17993;1.17929;1.17981;33.27;13.63;31.04;8.07;15.83;-0.141;NEUTRE;0;-57.8;-2;1
2026.02.26 09:00;1.18022;1.18057;1.17963;1.17969;32.40;15.73;27.64;13.04;27.59;-0.151;NEUTRE;0;-62.1;-2;1
2026.02.26 08:00;1.18156;1.18156;1.18019;1.18022;33.16;18.15;22.72;26.38;36.41;-0.106;NEUTRE;0;-56.2;-2;1
2026.02.26 07:00;1.18184;1.18184;1.18084;1.18154;36.54;20.94;18.92;43.35;40.75;0.006;NEUTRE;0;5.5;0;1
2026.02.26 06:00;1.18194;1.18219;1.18146;1.18184;41.38;24.17;12.29;39.52;40.66;0.031;NEUTRE;0;30.2;1;0
2026.02.26 05:00;1.18180;1.18224;1.18157;1.18194;42.74;27.88;11.87;39.39;48.62;0.040;NEUTRE;0;42;1;0
2026.02.26 04:00;1.18167;1.18184;1.18123;1.18180;43.12;22.99;13.69;43.07;61.97;0.028;NEUTRE;0;38.3;1;0
2026.02.26 03:00;1.18170;1.18218;1.18155;1.18167;45.85;26.53;7.73;63.40;79.00;0.017;NEUTRE;0;32.6;1;0
2026.02.26 02:00;1.18270;1.18286;1.18129;1.18170;44.46;30.61;8.92;79.45;87.49;0.019;NEUTRE;0;46.9;2;0
2026.02.26 01:00;1.18187;1.18285;1.18176;1.18270;42.86;35.32;5.68;94.16;86.71;0.104;NEUTRE;0;;;0
2026.02.26 00:00;1.18147;1.18190;1.18116;1.18187;38.33;27.34;6.56;88.86;75.36;0.034;NEUTRE;0;;;0
2026.02.25 23:00;1.18099;1.18160;1.18096;1.18146;34.79;25.31;7.57;77.12;66.76;0.348;SOFT_UP;1;59.6;2;0
2026.02.25 22:00;1.18069;1.18125;1.18047;1.18099;31.84;20.79;8.73;60.11;64.10;0.308;SOFT_UP;1;57.6;2;0
2026.02.25 21:00;1.18057;1.18126;1.18031;1.18100;30.45;23.99;10.07;63.05;69.85;0.309;SOFT_UP;1;58.9;2;0
2026.02.25 20:00;1.18052;1.18085;1.18044;1.18057;28.85;21.04;11.62;69.13;76.54;0.273;SOFT_UP;1;57;2;0
2026.02.25 19:00;1.18044;1.18090;1.18025;1.18052;28.86;24.28;13.41;77.36;83.26;0.268;SOFT_UP;1;57.8;2;1
2026.02.25 18:00;1.18070;1.18105;1.18038;1.18044;28.86;28.01;12.40;83.13;87.47;0.262;SOFT_UP;1;58.6;2;1
2026.02.25 17:00;1.18037;1.18140;1.18022;1.18070;27.36;32.32;14.30;89.27;81.69;0.284;SOFT_UP;1;62;2;1
2026.02.25 16:00;1.18008;1.18068;1.17983;1.18037;25.62;27.90;16.50;90.01;67.45;0.256;SOFT_UP;1;61;2;1
2026.02.25 15:00;1.17858;1.18022;1.17844;1.18008;25.61;23.87;19.04;65.80;45.49;0.231;SOFT_UP;1;60;2;1
2026.02.25 14:00;1.17732;1.17889;1.17728;1.17859;27.82;16.05;21.97;46.52;30.36;0.104;NEUTRE;0;39.9;1;1
2026.02.25 13:00;1.17855;1.17899;1.17726;1.17732;29.70;18.52;25.35;24.15;17.43;-0.003;NEUTRE;0;-1.5;0;1
2026.02.25 12:00;1.17745;1.17865;1.17736;1.17855;31.88;18.34;29.25;20.40;11.94;0.101;NEUTRE;0;43.5;1;1
2026.02.25 11:00;1.17796;1.17808;1.17706;1.17744;33.25;14.37;33.75;7.73;13.45;0.007;NEUTRE;0;4.1;0;1
2026.02.25 10:00;1.17876;1.17881;1.17790;1.17796;32.17;16.58;26.27;7.70;30.16;0.051;NEUTRE;0;29.9;1;1
2026.02.25 09:00;1.17897;1.17928;1.17852;1.17876;33.64;19.13;19.83;24.92;54.03;0.119;NEUTRE;0;56.1;2;1
2026.02.25 08:00;1.17967;1.17996;1.17892;1.17897;38.54;22.07;14.79;57.85;76.20;0.137;NEUTRE;0;62.6;2;1
2026.02.25 07:00;1.18050;1.18076;1.17966;1.17967;41.43;25.47;6.12;79.32;85.38;0.196;SOFT_UP;1;72.4;3;1
2026.02.25 06:00;1.18006;1.18060;1.17967;1.18050;38.37;27.15;7.06;91.43;88.49;0.267;SOFT_UP;1;78.7;3;0
2026.02.25 05:00;1.17946;1.18052;1.17938;1.18006;35.24;30.00;8.14;85.39;85.12;0.229;SOFT_UP;1;79;3;0
2026.02.25 04:00;1.17891;1.17959;1.17872;1.17946;31.85;22.06;9.40;88.67;81.62;0.178;NEUTRE;0;78.7;3;0
2026.02.25 03:00;1.17919;1.17940;1.17854;1.17891;30.56;22.10;10.84;81.31;65.29;0.132;NEUTRE;0;78.6;3;0
2026.02.25 02:00;1.17781;1.17931;1.17779;1.17919;30.00;23.89;12.51;74.88;45.02;0.155;NEUTRE;0;83.5;3;0
2026.02.25 01:00;1.17776;1.17817;1.17757;1.17781;29.81;16.02;14.44;39.69;21.94;0.038;NEUTRE;0;;;0
2026.02.25 00:00;1.17736;1.17795;1.17730;1.17776;33.60;12.85;16.66;20.49;11.64;0.034;NEUTRE;0;;;0
2026.02.24 23:00;1.17729;1.17757;1.17725;1.17736;36.78;5.83;19.22;5.64;14.20;-0.163;NEUTRE;0;-38.6;-1;0
2026.02.24 22:00;1.17722;1.17771;1.17722;1.17729;34.21;6.73;22.18;8.81;26.55;-0.169;NEUTRE;0;-40.9;-1;0
2026.02.24 21:00;1.17749;1.17767;1.17732;1.17734;31.25;7.76;22.45;28.15;44.05;-0.165;NEUTRE;0;-41.5;-1;0
2026.02.24 20:00;1.17785;1.17832;1.17747;1.17749;28.58;8.95;19.31;42.69;59.27;-0.152;NEUTRE;0;-40.6;-1;0
2026.02.24 19:00;1.17782;1.17837;1.17762;1.17785;27.34;10.33;19.57;61.32;68.31;-0.121;NEUTRE;0;-35.7;-1;1
2026.02.24 18:00;1.17851;1.17863;1.17768;1.17782;26.80;11.92;21.35;73.80;64.81;-0.124;NEUTRE;0;-37.8;-1;1
2026.02.24 17:00;1.17876;1.17884;1.17815;1.17851;26.56;13.76;17.02;69.83;48.35;-0.065;NEUTRE;0;-23.3;0;1
2026.02.24 16:00;1.17723;1.17900;1.17716;1.17876;29.02;15.87;19.64;50.81;34.14;-0.044;NEUTRE;0;-17.2;0;1
2026.02.24 15:00;1.17727;1.17807;1.17657;1.17723;31.85;10.54;22.66;24.42;28.09;-0.174;NEUTRE;0;-52.6;-2;1
2026.02.24 14:00;1.17718;1.17783;1.17670;1.17731;31.13;9.70;26.14;27.21;36.64;-0.167;NEUTRE;0;-53.4;-2;1
2026.02.24 13:00;1.17809;1.17810;1.17677;1.17718;28.86;11.19;29.21;32.63;48.41;-0.178;NEUTRE;0;-57;-2;1
2026.02.24 12:00;1.17803;1.17833;1.17724;1.17810;26.44;12.91;28.27;50.08;61.48;-0.100;NEUTRE;0;-43.2;-1;1
2026.02.24 11:00;1.17852;1.17857;1.17788;1.17803;24.77;14.90;23.59;62.52;68.80;-0.106;NEUTRE;0;-47.4;-2;1
2026.02.24 10:00;1.17873;1.17908;1.17818;1.17852;25.11;17.19;20.53;71.83;71.05;-0.064;NEUTRE;0;-35.8;-1;1
2026.02.24 09:00;1.17833;1.17927;1.17828;1.17873;27.61;19.84;21.98;72.06;68.70;-0.047;NEUTRE;0;-30.5;-1;1
2026.02.24 08:00;1.17789;1.17895;1.17730;1.17833;31.07;17.91;25.36;69.26;57.82;-0.081;NEUTRE;0;-48.8;-2;1
2026.02.24 07:00;1.17801;1.17821;1.17712;1.17789;33.21;13.77;29.26;64.78;42.53;-0.118;NEUTRE;0;-62.2;-2;1
2026.02.24 06:00;1.17796;1.17820;1.17769;1.17801;32.78;15.89;25.71;39.42;28.38;-0.108;NEUTRE;0;-63.8;-2;0
2026.02.24 05:00;1.17693;1.17802;1.17682;1.17796;34.19;12.90;29.67;23.39;26.94;-0.112;NEUTRE;0;-68.4;-3;0
2026.02.24 04:00;1.17748;1.17764;1.17677;1.17693;33.39;10.02;34.23;22.34;33.50;-0.199;SOFT_DOWN;-1;-79.9;-3;0
2026.02.24 03:00;1.17834;1.17851;1.17746;1.17748;30.11;11.56;27.30;35.08;40.82;-0.153;NEUTRE;0;-80.1;-3;0
2026.02.24 02:00;1.17815;1.17843;1.17781;1.17834;28.51;13.34;26.37;43.09;40.71;-0.080;NEUTRE;0;-77.5;-3;0
2026.02.24 01:00;1.17877;1.17877;1.17712;1.17815;27.84;15.39;30.43;44.28;33.34;-0.096;NEUTRE;0;;;0
2026.02.24 00:00;1.17928;1.17960;1.17872;1.17877;27.08;17.76;20.19;34.76;20.75;-0.043;NEUTRE;0;;;0
2026.02.23 23:00;1.17859;1.17950;1.17859;1.17928;30.25;18.74;23.30;20.98;11.67;-0.339;SOFT_DOWN;-1;-58.9;-2;0
2026.02.23 22:00;1.17847;1.17871;1.17834;1.17859;33.24;8.27;26.88;6.49;12.32;-0.397;SOFT_DOWN;-1;-63.8;-2;0
2026.02.23 21:00;1.17888;1.17921;1.17852;1.17853;30.21;9.54;23.53;7.54;25.17;-0.402;SOFT_DOWN;-1;-65.1;-3;0
2026.02.23 20:00;1.17913;1.17936;1.17872;1.17886;28.35;11.01;22.69;22.92;44.99;-0.374;SOFT_DOWN;-1;-64.6;-2;0
2026.02.23 19:00;1.17978;1.18002;1.17879;1.17913;27.38;12.70;24.50;45.05;60.08;-0.352;SOFT_DOWN;-1;-64.4;-2;1
2026.02.23 18:00;1.17984;1.18006;1.17945;1.17978;26.71;14.65;20.01;67.00;70.50;-0.297;SOFT_DOWN;-1;-61.7;-2;1
2026.02.23 17:00;1.18033;1.18084;1.17902;1.17984;28.44;16.91;23.09;68.19;70.61;-0.292;SOFT_DOWN;-1;-62.7;-2;1
2026.02.23 16:00;1.17945;1.18060;1.17878;1.18034;30.43;17.48;26.64;76.30;64.09;-0.249;SOFT_DOWN;-1;-60.3;-2;1
2026.02.23 15:00;1.18052;1.18097;1.17918;1.17945;31.92;20.17;27.36;67.34;46.98;-0.325;SOFT_DOWN;-1;-67.7;-3;1
2026.02.23 14:00;1.17956;1.18088;1.17937;1.18052;34.51;23.27;29.94;48.62;28.42;-0.234;SOFT_DOWN;-1;-62;-2;1
2026.02.23 13:00;1.17815;1.17975;1.17778;1.17956;37.89;15.34;34.55;24.96;14.76;-0.315;SOFT_DOWN;-1;-69.9;-3;1
2026.02.23 12:00;1.17855;1.17861;1.17741;1.17815;37.79;8.80;39.86;11.68;8.96;-0.434;STRONG_DOWN;-2;-76.2;-3;1
2026.02.23 11:00;1.17983;1.17985;1.17806;1.17855;33.79;10.15;37.66;7.64;10.22;-0.401;SOFT_DOWN;-1;-76.3;-3;1
2026.02.23 10:00;1.18005;1.18011;1.17947;1.17983;30.14;11.71;31.33;7.57;18.59;-0.292;SOFT_DOWN;-1;-73.1;-3;1
2026.02.23 09:00;1.18101;1.18122;1.17999;1.18005;27.76;13.52;23.65;15.44;29.37;-0.274;SOFT_DOWN;-1;-73.7;-3;1
2026.02.23 08:00;1.18231;1.18247;1.18068;1.18101;27.84;15.60;18.66;32.76;35.21;-0.193;NEUTRE;0;-69.8;-3;1
2026.02.23 07:00;1.18242;1.18273;1.18184;1.18231;30.74;18.00;11.56;39.89;41.14;-0.083;NEUTRE;0;-53.2;-2;1
2026.02.23 06:00;1.18194;1.18335;1.18162;1.18242;32.12;20.77;13.34;32.97;51.07;-0.074;NEUTRE;0;-54.3;-2;0
2026.02.23 05:00;1.18204;1.18212;1.18148;1.18194;33.72;13.02;15.40;50.57;67.14;-0.114;NEUTRE;0;-68.7;-3;0
2026.02.23 04:00;1.18231;1.18237;1.18176;1.18204;37.62;15.02;11.03;69.68;79.52;-0.106;NEUTRE;0;-71.5;-3;0
2026.02.23 03:00;1.18273;1.18278;1.18162;1.18231;41.05;17.34;12.73;81.18;86.91;-0.083;NEUTRE;0;-72.2;-3;0
2026.02.23 02:00;1.18258;1.18308;1.18230;1.18273;45.01;20.00;5.67;87.71;90.55;-0.047;NEUTRE;0;-69.3;-3;0
2026.02.23 01:00;1.18306;1.18333;1.18203;1.18259;43.35;23.08;6.54;91.85;87.23;-0.059;NEUTRE;0;;;0
2026.02.23 00:00;1.18329;1.18342;1.18222;1.18306;41.43;26.63;5.30;92.11;76.33;-0.019;NEUTRE;0;;;0
2026.02.22 23:00;1.17929;1.18344;1.17920;1.18329;37.53;30.73;6.12;77.75;62.80;0.356;SOFT_UP;1;60.2;2;0
2026.02.22 22:00;1.17909;1.17961;1.17886;1.17931;33.03;21.56;7.06;59.12;55.40;0.019;NEUTRE;0;5.6;0;0
2026.02.20 21:00;1.17859;1.17912;1.17797;1.17805;30.31;20.04;8.15;51.52;52.89;0.105;NEUTRE;0;29.4;1;0
2026.02.20 20:00;1.17803;1.17872;1.17771;1.17859;28.48;17.78;9.40;55.56;52.79;0.151;NEUTRE;0;40.4;1;0
2026.02.20 19:00;1.17854;1.17893;1.17782;1.17803;28.12;20.51;9.17;51.60;51.83;0.104;NEUTRE;0;31.7;1;1
2026.02.20 18:00;1.17797;1.17986;1.17764;1.17854;26.57;23.67;10.58;51.21;52.11;0.147;NEUTRE;0;42.6;1;1
2026.02.20 17:00;1.17797;1.17847;1.17653;1.17798;24.78;17.68;12.21;52.68;52.70;0.099;NEUTRE;0;33.3;1;1
2026.02.20 16:00;1.17878;1.17979;1.17734;1.17797;25.78;20.39;7.66;52.45;53.84;0.099;NEUTRE;0;34.9;1;1
2026.02.20 15:00;1.17675;1.18071;1.17549;1.17877;22.76;23.53;8.84;52.97;60.61;0.167;NEUTRE;0;51.4;2;1
2026.02.20 14:00;1.17690;1.17701;1.17556;1.17676;19.28;16.25;10.20;56.11;71.21;-0.004;NEUTRE;0;-1.8;0;1
2026.02.20 13:00;1.17653;1.17839;1.17568;1.17690;18.72;18.75;10.50;72.75;82.38;0.008;NEUTRE;0;4;0;1
2026.02.20 12:00;1.17669;1.17704;1.17629;1.17653;17.26;13.97;12.11;84.76;87.32;-0.024;NEUTRE;0;-12.7;0;1
2026.02.20 11:00;1.17633;1.17687;1.17596;1.17669;18.82;12.63;13.97;89.64;83.66;-0.010;NEUTRE;0;-5.8;0;1
2026.02.20 10:00;1.17666;1.17683;1.17568;1.17633;20.94;13.90;16.12;87.55;72.39;-0.041;NEUTRE;0;-24.8;0;1
2026.02.20 09:00;1.17605;1.17676;1.17581;1.17666;23.02;16.03;16.87;73.78;51.94;-0.013;NEUTRE;0;-9.2;0;1
2026.02.20 08:00;1.17509;1.17633;1.17431;1.17606;26.18;11.54;19.46;55.84;34.26;-0.064;NEUTRE;0;-42;-1;1
2026.02.20 07:00;1.17546;1.17623;1.17494;1.17509;26.27;13.31;17.66;26.19;20.40;-0.146;NEUTRE;0;-66.9;-3;1
2026.02.20 06:00;1.17550;1.17564;1.17512;1.17547;28.16;8.32;20.37;20.74;14.20;-0.114;NEUTRE;0;-65;-2;0
2026.02.20 05:00;1.17527;1.17566;1.17498;1.17550;26.03;9.61;23.51;14.26;11.27;-0.111;NEUTRE;0;-68.2;-3;0
2026.02.20 04:00;1.17566;1.17595;1.17522;1.17527;23.58;11.08;21.69;7.60;13.16;-0.131;NEUTRE;0;-74.8;-3;0
2026.02.20 03:00;1.17542;1.17587;1.17542;1.17566;22.23;12.79;20.81;11.95;22.58;-0.098;NEUTRE;0;-74.8;-3;0
2026.02.20 02:00;1.17585;1.17595;1.17532;1.17542;21.97;14.76;24.02;19.93;36.96;-0.118;NEUTRE;0;-81.4;-3;0
2026.02.20 01:00;1.17703;1.17715;1.17548;1.17585;21.68;17.03;23.80;35.85;51.52;-0.082;NEUTRE;0;;;0
2026.02.20 00:00;1.17681;1.17719;1.17664;1.17703;22.46;19.64;16.78;55.09;62.96;0.019;NEUTRE;0;;;0
2026.02.19 23:00;1.17712;1.17756;1.17679;1.17681;24.70;22.67;15.17;63.62;66.68;-0.171;NEUTRE;0;-40;-1;0
2026.02.19 22:00;1.17678;1.17729;1.17677;1.17712;25.45;20.76;17.50;70.15;68.58;-0.144;NEUTRE;0;-36.4;-1;0
2026.02.19 21:00;1.17685;1.17778;1.17676;1.17722;28.05;23.95;20.19;66.27;68.52;-0.136;NEUTRE;0;-36.1;-1;0
2026.02.19 20:00;1.17635;1.17685;1.17630;1.17685;31.06;13.61;23.30;69.32;68.36;-0.167;NEUTRE;0;-43.3;-1;0
2026.02.19 19:00;1.17681;1.17715;1.17587;1.17635;31.80;15.71;26.88;69.98;63.01;-0.210;SOFT_DOWN;-1;-51.2;-2;1
2026.02.19 18:00;1.17656;1.17740;1.17644;1.17681;32.66;18.12;24.17;65.79;50.98;-0.171;NEUTRE;0;-46.9;-2;1
2026.02.19 17:00;1.17609;1.17677;1.17558;1.17656;35.48;10.81;27.88;53.27;38.11;-0.192;NEUTRE;0;-51.8;-2;1
2026.02.19 16:00;1.17627;1.17704;1.17578;1.17609;34.15;12.48;29.59;33.89;25.92;-0.232;SOFT_DOWN;-1;-58.5;-2;1
2026.02.19 15:00;1.17517;1.17752;1.17478;1.17627;33.15;14.40;34.14;27.16;19.99;-0.216;SOFT_DOWN;-1;-58.4;-2;1
2026.02.19 14:00;1.17651;1.17660;1.17416;1.17515;31.99;11.45;39.39;16.71;13.88;-0.311;SOFT_DOWN;-1;-68.2;-3;1
2026.02.19 13:00;1.17691;1.17695;1.17511;1.17651;28.46;13.21;39.46;16.11;17.07;-0.196;SOFT_DOWN;-1;-59.5;-2;1
2026.02.19 12:00;1.17804;1.17805;1.17666;1.17691;25.17;15.24;32.57;8.81;28.64;-0.162;NEUTRE;0;-56.7;-2;1
2026.02.19 11:00;1.17886;1.17900;1.17763;1.17804;23.46;17.58;26.85;26.28;50.89;-0.066;NEUTRE;0;-34.1;-1;1
2026.02.19 10:00;1.17996;1.18027;1.17871;1.17886;23.86;20.29;18.85;50.81;69.61;0.003;NEUTRE;0;1.9;0;1
2026.02.19 09:00;1.18009;1.18073;1.17982;1.17996;26.97;23.41;10.81;75.58;78.78;0.097;NEUTRE;0;50.5;2;1
2026.02.19 08:00;1.18005;1.18048;1.17969;1.18009;25.45;22.79;12.47;82.43;75.52;0.108;NEUTRE;0;56.7;2;1
2026.02.19 07:00;1.17979;1.18033;1.17924;1.18002;24.86;23.37;14.39;78.34;66.07;0.102;NEUTRE;0;58.7;2;1
2026.02.19 06:00;1.17912;1.18006;1.17894;1.17979;25.02;23.16;16.60;65.78;58.26;0.082;NEUTRE;0;57;2;0
2026.02.19 05:00;1.17892;1.17925;1.17862;1.17912;26.34;15.59;19.15;54.10;60.46;0.025;NEUTRE;0;29.4;1;0
2026.02.19 04:00;1.17904;1.17913;1.17845;1.17892;28.81;15.06;22.10;54.89;69.27;0.008;NEUTRE;0;12.7;0;0
2026.02.19 03:00;1.17906;1.17926;1.17874;1.17904;30.33;17.38;18.94;72.40;75.86;0.019;NEUTRE;0;35.5;1;0
2026.02.19 02:00;1.17943;1.17953;1.17902;1.17906;34.33;20.05;13.57;80.52;63.43;0.020;NEUTRE;0;48.4;2;0
2026.02.19 01:00;1.17897;1.17948;1.17892;1.17943;36.65;21.63;15.66;74.65;41.61;0.052;NEUTRE;0;;;0
2026.02.19 00:00;1.17882;1.17914;1.17850;1.17898;39.82;15.61;18.06;35.14;18.60;0.014;NEUTRE;0;;;0
2026.02.18 23:00;1.17843;1.17893;1.17840;1.17882;44.83;12.97;20.84;15.04;8.84;-0.525;STRONG_DOWN;-2;-68.8;-3;0
2026.02.18 22:00;1.17828;1.17857;1.17826;1.17843;48.14;4.51;24.05;5.63;5.98;-0.558;STRONG_DOWN;-2;-70.7;-3;0
2026.02.18 21:00;1.17833;1.17871;1.17822;1.17835;45.03;5.20;27.75;5.87;6.82;-0.565;STRONG_DOWN;-2;-71.7;-3;0
2026.02.18 20:00;1.17870;1.17901;1.17818;1.17833;41.43;6.01;32.02;6.43;6.72;-0.566;STRONG_DOWN;-2;-72.6;-3;0
2026.02.18 19:00;1.17901;1.17951;1.17833;1.17871;37.28;6.93;34.16;8.16;8.58;-0.534;STRONG_DOWN;-2;-72.5;-3;1
2026.02.18 18:00;1.18057;1.18070;1.17872;1.17901;32.82;8.00;34.34;5.56;10.01;-0.509;STRONG_DOWN;-2;-72.6;-3;1
2026.02.18 17:00;1.18092;1.18138;1.18018;1.18057;28.29;9.23;28.27;12.02;12.89;-0.377;SOFT_DOWN;-1;-68.2;-3;1
2026.02.18 16:00;1.18223;1.18259;1.18090;1.18092;24.83;10.65;23.39;12.47;14.98;-0.348;SOFT_DOWN;-1;-67.8;-3;1
2026.02.18 15:00;1.18151;1.18265;1.18132;1.18224;22.89;12.28;23.17;14.18;20.35;-0.236;SOFT_DOWN;-1;-60.6;-2;1
2026.02.18 14:00;1.18234;1.18274;1.18118;1.18150;21.68;14.17;26.73;18.28;28.62;-0.299;SOFT_DOWN;-1;-67.4;-3;1
2026.02.18 13:00;1.18395;1.18483;1.18233;1.18234;20.30;16.35;19.50;28.59;33.33;-0.228;SOFT_DOWN;-1;-63.2;-2;1
2026.02.18 12:00;1.18343;1.18470;1.18332;1.18395;22.07;18.87;16.41;38.98;32.50;-0.092;NEUTRE;0;-40.8;-1;1
2026.02.18 11:00;1.18319;1.18376;1.18302;1.18343;24.39;11.29;18.94;32.41;27.64;-0.136;NEUTRE;0;-54.3;-2;1
2026.02.18 10:00;1.18356;1.18405;1.18305;1.18319;24.25;13.03;21.23;26.11;25.34;-0.156;NEUTRE;0;-60.4;-2;1
2026.02.18 09:00;1.18309;1.18383;1.18281;1.18356;24.31;11.65;24.49;24.40;31.67;-0.125;NEUTRE;0;-57.4;-2;1
2026.02.18 08:00;1.18345;1.18378;1.18281;1.18309;22.58;12.69;28.26;25.50;39.07;-0.165;NEUTRE;0;-66.7;-3;1
2026.02.18 07:00;1.18445;1.18461;1.18326;1.18345;20.20;14.64;25.47;45.10;38.33;-0.134;NEUTRE;0;-65.1;-3;1
2026.02.18 06:00;1.18454;1.18461;1.18400;1.18445;19.16;16.89;20.95;46.60;27.43;-0.050;NEUTRE;0;-43.2;-1;0
2026.02.18 05:00;1.18415;1.18455;1.18414;1.18454;20.45;19.49;20.65;23.29;16.94;-0.042;NEUTRE;0;-43.4;-1;0
2026.02.18 04:00;1.18409;1.18434;1.18390;1.18415;23.15;14.61;23.82;12.39;14.94;-0.075;NEUTRE;0;-64.7;-2;0
2026.02.18 03:00;1.18443;1.18466;1.18406;1.18409;23.03;16.86;21.90;15.13;20.56;-0.080;NEUTRE;0;-71.6;-3;0
2026.02.18 02:00;1.18460;1.18470;1.18413;1.18443;24.57;19.45;23.47;17.31;32.64;-0.051;NEUTRE;0;-70.8;-3;0
2026.02.18 01:00;1.18469;1.18476;1.18421;1.18460;26.91;22.44;24.92;29.25;53.87;-0.037;NEUTRE;0;;;0
2026.02.18 00:00;1.18504;1.18533;1.18467;1.18469;30.25;25.90;15.89;51.35;75.22;-0.030;NEUTRE;0;;;0
2026.02.17 23:00;1.18515;1.18572;1.18501;1.18504;31.21;29.88;10.41;81.01;89.16;0.003;NEUTRE;0;0.8;0;0
2026.02.17 22:00;1.18510;1.18521;1.18502;1.18515;28.58;23.43;12.01;93.29;92.67;0.012;NEUTRE;0;3.5;0;0
2026.02.17 21:00;1.18508;1.18542;1.18496;1.18532;28.02;27.03;13.85;93.17;91.76;0.026;NEUTRE;0;7.9;0;0
2026.02.17 20:00;1.18477;1.18523;1.18466;1.18508;27.37;24.83;15.99;91.56;90.37;0.006;NEUTRE;0;1.9;0;0
2026.02.17 19:00;1.18479;1.18502;1.18429;1.18477;28.24;22.99;18.44;90.56;80.28;-0.020;NEUTRE;0;-6.8;0;1
2026.02.17 18:00;1.18390;1.18527;1.18384;1.18479;30.90;26.52;21.28;88.99;63.03;-0.019;NEUTRE;0;-6.8;0;1
2026.02.17 17:00;1.18303;1.18419;1.18290;1.18391;33.97;18.99;24.56;61.28;39.78;-0.093;NEUTRE;0;-31.6;-1;1
2026.02.17 16:00;1.18104;1.18350;1.18103;1.18303;37.23;13.68;28.33;38.80;25.94;-0.167;NEUTRE;0;-49.6;-2;1
2026.02.17 15:00;1.18234;1.18236;1.18046;1.18104;37.59;8.68;32.69;19.26;19.56;-0.335;SOFT_DOWN;-1;-68.3;-3;1
2026.02.17 14:00;1.18219;1.18280;1.18159;1.18235;34.44;10.02;28.57;19.76;24.33;-0.224;SOFT_DOWN;-1;-61;-2;1
2026.02.17 13:00;1.18274;1.18300;1.18155;1.18219;32.34;11.56;32.97;19.67;36.70;-0.238;SOFT_DOWN;-1;-64.1;-2;1
2026.02.17 12:00;1.18305;1.18355;1.18266;1.18274;29.92;13.33;26.26;33.56;54.86;-0.192;NEUTRE;0;-61;-2;1
2026.02.17 11:00;1.18424;1.18441;1.18238;1.18306;29.50;15.39;30.30;56.87;64.19;-0.165;NEUTRE;0;-59.4;-2;1
2026.02.17 10:00;1.18463;1.18469;1.18409;1.18424;29.01;17.75;22.01;74.15;63.00;-0.065;NEUTRE;0;-36.2;-1;1
2026.02.17 09:00;1.18404;1.18495;1.18396;1.18463;31.83;20.48;25.39;61.54;53.37;-0.032;NEUTRE;0;-21.8;0;1
2026.02.17 08:00;1.18323;1.18437;1.18297;1.18404;35.08;14.62;29.30;53.32;48.27;-0.082;NEUTRE;0;-49.1;-2;1
2026.02.17 07:00;1.18435;1.18442;1.18285;1.18324;35.34;16.87;33.81;45.25;40.93;-0.149;NEUTRE;0;-67.4;-3;1
2026.02.17 06:00;1.18412;1.18453;1.18412;1.18436;35.64;19.47;26.56;46.24;32.58;-0.055;NEUTRE;0;-45.9;-2;0
2026.02.17 05:00;1.18408;1.18416;1.18353;1.18412;38.75;8.58;30.65;31.31;24.52;-0.075;NEUTRE;0;-59.4;-2;0
2026.02.17 04:00;1.18413;1.18421;1.18390;1.18408;36.06;9.90;26.33;20.20;19.87;-0.078;NEUTRE;0;-65.5;-3;0
2026.02.17 03:00;1.18418;1.18420;1.18378;1.18413;34.63;10.93;30.38;22.05;21.64;-0.074;NEUTRE;0;-70.2;-3;0
2026.02.17 02:00;1.18440;1.18469;1.18402;1.18417;32.71;12.61;26.26;17.37;22.59;-0.071;NEUTRE;0;-76;-3;0
2026.02.17 01:00;1.18433;1.18443;1.18405;1.18441;32.34;8.58;30.30;25.50;31.21;-0.051;NEUTRE;0;;;0
2026.02.17 00:00;1.18501;1.18518;1.18418;1.18433;28.71;9.90;29.70;24.91;40.70;-0.057;NEUTRE;0;;;0
2026.02.16 23:00;1.18499;1.18511;1.18463;1.18501;25.44;11.42;27.35;43.21;54.99;-0.138;NEUTRE;0;-34.1;-1;0
2026.02.16 22:00;1.18485;1.18512;1.18485;1.18496;23.03;13.18;24.51;53.99;56.83;-0.142;NEUTRE;0;-36;-1;0
2026.02.16 21:00;1.18533;1.18539;1.18501;1.18509;21.95;15.20;19.16;67.77;48.58;-0.131;NEUTRE;0;-35.1;-1;0
2026.02.16 20:00;1.18538;1.18548;1.18521;1.18533;23.56;17.54;14.01;48.71;33.04;-0.111;NEUTRE;0;-32;-1;0
2026.02.16 19:00;1.18492;1.18539;1.18487;1.18538;25.46;15.11;16.16;29.26;24.66;-0.107;NEUTRE;0;-32.4;-1;1
2026.02.16 18:00;1.18478;1.18508;1.18478;1.18492;28.86;8.27;18.65;21.14;25.77;-0.146;NEUTRE;0;-42.4;-1;1
2026.02.16 17:00;1.18515;1.18533;1.18460;1.18478;27.36;9.54;21.52;23.58;28.97;-0.158;NEUTRE;0;-46.3;-2;1
2026.02.16 16:00;1.18536;1.18563;1.18458;1.18515;25.64;11.01;24.83;32.59;30.02;-0.126;NEUTRE;0;-41.6;-1;1
2026.02.16 15:00;1.18559;1.18566;1.18502;1.18536;23.65;12.70;22.20;30.74;27.06;-0.109;NEUTRE;0;-39.3;-1;1
2026.02.16 14:00;1.18543;1.18633;1.18528;1.18559;23.09;14.65;19.37;26.73;29.00;-0.089;NEUTRE;0;-35.6;-1;1
2026.02.16 13:00;1.18529;1.18572;1.18488;1.18543;24.52;7.97;22.35;23.70;37.92;-0.103;NEUTRE;0;-41.8;-1;1
2026.02.16 12:00;1.18609;1.18627;1.18497;1.18529;20.99;9.20;24.14;36.58;51.00;-0.115;NEUTRE;0;-47.2;-2;1
2026.02.16 11:00;1.18668;1.18668;1.18597;1.18609;17.33;10.61;16.02;53.48;54.84;-0.047;NEUTRE;0;-25.7;-1;1
2026.02.16 10:00;1.18641;1.18673;1.18617;1.18668;16.87;12.25;14.15;62.94;52.80;0.003;NEUTRE;0;1.9;0;1
2026.02.16 09:00;1.18647;1.18689;1.18619;1.18642;18.35;14.13;15.78;48.09;47.17;-0.019;NEUTRE;0;-13.4;0;1
2026.02.16 08:00;1.18624;1.18702;1.18568;1.18647;20.33;16.30;18.20;47.38;47.64;-0.015;NEUTRE;0;-11.9;0;1
2026.02.16 07:00;1.18658;1.18660;1.18601;1.18624;22.61;13.99;21.00;46.05;49.79;-0.035;NEUTRE;0;-29.4;-1;1
2026.02.16 06:00;1.18646;1.18699;1.18635;1.18658;23.00;16.14;15.37;49.49;51.49;-0.006;NEUTRE;0;-6.4;0;0
2026.02.16 05:00;1.18621;1.18662;1.18606;1.18646;26.17;9.73;17.74;53.85;51.23;-0.016;NEUTRE;0;-19.8;0;0
2026.02.16 04:00;1.18669;1.18678;1.18608;1.18621;25.71;11.23;19.91;51.14;42.87;-0.037;NEUTRE;0;-46.2;-2;0
2026.02.16 03:00;1.18650;1.18687;1.18634;1.18669;25.37;12.95;17.26;48.71;33.37;0.003;NEUTRE;0;6.4;0;0
2026.02.16 02:00;1.18649;1.18668;1.18615;1.18650;27.08;9.43;19.92;28.76;24.54;-0.013;NEUTRE;0;-36.2;-1;0
2026.02.16 01:00;1.18610;1.18660;1.18587;1.18649;25.75;8.56;22.98;22.65;24.74;-0.013;NEUTRE;0;;;0
2026.02.16 00:00;1.18665;1.18669;1.18603;1.18610;22.67;9.88;23.15;22.20;34.82;-0.046;NEUTRE;0;;;0
2026.02.15 23:00;1.18698;1.18712;1.18628;1.18665;19.98;11.40;20.88;29.37;46.24;0.012;NEUTRE;0;3.4;0;0
2026.02.15 22:00;1.18651;1.18709;1.18650;1.18698;18.53;13.15;20.07;52.89;59.02;0.040;NEUTRE;0;11.6;0;0
2026.02.13 21:00;1.18741;1.18762;1.18670;1.18688;18.18;15.17;17.94;56.46;63.82;0.000;NEUTRE;0;0;0;0
2026.02.13 20:00;1.18662;1.18744;1.18641;1.18741;19.70;14.50;20.70;67.71;67.75;0.045;NEUTRE;0;14.2;0;0
2026.02.13 19:00;1.18733;1.18747;1.18659;1.18662;20.02;16.73;21.19;67.29;59.94;-0.022;NEUTRE;0;-7.4;0;1
2026.02.13 18:00;1.18746;1.18803;1.18720;1.18733;21.28;19.30;13.79;68.26;46.35;0.038;NEUTRE;0;13.4;0;1
2026.02.13 17:00;1.18684;1.18825;1.18681;1.18746;22.00;22.27;15.91;44.26;33.04;0.049;NEUTRE;0;18;0;1
2026.02.13 16:00;1.18479;1.18743;1.18479;1.18684;22.82;16.94;18.36;26.54;34.22;-0.003;NEUTRE;0;-1.2;0;1
2026.02.13 15:00;1.18588;1.18704;1.18473;1.18479;25.71;17.27;21.18;28.32;46.96;-0.176;NEUTRE;0;-52.9;-2;1
2026.02.13 14:00;1.18740;1.18745;1.18568;1.18588;28.10;19.93;18.11;47.80;56.97;-0.084;NEUTRE;0;-34.1;-1;1
2026.02.13 13:00;1.18616;1.18842;1.18564;1.18740;31.69;22.99;20.90;64.77;61.15;0.044;NEUTRE;0;20.9;0;1
2026.02.13 12:00;1.18584;1.18634;1.18550;1.18616;35.83;15.02;24.12;58.33;61.48;-0.061;NEUTRE;0;-29.8;-1;1
2026.02.13 11:00;1.18570;1.18608;1.18547;1.18583;37.76;12.57;27.83;60.34;63.36;-0.088;NEUTRE;0;-42;-1;1
2026.02.13 10:00;1.18604;1.18607;1.18525;1.18570;37.77;14.25;32.11;65.77;59.32;-0.099;NEUTRE;0;-48.1;-2;1
2026.02.13 09:00;1.18623;1.18663;1.18602;1.18604;37.65;16.45;22.60;63.98;46.74;-0.071;NEUTRE;0;-41.6;-1;1
2026.02.13 08:00;1.18582;1.18625;1.18557;1.18622;41.02;9.39;26.08;48.21;30.70;-0.056;NEUTRE;0;-38.3;-1;1
2026.02.13 07:00;1.18559;1.18596;1.18468;1.18583;40.09;4.28;30.09;28.01;21.91;-0.088;NEUTRE;0;-54.8;-2;1
2026.02.13 06:00;1.18592;1.18614;1.18531;1.18559;34.70;4.93;27.15;15.88;25.77;-0.109;NEUTRE;0;-64;-2;0
2026.02.13 05:00;1.18628;1.18645;1.18577;1.18592;29.39;5.69;22.80;21.83;35.76;-0.081;NEUTRE;0;-61.3;-2;0
2026.02.13 04:00;1.18665;1.18674;1.18597;1.18628;24.67;6.57;21.78;39.60;50.04;-0.051;NEUTRE;0;-55.2;-2;0
2026.02.13 03:00;1.18691;1.18700;1.18653;1.18665;20.21;7.58;13.94;45.86;59.31;-0.019;NEUTRE;0;-35.5;-1;0
2026.02.13 02:00;1.18667;1.18709;1.18625;1.18691;18.77;8.74;16.09;64.67;72.84;0.003;NEUTRE;0;9.6;0;0
2026.02.13 01:00;1.18722;1.18731;1.18629;1.18667;17.11;10.09;17.83;67.41;77.76;-0.018;NEUTRE;0;;;0
2026.02.13 00:00;1.18688;1.18722;1.18661;1.18722;15.48;11.64;15.74;86.44;76.02;0.029;NEUTRE;0;;;0
2026.02.12 23:00;1.18719;1.18719;1.18668;1.18688;15.55;13.43;16.40;79.43;63.40;-0.047;NEUTRE;0;-13;0;0
2026.02.12 22:00;1.18661;1.18712;1.18636;1.18711;16.42;13.39;18.92;62.20;48.33;-0.028;NEUTRE;0;-8.2;0;0
2026.02.12 21:00;1.18693;1.18724;1.18682;1.18714;16.30;15.45;12.76;48.58;36.70;-0.025;NEUTRE;0;-7.6;0;0
2026.02.12 20:00;1.18698;1.18703;1.18632;1.18693;17.35;10.13;14.73;34.22;28.26;-0.043;NEUTRE;0;-13.6;0;0
2026.02.12 19:00;1.18632;1.18714;1.18605;1.18698;17.17;11.69;16.99;27.31;30.61;-0.039;NEUTRE;0;-13;0;1
2026.02.12 18:00;1.18650;1.18691;1.18559;1.18632;16.97;10.24;19.61;23.25;42.35;-0.094;NEUTRE;0;-30.5;-1;1
2026.02.12 17:00;1.18703;1.18766;1.18596;1.18650;14.76;11.82;18.31;41.26;62.67;-0.079;NEUTRE;0;-27.6;-1;1
2026.02.12 16:00;1.18854;1.18896;1.18617;1.18703;13.71;13.64;19.23;62.54;70.50;-0.035;NEUTRE;0;-13.8;0;1
2026.02.12 15:00;1.18831;1.18882;1.18779;1.18854;13.21;15.73;13.25;84.20;72.85;0.093;NEUTRE;0;34.9;1;1
2026.02.12 14:00;1.18846;1.18873;1.18743;1.18831;13.92;16.81;15.29;64.75;66.67;0.073;NEUTRE;0;30.4;1;1
2026.02.12 13:00;1.18727;1.18848;1.18711;1.18846;15.33;16.44;17.64;69.60;73.36;0.086;NEUTRE;0;36.7;1;1
2026.02.12 12:00;1.18841;1.18859;1.18666;1.18727;17.15;18.97;20.36;65.65;79.32;-0.014;NEUTRE;0;-7.5;0;1
2026.02.12 11:00;1.18767;1.18843;1.18748;1.18841;19.24;21.89;16.95;84.84;87.26;0.082;NEUTRE;0;40;1;1
2026.02.12 10:00;1.18868;1.18870;1.18743;1.18768;20.25;25.25;19.56;87.47;80.01;0.020;NEUTRE;0;12.7;0;1
2026.02.12 09:00;1.18797;1.18876;1.18793;1.18868;21.41;29.14;16.51;89.45;64.30;0.104;NEUTRE;0;52.5;2;1
2026.02.12 08:00;1.18726;1.18806;1.18709;1.18797;20.45;20.65;19.05;63.10;41.04;0.045;NEUTRE;0;32.4;1;1
2026.02.12 07:00;1.18602;1.18749;1.18592;1.18726;22.98;14.78;21.99;40.34;25.96;-0.015;NEUTRE;0;-13.6;0;1
2026.02.12 06:00;1.18644;1.18674;1.18520;1.18603;23.50;9.71;25.37;19.66;22.37;-0.119;NEUTRE;0;-65.9;-3;0
2026.02.12 05:00;1.18615;1.18655;1.18580;1.18644;20.25;11.20;23.28;17.87;34.90;-0.084;NEUTRE;0;-62.2;-2;0
2026.02.12 04:00;1.18694;1.18723;1.18598;1.18615;17.97;12.92;23.17;29.56;54.07;-0.109;NEUTRE;0;-72;-3;0
2026.02.12 03:00;1.18787;1.18807;1.18649;1.18694;16.37;14.91;20.45;57.28;65.90;-0.042;NEUTRE;0;-57.6;-2;0
2026.02.12 02:00;1.18803;1.18844;1.18748;1.18787;16.48;17.20;13.96;75.37;59.40;0.036;NEUTRE;0;63.8;2;0
2026.02.12 01:00;1.18766;1.18822;1.18733;1.18803;17.41;16.32;16.11;65.05;40.94;0.050;NEUTRE;0;;;0
2026.02.12 00:00;1.18744;1.18780;1.18666;1.18766;19.99;11.58;18.59;37.76;28.45;0.019;NEUTRE;0;;;0
2026.02.11 23:00;1.18715;1.18759;1.18697;1.18744;19.49;13.36;17.26;20.00;31.06;-0.110;NEUTRE;0;-28.3;-1;0
2026.02.11 22:00;1.18692;1.18745;1.18692;1.18722;20.52;11.94;19.92;27.59;44.93;-0.129;NEUTRE;0;-33.5;-1;0
2026.02.11 21:00;1.18703;1.18741;1.18685;1.18714;19.83;12.61;22.98;45.58;59.71;-0.135;NEUTRE;0;-35.9;-1;0
2026.02.11 20:00;1.18794;1.18807;1.18694;1.18703;18.40;14.55;24.04;61.61;68.00;-0.145;NEUTRE;0;-39.2;-1;0
2026.02.11 19:00;1.18818;1.18843;1.18775;1.18794;17.44;16.79;16.72;71.95;65.68;-0.068;NEUTRE;0;-22;0;1
2026.02.11 18:00;1.18855;1.18905;1.18784;1.18818;20.09;19.38;17.25;70.45;55.04;-0.048;NEUTRE;0;-16.7;0;1
2026.02.11 17:00;1.18828;1.18932;1.18768;1.18855;22.29;22.36;19.91;54.65;41.47;-0.017;NEUTRE;0;-6.4;0;1
2026.02.11 16:00;1.18590;1.18830;1.18529;1.18828;24.83;16.23;22.97;40.01;32.16;-0.040;NEUTRE;0;-15.7;0;1
2026.02.11 15:00;1.18597;1.18714;1.18507;1.18590;26.00;12.80;26.50;29.75;26.60;-0.240;SOFT_DOWN;-1;-61;-2;1
2026.02.11 14:00;1.18616;1.18823;1.18524;1.18600;24.64;14.77;29.32;26.72;24.74;-0.231;SOFT_DOWN;-1;-61.7;-2;1
2026.02.11 13:00;1.19000;1.19042;1.18327;1.18616;23.35;17.04;33.83;23.31;30.62;-0.218;SOFT_DOWN;-1;-62.1;-2;1
2026.02.11 12:00;1.19078;1.19089;1.18982;1.19001;21.87;19.66;24.94;24.19;43.72;0.106;NEUTRE;0;44.9;1;1
2026.02.11 11:00;1.19214;1.19214;1.19047;1.19078;23.41;22.68;19.43;44.35;56.38;0.171;NEUTRE;0;60.3;2;1
2026.02.11 10:00;1.19177;1.19270;1.19157;1.19214;25.82;26.17;12.28;62.61;62.59;0.285;SOFT_UP;1;72.7;3;1
2026.02.11 09:00;1.19181;1.19194;1.19099;1.19177;24.24;19.85;14.17;62.19;66.65;0.254;SOFT_UP;1;72.5;3;1
2026.02.11 08:00;1.19176;1.19197;1.19128;1.19181;25.39;22.91;11.65;62.97;71.86;0.257;SOFT_UP;1;74.6;3;1
2026.02.11 07:00;1.19148;1.19180;1.19099;1.19176;24.29;22.64;13.45;74.80;80.22;0.253;SOFT_UP;1;76.2;3;1
2026.02.11 06:00;1.19182;1.19254;1.19123;1.19148;24.11;26.12;10.96;77.80;83.11;0.230;SOFT_UP;1;77;3;0
2026.02.11 05:00;1.19077;1.19189;1.19064;1.19182;21.53;22.51;12.64;88.05;85.18;0.258;SOFT_UP;1;80.2;3;0
2026.02.11 04:00;1.19113;1.19146;1.19071;1.19077;20.52;20.68;14.59;83.48;80.36;0.170;NEUTRE;0;78.2;3;0
2026.02.11 03:00;1.19080;1.19134;1.19031;1.19113;21.02;21.40;16.83;84.01;67.88;0.200;SOFT_UP;1;82.4;3;0
2026.02.11 02:00;1.18973;1.19126;1.18973;1.19080;22.42;23.50;19.42;73.60;50.20;0.172;NEUTRE;0;84.1;3;0
2026.02.11 01:00;1.18966;1.19017;1.18935;1.18973;24.40;16.15;22.41;46.04;33.87;0.082;NEUTRE;0;;;0
2026.02.11 00:00;1.18875;1.19001;1.18861;1.18965;25.66;15.64;25.86;30.95;29.09;0.076;NEUTRE;0;;;0
2026.02.10 23:00;1.18905;1.18916;1.18864;1.18875;25.82;8.70;29.84;24.62;32.03;-0.134;NEUTRE;0;-33.3;-1;0
2026.02.10 22:00;1.18892;1.18939;1.18892;1.18905;21.36;10.04;26.14;31.70;32.46;-0.108;NEUTRE;0;-28.9;-1;0
2026.02.10 21:00;1.18948;1.18963;1.18921;1.18940;17.80;11.59;20.87;39.77;29.34;-0.079;NEUTRE;0;-23;0;0
2026.02.10 20:00;1.19019;1.19031;1.18942;1.18948;16.13;13.37;16.39;25.91;21.34;-0.072;NEUTRE;0;-22.1;0;0
2026.02.10 19:00;1.18919;1.19022;1.18864;1.19019;17.05;13.87;18.91;22.32;24.48;-0.013;NEUTRE;0;-4.4;0;1
2026.02.10 18:00;1.18955;1.18978;1.18901;1.18918;17.31;11.72;21.82;15.80;34.03;-0.097;NEUTRE;0;-31.3;-1;1
2026.02.10 17:00;1.18974;1.19050;1.18929;1.18955;15.34;13.52;19.58;35.31;49.35;-0.066;NEUTRE;0;-23.6;0;1
2026.02.10 16:00;1.19136;1.19145;1.18963;1.18974;14.88;15.60;18.27;50.99;52.62;-0.050;NEUTRE;0;-19.4;0;1
2026.02.10 15:00;1.19143;1.19189;1.18962;1.19136;15.96;18.00;21.08;61.74;45.18;0.086;NEUTRE;0;32.9;1;1
2026.02.10 14:00;1.19050;1.19283;1.19025;1.19145;17.20;20.77;20.06;45.13;32.52;0.093;NEUTRE;0;36.8;1;1
2026.02.10 13:00;1.18926;1.19128;1.18879;1.19050;19.58;14.72;23.14;28.66;33.71;0.013;NEUTRE;0;6.4;0;1
2026.02.10 12:00;1.19034;1.19083;1.18909;1.18926;19.17;14.21;26.70;23.78;44.98;-0.091;NEUTRE;0;-40.5;-1;1
2026.02.10 11:00;1.19096;1.19103;1.19005;1.19034;17.43;16.39;22.32;48.69;58.22;0.000;NEUTRE;0;0;0;1
2026.02.10 10:00;1.19141;1.19171;1.19088;1.19096;17.75;18.92;12.73;62.48;56.25;0.052;NEUTRE;0;30.4;1;1
2026.02.10 09:00;1.19088;1.19195;1.19078;1.19141;17.47;21.83;14.68;63.50;48.93;0.090;NEUTRE;0;48.4;2;1
2026.02.10 08:00;1.19084;1.19148;1.18992;1.19089;17.15;19.01;16.94;42.77;41.19;0.046;NEUTRE;0;32.9;1;1
2026.02.10 07:00;1.19028;1.19102;1.18991;1.19084;18.90;17.39;19.55;40.52;46.43;0.042;NEUTRE;0;34.1;1;1
2026.02.10 06:00;1.19069;1.19129;1.19009;1.19028;20.91;20.07;20.06;40.28;56.85;-0.005;NEUTRE;0;-5.4;0;0
2026.02.10 05:00;1.19066;1.19102;1.19033;1.19069;24.13;19.69;23.15;58.50;67.05;0.029;NEUTRE;0;33.2;1;0
2026.02.10 04:00;1.19112;1.19123;1.19055;1.19066;26.60;22.72;21.80;71.77;63.80;0.027;NEUTRE;0;37.3;1;0
2026.02.10 03:00;1.19133;1.19167;1.19096;1.19112;30.38;26.22;15.88;70.88;47.53;0.066;NEUTRE;0;68;3;0
2026.02.10 02:00;1.19053;1.19139;1.19053;1.19133;31.27;24.19;18.32;48.75;31.53;0.083;NEUTRE;0;77.9;3;0
2026.02.10 01:00;1.19014;1.19100;1.18963;1.19053;33.96;20.93;21.14;22.97;30.21;0.016;NEUTRE;0;;;0
2026.02.10 00:00;1.19034;1.19053;1.18981;1.19014;39.11;18.87;24.40;22.87;44.65;-0.017;NEUTRE;0;;;0
2026.02.09 23:00;1.19120;1.19143;1.19013;1.19034;43.16;21.78;21.31;44.79;62.34;0.651;STRONG_UP;2;72.6;3;0
2026.02.09 22:00;1.19071;1.19131;1.19071;1.19120;49.63;25.13;17.73;66.30;72.18;0.724;EXPLOSIVE_UP;3;74.9;3;0
2026.02.09 21:00;1.19143;1.19156;1.19102;1.19148;54.61;28.99;14.26;75.94;72.98;0.747;EXPLOSIVE_UP;3;76;3;0
2026.02.09 20:00;1.19199;1.19209;1.19138;1.19143;57.77;33.45;6.20;74.30;66.82;0.743;EXPLOSIVE_UP;3;76.6;3;0
2026.02.09 19:00;1.19156;1.19219;1.19121;1.19199;56.09;38.60;7.15;68.70;63.51;0.791;EXPLOSIVE_UP;3;78;3;1
2026.02.09 18:00;1.19082;1.19169;1.19032;1.19156;54.14;36.69;8.25;57.46;66.31;0.754;EXPLOSIVE_UP;3;78;3;1
2026.02.09 17:00;1.18971;1.19106;1.18969;1.19083;52.73;35.26;9.52;64.39;77.46;0.693;STRONG_UP;2;77.7;3;1
2026.02.09 16:00;1.19118;1.19173;1.18926;1.18971;52.00;40.69;10.99;77.07;88.46;0.598;STRONG_UP;2;76.6;3;1
2026.02.09 15:00;1.19180;1.19264;1.19031;1.19118;51.16;46.95;6.14;90.92;94.08;0.722;EXPLOSIVE_UP;3;79.6;3;1
2026.02.09 14:00;1.19033;1.19181;1.19024;1.19180;47.21;48.69;7.08;97.38;92.06;0.775;EXPLOSIVE_UP;3;80.9;3;1
2026.02.09 13:00;1.18810;1.19054;1.18809;1.19033;42.99;43.73;8.17;93.93;86.57;0.650;STRONG_UP;2;79.9;3;1
2026.02.09 12:00;1.18689;1.18826;1.18689;1.18810;39.06;36.14;9.43;84.87;83.82;0.462;STRONG_UP;2;77;3;1
2026.02.09 11:00;1.18598;1.18717;1.18553;1.18689;36.05;29.46;10.88;80.93;85.70;0.359;SOFT_UP;1;74.8;3;1
2026.02.09 10:00;1.18618;1.18694;1.18548;1.18598;34.51;31.84;12.55;85.66;89.32;0.282;SOFT_UP;1;72.5;3;1
2026.02.09 09:00;1.18638;1.18695;1.18599;1.18618;33.13;36.74;9.11;90.51;89.95;0.299;SOFT_UP;1;75;3;1
2026.02.09 08:00;1.18556;1.18646;1.18512;1.18638;28.96;34.54;10.51;91.80;86.39;0.316;SOFT_UP;1;77.3;3;1
2026.02.09 07:00;1.18516;1.18596;1.18467;1.18556;25.21;34.11;12.12;87.54;75.70;0.247;SOFT_UP;1;75.9;3;1
2026.02.09 06:00;1.18330;1.18574;1.18327;1.18516;21.77;36.73;13.99;79.85;61.63;0.213;SOFT_UP;1;76;3;0
2026.02.09 05:00;1.18262;1.18361;1.18254;1.18330;18.22;29.12;16.14;59.71;51.31;0.056;NEUTRE;0;51.6;2;0
2026.02.09 04:00;1.18186;1.18265;1.18186;1.18262;16.61;19.80;18.63;45.34;53.20;-0.002;NEUTRE;0;-3.2;0;0
2026.02.09 03:00;1.18193;1.18247;1.18180;1.18186;18.70;19.34;21.49;48.89;65.41;-0.066;NEUTRE;0;-68;-3;0
2026.02.09 02:00;1.18252;1.18254;1.18158;1.18193;20.76;22.31;24.80;65.37;73.64;-0.060;NEUTRE;0;-73.5;-3;0
2026.02.09 01:00;1.18304;1.18333;1.18244;1.18252;23.15;25.74;14.83;81.97;69.38;-0.010;NEUTRE;0;;;0
2026.02.09 00:00;1.18264;1.18332;1.18236;1.18304;22.57;29.53;17.11;73.58;57.70;0.034;NEUTRE;0;;;0
2026.02.08 23:00;1.18133;1.18274;1.18093;1.18264;21.95;24.78;19.74;52.60;55.54;0.127;NEUTRE;0;31.9;1;0
2026.02.08 22:00;1.18114;1.18143;1.18112;1.18131;23.58;17.46;22.78;46.92;63.36;0.014;NEUTRE;0;4.1;0;0
2026.02.06 21:00;1.18218;1.18237;1.18131;1.18143;25.17;20.14;16.86;67.11;71.97;0.324;SOFT_UP;1;60.1;2;0
2026.02.06 20:00;1.18189;1.18225;1.18180;1.18218;27.68;23.24;12.34;76.05;72.47;0.387;SOFT_UP;1;65.4;3;0
2026.02.06 19:00;1.18188;1.18210;1.18142;1.18189;27.23;21.69;14.24;72.76;71.84;0.363;SOFT_UP;1;65.1;3;1
2026.02.06 18:00;1.18177;1.18225;1.18172;1.18188;28.22;25.03;9.64;68.60;73.65;0.362;SOFT_UP;1;66.2;3;1
2026.02.06 17:00;1.18120;1.18203;1.18100;1.18177;25.74;22.49;11.12;74.16;80.08;0.352;SOFT_UP;1;66.8;3;1
2026.02.06 16:00;1.18189;1.18214;1.18097;1.18120;24.49;25.95;12.83;78.19;83.30;0.304;SOFT_UP;1;65;2;1
2026.02.06 15:00;1.18207;1.18237;1.18049;1.18189;23.06;29.94;14.81;87.91;79.69;0.363;SOFT_UP;1;69.9;3;1
2026.02.06 14:00;1.18100;1.18259;1.18096;1.18208;21.40;34.55;13.24;83.81;63.82;0.379;SOFT_UP;1;71.8;3;1
2026.02.06 13:00;1.17924;1.18108;1.17919;1.18100;17.84;25.61;15.28;67.35;48.23;0.287;SOFT_UP;1;68.1;3;1
2026.02.06 12:00;1.17898;1.17928;1.17879;1.17924;16.69;14.90;17.63;40.32;39.11;0.138;NEUTRE;0;52.3;2;1
2026.02.06 11:00;1.17917;1.17929;1.17853;1.17898;17.97;17.19;20.34;37.01;38.59;0.115;NEUTRE;0;49.7;2;1
2026.02.06 10:00;1.17917;1.17995;1.17894;1.17917;19.44;19.84;15.17;40.00;42.98;0.132;NEUTRE;0;56.1;2;1
2026.02.06 09:00;1.17920;1.17979;1.17899;1.17917;20.38;20.45;17.50;38.75;52.21;0.132;NEUTRE;0;58.8;2;1
2026.02.06 08:00;1.17911;1.17955;1.17854;1.17920;22.33;18.98;20.20;50.20;68.42;0.134;NEUTRE;0;62.1;2;1
2026.02.06 07:00;1.17967;1.17974;1.17883;1.17911;25.28;21.90;18.89;67.68;81.53;0.127;NEUTRE;0;63.9;2;1
2026.02.06 06:00;1.17980;1.18014;1.17941;1.17967;28.04;25.27;11.99;87.36;88.51;0.174;NEUTRE;0;73;3;0
2026.02.06 05:00;1.17949;1.18010;1.17945;1.17980;26.86;29.16;13.83;89.55;87.76;0.185;NEUTRE;0;76.5;3;0
2026.02.06 04:00;1.17873;1.17961;1.17869;1.17949;25.51;22.05;15.96;88.63;83.12;0.159;NEUTRE;0;77.4;3;0
2026.02.06 03:00;1.17873;1.17901;1.17854;1.17873;26.97;15.41;18.41;85.10;70.85;0.094;NEUTRE;0;74.2;3;0
2026.02.06 02:00;1.17850;1.17914;1.17844;1.17873;29.75;17.78;21.25;75.61;52.82;0.094;NEUTRE;0;79.3;3;0
2026.02.06 01:00;1.17825;1.17879;1.17783;1.17850;32.96;12.83;24.52;51.83;31.92;0.075;NEUTRE;0;;;0
2026.02.06 00:00;1.17762;1.17830;1.17654;1.17825;33.22;6.95;28.29;31.02;18.68;0.053;NEUTRE;0;;;0
2026.02.05 23:00;1.17805;1.17816;1.17748;1.17762;29.01;8.01;24.42;12.92;14.84;-0.213;SOFT_DOWN;-1;-46.2;-2;0
2026.02.05 22:00;1.17773;1.17823;1.17772;1.17805;25.69;9.25;22.75;12.09;19.42;-0.176;NEUTRE;0;-42;-1;0
2026.02.05 21:00;1.17806;1.17841;1.17746;1.17774;23.15;10.67;26.25;19.50;28.40;-0.203;SOFT_DOWN;-1;-47.4;-2;0
2026.02.05 20:00;1.17939;1.17944;1.17794;1.17806;20.22;12.31;22.52;26.67;35.77;-0.175;NEUTRE;0;-44.6;-1;0
2026.02.05 19:00;1.17932;1.17970;1.17923;1.17939;18.82;14.21;12.75;39.03;40.11;-0.063;NEUTRE;0;-20.5;0;1
2026.02.05 18:00;1.18004;1.18025;1.17918;1.17932;20.88;16.39;14.71;41.60;39.85;-0.069;NEUTRE;0;-23.4;0;1
2026.02.05 17:00;1.18010;1.18040;1.17957;1.18004;23.26;18.91;11.37;39.68;42.70;-0.008;NEUTRE;0;-3;0;1
2026.02.05 16:00;1.17909;1.18031;1.17848;1.18010;23.01;20.15;13.12;38.25;51.19;-0.003;NEUTRE;0;-1.2;0;1
2026.02.05 15:00;1.17977;1.18112;1.17816;1.17909;23.29;23.25;15.13;50.17;61.66;-0.088;NEUTRE;0;-33.5;-1;1
2026.02.05 14:00;1.18114;1.18215;1.17953;1.17977;23.62;26.83;10.34;65.14;60.57;-0.031;NEUTRE;0;-14;0;1
2026.02.05 13:00;1.17993;1.18150;1.17910;1.18114;20.43;27.14;11.93;69.67;47.05;0.086;NEUTRE;0;36.7;1;1
2026.02.05 12:00;1.17934;1.18033;1.17851;1.17993;17.59;23.82;13.77;46.90;34.45;-0.017;NEUTRE;0;-9.1;0;1
2026.02.05 11:00;1.17874;1.17950;1.17858;1.17934;16.18;20.47;15.89;24.56;34.54;-0.067;NEUTRE;0;-34.5;-1;1
2026.02.05 10:00;1.17802;1.17915;1.17800;1.17874;16.73;17.76;18.33;31.90;47.20;-0.118;NEUTRE;0;-53.1;-2;1
2026.02.05 09:00;1.18024;1.18025;1.17800;1.17802;19.06;20.50;21.15;47.15;51.75;-0.179;NEUTRE;0;-66;-3;1
2026.02.05 08:00;1.17984;1.18085;1.17952;1.18024;21.75;23.65;14.01;62.54;45.13;0.009;NEUTRE;0;7.2;0;1
2026.02.05 07:00;1.17902;1.18032;1.17901;1.17986;21.16;21.16;16.16;45.57;32.44;-0.023;NEUTRE;0;-20.3;0;1
2026.02.05 06:00;1.17898;1.17912;1.17843;1.17902;22.35;10.32;18.65;27.27;22.65;-0.094;NEUTRE;0;-60.5;-2;0
2026.02.05 05:00;1.17873;1.17900;1.17840;1.17898;21.37;9.23;21.52;24.48;20.17;-0.097;NEUTRE;0;-65.4;-3;0
2026.02.05 04:00;1.17889;1.17907;1.17864;1.17873;18.51;10.65;18.68;16.20;19.83;-0.119;NEUTRE;0;-73.4;-3;0
2026.02.05 03:00;1.17852;1.17906;1.17824;1.17889;17.15;11.94;21.55;19.83;30.47;-0.105;NEUTRE;0;-75.8;-3;0
2026.02.05 02:00;1.18034;1.18049;1.17845;1.17852;15.37;13.77;20.93;23.47;42.50;-0.136;NEUTRE;0;-82.6;-3;0
2026.02.05 01:00;1.18041;1.18080;1.18017;1.18034;14.56;15.89;11.18;48.10;53.26;0.018;NEUTRE;0;;;0
2026.02.05 00:00;1.18013;1.18044;1.17991;1.18041;14.12;9.54;12.89;55.91;56.21;0.024;NEUTRE;0;;;0
2026.02.04 23:00;1.18041;1.18075;1.18002;1.18013;13.99;11.01;11.69;55.77;56.04;-0.118;NEUTRE;0;-30;-1;0
2026.02.04 22:00;1.18027;1.18065;1.18025;1.18046;15.69;12.71;8.64;56.95;52.88;-0.090;NEUTRE;0;-24.7;0;0
2026.02.04 21:00;1.18032;1.18077;1.18020;1.18047;15.17;14.66;9.96;55.40;45.59;-0.089;NEUTRE;0;-25.5;-1;0
2026.02.04 20:00;1.18088;1.18093;1.18012;1.18032;14.57;16.92;11.50;46.28;36.29;-0.102;NEUTRE;0;-29.9;-1;0
2026.02.04 19:00;1.18006;1.18092;1.17941;1.18088;13.88;19.33;13.27;35.10;27.81;-0.054;NEUTRE;0;-17.8;0;1
2026.02.04 18:00;1.17973;1.18014;1.17945;1.18006;13.15;14.36;15.31;27.48;25.73;-0.124;NEUTRE;0;-37.8;-1;1
2026.02.04 17:00;1.18023;1.18146;1.17939;1.17973;14.68;16.56;17.66;20.84;29.32;-0.151;NEUTRE;0;-45;-2;1
2026.02.04 16:00;1.17960;1.18054;1.17901;1.18023;16.45;12.27;20.38;28.87;40.60;-0.109;NEUTRE;0;-37.5;-1;1
2026.02.04 15:00;1.18143;1.18218;1.17930;1.17960;15.16;14.16;20.60;38.25;45.22;-0.163;NEUTRE;0;-50.8;-2;1
2026.02.04 14:00;1.18221;1.18253;1.18020;1.18144;14.64;16.34;18.96;54.69;42.98;-0.007;NEUTRE;0;-3.2;0;1
2026.02.04 13:00;1.18213;1.18269;1.18109;1.18221;15.75;18.86;16.00;42.72;30.94;0.058;NEUTRE;0;26.7;1;1
2026.02.04 12:00;1.18100;1.18245;1.18093;1.18213;16.92;19.45;18.46;31.54;24.16;0.052;NEUTRE;0;26;1;1
2026.02.04 11:00;1.18132;1.18151;1.18056;1.18100;19.12;12.93;21.30;18.57;24.88;-0.044;NEUTRE;0;-24.3;0;1
2026.02.04 10:00;1.18137;1.18175;1.18043;1.18132;18.30;14.92;24.58;22.39;37.86;-0.017;NEUTRE;0;-10.8;0;1
2026.02.04 09:00;1.18284;1.18323;1.18108;1.18136;17.35;17.21;20.78;33.69;55.51;-0.014;NEUTRE;0;-9.9;0;1
2026.02.04 08:00;1.18317;1.18377;1.18234;1.18284;18.57;19.86;14.97;57.51;72.73;0.112;NEUTRE;0;57.6;2;1
2026.02.04 07:00;1.18293;1.18336;1.18238;1.18317;19.26;18.50;17.27;75.35;83.19;0.140;NEUTRE;0;66.1;3;1
2026.02.04 06:00;1.18325;1.18359;1.18286;1.18293;21.70;21.35;12.39;85.34;84.68;0.119;NEUTRE;0;65.9;3;0
2026.02.04 05:00;1.18352;1.18358;1.18301;1.18326;20.95;24.63;11.13;88.87;79.76;0.147;NEUTRE;0;73.2;3;0
2026.02.04 04:00;1.18267;1.18354;1.18250;1.18352;18.37;27.34;12.85;79.84;69.29;0.169;NEUTRE;0;78.1;3;0
2026.02.04 03:00;1.18218;1.18277;1.18204;1.18267;15.64;20.16;14.82;70.58;60.92;0.097;NEUTRE;0;74.7;3;0
2026.02.04 02:00;1.18257;1.18313;1.18184;1.18218;15.70;23.26;17.10;57.44;52.35;0.056;NEUTRE;0;72.4;3;0
2026.02.04 01:00;1.18139;1.18315;1.18120;1.18257;15.77;26.84;19.74;54.75;50.92;0.089;NEUTRE;0;;;0
2026.02.04 00:00;1.18152;1.18172;1.18085;1.18139;15.86;19.69;22.77;44.86;52.20;-0.011;NEUTRE;0;;;0
2026.02.03 23:00;1.18153;1.18200;1.18119;1.18152;17.18;22.71;20.26;53.14;58.24;0.141;NEUTRE;0;34.6;1;0
2026.02.03 22:00;1.18132;1.18196;1.18121;1.18153;18.94;25.45;23.38;58.60;61.34;0.142;NEUTRE;0;36;1;0
2026.02.03 21:00;1.18207;1.18250;1.18181;1.18190;21.20;29.36;14.67;62.99;63.80;0.173;NEUTRE;0;42.9;1;0
2026.02.03 20:00;1.18134;1.18215;1.18091;1.18207;19.33;26.08;16.93;62.42;67.53;0.187;NEUTRE;0;46.5;2;0
2026.02.03 19:00;1.18088;1.18168;1.18055;1.18132;19.03;24.26;19.53;65.98;75.56;0.124;NEUTRE;0;36.3;1;1
2026.02.03 18:00;1.18160;1.18222;1.18088;1.18088;20.30;27.99;18.04;74.19;80.42;0.086;NEUTRE;0;28.3;1;1
2026.02.03 17:00;1.18175;1.18286;1.18134;1.18160;20.10;32.30;15.54;86.50;76.12;0.147;NEUTRE;0;44.3;1;1
2026.02.03 16:00;1.18126;1.18210;1.18099;1.18175;17.80;29.57;17.93;80.57;60.47;0.160;NEUTRE;0;48.4;2;1
2026.02.03 15:00;1.17907;1.18132;1.17859;1.18126;16.77;23.31;20.69;61.28;43.08;0.119;NEUTRE;0;41.8;1;1
2026.02.03 14:00;1.17957;1.18010;1.17797;1.17907;18.43;20.03;23.87;39.57;28.04;-0.067;NEUTRE;0;-28.3;-1;1
2026.02.03 13:00;1.17962;1.18063;1.17923;1.17957;19.92;23.11;18.44;28.39;16.34;-0.025;NEUTRE;0;-12.2;0;1
2026.02.03 12:00;1.17868;1.17998;1.17863;1.17962;21.26;19.52;21.28;16.17;10.43;-0.020;NEUTRE;0;-10.6;0;1
2026.02.03 11:00;1.17868;1.17944;1.17823;1.17868;23.86;16.37;24.55;4.47;15.30;-0.100;NEUTRE;0;-45.7;-2;1
2026.02.03 10:00;1.17918;1.17996;1.17864;1.17868;24.46;18.89;23.12;10.67;34.08;-0.100;NEUTRE;0;-48.4;-2;1
2026.02.03 09:00;1.18125;1.18157;1.17917;1.17918;26.67;21.79;20.50;30.77;51.98;-0.058;NEUTRE;0;-36;-1;1
2026.02.03 08:00;1.18149;1.18191;1.18033;1.18125;30.30;25.14;16.22;60.80;63.20;0.118;NEUTRE;0;59;2;1
2026.02.03 07:00;1.18134;1.18241;1.18095;1.18149;31.64;29.01;12.67;64.38;65.21;0.138;NEUTRE;0;65.8;3;1
2026.02.03 06:00;1.18085;1.18159;1.18075;1.18135;30.48;24.83;14.62;64.41;65.96;0.126;NEUTRE;0;67.1;3;0
2026.02.03 05:00;1.18089;1.18128;1.18046;1.18086;31.19;22.98;16.87;66.83;70.74;0.085;NEUTRE;0;62.4;2;0
2026.02.03 04:00;1.18091;1.18163;1.18085;1.18089;33.63;26.51;12.15;66.62;76.37;0.087;NEUTRE;0;67.8;3;0
2026.02.03 03:00;1.18013;1.18123;1.18006;1.18091;33.09;22.70;14.02;78.77;86.81;0.089;NEUTRE;0;73.3;3;0
2026.02.03 02:00;1.18137;1.18140;1.18004;1.18013;34.55;26.19;16.18;83.72;88.04;0.023;NEUTRE;0;52.3;2;0
2026.02.03 01:00;1.18060;1.18145;1.18013;1.18137;36.23;30.22;17.65;97.93;79.45;0.128;NEUTRE;0;;;0
2026.02.03 00:00;1.17986;1.18068;1.17978;1.18060;37.76;25.90;20.36;82.47;60.95;0.063;NEUTRE;0;;;0
2026.02.02 23:00;1.17886;1.17987;1.17871;1.17986;41.73;16.04;23.50;57.95;45.21;-0.401;SOFT_DOWN;-1;-63;-2;0
2026.02.02 22:00;1.17836;1.17924;1.17825;1.17886;45.25;10.15;27.11;42.42;33.46;-0.485;STRONG_DOWN;-2;-68.1;-3;0
2026.02.02 21:00;1.17911;1.17942;1.17884;1.17888;45.20;11.71;22.11;35.26;24.53;-0.484;STRONG_DOWN;-2;-68.9;-3;0
2026.02.02 20:00;1.17884;1.17919;1.17799;1.17911;47.43;7.41;25.52;22.70;17.60;-0.464;STRONG_DOWN;-2;-69.1;-3;0
2026.02.02 19:00;1.17794;1.17911;1.17756;1.17884;46.26;7.52;29.44;15.64;14.23;-0.487;STRONG_DOWN;-2;-70.9;-3;1
2026.02.02 18:00;1.17997;1.18009;1.17772;1.17792;44.26;8.68;32.38;14.46;14.04;-0.565;STRONG_DOWN;-2;-74.2;-3;1
2026.02.02 17:00;1.18060;1.18121;1.17947;1.17997;42.18;10.02;26.01;12.57;12.72;-0.392;SOFT_DOWN;-1;-68.9;-3;1
2026.02.02 16:00;1.17920;1.18074;1.17901;1.18060;41.84;7.40;30.01;15.09;14.35;-0.339;SOFT_DOWN;-1;-67.3;-3;1
2026.02.02 15:00;1.18203;1.18203;1.17900;1.17920;38.98;8.54;34.62;10.48;18.64;-0.457;STRONG_DOWN;-2;-73.8;-3;1
2026.02.02 14:00;1.18204;1.18295;1.18051;1.18213;35.69;9.85;32.53;17.48;34.95;-0.209;SOFT_DOWN;-1;-59.3;-2;1
2026.02.02 13:00;1.18495;1.18496;1.18176;1.18204;32.94;11.37;29.65;27.97;55.65;-0.217;SOFT_DOWN;-1;-62;-2;1
2026.02.02 12:00;1.18643;1.18697;1.18427;1.18495;31.16;13.12;22.15;59.40;67.23;0.029;NEUTRE;0;15.2;0;1
2026.02.02 11:00;1.18644;1.18710;1.18602;1.18643;32.01;15.14;15.58;79.58;63.91;0.154;NEUTRE;0;57.6;2;1
2026.02.02 10:00;1.18618;1.18699;1.18582;1.18644;36.71;15.90;17.98;62.71;49.51;0.154;NEUTRE;0;60;2;1
2026.02.02 09:00;1.18505;1.18648;1.18443;1.18620;41.42;11.64;20.74;49.44;40.40;0.134;NEUTRE;0;59.2;2;1
2026.02.02 08:00;1.18532;1.18662;1.18433;1.18505;43.47;13.43;23.94;36.39;37.59;0.037;NEUTRE;0;27.5;1;1
2026.02.02 07:00;1.18534;1.18630;1.18512;1.18532;45.83;15.50;22.31;35.38;42.94;0.060;NEUTRE;0;44;1;1
2026.02.02 06:00;1.18503;1.18542;1.18429;1.18534;50.10;6.41;25.74;40.98;53.08;0.062;NEUTRE;0;49.3;2;0
2026.02.02 05:00;1.18629;1.18634;1.18406;1.18503;48.56;7.39;29.70;52.47;64.43;0.035;NEUTRE;0;38.3;1;0
2026.02.02 04:00;1.18638;1.18722;1.18577;1.18629;46.78;8.53;22.73;65.79;72.74;0.142;NEUTRE;0;76;3;0
2026.02.02 03:00;1.18628;1.18715;1.18627;1.18638;46.99;9.84;20.93;75.02;69.42;0.149;NEUTRE;0;79.9;3;0
2026.02.02 02:00;1.18703;1.18744;1.18627;1.18628;48.67;11.36;24.15;77.40;55.00;0.141;NEUTRE;0;82.8;3;0
2026.02.02 01:00;1.18663;1.18722;1.18525;1.18703;50.62;10.21;27.86;55.84;32.76;0.204;SOFT_UP;1;;;0
2026.02.02 00:00;1.18461;1.18744;1.18461;1.18663;51.27;11.78;32.15;31.75;15.95;0.171;NEUTRE;0;;;0
2026.02.01 23:00;1.18496;1.18566;1.18393;1.18458;52.03;4.02;37.09;10.69;9.57;-0.001;NEUTRE;0;-0.3;0;0
2026.02.01 22:00;1.18459;1.18520;1.18450;1.18496;47.65;4.64;37.73;5.41;13.92;0.031;NEUTRE;0;9;0;0
2026.01.30 21:00;1.18528;1.18563;1.18496;1.18516;42.97;5.35;33.43;12.61;20.54;-0.965;EXPLOSIVE_DOWN;-3;-79.1;-3;0
2026.01.30 20:00;1.18690;1.18690;1.18525;1.18525;38.44;6.17;31.91;23.74;23.36;-0.958;EXPLOSIVE_DOWN;-3;-79.5;-3;0
2026.01.30 19:00;1.18779;1.18846;1.18642;1.18691;33.95;7.12;25.98;25.27;20.47;-0.819;EXPLOSIVE_DOWN;-3;-78.4;-3;1
2026.01.30 18:00;1.18721;1.18841;1.18542;1.18780;30.42;7.84;29.97;21.07;17.08;-0.745;EXPLOSIVE_DOWN;-3;-77.9;-3;1
2026.01.30 17:00;1.18856;1.18873;1.18663;1.18721;26.09;9.05;28.36;15.07;15.89;-0.794;EXPLOSIVE_DOWN;-3;-79.2;-3;1
2026.01.30 16:00;1.18948;1.18973;1.18715;1.18856;22.16;10.44;28.91;15.10;19.06;-0.681;STRONG_DOWN;-2;-78.2;-3;1
2026.01.30 15:00;1.19057;1.19057;1.18827;1.18948;18.35;12.05;26.68;17.51;31.51;-0.604;STRONG_DOWN;-2;-77.6;-3;1
2026.01.30 14:00;1.19124;1.19209;1.19007;1.19059;15.36;13.90;18.85;24.58;46.29;-0.511;STRONG_DOWN;-2;-76.3;-3;1
2026.01.30 13:00;1.19191;1.19242;1.19015;1.19124;15.40;16.04;21.14;52.45;57.75;-0.457;STRONG_DOWN;-2;-75.8;-3;1
2026.01.30 12:00;1.19488;1.19543;1.19148;1.19191;15.66;18.51;15.37;61.82;54.84;-0.401;SOFT_DOWN;-1;-75.1;-3;1
2026.01.30 11:00;1.19207;1.19502;1.19203;1.19488;16.65;21.35;15.60;58.99;51.66;-0.153;NEUTRE;0;-57.5;-2;1
2026.01.30 10:00;1.19077;1.19249;1.19043;1.19207;16.82;11.62;18.00;43.72;55.00;-0.388;SOFT_DOWN;-1;-77.1;-3;1
2026.01.30 09:00;1.19326;1.19374;1.18979;1.19079;16.09;13.41;20.77;52.27;63.38;-0.495;STRONG_DOWN;-2;-80.8;-3;1
2026.01.30 08:00;1.19391;1.19427;1.19230;1.19327;15.26;15.47;14.19;69.00;62.98;-0.287;SOFT_DOWN;-1;-76.1;-3;1
2026.01.30 07:00;1.19186;1.19421;1.19144;1.19376;16.94;17.38;16.37;68.88;53.84;-0.247;SOFT_DOWN;-1;-75.9;-3;1
2026.01.30 06:00;1.19244;1.19328;1.19136;1.19187;19.08;14.89;18.89;51.07;41.84;-0.404;SOFT_DOWN;-1;-82.5;-3;0
2026.01.30 05:00;1.19240;1.19348;1.19141;1.19244;20.20;17.18;21.39;41.58;32.58;-0.357;SOFT_DOWN;-1;-82.9;-3;0
2026.01.30 04:00;1.19196;1.19341;1.19187;1.19240;21.62;19.83;21.26;32.87;23.79;-0.360;SOFT_DOWN;-1;-84.4;-3;0
2026.01.30 03:00;1.19182;1.19227;1.19127;1.19196;24.41;11.49;24.53;23.30;19.34;-0.397;SOFT_DOWN;-1;-86.2;-3;0
2026.01.30 02:00;1.19166;1.19263;1.18946;1.19182;22.60;13.25;28.31;15.20;27.16;-0.409;SOFT_DOWN;-1;-87.5;-3;0
2026.01.30 01:00;1.19316;1.19394;1.19141;1.19166;20.50;15.29;23.20;19.50;51.05;-0.422;STRONG_DOWN;-2;;;0
2026.01.30 00:00;1.19671;1.19727;1.19297;1.19316;20.49;17.65;17.28;46.76;75.30;-0.297;SOFT_DOWN;-1;;;0
2026.01.29 23:00;1.19682;1.19742;1.19647;1.19671;23.49;20.36;7.42;86.88;86.80;-0.112;NEUTRE;0;-28.8;-1;0
2026.01.29 22:00;1.19656;1.19700;1.19653;1.19682;19.93;16.69;8.56;92.26;83.63;-0.103;NEUTRE;0;-27.8;-1;0
2026.01.29 21:00;1.19644;1.19711;1.19616;1.19702;18.05;19.26;9.88;81.25;77.42;-0.086;NEUTRE;0;-24.8;0;0
2026.01.29 20:00;1.19511;1.19680;1.19455;1.19644;15.87;17.20;11.40;77.38;73.43;-0.134;NEUTRE;0;-37.1;-1;0
2026.01.29 19:00;1.19575;1.19602;1.19499;1.19511;15.19;14.52;13.15;73.63;66.00;-0.245;SOFT_DOWN;-1;-55.5;-2;1
2026.01.29 18:00;1.19554;1.19645;1.19481;1.19575;16.77;16.75;15.18;69.27;60.00;-0.192;NEUTRE;0;-50.2;-2;1
2026.01.29 17:00;1.19424;1.19612;1.19423;1.19554;18.59;16.23;17.51;55.09;55.04;-0.210;SOFT_DOWN;-1;-54.3;-2;1
2026.01.29 16:00;1.19292;1.19525;1.19268;1.19424;20.87;11.65;20.21;55.65;57.59;-0.318;SOFT_DOWN;-1;-65.9;-3;1
2026.01.29 15:00;1.19701;1.19722;1.19057;1.19292;19.94;13.44;23.31;54.37;50.81;-0.428;STRONG_DOWN;-2;-72.7;-3;1
2026.01.29 14:00;1.19558;1.19711;1.19518;1.19701;18.88;15.51;16.24;62.75;39.96;-0.087;NEUTRE;0;-35;-1;1
2026.01.29 13:00;1.19608;1.19704;1.19399;1.19558;21.43;17.34;18.73;35.30;22.53;-0.206;SOFT_DOWN;-1;-60.7;-2;1
2026.01.29 12:00;1.19468;1.19620;1.19418;1.19608;24.13;15.76;21.62;21.82;14.40;-0.164;NEUTRE;0;-57;-2;1
2026.01.29 11:00;1.19420;1.19527;1.19377;1.19467;25.43;11.11;24.94;10.45;12.64;-0.282;SOFT_DOWN;-1;-70.9;-3;1
2026.01.29 10:00;1.19554;1.19576;1.19384;1.19420;23.44;12.82;28.06;10.92;23.50;-0.321;SOFT_DOWN;-1;-74.5;-3;1
2026.01.29 09:00;1.19682;1.19739;1.19512;1.19554;21.31;14.79;22.12;16.54;39.85;-0.210;SOFT_DOWN;-1;-69.2;-3;1
2026.01.29 08:00;1.19736;1.19854;1.19610;1.19682;21.53;17.06;18.88;43.05;61.42;-0.103;NEUTRE;0;-55.4;-2;1
2026.01.29 07:00;1.19842;1.19960;1.19670;1.19736;24.07;19.69;18.00;59.95;76.46;-0.058;NEUTRE;0;-43;-1;1
2026.01.29 06:00;1.19809;1.19888;1.19749;1.19840;27.08;22.72;16.58;81.27;85.65;0.029;NEUTRE;0;28.6;1;0
2026.01.29 05:00;1.19895;1.19932;1.19802;1.19809;28.85;26.21;13.27;88.16;80.96;0.003;NEUTRE;0;3.9;0;0
2026.01.29 04:00;1.19862;1.19903;1.19749;1.19897;28.24;26.81;15.31;87.51;72.89;0.077;NEUTRE;0;65.2;3;0
2026.01.29 03:00;1.19728;1.19866;1.19702;1.19862;28.38;27.24;17.66;67.21;70.61;0.048;NEUTRE;0;61;2;0
2026.01.29 02:00;1.19610;1.19753;1.19529;1.19728;29.47;20.83;20.38;63.95;79.47;-0.064;NEUTRE;0;-74.5;-3;0
2026.01.29 01:00;1.19733;1.19733;1.19565;1.19610;33.83;24.04;21.05;80.68;91.14;-0.163;NEUTRE;0;;;0
2026.01.29 00:00;1.19805;1.19849;1.19687;1.19732;38.02;27.73;13.11;93.77;95.86;-0.061;NEUTRE;0;;;0
2026.01.28 23:00;1.19555;1.19807;1.19520;1.19806;38.36;28.01;15.13;98.97;91.27;-0.348;SOFT_DOWN;-1;-59.6;-2;0
2026.01.28 22:00;1.19546;1.19563;1.19535;1.19555;39.67;19.24;17.46;94.84;75.73;-0.556;STRONG_DOWN;-2;-70.7;-3;0
2026.01.28 21:00;1.19451;1.19537;1.19414;1.19525;45.02;11.68;20.14;80.00;56.50;-0.581;STRONG_DOWN;-2;-72.2;-3;0
2026.01.28 20:00;1.19402;1.19499;1.19290;1.19452;47.85;8.72;23.24;52.36;38.79;-0.642;STRONG_DOWN;-2;-74.5;-3;0
2026.01.28 19:00;1.19212;1.19415;1.18953;1.19402;48.22;3.88;26.81;37.14;32.42;-0.684;STRONG_DOWN;-2;-76.2;-3;1
2026.01.28 18:00;1.19407;1.19419;1.19140;1.19212;44.14;4.47;24.71;26.87;30.11;-0.842;EXPLOSIVE_DOWN;-3;-79.3;-3;1
2026.01.28 17:00;1.19403;1.19430;1.19277;1.19406;40.27;5.16;20.96;33.25;29.14;-0.680;STRONG_DOWN;-2;-77.5;-3;1
2026.01.28 16:00;1.19433;1.19523;1.19185;1.19402;37.16;5.96;24.18;30.22;26.85;-0.684;STRONG_DOWN;-2;-78.3;-3;1
2026.01.28 15:00;1.19620;1.19699;1.19225;1.19430;33.57;6.87;26.08;23.95;23.36;-0.660;STRONG_DOWN;-2;-78.6;-3;1
2026.01.28 14:00;1.19571;1.19772;1.19522;1.19620;29.77;7.93;20.46;26.38;24.12;-0.502;STRONG_DOWN;-2;-76.1;-3;1
2026.01.28 13:00;1.19794;1.19805;1.19515;1.19571;27.56;9.15;23.61;19.75;23.17;-0.543;STRONG_DOWN;-2;-78;-3;1
2026.01.28 12:00;1.19676;1.19831;1.19657;1.19794;25.01;10.56;19.70;26.25;25.61;-0.358;SOFT_DOWN;-1;-73.4;-3;1
2026.01.28 11:00;1.19889;1.19893;1.19615;1.19676;24.21;12.18;22.74;23.51;25.70;-0.456;STRONG_DOWN;-2;-77.9;-3;1
2026.01.28 10:00;1.19865;1.19945;1.19722;1.19887;23.28;14.06;20.31;27.08;29.14;-0.280;SOFT_DOWN;-1;-72.4;-3;1
2026.01.28 09:00;1.19801;1.19924;1.19748;1.19865;24.07;16.22;21.64;26.51;35.90;-0.299;SOFT_DOWN;-1;-75;-3;1
2026.01.28 08:00;1.19910;1.20044;1.19701;1.19801;25.56;18.71;24.97;33.84;43.88;-0.352;SOFT_DOWN;-1;-78.6;-3;1
2026.01.28 07:00;1.19949;1.20255;1.19839;1.19910;27.29;21.59;22.62;47.35;43.65;-0.261;SOFT_DOWN;-1;-76.6;-3;1
2026.01.28 06:00;1.19966;1.20067;1.19899;1.19949;31.13;17.96;26.10;50.45;35.14;-0.229;SOFT_DOWN;-1;-76.9;-3;0
2026.01.28 05:00;1.19998;1.20005;1.19745;1.19966;33.08;15.05;30.12;33.14;22.22;-0.215;SOFT_DOWN;-1;-78.3;-3;0
2026.01.28 04:00;1.19965;1.20014;1.19910;1.19998;33.04;17.36;24.99;21.83;19.12;-0.188;NEUTRE;0;-79.3;-3;0
2026.01.28 03:00;1.19971;1.20046;1.19948;1.19965;35.35;20.04;23.22;11.69;23.21;-0.215;SOFT_DOWN;-1;-82.9;-3;0
2026.01.28 02:00;1.19924;1.19995;1.19868;1.19971;39.66;15.11;26.79;23.84;35.79;-0.210;SOFT_DOWN;-1;-85.2;-3;0
2026.01.28 01:00;1.20147;1.20159;1.19923;1.19924;41.47;17.44;24.25;34.10;47.20;-0.250;SOFT_DOWN;-1;;;0
2026.01.28 00:00;1.20224;1.20232;1.20077;1.20147;45.34;20.12;17.94;49.43;56.63;-0.064;NEUTRE;0;;;0
2026.01.27 23:00;1.20401;1.20442;1.20159;1.20224;51.43;23.21;12.56;58.07;61.41;1.254;EXPLOSIVE_UP;3;80.8;3;0
2026.01.27 22:00;1.20368;1.20423;1.20351;1.20401;54.76;26.79;4.05;62.40;65.02;1.403;EXPLOSIVE_UP;3;82.1;3;0
2026.01.27 21:00;1.20293;1.20495;1.20229;1.20378;51.84;30.91;4.67;63.77;71.39;1.384;EXPLOSIVE_UP;3;82.3;3;0
2026.01.27 20:00;1.19767;1.20817;1.19715;1.20293;48.47;35.66;5.39;68.88;78.86;1.312;EXPLOSIVE_UP;3;82.3;3;0
2026.01.27 19:00;1.19774;1.19804;1.19708;1.19767;44.59;27.00;6.22;81.53;83.71;0.869;EXPLOSIVE_UP;3;79;3;1
2026.01.27 18:00;1.19796;1.19870;1.19714;1.19774;41.82;31.16;6.22;86.17;84.30;0.875;EXPLOSIVE_UP;3;79.7;3;1
2026.01.27 17:00;1.19788;1.19833;1.19582;1.19795;37.99;32.30;7.17;83.44;82.42;0.893;EXPLOSIVE_UP;3;80.4;3;1
2026.01.27 16:00;1.19504;1.19898;1.19493;1.19788;34.05;37.27;8.28;83.30;83.46;0.887;EXPLOSIVE_UP;3;80.9;3;1
2026.01.27 15:00;1.19437;1.19721;1.19437;1.19505;29.49;36.28;9.55;80.54;85.36;0.649;STRONG_UP;2;78.4;3;1
2026.01.27 14:00;1.19231;1.19547;1.19180;1.19432;25.06;32.60;11.02;86.55;90.05;0.587;STRONG_UP;2;78;3;1
2026.01.27 13:00;1.19278;1.19382;1.19139;1.19231;21.30;30.70;12.72;88.99;93.56;0.418;STRONG_UP;2;74.6;3;1
2026.01.27 12:00;1.18950;1.19340;1.18938;1.19277;18.20;32.77;14.67;94.61;90.11;0.456;STRONG_UP;2;76.9;3;1
2026.01.27 11:00;1.18885;1.18968;1.18850;1.18950;15.14;23.57;16.93;97.07;75.11;0.181;NEUTRE;0;61.7;2;1
2026.01.27 10:00;1.18887;1.18896;1.18738;1.18885;14.94;17.81;19.54;78.65;48.01;0.126;NEUTRE;0;54.8;2;1
2026.01.27 09:00;1.18602;1.18895;1.18585;1.18887;16.53;20.45;22.54;49.62;25.92;0.128;NEUTRE;0;58;2;1
2026.01.27 08:00;1.18633;1.18668;1.18499;1.18602;18.33;12.34;26.01;15.74;13.95;-0.112;NEUTRE;0;-57.6;-2;1
2026.01.27 07:00;1.18716;1.18752;1.18607;1.18633;15.66;14.23;20.18;12.39;15.78;-0.086;NEUTRE;0;-54.2;-2;1
2026.01.27 06:00;1.18765;1.18811;1.18705;1.18716;15.41;16.42;12.89;13.72;24.75;-0.016;NEUTRE;0;-16.7;0;0
2026.01.27 05:00;1.18730;1.18782;1.18716;1.18765;15.93;14.74;14.87;21.22;37.74;0.025;NEUTRE;0;29.4;1;0
2026.01.27 04:00;1.18794;1.18821;1.18697;1.18731;18.31;17.01;17.16;39.32;50.73;-0.003;NEUTRE;0;-4.8;0;0
2026.01.27 03:00;1.18931;1.18931;1.18789;1.18794;21.06;19.63;8.38;52.69;49.37;0.050;NEUTRE;0;62;2;0
2026.01.27 02:00;1.18782;1.18991;1.18757;1.18931;18.13;22.65;9.67;60.17;41.48;0.165;NEUTRE;0;83.9;3;0
2026.01.27 01:00;1.18768;1.18811;1.18729;1.18783;14.74;14.30;11.16;35.24;32.42;0.040;NEUTRE;0;;;0
2026.01.27 00:00;1.18735;1.18823;1.18722;1.18768;15.11;16.50;12.88;29.03;32.47;0.028;NEUTRE;0;;;0
2026.01.26 23:00;1.18759;1.18813;1.18712;1.18735;15.54;17.51;14.86;32.98;33.52;0.114;NEUTRE;0;29.2;1;0
2026.01.26 22:00;1.18740;1.18780;1.18735;1.18759;16.67;15.18;17.14;35.41;34.81;0.134;NEUTRE;0;34.5;1;0
2026.01.26 21:00;1.18821;1.18860;1.18736;1.18798;18.30;17.51;19.54;32.16;39.13;0.167;NEUTRE;0;41.9;1;0
2026.01.26 20:00;1.18788;1.18833;1.18769;1.18822;20.27;20.21;18.45;36.86;48.74;0.187;NEUTRE;0;46.5;2;0
2026.01.26 19:00;1.18786;1.18812;1.18702;1.18788;22.69;18.27;21.29;48.38;61.56;0.159;NEUTRE;0;43.3;1;1
2026.01.26 18:00;1.18785;1.18899;1.18778;1.18786;25.01;21.08;13.93;61.00;74.44;0.157;NEUTRE;0;44.5;1;1
2026.01.26 17:00;1.18855;1.18911;1.18744;1.18785;25.71;24.32;16.07;75.30;84.20;0.156;NEUTRE;0;46;2;1
2026.01.26 16:00;1.18948;1.19067;1.18797;1.18855;26.53;28.06;13.66;87.01;80.74;0.215;SOFT_UP;1;56.6;2;1
2026.01.26 15:00;1.18787;1.18965;1.18703;1.18950;25.30;26.57;15.77;90.29;67.64;0.295;SOFT_UP;1;65.7;3;1
2026.01.26 14:00;1.18556;1.18792;1.18522;1.18787;25.27;20.49;18.19;64.91;54.87;0.158;NEUTRE;0;51.8;2;1
2026.01.26 13:00;1.18418;1.18563;1.18346;1.18556;28.24;10.60;20.99;47.73;57.95;-0.037;NEUTRE;0;-17.8;0;1
2026.01.26 12:00;1.18555;1.18568;1.18397;1.18418;27.53;12.23;20.61;51.98;65.32;-0.153;NEUTRE;0;-55.2;-2;1
2026.01.26 11:00;1.18603;1.18604;1.18483;1.18555;27.84;14.11;16.04;74.13;63.48;-0.038;NEUTRE;0;-21.3;0;1
2026.01.26 10:00;1.18633;1.18650;1.18531;1.18603;31.14;16.28;12.40;69.85;46.02;0.003;NEUTRE;0;1.9;0;1
2026.01.26 09:00;1.18531;1.18671;1.18415;1.18633;33.84;18.79;14.31;46.45;28.32;0.028;NEUTRE;0;19.3;0;1
2026.01.26 08:00;1.18385;1.18593;1.18379;1.18531;36.97;16.99;16.51;21.78;23.62;-0.058;NEUTRE;0;-39.2;-1;1
2026.01.26 07:00;1.18512;1.18625;1.18362;1.18386;42.44;19.60;19.05;16.73;29.68;-0.180;NEUTRE;0;-71;-3;1
2026.01.26 06:00;1.18646;1.18653;1.18504;1.18512;48.75;22.62;13.68;32.37;37.47;-0.074;NEUTRE;0;-54.3;-2;0
2026.01.26 05:00;1.18587;1.18695;1.18576;1.18647;52.46;26.10;8.35;39.94;40.85;0.040;NEUTRE;0;42;1;0
2026.01.26 04:00;1.18619;1.18689;1.18552;1.18587;52.60;29.34;9.63;40.10;44.56;-0.011;NEUTRE;0;-17.2;0;0
2026.01.26 03:00;1.18672;1.18674;1.18579;1.18619;52.91;33.85;8.08;42.49;50.51;0.016;NEUTRE;0;31;1;0
2026.01.26 02:00;1.18575;1.18761;1.18556;1.18672;51.60;39.06;9.32;51.08;61.36;0.061;NEUTRE;0;73.8;3;0
2026.01.26 01:00;1.18609;1.18687;1.18544;1.18575;50.08;39.52;10.76;57.97;72.17;-0.021;NEUTRE;0;;;0
2026.01.26 00:00;1.18600;1.18627;1.18441;1.18608;48.99;39.14;12.41;75.04;84.24;0.007;NEUTRE;0;;;0
2026.01.25 23:00;1.18884;1.18973;1.18541;1.18599;48.55;45.16;6.05;83.51;90.18;-0.003;NEUTRE;0;-0.8;0;0
2026.01.25 22:00;1.18602;1.18915;1.18496;1.18884;44.27;50.04;6.98;94.18;93.31;0.238;SOFT_UP;1;50.6;2;0
2026.01.23 21:00;1.18207;1.18334;1.18206;1.18268;39.46;43.93;8.06;92.84;92.89;0.625;STRONG_UP;2;73.4;3;0
2026.01.23 20:00;1.18112;1.18261;1.18097;1.18207;34.91;41.91;9.30;92.92;92.35;0.573;STRONG_UP;2;72.8;3;0
2026.01.23 19:00;1.17918;1.18145;1.17911;1.18112;30.49;37.48;10.73;92.90;91.82;0.492;STRONG_UP;2;71.1;3;1
2026.01.23 18:00;1.17939;1.17952;1.17768;1.17918;26.64;30.55;12.38;91.24;90.85;0.327;SOFT_UP;1;64;2;1
2026.01.23 17:00;1.17703;1.17984;1.17687;1.17939;24.23;35.26;14.28;91.33;84.65;0.345;SOFT_UP;1;66.4;3;1
2026.01.23 16:00;1.17577;1.17747;1.17461;1.17703;21.44;28.40;16.48;89.98;76.34;0.144;NEUTRE;0;45.4;2;1
2026.01.23 15:00;1.17461;1.17610;1.17454;1.17577;20.65;25.40;19.01;72.64;63.39;0.037;NEUTRE;0;15.5;0;1
2026.01.23 14:00;1.17337;1.17477;1.17315;1.17462;21.61;16.19;21.94;66.41;55.41;-0.061;NEUTRE;0;-26.1;-1;1
2026.01.23 13:00;1.17420;1.17469;1.17326;1.17337;22.62;18.69;24.27;51.13;44.03;-0.168;NEUTRE;0;-55.5;-2;1
2026.01.23 12:00;1.17370;1.17440;1.17361;1.17420;24.10;21.56;24.24;48.68;37.95;-0.097;NEUTRE;0;-42.3;-1;1
2026.01.23 11:00;1.17342;1.17401;1.17304;1.17370;26.91;17.28;27.97;32.28;31.09;-0.140;NEUTRE;0;-55.1;-2;1
2026.01.23 10:00;1.17349;1.17356;1.17297;1.17342;27.42;12.80;32.27;32.89;28.11;-0.163;NEUTRE;0;-61.4;-2;1
2026.01.23 09:00;1.17395;1.17447;1.17347;1.17349;24.99;14.77;24.20;28.09;24.66;-0.157;NEUTRE;0;-63;-2;1
2026.01.23 08:00;1.17356;1.17448;1.17279;1.17396;25.12;17.05;27.92;23.34;30.21;-0.117;NEUTRE;0;-58.7;-2;1
2026.01.23 07:00;1.17416;1.17470;1.17345;1.17356;25.26;19.67;26.21;22.54;35.61;-0.151;NEUTRE;0;-67.6;-3;1
2026.01.23 06:00;1.17506;1.17525;1.17410;1.17416;26.96;22.70;22.24;44.74;34.77;-0.100;NEUTRE;0;-62;-2;0
2026.01.23 05:00;1.17495;1.17536;1.17494;1.17506;30.95;26.19;14.42;39.57;22.83;-0.024;NEUTRE;0;-28.4;-1;0
2026.01.23 04:00;1.17433;1.17507;1.17427;1.17495;31.25;19.59;16.64;20.00;16.79;-0.033;NEUTRE;0;-42.9;-1;0
2026.01.23 03:00;1.17450;1.17483;1.17432;1.17433;34.81;17.99;19.20;8.92;24.56;-0.086;NEUTRE;0;-72.8;-3;0
2026.01.23 02:00;1.17489;1.17497;1.17435;1.17450;39.66;20.76;21.25;21.46;43.48;-0.071;NEUTRE;0;-76;-3;0
2026.01.23 01:00;1.17476;1.17534;1.17466;1.17489;45.58;23.96;16.83;43.31;66.32;-0.038;NEUTRE;0;;;0
2026.01.23 00:00;1.17534;1.17534;1.17475;1.17476;49.91;27.64;17.38;65.67;83.06;-0.049;NEUTRE;0;;;0
2026.01.22 23:00;1.17556;1.17590;1.17529;1.17534;54.08;31.89;5.98;89.98;90.35;0.692;STRONG_UP;2;73.6;3;0
2026.01.22 22:00;1.17491;1.17559;1.17487;1.17556;51.87;28.98;6.89;93.53;89.01;0.711;STRONG_UP;2;74.6;3;0
2026.01.22 21:00;1.17485;1.17555;1.17467;1.17552;50.38;32.59;7.96;87.53;87.27;0.708;STRONG_UP;2;75.3;3;0
2026.01.22 20:00;1.17437;1.17524;1.17417;1.17485;48.78;32.18;9.18;85.98;86.73;0.650;STRONG_UP;2;74.7;3;0
2026.01.22 19:00;1.17471;1.17476;1.17409;1.17437;47.73;30.23;10.59;88.31;87.54;0.609;STRONG_UP;2;74.5;3;1
2026.01.22 18:00;1.17461;1.17483;1.17429;1.17471;47.67;34.88;7.63;85.91;87.03;0.638;STRONG_UP;2;75.9;3;1
2026.01.22 17:00;1.17379;1.17474;1.17267;1.17461;45.15;37.68;8.80;88.40;88.76;0.630;STRONG_UP;2;76.5;3;1
2026.01.22 16:00;1.17335;1.17503;1.17331;1.17382;42.53;43.48;5.40;86.79;87.30;0.562;STRONG_UP;2;75.8;3;1
2026.01.22 15:00;1.17197;1.17337;1.17182;1.17335;37.09;35.32;6.23;91.09;86.52;0.522;STRONG_UP;2;75.7;3;1
2026.01.22 14:00;1.17135;1.17250;1.17104;1.17197;32.02;32.12;7.19;84.03;84.08;0.404;SOFT_UP;1;72.9;3;1
2026.01.22 13:00;1.17034;1.17182;1.17025;1.17135;27.19;29.90;8.29;84.44;82.93;0.350;SOFT_UP;1;71.8;3;1
2026.01.22 12:00;1.17017;1.17087;1.16996;1.17034;22.67;25.19;9.57;83.76;75.25;0.264;SOFT_UP;1;68;3;1
2026.01.22 11:00;1.16949;1.17038;1.16900;1.17018;19.25;20.78;11.04;80.60;63.87;0.250;SOFT_UP;1;68.7;3;1
2026.01.22 10:00;1.16922;1.16953;1.16862;1.16949;17.51;14.50;12.74;61.40;50.67;0.191;NEUTRE;0;65.1;3;1
2026.01.22 09:00;1.16885;1.16971;1.16873;1.16922;19.21;16.73;12.84;49.62;44.74;0.168;NEUTRE;0;64.6;2;1
2026.01.22 08:00;1.16901;1.16947;1.16837;1.16885;20.14;15.53;14.82;41.00;47.29;0.136;NEUTRE;0;62.4;2;1
2026.01.22 07:00;1.16881;1.16957;1.16844;1.16901;22.88;17.92;16.12;43.59;56.93;0.150;NEUTRE;0;67.5;3;1
2026.01.22 06:00;1.16879;1.16915;1.16838;1.16882;25.58;14.96;18.60;57.27;67.27;0.134;NEUTRE;0;68.3;3;0
2026.01.22 05:00;1.16911;1.16915;1.16840;1.16879;27.85;17.26;21.06;69.94;74.69;0.131;NEUTRE;0;71.3;3;0
2026.01.22 04:00;1.16885;1.16968;1.16885;1.16911;30.61;19.92;15.07;74.58;77.74;0.158;NEUTRE;0;77.3;3;0
2026.01.22 03:00;1.16853;1.16900;1.16846;1.16885;33.19;10.38;17.39;79.56;69.84;0.136;NEUTRE;0;78.9;3;0
2026.01.22 02:00;1.16885;1.16932;1.16829;1.16853;34.41;11.97;20.06;79.07;54.52;0.109;NEUTRE;0;80.8;3;0
2026.01.22 01:00;1.16869;1.16898;1.16808;1.16885;35.82;8.74;23.15;50.90;35.70;0.136;NEUTRE;0;;;0
2026.01.22 00:00;1.16726;1.16895;1.16724;1.16869;34.38;9.57;26.71;33.60;28.76;0.123;NEUTRE;0;;;0
2026.01.21 23:00;1.16844;1.16853;1.16694;1.16726;32.40;7.26;30.82;22.60;27.36;-0.462;STRONG_DOWN;-2;-66.2;-3;0
2026.01.21 22:00;1.16815;1.16858;1.16815;1.16844;27.87;8.38;23.85;30.09;26.87;-0.362;SOFT_DOWN;-1;-61.7;-2;0
2026.01.21 21:00;1.16865;1.16891;1.16837;1.16868;24.78;9.67;21.13;29.40;22.71;-0.341;SOFT_DOWN;-1;-61.3;-2;0
2026.01.21 20:00;1.16911;1.16916;1.16759;1.16865;22.86;11.16;24.38;21.12;17.57;-0.344;SOFT_DOWN;-1;-62.7;-2;0
2026.01.21 19:00;1.16965;1.17050;1.16767;1.16911;20.66;12.88;27.35;17.62;14.92;-0.304;SOFT_DOWN;-1;-61;-2;1
2026.01.21 18:00;1.17025;1.17030;1.16932;1.16965;18.30;14.86;22.59;13.98;17.49;-0.258;SOFT_DOWN;-1;-58.2;-2;1
2026.01.21 17:00;1.17029;1.17112;1.16967;1.17025;17.94;17.14;20.57;13.17;29.59;-0.207;SOFT_DOWN;-1;-53.9;-2;1
2026.01.21 16:00;1.17017;1.17103;1.16943;1.17029;19.30;18.82;23.73;25.32;52.17;-0.204;SOFT_DOWN;-1;-55.2;-2;1
2026.01.21 15:00;1.17243;1.17282;1.17002;1.17017;20.49;21.72;21.71;50.28;71.85;-0.214;SOFT_DOWN;-1;-58.1;-2;1
2026.01.21 14:00;1.17392;1.17404;1.17148;1.17244;23.64;25.06;17.03;80.90;76.08;-0.020;NEUTRE;0;-9.1;0;1
2026.01.21 13:00;1.17345;1.17426;1.17283;1.17392;24.34;28.92;11.54;84.36;58.71;0.106;NEUTRE;0;42.6;1;1
2026.01.21 12:00;1.17137;1.17354;1.17117;1.17345;21.48;25.62;13.31;62.97;37.07;0.066;NEUTRE;0;31.8;1;1
2026.01.21 11:00;1.17066;1.17200;1.17035;1.17137;19.92;19.57;15.36;28.79;23.73;-0.112;NEUTRE;0;-48.9;-2;1
2026.01.21 10:00;1.17032;1.17081;1.17010;1.17067;21.13;11.48;17.72;19.45;28.18;-0.171;NEUTRE;0;-62.6;-2;1
2026.01.21 09:00;1.17099;1.17124;1.17009;1.17032;21.09;13.25;20.45;22.96;35.83;-0.201;SOFT_DOWN;-1;-68.3;-3;1
2026.01.21 08:00;1.17166;1.17183;1.17046;1.17099;21.05;15.28;18.65;42.15;41.56;-0.144;NEUTRE;0;-63.8;-2;1
2026.01.21 07:00;1.17234;1.17251;1.17096;1.17166;22.76;17.64;15.90;42.39;38.11;-0.087;NEUTRE;0;-54.5;-2;1
2026.01.21 06:00;1.17170;1.17247;1.17150;1.17234;25.47;20.35;12.99;40.15;37.09;-0.029;NEUTRE;0;-28.6;-1;0
2026.01.21 05:00;1.17178;1.17213;1.17151;1.17170;25.99;18.09;14.99;31.79;40.91;-0.084;NEUTRE;0;-62.2;-2;0
2026.01.21 04:00;1.17185;1.17200;1.17136;1.17177;28.55;17.64;17.29;39.32;52.16;-0.078;NEUTRE;0;-65.5;-3;0
2026.01.21 03:00;1.17260;1.17285;1.17102;1.17185;32.78;20.36;19.95;51.61;64.81;-0.071;NEUTRE;0;-69.4;-3;0
2026.01.21 02:00;1.17286;1.17313;1.17239;1.17260;37.67;23.49;11.50;65.54;69.68;-0.007;NEUTRE;0;-21.5;0;0
2026.01.21 01:00;1.17233;1.17339;1.17223;1.17286;38.20;27.10;13.27;77.28;66.87;0.015;NEUTRE;0;;;0
2026.01.21 00:00;1.17268;1.17268;1.17162;1.17233;38.80;21.86;15.31;66.22;54.17;-0.030;NEUTRE;0;;;0
2026.01.20 23:00;1.17206;1.17285;1.17203;1.17268;42.07;25.22;11.72;57.12;40.78;0.754;EXPLOSIVE_UP;3;74.9;3;0
2026.01.20 22:00;1.17205;1.17247;1.17193;1.17206;42.92;21.97;13.52;39.17;29.45;0.701;STRONG_UP;2;74.4;3;0
2026.01.20 21:00;1.17191;1.17259;1.17172;1.17258;45.86;25.35;15.60;26.05;24.84;0.746;EXPLOSIVE_UP;3;76;3;0
2026.01.20 20:00;1.17119;1.17200;1.17105;1.17191;49.25;18.82;18.00;23.12;28.80;0.688;STRONG_UP;2;75.5;3;0
2026.01.20 19:00;1.17264;1.17276;1.17111;1.17119;56.49;21.71;19.80;25.36;31.73;0.626;STRONG_UP;2;74.9;3;1
2026.01.20 18:00;1.17311;1.17337;1.17262;1.17264;64.48;25.05;8.77;37.93;31.39;0.751;EXPLOSIVE_UP;3;78;3;1
2026.01.20 17:00;1.17384;1.17423;1.17294;1.17311;66.99;28.90;3.56;31.91;25.76;0.791;EXPLOSIVE_UP;3;79.2;3;1
2026.01.20 16:00;1.17267;1.17389;1.17266;1.17384;65.28;29.30;4.10;24.35;27.46;0.854;EXPLOSIVE_UP;3;80.6;3;1
2026.01.20 15:00;1.17189;1.17368;1.17158;1.17267;63.72;31.18;4.73;21.02;42.33;0.754;EXPLOSIVE_UP;3;80;3;1
2026.01.20 14:00;1.17331;1.17366;1.17149;1.17189;62.19;35.83;5.46;37.01;64.77;0.686;STRONG_UP;2;79.7;3;1
2026.01.20 13:00;1.17254;1.17687;1.17179;1.17331;60.45;41.34;4.18;68.97;83.85;0.808;EXPLOSIVE_UP;3;81.9;3;1
2026.01.20 12:00;1.17346;1.17433;1.17253;1.17254;57.19;40.01;4.82;88.32;91.93;0.742;EXPLOSIVE_UP;3;81.8;3;1
2026.01.20 11:00;1.17309;1.17385;1.17220;1.17346;53.91;42.06;5.56;94.26;92.69;0.821;EXPLOSIVE_UP;3;83.2;3;1
2026.01.20 10:00;1.17259;1.17317;1.17150;1.17307;50.41;42.19;6.41;93.19;91.24;0.788;EXPLOSIVE_UP;3;83.6;3;1
2026.01.20 09:00;1.17159;1.17325;1.17154;1.17258;46.84;48.68;7.03;90.61;88.14;0.746;EXPLOSIVE_UP;3;83.9;3;1
2026.01.20 08:00;1.16883;1.17215;1.16868;1.17159;42.55;46.27;8.12;89.91;86.42;0.661;STRONG_UP;2;83.9;3;1
2026.01.20 07:00;1.16678;1.16935;1.16637;1.16883;38.30;40.98;9.36;83.90;85.33;0.424;STRONG_UP;2;81.7;3;1
2026.01.20 06:00;1.16629;1.16687;1.16618;1.16681;34.53;34.48;10.80;85.46;88.02;0.250;SOFT_UP;1;78;3;0
2026.01.20 05:00;1.16652;1.16722;1.16626;1.16629;31.80;39.78;10.68;86.65;87.86;0.205;SOFT_UP;1;77.8;3;0
2026.01.20 04:00;1.16562;1.16663;1.16557;1.16652;27.82;36.44;12.33;91.96;82.26;0.225;SOFT_UP;1;81;3;0
2026.01.20 03:00;1.16441;1.16583;1.16437;1.16562;24.50;30.44;14.22;84.96;68.93;0.148;NEUTRE;0;79.8;3;0
2026.01.20 02:00;1.16435;1.16461;1.16401;1.16441;22.68;22.27;16.41;69.86;53.60;0.044;NEUTRE;0;68;3;0
2026.01.20 01:00;1.16399;1.16436;1.16386;1.16435;23.84;19.28;18.94;51.97;43.49;0.039;NEUTRE;0;;;0
2026.01.20 00:00;1.16390;1.16406;1.16323;1.16399;27.36;13.02;21.85;38.96;46.28;0.008;NEUTRE;0;;;0
2026.01.19 23:00;1.16446;1.16460;1.16380;1.16390;27.68;15.02;14.64;39.53;55.22;0.127;NEUTRE;0;31.9;1;0
2026.01.19 22:00;1.16412;1.16469;1.16412;1.16446;31.74;17.33;10.74;60.36;64.79;0.175;NEUTRE;0;41.9;1;0
2026.01.19 21:00;1.16449;1.16461;1.16426;1.16450;33.01;20.00;8.62;65.77;70.54;0.179;NEUTRE;0;43.8;1;0
2026.01.19 20:00;1.16428;1.16450;1.16414;1.16450;31.97;18.24;9.94;68.24;75.29;0.179;NEUTRE;0;45.2;2;0
2026.01.19 19:00;1.16429;1.16466;1.16423;1.16428;32.36;21.05;7.63;77.62;80.72;0.160;NEUTRE;0;43.5;1;1
2026.01.19 18:00;1.16455;1.16485;1.16428;1.16429;30.14;24.29;7.01;80.00;82.44;0.161;NEUTRE;0;45.2;2;1
2026.01.19 17:00;1.16416;1.16463;1.16394;1.16455;26.28;22.09;8.09;84.52;84.32;0.183;NEUTRE;0;50.5;2;1
2026.01.19 16:00;1.16396;1.16470;1.16374;1.16416;23.19;25.48;9.34;82.79;82.63;0.150;NEUTRE;0;46.6;2;1
2026.01.19 15:00;1.16395;1.16431;1.16316;1.16396;19.63;23.15;10.77;85.63;77.52;0.132;NEUTRE;0;44.8;1;1
2026.01.19 14:00;1.16312;1.16423;1.16299;1.16395;17.03;25.65;12.43;79.45;66.76;0.132;NEUTRE;0;46.7;2;1
2026.01.19 13:00;1.16253;1.16353;1.16253;1.16315;14.31;20.91;14.34;67.49;56.00;0.063;NEUTRE;0;28.6;1;1
2026.01.19 12:00;1.16275;1.16329;1.16248;1.16253;13.65;20.43;16.55;53.33;46.52;0.009;NEUTRE;0;4.8;0;1
2026.01.19 11:00;1.16237;1.16286;1.16198;1.16275;14.13;15.41;19.09;47.19;41.38;0.028;NEUTRE;0;16;0;1
2026.01.19 10:00;1.16240;1.16282;1.16217;1.16237;14.66;17.78;18.71;39.04;39.30;-0.004;NEUTRE;0;-2.6;0;1
2026.01.19 09:00;1.16246;1.16294;1.16108;1.16241;16.52;20.51;21.59;37.91;42.81;-0.001;NEUTRE;0;-0.7;0;1
2026.01.19 08:00;1.16258;1.16276;1.16182;1.16246;18.67;23.67;18.79;40.94;52.96;0.003;NEUTRE;0;2.4;0;1
2026.01.19 07:00;1.16276;1.16411;1.16227;1.16258;19.78;27.31;14.31;49.57;64.48;0.014;NEUTRE;0;12.7;0;1
2026.01.19 06:00;1.16273;1.16322;1.16246;1.16276;18.02;24.07;16.52;68.36;72.92;0.029;NEUTRE;0;28.6;1;0
2026.01.19 05:00;1.16327;1.16372;1.16265;1.16273;17.93;27.77;15.21;75.52;74.42;0.027;NEUTRE;0;31.3;1;0
2026.01.19 04:00;1.16242;1.16333;1.16242;1.16327;16.19;26.44;17.55;74.87;74.93;0.073;NEUTRE;0;64.1;2;0
2026.01.19 03:00;1.16172;1.16258;1.16157;1.16242;15.57;17.83;20.25;72.86;78.66;0.000;NEUTRE;0;0;0;0
2026.01.19 02:00;1.16223;1.16235;1.16154;1.16172;16.99;17.07;23.37;77.08;81.08;-0.060;NEUTRE;0;-73.5;-3;0
2026.01.19 01:00;1.16316;1.16342;1.16217;1.16223;17.20;19.69;15.00;86.05;79.21;-0.016;NEUTRE;0;;;0
2026.01.19 00:00;1.16242;1.16375;1.16043;1.16316;17.77;22.72;17.30;80.12;66.19;0.064;NEUTRE;0;;;0
2026.01.18 23:00;1.15837;1.16268;1.15781;1.16242;18.42;21.26;19.97;71.46;53.73;0.391;SOFT_UP;1;62.4;2;0
2026.01.18 22:00;1.15789;1.15866;1.15773;1.15837;20.77;11.83;23.04;46.98;40.68;0.041;NEUTRE;0;11.9;0;0
2026.01.16 21:00;1.15990;1.16019;1.15971;1.15983;19.02;13.65;12.08;42.74;33.91;-0.090;NEUTRE;0;-25.8;-1;0
2026.01.16 20:00;1.15960;1.16019;1.15950;1.15990;21.00;15.75;13.93;32.32;29.03;-0.084;NEUTRE;0;-25.3;-1;0
2026.01.16 19:00;1.15953;1.15971;1.15911;1.15960;23.29;7.47;16.08;26.65;27.09;-0.109;NEUTRE;0;-32.9;-1;1
2026.01.16 18:00;1.15953;1.15990;1.15890;1.15953;21.25;8.62;18.55;28.13;29.09;-0.115;NEUTRE;0;-35.7;-1;1
2026.01.16 17:00;1.15979;1.16025;1.15946;1.15953;18.90;9.95;12.79;26.50;33.14;-0.115;NEUTRE;0;-37.3;-1;1
2026.01.16 16:00;1.15932;1.16056;1.15931;1.15979;19.88;11.48;14.76;32.64;47.18;-0.093;NEUTRE;0;-33.2;-1;1
2026.01.16 15:00;1.16179;1.16270;1.15841;1.15932;21.02;13.24;17.03;40.27;59.92;-0.134;NEUTRE;0;-45.2;-2;1
2026.01.16 14:00;1.16182;1.16204;1.16121;1.16179;22.33;15.28;9.60;68.63;70.04;0.079;NEUTRE;0;32.4;1;1
2026.01.16 13:00;1.16187;1.16209;1.16113;1.16182;22.25;17.63;11.08;70.87;67.47;0.082;NEUTRE;0;35.4;1;1
2026.01.16 12:00;1.16189;1.16219;1.16133;1.16188;22.17;20.35;9.58;70.62;61.09;0.087;NEUTRE;0;39.2;1;1
2026.01.16 11:00;1.16128;1.16231;1.16124;1.16189;20.05;23.48;11.06;60.91;55.17;0.088;NEUTRE;0;42;1;1
2026.01.16 10:00;1.16080;1.16172;1.16078;1.16128;17.60;18.60;12.76;51.74;54.41;0.035;NEUTRE;0;21.5;0;1
2026.01.16 09:00;1.16090;1.16148;1.16078;1.16080;17.44;17.54;14.72;52.85;55.12;-0.006;NEUTRE;0;-4.3;0;1
2026.01.16 08:00;1.16117;1.16144;1.16081;1.16090;18.77;19.36;16.98;58.63;55.59;0.003;NEUTRE;0;2.4;0;1
2026.01.16 07:00;1.16092;1.16144;1.16077;1.16117;20.66;22.34;19.60;53.87;57.44;0.026;NEUTRE;0;22.7;0;1
2026.01.16 06:00;1.16063;1.16094;1.16040;1.16093;22.83;14.29;22.61;54.28;63.61;0.005;NEUTRE;0;5.4;0;0
2026.01.16 05:00;1.16106;1.16110;1.16056;1.16063;22.87;16.49;21.53;64.17;68.00;-0.021;NEUTRE;0;-25.3;-1;0
2026.01.16 04:00;1.16119;1.16133;1.16098;1.16106;24.35;19.03;12.88;72.38;60.26;0.016;NEUTRE;0;24.3;0;0
2026.01.16 03:00;1.16092;1.16122;1.16066;1.16119;25.14;17.12;14.86;67.47;48.18;0.028;NEUTRE;0;46.4;2;0
2026.01.16 02:00;1.16066;1.16139;1.16059;1.16092;27.92;19.75;17.15;40.92;35.10;0.004;NEUTRE;0;12.7;0;0
2026.01.16 01:00;1.16035;1.16085;1.16019;1.16066;31.13;12.41;19.79;36.15;34.50;-0.018;NEUTRE;0;;;0
2026.01.16 00:00;1.16087;1.16092;1.16023;1.16035;32.39;14.31;21.90;28.22;33.80;-0.045;NEUTRE;0;;;0
2026.01.15 23:00;1.16065;1.16098;1.16060;1.16087;34.15;16.52;17.02;39.12;42.60;-0.308;SOFT_DOWN;-1;-56.5;-2;0
2026.01.15 22:00;1.16019;1.16070;1.16017;1.16054;39.17;9.27;19.64;34.08;53.52;-0.337;SOFT_DOWN;-1;-59.9;-2;0
2026.01.15 21:00;1.16039;1.16107;1.16030;1.16095;39.68;10.69;20.09;54.61;66.42;-0.301;SOFT_DOWN;-1;-58.2;-2;0
2026.01.15 20:00;1.16134;1.16152;1.16024;1.16039;41.09;12.34;23.18;71.87;65.32;-0.350;SOFT_DOWN;-1;-63.1;-2;0
2026.01.15 19:00;1.16145;1.16171;1.16109;1.16133;42.71;14.24;16.53;72.78;51.63;-0.269;SOFT_DOWN;-1;-57.9;-2;1
2026.01.15 18:00;1.16086;1.16148;1.16086;1.16145;48.14;10.72;19.08;51.31;34.46;-0.258;SOFT_DOWN;-1;-58.2;-2;1
2026.01.15 17:00;1.16044;1.16134;1.16032;1.16086;51.22;8.89;22.01;30.80;22.21;-0.309;SOFT_DOWN;-1;-64;-2;1
2026.01.15 16:00;1.16019;1.16108;1.15979;1.16044;52.58;6.34;25.40;21.28;15.83;-0.345;SOFT_DOWN;-1;-67.6;-3;1
2026.01.15 15:00;1.16007;1.16091;1.15968;1.16019;51.43;5.29;29.31;14.55;12.95;-0.367;SOFT_DOWN;-1;-70.1;-3;1
2026.01.15 14:00;1.16011;1.16105;1.15928;1.16007;48.66;6.10;33.81;11.67;19.28;-0.377;SOFT_DOWN;-1;-71.8;-3;1
2026.01.15 13:00;1.16224;1.16247;1.15985;1.16011;45.46;7.04;34.06;12.63;33.92;-0.374;SOFT_DOWN;-1;-72.9;-3;1
2026.01.15 12:00;1.16305;1.16346;1.16200;1.16224;42.34;8.12;26.68;33.53;48.95;-0.191;NEUTRE;0;-60.9;-2;1
2026.01.15 11:00;1.16354;1.16376;1.16299;1.16305;40.65;9.37;20.35;55.61;51.28;-0.121;NEUTRE;0;-51.1;-2;1
2026.01.15 10:00;1.16354;1.16406;1.16326;1.16354;41.23;10.82;18.08;57.72;41.43;-0.079;NEUTRE;0;-41.7;-1;1
2026.01.15 09:00;1.16305;1.16396;1.16300;1.16355;43.70;10.56;20.87;40.52;29.42;-0.078;NEUTRE;0;-44.3;-1;1
2026.01.15 08:00;1.16284;1.16351;1.16266;1.16305;45.38;4.97;24.08;26.05;22.40;-0.121;NEUTRE;0;-59.6;-2;1
2026.01.15 07:00;1.16328;1.16363;1.16257;1.16284;42.24;5.73;27.78;21.69;22.16;-0.139;NEUTRE;0;-65.9;-3;1
2026.01.15 06:00;1.16349;1.16381;1.16297;1.16327;38.62;6.62;26.25;19.44;26.43;-0.102;NEUTRE;0;-62.4;-2;0
2026.01.15 05:00;1.16342;1.16376;1.16332;1.16349;35.37;7.63;23.88;25.36;34.45;-0.083;NEUTRE;0;-61.9;-2;0
2026.01.15 04:00;1.16384;1.16390;1.16339;1.16342;32.88;8.81;25.10;34.50;38.29;-0.089;NEUTRE;0;-68.3;-3;0
2026.01.15 03:00;1.16399;1.16412;1.16367;1.16384;30.54;10.16;20.52;43.48;41.99;-0.053;NEUTRE;0;-63.3;-2;0
2026.01.15 02:00;1.16383;1.16404;1.16359;1.16399;30.05;8.99;23.68;36.90;45.04;-0.040;NEUTRE;0;-66.1;-3;0
2026.01.15 01:00;1.16373;1.16414;1.16329;1.16384;27.75;10.37;27.32;45.60;52.51;-0.053;NEUTRE;0;;;0
2026.01.15 00:00;1.16446;1.16453;1.16353;1.16373;25.11;11.97;27.18;52.63;51.32;-0.063;NEUTRE;0;;;0
2026.01.14 23:00;1.16440;1.16467;1.16433;1.16446;22.99;13.81;19.05;59.28;42.14;0.025;NEUTRE;0;7;0;0
2026.01.14 22:00;1.16460;1.16460;1.16411;1.16424;24.08;13.43;21.98;42.03;26.23;0.006;NEUTRE;0;1.8;0;0
2026.01.14 21:00;1.16429;1.16461;1.16420;1.16445;24.07;15.50;22.54;25.10;13.57;0.024;NEUTRE;0;7.3;0;0
2026.01.14 20:00;1.16361;1.16470;1.16361;1.16429;24.92;17.88;26.01;11.55;11.87;0.010;NEUTRE;0;3.2;0;0
2026.01.14 19:00;1.16377;1.16391;1.16350;1.16359;25.91;9.69;30.01;4.05;26.21;-0.050;NEUTRE;0;-16.5;0;1
2026.01.14 18:00;1.16464;1.16474;1.16377;1.16377;22.02;11.18;24.49;20.00;50.20;-0.034;NEUTRE;0;-12;0;1
2026.01.14 17:00;1.16542;1.16553;1.16452;1.16464;19.67;12.90;16.37;54.58;66.86;0.040;NEUTRE;0;14.8;0;1
2026.01.14 16:00;1.16595;1.16613;1.16523;1.16542;20.87;14.88;8.07;76.01;72.81;0.107;NEUTRE;0;37;1;1
2026.01.14 15:00;1.16555;1.16603;1.16490;1.16595;19.51;15.46;9.31;70.00;67.29;0.153;NEUTRE;0;49;2;1
2026.01.14 14:00;1.16497;1.16594;1.16484;1.16556;18.70;16.61;10.74;72.41;68.53;0.119;NEUTRE;0;43.8;1;1
2026.01.14 13:00;1.16594;1.16594;1.16446;1.16497;18.27;19.17;12.40;59.46;66.57;0.069;NEUTRE;0;30.9;1;1
2026.01.14 12:00;1.16466;1.16596;1.16447;1.16594;17.78;22.12;14.20;73.71;72.65;0.152;NEUTRE;0;55;2;1
2026.01.14 11:00;1.16548;1.16548;1.16435;1.16466;17.16;20.57;16.38;66.52;69.59;0.042;NEUTRE;0;23.3;0;1
2026.01.14 10:00;1.16515;1.16575;1.16465;1.16548;18.06;23.73;14.82;77.72;70.20;0.113;NEUTRE;0;51.9;2;1
2026.01.14 09:00;1.16471;1.16534;1.16457;1.16515;17.28;21.65;17.10;64.52;65.35;0.084;NEUTRE;0;46.4;2;1
2026.01.14 08:00;1.16458;1.16500;1.16407;1.16472;18.13;18.18;19.73;68.36;66.43;0.047;NEUTRE;0;33.5;1;1
2026.01.14 07:00;1.16488;1.16516;1.16441;1.16458;20.29;20.98;17.14;63.17;65.08;0.035;NEUTRE;0;29.4;1;1
2026.01.14 06:00;1.16416;1.16498;1.16411;1.16488;21.87;20.52;19.78;67.77;68.95;0.061;NEUTRE;0;48.9;2;0
2026.01.14 05:00;1.16437;1.16448;1.16414;1.16416;24.95;14.83;22.82;64.30;66.78;-0.001;NEUTRE;0;-1.3;0;0
2026.01.14 04:00;1.16466;1.16477;1.16432;1.16437;25.52;17.11;18.19;74.79;59.97;0.017;NEUTRE;0;25.6;1;0
2026.01.14 03:00;1.16432;1.16485;1.16432;1.16466;28.98;19.75;20.98;61.25;41.65;0.042;NEUTRE;0;57.6;2;0
2026.01.14 02:00;1.16378;1.16440;1.16358;1.16432;32.97;9.72;24.21;43.87;27.81;0.013;NEUTRE;0;36.2;1;0
2026.01.14 01:00;1.16426;1.16430;1.16364;1.16378;31.47;9.34;27.94;19.82;16.87;-0.034;NEUTRE;0;;;0
2026.01.14 00:00;1.16417;1.16434;1.16378;1.16426;28.64;10.78;28.97;19.73;21.06;0.008;NEUTRE;0;;;0