time;open;high;low;close;adx14;plus_di;minus_di;stoch_k;stoch_d;intraday_change;intraday_level;intraday_force;theta_deg;theta_level;is_active
2026.07.14 18:00;52679.00000;52747.00000;52653.00000;52740.00000;13.93;19.54;15.40;39.50;48.35;0.091;NEUTRE;0;18.2;0;1
2026.07.14 17:00;52672.00000;52728.00000;52651.00000;52680.00000;14.25;19.44;17.77;46.50;58.99;-0.023;NEUTRE;0;-5;0;1
2026.07.14 16:00;52661.00000;52700.00000;52599.00000;52672.00000;15.76;16.83;20.51;59.05;67.63;-0.038;NEUTRE;0;-8.8;0;1
2026.07.14 15:00;52760.00000;52871.00000;52577.00000;52661.00000;16.67;19.42;23.66;71.41;69.25;-0.059;NEUTRE;0;-14.4;0;1
2026.07.14 14:00;52817.00000;52969.00000;52746.00000;52760.00000;17.72;22.41;18.46;72.42;60.21;0.129;NEUTRE;0;30.9;1;1
2026.07.14 13:00;52626.00000;52884.00000;52570.00000;52817.00000;18.95;19.99;21.30;63.91;47.52;0.237;NEUTRE;0;49.9;2;1
2026.07.14 12:00;52460.00000;52892.00000;52413.00000;52626.00000;21.38;23.07;24.58;44.30;33.60;-0.125;NEUTRE;0;-34.1;-1;1
2026.07.14 11:00;52579.00000;52603.00000;52253.00000;52460.00000;24.19;17.33;28.36;34.36;29.53;-0.440;SOFT_DOWN;-1;-69;-3;1
2026.07.14 10:00;52639.00000;52765.00000;52558.00000;52579.00000;24.19;20.00;19.31;22.15;28.34;-0.214;NEUTRE;0;-54.3;-2;1
2026.07.14 09:00;52581.00000;52666.00000;52561.00000;52639.00000;27.65;15.72;22.29;32.07;39.22;-0.101;NEUTRE;0;-36.1;-1;1
2026.07.14 08:00;52629.00000;52645.00000;52557.00000;52581.00000;29.24;15.06;25.71;30.81;50.94;-0.211;NEUTRE;0;-59.8;-2;1
2026.07.14 07:00;52633.00000;52692.00000;52567.00000;52629.00000;29.72;17.38;27.92;54.77;61.76;-0.120;NEUTRE;0;-48.1;-2;1
2026.07.14 06:00;52714.00000;52736.00000;52630.00000;52632.00000;30.72;20.05;24.46;67.23;55.24;-0.114;NEUTRE;0;-51;-2;0
2026.07.14 05:00;52680.00000;52742.00000;52672.00000;52714.00000;33.92;23.14;22.13;63.27;38.92;0.042;NEUTRE;0;28.6;1;0
2026.07.14 04:00;52595.00000;52687.00000;52575.00000;52680.00000;38.79;14.61;25.54;35.20;25.49;-0.023;NEUTRE;0;-20.5;0;0
2026.07.14 03:00;52584.00000;52606.00000;52557.00000;52594.00000;40.58;5.73;29.47;18.28;24.24;-0.186;NEUTRE;0;-76.1;-3;0
2026.07.14 02:00;52613.00000;52652.00000;52576.00000;52584.00000;36.44;6.61;28.03;22.97;28.55;-0.205;NEUTRE;0;-81.5;-3;0
2026.07.14 01:00;52643.00000;52675.00000;52599.00000;52613.00000;32.54;7.63;27.69;31.46;35.54;-0.150;NEUTRE;0;;;0
2026.07.14 00:00;52692.00000;52715.00000;52568.00000;52643.00000;28.81;8.80;31.95;31.22;43.79;-0.093;NEUTRE;0;;;0
2026.07.13 23:00;52691.00000;52692.00000;52637.00000;52691.00000;24.50;10.16;29.64;43.95;48.80;-0.214;NEUTRE;0;-31.2;-1;0
2026.07.13 22:00;52747.00000;52752.00000;52688.00000;52691.00000;20.74;11.72;19.94;56.19;45.34;-0.214;NEUTRE;0;-32.3;-1;0
2026.07.13 20:00;52762.00000;52762.00000;52676.00000;52724.00000;19.93;13.52;23.01;46.26;34.63;-0.152;NEUTRE;0;-26.3;-1;0
2026.07.13 19:00;52748.00000;52782.00000;52672.00000;52763.00000;19.01;15.60;26.55;33.57;24.70;-0.078;NEUTRE;0;-14.9;0;1
2026.07.13 18:00;52715.00000;52781.00000;52691.00000;52749.00000;17.94;18.01;27.97;24.05;18.31;-0.104;NEUTRE;0;-20.6;0;1
2026.07.13 17:00;52711.00000;52787.00000;52704.00000;52714.00000;17.36;20.78;30.05;16.49;21.82;-0.170;NEUTRE;0;-33;-1;1
2026.07.13 16:00;52751.00000;52766.00000;52601.00000;52708.00000;17.22;20.08;34.68;14.40;33.24;-0.182;NEUTRE;0;-36.5;-1;1
2026.07.13 15:00;52828.00000;52841.00000;52742.00000;52751.00000;15.77;23.17;26.87;34.58;48.64;-0.100;NEUTRE;0;-23.4;0;1
2026.07.13 14:00;53086.00000;53111.00000;52768.00000;52828.00000;17.06;26.73;26.96;50.73;53.28;0.045;NEUTRE;0;11.8;0;1
2026.07.13 13:00;52879.00000;53109.00000;52854.00000;53086.00000;19.62;30.85;27.25;60.60;57.66;0.534;SOFT_UP;1;69.5;3;1
2026.07.13 12:00;52842.00000;52881.00000;52803.00000;52879.00000;21.69;21.84;31.44;48.50;65.30;0.142;NEUTRE;0;37.6;1;1
2026.07.13 11:00;52892.00000;52910.00000;52828.00000;52842.00000;22.25;25.20;31.35;63.87;78.51;0.072;NEUTRE;0;23.1;0;1
2026.07.13 10:00;52922.00000;52924.00000;52878.00000;52892.00000;24.00;29.07;26.79;83.52;88.35;0.167;NEUTRE;0;47.4;2;1
2026.07.13 09:00;52944.00000;52980.00000;52921.00000;52922.00000;27.07;33.54;16.53;88.15;86.73;0.223;NEUTRE;0;58.2;2;1
2026.07.13 08:00;52849.00000;52946.00000;52846.00000;52944.00000;26.00;29.84;19.07;93.37;74.33;0.265;NEUTRE;0;65.1;3;1
2026.07.13 07:00;52824.00000;52891.00000;52798.00000;52849.00000;26.62;25.97;22.01;78.66;48.61;0.085;NEUTRE;0;38.3;1;1
2026.07.13 06:00;52705.00000;52828.00000;52704.00000;52825.00000;29.44;19.54;25.40;50.96;24.07;0.040;NEUTRE;0;23.4;0;0
2026.07.13 05:00;52684.00000;52721.00000;52652.00000;52706.00000;31.97;9.27;29.30;16.22;8.80;-0.186;NEUTRE;0;-67.5;-3;0
2026.07.13 04:00;52694.00000;52710.00000;52673.00000;52684.00000;28.90;10.70;29.13;5.03;5.89;-0.227;NEUTRE;0;-74.8;-3;0
2026.07.13 03:00;52716.00000;52718.00000;52687.00000;52694.00000;26.23;12.34;27.79;5.16;8.59;-0.208;NEUTRE;0;-77.5;-3;0
2026.07.13 02:00;52736.00000;52743.00000;52709.00000;52715.00000;24.34;14.24;21.14;7.47;13.65;-0.169;NEUTRE;0;-79.7;-3;0
2026.07.13 01:00;52776.00000;52776.00000;52719.00000;52736.00000;25.09;16.44;19.87;13.15;25.20;-0.129;NEUTRE;0;;;0
2026.07.13 00:00;52804.00000;52840.00000;52759.00000;52776.00000;27.49;18.96;12.13;20.33;40.09;-0.053;NEUTRE;0;;;0
2026.07.12 23:00;52814.00000;52817.00000;52770.00000;52804.00000;28.34;17.51;14.00;42.12;62.78;-0.074;NEUTRE;0;-11.8;0;0
2026.07.12 22:00;52843.00000;52866.00000;52749.00000;52814.00000;30.98;20.21;16.15;57.83;78.72;-0.055;NEUTRE;0;-9.2;0;0
2026.07.10 20:00;52916.00000;52990.00000;52907.00000;52970.00000;34.04;23.32;7.64;88.40;90.50;0.425;SOFT_UP;1;54.1;2;0
2026.07.10 19:00;52944.00000;52982.00000;52892.00000;52914.00000;31.48;25.42;8.82;89.93;90.22;0.319;NEUTRE;0;47.5;2;1
2026.07.10 18:00;52903.00000;52953.00000;52891.00000;52944.00000;28.87;24.37;10.17;93.16;86.17;0.375;NEUTRE;0;53.6;2;1
2026.07.10 17:00;52899.00000;52933.00000;52877.00000;52903.00000;26.98;23.16;11.74;87.56;76.46;0.298;NEUTRE;0;48.7;2;1
2026.07.10 16:00;52865.00000;52908.00000;52812.00000;52899.00000;26.10;19.85;13.54;77.80;65.41;0.290;NEUTRE;0;49.7;2;1
2026.07.10 15:00;52783.00000;52921.00000;52775.00000;52865.00000;27.21;22.91;15.63;64.01;54.01;0.226;NEUTRE;0;44.4;1;1
2026.07.10 14:00;52812.00000;52857.00000;52502.00000;52783.00000;28.49;19.69;18.03;54.42;55.21;0.070;NEUTRE;0;18;0;1
2026.07.10 13:00;52883.00000;52936.00000;52773.00000;52812.00000;32.20;22.72;9.06;43.60;60.20;0.125;NEUTRE;0;32;1;1
2026.07.10 12:00;52821.00000;52948.00000;52783.00000;52883.00000;30.54;26.21;9.51;67.61;69.58;0.260;NEUTRE;0;54.6;2;1
2026.07.10 11:00;52881.00000;52885.00000;52799.00000;52821.00000;28.04;24.37;10.98;69.39;68.75;0.142;NEUTRE;0;40;1;1
2026.07.10 10:00;52816.00000;52893.00000;52816.00000;52881.00000;26.53;28.12;9.62;71.76;67.55;0.256;NEUTRE;0;59;2;1
2026.07.10 09:00;52794.00000;52846.00000;52777.00000;52815.00000;23.07;23.18;11.10;65.11;67.37;0.131;NEUTRE;0;43.4;1;1
2026.07.10 08:00;52805.00000;52866.00000;52766.00000;52794.00000;21.20;26.75;12.81;65.80;64.06;0.091;NEUTRE;0;36.5;1;1
2026.07.10 07:00;52785.00000;52845.00000;52779.00000;52804.00000;19.04;27.63;14.78;71.20;55.73;0.110;NEUTRE;0;45.6;2;1
2026.07.10 06:00;52742.00000;52816.00000;52742.00000;52785.00000;17.31;25.12;17.06;55.17;44.71;0.074;NEUTRE;0;38.7;1;0
2026.07.10 05:00;52707.00000;52745.00000;52703.00000;52742.00000;17.03;14.22;19.68;40.80;40.80;-0.008;NEUTRE;0;-5.9;0;0
2026.07.10 04:00;52735.00000;52740.00000;52702.00000;52707.00000;17.18;14.58;22.71;38.15;40.57;-0.074;NEUTRE;0;-50.3;-2;0
2026.07.10 03:00;52742.00000;52761.00000;52728.00000;52735.00000;16.47;16.83;15.68;43.46;38.65;-0.021;NEUTRE;0;-24.5;0;0
2026.07.10 02:00;52730.00000;52744.00000;52714.00000;52742.00000;18.46;11.49;18.09;40.09;35.05;-0.008;NEUTRE;0;-14.6;0;0
2026.07.10 01:00;52729.00000;52742.00000;52720.00000;52729.00000;17.86;13.26;17.80;32.39;30.68;-0.032;NEUTRE;0;;;0
2026.07.10 00:00;52746.00000;52751.00000;52709.00000;52729.00000;18.36;15.29;20.53;32.66;30.18;-0.032;NEUTRE;0;;;0
2026.07.09 23:00;52745.00000;52765.00000;52730.00000;52746.00000;18.94;17.65;16.00;27.00;32.94;0.182;NEUTRE;0;27.2;1;0
2026.07.09 22:00;52723.00000;52753.00000;52707.00000;52745.00000;21.10;15.09;18.46;30.86;45.71;0.180;NEUTRE;0;28;1;0
2026.07.09 20:00;52767.00000;52784.00000;52722.00000;52728.00000;22.80;17.41;16.29;40.94;60.37;0.148;NEUTRE;0;25.7;1;0
2026.07.09 19:00;52754.00000;52770.00000;52697.00000;52768.00000;25.79;16.61;18.79;65.33;73.44;0.224;NEUTRE;0;37.5;1;1
2026.07.09 18:00;52815.00000;52851.00000;52738.00000;52754.00000;28.81;19.17;13.04;74.83;79.70;0.198;NEUTRE;0;35.6;1;1
2026.07.09 17:00;52800.00000;52846.00000;52780.00000;52816.00000;30.32;22.12;9.33;80.17;82.09;0.315;NEUTRE;0;50.3;2;1
2026.07.09 16:00;52772.00000;52863.00000;52771.00000;52799.00000;28.73;25.52;10.76;84.11;82.37;0.283;NEUTRE;0;49;2;1
2026.07.09 15:00;52774.00000;52851.00000;52714.00000;52772.00000;26.89;27.44;12.42;82.00;74.05;0.232;NEUTRE;0;45.2;2;1
2026.07.09 14:00;52675.00000;52776.00000;52621.00000;52773.00000;25.23;23.24;14.33;81.00;60.57;0.234;NEUTRE;0;47.4;2;1
2026.07.09 13:00;52645.00000;52746.00000;52547.00000;52675.00000;25.46;23.84;16.54;59.14;43.40;0.047;NEUTRE;0;13.2;0;1
2026.07.09 12:00;52587.00000;52683.00000;52581.00000;52646.00000;26.60;22.64;19.08;41.58;32.23;-0.008;NEUTRE;0;-2.5;0;1
2026.07.09 11:00;52559.00000;52593.00000;52525.00000;52587.00000;29.38;12.55;22.02;29.49;29.50;-0.120;NEUTRE;0;-35.4;-1;1
2026.07.09 10:00;52622.00000;52636.00000;52499.00000;52558.00000;29.68;14.48;25.40;25.61;33.80;-0.175;NEUTRE;0;-48.7;-2;1
2026.07.09 09:00;52667.00000;52671.00000;52567.00000;52622.00000;30.03;16.70;21.68;33.41;47.30;-0.053;NEUTRE;0;-21;0;1
2026.07.09 08:00;52695.00000;52712.00000;52634.00000;52667.00000;32.66;19.27;15.10;42.39;63.09;0.032;NEUTRE;0;14.6;0;1
2026.07.09 07:00;52701.00000;52734.00000;52672.00000;52694.00000;35.82;22.24;9.93;66.11;80.90;0.084;NEUTRE;0;38;1;1
2026.07.09 06:00;52750.00000;52758.00000;52687.00000;52701.00000;35.44;25.66;7.73;80.77;88.10;0.097;NEUTRE;0;46.4;2;0
2026.07.09 05:00;52715.00000;52751.00000;52668.00000;52750.00000;32.63;28.09;8.92;95.83;90.37;0.190;NEUTRE;0;68;3;0
2026.07.09 04:00;52690.00000;52722.00000;52681.00000;52715.00000;29.69;27.03;10.29;87.68;86.64;0.123;NEUTRE;0;63.4;2;0
2026.07.09 03:00;52655.00000;52697.00000;52636.00000;52690.00000;27.35;21.81;11.88;87.58;78.60;0.076;NEUTRE;0;58.7;2;0
2026.07.09 02:00;52668.00000;52691.00000;52642.00000;52655.00000;27.03;25.17;13.70;84.67;67.78;0.009;NEUTRE;0;16.3;0;0
2026.07.09 01:00;52656.00000;52682.00000;52635.00000;52668.00000;26.65;26.21;15.81;63.56;59.64;0.034;NEUTRE;0;;;0
2026.07.09 00:00;52650.00000;52659.00000;52622.00000;52656.00000;26.94;22.72;18.25;55.12;62.88;0.011;NEUTRE;0;;;0
2026.07.08 22:00;52556.00000;52573.00000;52553.00000;52556.00000;29.40;13.37;21.05;60.25;67.99;-1.088;STRONG_DOWN;-2;-72.7;-3;0
2026.07.08 20:00;52621.00000;52622.00000;52529.00000;52567.00000;30.49;15.42;24.29;73.28;68.28;-1.067;STRONG_DOWN;-2;-73.9;-3;0
2026.07.08 19:00;52653.00000;52665.00000;52572.00000;52620.00000;31.75;17.80;20.92;70.44;56.74;-0.967;STRONG_DOWN;-2;-73.2;-3;1
2026.07.08 18:00;52596.00000;52677.00000;52573.00000;52653.00000;35.39;20.54;23.97;61.12;41.40;-0.905;STRONG_DOWN;-2;-73;-3;1
2026.07.08 17:00;52585.00000;52689.00000;52562.00000;52596.00000;39.65;23.70;27.66;38.65;28.56;-1.013;STRONG_DOWN;-2;-75.5;-3;1
2026.07.08 16:00;52383.00000;52610.00000;52382.00000;52585.00000;44.57;17.77;31.91;24.44;27.70;-1.033;STRONG_DOWN;-2;-76.6;-3;1
2026.07.08 15:00;52465.00000;52474.00000;52341.00000;52382.00000;47.05;11.33;36.82;22.60;33.99;-1.415;EXPLOSIVE_DOWN;-3;-80.7;-3;1
2026.07.08 14:00;52653.00000;52745.00000;52421.00000;52464.00000;46.14;13.07;33.23;36.06;37.78;-1.261;STRONG_DOWN;-2;-80.3;-3;1
2026.07.08 13:00;52695.00000;52790.00000;52600.00000;52657.00000;46.54;15.08;29.84;43.32;32.72;-0.898;STRONG_DOWN;-2;-77.5;-3;1
2026.07.08 12:00;52688.00000;52815.00000;52653.00000;52695.00000;48.64;17.40;30.14;33.95;21.49;-0.826;STRONG_DOWN;-2;-77.4;-3;1
2026.07.08 11:00;52620.00000;52765.00000;52570.00000;52688.00000;52.00;15.33;34.78;20.88;11.32;-0.839;STRONG_DOWN;-2;-78.6;-3;1
2026.07.08 10:00;52499.00000;52657.00000;52466.00000;52620.00000;54.03;9.17;40.13;9.65;6.22;-0.967;STRONG_DOWN;-2;-81;-3;1
2026.07.08 09:00;52549.00000;52573.00000;52470.00000;52498.00000;52.68;3.81;46.30;3.44;7.95;-1.197;STRONG_DOWN;-2;-83.4;-3;1
2026.07.08 08:00;52993.00000;53007.00000;52541.00000;52549.00000;47.75;4.40;42.82;5.58;16.77;-1.101;STRONG_DOWN;-2;-83.6;-3;1
2026.07.08 07:00;53053.00000;53058.00000;52976.00000;52992.00000;42.57;5.08;35.05;14.85;27.35;-0.267;NEUTRE;0;-68;-3;1
2026.07.08 06:00;53113.00000;53115.00000;53022.00000;53052.00000;37.63;5.86;31.81;29.89;37.02;-0.154;NEUTRE;0;-59.1;-2;0
2026.07.08 05:00;53153.00000;53164.00000;53091.00000;53113.00000;32.82;6.76;25.29;37.32;42.66;-0.040;NEUTRE;0;-27.5;-1;0
2026.07.08 04:00;53136.00000;53166.00000;53128.00000;53153.00000;28.98;7.80;21.39;43.86;48.39;0.036;NEUTRE;0;30.3;1;0
2026.07.08 03:00;53137.00000;53170.00000;53134.00000;53137.00000;26.28;9.00;22.25;46.80;48.28;0.006;NEUTRE;0;7.4;0;0
2026.07.08 02:00;53164.00000;53171.00000;53112.00000;53136.00000;23.80;10.39;25.67;54.50;44.36;0.004;NEUTRE;0;7.4;0;0
2026.07.08 01:00;53194.00000;53206.00000;53153.00000;53164.00000;20.94;11.98;18.93;43.53;35.22;0.056;NEUTRE;0;;;0
2026.07.08 00:00;53134.00000;53194.00000;53092.00000;53194.00000;20.70;10.34;21.84;35.04;37.34;0.113;NEUTRE;0;;;0
2026.07.07 23:00;53167.00000;53193.00000;53129.00000;53134.00000;18.39;11.93;19.62;27.10;41.48;-0.422;SOFT_DOWN;-1;-50;-2;0
2026.07.07 22:00;53137.00000;53190.00000;53136.00000;53167.00000;17.47;13.77;20.95;49.89;44.32;-0.360;NEUTRE;0;-46.8;-2;0
2026.07.07 20:00;53207.00000;53208.00000;53149.00000;53181.00000;16.98;15.89;20.48;47.46;36.22;-0.334;NEUTRE;0;-47.4;-2;0
2026.07.07 19:00;53197.00000;53262.00000;53123.00000;53206.00000;17.65;18.33;23.63;35.61;27.29;-0.287;NEUTRE;0;-44.5;-1;1
2026.07.07 18:00;53214.00000;53261.00000;53179.00000;53198.00000;18.43;21.15;21.06;25.59;20.02;-0.302;NEUTRE;0;-47.5;-2;1
2026.07.07 17:00;53197.00000;53249.00000;53155.00000;53213.00000;21.23;22.16;24.30;20.67;14.82;-0.274;NEUTRE;0;-46.4;-2;1
2026.07.07 16:00;53177.00000;53220.00000;53149.00000;53197.00000;23.78;20.82;28.04;13.79;15.13;-0.304;NEUTRE;0;-51;-2;1
2026.07.07 15:00;53179.00000;53190.00000;53077.00000;53177.00000;25.17;17.52;32.35;10.00;27.96;-0.341;NEUTRE;0;-55.9;-2;1
2026.07.07 14:00;53367.00000;53402.00000;53182.00000;53185.00000;24.46;20.22;23.04;21.61;50.39;-0.326;NEUTRE;0;-56.6;-2;1
2026.07.07 13:00;53587.00000;53651.00000;53334.00000;53367.00000;27.23;23.33;15.95;52.26;68.36;0.015;NEUTRE;0;4.3;0;1
2026.07.07 12:00;53516.00000;53618.00000;53497.00000;53588.00000;28.53;26.92;10.49;77.29;73.54;0.429;SOFT_UP;1;66.7;3;1
2026.07.07 11:00;53436.00000;53529.00000;53420.00000;53516.00000;26.16;19.74;12.11;75.53;72.62;0.294;NEUTRE;0;60.1;2;1
2026.07.07 10:00;53485.00000;53498.00000;53409.00000;53436.00000;26.50;18.41;13.97;67.79;68.56;0.144;NEUTRE;0;43.1;1;1
2026.07.07 09:00;53458.00000;53500.00000;53440.00000;53485.00000;28.47;21.24;10.76;74.54;64.28;0.236;NEUTRE;0;59.6;2;1
2026.07.07 08:00;53440.00000;53517.00000;53411.00000;53458.00000;27.81;24.51;12.42;63.33;51.11;0.186;NEUTRE;0;56.5;2;1
2026.07.07 07:00;53385.00000;53474.00000;53370.00000;53440.00000;27.05;22.04;14.33;54.96;43.41;0.152;NEUTRE;0;54.7;2;1
2026.07.07 06:00;53404.00000;53410.00000;53339.00000;53385.00000;27.95;15.96;16.53;35.03;38.98;0.049;NEUTRE;0;28;1;0
2026.07.07 05:00;53376.00000;53407.00000;53357.00000;53404.00000;31.98;18.41;15.18;40.23;47.03;0.084;NEUTRE;0;47.5;2;0
2026.07.07 04:00;53420.00000;53433.00000;53364.00000;53376.00000;35.42;21.25;15.36;41.67;55.37;0.032;NEUTRE;0;27.5;1;0
2026.07.07 03:00;53406.00000;53442.00000;53404.00000;53419.00000;38.39;24.51;8.80;59.20;64.66;0.112;NEUTRE;0;67.6;3;0
2026.07.07 02:00;53437.00000;53446.00000;53406.00000;53406.00000;37.05;28.29;9.35;65.25;71.21;0.088;NEUTRE;0;70.7;3;0
2026.07.07 01:00;53391.00000;53468.00000;53386.00000;53437.00000;35.00;32.64;10.79;69.54;78.35;0.146;NEUTRE;0;;;0
2026.07.07 00:00;53359.00000;53416.00000;53352.00000;53391.00000;32.64;27.90;12.44;78.84;87.46;0.060;NEUTRE;0;;;0
2026.07.06 23:00;53422.00000;53437.00000;53352.00000;53362.00000;31.77;32.20;14.36;86.66;94.13;0.203;NEUTRE;0;29.9;1;0
2026.07.06 22:00;53421.00000;53436.00000;53399.00000;53422.00000;30.77;37.15;8.06;96.87;93.46;0.315;NEUTRE;0;43;1;0
2026.07.06 20:00;53381.00000;53413.00000;53363.00000;53403.00000;25.60;33.30;9.30;98.86;85.36;0.280;NEUTRE;0;42.3;1;0
2026.07.06 19:00;53329.00000;53381.00000;53269.00000;53381.00000;20.87;28.58;10.73;84.63;71.63;0.238;NEUTRE;0;39.2;1;1
2026.07.06 18:00;53222.00000;53329.00000;53222.00000;53329.00000;17.10;25.83;12.38;72.58;61.82;0.141;NEUTRE;0;27;1;1
2026.07.06 17:00;53206.00000;53278.00000;53181.00000;53221.00000;14.32;22.54;14.29;57.68;50.88;-0.062;NEUTRE;0;-13.3;0;1
2026.07.06 16:00;53178.00000;53241.00000;53141.00000;53206.00000;13.08;20.14;16.49;55.21;41.48;-0.090;NEUTRE;0;-20.1;0;1
2026.07.06 15:00;53191.00000;53224.00000;53143.00000;53178.00000;13.55;20.62;19.02;39.75;26.07;-0.143;NEUTRE;0;-31.8;-1;1
2026.07.06 14:00;53058.00000;53191.00000;52960.00000;53190.00000;15.02;17.53;21.95;29.50;16.87;-0.120;NEUTRE;0;-29.1;-1;1
2026.07.06 13:00;53132.00000;53379.00000;53037.00000;53058.00000;15.61;20.22;20.20;8.98;11.66;-0.368;NEUTRE;0;-61.5;-2;1
2026.07.06 12:00;53116.00000;53162.00000;53096.00000;53132.00000;18.00;13.57;23.31;12.12;19.90;-0.229;NEUTRE;0;-51.1;-2;1
2026.07.06 11:00;53183.00000;53203.00000;53105.00000;53116.00000;16.71;15.66;24.79;13.88;36.09;-0.259;NEUTRE;0;-56.9;-2;1
2026.07.06 10:00;53203.00000;53239.00000;53162.00000;53183.00000;15.80;18.07;19.66;33.70;54.62;-0.133;NEUTRE;0;-40.9;-1;1
2026.07.06 09:00;53240.00000;53240.00000;53177.00000;53203.00000;17.59;20.85;19.69;60.70;63.25;-0.096;NEUTRE;0;-34.8;-1;1
2026.07.06 08:00;53291.00000;53308.00000;53220.00000;53239.00000;19.85;24.06;12.22;69.45;53.37;-0.028;NEUTRE;0;-12.8;0;1
2026.07.06 07:00;53193.00000;53297.00000;53185.00000;53291.00000;17.88;25.84;14.10;59.59;36.65;0.069;NEUTRE;0;32.7;1;1
2026.07.06 06:00;53178.00000;53200.00000;53169.00000;53193.00000;16.11;16.49;16.27;31.07;24.31;-0.115;NEUTRE;0;-51.3;-2;0
2026.07.06 05:00;53181.00000;53208.00000;53167.00000;53178.00000;18.49;19.02;18.77;19.29;26.05;-0.143;NEUTRE;0;-61.7;-2;0
2026.07.06 04:00;53162.00000;53190.00000;53144.00000;53180.00000;21.23;15.20;21.66;22.57;40.02;-0.139;NEUTRE;0;-66.1;-3;0
2026.07.06 03:00;53190.00000;53190.00000;53150.00000;53162.00000;21.79;17.53;22.98;36.30;59.56;-0.173;NEUTRE;0;-75.1;-3;0
2026.07.06 02:00;53237.00000;53246.00000;53172.00000;53190.00000;23.08;20.23;18.05;61.18;73.03;-0.120;NEUTRE;0;-75.6;-3;0
2026.07.06 01:00;53272.00000;53275.00000;53218.00000;53237.00000;25.75;23.34;11.27;81.19;70.82;-0.032;NEUTRE;0;;;0
2026.07.06 00:00;53254.00000;53294.00000;53200.00000;53271.00000;24.35;26.94;13.00;76.70;55.74;0.032;NEUTRE;0;;;0
2026.07.05 23:00;53176.00000;53256.00000;53170.00000;53254.00000;22.73;24.86;15.00;54.57;43.44;0.118;NEUTRE;0;18.5;0;0
2026.07.05 22:00;53191.00000;53218.00000;53136.00000;53176.00000;22.42;21.89;17.31;35.96;41.88;-0.028;NEUTRE;0;-4.7;0;0
2026.07.03 18:00;53147.00000;53147.00000;53147.00000;53147.00000;24.07;11.93;19.97;39.79;52.63;-0.130;NEUTRE;0;-25.2;-1;1
2026.07.03 17:00;53155.00000;53155.00000;53147.00000;53147.00000;23.90;13.77;23.05;49.90;64.25;-0.130;NEUTRE;0;-26.4;-1;1
2026.07.03 16:00;53177.00000;53183.00000;53153.00000;53155.00000;23.70;15.89;15.06;68.21;68.58;-0.115;NEUTRE;0;-25.1;-1;1
2026.07.03 15:00;53238.00000;53240.00000;53146.00000;53177.00000;26.93;18.33;17.37;74.65;54.04;-0.073;NEUTRE;0;-17.6;0;1
2026.07.03 14:00;53124.00000;53245.00000;53108.00000;53238.00000;30.66;21.15;20.04;62.89;33.66;0.041;NEUTRE;0;10.8;0;1
2026.07.03 13:00;53115.00000;53152.00000;53080.00000;53125.00000;34.97;13.96;23.13;24.56;14.90;-0.171;NEUTRE;0;-40.5;-1;1
2026.07.03 12:00;53103.00000;53122.00000;53072.00000;53114.00000;36.54;9.70;26.69;13.51;7.82;-0.192;NEUTRE;0;-46.1;-2;1
2026.07.03 11:00;53119.00000;53119.00000;53072.00000;53103.00000;34.99;10.27;30.79;6.62;3.66;-0.212;NEUTRE;0;-51.4;-2;1
2026.07.03 10:00;53116.00000;53160.00000;53102.00000;53119.00000;32.68;11.85;25.71;3.32;5.24;-0.182;NEUTRE;0;-49.8;-2;1
2026.07.03 09:00;53125.00000;53158.00000;53115.00000;53116.00000;32.03;13.67;26.22;1.05;8.88;-0.188;NEUTRE;0;-53.6;-2;1
2026.07.03 08:00;53221.00000;53226.00000;53120.00000;53125.00000;32.12;15.78;28.46;11.35;21.43;-0.171;NEUTRE;0;-54.3;-2;1
2026.07.03 07:00;53304.00000;53343.00000;53220.00000;53220.00000;32.66;18.21;18.32;14.25;34.45;0.008;NEUTRE;0;4.3;0;1
2026.07.03 06:00;53262.00000;53321.00000;53258.00000;53304.00000;37.63;21.01;16.39;38.68;52.65;0.165;NEUTRE;0;60.8;2;0
2026.07.03 05:00;53313.00000;53316.00000;53257.00000;53261.00000;41.52;23.02;18.91;50.43;65.18;0.085;NEUTRE;0;47.9;2;0
2026.07.03 04:00;53334.00000;53340.00000;53311.00000;53313.00000;46.40;26.56;7.74;68.85;76.85;0.182;NEUTRE;0;71.3;3;0
2026.07.03 03:00;53333.00000;53339.00000;53300.00000;53334.00000;45.10;30.12;8.93;76.26;85.06;0.222;NEUTRE;0;78.3;3;0
2026.07.03 02:00;53352.00000;53369.00000;53311.00000;53333.00000;43.69;34.75;5.97;85.45;91.62;0.220;NEUTRE;0;82;3;0
2026.07.03 01:00;53261.00000;53398.00000;53254.00000;53352.00000;39.54;40.09;6.88;93.47;94.26;0.256;NEUTRE;0;;;0
2026.07.03 00:00;53216.00000;53277.00000;53186.00000;53260.00000;34.75;33.33;7.94;95.94;93.20;0.083;NEUTRE;0;;;0
2026.07.02 23:00;53190.00000;53225.00000;53177.00000;53217.00000;30.63;29.67;9.17;93.36;88.16;1.163;STRONG_UP;2;73.1;3;0
2026.07.02 22:00;53158.00000;53192.00000;53144.00000;53190.00000;27.22;23.66;10.58;90.31;75.25;1.112;STRONG_UP;2;73.1;3;0
2026.07.02 20:00;53169.00000;53178.00000;53136.00000;53161.00000;25.53;22.81;12.20;80.83;59.26;1.057;STRONG_UP;2;73.8;3;0
2026.07.02 19:00;52998.00000;53217.00000;52913.00000;53168.00000;24.79;26.32;14.08;54.62;47.55;1.070;STRONG_UP;2;74.7;3;1
2026.07.02 18:00;52785.00000;53037.00000;52763.00000;52997.00000;23.95;21.26;16.25;42.35;54.16;0.745;SOFT_UP;1;69.6;3;1
2026.07.02 17:00;52956.00000;52959.00000;52766.00000;52783.00000;25.57;20.15;18.75;45.69;67.19;0.338;NEUTRE;0;52.3;2;1
2026.07.02 16:00;53008.00000;53037.00000;52920.00000;52956.00000;28.95;23.26;9.36;74.43;80.06;0.667;SOFT_UP;1;69.8;3;1
2026.07.02 15:00;53115.00000;53116.00000;52920.00000;53007.00000;26.85;26.83;10.79;81.45;81.28;0.764;SOFT_UP;1;73.2;3;1
2026.07.02 14:00;53029.00000;53138.00000;52923.00000;53114.00000;24.42;30.96;12.22;84.30;81.43;0.968;STRONG_UP;2;77.5;3;1
2026.07.02 13:00;52867.00000;53125.00000;52802.00000;53029.00000;21.50;34.79;14.10;78.09;82.06;0.806;SOFT_UP;1;76.1;3;1
2026.07.02 12:00;52728.00000;52944.00000;52709.00000;52867.00000;18.29;31.53;16.27;81.89;85.11;0.498;SOFT_UP;1;69.7;3;1
2026.07.02 11:00;52756.00000;52780.00000;52727.00000;52728.00000;16.20;25.64;18.77;86.20;80.92;0.234;NEUTRE;0;54.1;2;1
2026.07.02 10:00;52697.00000;52769.00000;52678.00000;52756.00000;16.31;26.39;21.66;87.23;66.68;0.287;NEUTRE;0;61.8;2;1
2026.07.02 09:00;52683.00000;52710.00000;52661.00000;52697.00000;17.30;20.48;24.99;69.32;46.95;0.175;NEUTRE;0;51.7;2;1
2026.07.02 08:00;52630.00000;52718.00000;52613.00000;52683.00000;18.44;23.63;28.84;43.48;36.58;0.148;NEUTRE;0;50.3;2;1
2026.07.02 07:00;52588.00000;52651.00000;52548.00000;52630.00000;19.74;17.45;33.27;28.04;45.15;0.048;NEUTRE;0;24;0;1
2026.07.02 06:00;52650.00000;52662.00000;52585.00000;52588.00000;17.98;20.13;32.87;38.22;64.76;-0.032;NEUTRE;0;-19.1;0;0
2026.07.02 05:00;52683.00000;52702.00000;52649.00000;52650.00000;17.05;23.23;25.13;69.18;83.08;0.086;NEUTRE;0;48.2;2;0
2026.07.02 04:00;52719.00000;52721.00000;52664.00000;52683.00000;19.07;26.80;24.65;86.86;82.68;0.148;NEUTRE;0;67.4;3;0
2026.07.02 03:00;52715.00000;52733.00000;52702.00000;52719.00000;21.36;30.92;18.18;93.19;66.46;0.217;NEUTRE;0;78;3;0
2026.07.02 02:00;52678.00000;52718.00000;52675.00000;52715.00000;20.65;28.24;20.98;67.98;41.49;0.209;NEUTRE;0;81.6;3;0
2026.07.02 01:00;52609.00000;52693.00000;52606.00000;52678.00000;21.56;23.64;24.21;38.19;22.37;0.139;NEUTRE;0;;;0
2026.07.02 00:00;52605.00000;52612.00000;52558.00000;52608.00000;24.69;12.95;27.93;18.28;11.75;0.006;NEUTRE;0;;;0
2026.07.01 23:00;52615.00000;52624.00000;52578.00000;52605.00000;22.86;14.94;26.53;10.63;9.49;0.067;NEUTRE;0;10.7;0;0
2026.07.01 22:00;52579.00000;52621.00000;52570.00000;52615.00000;22.07;16.24;30.61;6.34;16.37;0.086;NEUTRE;0;14.3;0;0
2026.07.01 20:00;52660.00000;52664.00000;52568.00000;52599.00000;20.75;18.74;35.32;11.51;31.36;0.055;NEUTRE;0;10.1;0;0
2026.07.01 19:00;52721.00000;52744.00000;52654.00000;52659.00000;19.22;21.62;26.98;31.26;51.45;0.169;NEUTRE;0;30.1;1;1
2026.07.01 18:00;52768.00000;52789.00000;52689.00000;52721.00000;20.48;24.95;25.14;51.30;69.71;0.287;NEUTRE;0;46;2;1
2026.07.01 17:00;52864.00000;52894.00000;52757.00000;52766.00000;23.57;28.78;18.55;71.78;85.00;0.373;NEUTRE;0;55;2;1
2026.07.01 16:00;52983.00000;53103.00000;52862.00000;52864.00000;23.87;33.21;9.61;86.05;90.79;0.559;SOFT_UP;1;66.2;3;1
2026.07.01 15:00;52803.00000;52986.00000;52758.00000;52982.00000;19.07;30.85;11.09;97.16;86.19;0.784;SOFT_UP;1;73.6;3;1
2026.07.01 14:00;52620.00000;52804.00000;52584.00000;52802.00000;14.75;23.32;12.80;89.16;76.18;0.441;SOFT_UP;1;64;2;1
2026.07.01 13:00;52526.00000;52651.00000;52379.00000;52620.00000;12.54;16.21;14.76;72.25;71.59;0.095;NEUTRE;0;25.4;1;1
2026.07.01 12:00;52516.00000;52549.00000;52459.00000;52527.00000;13.75;12.93;17.04;67.13;76.50;-0.082;NEUTRE;0;-24;0;1
2026.07.01 11:00;52551.00000;52583.00000;52501.00000;52516.00000;13.76;14.92;12.48;75.39;81.11;-0.103;NEUTRE;0;-31.3;-1;1
2026.07.01 10:00;52544.00000;52569.00000;52502.00000;52552.00000;14.50;14.59;14.40;86.99;81.13;-0.034;NEUTRE;0;-12.5;0;1
2026.07.01 09:00;52557.00000;52561.00000;52507.00000;52544.00000;16.64;15.00;16.61;80.95;67.32;-0.049;NEUTRE;0;-19.5;0;1
2026.07.01 08:00;52493.00000;52570.00000;52475.00000;52557.00000;18.41;17.30;19.17;75.45;51.36;-0.025;NEUTRE;0;-11.5;0;1
2026.07.01 07:00;52511.00000;52531.00000;52424.00000;52494.00000;20.45;13.65;22.12;45.56;34.58;-0.145;NEUTRE;0;-53.4;-2;1
2026.07.01 06:00;52497.00000;52531.00000;52483.00000;52511.00000;19.96;15.75;17.04;33.08;26.97;-0.112;NEUTRE;0;-50.5;-2;0
2026.07.01 05:00;52508.00000;52517.00000;52481.00000;52497.00000;22.42;13.69;19.66;25.11;20.70;-0.139;NEUTRE;0;-61.1;-2;0
2026.07.01 04:00;52500.00000;52528.00000;52481.00000;52508.00000;23.12;15.79;22.68;22.73;17.18;-0.118;NEUTRE;0;-62.5;-2;0
2026.07.01 03:00;52490.00000;52507.00000;52462.00000;52500.00000;23.92;11.35;26.17;14.26;13.28;-0.133;NEUTRE;0;-70.9;-3;0
2026.07.01 02:00;52533.00000;52543.00000;52464.00000;52490.00000;21.52;13.09;29.51;14.56;12.50;-0.152;NEUTRE;0;-78.6;-3;0
2026.07.01 01:00;52602.00000;52612.00000;52526.00000;52533.00000;18.90;15.11;21.98;11.03;10.27;-0.070;NEUTRE;0;;;0
2026.07.01 00:00;52570.00000;52624.00000;52570.00000;52603.00000;18.95;17.43;17.49;11.90;12.77;0.063;NEUTRE;0;;;0
2026.06.30 23:00;52574.00000;52584.00000;52559.00000;52570.00000;21.84;8.72;20.18;7.87;23.55;0.107;NEUTRE;0;16.8;0;0
2026.06.30 22:00;52585.00000;52607.00000;52564.00000;52574.00000;19.10;10.06;20.21;18.54;45.34;0.114;NEUTRE;0;18.6;0;0
2026.06.30 20:00;52672.00000;52702.00000;52559.00000;52580.00000;16.87;11.60;23.32;44.25;68.04;0.126;NEUTRE;0;22.3;0;0
2026.06.30 19:00;52711.00000;52752.00000;52644.00000;52672.00000;14.31;13.39;17.76;73.24;82.61;0.301;NEUTRE;0;45.9;2;1
2026.06.30 18:00;52699.00000;52735.00000;52670.00000;52711.00000;14.35;15.45;16.79;86.63;85.60;0.375;NEUTRE;0;53.6;2;1
2026.06.30 17:00;52742.00000;52761.00000;52695.00000;52699.00000;15.91;17.82;13.46;87.96;80.95;0.352;NEUTRE;0;53.4;2;1
2026.06.30 16:00;52678.00000;52760.00000;52672.00000;52742.00000;16.21;20.33;15.53;82.22;70.32;0.434;SOFT_UP;1;60.5;2;1
2026.06.30 15:00;52610.00000;52724.00000;52604.00000;52677.00000;16.65;17.17;17.92;72.68;58.98;0.310;NEUTRE;0;53.4;2;1
2026.06.30 14:00;52607.00000;52730.00000;52546.00000;52610.00000;18.88;19.81;20.68;56.06;50.27;0.183;NEUTRE;0;40.4;1;1
2026.06.30 13:00;52542.00000;52659.00000;52382.00000;52604.00000;21.46;16.92;23.86;48.20;53.99;0.171;NEUTRE;0;40.5;1;1
2026.06.30 12:00;52613.00000;52614.00000;52489.00000;52543.00000;22.14;19.52;21.59;46.55;62.74;0.055;NEUTRE;0;16.6;0;1
2026.06.30 11:00;52670.00000;52711.00000;52608.00000;52612.00000;24.78;22.53;10.26;67.22;69.36;0.187;NEUTRE;0;47.9;2;1
2026.06.30 10:00;52664.00000;52687.00000;52604.00000;52670.00000;22.83;22.41;11.84;74.45;70.37;0.297;NEUTRE;0;62.6;2;1
2026.06.30 09:00;52592.00000;52697.00000;52586.00000;52664.00000;21.59;25.86;13.66;66.41;72.03;0.286;NEUTRE;0;64.2;2;1
2026.06.30 08:00;52585.00000;52620.00000;52540.00000;52592.00000;20.17;19.16;15.76;70.24;78.63;0.149;NEUTRE;0;50.5;2;1
2026.06.30 07:00;52602.00000;52637.00000;52576.00000;52585.00000;21.77;22.11;11.26;79.44;82.31;0.135;NEUTRE;0;51.4;2;1
2026.06.30 06:00;52586.00000;52602.00000;52553.00000;52602.00000;20.12;16.69;13.00;86.23;79.43;0.168;NEUTRE;0;61.2;2;0
2026.06.30 05:00;52576.00000;52600.00000;52563.00000;52587.00000;21.30;19.25;11.86;81.27;73.08;0.139;NEUTRE;0;61.1;2;0
2026.06.30 04:00;52562.00000;52605.00000;52559.00000;52576.00000;20.92;22.21;13.68;70.79;61.70;0.118;NEUTRE;0;62.5;2;0
2026.06.30 03:00;52506.00000;52586.00000;52504.00000;52562.00000;20.48;19.28;15.78;67.17;49.83;0.091;NEUTRE;0;63.1;2;0
2026.06.30 02:00;52545.00000;52546.00000;52499.00000;52506.00000;22.10;14.74;18.21;47.15;35.27;-0.015;NEUTRE;0;-26;-1;0
2026.06.30 01:00;52515.00000;52557.00000;52489.00000;52545.00000;23.88;17.01;21.01;35.16;29.43;0.059;NEUTRE;0;;;0
2026.06.30 00:00;52514.00000;52526.00000;52464.00000;52515.00000;25.93;12.61;24.25;23.48;32.13;0.002;NEUTRE;0;;;0
2026.06.29 23:00;52526.00000;52549.00000;52492.00000;52514.00000;25.06;14.55;21.03;29.64;45.46;0.218;NEUTRE;0;31.7;1;0
2026.06.29 22:00;52533.00000;52554.00000;52515.00000;52527.00000;26.12;16.79;18.06;43.27;59.85;0.242;NEUTRE;0;35.6;1;0
2026.06.29 20:00;52550.00000;52578.00000;52536.00000;52546.00000;29.57;19.37;12.55;63.48;67.89;0.279;NEUTRE;0;42.2;1;0
2026.06.29 19:00;52611.00000;52626.00000;52531.00000;52552.00000;30.84;22.35;14.48;72.79;65.47;0.290;NEUTRE;0;44.8;1;1
2026.06.29 18:00;52612.00000;52654.00000;52595.00000;52611.00000;32.29;25.79;6.34;67.39;59.43;0.403;SOFT_UP;1;55.5;2;1
2026.06.29 17:00;52490.00000;52626.00000;52484.00000;52611.00000;27.95;22.45;7.32;56.22;57.03;0.403;SOFT_UP;1;57;2;1
2026.06.29 16:00;52487.00000;52540.00000;52453.00000;52489.00000;24.43;16.59;8.45;54.68;61.71;0.170;NEUTRE;0;34.6;1;1
2026.06.29 15:00;52594.00000;52599.00000;52431.00000;52487.00000;23.19;19.14;9.75;60.18;67.82;0.166;NEUTRE;0;35.7;1;1
2026.06.29 14:00;52550.00000;52691.00000;52321.00000;52594.00000;21.75;22.09;11.24;70.27;76.32;0.370;NEUTRE;0;59.8;2;1
2026.06.29 13:00;52460.00000;52682.00000;52378.00000;52549.00000;20.09;25.49;10.60;73.00;77.85;0.284;NEUTRE;0;54.9;2;1
2026.06.29 12:00;52462.00000;52470.00000;52384.00000;52459.00000;16.84;18.68;12.24;85.69;73.48;0.113;NEUTRE;0;31.5;1;1
2026.06.29 11:00;52447.00000;52490.00000;52400.00000;52462.00000;16.22;21.55;11.26;74.87;63.50;0.118;NEUTRE;0;34.9;1;1
2026.06.29 10:00;52371.00000;52451.00000;52339.00000;52446.00000;13.89;18.20;12.99;59.89;57.73;0.088;NEUTRE;0;29.8;1;1
2026.06.29 09:00;52362.00000;52420.00000;52332.00000;52370.00000;13.46;16.74;14.99;55.75;63.13;-0.057;NEUTRE;0;-22.4;0;1
2026.06.29 08:00;52410.00000;52464.00000;52358.00000;52363.00000;14.68;19.32;12.75;57.56;68.70;-0.071;NEUTRE;0;-30;-1;1
2026.06.29 07:00;52349.00000;52418.00000;52287.00000;52409.00000;13.78;15.62;14.71;76.07;75.20;0.017;NEUTRE;0;9;0;1
2026.06.29 06:00;52429.00000;52431.00000;52340.00000;52350.00000;15.44;18.02;10.75;72.46;72.17;-0.095;NEUTRE;0;-45.8;-2;0
2026.06.29 05:00;52357.00000;52437.00000;52346.00000;52429.00000;13.93;20.79;11.39;77.06;69.30;0.055;NEUTRE;0;35.6;1;0
2026.06.29 04:00;52382.00000;52383.00000;52339.00000;52357.00000;11.57;14.86;13.14;66.99;65.95;-0.082;NEUTRE;0;-53.1;-2;0
2026.06.29 03:00;52358.00000;52398.00000;52305.00000;52382.00000;12.41;17.15;15.16;63.86;68.01;-0.034;NEUTRE;0;-36.4;-1;0
2026.06.29 02:00;52325.00000;52369.00000;52255.00000;52358.00000;13.37;14.99;17.49;67.00;70.88;-0.080;NEUTRE;0;-69;-3;0
2026.06.29 01:00;52364.00000;52374.00000;52269.00000;52325.00000;14.24;17.29;18.29;73.16;65.99;-0.143;NEUTRE;0;;;0
2026.06.29 00:00;52400.00000;52403.00000;52305.00000;52364.00000;16.00;19.95;15.83;72.47;49.89;-0.069;NEUTRE;0;;;0
2026.06.28 23:00;52333.00000;52448.00000;52325.00000;52400.00000;16.69;23.02;15.13;52.34;29.64;0.425;SOFT_UP;1;50.2;2;0
2026.06.28 22:00;52178.00000;52349.00000;52177.00000;52333.00000;16.07;14.18;17.45;24.87;21.57;0.297;NEUTRE;0;41.3;1;0
2026.06.26 20:00;52140.00000;52301.00000;52140.00000;52195.00000;16.95;12.07;20.14;11.70;30.20;-0.374;NEUTRE;0;-50.6;-2;0
2026.06.26 19:00;52239.00000;52319.00000;52127.00000;52136.00000;15.71;13.92;23.24;28.15;50.48;-0.487;SOFT_DOWN;-1;-59;-2;1
2026.06.26 18:00;52309.00000;52367.00000;52217.00000;52237.00000;14.27;16.07;19.60;50.77;66.58;-0.294;NEUTRE;0;-46.7;-2;1
2026.06.26 17:00;52374.00000;52473.00000;52289.00000;52308.00000;14.94;18.54;15.23;72.52;73.43;-0.158;NEUTRE;0;-31.2;-1;1
2026.06.26 16:00;52501.00000;52505.00000;52241.00000;52373.00000;15.73;21.39;17.57;76.45;65.37;-0.034;NEUTRE;0;-7.9;0;1
2026.06.26 15:00;52286.00000;52541.00000;52271.00000;52501.00000;16.64;24.68;18.53;71.32;50.63;0.210;NEUTRE;0;42.3;1;1
2026.06.26 14:00;52189.00000;52431.00000;52179.00000;52287.00000;17.01;22.21;21.38;48.33;34.46;-0.199;NEUTRE;0;-42.8;-1;1
2026.06.26 13:00;52246.00000;52251.00000;52006.00000;52190.00000;19.34;14.64;24.67;32.23;28.67;-0.384;NEUTRE;0;-62.5;-2;1
2026.06.26 12:00;52275.00000;52392.00000;52188.00000;52244.00000;18.39;16.89;17.04;22.81;31.78;-0.281;NEUTRE;0;-56.7;-2;1
2026.06.26 11:00;52281.00000;52312.00000;52240.00000;52275.00000;21.15;13.46;19.66;30.95;45.06;-0.221;NEUTRE;0;-52.6;-2;1
2026.06.26 10:00;52286.00000;52298.00000;52233.00000;52281.00000;21.52;12.54;22.68;41.58;60.87;-0.210;NEUTRE;0;-53.8;-2;1
2026.06.26 09:00;52315.00000;52336.00000;52251.00000;52287.00000;20.40;14.46;21.91;62.65;69.14;-0.199;NEUTRE;0;-55.2;-2;1
2026.06.26 08:00;52432.00000;52455.00000;52278.00000;52315.00000;20.39;16.69;20.40;78.38;61.10;-0.145;NEUTRE;0;-49.7;-2;1
2026.06.26 07:00;52394.00000;52444.00000;52341.00000;52430.00000;21.99;19.26;18.06;66.39;41.39;0.074;NEUTRE;0;34.5;1;1
2026.06.26 06:00;52216.00000;52421.00000;52212.00000;52396.00000;24.88;18.78;20.84;38.54;24.03;0.010;NEUTRE;0;6.2;0;0
2026.06.26 05:00;52222.00000;52279.00000;52164.00000;52217.00000;27.91;11.22;24.04;19.23;15.84;-0.332;NEUTRE;0;-77;-3;0
2026.06.26 04:00;52273.00000;52282.00000;52216.00000;52222.00000;26.61;12.95;20.79;14.32;17.09;-0.323;NEUTRE;0;-79.2;-3;0
2026.06.26 03:00;52234.00000;52276.00000;52186.00000;52273.00000;27.12;13.54;23.98;13.97;24.49;-0.225;NEUTRE;0;-78.4;-3;0
2026.06.26 02:00;52335.00000;52343.00000;52225.00000;52234.00000;27.02;15.62;21.01;22.99;35.76;-0.300;NEUTRE;0;-84.1;-3;0
2026.06.26 01:00;52430.00000;52457.00000;52312.00000;52335.00000;28.91;18.03;12.89;36.51;41.34;-0.107;NEUTRE;0;;;0
2026.06.26 00:00;52391.00000;52469.00000;52374.00000;52430.00000;30.81;20.80;8.30;47.77;38.30;0.074;NEUTRE;0;;;0
2026.06.25 23:00;52424.00000;52525.00000;52357.00000;52391.00000;28.94;24.00;9.58;39.74;28.22;0.124;NEUTRE;0;19.3;0;0
2026.06.25 22:00;52417.00000;52441.00000;52397.00000;52424.00000;26.78;20.00;11.05;27.39;19.03;0.187;NEUTRE;0;28.9;1;0
2026.06.25 20:00;52364.00000;52522.00000;52359.00000;52454.00000;26.46;23.08;12.75;17.54;14.86;0.245;NEUTRE;0;38.5;1;0
2026.06.25 19:00;52390.00000;52425.00000;52290.00000;52368.00000;26.10;17.47;14.71;12.17;17.87;0.080;NEUTRE;0;15.3;0;1
2026.06.25 18:00;52436.00000;52565.00000;52301.00000;52390.00000;28.80;20.16;15.72;14.87;29.58;0.122;NEUTRE;0;23.8;0;1
2026.06.25 17:00;52463.00000;52517.00000;52337.00000;52436.00000;31.32;20.47;18.14;26.56;43.77;0.210;NEUTRE;0;38.8;1;1
2026.06.25 16:00;52666.00000;52744.00000;52435.00000;52463.00000;35.21;23.62;12.56;47.30;56.65;0.262;NEUTRE;0;46.8;2;1
2026.06.25 15:00;52902.00000;52934.00000;52607.00000;52665.00000;35.93;27.25;5.92;57.44;55.70;0.648;SOFT_UP;1;70.4;3;1
2026.06.25 14:00;52463.00000;53090.00000;52457.00000;52901.00000;31.57;31.44;6.84;65.20;55.98;1.099;STRONG_UP;2;78.9;3;1
2026.06.25 13:00;52402.00000;52679.00000;52394.00000;52461.00000;26.53;26.29;7.89;44.46;54.95;0.258;NEUTRE;0;52.2;2;1
2026.06.25 12:00;52336.00000;52461.00000;52305.00000;52402.00000;22.33;18.57;9.10;58.27;64.71;0.145;NEUTRE;0;38.2;1;1
2026.06.25 11:00;52422.00000;52427.00000;52334.00000;52336.00000;20.50;18.07;10.50;62.12;70.64;0.019;NEUTRE;0;6.4;0;1
2026.06.25 10:00;52336.00000;52460.00000;52334.00000;52421.00000;19.58;20.85;12.12;73.75;74.98;0.182;NEUTRE;0;49.8;2;1
2026.06.25 09:00;52302.00000;52354.00000;52294.00000;52336.00000;18.52;11.12;13.98;76.04;76.38;0.019;NEUTRE;0;7.8;0;1
2026.06.25 08:00;52344.00000;52358.00000;52292.00000;52301.00000;19.61;12.83;16.13;75.17;68.03;-0.048;NEUTRE;0;-21.3;0;1
2026.06.25 07:00;52329.00000;52360.00000;52324.00000;52345.00000;20.87;14.80;11.15;77.92;56.22;0.036;NEUTRE;0;18.5;0;1
2026.06.25 06:00;52265.00000;52362.00000;52265.00000;52329.00000;21.92;17.07;12.87;50.99;40.50;0.006;NEUTRE;0;3.7;0;0
2026.06.25 05:00;52226.00000;52283.00000;52226.00000;52265.00000;23.13;7.17;14.85;39.76;33.14;-0.117;NEUTRE;0;-56.7;-2;0
2026.06.25 04:00;52297.00000;52300.00000;52213.00000;52226.00000;21.33;8.28;17.13;30.75;27.25;-0.191;NEUTRE;0;-72.2;-3;0
2026.06.25 03:00;52276.00000;52298.00000;52255.00000;52296.00000;19.25;9.55;12.34;28.90;28.42;-0.057;NEUTRE;0;-51;-2;0
2026.06.25 02:00;52254.00000;52290.00000;52245.00000;52276.00000;20.24;8.16;14.24;22.09;33.30;-0.096;NEUTRE;0;-72.2;-3;0
2026.06.25 01:00;52244.00000;52299.00000;52229.00000;52254.00000;19.18;9.41;16.43;34.26;43.28;-0.138;NEUTRE;0;;;0
2026.06.25 00:00;52326.00000;52332.00000;52232.00000;52244.00000;17.94;10.86;18.30;43.54;45.10;-0.157;NEUTRE;0;;;0
2026.06.24 23:00;52306.00000;52355.00000;52290.00000;52326.00000;16.78;12.53;12.20;52.03;42.53;0.455;SOFT_UP;1;52.1;2;0
2026.06.24 22:00;52390.00000;52397.00000;52299.00000;52304.00000;19.15;14.46;11.94;39.72;35.78;0.413;SOFT_UP;1;50.7;2;0
2026.06.24 20:00;52281.00000;52416.00000;52258.00000;52395.00000;20.63;16.68;13.78;35.85;38.61;0.587;SOFT_UP;1;62.4;2;0
2026.06.24 19:00;52302.00000;52371.00000;52187.00000;52285.00000;22.34;14.86;15.90;31.78;48.31;0.376;NEUTRE;0;52.2;2;1
2026.06.24 18:00;52202.00000;52414.00000;52190.00000;52302.00000;25.26;17.15;18.09;48.20;66.04;0.409;SOFT_UP;1;55.9;2;1
2026.06.24 17:00;52466.00000;52488.00000;52156.00000;52202.00000;28.73;19.79;20.88;64.96;78.96;0.217;NEUTRE;0;39.7;1;1
2026.06.24 16:00;52573.00000;52606.00000;52448.00000;52465.00000;32.74;22.83;10.56;84.98;83.28;0.722;SOFT_UP;1;71.2;3;1
2026.06.24 15:00;52506.00000;52673.00000;52461.00000;52573.00000;32.13;26.35;10.92;86.94;77.25;0.929;STRONG_UP;2;76.1;3;1
2026.06.24 14:00;52142.00000;52507.00000;52128.00000;52506.00000;30.70;18.35;12.60;77.93;69.52;0.801;SOFT_UP;1;75;3;1
2026.06.24 13:00;52044.00000;52255.00000;51932.00000;52142.00000;32.56;10.95;14.54;66.89;67.52;0.102;NEUTRE;0;27;1;1
2026.06.24 12:00;52169.00000;52174.00000;52027.00000;52043.00000;35.40;12.63;12.25;63.74;60.05;-0.088;NEUTRE;0;-25.5;-1;1
2026.06.24 11:00;52017.00000;52173.00000;52014.00000;52169.00000;40.61;14.47;14.13;71.93;50.01;0.154;NEUTRE;0;42.3;1;1
2026.06.24 10:00;52002.00000;52079.00000;51968.00000;52016.00000;46.68;7.60;16.31;44.48;35.82;-0.140;NEUTRE;0;-42.3;-1;1
2026.06.24 09:00;52012.00000;52038.00000;51962.00000;52002.00000;48.26;3.09;18.81;33.62;31.19;-0.167;NEUTRE;0;-50.4;-2;1
2026.06.24 08:00;51981.00000;52037.00000;51980.00000;52012.00000;44.64;3.56;18.06;29.36;33.73;-0.148;NEUTRE;0;-50.3;-2;1
2026.06.24 07:00;52010.00000;52036.00000;51959.00000;51981.00000;41.19;3.84;20.84;30.59;42.02;-0.207;NEUTRE;0;-62.5;-2;1
2026.06.24 06:00;52031.00000;52033.00000;51979.00000;52010.00000;36.93;4.43;20.05;41.23;46.41;-0.152;NEUTRE;0;-58.7;-2;0
2026.06.24 05:00;52046.00000;52056.00000;52002.00000;52031.00000;32.79;5.11;16.59;54.26;48.60;-0.111;NEUTRE;0;-55.3;-2;0
2026.06.24 04:00;52074.00000;52086.00000;52013.00000;52046.00000;29.70;5.90;16.00;43.75;44.47;-0.083;NEUTRE;0;-53.5;-2;0
2026.06.24 03:00;51998.00000;52086.00000;51980.00000;52073.00000;27.18;6.81;18.47;47.80;46.88;-0.031;NEUTRE;0;-33.9;-1;0
2026.06.24 02:00;52058.00000;52083.00000;51998.00000;51998.00000;24.26;7.86;18.70;41.85;42.34;-0.175;NEUTRE;0;-80;-3;0
2026.06.24 01:00;52058.00000;52078.00000;52021.00000;52058.00000;21.71;9.06;17.41;51.01;38.52;-0.060;NEUTRE;0;;;0
2026.06.24 00:00;52089.00000;52126.00000;52033.00000;52058.00000;20.20;10.46;16.85;34.18;28.16;-0.060;NEUTRE;0;;;0
2026.06.23 23:00;52037.00000;52114.00000;51967.00000;52089.00000;19.71;10.08;19.44;30.37;28.29;-0.115;NEUTRE;0;-18;0;0
2026.06.23 22:00;52083.00000;52097.00000;52008.00000;52037.00000;17.86;11.63;18.14;19.92;37.49;-0.215;NEUTRE;0;-32.4;-1;0
2026.06.23 20:00;52067.00000;52125.00000;52050.00000;52120.00000;17.25;13.42;15.16;34.57;56.90;-0.056;NEUTRE;0;-10.3;0;0
2026.06.23 19:00;52085.00000;52158.00000;52046.00000;52065.00000;18.97;15.49;17.49;57.98;74.64;-0.161;NEUTRE;0;-28.9;-1;1
2026.06.23 18:00;52176.00000;52213.00000;52042.00000;52086.00000;20.95;17.87;20.19;78.17;85.71;-0.121;NEUTRE;0;-23.6;0;1
2026.06.23 17:00;52228.00000;52279.00000;52160.00000;52175.00000;23.24;20.62;12.68;87.76;86.93;0.050;NEUTRE;0;10.8;0;1
2026.06.23 16:00;52140.00000;52265.00000;52133.00000;52228.00000;23.14;21.98;14.63;91.19;83.42;0.151;NEUTRE;0;31.5;1;1
2026.06.23 15:00;52165.00000;52175.00000;52019.00000;52140.00000;23.61;14.88;16.88;81.84;76.78;-0.017;NEUTRE;0;-4.2;0;1
2026.06.23 14:00;51930.00000;52204.00000;51911.00000;52164.00000;26.27;17.16;19.47;77.24;73.13;0.029;NEUTRE;0;7.7;0;1
2026.06.23 13:00;51888.00000;52086.00000;51691.00000;51932.00000;29.35;13.61;22.47;71.26;68.42;-0.416;SOFT_DOWN;-1;-64.3;-2;1
2026.06.23 12:00;51921.00000;51945.00000;51842.00000;51888.00000;30.09;15.70;20.04;70.89;57.95;-0.500;SOFT_DOWN;-1;-69.7;-3;1
2026.06.23 11:00;51839.00000;51963.00000;51817.00000;51921.00000;32.85;18.12;23.13;63.12;42.54;-0.437;SOFT_DOWN;-1;-68.8;-3;1
2026.06.23 10:00;51866.00000;51940.00000;51812.00000;51840.00000;36.03;18.48;26.68;39.83;25.07;-0.593;SOFT_DOWN;-1;-75.5;-3;1
2026.06.23 09:00;51778.00000;51876.00000;51761.00000;51864.00000;38.78;13.63;30.79;24.67;13.75;-0.547;SOFT_DOWN;-1;-75.8;-3;1
2026.06.23 08:00;51729.00000;51821.00000;51689.00000;51778.00000;38.81;8.37;35.53;10.72;6.85;-0.711;SOFT_DOWN;-1;-80.2;-3;1
2026.06.23 07:00;51859.00000;51864.00000;51694.00000;51729.00000;35.26;9.66;40.41;5.87;6.74;-0.805;SOFT_DOWN;-1;-82.4;-3;1
2026.06.23 06:00;51941.00000;51962.00000;51854.00000;51860.00000;31.24;11.15;32.15;3.96;9.41;-0.554;SOFT_DOWN;-1;-80.5;-3;0
2026.06.23 05:00;51988.00000;52026.00000;51916.00000;51941.00000;28.58;12.86;28.26;10.39;17.84;-0.399;SOFT_DOWN;-1;-79.1;-3;0
2026.06.23 04:00;52098.00000;52121.00000;51981.00000;51988.00000;27.22;14.84;23.52;13.87;34.57;-0.309;NEUTRE;0;-78.7;-3;0
2026.06.23 03:00;52132.00000;52137.00000;52043.00000;52098.00000;27.92;17.12;20.32;29.25;55.24;-0.098;NEUTRE;0;-64.8;-2;0
2026.06.23 02:00;52172.00000;52192.00000;52124.00000;52132.00000;30.91;19.76;10.19;60.60;72.62;-0.033;NEUTRE;0;-47;-2;0
2026.06.23 01:00;52248.00000;52259.00000;52116.00000;52172.00000;30.75;22.80;11.76;75.87;77.75;0.044;NEUTRE;0;;;0
2026.06.23 00:00;52149.00000;52257.00000;52131.00000;52248.00000;30.56;26.31;11.95;81.41;75.64;0.190;NEUTRE;0;;;0
2026.06.22 23:00;52138.00000;52152.00000;52104.00000;52149.00000;29.49;17.53;13.79;75.99;62.20;0.752;SOFT_UP;1;64.8;2;0
2026.06.22 22:00;52171.00000;52199.00000;52123.00000;52139.00000;32.19;20.23;9.82;69.52;45.03;0.732;SOFT_UP;1;65.2;3;0
2026.06.22 20:00;52110.00000;52196.00000;52100.00000;52170.00000;31.82;22.74;11.33;41.10;30.22;0.792;SOFT_UP;1;68.8;3;0
2026.06.22 19:00;52025.00000;52134.00000;52005.00000;52112.00000;31.56;16.30;13.08;24.46;31.55;0.680;SOFT_UP;1;66.8;3;1
2026.06.22 18:00;52109.00000;52173.00000;52020.00000;52025.00000;34.73;18.80;13.30;25.09;40.80;0.512;SOFT_UP;1;61.6;2;1
2026.06.22 17:00;52167.00000;52177.00000;52073.00000;52109.00000;37.44;21.70;10.02;45.10;54.14;0.674;SOFT_UP;1;68.8;3;1
2026.06.22 16:00;52166.00000;52200.00000;52099.00000;52166.00000;37.53;25.03;7.71;52.20;61.39;0.784;SOFT_UP;1;72.6;3;1
2026.06.22 15:00;52135.00000;52197.00000;52060.00000;52166.00000;35.17;28.43;8.90;65.11;69.24;0.784;SOFT_UP;1;73.6;3;1
2026.06.22 14:00;52252.00000;52304.00000;52063.00000;52134.00000;32.53;32.80;9.93;66.85;69.84;0.723;SOFT_UP;1;73.4;3;1
2026.06.22 13:00;52041.00000;52296.00000;52039.00000;52252.00000;29.30;37.34;11.46;75.75;70.70;0.951;STRONG_UP;2;78.1;3;1
2026.06.22 12:00;52045.00000;52122.00000;52036.00000;52041.00000;25.65;32.67;13.22;66.92;69.79;0.543;SOFT_UP;1;71.2;3;1
2026.06.22 11:00;51993.00000;52096.00000;51979.00000;52044.00000;23.08;33.04;15.26;69.43;72.14;0.549;SOFT_UP;1;72.9;3;1
2026.06.22 10:00;51964.00000;52029.00000;51964.00000;51992.00000;20.97;29.32;17.61;73.02;76.89;0.448;SOFT_UP;1;71.1;3;1
2026.06.22 09:00;51964.00000;52035.00000;51952.00000;51964.00000;20.35;33.83;20.31;73.96;78.00;0.394;SOFT_UP;1;70.6;3;1
2026.06.22 08:00;51950.00000;51971.00000;51916.00000;51964.00000;19.65;27.17;23.44;83.69;73.53;0.394;SOFT_UP;1;72.7;3;1
2026.06.22 07:00;51976.00000;52000.00000;51935.00000;51950.00000;21.54;31.35;21.73;76.35;60.79;0.367;NEUTRE;0;73.7;3;1
2026.06.22 06:00;51894.00000;51979.00000;51889.00000;51974.00000;22.06;31.20;25.07;60.55;51.12;0.413;SOFT_UP;1;77.4;3;0
2026.06.22 05:00;51818.00000;51902.00000;51818.00000;51894.00000;23.78;22.84;28.93;45.48;52.95;0.259;NEUTRE;0;73.5;3;0
2026.06.22 04:00;51842.00000;51843.00000;51807.00000;51818.00000;25.63;15.54;33.38;47.32;64.70;0.112;NEUTRE;0;61.2;2;0
2026.06.22 03:00;51853.00000;51872.00000;51834.00000;51842.00000;23.96;17.93;26.98;66.04;71.73;0.158;NEUTRE;0;73.7;3;0
2026.06.22 02:00;51941.00000;51945.00000;51839.00000;51853.00000;24.55;20.69;29.11;80.75;67.73;0.180;NEUTRE;0;80.3;3;0
2026.06.22 01:00;51911.00000;51962.00000;51911.00000;51940.00000;25.73;23.88;23.13;68.40;50.56;0.348;NEUTRE;0;;;0
2026.06.22 00:00;51760.00000;51917.00000;51739.00000;51910.00000;29.44;14.24;26.69;54.03;36.39;0.290;NEUTRE;0;;;0
2026.06.21 23:00;51842.00000;51843.00000;51731.00000;51761.00000;29.29;10.03;30.80;29.26;24.43;-0.208;NEUTRE;0;-30.5;-1;0
2026.06.21 22:00;51869.00000;51869.00000;51708.00000;51842.00000;25.97;11.58;35.54;25.87;29.83;-0.052;NEUTRE;0;-8.7;0;0
2026.06.19 18:00;51842.00000;51842.00000;51842.00000;51842.00000;22.14;13.36;28.20;18.16;42.91;-0.310;NEUTRE;0;-48.2;-2;1
2026.06.19 17:00;51872.00000;51872.00000;51842.00000;51842.00000;20.05;15.41;32.54;45.47;59.13;-0.310;NEUTRE;0;-49.9;-2;1
2026.06.19 16:00;51941.00000;51957.00000;51870.00000;51872.00000;17.64;17.78;23.19;65.09;65.67;-0.252;NEUTRE;0;-45.7;-2;1
2026.06.19 15:00;51931.00000;51970.00000;51907.00000;51941.00000;18.32;20.52;20.21;66.84;60.61;-0.119;NEUTRE;0;-27.3;-1;1
2026.06.19 14:00;51892.00000;51944.00000;51852.00000;51931.00000;21.03;17.32;23.32;65.07;53.14;-0.138;NEUTRE;0;-32.7;-1;1
2026.06.19 13:00;51942.00000;51960.00000;51892.00000;51894.00000;21.99;19.99;20.22;49.92;47.98;-0.210;NEUTRE;0;-46.4;-2;1
2026.06.19 12:00;51864.00000;51981.00000;51791.00000;51943.00000;25.29;23.07;23.33;44.44;54.65;-0.115;NEUTRE;0;-31.9;-1;1
2026.06.19 11:00;51873.00000;51875.00000;51822.00000;51864.00000;29.09;18.03;26.92;49.57;69.92;-0.267;NEUTRE;0;-57.6;-2;1
2026.06.19 10:00;51972.00000;51975.00000;51839.00000;51873.00000;30.52;20.80;26.13;69.95;82.58;-0.250;NEUTRE;0;-58.4;-2;1
2026.06.19 09:00;51973.00000;51999.00000;51953.00000;51972.00000;33.47;24.01;17.25;90.26;80.24;-0.060;NEUTRE;0;-23.4;0;1
2026.06.19 08:00;51954.00000;52000.00000;51934.00000;51972.00000;36.10;27.70;19.91;87.53;59.98;-0.060;NEUTRE;0;-26;-1;1
2026.06.19 07:00;51879.00000;51955.00000;51879.00000;51954.00000;39.14;21.47;22.97;62.95;37.08;-0.094;NEUTRE;0;-41.1;-1;1
2026.06.19 06:00;51836.00000;51892.00000;51811.00000;51879.00000;44.64;12.02;26.51;29.48;21.24;-0.238;NEUTRE;0;-68.8;-3;0
2026.06.19 05:00;51814.00000;51840.00000;51790.00000;51836.00000;45.73;3.99;30.58;18.82;15.80;-0.321;NEUTRE;0;-76.5;-3;0
2026.06.19 04:00;51883.00000;51889.00000;51795.00000;51813.00000;40.93;4.61;33.75;15.41;11.98;-0.365;NEUTRE;0;-80.4;-3;0
2026.06.19 03:00;51886.00000;51897.00000;51838.00000;51882.00000;35.54;5.32;31.90;13.18;10.67;-0.233;NEUTRE;0;-78.8;-3;0
2026.06.19 02:00;51907.00000;51912.00000;51858.00000;51886.00000;30.01;6.13;31.60;7.36;10.26;-0.225;NEUTRE;0;-82.2;-3;0
2026.06.19 01:00;51967.00000;51978.00000;51906.00000;51907.00000;24.25;7.08;22.78;11.48;15.25;-0.185;NEUTRE;0;;;0
2026.06.19 00:00;52003.00000;52004.00000;51959.00000;51967.00000;19.89;8.17;14.96;11.96;16.23;-0.069;NEUTRE;0;;;0
2026.06.18 23:00;51973.00000;52015.00000;51965.00000;52003.00000;18.42;9.42;15.21;22.32;18.13;-0.330;NEUTRE;0;-43;-1;0
2026.06.18 22:00;52053.00000;52056.00000;51966.00000;51973.00000;17.64;10.87;17.25;14.42;15.17;-0.387;NEUTRE;0;-48.8;-2;0
2026.06.18 20:00;51974.00000;52085.00000;51965.00000;52046.00000;16.87;12.54;19.90;17.65;15.77;-0.247;NEUTRE;0;-38.8;-1;0
2026.06.18 19:00;52033.00000;52084.00000;51963.00000;51975.00000;15.97;14.35;22.96;13.43;15.95;-0.383;NEUTRE;0;-52.7;-2;1
2026.06.18 18:00;52074.00000;52078.00000;52020.00000;52034.00000;14.88;16.55;19.25;16.24;21.57;-0.270;NEUTRE;0;-44.3;-1;1
2026.06.18 17:00;52058.00000;52200.00000;52046.00000;52074.00000;16.01;19.10;15.31;18.19;28.83;-0.194;NEUTRE;0;-36.6;-1;1
2026.06.18 16:00;52080.00000;52101.00000;52016.00000;52058.00000;16.78;12.15;17.67;30.29;40.73;-0.224;NEUTRE;0;-42.3;-1;1
2026.06.18 15:00;52212.00000;52217.00000;52022.00000;52080.00000;16.51;14.02;19.30;38.03;44.50;-0.182;NEUTRE;0;-38.3;-1;1
2026.06.18 14:00;52145.00000;52226.00000;52003.00000;52209.00000;16.61;16.17;22.27;53.88;44.27;0.065;NEUTRE;0;16.8;0;1
2026.06.18 13:00;52206.00000;52375.00000;52114.00000;52145.00000;16.73;18.66;18.04;41.60;36.31;-0.057;NEUTRE;0;-15.9;0;1
2026.06.18 12:00;52045.00000;52231.00000;52036.00000;52206.00000;19.04;13.04;20.82;37.34;33.41;0.059;NEUTRE;0;17.7;0;1
2026.06.18 11:00;52152.00000;52159.00000;52004.00000;52045.00000;18.44;9.37;24.02;30.00;38.27;-0.249;NEUTRE;0;-55.8;-2;1
2026.06.18 10:00;52245.00000;52258.00000;52148.00000;52151.00000;14.53;10.81;13.42;32.88;45.91;-0.046;NEUTRE;0;-16.7;0;1
2026.06.18 09:00;52149.00000;52261.00000;52135.00000;52245.00000;15.11;12.48;15.48;51.92;55.59;0.134;NEUTRE;0;44.1;1;1
2026.06.18 08:00;52236.00000;52280.00000;52133.00000;52148.00000;15.77;14.40;17.87;52.94;52.37;-0.052;NEUTRE;0;-22.9;0;1
2026.06.18 07:00;52246.00000;52254.00000;52191.00000;52233.00000;16.55;16.61;14.54;61.90;52.36;0.111;NEUTRE;0;45.9;2;1
2026.06.18 06:00;52181.00000;52248.00000;52157.00000;52246.00000;18.07;17.70;16.78;42.25;56.97;0.136;NEUTRE;0;55.9;2;0
2026.06.18 05:00;52189.00000;52213.00000;52177.00000;52181.00000;20.44;14.51;19.36;52.93;71.99;0.011;NEUTRE;0;8.1;0;0
2026.06.18 04:00;52242.00000;52253.00000;52189.00000;52189.00000;21.38;16.74;17.22;75.74;80.15;0.027;NEUTRE;0;23.7;0;0
2026.06.18 03:00;52238.00000;52250.00000;52208.00000;52242.00000;24.45;19.31;15.30;87.32;74.60;0.128;NEUTRE;0;70.2;3;0
2026.06.18 02:00;52225.00000;52244.00000;52219.00000;52239.00000;26.43;22.28;13.62;77.39;59.83;0.123;NEUTRE;0;76;3;0
2026.06.18 01:00;52202.00000;52257.00000;52197.00000;52226.00000;26.79;25.71;15.72;59.10;44.41;0.098;NEUTRE;0;;;0
2026.06.18 00:00;52175.00000;52270.00000;52162.00000;52202.00000;27.19;29.67;18.13;43.01;31.68;0.052;NEUTRE;0;;;0
2026.06.17 23:00;52068.00000;52174.00000;52065.00000;52173.00000;27.67;20.56;20.92;31.13;23.22;-0.644;SOFT_DOWN;-1;-61.2;-2;0
2026.06.17 22:00;52025.00000;52080.00000;52006.00000;52068.00000;31.79;10.45;24.14;20.90;21.00;-0.844;STRONG_DOWN;-2;-68.2;-3;0
2026.06.17 20:00;51941.00000;52062.00000;51927.00000;52041.00000;30.59;8.32;27.86;17.63;30.52;-0.895;STRONG_DOWN;-2;-71;-3;0
2026.06.17 19:00;52325.00000;52389.00000;51837.00000;51939.00000;26.99;9.60;32.14;24.46;49.93;-1.089;STRONG_DOWN;-2;-75;-3;1
2026.06.17 18:00;52626.00000;52634.00000;52235.00000;52325.00000;22.83;11.08;26.00;49.47;64.35;-0.354;NEUTRE;0;-52;-2;1
2026.06.17 17:00;52655.00000;52655.00000;52538.00000;52634.00000;20.15;12.78;18.31;75.85;71.32;0.234;NEUTRE;0;41.8;1;1
2026.06.17 16:00;52667.00000;52699.00000;52618.00000;52655.00000;20.51;14.75;10.61;67.73;67.34;0.274;NEUTRE;0;48.1;2;1
2026.06.17 15:00;52554.00000;52726.00000;52527.00000;52667.00000;21.16;17.01;12.24;70.39;66.63;0.297;NEUTRE;0;52.2;2;1
2026.06.17 14:00;52632.00000;52730.00000;52472.00000;52554.00000;21.90;19.63;14.13;63.92;55.43;0.082;NEUTRE;0;20.9;0;1
2026.06.17 13:00;52452.00000;52661.00000;52409.00000;52632.00000;22.76;18.54;16.30;65.59;44.36;0.230;NEUTRE;0;49;2;1
2026.06.17 12:00;52432.00000;52464.00000;52406.00000;52451.00000;25.28;9.36;18.81;36.77;34.46;-0.114;NEUTRE;0;-31.7;-1;1
2026.06.17 11:00;52435.00000;52475.00000;52412.00000;52432.00000;24.01;10.80;20.11;30.71;32.85;-0.150;NEUTRE;0;-41.6;-1;1
2026.06.17 10:00;52442.00000;52486.00000;52405.00000;52435.00000;23.07;12.47;23.20;35.90;34.51;-0.145;NEUTRE;0;-43.3;-1;1
2026.06.17 09:00;52457.00000;52491.00000;52432.00000;52441.00000;21.99;14.38;21.64;31.93;29.92;-0.133;NEUTRE;0;-43.9;-1;1
2026.06.17 08:00;52460.00000;52470.00000;52393.00000;52457.00000;22.27;11.12;24.97;35.69;28.37;-0.103;NEUTRE;0;-39.9;-1;1
2026.06.17 07:00;52507.00000;52533.00000;52452.00000;52461.00000;19.79;12.83;17.03;22.14;25.22;-0.095;NEUTRE;0;-41.4;-1;1
2026.06.17 06:00;52488.00000;52521.00000;52464.00000;52507.00000;20.68;14.81;19.65;27.27;34.57;-0.008;NEUTRE;0;-5;0;0
2026.06.17 05:00;52514.00000;52518.00000;52481.00000;52487.00000;21.70;17.08;18.08;26.24;48.88;-0.046;NEUTRE;0;-30.9;-1;0
2026.06.17 04:00;52537.00000;52542.00000;52497.00000;52514.00000;24.60;19.71;14.21;50.19;66.06;0.006;NEUTRE;0;5.6;0;0
2026.06.17 03:00;52521.00000;52542.00000;52502.00000;52537.00000;25.89;22.74;14.68;70.21;74.58;0.050;NEUTRE;0;47.3;2;0
2026.06.17 02:00;52545.00000;52550.00000;52506.00000;52521.00000;26.56;26.24;15.40;77.78;71.06;0.019;NEUTRE;0;31.7;1;0
2026.06.17 01:00;52525.00000;52567.00000;52517.00000;52545.00000;26.64;30.28;13.93;75.76;57.01;0.065;NEUTRE;0;;;0
2026.06.17 00:00;52511.00000;52541.00000;52511.00000;52525.00000;25.05;26.94;16.07;59.65;41.04;0.027;NEUTRE;0;;;0
2026.06.16 23:00;52520.00000;52526.00000;52506.00000;52511.00000;25.01;23.39;18.54;35.61;34.04;0.777;SOFT_UP;1;65.5;3;0
2026.06.16 22:00;52459.00000;52522.00000;52443.00000;52520.00000;27.08;23.91;21.40;27.86;43.02;0.795;SOFT_UP;1;67;3;0
2026.06.16 20:00;52475.00000;52480.00000;52427.00000;52448.00000;30.39;19.41;24.69;38.65;61.20;0.656;SOFT_UP;1;64.9;2;0
2026.06.16 19:00;52531.00000;52531.00000;52443.00000;52475.00000;33.23;22.40;23.84;62.55;78.34;0.708;SOFT_UP;1;67.6;3;1
2026.06.16 18:00;52556.00000;52569.00000;52517.00000;52531.00000;37.86;25.84;14.57;82.38;87.70;0.816;STRONG_UP;2;71.3;3;1
2026.06.16 17:00;52613.00000;52632.00000;52549.00000;52556.00000;39.39;29.82;7.35;90.08;85.74;0.864;STRONG_UP;2;73.2;3;1
2026.06.16 16:00;52557.00000;52636.00000;52557.00000;52614.00000;36.15;34.41;7.00;90.62;79.14;0.975;STRONG_UP;2;75.8;3;1
2026.06.16 15:00;52463.00000;52585.00000;52411.00000;52558.00000;31.53;29.77;8.07;76.52;68.47;0.867;STRONG_UP;2;75.1;3;1
2026.06.16 14:00;52348.00000;52520.00000;52330.00000;52463.00000;27.56;28.60;9.31;70.27;64.18;0.685;SOFT_UP;1;72.6;3;1
2026.06.16 13:00;52261.00000;52535.00000;52243.00000;52348.00000;23.97;33.00;10.75;58.64;54.49;0.464;SOFT_UP;1;66.7;3;1
2026.06.16 12:00;52171.00000;52280.00000;52160.00000;52261.00000;19.83;24.64;12.40;63.64;49.03;0.297;NEUTRE;0;58.2;2;1
2026.06.16 11:00;52192.00000;52197.00000;52153.00000;52171.00000;17.80;17.79;14.31;41.21;44.03;0.125;NEUTRE;0;36.5;1;1
2026.06.16 10:00;52157.00000;52193.00000;52157.00000;52192.00000;18.86;20.53;16.51;42.24;51.79;0.165;NEUTRE;0;47;2;1
2026.06.16 09:00;52163.00000;52191.00000;52131.00000;52157.00000;20.10;22.84;19.05;48.63;60.93;0.098;NEUTRE;0;35.3;1;1
2026.06.16 08:00;52205.00000;52237.00000;52153.00000;52164.00000;21.80;26.35;16.34;64.49;64.42;0.111;NEUTRE;0;42.1;1;1
2026.06.16 07:00;52177.00000;52238.00000;52177.00000;52205.00000;21.54;30.40;14.45;69.66;61.46;0.190;NEUTRE;0;60.5;2;1
2026.06.16 06:00;52142.00000;52182.00000;52133.00000;52177.00000;19.38;20.96;16.68;59.11;60.72;0.136;NEUTRE;0;55.9;2;0
2026.06.16 05:00;52130.00000;52184.00000;52122.00000;52143.00000;20.62;24.18;19.24;55.60;64.04;0.071;NEUTRE;0;42.7;1;0
2026.06.16 04:00;52148.00000;52150.00000;52113.00000;52130.00000;22.04;19.46;22.21;67.44;60.43;0.046;NEUTRE;0;36.8;1;0
2026.06.16 03:00;52144.00000;52174.00000;52140.00000;52148.00000;24.42;22.46;14.39;69.08;46.46;0.081;NEUTRE;0;60.3;2;0
2026.06.16 02:00;52124.00000;52157.00000;52114.00000;52143.00000;24.81;18.22;16.61;44.76;27.90;0.071;NEUTRE;0;66.6;3;0
2026.06.16 01:00;52125.00000;52151.00000;52114.00000;52124.00000;27.91;18.88;19.16;25.53;17.06;0.035;NEUTRE;0;;;0
2026.06.16 00:00;52106.00000;52143.00000;52091.00000;52125.00000;32.09;18.46;22.11;13.40;13.53;0.036;NEUTRE;0;;;0
2026.06.15 23:00;52102.00000;52117.00000;52078.00000;52106.00000;35.64;13.60;25.51;12.24;17.42;0.322;NEUTRE;0;42.3;1;0
2026.06.15 22:00;52154.00000;52157.00000;52092.00000;52102.00000;36.44;15.70;23.92;14.95;26.21;0.314;NEUTRE;0;42.9;1;0
2026.06.15 20:00;52148.00000;52165.00000;52119.00000;52138.00000;38.86;18.11;21.21;25.06;42.55;0.383;NEUTRE;0;51.2;2;0
2026.06.15 19:00;52222.00000;52265.00000;52086.00000;52149.00000;43.62;20.90;24.47;38.61;61.49;0.404;SOFT_UP;1;54.1;2;1
2026.06.15 18:00;52273.00000;52278.00000;52193.00000;52219.00000;49.12;24.11;19.04;64.00;78.47;0.539;SOFT_UP;1;62.8;2;1
2026.06.15 17:00;52339.00000;52378.00000;52260.00000;52273.00000;54.87;27.82;9.84;81.87;85.98;0.643;SOFT_UP;1;67.9;3;1
2026.06.15 16:00;52340.00000;52376.00000;52310.00000;52339.00000;55.97;32.10;4.83;89.55;87.57;0.770;SOFT_UP;1;72.3;3;1
2026.06.15 15:00;52268.00000;52361.00000;52254.00000;52340.00000;53.22;33.54;5.58;86.53;84.16;0.772;SOFT_UP;1;73.4;3;1
2026.06.15 14:00;52245.00000;52288.00000;52124.00000;52268.00000;50.41;28.21;6.44;86.63;76.34;0.633;SOFT_UP;1;71.2;3;1
2026.06.15 13:00;52176.00000;52308.00000;52121.00000;52246.00000;48.50;32.55;7.43;79.32;57.77;0.591;SOFT_UP;1;71.3;3;1
2026.06.15 12:00;52094.00000;52175.00000;52051.00000;52175.00000;46.29;26.61;8.57;63.06;38.82;0.454;SOFT_UP;1;67.9;3;1
2026.06.15 11:00;52052.00000;52152.00000;52044.00000;52094.00000;45.52;27.85;9.89;30.92;27.18;0.298;NEUTRE;0;60.4;2;1
2026.06.15 10:00;52020.00000;52061.00000;52012.00000;52052.00000;45.20;19.18;11.41;22.48;32.88;0.218;NEUTRE;0;54.8;2;1
2026.06.15 09:00;52077.00000;52114.00000;52008.00000;52019.00000;48.25;22.13;13.16;28.14;48.35;0.154;NEUTRE;0;48.1;2;1
2026.06.15 08:00;52097.00000;52131.00000;52037.00000;52078.00000;51.76;25.53;10.98;48.03;67.21;0.268;NEUTRE;0;65.3;3;1
2026.06.15 07:00;52097.00000;52160.00000;52071.00000;52097.00000;53.59;29.46;7.10;68.87;81.87;0.304;NEUTRE;0;70.5;3;1
2026.06.15 06:00;52134.00000;52150.00000;52085.00000;52097.00000;52.43;33.99;5.78;84.73;90.59;0.304;NEUTRE;0;73.1;3;0
2026.06.15 05:00;52103.00000;52150.00000;52097.00000;52134.00000;49.58;39.22;3.82;92.02;94.33;0.375;NEUTRE;0;78.4;3;0
2026.06.15 04:00;52051.00000;52109.00000;52037.00000;52103.00000;44.56;33.35;4.41;95.01;96.28;0.316;NEUTRE;0;79;3;0
2026.06.15 03:00;52069.00000;52077.00000;52040.00000;52052.00000;39.62;31.65;5.09;95.96;97.13;0.218;NEUTRE;0;78.1;3;0
2026.06.15 02:00;52017.00000;52073.00000;52015.00000;52069.00000;34.60;34.85;5.88;97.88;97.25;0.250;NEUTRE;0;83;3;0
2026.06.15 01:00;51992.00000;52042.00000;51984.00000;52017.00000;28.98;31.99;6.78;97.55;94.96;0.150;NEUTRE;0;;;0
2026.06.15 00:00;51939.00000;52004.00000;51919.00000;51992.00000;23.43;26.84;7.82;96.32;87.41;0.102;NEUTRE;0;;;0
2026.06.14 23:00;51908.00000;51942.00000;51844.00000;51939.00000;18.60;19.74;9.03;91.02;74.69;0.069;NEUTRE;0;11;0;0
2026.06.14 22:00;51903.00000;51962.00000;51794.00000;51908.00000;15.73;22.78;10.42;74.90;64.10;0.010;NEUTRE;0;1.7;0;0
2026.06.12 20:00;51223.00000;51289.00000;51219.00000;51236.00000;12.41;12.02;12.02;58.16;60.42;0.548;SOFT_UP;1;60.7;2;0
2026.06.12 19:00;51250.00000;51302.00000;51169.00000;51225.00000;14.32;13.87;13.87;59.23;60.38;0.526;SOFT_UP;1;61;2;1
2026.06.12 18:00;51233.00000;51325.00000;51194.00000;51251.00000;16.52;16.01;13.11;63.87;63.11;0.577;SOFT_UP;1;64.4;2;1
2026.06.12 17:00;51219.00000;51322.00000;51211.00000;51232.00000;17.53;18.47;13.13;58.02;59.17;0.540;SOFT_UP;1;64.2;2;1
2026.06.12 16:00;51132.00000;51285.00000;51063.00000;51219.00000;17.62;16.18;15.15;67.43;54.74;0.514;SOFT_UP;1;64.4;2;1
2026.06.12 15:00;51355.00000;51442.00000;51116.00000;51132.00000;19.83;18.67;13.80;52.05;45.06;0.343;NEUTRE;0;56.1;2;1
2026.06.12 14:00;50908.00000;51373.00000;50895.00000;51352.00000;20.57;18.29;15.93;44.74;46.18;0.775;SOFT_UP;1;74.5;3;1
2026.06.12 13:00;51035.00000;51253.00000;50852.00000;50908.00000;22.67;17.24;18.38;38.39;56.15;-0.096;NEUTRE;0;-25.7;-1;1
2026.06.12 12:00;51241.00000;51252.00000;51033.00000;51035.00000;25.67;19.89;14.26;55.42;68.17;0.153;NEUTRE;0;39.7;1;1
2026.06.12 11:00;51136.00000;51274.00000;51114.00000;51241.00000;27.08;22.96;10.77;74.63;76.69;0.557;SOFT_UP;1;73.1;3;1
2026.06.12 10:00;51269.00000;51296.00000;51094.00000;51136.00000;25.69;26.49;12.42;74.47;75.33;0.351;NEUTRE;0;66.3;3;1
2026.06.12 09:00;51136.00000;51347.00000;51133.00000;51272.00000;24.08;30.56;11.36;80.97;68.60;0.618;SOFT_UP;1;77.4;3;1
2026.06.12 08:00;50972.00000;51208.00000;50966.00000;51135.00000;20.74;25.27;13.11;70.56;58.28;0.349;NEUTRE;0;70.6;3;1
2026.06.12 07:00;50880.00000;51029.00000;50832.00000;50970.00000;19.06;17.78;15.13;54.27;53.40;0.026;NEUTRE;0;13.6;0;1
2026.06.12 06:00;50887.00000;50948.00000;50861.00000;50881.00000;20.75;14.19;17.46;50.00;54.54;-0.149;NEUTRE;0;-58.2;-2;0
2026.06.12 05:00;50928.00000;50941.00000;50845.00000;50887.00000;22.35;15.13;20.14;55.94;55.35;-0.137;NEUTRE;0;-60.7;-2;0
2026.06.12 04:00;50916.00000;50937.00000;50880.00000;50927.00000;23.61;17.46;17.63;57.69;54.17;-0.059;NEUTRE;0;-43.8;-1;0
2026.06.12 03:00;50921.00000;50927.00000;50867.00000;50916.00000;27.17;17.45;20.35;52.40;57.99;-0.080;NEUTRE;0;-60;-2;0
2026.06.12 02:00;50920.00000;50943.00000;50906.00000;50920.00000;30.17;20.13;13.48;52.43;68.50;-0.073;NEUTRE;0;-67.2;-3;0
2026.06.12 01:00;50906.00000;50928.00000;50846.00000;50920.00000;31.76;16.99;15.55;69.15;80.63;-0.073;NEUTRE;0;;;0
2026.06.12 00:00;50957.00000;50963.00000;50885.00000;50907.00000;35.96;19.61;10.62;83.94;86.81;-0.098;NEUTRE;0;;;0
2026.06.11 23:00;50943.00000;50976.00000;50907.00000;50958.00000;36.92;22.63;7.92;88.79;88.00;2.262;EXPLOSIVE_UP;3;81.1;3;0
2026.06.11 22:00;50935.00000;50989.00000;50918.00000;50942.00000;35.20;26.11;6.68;87.70;87.40;2.230;EXPLOSIVE_UP;3;81.4;3;0
2026.06.11 20:00;50870.00000;50960.00000;50855.00000;50908.00000;31.50;24.62;7.71;87.51;84.60;2.161;EXPLOSIVE_UP;3;81.9;3;0
2026.06.11 19:00;50806.00000;51014.00000;50785.00000;50869.00000;28.30;28.40;8.90;87.00;77.65;2.083;EXPLOSIVE_UP;3;82;3;1
2026.06.11 18:00;50764.00000;50840.00000;50634.00000;50806.00000;24.61;21.08;10.27;79.28;60.36;1.957;EXPLOSIVE_UP;3;82;3;1
2026.06.11 17:00;50229.00000;50873.00000;50160.00000;50764.00000;23.09;24.33;11.85;66.67;48.80;1.872;EXPLOSIVE_UP;3;82.1;3;1
2026.06.11 16:00;50283.00000;50415.00000;50227.00000;50229.00000;21.34;18.19;13.67;35.12;40.93;0.799;SOFT_UP;1;72.9;3;1
2026.06.11 15:00;50166.00000;50367.00000;50097.00000;50282.00000;22.44;17.05;15.78;44.60;52.02;0.905;STRONG_UP;2;75.7;3;1
2026.06.11 14:00;50342.00000;50387.00000;50134.00000;50165.00000;25.30;19.68;16.09;43.07;61.91;0.670;SOFT_UP;1;72.2;3;1
2026.06.11 13:00;50260.00000;50447.00000;50149.00000;50340.00000;27.65;22.71;17.66;68.39;77.16;1.021;STRONG_UP;2;78.9;3;1
2026.06.11 12:00;50388.00000;50394.00000;50122.00000;50262.00000;29.97;23.46;20.37;74.28;84.52;0.865;STRONG_UP;2;78;3;1
2026.06.11 11:00;50337.00000;50396.00000;50294.00000;50388.00000;33.50;27.07;13.78;88.81;91.05;1.118;STRONG_UP;2;81.4;3;1
2026.06.11 10:00;50379.00000;50395.00000;50321.00000;50337.00000;33.65;31.24;11.83;90.47;93.13;1.015;STRONG_UP;2;81.4;3;1
2026.06.11 09:00;50336.00000;50403.00000;50315.00000;50379.00000;31.89;36.04;13.65;93.89;93.30;1.100;STRONG_UP;2;82.8;3;1
2026.06.11 08:00;50288.00000;50342.00000;50269.00000;50336.00000;29.87;30.92;15.75;95.05;92.57;1.013;STRONG_UP;2;83.1;3;1
2026.06.11 07:00;50177.00000;50318.00000;50177.00000;50288.00000;29.46;30.62;18.17;90.95;91.78;0.917;STRONG_UP;2;83.3;3;1
2026.06.11 06:00;50143.00000;50184.00000;50047.00000;50178.00000;30.06;20.72;20.96;91.72;91.13;0.696;SOFT_UP;1;82.4;3;0
2026.06.11 05:00;50155.00000;50159.00000;50111.00000;50144.00000;34.59;23.90;17.00;92.65;87.80;0.628;SOFT_UP;1;83;3;0
2026.06.11 04:00;50101.00000;50180.00000;50085.00000;50154.00000;37.32;27.58;19.62;89.02;77.94;0.648;SOFT_UP;1;84.6;3;0
2026.06.11 03:00;50019.00000;50109.00000;49987.00000;50101.00000;40.47;20.32;22.64;81.74;60.48;0.542;SOFT_UP;1;85.1;3;0
2026.06.11 02:00;50001.00000;50053.00000;49962.00000;50019.00000;45.87;16.39;26.12;63.06;38.63;0.377;NEUTRE;0;85.3;3;0
2026.06.11 01:00;49939.00000;50101.00000;49937.00000;50000.00000;49.40;18.91;30.14;36.65;19.76;0.339;NEUTRE;0;;;0
2026.06.11 00:00;49831.00000;49974.00000;49824.00000;49939.00000;53.48;9.91;34.78;16.18;8.35;0.217;NEUTRE;0;;;0
2026.06.10 23:00;49805.00000;49913.00000;49755.00000;49831.00000;53.14;5.17;40.13;6.46;4.49;-1.907;EXPLOSIVE_DOWN;-3;-79.5;-3;0
2026.06.10 22:00;49875.00000;49940.00000;49805.00000;49805.00000;49.45;5.97;41.43;2.43;5.80;-1.959;EXPLOSIVE_DOWN;-3;-80.2;-3;0
2026.06.10 20:00;49972.00000;49983.00000;49871.00000;49907.00000;45.55;6.89;40.28;4.58;10.25;-1.758;EXPLOSIVE_DOWN;-3;-80.1;-3;0
2026.06.10 19:00;50157.00000;50162.00000;49966.00000;49971.00000;41.66;7.95;33.43;10.40;16.41;-1.632;EXPLOSIVE_DOWN;-3;-79.9;-3;1
2026.06.10 18:00;50288.00000;50380.00000;50116.00000;50157.00000;38.60;9.17;26.80;15.77;20.77;-1.266;STRONG_DOWN;-2;-77.7;-3;1
2026.06.10 17:00;50311.00000;50358.00000;50130.00000;50287.00000;37.00;9.30;30.92;23.06;29.94;-1.010;STRONG_DOWN;-2;-75.5;-3;1
2026.06.10 16:00;50370.00000;50406.00000;50249.00000;50311.00000;34.42;10.73;27.65;23.49;42.40;-0.963;STRONG_DOWN;-2;-75.7;-3;1
2026.06.10 15:00;50433.00000;50544.00000;50193.00000;50369.00000;32.93;12.38;31.90;43.27;55.91;-0.848;STRONG_DOWN;-2;-74.8;-3;1
2026.06.10 14:00;50730.00000;50795.00000;50405.00000;50434.00000;31.22;14.29;27.52;60.43;56.67;-0.720;SOFT_DOWN;-1;-73.4;-3;1
2026.06.10 13:00;50662.00000;50824.00000;50535.00000;50729.00000;31.15;16.48;26.63;64.03;46.05;-0.140;NEUTRE;0;-35;-1;1
2026.06.10 12:00;50480.00000;50732.00000;50458.00000;50662.00000;32.32;14.12;30.72;45.56;31.74;-0.272;NEUTRE;0;-55.9;-2;1
2026.06.10 11:00;50564.00000;50590.00000;50311.00000;50480.00000;31.60;8.32;35.45;28.56;22.97;-0.630;SOFT_DOWN;-1;-75;-3;1
2026.06.10 10:00;50580.00000;50602.00000;50473.00000;50564.00000;26.93;9.60;31.97;21.09;18.94;-0.465;SOFT_DOWN;-1;-71.7;-3;1
2026.06.10 09:00;50588.00000;50602.00000;50475.00000;50580.00000;22.79;11.08;36.65;19.26;23.12;-0.433;SOFT_DOWN;-1;-72.3;-3;1
2026.06.10 08:00;50755.00000;50761.00000;50557.00000;50589.00000;18.06;12.78;32.36;16.47;26.76;-0.415;SOFT_DOWN;-1;-73.5;-3;1
2026.06.10 07:00;50789.00000;50813.00000;50730.00000;50755.00000;14.17;14.75;24.29;33.64;33.69;-0.089;NEUTRE;0;-39.6;-1;1
2026.06.10 06:00;50832.00000;50862.00000;50782.00000;50789.00000;12.59;17.02;18.38;30.18;35.66;-0.022;NEUTRE;0;-13.4;0;0
2026.06.10 05:00;50757.00000;50844.00000;50749.00000;50832.00000;13.93;16.18;21.21;37.25;45.58;0.063;NEUTRE;0;39.3;1;0
2026.06.10 04:00;50817.00000;50825.00000;50752.00000;50756.00000;14.01;15.59;24.48;39.57;52.46;-0.087;NEUTRE;0;-54.7;-2;0
2026.06.10 03:00;50832.00000;50879.00000;50805.00000;50817.00000;12.75;17.99;17.07;59.93;55.39;0.033;NEUTRE;0;35.6;1;0
2026.06.10 02:00;50866.00000;50884.00000;50825.00000;50832.00000;14.31;20.76;15.54;57.89;53.03;0.063;NEUTRE;0;64;2;0
2026.06.10 01:00;50838.00000;50905.00000;50829.00000;50867.00000;14.30;23.95;16.89;48.36;56.57;0.132;NEUTRE;0;;;0
2026.06.10 00:00;50800.00000;50866.00000;50742.00000;50838.00000;13.84;19.74;19.49;52.83;66.86;0.075;NEUTRE;0;;;0
2026.06.09 23:00;50762.00000;50806.00000;50730.00000;50800.00000;15.87;15.33;22.48;68.53;75.00;0.006;NEUTRE;0;1;0;0
2026.06.09 22:00;50822.00000;50851.00000;50734.00000;50762.00000;15.40;17.69;25.13;79.21;73.42;-0.069;NEUTRE;0;-11.5;0;0
2026.06.09 20:00;50897.00000;50924.00000;50847.00000;50856.00000;15.10;20.41;14.75;77.26;61.05;0.116;NEUTRE;0;20.7;0;0
2026.06.09 19:00;50932.00000;50964.00000;50725.00000;50898.00000;14.94;23.55;17.02;63.79;42.83;0.199;NEUTRE;0;34.3;1;1
2026.06.09 18:00;50748.00000;50951.00000;50733.00000;50931.00000;14.77;26.34;19.64;42.10;27.43;0.264;NEUTRE;0;43.6;1;1
2026.06.09 17:00;50422.00000;50821.00000;50399.00000;50747.00000;14.80;21.22;22.66;22.61;25.13;-0.098;NEUTRE;0;-20.6;0;1
2026.06.09 16:00;50507.00000;50644.00000;50262.00000;50418.00000;16.57;18.03;26.15;17.59;40.17;-0.746;SOFT_DOWN;-1;-71.7;-3;1
2026.06.09 15:00;50980.00000;51006.00000;50484.00000;50505.00000;16.29;20.80;21.23;35.20;60.22;-0.575;SOFT_DOWN;-1;-68.1;-3;1
2026.06.09 14:00;51235.00000;51274.00000;50723.00000;50980.00000;18.64;24.00;17.45;67.73;73.44;0.360;NEUTRE;0;59.1;2;1
2026.06.09 13:00;51069.00000;51312.00000;51028.00000;51234.00000;19.07;27.70;11.62;77.73;72.95;0.860;STRONG_UP;2;76.9;3;1
2026.06.09 12:00;50917.00000;51070.00000;50915.00000;51067.00000;15.72;18.85;13.41;74.84;72.61;0.532;SOFT_UP;1;70.9;3;1
2026.06.09 11:00;50996.00000;51017.00000;50909.00000;50917.00000;15.54;16.49;15.47;66.27;68.40;0.236;NEUTRE;0;54.4;2;1
2026.06.09 10:00;50960.00000;51036.00000;50851.00000;50996.00000;17.44;19.02;17.85;76.73;61.85;0.392;SOFT_UP;1;68.6;3;1
2026.06.09 09:00;50931.00000;50996.00000;50929.00000;50959.00000;19.64;21.95;14.11;62.22;55.78;0.319;NEUTRE;0;66.5;3;1
2026.06.09 08:00;50872.00000;50975.00000;50840.00000;50931.00000;19.31;20.50;16.28;46.62;60.64;0.264;NEUTRE;0;65;3;1
2026.06.09 07:00;50866.00000;50958.00000;50829.00000;50872.00000;20.52;21.72;18.79;58.50;74.94;0.148;NEUTRE;0;54;2;1
2026.06.09 06:00;50908.00000;50919.00000;50849.00000;50866.00000;22.56;20.41;21.68;76.80;85.81;0.136;NEUTRE;0;55.9;2;0
2026.06.09 05:00;50910.00000;50949.00000;50900.00000;50908.00000;25.57;23.55;13.80;89.53;89.11;0.219;NEUTRE;0;70.7;3;0
2026.06.09 04:00;50893.00000;50930.00000;50875.00000;50909.00000;25.48;21.21;15.93;91.08;77.56;0.220;NEUTRE;0;74.4;3;0
2026.06.09 03:00;50857.00000;50907.00000;50850.00000;50893.00000;27.22;18.04;18.38;86.72;59.57;0.189;NEUTRE;0;76.3;3;0
2026.06.09 02:00;50838.00000;50874.00000;50825.00000;50857.00000;31.26;11.91;21.20;54.86;39.91;0.118;NEUTRE;0;75.4;3;0
2026.06.09 01:00;50713.00000;50882.00000;50696.00000;50838.00000;31.75;13.74;24.46;37.13;30.66;0.081;NEUTRE;0;;;0
2026.06.09 00:00;50797.00000;50805.00000;50682.00000;50712.00000;32.32;9.48;28.23;27.75;25.28;-0.167;NEUTRE;0;;;0
2026.06.08 23:00;50819.00000;50839.00000;50752.00000;50798.00000;29.64;10.94;23.82;27.09;21.82;-0.114;NEUTRE;0;-17.9;0;0
2026.06.08 22:00;50830.00000;50834.00000;50710.00000;50819.00000;28.51;11.74;27.48;20.99;18.22;-0.073;NEUTRE;0;-12.2;0;0
2026.06.08 20:00;50850.00000;50868.00000;50807.00000;50820.00000;26.72;13.55;19.67;17.37;15.32;-0.071;NEUTRE;0;-13;0;0
2026.06.08 19:00;50911.00000;50940.00000;50790.00000;50851.00000;28.00;15.63;22.70;16.31;14.33;-0.010;NEUTRE;0;-2;0;1
2026.06.08 18:00;50878.00000;50990.00000;50876.00000;50911.00000;29.47;18.04;17.37;12.26;21.12;0.108;NEUTRE;0;21.3;0;1
2026.06.08 17:00;50943.00000;50947.00000;50822.00000;50878.00000;33.71;15.01;20.04;14.42;33.65;0.043;NEUTRE;0;9.3;0;1
2026.06.08 16:00;51006.00000;51068.00000;50931.00000;50941.00000;36.69;17.32;9.71;36.69;50.02;0.167;NEUTRE;0;34.2;1;1
2026.06.08 15:00;51160.00000;51185.00000;50933.00000;51005.00000;38.00;19.99;10.98;49.84;60.12;0.293;NEUTRE;0;51.8;2;1
2026.06.08 14:00;51027.00000;51160.00000;50991.00000;51160.00000;39.38;23.06;9.13;63.53;70.18;0.598;SOFT_UP;1;70.2;3;1
2026.06.08 13:00;51038.00000;51327.00000;50959.00000;51028.00000;38.78;26.61;10.54;66.99;76.82;0.338;NEUTRE;0;59.4;2;1
2026.06.08 12:00;51050.00000;51122.00000;51037.00000;51038.00000;38.08;22.13;12.16;80.04;79.21;0.358;NEUTRE;0;62.7;2;1
2026.06.08 11:00;50903.00000;51109.00000;50876.00000;51047.00000;39.47;23.19;14.03;83.45;76.94;0.376;NEUTRE;0;65.8;3;1
2026.06.08 10:00;50885.00000;50963.00000;50792.00000;50904.00000;41.75;17.11;16.18;74.14;67.11;0.094;NEUTRE;0;31.4;1;1
2026.06.08 09:00;50772.00000;50908.00000;50742.00000;50884.00000;47.75;14.80;18.67;73.23;56.15;0.055;NEUTRE;0;21.7;0;1
2026.06.08 08:00;50822.00000;50838.00000;50734.00000;50772.00000;53.31;10.59;21.55;53.95;41.78;-0.165;NEUTRE;0;-53.3;-2;1
2026.06.08 07:00;50741.00000;50870.00000;50735.00000;50822.00000;56.26;12.22;24.71;41.27;38.77;-0.067;NEUTRE;0;-31.9;-1;1
2026.06.08 06:00;50704.00000;50793.00000;50699.00000;50740.00000;59.71;5.32;28.52;30.12;46.08;-0.228;NEUTRE;0;-68;-3;0
2026.06.08 05:00;50766.00000;50806.00000;50671.00000;50704.00000;58.35;6.14;32.90;44.91;58.48;-0.299;NEUTRE;0;-75.6;-3;0
2026.06.08 04:00;50857.00000;50868.00000;50759.00000;50766.00000;56.78;7.08;27.94;63.20;64.13;-0.177;NEUTRE;0;-70.8;-3;0
2026.06.08 03:00;50828.00000;50864.00000;50806.00000;50856.00000;56.36;8.17;25.60;67.34;59.24;0.000;NEUTRE;0;0;0;0
2026.06.08 02:00;50796.00000;50851.00000;50747.00000;50828.00000;57.09;5.98;29.54;61.85;47.99;-0.055;NEUTRE;0;-60.8;-2;0
2026.06.08 01:00;50871.00000;50888.00000;50671.00000;50796.00000;55.67;6.90;34.08;48.52;34.04;-0.118;NEUTRE;0;;;0
2026.06.08 00:00;50856.00000;50911.00000;50805.00000;50871.00000;54.03;7.96;29.83;33.59;21.91;0.029;NEUTRE;0;;;0
2026.06.07 23:00;50707.00000;50882.00000;50706.00000;50856.00000;53.44;4.98;34.42;20.00;13.55;0.163;NEUTRE;0;24.7;0;0
2026.06.07 22:00;50773.00000;50904.00000;50622.00000;50707.00000;50.16;5.74;39.71;12.15;10.40;-0.130;NEUTRE;0;-21;0;0
2026.06.05 20:00;50931.00000;50932.00000;50734.00000;50790.00000;46.39;6.63;39.71;8.50;10.32;-1.635;EXPLOSIVE_DOWN;-3;-79.3;-3;0
2026.06.05 19:00;50991.00000;51040.00000;50835.00000;50930.00000;42.54;7.65;37.97;10.55;11.58;-1.363;STRONG_DOWN;-2;-77.9;-3;1
2026.06.05 18:00;51238.00000;51248.00000;50981.00000;50991.00000;38.86;8.83;32.86;11.92;12.55;-1.245;STRONG_DOWN;-2;-77.5;-3;1
2026.06.05 17:00;51254.00000;51269.00000;51167.00000;51238.00000;35.96;10.18;27.20;12.28;11.49;-0.767;SOFT_DOWN;-1;-71.2;-3;1
2026.06.05 16:00;51302.00000;51336.00000;51142.00000;51255.00000;34.49;11.75;31.38;13.44;13.57;-0.734;SOFT_DOWN;-1;-71.5;-3;1
2026.06.05 15:00;51504.00000;51528.00000;51303.00000;51303.00000;32.80;13.56;23.44;8.74;16.69;-0.641;SOFT_DOWN;-1;-70.2;-3;1
2026.06.05 14:00;51470.00000;51581.00000;51421.00000;51501.00000;33.73;15.64;18.98;18.53;28.62;-0.258;NEUTRE;0;-50.2;-2;1
2026.06.05 13:00;51694.00000;51755.00000;51446.00000;51469.00000;37.44;18.05;19.50;22.81;39.82;-0.320;NEUTRE;0;-58;-2;1
2026.06.05 12:00;51711.00000;51766.00000;51631.00000;51694.00000;42.61;20.83;13.28;44.53;53.29;0.116;NEUTRE;0;32.2;1;1
2026.06.05 11:00;51729.00000;51768.00000;51689.00000;51711.00000;45.76;24.03;8.72;52.11;60.62;0.149;NEUTRE;0;41.4;1;1
2026.06.05 10:00;51726.00000;51759.00000;51713.00000;51730.00000;45.61;27.73;5.39;63.22;68.29;0.186;NEUTRE;0;50.4;2;1
2026.06.05 09:00;51696.00000;51813.00000;51686.00000;51726.00000;42.25;31.99;6.21;66.51;70.43;0.178;NEUTRE;0;52.1;2;1
2026.06.05 08:00;51658.00000;51711.00000;51637.00000;51696.00000;38.37;24.56;7.17;75.15;73.08;0.120;NEUTRE;0;44.3;1;1
2026.06.05 07:00;51660.00000;51703.00000;51630.00000;51658.00000;35.84;26.67;8.27;69.62;65.62;0.046;NEUTRE;0;23.1;0;1
2026.06.05 06:00;51635.00000;51684.00000;51630.00000;51660.00000;33.25;26.77;9.55;74.48;53.44;0.050;NEUTRE;0;28.5;1;0
2026.06.05 05:00;51629.00000;51654.00000;51611.00000;51634.00000;31.07;22.34;11.01;52.77;36.73;0.000;NEUTRE;0;0;0;0
2026.06.05 04:00;51604.00000;51636.00000;51593.00000;51629.00000;30.62;19.34;12.71;33.08;26.50;-0.010;NEUTRE;0;-9.2;0;0
2026.06.05 03:00;51596.00000;51618.00000;51584.00000;51604.00000;32.15;15.88;14.66;24.33;25.78;-0.058;NEUTRE;0;-51.5;-2;0
2026.06.05 02:00;51616.00000;51646.00000;51583.00000;51596.00000;36.48;18.32;16.92;22.10;31.42;-0.074;NEUTRE;0;-67.4;-3;0
2026.06.05 01:00;51621.00000;51645.00000;51581.00000;51616.00000;41.48;20.89;19.52;30.92;41.53;-0.035;NEUTRE;0;;;0
2026.06.05 00:00;51634.00000;51634.00000;51591.00000;51621.00000;47.34;21.47;22.53;41.25;51.13;-0.025;NEUTRE;0;;;0
2026.06.04 23:00;51676.00000;51678.00000;51631.00000;51634.00000;54.26;24.77;11.68;52.43;60.36;1.618;EXPLOSIVE_UP;3;77.7;3;0
2026.06.04 22:00;51653.00000;51679.00000;51630.00000;51676.00000;57.08;28.58;13.48;59.71;67.70;1.700;EXPLOSIVE_UP;3;78.7;3;0
2026.06.04 20:00;51660.00000;51686.00000;51646.00000;51666.00000;60.34;32.97;10.53;68.94;75.61;1.681;EXPLOSIVE_UP;3;79.6;3;0
2026.06.04 19:00;51676.00000;51750.00000;51656.00000;51661.00000;61.68;38.05;8.30;74.44;81.65;1.671;EXPLOSIVE_UP;3;80.1;3;1
2026.06.04 18:00;51603.00000;51683.00000;51558.00000;51676.00000;61.30;32.94;9.58;83.46;87.36;1.700;EXPLOSIVE_UP;3;80.8;3;1
2026.06.04 17:00;51678.00000;51683.00000;51573.00000;51603.00000;62.28;38.00;9.21;87.04;90.88;1.557;EXPLOSIVE_UP;3;80.5;3;1
2026.06.04 16:00;51623.00000;51726.00000;51616.00000;51677.00000;62.48;43.85;4.61;91.59;93.14;1.702;EXPLOSIVE_UP;3;81.8;3;1
2026.06.04 15:00;51521.00000;51675.00000;51521.00000;51623.00000;59.63;43.46;5.32;94.01;94.52;1.596;EXPLOSIVE_UP;3;81.8;3;1
2026.06.04 14:00;51532.00000;51573.00000;51429.00000;51520.00000;56.78;40.02;6.14;93.82;92.79;1.393;EXPLOSIVE_UP;3;81.2;3;1
2026.06.04 13:00;51279.00000;51543.00000;51227.00000;51532.00000;54.22;42.98;7.08;95.73;91.21;1.417;EXPLOSIVE_UP;3;82;3;1
2026.06.04 12:00;51206.00000;51320.00000;51180.00000;51280.00000;51.53;38.73;8.17;88.82;84.54;0.921;STRONG_UP;2;78.7;3;1
2026.06.04 11:00;50996.00000;51217.00000;50991.00000;51206.00000;49.43;33.37;9.43;89.08;81.17;0.775;SOFT_UP;1;77.7;3;1
2026.06.04 10:00;51026.00000;51065.00000;50972.00000;50996.00000;48.43;28.16;10.88;75.71;76.32;0.362;NEUTRE;0;67;3;1
2026.06.04 09:00;50904.00000;51047.00000;50892.00000;51027.00000;49.07;29.51;12.55;78.73;78.07;0.423;SOFT_UP;1;71.9;3;1
2026.06.04 08:00;50908.00000;51004.00000;50888.00000;50904.00000;50.41;29.79;14.48;74.51;75.88;0.181;NEUTRE;0;55.8;2;1
2026.06.04 07:00;50856.00000;50933.00000;50847.00000;50909.00000;52.85;24.95;16.71;80.97;69.54;0.191;NEUTRE;0;60.6;2;1
2026.06.04 06:00;50802.00000;50863.00000;50794.00000;50856.00000;57.94;16.27;19.28;72.15;58.81;0.087;NEUTRE;0;43.3;1;0
2026.06.04 05:00;50810.00000;50814.00000;50772.00000;50802.00000;65.55;7.85;22.25;55.52;50.66;-0.020;NEUTRE;0;-14.6;0;0
2026.06.04 04:00;50797.00000;50819.00000;50785.00000;50810.00000;68.27;9.05;20.91;48.78;47.39;-0.004;NEUTRE;0;-3.7;0;0
2026.06.04 03:00;50786.00000;50803.00000;50763.00000;50797.00000;72.69;3.21;24.13;47.70;44.92;-0.030;NEUTRE;0;-33;-1;0
2026.06.04 02:00;50800.00000;50804.00000;50751.00000;50786.00000;72.09;3.70;27.84;45.69;42.23;-0.051;NEUTRE;0;-58.9;-2;0
2026.06.04 01:00;50817.00000;50842.00000;50778.00000;50800.00000;71.41;4.27;24.28;41.39;35.90;-0.024;NEUTRE;0;;;0
2026.06.04 00:00;50812.00000;50846.00000;50786.00000;50817.00000;71.61;4.92;26.10;39.61;28.14;0.010;NEUTRE;0;;;0
2026.06.03 23:00;50840.00000;50843.00000;50779.00000;50812.00000;72.12;4.91;30.11;26.72;17.82;-1.138;STRONG_DOWN;-2;-72.7;-3;0
2026.06.03 22:00;50797.00000;50848.00000;50782.00000;50840.00000;72.15;5.67;34.02;18.08;13.68;-1.084;STRONG_DOWN;-2;-72.7;-3;0
2026.06.03 20:00;50804.00000;50820.00000;50736.00000;50746.00000;72.26;2.32;39.26;8.65;13.09;-1.267;STRONG_DOWN;-2;-76.4;-3;0
2026.06.03 19:00;50917.00000;50921.00000;50786.00000;50798.00000;69.70;2.67;36.14;14.32;15.54;-1.165;STRONG_DOWN;-2;-75.9;-3;1
2026.06.03 18:00;50949.00000;50973.00000;50907.00000;50917.00000;67.16;3.08;27.91;16.29;16.21;-0.934;STRONG_DOWN;-2;-73.5;-3;1
2026.06.03 17:00;50935.00000;50972.00000;50890.00000;50949.00000;65.17;3.33;32.21;16.00;16.70;-0.872;STRONG_DOWN;-2;-73.3;-3;1
2026.06.03 16:00;50941.00000;50967.00000;50900.00000;50933.00000;62.69;3.84;35.28;16.33;18.41;-0.903;STRONG_DOWN;-2;-74.8;-3;1
2026.06.03 15:00;50997.00000;51009.00000;50878.00000;50940.00000;59.97;4.43;40.71;17.76;23.04;-0.889;STRONG_DOWN;-2;-75.5;-3;1
2026.06.03 14:00;51076.00000;51123.00000;50925.00000;50996.00000;56.83;5.11;41.46;21.15;29.44;-0.780;SOFT_DOWN;-1;-74.6;-3;1
2026.06.03 13:00;51179.00000;51262.00000;51027.00000;51076.00000;53.57;5.90;39.91;30.22;31.24;-0.625;SOFT_DOWN;-1;-72.3;-3;1
2026.06.03 12:00;51250.00000;51259.00000;51137.00000;51179.00000;50.39;6.80;38.85;36.94;26.03;-0.424;SOFT_DOWN;-1;-66.5;-3;1
2026.06.03 11:00;51228.00000;51285.00000;51225.00000;51250.00000;47.34;7.85;33.73;26.56;16.06;-0.286;NEUTRE;0;-59.4;-2;1
2026.06.03 10:00;51192.00000;51272.00000;51173.00000;51228.00000;45.05;5.72;38.92;14.57;11.62;-0.329;NEUTRE;0;-65;-2;1
2026.06.03 09:00;51257.00000;51262.00000;51188.00000;51192.00000;40.54;6.60;42.57;7.05;11.04;-0.399;SOFT_DOWN;-1;-70.9;-3;1
2026.06.03 08:00;51279.00000;51282.00000;51244.00000;51258.00000;35.52;7.62;37.48;13.24;13.64;-0.270;NEUTRE;0;-65.5;-3;1
2026.06.03 07:00;51319.00000;51323.00000;51265.00000;51279.00000;30.80;8.79;34.74;12.82;24.64;-0.230;NEUTRE;0;-64.9;-2;1
2026.06.03 06:00;51336.00000;51346.00000;51301.00000;51320.00000;26.36;10.14;30.54;14.85;41.84;-0.150;NEUTRE;0;-58.4;-2;0
2026.06.03 05:00;51366.00000;51377.00000;51334.00000;51336.00000;22.71;11.70;23.95;46.25;59.82;-0.119;NEUTRE;0;-57.1;-2;0
2026.06.03 04:00;51377.00000;51383.00000;51360.00000;51366.00000;20.92;13.51;18.34;64.41;66.00;-0.060;NEUTRE;0;-44.3;-1;0
2026.06.03 03:00;51374.00000;51391.00000;51369.00000;51377.00000;21.80;15.58;15.14;68.81;66.51;-0.039;NEUTRE;0;-40.2;-1;0
2026.06.03 02:00;51372.00000;51387.00000;51366.00000;51375.00000;24.93;15.18;17.47;64.79;66.63;-0.043;NEUTRE;0;-54.4;-2;0
2026.06.03 01:00;51376.00000;51388.00000;51357.00000;51372.00000;27.69;17.52;20.15;65.94;71.76;-0.049;NEUTRE;0;;;0
2026.06.03 00:00;51397.00000;51412.00000;51369.00000;51377.00000;30.87;20.21;17.30;69.14;77.15;-0.039;NEUTRE;0;;;0
2026.06.02 23:00;51383.00000;51406.00000;51271.00000;51397.00000;34.43;21.18;19.96;80.20;84.85;0.812;STRONG_UP;2;66.5;3;0
2026.06.02 22:00;51396.00000;51415.00000;51369.00000;51384.00000;39.27;24.44;11.86;82.09;88.29;0.787;SOFT_UP;1;66.7;3;0
2026.06.02 20:00;51395.00000;51438.00000;51395.00000;51423.00000;39.98;28.19;6.28;92.24;91.47;0.863;STRONG_UP;2;70.4;3;0
2026.06.02 19:00;51398.00000;51440.00000;51359.00000;51395.00000;36.36;32.53;7.25;90.54;89.74;0.808;SOFT_UP;1;70.1;3;1
2026.06.02 18:00;51286.00000;51409.00000;51281.00000;51398.00000;32.17;31.65;8.36;91.62;87.64;0.814;STRONG_UP;2;71.2;3;1
2026.06.02 17:00;51290.00000;51307.00000;51253.00000;51286.00000;28.17;24.26;9.65;87.06;78.72;0.594;SOFT_UP;1;66.2;3;1
2026.06.02 16:00;51262.00000;51303.00000;51210.00000;51291.00000;25.88;26.85;11.14;84.25;64.98;0.604;SOFT_UP;1;67.8;3;1
2026.06.02 15:00;51214.00000;51345.00000;51198.00000;51262.00000;23.49;30.98;12.85;64.86;43.43;0.547;SOFT_UP;1;67.1;3;1
2026.06.02 14:00;50981.00000;51218.00000;50940.00000;51213.00000;20.74;22.46;14.83;45.84;25.81;0.451;SOFT_UP;1;64.5;2;1
2026.06.02 13:00;50882.00000;51309.00000;50840.00000;50981.00000;20.79;25.91;17.11;19.59;15.00;-0.004;NEUTRE;0;-1.1;0;1
2026.06.02 12:00;50905.00000;50955.00000;50866.00000;50881.00000;20.84;18.29;19.74;12.01;18.56;-0.200;NEUTRE;0;-47.3;-2;1
2026.06.02 11:00;50940.00000;50951.00000;50889.00000;50905.00000;23.45;21.10;18.80;13.41;33.54;-0.153;NEUTRE;0;-42.1;-1;1
2026.06.02 10:00;50923.00000;50954.00000;50900.00000;50940.00000;26.17;24.35;18.96;30.25;56.77;-0.084;NEUTRE;0;-28.6;-1;1
2026.06.02 09:00;51014.00000;51014.00000;50905.00000;50923.00000;28.29;28.09;20.46;56.98;76.74;-0.118;NEUTRE;0;-40.5;-1;1
2026.06.02 08:00;51076.00000;51082.00000;50987.00000;51014.00000;30.22;32.41;12.03;83.09;82.74;0.061;NEUTRE;0;26.4;1;1
2026.06.02 07:00;50994.00000;51080.00000;50994.00000;51076.00000;27.81;37.40;12.75;90.14;73.39;0.182;NEUTRE;0;59.4;2;1
2026.06.02 06:00;50948.00000;51003.00000;50942.00000;50994.00000;24.53;29.38;14.71;75.00;54.81;0.022;NEUTRE;0;13.4;0;0
2026.06.02 05:00;50944.00000;50976.00000;50932.00000;50948.00000;23.18;27.09;16.97;55.04;35.34;-0.069;NEUTRE;0;-41.9;-1;0
2026.06.02 04:00;50928.00000;50945.00000;50912.00000;50944.00000;23.21;20.42;19.58;34.38;19.28;-0.076;NEUTRE;0;-51;-2;0
2026.06.02 03:00;50899.00000;50929.00000;50890.00000;50928.00000;26.46;16.10;22.59;16.59;9.73;-0.108;NEUTRE;0;-66.9;-3;0
2026.06.02 02:00;50885.00000;50909.00000;50884.00000;50899.00000;27.95;10.69;26.07;6.88;10.38;-0.165;NEUTRE;0;-79.4;-3;0
2026.06.02 01:00;50885.00000;50921.00000;50869.00000;50884.00000;25.82;12.34;30.08;5.73;24.42;-0.194;NEUTRE;0;;;0
2026.06.02 00:00;50983.00000;50995.00000;50877.00000;50885.00000;23.35;14.23;32.34;18.53;46.45;-0.192;NEUTRE;0;;;0
2026.06.01 23:00;51011.00000;51023.00000;50962.00000;50984.00000;20.96;16.42;26.23;49.00;69.35;-0.237;NEUTRE;0;-33.8;-1;0
2026.06.01 22:00;51052.00000;51066.00000;50996.00000;51011.00000;20.65;18.95;21.69;71.82;78.45;-0.184;NEUTRE;0;-28.5;-1;0
2026.06.01 20:00;51133.00000;51145.00000;51106.00000;51119.00000;22.79;21.86;11.27;87.23;72.49;0.027;NEUTRE;0;5;0;0
2026.06.01 19:00;51112.00000;51174.00000;51083.00000;51133.00000;21.38;25.23;13.00;76.32;55.06;0.055;NEUTRE;0;10.7;0;1
2026.06.01 18:00;51053.00000;51138.00000;51052.00000;51112.00000;19.75;23.02;15.01;53.92;36.67;0.014;NEUTRE;0;2.9;0;1
2026.06.01 17:00;50958.00000;51120.00000;50895.00000;51053.00000;19.54;23.35;17.31;34.93;26.16;-0.102;NEUTRE;0;-21.3;0;1
2026.06.01 16:00;50967.00000;50996.00000;50865.00000;50958.00000;20.27;18.46;19.98;21.16;22.66;-0.288;NEUTRE;0;-49.5;-2;1
2026.06.01 15:00;50883.00000;51020.00000;50843.00000;50967.00000;22.78;21.30;23.05;22.38;30.50;-0.270;NEUTRE;0;-49.5;-2;1
2026.06.01 14:00;51020.00000;51083.00000;50823.00000;50883.00000;25.67;24.57;26.60;24.44;45.85;-0.434;SOFT_DOWN;-1;-63.6;-2;1
2026.06.01 13:00;51222.00000;51237.00000;50856.00000;51020.00000;29.01;28.36;28.74;44.68;65.10;-0.166;NEUTRE;0;-39.7;-1;1
2026.06.01 12:00;51300.00000;51307.00000;51182.00000;51223.00000;33.37;32.72;19.99;68.43;80.19;0.231;NEUTRE;0;51.4;2;1
2026.06.01 11:00;51304.00000;51382.00000;51295.00000;51300.00000;34.79;37.75;9.16;82.21;83.24;0.382;NEUTRE;0;66.1;3;1
2026.06.01 10:00;51241.00000;51314.00000;51237.00000;51304.00000;30.77;31.53;10.57;89.93;76.11;0.389;SOFT_UP;1;68.4;3;1
2026.06.01 09:00;51213.00000;51278.00000;51190.00000;51241.00000;27.85;29.19;12.20;77.59;59.99;0.266;NEUTRE;0;62.5;2;1
2026.06.01 08:00;51117.00000;51223.00000;51117.00000;51213.00000;25.81;24.07;14.07;60.81;49.76;0.211;NEUTRE;0;59.8;2;1
2026.06.01 07:00;51103.00000;51137.00000;51083.00000;51117.00000;25.75;15.29;16.24;41.56;47.02;0.023;NEUTRE;0;12.1;0;1
2026.06.01 06:00;51134.00000;51135.00000;51087.00000;51103.00000;29.25;17.64;17.60;46.90;57.40;-0.004;NEUTRE;0;-2.5;0;0
2026.06.01 05:00;51132.00000;51135.00000;51113.00000;51134.00000;33.74;20.36;11.97;52.59;69.06;0.057;NEUTRE;0;36.6;1;0
2026.06.01 04:00;51114.00000;51135.00000;51108.00000;51132.00000;34.94;23.49;13.81;72.70;80.37;0.053;NEUTRE;0;40.8;1;0
2026.06.01 03:00;51154.00000;51163.00000;51107.00000;51113.00000;36.32;27.10;15.94;81.90;83.37;0.016;NEUTRE;0;19.1;0;0
2026.06.01 02:00;51144.00000;51162.00000;51139.00000;51154.00000;37.92;31.27;9.60;86.50;81.60;0.096;NEUTRE;0;72.2;3;0
2026.06.01 01:00;51119.00000;51146.00000;51088.00000;51144.00000;35.60;25.38;11.08;81.71;75.31;0.076;NEUTRE;0;;;0
2026.06.01 00:00;51105.00000;51162.00000;51099.00000;51119.00000;35.04;29.28;9.87;76.60;68.81;0.027;NEUTRE;0;;;0
2026.05.31 23:00;51093.00000;51119.00000;51081.00000;51105.00000;32.80;23.29;11.38;67.64;61.44;0.149;NEUTRE;0;22.8;0;0
2026.05.31 22:00;51029.00000;51094.00000;50993.00000;51093.00000;32.56;16.75;13.13;62.21;58.17;0.125;NEUTRE;0;20.3;0;0
2026.05.29 20:00;51080.00000;51097.00000;51033.00000;51049.00000;35.71;19.33;9.06;54.49;58.68;0.623;SOFT_UP;1;63.7;2;0
2026.05.29 19:00;50999.00000;51138.00000;50989.00000;51077.00000;35.64;22.30;10.46;57.80;65.86;0.678;SOFT_UP;1;66.7;3;1
2026.05.29 18:00;50970.00000;51079.00000;50966.00000;50999.00000;35.56;19.64;12.06;63.75;75.04;0.524;SOFT_UP;1;62.2;2;1
2026.05.29 17:00;51043.00000;51089.00000;50967.00000;50970.00000;37.35;22.66;13.78;76.04;82.08;0.467;SOFT_UP;1;60.8;2;1
2026.05.29 16:00;51107.00000;51133.00000;51027.00000;51043.00000;39.35;26.15;8.34;85.33;83.03;0.611;SOFT_UP;1;68.1;3;1
2026.05.29 15:00;51031.00000;51138.00000;51031.00000;51107.00000;37.46;30.17;9.04;84.86;80.94;0.737;SOFT_UP;1;72.6;3;1
2026.05.29 14:00;50886.00000;51077.00000;50847.00000;51032.00000;34.93;26.04;10.43;78.91;81.15;0.589;SOFT_UP;1;69.9;3;1
2026.05.29 13:00;50871.00000;50956.00000;50729.00000;50883.00000;33.72;21.96;12.04;79.06;83.63;0.296;NEUTRE;0;56;2;1
2026.05.29 12:00;50899.00000;50902.00000;50836.00000;50871.00000;34.42;25.33;6.64;85.48;82.04;0.272;NEUTRE;0;55.9;2;1
2026.05.29 11:00;50842.00000;50904.00000;50829.00000;50899.00000;30.72;29.23;7.66;86.34;76.71;0.327;NEUTRE;0;62.7;2;1
2026.05.29 10:00;50840.00000;50845.00000;50797.00000;50842.00000;26.45;21.63;8.84;74.30;71.72;0.215;NEUTRE;0;54.4;2;1
2026.05.29 09:00;50785.00000;50866.00000;50783.00000;50839.00000;24.06;24.95;10.20;69.49;73.31;0.209;NEUTRE;0;56.5;2;1
2026.05.29 08:00;50785.00000;50817.00000;50763.00000;50785.00000;21.30;19.71;11.77;71.36;78.74;0.102;NEUTRE;0;39.7;1;1
2026.05.29 07:00;50787.00000;50809.00000;50742.00000;50785.00000;20.70;20.46;13.58;79.08;82.81;0.102;NEUTRE;0;43.5;1;1
2026.05.29 06:00;50775.00000;50792.00000;50748.00000;50787.00000;20.77;19.71;15.67;85.77;81.96;0.106;NEUTRE;0;49;2;0
2026.05.29 05:00;50783.00000;50787.00000;50751.00000;50775.00000;22.21;20.99;18.08;83.58;70.84;0.083;NEUTRE;0;47.2;2;0
2026.05.29 04:00;50766.00000;50794.00000;50766.00000;50783.00000;24.47;24.22;14.45;76.54;57.27;0.099;NEUTRE;0;58.2;2;0
2026.05.29 03:00;50737.00000;50780.00000;50736.00000;50766.00000;24.35;20.26;16.67;52.40;47.61;0.065;NEUTRE;0;54.6;2;0
2026.05.29 02:00;50728.00000;50755.00000;50722.00000;50737.00000;26.60;14.63;19.23;42.86;49.15;0.008;NEUTRE;0;14.6;0;0
2026.05.29 01:00;50726.00000;50742.00000;50700.00000;50728.00000;28.60;10.82;22.19;47.57;56.69;-0.010;NEUTRE;0;;;0
2026.05.29 00:00;50733.00000;50759.00000;50712.00000;50726.00000;27.70;12.49;21.21;57.02;63.83;-0.014;NEUTRE;0;;;0
2026.05.28 23:00;50739.00000;50762.00000;50727.00000;50733.00000;27.98;14.41;19.56;65.46;64.30;0.026;NEUTRE;0;4.2;0;0
2026.05.28 22:00;50769.00000;50769.00000;50739.00000;50739.00000;29.96;16.62;17.30;68.99;62.44;0.037;NEUTRE;0;6.2;0;0
2026.05.28 20:00;50742.00000;50801.00000;50738.00000;50759.00000;34.26;19.18;19.96;58.45;61.88;0.077;NEUTRE;0;14.1;0;0
2026.05.28 19:00;50657.00000;50762.00000;50656.00000;50743.00000;39.22;12.61;23.03;59.88;68.26;0.045;NEUTRE;0;8.8;0;1
2026.05.28 18:00;50696.00000;50707.00000;50635.00000;50659.00000;40.76;6.57;26.57;67.32;73.73;-0.120;NEUTRE;0;-23.4;0;1
2026.05.28 17:00;50772.00000;50788.00000;50685.00000;50696.00000;37.74;7.58;19.98;77.59;74.45;-0.047;NEUTRE;0;-10.2;0;1
2026.05.28 16:00;50764.00000;50785.00000;50718.00000;50772.00000;36.63;8.74;18.12;76.29;68.64;0.103;NEUTRE;0;22.7;0;1
2026.05.28 15:00;50678.00000;50790.00000;50659.00000;50764.00000;36.89;10.09;20.91;69.48;60.42;0.087;NEUTRE;0;20.7;0;1
2026.05.28 14:00;50572.00000;50848.00000;50500.00000;50678.00000;37.19;11.64;24.13;60.15;48.92;-0.083;NEUTRE;0;-21.1;0;1
2026.05.28 13:00;50649.00000;50676.00000;50384.00000;50573.00000;37.55;5.83;27.84;51.62;41.36;-0.290;NEUTRE;0;-55.4;-2;1
2026.05.28 12:00;50633.00000;50671.00000;50574.00000;50648.00000;33.26;6.72;22.11;35.00;39.14;-0.142;NEUTRE;0;-37.6;-1;1
2026.05.28 11:00;50608.00000;50644.00000;50603.00000;50633.00000;30.17;7.76;20.91;37.47;49.47;-0.172;NEUTRE;0;-45.5;-2;1
2026.05.28 10:00;50685.00000;50691.00000;50577.00000;50608.00000;27.75;8.95;24.13;44.95;58.85;-0.221;NEUTRE;0;-55.2;-2;1
2026.05.28 09:00;50676.00000;50698.00000;50663.00000;50686.00000;24.97;10.33;16.24;65.99;64.54;-0.067;NEUTRE;0;-25.8;-1;1
2026.05.28 08:00;50703.00000;50722.00000;50646.00000;50676.00000;25.39;11.92;18.74;65.59;56.69;-0.087;NEUTRE;0;-35.3;-1;1
2026.05.28 07:00;50715.00000;50733.00000;50652.00000;50702.00000;25.87;13.75;20.41;62.04;42.46;-0.035;NEUTRE;0;-18;0;1
2026.05.28 06:00;50694.00000;50720.00000;50675.00000;50715.00000;26.85;15.87;19.18;42.43;25.16;-0.010;NEUTRE;0;-6.2;0;0
2026.05.28 05:00;50624.00000;50713.00000;50610.00000;50693.00000;29.53;15.92;22.13;22.91;21.51;-0.053;NEUTRE;0;-34.6;-1;0
2026.05.28 04:00;50619.00000;50644.00000;50596.00000;50624.00000;31.56;8.06;25.53;10.12;33.46;-0.189;NEUTRE;0;-72;-3;0
2026.05.28 03:00;50703.00000;50716.00000;50615.00000;50619.00000;28.42;9.30;23.37;31.50;51.70;-0.199;NEUTRE;0;-77;-3;0
2026.05.28 02:00;50780.00000;50787.00000;50684.00000;50703.00000;26.16;10.73;16.45;58.77;61.91;-0.034;NEUTRE;0;-47.9;-2;0
2026.05.28 01:00;50777.00000;50787.00000;50746.00000;50780.00000;26.95;12.38;9.72;64.81;65.14;0.118;NEUTRE;0;;;0
2026.05.28 00:00;50720.00000;50789.00000;50714.00000;50777.00000;29.25;14.28;11.22;62.14;65.05;0.112;NEUTRE;0;;;0
2026.05.27 23:00;50767.00000;50794.00000;50711.00000;50720.00000;31.90;16.48;12.95;68.48;63.25;0.253;NEUTRE;0;35.6;1;0
2026.05.27 22:00;50806.00000;50816.00000;50749.00000;50767.00000;34.95;19.02;7.89;64.52;56.39;0.346;NEUTRE;0;45.6;2;0
2026.05.27 20:00;50714.00000;50790.00000;50654.00000;50790.00000;33.97;15.97;9.11;56.74;52.49;0.391;SOFT_UP;1;51.8;2;0
2026.05.27 19:00;50768.00000;50784.00000;50682.00000;50715.00000;34.99;18.43;7.34;47.90;50.84;0.243;NEUTRE;0;39.8;1;1
2026.05.27 18:00;50730.00000;50787.00000;50667.00000;50768.00000;33.75;21.27;8.47;52.83;54.97;0.348;NEUTRE;0;51.5;2;1
2026.05.27 17:00;50714.00000;50745.00000;50658.00000;50730.00000;32.32;19.15;9.77;51.78;57.99;0.273;NEUTRE;0;46.2;2;1
2026.05.27 16:00;50691.00000;50757.00000;50657.00000;50714.00000;32.30;22.10;11.28;60.29;60.70;0.241;NEUTRE;0;44.4;1;1
2026.05.27 15:00;50812.00000;50837.00000;50653.00000;50692.00000;32.29;25.50;13.01;61.90;52.37;0.198;NEUTRE;0;40.6;1;1
2026.05.27 14:00;50674.00000;50893.00000;50642.00000;50812.00000;32.26;29.42;15.01;59.90;44.51;0.435;SOFT_UP;1;63.7;2;1
2026.05.27 13:00;50612.00000;50744.00000;50541.00000;50672.00000;32.24;24.82;17.32;35.32;43.78;0.158;NEUTRE;0;38.3;1;1
2026.05.27 12:00;50579.00000;50697.00000;50506.00000;50612.00000;34.46;25.07;19.99;38.31;61.88;0.040;NEUTRE;0;12.2;0;1
2026.05.27 11:00;50765.00000;50770.00000;50566.00000;50579.00000;38.03;28.93;18.23;57.73;79.45;-0.026;NEUTRE;0;-8.7;0;1
2026.05.27 10:00;50785.00000;50794.00000;50760.00000;50764.00000;40.39;33.38;6.41;89.59;88.95;0.340;NEUTRE;0;65.7;3;1
2026.05.27 09:00;50736.00000;50795.00000;50735.00000;50785.00000;36.17;38.52;7.39;91.02;87.52;0.381;NEUTRE;0;70;3;1
2026.05.27 08:00;50663.00000;50754.00000;50655.00000;50736.00000;31.31;33.93;8.53;86.22;84.38;0.285;NEUTRE;0;66.7;3;1
2026.05.27 07:00;50638.00000;50679.00000;50637.00000;50662.00000;26.92;27.50;9.84;85.31;81.34;0.138;NEUTRE;0;52;2;1
2026.05.27 06:00;50640.00000;50657.00000;50616.00000;50638.00000;23.79;23.67;11.35;81.61;77.20;0.091;NEUTRE;0;44.6;1;0
2026.05.27 05:00;50598.00000;50646.00000;50595.00000;50640.00000;22.04;23.18;13.10;77.10;73.18;0.095;NEUTRE;0;51;2;0
2026.05.27 04:00;50587.00000;50604.00000;50566.00000;50598.00000;21.16;14.08;15.12;72.87;74.40;0.012;NEUTRE;0;11;0;0
2026.05.27 03:00;50590.00000;50602.00000;50577.00000;50587.00000;23.86;16.24;12.99;69.55;79.01;-0.010;NEUTRE;0;-12.2;0;0
2026.05.27 02:00;50571.00000;50596.00000;50570.00000;50590.00000;25.82;15.05;14.99;80.76;85.46;-0.004;NEUTRE;0;-7.4;0;0
2026.05.27 01:00;50601.00000;50602.00000;50564.00000;50570.00000;29.76;17.37;17.29;86.72;84.50;-0.043;NEUTRE;0;;;0
2026.05.27 00:00;50592.00000;50614.00000;50572.00000;50601.00000;34.31;20.04;16.72;88.91;78.57;0.018;NEUTRE;0;;;0
2026.05.26 23:00;50541.00000;50599.00000;50532.00000;50592.00000;38.20;17.63;19.29;77.87;60.96;-0.835;STRONG_DOWN;-2;-67;-3;0
2026.05.26 22:00;50528.00000;50547.00000;50499.00000;50541.00000;43.38;8.40;22.25;68.92;40.97;-0.935;STRONG_DOWN;-2;-70.1;-3;0
2026.05.26 20:00;50558.00000;50578.00000;50512.00000;50516.00000;43.10;9.69;21.51;36.09;19.10;-0.984;STRONG_DOWN;-2;-72.6;-3;0
2026.05.26 19:00;50449.00000;50579.00000;50423.00000;50558.00000;43.90;11.18;24.82;17.89;8.53;-0.902;STRONG_DOWN;-2;-72.1;-3;1
2026.05.26 18:00;50456.00000;50499.00000;50428.00000;50449.00000;44.82;5.01;28.64;3.33;5.10;-1.115;STRONG_DOWN;-2;-76.1;-3;1
2026.05.26 17:00;50461.00000;50519.00000;50434.00000;50456.00000;40.92;5.78;31.75;4.38;7.22;-1.102;STRONG_DOWN;-2;-76.7;-3;1
2026.05.26 16:00;50548.00000;50574.00000;50461.00000;50461.00000;36.57;6.67;31.74;7.60;9.85;-1.092;STRONG_DOWN;-2;-77.3;-3;1
2026.05.26 15:00;50610.00000;50613.00000;50507.00000;50547.00000;32.15;7.70;30.36;9.69;14.45;-0.923;STRONG_DOWN;-2;-76;-3;1
2026.05.26 14:00;50693.00000;50772.00000;50545.00000;50610.00000;27.94;8.88;29.52;12.27;25.81;-0.800;SOFT_DOWN;-1;-74.9;-3;1
2026.05.26 13:00;50890.00000;50895.00000;50683.00000;50693.00000;23.97;10.25;24.71;21.39;34.90;-0.637;SOFT_DOWN;-1;-72.6;-3;1
2026.05.26 12:00;50943.00000;50947.00000;50884.00000;50890.00000;21.29;11.83;13.92;43.78;36.52;-0.251;NEUTRE;0;-53.7;-2;1
2026.05.26 11:00;50939.00000;50974.00000;50874.00000;50943.00000;23.31;13.64;16.07;39.53;28.27;-0.147;NEUTRE;0;-41;-1;1
2026.05.26 10:00;50893.00000;50952.00000;50863.00000;50939.00000;25.65;12.36;18.54;26.25;24.30;-0.155;NEUTRE;0;-45.2;-2;1
2026.05.26 09:00;50904.00000;50929.00000;50864.00000;50893.00000;26.52;10.28;21.39;19.02;30.08;-0.245;NEUTRE;0;-60.5;-2;1
2026.05.26 08:00;50948.00000;50956.00000;50887.00000;50903.00000;25.20;11.87;19.24;27.63;39.84;-0.225;NEUTRE;0;-61.3;-2;1
2026.05.26 07:00;50984.00000;51008.00000;50914.00000;50947.00000;25.43;13.69;16.18;43.58;44.84;-0.139;NEUTRE;0;-52.3;-2;1
2026.05.26 06:00;50973.00000;51025.00000;50962.00000;50984.00000;28.07;15.80;10.81;48.31;38.20;-0.067;NEUTRE;0;-36;-1;0
2026.05.26 05:00;50972.00000;50999.00000;50960.00000;50973.00000;29.50;11.88;12.47;42.63;29.63;-0.088;NEUTRE;0;-48.9;-2;0
2026.05.26 04:00;50973.00000;50986.00000;50958.00000;50972.00000;33.67;8.58;14.39;23.68;20.72;-0.090;NEUTRE;0;-55.7;-2;0
2026.05.26 03:00;50951.00000;50982.00000;50941.00000;50973.00000;34.96;7.70;16.60;22.60;19.34;-0.088;NEUTRE;0;-62.3;-2;0
2026.05.26 02:00;50989.00000;50995.00000;50943.00000;50951.00000;34.70;8.89;18.41;15.88;16.65;-0.131;NEUTRE;0;-76.8;-3;0
2026.05.26 01:00;50967.00000;50990.00000;50937.00000;50988.00000;34.67;8.78;21.24;19.55;22.70;-0.059;NEUTRE;0;;;0
2026.05.26 00:00;51018.00000;51027.00000;50945.00000;50967.00000;33.62;10.13;22.19;14.51;24.50;-0.100;NEUTRE;0;;;0
2026.05.25 23:00;51023.00000;51036.00000;50986.00000;51018.00000;33.05;11.68;17.91;34.03;32.75;0.214;NEUTRE;0;31.2;1;0
2026.05.25 22:00;51082.00000;51107.00000;51004.00000;51023.00000;34.90;13.48;15.12;24.95;33.34;0.224;NEUTRE;0;33.5;1;0
2026.05.25 20:00;51019.00000;51115.00000;51019.00000;51115.00000;39.39;15.56;15.37;39.27;43.82;0.405;SOFT_UP;1;52.8;2;0
2026.05.25 19:00;51145.00000;51145.00000;51019.00000;51019.00000;45.36;17.95;17.73;35.80;48.40;0.216;NEUTRE;0;36.5;1;1
2026.05.25 18:00;51145.00000;51145.00000;51145.00000;51145.00000;52.24;20.71;5.08;56.38;51.53;0.464;SOFT_UP;1;59.2;2;1
2026.05.25 17:00;51136.00000;51148.00000;51123.00000;51145.00000;50.95;23.90;5.86;53.02;47.37;0.464;SOFT_UP;1;60.6;2;1
2026.05.25 16:00;51130.00000;51137.00000;51070.00000;51136.00000;49.46;20.80;6.76;45.19;45.66;0.446;SOFT_UP;1;61.1;2;1
2026.05.25 15:00;51101.00000;51207.00000;51058.00000;51130.00000;49.24;24.01;7.80;43.90;53.06;0.434;SOFT_UP;1;62;2;1
2026.05.25 14:00;51122.00000;51144.00000;51098.00000;51101.00000;48.97;21.19;9.00;47.89;63.54;0.377;NEUTRE;0;60.3;2;1
2026.05.25 13:00;51122.00000;51180.00000;51085.00000;51122.00000;50.29;24.45;10.39;67.39;75.50;0.418;SOFT_UP;1;64.4;2;1
2026.05.25 12:00;51122.00000;51181.00000;51106.00000;51122.00000;51.82;28.22;8.58;75.34;80.16;0.418;SOFT_UP;1;66.2;3;1
2026.05.25 11:00;51093.00000;51140.00000;51063.00000;51122.00000;51.58;24.15;9.90;83.76;81.18;0.418;SOFT_UP;1;68;3;1
2026.05.25 10:00;51096.00000;51124.00000;51083.00000;51093.00000;53.08;27.86;7.43;81.38;75.98;0.361;NEUTRE;0;66.9;3;1
2026.05.25 09:00;51085.00000;51116.00000;51075.00000;51096.00000;52.34;29.15;8.57;78.40;72.51;0.367;NEUTRE;0;69.3;3;1
2026.05.25 08:00;51068.00000;51095.00000;51037.00000;51085.00000;52.01;25.75;9.89;68.16;72.14;0.346;NEUTRE;0;70.4;3;1
2026.05.25 07:00;51034.00000;51107.00000;50985.00000;51068.00000;53.16;29.71;11.41;70.97;77.70;0.312;NEUTRE;0;71;3;1
2026.05.25 06:00;51062.00000;51062.00000;51031.00000;51034.00000;54.50;34.28;7.37;77.29;84.07;0.246;NEUTRE;0;69.4;3;0
2026.05.25 05:00;51038.00000;51087.00000;51036.00000;51062.00000;52.94;39.56;6.02;84.84;89.80;0.301;NEUTRE;0;75.7;3;0
2026.05.25 04:00;51031.00000;51053.00000;51030.00000;51038.00000;49.77;35.39;6.95;90.07;92.95;0.253;NEUTRE;0;76.3;3;0
2026.05.25 03:00;51017.00000;51059.00000;51017.00000;51031.00000;47.09;40.83;8.02;94.50;93.22;0.240;NEUTRE;0;79.1;3;0
2026.05.25 02:00;50974.00000;51022.00000;50973.00000;51017.00000;44.00;33.56;9.25;94.27;91.08;0.212;NEUTRE;0;81.7;3;0
2026.05.25 01:00;50930.00000;50982.00000;50920.00000;50973.00000;42.03;26.16;10.67;90.89;80.10;0.126;NEUTRE;0;;;0
2026.05.25 00:00;50909.00000;50971.00000;50904.00000;50930.00000;42.03;27.46;12.32;88.08;61.04;0.041;NEUTRE;0;;;0
2026.05.24 23:00;50894.00000;50958.00000;50893.00000;50909.00000;42.64;28.70;14.21;61.33;37.99;0.217;NEUTRE;0;31.5;1;0
2026.05.24 22:00;50799.00000;50927.00000;50799.00000;50894.00000;44.00;25.78;16.40;33.71;31.43;0.187;NEUTRE;0;28.9;1;0
2026.05.22 20:00;50652.00000;50695.00000;50608.00000;50619.00000;47.35;18.15;18.92;18.92;41.30;0.333;NEUTRE;0;47.3;2;0
2026.05.22 19:00;50754.00000;50762.00000;50644.00000;50648.00000;54.32;20.95;15.47;41.66;59.03;0.390;SOFT_UP;1;53.2;2;1
2026.05.22 18:00;50818.00000;50830.00000;50754.00000;50755.00000;60.36;24.17;3.50;63.33;67.31;0.603;SOFT_UP;1;65.3;3;1
2026.05.22 17:00;50774.00000;50914.00000;50720.00000;50818.00000;58.15;27.89;4.04;72.12;69.19;0.727;SOFT_UP;1;70.2;3;1
2026.05.22 16:00;50769.00000;50830.00000;50719.00000;50773.00000;55.61;25.52;4.66;66.49;70.52;0.638;SOFT_UP;1;68.9;3;1
2026.05.22 15:00;50673.00000;50799.00000;50643.00000;50769.00000;53.54;25.15;5.38;68.98;76.94;0.630;SOFT_UP;1;69.9;3;1
2026.05.22 14:00;50768.00000;50768.00000;50603.00000;50673.00000;51.81;25.96;6.21;76.10;80.75;0.440;SOFT_UP;1;63.9;2;1
2026.05.22 13:00;50798.00000;50862.00000;50610.00000;50768.00000;50.34;29.95;6.51;85.73;75.08;0.628;SOFT_UP;1;72.3;3;1
2026.05.22 12:00;50555.00000;50804.00000;50546.00000;50799.00000;48.20;31.02;7.51;80.42;61.92;0.690;SOFT_UP;1;75;3;1
2026.05.22 11:00;50499.00000;50587.00000;50492.00000;50555.00000;46.23;22.85;8.67;59.08;52.23;0.206;NEUTRE;0;50.6;2;1
2026.05.22 10:00;50536.00000;50549.00000;50441.00000;50499.00000;46.42;20.21;10.00;46.27;48.16;0.095;NEUTRE;0;31.7;1;1
2026.05.22 09:00;50511.00000;50542.00000;50450.00000;50535.00000;48.36;23.32;10.26;51.34;46.73;0.166;NEUTRE;0;50.2;2;1
2026.05.22 08:00;50520.00000;50589.00000;50461.00000;50510.00000;49.82;26.91;10.00;46.87;49.01;0.117;NEUTRE;0;43.6;1;1
2026.05.22 07:00;50519.00000;50533.00000;50462.00000;50520.00000;50.44;24.32;11.54;41.99;57.82;0.137;NEUTRE;0;51.8;2;1
2026.05.22 06:00;50487.00000;50556.00000;50469.00000;50519.00000;52.71;28.06;11.80;58.19;74.78;0.135;NEUTRE;0;55.7;2;0
2026.05.22 05:00;50558.00000;50564.00000;50477.00000;50487.00000;54.55;32.37;12.20;73.30;85.72;0.071;NEUTRE;0;42.7;1;0
2026.05.22 04:00;50541.00000;50569.00000;50540.00000;50558.00000;55.97;37.35;2.93;92.86;91.81;0.212;NEUTRE;0;73.8;3;0
2026.05.22 03:00;50514.00000;50542.00000;50496.00000;50541.00000;51.44;28.78;3.38;91.01;91.64;0.178;NEUTRE;0;75.5;3;0
2026.05.22 02:00;50497.00000;50528.00000;50492.00000;50514.00000;47.21;28.52;3.90;91.57;92.88;0.125;NEUTRE;0;76.2;3;0
2026.05.22 01:00;50505.00000;50511.00000;50464.00000;50497.00000;42.79;25.65;4.51;92.33;92.82;0.091;NEUTRE;0;;;0
2026.05.22 00:00;50451.00000;50516.00000;50432.00000;50505.00000;38.58;29.59;5.20;94.73;91.38;0.107;NEUTRE;0;;;0
2026.05.21 23:00;50446.00000;50472.00000;50435.00000;50452.00000;33.73;26.09;6.00;91.38;85.71;0.944;STRONG_UP;2;69.5;3;0
2026.05.21 22:00;50429.00000;50452.00000;50411.00000;50446.00000;29.29;21.78;6.92;88.02;81.83;0.932;STRONG_UP;2;70.1;3;0
2026.05.21 20:00;50368.00000;50433.00000;50365.00000;50399.00000;25.83;19.62;7.99;77.72;77.08;0.838;STRONG_UP;2;69.8;3;0
2026.05.21 19:00;50271.00000;50414.00000;50262.00000;50368.00000;23.32;18.34;9.21;79.76;75.79;0.776;SOFT_UP;1;69.4;3;1
2026.05.21 18:00;50380.00000;50467.00000;50225.00000;50270.00000;21.82;21.16;10.63;73.77;67.67;0.580;SOFT_UP;1;64.5;2;1
2026.05.21 17:00;49998.00000;50442.00000;49981.00000;50380.00000;20.08;22.83;12.27;73.83;61.70;0.800;SOFT_UP;1;71.9;3;1
2026.05.21 16:00;50006.00000;50058.00000;49935.00000;49997.00000;18.54;13.52;14.15;55.42;50.71;0.034;NEUTRE;0;7.9;0;1
2026.05.21 15:00;50030.00000;50060.00000;49916.00000;50006.00000;21.04;15.60;16.33;55.84;43.31;0.052;NEUTRE;0;12.7;0;1
2026.05.21 14:00;50070.00000;50158.00000;49964.00000;50027.00000;23.92;18.01;13.72;40.87;29.61;0.094;NEUTRE;0;23.6;0;1
2026.05.21 13:00;49919.00000;50087.00000;49775.00000;50071.00000;25.52;15.14;15.83;33.23;27.60;0.182;NEUTRE;0;42.3;1;1
2026.05.21 12:00;50002.00000;50023.00000;49905.00000;49919.00000;29.11;17.47;11.85;14.72;32.17;-0.122;NEUTRE;0;-33.5;-1;1
2026.05.21 11:00;49938.00000;50043.00000;49903.00000;50001.00000;30.64;20.16;13.68;34.85;49.85;0.042;NEUTRE;0;13.9;0;1
2026.05.21 10:00;50163.00000;50281.00000;49896.00000;49938.00000;32.40;23.27;15.78;46.95;55.62;-0.084;NEUTRE;0;-28.6;-1;1
2026.05.21 09:00;50117.00000;50215.00000;50112.00000;50163.00000;34.44;26.84;9.58;67.75;53.40;0.366;NEUTRE;0;69.3;3;1
2026.05.21 08:00;50005.00000;50201.00000;50004.00000;50117.00000;32.44;28.88;11.05;52.15;50.72;0.274;NEUTRE;0;65.8;3;1
2026.05.21 07:00;49992.00000;50018.00000;49957.00000;50006.00000;30.56;19.04;12.75;40.31;58.29;0.052;NEUTRE;0;25.8;1;1
2026.05.21 06:00;50012.00000;50057.00000;49949.00000;49991.00000;32.22;21.96;14.71;59.70;72.75;0.022;NEUTRE;0;13.4;0;0
2026.05.21 05:00;50060.00000;50079.00000;49957.00000;50012.00000;34.14;25.34;15.83;74.87;73.23;0.064;NEUTRE;0;39.8;1;0
2026.05.21 04:00;50019.00000;50064.00000;50016.00000;50059.00000;35.84;29.24;10.83;83.67;61.02;0.158;NEUTRE;0;68.7;3;0
2026.05.21 03:00;50007.00000;50046.00000;50006.00000;50019.00000;34.28;27.97;12.50;61.15;41.44;0.078;NEUTRE;0;59.4;2;0
2026.05.21 02:00;49997.00000;50029.00000;49990.00000;50007.00000;33.67;25.74;14.42;38.24;27.47;0.054;NEUTRE;0;60.3;2;0
2026.05.21 01:00;49961.00000;50014.00000;49959.00000;49997.00000;34.51;23.78;16.64;24.92;26.65;0.034;NEUTRE;0;;;0
2026.05.21 00:00;49980.00000;49981.00000;49919.00000;49961.00000;37.10;18.21;19.20;19.25;38.62;-0.038;NEUTRE;0;;;0
2026.05.20 23:00;49966.00000;49994.00000;49950.00000;49980.00000;42.41;21.01;14.46;35.77;60.83;1.002;STRONG_UP;2;70.6;3;0
2026.05.20 22:00;50038.00000;50039.00000;49941.00000;49966.00000;46.09;24.24;16.68;60.84;79.25;0.974;STRONG_UP;2;70.8;3;0
2026.05.20 20:00;50091.00000;50107.00000;50035.00000;50045.00000;50.34;27.97;5.34;85.87;89.89;1.134;STRONG_UP;2;74.8;3;0
2026.05.20 19:00;50044.00000;50155.00000;50030.00000;50091.00000;47.63;32.27;6.16;91.03;91.40;1.227;STRONG_UP;2;76.6;3;1
2026.05.20 18:00;49983.00000;50071.00000;49950.00000;50044.00000;44.51;26.90;7.11;92.77;91.86;1.132;STRONG_UP;2;76.3;3;1
2026.05.20 17:00;49957.00000;50067.00000;49914.00000;49987.00000;42.40;30.53;8.20;90.39;88.31;1.016;STRONG_UP;2;75.6;3;1
2026.05.20 16:00;49932.00000;50002.00000;49872.00000;49956.00000;40.06;28.69;9.47;92.43;83.50;0.954;STRONG_UP;2;75.5;3;1
2026.05.20 15:00;49808.00000;50009.00000;49752.00000;49932.00000;38.47;33.10;10.92;82.12;73.59;0.905;STRONG_UP;2;75.7;3;1
2026.05.20 14:00;49503.00000;49824.00000;49334.00000;49807.00000;36.64;27.12;12.60;75.94;69.18;0.653;SOFT_UP;1;71.8;3;1
2026.05.20 13:00;49621.00000;49662.00000;49300.00000;49502.00000;36.65;26.21;14.54;62.71;68.01;0.036;NEUTRE;0;10.2;0;1
2026.05.20 12:00;49546.00000;49700.00000;49540.00000;49621.00000;37.89;30.24;6.58;68.89;72.52;0.277;NEUTRE;0;56.3;2;1
2026.05.20 11:00;49524.00000;49601.00000;49519.00000;49546.00000;33.83;25.37;7.59;72.43;75.69;0.125;NEUTRE;0;36.5;1;1
2026.05.20 10:00;49511.00000;49605.00000;49506.00000;49524.00000;30.74;29.27;8.76;76.23;77.99;0.081;NEUTRE;0;27.8;1;1
2026.05.20 09:00;49498.00000;49523.00000;49463.00000;49511.00000;27.17;21.04;10.11;78.41;77.40;0.055;NEUTRE;0;21.7;0;1
2026.05.20 08:00;49425.00000;49532.00000;49402.00000;49499.00000;25.95;24.27;11.66;79.32;72.45;0.030;NEUTRE;0;13.7;0;1
2026.05.20 07:00;49468.00000;49492.00000;49424.00000;49424.00000;24.55;23.27;13.46;74.48;59.08;-0.121;NEUTRE;0;-48.3;-2;1
2026.05.20 06:00;49411.00000;49490.00000;49406.00000;49470.00000;24.21;26.40;15.53;63.56;42.03;-0.028;NEUTRE;0;-16.9;0;0
2026.05.20 05:00;49355.00000;49438.00000;49354.00000;49411.00000;23.95;20.94;17.92;39.19;31.14;-0.148;NEUTRE;0;-62.6;-2;0
2026.05.20 04:00;49353.00000;49404.00000;49345.00000;49356.00000;26.44;17.93;20.67;23.33;28.48;-0.259;NEUTRE;0;-76.6;-3;0
2026.05.20 03:00;49344.00000;49365.00000;49292.00000;49352.00000;29.41;10.52;23.86;30.90;32.56;-0.267;NEUTRE;0;-80.2;-3;0
2026.05.20 02:00;49438.00000;49463.00000;49326.00000;49344.00000;27.97;12.14;20.36;31.21;30.43;-0.283;NEUTRE;0;-83.8;-3;0
2026.05.20 01:00;49408.00000;49470.00000;49311.00000;49438.00000;28.38;14.01;23.49;35.58;26.54;-0.093;NEUTRE;0;;;0
2026.05.20 00:00;49484.00000;49484.00000;49343.00000;49408.00000;28.86;16.16;24.01;24.50;19.79;-0.154;NEUTRE;0;;;0
2026.05.19 23:00;49451.00000;49542.00000;49448.00000;49484.00000;30.29;18.65;16.25;19.53;16.79;-0.545;SOFT_DOWN;-1;-57;-2;0
2026.05.19 22:00;49420.00000;49457.00000;49408.00000;49452.00000;33.89;7.61;18.75;15.35;26.22;-0.609;SOFT_DOWN;-1;-61;-2;0
2026.05.19 20:00;49451.00000;49452.00000;49396.00000;49426.00000;32.61;7.21;21.63;15.50;44.48;-0.661;SOFT_DOWN;-1;-65.1;-3;0
2026.05.19 19:00;49504.00000;49602.00000;49401.00000;49451.00000;29.93;8.32;23.59;47.80;63.76;-0.611;SOFT_DOWN;-1;-64.4;-2;1
2026.05.19 18:00;49660.00000;49693.00000;49493.00000;49504.00000;27.17;9.59;20.17;70.13;68.96;-0.504;SOFT_DOWN;-1;-61.2;-2;1
2026.05.19 17:00;49639.00000;49676.00000;49610.00000;49659.00000;25.88;11.07;14.28;73.36;65.18;-0.193;NEUTRE;0;-36.4;-1;1
2026.05.19 16:00;49528.00000;49655.00000;49456.00000;49639.00000;27.91;7.88;16.47;63.40;60.09;-0.233;NEUTRE;0;-43.4;-1;1
2026.05.19 15:00;49563.00000;49627.00000;49479.00000;49527.00000;26.78;6.93;19.01;58.79;53.70;-0.458;SOFT_DOWN;-1;-63.3;-2;1
2026.05.19 14:00;49614.00000;49664.00000;49490.00000;49564.00000;23.73;7.99;20.79;58.09;44.33;-0.384;NEUTRE;0;-60.7;-2;1
2026.05.19 13:00;49691.00000;49703.00000;49322.00000;49614.00000;20.54;9.22;23.99;44.22;34.83;-0.283;NEUTRE;0;-54.8;-2;1
2026.05.19 12:00;49608.00000;49705.00000;49586.00000;49691.00000;16.86;10.64;17.02;30.68;36.66;-0.129;NEUTRE;0;-35;-1;1
2026.05.19 11:00;49702.00000;49729.00000;49607.00000;49608.00000;15.91;12.28;16.92;29.58;48.77;-0.295;NEUTRE;0;-60.2;-2;1
2026.05.19 10:00;49690.00000;49737.00000;49612.00000;49703.00000;15.91;14.17;18.89;49.72;64.15;-0.105;NEUTRE;0;-34.3;-1;1
2026.05.19 09:00;49757.00000;49757.00000;49596.00000;49690.00000;16.15;16.34;21.80;67.00;69.36;-0.131;NEUTRE;0;-43.4;-1;1
2026.05.19 08:00;49828.00000;49836.00000;49688.00000;49757.00000;16.44;18.86;16.36;75.74;59.41;0.004;NEUTRE;0;1.9;0;1
2026.05.19 07:00;49711.00000;49835.00000;49697.00000;49828.00000;17.88;21.76;17.94;65.35;42.72;0.147;NEUTRE;0;53.8;2;1
2026.05.19 06:00;49654.00000;49756.00000;49625.00000;49711.00000;19.15;16.30;20.70;37.15;29.33;-0.088;NEUTRE;0;-43.6;-1;0
2026.05.19 05:00;49676.00000;49685.00000;49604.00000;49654.00000;20.27;10.47;23.89;25.67;27.03;-0.203;NEUTRE;0;-69.3;-3;0
2026.05.19 04:00;49723.00000;49724.00000;49635.00000;49676.00000;17.38;12.08;21.67;25.17;39.04;-0.159;NEUTRE;0;-68.9;-3;0
2026.05.19 03:00;49725.00000;49780.00000;49702.00000;49723.00000;15.68;13.94;13.43;30.24;56.14;-0.064;NEUTRE;0;-54.2;-2;0
2026.05.19 02:00;49737.00000;49756.00000;49690.00000;49725.00000;17.80;11.35;15.49;61.72;74.90;-0.060;NEUTRE;0;-62.9;-2;0
2026.05.19 01:00;49745.00000;49768.00000;49691.00000;49737.00000;18.17;13.10;17.64;76.46;84.11;-0.036;NEUTRE;0;;;0
2026.05.19 00:00;49755.00000;49816.00000;49735.00000;49746.00000;18.69;15.11;11.57;86.53;89.81;-0.018;NEUTRE;0;;;0
2026.05.18 23:00;49791.00000;49813.00000;49746.00000;49755.00000;19.51;17.44;11.26;89.35;82.27;0.625;SOFT_UP;1;60.5;2;0
2026.05.18 22:00;49741.00000;49816.00000;49733.00000;49791.00000;19.20;20.12;12.99;93.54;68.69;0.698;SOFT_UP;1;64.1;2;0
2026.05.18 20:00;49768.00000;49776.00000;49713.00000;49744.00000;18.84;15.80;14.99;63.93;48.11;0.603;SOFT_UP;1;63;2;0
2026.05.18 19:00;49449.00000;49779.00000;49440.00000;49768.00000;21.33;18.23;17.29;48.61;43.87;0.651;SOFT_UP;1;65.8;3;1
2026.05.18 18:00;49643.00000;49649.00000;49425.00000;49449.00000;24.21;15.14;19.95;31.79;48.73;0.006;NEUTRE;0;1.2;0;1
2026.05.18 17:00;49602.00000;49704.00000;49574.00000;49642.00000;25.82;17.47;12.79;51.22;63.13;0.396;SOFT_UP;1;56.6;2;1
2026.05.18 16:00;49587.00000;49684.00000;49536.00000;49602.00000;27.41;17.79;14.76;63.18;74.28;0.315;NEUTRE;0;52;2;1
2026.05.18 15:00;49704.00000;49735.00000;49486.00000;49585.00000;30.20;20.53;17.03;75.00;81.25;0.281;NEUTRE;0;50.6;2;1
2026.05.18 14:00;49748.00000;49790.00000;49627.00000;49705.00000;33.41;23.68;10.93;84.65;81.71;0.524;SOFT_UP;1;67.7;3;1
2026.05.18 13:00;49651.00000;49843.00000;49523.00000;49750.00000;32.88;27.33;12.62;84.09;75.42;0.615;SOFT_UP;1;72;3;1
2026.05.18 12:00;49427.00000;49698.00000;49417.00000;49651.00000;32.28;24.56;14.56;76.38;72.62;0.415;SOFT_UP;1;66;3;1
2026.05.18 11:00;49261.00000;49522.00000;49191.00000;49425.00000;33.31;18.70;16.80;65.80;75.12;-0.042;NEUTRE;0;-13.9;0;1
2026.05.18 10:00;49318.00000;49325.00000;49232.00000;49261.00000;37.61;12.42;19.38;75.68;82.79;-0.374;NEUTRE;0;-67.7;-3;1
2026.05.18 09:00;49346.00000;49352.00000;49276.00000;49317.00000;40.03;14.33;15.08;83.88;80.06;-0.261;NEUTRE;0;-62.1;-2;1
2026.05.18 08:00;49287.00000;49347.00000;49277.00000;49347.00000;45.79;15.53;17.40;88.82;66.34;-0.200;NEUTRE;0;-58.4;-2;1
2026.05.18 07:00;49277.00000;49341.00000;49214.00000;49287.00000;51.96;16.60;20.08;67.48;43.33;-0.322;NEUTRE;0;-71.5;-3;1
2026.05.18 06:00;49245.00000;49281.00000;49195.00000;49277.00000;58.49;11.88;23.17;42.70;24.04;-0.342;NEUTRE;0;-74.9;-3;0
2026.05.18 05:00;49200.00000;49279.00000;49188.00000;49245.00000;62.54;13.35;26.73;19.80;12.71;-0.407;SOFT_DOWN;-1;-79.3;-3;0
2026.05.18 04:00;49189.00000;49205.00000;49150.00000;49200.00000;67.02;2.90;30.85;9.61;9.41;-0.498;SOFT_DOWN;-1;-83;-3;0
2026.05.18 03:00;49188.00000;49214.00000;49159.00000;49189.00000;64.59;3.34;33.07;8.73;10.98;-0.520;SOFT_DOWN;-1;-84.9;-3;0
2026.05.18 02:00;49251.00000;49268.00000;49165.00000;49187.00000;61.97;3.85;36.48;9.90;14.64;-0.524;SOFT_DOWN;-1;-86.6;-3;0
2026.05.18 01:00;49345.00000;49360.00000;49200.00000;49251.00000;59.06;4.45;36.87;14.30;18.65;-0.394;SOFT_DOWN;-1;;;0
2026.05.18 00:00;49446.00000;49446.00000;49299.00000;49345.00000;56.07;5.13;33.02;19.72;21.05;-0.204;NEUTRE;0;;;0
2026.05.17 23:00;49534.00000;49537.00000;49373.00000;49446.00000;53.45;5.92;30.36;21.94;22.38;-0.016;NEUTRE;0;-2.6;0;0
2026.05.17 22:00;49454.00000;49552.00000;49429.00000;49534.00000;51.31;6.83;29.78;21.49;27.56;0.162;NEUTRE;0;25.6;1;0
2026.05.15 20:00;49615.00000;49615.00000;49433.00000;49495.00000;49.56;7.88;33.86;23.72;36.08;-1.227;STRONG_DOWN;-2;-75.9;-3;0
2026.05.15 19:00;49686.00000;49699.00000;49604.00000;49617.00000;47.61;9.10;24.77;37.47;40.71;-0.984;STRONG_DOWN;-2;-73.5;-3;1
2026.05.15 18:00;49724.00000;49747.00000;49623.00000;49686.00000;47.82;10.49;25.50;47.06;38.30;-0.846;STRONG_DOWN;-2;-71.9;-3;1
2026.05.15 17:00;49712.00000;49791.00000;49692.00000;49724.00000;48.76;12.11;20.86;37.60;31.13;-0.770;SOFT_DOWN;-1;-71.3;-3;1
2026.05.15 16:00;49654.00000;49745.00000;49596.00000;49713.00000;52.18;6.82;24.07;30.23;26.70;-0.792;SOFT_DOWN;-1;-72.7;-3;1
2026.05.15 15:00;49721.00000;49743.00000;49585.00000;49653.00000;51.61;7.67;27.78;25.56;24.02;-0.912;STRONG_DOWN;-2;-75.8;-3;1
2026.05.15 14:00;49725.00000;49843.00000;49671.00000;49722.00000;50.83;8.85;23.67;24.32;26.95;-0.774;SOFT_DOWN;-1;-74.5;-3;1
2026.05.15 13:00;49705.00000;49847.00000;49616.00000;49725.00000;51.63;10.21;27.32;22.18;32.36;-0.768;SOFT_DOWN;-1;-75.4;-3;1
2026.05.15 12:00;49799.00000;49799.00000;49661.00000;49705.00000;52.56;8.58;31.52;34.37;39.50;-0.808;SOFT_DOWN;-1;-77.1;-3;1
2026.05.15 11:00;49930.00000;49952.00000;49799.00000;49800.00000;51.85;9.90;21.09;40.52;36.65;-0.619;SOFT_DOWN;-1;-74.7;-3;1
2026.05.15 10:00;49825.00000;49986.00000;49797.00000;49930.00000;54.27;11.43;24.34;43.60;32.39;-0.359;NEUTRE;0;-66.8;-3;1
2026.05.15 09:00;49846.00000;49867.00000;49772.00000;49824.00000;57.06;3.50;28.08;25.82;23.01;-0.571;SOFT_DOWN;-1;-76.4;-3;1
2026.05.15 08:00;49931.00000;49931.00000;49743.00000;49846.00000;53.87;4.03;32.40;27.74;24.84;-0.527;SOFT_DOWN;-1;-76.9;-3;1
2026.05.15 07:00;49975.00000;49995.00000;49922.00000;49927.00000;50.17;4.66;22.74;15.48;27.03;-0.365;NEUTRE;0;-73.6;-3;1
2026.05.15 06:00;49933.00000;50004.00000;49923.00000;49977.00000;47.74;5.37;26.03;31.29;36.74;-0.265;NEUTRE;0;-70.8;-3;0
2026.05.15 05:00;50030.00000;50032.00000;49927.00000;49933.00000;44.96;6.20;29.28;34.33;36.02;-0.353;NEUTRE;0;-77.7;-3;0
2026.05.15 04:00;50039.00000;50044.00000;50015.00000;50029.00000;41.87;7.15;20.89;44.60;30.66;-0.162;NEUTRE;0;-69.2;-3;0
2026.05.15 03:00;50037.00000;50064.00000;50013.00000;50039.00000;40.78;8.25;24.10;29.12;19.81;-0.142;NEUTRE;0;-72;-3;0
2026.05.15 02:00;49959.00000;50063.00000;49955.00000;50037.00000;39.51;9.22;27.81;18.26;20.85;-0.146;NEUTRE;0;-78.1;-3;0
2026.05.15 01:00;50058.00000;50063.00000;49951.00000;49959.00000;37.87;10.64;32.08;12.04;28.75;-0.301;NEUTRE;0;;;0
2026.05.15 00:00;50110.00000;50114.00000;50050.00000;50059.00000;35.97;12.28;23.42;32.26;39.62;-0.102;NEUTRE;0;;;0
2026.05.14 23:00;50138.00000;50152.00000;50104.00000;50110.00000;36.71;14.16;14.04;41.95;45.41;0.425;SOFT_UP;1;50.2;2;0
2026.05.14 22:00;50148.00000;50152.00000;50123.00000;50138.00000;42.29;16.34;10.11;44.64;48.67;0.481;SOFT_UP;1;54.9;2;0
2026.05.14 20:00;50155.00000;50174.00000;50111.00000;50140.00000;45.17;18.86;11.67;49.63;50.66;0.485;SOFT_UP;1;57.6;2;0
2026.05.14 19:00;50163.00000;50190.00000;50130.00000;50156.00000;48.50;21.76;8.83;51.75;54.81;0.517;SOFT_UP;1;60.5;2;1
2026.05.14 18:00;50110.00000;50195.00000;50068.00000;50162.00000;49.45;25.11;10.18;50.59;59.99;0.529;SOFT_UP;1;62.4;2;1
2026.05.14 17:00;50097.00000;50174.00000;50059.00000;50110.00000;50.55;26.42;11.75;62.10;64.67;0.425;SOFT_UP;1;58.4;2;1
2026.05.14 16:00;50265.00000;50290.00000;50050.00000;50097.00000;52.42;30.49;13.56;67.29;65.90;0.399;SOFT_UP;1;58.3;2;1
2026.05.14 15:00;50144.00000;50268.00000;50131.00000;50265.00000;54.57;35.18;10.45;64.62;68.25;0.736;SOFT_UP;1;72.6;3;1
2026.05.14 14:00;50056.00000;50169.00000;49952.00000;50144.00000;54.63;29.48;12.06;65.80;78.11;0.493;SOFT_UP;1;66.4;3;1
2026.05.14 13:00;50238.00000;50264.00000;49981.00000;50058.00000;56.58;34.01;11.86;74.34;86.77;0.321;NEUTRE;0;58.1;2;1
2026.05.14 12:00;50160.00000;50240.00000;50157.00000;50238.00000;57.85;39.24;4.11;94.19;92.77;0.681;SOFT_UP;1;74.8;3;1
2026.05.14 11:00;50133.00000;50191.00000;50123.00000;50157.00000;54.29;36.20;4.75;91.78;85.95;0.519;SOFT_UP;1;72;3;1
2026.05.14 10:00;50041.00000;50149.00000;50029.00000;50133.00000;50.82;32.26;5.48;92.32;77.38;0.471;SOFT_UP;1;71.9;3;1
2026.05.14 09:00;50012.00000;50049.00000;49962.00000;50041.00000;47.72;24.41;6.32;73.75;64.82;0.287;NEUTRE;0;64.3;2;1
2026.05.14 08:00;49905.00000;50030.00000;49895.00000;50012.00000;46.01;24.80;7.29;66.06;63.53;0.228;NEUTRE;0;61.7;2;1
2026.05.14 07:00;49959.00000;49980.00000;49901.00000;49906.00000;44.69;22.92;8.41;54.64;61.41;0.016;NEUTRE;0;8.5;0;1
2026.05.14 06:00;49924.00000;49979.00000;49923.00000;49959.00000;44.45;26.45;5.42;69.88;62.30;0.122;NEUTRE;0;52.9;2;0
2026.05.14 05:00;49905.00000;49957.00000;49893.00000;49924.00000;41.14;24.47;6.26;59.70;59.60;0.052;NEUTRE;0;34.1;1;0
2026.05.14 04:00;49901.00000;49923.00000;49894.00000;49905.00000;38.35;20.06;7.22;57.31;64.63;0.014;NEUTRE;0;12.8;0;0
2026.05.14 03:00;49902.00000;49921.00000;49892.00000;49901.00000;37.01;22.09;8.33;61.80;72.65;0.006;NEUTRE;0;7.4;0;0
2026.05.14 02:00;49876.00000;49912.00000;49874.00000;49902.00000;35.75;20.71;9.62;74.80;81.85;0.008;NEUTRE;0;14.6;0;0
2026.05.14 01:00;49910.00000;49912.00000;49870.00000;49876.00000;35.62;23.90;11.10;81.36;87.55;-0.044;NEUTRE;0;;;0
2026.05.14 00:00;49898.00000;49927.00000;49877.00000;49910.00000;35.47;27.58;10.24;89.38;90.61;0.024;NEUTRE;0;;;0
2026.05.13 23:00;49902.00000;49910.00000;49885.00000;49898.00000;33.87;26.59;11.81;91.92;91.02;0.171;NEUTRE;0;25.8;1;0
2026.05.13 22:00;49890.00000;49923.00000;49890.00000;49902.00000;33.16;30.68;10.55;90.53;90.24;0.179;NEUTRE;0;27.9;1;0
2026.05.13 20:00;49792.00000;49909.00000;49774.00000;49895.00000;30.76;28.87;12.18;90.60;88.15;0.165;NEUTRE;0;28.2;1;0
2026.05.13 19:00;49791.00000;49838.00000;49768.00000;49792.00000;29.23;25.22;14.05;89.60;80.51;-0.042;NEUTRE;0;-8.2;0;1
2026.05.13 18:00;49751.00000;49814.00000;49736.00000;49791.00000;29.35;23.83;16.21;84.25;64.81;-0.044;NEUTRE;0;-9;0;1
2026.05.13 17:00;49687.00000;49759.00000;49676.00000;49751.00000;30.94;16.64;18.71;67.66;47.71;-0.124;NEUTRE;0;-25.4;-1;1
2026.05.13 16:00;49633.00000;49733.00000;49600.00000;49687.00000;34.81;14.39;21.58;42.52;32.41;-0.253;NEUTRE;0;-45.8;-2;1
2026.05.13 15:00;49583.00000;49660.00000;49539.00000;49633.00000;37.08;8.16;24.91;32.94;25.35;-0.361;NEUTRE;0;-57.4;-2;1
2026.05.13 14:00;49631.00000;49766.00000;49568.00000;49583.00000;34.99;9.41;25.05;21.77;18.79;-0.462;SOFT_DOWN;-1;-65;-3;1
2026.05.13 13:00;49617.00000;49735.00000;49532.00000;49631.00000;33.39;8.45;28.90;21.34;18.02;-0.365;NEUTRE;0;-61.3;-2;1
2026.05.13 12:00;49729.00000;49744.00000;49589.00000;49616.00000;30.11;9.75;29.03;13.24;17.47;-0.395;SOFT_DOWN;-1;-65;-2;1
2026.05.13 11:00;49723.00000;49755.00000;49711.00000;49729.00000;27.09;11.25;21.39;19.49;22.68;-0.169;NEUTRE;0;-45;-1;1
2026.05.13 10:00;49762.00000;49786.00000;49696.00000;49723.00000;26.48;12.98;24.68;19.67;27.13;-0.181;NEUTRE;0;-49.7;-2;1
2026.05.13 09:00;49797.00000;49806.00000;49715.00000;49762.00000;25.77;14.98;25.23;28.88;39.68;-0.102;NEUTRE;0;-36.4;-1;1
2026.05.13 08:00;49857.00000;49874.00000;49777.00000;49797.00000;25.81;17.28;18.63;32.83;52.02;-0.032;NEUTRE;0;-14.6;0;1
2026.05.13 07:00;49845.00000;49882.00000;49825.00000;49856.00000;29.20;19.94;13.88;57.33;67.78;0.086;NEUTRE;0;38.6;1;1
2026.05.13 06:00;49879.00000;49882.00000;49827.00000;49845.00000;30.94;23.01;15.47;65.90;69.93;0.064;NEUTRE;0;34.8;1;0
2026.05.13 05:00;49866.00000;49892.00000;49861.00000;49879.00000;32.69;26.54;8.34;80.09;66.55;0.132;NEUTRE;0;59.8;2;0
2026.05.13 04:00;49865.00000;49872.00000;49839.00000;49866.00000;29.69;20.70;9.63;63.81;52.00;0.106;NEUTRE;0;59.9;2;0
2026.05.13 03:00;49838.00000;49874.00000;49817.00000;49865.00000;28.64;23.89;11.11;55.76;41.81;0.104;NEUTRE;0;66.1;3;0
2026.05.13 02:00;49851.00000;49851.00000;49827.00000;49838.00000;27.43;21.35;12.82;36.43;39.08;0.050;NEUTRE;0;58.4;2;0
2026.05.13 01:00;49838.00000;49880.00000;49823.00000;49851.00000;27.81;24.64;14.79;33.23;49.63;0.076;NEUTRE;0;;;0
2026.05.13 00:00;49813.00000;49861.00000;49813.00000;49838.00000;28.24;23.30;17.06;47.56;66.30;0.050;NEUTRE;0;;;0
2026.05.12 23:00;49865.00000;49866.00000;49811.00000;49813.00000;30.21;26.89;19.69;68.09;80.57;0.020;NEUTRE;0;3.2;0;0
2026.05.12 22:00;49855.00000;49885.00000;49848.00000;49865.00000;32.48;31.02;12.37;83.27;89.26;0.124;NEUTRE;0;20.1;0;0
2026.05.12 20:00;49874.00000;49874.00000;49834.00000;49860.00000;30.86;31.22;14.27;90.35;91.50;0.114;NEUTRE;0;20.3;0;0
2026.05.12 19:00;49867.00000;49921.00000;49852.00000;49873.00000;29.88;36.03;9.54;94.17;86.10;0.141;NEUTRE;0;25.8;1;1
2026.05.12 18:00;49808.00000;49874.00000;49768.00000;49866.00000;25.54;31.09;11.01;89.97;72.18;0.126;NEUTRE;0;24.5;0;1
2026.05.12 17:00;49728.00000;49824.00000;49713.00000;49808.00000;22.13;28.62;12.71;74.16;53.91;0.010;NEUTRE;0;2.2;0;1
2026.05.12 16:00;49617.00000;49731.00000;49577.00000;49728.00000;19.61;20.13;14.66;52.40;40.88;-0.151;NEUTRE;0;-31.5;-1;1
2026.05.12 15:00;49524.00000;49654.00000;49487.00000;49616.00000;20.21;15.53;16.92;35.16;38.99;-0.375;NEUTRE;0;-58.4;-2;1
2026.05.12 14:00;49505.00000;49587.00000;49439.00000;49525.00000;22.66;11.75;19.52;35.07;53.69;-0.558;SOFT_DOWN;-1;-68.9;-3;1
2026.05.12 13:00;49818.00000;49828.00000;49394.00000;49502.00000;22.33;13.56;22.52;46.75;64.63;-0.604;SOFT_DOWN;-1;-71.7;-3;1
2026.05.12 12:00;49760.00000;49831.00000;49716.00000;49818.00000;21.94;15.65;14.58;79.24;70.52;0.030;NEUTRE;0;9.2;0;1
2026.05.12 11:00;49767.00000;49794.00000;49719.00000;49760.00000;24.77;13.10;16.82;67.90;66.09;-0.086;NEUTRE;0;-27;-1;1
2026.05.12 10:00;49728.00000;49766.00000;49722.00000;49766.00000;26.67;9.37;19.41;64.40;61.14;-0.074;NEUTRE;0;-25.7;-1;1
2026.05.12 09:00;49743.00000;49782.00000;49707.00000;49727.00000;25.41;10.82;22.39;65.97;57.03;-0.153;NEUTRE;0;-47.9;-2;1
2026.05.12 08:00;49769.00000;49803.00000;49732.00000;49743.00000;23.96;12.48;20.71;53.03;47.77;-0.120;NEUTRE;0;-44.3;-1;1
2026.05.12 07:00;49690.00000;49783.00000;49641.00000;49769.00000;23.83;10.07;23.89;52.08;48.89;-0.068;NEUTRE;0;-32.3;-1;1
2026.05.12 06:00;49777.00000;49784.00000;49684.00000;49690.00000;21.24;11.62;22.91;38.18;49.33;-0.227;NEUTRE;0;-67.9;-3;0
2026.05.12 05:00;49765.00000;49793.00000;49749.00000;49777.00000;19.47;13.40;16.43;56.41;54.00;-0.052;NEUTRE;0;-34.1;-1;0
2026.05.12 04:00;49767.00000;49792.00000;49763.00000;49765.00000;20.90;15.47;14.07;53.39;51.86;-0.076;NEUTRE;0;-51;-2;0
2026.05.12 03:00;49782.00000;49796.00000;49763.00000;49767.00000;23.39;17.85;16.23;52.19;52.04;-0.072;NEUTRE;0;-57.4;-2;0
2026.05.12 02:00;49774.00000;49812.00000;49758.00000;49782.00000;26.26;20.59;18.73;50.00;55.54;-0.042;NEUTRE;0;-53.8;-2;0
2026.05.12 01:00;49758.00000;49779.00000;49711.00000;49775.00000;29.58;14.36;21.61;53.95;62.26;-0.056;NEUTRE;0;;;0
2026.05.12 00:00;49803.00000;49804.00000;49746.00000;49757.00000;31.02;16.57;17.02;62.67;68.15;-0.092;NEUTRE;0;;;0
2026.05.11 23:00;49817.00000;49821.00000;49791.00000;49803.00000;35.59;19.11;7.70;70.15;65.96;0.507;SOFT_UP;1;55.1;2;0
2026.05.11 22:00;49796.00000;49839.00000;49794.00000;49817.00000;34.51;22.05;7.34;71.62;65.33;0.535;SOFT_UP;1;57.7;2;0
2026.05.11 20:00;49803.00000;49822.00000;49760.00000;49807.00000;32.12;19.64;8.47;56.11;61.89;0.515;SOFT_UP;1;59.2;2;0
2026.05.11 19:00;49712.00000;49803.00000;49689.00000;49803.00000;30.96;17.94;9.78;68.27;66.28;0.507;SOFT_UP;1;60.1;2;1
2026.05.11 18:00;49832.00000;49867.00000;49709.00000;49711.00000;31.19;20.70;8.58;61.28;63.13;0.321;NEUTRE;0;49.2;2;1
2026.05.11 17:00;49681.00000;49836.00000;49670.00000;49832.00000;29.62;20.87;9.90;69.28;67.95;0.565;SOFT_UP;1;65.2;3;1
2026.05.11 16:00;49705.00000;49752.00000;49659.00000;49681.00000;28.69;16.29;11.43;58.83;69.42;0.260;NEUTRE;0;46.6;2;1
2026.05.11 15:00;49736.00000;49780.00000;49680.00000;49706.00000;30.41;18.80;9.71;75.74;70.37;0.311;NEUTRE;0;53.4;2;1
2026.05.11 14:00;49801.00000;49811.00000;49645.00000;49736.00000;30.18;21.69;11.20;73.68;56.96;0.371;NEUTRE;0;59.9;2;1
2026.05.11 13:00;49622.00000;49804.00000;49560.00000;49803.00000;29.92;24.38;12.93;61.70;49.21;0.507;SOFT_UP;1;68.5;3;1
2026.05.11 12:00;49611.00000;49697.00000;49597.00000;49622.00000;29.80;21.39;14.92;35.50;51.70;0.141;NEUTRE;0;37.4;1;1
2026.05.11 11:00;49662.00000;49666.00000;49593.00000;49611.00000;31.64;19.91;17.21;50.43;64.30;0.119;NEUTRE;0;35.1;1;1
2026.05.11 10:00;49666.00000;49698.00000;49658.00000;49667.00000;35.39;22.97;6.35;69.17;74.61;0.232;NEUTRE;0;56.5;2;1
2026.05.11 09:00;49669.00000;49706.00000;49656.00000;49666.00000;32.11;26.50;7.32;73.32;79.98;0.230;NEUTRE;0;59;2;1
2026.05.11 08:00;49627.00000;49705.00000;49620.00000;49669.00000;28.33;30.27;8.45;81.34;83.39;0.236;NEUTRE;0;62.5;2;1
2026.05.11 07:00;49634.00000;49650.00000;49600.00000;49627.00000;24.02;24.98;9.75;85.28;82.83;0.151;NEUTRE;0;54.5;2;1
2026.05.11 06:00;49598.00000;49638.00000;49594.00000;49633.00000;20.96;25.13;11.25;83.54;78.47;0.163;NEUTRE;0;60.5;2;0
2026.05.11 05:00;49581.00000;49609.00000;49580.00000;49598.00000;18.32;18.85;12.98;79.67;67.94;0.093;NEUTRE;0;50.4;2;0
2026.05.11 04:00;49589.00000;49597.00000;49570.00000;49581.00000;18.30;15.39;14.98;72.20;52.51;0.059;NEUTRE;0;43.8;1;0
2026.05.11 03:00;49560.00000;49614.00000;49540.00000;49588.00000;20.91;17.75;17.28;51.94;37.43;0.073;NEUTRE;0;57.7;2;0
2026.05.11 02:00;49560.00000;49582.00000;49550.00000;49560.00000;23.91;13.83;19.94;33.38;29.84;0.016;NEUTRE;0;27.5;1;0
2026.05.11 01:00;49524.00000;49569.00000;49523.00000;49561.00000;24.81;9.71;23.00;26.96;33.66;0.018;NEUTRE;0;;;0
2026.05.11 00:00;49552.00000;49573.00000;49475.00000;49524.00000;22.38;11.20;26.54;29.19;43.44;-0.057;NEUTRE;0;;;0
2026.05.10 23:00;49583.00000;49597.00000;49549.00000;49552.00000;19.57;12.93;19.01;44.83;48.94;-0.095;NEUTRE;0;-15;0;0
2026.05.10 22:00;49599.00000;49620.00000;49470.00000;49583.00000;19.64;14.91;21.94;56.29;43.00;-0.032;NEUTRE;0;-5.4;0;0
2026.05.08 20:00;49702.00000;49747.00000;49681.00000;49735.00000;19.74;17.21;13.06;45.71;27.54;0.034;NEUTRE;0;6.3;0;0
2026.05.08 19:00;49615.00000;49706.00000;49598.00000;49703.00000;20.66;10.30;15.07;27.01;17.35;-0.030;NEUTRE;0;-5.9;0;1
2026.05.08 18:00;49707.00000;49758.00000;49583.00000;49615.00000;20.95;11.88;17.39;9.90;13.21;-0.207;NEUTRE;0;-36.8;-1;1
2026.05.08 17:00;49657.00000;49733.00000;49654.00000;49707.00000;21.28;13.71;13.82;15.15;17.79;-0.022;NEUTRE;0;-4.8;0;1
2026.05.08 16:00;49747.00000;49781.00000;49657.00000;49657.00000;24.49;15.82;15.36;14.60;22.87;-0.123;NEUTRE;0;-26.6;-1;1
2026.05.08 15:00;49765.00000;49780.00000;49667.00000;49747.00000;28.04;18.26;16.49;23.61;34.52;0.058;NEUTRE;0;14.1;0;1
2026.05.08 14:00;49788.00000;49852.00000;49726.00000;49765.00000;31.56;21.07;10.99;30.40;49.83;0.095;NEUTRE;0;23.8;0;1
2026.05.08 13:00;49852.00000;49946.00000;49735.00000;49790.00000;31.59;24.31;11.58;49.56;65.33;0.145;NEUTRE;0;36;1;1
2026.05.08 12:00;49852.00000;49955.00000;49823.00000;49852.00000;30.99;28.05;6.95;69.53;74.21;0.270;NEUTRE;0;55.7;2;1
2026.05.08 11:00;49844.00000;49869.00000;49829.00000;49852.00000;26.48;22.34;8.02;76.90;75.15;0.270;NEUTRE;0;57.9;2;1
2026.05.08 10:00;49821.00000;49861.00000;49806.00000;49844.00000;23.30;22.70;9.25;76.20;76.41;0.253;NEUTRE;0;58.7;2;1
2026.05.08 09:00;49806.00000;49871.00000;49790.00000;49820.00000;20.41;26.19;10.67;72.33;75.65;0.205;NEUTRE;0;56;2;1
2026.05.08 08:00;49780.00000;49816.00000;49746.00000;49805.00000;17.08;19.77;12.32;80.70;75.36;0.175;NEUTRE;0;54.9;2;1
2026.05.08 07:00;49789.00000;49790.00000;49731.00000;49780.00000;16.13;17.10;14.21;73.91;73.23;0.125;NEUTRE;0;49.3;2;1
2026.05.08 06:00;49756.00000;49806.00000;49737.00000;49788.00000;17.19;19.73;14.83;71.48;75.58;0.141;NEUTRE;0;56.8;2;0
2026.05.08 05:00;49751.00000;49770.00000;49744.00000;49756.00000;17.66;14.74;17.12;74.29;77.02;0.076;NEUTRE;0;44.7;1;0
2026.05.08 04:00;49763.00000;49767.00000;49722.00000;49751.00000;19.23;15.23;19.75;80.98;74.55;0.066;NEUTRE;0;47;2;0
2026.05.08 03:00;49758.00000;49784.00000;49743.00000;49763.00000;20.20;17.57;15.61;75.78;66.82;0.091;NEUTRE;0;63.1;2;0
2026.05.08 02:00;49740.00000;49782.00000;49699.00000;49758.00000;22.39;19.53;18.01;66.88;56.68;0.080;NEUTRE;0;69;3;0
2026.05.08 01:00;49733.00000;49773.00000;49729.00000;49739.00000;25.22;22.53;15.22;57.81;44.38;0.042;NEUTRE;0;;;0
2026.05.08 00:00;49718.00000;49769.00000;49704.00000;49733.00000;26.12;24.60;17.56;45.35;32.72;0.030;NEUTRE;0;;;0
2026.05.07 23:00;49640.00000;49718.00000;49635.00000;49717.00000;27.57;16.31;20.26;29.96;25.10;-0.548;SOFT_DOWN;-1;-57.2;-2;0
2026.05.07 22:00;49643.00000;49690.00000;49606.00000;49640.00000;30.15;13.63;23.38;22.86;21.99;-0.702;SOFT_DOWN;-1;-64.3;-2;0
2026.05.07 20:00;49700.00000;49826.00000;49631.00000;49635.00000;30.73;15.73;22.40;22.47;18.62;-0.712;SOFT_DOWN;-1;-66.6;-3;0
2026.05.07 19:00;49681.00000;49730.00000;49629.00000;49700.00000;32.77;10.57;25.84;20.64;15.40;-0.582;SOFT_DOWN;-1;-63.3;-2;1
2026.05.07 18:00;49700.00000;49772.00000;49581.00000;49681.00000;31.36;12.20;29.82;12.76;15.43;-0.620;SOFT_DOWN;-1;-65.9;-3;1
2026.05.07 17:00;49730.00000;49803.00000;49607.00000;49698.00000;29.73;14.08;32.31;12.80;20.26;-0.586;SOFT_DOWN;-1;-66;-3;1
2026.05.07 16:00;49917.00000;49922.00000;49717.00000;49729.00000;28.26;16.24;28.65;20.74;28.89;-0.524;SOFT_DOWN;-1;-64.9;-2;1
2026.05.07 15:00;49990.00000;50010.00000;49889.00000;49916.00000;28.35;18.74;20.15;27.22;34.03;-0.150;NEUTRE;0;-33;-1;1
2026.05.07 14:00;49989.00000;50026.00000;49819.00000;49990.00000;32.16;21.62;23.25;38.71;38.46;-0.002;NEUTRE;0;-0.5;0;1
2026.05.07 13:00;50140.00000;50235.00000;49954.00000;49989.00000;36.55;24.95;16.79;36.15;32.06;-0.004;NEUTRE;0;-1.1;0;1
2026.05.07 12:00;50086.00000;50173.00000;50083.00000;50140.00000;39.17;28.79;12.31;40.50;23.33;0.298;NEUTRE;0;58.2;2;1
2026.05.07 11:00;50058.00000;50142.00000;50052.00000;50086.00000;39.02;27.92;14.20;19.53;16.04;0.190;NEUTRE;0;48.3;2;1
2026.05.07 10:00;50032.00000;50065.00000;50015.00000;50045.00000;40.02;20.00;16.39;9.96;21.87;0.108;NEUTRE;0;35.1;1;1
2026.05.07 09:00;50071.00000;50076.00000;50016.00000;50032.00000;44.65;23.08;18.60;18.62;37.18;0.082;NEUTRE;0;30.7;1;1
2026.05.07 08:00;50140.00000;50168.00000;50062.00000;50071.00000;49.87;26.63;9.67;37.03;55.77;0.160;NEUTRE;0;52.4;2;1
2026.05.07 07:00;50145.00000;50215.00000;50102.00000;50140.00000;50.35;30.72;5.35;55.87;71.73;0.298;NEUTRE;0;70.1;3;1
2026.05.07 06:00;50091.00000;50193.00000;50075.00000;50145.00000;47.27;32.45;6.17;74.40;83.80;0.308;NEUTRE;0;73.3;3;0
2026.05.07 05:00;50109.00000;50122.00000;50091.00000;50091.00000;44.08;28.19;7.12;84.92;89.27;0.200;NEUTRE;0;69;3;0
2026.05.07 04:00;50093.00000;50115.00000;50087.00000;50109.00000;41.69;29.05;8.22;92.08;86.46;0.236;NEUTRE;0;75.4;3;0
2026.05.07 03:00;50090.00000;50104.00000;50073.00000;50092.00000;39.50;27.48;9.48;90.81;72.80;0.202;NEUTRE;0;77.1;3;0
2026.05.07 02:00;50090.00000;50101.00000;50064.00000;50090.00000;38.09;30.22;10.94;76.49;55.80;0.198;NEUTRE;0;81.2;3;0
2026.05.07 01:00;50062.00000;50100.00000;50044.00000;50090.00000;36.74;34.45;12.63;51.12;44.36;0.198;NEUTRE;0;;;0
2026.05.07 00:00;49991.00000;50065.00000;49990.00000;50062.00000;35.26;30.13;14.57;39.79;44.57;0.142;NEUTRE;0;;;0
2026.05.06 23:00;49993.00000;50008.00000;49982.00000;49993.00000;35.33;23.08;16.81;42.16;51.62;1.014;STRONG_UP;2;70.8;3;0
2026.05.06 22:00;50022.00000;50025.00000;49988.00000;49993.00000;38.35;26.63;15.85;51.75;58.61;1.014;STRONG_UP;2;71.6;3;0
2026.05.06 20:00;50025.00000;50049.00000;49993.00000;50019.00000;40.34;30.73;16.21;60.94;61.40;1.067;STRONG_UP;2;73.9;3;0
2026.05.06 19:00;50019.00000;50132.00000;50019.00000;50025.00000;41.79;35.45;11.56;63.14;60.60;1.079;STRONG_UP;2;74.9;3;1
2026.05.06 18:00;49965.00000;50055.00000;49952.00000;50019.00000;40.40;30.42;13.33;60.11;63.07;1.067;STRONG_UP;2;75.5;3;1
2026.05.06 17:00;49912.00000;49966.00000;49884.00000;49965.00000;40.61;21.81;15.39;58.55;69.03;0.958;STRONG_UP;2;74.7;3;1
2026.05.06 16:00;49959.00000;49961.00000;49895.00000;49913.00000;44.20;25.17;15.69;70.54;74.17;0.853;STRONG_UP;2;73.9;3;1
2026.05.06 15:00;50069.00000;50090.00000;49927.00000;49958.00000;47.43;29.04;10.64;78.01;73.67;0.944;STRONG_UP;2;76.3;3;1
2026.05.06 14:00;49953.00000;50073.00000;49841.00000;50068.00000;47.59;31.90;12.28;73.97;73.16;1.166;STRONG_UP;2;79.5;3;1
2026.05.06 13:00;49830.00000;49991.00000;49765.00000;49951.00000;48.08;31.37;14.17;69.04;78.01;0.929;STRONG_UP;2;77.9;3;1
2026.05.06 12:00;49916.00000;49930.00000;49729.00000;49831.00000;49.66;32.04;16.35;76.48;85.82;0.687;SOFT_UP;1;75;3;1
2026.05.06 11:00;49979.00000;50059.00000;49888.00000;49916.00000;52.32;36.97;6.69;88.50;90.56;0.859;STRONG_UP;2;78.9;3;1
2026.05.06 10:00;49823.00000;50004.00000;49815.00000;49979.00000;49.70;37.71;7.72;92.48;85.65;0.986;STRONG_UP;2;81.1;3;1
2026.05.06 09:00;49715.00000;49827.00000;49650.00000;49823.00000;47.19;29.11;8.91;90.71;72.08;0.671;SOFT_UP;1;78.3;3;1
2026.05.06 08:00;49539.00000;49779.00000;49502.00000;49715.00000;46.28;29.41;10.28;73.76;52.37;0.453;SOFT_UP;1;74.8;3;1
2026.05.06 07:00;49492.00000;49542.00000;49478.00000;49539.00000;45.98;20.78;11.87;51.79;39.67;0.097;NEUTRE;0;42;1;1
2026.05.06 06:00;49501.00000;49528.00000;49458.00000;49491.00000;48.86;20.61;13.69;31.56;41.26;0.000;NEUTRE;0;0;0;0
2026.05.06 05:00;49508.00000;49508.00000;49471.00000;49502.00000;53.27;19.38;15.80;35.66;56.20;0.022;NEUTRE;0;16;0;0
2026.05.06 04:00;49523.00000;49542.00000;49505.00000;49507.00000;59.90;22.37;4.09;56.56;71.15;0.032;NEUTRE;0;27.5;1;0
2026.05.06 03:00;49508.00000;49543.00000;49506.00000;49523.00000;58.49;25.81;4.31;76.39;79.00;0.065;NEUTRE;0;54.6;2;0
2026.05.06 02:00;49553.00000;49555.00000;49505.00000;49508.00000;56.50;29.78;4.97;80.50;80.87;0.034;NEUTRE;0;47.9;2;0
2026.05.06 01:00;49505.00000;49569.00000;49504.00000;49553.00000;54.21;34.36;5.73;80.10;79.03;0.125;NEUTRE;0;;;0
2026.05.06 00:00;49491.00000;49524.00000;49482.00000;49505.00000;51.56;28.99;6.61;82.02;77.06;0.028;NEUTRE;0;;;0
2026.05.05 23:00;49507.00000;49552.00000;49482.00000;49491.00000;49.83;33.45;7.63;74.96;72.49;0.817;STRONG_UP;2;66.6;3;0
2026.05.05 22:00;49358.00000;49512.00000;49354.00000;49508.00000;47.83;29.81;8.81;74.20;73.11;0.851;STRONG_UP;2;68.3;3;0
2026.05.05 20:00;49412.00000;49455.00000;49350.00000;49389.00000;46.82;28.84;10.16;68.30;72.57;0.609;SOFT_UP;1;63.2;2;0
2026.05.05 19:00;49397.00000;49475.00000;49384.00000;49412.00000;46.65;33.28;6.74;76.82;71.42;0.656;SOFT_UP;1;66;3;1
2026.05.05 18:00;49362.00000;49417.00000;49350.00000;49397.00000;43.62;28.60;7.78;72.58;69.30;0.625;SOFT_UP;1;66.1;3;1
2026.05.05 17:00;49305.00000;49393.00000;49293.00000;49362.00000;41.53;27.48;8.98;64.84;70.58;0.554;SOFT_UP;1;64.7;2;1
2026.05.05 16:00;49294.00000;49343.00000;49294.00000;49304.00000;40.11;24.02;10.36;70.49;77.11;0.436;SOFT_UP;1;60.6;2;1
2026.05.05 15:00;49381.00000;49429.00000;49283.00000;49294.00000;40.16;27.71;11.95;76.43;78.75;0.416;SOFT_UP;1;61;2;1
2026.05.05 14:00;49288.00000;49380.00000;49232.00000;49380.00000;40.23;26.82;13.79;84.42;77.08;0.591;SOFT_UP;1;70;3;1
2026.05.05 13:00;49255.00000;49337.00000;49119.00000;49286.00000;41.48;26.47;15.91;75.40;72.43;0.399;SOFT_UP;1;63.4;2;1
2026.05.05 12:00;49240.00000;49304.00000;49224.00000;49255.00000;44.03;30.54;10.95;71.43;68.84;0.336;NEUTRE;0;61.2;2;1
2026.05.05 11:00;49209.00000;49243.00000;49141.00000;49240.00000;43.54;23.51;12.63;70.47;64.85;0.306;NEUTRE;0;61.1;2;1
2026.05.05 10:00;49211.00000;49256.00000;49190.00000;49209.00000;45.60;27.13;7.18;64.61;62.77;0.242;NEUTRE;0;57.6;2;1
2026.05.05 09:00;49200.00000;49231.00000;49166.00000;49211.00000;43.67;25.47;8.29;59.47;65.97;0.246;NEUTRE;0;60.6;2;1
2026.05.05 08:00;49184.00000;49232.00000;49181.00000;49200.00000;42.56;29.39;6.01;64.23;76.56;0.224;NEUTRE;0;61.2;2;1
2026.05.05 07:00;49177.00000;49264.00000;49170.00000;49184.00000;38.95;33.92;6.94;74.20;85.02;0.191;NEUTRE;0;60.6;2;1
2026.05.05 06:00;49153.00000;49179.00000;49102.00000;49176.00000;34.78;25.22;8.01;91.24;86.87;0.175;NEUTRE;0;62.2;2;0
2026.05.05 05:00;49134.00000;49159.00000;49120.00000;49153.00000;32.16;25.11;9.24;89.62;80.36;0.128;NEUTRE;0;59;2;0
2026.05.05 04:00;49125.00000;49149.00000;49119.00000;49134.00000;30.00;25.02;10.66;79.75;71.69;0.090;NEUTRE;0;55.7;2;0
2026.05.05 03:00;49104.00000;49130.00000;49102.00000;49125.00000;28.43;19.13;12.30;71.71;61.86;0.071;NEUTRE;0;57;2;0
2026.05.05 02:00;49094.00000;49131.00000;49092.00000;49104.00000;29.45;22.07;14.19;63.60;51.18;0.029;NEUTRE;0;43.3;1;0
2026.05.05 01:00;49093.00000;49106.00000;49063.00000;49093.00000;30.64;15.61;16.37;50.26;40.25;0.006;NEUTRE;0;;;0
2026.05.05 00:00;49090.00000;49131.00000;49058.00000;49093.00000;34.99;18.01;18.89;39.67;30.84;0.006;NEUTRE;0;;;0
2026.05.04 23:00;49090.00000;49100.00000;49076.00000;49089.00000;40.00;14.25;21.80;30.81;22.15;-1.223;STRONG_DOWN;-2;-73.9;-3;0
2026.05.04 22:00;49099.00000;49119.00000;49081.00000;49090.00000;42.93;16.44;21.95;22.05;17.16;-1.221;STRONG_DOWN;-2;-74.5;-3;0
2026.05.04 20:00;49084.00000;49084.00000;49026.00000;49074.00000;47.33;7.00;25.32;13.58;14.47;-1.254;STRONG_DOWN;-2;-76.2;-3;0
2026.05.04 19:00;49057.00000;49107.00000;49040.00000;49083.00000;45.89;8.08;25.50;15.84;15.32;-1.235;STRONG_DOWN;-2;-76.7;-3;1
2026.05.04 18:00;49153.00000;49208.00000;49033.00000;49057.00000;44.97;9.32;29.43;13.99;17.95;-1.288;STRONG_DOWN;-2;-77.9;-3;1
2026.05.04 17:00;49073.00000;49228.00000;49055.00000;49153.00000;43.90;10.75;32.02;16.15;27.49;-1.095;STRONG_DOWN;-2;-76.6;-3;1
2026.05.04 16:00;49192.00000;49204.00000;49018.00000;49071.00000;43.01;10.28;36.95;23.71;43.61;-1.260;STRONG_DOWN;-2;-79;-3;1
2026.05.04 15:00;49424.00000;49445.00000;49136.00000;49191.00000;40.93;11.86;32.87;42.61;56.29;-1.018;STRONG_DOWN;-2;-77.2;-3;1
2026.05.04 14:00;49437.00000;49559.00000;49355.00000;49424.00000;40.00;13.68;27.03;64.52;61.30;-0.549;SOFT_DOWN;-1;-68.6;-3;1
2026.05.04 13:00;49480.00000;49509.00000;49344.00000;49437.00000;41.11;12.01;31.18;61.74;56.26;-0.523;SOFT_DOWN;-1;-69.1;-3;1
2026.05.04 12:00;49442.00000;49527.00000;49442.00000;49479.00000;40.61;13.86;26.84;57.63;49.95;-0.439;SOFT_DOWN;-1;-67.2;-3;1
2026.05.04 11:00;49439.00000;49482.00000;49373.00000;49442.00000;41.95;7.85;30.97;49.40;40.69;-0.513;SOFT_DOWN;-1;-71.8;-3;1
2026.05.04 10:00;49549.00000;49562.00000;49223.00000;49439.00000;39.24;9.06;35.74;42.82;32.18;-0.519;SOFT_DOWN;-1;-73.5;-3;1
2026.05.04 09:00;49536.00000;49564.00000;49527.00000;49549.00000;36.11;10.45;27.44;29.85;29.45;-0.298;NEUTRE;0;-65.1;-3;1
2026.05.04 08:00;49581.00000;49583.00000;49492.00000;49535.00000;34.77;12.06;31.66;23.87;30.38;-0.326;NEUTRE;0;-69.3;-3;1
2026.05.04 07:00;49580.00000;49638.00000;49561.00000;49581.00000;33.22;13.91;24.87;34.64;32.11;-0.233;NEUTRE;0;-65.2;-3;1
2026.05.04 06:00;49632.00000;49647.00000;49563.00000;49579.00000;33.99;16.05;28.30;32.62;25.01;-0.237;NEUTRE;0;-68.7;-3;0
2026.05.04 05:00;49599.00000;49649.00000;49594.00000;49631.00000;34.97;18.52;26.97;29.06;19.40;-0.133;NEUTRE;0;-60;-2;0
2026.05.04 04:00;49599.00000;49617.00000;49585.00000;49599.00000;37.49;12.42;31.12;13.36;18.30;-0.197;NEUTRE;0;-72.7;-3;0
2026.05.04 03:00;49588.00000;49608.00000;49570.00000;49598.00000;36.66;10.01;35.91;15.76;27.60;-0.199;NEUTRE;0;-77;-3;0
2026.05.04 02:00;49620.00000;49625.00000;49575.00000;49588.00000;33.62;11.55;39.41;25.79;39.90;-0.219;NEUTRE;0;-82;-3;0
2026.05.04 01:00;49672.00000;49676.00000;49610.00000;49620.00000;30.38;13.32;34.70;41.26;44.59;-0.155;NEUTRE;0;;;0
2026.05.04 00:00;49697.00000;49703.00000;49629.00000;49671.00000;28.20;15.37;35.61;52.65;38.61;-0.052;NEUTRE;0;;;0
2026.05.03 23:00;49726.00000;49737.00000;49673.00000;49697.00000;26.43;17.74;31.94;39.85;22.81;-0.084;NEUTRE;0;-13.4;0;0
2026.05.03 22:00;49739.00000;49799.00000;49705.00000;49726.00000;26.10;20.47;29.17;23.33;13.20;-0.026;NEUTRE;0;-4.4;0;0
2026.05.01 20:00;49639.00000;49656.00000;49562.00000;49589.00000;27.42;13.14;33.65;5.25;9.32;-0.629;SOFT_DOWN;-1;-63.9;-2;0
2026.05.01 19:00;49699.00000;49764.00000;49631.00000;49639.00000;24.89;15.16;27.54;11.03;11.94;-0.529;SOFT_DOWN;-1;-61.1;-2;1
2026.05.01 18:00;49807.00000;49820.00000;49680.00000;49699.00000;24.26;17.49;26.10;11.69;11.49;-0.409;SOFT_DOWN;-1;-55.9;-2;1
2026.05.01 17:00;49736.00000;49842.00000;49733.00000;49807.00000;24.96;20.18;24.30;13.09;18.01;-0.192;NEUTRE;0;-36.3;-1;1
2026.05.01 16:00;49806.00000;49820.00000;49704.00000;49736.00000;27.37;20.18;28.03;9.69;29.87;-0.335;NEUTRE;0;-53.7;-2;1
2026.05.01 15:00;49914.00000;49924.00000;49782.00000;49806.00000;29.08;23.29;22.00;31.24;50.13;-0.194;NEUTRE;0;-40.1;-1;1
2026.05.01 14:00;50060.00000;50135.00000;49905.00000;49912.00000;33.12;26.87;12.06;48.69;62.31;0.018;NEUTRE;0;4.8;0;1
2026.05.01 13:00;49970.00000;50070.00000;49866.00000;50060.00000;32.36;26.66;13.92;70.47;75.49;0.315;NEUTRE;0;57.6;2;1
2026.05.01 12:00;49960.00000;50089.00000;49949.00000;49970.00000;32.51;30.76;9.80;67.78;80.09;0.134;NEUTRE;0;36;1;1
2026.05.01 11:00;49970.00000;49978.00000;49942.00000;49960.00000;29.56;23.30;11.31;88.22;76.31;0.114;NEUTRE;0;34;1;1
2026.05.01 10:00;49936.00000;49983.00000;49923.00000;49970.00000;28.78;26.88;13.05;84.29;54.51;0.134;NEUTRE;0;41.1;1;1
2026.05.01 09:00;49888.00000;49939.00000;49866.00000;49936.00000;27.87;19.73;15.05;56.41;32.57;0.066;NEUTRE;0;25.5;1;1
2026.05.01 08:00;49869.00000;49891.00000;49858.00000;49888.00000;30.09;12.65;17.37;22.83;22.51;-0.030;NEUTRE;0;-13.7;0;1
2026.05.01 07:00;49876.00000;49905.00000;49866.00000;49868.00000;32.30;14.60;16.31;18.46;24.61;-0.070;NEUTRE;0;-33;-1;1
2026.05.01 06:00;49904.00000;49910.00000;49866.00000;49876.00000;36.42;16.85;18.82;26.24;30.01;-0.054;NEUTRE;0;-30.3;-1;0
2026.05.01 05:00;49899.00000;49913.00000;49892.00000;49904.00000;41.17;19.44;12.63;29.15;44.34;0.002;NEUTRE;0;1.5;0;0
2026.05.01 04:00;49894.00000;49903.00000;49880.00000;49899.00000;44.24;15.10;14.57;34.65;62.55;-0.008;NEUTRE;0;-7.4;0;0
2026.05.01 03:00;49913.00000;49925.00000;49892.00000;49894.00000;50.77;17.42;8.78;69.23;79.75;-0.018;NEUTRE;0;-21.3;0;0
2026.05.01 02:00;49935.00000;49936.00000;49904.00000;49913.00000;53.51;20.11;4.54;83.77;84.01;0.020;NEUTRE;0;33;1;0
2026.05.01 01:00;49920.00000;49946.00000;49902.00000;49935.00000;52.02;23.20;5.24;86.25;83.95;0.064;NEUTRE;0;;;0
2026.05.01 00:00;49903.00000;49940.00000;49883.00000;49920.00000;50.31;24.67;6.05;82.00;82.13;0.034;NEUTRE;0;;;0
2026.04.30 23:00;49891.00000;49923.00000;49879.00000;49902.00000;48.72;23.88;6.98;83.60;83.17;2.156;EXPLOSIVE_UP;3;80.7;3;0
2026.04.30 22:00;49888.00000;49944.00000;49877.00000;49891.00000;47.79;27.55;8.05;80.79;84.79;2.133;EXPLOSIVE_UP;3;81;3;0
2026.04.30 20:00;49815.00000;49931.00000;49770.00000;49902.00000;46.72;28.80;9.29;85.13;88.15;2.156;EXPLOSIVE_UP;3;81.9;3;0
2026.04.30 19:00;49837.00000;49912.00000;49814.00000;49814.00000;46.02;33.24;6.51;88.45;90.95;1.975;EXPLOSIVE_UP;3;81.6;3;1
2026.04.30 18:00;49739.00000;49886.00000;49734.00000;49838.00000;42.76;34.27;7.51;90.88;92.42;2.025;EXPLOSIVE_UP;3;82.2;3;1
2026.04.30 17:00;49684.00000;49764.00000;49667.00000;49738.00000;39.48;27.19;8.67;93.51;94.26;1.820;EXPLOSIVE_UP;3;81.8;3;1
2026.04.30 16:00;49742.00000;49763.00000;49662.00000;49684.00000;37.61;31.21;10.00;92.87;93.85;1.709;EXPLOSIVE_UP;3;81.8;3;1
2026.04.30 15:00;49593.00000;49749.00000;49521.00000;49742.00000;35.48;33.88;11.54;96.39;92.68;1.828;EXPLOSIVE_UP;3;82.8;3;1
2026.04.30 14:00;49401.00000;49642.00000;49369.00000;49593.00000;33.37;31.88;13.32;92.28;89.54;1.523;EXPLOSIVE_UP;3;82;3;1
2026.04.30 13:00;49311.00000;49416.00000;49183.00000;49401.00000;32.19;24.05;15.37;89.38;87.92;1.130;STRONG_UP;2;80;3;1
2026.04.30 12:00;49282.00000;49406.00000;49258.00000;49311.00000;33.75;27.75;12.78;86.97;87.78;0.946;STRONG_UP;2;79;3;1
2026.04.30 11:00;49307.00000;49381.00000;49270.00000;49282.00000;33.26;29.41;14.74;87.40;85.31;0.886;STRONG_UP;2;79.2;3;1
2026.04.30 10:00;48894.00000;49385.00000;48894.00000;49305.00000;33.27;33.94;17.01;88.96;76.40;0.933;STRONG_UP;2;80.6;3;1
2026.04.30 09:00;48814.00000;48939.00000;48764.00000;48894.00000;33.27;25.19;19.63;79.58;58.40;0.092;NEUTRE;0;33.6;1;1
2026.04.30 08:00;48747.00000;48838.00000;48746.00000;48814.00000;36.49;20.18;22.65;60.67;37.43;-0.072;NEUTRE;0;-30.3;-1;1
2026.04.30 07:00;48720.00000;48774.00000;48692.00000;48747.00000;41.21;12.59;26.13;34.94;19.42;-0.209;NEUTRE;0;-62.8;-2;1
2026.04.30 06:00;48687.00000;48741.00000;48604.00000;48720.00000;42.17;8.33;30.15;16.67;14.58;-0.264;NEUTRE;0;-70.7;-3;0
2026.04.30 05:00;48680.00000;48759.00000;48679.00000;48687.00000;39.93;9.61;26.37;6.66;20.20;-0.332;NEUTRE;0;-77;-3;0
2026.04.30 04:00;48763.00000;48768.00000;48678.00000;48679.00000;38.91;11.09;30.43;20.42;29.08;-0.348;NEUTRE;0;-80;-3;0
2026.04.30 03:00;48824.00000;48843.00000;48762.00000;48763.00000;37.73;12.80;20.75;33.52;31.05;-0.176;NEUTRE;0;-75.3;-3;0
2026.04.30 02:00;48904.00000;48904.00000;48731.00000;48824.00000;39.89;14.77;23.94;33.30;26.61;-0.051;NEUTRE;0;-58.9;-2;0
2026.04.30 01:00;48871.00000;48906.00000;48857.00000;48904.00000;42.38;17.04;16.42;26.33;19.92;0.113;NEUTRE;0;;;0
2026.04.30 00:00;48849.00000;48881.00000;48836.00000;48870.00000;48.62;11.81;18.95;20.22;20.37;0.043;NEUTRE;0;;;0
2026.04.29 23:00;48843.00000;48860.00000;48827.00000;48850.00000;52.53;6.45;21.86;13.21;25.89;-1.069;STRONG_DOWN;-2;-71.7;-3;0
2026.04.29 22:00;48805.00000;48945.00000;48805.00000;48843.00000;52.23;7.44;25.23;27.67;35.40;-1.083;STRONG_DOWN;-2;-72.7;-3;0
2026.04.29 20:00;49020.00000;49120.00000;48787.00000;48800.00000;51.89;8.58;29.11;36.77;35.41;-1.171;STRONG_DOWN;-2;-75.3;-3;0
2026.04.29 19:00;48977.00000;49030.00000;48930.00000;49017.00000;51.50;9.90;26.98;41.75;29.43;-0.731;SOFT_DOWN;-1;-68.2;-3;1
2026.04.29 18:00;48979.00000;48980.00000;48845.00000;48977.00000;52.30;3.74;31.13;27.69;20.67;-0.812;STRONG_DOWN;-2;-71.2;-3;1
2026.04.29 17:00;48979.00000;48997.00000;48931.00000;48979.00000;48.26;4.31;26.12;18.85;16.03;-0.808;SOFT_DOWN;-1;-72.1;-3;1
2026.04.29 16:00;48928.00000;49001.00000;48916.00000;48979.00000;44.65;4.97;30.14;15.45;16.90;-0.808;SOFT_DOWN;-1;-73.1;-3;1
2026.04.29 15:00;49035.00000;49050.00000;48878.00000;48928.00000;40.50;5.74;34.77;13.78;21.39;-0.911;STRONG_DOWN;-2;-75.8;-3;1
2026.04.29 14:00;49060.00000;49169.00000;49028.00000;49035.00000;35.70;6.62;26.70;21.47;30.62;-0.695;SOFT_DOWN;-1;-72.8;-3;1
2026.04.29 13:00;49281.00000;49319.00000;48993.00000;49061.00000;31.92;7.64;30.81;28.91;33.05;-0.642;SOFT_DOWN;-1;-72.7;-3;1
2026.04.29 12:00;49291.00000;49300.00000;49201.00000;49281.00000;27.56;8.81;25.74;41.47;32.12;-0.196;NEUTRE;0;-46.7;-2;1
2026.04.29 11:00;49315.00000;49333.00000;49272.00000;49291.00000;24.26;10.17;18.66;28.76;24.73;-0.176;NEUTRE;0;-46.1;-2;1
2026.04.29 10:00;49259.00000;49346.00000;49245.00000;49316.00000;23.46;11.73;21.54;26.13;22.93;-0.126;NEUTRE;0;-39.3;-1;1
2026.04.29 09:00;49303.00000;49328.00000;49246.00000;49259.00000;22.54;10.80;24.85;19.30;27.22;-0.241;NEUTRE;0;-60.1;-2;1
2026.04.29 08:00;49343.00000;49380.00000;49271.00000;49303.00000;19.95;12.46;23.98;23.37;36.67;-0.152;NEUTRE;0;-51;-2;1
2026.04.29 07:00;49368.00000;49384.00000;49316.00000;49343.00000;18.15;14.38;21.32;39.00;48.08;-0.071;NEUTRE;0;-33.4;-1;1
2026.04.29 06:00;49388.00000;49402.00000;49365.00000;49367.00000;17.95;16.59;13.51;47.64;52.97;-0.022;NEUTRE;0;-13.4;0;0
2026.04.29 05:00;49379.00000;49396.00000;49367.00000;49388.00000;19.14;16.65;15.59;57.59;57.71;0.020;NEUTRE;0;14.6;0;0
2026.04.29 04:00;49379.00000;49389.00000;49376.00000;49379.00000;21.58;19.21;13.22;53.68;64.33;0.002;NEUTRE;0;1.9;0;0
2026.04.29 03:00;49383.00000;49402.00000;49369.00000;49379.00000;22.06;22.16;15.25;61.87;75.49;0.002;NEUTRE;0;2.5;0;0
2026.04.29 02:00;49373.00000;49409.00000;49373.00000;49383.00000;22.61;25.57;15.73;77.45;85.94;0.010;NEUTRE;0;18;0;0
2026.04.29 01:00;49401.00000;49403.00000;49339.00000;49372.00000;22.42;27.01;18.15;87.14;86.14;-0.012;NEUTRE;0;;;0
2026.04.29 00:00;49378.00000;49416.00000;49378.00000;49401.00000;22.85;31.17;11.57;93.24;75.47;0.047;NEUTRE;0;;;0
2026.04.28 23:00;49365.00000;49380.00000;49354.00000;49378.00000;19.32;21.38;13.35;78.06;56.01;-0.032;NEUTRE;0;-5.2;0;0
2026.04.28 22:00;49357.00000;49381.00000;49348.00000;49366.00000;18.73;24.67;15.40;55.11;39.03;-0.057;NEUTRE;0;-9.6;0;0
2026.04.28 20:00;49294.00000;49358.00000;49271.00000;49348.00000;18.05;17.75;17.77;34.87;30.52;-0.093;NEUTRE;0;-16.8;0;0
2026.04.28 19:00;49276.00000;49318.00000;49230.00000;49294.00000;20.81;13.41;20.50;27.11;32.17;-0.202;NEUTRE;0;-34.7;-1;1
2026.04.28 18:00;49332.00000;49346.00000;49242.00000;49276.00000;20.80;15.47;21.56;29.57;36.78;-0.239;NEUTRE;0;-40.8;-1;1
2026.04.28 17:00;49347.00000;49374.00000;49302.00000;49332.00000;21.46;17.85;16.00;39.83;38.13;-0.126;NEUTRE;0;-25.7;-1;1
2026.04.28 16:00;49401.00000;49443.00000;49321.00000;49347.00000;23.93;20.59;14.40;40.95;38.10;-0.095;NEUTRE;0;-21.1;0;1
2026.04.28 15:00;49345.00000;49411.00000;49339.00000;49401.00000;24.89;19.73;16.62;33.62;40.39;0.014;NEUTRE;0;3.5;0;1
2026.04.28 14:00;49361.00000;49384.00000;49238.00000;49344.00000;27.40;16.99;19.17;39.72;52.11;-0.101;NEUTRE;0;-25.1;-1;1
2026.04.28 13:00;49499.00000;49543.00000;49361.00000;49361.00000;30.69;19.61;9.16;47.83;62.04;-0.067;NEUTRE;0;-18.5;0;1
2026.04.28 12:00;49444.00000;49501.00000;49359.00000;49499.00000;29.82;19.07;10.57;68.76;72.41;0.213;NEUTRE;0;49.1;2;1
2026.04.28 11:00;49459.00000;49547.00000;49405.00000;49444.00000;30.00;22.01;7.21;69.52;76.46;0.101;NEUTRE;0;30.8;1;1
2026.04.28 10:00;49479.00000;49504.00000;49443.00000;49459.00000;26.83;20.73;8.32;78.97;74.26;0.132;NEUTRE;0;40.6;1;1
2026.04.28 09:00;49426.00000;49512.00000;49405.00000;49479.00000;24.38;23.92;9.61;80.90;60.13;0.172;NEUTRE;0;51.2;2;1
2026.04.28 08:00;49388.00000;49450.00000;49319.00000;49426.00000;21.56;18.69;11.08;62.90;40.65;0.065;NEUTRE;0;27.9;1;1
2026.04.28 07:00;49345.00000;49396.00000;49317.00000;49389.00000;20.95;15.22;12.79;36.60;29.45;-0.010;NEUTRE;0;-5.3;0;1
2026.04.28 06:00;49348.00000;49379.00000;49332.00000;49346.00000;22.84;14.25;14.76;22.46;30.61;-0.097;NEUTRE;0;-46.4;-2;0
2026.04.28 05:00;49398.00000;49402.00000;49338.00000;49349.00000;26.09;16.45;15.06;29.28;38.18;-0.091;NEUTRE;0;-49.8;-2;0
2026.04.28 04:00;49396.00000;49409.00000;49381.00000;49398.00000;29.42;18.98;7.04;40.09;44.15;0.008;NEUTRE;0;7.4;0;0
2026.04.28 03:00;49384.00000;49413.00000;49377.00000;49396.00000;26.90;21.90;8.13;45.19;50.88;0.004;NEUTRE;0;5;0;0
2026.04.28 02:00;49383.00000;49400.00000;49374.00000;49384.00000;23.98;19.71;9.38;47.17;59.18;-0.020;NEUTRE;0;-33;-1;0
2026.04.28 01:00;49377.00000;49426.00000;49370.00000;49383.00000;22.20;22.74;10.82;60.27;68.46;-0.022;NEUTRE;0;;;0
2026.04.28 00:00;49394.00000;49437.00000;49376.00000;49376.00000;20.15;26.24;10.84;70.10;73.65;-0.036;NEUTRE;0;;;0
2026.04.27 23:00;49400.00000;49411.00000;49390.00000;49394.00000;16.86;23.72;12.50;75.00;74.11;0.235;NEUTRE;0;33.6;1;0
2026.04.27 22:00;49349.00000;49426.00000;49349.00000;49400.00000;14.69;27.37;14.43;75.86;67.65;0.248;NEUTRE;0;36.2;1;0
2026.04.27 20:00;49345.00000;49350.00000;49322.00000;49345.00000;12.19;17.14;16.65;71.45;57.34;0.136;NEUTRE;0;23.9;0;0
2026.04.27 19:00;49347.00000;49388.00000;49334.00000;49345.00000;13.83;19.78;12.61;55.64;44.83;0.136;NEUTRE;0;25;0;1
2026.04.27 18:00;49297.00000;49365.00000;49286.00000;49346.00000;12.56;16.27;14.55;44.92;35.90;0.138;NEUTRE;0;26.5;1;1
2026.04.27 17:00;49323.00000;49358.00000;49283.00000;49297.00000;13.63;17.41;16.79;33.93;31.63;0.039;NEUTRE;0;8.5;0;1
2026.04.27 16:00;49283.00000;49348.00000;49267.00000;49323.00000;15.45;18.04;19.38;28.86;32.28;0.091;NEUTRE;0;20.3;0;1
2026.04.27 15:00;49299.00000;49305.00000;49188.00000;49283.00000;17.28;12.65;22.36;32.08;41.80;0.010;NEUTRE;0;2.5;0;1
2026.04.27 14:00;49404.00000;49417.00000;49299.00000;49299.00000;15.67;14.59;11.20;35.88;54.69;0.043;NEUTRE;0;11.3;0;1
2026.04.27 13:00;49314.00000;49521.00000;49262.00000;49403.00000;16.06;16.84;12.92;57.45;67.30;0.254;NEUTRE;0;51.8;2;1
2026.04.27 12:00;49340.00000;49360.00000;49303.00000;49314.00000;16.50;9.86;14.91;70.75;72.18;0.073;NEUTRE;0;21.6;0;1
2026.04.27 11:00;49343.00000;49356.00000;49321.00000;49340.00000;15.91;11.38;12.35;73.71;66.67;0.126;NEUTRE;0;36.7;1;1
2026.04.27 10:00;49310.00000;49355.00000;49298.00000;49343.00000;17.73;12.69;14.25;72.09;56.86;0.132;NEUTRE;0;40.6;1;1
2026.04.27 09:00;49331.00000;49348.00000;49306.00000;49310.00000;19.57;14.65;14.28;54.21;40.88;0.065;NEUTRE;0;25.2;1;1
2026.04.27 08:00;49305.00000;49336.00000;49276.00000;49331.00000;22.39;12.50;16.48;44.26;33.49;0.108;NEUTRE;0;41.3;1;1
2026.04.27 07:00;49296.00000;49324.00000;49285.00000;49305.00000;23.72;11.35;19.01;24.17;34.67;0.055;NEUTRE;0;27.1;1;1
2026.04.27 06:00;49279.00000;49317.00000;49266.00000;49297.00000;23.49;10.34;21.94;32.04;49.33;0.039;NEUTRE;0;22.9;0;0
2026.04.27 05:00;49322.00000;49325.00000;49269.00000;49279.00000;21.58;11.93;24.41;47.79;63.21;0.002;NEUTRE;0;1.5;0;0
2026.04.27 04:00;49343.00000;49353.00000;49316.00000;49322.00000;19.61;13.76;15.25;68.15;67.08;0.089;NEUTRE;0;55.4;2;0
2026.04.27 03:00;49344.00000;49370.00000;49336.00000;49344.00000;21.84;15.88;9.28;73.68;58.99;0.134;NEUTRE;0;71;3;0
2026.04.27 02:00;49374.00000;49380.00000;49340.00000;49344.00000;21.17;18.32;8.90;59.39;45.10;0.134;NEUTRE;0;77.1;3;0
2026.04.27 01:00;49294.00000;49382.00000;49284.00000;49375.00000;19.10;21.14;10.27;43.89;41.14;0.197;NEUTRE;0;;;0
2026.04.27 00:00;49278.00000;49305.00000;49247.00000;49294.00000;16.71;12.31;11.85;32.01;46.92;0.032;NEUTRE;0;;;0
2026.04.26 23:00;49303.00000;49307.00000;49245.00000;49278.00000;18.98;14.20;13.67;47.51;58.93;-0.124;NEUTRE;0;-19.3;0;0
2026.04.26 22:00;49339.00000;49362.00000;49227.00000;49303.00000;21.61;16.38;15.77;61.22;60.31;-0.073;NEUTRE;0;-12.2;0;0
2026.04.24 20:00;49386.00000;49429.00000;49369.00000;49421.00000;24.64;18.90;6.94;68.04;54.47;-0.083;NEUTRE;0;-15.1;0;0
2026.04.24 19:00;49366.00000;49420.00000;49324.00000;49386.00000;21.31;19.50;8.00;51.67;45.76;-0.154;NEUTRE;0;-27.8;-1;1
2026.04.24 18:00;49349.00000;49370.00000;49323.00000;49366.00000;18.15;14.49;9.23;43.70;39.75;-0.194;NEUTRE;0;-35;-1;1
2026.04.24 17:00;49341.00000;49413.00000;49295.00000;49349.00000;17.53;16.72;10.65;41.92;34.38;-0.228;NEUTRE;0;-41.1;-1;1
2026.04.24 16:00;49408.00000;49427.00000;49290.00000;49341.00000;16.82;19.30;12.29;33.64;28.64;-0.245;NEUTRE;0;-44.9;-1;1
2026.04.24 15:00;49303.00000;49461.00000;49263.00000;49409.00000;16.00;22.26;14.19;27.58;30.82;-0.107;NEUTRE;0;-24.9;0;1
2026.04.24 14:00;49311.00000;49371.00000;49241.00000;49303.00000;15.05;18.70;16.37;24.69;38.35;-0.321;NEUTRE;0;-56.2;-2;1
2026.04.24 13:00;49386.00000;49512.00000;49251.00000;49312.00000;16.35;21.57;17.70;40.19;47.13;-0.303;NEUTRE;0;-56.6;-2;1
2026.04.24 12:00;49473.00000;49503.00000;49329.00000;49386.00000;17.35;24.89;15.83;50.17;44.03;-0.154;NEUTRE;0;-39.9;-1;1
2026.04.24 11:00;49340.00000;49596.00000;49340.00000;49471.00000;16.59;28.72;17.29;51.02;40.29;0.018;NEUTRE;0;6.1;0;1
2026.04.24 10:00;49317.00000;49361.00000;49315.00000;49340.00000;15.32;19.02;19.95;30.90;40.62;-0.247;NEUTRE;0;-58.1;-2;1
2026.04.24 09:00;49303.00000;49341.00000;49251.00000;49317.00000;17.31;15.25;23.02;38.96;56.90;-0.293;NEUTRE;0;-64.7;-2;1
2026.04.24 08:00;49425.00000;49434.00000;49289.00000;49303.00000;16.85;17.60;20.07;52.01;63.79;-0.321;NEUTRE;0;-69;-3;1
2026.04.24 07:00;49404.00000;49446.00000;49386.00000;49425.00000;18.44;20.31;12.86;79.73;59.52;-0.075;NEUTRE;0;-34.9;-1;1
2026.04.24 06:00;49420.00000;49431.00000;49384.00000;49404.00000;17.82;19.58;14.84;59.62;38.94;-0.117;NEUTRE;0;-51.7;-2;0
2026.04.24 05:00;49378.00000;49425.00000;49355.00000;49420.00000;18.44;20.63;17.12;39.20;25.94;-0.085;NEUTRE;0;-47.9;-2;0
2026.04.24 04:00;49343.00000;49386.00000;49333.00000;49378.00000;19.85;15.24;19.76;17.99;24.29;-0.170;NEUTRE;0;-70.1;-3;0
2026.04.24 03:00;49331.00000;49364.00000;49318.00000;49343.00000;20.91;11.19;22.80;20.63;38.00;-0.241;NEUTRE;0;-79.2;-3;0
2026.04.24 02:00;49420.00000;49423.00000;49323.00000;49331.00000;18.88;12.92;24.63;34.26;53.77;-0.265;NEUTRE;0;-83.4;-3;0
2026.04.24 01:00;49441.00000;49447.00000;49392.00000;49421.00000;16.98;14.90;17.81;59.10;64.58;-0.083;NEUTRE;0;;;0
2026.04.24 00:00;49462.00000;49492.00000;49431.00000;49441.00000;18.23;17.20;9.64;67.95;67.14;-0.042;NEUTRE;0;;;0
2026.04.23 23:00;49433.00000;49464.00000;49418.00000;49462.00000;16.70;12.78;11.12;66.69;65.19;-0.057;NEUTRE;0;-9.2;0;0
2026.04.23 22:00;49423.00000;49448.00000;49401.00000;49433.00000;18.20;9.40;12.83;66.78;61.93;-0.115;NEUTRE;0;-18.8;0;0
2026.04.23 20:00;49481.00000;49482.00000;49355.00000;49382.00000;18.63;10.84;14.80;62.10;57.96;-0.218;NEUTRE;0;-35.3;-1;0
2026.04.23 19:00;49415.00000;49516.00000;49360.00000;49480.00000;19.12;12.51;16.47;56.93;57.03;-0.020;NEUTRE;0;-3.9;0;1
2026.04.23 18:00;49339.00000;49525.00000;49312.00000;49416.00000;19.95;14.44;19.01;54.86;64.45;-0.150;NEUTRE;0;-28.5;-1;1
2026.04.23 17:00;49583.00000;49594.00000;49035.00000;49339.00000;20.92;16.66;21.93;59.29;73.97;-0.305;NEUTRE;0;-49.4;-2;1
2026.04.23 16:00;49595.00000;49605.00000;49546.00000;49582.00000;22.03;19.22;11.24;79.20;80.64;0.186;NEUTRE;0;37.1;1;1
2026.04.23 15:00;49671.00000;49688.00000;49547.00000;49595.00000;21.39;22.17;12.71;83.41;79.28;0.212;NEUTRE;0;42.6;1;1
2026.04.23 14:00;49484.00000;49701.00000;49423.00000;49671.00000;20.51;25.59;14.67;79.32;73.32;0.366;NEUTRE;0;59.5;2;1
2026.04.23 13:00;49409.00000;49541.00000;49359.00000;49486.00000;19.50;20.67;16.93;75.13;68.15;-0.008;NEUTRE;0;-2.3;0;1
2026.04.23 12:00;49441.00000;49536.00000;49336.00000;49409.00000;20.96;23.43;19.53;65.50;58.14;-0.164;NEUTRE;0;-41.6;-1;1
2026.04.23 11:00;49354.00000;49447.00000;49290.00000;49441.00000;22.80;20.18;22.54;63.81;55.15;-0.099;NEUTRE;0;-30.3;-1;1
2026.04.23 10:00;49368.00000;49368.00000;49251.00000;49353.00000;25.46;15.55;26.00;45.12;57.51;-0.277;NEUTRE;0;-61;-2;1
2026.04.23 09:00;49366.00000;49410.00000;49327.00000;49368.00000;25.50;17.94;20.01;56.51;66.11;-0.247;NEUTRE;0;-60.7;-2;1
2026.04.23 08:00;49416.00000;49452.00000;49352.00000;49365.00000;28.58;20.70;18.45;70.91;68.19;-0.253;NEUTRE;0;-64.1;-2;1
2026.04.23 07:00;49387.00000;49443.00000;49372.00000;49417.00000;32.10;23.88;18.22;70.90;62.73;-0.148;NEUTRE;0;-54;-2;1
2026.04.23 06:00;49363.00000;49402.00000;49362.00000;49387.00000;34.97;18.67;21.02;62.77;57.52;-0.208;NEUTRE;0;-66.1;-3;0
2026.04.23 05:00;49352.00000;49364.00000;49318.00000;49363.00000;39.44;6.93;24.25;54.52;53.02;-0.257;NEUTRE;0;-73.3;-3;0
2026.04.23 04:00;49316.00000;49358.00000;49295.00000;49352.00000;36.96;5.99;27.98;55.27;52.44;-0.279;NEUTRE;0;-77.6;-3;0
2026.04.23 03:00;49334.00000;49360.00000;49281.00000;49315.00000;32.69;6.91;32.29;49.27;49.98;-0.354;NEUTRE;0;-82.6;-3;0
2026.04.23 02:00;49374.00000;49388.00000;49325.00000;49333.00000;27.75;7.98;28.69;52.77;48.08;-0.317;NEUTRE;0;-84.5;-3;0
2026.04.23 01:00;49455.00000;49455.00000;49363.00000;49373.00000;23.33;9.20;23.82;47.89;39.36;-0.236;NEUTRE;0;;;0
2026.04.23 00:00;49490.00000;49490.00000;49127.00000;49455.00000;20.11;10.62;27.48;43.56;35.88;-0.071;NEUTRE;0;;;0
2026.04.22 23:00;49481.00000;49498.00000;49474.00000;49490.00000;16.40;12.25;17.01;26.63;31.98;-0.101;NEUTRE;0;-15.9;0;0
2026.04.22 22:00;49513.00000;49513.00000;49467.00000;49481.00000;16.42;14.14;19.62;37.43;31.63;-0.119;NEUTRE;0;-19.4;0;0
2026.04.22 20:00;49662.00000;49669.00000;49416.00000;49489.00000;16.45;16.31;22.64;31.87;21.60;-0.103;NEUTRE;0;-18.5;0;0
2026.04.22 19:00;49546.00000;49677.00000;49519.00000;49661.00000;16.47;18.82;19.86;25.59;16.78;0.244;NEUTRE;0;39.9;1;1
2026.04.22 18:00;49584.00000;49594.00000;49513.00000;49546.00000;18.59;13.63;22.92;7.33;21.81;0.012;NEUTRE;0;2.5;0;1
2026.04.22 17:00;49582.00000;49676.00000;49574.00000;49585.00000;17.55;15.73;14.86;17.41;42.71;0.091;NEUTRE;0;19.2;0;1
2026.04.22 16:00;49661.00000;49690.00000;49572.00000;49582.00000;19.81;18.15;17.14;40.68;61.33;0.085;NEUTRE;0;19.1;0;1
2026.04.22 15:00;49722.00000;49742.00000;49623.00000;49661.00000;22.42;20.94;13.13;70.05;74.40;0.244;NEUTRE;0;46.6;2;1
2026.04.22 14:00;49773.00000;49807.00000;49662.00000;49723.00000;22.34;24.17;10.11;73.27;72.91;0.369;NEUTRE;0;59.7;2;1
2026.04.22 13:00;49608.00000;49779.00000;49597.00000;49773.00000;19.47;24.91;11.67;79.87;70.43;0.470;SOFT_UP;1;67;3;1
2026.04.22 12:00;49640.00000;49725.00000;49607.00000;49610.00000;16.89;24.18;13.46;65.58;59.90;0.141;NEUTRE;0;37.4;1;1
2026.04.22 11:00;49585.00000;49646.00000;49559.00000;49640.00000;15.10;17.60;15.53;65.83;55.03;0.202;NEUTRE;0;50.1;2;1
2026.04.22 10:00;49560.00000;49603.00000;49523.00000;49585.00000;16.47;12.71;17.92;48.28;53.72;0.091;NEUTRE;0;30.6;1;1
2026.04.22 09:00;49563.00000;49609.00000;49530.00000;49558.00000;16.38;14.66;19.33;50.96;60.93;0.036;NEUTRE;0;14.6;0;1
2026.04.22 08:00;49608.00000;49619.00000;49498.00000;49562.00000;16.79;16.92;22.31;61.93;62.24;0.044;NEUTRE;0;19.7;0;1
2026.04.22 07:00;49611.00000;49643.00000;49584.00000;49608.00000;17.26;19.52;14.80;69.89;57.70;0.137;NEUTRE;0;51.8;2;1
2026.04.22 06:00;49600.00000;49624.00000;49556.00000;49612.00000;17.80;17.57;17.08;54.89;52.22;0.145;NEUTRE;0;57.5;2;0
2026.04.22 05:00;49524.00000;49644.00000;49520.00000;49600.00000;20.32;20.27;19.71;48.31;62.00;0.121;NEUTRE;0;57.6;2;0
2026.04.22 04:00;49550.00000;49563.00000;49522.00000;49524.00000;23.23;13.34;22.74;53.45;75.67;-0.032;NEUTRE;0;-27.5;-1;0
2026.04.22 03:00;49572.00000;49585.00000;49540.00000;49549.00000;22.79;15.40;19.49;84.22;87.46;0.018;NEUTRE;0;21.3;0;0
2026.04.22 02:00;49573.00000;49591.00000;49569.00000;49572.00000;24.50;17.76;12.57;89.32;86.66;0.065;NEUTRE;0;64.7;2;0
2026.04.22 01:00;49548.00000;49590.00000;49547.00000;49573.00000;25.63;19.80;14.50;88.82;82.10;0.067;NEUTRE;0;;;0
2026.04.22 00:00;49540.00000;49583.00000;49540.00000;49548.00000;27.20;20.34;16.73;81.84;70.76;0.016;NEUTRE;0;;;0
2026.04.21 23:00;49502.00000;49541.00000;49488.00000;49540.00000;29.89;8.44;19.31;75.63;54.76;-0.332;NEUTRE;0;-43.2;-1;0
2026.04.21 22:00;49526.00000;49539.00000;49495.00000;49502.00000;28.46;9.74;20.25;54.79;36.41;-0.408;SOFT_DOWN;-1;-50.3;-2;0
2026.04.21 20:00;49337.00000;49592.00000;49291.00000;49508.00000;27.45;11.24;23.36;33.87;22.66;-0.396;SOFT_DOWN;-1;-52.2;-2;0
2026.04.21 19:00;49464.00000;49567.00000;49228.00000;49337.00000;26.28;11.69;26.96;20.57;15.11;-0.740;SOFT_DOWN;-1;-68.5;-3;1
2026.04.21 18:00;49486.00000;49527.00000;49379.00000;49464.00000;24.25;13.49;24.25;13.54;9.78;-0.485;SOFT_DOWN;-1;-60.3;-2;1
2026.04.21 17:00;49480.00000;49607.00000;49345.00000;49486.00000;23.59;15.56;27.98;11.23;13.75;-0.441;SOFT_DOWN;-1;-59.3;-2;1
2026.04.21 16:00;49553.00000;49630.00000;49479.00000;49480.00000;22.83;17.96;24.42;4.56;24.73;-0.453;SOFT_DOWN;-1;-61.5;-2;1
2026.04.21 15:00;49627.00000;49657.00000;49491.00000;49552.00000;24.00;20.72;26.95;25.46;48.25;-0.308;NEUTRE;0;-53.2;-2;1
2026.04.21 14:00;49973.00000;50014.00000;49618.00000;49626.00000;25.68;23.91;19.33;44.17;66.16;-0.159;NEUTRE;0;-36.5;-1;1
2026.04.21 13:00;49874.00000;50041.00000;49823.00000;49973.00000;28.00;27.59;14.34;75.11;81.44;0.539;SOFT_UP;1;69.7;3;1
2026.04.21 12:00;49918.00000;49945.00000;49841.00000;49874.00000;27.45;25.05;16.54;79.21;87.01;0.340;NEUTRE;0;61.5;2;1
2026.04.21 11:00;49935.00000;49980.00000;49890.00000;49918.00000;28.52;28.91;11.84;90.01;87.12;0.429;SOFT_UP;1;68.5;3;1
2026.04.21 10:00;49915.00000;49956.00000;49880.00000;49935.00000;26.47;29.25;13.66;91.82;74.84;0.463;SOFT_UP;1;71.6;3;1
2026.04.21 09:00;49738.00000;49917.00000;49710.00000;49914.00000;24.95;25.86;15.76;79.52;59.69;0.420;SOFT_UP;1;71.8;3;1
2026.04.21 08:00;49705.00000;49755.00000;49679.00000;49738.00000;25.05;17.80;18.18;53.18;51.70;0.066;NEUTRE;0;28.2;1;1
2026.04.21 07:00;49718.00000;49746.00000;49664.00000;49705.00000;28.74;18.71;20.98;46.37;52.01;0.000;NEUTRE;0;0;0;1
2026.04.21 06:00;49723.00000;49738.00000;49710.00000;49718.00000;32.28;21.59;15.58;55.56;56.99;0.026;NEUTRE;0;15.7;0;0
2026.04.21 05:00;49717.00000;49767.00000;49716.00000;49723.00000;34.76;24.92;14.68;54.12;60.94;0.036;NEUTRE;0;25.1;1;0
2026.04.21 04:00;49695.00000;49725.00000;49695.00000;49717.00000;36.13;16.08;16.94;61.29;70.13;0.024;NEUTRE;0;21.3;0;0
2026.04.21 03:00;49725.00000;49728.00000;49674.00000;49695.00000;41.29;18.55;19.55;67.41;77.85;-0.020;NEUTRE;0;-23.4;0;0
2026.04.21 02:00;49723.00000;49748.00000;49717.00000;49724.00000;47.25;21.41;10.30;81.68;84.85;0.038;NEUTRE;0;51;2;0
2026.04.21 01:00;49713.00000;49748.00000;49690.00000;49723.00000;49.13;24.70;11.89;84.47;86.61;0.036;NEUTRE;0;;;0
2026.04.21 00:00;49705.00000;49715.00000;49655.00000;49713.00000;51.29;19.75;13.71;88.39;88.61;0.016;NEUTRE;0;;;0
2026.04.20 23:00;49721.00000;49723.00000;49697.00000;49704.00000;56.41;22.78;5.06;86.98;85.60;1.092;STRONG_UP;2;72.1;3;0
2026.04.20 22:00;49703.00000;49736.00000;49700.00000;49721.00000;55.29;26.29;4.06;90.46;78.53;1.127;STRONG_UP;2;73.3;3;0
2026.04.20 20:00;49639.00000;49729.00000;49621.00000;49692.00000;52.53;27.89;4.68;79.38;68.01;1.068;STRONG_UP;2;73.9;3;0
2026.04.20 19:00;49586.00000;49641.00000;49563.00000;49637.00000;49.65;19.64;5.40;65.75;63.17;0.956;STRONG_UP;2;73;3;1
2026.04.20 18:00;49548.00000;49628.00000;49521.00000;49586.00000;48.54;20.10;6.23;58.90;62.95;0.852;STRONG_UP;2;72;3;1
2026.04.20 17:00;49574.00000;49627.00000;49535.00000;49547.00000;47.91;23.19;5.18;64.84;67.85;0.773;SOFT_UP;1;71.3;3;1
2026.04.20 16:00;49602.00000;49605.00000;49514.00000;49574.00000;45.52;23.08;5.98;65.12;71.42;0.828;STRONG_UP;2;73.5;3;1
2026.04.20 15:00;49513.00000;49621.00000;49484.00000;49601.00000;43.47;26.63;6.90;73.59;79.01;0.883;STRONG_UP;2;75.4;3;1
2026.04.20 14:00;49645.00000;49671.00000;49432.00000;49513.00000;41.10;30.73;7.96;75.55;80.52;0.704;SOFT_UP;1;73;3;1
2026.04.20 13:00;49441.00000;49683.00000;49422.00000;49645.00000;38.37;35.46;9.18;87.89;79.96;0.972;STRONG_UP;2;78.4;3;1
2026.04.20 12:00;49402.00000;49466.00000;49380.00000;49441.00000;35.21;28.12;10.60;78.13;75.98;0.557;SOFT_UP;1;71.7;3;1
2026.04.20 11:00;49357.00000;49406.00000;49317.00000;49401.00000;33.67;21.71;12.23;73.87;72.54;0.476;SOFT_UP;1;70.4;3;1
2026.04.20 10:00;49363.00000;49432.00000;49357.00000;49357.00000;34.54;25.05;7.19;75.95;69.74;0.386;NEUTRE;0;68.3;3;1
2026.04.20 09:00;49367.00000;49396.00000;49336.00000;49363.00000;31.34;21.52;8.30;67.80;62.19;0.399;SOFT_UP;1;70.9;3;1
2026.04.20 08:00;49275.00000;49373.00000;49245.00000;49367.00000;29.33;18.94;9.58;65.47;66.47;0.407;SOFT_UP;1;73.2;3;1
2026.04.20 07:00;49321.00000;49370.00000;49243.00000;49276.00000;28.80;21.49;11.05;53.29;71.31;0.222;NEUTRE;0;64.1;2;1
2026.04.20 06:00;49274.00000;49345.00000;49267.00000;49320.00000;28.29;21.77;12.75;80.64;83.23;0.311;NEUTRE;0;73.5;3;0
2026.04.20 05:00;49299.00000;49302.00000;49242.00000;49273.00000;28.62;16.64;14.71;80.00;75.28;0.216;NEUTRE;0;70.4;3;0
2026.04.20 04:00;49269.00000;49307.00000;49262.00000;49299.00000;32.08;19.20;11.84;89.05;61.60;0.268;NEUTRE;0;77.1;3;0
2026.04.20 03:00;49295.00000;49310.00000;49267.00000;49269.00000;33.37;22.15;11.96;56.80;39.55;0.207;NEUTRE;0;77.4;3;0
2026.04.20 02:00;49297.00000;49301.00000;49275.00000;49295.00000;33.90;22.34;13.80;38.96;26.10;0.260;NEUTRE;0;83.3;3;0
2026.04.20 01:00;49207.00000;49305.00000;49207.00000;49297.00000;35.48;25.78;15.92;22.90;18.29;0.264;NEUTRE;0;;;0
2026.04.20 00:00;49167.00000;49228.00000;49139.00000;49207.00000;37.30;17.65;18.37;16.44;15.84;0.081;NEUTRE;0;;;0
2026.04.19 23:00;49215.00000;49232.00000;49142.00000;49168.00000;42.73;20.37;20.68;15.52;18.33;-0.260;NEUTRE;0;-36.3;-1;0
2026.04.19 22:00;49296.00000;49296.00000;49081.00000;49215.00000;49.19;23.50;23.86;15.56;29.22;-0.164;NEUTRE;0;-25.9;-1;0
2026.04.17 20:00;49637.00000;49672.00000;49624.00000;49665.00000;56.65;27.12;13.22;23.90;49.55;1.670;EXPLOSIVE_UP;3;79.6;3;0
2026.04.17 19:00;49652.00000;49693.00000;49604.00000;49637.00000;60.06;31.29;15.26;48.21;71.98;1.613;EXPLOSIVE_UP;3;79.7;3;1
2026.04.17 18:00;49739.00000;49751.00000;49636.00000;49652.00000;64.00;36.11;12.07;76.55;87.71;1.644;EXPLOSIVE_UP;3;80.4;3;1
2026.04.17 17:00;49899.00000;49910.00000;49659.00000;49738.00000;66.17;41.66;10.85;91.18;93.72;1.820;EXPLOSIVE_UP;3;81.8;3;1
2026.04.17 16:00;49855.00000;49922.00000;49820.00000;49899.00000;67.33;48.07;2.65;95.39;94.55;2.149;EXPLOSIVE_UP;3;83.5;3;1
2026.04.17 15:00;49759.00000;49872.00000;49701.00000;49855.00000;63.91;47.92;3.06;94.58;94.91;2.059;EXPLOSIVE_UP;3;83.6;3;1
2026.04.17 14:00;49514.00000;49848.00000;49491.00000;49759.00000;60.21;53.14;3.53;93.68;95.61;1.863;EXPLOSIVE_UP;3;83.4;3;1
2026.04.17 13:00;49328.00000;49543.00000;49244.00000;49513.00000;56.01;48.17;4.08;96.48;95.52;1.359;STRONG_UP;2;81.6;3;1
2026.04.17 12:00;49009.00000;49335.00000;48997.00000;49327.00000;51.64;44.88;4.70;96.67;94.47;0.979;STRONG_UP;2;79.3;3;1
2026.04.17 11:00;48938.00000;49013.00000;48935.00000;49008.00000;47.12;37.12;5.43;93.42;93.44;0.325;NEUTRE;0;62.5;2;1
2026.04.17 10:00;48938.00000;48940.00000;48912.00000;48938.00000;42.91;28.44;6.26;93.31;91.28;0.182;NEUTRE;0;49.8;2;1
2026.04.17 09:00;48927.00000;48948.00000;48909.00000;48938.00000;39.68;32.81;7.23;93.59;88.32;0.182;NEUTRE;0;52.8;2;1
2026.04.17 08:00;48911.00000;48931.00000;48896.00000;48928.00000;35.95;31.15;8.34;86.94;82.68;0.162;NEUTRE;0;52.8;2;1
2026.04.17 07:00;48866.00000;48920.00000;48866.00000;48911.00000;32.59;31.11;9.62;84.43;74.34;0.127;NEUTRE;0;49.7;2;1
2026.04.17 06:00;48877.00000;48892.00000;48843.00000;48866.00000;29.49;27.92;11.10;76.67;59.05;0.035;NEUTRE;0;20.8;0;0
2026.04.17 05:00;48843.00000;48880.00000;48820.00000;48877.00000;27.40;28.45;12.81;61.94;51.23;0.057;NEUTRE;0;36.6;1;0
2026.04.17 04:00;48823.00000;48856.00000;48821.00000;48843.00000;25.78;26.67;14.78;38.56;54.27;-0.012;NEUTRE;0;-11;0;0
2026.04.17 03:00;48829.00000;48832.00000;48816.00000;48824.00000;25.33;20.23;17.05;53.18;69.27;-0.051;NEUTRE;0;-47.9;-2;0
2026.04.17 02:00;48843.00000;48847.00000;48818.00000;48829.00000;27.92;23.34;17.75;71.05;81.75;-0.041;NEUTRE;0;-53.1;-2;0
2026.04.17 01:00;48839.00000;48849.00000;48829.00000;48845.00000;30.12;26.93;14.65;83.57;89.69;-0.008;NEUTRE;0;;;0
2026.04.17 00:00;48849.00000;48850.00000;48816.00000;48839.00000;30.21;31.07;16.90;90.61;92.28;-0.020;NEUTRE;0;;;0
2026.04.16 23:00;48845.00000;48867.00000;48838.00000;48849.00000;30.32;35.85;9.55;94.87;90.32;0.236;NEUTRE;0;33.7;1;0
2026.04.16 22:00;48808.00000;48848.00000;48805.00000;48845.00000;26.07;31.29;11.02;91.35;81.34;0.228;NEUTRE;0;34;1;0
2026.04.16 20:00;48763.00000;48831.00000;48760.00000;48822.00000;22.71;30.02;12.71;84.74;69.84;0.181;NEUTRE;0;30.5;1;0
2026.04.16 19:00;48735.00000;48803.00000;48732.00000;48763.00000;19.98;28.57;14.67;67.94;59.59;0.060;NEUTRE;0;11.6;0;1
2026.04.16 18:00;48705.00000;48774.00000;48695.00000;48735.00000;18.10;26.68;16.93;56.85;52.15;0.002;NEUTRE;0;0.4;0;1
2026.04.16 17:00;48676.00000;48733.00000;48633.00000;48705.00000;17.45;22.80;19.53;53.98;46.16;-0.060;NEUTRE;0;-12.9;0;1
2026.04.16 16:00;48754.00000;48784.00000;48666.00000;48675.00000;18.95;26.31;17.46;45.62;40.41;-0.121;NEUTRE;0;-26.2;-1;1
2026.04.16 15:00;48620.00000;48769.00000;48615.00000;48753.00000;18.75;28.40;20.14;38.88;43.38;0.039;NEUTRE;0;9.6;0;1
2026.04.16 14:00;48648.00000;48658.00000;48528.00000;48620.00000;19.02;21.68;23.24;36.71;57.75;-0.234;NEUTRE;0;-47.4;-2;1
2026.04.16 13:00;48783.00000;48867.00000;48596.00000;48648.00000;21.41;25.01;18.77;54.55;65.81;-0.176;NEUTRE;0;-41.4;-1;1
2026.04.16 12:00;48750.00000;48798.00000;48741.00000;48783.00000;22.51;28.86;13.43;82.01;59.69;0.101;NEUTRE;0;28.7;1;1
2026.04.16 11:00;48699.00000;48755.00000;48648.00000;48749.00000;20.36;21.70;15.49;60.89;40.54;0.031;NEUTRE;0;10.4;0;1
2026.04.16 10:00;48679.00000;48722.00000;48679.00000;48699.00000;20.93;20.29;17.88;36.18;31.31;-0.072;NEUTRE;0;-25.1;-1;1
2026.04.16 09:00;48682.00000;48692.00000;48662.00000;48679.00000;23.18;12.68;20.63;24.57;30.24;-0.113;NEUTRE;0;-39.2;-1;1
2026.04.16 08:00;48692.00000;48701.00000;48657.00000;48682.00000;23.07;14.63;23.80;33.17;33.05;-0.107;NEUTRE;0;-41;-1;1
2026.04.16 07:00;48730.00000;48734.00000;48682.00000;48692.00000;22.94;16.88;18.72;32.99;27.20;-0.086;NEUTRE;0;-38.6;-1;1
2026.04.16 06:00;48718.00000;48739.00000;48714.00000;48730.00000;25.67;19.47;12.14;32.99;26.01;-0.008;NEUTRE;0;-5;0;0
2026.04.16 05:00;48713.00000;48726.00000;48697.00000;48718.00000;26.05;14.47;14.00;15.61;33.37;-0.033;NEUTRE;0;-23.2;0;0
2026.04.16 04:00;48709.00000;48722.00000;48701.00000;48712.00000;29.81;16.69;16.16;29.44;53.99;-0.045;NEUTRE;0;-36.2;-1;0
2026.04.16 03:00;48732.00000;48750.00000;48709.00000;48709.00000;34.14;19.26;12.78;55.05;73.64;-0.051;NEUTRE;0;-47.9;-2;0
2026.04.16 02:00;48737.00000;48752.00000;48726.00000;48732.00000;36.29;22.23;8.37;77.49;86.84;-0.004;NEUTRE;0;-7.4;0;0
2026.04.16 01:00;48759.00000;48768.00000;48729.00000;48737.00000;34.90;25.65;7.88;88.39;92.43;0.006;NEUTRE;0;;;0
2026.04.16 00:00;48734.00000;48772.00000;48723.00000;48759.00000;32.12;29.59;9.10;94.63;92.87;0.051;NEUTRE;0;;;0
2026.04.15 23:00;48722.00000;48740.00000;48711.00000;48734.00000;28.91;24.10;10.50;94.26;91.43;-0.043;NEUTRE;0;-6.9;0;0
2026.04.15 22:00;48681.00000;48732.00000;48675.00000;48723.00000;27.31;23.56;12.11;89.73;78.89;-0.066;NEUTRE;0;-11;0;0
2026.04.15 20:00;48665.00000;48717.00000;48625.00000;48697.00000;26.58;23.14;13.97;90.30;59.94;-0.119;NEUTRE;0;-21.2;0;0
2026.04.15 19:00;48677.00000;48704.00000;48625.00000;48665.00000;26.87;24.52;16.12;56.64;33.99;-0.185;NEUTRE;0;-32.3;-1;1
2026.04.15 18:00;48584.00000;48682.00000;48569.00000;48677.00000;27.82;24.01;18.60;32.89;16.85;-0.160;NEUTRE;0;-30;-1;1
2026.04.15 17:00;48530.00000;48603.00000;48529.00000;48583.00000;30.15;16.95;21.47;12.45;8.06;-0.353;NEUTRE;0;-53.5;-2;1
2026.04.15 16:00;48507.00000;48543.00000;48481.00000;48530.00000;32.98;7.08;24.77;5.20;12.04;-0.461;SOFT_DOWN;-1;-61.9;-2;1
2026.04.15 15:00;48539.00000;48606.00000;48501.00000;48507.00000;29.51;8.17;23.62;6.54;26.40;-0.509;SOFT_DOWN;-1;-65.6;-3;1
2026.04.15 14:00;48664.00000;48665.00000;48530.00000;48538.00000;26.57;9.43;23.00;24.37;46.29;-0.445;SOFT_DOWN;-1;-64.2;-2;1
2026.04.15 13:00;48803.00000;48908.00000;48607.00000;48664.00000;24.22;10.88;17.76;48.30;54.13;-0.187;NEUTRE;0;-43.1;-1;1
2026.04.15 12:00;48766.00000;48810.00000;48720.00000;48802.00000;24.25;12.55;14.72;66.21;50.42;0.096;NEUTRE;0;27.5;1;1
2026.04.15 11:00;48714.00000;48821.00000;48701.00000;48765.00000;26.75;14.48;16.99;47.88;40.14;0.021;NEUTRE;0;7.1;0;1
2026.04.15 10:00;48713.00000;48751.00000;48663.00000;48714.00000;29.64;7.73;19.60;37.16;39.71;-0.084;NEUTRE;0;-28.6;-1;1
2026.04.15 09:00;48737.00000;48752.00000;48674.00000;48713.00000;27.52;8.92;20.69;35.37;42.60;-0.086;NEUTRE;0;-31.9;-1;1
2026.04.15 08:00;48736.00000;48752.00000;48706.00000;48737.00000;25.65;10.30;17.56;46.59;46.49;-0.037;NEUTRE;0;-16.7;0;1
2026.04.15 07:00;48762.00000;48764.00000;48717.00000;48736.00000;25.58;11.88;16.58;45.83;45.58;-0.039;NEUTRE;0;-19.9;0;1
2026.04.15 06:00;48735.00000;48788.00000;48735.00000;48762.00000;26.97;13.71;13.24;47.06;43.80;0.014;NEUTRE;0;8.6;0;0
2026.04.15 05:00;48744.00000;48792.00000;48704.00000;48735.00000;30.86;15.82;15.28;43.84;43.68;-0.041;NEUTRE;0;-28.1;-1;0
2026.04.15 04:00;48763.00000;48766.00000;48742.00000;48744.00000;35.34;18.25;10.99;40.50;45.66;-0.023;NEUTRE;0;-20.5;0;0
2026.04.15 03:00;48737.00000;48772.00000;48733.00000;48763.00000;36.96;21.06;12.68;46.70;53.88;0.016;NEUTRE;0;19.1;0;0
2026.04.15 02:00;48765.00000;48765.00000;48721.00000;48737.00000;38.82;21.54;14.63;49.79;60.15;-0.037;NEUTRE;0;-50.3;-2;0
2026.04.15 01:00;48765.00000;48783.00000;48753.00000;48765.00000;41.86;24.85;5.69;65.15;67.81;0.021;NEUTRE;0;;;0
2026.04.15 00:00;48755.00000;48766.00000;48744.00000;48765.00000;38.65;19.96;6.57;65.52;70.66;0.021;NEUTRE;0;;;0
2026.04.14 23:00;48745.00000;48790.00000;48743.00000;48755.00000;36.83;23.03;7.58;72.76;73.66;0.692;SOFT_UP;1;62.9;2;0
2026.04.14 22:00;48742.00000;48762.00000;48731.00000;48745.00000;34.73;17.40;8.75;73.69;75.59;0.671;SOFT_UP;1;63.2;2;0
2026.04.14 20:00;48758.00000;48789.00000;48739.00000;48781.00000;34.98;20.08;7.63;74.52;76.96;0.746;SOFT_UP;1;67.6;3;0
2026.04.14 19:00;48704.00000;48805.00000;48698.00000;48758.00000;33.45;23.17;8.80;78.56;80.48;0.698;SOFT_UP;1;67.3;3;1
2026.04.14 18:00;48717.00000;48752.00000;48641.00000;48704.00000;31.69;19.11;10.16;77.80;83.86;0.587;SOFT_UP;1;64.8;2;1
2026.04.14 17:00;48667.00000;48749.00000;48667.00000;48717.00000;31.85;22.05;8.12;85.07;88.28;0.613;SOFT_UP;1;66.9;3;1
2026.04.14 16:00;48742.00000;48744.00000;48657.00000;48667.00000;29.65;24.51;9.37;88.71;87.97;0.510;SOFT_UP;1;64.2;2;1
2026.04.14 15:00;48699.00000;48766.00000;48635.00000;48742.00000;27.33;28.28;10.81;91.05;81.36;0.665;SOFT_UP;1;70.9;3;1
2026.04.14 14:00;48586.00000;48704.00000;48578.00000;48699.00000;24.66;25.35;12.47;84.13;66.77;0.576;SOFT_UP;1;69.5;3;1
2026.04.14 13:00;48467.00000;48650.00000;48387.00000;48584.00000;23.22;22.65;14.39;68.91;51.54;0.339;NEUTRE;0;59.5;2;1
2026.04.14 12:00;48451.00000;48498.00000;48424.00000;48467.00000;23.36;17.25;16.60;47.27;44.37;0.097;NEUTRE;0;27.7;1;1
2026.04.14 11:00;48380.00000;48485.00000;48372.00000;48450.00000;26.66;17.20;19.16;38.46;51.98;0.062;NEUTRE;0;20.1;0;1
2026.04.14 10:00;48446.00000;48492.00000;48343.00000;48380.00000;29.93;19.84;22.10;47.39;66.51;-0.083;NEUTRE;0;-28.4;-1;1
2026.04.14 09:00;48515.00000;48532.00000;48435.00000;48446.00000;33.70;22.90;16.01;70.08;69.53;0.054;NEUTRE;0;21.3;0;1
2026.04.14 08:00;48476.00000;48519.00000;48461.00000;48515.00000;36.16;26.42;14.34;82.06;58.93;0.196;NEUTRE;0;57.9;2;1
2026.04.14 07:00;48425.00000;48500.00000;48415.00000;48476.00000;37.17;25.45;16.55;56.47;43.28;0.116;NEUTRE;0;47.1;2;1
2026.04.14 06:00;48401.00000;48440.00000;48390.00000;48426.00000;39.63;18.50;19.10;38.25;41.04;0.012;NEUTRE;0;7.4;0;0
2026.04.14 05:00;48416.00000;48417.00000;48392.00000;48401.00000;45.48;14.27;22.04;35.14;47.04;-0.039;NEUTRE;0;-26.9;-1;0
2026.04.14 04:00;48422.00000;48428.00000;48412.00000;48416.00000;49.19;16.46;13.12;49.74;61.75;-0.008;NEUTRE;0;-7.4;0;0
2026.04.14 03:00;48430.00000;48430.00000;48408.00000;48422.00000;55.01;19.00;15.14;56.25;73.95;0.004;NEUTRE;0;5;0;0
2026.04.14 02:00;48430.00000;48452.00000;48424.00000;48429.00000;61.74;21.92;6.28;79.27;85.55;0.019;NEUTRE;0;31.7;1;0
2026.04.14 01:00;48432.00000;48448.00000;48413.00000;48430.00000;62.70;23.10;7.24;86.33;90.70;0.021;NEUTRE;0;;;0
2026.04.14 00:00;48420.00000;48445.00000;48391.00000;48432.00000;64.30;25.33;8.35;91.06;94.16;0.025;NEUTRE;0;;;0
2026.04.13 23:00;48435.00000;48455.00000;48415.00000;48420.00000;66.44;29.23;2.80;94.71;96.04;1.654;EXPLOSIVE_UP;3;77.9;3;0
2026.04.13 22:00;48430.00000;48449.00000;48421.00000;48435.00000;63.97;33.72;3.23;96.72;95.75;1.686;EXPLOSIVE_UP;3;78.7;3;0
2026.04.13 20:00;48420.00000;48455.00000;48404.00000;48445.00000;61.12;38.91;3.73;96.67;93.95;1.707;EXPLOSIVE_UP;3;79.8;3;0
2026.04.13 19:00;48229.00000;48438.00000;48226.00000;48418.00000;57.83;39.77;4.30;93.86;90.25;1.650;EXPLOSIVE_UP;3;80;3;1
2026.04.13 18:00;48141.00000;48253.00000;48141.00000;48229.00000;54.35;32.46;4.97;91.32;87.07;1.253;STRONG_UP;2;77.5;3;1
2026.04.13 17:00;48132.00000;48191.00000;48126.00000;48140.00000;51.41;29.02;5.73;85.59;84.13;1.067;STRONG_UP;2;76.2;3;1
2026.04.13 16:00;47883.00000;48188.00000;47870.00000;48132.00000;49.01;32.77;6.61;84.29;77.39;1.050;STRONG_UP;2;76.8;3;1
2026.04.13 15:00;47939.00000;47940.00000;47826.00000;47885.00000;46.33;25.81;7.63;82.52;61.93;0.531;SOFT_UP;1;66.5;3;1
2026.04.13 14:00;47940.00000;47988.00000;47826.00000;47939.00000;45.09;29.78;8.80;65.35;41.65;0.645;SOFT_UP;1;71.5;3;1
2026.04.13 13:00;47691.00000;47951.00000;47683.00000;47940.00000;43.66;30.85;10.16;37.92;30.16;0.647;SOFT_UP;1;72.8;3;1
2026.04.13 12:00;47632.00000;47692.00000;47614.00000;47690.00000;42.62;20.73;11.72;21.67;41.96;0.122;NEUTRE;0;33.5;1;1
2026.04.13 11:00;47914.00000;47984.00000;47613.00000;47631.00000;44.90;23.92;13.52;30.88;59.54;-0.002;NEUTRE;0;-0.7;0;1
2026.04.13 10:00;47871.00000;47915.00000;47863.00000;47914.00000;47.54;27.60;5.24;73.33;76.51;0.592;SOFT_UP;1;75.4;3;1
2026.04.13 09:00;47887.00000;47925.00000;47861.00000;47871.00000;44.38;31.85;6.04;74.40;80.46;0.502;SOFT_UP;1;74.6;3;1
2026.04.13 08:00;47870.00000;47932.00000;47851.00000;47887.00000;40.73;36.75;6.97;81.80;85.35;0.535;SOFT_UP;1;77.1;3;1
2026.04.13 07:00;47860.00000;47902.00000;47854.00000;47870.00000;36.52;36.70;8.05;85.19;87.05;0.500;SOFT_UP;1;77.9;3;1
2026.04.13 06:00;47825.00000;47884.00000;47825.00000;47860.00000;32.28;36.58;9.28;89.07;88.24;0.479;SOFT_UP;1;79.1;3;0
2026.04.13 05:00;47794.00000;47836.00000;47785.00000;47824.00000;28.09;29.90;10.71;86.89;77.02;0.403;SOFT_UP;1;79.2;3;0
2026.04.13 04:00;47731.00000;47812.00000;47721.00000;47794.00000;25.15;27.26;12.36;88.75;61.80;0.340;NEUTRE;0;79.7;3;0
2026.04.13 03:00;47755.00000;47762.00000;47728.00000;47731.00000;23.23;23.00;14.26;55.41;40.94;0.208;NEUTRE;0;77.5;3;0
2026.04.13 02:00;47751.00000;47758.00000;47724.00000;47755.00000;23.19;24.73;16.46;41.24;28.84;0.258;NEUTRE;0;83.2;3;0
2026.04.13 01:00;47724.00000;47771.00000;47723.00000;47750.00000;23.67;28.53;18.99;26.18;21.78;0.248;NEUTRE;0;;;0
2026.04.13 00:00;47632.00000;47725.00000;47596.00000;47724.00000;24.22;18.18;21.91;19.08;21.21;0.193;NEUTRE;0;;;0
2026.04.12 23:00;47611.00000;47634.00000;47568.00000;47631.00000;26.52;10.12;25.28;20.07;27.55;0.015;NEUTRE;0;2.4;0;0
2026.04.12 22:00;47624.00000;47715.00000;47532.00000;47612.00000;24.01;11.68;29.17;24.46;28.71;-0.025;NEUTRE;0;-4.2;0;0
2026.04.10 20:00;48132.00000;48180.00000;48092.00000;48175.00000;21.12;13.48;20.26;38.10;26.72;-0.411;SOFT_DOWN;-1;-53.2;-2;0
2026.04.10 19:00;48142.00000;48159.00000;48072.00000;48128.00000;21.28;11.88;23.38;23.56;18.06;-0.509;SOFT_DOWN;-1;-60.1;-2;1
2026.04.10 18:00;48150.00000;48176.00000;48113.00000;48142.00000;19.54;13.71;19.72;18.48;15.14;-0.480;SOFT_DOWN;-1;-60;-2;1
2026.04.10 17:00;48123.00000;48155.00000;48074.00000;48151.00000;19.78;10.69;22.76;12.14;15.61;-0.461;SOFT_DOWN;-1;-60.4;-2;1
2026.04.10 16:00;48156.00000;48181.00000;48072.00000;48123.00000;17.27;12.33;26.26;14.80;23.45;-0.519;SOFT_DOWN;-1;-64.6;-2;1
2026.04.10 15:00;48261.00000;48292.00000;48144.00000;48156.00000;14.38;14.23;20.13;19.91;33.83;-0.451;SOFT_DOWN;-1;-62.9;-2;1
2026.04.10 14:00;48246.00000;48344.00000;48200.00000;48260.00000;13.95;16.42;17.41;35.64;50.00;-0.236;NEUTRE;0;-47.6;-2;1
2026.04.10 13:00;48411.00000;48450.00000;48154.00000;48247.00000;15.64;18.95;20.09;45.94;63.22;-0.263;NEUTRE;0;-52.8;-2;1
2026.04.10 12:00;48386.00000;48504.00000;48378.00000;48411.00000;17.60;21.86;11.54;68.42;66.39;0.076;NEUTRE;0;22.4;0;1
2026.04.10 11:00;48385.00000;48422.00000;48369.00000;48386.00000;15.55;15.22;13.31;75.31;60.74;0.025;NEUTRE;0;8.4;0;1
2026.04.10 10:00;48374.00000;48402.00000;48337.00000;48384.00000;16.92;11.75;15.36;55.43;46.03;0.021;NEUTRE;0;7.8;0;1
2026.04.10 09:00;48288.00000;48411.00000;48288.00000;48375.00000;17.47;13.56;17.72;51.47;40.61;0.002;NEUTRE;0;0.8;0;1
2026.04.10 08:00;48378.00000;48382.00000;48281.00000;48288.00000;18.11;12.02;20.45;31.20;28.46;-0.178;NEUTRE;0;-55.4;-2;1
2026.04.10 07:00;48334.00000;48389.00000;48322.00000;48377.00000;16.90;13.87;17.35;39.15;25.04;0.006;NEUTRE;0;3.2;0;1
2026.04.10 06:00;48360.00000;48362.00000;48320.00000;48334.00000;17.79;9.80;20.02;15.02;18.37;-0.083;NEUTRE;0;-42;-1;0
2026.04.10 05:00;48354.00000;48374.00000;48352.00000;48360.00000;15.25;11.31;11.38;20.95;24.79;-0.029;NEUTRE;0;-20.7;0;0
2026.04.10 04:00;48374.00000;48377.00000;48351.00000;48354.00000;17.55;13.05;13.13;19.14;28.60;-0.041;NEUTRE;0;-33.7;-1;0
2026.04.10 03:00;48357.00000;48382.00000;48348.00000;48374.00000;20.20;15.05;15.15;34.27;30.74;0.000;NEUTRE;0;0;0;0
2026.04.10 02:00;48390.00000;48393.00000;48349.00000;48357.00000;23.26;17.37;17.03;32.37;24.12;-0.035;NEUTRE;0;-48.7;-2;0
2026.04.10 01:00;48393.00000;48418.00000;48370.00000;48390.00000;26.68;20.04;12.31;25.58;20.27;0.033;NEUTRE;0;;;0
2026.04.10 00:00;48374.00000;48399.00000;48351.00000;48394.00000;27.11;17.04;14.20;14.40;29.77;0.041;NEUTRE;0;;;0
2026.04.09 23:00;48373.00000;48392.00000;48356.00000;48373.00000;29.88;17.41;16.38;20.83;48.04;0.591;SOFT_UP;1;59.1;2;0
2026.04.09 22:00;48390.00000;48409.00000;48359.00000;48372.00000;34.01;20.09;17.62;54.10;68.64;0.588;SOFT_UP;1;60.1;2;0
2026.04.09 20:00;48408.00000;48425.00000;48380.00000;48397.00000;38.23;23.18;13.87;69.21;80.61;0.640;SOFT_UP;1;64.3;2;0
2026.04.09 19:00;48406.00000;48486.00000;48394.00000;48408.00000;40.25;26.75;11.22;82.62;90.10;0.663;SOFT_UP;1;66.2;3;1
2026.04.09 18:00;48527.00000;48534.00000;48386.00000;48406.00000;40.15;30.87;12.94;90.01;93.17;0.659;SOFT_UP;1;67.2;3;1
2026.04.09 17:00;48467.00000;48553.00000;48452.00000;48527.00000;40.03;35.61;8.07;97.67;92.62;0.911;STRONG_UP;2;74;3;1
2026.04.09 16:00;48296.00000;48471.00000;48296.00000;48466.00000;36.49;28.60;9.32;91.85;85.50;0.784;SOFT_UP;1;72.6;3;1
2026.04.09 15:00;48016.00000;48302.00000;47954.00000;48296.00000;34.28;18.15;10.75;88.35;78.00;0.430;SOFT_UP;1;61.8;2;1
2026.04.09 14:00;48089.00000;48099.00000;47970.00000;48016.00000;35.62;11.96;12.40;76.32;59.22;-0.152;NEUTRE;0;-35.2;-1;1
2026.04.09 13:00;47982.00000;48094.00000;47921.00000;48090.00000;40.82;13.21;14.31;69.34;40.92;0.002;NEUTRE;0;0.6;0;1
2026.04.09 12:00;47963.00000;48015.00000;47931.00000;47981.00000;46.48;8.21;16.51;31.99;21.77;-0.225;NEUTRE;0;-50.6;-2;1
2026.04.09 11:00;47929.00000;47981.00000;47899.00000;47963.00000;48.47;3.25;19.05;21.42;17.17;-0.262;NEUTRE;0;-57.2;-2;1
2026.04.09 10:00;47970.00000;47988.00000;47926.00000;47929.00000;45.02;3.75;16.92;11.92;16.62;-0.333;NEUTRE;0;-65.2;-3;1
2026.04.09 09:00;47943.00000;47985.00000;47924.00000;47970.00000;42.15;3.58;19.52;18.18;23.73;-0.247;NEUTRE;0;-60.7;-2;1
2026.04.09 08:00;47979.00000;47993.00000;47930.00000;47943.00000;38.02;4.13;21.01;19.76;29.29;-0.304;NEUTRE;0;-68;-3;1
2026.04.09 07:00;48059.00000;48074.00000;47944.00000;47979.00000;33.54;4.77;20.83;33.23;33.52;-0.229;NEUTRE;0;-64.8;-2;1
2026.04.09 06:00;48073.00000;48105.00000;48021.00000;48056.00000;29.05;5.50;14.92;34.87;29.92;-0.069;NEUTRE;0;-36.8;-1;0
2026.04.09 05:00;48062.00000;48102.00000;48033.00000;48072.00000;26.43;6.35;15.02;32.47;27.62;-0.035;NEUTRE;0;-24.5;0;0
2026.04.09 04:00;48076.00000;48086.00000;48053.00000;48061.00000;24.25;7.33;12.87;22.41;34.35;-0.058;NEUTRE;0;-43.3;-1;0
2026.04.09 03:00;48060.00000;48083.00000;48044.00000;48076.00000;23.76;7.06;14.85;27.97;49.12;-0.027;NEUTRE;0;-30.3;-1;0
2026.04.09 02:00;48083.00000;48093.00000;48060.00000;48060.00000;21.94;8.14;10.82;52.68;65.15;-0.060;NEUTRE;0;-62.9;-2;0
2026.04.09 01:00;48100.00000;48116.00000;48051.00000;48083.00000;23.15;9.39;12.49;66.72;73.09;-0.012;NEUTRE;0;;;0
2026.04.09 00:00;48089.00000;48138.00000;48044.00000;48100.00000;24.53;10.84;14.41;76.06;79.06;0.023;NEUTRE;0;;;0
2026.04.08 23:00;48108.00000;48138.00000;48082.00000;48089.00000;26.13;12.51;10.40;76.49;75.76;0.733;SOFT_UP;1;64.2;2;0
2026.04.08 22:00;48114.00000;48146.00000;48086.00000;48108.00000;28.74;14.43;10.91;84.62;71.10;0.773;SOFT_UP;1;66.4;3;0
2026.04.08 20:00;48139.00000;48159.00000;48087.00000;48103.00000;31.02;16.65;12.33;66.17;60.32;0.762;SOFT_UP;1;68;3;0
2026.04.08 19:00;47918.00000;48156.00000;47909.00000;48138.00000;33.50;18.57;14.22;62.50;57.48;0.836;STRONG_UP;2;70.7;3;1
2026.04.08 18:00;48086.00000;48158.00000;47908.00000;47918.00000;36.61;21.43;16.41;52.28;50.74;0.375;NEUTRE;0;53.6;2;1
2026.04.08 17:00;48050.00000;48092.00000;47986.00000;48086.00000;40.21;24.73;14.14;57.66;47.35;0.727;SOFT_UP;1;70.2;3;1
2026.04.08 16:00;48044.00000;48097.00000;48007.00000;48050.00000;42.20;28.53;13.26;42.27;42.66;0.651;SOFT_UP;1;69.3;3;1
2026.04.08 15:00;47869.00000;48060.00000;47834.00000;48044.00000;43.07;26.60;15.30;42.13;51.48;0.639;SOFT_UP;1;70.2;3;1
2026.04.08 14:00;48116.00000;48163.00000;47789.00000;47869.00000;45.55;30.69;17.66;43.59;63.23;0.272;NEUTRE;0;51.6;2;1
2026.04.08 13:00;48039.00000;48259.00000;48028.00000;48118.00000;48.42;35.41;10.54;68.72;76.36;0.794;SOFT_UP;1;75.9;3;1
2026.04.08 12:00;48087.00000;48109.00000;47935.00000;48039.00000;47.54;30.87;12.17;77.39;80.34;0.628;SOFT_UP;1;73.6;3;1
2026.04.08 11:00;48043.00000;48142.00000;47999.00000;48086.00000;48.17;35.61;8.38;82.96;74.20;0.727;SOFT_UP;1;76.9;3;1
2026.04.08 10:00;47980.00000;48076.00000;47948.00000;48043.00000;46.06;33.99;9.67;80.68;65.48;0.637;SOFT_UP;1;76.4;3;1
2026.04.08 09:00;47928.00000;48015.00000;47910.00000;47981.00000;44.57;31.89;11.16;58.95;61.62;0.507;SOFT_UP;1;74.7;3;1
2026.04.08 08:00;47848.00000;47930.00000;47837.00000;47929.00000;44.02;24.34;12.87;56.82;70.42;0.398;SOFT_UP;1;72.8;3;1
2026.04.08 07:00;47922.00000;47953.00000;47845.00000;47850.00000;46.05;28.09;13.53;69.10;80.36;0.233;NEUTRE;0;65.2;3;1
2026.04.08 06:00;47946.00000;47970.00000;47916.00000;47922.00000;47.75;32.41;5.50;85.34;88.76;0.383;NEUTRE;0;76.5;3;0
2026.04.08 05:00;47855.00000;47964.00000;47837.00000;47946.00000;44.18;35.69;6.34;86.62;92.49;0.434;SOFT_UP;1;80;3;0
2026.04.08 04:00;47828.00000;47891.00000;47828.00000;47855.00000;40.23;32.33;7.32;94.32;95.78;0.243;NEUTRE;0;75.8;3;0
2026.04.08 03:00;47858.00000;47873.00000;47815.00000;47828.00000;36.72;32.91;8.45;96.54;95.96;0.186;NEUTRE;0;76.1;3;0
2026.04.08 02:00;47783.00000;47862.00000;47783.00000;47857.00000;33.27;35.06;9.75;96.47;95.66;0.247;NEUTRE;0;82.9;3;0
2026.04.08 01:00;47726.00000;47806.00000;47704.00000;47783.00000;29.69;29.55;11.24;94.88;95.27;0.092;NEUTRE;0;;;0
2026.04.08 00:00;47739.00000;47772.00000;47642.00000;47727.00000;27.36;28.96;12.97;95.64;95.33;-0.025;NEUTRE;0;;;0
2026.04.07 23:00;47758.00000;47813.00000;47679.00000;47738.00000;25.70;33.42;10.59;95.29;86.71;1.733;EXPLOSIVE_UP;3;78.5;3;0
2026.04.07 22:00;47199.00000;47770.00000;46827.00000;47757.00000;21.68;33.62;12.22;95.05;75.97;1.773;EXPLOSIVE_UP;3;79.2;3;0
2026.04.07 20:00;46813.00000;46927.00000;46768.00000;46869.00000;17.83;25.04;14.10;69.77;61.05;-0.119;NEUTRE;0;-21.2;0;0
2026.04.07 19:00;46527.00000;46848.00000;46469.00000;46811.00000;16.27;21.25;16.27;63.09;53.91;-0.243;NEUTRE;0;-39.8;-1;1
2026.04.07 18:00;46707.00000;46737.00000;46483.00000;46528.00000;16.73;20.01;18.78;50.28;42.96;-0.846;STRONG_DOWN;-2;-71.9;-3;1
2026.04.07 17:00;46662.00000;46820.00000;46623.00000;46706.00000;18.82;23.09;13.18;48.37;31.47;-0.467;SOFT_DOWN;-1;-60.8;-2;1
2026.04.07 16:00;46525.00000;46766.00000;46525.00000;46662.00000;17.51;22.43;15.21;30.23;21.89;-0.560;SOFT_DOWN;-1;-66.3;-3;1
2026.04.07 15:00;46549.00000;46582.00000;46423.00000;46526.00000;17.25;14.13;17.55;15.79;18.20;-0.850;STRONG_DOWN;-2;-74.8;-3;1
2026.04.07 14:00;46580.00000;46763.00000;46453.00000;46550.00000;18.25;16.31;17.35;19.64;19.72;-0.799;SOFT_DOWN;-1;-74.9;-3;1
2026.04.07 13:00;46757.00000;46831.00000;46541.00000;46579.00000;20.58;18.82;15.65;19.16;23.78;-0.737;SOFT_DOWN;-1;-74.8;-3;1
2026.04.07 12:00;46699.00000;46865.00000;46596.00000;46757.00000;22.33;21.71;15.14;20.35;35.70;-0.358;NEUTRE;0;-62.7;-2;1
2026.04.07 11:00;46696.00000;46772.00000;46641.00000;46698.00000;23.03;19.73;17.47;31.83;57.32;-0.484;SOFT_DOWN;-1;-70.7;-3;1
2026.04.07 10:00;46996.00000;47021.00000;46668.00000;46696.00000;25.63;22.77;16.99;54.94;75.05;-0.488;SOFT_DOWN;-1;-72.5;-3;1
2026.04.07 09:00;46968.00000;47038.00000;46953.00000;46994.00000;27.34;26.27;7.18;85.19;76.22;0.147;NEUTRE;0;46.7;2;1
2026.04.07 08:00;46807.00000;47002.00000;46804.00000;46968.00000;22.77;23.80;8.29;85.02;62.28;0.092;NEUTRE;0;36.8;1;1
2026.04.07 07:00;46802.00000;46824.00000;46766.00000;46806.00000;18.83;13.63;9.56;58.46;44.35;-0.254;NEUTRE;0;-67;-3;1
2026.04.07 06:00;46792.00000;46822.00000;46762.00000;46803.00000;19.03;15.20;11.03;43.36;34.05;-0.260;NEUTRE;0;-70.5;-3;0
2026.04.07 05:00;46797.00000;46817.00000;46740.00000;46791.00000;19.52;16.25;12.73;31.24;25.71;-0.286;NEUTRE;0;-75;-3;0
2026.04.07 04:00;46780.00000;46814.00000;46738.00000;46797.00000;20.65;18.15;14.69;27.55;22.82;-0.273;NEUTRE;0;-77.3;-3;0
2026.04.07 03:00;46782.00000;46797.00000;46742.00000;46780.00000;22.20;17.50;16.95;18.33;25.35;-0.309;NEUTRE;0;-81.5;-3;0
2026.04.07 02:00;46728.00000;46794.00000;46698.00000;46782.00000;25.37;19.36;19.55;22.59;39.18;-0.305;NEUTRE;0;-84.2;-3;0
2026.04.07 01:00;46920.00000;46943.00000;46714.00000;46728.00000;29.19;22.33;20.00;35.13;56.15;-0.420;SOFT_DOWN;-1;;;0
2026.04.07 00:00;46925.00000;47014.00000;46908.00000;46919.00000;32.84;25.77;10.04;59.83;72.39;-0.013;NEUTRE;0;;;0
2026.04.06 23:00;46934.00000;46966.00000;46921.00000;46925.00000;31.13;22.77;11.59;73.49;81.20;0.968;STRONG_UP;2;69.9;3;0
2026.04.06 22:00;46985.00000;47028.00000;46929.00000;46934.00000;30.92;26.27;10.64;83.86;79.82;0.988;STRONG_UP;2;71.1;3;0
2026.04.06 20:00;46910.00000;47050.00000;46879.00000;47010.00000;29.15;30.31;12.27;86.25;73.67;1.151;STRONG_UP;2;75;3;0
2026.04.06 19:00;46851.00000;46910.00000;46813.00000;46909.00000;27.12;22.38;14.16;69.33;67.48;0.934;STRONG_UP;2;72.6;3;1
2026.04.06 18:00;46743.00000;46898.00000;46732.00000;46849.00000;27.83;23.92;16.34;65.43;69.23;0.805;SOFT_UP;1;71;3;1
2026.04.06 17:00;46849.00000;46851.00000;46679.00000;46743.00000;29.21;23.25;18.85;67.68;73.07;0.577;SOFT_UP;1;65.6;3;1
2026.04.06 16:00;46842.00000;46886.00000;46808.00000;46848.00000;32.10;26.82;10.21;74.59;73.47;0.803;SOFT_UP;1;73;3;1
2026.04.06 15:00;46819.00000;46845.00000;46741.00000;46842.00000;30.14;22.86;11.78;76.95;66.87;0.790;SOFT_UP;1;73.7;3;1
2026.04.06 14:00;46721.00000;46928.00000;46657.00000;46818.00000;29.86;26.38;13.60;68.87;53.66;0.738;SOFT_UP;1;73.7;3;1
2026.04.06 13:00;46709.00000;46799.00000;46566.00000;46796.00000;29.53;23.11;15.69;54.78;45.07;0.691;SOFT_UP;1;73.9;3;1
2026.04.06 12:00;46667.00000;46750.00000;46645.00000;46709.00000;31.13;26.67;12.89;37.33;48.06;0.503;SOFT_UP;1;69.9;3;1
2026.04.06 11:00;46695.00000;46695.00000;46651.00000;46664.00000;30.56;22.72;14.87;43.09;62.30;0.407;SOFT_UP;1;67.4;3;1
2026.04.06 10:00;46731.00000;46766.00000;46618.00000;46695.00000;32.05;26.21;17.16;63.77;75.70;0.473;SOFT_UP;1;72;3;1
2026.04.06 09:00;46791.00000;46827.00000;46720.00000;46731.00000;33.77;30.24;9.19;80.05;77.59;0.551;SOFT_UP;1;75.9;3;1
2026.04.06 08:00;46742.00000;46813.00000;46733.00000;46791.00000;30.75;32.88;10.61;83.27;70.63;0.680;SOFT_UP;1;79.7;3;1
2026.04.06 07:00;46674.00000;46772.00000;46607.00000;46742.00000;27.60;30.06;12.24;69.45;60.77;0.575;SOFT_UP;1;79.4;3;1
2026.04.06 06:00;46610.00000;46728.00000;46597.00000;46674.00000;25.37;30.58;14.12;59.18;58.04;0.428;SOFT_UP;1;77.8;3;0
2026.04.06 05:00;46636.00000;46660.00000;46590.00000;46611.00000;23.60;27.30;16.29;53.67;60.99;0.293;NEUTRE;0;75.3;3;0
2026.04.06 04:00;46599.00000;46646.00000;46590.00000;46636.00000;23.35;28.42;18.80;61.28;68.24;0.346;NEUTRE;0;79.9;3;0
2026.04.06 03:00;46627.00000;46629.00000;46490.00000;46599.00000;23.81;28.12;21.69;68.03;65.99;0.267;NEUTRE;0;80.2;3;0
2026.04.06 02:00;46599.00000;46750.00000;46592.00000;46627.00000;25.49;32.45;13.74;75.42;55.48;0.327;NEUTRE;0;84.6;3;0
2026.04.06 01:00;46575.00000;46645.00000;46571.00000;46599.00000;23.18;27.21;15.85;54.51;37.00;0.267;NEUTRE;0;;;0
2026.04.06 00:00;46475.00000;46584.00000;46464.00000;46575.00000;22.69;18.72;18.29;36.50;23.35;0.215;NEUTRE;0;;;0
2026.04.05 23:00;46481.00000;46505.00000;46424.00000;46474.00000;26.00;11.47;21.11;20.00;12.85;-0.026;NEUTRE;0;-4.2;0;0
2026.04.05 22:00;46486.00000;46498.00000;46360.00000;46481.00000;25.45;11.90;24.35;13.54;12.22;-0.011;NEUTRE;0;-1.9;0;0
2026.04.03 18:00;46589.00000;46589.00000;46589.00000;46589.00000;24.08;13.74;12.72;5.01;19.33;-0.321;NEUTRE;0;-49.2;-2;1
2026.04.03 13:00;46609.00000;46641.00000;46589.00000;46589.00000;27.19;15.85;14.67;18.11;36.20;-0.321;NEUTRE;0;-58.1;-2;1
2026.04.03 12:00;46659.00000;46836.00000;46583.00000;46609.00000;30.78;18.29;16.93;34.89;44.17;-0.278;NEUTRE;0;-56.4;-2;1
2026.04.03 11:00;46635.00000;46678.00000;46593.00000;46659.00000;34.92;11.49;19.53;55.59;44.80;-0.171;NEUTRE;0;-45.3;-2;1
2026.04.03 10:00;46625.00000;46639.00000;46601.00000;46636.00000;36.31;6.20;22.54;42.04;36.63;-0.220;NEUTRE;0;-55.1;-2;1
2026.04.03 09:00;46625.00000;46643.00000;46620.00000;46625.00000;33.15;7.16;18.31;36.78;32.90;-0.244;NEUTRE;0;-60.4;-2;1
2026.04.03 08:00;46625.00000;46642.00000;46607.00000;46625.00000;31.51;7.59;21.13;31.05;28.01;-0.244;NEUTRE;0;-63.2;-2;1
2026.04.03 07:00;46624.00000;46664.00000;46582.00000;46624.00000;29.10;8.75;24.38;30.86;25.07;-0.246;NEUTRE;0;-66.4;-3;1
2026.04.03 06:00;46681.00000;46683.00000;46600.00000;46624.00000;26.32;10.10;24.76;22.12;20.63;-0.246;NEUTRE;0;-69.4;-3;0
2026.04.03 05:00;46664.00000;46698.00000;46650.00000;46681.00000;23.90;11.66;19.30;22.22;19.32;-0.124;NEUTRE;0;-58.2;-2;0
2026.04.03 04:00;46674.00000;46690.00000;46652.00000;46664.00000;23.78;10.88;22.27;17.56;22.86;-0.160;NEUTRE;0;-69;-3;0
2026.04.03 03:00;46673.00000;46690.00000;46664.00000;46674.00000;22.16;12.56;20.83;18.18;37.78;-0.139;NEUTRE;0;-71.6;-3;0
2026.04.03 02:00;46709.00000;46719.00000;46647.00000;46672.00000;21.76;14.49;24.04;32.83;58.85;-0.143;NEUTRE;0;-77.9;-3;0
2026.04.03 01:00;46733.00000;46736.00000;46708.00000;46709.00000;21.29;16.72;14.70;62.34;77.05;-0.064;NEUTRE;0;;;0
2026.04.03 00:00;46739.00000;46778.00000;46724.00000;46732.00000;23.58;19.29;8.17;81.38;84.15;-0.015;NEUTRE;0;;;0
2026.04.02 23:00;46745.00000;46752.00000;46730.00000;46739.00000;20.98;14.85;9.43;87.43;79.77;-0.126;NEUTRE;0;-19.6;0;0
2026.04.02 22:00;46710.00000;46764.00000;46704.00000;46745.00000;20.77;17.14;10.88;83.65;70.37;-0.113;NEUTRE;0;-18.5;0;0
2026.04.02 20:00;46734.00000;46769.00000;46699.00000;46738.00000;20.53;19.78;12.55;68.24;61.38;-0.128;NEUTRE;0;-22.6;0;0
2026.04.02 19:00;46679.00000;46758.00000;46659.00000;46732.00000;20.25;20.40;14.48;59.23;58.12;-0.141;NEUTRE;0;-25.8;-1;1
2026.04.02 18:00;46585.00000;46712.00000;46582.00000;46679.00000;20.75;16.39;16.71;56.69;60.26;-0.254;NEUTRE;0;-42.5;-1;1
2026.04.02 17:00;46594.00000;46692.00000;46538.00000;46585.00000;23.80;16.55;19.28;58.45;65.45;-0.455;SOFT_DOWN;-1;-60.1;-2;1
2026.04.02 16:00;46647.00000;46719.00000;46511.00000;46594.00000;26.28;19.09;22.25;65.64;68.19;-0.436;SOFT_DOWN;-1;-60.6;-2;1
2026.04.02 15:00;46765.00000;46805.00000;46570.00000;46647.00000;29.15;22.03;21.31;72.28;58.66;-0.323;NEUTRE;0;-54.5;-2;1
2026.04.02 14:00;46351.00000;46980.00000;46257.00000;46765.00000;33.38;25.42;24.59;66.65;41.65;-0.071;NEUTRE;0;-18.3;0;1
2026.04.02 13:00;46149.00000;46361.00000;46111.00000;46351.00000;38.26;16.16;28.37;37.04;31.29;-0.955;STRONG_DOWN;-2;-78.2;-3;1
2026.04.02 12:00;46121.00000;46206.00000;46074.00000;46149.00000;39.93;9.10;32.74;21.28;40.80;-1.387;EXPLOSIVE_DOWN;-3;-82.4;-3;1
2026.04.02 11:00;46306.00000;46319.00000;46119.00000;46120.00000;37.38;10.50;32.53;35.56;60.43;-1.449;EXPLOSIVE_DOWN;-3;-83.3;-3;1
2026.04.02 10:00;46351.00000;46364.00000;46252.00000;46304.00000;35.26;12.12;27.30;65.57;69.06;-1.056;STRONG_DOWN;-2;-81.7;-3;1
2026.04.02 09:00;46364.00000;46394.00000;46312.00000;46351.00000;34.76;13.98;23.26;80.16;54.67;-0.955;STRONG_DOWN;-2;-81.8;-3;1
2026.04.02 08:00;46386.00000;46413.00000;46330.00000;46364.00000;36.27;16.13;23.46;61.46;29.70;-0.927;STRONG_DOWN;-2;-82.4;-3;1
2026.04.02 07:00;46271.00000;46392.00000;46237.00000;46386.00000;39.01;14.72;27.07;22.38;9.60;-0.880;STRONG_DOWN;-2;-83;-3;1
2026.04.02 06:00;46234.00000;46287.00000;46200.00000;46271.00000;40.46;6.57;31.23;5.25;3.55;-1.126;STRONG_DOWN;-2;-85.3;-3;0
2026.04.02 05:00;46295.00000;46344.00000;46231.00000;46234.00000;36.65;7.58;30.56;1.19;4.03;-1.205;STRONG_DOWN;-2;-86.3;-3;0
2026.04.02 04:00;46322.00000;46347.00000;46285.00000;46295.00000;33.02;8.74;27.91;4.20;10.51;-1.075;STRONG_DOWN;-2;-86.7;-3;0
2026.04.02 03:00;46395.00000;46399.00000;46311.00000;46321.00000;30.05;10.09;25.75;6.69;18.57;-1.019;STRONG_DOWN;-2;-87.4;-3;0
2026.04.02 02:00;46446.00000;46473.00000;46338.00000;46395.00000;27.96;11.64;24.99;20.62;28.74;-0.861;STRONG_DOWN;-2;-88;-3;0
2026.04.02 01:00;46913.00000;46921.00000;46399.00000;46447.00000;26.65;13.43;21.88;28.39;28.44;-0.750;SOFT_DOWN;-1;;;0
2026.04.02 00:00;46798.00000;46922.00000;46752.00000;46913.00000;27.07;15.50;14.84;37.21;25.12;0.246;NEUTRE;0;;;0
2026.04.01 23:00;46794.00000;46829.00000;46770.00000;46799.00000;30.90;9.47;17.13;19.71;20.32;0.350;NEUTRE;0;44.7;1;0
2026.04.01 22:00;46797.00000;46838.00000;46780.00000;46794.00000;31.23;10.92;17.15;18.44;25.95;0.339;NEUTRE;0;45.1;2;0
2026.04.01 20:00;46809.00000;46849.00000;46795.00000;46825.00000;32.62;12.60;15.81;22.81;39.21;0.405;SOFT_UP;1;52.8;2;0
2026.04.01 19:00;46818.00000;46935.00000;46787.00000;46810.00000;35.90;14.54;18.25;36.61;58.10;0.373;NEUTRE;0;51.9;2;1
2026.04.01 18:00;46915.00000;46926.00000;46757.00000;46818.00000;39.69;15.85;21.05;58.20;74.71;0.390;SOFT_UP;1;54.6;2;1
2026.04.01 17:00;46991.00000;47041.00000;46914.00000;46916.00000;43.62;18.28;10.00;79.51;79.84;0.600;SOFT_UP;1;66.5;3;1
2026.04.01 16:00;47022.00000;47040.00000;46922.00000;46991.00000;45.83;21.10;10.57;86.42;69.32;0.761;SOFT_UP;1;72.1;3;1
2026.04.01 15:00;46983.00000;47046.00000;46948.00000;47022.00000;47.76;24.34;8.81;73.60;56.68;0.828;STRONG_UP;2;74.4;3;1
2026.04.01 14:00;46856.00000;47021.00000;46738.00000;46983.00000;47.90;24.16;10.16;47.95;52.31;0.744;SOFT_UP;1;73.9;3;1
2026.04.01 13:00;46755.00000;46980.00000;46706.00000;46856.00000;48.99;25.65;11.72;48.51;63.46;0.472;SOFT_UP;1;67;3;1
2026.04.01 12:00;46956.00000;47042.00000;46732.00000;46755.00000;50.80;29.60;12.07;60.47;71.27;0.255;NEUTRE;0;54.1;2;1
2026.04.01 11:00;46894.00000;46984.00000;46882.00000;46957.00000;52.14;34.15;6.48;81.40;71.68;0.688;SOFT_UP;1;76.2;3;1
2026.04.01 10:00;46815.00000;46909.00000;46775.00000;46894.00000;49.68;28.09;7.48;71.92;68.54;0.553;SOFT_UP;1;74.5;3;1
2026.04.01 09:00;46804.00000;46839.00000;46699.00000;46815.00000;48.41;24.38;8.63;61.73;70.18;0.384;NEUTRE;0;70.2;3;1
2026.04.01 08:00;46773.00000;46845.00000;46700.00000;46805.00000;48.51;28.13;9.84;71.95;77.48;0.362;NEUTRE;0;71.2;3;1
2026.04.01 07:00;46888.00000;46914.00000;46760.00000;46773.00000;48.57;32.45;4.99;76.86;74.26;0.294;NEUTRE;0;69.9;3;1
2026.04.01 06:00;46700.00000;46905.00000;46697.00000;46888.00000;44.76;36.55;5.76;83.63;65.97;0.540;SOFT_UP;1;80.3;3;0
2026.04.01 05:00;46635.00000;46720.00000;46631.00000;46698.00000;40.45;28.49;6.64;62.29;56.81;0.133;NEUTRE;0;60;2;0
2026.04.01 04:00;46610.00000;46647.00000;46602.00000;46635.00000;37.11;20.25;7.67;52.00;61.01;-0.002;NEUTRE;0;-1.9;0;0
2026.04.01 03:00;46606.00000;46628.00000;46597.00000;46610.00000;35.88;16.87;8.85;56.15;73.07;-0.056;NEUTRE;0;-50.5;-2;0
2026.04.01 02:00;46623.00000;46650.00000;46582.00000;46606.00000;36.60;19.46;10.21;74.88;83.75;-0.064;NEUTRE;0;-64.3;-2;0
2026.04.01 01:00;46679.00000;46689.00000;46604.00000;46623.00000;37.43;22.46;6.80;88.18;87.75;-0.028;NEUTRE;0;;;0
2026.04.01 00:00;46636.00000;46681.00000;46591.00000;46679.00000;34.96;24.47;7.85;88.19;87.79;0.092;NEUTRE;0;;;0
2026.03.31 23:00;46553.00000;46651.00000;46523.00000;46636.00000;32.43;23.10;9.05;86.89;88.74;2.727;SPIKE_UP;4;82.6;3;0
2026.03.31 22:00;46536.00000;46580.00000;46512.00000;46553.00000;30.69;18.12;10.45;88.29;88.70;2.544;EXPLOSIVE_UP;3;82.4;3;0
2026.03.31 20:00;46573.00000;46637.00000;46542.00000;46555.00000;31.28;20.91;5.27;91.05;85.77;2.549;EXPLOSIVE_UP;3;83.1;3;0
2026.03.31 19:00;46498.00000;46638.00000;46434.00000;46573.00000;26.90;24.13;6.08;86.76;77.70;2.588;EXPLOSIVE_UP;3;83.6;3;1
2026.03.31 18:00;46373.00000;46526.00000;46373.00000;46498.00000;21.85;19.39;7.01;79.50;64.82;2.423;EXPLOSIVE_UP;3;83.5;3;1
2026.03.31 17:00;46328.00000;46478.00000;46299.00000;46374.00000;17.99;17.55;8.09;66.82;54.41;2.150;EXPLOSIVE_UP;3;83.1;3;1
2026.03.31 16:00;45878.00000;46574.00000;45859.00000;46326.00000;15.09;20.25;9.34;48.14;50.65;2.044;EXPLOSIVE_UP;3;83.1;3;1
2026.03.31 15:00;45766.00000;46076.00000;45766.00000;45878.00000;11.73;12.65;10.77;48.26;59.98;1.057;STRONG_UP;2;77.7;3;1
2026.03.31 14:00;46105.00000;46131.00000;45722.00000;45766.00000;12.31;14.60;12.43;55.55;62.75;0.811;STRONG_UP;2;75.1;3;1
2026.03.31 13:00;45930.00000;46109.00000;45775.00000;46104.00000;12.97;16.84;12.35;76.12;61.17;1.555;EXPLOSIVE_UP;3;82.7;3;1
2026.03.31 12:00;45950.00000;46050.00000;45832.00000;45929.00000;12.59;16.71;14.25;56.59;49.32;1.170;STRONG_UP;2;81;3;1
2026.03.31 11:00;45818.00000;46064.00000;45795.00000;45949.00000;13.31;19.29;16.44;50.79;50.62;1.214;STRONG_UP;2;82.1;3;1
2026.03.31 10:00;45844.00000;45893.00000;45723.00000;45819.00000;14.13;12.47;18.97;40.57;52.26;0.927;STRONG_UP;2;80.6;3;1
2026.03.31 09:00;45843.00000;45919.00000;45814.00000;45841.00000;13.12;14.39;13.65;60.50;60.72;0.976;STRONG_UP;2;81.9;3;1
2026.03.31 08:00;45968.00000;45972.00000;45815.00000;45843.00000;14.74;16.61;15.61;55.72;62.94;0.980;STRONG_UP;2;82.8;3;1
2026.03.31 07:00;45816.00000;45974.00000;45747.00000;45969.00000;16.53;19.16;18.01;65.94;70.58;1.258;STRONG_UP;2;85.1;3;1
2026.03.31 06:00;45863.00000;45867.00000;45779.00000;45815.00000;18.59;14.86;20.78;67.16;76.82;0.919;STRONG_UP;2;84.3;3;0
2026.03.31 05:00;45831.00000;45895.00000;45758.00000;45862.00000;18.90;17.14;23.97;78.64;83.54;1.022;STRONG_UP;2;85.7;3;0
2026.03.31 04:00;45863.00000;45899.00000;45823.00000;45831.00000;19.25;19.78;20.36;84.67;86.44;0.954;STRONG_UP;2;86.3;3;0
2026.03.31 03:00;45921.00000;45962.00000;45861.00000;45863.00000;21.98;22.82;15.80;87.30;82.57;1.024;STRONG_UP;2;87.4;3;0
2026.03.31 02:00;45852.00000;45977.00000;45826.00000;45921.00000;22.57;26.33;18.24;87.36;72.05;1.152;STRONG_UP;2;88.5;3;0
2026.03.31 01:00;45687.00000;45939.00000;45595.00000;45852.00000;23.25;26.51;21.04;73.06;53.93;1.000;STRONG_UP;2;;;0
2026.03.31 00:00;45398.00000;45774.00000;45290.00000;45687.00000;25.05;23.21;24.28;55.73;39.99;0.637;SOFT_UP;1;;;0
2026.03.30 23:00;45472.00000;45472.00000;45359.00000;45398.00000;28.56;17.18;28.01;33.00;28.49;0.625;SOFT_UP;1;60.5;2;0
2026.03.30 22:00;45470.00000;45512.00000;45459.00000;45472.00000;29.27;19.83;18.71;31.25;23.89;0.789;SOFT_UP;1;66.8;3;0
2026.03.30 20:00;45461.00000;45466.00000;45401.00000;45444.00000;33.33;12.47;21.59;21.22;20.27;0.727;SOFT_UP;1;67.1;3;0
2026.03.30 19:00;45489.00000;45521.00000;45305.00000;45460.00000;34.34;14.39;24.91;19.18;27.97;0.762;SOFT_UP;1;69;3;1
2026.03.30 18:00;45566.00000;45612.00000;45462.00000;45487.00000;35.50;16.60;17.56;20.41;41.62;0.822;STRONG_UP;2;71.4;3;1
2026.03.30 17:00;45652.00000;45693.00000;45480.00000;45566.00000;40.53;19.16;18.41;44.33;51.68;0.997;STRONG_UP;2;75.3;3;1
2026.03.30 16:00;45813.00000;45819.00000;45633.00000;45653.00000;46.47;22.11;10.20;60.11;52.50;1.190;STRONG_UP;2;78.3;3;1
2026.03.30 15:00;45779.00000;45878.00000;45679.00000;45813.00000;47.94;25.51;7.96;50.62;46.56;1.545;EXPLOSIVE_UP;3;81.5;3;1
2026.03.30 14:00;45561.00000;45794.00000;45554.00000;45778.00000;47.25;22.94;9.18;46.77;52.00;1.467;EXPLOSIVE_UP;3;81.7;3;1
2026.03.30 13:00;45772.00000;45868.00000;45526.00000;45561.00000;47.93;26.47;10.60;42.30;59.89;0.986;STRONG_UP;2;78.5;3;1
2026.03.30 12:00;45694.00000;45791.00000;45654.00000;45771.00000;48.72;30.54;6.47;66.92;75.81;1.452;EXPLOSIVE_UP;3;82.8;3;1
2026.03.30 11:00;45640.00000;45904.00000;45639.00000;45694.00000;46.21;35.24;7.46;70.44;83.21;1.281;STRONG_UP;2;82.5;3;1
2026.03.30 10:00;45577.00000;45641.00000;45560.00000;45641.00000;43.31;25.39;8.61;90.05;90.51;1.164;STRONG_UP;2;82.5;3;1
2026.03.30 09:00;45632.00000;45643.00000;45535.00000;45576.00000;42.38;29.29;9.94;89.13;91.05;1.020;STRONG_UP;2;82.3;3;1
2026.03.30 08:00;45570.00000;45642.00000;45529.00000;45632.00000;41.31;33.66;11.47;92.37;90.93;1.144;STRONG_UP;2;83.9;3;1
2026.03.30 07:00;45500.00000;45589.00000;45468.00000;45574.00000;40.10;31.62;13.23;91.67;90.12;1.015;STRONG_UP;2;83.9;3;1
2026.03.30 06:00;45418.00000;45546.00000;45411.00000;45500.00000;39.96;31.02;15.27;88.75;89.07;0.851;STRONG_UP;2;83.8;3;0
2026.03.30 05:00;45367.00000;45440.00000;45367.00000;45419.00000;40.87;23.71;17.61;89.94;83.98;0.672;SOFT_UP;1;83.5;3;0
2026.03.30 04:00;45368.00000;45420.00000;45356.00000;45368.00000;44.89;23.14;20.32;88.52;68.80;0.559;SOFT_UP;1;83.7;3;0
2026.03.30 03:00;45311.00000;45398.00000;45305.00000;45367.00000;50.80;21.42;23.45;73.49;46.78;0.556;SOFT_UP;1;85.3;3;0
2026.03.30 02:00;45218.00000;45341.00000;45186.00000;45311.00000;57.92;15.28;27.06;44.39;27.51;0.432;SOFT_UP;1;85.9;3;0
2026.03.30 01:00;45119.00000;45224.00000;45100.00000;45218.00000;62.55;6.02;31.22;22.46;17.06;0.226;NEUTRE;0;;;0
2026.03.30 00:00;45116.00000;45278.00000;45062.00000;45119.00000;61.76;6.95;36.02;15.68;13.87;0.007;NEUTRE;0;;;0
2026.03.29 23:00;45188.00000;45228.00000;45086.00000;45117.00000;60.85;4.45;41.57;13.02;11.55;-0.120;NEUTRE;0;-18.7;0;0
2026.03.29 22:00;45171.00000;45239.00000;45051.00000;45190.00000;57.80;5.14;47.96;12.90;9.62;0.042;NEUTRE;0;7.1;0;0
2026.03.27 20:00;45398.00000;45421.00000;45270.00000;45305.00000;54.29;5.93;42.07;8.74;7.62;-2.446;EXPLOSIVE_DOWN;-3;-82.8;-3;0
2026.03.27 19:00;45487.00000;45506.00000;45311.00000;45396.00000;51.06;6.84;44.37;7.22;9.53;-2.250;EXPLOSIVE_DOWN;-3;-82.6;-3;1
2026.03.27 18:00;45538.00000;45566.00000;45452.00000;45487.00000;47.64;7.89;40.07;6.91;16.06;-2.054;EXPLOSIVE_DOWN;-3;-82.3;-3;1
2026.03.27 17:00;45730.00000;45822.00000;45535.00000;45539.00000;44.65;9.11;35.04;14.47;21.57;-1.942;EXPLOSIVE_DOWN;-3;-82.3;-3;1
2026.03.27 16:00;45816.00000;45827.00000;45669.00000;45730.00000;42.48;10.51;33.24;26.81;22.39;-1.531;EXPLOSIVE_DOWN;-3;-80.9;-3;1
2026.03.27 15:00;45860.00000;45990.00000;45769.00000;45816.00000;41.02;12.13;28.62;23.42;17.28;-1.346;STRONG_DOWN;-2;-80.3;-3;1
2026.03.27 14:00;45737.00000;45890.00000;45691.00000;45859.00000;41.11;7.03;33.02;16.95;12.60;-1.253;STRONG_DOWN;-2;-80.3;-3;1
2026.03.27 13:00;46013.00000;46035.00000;45687.00000;45737.00000;37.45;8.11;38.10;11.49;10.21;-1.516;EXPLOSIVE_DOWN;-3;-82.5;-3;1
2026.03.27 12:00;46070.00000;46079.00000;46005.00000;46013.00000;33.23;9.36;29.91;9.37;7.95;-0.922;STRONG_DOWN;-2;-78.7;-3;1
2026.03.27 11:00;46047.00000;46118.00000;45988.00000;46070.00000;30.29;10.80;34.51;9.78;7.74;-0.799;SOFT_DOWN;-1;-78;-3;1
2026.03.27 10:00;46135.00000;46196.00000;46033.00000;46045.00000;26.90;12.46;34.49;4.70;10.66;-0.853;STRONG_DOWN;-2;-79.8;-3;1
2026.03.27 09:00;46203.00000;46246.00000;46104.00000;46135.00000;23.82;14.38;33.10;8.74;24.89;-0.659;SOFT_DOWN;-1;-78.1;-3;1
2026.03.27 08:00;46354.00000;46377.00000;46190.00000;46202.00000;21.42;16.59;28.87;18.54;42.82;-0.515;SOFT_DOWN;-1;-76.6;-3;1
2026.03.27 07:00;46404.00000;46407.00000;46317.00000;46352.00000;20.56;19.15;22.86;47.39;58.75;-0.192;NEUTRE;0;-60.7;-2;1
2026.03.27 06:00;46455.00000;46495.00000;46387.00000;46404.00000;22.36;22.09;14.42;62.55;59.09;-0.080;NEUTRE;0;-40.9;-1;0
2026.03.27 05:00;46420.00000;46501.00000;46420.00000;46455.00000;22.57;25.49;11.93;66.31;51.35;0.030;NEUTRE;0;21.3;0;0
2026.03.27 04:00;46405.00000;46427.00000;46376.00000;46420.00000;20.47;15.36;13.77;48.42;39.69;-0.045;NEUTRE;0;-36.2;-1;0
2026.03.27 03:00;46346.00000;46407.00000;46327.00000;46405.00000;22.78;11.69;15.89;39.32;35.88;-0.078;NEUTRE;0;-59.4;-2;0
2026.03.27 02:00;46398.00000;46416.00000;46342.00000;46346.00000;23.93;13.48;15.45;31.34;34.87;-0.205;NEUTRE;0;-81.5;-3;0
2026.03.27 01:00;46323.00000;46408.00000;46304.00000;46397.00000;26.57;13.89;17.82;36.97;36.33;-0.095;NEUTRE;0;;;0
2026.03.27 00:00;46441.00000;46483.00000;46312.00000;46323.00000;28.76;16.03;19.38;36.29;32.05;-0.254;NEUTRE;0;;;0
2026.03.26 23:00;46385.00000;46449.00000;46361.00000;46440.00000;31.72;18.50;17.95;35.72;25.59;-0.435;SOFT_DOWN;-1;-50.9;-2;0
2026.03.26 22:00;46319.00000;46408.00000;46302.00000;46385.00000;36.38;14.18;20.72;24.14;16.71;-0.553;SOFT_DOWN;-1;-58.5;-2;0
2026.03.26 20:00;46219.00000;46756.00000;46170.00000;46313.00000;39.09;16.36;23.90;16.91;12.85;-0.708;SOFT_DOWN;-1;-66.5;-3;0
2026.03.26 19:00;46319.00000;46325.00000;46177.00000;46221.00000;42.22;7.56;27.58;9.08;14.00;-0.905;STRONG_DOWN;-2;-72.1;-3;1
2026.03.26 18:00;46232.00000;46341.00000;46230.00000;46319.00000;39.95;8.72;26.32;12.57;24.35;-0.695;SOFT_DOWN;-1;-68.3;-3;1
2026.03.26 17:00;46380.00000;46421.00000;46219.00000;46232.00000;38.37;10.06;30.36;20.36;42.05;-0.881;STRONG_DOWN;-2;-73.5;-3;1
2026.03.26 16:00;46497.00000;46525.00000;46296.00000;46381.00000;36.54;11.61;29.17;40.12;57.59;-0.562;SOFT_DOWN;-1;-66.4;-3;1
2026.03.26 15:00;46609.00000;46670.00000;46455.00000;46498.00000;35.54;13.40;22.98;65.67;62.25;-0.311;NEUTRE;0;-53.4;-2;1
2026.03.26 14:00;46795.00000;46837.00000;46554.00000;46608.00000;36.96;15.46;19.43;66.97;46.55;-0.075;NEUTRE;0;-19.2;0;1
2026.03.26 13:00;46359.00000;46802.00000;46356.00000;46795.00000;40.89;15.93;22.42;54.11;29.23;0.326;NEUTRE;0;58.5;2;1
2026.03.26 12:00;46317.00000;46410.00000;46267.00000;46361.00000;44.58;4.86;25.87;18.56;18.51;-0.605;SOFT_DOWN;-1;-73;-3;1
2026.03.26 11:00;46399.00000;46432.00000;46313.00000;46316.00000;40.92;5.61;24.90;15.01;20.77;-0.701;SOFT_DOWN;-1;-76.4;-3;1
2026.03.26 10:00;46389.00000;46473.00000;46351.00000;46399.00000;37.50;6.48;23.81;21.97;25.62;-0.523;SOFT_DOWN;-1;-73.6;-3;1
2026.03.26 09:00;46474.00000;46499.00000;46331.00000;46388.00000;34.46;7.47;27.48;25.35;26.46;-0.547;SOFT_DOWN;-1;-75.8;-3;1
2026.03.26 08:00;46532.00000;46600.00000;46413.00000;46473.00000;30.95;8.62;24.20;29.55;26.16;-0.364;NEUTRE;0;-71.3;-3;1
2026.03.26 07:00;46568.00000;46576.00000;46430.00000;46532.00000;28.41;7.97;27.92;24.48;29.02;-0.238;NEUTRE;0;-65.7;-3;1
2026.03.26 06:00;46517.00000;46576.00000;46496.00000;46568.00000;24.24;9.20;25.26;24.46;35.48;-0.161;NEUTRE;0;-60.2;-2;0
2026.03.26 05:00;46607.00000;46628.00000;46514.00000;46517.00000;20.79;10.62;25.68;38.10;42.78;-0.270;NEUTRE;0;-74.1;-3;0
2026.03.26 04:00;46682.00000;46689.00000;46599.00000;46607.00000;17.61;12.25;18.17;43.88;41.27;-0.077;NEUTRE;0;-51.4;-2;0
2026.03.26 03:00;46568.00000;46721.00000;46557.00000;46681.00000;17.32;14.13;20.96;46.36;37.99;0.081;NEUTRE;0;60.3;2;0
2026.03.26 02:00;46661.00000;46683.00000;46523.00000;46568.00000;17.00;12.74;24.18;33.57;29.67;-0.161;NEUTRE;0;-79.2;-3;0
2026.03.26 01:00;46654.00000;46692.00000;46631.00000;46661.00000;14.84;14.70;17.52;34.05;24.94;0.039;NEUTRE;0;;;0
2026.03.26 00:00;46643.00000;46741.00000;46630.00000;46654.00000;15.78;16.97;20.22;21.40;25.89;0.024;NEUTRE;0;;;0
2026.03.25 23:00;46642.00000;46663.00000;46584.00000;46642.00000;16.86;8.76;23.33;19.38;36.48;-0.197;NEUTRE;0;-29.1;-1;0
2026.03.25 22:00;46682.00000;46690.00000;46622.00000;46641.00000;12.48;10.11;19.51;36.88;48.98;-0.199;NEUTRE;0;-30.5;-1;0
2026.03.25 20:00;46720.00000;46752.00000;46671.00000;46700.00000;9.52;11.67;12.85;53.19;54.51;-0.073;NEUTRE;0;-13.4;0;0
2026.03.25 19:00;46719.00000;46770.00000;46659.00000;46721.00000;10.24;13.46;14.83;56.86;52.84;-0.028;NEUTRE;0;-5.5;0;1
2026.03.25 18:00;46761.00000;46832.00000;46648.00000;46719.00000;11.07;15.54;17.11;53.48;49.55;-0.032;NEUTRE;0;-6.6;0;1
2026.03.25 17:00;46761.00000;46875.00000;46707.00000;46761.00000;12.03;17.93;14.81;48.17;42.88;0.058;NEUTRE;0;12.5;0;1
2026.03.25 16:00;46714.00000;46808.00000;46633.00000;46760.00000;12.42;14.55;17.09;47.01;38.55;0.056;NEUTRE;0;12.8;0;1
2026.03.25 15:00;46810.00000;46851.00000;46478.00000;46715.00000;13.09;16.79;19.72;33.46;36.03;-0.041;NEUTRE;0;-10.1;0;1
2026.03.25 14:00;46673.00000;46839.00000;46607.00000;46810.00000;13.87;19.37;17.43;35.18;43.35;0.163;NEUTRE;0;37.1;1;1
2026.03.25 13:00;46833.00000;47033.00000;46665.00000;46673.00000;15.19;22.35;16.27;39.46;47.61;-0.131;NEUTRE;0;-33.2;-1;1
2026.03.25 12:00;46893.00000;46955.00000;46660.00000;46832.00000;15.11;22.52;18.77;55.42;46.58;0.210;NEUTRE;0;48.7;2;1
2026.03.25 11:00;46797.00000;46932.00000;46793.00000;46893.00000;16.03;25.99;14.72;47.93;43.42;0.340;NEUTRE;0;63.6;2;1
2026.03.25 10:00;46785.00000;46853.00000;46767.00000;46797.00000;14.24;21.24;16.99;36.39;44.94;0.135;NEUTRE;0;41.3;1;1
2026.03.25 09:00;46788.00000;46857.00000;46714.00000;46786.00000;14.71;24.51;19.60;45.93;52.47;0.111;NEUTRE;0;38.7;1;1
2026.03.25 08:00;46799.00000;46964.00000;46771.00000;46788.00000;15.26;28.28;16.48;52.49;55.17;0.116;NEUTRE;0;43.3;1;1
2026.03.25 07:00;46747.00000;46818.00000;46711.00000;46798.00000;13.56;21.00;19.02;58.99;53.35;0.137;NEUTRE;0;51.8;2;1
2026.03.25 06:00;46751.00000;46780.00000;46691.00000;46747.00000;14.88;18.76;21.94;54.03;45.91;0.028;NEUTRE;0;16.9;0;0
2026.03.25 05:00;46809.00000;46815.00000;46739.00000;46751.00000;15.97;21.65;17.02;47.03;44.51;0.036;NEUTRE;0;25.1;1;0
2026.03.25 04:00;46738.00000;46823.00000;46732.00000;46808.00000;16.58;24.98;19.64;36.67;51.22;0.158;NEUTRE;0;68.7;3;0
2026.03.25 03:00;46697.00000;46738.00000;46668.00000;46738.00000;17.29;14.45;22.66;49.84;63.91;0.009;NEUTRE;0;11;0;0
2026.03.25 02:00;46775.00000;46782.00000;46695.00000;46697.00000;16.55;16.68;20.21;67.16;71.85;-0.079;NEUTRE;0;-68.7;-3;0
2026.03.25 01:00;46821.00000;46853.00000;46768.00000;46775.00000;17.62;19.24;10.41;74.74;71.47;0.088;NEUTRE;0;;;0
2026.03.25 00:00;46734.00000;46887.00000;46697.00000;46821.00000;15.75;22.20;12.02;73.66;64.27;0.186;NEUTRE;0;;;0
2026.03.24 23:00;46750.00000;46779.00000;46708.00000;46734.00000;13.60;16.88;13.86;66.03;57.46;0.339;NEUTRE;0;43.8;1;0
2026.03.24 22:00;46716.00000;46777.00000;46665.00000;46750.00000;14.18;19.04;16.00;53.13;55.08;0.374;NEUTRE;0;47.9;2;0
2026.03.24 20:00;46420.00000;46904.00000;46412.00000;46698.00000;15.03;21.97;18.46;53.22;62.56;0.262;NEUTRE;0;40.4;1;0
2026.03.24 19:00;46547.00000;46612.00000;46394.00000;46419.00000;16.00;16.22;21.30;58.91;70.47;-0.337;NEUTRE;0;-49.1;-2;1
2026.03.24 18:00;46523.00000;46680.00000;46443.00000;46546.00000;16.38;18.71;21.12;75.57;77.20;-0.064;NEUTRE;0;-13;0;1
2026.03.24 17:00;46590.00000;46605.00000;46379.00000;46521.00000;17.97;16.72;24.36;76.95;73.69;-0.118;NEUTRE;0;-24.3;0;1
2026.03.24 16:00;46544.00000;46651.00000;46503.00000;46590.00000;17.88;19.29;19.67;79.07;62.39;0.030;NEUTRE;0;7;0;1
2026.03.24 15:00;46499.00000;46703.00000;46495.00000;46543.00000;20.48;22.26;22.70;65.04;45.39;-0.071;NEUTRE;0;-17.1;0;1
2026.03.24 14:00;46194.00000;46616.00000;46169.00000;46494.00000;23.48;19.28;26.19;43.05;35.11;-0.176;NEUTRE;0;-39.3;-1;1
2026.03.24 13:00;46247.00000;46277.00000;46045.00000;46194.00000;24.76;10.58;30.22;28.06;39.38;-0.820;STRONG_DOWN;-2;-76.3;-3;1
2026.03.24 12:00;46461.00000;46485.00000;46223.00000;46248.00000;21.16;12.21;23.06;34.23;48.97;-0.704;SOFT_DOWN;-1;-75.3;-3;1
2026.03.24 11:00;46464.00000;46501.00000;46299.00000;46461.00000;19.68;14.09;22.15;55.85;60.31;-0.247;NEUTRE;0;-55.6;-2;1
2026.03.24 10:00;46476.00000;46498.00000;46388.00000;46465.00000;19.29;16.25;18.78;56.82;66.95;-0.238;NEUTRE;0;-57.1;-2;1
2026.03.24 09:00;46421.00000;46498.00000;46289.00000;46476.00000;21.14;18.75;21.67;68.27;75.24;-0.215;NEUTRE;0;-57.2;-2;1
2026.03.24 08:00;46587.00000;46643.00000;46399.00000;46421.00000;23.29;21.64;16.90;75.76;69.94;-0.333;NEUTRE;0;-69.7;-3;1
2026.03.24 07:00;46468.00000;46646.00000;46453.00000;46587.00000;24.98;24.97;16.10;81.69;53.79;0.024;NEUTRE;0;12.6;0;1
2026.03.24 06:00;46274.00000;46494.00000;46266.00000;46468.00000;25.50;16.69;18.58;52.37;32.58;-0.232;NEUTRE;0;-68.3;-3;0
2026.03.24 05:00;46279.00000;46357.00000;46169.00000;46273.00000;28.60;10.02;21.43;27.31;20.56;-0.651;SOFT_DOWN;-1;-83.3;-3;0
2026.03.24 04:00;46315.00000;46345.00000;46260.00000;46279.00000;27.42;11.56;17.28;18.07;16.85;-0.638;SOFT_DOWN;-1;-84.5;-3;0
2026.03.24 03:00;46271.00000;46317.00000;46244.00000;46316.00000;28.58;8.27;19.94;16.29;18.64;-0.558;SOFT_DOWN;-1;-85.3;-3;0
2026.03.24 02:00;46265.00000;46338.00000;46218.00000;46271.00000;26.62;9.54;23.01;16.20;24.83;-0.655;SOFT_DOWN;-1;-87.3;-3;0
2026.03.24 01:00;46365.00000;46372.00000;46218.00000;46267.00000;24.35;11.01;26.55;23.43;31.60;-0.663;SOFT_DOWN;-1;;;0
2026.03.24 00:00;46576.00000;46576.00000;46252.00000;46365.00000;21.73;12.70;27.24;34.87;33.12;-0.453;SOFT_DOWN;-1;;;0
2026.03.23 23:00;46619.00000;46620.00000;46531.00000;46576.00000;19.47;14.66;18.18;36.50;32.68;1.639;EXPLOSIVE_UP;3;77.8;3;0
2026.03.23 22:00;46495.00000;46631.00000;46452.00000;46619.00000;20.81;16.91;20.98;27.99;34.22;1.733;EXPLOSIVE_UP;3;79;3;0
2026.03.23 20:00;46508.00000;46543.00000;46433.00000;46506.00000;22.36;11.95;24.21;33.53;38.78;1.486;EXPLOSIVE_UP;3;78.3;3;0
2026.03.23 19:00;46749.00000;46753.00000;46498.00000;46509.00000;20.59;13.79;18.84;41.13;44.15;1.493;EXPLOSIVE_UP;3;78.9;3;1
2026.03.23 18:00;46718.00000;46821.00000;46591.00000;46750.00000;21.38;15.91;16.13;41.68;51.62;2.019;EXPLOSIVE_UP;3;82.2;3;1
2026.03.23 17:00;46518.00000;46728.00000;46428.00000;46717.00000;24.56;12.14;18.61;49.65;62.30;1.947;EXPLOSIVE_UP;3;82.4;3;1
2026.03.23 16:00;46568.00000;46643.00000;46402.00000;46518.00000;25.10;9.65;21.48;63.52;72.45;1.512;EXPLOSIVE_UP;3;80.8;3;1
2026.03.23 15:00;46891.00000;47026.00000;46561.00000;46568.00000;23.12;11.13;14.63;73.73;75.52;1.621;EXPLOSIVE_UP;3;81.9;3;1
2026.03.23 14:00;46810.00000;46930.00000;46686.00000;46888.00000;24.59;12.85;12.75;80.11;73.61;2.320;EXPLOSIVE_UP;3;84.7;3;1
2026.03.23 13:00;46875.00000;46923.00000;46470.00000;46811.00000;28.31;14.38;14.71;72.70;64.57;2.152;EXPLOSIVE_UP;3;84.7;3;1
2026.03.23 12:00;46498.00000;46931.00000;46400.00000;46873.00000;32.49;16.60;16.97;68.03;55.14;2.287;EXPLOSIVE_UP;3;85.4;3;1
2026.03.23 11:00;45572.00000;47202.00000;45570.00000;46498.00000;37.32;19.15;19.58;52.98;44.41;1.469;EXPLOSIVE_UP;3;83.4;3;1
2026.03.23 10:00;45558.00000;45651.00000;45469.00000;45570.00000;42.89;7.47;22.59;44.41;36.52;-0.556;SOFT_DOWN;-1;-74.5;-3;1
2026.03.23 09:00;45676.00000;45721.00000;45516.00000;45558.00000;41.75;8.62;22.10;35.85;27.39;-0.583;SOFT_DOWN;-1;-76.6;-3;1
2026.03.23 08:00;45527.00000;45718.00000;45527.00000;45673.00000;41.43;9.95;24.67;29.31;21.74;-0.332;NEUTRE;0;-69.7;-3;1
2026.03.23 07:00;45584.00000;45668.00000;45452.00000;45529.00000;41.26;7.45;28.47;17.02;17.81;-0.646;SOFT_DOWN;-1;-80.5;-3;1
2026.03.23 06:00;45739.00000;45744.00000;45538.00000;45585.00000;38.61;8.60;26.72;18.88;22.51;-0.524;SOFT_DOWN;-1;-80;-3;0
2026.03.23 05:00;45766.00000;45807.00000;45678.00000;45739.00000;36.65;9.92;20.38;17.54;29.82;-0.188;NEUTRE;0;-67.8;-3;0
2026.03.23 04:00;45713.00000;45776.00000;45702.00000;45766.00000;36.99;7.75;23.51;31.10;37.57;-0.129;NEUTRE;0;-64.5;-2;0
2026.03.23 03:00;45841.00000;45869.00000;45708.00000;45713.00000;34.92;8.95;25.88;40.83;38.85;-0.244;NEUTRE;0;-79.3;-3;0
2026.03.23 02:00;45906.00000;45943.00000;45815.00000;45841.00000;32.82;10.32;19.64;40.77;35.66;0.035;NEUTRE;0;48.7;2;0
2026.03.23 01:00;45766.00000;45934.00000;45734.00000;45905.00000;33.08;10.83;22.66;34.95;38.95;0.175;NEUTRE;0;;;0
2026.03.23 00:00;45825.00000;45941.00000;45757.00000;45766.00000;32.74;12.50;24.38;31.25;44.93;-0.129;NEUTRE;0;;;0
2026.03.22 23:00;45858.00000;45917.00000;45789.00000;45825.00000;32.81;14.42;25.45;50.65;49.84;0.289;NEUTRE;0;39.3;1;0
2026.03.22 22:00;45693.00000;45959.00000;45673.00000;45858.00000;33.61;16.64;29.37;52.89;42.09;0.361;NEUTRE;0;46.9;2;0
2026.03.20 20:00;45899.00000;46144.00000;45886.00000;46082.00000;34.52;19.20;25.88;45.99;32.52;-0.767;SOFT_DOWN;-1;-68.2;-3;0
2026.03.20 19:00;45834.00000;45925.00000;45660.00000;45901.00000;37.55;9.09;29.86;27.41;27.62;-1.156;STRONG_DOWN;-2;-75.8;-3;1
2026.03.20 18:00;46076.00000;46101.00000;45797.00000;45833.00000;35.12;10.49;26.50;24.15;27.16;-1.303;STRONG_DOWN;-2;-78;-3;1
2026.03.20 17:00;46130.00000;46193.00000;46013.00000;46075.00000;33.87;12.10;19.64;31.29;27.90;-0.782;SOFT_DOWN;-1;-71.5;-3;1
2026.03.20 16:00;46086.00000;46166.00000;46023.00000;46129.00000;35.43;11.66;22.66;26.02;28.49;-0.665;SOFT_DOWN;-1;-69.7;-3;1
2026.03.20 15:00;46013.00000;46222.00000;45980.00000;46086.00000;35.94;13.45;26.15;26.37;34.07;-0.758;SOFT_DOWN;-1;-73.1;-3;1
2026.03.20 14:00;46171.00000;46220.00000;45974.00000;46013.00000;36.54;15.40;30.17;33.07;37.74;-0.915;STRONG_DOWN;-2;-76.8;-3;1
2026.03.20 13:00;46226.00000;46366.00000;46142.00000;46172.00000;37.17;17.76;24.31;42.76;35.69;-0.573;SOFT_DOWN;-1;-70.8;-3;1
2026.03.20 12:00;46204.00000;46269.00000;46145.00000;46227.00000;40.50;13.83;28.05;37.40;30.00;-0.454;SOFT_DOWN;-1;-67.9;-3;1
2026.03.20 11:00;46127.00000;46243.00000;46117.00000;46204.00000;41.51;12.74;32.36;26.90;31.96;-0.504;SOFT_DOWN;-1;-71.5;-3;1
2026.03.20 10:00;46169.00000;46186.00000;46011.00000;46126.00000;41.20;7.74;37.34;25.71;40.20;-0.672;SOFT_DOWN;-1;-77.1;-3;1
2026.03.20 09:00;46380.00000;46410.00000;46133.00000;46169.00000;37.44;8.93;32.36;43.29;46.03;-0.579;SOFT_DOWN;-1;-76.6;-3;1
2026.03.20 08:00;46448.00000;46478.00000;46373.00000;46379.00000;34.46;10.30;24.01;51.59;36.40;-0.127;NEUTRE;0;-45.9;-2;1
2026.03.20 07:00;46330.00000;46456.00000;46267.00000;46448.00000;33.62;8.66;27.71;43.20;26.83;0.022;NEUTRE;0;11.6;0;1
2026.03.20 06:00;46424.00000;46441.00000;46315.00000;46330.00000;30.73;9.99;28.06;14.40;23.12;-0.233;NEUTRE;0;-68.4;-3;0
2026.03.20 05:00;46413.00000;46445.00000;46385.00000;46424.00000;28.16;11.53;23.83;22.89;36.75;-0.030;NEUTRE;0;-21.3;0;0
2026.03.20 04:00;46445.00000;46460.00000;46412.00000;46413.00000;27.14;13.31;20.57;32.08;48.80;-0.054;NEUTRE;0;-41.3;-1;0
2026.03.20 03:00;46462.00000;46471.00000;46430.00000;46445.00000;28.01;15.35;17.97;55.27;60.53;0.015;NEUTRE;0;18;0;0
2026.03.20 02:00;46474.00000;46497.00000;46456.00000;46464.00000;31.11;17.71;10.98;59.05;65.76;0.056;NEUTRE;0;61.2;2;0
2026.03.20 01:00;46422.00000;46543.00000;46408.00000;46474.00000;32.29;20.44;12.67;67.28;70.73;0.078;NEUTRE;0;;;0
2026.03.20 00:00;46438.00000;46480.00000;46397.00000;46421.00000;33.64;16.40;14.62;70.95;71.08;-0.037;NEUTRE;0;;;0
2026.03.19 23:00;46452.00000;46485.00000;46424.00000;46438.00000;37.93;18.93;11.86;73.96;68.72;-0.073;NEUTRE;0;-11.7;0;0
2026.03.19 22:00;46437.00000;46474.00000;46383.00000;46452.00000;40.23;19.07;13.68;68.31;61.51;-0.043;NEUTRE;0;-7.2;0;0
2026.03.19 20:00;46338.00000;46439.00000;46299.00000;46404.00000;43.90;16.08;15.79;63.90;51.68;-0.146;NEUTRE;0;-25.4;-1;0
2026.03.19 19:00;46263.00000;46565.00000;46256.00000;46338.00000;50.51;18.56;18.22;52.32;39.05;-0.288;NEUTRE;0;-44.6;-1;1
2026.03.19 18:00;46154.00000;46281.00000;46079.00000;46264.00000;58.14;7.27;21.02;38.81;29.21;-0.448;SOFT_DOWN;-1;-58.3;-2;1
2026.03.19 17:00;46142.00000;46217.00000;46038.00000;46154.00000;59.60;3.52;24.26;26.02;26.93;-0.684;SOFT_DOWN;-1;-69.1;-3;1
2026.03.19 16:00;46173.00000;46281.00000;46105.00000;46142.00000;57.28;4.06;22.23;22.80;27.56;-0.710;SOFT_DOWN;-1;-70.9;-3;1
2026.03.19 15:00;46168.00000;46333.00000;46064.00000;46172.00000;55.46;4.68;25.65;31.98;31.05;-0.646;SOFT_DOWN;-1;-70.4;-3;1
2026.03.19 14:00;46336.00000;46380.00000;46059.00000;46168.00000;53.36;5.40;29.59;27.90;30.60;-0.654;SOFT_DOWN;-1;-71.8;-3;1
2026.03.19 13:00;46231.00000;46396.00000;46101.00000;46336.00000;50.93;6.23;32.13;33.28;41.31;-0.293;NEUTRE;0;-55.7;-2;1
2026.03.19 12:00;46430.00000;46454.00000;46190.00000;46231.00000;48.38;7.19;32.44;30.62;49.73;-0.519;SOFT_DOWN;-1;-70.4;-3;1
2026.03.19 11:00;46462.00000;46505.00000;46343.00000;46430.00000;46.02;8.30;28.51;60.05;55.64;-0.090;NEUTRE;0;-28;-1;1
2026.03.19 10:00;46555.00000;46556.00000;46446.00000;46461.00000;44.65;9.57;23.12;58.52;45.51;-0.024;NEUTRE;0;-8.9;0;1
2026.03.19 09:00;46422.00000;46587.00000;46325.00000;46556.00000;45.15;11.05;26.67;48.33;35.51;0.181;NEUTRE;0;52.6;2;1
2026.03.19 08:00;46442.00000;46502.00000;46352.00000;46421.00000;45.72;7.75;30.78;29.67;34.26;-0.110;NEUTRE;0;-41.8;-1;1
2026.03.19 07:00;46525.00000;46557.00000;46408.00000;46441.00000;43.56;8.95;29.77;28.52;42.98;-0.067;NEUTRE;0;-31.9;-1;1
2026.03.19 06:00;46488.00000;46568.00000;46479.00000;46525.00000;41.99;10.32;27.01;44.58;57.98;0.114;NEUTRE;0;51;2;0
2026.03.19 05:00;46539.00000;46558.00000;46460.00000;46486.00000;41.57;10.18;31.17;55.83;68.18;0.030;NEUTRE;0;21.3;0;0
2026.03.19 04:00;46573.00000;46573.00000;46512.00000;46538.00000;40.16;11.75;27.80;73.54;66.88;0.142;NEUTRE;0;66.6;3;0
2026.03.19 03:00;46583.00000;46614.00000;46573.00000;46573.00000;40.10;13.56;16.70;75.16;51.52;0.217;NEUTRE;0;78;3;0
2026.03.19 02:00;46483.00000;46622.00000;46449.00000;46583.00000;44.67;15.64;19.26;51.93;31.88;0.239;NEUTRE;0;82.7;3;0
2026.03.19 01:00;46462.00000;46526.00000;46433.00000;46483.00000;49.95;9.51;22.23;27.47;18.32;0.024;NEUTRE;0;;;0
2026.03.19 00:00;46472.00000;46512.00000;46412.00000;46461.00000;51.47;8.66;25.65;16.23;11.73;-0.024;NEUTRE;0;;;0
2026.03.18 23:00;46424.00000;46500.00000;46416.00000;46472.00000;51.77;8.15;29.59;11.25;8.12;-1.711;EXPLOSIVE_DOWN;-3;-78.3;-3;0
2026.03.18 22:00;46473.00000;46479.00000;46392.00000;46424.00000;50.99;5.56;34.15;7.71;7.54;-1.813;EXPLOSIVE_DOWN;-3;-79.4;-3;0
2026.03.18 20:00;46540.00000;46548.00000;46372.00000;46414.00000;47.76;6.41;39.40;5.41;8.73;-1.834;EXPLOSIVE_DOWN;-3;-80.5;-3;0
2026.03.18 19:00;46638.00000;46719.00000;46506.00000;46540.00000;44.03;7.40;33.75;9.50;10.78;-1.567;EXPLOSIVE_DOWN;-3;-79.4;-3;1
2026.03.18 18:00;46896.00000;46941.00000;46627.00000;46639.00000;40.95;8.53;30.20;11.28;10.68;-1.358;STRONG_DOWN;-2;-78.5;-3;1
2026.03.18 17:00;46913.00000;46924.00000;46804.00000;46896.00000;38.64;9.85;26.18;11.54;10.66;-0.814;STRONG_DOWN;-2;-72.2;-3;1
2026.03.18 16:00;46885.00000;46959.00000;46836.00000;46913.00000;37.61;11.36;26.10;9.22;10.46;-0.778;SOFT_DOWN;-1;-72.5;-3;1
2026.03.18 15:00;46927.00000;47011.00000;46867.00000;46885.00000;37.35;13.11;26.24;11.21;11.80;-0.838;STRONG_DOWN;-2;-74.6;-3;1
2026.03.18 14:00;47148.00000;47163.00000;46845.00000;46927.00000;37.96;15.13;30.28;10.96;10.87;-0.749;SOFT_DOWN;-1;-74;-3;1
2026.03.18 13:00;47082.00000;47215.00000;47037.00000;47148.00000;38.67;17.46;25.64;13.24;15.33;-0.281;NEUTRE;0;-54.6;-2;1
2026.03.18 12:00;47482.00000;47493.00000;47066.00000;47081.00000;41.70;20.14;27.08;8.40;24.89;-0.423;SOFT_DOWN;-1;-66.4;-3;1
2026.03.18 11:00;47545.00000;47588.00000;47431.00000;47482.00000;45.85;23.24;18.10;24.35;42.55;0.425;SOFT_UP;1;68.3;3;1
2026.03.18 10:00;47582.00000;47603.00000;47539.00000;47545.00000;50.99;26.81;10.30;41.90;59.45;0.558;SOFT_UP;1;74.6;3;1
2026.03.18 09:00;47600.00000;47615.00000;47567.00000;47583.00000;51.99;30.94;5.15;61.40;73.11;0.639;SOFT_UP;1;77.8;3;1
2026.03.18 08:00;47579.00000;47628.00000;47564.00000;47600.00000;49.00;35.70;5.95;75.05;83.11;0.675;SOFT_UP;1;79.7;3;1
2026.03.18 07:00;47603.00000;47618.00000;47574.00000;47579.00000;45.54;41.19;6.86;82.89;89.79;0.630;SOFT_UP;1;80.3;3;1
2026.03.18 06:00;47570.00000;47637.00000;47562.00000;47603.00000;41.56;47.53;7.92;91.38;93.88;0.681;SOFT_UP;1;82.3;3;0
2026.03.18 05:00;47553.00000;47581.00000;47546.00000;47570.00000;36.96;43.35;9.13;95.11;95.44;0.611;SOFT_UP;1;82.8;3;0
2026.03.18 04:00;47511.00000;47570.00000;47511.00000;47552.00000;32.62;45.19;10.54;95.13;93.60;0.573;SOFT_UP;1;83.9;3;0
2026.03.18 03:00;47474.00000;47519.00000;47468.00000;47511.00000;28.07;38.84;12.16;96.08;79.86;0.486;SOFT_UP;1;84.6;3;0
2026.03.18 02:00;47415.00000;47485.00000;47415.00000;47474.00000;24.34;34.56;14.03;89.58;57.21;0.408;SOFT_UP;1;85.7;3;0
2026.03.18 01:00;47370.00000;47421.00000;47370.00000;47416.00000;21.58;25.81;16.19;53.93;31.91;0.286;NEUTRE;0;;;0
2026.03.18 00:00;47281.00000;47376.00000;47272.00000;47370.00000;21.38;16.21;18.68;28.11;19.16;0.188;NEUTRE;0;;;0
2026.03.17 23:00;47313.00000;47328.00000;47271.00000;47281.00000;23.58;11.60;21.56;13.70;15.34;0.116;NEUTRE;0;18.2;0;0
2026.03.17 22:00;47327.00000;47329.00000;47282.00000;47313.00000;22.59;13.39;21.90;15.67;16.71;0.184;NEUTRE;0;28.5;1;0
2026.03.17 20:00;47338.00000;47367.00000;47324.00000;47340.00000;22.35;15.45;14.13;16.64;19.28;0.241;NEUTRE;0;38.1;1;0
2026.03.17 19:00;47387.00000;47406.00000;47311.00000;47340.00000;25.11;17.82;16.31;17.81;22.69;0.241;NEUTRE;0;39.5;1;1
2026.03.17 18:00;47412.00000;47457.00000;47335.00000;47386.00000;28.29;20.57;14.93;23.39;30.47;0.339;NEUTRE;0;50.8;2;1
2026.03.17 17:00;47386.00000;47459.00000;47367.00000;47411.00000;30.20;23.73;13.19;26.86;42.85;0.392;SOFT_UP;1;56.3;2;1
2026.03.17 16:00;47384.00000;47440.00000;47321.00000;47386.00000;30.45;24.20;15.22;41.14;60.22;0.339;NEUTRE;0;54;2;1
2026.03.17 15:00;47537.00000;47554.00000;47354.00000;47384.00000;31.63;27.93;13.30;60.55;75.30;0.335;NEUTRE;0;55.5;2;1
2026.03.17 14:00;47669.00000;47669.00000;47394.00000;47539.00000;31.04;32.22;12.27;78.95;83.86;0.663;SOFT_UP;1;72;3;1
2026.03.17 13:00;47436.00000;47763.00000;47433.00000;47669.00000;28.91;37.18;11.97;86.41;85.82;0.938;STRONG_UP;2;78;3;1
2026.03.17 12:00;47234.00000;47459.00000;47232.00000;47436.00000;25.47;28.73;13.81;86.23;84.00;0.445;SOFT_UP;1;67.5;3;1
2026.03.17 11:00;47232.00000;47293.00000;47221.00000;47233.00000;24.00;21.90;15.94;84.83;77.92;0.015;NEUTRE;0;5.1;0;1
2026.03.17 10:00;47261.00000;47272.00000;47171.00000;47232.00000;25.27;20.78;18.39;80.95;63.13;0.013;NEUTRE;0;4.8;0;1
2026.03.17 09:00;47130.00000;47279.00000;47130.00000;47261.00000;28.21;23.98;21.22;67.98;43.49;0.074;NEUTRE;0;28.1;1;1
2026.03.17 08:00;47086.00000;47173.00000;47064.00000;47131.00000;31.62;16.72;24.49;40.45;28.47;-0.201;NEUTRE;0;-58.5;-2;1
2026.03.17 07:00;47044.00000;47140.00000;47019.00000;47087.00000;33.58;14.64;28.25;22.03;21.66;-0.294;NEUTRE;0;-69.9;-3;1
2026.03.17 06:00;47069.00000;47077.00000;47004.00000;47044.00000;33.87;8.88;32.60;22.94;20.68;-0.385;NEUTRE;0;-76.5;-3;0
2026.03.17 05:00;47193.00000;47208.00000;47066.00000;47069.00000;30.28;10.25;24.55;20.00;15.82;-0.332;NEUTRE;0;-77;-3;0
2026.03.17 04:00;47144.00000;47210.00000;47133.00000;47193.00000;28.61;11.82;21.07;19.11;11.56;-0.070;NEUTRE;0;-48.7;-2;0
2026.03.17 03:00;47145.00000;47187.00000;47130.00000;47144.00000;28.69;9.05;24.31;8.35;9.68;-0.174;NEUTRE;0;-75.2;-3;0
2026.03.17 02:00;47199.00000;47200.00000;47145.00000;47145.00000;26.06;10.44;24.00;7.22;14.79;-0.172;NEUTRE;0;-79.9;-3;0
2026.03.17 01:00;47226.00000;47226.00000;47165.00000;47199.00000;24.01;12.04;22.10;13.48;24.37;-0.057;NEUTRE;0;;;0
2026.03.16 23:00;47226.00000;47226.00000;47226.00000;47226.00000;23.18;13.90;10.11;23.67;34.61;0.462;SOFT_UP;1;52.6;2;0
2026.03.16 22:00;47228.00000;47274.00000;47213.00000;47226.00000;24.32;16.03;11.67;35.96;39.30;0.462;SOFT_UP;1;53.8;2;0
2026.03.16 20:00;47278.00000;47308.00000;47225.00000;47260.00000;25.63;18.50;10.43;44.21;37.83;0.534;SOFT_UP;1;60.1;2;0
2026.03.16 19:00;47318.00000;47433.00000;47235.00000;47277.00000;25.29;21.35;10.19;37.74;33.32;0.570;SOFT_UP;1;62.9;2;1
2026.03.16 18:00;47230.00000;47383.00000;47230.00000;47318.00000;23.74;20.74;11.75;31.55;38.23;0.657;SOFT_UP;1;67.2;3;1
2026.03.16 17:00;47241.00000;47318.00000;47172.00000;47231.00000;23.13;17.40;13.56;30.66;52.76;0.472;SOFT_UP;1;61;2;1
2026.03.16 16:00;47256.00000;47327.00000;47145.00000;47240.00000;24.78;20.08;15.65;52.48;72.39;0.491;SOFT_UP;1;63.4;2;1
2026.03.16 15:00;47380.00000;47421.00000;47251.00000;47256.00000;26.69;23.17;9.09;75.15;87.58;0.525;SOFT_UP;1;66.3;3;1
2026.03.16 14:00;47472.00000;47519.00000;47157.00000;47381.00000;24.08;26.73;10.49;89.55;94.37;0.791;SOFT_UP;1;74.8;3;1
2026.03.16 13:00;47160.00000;47477.00000;47160.00000;47472.00000;21.08;29.06;12.11;98.03;86.73;0.985;STRONG_UP;2;78.5;3;1
2026.03.16 12:00;47161.00000;47161.00000;47160.00000;47160.00000;17.99;18.19;13.97;95.54;67.89;0.321;NEUTRE;0;60.1;2;1
2026.03.16 11:00;47128.00000;47169.00000;47070.00000;47161.00000;18.73;20.99;16.12;66.62;40.47;0.323;NEUTRE;0;62.4;2;1
2026.03.16 10:00;46918.00000;47137.00000;46911.00000;47128.00000;19.60;19.25;18.60;41.52;30.75;0.253;NEUTRE;0;58.7;2;1
2026.03.16 09:00;46999.00000;47013.00000;46900.00000;46918.00000;22.35;13.77;21.46;13.28;38.12;-0.194;NEUTRE;0;-54.5;-2;1
2026.03.16 08:00;47018.00000;47101.00000;46966.00000;46999.00000;22.43;15.88;15.78;37.44;59.92;-0.021;NEUTRE;0;-9.7;0;1
2026.03.16 07:00;47127.00000;47146.00000;46992.00000;47018.00000;25.83;18.33;15.24;63.64;76.64;0.019;NEUTRE;0;10;0;1
2026.03.16 06:00;47125.00000;47137.00000;47085.00000;47128.00000;28.39;21.15;8.30;78.69;83.96;0.253;NEUTRE;0;70;3;0
2026.03.16 05:00;47060.00000;47131.00000;47049.00000;47124.00000;26.04;22.63;9.57;87.58;88.78;0.245;NEUTRE;0;72.6;3;0
2026.03.16 04:00;47102.00000;47119.00000;47059.00000;47060.00000;23.81;23.86;11.05;85.60;90.54;0.108;NEUTRE;0;60.3;2;0
2026.03.16 03:00;47033.00000;47109.00000;47032.00000;47103.00000;21.83;24.96;12.75;93.15;94.22;0.200;NEUTRE;0;77;3;0
2026.03.16 02:00;47099.00000;47101.00000;47017.00000;47033.00000;20.20;27.20;14.71;92.87;89.39;0.051;NEUTRE;0;58.9;2;0
2026.03.16 01:00;47009.00000;47111.00000;47009.00000;47099.00000;18.72;31.39;16.97;96.65;73.91;0.191;NEUTRE;0;;;0
2026.03.15 23:00;47009.00000;47009.00000;47009.00000;47009.00000;17.02;20.83;19.58;78.65;43.55;0.339;NEUTRE;0;43.8;1;0
2026.03.15 22:00;46850.00000;47027.00000;46747.00000;47009.00000;19.16;24.04;22.59;46.44;19.86;0.339;NEUTRE;0;45.1;2;0
2026.03.13 20:00;46578.00000;46578.00000;46578.00000;46578.00000;21.63;12.35;26.07;5.57;7.13;-0.415;SOFT_DOWN;-1;-53.5;-2;0
2026.03.13 19:00;46640.00000;46640.00000;46578.00000;46578.00000;19.46;14.25;30.08;7.57;7.18;-0.415;SOFT_DOWN;-1;-54.9;-2;1
2026.03.13 18:00;46635.00000;46640.00000;46635.00000;46640.00000;16.96;16.45;20.56;8.24;6.99;-0.282;NEUTRE;0;-45.5;-2;1
2026.03.13 17:00;46662.00000;46776.00000;46588.00000;46635.00000;17.86;18.98;23.73;5.72;13.04;-0.293;NEUTRE;0;-48.3;-2;1
2026.03.13 16:00;46681.00000;46775.00000;46632.00000;46661.00000;18.90;21.89;23.78;7.02;30.79;-0.237;NEUTRE;0;-43.9;-1;1
2026.03.13 15:00;46771.00000;46859.00000;46666.00000;46681.00000;21.17;25.26;23.78;26.39;57.28;-0.195;NEUTRE;0;-40.2;-1;1
2026.03.13 14:00;46977.00000;47043.00000;46748.00000;46770.00000;23.96;29.15;20.90;58.97;80.75;-0.004;NEUTRE;0;-1.1;0;1
2026.03.13 13:00;46926.00000;47159.00000;46894.00000;46977.00000;25.11;33.63;16.50;86.48;88.97;0.438;SOFT_UP;1;65.5;3;1
2026.03.13 12:00;46926.00000;46926.00000;46926.00000;46926.00000;23.72;25.28;19.04;96.79;81.84;0.329;NEUTRE;0;60.7;2;1
2026.03.13 11:00;46854.00000;46931.00000;46819.00000;46925.00000;25.20;29.17;21.97;83.63;62.81;0.327;NEUTRE;0;62.7;2;1
2026.03.13 10:00;46718.00000;46857.00000;46711.00000;46854.00000;26.91;23.49;25.35;65.09;42.76;0.175;NEUTRE;0;48.7;2;1
2026.03.13 09:00;46675.00000;46762.00000;46675.00000;46717.00000;30.47;17.10;29.25;39.72;24.47;-0.118;NEUTRE;0;-40.5;-1;1
2026.03.13 08:00;46595.00000;46691.00000;46459.00000;46675.00000;31.12;7.17;33.75;23.45;20.31;-0.207;NEUTRE;0;-59.3;-2;1
2026.03.13 07:00;46707.00000;46718.00000;46561.00000;46595.00000;25.92;8.28;32.18;10.23;30.46;-0.378;NEUTRE;0;-74.1;-3;1
2026.03.13 06:00;46878.00000;46887.00000;46703.00000;46707.00000;20.82;9.55;23.21;27.25;47.93;-0.139;NEUTRE;0;-56.4;-2;0
2026.03.13 05:00;46866.00000;46897.00000;46839.00000;46879.00000;17.61;11.02;15.41;53.89;62.23;0.229;NEUTRE;0;71.4;3;0
2026.03.13 04:00;46924.00000;46928.00000;46838.00000;46865.00000;17.76;12.72;17.79;62.67;69.09;0.199;NEUTRE;0;72.8;3;0
2026.03.13 03:00;46894.00000;46933.00000;46876.00000;46924.00000;17.94;14.67;14.03;70.14;70.09;0.325;NEUTRE;0;81.9;3;0
2026.03.13 02:00;46918.00000;46945.00000;46884.00000;46894.00000;20.35;16.93;14.02;74.47;63.64;0.261;NEUTRE;0;83.3;3;0
2026.03.13 01:00;46939.00000;46996.00000;46907.00000;46918.00000;22.03;19.54;10.38;65.67;47.67;0.312;NEUTRE;0;;;0
2026.03.13 00:00;46772.00000;46975.00000;46728.00000;46938.00000;20.72;18.91;11.98;50.77;31.36;0.355;NEUTRE;0;;;0
2026.03.12 23:00;46820.00000;46844.00000;46769.00000;46773.00000;20.45;13.66;13.82;26.56;18.35;-0.802;SOFT_DOWN;-1;-66.2;-3;0
2026.03.12 22:00;46761.00000;46834.00000;46715.00000;46820.00000;23.51;13.71;15.95;16.75;15.21;-0.702;SOFT_DOWN;-1;-64.3;-2;0
2026.03.12 20:00;46712.00000;46785.00000;46701.00000;46770.00000;25.96;9.49;18.40;11.74;20.72;-0.808;SOFT_DOWN;-1;-69.2;-3;0
2026.03.12 19:00;46782.00000;46902.00000;46706.00000;46711.00000;25.04;10.94;20.32;17.14;29.62;-0.933;STRONG_DOWN;-2;-72.6;-3;1
2026.03.12 18:00;46850.00000;46933.00000;46774.00000;46784.00000;24.28;12.63;18.11;33.28;35.47;-0.778;SOFT_DOWN;-1;-70.4;-3;1
2026.03.12 17:00;46915.00000;47038.00000;46802.00000;46850.00000;25.27;14.57;18.18;38.44;31.75;-0.638;SOFT_DOWN;-1;-67.7;-3;1
2026.03.12 16:00;46900.00000;47111.00000;46803.00000;46917.00000;27.46;16.81;20.91;34.68;25.05;-0.496;SOFT_DOWN;-1;-63.6;-2;1
2026.03.12 15:00;46869.00000;46963.00000;46716.00000;46900.00000;30.02;12.01;24.13;22.13;21.03;-0.532;SOFT_DOWN;-1;-66.6;-3;1
2026.03.12 14:00;46849.00000;47047.00000;46756.00000;46869.00000;29.47;13.85;25.35;18.33;32.01;-0.598;SOFT_DOWN;-1;-70.2;-3;1
2026.03.12 13:00;47124.00000;47124.00000;46823.00000;46848.00000;29.50;15.99;25.71;22.64;51.03;-0.643;SOFT_DOWN;-1;-72.7;-3;1
2026.03.12 12:00;47122.00000;47124.00000;47122.00000;47124.00000;30.45;18.45;14.38;55.05;72.02;-0.057;NEUTRE;0;-17.2;0;1
2026.03.12 11:00;47165.00000;47250.00000;47122.00000;47122.00000;33.23;21.28;16.60;75.41;84.63;-0.062;NEUTRE;0;-20.1;0;1
2026.03.12 10:00;47230.00000;47248.00000;47160.00000;47168.00000;36.44;24.56;14.58;85.59;90.27;0.036;NEUTRE;0;13.2;0;1
2026.03.12 09:00;47192.00000;47246.00000;47058.00000;47230.00000;38.12;27.99;16.82;92.89;86.47;0.168;NEUTRE;0;50.5;2;1
2026.03.12 08:00;47149.00000;47245.00000;47116.00000;47191.00000;40.15;32.29;14.67;92.34;69.84;0.085;NEUTRE;0;34.6;1;1
2026.03.12 07:00;47027.00000;47151.00000;47021.00000;47149.00000;40.56;26.05;16.92;74.19;47.07;-0.004;NEUTRE;0;-2.1;0;1
2026.03.12 06:00;46954.00000;47036.00000;46926.00000;47027.00000;43.53;16.45;19.53;43.00;26.93;-0.263;NEUTRE;0;-70.7;-3;0
2026.03.12 05:00;46888.00000;46977.00000;46886.00000;46955.00000;48.91;10.72;22.53;24.04;16.25;-0.416;SOFT_DOWN;-1;-79.5;-3;0
2026.03.12 04:00;46899.00000;46950.00000;46887.00000;46888.00000;50.97;7.81;26.00;13.76;11.18;-0.558;SOFT_DOWN;-1;-83.7;-3;0
2026.03.12 03:00;46888.00000;46930.00000;46858.00000;46899.00000;50.54;4.13;30.00;10.94;9.58;-0.534;SOFT_DOWN;-1;-85.1;-3;0
2026.03.12 02:00;46991.00000;47017.00000;46839.00000;46888.00000;46.65;4.76;34.61;8.84;9.21;-0.558;SOFT_DOWN;-1;-86.8;-3;0
2026.03.12 01:00;47151.00000;47151.00000;46953.00000;46991.00000;42.16;5.50;30.08;8.96;14.29;-0.339;NEUTRE;0;;;0
2026.03.12 00:00;47151.00000;47151.00000;47151.00000;47151.00000;38.01;6.34;19.33;9.84;24.97;0.000;NEUTRE;0;;;0
2026.03.11 23:00;47151.00000;47151.00000;47151.00000;47151.00000;36.08;7.32;22.30;24.07;37.37;-1.163;STRONG_DOWN;-2;-73.1;-3;0
2026.03.11 22:00;47353.00000;47363.00000;47115.00000;47151.00000;33.84;8.44;25.73;40.99;41.91;-1.163;STRONG_DOWN;-2;-73.8;-3;0
2026.03.11 20:00;47455.00000;47461.00000;47381.00000;47383.00000;31.27;9.74;14.42;47.05;39.59;-0.677;SOFT_DOWN;-1;-65.6;-3;0
2026.03.11 19:00;47373.00000;47475.00000;47308.00000;47454.00000;33.10;11.24;16.64;37.68;31.37;-0.528;SOFT_DOWN;-1;-61;-2;1
2026.03.11 18:00;47360.00000;47435.00000;47283.00000;47373.00000;35.21;9.28;19.20;34.03;28.70;-0.698;SOFT_DOWN;-1;-68.4;-3;1
2026.03.11 17:00;47425.00000;47493.00000;47249.00000;47361.00000;35.27;10.71;22.15;22.40;25.75;-0.723;SOFT_DOWN;-1;-70.1;-3;1
2026.03.11 16:00;47255.00000;47430.00000;47209.00000;47429.00000;35.34;8.39;25.56;29.67;31.03;-0.581;SOFT_DOWN;-1;-67.1;-3;1
2026.03.11 15:00;47601.00000;47657.00000;47246.00000;47255.00000;32.99;9.68;26.92;25.18;31.35;-0.945;STRONG_DOWN;-2;-76.3;-3;1
2026.03.11 14:00;47530.00000;47716.00000;47317.00000;47601.00000;30.82;11.17;28.40;38.23;39.97;-0.220;NEUTRE;0;-45.6;-2;1
2026.03.11 13:00;47661.00000;47743.00000;47402.00000;47530.00000;28.86;12.88;29.49;30.63;40.31;-0.369;NEUTRE;0;-61.6;-2;1
2026.03.11 12:00;47659.00000;47661.00000;47659.00000;47661.00000;27.27;14.86;22.44;51.06;40.98;-0.094;NEUTRE;0;-27;-1;1
2026.03.11 11:00;47834.00000;47879.00000;47608.00000;47659.00000;28.34;17.15;25.89;39.23;27.77;-0.099;NEUTRE;0;-30.3;-1;1
2026.03.11 10:00;47564.00000;47837.00000;47564.00000;47837.00000;29.58;17.41;29.87;32.65;20.92;0.275;NEUTRE;0;60.8;2;1
2026.03.11 09:00;47652.00000;47658.00000;47550.00000;47564.00000;30.08;10.00;34.47;11.43;22.07;-0.298;NEUTRE;0;-65.1;-3;1
2026.03.11 08:00;47766.00000;47800.00000;47603.00000;47652.00000;26.24;11.53;32.22;18.69;38.46;-0.113;NEUTRE;0;-42.6;-1;1
2026.03.11 07:00;47868.00000;47880.00000;47717.00000;47767.00000;23.00;13.31;28.27;36.09;58.27;0.128;NEUTRE;0;49.9;2;1
2026.03.11 06:00;47851.00000;47884.00000;47827.00000;47868.00000;21.00;15.36;22.24;60.60;76.26;0.340;NEUTRE;0;74.8;3;0
2026.03.11 05:00;47923.00000;47931.00000;47846.00000;47851.00000;21.42;17.72;20.53;78.12;86.99;0.304;NEUTRE;0;75.8;3;0
2026.03.11 04:00;47958.00000;47960.00000;47918.00000;47923.00000;23.58;20.45;10.66;90.05;81.92;0.455;SOFT_UP;1;82.3;3;0
2026.03.11 03:00;47925.00000;47968.00000;47912.00000;47958.00000;22.37;23.59;12.30;92.81;60.94;0.528;SOFT_UP;1;85;3;0
2026.03.11 02:00;47921.00000;47947.00000;47892.00000;47924.00000;20.97;21.45;14.19;62.90;31.44;0.457;SOFT_UP;1;86.2;3;0
2026.03.11 01:00;47706.00000;47944.00000;47706.00000;47921.00000;21.06;23.91;16.37;27.12;12.50;0.451;SOFT_UP;1;;;0
2026.03.11 00:00;47706.00000;47706.00000;47706.00000;47706.00000;21.42;12.21;18.89;4.31;6.03;0.000;NEUTRE;0;;;0
2026.03.10 23:00;47706.00000;47706.00000;47706.00000;47706.00000;21.41;14.08;21.80;6.08;13.39;0.164;NEUTRE;0;24.9;0;0
2026.03.10 22:00;47747.00000;47770.00000;47687.00000;47706.00000;21.39;16.25;25.15;7.71;28.88;0.164;NEUTRE;0;25.9;1;0
2026.03.10 20:00;47747.00000;47807.00000;47739.00000;47757.00000;21.38;18.75;19.39;26.38;51.55;0.271;NEUTRE;0;41.4;1;0
2026.03.10 19:00;47869.00000;47949.00000;47696.00000;47748.00000;24.41;21.64;22.37;52.56;72.98;0.252;NEUTRE;0;40.8;1;1
2026.03.10 18:00;48156.00000;48171.00000;47762.00000;47869.00000;27.91;24.96;21.80;75.71;87.13;0.506;SOFT_UP;1;61.3;2;1
2026.03.10 17:00;48065.00000;48264.00000;48054.00000;48156.00000;31.16;28.80;14.16;90.67;84.78;1.109;STRONG_UP;2;76.7;3;1
2026.03.10 16:00;48037.00000;48097.00000;47909.00000;48065.00000;30.71;21.00;16.34;95.00;69.49;0.918;STRONG_UP;2;75;3;1
2026.03.10 15:00;48030.00000;48086.00000;47944.00000;48037.00000;33.52;24.23;15.99;68.68;40.70;0.859;STRONG_UP;2;75;3;1
2026.03.10 14:00;47525.00000;48038.00000;47474.00000;48029.00000;35.53;22.76;18.45;44.78;27.45;0.842;STRONG_UP;2;75.7;3;1
2026.03.10 13:00;47708.00000;47813.00000;47493.00000;47524.00000;39.39;20.12;21.29;8.63;31.28;-0.218;NEUTRE;0;-47.5;-2;1
2026.03.10 12:00;47706.00000;47709.00000;47706.00000;47708.00000;45.01;23.22;14.33;28.93;54.07;0.168;NEUTRE;0;42.3;1;1
2026.03.10 11:00;47873.00000;47965.00000;47680.00000;47701.00000;48.29;26.79;16.53;56.29;73.54;0.153;NEUTRE;0;42.1;1;1
2026.03.10 10:00;47934.00000;47941.00000;47793.00000;47873.00000;52.08;30.92;12.98;77.01;83.93;0.514;SOFT_UP;1;73.3;3;1
2026.03.10 09:00;47886.00000;47990.00000;47879.00000;47934.00000;53.80;35.67;6.04;87.33;88.25;0.642;SOFT_UP;1;77.8;3;1
2026.03.10 08:00;47904.00000;47988.00000;47868.00000;47886.00000;51.15;40.88;6.96;87.44;81.47;0.542;SOFT_UP;1;77.2;3;1
2026.03.10 07:00;47689.00000;47907.00000;47662.00000;47904.00000;48.11;36.79;8.03;89.96;67.13;0.579;SOFT_UP;1;79.5;3;1
2026.03.10 06:00;47684.00000;47717.00000;47660.00000;47689.00000;45.65;30.52;9.27;67.01;43.94;0.128;NEUTRE;0;54.2;2;0
2026.03.10 05:00;47593.00000;47692.00000;47591.00000;47684.00000;44.45;28.46;10.70;44.41;38.15;0.118;NEUTRE;0;56.9;2;0
2026.03.10 04:00;47552.00000;47608.00000;47521.00000;47592.00000;44.31;20.05;12.34;20.39;43.82;-0.076;NEUTRE;0;-51;-2;0
2026.03.10 03:00;47594.00000;47668.00000;47502.00000;47552.00000;47.47;23.13;14.24;49.64;59.93;-0.160;NEUTRE;0;-73.9;-3;0
2026.03.10 02:00;47714.00000;47721.00000;47589.00000;47594.00000;51.11;26.69;8.37;61.43;67.13;-0.071;NEUTRE;0;-66.6;-3;0
2026.03.10 01:00;47628.00000;47735.00000;47628.00000;47714.00000;50.94;30.80;5.11;68.73;72.32;0.181;NEUTRE;0;;;0
2026.03.09 23:00;47627.00000;47628.00000;47627.00000;47628.00000;47.77;20.15;5.90;71.23;76.23;1.987;EXPLOSIVE_UP;3;79.9;3;0
2026.03.09 22:00;47714.00000;47761.00000;47605.00000;47627.00000;46.70;23.25;6.81;76.99;77.69;1.985;EXPLOSIVE_UP;3;80.3;3;0
2026.03.09 20:00;47772.00000;47808.00000;47614.00000;47739.00000;45.47;26.82;6.97;80.45;77.67;2.225;EXPLOSIVE_UP;3;82.1;3;0
2026.03.09 19:00;47154.00000;47921.00000;47148.00000;47771.00000;43.43;30.95;8.04;75.64;77.32;2.293;EXPLOSIVE_UP;3;82.7;3;1
2026.03.09 18:00;47066.00000;47240.00000;47062.00000;47154.00000;41.07;22.16;9.27;76.91;80.55;0.972;STRONG_UP;2;74.1;3;1
2026.03.09 17:00;47241.00000;47249.00000;47014.00000;47064.00000;41.08;25.57;10.70;79.40;76.46;0.779;SOFT_UP;1;71.5;3;1
2026.03.09 16:00;47122.00000;47307.00000;47086.00000;47241.00000;41.09;29.50;7.63;85.34;67.07;1.158;STRONG_UP;2;78;3;1
2026.03.09 15:00;47018.00000;47204.00000;47016.00000;47122.00000;38.35;26.87;8.81;64.65;53.39;0.904;STRONG_UP;2;75.7;3;1
2026.03.09 14:00;46824.00000;47073.00000;46640.00000;47018.00000;36.46;20.29;10.16;51.21;50.52;0.681;SOFT_UP;1;72.5;3;1
2026.03.09 13:00;46917.00000;47121.00000;46734.00000;46827.00000;36.95;23.41;8.39;44.32;55.93;0.272;NEUTRE;0;53.7;2;1
2026.03.09 12:00;46916.00000;46917.00000;46916.00000;46917.00000;35.37;18.90;9.68;56.04;66.90;0.465;SOFT_UP;1;68.4;3;1
2026.03.09 11:00;46942.00000;47028.00000;46870.00000;46917.00000;35.85;21.80;11.16;67.42;76.67;0.465;SOFT_UP;1;70;3;1
2026.03.09 10:00;47039.00000;47072.00000;46879.00000;46942.00000;36.40;25.16;12.01;77.25;80.83;0.518;SOFT_UP;1;73.5;3;1
2026.03.09 09:00;46827.00000;47163.00000;46772.00000;47039.00000;36.55;29.03;13.85;85.35;82.03;0.726;SOFT_UP;1;79.2;3;1
2026.03.09 08:00;46747.00000;46849.00000;46669.00000;46825.00000;36.73;21.14;15.98;79.88;76.78;0.268;NEUTRE;0;65.3;3;1
2026.03.09 07:00;46640.00000;46773.00000;46599.00000;46738.00000;40.25;17.90;18.44;80.85;69.84;0.081;NEUTRE;0;37;1;1
2026.03.09 06:00;46719.00000;46797.00000;46615.00000;46640.00000;46.21;20.65;19.87;69.62;51.38;-0.128;NEUTRE;0;-54.2;-2;0
2026.03.09 05:00;46499.00000;46737.00000;46477.00000;46718.00000;53.02;18.76;22.92;59.06;32.30;0.039;NEUTRE;0;26.9;1;0
2026.03.09 04:00;46490.00000;46578.00000;46490.00000;46499.00000;59.64;12.23;26.45;25.47;17.55;-0.430;SOFT_DOWN;-1;-81.9;-3;0
2026.03.09 03:00;46467.00000;46530.00000;46442.00000;46490.00000;63.16;5.72;30.52;12.38;15.94;-0.450;SOFT_DOWN;-1;-84.1;-3;0
2026.03.09 02:00;46398.00000;46510.00000;46331.00000;46469.00000;62.35;3.11;35.21;14.82;22.61;-0.495;SOFT_DOWN;-1;-86.4;-3;0
2026.03.09 01:00;46700.00000;46700.00000;46396.00000;46398.00000;59.05;3.59;35.04;20.63;28.92;-0.647;SOFT_DOWN;-1;;;0
2026.03.08 23:00;46699.00000;46700.00000;46699.00000;46700.00000;55.61;4.14;25.10;32.39;38.04;-0.111;NEUTRE;0;-17.4;0;0
2026.03.08 22:00;46752.00000;46765.00000;46406.00000;46699.00000;53.13;4.77;28.96;33.74;45.51;-0.113;NEUTRE;0;-18.5;0;0
2026.03.06 21:00;47354.00000;47354.00000;47354.00000;47354.00000;50.28;5.51;18.03;47.99;52.39;-1.463;EXPLOSIVE_DOWN;-3;-77.6;-3;0
2026.03.06 20:00;47354.00000;47354.00000;47354.00000;47354.00000;49.83;6.36;20.81;54.81;54.35;-1.463;EXPLOSIVE_DOWN;-3;-78.1;-3;0
2026.03.06 19:00;47354.00000;47354.00000;47354.00000;47354.00000;49.31;7.33;24.01;54.37;52.91;-1.463;EXPLOSIVE_DOWN;-3;-78.7;-3;1
2026.03.06 18:00;47355.00000;47355.00000;47354.00000;47354.00000;48.71;8.46;27.70;53.87;46.80;-1.463;EXPLOSIVE_DOWN;-3;-79.3;-3;1
2026.03.06 17:00;47425.00000;47484.00000;47251.00000;47354.00000;48.02;9.77;31.96;50.49;36.04;-1.463;EXPLOSIVE_DOWN;-3;-79.9;-3;1
2026.03.06 16:00;47468.00000;47548.00000;47347.00000;47427.00000;47.23;11.27;30.54;36.04;21.45;-1.311;STRONG_DOWN;-2;-79.4;-3;1
2026.03.06 15:00;47083.00000;47493.00000;47082.00000;47468.00000;47.40;8.79;35.24;21.60;11.64;-1.226;STRONG_DOWN;-2;-79.3;-3;1
2026.03.06 14:00;47327.00000;47365.00000;47023.00000;47080.00000;45.45;5.38;40.66;6.73;9.46;-2.033;EXPLOSIVE_DOWN;-3;-84;-3;1
2026.03.06 13:00;47745.00000;47750.00000;47284.00000;47331.00000;40.65;6.20;35.18;6.60;12.58;-1.511;EXPLOSIVE_DOWN;-3;-82.5;-3;1
2026.03.06 12:00;47732.00000;47745.00000;47732.00000;47745.00000;36.13;7.16;25.80;15.06;18.87;-0.649;SOFT_DOWN;-1;-74.1;-3;1
2026.03.06 11:00;47880.00000;47906.00000;47712.00000;47732.00000;32.99;8.26;29.77;16.09;22.16;-0.676;SOFT_DOWN;-1;-76;-3;1
2026.03.06 10:00;47810.00000;47927.00000;47808.00000;47880.00000;29.36;9.53;26.74;25.47;30.83;-0.368;NEUTRE;0;-67.3;-3;1
2026.03.06 09:00;48022.00000;48039.00000;47769.00000;47809.00000;26.58;10.99;30.85;24.92;39.34;-0.516;SOFT_DOWN;-1;-75;-3;1
2026.03.06 08:00;48073.00000;48090.00000;47958.00000;48022.00000;23.37;12.69;24.82;42.11;49.47;-0.073;NEUTRE;0;-30.7;-1;1
2026.03.06 07:00;48062.00000;48094.00000;48030.00000;48071.00000;21.99;14.64;20.25;50.99;60.43;0.029;NEUTRE;0;15.1;0;1
2026.03.06 06:00;48083.00000;48098.00000;48047.00000;48061.00000;22.89;16.89;19.28;55.30;66.42;0.008;NEUTRE;0;5;0;0
2026.03.06 05:00;48079.00000;48121.00000;48073.00000;48083.00000;25.40;19.49;14.40;75.00;74.60;0.054;NEUTRE;0;35.1;1;0
2026.03.06 04:00;48094.00000;48116.00000;48066.00000;48079.00000;27.00;20.88;16.62;68.97;77.18;0.046;NEUTRE;0;36.8;1;0
2026.03.06 03:00;48022.00000;48096.00000;48022.00000;48094.00000;29.40;17.94;19.18;79.83;84.68;0.077;NEUTRE;0;59.1;2;0
2026.03.06 02:00;48063.00000;48103.00000;48022.00000;48022.00000;33.41;20.70;22.13;82.73;86.08;-0.073;NEUTRE;0;-67.2;-3;0
2026.03.06 01:00;48063.00000;48088.00000;48017.00000;48063.00000;38.04;21.04;25.53;91.48;83.46;0.012;NEUTRE;0;;;0
2026.03.06 00:00;48057.00000;48116.00000;48045.00000;48063.00000;42.41;24.28;23.39;84.05;66.35;0.012;NEUTRE;0;;;0
2026.03.05 23:00;47931.00000;48070.00000;47931.00000;48056.00000;48.65;18.05;26.99;74.87;45.53;-1.514;EXPLOSIVE_DOWN;-3;-76.9;-3;0
2026.03.05 21:00;47985.00000;47985.00000;47907.00000;47931.00000;53.08;11.41;31.15;40.12;22.53;-1.771;EXPLOSIVE_DOWN;-3;-79.7;-3;0
2026.03.05 20:00;47714.00000;48003.00000;47672.00000;47984.00000;54.11;13.17;35.94;21.59;11.09;-1.662;EXPLOSIVE_DOWN;-3;-79.5;-3;0
2026.03.05 19:00;47732.00000;47772.00000;47611.00000;47714.00000;55.31;4.46;41.47;5.88;6.61;-2.215;EXPLOSIVE_DOWN;-3;-82.5;-3;1
2026.03.05 18:00;47815.00000;47861.00000;47704.00000;47735.00000;51.42;5.14;38.96;5.80;11.47;-2.172;EXPLOSIVE_DOWN;-3;-82.7;-3;1
2026.03.05 17:00;48011.00000;48095.00000;47793.00000;47814.00000;47.53;5.94;36.23;8.15;15.88;-2.010;EXPLOSIVE_DOWN;-3;-82.6;-3;1
2026.03.05 16:00;48162.00000;48188.00000;47922.00000;48012.00000;43.79;6.85;35.23;20.46;23.48;-1.605;EXPLOSIVE_DOWN;-3;-81.3;-3;1
2026.03.05 15:00;48517.00000;48534.00000;48088.00000;48162.00000;40.15;7.90;31.05;19.01;26.36;-1.297;STRONG_DOWN;-2;-79.9;-3;1
2026.03.05 14:00;48429.00000;48552.00000;48300.00000;48517.00000;37.19;9.12;28.52;30.97;35.36;-0.570;SOFT_DOWN;-1;-69.3;-3;1
2026.03.05 13:00;48658.00000;48658.00000;48419.00000;48429.00000;34.98;10.52;25.64;29.10;41.69;-0.750;SOFT_DOWN;-1;-75.1;-3;1
2026.03.05 12:00;48654.00000;48658.00000;48654.00000;48658.00000;33.93;12.14;14.46;46.01;50.15;-0.281;NEUTRE;0;-56.7;-2;1
2026.03.05 11:00;48674.00000;48757.00000;48650.00000;48654.00000;37.81;14.01;16.68;49.96;54.84;-0.289;NEUTRE;0;-59.7;-2;1
2026.03.05 10:00;48706.00000;48738.00000;48653.00000;48673.00000;42.28;13.43;19.25;54.47;60.53;-0.250;NEUTRE;0;-58.4;-2;1
2026.03.05 09:00;48601.00000;48876.00000;48600.00000;48705.00000;46.05;15.50;22.21;60.10;58.05;-0.184;NEUTRE;0;-53.1;-2;1
2026.03.05 08:00;48626.00000;48635.00000;48479.00000;48601.00000;50.39;4.45;25.63;67.02;52.03;-0.398;SOFT_DOWN;-1;-72.8;-3;1
2026.03.05 07:00;48658.00000;48669.00000;48574.00000;48626.00000;47.31;5.13;20.20;47.02;37.64;-0.346;NEUTRE;0;-72.7;-3;1
2026.03.05 06:00;48586.00000;48659.00000;48513.00000;48658.00000;45.44;4.30;23.31;42.05;30.48;-0.281;NEUTRE;0;-71.8;-3;0
2026.03.05 05:00;48671.00000;48675.00000;48582.00000;48585.00000;41.84;4.97;19.63;23.86;21.26;-0.430;SOFT_DOWN;-1;-79.9;-3;0
2026.03.05 04:00;48599.00000;48680.00000;48585.00000;48671.00000;39.11;5.73;22.15;25.52;19.49;-0.254;NEUTRE;0;-76.4;-3;0
2026.03.05 03:00;48667.00000;48682.00000;48559.00000;48599.00000;36.07;6.61;25.56;14.41;18.67;-0.402;SOFT_DOWN;-1;-83.5;-3;0
2026.03.05 02:00;48660.00000;48710.00000;48621.00000;48666.00000;32.56;7.63;21.73;18.53;22.74;-0.264;NEUTRE;0;-83.4;-3;0
2026.03.05 01:00;48795.00000;48797.00000;48631.00000;48660.00000;30.17;8.80;23.35;23.06;35.64;-0.277;NEUTRE;0;;;0
2026.03.04 23:00;48795.00000;48795.00000;48795.00000;48795.00000;27.85;10.16;11.74;26.62;52.38;0.637;SOFT_UP;1;61;2;0
2026.03.04 21:00;48783.00000;48829.00000;48743.00000;48796.00000;31.03;11.72;13.55;57.25;72.59;0.639;SOFT_UP;1;63.2;2;0
2026.03.04 20:00;48858.00000;48885.00000;48781.00000;48782.00000;34.68;13.52;8.84;73.28;82.95;0.610;SOFT_UP;1;63.2;2;0
2026.03.04 19:00;48821.00000;48888.00000;48808.00000;48858.00000;36.80;15.60;6.20;87.24;88.95;0.767;SOFT_UP;1;69.1;3;1
2026.03.04 18:00;48881.00000;48902.00000;48788.00000;48820.00000;35.82;18.00;7.16;88.35;84.69;0.689;SOFT_UP;1;68.1;3;1
2026.03.04 17:00;48860.00000;48908.00000;48770.00000;48882.00000;34.70;20.77;8.26;91.26;79.30;0.817;STRONG_UP;2;72.3;3;1
2026.03.04 16:00;48851.00000;48913.00000;48760.00000;48858.00000;33.41;23.97;9.53;74.45;69.15;0.767;SOFT_UP;1;72.2;3;1
2026.03.04 15:00;48549.00000;48898.00000;48534.00000;48851.00000;31.92;26.15;10.99;72.19;67.67;0.753;SOFT_UP;1;73;3;1
2026.03.04 14:00;48682.00000;48809.00000;48401.00000;48549.00000;30.55;26.41;12.68;60.82;67.85;0.130;NEUTRE;0;31.1;1;1
2026.03.04 13:00;48568.00000;48739.00000;48528.00000;48682.00000;29.85;30.47;9.85;70.01;75.18;0.404;SOFT_UP;1;63.7;2;1
2026.03.04 12:00;48567.00000;48568.00000;48567.00000;48568.00000;26.57;22.69;11.36;72.71;80.26;0.169;NEUTRE;0;42.5;1;1
2026.03.04 11:00;48646.00000;48720.00000;48566.00000;48567.00000;25.54;26.18;13.11;82.82;82.71;0.167;NEUTRE;0;44.6;1;1
2026.03.04 10:00;48506.00000;48673.00000;48497.00000;48647.00000;24.35;25.52;15.13;85.25;76.67;0.332;NEUTRE;0;65.2;3;1
2026.03.04 09:00;48377.00000;48512.00000;48335.00000;48506.00000;24.16;15.37;17.45;80.06;67.82;0.041;NEUTRE;0;16.5;0;1
2026.03.04 08:00;48441.00000;48468.00000;48348.00000;48376.00000;26.90;13.91;20.14;64.70;56.75;-0.227;NEUTRE;0;-61.5;-2;1
2026.03.04 07:00;48367.00000;48472.00000;48302.00000;48441.00000;28.23;16.05;23.24;58.70;47.98;-0.093;NEUTRE;0;-40.8;-1;1
2026.03.04 06:00;48359.00000;48406.00000;48263.00000;48366.00000;29.75;12.54;26.81;46.85;38.54;-0.247;NEUTRE;0;-69.5;-3;0
2026.03.04 05:00;48391.00000;48428.00000;48322.00000;48358.00000;28.75;14.47;24.59;38.38;30.14;-0.264;NEUTRE;0;-73.8;-3;0
2026.03.04 04:00;48377.00000;48422.00000;48351.00000;48390.00000;29.19;16.70;24.16;30.39;25.06;-0.198;NEUTRE;0;-72.7;-3;0
2026.03.04 03:00;48392.00000;48394.00000;48288.00000;48377.00000;30.87;13.20;27.88;21.66;26.56;-0.225;NEUTRE;0;-78.4;-3;0
2026.03.04 02:00;48420.00000;48454.00000;48315.00000;48392.00000;30.12;15.23;28.25;23.12;39.79;-0.194;NEUTRE;0;-81;-3;0
2026.03.04 01:00;48486.00000;48486.00000;48351.00000;48420.00000;30.14;17.57;28.62;34.89;58.39;-0.136;NEUTRE;0;;;0
2026.03.03 23:00;48486.00000;48486.00000;48486.00000;48486.00000;31.10;20.28;17.63;61.36;76.62;-0.885;STRONG_DOWN;-2;-68.2;-3;0
2026.03.03 21:00;48566.00000;48572.00000;48458.00000;48484.00000;34.82;23.40;20.35;78.91;87.42;-0.889;STRONG_DOWN;-2;-70;-3;0
2026.03.03 20:00;48670.00000;48715.00000;48498.00000;48567.00000;39.10;27.00;18.08;89.60;92.58;-0.720;SOFT_DOWN;-1;-66.9;-3;0
2026.03.03 19:00;48611.00000;48752.00000;48501.00000;48670.00000;42.07;31.15;20.65;93.76;87.24;-0.509;SOFT_DOWN;-1;-60.1;-2;1
2026.03.03 18:00;48357.00000;48654.00000;48355.00000;48611.00000;45.42;29.94;23.82;94.38;71.73;-0.630;SOFT_DOWN;-1;-66.3;-3;1
2026.03.03 17:00;48274.00000;48403.00000;48220.00000;48355.00000;50.66;21.63;27.49;73.57;48.35;-1.153;STRONG_DOWN;-2;-77.2;-3;1
2026.03.03 16:00;47856.00000;48313.00000;47820.00000;48273.00000;56.62;17.39;31.72;47.23;32.30;-1.321;STRONG_DOWN;-2;-79.5;-3;1
2026.03.03 15:00;47853.00000;47949.00000;47679.00000;47859.00000;60.84;8.70;36.60;24.25;26.97;-2.167;EXPLOSIVE_DOWN;-3;-83.9;-3;1
2026.03.03 14:00;48076.00000;48193.00000;47809.00000;47852.00000;60.73;10.04;34.82;25.42;26.63;-2.181;EXPLOSIVE_DOWN;-3;-84.4;-3;1
2026.03.03 13:00;48115.00000;48292.00000;48026.00000;48075.00000;61.58;11.59;31.48;31.25;22.97;-1.725;EXPLOSIVE_DOWN;-3;-83.4;-3;1
2026.03.03 12:00;48106.00000;48115.00000;48106.00000;48115.00000;63.94;3.13;36.32;23.22;14.49;-1.644;EXPLOSIVE_DOWN;-3;-83.6;-3;1
2026.03.03 11:00;48093.00000;48158.00000;47949.00000;48106.00000;60.84;3.61;41.91;14.45;8.00;-1.662;EXPLOSIVE_DOWN;-3;-84.2;-3;1
2026.03.03 10:00;48153.00000;48186.00000;48028.00000;48093.00000;57.25;4.17;42.54;5.79;4.71;-1.689;EXPLOSIVE_DOWN;-3;-84.8;-3;1
2026.03.03 09:00;48146.00000;48277.00000;48135.00000;48153.00000;53.42;4.81;38.67;3.77;5.25;-1.566;EXPLOSIVE_DOWN;-3;-85;-3;1
2026.03.03 08:00;48436.00000;48441.00000;48135.00000;48146.00000;49.66;5.55;44.62;4.57;6.16;-1.580;EXPLOSIVE_DOWN;-3;-85.5;-3;1
2026.03.03 07:00;48524.00000;48551.00000;48413.00000;48435.00000;45.32;6.41;37.51;7.42;7.74;-0.989;STRONG_DOWN;-2;-83.8;-3;1
2026.03.03 06:00;48574.00000;48605.00000;48506.00000;48523.00000;41.40;7.39;32.91;6.50;9.37;-0.810;STRONG_DOWN;-2;-83.5;-3;0
2026.03.03 05:00;48594.00000;48617.00000;48546.00000;48574.00000;38.03;8.53;31.76;9.30;10.72;-0.705;SOFT_DOWN;-1;-83.8;-3;0
2026.03.03 04:00;48679.00000;48700.00000;48577.00000;48593.00000;35.01;9.84;29.93;12.32;12.82;-0.666;SOFT_DOWN;-1;-84.7;-3;0
2026.03.03 03:00;48694.00000;48720.00000;48644.00000;48679.00000;32.62;11.35;26.15;10.54;15.92;-0.491;SOFT_DOWN;-1;-84.6;-3;0
2026.03.03 02:00;48715.00000;48729.00000;48626.00000;48694.00000;31.57;13.10;30.17;15.62;26.78;-0.460;SOFT_DOWN;-1;-86.2;-3;0
2026.03.03 01:00;48919.00000;48919.00000;48712.00000;48715.00000;30.36;15.12;21.97;21.62;42.03;-0.417;SOFT_DOWN;-1;;;0
2026.03.03 00:00;48919.00000;48919.00000;48919.00000;48919.00000;32.19;17.44;9.97;43.11;58.89;0.000;NEUTRE;0;;;0
2026.03.02 21:00;48940.00000;48954.00000;48895.00000;48918.00000;32.94;20.13;11.50;61.35;72.57;0.514;SOFT_UP;1;57.9;2;0
2026.03.02 20:00;49056.00000;49068.00000;48809.00000;48942.00000;33.82;23.22;13.27;72.22;80.41;0.563;SOFT_UP;1;61.4;2;0
2026.03.02 19:00;48876.00000;49119.00000;48874.00000;49056.00000;34.82;26.79;11.45;84.15;85.38;0.797;SOFT_UP;1;69.9;3;1
2026.03.02 18:00;49003.00000;49036.00000;48874.00000;48876.00000;34.01;25.70;13.21;84.87;85.73;0.427;SOFT_UP;1;57.1;2;1
2026.03.02 17:00;48942.00000;49043.00000;48911.00000;49003.00000;34.30;29.66;11.73;87.13;83.35;0.688;SOFT_UP;1;69.2;3;1
2026.03.02 16:00;48854.00000;49018.00000;48723.00000;48941.00000;32.91;31.31;13.54;85.18;80.74;0.561;SOFT_UP;1;66.3;3;1
2026.03.02 15:00;48725.00000;48969.00000;48684.00000;48854.00000;31.88;33.57;15.62;77.74;77.73;0.382;NEUTRE;0;58.9;2;1
2026.03.02 14:00;48460.00000;48758.00000;48409.00000;48725.00000;31.17;27.34;18.02;79.31;79.19;0.117;NEUTRE;0;28.5;1;1
2026.03.02 13:00;48496.00000;48580.00000;48449.00000;48460.00000;32.80;23.70;20.79;76.13;77.50;-0.427;SOFT_DOWN;-1;-64.9;-2;1
2026.03.02 12:00;48480.00000;48496.00000;48480.00000;48496.00000;36.84;17.49;23.99;82.14;70.68;-0.353;NEUTRE;0;-62.4;-2;1
2026.03.02 11:00;48465.00000;48558.00000;48429.00000;48481.00000;40.10;20.18;27.68;74.24;54.09;-0.384;NEUTRE;0;-66.2;-3;1
2026.03.02 10:00;48429.00000;48532.00000;48428.00000;48464.00000;43.85;20.18;31.94;55.65;35.42;-0.419;SOFT_DOWN;-1;-69.8;-3;1
2026.03.02 09:00;48315.00000;48455.00000;48285.00000;48429.00000;47.13;11.89;36.86;32.36;19.73;-0.491;SOFT_DOWN;-1;-74.3;-3;1
2026.03.02 08:00;48258.00000;48373.00000;48163.00000;48315.00000;46.50;6.30;42.53;18.24;11.79;-0.725;SOFT_DOWN;-1;-80.4;-3;1
2026.03.02 07:00;48408.00000;48424.00000;48243.00000;48258.00000;42.24;7.27;43.21;8.57;6.94;-0.842;STRONG_DOWN;-2;-82.7;-3;1
2026.03.02 06:00;48508.00000;48528.00000;48339.00000;48409.00000;37.79;8.39;41.69;8.55;5.65;-0.532;SOFT_DOWN;-1;-80.2;-3;0
2026.03.02 05:00;48575.00000;48591.00000;48505.00000;48508.00000;33.37;9.68;34.60;3.71;6.31;-0.329;NEUTRE;0;-76.8;-3;0
2026.03.02 04:00;48611.00000;48658.00000;48559.00000;48575.00000;29.85;11.17;30.26;4.69;16.96;-0.191;NEUTRE;0;-72.2;-3;0
2026.03.02 03:00;48644.00000;48653.00000;48591.00000;48611.00000;27.35;12.89;29.94;10.52;35.77;-0.117;NEUTRE;0;-68.5;-3;0
2026.03.02 02:00;48703.00000;48728.00000;48626.00000;48644.00000;25.43;14.87;25.86;35.66;55.22;-0.049;NEUTRE;0;-57.9;-2;0
2026.03.02 01:00;48668.00000;48724.00000;48624.00000;48703.00000;25.19;16.55;29.84;61.13;60.11;0.072;NEUTRE;0;;;0
2026.02.27 21:00;48988.00000;48988.00000;48988.00000;48988.00000;24.66;19.10;19.05;68.88;52.29;-0.754;SOFT_DOWN;-1;-66.8;-3;0
2026.02.27 20:00;48856.00000;48990.00000;48856.00000;48988.00000;28.43;22.04;21.98;50.31;42.00;-0.754;SOFT_DOWN;-1;-67.8;-3;0
2026.02.27 19:00;48856.00000;48856.00000;48856.00000;48856.00000;32.79;10.05;25.36;37.69;38.44;-1.021;STRONG_DOWN;-2;-74;-3;1
2026.02.27 18:00;48866.00000;48866.00000;48856.00000;48856.00000;31.18;11.59;29.26;38.00;34.79;-1.021;STRONG_DOWN;-2;-74.8;-3;1
2026.02.27 17:00;48904.00000;48989.00000;48735.00000;48866.00000;29.32;13.38;33.76;39.62;29.15;-1.001;STRONG_DOWN;-2;-75.4;-3;1
2026.02.27 16:00;48935.00000;49071.00000;48892.00000;48904.00000;27.17;15.43;29.45;26.75;19.55;-0.924;STRONG_DOWN;-2;-75.1;-3;1
2026.02.27 15:00;48715.00000;49001.00000;48698.00000;48935.00000;26.55;11.79;33.98;21.07;16.47;-0.861;STRONG_DOWN;-2;-75;-3;1
2026.02.27 14:00;49031.00000;49120.00000;48709.00000;48714.00000;23.18;13.60;38.65;10.82;13.86;-1.309;STRONG_DOWN;-2;-80.7;-3;1
2026.02.27 13:00;49187.00000;49187.00000;48924.00000;49031.00000;19.37;15.70;36.54;17.51;18.16;-0.667;SOFT_DOWN;-1;-73.3;-3;1
2026.02.27 12:00;49182.00000;49187.00000;49182.00000;49187.00000;16.21;18.11;27.07;13.24;28.16;-0.350;NEUTRE;0;-62.2;-2;1
2026.02.27 11:00;49256.00000;49262.00000;49155.00000;49182.00000;15.65;20.90;31.24;23.72;48.54;-0.361;NEUTRE;0;-64.9;-2;1
2026.02.27 10:00;49326.00000;49331.00000;49230.00000;49256.00000;15.01;24.12;25.26;47.51;65.95;-0.211;NEUTRE;0;-53.9;-2;1
2026.02.27 09:00;49337.00000;49394.00000;49312.00000;49326.00000;16.96;27.83;16.66;74.38;69.47;-0.069;NEUTRE;0;-26.5;-1;1
2026.02.27 08:00;49325.00000;49342.00000;49276.00000;49337.00000;15.71;22.35;19.22;75.95;60.25;-0.047;NEUTRE;0;-20.9;0;1
2026.02.27 07:00;49284.00000;49335.00000;49284.00000;49325.00000;16.97;25.79;20.31;58.09;50.19;-0.071;NEUTRE;0;-33.4;-1;1
2026.02.27 06:00;49291.00000;49306.00000;49249.00000;49284.00000;17.75;21.01;23.44;46.72;40.62;-0.154;NEUTRE;0;-59.1;-2;0
2026.02.27 05:00;49290.00000;49332.00000;49289.00000;49291.00000;19.64;24.24;16.25;45.77;30.51;-0.140;NEUTRE;0;-61.2;-2;0
2026.02.27 04:00;49282.00000;49303.00000;49274.00000;49290.00000;19.63;17.59;18.75;29.37;18.28;-0.142;NEUTRE;0;-66.6;-3;0
2026.02.27 03:00;49285.00000;49295.00000;49259.00000;49281.00000;22.16;16.06;21.63;16.39;12.63;-0.160;NEUTRE;0;-73.9;-3;0
2026.02.27 02:00;49251.00000;49286.00000;49249.00000;49285.00000;23.29;14.68;24.96;9.08;14.31;-0.152;NEUTRE;0;-78.6;-3;0
2026.02.27 01:00;49360.00000;49360.00000;49226.00000;49250.00000;22.88;16.94;28.80;12.42;26.79;-0.223;NEUTRE;0;;;0
2026.02.27 00:00;49360.00000;49360.00000;49360.00000;49360.00000;22.41;19.54;17.85;21.42;42.49;0.000;NEUTRE;0;;;0
2026.02.26 23:00;49360.00000;49360.00000;49360.00000;49360.00000;25.16;22.55;20.59;46.52;53.95;-0.277;NEUTRE;0;-38.1;-1;0
2026.02.26 21:00;49538.00000;49564.00000;49357.00000;49360.00000;28.34;26.02;23.76;59.53;48.96;-0.277;NEUTRE;0;-40.6;-1;0
2026.02.26 20:00;49539.00000;49596.00000;49519.00000;49537.00000;32.00;30.02;15.38;55.81;35.44;0.081;NEUTRE;0;14.8;0;0
2026.02.26 19:00;49470.00000;49586.00000;49459.00000;49539.00000;31.96;32.64;17.74;31.55;25.25;0.085;NEUTRE;0;16.2;0;1
2026.02.26 18:00;49286.00000;49551.00000;49271.00000;49470.00000;32.33;33.43;20.47;18.95;27.85;-0.055;NEUTRE;0;-11.2;0;1
2026.02.26 17:00;49374.00000;49394.00000;49259.00000;49286.00000;33.61;29.94;23.62;25.25;41.20;-0.426;SOFT_DOWN;-1;-58.5;-2;1
2026.02.26 16:00;49591.00000;49603.00000;49355.00000;49374.00000;36.96;34.55;16.32;39.35;56.71;-0.248;NEUTRE;0;-45.2;-2;1
2026.02.26 15:00;49659.00000;49685.00000;49268.00000;49591.00000;37.13;39.86;18.83;59.01;75.01;0.190;NEUTRE;0;39.5;1;1
2026.02.26 14:00;49631.00000;49867.00000;49627.00000;49659.00000;37.33;46.00;8.48;71.77;85.91;0.327;NEUTRE;0;56.6;2;1
2026.02.26 13:00;49583.00000;49660.00000;49583.00000;49632.00000;32.48;39.80;9.79;94.26;88.68;0.273;NEUTRE;0;53.8;2;1
2026.02.26 12:00;49511.00000;49583.00000;49511.00000;49583.00000;28.17;30.54;11.29;91.71;78.80;0.174;NEUTRE;0;43.3;1;1
2026.02.26 11:00;49473.00000;49514.00000;49471.00000;49511.00000;25.42;20.50;13.03;80.06;63.98;0.028;NEUTRE;0;9.4;0;1
2026.02.26 10:00;49473.00000;49493.00000;49454.00000;49473.00000;25.91;16.14;15.03;64.62;44.96;-0.048;NEUTRE;0;-17.3;0;1
2026.02.26 09:00;49425.00000;49504.00000;49423.00000;49472.00000;29.35;18.62;17.34;47.26;27.60;-0.051;NEUTRE;0;-20.2;0;1
2026.02.26 08:00;49409.00000;49453.00000;49397.00000;49425.00000;33.32;11.80;20.01;23.00;18.52;-0.145;NEUTRE;0;-49.7;-2;1
2026.02.26 07:00;49409.00000;49434.00000;49408.00000;49409.00000;34.47;8.39;23.09;12.56;18.76;-0.178;NEUTRE;0;-58.8;-2;1
2026.02.26 06:00;49421.00000;49436.00000;49400.00000;49409.00000;32.59;9.68;26.64;20.00;23.52;-0.178;NEUTRE;0;-62.6;-2;0
2026.02.26 05:00;49442.00000;49443.00000;49411.00000;49421.00000;30.42;11.17;26.04;23.72;25.92;-0.154;NEUTRE;0;-63.5;-2;0
2026.02.26 04:00;49453.00000;49460.00000;49439.00000;49442.00000;28.95;12.89;16.59;26.83;27.54;-0.111;NEUTRE;0;-61;-2;0
2026.02.26 03:00;49454.00000;49467.00000;49443.00000;49453.00000;31.47;14.87;16.21;27.20;31.23;-0.089;NEUTRE;0;-62.6;-2;0
2026.02.26 02:00;49465.00000;49470.00000;49435.00000;49454.00000;35.65;17.16;18.70;28.60;43.16;-0.087;NEUTRE;0;-70.5;-3;0
2026.02.26 01:00;49497.00000;49497.00000;49413.00000;49465.00000;40.47;19.80;21.58;37.88;60.59;-0.065;NEUTRE;0;;;0
2026.02.25 23:00;49497.00000;49497.00000;49497.00000;49497.00000;46.04;22.85;9.52;63.01;77.15;0.608;SOFT_UP;1;59.8;2;0
2026.02.25 21:00;49529.00000;49576.00000;49471.00000;49497.00000;46.79;26.36;10.98;80.88;86.42;0.608;SOFT_UP;1;62;2;0
2026.02.25 20:00;49516.00000;49562.00000;49501.00000;49531.00000;47.65;30.42;8.27;87.54;89.46;0.677;SOFT_UP;1;65.6;3;0
2026.02.25 19:00;49490.00000;49535.00000;49465.00000;49516.00000;46.17;28.29;9.55;90.82;85.69;0.646;SOFT_UP;1;65.7;3;1
2026.02.25 18:00;49522.00000;49540.00000;49478.00000;49490.00000;45.65;32.64;8.16;90.02;73.01;0.594;SOFT_UP;1;65;3;1
2026.02.25 17:00;49463.00000;49530.00000;49417.00000;49522.00000;43.44;35.18;9.41;76.23;59.22;0.659;SOFT_UP;1;68.4;3;1
2026.02.25 16:00;49335.00000;49488.00000;49321.00000;49463.00000;41.24;34.87;10.86;52.77;56.24;0.539;SOFT_UP;1;65.5;3;1
2026.02.25 15:00;49328.00000;49358.00000;49239.00000;49335.00000;39.50;28.26;12.53;48.65;70.92;0.278;NEUTRE;0;50.3;2;1
2026.02.25 14:00;49407.00000;49489.00000;49315.00000;49328.00000;39.65;32.61;4.63;67.29;85.07;0.264;NEUTRE;0;50.8;2;1
2026.02.25 13:00;49364.00000;49415.00000;49362.00000;49407.00000;34.19;31.09;5.35;96.82;92.42;0.425;SOFT_UP;1;64.8;2;1
2026.02.25 12:00;49367.00000;49367.00000;49364.00000;49364.00000;28.58;21.94;6.17;91.10;86.79;0.337;NEUTRE;0;61.3;2;1
2026.02.25 11:00;49288.00000;49369.00000;49283.00000;49367.00000;24.35;25.31;7.12;89.33;80.75;0.344;NEUTRE;0;63.8;2;1
2026.02.25 10:00;49301.00000;49319.00000;49267.00000;49288.00000;19.47;20.26;8.21;79.93;71.78;0.183;NEUTRE;0;50;2;1
2026.02.25 09:00;49274.00000;49308.00000;49258.00000;49301.00000;15.96;20.12;9.48;72.97;64.14;0.209;NEUTRE;0;56.5;2;1
2026.02.25 08:00;49216.00000;49297.00000;49216.00000;49274.00000;12.88;19.83;10.94;62.44;59.30;0.154;NEUTRE;0;51.4;2;1
2026.02.25 07:00;49226.00000;49239.00000;49207.00000;49215.00000;10.41;12.00;12.62;57.02;59.03;0.035;NEUTRE;0;18;0;1
2026.02.25 06:00;49217.00000;49253.00000;49209.00000;49226.00000;11.63;13.85;13.60;58.44;61.99;0.057;NEUTRE;0;31.7;1;0
2026.02.25 05:00;49229.00000;49253.00000;49211.00000;49217.00000;13.28;15.98;14.99;61.62;63.61;0.039;NEUTRE;0;26.9;1;0
2026.02.25 04:00;49245.00000;49247.00000;49206.00000;49229.00000;14.83;16.24;17.30;65.91;56.84;0.063;NEUTRE;0;45.7;2;0
2026.02.25 03:00;49274.00000;49275.00000;49134.00000;49245.00000;16.63;18.74;19.96;63.29;47.58;0.096;NEUTRE;0;64.3;2;0
2026.02.25 02:00;49271.00000;49288.00000;49255.00000;49273.00000;18.70;21.62;9.83;41.32;43.64;0.152;NEUTRE;0;78.6;3;0
2026.02.25 01:00;49198.00000;49275.00000;49198.00000;49271.00000;15.81;18.89;11.34;38.14;55.74;0.148;NEUTRE;0;;;0
2026.02.24 21:00;49231.00000;49238.00000;49197.00000;49198.00000;14.40;14.40;13.09;51.47;72.16;0.644;SOFT_UP;1;63.4;2;0
2026.02.24 20:00;49250.00000;49295.00000;49187.00000;49231.00000;15.87;16.62;15.10;77.62;84.18;0.712;SOFT_UP;1;66.6;3;0
2026.02.24 19:00;49299.00000;49315.00000;49212.00000;49250.00000;17.58;19.18;13.86;87.40;86.14;0.751;SOFT_UP;1;68.7;3;1
2026.02.24 18:00;49270.00000;49342.00000;49249.00000;49299.00000;17.81;22.13;10.47;87.51;80.89;0.851;STRONG_UP;2;72;3;1
2026.02.24 17:00;49199.00000;49287.00000;49193.00000;49270.00000;15.04;16.43;12.08;83.50;75.62;0.792;SOFT_UP;1;71.7;3;1
2026.02.24 16:00;49210.00000;49286.00000;49125.00000;49199.00000;15.00;18.80;13.93;71.66;70.87;0.646;SOFT_UP;1;69.2;3;1
2026.02.24 15:00;49090.00000;49298.00000;48999.00000;49210.00000;15.03;21.69;16.08;71.69;75.72;0.669;SOFT_UP;1;71;3;1
2026.02.24 14:00;49006.00000;49310.00000;48803.00000;49090.00000;15.05;25.03;18.55;69.26;78.71;0.423;SOFT_UP;1;63;2;1
2026.02.24 13:00;48979.00000;49020.00000;48884.00000;49006.00000;15.08;20.08;21.40;86.21;82.32;0.252;NEUTRE;0;51.6;2;1
2026.02.24 12:00;48980.00000;48980.00000;48979.00000;48979.00000;16.91;23.17;13.95;80.66;73.48;0.196;NEUTRE;0;46.7;2;1
2026.02.24 11:00;48917.00000;49010.00000;48917.00000;48980.00000;15.69;26.73;16.10;80.09;64.05;0.198;NEUTRE;0;49.5;2;1
2026.02.24 10:00;48932.00000;48947.00000;48899.00000;48917.00000;14.29;20.42;18.57;59.70;50.69;0.070;NEUTRE;0;24.5;0;1
2026.02.24 09:00;48854.00000;48935.00000;48854.00000;48932.00000;15.76;19.71;21.43;52.37;47.99;0.100;NEUTRE;0;35.9;1;1
2026.02.24 08:00;48919.00000;48920.00000;48821.00000;48854.00000;17.54;19.90;24.73;40.00;52.86;-0.059;NEUTRE;0;-25.6;-1;1
2026.02.24 07:00;48925.00000;48955.00000;48915.00000;48918.00000;18.57;22.96;13.93;51.61;65.14;0.072;NEUTRE;0;33.8;1;1
2026.02.24 06:00;48906.00000;48929.00000;48885.00000;48925.00000;17.66;16.49;16.07;66.98;78.78;0.086;NEUTRE;0;43;1;0
2026.02.24 05:00;48933.00000;48949.00000;48893.00000;48905.00000;20.18;19.03;15.74;76.83;83.75;0.045;NEUTRE;0;30.3;1;0
2026.02.24 04:00;48921.00000;48936.00000;48911.00000;48933.00000;21.83;21.96;13.22;92.55;78.23;0.102;NEUTRE;0;58.9;2;0
2026.02.24 03:00;48920.00000;48929.00000;48912.00000;48921.00000;21.37;21.03;15.25;81.88;62.32;0.078;NEUTRE;0;59.4;2;0
2026.02.24 02:00;48889.00000;48931.00000;48883.00000;48920.00000;22.20;24.26;17.60;60.26;46.84;0.076;NEUTRE;0;68;3;0
2026.02.24 01:00;48883.00000;48902.00000;48868.00000;48889.00000;23.17;18.70;20.31;44.82;34.77;0.012;NEUTRE;0;;;0
2026.02.23 23:00;48883.00000;48883.00000;48883.00000;48883.00000;26.10;12.98;23.43;35.43;24.81;-1.061;STRONG_DOWN;-2;-71.6;-3;0
2026.02.23 21:00;48862.00000;48891.00000;48834.00000;48883.00000;25.70;14.98;27.04;24.07;16.88;-1.061;STRONG_DOWN;-2;-73.1;-3;0
2026.02.23 20:00;48863.00000;48899.00000;48774.00000;48860.00000;25.24;17.28;31.20;14.93;12.73;-1.107;STRONG_DOWN;-2;-74.5;-3;0
2026.02.23 19:00;48921.00000;48945.00000;48799.00000;48863.00000;24.71;19.94;32.92;11.64;10.90;-1.101;STRONG_DOWN;-2;-75.1;-3;1
2026.02.23 18:00;48917.00000;49060.00000;48911.00000;48921.00000;24.73;23.01;26.18;11.62;9.33;-0.984;STRONG_DOWN;-2;-74.3;-3;1
2026.02.23 17:00;48937.00000;48964.00000;48811.00000;48917.00000;27.54;16.63;30.21;9.44;8.36;-0.992;STRONG_DOWN;-2;-75.2;-3;1
2026.02.23 16:00;48976.00000;49005.00000;48823.00000;48937.00000;27.32;19.19;33.65;6.93;12.22;-0.951;STRONG_DOWN;-2;-75.5;-3;1
2026.02.23 15:00;49266.00000;49303.00000;48940.00000;48976.00000;27.32;22.15;28.94;8.70;26.94;-0.872;STRONG_DOWN;-2;-75.2;-3;1
2026.02.23 14:00;49472.00000;49762.00000;49259.00000;49266.00000;29.47;25.55;19.87;21.03;46.40;-0.285;NEUTRE;0;-52.9;-2;1
2026.02.23 13:00;49507.00000;49507.00000;49382.00000;49472.00000;32.08;21.69;22.93;51.08;66.20;0.132;NEUTRE;0;33.4;1;1
2026.02.23 12:00;49504.00000;49507.00000;49504.00000;49507.00000;36.59;25.02;11.44;67.09;80.04;0.202;NEUTRE;0;47.6;2;1
2026.02.23 11:00;49545.00000;49585.00000;49480.00000;49505.00000;36.49;28.87;13.20;80.43;89.01;0.198;NEUTRE;0;49.5;2;1
2026.02.23 10:00;49538.00000;49568.00000;49501.00000;49545.00000;36.37;33.31;12.15;92.59;93.11;0.279;NEUTRE;0;61.1;2;1
2026.02.23 09:00;49476.00000;49552.00000;49476.00000;49538.00000;34.80;34.76;14.02;94.02;86.08;0.265;NEUTRE;0;62.4;2;1
2026.02.23 08:00;49459.00000;49481.00000;49421.00000;49477.00000;33.61;25.74;16.18;92.73;66.58;0.142;NEUTRE;0;49.1;2;1
2026.02.23 07:00;49400.00000;49470.00000;49398.00000;49459.00000;35.28;26.88;18.67;71.48;40.38;0.105;NEUTRE;0;44.3;1;1
2026.02.23 06:00;49376.00000;49407.00000;49369.00000;49400.00000;37.93;17.55;21.54;35.53;18.85;-0.014;NEUTRE;0;-8.6;0;0
2026.02.23 05:00;49354.00000;49379.00000;49340.00000;49376.00000;42.20;8.92;24.85;14.14;8.56;-0.063;NEUTRE;0;-39.3;-1;0
2026.02.23 04:00;49344.00000;49367.00000;49339.00000;49354.00000;41.43;5.56;28.68;6.86;18.40;-0.107;NEUTRE;0;-60.1;-2;0
2026.02.23 03:00;49371.00000;49382.00000;49341.00000;49344.00000;37.41;6.41;31.99;4.67;35.92;-0.128;NEUTRE;0;-70.2;-3;0
2026.02.23 02:00;49387.00000;49410.00000;49361.00000;49371.00000;32.92;7.40;29.40;43.67;53.43;-0.073;NEUTRE;0;-67.2;-3;0
2026.02.23 01:00;49407.00000;49442.00000;49383.00000;49387.00000;28.79;8.54;27.02;59.43;55.94;-0.040;NEUTRE;0;;;0
2026.02.20 21:00;49483.00000;49483.00000;49483.00000;49483.00000;25.22;9.85;15.79;57.21;52.01;0.125;NEUTRE;0;21.2;0;0
2026.02.20 20:00;49483.00000;49483.00000;49483.00000;49483.00000;25.54;11.37;18.22;51.18;50.81;0.125;NEUTRE;0;22.1;0;0
2026.02.20 19:00;49483.00000;49483.00000;49483.00000;49483.00000;25.90;13.11;21.03;47.64;53.39;0.125;NEUTRE;0;23.2;0;1
2026.02.20 18:00;49482.00000;49483.00000;49482.00000;49483.00000;26.32;15.13;24.26;53.61;58.36;0.125;NEUTRE;0;24.3;0;1
2026.02.20 17:00;49551.00000;49573.00000;49266.00000;49482.00000;26.81;17.46;28.00;58.92;57.98;0.123;NEUTRE;0;25.2;1;1
2026.02.20 16:00;49573.00000;49596.00000;49402.00000;49551.00000;27.36;20.15;25.49;62.56;48.91;0.263;NEUTRE;0;46.9;2;1
2026.02.20 15:00;49399.00000;49767.00000;49364.00000;49573.00000;29.77;23.25;29.41;52.44;31.75;0.308;NEUTRE;0;53.2;2;1
2026.02.20 14:00;49368.00000;49408.00000;49203.00000;49399.00000;32.55;13.12;33.93;31.74;15.57;-0.045;NEUTRE;0;-11.8;0;1
2026.02.20 13:00;49403.00000;49453.00000;49311.00000;49368.00000;30.76;15.14;31.05;11.08;6.98;-0.107;NEUTRE;0;-28.2;-1;1
2026.02.20 12:00;49401.00000;49403.00000;49401.00000;49403.00000;30.19;17.46;26.07;3.89;11.41;-0.036;NEUTRE;0;-11;0;1
2026.02.20 11:00;49459.00000;49459.00000;49391.00000;49401.00000;31.79;20.15;30.08;5.97;24.96;-0.040;NEUTRE;0;-13.3;0;1
2026.02.20 10:00;49521.00000;49536.00000;49459.00000;49459.00000;33.64;23.25;19.33;24.35;46.14;0.077;NEUTRE;0;26.6;1;1
2026.02.20 09:00;49557.00000;49602.00000;49515.00000;49521.00000;37.40;26.83;11.11;44.54;64.18;0.202;NEUTRE;0;55.6;2;1
2026.02.20 08:00;49525.00000;49566.00000;49504.00000;49557.00000;36.78;24.59;12.82;69.52;79.28;0.275;NEUTRE;0;65.9;3;1
2026.02.20 07:00;49544.00000;49547.00000;49505.00000;49525.00000;37.59;23.66;14.80;78.47;85.74;0.210;NEUTRE;0;62.9;2;1
2026.02.20 06:00;49547.00000;49562.00000;49532.00000;49544.00000;39.83;27.30;7.18;89.84;88.91;0.249;NEUTRE;0;69.7;3;0
2026.02.20 05:00;49516.00000;49552.00000;49516.00000;49548.00000;36.98;26.37;8.29;88.92;88.52;0.257;NEUTRE;0;73.3;3;0
2026.02.20 04:00;49502.00000;49524.00000;49499.00000;49516.00000;34.65;18.46;9.56;87.96;86.84;0.192;NEUTRE;0;72.2;3;0
2026.02.20 03:00;49511.00000;49521.00000;49498.00000;49502.00000;35.09;19.46;11.03;88.68;82.01;0.164;NEUTRE;0;74.3;3;0
2026.02.20 02:00;49497.00000;49526.00000;49483.00000;49511.00000;36.24;22.45;12.73;83.87;73.42;0.182;NEUTRE;0;80.4;3;0
2026.02.20 01:00;49421.00000;49517.00000;49421.00000;49496.00000;37.56;22.68;14.69;73.49;59.84;0.152;NEUTRE;0;;;0
2026.02.19 23:00;49421.00000;49421.00000;49421.00000;49421.00000;40.05;10.79;16.95;62.91;47.39;-0.579;SOFT_DOWN;-1;-58.6;-2;0
2026.02.19 21:00;49460.00000;49491.00000;49419.00000;49421.00000;42.79;12.45;19.55;43.11;33.33;-0.579;SOFT_DOWN;-1;-60.9;-2;0
2026.02.19 20:00;49331.00000;49463.00000;49331.00000;49460.00000;45.96;8.38;22.56;36.15;26.30;-0.501;SOFT_DOWN;-1;-58.5;-2;0
2026.02.19 19:00;49401.00000;49451.00000;49289.00000;49331.00000;45.98;8.27;26.03;20.74;24.25;-0.760;SOFT_DOWN;-1;-69;-3;1
2026.02.19 18:00;49351.00000;49413.00000;49257.00000;49403.00000;45.09;5.94;30.04;22.02;33.64;-0.616;SOFT_DOWN;-1;-65.8;-3;1
2026.02.19 17:00;49438.00000;49523.00000;49329.00000;49351.00000;41.71;6.85;27.56;29.98;43.99;-0.720;SOFT_DOWN;-1;-70;-3;1
2026.02.19 16:00;49589.00000;49601.00000;49375.00000;49438.00000;38.87;7.90;28.15;48.92;45.64;-0.545;SOFT_DOWN;-1;-65.7;-3;1
2026.02.19 15:00;49538.00000;49670.00000;49451.00000;49588.00000;36.21;9.12;27.31;53.06;36.94;-0.243;NEUTRE;0;-46.5;-2;1
2026.02.19 14:00;49548.00000;49620.00000;49402.00000;49538.00000;34.10;7.01;31.51;34.93;25.65;-0.344;NEUTRE;0;-58;-2;1
2026.02.19 13:00;49580.00000;49614.00000;49518.00000;49548.00000;29.56;8.09;28.17;22.84;19.99;-0.324;NEUTRE;0;-58.3;-2;1
2026.02.19 12:00;49581.00000;49581.00000;49580.00000;49580.00000;25.58;9.33;22.57;19.19;16.78;-0.260;NEUTRE;0;-54.6;-2;1
2026.02.19 11:00;49540.00000;49586.00000;49522.00000;49581.00000;23.14;10.77;26.04;17.94;19.35;-0.257;NEUTRE;0;-56.7;-2;1
2026.02.19 10:00;49626.00000;49626.00000;49515.00000;49540.00000;20.31;12.42;30.05;13.20;30.04;-0.340;NEUTRE;0;-65.7;-3;1
2026.02.19 09:00;49669.00000;49692.00000;49584.00000;49627.00000;17.05;14.33;25.19;26.91;51.60;-0.165;NEUTRE;0;-50;-2;1
2026.02.19 08:00;49740.00000;49784.00000;49656.00000;49668.00000;15.45;16.54;18.81;50.00;65.98;-0.082;NEUTRE;0;-33.7;-1;1
2026.02.19 07:00;49764.00000;49787.00000;49737.00000;49740.00000;16.84;19.08;11.97;77.90;66.40;0.062;NEUTRE;0;29.9;1;1
2026.02.19 06:00;49736.00000;49764.00000;49720.00000;49764.00000;15.90;14.94;13.81;70.04;59.45;0.111;NEUTRE;0;50.3;2;0
2026.02.19 05:00;49696.00000;49746.00000;49675.00000;49736.00000;17.74;10.95;15.93;51.24;57.99;0.054;NEUTRE;0;35.1;1;0
2026.02.19 04:00;49720.00000;49732.00000;49694.00000;49696.00000;17.62;12.63;14.27;57.06;58.63;-0.026;NEUTRE;0;-22.9;0;0
2026.02.19 03:00;49734.00000;49750.00000;49702.00000;49720.00000;19.39;14.57;13.23;65.68;53.30;0.022;NEUTRE;0;25.5;1;0
2026.02.19 02:00;49725.00000;49749.00000;49709.00000;49734.00000;21.63;16.82;13.02;53.14;43.07;0.050;NEUTRE;0;58.4;2;0
2026.02.19 01:00;49709.00000;49739.00000;49687.00000;49725.00000;23.00;15.56;15.02;41.08;34.54;0.032;NEUTRE;0;;;0
2026.02.19 00:00;49709.00000;49709.00000;49709.00000;49709.00000;26.26;9.07;17.33;35.00;33.21;0.000;NEUTRE;0;;;0
2026.02.18 21:00;49725.00000;49733.00000;49688.00000;49709.00000;25.49;10.47;20.00;27.52;39.77;0.183;NEUTRE;0;29.5;1;0
2026.02.18 20:00;49643.00000;49790.00000;49590.00000;49722.00000;24.61;12.08;23.07;37.10;54.98;0.210;NEUTRE;0;34.3;1;0
2026.02.18 19:00;49756.00000;49802.00000;49594.00000;49643.00000;23.58;13.94;26.31;54.70;70.86;0.050;NEUTRE;0;9.7;0;1
2026.02.18 18:00;49894.00000;49927.00000;49708.00000;49756.00000;22.48;16.08;21.93;73.14;80.75;0.278;NEUTRE;0;45.1;2;1
2026.02.18 17:00;49858.00000;49949.00000;49842.00000;49896.00000;23.57;18.56;15.89;84.74;79.57;0.560;SOFT_UP;1;65;2;1
2026.02.18 16:00;49921.00000;49951.00000;49840.00000;49858.00000;26.01;21.41;18.34;84.36;69.20;0.484;SOFT_UP;1;63.1;2;1
2026.02.18 15:00;49816.00000;49964.00000;49809.00000;49921.00000;28.82;24.71;21.16;69.62;53.98;0.611;SOFT_UP;1;69.3;3;1
2026.02.18 14:00;49638.00000;49870.00000;49490.00000;49813.00000;32.06;19.18;24.41;53.62;54.29;0.393;SOFT_UP;1;61.3;2;1
2026.02.18 13:00;49781.00000;49781.00000;49622.00000;49638.00000;35.15;22.13;22.82;38.70;62.61;0.040;NEUTRE;0;11.3;0;1
2026.02.18 12:00;49782.00000;49782.00000;49781.00000;49781.00000;40.32;25.54;10.95;70.56;79.83;0.329;NEUTRE;0;60.7;2;1
2026.02.18 11:00;49859.00000;49863.00000;49772.00000;49782.00000;40.37;29.47;12.64;78.56;85.74;0.331;NEUTRE;0;62.9;2;1
2026.02.18 10:00;49825.00000;49872.00000;49822.00000;49859.00000;40.43;34.00;6.13;90.36;89.38;0.486;SOFT_UP;1;72.4;3;1
2026.02.18 09:00;49810.00000;49871.00000;49800.00000;49825.00000;35.96;38.92;7.07;88.29;87.06;0.417;SOFT_UP;1;71.6;3;1
2026.02.18 08:00;49676.00000;49815.00000;49676.00000;49810.00000;30.84;32.77;8.16;89.50;85.82;0.387;NEUTRE;0;72.4;3;1
2026.02.18 07:00;49655.00000;49690.00000;49641.00000;49676.00000;26.34;23.98;9.41;83.38;81.11;0.117;NEUTRE;0;47.4;2;1
2026.02.18 06:00;49649.00000;49682.00000;49640.00000;49655.00000;23.68;25.16;10.86;84.57;68.82;0.075;NEUTRE;0;39.1;1;0
2026.02.18 05:00;49647.00000;49666.00000;49639.00000;49649.00000;21.21;23.17;12.53;75.37;53.33;0.062;NEUTRE;0;38.9;1;0
2026.02.18 04:00;49623.00000;49653.00000;49615.00000;49647.00000;19.89;19.33;14.46;46.52;43.21;0.058;NEUTRE;0;43.3;1;0
2026.02.18 03:00;49582.00000;49633.00000;49567.00000;49623.00000;20.74;14.20;16.69;38.09;46.49;0.010;NEUTRE;0;12.2;0;0
2026.02.18 02:00;49586.00000;49605.00000;49570.00000;49582.00000;22.69;9.86;19.25;45.01;56.94;-0.073;NEUTRE;0;-67.2;-3;0
2026.02.18 01:00;49618.00000;49618.00000;49555.00000;49586.00000;21.22;11.38;22.21;56.36;68.02;-0.064;NEUTRE;0;;;0
2026.02.17 21:00;49623.00000;49646.00000;49585.00000;49618.00000;19.52;13.13;18.31;69.45;73.71;0.042;NEUTRE;0;7.4;0;0
2026.02.17 20:00;49658.00000;49683.00000;49556.00000;49620.00000;19.99;15.15;21.12;78.25;74.35;0.046;NEUTRE;0;8.5;0;0
2026.02.17 19:00;49716.00000;49731.00000;49637.00000;49658.00000;20.53;17.48;14.56;73.44;65.75;0.123;NEUTRE;0;22.8;0;1
2026.02.17 18:00;49535.00000;49759.00000;49446.00000;49716.00000;22.29;20.17;16.80;71.36;54.75;0.240;NEUTRE;0;40.9;1;1
2026.02.17 17:00;49647.00000;49656.00000;49406.00000;49534.00000;24.32;18.21;19.38;52.47;40.42;-0.127;NEUTRE;0;-25.9;-1;1
2026.02.17 16:00;49403.00000;49720.00000;49387.00000;49647.00000;27.58;21.01;22.37;40.42;33.23;0.101;NEUTRE;0;22.3;0;1
2026.02.17 15:00;49396.00000;49483.00000;49237.00000;49402.00000;31.34;13.29;25.81;28.35;39.68;-0.393;SOFT_DOWN;-1;-59.6;-2;1
2026.02.17 14:00;49478.00000;49791.00000;49389.00000;49397.00000;31.24;15.34;20.27;30.91;49.03;-0.403;SOFT_DOWN;-1;-61.9;-2;1
2026.02.17 13:00;49531.00000;49587.00000;49343.00000;49479.00000;33.91;9.89;23.39;59.78;61.84;-0.238;NEUTRE;0;-50;-2;1
2026.02.17 12:00;49536.00000;49536.00000;49529.00000;49531.00000;32.89;11.41;15.26;56.41;65.15;-0.133;NEUTRE;0;-35.8;-1;1
2026.02.17 11:00;49475.00000;49550.00000;49462.00000;49536.00000;35.72;13.17;17.61;69.33;74.38;-0.123;NEUTRE;0;-36;-1;1
2026.02.17 10:00;49577.00000;49593.00000;49472.00000;49474.00000;39.00;15.19;18.57;69.70;75.67;-0.248;NEUTRE;0;-58.2;-2;1
2026.02.17 09:00;49534.00000;49589.00000;49500.00000;49577.00000;43.46;17.53;17.86;84.12;65.97;-0.040;NEUTRE;0;-16.1;0;1
2026.02.17 08:00;49470.00000;49602.00000;49465.00000;49535.00000;50.00;20.23;20.61;73.20;45.05;-0.125;NEUTRE;0;-45.5;-2;1
2026.02.17 07:00;49429.00000;49475.00000;49368.00000;49470.00000;57.55;9.08;23.78;40.59;24.83;-0.256;NEUTRE;0;-67.2;-3;1
2026.02.17 06:00;49376.00000;49438.00000;49375.00000;49429.00000;59.52;5.15;27.44;21.36;18.52;-0.339;NEUTRE;0;-74.8;-3;0
2026.02.17 05:00;49425.00000;49426.00000;49356.00000;49376.00000;58.16;3.02;31.67;12.54;18.12;-0.446;SOFT_DOWN;-1;-80.2;-3;0
2026.02.17 04:00;49416.00000;49437.00000;49404.00000;49424.00000;54.40;3.48;25.99;21.67;21.81;-0.349;NEUTRE;0;-80;-3;0
2026.02.17 03:00;49473.00000;49475.00000;49385.00000;49415.00000;51.01;4.02;29.99;20.16;21.76;-0.367;NEUTRE;0;-82.8;-3;0
2026.02.17 02:00;49440.00000;49491.00000;49397.00000;49473.00000;47.11;4.63;32.55;23.59;24.72;-0.250;NEUTRE;0;-83;-3;0
2026.02.17 01:00;49597.00000;49612.00000;49419.00000;49441.00000;42.81;5.35;33.95;21.53;25.69;-0.315;NEUTRE;0;;;0
2026.02.16 21:00;49597.00000;49597.00000;49597.00000;49597.00000;38.19;6.17;24.99;29.03;25.85;-0.054;NEUTRE;0;-9.5;0;0
2026.02.16 20:00;49599.00000;49599.00000;49597.00000;49597.00000;34.78;7.12;28.83;26.49;23.57;-0.054;NEUTRE;0;-10;0;0
2026.02.16 19:00;49599.00000;49599.00000;49599.00000;49599.00000;30.83;8.21;17.89;22.03;20.10;-0.050;NEUTRE;0;-9.7;0;1
2026.02.16 18:00;49601.00000;49601.00000;49597.00000;49599.00000;29.87;9.48;20.64;22.19;20.39;-0.050;NEUTRE;0;-10.2;0;1
2026.02.16 17:00;49610.00000;49640.00000;49586.00000;49601.00000;28.77;10.93;23.81;16.10;21.83;-0.046;NEUTRE;0;-10;0;1
2026.02.16 16:00;49575.00000;49660.00000;49554.00000;49610.00000;27.49;12.62;27.47;22.88;34.25;-0.028;NEUTRE;0;-6.5;0;1
2026.02.16 15:00;49703.00000;49735.00000;49570.00000;49575.00000;26.02;14.56;29.38;26.52;48.41;-0.099;NEUTRE;0;-23.2;0;1
2026.02.16 14:00;49767.00000;49769.00000;49621.00000;49703.00000;24.83;16.80;29.14;53.35;64.04;0.159;NEUTRE;0;36.5;1;1
2026.02.16 13:00;49771.00000;49780.00000;49722.00000;49766.00000;24.51;19.38;23.13;65.38;73.12;0.286;NEUTRE;0;55.1;2;1
2026.02.16 12:00;49771.00000;49772.00000;49771.00000;49771.00000;26.93;22.36;13.69;73.38;80.13;0.296;NEUTRE;0;58.1;2;1
2026.02.16 11:00;49770.00000;49789.00000;49738.00000;49771.00000;27.37;25.80;15.80;80.61;86.77;0.296;NEUTRE;0;60.3;2;1
2026.02.16 10:00;49796.00000;49801.00000;49754.00000;49769.00000;27.88;29.77;13.40;86.41;88.82;0.292;NEUTRE;0;62.2;2;1
2026.02.16 09:00;49754.00000;49817.00000;49747.00000;49796.00000;26.33;34.35;15.46;93.29;79.30;0.347;NEUTRE;0;68.3;3;1
2026.02.16 08:00;49703.00000;49763.00000;49674.00000;49754.00000;24.55;27.77;17.84;86.77;57.49;0.262;NEUTRE;0;64.9;2;1
2026.02.16 07:00;49648.00000;49703.00000;49642.00000;49702.00000;24.98;21.67;20.58;57.85;34.75;0.157;NEUTRE;0;55.6;2;1
2026.02.16 06:00;49612.00000;49654.00000;49609.00000;49647.00000;28.43;12.64;23.75;27.84;23.33;0.046;NEUTRE;0;26.5;1;0
2026.02.16 05:00;49638.00000;49647.00000;49607.00000;49612.00000;28.11;12.19;27.40;18.56;24.62;-0.024;NEUTRE;0;-17.3;0;0
2026.02.16 04:00;49634.00000;49661.00000;49632.00000;49637.00000;26.52;14.07;22.01;23.60;29.62;0.026;NEUTRE;0;22.9;0;0
2026.02.16 03:00;49644.00000;49648.00000;49611.00000;49634.00000;27.22;9.34;25.39;31.71;40.55;0.020;NEUTRE;0;23.4;0;0
2026.02.16 02:00;49670.00000;49680.00000;49635.00000;49643.00000;24.29;10.77;19.32;33.55;54.08;0.038;NEUTRE;0;51;2;0
2026.02.16 01:00;49624.00000;49673.00000;49616.00000;49670.00000;23.66;10.04;22.29;56.40;70.85;0.093;NEUTRE;0;;;0
2026.02.13 21:00;49720.00000;49720.00000;49720.00000;49720.00000;21.47;11.58;10.33;72.30;81.41;0.347;NEUTRE;0;47.1;2;0
2026.02.13 20:00;49720.00000;49720.00000;49720.00000;49720.00000;23.90;13.36;11.92;83.86;87.39;0.347;NEUTRE;0;48.5;2;0
2026.02.13 19:00;49720.00000;49720.00000;49720.00000;49720.00000;26.70;15.42;13.76;88.08;88.31;0.347;NEUTRE;0;49.9;2;1
2026.02.13 18:00;49729.00000;49731.00000;49714.00000;49720.00000;29.93;17.79;15.88;90.24;84.54;0.347;NEUTRE;0;51.4;2;1
2026.02.13 17:00;49711.00000;49790.00000;49696.00000;49729.00000;33.66;20.53;18.32;86.62;78.26;0.365;NEUTRE;0;54.4;2;1
2026.02.13 16:00;49560.00000;49764.00000;49538.00000;49711.00000;37.96;19.43;21.14;76.76;70.07;0.329;NEUTRE;0;53.2;2;1
2026.02.13 15:00;49393.00000;49684.00000;49378.00000;49560.00000;43.16;16.98;24.39;71.38;64.66;0.024;NEUTRE;0;5.9;0;1
2026.02.13 14:00;49541.00000;49579.00000;49153.00000;49397.00000;47.04;14.31;28.14;62.07;52.30;-0.305;NEUTRE;0;-54.8;-2;1
2026.02.13 13:00;49376.00000;49586.00000;49348.00000;49541.00000;49.26;16.51;25.43;60.51;43.35;-0.014;NEUTRE;0;-4;0;1
2026.02.13 12:00;49380.00000;49380.00000;49376.00000;49376.00000;53.57;5.74;29.34;34.33;34.51;-0.347;NEUTRE;0;-62;-2;1
2026.02.13 11:00;49371.00000;49382.00000;49299.00000;49380.00000;51.46;6.62;33.85;35.22;37.53;-0.339;NEUTRE;0;-63.5;-2;1
2026.02.13 10:00;49422.00000;49469.00000;49366.00000;49371.00000;49.02;7.64;26.64;33.99;38.77;-0.357;NEUTRE;0;-66.7;-3;1
2026.02.13 09:00;49431.00000;49479.00000;49380.00000;49422.00000;48.03;8.81;28.65;43.40;37.69;-0.254;NEUTRE;0;-61.4;-2;1
2026.02.13 08:00;49447.00000;49486.00000;49356.00000;49431.00000;47.27;10.17;33.06;38.93;30.26;-0.236;NEUTRE;0;-62.5;-2;1
2026.02.13 07:00;49425.00000;49475.00000;49408.00000;49446.00000;46.40;11.73;31.99;30.74;20.41;-0.206;NEUTRE;0;-62.4;-2;1
2026.02.13 06:00;49427.00000;49440.00000;49357.00000;49425.00000;46.41;5.50;36.91;21.12;14.19;-0.248;NEUTRE;0;-69.6;-3;0
2026.02.13 05:00;49495.00000;49499.00000;49410.00000;49427.00000;42.15;6.34;32.77;9.38;10.68;-0.244;NEUTRE;0;-72.5;-3;0
2026.02.13 04:00;49495.00000;49542.00000;49486.00000;49495.00000;38.24;7.32;24.67;12.08;11.71;-0.107;NEUTRE;0;-60.1;-2;0
2026.02.13 03:00;49544.00000;49558.00000;49490.00000;49494.00000;35.78;8.45;27.37;10.58;11.93;-0.109;NEUTRE;0;-67.1;-3;0
2026.02.13 02:00;49523.00000;49566.00000;49523.00000;49544.00000;33.15;9.74;24.11;12.48;11.70;-0.008;NEUTRE;0;-14.6;0;0
2026.02.13 01:00;49548.00000;49561.00000;49510.00000;49524.00000;31.72;9.45;27.82;12.75;14.12;-0.048;NEUTRE;0;;;0
2026.02.12 23:00;49548.00000;49548.00000;49548.00000;49548.00000;29.02;10.91;20.64;9.88;16.41;-1.305;STRONG_DOWN;-2;-74.8;-3;0
2026.02.12 21:00;49523.00000;49574.00000;49494.00000;49547.00000;28.74;12.59;23.82;19.72;18.72;-1.307;STRONG_DOWN;-2;-76.1;-3;0
2026.02.12 20:00;49815.00000;49866.00000;49492.00000;49522.00000;28.42;14.52;27.48;19.64;15.10;-1.356;STRONG_DOWN;-2;-77.2;-3;0
2026.02.12 19:00;49679.00000;49846.00000;49642.00000;49813.00000;28.05;16.76;25.54;16.80;9.80;-0.777;SOFT_DOWN;-1;-69.4;-3;1
2026.02.12 18:00;49542.00000;49734.00000;49499.00000;49679.00000;29.17;10.89;29.47;8.86;8.58;-1.044;STRONG_DOWN;-2;-75.2;-3;1
2026.02.12 17:00;49688.00000;49697.00000;49537.00000;49542.00000;26.57;12.57;31.51;3.73;15.67;-1.317;STRONG_DOWN;-2;-78.8;-3;1
2026.02.12 16:00;50159.00000;50171.00000;49616.00000;49688.00000;24.05;14.50;28.77;13.15;34.30;-1.026;STRONG_DOWN;-2;-76.5;-3;1
2026.02.12 15:00;50393.00000;50469.00000;50152.00000;50159.00000;22.67;16.73;18.33;30.12;53.45;-0.088;NEUTRE;0;-20.9;0;1
2026.02.12 14:00;50368.00000;50518.00000;50288.00000;50393.00000;25.46;19.30;14.55;59.62;63.96;0.378;NEUTRE;0;60.3;2;1
2026.02.12 13:00;50361.00000;50399.00000;50273.00000;50368.00000;27.22;14.31;16.79;70.63;67.80;0.329;NEUTRE;0;58.7;2;1
2026.02.12 12:00;50362.00000;50362.00000;50361.00000;50361.00000;30.18;16.52;8.63;61.64;65.94;0.315;NEUTRE;0;59.6;2;1
2026.02.12 11:00;50345.00000;50370.00000;50339.00000;50364.00000;30.00;19.06;9.96;71.13;69.78;0.321;NEUTRE;0;62.2;2;1
2026.02.12 10:00;50382.00000;50394.00000;50326.00000;50345.00000;29.79;21.99;11.49;65.04;64.50;0.283;NEUTRE;0;61.5;2;1
2026.02.12 09:00;50334.00000;50385.00000;50332.00000;50382.00000;29.55;23.34;13.26;73.18;66.05;0.357;NEUTRE;0;68.8;3;1
2026.02.12 08:00;50349.00000;50362.00000;50297.00000;50334.00000;29.86;20.25;15.30;55.29;66.53;0.261;NEUTRE;0;64.8;2;1
2026.02.12 07:00;50311.00000;50355.00000;50311.00000;50349.00000;32.31;23.37;14.34;69.69;77.78;0.291;NEUTRE;0;69.7;3;1
2026.02.12 06:00;50348.00000;50354.00000;50296.00000;50311.00000;33.60;26.61;16.55;74.62;85.07;0.215;NEUTRE;0;66.8;3;0
2026.02.12 05:00;50348.00000;50368.00000;50335.00000;50348.00000;35.18;30.71;8.75;89.02;91.10;0.289;NEUTRE;0;75.1;3;0
2026.02.12 04:00;50330.00000;50375.00000;50325.00000;50348.00000;32.04;35.43;10.09;91.57;87.96;0.289;NEUTRE;0;78;3;0
2026.02.12 03:00;50289.00000;50330.00000;50282.00000;50330.00000;28.40;27.03;11.65;92.72;79.22;0.253;NEUTRE;0;79.7;3;0
2026.02.12 02:00;50278.00000;50292.00000;50254.00000;50289.00000;26.65;19.01;13.44;79.58;66.98;0.171;NEUTRE;0;79.8;3;0
2026.02.12 01:00;50203.00000;50300.00000;50203.00000;50278.00000;28.11;21.94;15.51;65.36;58.13;0.149;NEUTRE;0;;;0
2026.02.12 00:00;50203.00000;50203.00000;50203.00000;50203.00000;29.79;9.93;17.89;56.01;50.26;0.000;NEUTRE;0;;;0
2026.02.11 21:00;50199.00000;50262.00000;50182.00000;50207.00000;29.97;11.46;20.65;53.03;44.25;-0.246;NEUTRE;0;-37.3;-1;0
2026.02.11 20:00;50201.00000;50255.00000;50169.00000;50199.00000;30.18;11.87;23.82;41.74;38.87;-0.262;NEUTRE;0;-40.4;-1;0
2026.02.11 19:00;50138.00000;50267.00000;50126.00000;50201.00000;29.68;13.70;27.49;37.96;35.83;-0.258;NEUTRE;0;-41.5;-1;1
2026.02.11 18:00;50211.00000;50232.00000;50097.00000;50139.00000;29.09;11.99;31.72;36.90;33.69;-0.381;NEUTRE;0;-54;-2;1
2026.02.11 17:00;50247.00000;50316.00000;50192.00000;50211.00000;26.62;13.83;25.77;32.62;34.60;-0.238;NEUTRE;0;-42.3;-1;1
2026.02.11 16:00;50061.00000;50330.00000;50028.00000;50247.00000;26.08;15.96;29.73;31.54;43.45;-0.167;NEUTRE;0;-34.2;-1;1
2026.02.11 15:00;50389.00000;50410.00000;49975.00000;50061.00000;25.46;18.42;34.31;39.65;54.13;-0.536;SOFT_DOWN;-1;-66.7;-3;1
2026.02.11 14:00;50535.00000;50582.00000;50362.00000;50392.00000;24.74;21.25;25.90;59.17;53.22;0.121;NEUTRE;0;29.3;1;1
2026.02.11 13:00;50303.00000;50550.00000;50300.00000;50535.00000;27.02;22.28;29.88;63.58;46.19;0.405;SOFT_UP;1;63.7;2;1
2026.02.11 12:00;50302.00000;50303.00000;50302.00000;50303.00000;28.94;10.51;34.48;36.90;39.47;-0.056;NEUTRE;0;-16.9;0;1
2026.02.11 11:00;50336.00000;50361.00000;50303.00000;50303.00000;25.19;12.13;24.40;38.10;37.75;-0.056;NEUTRE;0;-18.3;0;1
2026.02.11 10:00;50345.00000;50347.00000;50268.00000;50336.00000;23.90;10.28;28.16;43.41;34.86;0.010;NEUTRE;0;3.7;0;1
2026.02.11 09:00;50362.00000;50392.00000;50344.00000;50345.00000;20.42;11.86;17.69;31.75;30.70;0.028;NEUTRE;0;11.4;0;1
2026.02.11 08:00;50366.00000;50386.00000;50320.00000;50362.00000;20.53;11.76;20.41;29.41;40.71;0.062;NEUTRE;0;26.8;1;1
2026.02.11 07:00;50374.00000;50382.00000;50352.00000;50365.00000;19.55;13.57;16.09;30.95;57.96;0.068;NEUTRE;0;32.3;1;1
2026.02.11 06:00;50373.00000;50394.00000;50364.00000;50374.00000;21.26;15.66;12.41;61.76;77.63;0.085;NEUTRE;0;42.7;1;0
2026.02.11 05:00;50393.00000;50406.00000;50372.00000;50373.00000;22.75;18.07;10.22;81.16;85.09;0.083;NEUTRE;0;47.2;2;0
2026.02.11 04:00;50398.00000;50419.00000;50376.00000;50393.00000;21.97;20.85;9.98;89.98;78.57;0.123;NEUTRE;0;63.4;2;0
2026.02.11 03:00;50387.00000;50403.00000;50375.00000;50398.00000;19.93;18.33;11.51;84.13;62.53;0.133;NEUTRE;0;70.9;3;0
2026.02.11 02:00;50392.00000;50403.00000;50375.00000;50387.00000;19.48;21.15;13.28;61.59;45.16;0.111;NEUTRE;0;74.5;3;0
2026.02.11 01:00;50331.00000;50404.00000;50331.00000;50392.00000;18.96;24.40;15.33;41.88;32.96;0.121;NEUTRE;0;;;0
2026.02.10 21:00;50271.00000;50331.00000;50256.00000;50331.00000;18.37;12.77;17.69;32.01;33.36;0.279;NEUTRE;0;40.8;1;0
2026.02.10 20:00;50344.00000;50373.00000;50241.00000;50270.00000;18.71;14.74;20.41;25.00;41.96;0.157;NEUTRE;0;27;1;0
2026.02.10 19:00;50273.00000;50346.00000;50247.00000;50344.00000;19.11;13.86;23.55;43.08;57.77;0.305;NEUTRE;0;46.2;2;1
2026.02.10 18:00;50451.00000;50462.00000;50202.00000;50272.00000;18.07;15.99;27.17;57.81;70.72;0.161;NEUTRE;0;30.2;1;1
2026.02.10 17:00;50500.00000;50534.00000;50427.00000;50451.00000;16.86;18.45;18.04;72.43;77.53;0.518;SOFT_UP;1;63.2;2;1
2026.02.10 16:00;50453.00000;50516.00000;50330.00000;50501.00000;19.28;18.71;20.81;81.91;80.23;0.618;SOFT_UP;1;68.3;3;1
2026.02.10 15:00;50594.00000;50597.00000;50404.00000;50453.00000;21.43;21.58;17.89;78.24;69.89;0.522;SOFT_UP;1;66.2;3;1
2026.02.10 14:00;50200.00000;50607.00000;50198.00000;50594.00000;23.29;24.90;20.64;80.53;62.68;0.803;SOFT_UP;1;75;3;1
2026.02.10 13:00;50245.00000;50245.00000;50104.00000;50200.00000;25.43;15.12;23.82;50.89;56.39;0.018;NEUTRE;0;5.1;0;1
2026.02.10 12:00;50241.00000;50245.00000;50241.00000;50245.00000;25.90;17.44;12.54;56.62;63.47;0.108;NEUTRE;0;30.3;1;1
2026.02.10 11:00;50252.00000;50262.00000;50232.00000;50241.00000;27.37;20.13;14.46;61.67;69.88;0.100;NEUTRE;0;30.6;1;1
2026.02.10 10:00;50253.00000;50275.00000;50245.00000;50252.00000;29.06;23.22;10.02;72.14;70.84;0.122;NEUTRE;0;38.4;1;1
2026.02.10 09:00;50244.00000;50293.00000;50232.00000;50253.00000;27.43;26.80;11.56;75.82;65.24;0.124;NEUTRE;0;41.9;1;1
2026.02.10 08:00;50227.00000;50253.00000;50194.00000;50244.00000;25.54;20.83;13.34;64.57;58.86;0.106;NEUTRE;0;40.8;1;1
2026.02.10 07:00;50190.00000;50239.00000;50188.00000;50226.00000;26.09;20.39;15.40;55.33;63.83;0.070;NEUTRE;0;33;1;1
2026.02.10 06:00;50225.00000;50228.00000;50172.00000;50190.00000;27.96;20.20;17.77;56.67;64.15;-0.002;NEUTRE;0;-1.2;0;0
2026.02.10 05:00;50236.00000;50243.00000;50204.00000;50225.00000;31.28;23.31;11.71;79.49;59.79;0.068;NEUTRE;0;41.5;1;0
2026.02.10 04:00;50223.00000;50242.00000;50222.00000;50235.00000;30.99;26.90;6.41;56.31;46.91;0.088;NEUTRE;0;55.1;2;0
2026.02.10 03:00;50206.00000;50230.00000;50188.00000;50223.00000;26.30;21.80;7.39;43.58;43.75;0.064;NEUTRE;0;54.2;2;0
2026.02.10 02:00;50220.00000;50222.00000;50190.00000;50206.00000;22.75;22.23;8.53;40.83;46.30;0.030;NEUTRE;0;44.3;1;0
2026.02.10 01:00;50191.00000;50229.00000;50189.00000;50220.00000;19.40;25.65;9.84;46.84;55.27;0.058;NEUTRE;0;;;0
2026.02.09 23:00;50191.00000;50191.00000;50191.00000;50191.00000;15.53;14.98;11.36;51.22;64.50;-0.149;NEUTRE;0;-22.8;0;0
2026.02.09 21:00;50204.00000;50213.00000;50183.00000;50191.00000;15.81;17.28;13.11;67.73;71.80;-0.149;NEUTRE;0;-24.8;0;0
2026.02.09 20:00;50254.00000;50282.00000;50177.00000;50205.00000;16.12;19.94;15.12;74.54;73.06;-0.121;NEUTRE;0;-21.5;0;0
2026.02.09 19:00;50197.00000;50264.00000;50187.00000;50254.00000;16.49;20.37;17.45;73.14;73.67;-0.024;NEUTRE;0;-4.7;0;1
2026.02.09 18:00;50151.00000;50227.00000;50105.00000;50197.00000;17.83;16.12;20.13;71.51;71.98;-0.137;NEUTRE;0;-26.3;-1;1
2026.02.09 17:00;50211.00000;50231.00000;50145.00000;50151.00000;18.87;18.59;18.19;76.36;65.63;-0.229;NEUTRE;0;-41.2;-1;1
2026.02.09 16:00;50254.00000;50265.00000;50153.00000;50211.00000;21.60;21.46;19.55;68.08;48.26;-0.109;NEUTRE;0;-23.9;0;1
2026.02.09 15:00;50007.00000;50298.00000;49995.00000;50254.00000;24.21;24.76;22.56;52.45;31.90;-0.024;NEUTRE;0;-5.9;0;1
2026.02.09 14:00;50125.00000;50145.00000;49906.00000;50008.00000;27.22;20.80;26.03;24.23;22.43;-0.513;SOFT_DOWN;-1;-67.2;-3;1
2026.02.09 13:00;50144.00000;50197.00000;50116.00000;50126.00000;29.69;24.00;16.52;19.02;21.91;-0.279;NEUTRE;0;-54.4;-2;1
2026.02.09 12:00;50139.00000;50144.00000;50139.00000;50144.00000;31.42;17.62;19.06;24.04;25.84;-0.243;NEUTRE;0;-52.8;-2;1
2026.02.09 11:00;50165.00000;50175.00000;50137.00000;50139.00000;35.65;20.33;21.99;22.68;28.28;-0.253;NEUTRE;0;-56.2;-2;1
2026.02.09 10:00;50226.00000;50231.00000;50095.00000;50165.00000;40.53;23.46;25.38;30.79;33.75;-0.201;NEUTRE;0;-52.6;-2;1
2026.02.09 09:00;50273.00000;50295.00000;50213.00000;50226.00000;46.17;27.07;15.93;31.39;35.82;-0.080;NEUTRE;0;-30;-1;1
2026.02.09 08:00;50246.00000;50321.00000;50240.00000;50273.00000;49.28;31.23;13.32;39.06;43.12;0.014;NEUTRE;0;6.5;0;1
2026.02.09 07:00;50257.00000;50264.00000;50223.00000;50246.00000;50.68;25.21;15.36;37.02;52.23;-0.040;NEUTRE;0;-20.4;0;1
2026.02.09 06:00;50280.00000;50287.00000;50230.00000;50257.00000;54.74;29.09;15.10;53.29;64.86;-0.018;NEUTRE;0;-11;0;0
2026.02.09 05:00;50281.00000;50291.00000;50265.00000;50280.00000;58.29;33.57;7.98;66.37;74.15;0.028;NEUTRE;0;20;0;0
2026.02.09 04:00;50248.00000;50285.00000;50248.00000;50281.00000;57.79;35.18;9.21;74.92;79.85;0.030;NEUTRE;0;26;1;0
2026.02.09 03:00;50268.00000;50277.00000;50243.00000;50248.00000;57.67;37.27;10.62;81.16;83.11;-0.036;NEUTRE;0;-38;-1;0
2026.02.09 02:00;50283.00000;50320.00000;50260.00000;50268.00000;57.99;43.00;4.56;83.46;85.39;0.004;NEUTRE;0;7.4;0;0
2026.02.09 01:00;50266.00000;50311.00000;50262.00000;50283.00000;54.48;47.31;5.27;84.70;88.73;0.034;NEUTRE;0;;;0
2026.02.06 21:00;50183.00000;50183.00000;50183.00000;50183.00000;50.55;39.20;6.08;87.99;92.66;2.670;EXPLOSIVE_UP;3;83.1;3;0
2026.02.06 20:00;50085.00000;50251.00000;50085.00000;50183.00000;47.08;45.23;7.01;93.50;95.39;2.670;EXPLOSIVE_UP;3;83.4;3;0
2026.02.06 19:00;50042.00000;50089.00000;50042.00000;50085.00000;43.06;37.18;8.09;96.47;95.50;2.469;EXPLOSIVE_UP;3;83.3;3;1
2026.02.06 18:00;50034.00000;50079.00000;50017.00000;50042.00000;39.80;39.63;9.34;96.19;94.55;2.381;EXPLOSIVE_UP;3;83.4;3;1
2026.02.06 17:00;49948.00000;50067.00000;49928.00000;50034.00000;36.41;42.75;10.77;93.83;92.98;2.365;EXPLOSIVE_UP;3;83.7;3;1
2026.02.06 16:00;49811.00000;49973.00000;49796.00000;49948.00000;32.82;38.92;12.43;93.62;93.01;2.189;EXPLOSIVE_UP;3;83.6;3;1
2026.02.06 15:00;49714.00000;49904.00000;49701.00000;49811.00000;29.93;38.91;14.34;91.49;92.91;1.909;EXPLOSIVE_UP;3;83.1;3;1
2026.02.06 14:00;49255.00000;49741.00000;49244.00000;49714.00000;27.44;32.54;16.55;93.92;93.89;1.710;EXPLOSIVE_UP;3;82.8;3;1
2026.02.06 13:00;49257.00000;49290.00000;49191.00000;49255.00000;26.65;23.59;19.09;93.33;92.92;0.771;SOFT_UP;1;75.5;3;1
2026.02.06 12:00;49267.00000;49267.00000;49257.00000;49257.00000;29.13;27.21;11.78;94.43;90.93;0.775;SOFT_UP;1;76.6;3;1
2026.02.06 11:00;49113.00000;49280.00000;49113.00000;49267.00000;27.52;31.40;13.59;91.01;88.40;0.796;SOFT_UP;1;78;3;1
2026.02.06 10:00;49074.00000;49130.00000;49040.00000;49113.00000;25.66;22.41;15.68;87.35;86.64;0.481;SOFT_UP;1;72.3;3;1
2026.02.06 09:00;48996.00000;49122.00000;48960.00000;49074.00000;26.89;24.49;18.09;86.84;86.64;0.401;SOFT_UP;1;71;3;1
2026.02.06 08:00;48971.00000;49017.00000;48913.00000;48996.00000;28.71;18.29;20.87;85.71;80.25;0.241;NEUTRE;0;63;2;1
2026.02.06 07:00;48948.00000;48972.00000;48916.00000;48972.00000;32.12;14.45;24.08;87.37;69.19;0.192;NEUTRE;0;60.7;2;1
2026.02.06 06:00;48950.00000;48983.00000;48938.00000;48948.00000;33.21;16.67;21.74;67.68;53.04;0.143;NEUTRE;0;57.2;2;0
2026.02.06 05:00;48873.00000;48966.00000;48838.00000;48950.00000;36.29;13.42;25.09;52.52;42.16;0.147;NEUTRE;0;62.4;2;0
2026.02.06 04:00;48931.00000;48931.00000;48845.00000;48872.00000;37.21;11.28;28.95;38.92;32.71;-0.012;NEUTRE;0;-11;0;0
2026.02.06 03:00;48938.00000;48952.00000;48878.00000;48931.00000;36.18;13.02;27.50;35.04;25.53;0.108;NEUTRE;0;66.9;3;0
2026.02.06 02:00;48919.00000;48964.00000;48894.00000;48938.00000;36.25;15.02;28.40;24.18;21.10;0.123;NEUTRE;0;76;3;0
2026.02.06 01:00;48878.00000;48921.00000;48765.00000;48919.00000;37.09;7.88;32.77;17.38;22.22;0.084;NEUTRE;0;;;0
2026.02.05 21:00;48984.00000;49013.00000;48845.00000;48879.00000;33.38;9.09;29.93;21.73;30.29;-1.346;STRONG_DOWN;-2;-76.5;-3;0
2026.02.05 20:00;49118.00000;49188.00000;48929.00000;48981.00000;30.30;10.49;26.84;27.56;37.06;-1.140;STRONG_DOWN;-2;-74.9;-3;0
2026.02.05 19:00;49037.00000;49240.00000;49019.00000;49118.00000;28.22;12.11;25.62;41.59;39.92;-0.864;STRONG_DOWN;-2;-71.3;-3;1
2026.02.05 18:00;49233.00000;49274.00000;49003.00000;49037.00000;27.06;13.97;29.56;42.03;34.57;-1.027;STRONG_DOWN;-2;-74.9;-3;1
2026.02.05 17:00;49241.00000;49354.00000;49127.00000;49233.00000;25.71;16.12;27.07;36.13;24.21;-0.632;SOFT_DOWN;-1;-67.5;-3;1
2026.02.05 16:00;49003.00000;49247.00000;48916.00000;49240.00000;25.76;11.35;31.23;25.56;17.60;-0.618;SOFT_DOWN;-1;-68.3;-3;1
2026.02.05 15:00;49298.00000;49341.00000;48921.00000;49003.00000;22.54;13.09;35.81;10.94;22.95;-1.096;STRONG_DOWN;-2;-78.1;-3;1
2026.02.05 14:00;49385.00000;49448.00000;49234.00000;49298.00000;18.87;15.11;29.85;16.30;40.13;-0.501;SOFT_DOWN;-1;-66.7;-3;1
2026.02.05 13:00;49485.00000;49485.00000;49379.00000;49385.00000;16.72;17.43;24.02;41.62;57.83;-0.325;NEUTRE;0;-58.4;-2;1
2026.02.05 12:00;49628.00000;49628.00000;49485.00000;49485.00000;16.85;20.12;12.33;62.48;57.39;-0.123;NEUTRE;0;-33.7;-1;1
2026.02.05 11:00;49514.00000;49641.00000;49502.00000;49628.00000;15.75;23.21;12.40;69.37;49.13;0.166;NEUTRE;0;44.5;1;1
2026.02.05 10:00;49492.00000;49569.00000;49465.00000;49514.00000;13.51;18.81;14.31;40.31;37.42;-0.065;NEUTRE;0;-22.9;0;1
2026.02.05 09:00;49444.00000;49530.00000;49408.00000;49492.00000;13.49;15.94;16.51;37.69;36.44;-0.109;NEUTRE;0;-38.2;-1;1
2026.02.05 08:00;49532.00000;49587.00000;49424.00000;49444.00000;15.30;18.39;17.03;34.25;34.21;-0.206;NEUTRE;0;-59.2;-2;1
2026.02.05 07:00;49542.00000;49575.00000;49527.00000;49532.00000;17.06;21.22;9.93;37.38;29.13;-0.028;NEUTRE;0;-14.6;0;1
2026.02.05 06:00;49515.00000;49551.00000;49502.00000;49542.00000;14.11;16.79;11.45;31.01;20.74;-0.008;NEUTRE;0;-5;0;0
2026.02.05 05:00;49529.00000;49537.00000;49488.00000;49515.00000;13.37;14.98;13.22;18.99;24.67;-0.063;NEUTRE;0;-39.3;-1;0
2026.02.05 04:00;49475.00000;49542.00000;49475.00000;49528.00000;14.47;17.28;15.25;12.21;38.98;-0.036;NEUTRE;0;-30.3;-1;0
2026.02.05 03:00;49510.00000;49563.00000;49466.00000;49475.00000;15.73;19.94;17.60;42.82;59.11;-0.143;NEUTRE;0;-72.1;-3;0
2026.02.05 02:00;49659.00000;49667.00000;49503.00000;49510.00000;17.19;23.01;14.44;61.90;67.47;-0.073;NEUTRE;0;-67.2;-3;0
2026.02.05 01:00;49546.00000;49662.00000;49546.00000;49659.00000;16.31;26.55;12.62;72.60;71.60;0.228;NEUTRE;0;;;0
2026.02.04 23:00;49546.00000;49546.00000;49546.00000;49546.00000;13.35;15.25;14.56;67.91;68.18;0.377;NEUTRE;0;46.8;2;0
2026.02.04 21:00;49584.00000;49696.00000;49539.00000;49548.00000;15.06;17.59;16.81;74.29;61.10;0.381;NEUTRE;0;49.7;2;0
2026.02.04 20:00;49678.00000;49711.00000;49561.00000;49584.00000;17.02;20.30;17.23;62.35;49.18;0.454;SOFT_UP;1;55.9;2;0
2026.02.04 19:00;49388.00000;49687.00000;49320.00000;49677.00000;18.38;20.96;19.89;46.68;47.26;0.642;SOFT_UP;1;65.5;3;1
2026.02.04 18:00;49383.00000;49458.00000;49213.00000;49388.00000;20.81;14.59;22.95;38.52;52.00;0.057;NEUTRE;0;11.6;0;1
2026.02.04 17:00;49641.00000;49681.00000;49308.00000;49385.00000;20.58;16.83;20.51;56.59;55.88;0.051;NEUTRE;0;11;0;1
2026.02.04 16:00;49701.00000;49747.00000;49513.00000;49641.00000;22.23;19.42;15.21;60.88;49.60;0.569;SOFT_UP;1;66.6;3;1
2026.02.04 15:00;49451.00000;49756.00000;49358.00000;49702.00000;23.78;22.41;17.55;50.17;52.25;0.693;SOFT_UP;1;71.6;3;1
2026.02.04 14:00;49427.00000;49729.00000;49385.00000;49452.00000;25.57;25.85;20.25;37.77;64.38;0.186;NEUTRE;0;40.8;1;1
2026.02.04 13:00;49529.00000;49529.00000;49419.00000;49427.00000;27.63;20.89;23.37;68.82;76.03;0.136;NEUTRE;0;34.2;1;1
2026.02.04 12:00;49528.00000;49530.00000;49528.00000;49529.00000;31.02;24.10;11.72;86.56;71.80;0.342;NEUTRE;0;61.7;2;1
2026.02.04 11:00;49487.00000;49543.00000;49466.00000;49528.00000;30.48;27.81;13.52;72.70;62.42;0.340;NEUTRE;0;63.6;2;1
2026.02.04 10:00;49441.00000;49517.00000;49423.00000;49487.00000;29.85;26.89;15.60;56.13;62.14;0.257;NEUTRE;0;59.1;2;1
2026.02.04 09:00;49440.00000;49457.00000;49388.00000;49441.00000;30.35;21.21;18.00;58.43;72.55;0.164;NEUTRE;0;49.8;2;1
2026.02.04 08:00;49472.00000;49506.00000;49420.00000;49440.00000;33.76;24.47;13.63;71.85;80.46;0.162;NEUTRE;0;52.8;2;1
2026.02.04 07:00;49463.00000;49484.00000;49456.00000;49472.00000;34.58;28.24;9.29;87.37;84.48;0.227;NEUTRE;0;64.6;2;1
2026.02.04 06:00;49417.00000;49481.00000;49408.00000;49463.00000;32.13;30.93;10.72;82.17;84.54;0.209;NEUTRE;0;66.2;3;0
2026.02.04 05:00;49403.00000;49420.00000;49387.00000;49417.00000;29.60;22.84;12.37;83.90;87.16;0.115;NEUTRE;0;56.2;2;0
2026.02.04 04:00;49408.00000;49418.00000;49395.00000;49403.00000;29.58;26.35;10.54;87.55;89.10;0.087;NEUTRE;0;54.7;2;0
2026.02.04 03:00;49391.00000;49424.00000;49378.00000;49409.00000;27.54;30.41;12.16;90.04;89.35;0.099;NEUTRE;0;65;3;0
2026.02.04 02:00;49365.00000;49404.00000;49365.00000;49391.00000;25.18;28.39;14.03;89.70;85.16;0.063;NEUTRE;0;64;2;0
2026.02.04 01:00;49360.00000;49396.00000;49353.00000;49365.00000;23.85;29.61;16.19;88.30;74.08;0.010;NEUTRE;0;;;0
2026.02.03 23:00;49360.00000;49360.00000;49360.00000;49360.00000;23.01;21.28;18.68;77.48;54.43;-0.269;NEUTRE;0;-37.3;-1;0
2026.02.03 21:00;49341.00000;49415.00000;49299.00000;49361.00000;25.55;24.56;21.56;56.46;32.17;-0.267;NEUTRE;0;-39.6;-1;0
2026.02.03 20:00;49149.00000;49386.00000;49129.00000;49341.00000;28.48;24.49;24.87;29.34;14.21;-0.307;NEUTRE;0;-45;-1;0
2026.02.03 19:00;48985.00000;49168.00000;48932.00000;49152.00000;32.74;15.20;28.70;10.72;9.23;-0.689;SOFT_DOWN;-1;-67;-3;1
2026.02.03 18:00;49123.00000;49196.00000;48980.00000;48986.00000;33.05;17.54;29.99;2.58;15.58;-1.024;STRONG_DOWN;-2;-74.9;-3;1
2026.02.03 17:00;49409.00000;49427.00000;49118.00000;49123.00000;34.11;20.24;24.77;14.39;28.63;-0.748;SOFT_DOWN;-1;-70.7;-3;1
2026.02.03 16:00;49561.00000;49588.00000;49373.00000;49409.00000;37.81;23.36;15.89;29.77;35.76;-0.170;NEUTRE;0;-34.6;-1;1
2026.02.03 15:00;49537.00000;49655.00000;49468.00000;49561.00000;40.69;26.95;11.53;41.74;35.42;0.137;NEUTRE;0;30.7;1;1
2026.02.03 14:00;49502.00000;49765.00000;49400.00000;49537.00000;40.79;31.10;13.31;35.76;27.18;0.089;NEUTRE;0;22.5;0;1
2026.02.03 13:00;49485.00000;49537.00000;49485.00000;49502.00000;40.90;26.27;15.35;28.76;20.13;0.018;NEUTRE;0;5.1;0;1
2026.02.03 12:00;49484.00000;49486.00000;49483.00000;49485.00000;43.16;15.22;17.72;17.01;15.33;-0.016;NEUTRE;0;-5;0;1
2026.02.03 11:00;49492.00000;49495.00000;49454.00000;49484.00000;48.63;17.57;20.44;14.61;20.44;-0.018;NEUTRE;0;-6.1;0;1
2026.02.03 10:00;49503.00000;49529.00000;49486.00000;49491.00000;54.95;20.27;11.58;14.39;33.01;-0.004;NEUTRE;0;-1.5;0;1
2026.02.03 09:00;49544.00000;49553.00000;49486.00000;49503.00000;59.21;23.39;13.36;32.34;52.00;0.020;NEUTRE;0;8.2;0;1
2026.02.03 08:00;49560.00000;49594.00000;49534.00000;49544.00000;64.12;26.98;4.40;52.31;68.32;0.103;NEUTRE;0;39.9;1;1
2026.02.03 07:00;49553.00000;49573.00000;49546.00000;49560.00000;62.91;25.75;5.07;71.36;79.94;0.135;NEUTRE;0;51.4;2;1
2026.02.03 06:00;49552.00000;49578.00000;49544.00000;49553.00000;62.27;29.71;5.85;81.31;78.08;0.121;NEUTRE;0;52.7;2;0
2026.02.03 05:00;49565.00000;49565.00000;49525.00000;49552.00000;61.53;28.40;6.75;87.16;67.54;0.119;NEUTRE;0;57.1;2;0
2026.02.03 04:00;49541.00000;49566.00000;49536.00000;49565.00000;61.52;32.77;3.56;65.78;50.96;0.145;NEUTRE;0;67;3;0
2026.02.03 03:00;49524.00000;49553.00000;49520.00000;49541.00000;58.61;31.15;4.11;49.68;41.25;0.097;NEUTRE;0;64.6;2;0
2026.02.03 02:00;49534.00000;49538.00000;49510.00000;49524.00000;55.83;28.94;4.74;37.44;39.59;0.063;NEUTRE;0;64;2;0
2026.02.03 01:00;49493.00000;49554.00000;49493.00000;49534.00000;53.37;33.40;5.47;36.65;50.33;0.083;NEUTRE;0;;;0
2026.02.02 23:00;49493.00000;49493.00000;49493.00000;49493.00000;50.52;23.15;6.31;44.67;67.27;1.132;STRONG_UP;2;72.7;3;0
2026.02.02 21:00;49521.00000;49538.00000;49482.00000;49493.00000;49.50;26.71;7.28;69.68;83.65;1.132;STRONG_UP;2;74.1;3;0
2026.02.02 20:00;49529.00000;49600.00000;49487.00000;49518.00000;48.32;30.82;7.03;87.47;92.28;1.183;STRONG_UP;2;75.4;3;0
2026.02.02 19:00;49509.00000;49592.00000;49495.00000;49529.00000;46.08;35.57;8.11;93.81;95.09;1.206;STRONG_UP;2;76.4;3;1
2026.02.02 18:00;49507.00000;49539.00000;49438.00000;49509.00000;43.50;32.63;9.36;95.55;93.70;1.165;STRONG_UP;2;76.6;3;1
2026.02.02 17:00;49457.00000;49532.00000;49452.00000;49507.00000;41.67;37.65;8.66;95.90;91.19;1.161;STRONG_UP;2;77.3;3;1
2026.02.02 16:00;49432.00000;49497.00000;49389.00000;49457.00000;38.45;36.71;10.00;89.64;86.94;1.058;STRONG_UP;2;76.9;3;1
2026.02.02 15:00;49185.00000;49454.00000;49134.00000;49435.00000;35.56;36.24;11.53;88.03;87.76;1.014;STRONG_UP;2;77.2;3;1
2026.02.02 14:00;49014.00000;49316.00000;48811.00000;49185.00000;33.08;35.18;13.31;83.16;88.91;0.503;SOFT_UP;1;66.8;3;1
2026.02.02 13:00;48955.00000;49032.00000;48905.00000;49014.00000;31.23;31.93;15.36;92.08;92.33;0.153;NEUTRE;0;37.4;1;1
2026.02.02 12:00;48967.00000;48967.00000;48955.00000;48955.00000;30.64;28.97;17.72;91.48;93.03;0.033;NEUTRE;0;10.1;0;1
2026.02.02 11:00;48870.00000;48995.00000;48870.00000;48967.00000;31.64;33.43;20.44;93.43;89.84;0.057;NEUTRE;0;18.6;0;1
2026.02.02 10:00;48864.00000;48907.00000;48855.00000;48870.00000;32.80;27.74;23.59;94.16;76.05;-0.141;NEUTRE;0;-42.5;-1;1
2026.02.02 09:00;48810.00000;48881.00000;48776.00000;48864.00000;36.60;24.32;27.22;81.94;52.78;-0.153;NEUTRE;0;-47.9;-2;1
2026.02.02 08:00;48641.00000;48820.00000;48634.00000;48810.00000;41.37;19.12;31.41;52.06;31.18;-0.264;NEUTRE;0;-65;-3;1
2026.02.02 07:00;48554.00000;48643.00000;48526.00000;48641.00000;44.00;7.43;36.24;24.35;18.29;-0.609;SOFT_DOWN;-1;-80;-3;1
2026.02.02 06:00;48619.00000;48638.00000;48504.00000;48554.00000;40.61;7.91;41.81;17.12;15.10;-0.787;SOFT_DOWN;-1;-83.3;-3;0
2026.02.02 05:00;48647.00000;48663.00000;48597.00000;48619.00000;36.37;9.13;37.57;13.42;16.41;-0.654;SOFT_DOWN;-1;-83.3;-3;0
2026.02.02 04:00;48640.00000;48663.00000;48554.00000;48647.00000;32.60;10.53;43.35;14.78;30.84;-0.597;SOFT_DOWN;-1;-84.1;-3;0
2026.02.02 03:00;48766.00000;48791.00000;48627.00000;48639.00000;28.24;12.15;39.71;21.03;53.16;-0.613;SOFT_DOWN;-1;-85.7;-3;0
2026.02.02 02:00;48819.00000;48848.00000;48759.00000;48766.00000;24.41;14.02;33.44;56.73;76.85;-0.354;NEUTRE;0;-85;-3;0
2026.02.02 01:00;48939.00000;48958.00000;48812.00000;48819.00000;21.87;16.18;29.42;81.72;77.81;-0.245;NEUTRE;0;;;0
2026.01.30 21:00;49021.00000;49021.00000;49021.00000;49021.00000;20.77;18.67;18.57;92.11;61.31;-0.193;NEUTRE;0;-30.9;-1;0
2026.01.30 20:00;49006.00000;49023.00000;48941.00000;49021.00000;23.92;21.54;21.42;59.60;34.75;-0.193;NEUTRE;0;-32.1;-1;0
2026.01.30 19:00;48695.00000;49006.00000;48695.00000;49006.00000;27.56;21.66;24.72;32.22;20.65;-0.224;NEUTRE;0;-37.5;-1;1
2026.01.30 18:00;48681.00000;48719.00000;48677.00000;48695.00000;30.79;10.80;28.52;12.43;21.26;-0.857;STRONG_DOWN;-2;-72.1;-3;1
2026.01.30 17:00;48772.00000;48813.00000;48627.00000;48681.00000;28.59;12.46;32.91;17.31;33.66;-0.886;STRONG_DOWN;-2;-73.6;-3;1
2026.01.30 16:00;48922.00000;48930.00000;48702.00000;48772.00000;26.05;14.38;31.77;34.03;50.93;-0.700;SOFT_DOWN;-1;-70.6;-3;1
2026.01.30 15:00;48984.00000;49102.00000;48918.00000;48921.00000;24.27;16.59;22.08;49.65;67.37;-0.397;SOFT_DOWN;-1;-59.8;-2;1
2026.01.30 14:00;48902.00000;49167.00000;48894.00000;48984.00000;25.81;19.14;25.48;69.12;78.52;-0.269;NEUTRE;0;-51.3;-2;1
2026.01.30 13:00;49022.00000;49022.00000;48857.00000;48902.00000;27.60;13.92;29.40;83.33;74.64;-0.436;SOFT_DOWN;-1;-65.4;-3;1
2026.01.30 12:00;49035.00000;49035.00000;49022.00000;49022.00000;26.35;16.06;18.54;83.12;57.39;-0.191;NEUTRE;0;-46;-2;1
2026.01.30 11:00;48815.00000;49045.00000;48809.00000;49035.00000;29.30;18.53;21.39;57.48;35.52;-0.165;NEUTRE;0;-44.3;-1;1
2026.01.30 10:00;48748.00000;48835.00000;48741.00000;48815.00000;32.70;7.69;24.68;31.56;20.60;-0.613;SOFT_DOWN;-1;-75.9;-3;1
2026.01.30 09:00;48822.00000;48861.00000;48693.00000;48748.00000;29.66;8.87;28.48;17.52;12.75;-0.749;SOFT_DOWN;-1;-79.5;-3;1
2026.01.30 08:00;48768.00000;48847.00000;48745.00000;48823.00000;26.14;10.24;28.10;12.72;12.66;-0.597;SOFT_DOWN;-1;-78.4;-3;1
2026.01.30 07:00;48784.00000;48857.00000;48761.00000;48768.00000;23.00;11.81;30.01;7.99;16.59;-0.709;SOFT_DOWN;-1;-81.4;-3;1
2026.01.30 06:00;48935.00000;48943.00000;48777.00000;48784.00000;19.84;13.63;32.06;17.27;21.55;-0.676;SOFT_DOWN;-1;-82.2;-3;0
2026.01.30 05:00;48974.00000;48994.00000;48935.00000;48935.00000;16.69;15.73;22.35;24.51;22.40;-0.369;NEUTRE;0;-78.2;-3;0
2026.01.30 04:00;48975.00000;49002.00000;48966.00000;48974.00000;16.58;18.15;17.71;22.86;25.67;-0.289;NEUTRE;0;-78;-3;0
2026.01.30 03:00;48941.00000;49002.00000;48940.00000;48975.00000;18.95;20.94;20.43;19.82;39.63;-0.287;NEUTRE;0;-80.9;-3;0
2026.01.30 02:00;48958.00000;48970.00000;48894.00000;48941.00000;21.67;16.22;23.57;34.33;58.45;-0.356;NEUTRE;0;-85.1;-3;0
2026.01.30 01:00;49116.00000;49116.00000;48915.00000;48958.00000;22.16;18.72;22.95;64.75;67.32;-0.322;NEUTRE;0;;;0
2026.01.29 21:00;49156.00000;49188.00000;49099.00000;49115.00000;24.01;21.60;12.40;76.27;59.73;-0.016;NEUTRE;0;-2.8;0;0
2026.01.29 20:00;49039.00000;49202.00000;49038.00000;49155.00000;23.54;24.92;14.30;60.94;46.76;0.065;NEUTRE;0;11.9;0;0
2026.01.29 19:00;48994.00000;49154.00000;48967.00000;49039.00000;23.00;24.25;16.50;41.97;35.94;-0.171;NEUTRE;0;-30.3;-1;1
2026.01.29 18:00;48935.00000;49094.00000;48905.00000;48994.00000;23.61;23.04;19.04;37.36;29.65;-0.263;NEUTRE;0;-43.5;-1;1
2026.01.29 17:00;49039.00000;49203.00000;48929.00000;48935.00000;25.78;26.59;20.02;28.49;20.46;-0.383;NEUTRE;0;-55.7;-2;1
2026.01.29 16:00;48856.00000;49073.00000;48720.00000;49039.00000;27.58;23.38;23.10;23.11;15.46;-0.171;NEUTRE;0;-34.8;-1;1
2026.01.29 15:00;49102.00000;49139.00000;48798.00000;48858.00000;31.73;26.97;23.25;9.77;15.34;-0.539;SOFT_DOWN;-1;-66.8;-3;1
2026.01.29 14:00;49175.00000;49441.00000;49083.00000;49102.00000;35.48;31.12;13.97;13.49;19.96;-0.043;NEUTRE;0;-11.3;0;1
2026.01.29 13:00;49189.00000;49218.00000;49164.00000;49175.00000;35.08;26.33;16.12;22.74;26.72;0.106;NEUTRE;0;27.9;1;1
2026.01.29 12:00;49221.00000;49221.00000;49189.00000;49189.00000;36.78;30.38;11.48;23.63;36.67;0.134;NEUTRE;0;36;1;1
2026.01.29 11:00;49157.00000;49426.00000;49127.00000;49221.00000;35.50;35.05;13.25;33.78;54.42;0.199;NEUTRE;0;49.6;2;1
2026.01.29 10:00;49200.00000;49227.00000;49147.00000;49157.00000;34.01;30.21;15.29;52.61;72.33;0.069;NEUTRE;0;24.2;0;1
2026.01.29 09:00;49209.00000;49274.00000;49198.00000;49200.00000;34.20;34.86;7.83;76.87;84.78;0.157;NEUTRE;0;48.6;2;1
2026.01.29 08:00;49203.00000;49227.00000;49158.00000;49209.00000;29.72;30.70;9.04;87.50;89.59;0.175;NEUTRE;0;54.9;2;1
2026.01.29 07:00;49151.00000;49216.00000;49144.00000;49203.00000;25.90;32.98;10.43;89.96;90.47;0.163;NEUTRE;0;56.6;2;1
2026.01.29 06:00;49141.00000;49176.00000;49140.00000;49151.00000;21.89;29.50;12.03;91.32;81.32;0.057;NEUTRE;0;31.7;1;0
2026.01.29 05:00;49119.00000;49149.00000;49109.00000;49141.00000;18.79;22.50;13.88;90.12;62.89;0.037;NEUTRE;0;25.7;1;0
2026.01.29 04:00;49096.00000;49124.00000;49085.00000;49119.00000;18.03;16.35;16.01;62.50;43.76;-0.008;NEUTRE;0;-7.4;0;0
2026.01.29 03:00;49071.00000;49110.00000;49069.00000;49096.00000;20.65;13.34;18.48;36.03;35.27;-0.055;NEUTRE;0;-50;-2;0
2026.01.29 02:00;49023.00000;49089.00000;49017.00000;49071.00000;21.34;7.51;21.32;32.74;38.75;-0.106;NEUTRE;0;-73.8;-3;0
2026.01.29 01:00;49123.00000;49123.00000;48997.00000;49023.00000;17.26;8.67;24.60;37.04;43.98;-0.204;NEUTRE;0;;;0
2026.01.29 00:00;49123.00000;49123.00000;49123.00000;49123.00000;12.55;10.00;13.00;46.45;45.06;0.000;NEUTRE;0;;;0
2026.01.28 23:00;49123.00000;49123.00000;49123.00000;49123.00000;12.47;11.54;15.00;48.44;40.40;-0.006;NEUTRE;0;-1;0;0
2026.01.28 21:00;49165.00000;49219.00000;48992.00000;49123.00000;12.39;13.32;17.31;40.29;33.38;-0.006;NEUTRE;0;-1.1;0;0
2026.01.28 20:00;49086.00000;49204.00000;49078.00000;49164.00000;12.29;15.37;14.15;32.48;31.82;0.077;NEUTRE;0;14.1;0;0
2026.01.28 19:00;49104.00000;49274.00000;49039.00000;49086.00000;13.54;17.73;16.32;27.38;34.00;-0.081;NEUTRE;0;-15.5;0;1
2026.01.28 18:00;49141.00000;49183.00000;49085.00000;49109.00000;14.99;14.50;18.83;35.60;36.84;-0.035;NEUTRE;0;-7.2;0;1
2026.01.28 17:00;49157.00000;49228.00000;49120.00000;49141.00000;15.29;16.73;16.23;39.01;34.61;0.031;NEUTRE;0;6.8;0;1
2026.01.28 16:00;49133.00000;49226.00000;49131.00000;49157.00000;17.41;19.31;17.17;35.92;32.41;0.063;NEUTRE;0;14.4;0;1
2026.01.28 15:00;49141.00000;49203.00000;49052.00000;49133.00000;19.19;18.55;19.81;28.91;34.84;0.014;NEUTRE;0;3.5;0;1
2026.01.28 14:00;49113.00000;49287.00000;49086.00000;49141.00000;21.64;21.40;19.39;32.41;46.16;0.031;NEUTRE;0;8.2;0;1
2026.01.28 13:00;49174.00000;49174.00000;49092.00000;49113.00000;24.21;16.05;22.37;43.21;55.81;-0.026;NEUTRE;0;-7.4;0;1
2026.01.28 12:00;49171.00000;49174.00000;49171.00000;49174.00000;25.40;18.52;10.99;62.86;56.30;0.098;NEUTRE;0;28;1;1
2026.01.28 11:00;49194.00000;49195.00000;49161.00000;49171.00000;25.38;21.37;12.68;61.38;50.19;0.092;NEUTRE;0;28.5;1;1
2026.01.28 10:00;49176.00000;49199.00000;49164.00000;49194.00000;25.36;24.65;13.28;44.67;43.81;0.138;NEUTRE;0;41.9;1;1
2026.01.28 09:00;49127.00000;49185.00000;49127.00000;49176.00000;24.65;22.29;15.32;44.52;51.57;0.102;NEUTRE;0;36.4;1;1
2026.01.28 08:00;49199.00000;49211.00000;49121.00000;49127.00000;25.59;25.72;17.68;42.25;56.06;0.002;NEUTRE;0;0.9;0;1
2026.01.28 07:00;49174.00000;49200.00000;49159.00000;49198.00000;26.68;29.68;13.90;67.95;63.02;0.147;NEUTRE;0;53.8;2;1
2026.01.28 06:00;49171.00000;49221.00000;49149.00000;49174.00000;25.21;34.25;16.04;57.98;59.86;0.098;NEUTRE;0;46.7;2;0
2026.01.28 05:00;49145.00000;49176.00000;49143.00000;49171.00000;23.52;29.90;18.51;63.13;63.42;0.092;NEUTRE;0;50.1;2;0
2026.01.28 04:00;49145.00000;49148.00000;49129.00000;49145.00000;23.52;21.45;21.36;58.48;66.93;0.039;NEUTRE;0;32.4;1;0
2026.01.28 03:00;49152.00000;49172.00000;49144.00000;49145.00000;27.11;24.74;12.49;68.66;69.13;0.039;NEUTRE;0;40.2;1;0
2026.01.28 02:00;49150.00000;49163.00000;49138.00000;49152.00000;26.22;23.61;14.42;73.67;65.42;0.053;NEUTRE;0;59.9;2;0
2026.01.28 01:00;49126.00000;49160.00000;49126.00000;49150.00000;26.53;25.39;16.64;65.07;56.95;0.049;NEUTRE;0;;;0
2026.01.27 23:00;49126.00000;49126.00000;49126.00000;49126.00000;27.41;13.91;19.19;57.51;49.42;-0.533;SOFT_DOWN;-1;-56.4;-2;0
2026.01.27 21:00;49163.00000;49166.00000;49108.00000;49127.00000;29.17;16.05;22.15;48.27;39.05;-0.530;SOFT_DOWN;-1;-58.7;-2;0
2026.01.27 20:00;49133.00000;49169.00000;49111.00000;49163.00000;31.21;18.52;24.76;42.47;32.84;-0.458;SOFT_DOWN;-1;-56.1;-2;0
2026.01.27 19:00;49116.00000;49157.00000;49093.00000;49133.00000;33.79;18.19;28.57;26.40;28.11;-0.518;SOFT_DOWN;-1;-60.6;-2;1
2026.01.27 18:00;49067.00000;49134.00000;49006.00000;49117.00000;35.58;15.46;32.96;29.64;29.08;-0.551;SOFT_DOWN;-1;-63.3;-2;1
2026.01.27 17:00;49223.00000;49225.00000;49051.00000;49067.00000;35.49;17.84;32.63;28.30;24.65;-0.652;SOFT_DOWN;-1;-68.2;-3;1
2026.01.27 16:00;49174.00000;49316.00000;49153.00000;49222.00000;36.44;20.58;28.63;29.31;18.55;-0.338;NEUTRE;0;-54;-2;1
2026.01.27 15:00;49154.00000;49177.00000;49037.00000;49174.00000;39.53;10.63;33.03;16.35;10.72;-0.435;SOFT_DOWN;-1;-62.1;-2;1
2026.01.27 14:00;49230.00000;49267.00000;49088.00000;49154.00000;37.72;12.27;32.51;10.00;8.21;-0.476;SOFT_DOWN;-1;-65.7;-3;1
2026.01.27 13:00;49432.00000;49432.00000;49226.00000;49230.00000;36.57;14.16;25.65;5.82;8.52;-0.322;NEUTRE;0;-58.2;-2;1
2026.01.27 12:00;49412.00000;49432.00000;49411.00000;49432.00000;37.76;16.33;15.78;8.82;14.41;0.087;NEUTRE;0;25.2;1;1
2026.01.27 11:00;49473.00000;49491.00000;49405.00000;49412.00000;43.30;18.85;18.21;10.90;27.98;0.047;NEUTRE;0;15.5;0;1
2026.01.27 10:00;49507.00000;49563.00000;49471.00000;49473.00000;49.69;21.75;9.20;23.50;44.52;0.170;NEUTRE;0;47.9;2;1
2026.01.27 09:00;49508.00000;49530.00000;49504.00000;49507.00000;51.10;25.09;10.62;49.53;63.77;0.239;NEUTRE;0;59.9;2;1
2026.01.27 08:00;49533.00000;49542.00000;49481.00000;49508.00000;52.73;28.95;12.25;60.54;73.41;0.241;NEUTRE;0;63;2;1
2026.01.27 07:00;49512.00000;49541.00000;49511.00000;49533.00000;54.60;33.41;6.57;81.25;75.49;0.292;NEUTRE;0;69.8;3;1
2026.01.27 06:00;49531.00000;49552.00000;49509.00000;49512.00000;52.67;38.54;7.58;78.43;65.73;0.249;NEUTRE;0;69.7;3;0
2026.01.27 05:00;49515.00000;49535.00000;49497.00000;49531.00000;50.44;38.39;8.74;66.78;51.99;0.288;NEUTRE;0;75.1;3;0
2026.01.27 04:00;49499.00000;49532.00000;49499.00000;49515.00000;48.53;43.08;10.09;51.99;37.60;0.255;NEUTRE;0;76.4;3;0
2026.01.27 03:00;49490.00000;49506.00000;49480.00000;49499.00000;46.45;37.59;11.64;37.20;31.54;0.223;NEUTRE;0;78.3;3;0
2026.01.27 02:00;49434.00000;49491.00000;49434.00000;49490.00000;45.48;34.50;13.43;23.60;37.09;0.204;NEUTRE;0;81.4;3;0
2026.01.27 01:00;49389.00000;49444.00000;49389.00000;49434.00000;45.71;27.12;15.50;33.82;53.97;0.091;NEUTRE;0;;;0
2026.01.26 21:00;49560.00000;49570.00000;49375.00000;49390.00000;48.55;31.29;17.88;53.85;69.23;0.482;SOFT_UP;1;56.2;2;0
2026.01.26 20:00;49576.00000;49642.00000;49554.00000;49558.00000;51.82;36.11;6.51;74.25;74.49;0.824;STRONG_UP;2;69.5;3;0
2026.01.26 19:00;49520.00000;49610.00000;49513.00000;49576.00000;49.11;36.07;7.51;79.59;73.19;0.861;STRONG_UP;2;71.3;3;1
2026.01.26 18:00;49488.00000;49618.00000;49470.00000;49520.00000;46.58;41.62;8.66;69.63;68.48;0.747;SOFT_UP;1;69.7;3;1
2026.01.26 17:00;49386.00000;49501.00000;49380.00000;49487.00000;43.67;35.86;10.00;70.35;70.96;0.680;SOFT_UP;1;69;3;1
2026.01.26 16:00;49437.00000;49442.00000;49354.00000;49388.00000;41.71;33.87;11.54;65.47;72.48;0.478;SOFT_UP;1;62.8;2;1
2026.01.26 15:00;49399.00000;49525.00000;49386.00000;49437.00000;40.56;39.09;7.72;77.05;74.17;0.578;SOFT_UP;1;68.2;3;1
2026.01.26 14:00;49319.00000;49482.00000;49300.00000;49399.00000;36.48;40.34;8.90;74.92;65.82;0.500;SOFT_UP;1;66.7;3;1
2026.01.26 13:00;49236.00000;49324.00000;49235.00000;49319.00000;32.28;33.19;10.27;70.54;56.05;0.338;NEUTRE;0;59.4;2;1
2026.01.26 12:00;49234.00000;49236.00000;49234.00000;49236.00000;29.13;23.08;11.85;52.01;52.76;0.169;NEUTRE;0;42.5;1;1
2026.01.26 11:00;49223.00000;49277.00000;49219.00000;49235.00000;28.67;26.64;13.68;45.61;60.11;0.167;NEUTRE;0;44.6;1;1
2026.01.26 10:00;49191.00000;49252.00000;49187.00000;49223.00000;28.13;24.10;15.78;60.67;75.26;0.142;NEUTRE;0;42.7;1;1
2026.01.26 09:00;49279.00000;49299.00000;49158.00000;49191.00000;29.25;27.81;18.21;74.03;83.97;0.077;NEUTRE;0;29.1;1;1
2026.01.26 08:00;49240.00000;49283.00000;49232.00000;49279.00000;30.54;32.09;12.94;91.07;76.58;0.256;NEUTRE;0;64.3;2;1
2026.01.26 07:00;49186.00000;49249.00000;49180.00000;49240.00000;28.69;26.77;14.93;86.80;56.67;0.177;NEUTRE;0;58.7;2;1
2026.01.26 06:00;49173.00000;49208.00000;49172.00000;49186.00000;28.74;21.75;17.22;51.86;33.57;0.067;NEUTRE;0;36;1;0
2026.01.26 05:00;49132.00000;49177.00000;49125.00000;49173.00000;31.37;11.84;19.87;31.36;21.53;0.041;NEUTRE;0;28.1;1;0
2026.01.26 04:00;49140.00000;49162.00000;49120.00000;49132.00000;32.30;9.23;22.93;17.49;21.63;-0.043;NEUTRE;0;-35;-1;0
2026.01.26 03:00;49136.00000;49170.00000;49129.00000;49141.00000;30.72;10.65;23.16;15.73;30.66;-0.024;NEUTRE;0;-27.5;-1;0
2026.01.26 02:00;49138.00000;49167.00000;49108.00000;49136.00000;29.75;11.16;26.72;31.68;44.85;-0.035;NEUTRE;0;-48.7;-2;0
2026.01.26 01:00;49153.00000;49182.00000;49121.00000;49138.00000;28.00;12.88;27.44;44.57;48.41;-0.031;NEUTRE;0;;;0
2026.01.23 21:00;49256.00000;49256.00000;49256.00000;49256.00000;26.75;14.86;16.28;58.31;41.55;-0.481;SOFT_DOWN;-1;-56.1;-2;0
2026.01.23 20:00;49275.00000;49275.00000;49253.00000;49256.00000;30.17;17.14;18.79;42.34;28.56;-0.481;SOFT_DOWN;-1;-57.4;-2;0
2026.01.23 19:00;49163.00000;49279.00000;49163.00000;49275.00000;34.10;19.78;21.68;24.00;24.74;-0.442;SOFT_DOWN;-1;-56.5;-2;1
2026.01.23 18:00;49147.00000;49163.00000;49144.00000;49163.00000;38.64;7.44;25.01;19.32;31.17;-0.669;SOFT_DOWN;-1;-67.5;-3;1
2026.01.23 17:00;49288.00000;49343.00000;49129.00000;49147.00000;36.26;8.58;28.86;30.90;36.27;-0.701;SOFT_DOWN;-1;-69.6;-3;1
2026.01.23 16:00;49324.00000;49365.00000;49245.00000;49288.00000;33.50;9.90;24.96;43.28;33.72;-0.416;SOFT_DOWN;-1;-59.4;-2;1
2026.01.23 15:00;49294.00000;49356.00000;49201.00000;49324.00000;32.01;10.27;28.80;34.63;22.80;-0.343;NEUTRE;0;-56.1;-2;1
2026.01.23 14:00;49320.00000;49382.00000;49169.00000;49294.00000;29.64;11.85;33.23;23.25;15.58;-0.404;SOFT_DOWN;-1;-62;-2;1
2026.01.23 13:00;49444.00000;49465.00000;49306.00000;49320.00000;26.91;13.68;28.45;10.51;11.98;-0.352;NEUTRE;0;-60.4;-2;1
2026.01.23 12:00;49442.00000;49444.00000;49442.00000;49444.00000;25.65;15.78;19.67;12.98;12.73;-0.101;NEUTRE;0;-28.7;-1;1
2026.01.23 11:00;49445.00000;49482.00000;49432.00000;49442.00000;27.91;18.21;22.69;12.46;13.22;-0.105;NEUTRE;0;-31.8;-1;1
2026.01.23 10:00;49455.00000;49456.00000;49420.00000;49445.00000;30.52;13.01;26.19;12.77;15.08;-0.099;NEUTRE;0;-32.8;-1;1
2026.01.23 09:00;49506.00000;49529.00000;49431.00000;49455.00000;30.04;15.01;25.51;14.44;32.40;-0.079;NEUTRE;0;-29.7;-1;1
2026.01.23 08:00;49582.00000;49585.00000;49489.00000;49506.00000;30.68;17.32;20.33;18.02;55.14;0.024;NEUTRE;0;11;0;1
2026.01.23 07:00;49587.00000;49603.00000;49570.00000;49582.00000;34.17;19.99;10.48;64.73;80.29;0.178;NEUTRE;0;58.8;2;1
2026.01.23 06:00;49605.00000;49619.00000;49581.00000;49587.00000;34.63;23.06;6.97;82.66;85.03;0.188;NEUTRE;0;63.9;2;0
2026.01.23 05:00;49596.00000;49609.00000;49589.00000;49605.00000;31.71;22.56;8.04;93.48;77.42;0.224;NEUTRE;0;71.1;3;0
2026.01.23 04:00;49599.00000;49600.00000;49577.00000;49596.00000;29.28;19.11;9.27;78.95;56.74;0.206;NEUTRE;0;73.4;3;0
2026.01.23 03:00;49578.00000;49605.00000;49577.00000;49599.00000;28.46;22.05;10.70;59.82;36.03;0.212;NEUTRE;0;77.7;3;0
2026.01.23 02:00;49604.00000;49605.00000;49576.00000;49578.00000;27.51;25.44;12.35;31.46;19.47;0.170;NEUTRE;0;79.7;3;0
2026.01.23 01:00;49494.00000;49607.00000;49494.00000;49604.00000;26.41;29.35;14.25;16.80;16.80;0.222;NEUTRE;0;;;0
2026.01.22 23:00;49494.00000;49494.00000;49494.00000;49494.00000;25.14;18.49;16.44;10.15;26.25;0.444;SOFT_UP;1;51.5;2;0
2026.01.22 21:00;49561.00000;49571.00000;49482.00000;49496.00000;28.11;21.33;18.97;23.43;45.81;0.449;SOFT_UP;1;54.3;2;0
2026.01.22 20:00;49578.00000;49643.00000;49494.00000;49560.00000;31.53;24.61;19.81;45.17;64.46;0.578;SOFT_UP;1;62;2;0
2026.01.22 19:00;49679.00000;49756.00000;49578.00000;49578.00000;34.72;28.40;14.19;68.83;74.84;0.615;SOFT_UP;1;64.6;2;1
2026.01.22 18:00;49772.00000;49778.00000;49660.00000;49679.00000;34.93;32.77;9.28;79.38;70.60;0.820;STRONG_UP;2;71.4;3;1
2026.01.22 17:00;49664.00000;49793.00000;49640.00000;49772.00000;31.71;37.81;10.71;76.29;62.48;1.009;STRONG_UP;2;75.5;3;1
2026.01.22 16:00;49609.00000;49725.00000;49605.00000;49664.00000;27.99;36.79;12.36;56.12;54.05;0.789;SOFT_UP;1;72.7;3;1
2026.01.22 15:00;49519.00000;49648.00000;49430.00000;49609.00000;24.65;32.58;14.26;55.03;58.04;0.678;SOFT_UP;1;71.2;3;1
2026.01.22 14:00;49511.00000;49761.00000;49472.00000;49519.00000;22.43;37.59;13.49;50.99;63.65;0.495;SOFT_UP;1;66.5;3;1
2026.01.22 13:00;49396.00000;49515.00000;49396.00000;49511.00000;18.62;30.27;15.57;68.10;74.81;0.479;SOFT_UP;1;67.4;3;1
2026.01.22 12:00;49398.00000;49398.00000;49396.00000;49396.00000;16.55;19.81;17.96;71.88;82.81;0.246;NEUTRE;0;53.1;2;1
2026.01.22 11:00;49463.00000;49471.00000;49384.00000;49398.00000;18.35;22.85;20.72;84.45;86.00;0.250;NEUTRE;0;55.9;2;1
2026.01.22 10:00;49458.00000;49467.00000;49419.00000;49463.00000;20.42;26.37;17.72;92.10;78.35;0.382;NEUTRE;0;68.1;3;1
2026.01.22 09:00;49415.00000;49473.00000;49412.00000;49458.00000;20.55;30.42;20.45;81.46;60.76;0.371;NEUTRE;0;69.5;3;1
2026.01.22 08:00;49327.00000;49439.00000;49322.00000;49415.00000;20.69;26.53;23.60;61.50;48.49;0.284;NEUTRE;0;66.6;3;1
2026.01.22 07:00;49301.00000;49351.00000;49266.00000;49327.00000;22.97;19.04;27.23;39.32;46.32;0.106;NEUTRE;0;44.6;1;1
2026.01.22 06:00;49308.00000;49321.00000;49255.00000;49301.00000;23.79;16.54;31.42;44.65;57.54;0.053;NEUTRE;0;29.9;1;0
2026.01.22 05:00;49352.00000;49362.00000;49303.00000;49308.00000;22.67;19.08;25.06;54.98;68.56;0.067;NEUTRE;0;41.1;1;0
2026.01.22 04:00;49372.00000;49373.00000;49346.00000;49352.00000;24.08;22.02;17.70;73.00;76.13;0.156;NEUTRE;0;68.5;3;0
2026.01.22 03:00;49364.00000;49387.00000;49363.00000;49372.00000;26.11;25.41;10.74;77.70;76.62;0.197;NEUTRE;0;76.8;3;0
2026.01.22 02:00;49365.00000;49391.00000;49349.00000;49364.00000;23.88;29.32;12.39;77.68;77.04;0.181;NEUTRE;0;80.4;3;0
2026.01.22 01:00;49275.00000;49372.00000;49275.00000;49365.00000;21.32;26.87;14.30;74.49;77.30;0.183;NEUTRE;0;;;0
2026.01.21 21:00;49268.00000;49312.00000;49260.00000;49275.00000;19.90;21.48;16.50;78.95;77.72;1.118;STRONG_UP;2;73.9;3;0
2026.01.21 20:00;49452.00000;49476.00000;49221.00000;49267.00000;20.94;24.79;19.04;78.46;73.03;1.102;STRONG_UP;2;74.4;3;0
2026.01.21 19:00;48995.00000;49481.00000;48904.00000;49452.00000;22.14;28.60;21.97;75.76;71.09;1.482;EXPLOSIVE_UP;3;78.8;3;1
2026.01.21 18:00;48932.00000;49033.00000;48802.00000;48995.00000;23.53;21.06;25.35;64.88;73.58;0.544;SOFT_UP;1;63;2;1
2026.01.21 17:00;48944.00000;48979.00000;48770.00000;48932.00000;25.73;20.70;29.25;72.62;78.62;0.415;SOFT_UP;1;57.8;2;1
2026.01.21 16:00;49147.00000;49155.00000;48941.00000;48944.00000;27.06;23.89;21.16;83.26;72.43;0.439;SOFT_UP;1;60.7;2;1
2026.01.21 15:00;48976.00000;49204.00000;48972.00000;49147.00000;30.29;27.56;22.18;79.97;47.64;0.856;STRONG_UP;2;74.9;3;1
2026.01.21 14:00;48543.00000;48988.00000;48528.00000;48981.00000;33.29;17.48;25.60;54.05;24.30;0.515;SOFT_UP;1;67.3;3;1
2026.01.21 13:00;48561.00000;48587.00000;48487.00000;48543.00000;35.51;6.76;29.54;8.90;10.05;-0.384;NEUTRE;0;-62.5;-2;1
2026.01.21 12:00;48554.00000;48561.00000;48554.00000;48561.00000;31.32;7.80;23.77;9.93;18.34;-0.347;NEUTRE;0;-62;-2;1
2026.01.21 11:00;48714.00000;48719.00000;48551.00000;48554.00000;28.35;9.00;27.43;11.32;28.97;-0.361;NEUTRE;0;-64.9;-2;1
2026.01.21 10:00;48682.00000;48750.00000;48667.00000;48714.00000;24.93;10.38;21.03;33.76;41.48;-0.033;NEUTRE;0;-12.1;0;1
2026.01.21 09:00;48769.00000;48782.00000;48678.00000;48682.00000;23.55;11.98;22.22;41.83;42.67;-0.099;NEUTRE;0;-35.6;-1;1
2026.01.21 08:00;48765.00000;48791.00000;48750.00000;48769.00000;22.56;13.82;14.99;48.87;44.79;0.080;NEUTRE;0;33;1;1
2026.01.21 07:00;48716.00000;48787.00000;48714.00000;48765.00000;25.41;14.45;17.30;37.31;53.45;0.072;NEUTRE;0;33.8;1;1
2026.01.21 06:00;48750.00000;48759.00000;48714.00000;48716.00000;27.93;10.77;19.96;48.19;67.38;-0.029;NEUTRE;0;-17.5;0;0
2026.01.21 05:00;48760.00000;48774.00000;48731.00000;48750.00000;27.63;12.42;17.22;74.86;73.21;0.041;NEUTRE;0;28.1;1;0
2026.01.21 04:00;48756.00000;48778.00000;48749.00000;48760.00000;29.39;14.34;13.43;79.09;62.85;0.062;NEUTRE;0;45.2;2;0
2026.01.21 03:00;48733.00000;48785.00000;48733.00000;48756.00000;33.41;16.54;15.49;65.69;46.33;0.053;NEUTRE;0;49;2;0
2026.01.21 02:00;48763.00000;48773.00000;48728.00000;48733.00000;38.04;15.54;17.87;43.78;30.03;0.006;NEUTRE;0;11;0;0
2026.01.21 01:00;48730.00000;48776.00000;48730.00000;48763.00000;42.82;17.93;19.94;29.54;19.01;0.068;NEUTRE;0;;;0
2026.01.20 21:00;48686.00000;48742.00000;48664.00000;48732.00000;48.59;9.31;23.01;16.76;13.89;-0.826;STRONG_DOWN;-2;-68.6;-3;0
2026.01.20 20:00;48653.00000;48720.00000;48609.00000;48685.00000;49.54;6.41;26.55;10.73;20.65;-0.922;STRONG_DOWN;-2;-71.6;-3;0
2026.01.20 19:00;48695.00000;48732.00000;48623.00000;48652.00000;47.76;7.39;28.69;14.16;38.93;-0.989;STRONG_DOWN;-2;-73.5;-3;1
2026.01.20 18:00;48861.00000;48913.00000;48656.00000;48696.00000;46.03;8.53;28.45;37.05;59.50;-0.900;STRONG_DOWN;-2;-72.9;-3;1
2026.01.20 17:00;49019.00000;49054.00000;48839.00000;48861.00000;44.82;9.84;21.87;65.58;69.51;-0.564;SOFT_DOWN;-1;-65.1;-3;1
2026.01.20 16:00;49047.00000;49055.00000;48891.00000;49019.00000;45.88;11.36;21.51;75.86;69.73;-0.242;NEUTRE;0;-44.5;-1;1
2026.01.20 15:00;48855.00000;49092.00000;48754.00000;49047.00000;48.19;13.10;24.82;67.08;69.11;-0.185;NEUTRE;0;-38.7;-1;1
2026.01.20 14:00;48822.00000;48967.00000;48780.00000;48854.00000;50.85;9.43;28.64;66.25;67.55;-0.578;SOFT_DOWN;-1;-69.6;-3;1
2026.01.20 13:00;48912.00000;48957.00000;48796.00000;48822.00000;50.91;10.88;31.73;73.99;57.02;-0.643;SOFT_DOWN;-1;-72.7;-3;1
2026.01.20 12:00;48913.00000;48913.00000;48910.00000;48912.00000;51.21;12.55;25.72;62.39;37.99;-0.460;SOFT_DOWN;-1;-68.1;-3;1
2026.01.20 11:00;48817.00000;48927.00000;48807.00000;48913.00000;53.79;14.48;29.68;34.66;20.94;-0.458;SOFT_DOWN;-1;-69.7;-3;1
2026.01.20 10:00;48719.00000;48828.00000;48686.00000;48817.00000;56.78;4.02;34.24;16.93;15.61;-0.653;SOFT_DOWN;-1;-76.8;-3;1
2026.01.20 09:00;48806.00000;48830.00000;48693.00000;48719.00000;53.36;4.64;38.75;11.23;18.27;-0.853;STRONG_DOWN;-2;-80.8;-3;1
2026.01.20 08:00;48929.00000;48934.00000;48761.00000;48806.00000;49.47;5.35;37.08;18.68;23.34;-0.676;SOFT_DOWN;-1;-79.7;-3;1
2026.01.20 07:00;48953.00000;48963.00000;48889.00000;48929.00000;45.58;6.17;31.40;24.91;29.58;-0.425;SOFT_DOWN;-1;-75.8;-3;1
2026.01.20 06:00;49096.00000;49097.00000;48885.00000;48954.00000;42.26;7.12;36.23;26.44;35.49;-0.374;NEUTRE;0;-76.1;-3;0
2026.01.20 05:00;49078.00000;49113.00000;49073.00000;49096.00000;38.44;8.22;28.16;37.38;43.44;-0.085;NEUTRE;0;-47.9;-2;0
2026.01.20 04:00;49120.00000;49123.00000;49071.00000;49078.00000;35.92;9.48;32.49;42.66;44.53;-0.122;NEUTRE;0;-63.2;-2;0
2026.01.20 03:00;49110.00000;49127.00000;49104.00000;49120.00000;33.01;10.94;27.73;50.27;42.97;-0.037;NEUTRE;0;-38.7;-1;0
2026.01.20 02:00;49118.00000;49119.00000;49072.00000;49110.00000;31.41;7.28;31.99;40.65;42.51;-0.057;NEUTRE;0;-61.7;-2;0
2026.01.20 01:00;49138.00000;49141.00000;49111.00000;49117.00000;26.56;8.40;24.15;38.00;45.63;-0.043;NEUTRE;0;;;0
2026.01.20 00:00;49138.00000;49138.00000;49138.00000;49138.00000;23.20;9.69;14.02;48.88;49.17;0.000;NEUTRE;0;;;0
2026.01.19 21:00;49145.00000;49146.00000;49133.00000;49138.00000;23.96;11.18;16.18;50.00;49.63;-0.278;NEUTRE;0;-40.7;-1;0
2026.01.19 20:00;49145.00000;49145.00000;49142.00000;49145.00000;24.84;12.90;8.01;48.64;48.72;-0.264;NEUTRE;0;-40.6;-1;0
2026.01.19 19:00;49132.00000;49145.00000;49132.00000;49145.00000;25.06;14.88;9.25;50.25;47.27;-0.264;NEUTRE;0;-42.1;-1;1
2026.01.19 18:00;49143.00000;49143.00000;49132.00000;49132.00000;25.33;14.80;10.67;47.26;45.09;-0.290;NEUTRE;0;-46.3;-2;1
2026.01.19 17:00;49127.00000;49163.00000;49112.00000;49143.00000;26.73;17.08;12.31;44.29;47.63;-0.268;NEUTRE;0;-45.7;-2;1
2026.01.19 16:00;49113.00000;49203.00000;49090.00000;49127.00000;28.34;19.71;14.20;43.71;49.04;-0.300;NEUTRE;0;-50.6;-2;1
2026.01.19 15:00;49131.00000;49147.00000;49085.00000;49113.00000;30.20;15.12;16.39;54.89;47.84;-0.329;NEUTRE;0;-55;-2;1
2026.01.19 14:00;49185.00000;49205.00000;49068.00000;49132.00000;34.23;17.44;18.91;48.53;36.07;-0.290;NEUTRE;0;-53.4;-2;1
2026.01.19 13:00;49099.00000;49209.00000;49099.00000;49185.00000;38.87;20.13;18.34;40.10;25.03;-0.183;NEUTRE;0;-42.5;-1;1
2026.01.19 12:00;49100.00000;49100.00000;49099.00000;49099.00000;44.14;7.98;21.16;19.57;22.24;-0.357;NEUTRE;0;-62.7;-2;1
2026.01.19 11:00;49066.00000;49112.00000;49053.00000;49100.00000;43.97;9.21;24.42;15.42;28.40;-0.355;NEUTRE;0;-64.5;-2;1
2026.01.19 10:00;49073.00000;49143.00000;49059.00000;49066.00000;43.78;10.62;26.61;31.72;40.58;-0.424;SOFT_DOWN;-1;-70.1;-3;1
2026.01.19 09:00;49230.00000;49238.00000;49049.00000;49074.00000;43.91;12.26;30.70;38.05;37.09;-0.408;SOFT_DOWN;-1;-71.3;-3;1
2026.01.19 08:00;49114.00000;49250.00000;49114.00000;49229.00000;44.06;14.14;30.13;51.98;29.84;-0.093;NEUTRE;0;-37.1;-1;1
2026.01.19 07:00;49172.00000;49178.00000;49094.00000;49114.00000;45.28;8.18;34.77;21.23;15.75;-0.327;NEUTRE;0;-71.8;-3;1
2026.01.19 06:00;49182.00000;49210.00000;49170.00000;49172.00000;42.72;9.43;26.20;16.31;10.95;-0.209;NEUTRE;0;-66.2;-3;0
2026.01.19 05:00;49173.00000;49197.00000;49156.00000;49182.00000;42.05;5.88;30.23;9.70;7.10;-0.189;NEUTRE;0;-67.9;-3;0
2026.01.19 04:00;49197.00000;49201.00000;49169.00000;49173.00000;38.15;6.79;30.00;6.85;5.70;-0.207;NEUTRE;0;-73.5;-3;0
2026.01.19 03:00;49204.00000;49208.00000;49185.00000;49197.00000;34.31;7.83;26.93;4.74;4.89;-0.158;NEUTRE;0;-73.7;-3;0
2026.01.19 02:00;49171.00000;49213.00000;49170.00000;49204.00000;31.14;9.04;31.07;5.51;5.97;-0.144;NEUTRE;0;-77.9;-3;0
2026.01.19 01:00;49275.00000;49275.00000;49169.00000;49171.00000;27.48;10.43;35.85;4.42;21.10;-0.211;NEUTRE;0;;;0
2026.01.18 23:00;49233.00000;49275.00000;49233.00000;49275.00000;23.26;12.04;32.07;7.99;41.80;0.085;NEUTRE;0;13.5;0;0
2026.01.16 21:00;49542.00000;49542.00000;49542.00000;49542.00000;19.85;13.89;21.62;50.88;61.50;-0.203;NEUTRE;0;-32.2;-1;0
2026.01.16 20:00;49668.00000;49668.00000;49539.00000;49542.00000;19.55;16.02;24.95;66.53;62.12;-0.203;NEUTRE;0;-33.4;-1;0
2026.01.16 19:00;49668.00000;49668.00000;49668.00000;49668.00000;19.21;18.49;13.40;67.10;53.77;0.050;NEUTRE;0;9.7;0;1
2026.01.16 18:00;49596.00000;49668.00000;49592.00000;49668.00000;19.71;21.33;15.47;52.71;41.02;0.050;NEUTRE;0;10.2;0;1
2026.01.16 17:00;49592.00000;49625.00000;49573.00000;49596.00000;20.29;15.91;17.85;41.51;30.79;-0.095;NEUTRE;0;-20;0;1
2026.01.16 16:00;49542.00000;49665.00000;49531.00000;49592.00000;22.53;18.36;20.59;28.83;20.30;-0.103;NEUTRE;0;-22.7;0;1
2026.01.16 15:00;49513.00000;49605.00000;49421.00000;49542.00000;25.11;14.29;23.76;22.04;15.66;-0.203;NEUTRE;0;-41.4;-1;1
2026.01.16 14:00;49642.00000;49796.00000;49509.00000;49516.00000;25.15;16.49;20.06;10.02;9.97;-0.256;NEUTRE;0;-49.9;-2;1
2026.01.16 13:00;49632.00000;49667.00000;49599.00000;49642.00000;27.52;12.11;23.14;14.92;9.33;-0.002;NEUTRE;0;-0.6;0;1
2026.01.16 12:00;49636.00000;49636.00000;49632.00000;49632.00000;26.94;13.98;19.24;4.98;8.27;-0.022;NEUTRE;0;-6.8;0;1
2026.01.16 11:00;49684.00000;49709.00000;49632.00000;49636.00000;28.64;16.13;22.20;8.09;10.50;-0.014;NEUTRE;0;-4.7;0;1
2026.01.16 10:00;49681.00000;49709.00000;49680.00000;49684.00000;30.62;18.61;16.02;11.73;21.03;0.083;NEUTRE;0;28.4;1;1
2026.01.16 09:00;49692.00000;49713.00000;49675.00000;49681.00000;34.17;21.47;18.49;11.67;38.73;0.077;NEUTRE;0;29.1;1;1
2026.01.16 08:00;49711.00000;49730.00000;49684.00000;49692.00000;38.28;24.78;17.69;39.69;63.00;0.099;NEUTRE;0;38.8;1;1
2026.01.16 07:00;49724.00000;49735.00000;49707.00000;49711.00000;41.60;28.59;12.71;64.83;80.20;0.137;NEUTRE;0;51.8;2;1
2026.01.16 06:00;49726.00000;49728.00000;49712.00000;49724.00000;42.09;29.14;14.67;84.49;85.35;0.163;NEUTRE;0;60.5;2;0
2026.01.16 05:00;49745.00000;49747.00000;49722.00000;49726.00000;43.48;33.62;7.31;91.28;77.66;0.167;NEUTRE;0;65.3;3;0
2026.01.16 04:00;49722.00000;49748.00000;49717.00000;49745.00000;40.29;38.80;8.44;80.26;61.16;0.205;NEUTRE;0;73.3;3;0
2026.01.16 03:00;49707.00000;49729.00000;49704.00000;49722.00000;36.59;35.34;9.73;61.44;44.84;0.159;NEUTRE;0;73.8;3;0
2026.01.16 02:00;49672.00000;49711.00000;49662.00000;49707.00000;33.48;29.69;11.23;41.77;37.48;0.129;NEUTRE;0;76.6;3;0
2026.01.16 01:00;49643.00000;49679.00000;49642.00000;49672.00000;31.70;24.22;12.96;31.30;46.83;0.058;NEUTRE;0;;;0
2026.01.15 21:00;49651.00000;49657.00000;49624.00000;49643.00000;31.91;18.79;14.95;39.36;63.51;0.728;SOFT_UP;1;66.1;3;0
2026.01.15 20:00;49680.00000;49699.00000;49592.00000;49646.00000;35.07;21.68;17.25;69.81;79.99;0.735;SOFT_UP;1;67.3;3;0
2026.01.15 19:00;49754.00000;49787.00000;49664.00000;49679.00000;38.72;25.02;9.56;81.35;86.62;0.801;SOFT_UP;1;70;3;1
2026.01.15 18:00;49684.00000;49789.00000;49678.00000;49754.00000;37.79;28.87;9.27;88.81;89.56;0.954;STRONG_UP;2;73.8;3;1
2026.01.15 17:00;49727.00000;49771.00000;49684.00000;49684.00000;35.70;30.82;10.70;89.70;86.39;0.812;STRONG_UP;2;72.2;3;1
2026.01.15 16:00;49676.00000;49769.00000;49671.00000;49727.00000;33.74;35.20;12.35;90.17;78.26;0.899;STRONG_UP;2;74.7;3;1
2026.01.15 15:00;49528.00000;49691.00000;49525.00000;49678.00000;31.54;28.38;14.25;79.30;66.77;0.799;SOFT_UP;1;73.9;3;1
2026.01.15 14:00;49323.00000;49592.00000;49296.00000;49529.00000;31.29;23.57;16.44;65.32;66.44;0.497;SOFT_UP;1;66.6;3;1
2026.01.15 13:00;49390.00000;49390.00000;49284.00000;49323.00000;33.37;16.69;18.97;55.70;71.94;0.079;NEUTRE;0;21.6;0;1
2026.01.15 12:00;49388.00000;49390.00000;49388.00000;49390.00000;37.52;19.26;6.79;78.30;79.68;0.215;NEUTRE;0;49.4;2;1
2026.01.15 11:00;49410.00000;49424.00000;49379.00000;49388.00000;35.93;22.22;7.84;81.82;73.75;0.211;NEUTRE;0;51.3;2;1
2026.01.15 10:00;49398.00000;49417.00000;49378.00000;49410.00000;34.10;23.25;9.04;78.92;62.67;0.256;NEUTRE;0;59;2;1
2026.01.15 09:00;49344.00000;49419.00000;49330.00000;49398.00000;32.57;26.83;10.44;60.52;53.79;0.231;NEUTRE;0;59.1;2;1
2026.01.15 08:00;49323.00000;49345.00000;49301.00000;49344.00000;30.82;18.16;12.04;48.58;52.09;0.122;NEUTRE;0;44.8;1;1
2026.01.15 07:00;49340.00000;49349.00000;49308.00000;49323.00000;32.44;20.96;11.45;52.26;54.33;0.079;NEUTRE;0;36.3;1;1
2026.01.15 06:00;49334.00000;49384.00000;49324.00000;49340.00000;32.92;24.18;7.20;55.43;56.28;0.114;NEUTRE;0;51;2;0
2026.01.15 05:00;49300.00000;49366.00000;49297.00000;49334.00000;29.66;23.28;8.31;55.29;60.91;0.101;NEUTRE;0;52.7;2;0
2026.01.15 04:00;49297.00000;49309.00000;49292.00000;49300.00000;26.93;14.16;9.59;58.11;66.46;0.032;NEUTRE;0;27.5;1;0
2026.01.15 03:00;49321.00000;49336.00000;49289.00000;49297.00000;28.12;16.34;11.07;69.32;74.24;0.026;NEUTRE;0;29.4;1;0
2026.01.15 02:00;49332.00000;49339.00000;49306.00000;49320.00000;29.49;18.85;7.20;71.94;76.01;0.073;NEUTRE;0;67.2;3;0
2026.01.15 01:00;49284.00000;49335.00000;49269.00000;49331.00000;27.14;19.88;8.31;81.45;75.09;0.095;NEUTRE;0;;;0
2026.01.14 21:00;49365.00000;49384.00000;49217.00000;49283.00000;25.01;22.94;9.59;74.62;62.69;-0.198;NEUTRE;0;-31.5;-1;0
2026.01.14 20:00;49238.00000;49377.00000;49194.00000;49365.00000;22.54;25.83;11.07;69.21;47.44;-0.032;NEUTRE;0;-5.9;0;0
2026.01.14 19:00;49234.00000;49258.00000;49180.00000;49238.00000;19.85;19.80;12.77;44.25;30.50;-0.290;NEUTRE;0;-44.8;-1;1
2026.01.14 18:00;49132.00000;49244.00000;49113.00000;49234.00000;19.59;20.08;14.73;28.86;20.49;-0.298;NEUTRE;0;-47.1;-2;1
2026.01.14 17:00;49096.00000;49183.00000;49082.00000;49132.00000;20.24;16.01;17.00;18.37;16.54;-0.504;SOFT_DOWN;-1;-62.6;-2;1
2026.01.14 16:00;49154.00000;49345.00000;49055.00000;49096.00000;22.89;18.47;19.61;14.24;16.22;-0.577;SOFT_DOWN;-1;-66.9;-3;1
2026.01.14 15:00;49212.00000;49361.00000;49088.00000;49153.00000;25.94;21.31;20.88;17.00;20.02;-0.462;SOFT_DOWN;-1;-63.5;-2;1
2026.01.14 14:00;49238.00000;49398.00000;49201.00000;49216.00000;29.78;24.59;17.73;17.42;21.90;-0.334;NEUTRE;0;-57.2;-2;1
2026.01.14 13:00;49245.00000;49290.00000;49216.00000;49237.00000;31.86;19.94;20.45;25.62;28.46;-0.292;NEUTRE;0;-55.6;-2;1
2026.01.14 12:00;49247.00000;49247.00000;49245.00000;49245.00000;36.57;14.06;23.60;22.66;36.58;-0.275;NEUTRE;0;-56.1;-2;1
2026.01.14 11:00;49239.00000;49261.00000;49208.00000;49245.00000;38.30;16.23;27.23;37.09;50.43;-0.275;NEUTRE;0;-58.4;-2;1
2026.01.14 10:00;49330.00000;49330.00000;49226.00000;49239.00000;40.30;18.72;26.19;50.00;54.38;-0.288;NEUTRE;0;-61.9;-2;1
2026.01.14 09:00;49305.00000;49342.00000;49298.00000;49330.00000;43.94;21.60;19.57;64.20;46.16;-0.103;NEUTRE;0;-36.7;-1;1
2026.01.14 08:00;49286.00000;49310.00000;49277.00000;49305.00000;49.94;13.74;22.58;48.95;29.46;-0.154;NEUTRE;0;-51.4;-2;1
2026.01.14 07:00;49290.00000;49303.00000;49275.00000;49286.00000;53.88;12.59;26.06;25.34;18.06;-0.192;NEUTRE;0;-60.7;-2;1
2026.01.14 06:00;49262.00000;49291.00000;49255.00000;49291.00000;56.81;7.93;30.07;14.09;16.28;-0.182;NEUTRE;0;-63.1;-2;0
2026.01.14 05:00;49276.00000;49287.00000;49255.00000;49262.00000;56.59;7.45;34.69;14.75;18.60;-0.241;NEUTRE;0;-72.3;-3;0
2026.01.14 04:00;49321.00000;49328.00000;49268.00000;49276.00000;55.34;8.59;33.78;20.00;22.33;-0.213;NEUTRE;0;-73.9;-3;0
2026.01.14 03:00;49318.00000;49338.00000;49302.00000;49321.00000;54.71;9.91;30.26;21.04;27.03;-0.122;NEUTRE;0;-69.3;-3;0
2026.01.14 02:00;49305.00000;49321.00000;49290.00000;49318.00000;55.34;4.17;34.91;25.95;31.52;-0.128;NEUTRE;0;-76.5;-3;0
2026.01.14 01:00;49381.00000;49381.00000;49302.00000;49305.00000;51.75;4.81;34.33;34.09;30.94;-0.154;NEUTRE;0;;;0