time;open;high;low;close;adx14;plus_di;minus_di;stoch_k;stoch_d;intraday_change;intraday_level;intraday_force;theta_deg;theta_level;is_active
2026.07.14 18:00;25191.5;25197.0;25158.0;25172.5;21.63;14.96;19.61;46.47;58.14;0.371;NEUTRE;0;41.1;1;1
2026.07.14 17:00;25220.5;25228.5;25189.0;25191.5;22.89;17.26;10.40;59.49;68.01;0.447;NEUTRE;0;48.1;2;1
2026.07.14 16:00;25204.0;25221.0;25184.0;25220.5;22.60;16.99;12.00;68.46;73.05;0.562;SOFT_UP;1;56.1;2;1
2026.07.14 15:00;25242.5;25297.5;25189.0;25204.5;23.43;19.60;11.77;76.07;71.96;0.498;NEUTRE;0;54.6;2;1
2026.07.14 14:00;25213.5;25334.0;25152.0;25242.5;23.19;22.62;13.58;74.63;62.94;0.650;SOFT_UP;1;63;2;1
2026.07.14 13:00;25096.0;25218.0;25089.5;25213.0;22.91;16.29;15.67;65.17;58.21;0.532;SOFT_UP;1;60;2;1
2026.07.14 12:00;25028.5;25207.5;24980.5;25096.5;26.14;17.54;18.08;49.02;58.44;0.068;NEUTRE;0;13.5;0;1
2026.07.14 11:00;25060.5;25067.0;25000.0;25028.0;29.93;10.72;20.86;60.44;67.41;-0.205;NEUTRE;0;-38.3;-1;1
2026.07.14 10:00;25106.5;25132.5;25031.0;25060.5;29.59;12.37;16.95;65.87;66.95;-0.076;NEUTRE;0;-17.8;0;1
2026.07.14 09:00;25050.5;25121.5;25039.0;25106.0;31.74;12.61;19.56;75.91;68.29;0.106;NEUTRE;0;26.5;1;1
2026.07.14 08:00;25091.0;25121.5;25040.0;25050.0;33.30;14.54;22.38;59.06;66.37;-0.118;NEUTRE;0;-32;-1;1
2026.07.14 07:00;24987.5;25125.0;24964.0;25091.0;35.15;16.78;25.83;69.91;69.43;0.046;NEUTRE;0;15.5;0;1
2026.07.14 06:00;25091.5;25127.5;24973.5;24984.0;37.30;19.36;28.89;70.13;59.57;-0.381;NEUTRE;0;-69.6;-3;0
2026.07.14 05:00;25059.0;25115.5;25043.0;25091.5;40.00;22.34;26.39;68.25;42.13;0.048;NEUTRE;0;22.1;0;0
2026.07.14 04:00;24980.5;25064.5;24958.5;25059.5;44.88;14.96;30.45;40.34;25.02;-0.080;NEUTRE;0;-40.2;-1;0
2026.07.14 03:00;24947.0;24982.0;24897.5;24980.0;46.53;5.29;35.14;17.81;19.11;-0.397;NEUTRE;0;-79.9;-3;0
2026.07.14 02:00;24973.5;25007.5;24944.5;24947.0;42.33;6.10;31.99;16.91;22.38;-0.528;SOFT_DOWN;-1;-84.9;-3;0
2026.07.14 01:00;25022.0;25034.0;24962.5;24973.5;38.38;7.04;32.51;22.60;25.24;-0.423;NEUTRE;0;;;0
2026.07.14 00:00;25079.5;25080.5;24940.0;25022.0;34.38;8.12;37.51;27.64;28.55;-0.229;NEUTRE;0;;;0
2026.07.13 19:00;25129.5;25139.0;25078.0;25118.0;29.76;9.37;31.36;25.47;34.92;-0.157;NEUTRE;0;-19.3;0;1
2026.07.13 18:00;25126.0;25134.5;25093.0;25129.0;26.03;10.81;32.40;32.53;48.36;-0.113;NEUTRE;0;-14.9;0;1
2026.07.13 17:00;25159.5;25190.0;25124.0;25125.5;22.35;12.48;25.89;46.76;61.72;-0.127;NEUTRE;0;-17.5;0;1
2026.07.13 16:00;25197.5;25215.5;25136.0;25159.0;20.41;14.39;27.08;65.77;70.21;0.006;NEUTRE;0;0.9;0;1
2026.07.13 15:00;25232.0;25240.5;25179.5;25197.5;18.84;16.61;22.83;72.64;71.77;0.159;NEUTRE;0;24.2;0;1
2026.07.13 14:00;25232.0;25245.0;25086.0;25232.0;19.32;19.16;26.34;72.22;73.37;0.296;NEUTRE;0;41.8;1;1
2026.07.13 13:00;25234.0;25245.5;25177.5;25232.0;19.87;22.11;21.53;70.44;78.29;0.296;NEUTRE;0;43.9;1;1
2026.07.13 12:00;25212.0;25238.5;25163.0;25234.0;22.72;23.93;24.85;77.46;86.01;0.304;NEUTRE;0;47;2;1
2026.07.13 11:00;25218.0;25246.0;25200.0;25212.0;25.92;27.61;21.13;86.98;92.99;0.217;NEUTRE;0;39.9;1;1
2026.07.13 10:00;25259.0;25269.0;25177.5;25218.0;27.87;31.86;24.38;93.59;96.94;0.240;NEUTRE;0;45.5;2;1
2026.07.13 09:00;25231.5;25269.5;25203.0;25259.0;30.11;36.76;23.85;98.40;93.30;0.403;NEUTRE;0;62.2;2;1
2026.07.13 08:00;25182.5;25234.5;25163.0;25230.0;31.46;34.32;27.51;98.82;74.09;0.288;NEUTRE;0;56.7;2;1
2026.07.13 07:00;25041.0;25183.5;25041.0;25182.0;34.61;28.63;31.75;82.67;45.42;0.097;NEUTRE;0;30.4;1;1
2026.07.13 06:00;24964.0;25045.0;24963.5;25041.5;39.14;18.08;36.63;40.78;18.52;-0.461;NEUTRE;0;-72.9;-3;0
2026.07.13 05:00;24919.0;24976.5;24886.0;24964.0;39.94;7.93;42.27;12.81;5.66;-0.769;SOFT_DOWN;-1;-81.3;-3;0
2026.07.13 04:00;24959.5;24959.5;24905.5;24918.5;35.56;9.15;45.46;1.98;2.71;-0.950;SOFT_DOWN;-1;-84.3;-3;0
2026.07.13 03:00;25003.5;25006.5;24958.0;24960.0;30.81;10.56;37.63;2.18;9.44;-0.785;SOFT_DOWN;-1;-84.8;-3;0
2026.07.13 02:00;25026.0;25039.5;25003.0;25003.5;26.90;12.18;29.14;3.96;27.71;-0.612;SOFT_DOWN;-1;-85.6;-3;0
2026.07.13 01:00;25064.0;25070.0;25011.0;25025.0;24.73;14.06;30.25;22.18;54.49;-0.527;SOFT_DOWN;-1;;;0
2026.07.13 00:00;25157.5;25167.0;25051.5;25063.5;22.91;16.22;24.35;57.00;73.68;-0.374;NEUTRE;0;;;0
2026.07.10 19:00;25230.5;25238.5;25214.5;25222.0;23.35;18.71;13.39;84.29;77.54;0.024;NEUTRE;0;3.1;0;1
2026.07.10 18:00;25228.5;25245.0;25223.0;25230.0;24.39;21.59;10.00;79.75;68.43;0.056;NEUTRE;0;7.5;0;1
2026.07.10 17:00;25228.5;25243.0;25216.5;25228.5;22.49;23.52;11.54;68.58;57.01;0.050;NEUTRE;0;7.1;0;1
2026.07.10 16:00;25194.5;25230.0;25191.5;25229.0;20.69;19.59;13.31;56.97;47.99;0.052;NEUTRE;0;7.8;0;1
2026.07.10 15:00;25158.0;25205.5;25127.0;25194.5;20.94;12.81;15.36;45.48;41.68;-0.085;NEUTRE;0;-13.5;0;1
2026.07.10 14:00;25207.5;25244.5;25046.0;25158.0;22.77;14.78;17.72;41.52;42.40;-0.230;NEUTRE;0;-34.8;-1;1
2026.07.10 13:00;25242.0;25276.5;25206.5;25208.0;24.88;17.05;8.01;38.04;40.51;-0.032;NEUTRE;0;-5.9;0;1
2026.07.10 12:00;25221.5;25305.5;25186.5;25242.0;23.16;19.68;9.24;47.65;37.47;0.103;NEUTRE;0;20;0;1
2026.07.10 11:00;25253.0;25270.0;25209.0;25222.0;21.17;18.12;10.66;35.84;29.36;0.024;NEUTRE;0;5.3;0;1
2026.07.10 10:00;25196.0;25276.5;25195.5;25253.5;20.44;20.90;12.30;28.92;28.09;0.149;NEUTRE;0;32.2;1;1
2026.07.10 09:00;25199.5;25243.5;25171.5;25196.0;19.59;17.85;14.19;23.32;30.37;-0.079;NEUTRE;0;-20.4;0;1
2026.07.10 08:00;25238.5;25287.5;25184.0;25199.5;20.85;20.60;13.71;32.04;30.57;-0.065;NEUTRE;0;-19;0;1
2026.07.10 07:00;25223.0;25317.5;25189.5;25238.0;20.97;23.77;15.00;35.74;27.46;0.087;NEUTRE;0;27.7;1;1
2026.07.10 06:00;25192.0;25247.0;25192.0;25221.5;20.71;18.95;17.30;23.94;28.16;0.022;NEUTRE;0;8.8;0;0
2026.07.10 05:00;25198.5;25218.5;25182.5;25192.0;23.20;13.89;19.97;22.70;39.28;-0.095;NEUTRE;0;-38.8;-1;0
2026.07.10 04:00;25228.0;25228.0;25193.0;25198.0;24.01;16.03;18.55;37.84;48.46;-0.071;NEUTRE;0;-36.9;-1;0
2026.07.10 03:00;25231.5;25252.0;25214.0;25228.0;26.59;18.50;12.17;57.29;52.91;0.048;NEUTRE;0;34.1;1;0
2026.07.10 02:00;25236.0;25260.5;25220.0;25231.5;27.50;21.34;11.62;50.26;54.94;0.061;NEUTRE;0;52.2;2;0
2026.07.10 01:00;25213.5;25252.0;25207.0;25236.0;27.20;21.40;13.40;51.19;65.91;0.079;NEUTRE;0;;;0
2026.07.10 00:00;25216.0;25230.5;25194.5;25213.0;27.84;17.34;15.47;63.38;78.10;-0.012;NEUTRE;0;;;0
2026.07.09 19:00;25232.5;25239.5;25212.5;25232.5;31.25;20.01;10.56;83.17;86.66;0.312;NEUTRE;0;34.8;1;1
2026.07.09 18:00;25248.5;25257.5;25217.5;25232.0;31.30;23.08;9.33;87.74;89.49;0.310;NEUTRE;0;36.1;1;1
2026.07.09 17:00;25222.5;25258.0;25222.0;25248.5;29.59;26.64;9.04;89.05;90.99;0.376;NEUTRE;0;43.1;1;1
2026.07.09 16:00;25218.0;25242.5;25215.0;25222.5;26.55;24.11;10.43;91.68;91.05;0.272;NEUTRE;0;35.7;1;1
2026.07.09 15:00;25213.0;25247.0;25195.5;25218.0;24.54;27.82;12.03;92.24;80.96;0.254;NEUTRE;0;35.6;1;1
2026.07.09 14:00;25166.5;25213.5;25120.5;25213.5;22.22;22.09;13.88;89.23;62.65;0.237;NEUTRE;0;35.6;1;1
2026.07.09 13:00;25119.5;25187.0;25095.5;25165.0;22.13;21.11;16.02;61.40;40.81;0.044;NEUTRE;0;8.2;0;1
2026.07.09 12:00;25067.0;25135.0;25057.5;25119.0;23.42;15.61;18.48;37.33;25.79;-0.139;NEUTRE;0;-26.1;-1;1
2026.07.09 11:00;25032.5;25091.5;25023.5;25066.5;25.73;9.38;21.33;23.71;19.76;-0.348;NEUTRE;0;-53.2;-2;1
2026.07.09 10:00;25072.5;25094.0;24983.5;25032.5;23.71;10.82;24.61;16.31;22.64;-0.483;NEUTRE;0;-63.9;-2;1
2026.07.09 09:00;25057.5;25091.5;25023.5;25073.0;21.37;12.49;22.82;19.25;39.04;-0.322;NEUTRE;0;-56.6;-2;1
2026.07.09 08:00;25154.5;25163.0;25041.0;25058.0;20.15;14.41;22.38;32.35;59.73;-0.382;NEUTRE;0;-63.7;-2;1
2026.07.09 07:00;25205.5;25252.0;25118.0;25153.0;19.91;16.62;16.11;65.52;75.44;-0.004;NEUTRE;0;-1.4;0;1
2026.07.09 06:00;25232.5;25241.0;25178.0;25202.5;22.74;19.18;11.70;81.31;71.25;0.193;NEUTRE;0;53.7;2;0
2026.07.09 05:00;25184.0;25235.5;25148.5;25232.5;22.51;20.79;13.50;79.49;61.29;0.312;NEUTRE;0;69.3;3;0
2026.07.09 04:00;25174.0;25188.5;25145.5;25184.0;22.70;15.67;15.57;52.94;56.38;0.119;NEUTRE;0;51.5;2;0
2026.07.09 03:00;25129.5;25179.5;25107.0;25172.0;26.14;14.87;17.97;51.42;67.96;0.072;NEUTRE;0;45.5;2;0
2026.07.09 02:00;25165.5;25211.0;25126.0;25129.0;28.71;17.15;16.70;64.79;79.73;-0.099;NEUTRE;0;-64.5;-2;0
2026.07.09 01:00;25160.5;25192.0;25148.0;25168.0;32.92;19.79;15.29;87.68;83.37;0.056;NEUTRE;0;;;0
2026.07.09 00:00;25154.0;25179.0;25128.5;25160.0;36.01;18.29;17.64;86.73;76.71;0.024;NEUTRE;0;;;0
2026.07.08 19:00;25142.5;25151.5;25113.5;25142.5;41.27;12.73;20.36;75.71;63.87;-1.739;EXPLOSIVE_DOWN;-3;-75.5;-3;1
2026.07.08 18:00;25116.0;25150.0;25104.5;25142.5;44.07;14.08;23.49;67.70;53.01;-1.739;EXPLOSIVE_DOWN;-3;-76.3;-3;1
2026.07.08 17:00;25135.0;25145.5;25104.0;25116.5;47.00;14.72;27.10;48.20;46.74;-1.841;EXPLOSIVE_DOWN;-3;-77.7;-3;1
2026.07.08 16:00;25023.5;25143.0;25018.5;25135.0;49.67;16.06;31.27;43.15;49.06;-1.768;EXPLOSIVE_DOWN;-3;-77.9;-3;1
2026.07.08 15:00;25073.5;25080.5;24978.0;25023.0;52.37;10.81;36.08;48.88;50.49;-2.206;EXPLOSIVE_DOWN;-3;-80.9;-3;1
2026.07.08 14:00;25165.5;25186.5;25061.5;25074.0;52.14;12.47;29.10;55.15;44.15;-2.007;EXPLOSIVE_DOWN;-3;-80.6;-3;1
2026.07.08 13:00;25127.0;25213.5;25094.5;25165.5;54.00;14.39;29.52;47.43;31.55;-1.649;STRONG_DOWN;-2;-79.4;-3;1
2026.07.08 12:00;25123.0;25191.5;25088.0;25127.5;57.01;13.76;34.06;29.88;18.61;-1.798;EXPLOSIVE_DOWN;-3;-81;-3;1
2026.07.08 11:00;25066.0;25213.0;25027.5;25123.0;59.25;15.88;39.30;17.33;10.68;-1.815;EXPLOSIVE_DOWN;-3;-81.9;-3;1
2026.07.08 10:00;24988.0;25091.5;24966.0;25066.0;61.84;8.24;45.34;8.63;7.36;-2.038;EXPLOSIVE_DOWN;-3;-83.4;-3;1
2026.07.08 09:00;25033.0;25053.0;24957.0;24988.0;60.70;4.79;52.32;6.07;8.29;-2.343;EXPLOSIVE_DOWN;-3;-84.8;-3;1
2026.07.08 08:00;25329.5;25336.0;25013.0;25033.0;57.23;5.53;51.39;7.38;11.84;-2.167;EXPLOSIVE_DOWN;-3;-85;-3;1
2026.07.08 07:00;25449.0;25470.5;25283.5;25329.5;53.64;6.38;46.42;11.42;20.26;-1.008;STRONG_DOWN;-2;-80.7;-3;1
2026.07.08 06:00;25549.5;25555.5;25431.0;25450.0;50.22;7.36;41.42;16.72;30.64;-0.537;SOFT_DOWN;-1;-75.2;-3;0
2026.07.08 05:00;25597.0;25610.5;25538.5;25551.0;47.21;8.49;34.51;32.65;41.69;-0.143;NEUTRE;0;-50.4;-2;0
2026.07.08 04:00;25611.5;25615.5;25571.5;25596.5;45.16;9.80;32.77;42.54;49.05;0.035;NEUTRE;0;20.3;0;0
2026.07.08 03:00;25602.5;25626.5;25593.0;25611.5;43.81;11.30;30.29;49.88;52.38;0.094;NEUTRE;0;53;2;0
2026.07.08 02:00;25633.5;25636.5;25579.5;25602.5;43.52;13.04;34.95;54.74;50.97;0.059;NEUTRE;0;51.3;2;0
2026.07.08 01:00;25644.0;25668.5;25614.5;25633.5;43.20;15.05;30.88;52.51;44.89;0.180;NEUTRE;0;;;0
2026.07.08 00:00;25587.5;25646.5;25552.5;25643.5;44.54;11.10;35.64;45.67;39.31;0.219;NEUTRE;0;;;0
2026.07.07 19:00;25637.0;25641.0;25548.5;25593.0;43.31;11.90;41.12;36.50;33.91;-1.343;STRONG_DOWN;-2;-71.5;-3;1
2026.07.07 18:00;25685.5;25691.0;25634.5;25636.5;41.50;13.74;33.14;35.75;28.69;-1.176;STRONG_DOWN;-2;-70.1;-3;1
2026.07.07 17:00;25677.0;25688.0;25664.5;25685.0;41.51;15.85;30.07;29.47;21.31;-0.989;STRONG_DOWN;-2;-67.9;-3;1
2026.07.07 16:00;25644.5;25685.0;25640.5;25677.0;43.14;16.32;34.70;20.87;16.17;-1.020;STRONG_DOWN;-2;-69.7;-3;1
2026.07.07 15:00;25651.0;25653.5;25599.5;25643.5;44.23;7.94;40.03;13.58;13.96;-1.149;STRONG_DOWN;-2;-72.9;-3;1
2026.07.07 14:00;25696.0;25701.0;25623.5;25651.0;40.75;9.17;39.35;14.06;14.33;-1.120;STRONG_DOWN;-2;-73.5;-3;1
2026.07.07 13:00;25796.0;25813.0;25677.0;25695.5;37.44;10.58;34.79;14.24;12.96;-0.948;SOFT_DOWN;-1;-72;-3;1
2026.07.07 12:00;25782.0;25844.0;25775.0;25796.0;34.99;12.20;29.05;14.69;11.33;-0.561;SOFT_DOWN;-1;-63.2;-2;1
2026.07.07 11:00;25804.0;25816.0;25757.5;25781.0;34.09;7.84;33.52;9.97;16.41;-0.619;SOFT_DOWN;-1;-67.2;-3;1
2026.07.07 10:00;25830.5;25848.5;25788.5;25804.5;29.78;9.04;30.53;9.32;32.05;-0.528;SOFT_DOWN;-1;-65.9;-3;1
2026.07.07 09:00;25850.5;25870.0;25823.5;25831.0;26.01;10.43;26.25;29.93;52.70;-0.426;NEUTRE;0;-63.5;-2;1
2026.07.07 08:00;25920.0;25940.5;25850.5;25850.5;23.38;12.04;21.36;56.90;59.96;-0.351;NEUTRE;0;-61.7;-2;1
2026.07.07 07:00;25926.0;25947.0;25886.5;25919.5;22.68;13.89;18.49;71.28;50.18;-0.085;NEUTRE;0;-27.2;-1;1
2026.07.07 06:00;25901.5;25931.0;25881.0;25928.0;23.99;11.96;21.33;51.71;29.33;-0.052;NEUTRE;0;-20.1;0;0
2026.07.07 05:00;25877.0;25916.5;25837.5;25902.0;23.35;9.34;24.62;27.56;17.58;-0.152;NEUTRE;0;-52.1;-2;0
2026.07.07 04:00;25887.0;25901.0;25873.5;25877.0;20.02;10.77;21.39;8.72;14.54;-0.249;NEUTRE;0;-69.2;-3;0
2026.07.07 03:00;25908.0;25923.5;25875.5;25887.0;18.02;12.43;23.57;16.46;23.18;-0.210;NEUTRE;0;-71.4;-3;0
2026.07.07 02:00;25934.5;25944.5;25902.0;25907.5;16.03;14.35;18.70;18.45;32.73;-0.131;NEUTRE;0;-70.2;-3;0
2026.07.07 01:00;25926.5;25953.5;25918.5;25934.0;16.47;16.55;15.60;34.63;47.45;-0.029;NEUTRE;0;;;0
2026.07.07 00:00;25941.5;25957.0;25918.5;25926.0;18.55;19.10;18.00;45.13;58.18;-0.060;NEUTRE;0;;;0
2026.07.06 19:00;25946.0;25964.5;25939.0;25950.0;20.95;22.04;12.58;62.58;66.56;-0.148;NEUTRE;0;-18.2;0;1
2026.07.06 18:00;25939.0;25955.0;25937.0;25945.5;19.97;19.70;14.51;66.84;69.19;-0.165;NEUTRE;0;-21.2;0;1
2026.07.06 17:00;25933.0;25962.5;25927.5;25939.0;20.71;22.73;16.75;70.25;67.47;-0.190;NEUTRE;0;-25.3;-1;1
2026.07.06 16:00;25940.5;25949.0;25925.5;25934.0;21.57;20.29;19.32;70.48;56.96;-0.210;NEUTRE;0;-29.1;-1;1
2026.07.06 15:00;25945.0;25982.0;25919.5;25940.0;24.51;23.41;22.30;61.68;39.46;-0.187;NEUTRE;0;-27.8;-1;1
2026.07.06 14:00;25907.0;25951.0;25895.5;25945.0;27.91;19.38;25.73;38.70;22.38;-0.167;NEUTRE;0;-26.8;-1;1
2026.07.06 13:00;25880.0;25908.0;25833.0;25907.0;30.04;10.44;29.69;18.00;19.04;-0.314;NEUTRE;0;-45.6;-2;1
2026.07.06 12:00;25904.0;25923.5;25876.0;25880.0;27.28;12.05;25.43;10.44;27.33;-0.417;NEUTRE;0;-55.8;-2;1
2026.07.06 11:00;25932.0;25938.5;25894.0;25904.0;25.98;13.90;23.51;28.68;45.40;-0.325;NEUTRE;0;-51.4;-2;1
2026.07.06 10:00;25982.5;25989.0;25927.0;25932.5;26.03;16.04;15.72;42.86;56.55;-0.215;NEUTRE;0;-42.3;-1;1
2026.07.06 09:00;25970.0;26003.0;25936.5;25983.0;29.88;18.51;15.79;64.67;59.49;-0.021;NEUTRE;0;-5.6;0;1
2026.07.06 08:00;26031.0;26041.0;25964.5;25970.5;33.25;21.36;11.74;62.13;46.20;-0.069;NEUTRE;0;-20.1;0;1
2026.07.06 07:00;25934.0;26048.0;25897.5;26031.0;33.90;24.64;13.54;51.67;31.34;0.164;NEUTRE;0;44.8;1;1
2026.07.06 06:00;25930.5;25951.0;25908.0;25934.5;34.64;18.52;15.62;24.80;20.23;-0.208;NEUTRE;0;-55.7;-2;0
2026.07.06 05:00;25966.0;25966.0;25919.0;25929.5;38.66;21.37;14.09;17.55;18.81;-0.227;NEUTRE;0;-62.5;-2;0
2026.07.06 04:00;25940.0;25972.0;25929.5;25966.0;41.45;24.65;12.82;18.34;25.65;-0.087;NEUTRE;0;-42.6;-1;0
2026.07.06 03:00;25943.5;25958.0;25926.0;25940.0;42.98;23.38;14.80;20.54;36.62;-0.187;NEUTRE;0;-69.2;-3;0
2026.07.06 02:00;25976.0;25982.0;25929.5;25944.5;46.13;26.98;15.39;38.06;49.56;-0.169;NEUTRE;0;-74.4;-3;0
2026.07.06 01:00;26010.0;26024.5;25960.0;25975.0;49.02;31.13;8.82;51.27;57.76;-0.052;NEUTRE;0;;;0
2026.07.06 00:00;25988.5;26057.0;25967.0;26009.0;47.97;35.92;8.51;59.36;63.76;0.079;NEUTRE;0;;;0
2026.07.03 19:00;25934.0;25963.5;25931.0;25952.5;45.86;27.68;9.82;62.65;69.43;0.638;SOFT_UP;1;54.9;2;1
2026.07.03 18:00;25946.5;25948.0;25926.5;25934.5;45.58;24.60;11.33;69.29;76.44;0.568;SOFT_UP;1;53.2;2;1
2026.07.03 17:00;25945.5;25951.0;25935.0;25946.5;46.91;28.38;6.99;76.37;82.76;0.615;SOFT_UP;1;56.9;2;1
2026.07.03 16:00;25939.0;25962.0;25935.5;25945.0;44.83;32.75;7.58;83.67;88.89;0.609;SOFT_UP;1;58.2;2;1
2026.07.03 15:00;25950.5;25976.5;25921.5;25938.5;42.12;37.79;8.75;88.24;85.91;0.584;SOFT_UP;1;58.8;2;1
2026.07.03 14:00;25913.0;25962.0;25881.5;25950.5;39.00;39.54;10.09;94.76;75.55;0.630;SOFT_UP;1;62.3;2;1
2026.07.03 13:00;25890.5;25926.0;25869.5;25912.5;35.87;38.75;11.65;74.72;55.82;0.483;NEUTRE;0;57.5;2;1
2026.07.03 12:00;25847.5;25891.5;25841.5;25890.5;33.12;35.31;13.44;57.18;38.10;0.397;NEUTRE;0;54.5;2;1
2026.07.03 11:00;25843.5;25849.5;25797.5;25847.5;31.31;27.82;15.51;35.58;22.34;0.231;NEUTRE;0;41.6;1;1
2026.07.03 10:00;25794.0;25846.5;25780.0;25843.0;31.76;31.22;17.89;21.54;17.82;0.213;NEUTRE;0;42;1;1
2026.07.03 09:00;25771.0;25810.5;25751.5;25794.0;32.47;27.69;20.64;9.90;26.94;0.023;NEUTRE;0;6.2;0;1
2026.07.03 08:00;25827.0;25880.5;25769.0;25770.5;35.22;31.95;19.26;22.02;50.81;-0.068;NEUTRE;0;-19.8;0;1
2026.07.03 07:00;25893.5;25967.0;25826.0;25827.0;36.83;36.86;14.36;48.91;72.25;0.151;NEUTRE;0;42.4;1;1
2026.07.03 06:00;25835.5;25896.5;25833.0;25896.5;35.73;34.84;16.56;81.51;86.48;0.421;NEUTRE;0;71.4;3;0
2026.07.03 05:00;25847.5;25850.5;25815.0;25835.5;35.76;29.06;19.11;86.34;90.41;0.184;NEUTRE;0;57.3;2;0
2026.07.03 04:00;25858.5;25870.5;25846.5;25848.0;38.09;33.53;8.40;91.60;90.93;0.233;NEUTRE;0;67.9;3;0
2026.07.03 03:00;25834.0;25860.5;25826.5;25858.5;34.73;32.28;9.69;93.30;88.97;0.273;NEUTRE;0;75.4;3;0
2026.07.03 02:00;25835.0;25846.0;25822.0;25834.0;31.79;30.68;11.19;87.88;80.21;0.178;NEUTRE;0;75.1;3;0
2026.07.03 01:00;25766.0;25856.5;25761.5;25836.0;29.52;35.40;12.91;85.74;66.52;0.186;NEUTRE;0;;;0
2026.07.03 00:00;25788.0;25801.0;25750.0;25766.0;26.89;31.86;14.89;67.02;54.01;-0.085;NEUTRE;0;;;0
2026.07.02 19:00;25686.5;25769.0;25654.5;25767.5;25.45;27.11;17.18;46.80;51.82;2.419;EXPLOSIVE_UP;3;79.5;3;1
2026.07.02 18:00;25635.5;25695.0;25623.5;25686.5;25.92;21.34;19.83;48.23;63.05;2.097;EXPLOSIVE_UP;3;78.5;3;1
2026.07.02 17:00;25684.0;25687.0;25631.5;25635.0;29.34;24.62;22.88;60.45;76.86;1.892;EXPLOSIVE_UP;3;78;3;1
2026.07.02 16:00;25699.0;25749.5;25675.5;25684.0;33.29;28.41;14.20;80.47;88.37;2.087;EXPLOSIVE_UP;3;79.7;3;1
2026.07.02 15:00;25784.0;25795.0;25688.0;25700.0;33.28;32.78;13.79;89.67;93.37;2.150;EXPLOSIVE_UP;3;80.6;3;1
2026.07.02 14:00;25784.0;25796.0;25725.0;25783.5;32.12;37.82;10.59;94.97;95.37;2.482;EXPLOSIVE_UP;3;82.4;3;1
2026.07.02 13:00;25583.5;25805.5;25571.5;25784.5;28.41;43.64;12.21;95.47;95.66;2.486;EXPLOSIVE_UP;3;83;3;1
2026.07.02 12:00;25444.5;25610.5;25436.5;25582.5;24.12;37.53;14.09;95.66;95.13;1.683;STRONG_UP;2;80.4;3;1
2026.07.02 11:00;25423.5;25452.5;25403.5;25444.5;20.85;29.34;16.26;95.83;92.53;1.135;STRONG_UP;2;77.1;3;1
2026.07.02 10:00;25321.0;25433.5;25301.5;25423.5;19.64;27.89;18.76;93.91;80.49;1.051;STRONG_UP;2;77.3;3;1
2026.07.02 09:00;25291.0;25340.5;25273.5;25320.0;19.66;21.34;21.65;87.86;61.78;0.640;SOFT_UP;1;71.6;3;1
2026.07.02 08:00;25249.5;25308.5;25234.5;25291.5;22.57;17.27;24.98;59.70;43.23;0.527;SOFT_UP;1;70.3;3;1
2026.07.02 07:00;25117.0;25282.5;25101.0;25249.0;23.23;14.52;28.83;37.79;45.55;0.358;NEUTRE;0;65.2;3;1
2026.07.02 06:00;25204.0;25215.5;25115.5;25117.0;21.73;11.08;33.26;32.20;60.78;-0.167;NEUTRE;0;-49.7;-2;0
2026.07.02 05:00;25239.5;25265.0;25198.0;25204.5;17.38;12.78;25.68;66.67;79.99;0.181;NEUTRE;0;56.9;2;0
2026.07.02 04:00;25279.5;25288.5;25216.5;25240.0;14.90;14.75;25.39;83.49;84.25;0.322;NEUTRE;0;73.6;3;0
2026.07.02 03:00;25272.0;25280.0;25249.0;25277.5;13.11;17.02;22.35;89.81;79.85;0.471;NEUTRE;0;81.4;3;0
2026.07.02 02:00;25271.5;25290.0;25264.0;25271.5;13.05;19.64;18.34;79.45;69.56;0.447;NEUTRE;0;84;3;0
2026.07.02 01:00;25181.0;25290.0;25173.0;25271.0;14.53;22.66;21.17;70.30;66.42;0.445;NEUTRE;0;;;0
2026.07.02 00:00;25159.0;25190.5;25126.5;25181.0;16.24;13.06;24.42;58.93;68.02;0.087;NEUTRE;0;;;0
2026.07.01 19:00;25183.5;25207.5;25181.5;25190.0;14.08;15.07;14.96;70.02;75.51;0.079;NEUTRE;0;10;0;1
2026.07.01 18:00;25189.0;25201.5;25177.0;25184.0;16.18;13.84;17.26;75.09;76.05;0.056;NEUTRE;0;7.5;0;1
2026.07.01 17:00;25189.0;25225.0;25184.5;25189.5;16.98;15.97;15.20;81.42;71.42;0.077;NEUTRE;0;10.9;0;1
2026.07.01 16:00;25200.5;25232.5;25187.0;25189.0;19.21;18.43;16.59;71.63;56.16;0.075;NEUTRE;0;11.2;0;1
2026.07.01 15:00;25125.5;25228.0;25121.5;25200.5;21.36;19.74;19.15;61.22;41.36;0.121;NEUTRE;0;18.9;0;1
2026.07.01 14:00;25127.5;25162.0;25102.5;25125.5;24.41;13.25;22.09;35.64;32.03;-0.177;NEUTRE;0;-28.2;-1;1
2026.07.01 13:00;25087.0;25146.0;25026.5;25128.5;24.32;11.15;25.49;27.21;41.23;-0.165;NEUTRE;0;-28.2;-1;1
2026.07.01 12:00;25135.5;25166.5;25087.5;25087.5;22.04;12.86;21.56;33.26;59.42;-0.328;NEUTRE;0;-49.2;-2;1
2026.07.01 11:00;25209.5;25227.0;25128.5;25135.5;21.54;14.84;16.89;63.21;77.58;-0.137;NEUTRE;0;-27.8;-1;1
2026.07.01 10:00;25222.0;25226.0;25171.0;25209.5;23.87;17.13;12.85;81.79;86.68;0.157;NEUTRE;0;33.6;1;1
2026.07.01 09:00;25213.0;25237.0;25183.0;25222.0;25.34;19.76;11.47;87.73;88.67;0.207;NEUTRE;0;44.2;1;1
2026.07.01 08:00;25198.5;25240.5;25162.0;25213.5;25.16;22.80;13.24;90.52;81.48;0.173;NEUTRE;0;42.5;1;1
2026.07.01 07:00;25173.0;25199.5;25100.5;25198.5;24.95;18.27;15.28;87.75;67.30;0.113;NEUTRE;0;34.3;1;1
2026.07.01 06:00;25145.5;25175.0;25128.5;25173.0;27.41;21.09;13.27;66.16;50.40;0.012;NEUTRE;0;4.8;0;0
2026.07.01 05:00;25126.0;25147.0;25117.5;25146.0;28.13;15.07;15.32;47.99;37.59;-0.095;NEUTRE;0;-38.8;-1;0
2026.07.01 04:00;25140.0;25147.0;25125.0;25126.0;32.33;17.38;13.76;37.06;30.34;-0.175;NEUTRE;0;-61.6;-2;0
2026.07.01 03:00;25124.5;25144.0;25119.0;25140.0;35.52;17.96;15.88;27.72;34.87;-0.119;NEUTRE;0;-59.2;-2;0
2026.07.01 02:00;25121.5;25141.0;25097.5;25126.0;40.04;18.88;18.32;26.26;52.36;-0.175;NEUTRE;0;-74.9;-3;0
2026.07.01 01:00;25157.5;25174.0;25118.5;25121.5;45.96;21.78;13.71;50.64;74.20;-0.193;NEUTRE;0;;;0
2026.07.01 00:00;25170.0;25171.0;25154.5;25157.5;49.54;25.13;5.84;80.18;89.19;-0.050;NEUTRE;0;;;0
2026.06.30 19:00;25181.5;25193.5;25153.5;25167.0;47.58;29.00;6.74;91.78;91.74;1.064;STRONG_UP;2;67.1;3;1
2026.06.30 18:00;25166.5;25186.0;25156.0;25181.5;45.32;30.57;7.78;95.63;82.16;1.122;STRONG_UP;2;69.2;3;1
2026.06.30 17:00;25156.5;25170.0;25147.5;25167.0;43.15;27.07;8.98;87.82;67.82;1.064;STRONG_UP;2;69.3;3;1
2026.06.30 16:00;25137.5;25163.0;25126.5;25156.5;42.06;26.45;10.36;63.04;55.75;1.022;STRONG_UP;2;69.7;3;1
2026.06.30 15:00;25063.5;25167.5;25063.0;25137.5;41.81;30.52;11.95;52.59;58.11;0.946;SOFT_UP;1;69.5;3;1
2026.06.30 14:00;25089.0;25107.0;25045.5;25064.0;41.51;26.31;13.79;51.62;68.07;0.651;SOFT_UP;1;63.1;2;1
2026.06.30 13:00;25099.5;25103.5;25027.5;25089.0;43.09;29.48;15.91;70.11;80.59;0.751;SOFT_UP;1;67.8;3;1
2026.06.30 12:00;25145.5;25148.5;25047.0;25099.5;45.12;34.02;14.41;82.47;84.62;0.793;SOFT_UP;1;70.3;3;1
2026.06.30 11:00;25129.5;25176.0;25111.5;25145.5;45.83;39.25;6.85;89.21;78.69;0.978;SOFT_UP;1;75.1;3;1
2026.06.30 10:00;25060.0;25140.5;25054.0;25129.5;42.07;36.82;7.90;82.18;70.05;0.914;SOFT_UP;1;75.5;3;1
2026.06.30 09:00;24974.5;25086.5;24972.0;25060.0;38.60;32.88;9.12;64.68;67.26;0.634;SOFT_UP;1;71.5;3;1
2026.06.30 08:00;24964.5;25025.5;24959.0;24974.5;35.83;29.75;10.52;63.31;75.38;0.291;NEUTRE;0;57;2;1
2026.06.30 07:00;24973.0;25029.5;24948.0;24960.0;34.00;34.32;12.14;73.79;83.31;0.233;NEUTRE;0;54.6;2;1
2026.06.30 06:00;24962.0;24976.0;24912.5;24976.0;31.88;29.50;14.01;89.03;86.35;0.297;NEUTRE;0;64.5;2;0
2026.06.30 05:00;24943.5;24982.5;24941.0;24961.0;31.31;34.04;9.26;87.11;83.03;0.237;NEUTRE;0;63.5;2;0
2026.06.30 04:00;24917.0;24953.0;24912.5;24942.0;27.32;28.34;10.68;82.91;77.60;0.161;NEUTRE;0;59.6;2;0
2026.06.30 03:00;24900.0;24930.0;24893.0;24917.5;24.56;23.97;12.33;79.07;76.98;0.062;NEUTRE;0;41.2;1;0
2026.06.30 02:00;24911.0;24911.0;24879.0;24899.0;23.41;19.75;14.22;70.82;79.46;-0.012;NEUTRE;0;-14.3;0;0
2026.06.30 01:00;24868.0;24929.0;24850.5;24911.0;24.51;22.79;16.41;81.05;86.02;0.036;NEUTRE;0;;;0
2026.06.30 00:00;24902.0;24908.0;24833.0;24868.0;25.77;22.18;18.94;86.52;87.11;-0.137;NEUTRE;0;;;0
2026.06.29 19:00;24900.0;24907.5;24880.5;24892.0;28.53;25.60;12.11;90.48;81.21;-0.080;NEUTRE;0;-10.1;0;1
2026.06.29 18:00;24853.5;24909.0;24850.0;24900.0;27.41;29.54;13.97;84.33;66.87;-0.048;NEUTRE;0;-6.4;0;1
2026.06.29 17:00;24833.5;24862.5;24833.5;24853.5;26.12;21.95;16.12;68.82;51.02;-0.235;NEUTRE;0;-30.3;-1;1
2026.06.29 16:00;24800.0;24844.5;24796.0;24833.5;27.78;15.78;18.60;47.45;40.28;-0.315;NEUTRE;0;-39.8;-1;1
2026.06.29 15:00;24753.5;24808.5;24717.0;24799.5;30.80;6.79;21.46;36.80;39.77;-0.452;NEUTRE;0;-51.9;-2;1
2026.06.29 14:00;24831.0;24831.0;24725.0;24753.5;27.55;7.84;23.42;36.59;40.29;-0.636;SOFT_DOWN;-1;-62.5;-2;1
2026.06.29 13:00;24862.0;24879.5;24807.0;24830.5;24.12;9.04;15.12;45.93;37.79;-0.327;NEUTRE;0;-46.8;-2;1
2026.06.29 12:00;24849.5;24873.0;24821.5;24862.0;23.96;10.43;14.37;38.37;27.91;-0.201;NEUTRE;0;-35.3;-1;1
2026.06.29 11:00;24842.5;24859.0;24793.0;24850.0;25.20;7.86;16.58;29.08;22.56;-0.249;NEUTRE;0;-43.8;-1;1
2026.06.29 10:00;24842.5;24854.5;24811.5;24843.0;23.59;9.07;14.82;16.27;23.71;-0.277;NEUTRE;0;-49.5;-2;1
2026.06.29 09:00;24806.0;24877.5;24804.0;24842.5;23.51;10.46;17.10;22.34;40.82;-0.279;NEUTRE;0;-52.7;-2;1
2026.06.29 08:00;24905.5;24921.0;24806.0;24806.5;23.43;12.07;19.31;32.52;56.68;-0.423;NEUTRE;0;-65.9;-3;1
2026.06.29 07:00;24919.5;24934.5;24847.0;24905.5;23.48;13.93;16.79;67.59;73.84;-0.026;NEUTRE;0;-8.9;0;1
2026.06.29 06:00;24957.0;24964.5;24903.5;24919.0;25.66;16.07;9.44;69.94;79.87;0.028;NEUTRE;0;11.2;0;0
2026.06.29 05:00;24899.0;24963.5;24886.5;24957.0;25.61;18.29;10.90;83.98;86.65;0.181;NEUTRE;0;56.9;2;0
2026.06.29 04:00;24935.0;24935.0;24893.0;24899.0;25.65;15.41;12.57;85.68;88.51;-0.052;NEUTRE;0;-28.8;-1;0
2026.06.29 03:00;24921.0;24943.5;24899.0;24934.5;28.04;17.78;12.31;90.29;85.23;0.090;NEUTRE;0;51.8;2;0
2026.06.29 02:00;24890.0;24926.5;24851.5;24921.0;29.56;14.64;14.20;89.55;75.16;0.036;NEUTRE;0;37.3;1;0
2026.06.29 01:00;24902.5;24919.5;24863.0;24889.5;33.87;16.89;14.03;75.84;62.27;-0.090;NEUTRE;0;;;0
2026.06.29 00:00;24912.0;24912.0;24847.5;24902.0;37.66;17.45;16.19;60.08;55.13;-0.040;NEUTRE;0;;;0
2026.06.26 19:00;24791.5;24824.5;24777.0;24817.0;42.88;5.96;18.68;50.89;57.74;-1.285;STRONG_DOWN;-2;-70.7;-3;1
2026.06.26 18:00;24820.5;24835.5;24783.0;24791.5;41.53;6.88;19.61;54.41;60.08;-1.386;STRONG_DOWN;-2;-72.9;-3;1
2026.06.26 17:00;24811.0;24842.0;24798.0;24820.5;40.53;7.93;18.23;67.90;60.63;-1.271;STRONG_DOWN;-2;-72.5;-3;1
2026.06.26 16:00;24843.0;24846.0;24768.5;24811.0;40.71;9.16;21.03;57.92;48.65;-1.309;STRONG_DOWN;-2;-73.9;-3;1
2026.06.26 15:00;24776.5;24874.0;24758.5;24843.0;40.92;10.56;24.27;56.08;36.19;-1.181;STRONG_DOWN;-2;-73.3;-3;1
2026.06.26 14:00;24825.5;24865.0;24762.5;24776.5;41.16;10.99;28.00;31.97;19.07;-1.446;STRONG_DOWN;-2;-77.1;-3;1
2026.06.26 13:00;24797.0;24830.5;24712.0;24825.5;40.79;7.50;32.31;20.51;11.09;-1.251;STRONG_DOWN;-2;-76.2;-3;1
2026.06.26 12:00;24835.5;24876.5;24787.5;24797.0;37.48;8.66;27.48;4.75;8.29;-1.364;STRONG_DOWN;-2;-78.3;-3;1
2026.06.26 11:00;24846.5;24884.0;24828.5;24835.0;35.23;9.99;24.62;8.01;16.91;-1.213;STRONG_DOWN;-2;-77.9;-3;1
2026.06.26 10:00;24875.0;24878.0;24831.5;24846.5;34.14;9.86;28.41;12.12;32.79;-1.167;STRONG_DOWN;-2;-78.6;-3;1
2026.06.26 09:00;24918.5;24919.0;24843.5;24875.0;31.94;11.38;28.81;30.59;47.48;-1.054;STRONG_DOWN;-2;-78.6;-3;1
2026.06.26 08:00;24986.0;24995.0;24890.5;24918.5;30.19;13.13;23.66;55.67;50.88;-0.881;SOFT_DOWN;-1;-77.9;-3;1
2026.06.26 07:00;25029.5;25045.5;24956.0;24986.0;30.43;15.15;17.66;56.18;41.63;-0.613;SOFT_DOWN;-1;-74.9;-3;1
2026.06.26 06:00;24944.5;25060.0;24935.5;25031.0;33.93;17.48;20.38;40.80;29.56;-0.434;NEUTRE;0;-71.9;-3;0
2026.06.26 05:00;24927.5;24987.5;24917.0;24944.5;37.98;11.21;23.51;27.91;21.92;-0.778;SOFT_DOWN;-1;-81.4;-3;0
2026.06.26 04:00;24963.5;24972.0;24919.5;24926.5;38.37;9.56;27.13;19.98;15.11;-0.849;SOFT_DOWN;-1;-83.6;-3;0
2026.06.26 03:00;24916.5;24964.0;24869.0;24963.5;36.91;8.68;31.30;17.86;12.13;-0.702;SOFT_DOWN;-1;-84.2;-3;0
2026.06.26 02:00;25037.5;25042.0;24901.0;24917.0;33.88;10.02;30.93;7.50;15.81;-0.887;SOFT_DOWN;-1;-87;-3;0
2026.06.26 01:00;25094.5;25118.0;25017.5;25037.0;31.24;11.56;22.98;11.04;29.22;-0.410;NEUTRE;0;;;0
2026.06.26 00:00;25140.0;25152.0;25086.0;25094.0;30.95;13.34;16.03;28.88;44.93;-0.183;NEUTRE;0;;;0
2026.06.25 19:00;25136.0;25144.5;25105.0;25126.0;34.31;15.39;14.07;47.73;57.34;0.823;SOFT_UP;1;61.4;2;1
2026.06.25 18:00;25166.5;25176.0;25113.5;25137.0;38.89;17.76;12.92;58.16;66.04;0.867;SOFT_UP;1;63.9;2;1
2026.06.25 17:00;25160.5;25187.5;25142.5;25166.0;42.45;20.49;7.77;66.13;67.08;0.983;SOFT_UP;1;67.8;3;1
2026.06.25 16:00;25189.5;25221.0;25134.5;25160.0;42.06;23.64;8.97;73.83;66.59;0.959;SOFT_UP;1;68.5;3;1
2026.06.25 15:00;25223.0;25239.5;25127.0;25191.5;41.61;27.28;10.35;61.28;62.67;1.085;STRONG_UP;2;71.9;3;1
2026.06.25 14:00;25021.0;25256.0;25020.0;25223.0;41.09;31.48;11.94;64.65;72.71;1.212;STRONG_UP;2;74.7;3;1
2026.06.25 13:00;25142.0;25175.0;25009.5;25017.5;40.49;31.09;13.78;62.07;82.44;0.387;NEUTRE;0;51.6;2;1
2026.06.25 12:00;25074.5;25159.0;25072.5;25142.0;40.79;35.88;10.04;91.41;92.93;0.887;SOFT_UP;1;72.3;3;1
2026.06.25 11:00;25085.5;25090.5;25026.5;25075.0;38.41;29.21;11.59;93.82;94.12;0.618;SOFT_UP;1;67.2;3;1
2026.06.25 10:00;25075.0;25094.5;25051.5;25084.5;37.67;33.71;7.36;93.55;94.55;0.656;SOFT_UP;1;70.2;3;1
2026.06.25 09:00;25037.0;25080.5;25035.5;25075.0;33.60;33.89;8.49;95.00;94.26;0.618;SOFT_UP;1;71;3;1
2026.06.25 08:00;25019.5;25060.0;24984.0;25037.0;29.55;32.09;9.80;95.11;88.48;0.465;NEUTRE;0;67.9;3;1
2026.06.25 07:00;24958.0;25019.5;24923.5;25019.5;25.91;28.83;11.31;92.68;78.00;0.395;NEUTRE;0;67.3;3;1
2026.06.25 06:00;24916.0;24957.5;24899.0;24957.0;23.18;23.33;13.05;77.65;66.47;0.144;NEUTRE;0;45.5;2;0
2026.06.25 05:00;24894.0;24942.5;24880.5;24915.5;22.39;22.97;15.06;63.68;59.55;-0.022;NEUTRE;0;-10.6;0;0
2026.06.25 04:00;24882.0;24900.0;24859.0;24894.5;22.63;15.96;17.37;58.10;58.66;-0.106;NEUTRE;0;-48.3;-2;0
2026.06.25 03:00;24871.5;24888.5;24851.0;24882.0;25.47;14.10;20.04;56.86;58.76;-0.156;NEUTRE;0;-65.6;-3;0
2026.06.25 02:00;24868.0;24882.0;24846.5;24871.0;26.71;13.61;23.13;61.03;56.68;-0.201;NEUTRE;0;-76.8;-3;0
2026.06.25 01:00;24899.0;24926.5;24865.0;24868.5;26.83;15.70;18.67;58.40;49.14;-0.211;NEUTRE;0;;;0
2026.06.25 00:00;24921.0;24932.5;24879.5;24899.0;29.63;18.11;17.91;50.61;45.41;-0.088;NEUTRE;0;;;0
2026.06.24 19:00;24825.0;24871.0;24796.5;24855.0;34.10;8.69;20.67;38.41;49.97;-0.964;SOFT_DOWN;-1;-65;-3;1
2026.06.24 18:00;24820.5;24882.0;24809.5;24824.5;33.07;10.03;21.16;47.20;64.46;-1.086;STRONG_DOWN;-2;-68.6;-3;1
2026.06.24 17:00;24871.0;24892.0;24798.5;24820.0;32.66;11.57;24.42;64.30;75.32;-1.104;STRONG_DOWN;-2;-70;-3;1
2026.06.24 16:00;24898.0;24919.5;24863.5;24871.5;32.20;13.35;17.48;81.89;72.58;-0.899;SOFT_DOWN;-1;-67.2;-3;1
2026.06.24 15:00;24871.5;24923.5;24819.5;24898.0;35.09;15.41;20.17;79.78;55.23;-0.793;SOFT_DOWN;-1;-65.9;-3;1
2026.06.24 14:00;24825.5;24877.5;24779.5;24871.5;38.43;10.97;23.28;56.08;33.52;-0.899;SOFT_DOWN;-1;-69.8;-3;1
2026.06.24 13:00;24795.5;24856.5;24754.5;24825.5;38.81;9.36;26.86;29.83;18.29;-1.082;STRONG_DOWN;-2;-74.2;-3;1
2026.06.24 12:00;24831.0;24861.0;24782.0;24795.5;37.35;10.80;26.84;14.64;10.81;-1.201;STRONG_DOWN;-2;-76.7;-3;1
2026.06.24 11:00;24803.5;24835.0;24769.0;24830.5;36.55;7.40;30.97;10.41;9.03;-1.062;STRONG_DOWN;-2;-76.2;-3;1
2026.06.24 10:00;24821.5;24839.0;24783.5;24802.0;32.72;8.54;32.35;7.39;10.84;-1.175;STRONG_DOWN;-2;-78.6;-3;1
2026.06.24 09:00;24866.5;24878.0;24808.5;24821.5;28.80;9.86;30.40;9.29;18.45;-1.098;STRONG_DOWN;-2;-79;-3;1
2026.06.24 08:00;24863.0;24905.0;24852.0;24866.0;25.38;11.37;25.45;15.85;31.97;-0.920;SOFT_DOWN;-1;-78.4;-3;1
2026.06.24 07:00;25042.5;25042.5;24831.0;24863.0;23.40;13.12;29.36;30.21;43.45;-0.932;SOFT_DOWN;-1;-79.9;-3;1
2026.06.24 06:00;25086.0;25101.5;25041.5;25041.5;21.12;15.14;18.57;49.86;42.78;-0.221;NEUTRE;0;-57.3;-2;0
2026.06.24 05:00;25053.5;25110.5;25052.5;25085.0;22.81;17.47;18.61;50.30;37.32;-0.048;NEUTRE;0;-22.1;0;0
2026.06.24 04:00;25059.5;25064.5;25002.0;25054.5;25.84;7.96;21.47;28.19;33.96;-0.169;NEUTRE;0;-60.8;-2;0
2026.06.24 03:00;25035.5;25103.5;25028.0;25059.0;22.75;9.18;18.37;33.46;39.96;-0.151;NEUTRE;0;-64.9;-2;0
2026.06.24 02:00;25112.5;25115.0;25035.0;25035.5;21.12;10.60;19.77;40.23;39.48;-0.245;NEUTRE;0;-79.1;-3;0
2026.06.24 01:00;25103.0;25121.0;25072.0;25112.5;19.71;12.23;15.70;46.18;38.18;0.062;NEUTRE;0;;;0
2026.06.24 00:00;25097.0;25116.0;25072.5;25103.0;20.83;12.54;18.11;32.05;41.20;0.024;NEUTRE;0;;;0
2026.06.23 19:00;25073.0;25109.0;25060.0;25071.5;21.24;12.05;20.90;36.31;52.84;-0.591;SOFT_DOWN;-1;-52.8;-2;1
2026.06.23 18:00;25103.5;25119.5;25055.0;25074.0;20.37;13.90;24.12;55.23;65.36;-0.581;SOFT_DOWN;-1;-53.8;-2;1
2026.06.23 17:00;25135.5;25142.0;25101.5;25103.5;19.37;16.04;16.74;66.98;74.20;-0.464;NEUTRE;0;-49.1;-2;1
2026.06.23 16:00;25107.0;25145.5;25103.5;25136.0;22.02;18.50;18.55;73.86;81.49;-0.335;NEUTRE;0;-41.5;-1;1
2026.06.23 15:00;25129.0;25151.0;25047.0;25107.0;25.39;21.35;21.40;81.76;87.13;-0.450;NEUTRE;0;-51.8;-2;1
2026.06.23 14:00;25115.5;25163.0;25094.5;25128.0;29.28;24.64;17.67;88.84;86.95;-0.367;NEUTRE;0;-48;-2;1
2026.06.23 13:00;25080.0;25116.5;25025.0;25115.5;31.25;17.98;20.39;90.78;81.16;-0.416;NEUTRE;0;-53.6;-2;1
2026.06.23 12:00;25076.0;25097.0;25030.5;25078.5;35.10;17.47;23.53;81.23;66.21;-0.563;SOFT_DOWN;-1;-63.3;-2;1
2026.06.23 11:00;25025.0;25105.0;25007.5;25076.0;38.22;20.16;27.14;71.47;48.27;-0.573;SOFT_DOWN;-1;-65.6;-3;1
2026.06.23 10:00;25023.5;25087.5;25005.0;25027.5;41.83;20.50;31.32;45.93;27.78;-0.765;SOFT_DOWN;-1;-72.8;-3;1
2026.06.23 09:00;24943.0;25030.0;24925.5;25024.5;45.05;12.93;36.14;27.40;14.29;-0.777;SOFT_DOWN;-1;-74.7;-3;1
2026.06.23 08:00;24958.5;24968.0;24894.0;24943.0;44.70;5.79;41.70;9.99;6.42;-1.100;STRONG_DOWN;-2;-80.3;-3;1
2026.06.23 07:00;25006.5;25052.5;24938.5;24958.5;39.95;6.68;38.86;5.46;7.70;-1.039;STRONG_DOWN;-2;-81;-3;1
2026.06.23 06:00;25058.0;25085.0;25002.5;25007.5;35.22;7.71;36.21;3.82;10.92;-0.845;SOFT_DOWN;-1;-80.5;-3;0
2026.06.23 05:00;25093.0;25113.5;25045.0;25058.0;30.65;8.89;33.85;13.81;17.55;-0.644;SOFT_DOWN;-1;-79.6;-3;0
2026.06.23 04:00;25154.5;25162.5;25086.0;25092.5;26.39;10.26;29.85;15.13;22.94;-0.508;SOFT_DOWN;-1;-79.5;-3;0
2026.06.23 03:00;25173.5;25178.5;25093.5;25155.5;22.93;11.84;32.93;23.72;31.38;-0.258;NEUTRE;0;-74.6;-3;0
2026.06.23 02:00;25225.0;25234.5;25169.0;25173.5;19.21;13.66;24.33;29.98;34.33;-0.186;NEUTRE;0;-75.7;-3;0
2026.06.23 01:00;25258.5;25268.5;25205.5;25225.0;17.84;15.76;19.51;40.44;34.11;0.018;NEUTRE;0;;;0
2026.06.23 00:00;25220.5;25272.5;25201.5;25258.5;18.96;18.19;22.51;32.57;34.72;0.151;NEUTRE;0;;;0
2026.06.22 19:00;25249.0;25273.5;25240.5;25268.0;20.24;20.98;17.52;29.31;44.66;0.651;SOFT_UP;1;55.4;2;1
2026.06.22 18:00;25264.5;25285.0;25247.5;25249.5;21.97;24.21;16.95;42.29;58.78;0.578;SOFT_UP;1;53.7;2;1
2026.06.22 17:00;25267.5;25271.0;25237.5;25264.5;22.63;22.19;19.56;62.37;72.51;0.637;SOFT_UP;1;57.8;2;1
2026.06.22 16:00;25281.5;25285.5;25250.0;25267.0;25.14;25.61;16.83;71.69;81.33;0.647;SOFT_UP;1;59.7;2;1
2026.06.22 15:00;25288.5;25344.5;25265.5;25282.0;25.83;29.55;12.70;83.46;85.17;0.707;SOFT_UP;1;63.4;2;1
2026.06.22 14:00;25323.5;25352.0;25258.5;25288.0;23.66;34.09;14.65;88.84;73.34;0.731;SOFT_UP;1;65.7;3;1
2026.06.22 13:00;25196.5;25326.0;25196.5;25323.5;21.17;35.06;16.90;83.21;50.81;0.872;SOFT_UP;1;70.6;3;1
2026.06.22 12:00;25171.5;25205.5;25145.5;25196.0;19.05;26.19;19.51;47.97;24.73;0.364;NEUTRE;0;52.1;2;1
2026.06.22 11:00;25084.0;25172.5;25069.5;25171.0;19.73;21.76;22.51;21.24;14.54;0.265;NEUTRE;0;45.6;2;1
2026.06.22 10:00;25072.5;25112.0;25067.5;25084.0;22.50;16.07;25.97;4.99;23.98;-0.082;NEUTRE;0;-19.1;0;1
2026.06.22 09:00;25121.5;25149.0;25072.5;25072.5;22.35;18.55;28.24;17.40;47.41;-0.127;NEUTRE;0;-30.8;-1;1
2026.06.22 08:00;25185.5;25189.0;25115.5;25121.0;22.60;21.40;23.93;49.54;67.23;0.066;NEUTRE;0;19.2;0;1
2026.06.22 07:00;25242.5;25257.5;25158.0;25185.0;25.21;24.69;18.72;75.30;67.89;0.321;NEUTRE;0;62.7;2;1
2026.06.22 06:00;25189.0;25251.5;25176.0;25242.5;26.98;28.49;18.81;76.85;53.90;0.550;SOFT_UP;1;75.5;3;0
2026.06.22 05:00;25145.0;25192.5;25144.5;25189.0;27.98;20.85;21.71;51.52;40.09;0.337;NEUTRE;0;70.7;3;0
2026.06.22 04:00;25130.5;25145.0;25111.5;25145.0;31.97;8.84;25.05;33.33;38.79;0.161;NEUTRE;0;59.6;2;0
2026.06.22 03:00;25133.5;25153.0;25114.5;25130.5;29.53;10.20;27.52;35.43;43.06;0.104;NEUTRE;0;55.7;2;0
2026.06.22 02:00;25151.0;25166.5;25130.0;25133.5;27.01;11.76;25.57;47.60;44.05;0.116;NEUTRE;0;67.8;3;0
2026.06.22 01:00;25177.0;25200.0;25146.5;25151.0;25.47;13.57;22.54;46.14;36.62;0.185;NEUTRE;0;;;0
2026.06.22 00:00;25104.5;25178.0;25104.5;25173.0;25.57;9.34;26.01;38.40;30.64;0.273;NEUTRE;0;;;0
2026.06.19 19:00;25176.0;25190.0;25160.0;25169.5;22.25;10.77;18.40;25.31;29.35;-0.137;NEUTRE;0;-17;0;1
2026.06.19 18:00;25177.0;25185.0;25170.0;25176.0;21.65;12.43;16.10;28.21;35.15;-0.111;NEUTRE;0;-14.6;0;1
2026.06.19 17:00;25168.5;25181.0;25162.5;25177.0;23.00;10.24;18.58;34.54;42.31;-0.107;NEUTRE;0;-14.9;0;1
2026.06.19 16:00;25187.5;25216.0;25162.5;25169.0;22.09;11.81;21.43;42.69;47.59;-0.139;NEUTRE;0;-20.2;0;1
2026.06.19 15:00;25210.0;25238.0;25147.0;25187.0;21.03;13.63;24.73;49.71;47.29;-0.067;NEUTRE;0;-10.7;0;1
2026.06.19 14:00;25225.0;25257.0;25200.5;25210.0;19.82;15.73;19.49;50.38;43.44;0.024;NEUTRE;0;4.2;0;1
2026.06.19 13:00;25233.0;25268.0;25193.0;25224.0;21.22;18.15;22.49;41.79;43.47;0.079;NEUTRE;0;14.4;0;1
2026.06.19 12:00;25214.5;25237.5;25121.5;25232.0;22.84;14.68;25.95;38.17;52.21;0.111;NEUTRE;0;21.4;0;1
2026.06.19 11:00;25216.5;25234.5;25182.5;25215.0;22.09;16.94;21.85;50.44;67.79;0.044;NEUTRE;0;9.6;0;1
2026.06.19 10:00;25285.0;25300.5;25189.0;25216.5;23.54;19.55;23.29;68.01;81.21;0.050;NEUTRE;0;11.9;0;1
2026.06.19 09:00;25296.0;25312.0;25234.5;25285.0;25.81;22.55;20.60;84.92;88.61;0.321;NEUTRE;0;56.5;2;1
2026.06.19 08:00;25333.0;25350.5;25277.5;25295.5;29.09;26.02;15.23;90.72;79.07;0.363;NEUTRE;0;62.5;2;1
2026.06.19 07:00;25205.5;25340.0;25200.5;25333.5;29.54;27.82;17.57;90.19;57.10;0.514;SOFT_UP;1;72.2;3;1
2026.06.19 06:00;25124.0;25209.5;25120.0;25205.0;30.61;17.70;20.28;56.30;30.76;0.004;NEUTRE;0;1.6;0;0
2026.06.19 05:00;25079.0;25128.5;25073.0;25124.0;34.28;6.50;23.40;24.80;15.62;-0.317;NEUTRE;0;-69.6;-3;0
2026.06.19 04:00;25116.5;25137.0;25063.0;25079.0;30.86;7.50;26.99;11.19;12.78;-0.496;NEUTRE;0;-79.2;-3;0
2026.06.19 03:00;25118.5;25128.0;25100.5;25116.5;26.91;8.66;23.35;10.86;18.99;-0.347;NEUTRE;0;-78.5;-3;0
2026.06.19 02:00;25123.0;25129.5;25102.5;25118.5;23.99;9.99;25.83;16.29;34.68;-0.339;NEUTRE;0;-82.1;-3;0
2026.06.19 01:00;25148.0;25164.5;25120.5;25120.5;20.88;11.53;19.54;29.81;57.26;-0.331;NEUTRE;0;;;0
2026.06.19 00:00;25204.0;25204.0;25104.5;25148.0;20.12;13.30;22.55;57.95;76.18;-0.222;NEUTRE;0;;;0
2026.06.18 19:00;25232.5;25233.0;25196.0;25231.5;19.25;15.35;14.93;84.01;87.01;0.284;NEUTRE;0;32.3;1;1
2026.06.18 18:00;25247.0;25258.0;25216.0;25232.0;22.00;17.71;8.91;86.58;89.80;0.286;NEUTRE;0;33.9;1;1
2026.06.18 17:00;25226.0;25258.5;25217.0;25247.5;20.30;20.43;9.92;90.43;88.18;0.348;NEUTRE;0;40.9;1;1
2026.06.18 16:00;25230.5;25252.5;25209.5;25225.5;18.10;21.35;11.45;92.39;85.19;0.260;NEUTRE;0;34.5;1;1
2026.06.18 15:00;25219.5;25244.0;25174.0;25231.0;16.24;21.59;13.21;81.71;75.05;0.282;NEUTRE;0;38.5;1;1
2026.06.18 14:00;25120.0;25220.0;25107.0;25218.5;15.03;19.64;15.24;81.46;66.70;0.233;NEUTRE;0;35.2;1;1
2026.06.18 13:00;25193.0;25212.5;25091.0;25120.0;15.40;21.64;17.58;61.99;54.95;-0.159;NEUTRE;0;-27.4;-1;1
2026.06.18 12:00;25106.0;25205.0;25103.0;25192.5;16.18;24.97;18.77;56.64;46.08;0.129;NEUTRE;0;24.5;0;1
2026.06.18 11:00;25102.0;25116.0;25040.0;25106.0;16.48;15.39;21.66;46.22;41.96;-0.215;NEUTRE;0;-39.6;-1;1
2026.06.18 10:00;25140.5;25161.5;25094.5;25100.5;16.42;17.75;13.96;35.36;44.29;-0.236;NEUTRE;0;-45;-1;1
2026.06.18 09:00;25034.0;25172.5;25011.5;25140.0;17.10;20.49;16.10;44.29;58.67;-0.079;NEUTRE;0;-20.4;0;1
2026.06.18 08:00;25161.0;25186.5;25028.5;25033.0;17.89;23.64;16.95;53.22;60.71;-0.505;SOFT_DOWN;-1;-69.5;-3;1
2026.06.18 07:00;25155.0;25236.5;25132.0;25161.0;18.11;27.27;9.49;78.51;53.44;0.004;NEUTRE;0;1.4;0;1
2026.06.18 06:00;25061.5;25161.5;25041.0;25160.5;13.45;20.43;10.94;50.41;36.24;0.002;NEUTRE;0;0.8;0;0
2026.06.18 05:00;25027.5;25079.0;25018.0;25060.5;10.86;13.04;12.63;31.40;30.80;-0.395;NEUTRE;0;-73.4;-3;0
2026.06.18 04:00;25062.5;25076.5;25012.0;25027.5;12.29;14.41;14.57;26.90;29.85;-0.527;SOFT_DOWN;-1;-79.8;-3;0
2026.06.18 03:00;25038.0;25065.5;25017.0;25063.0;14.10;14.01;16.81;34.11;29.12;-0.386;NEUTRE;0;-79.6;-3;0
2026.06.18 02:00;25044.5;25075.5;25034.0;25038.0;14.86;16.16;14.01;28.54;27.46;-0.485;NEUTRE;0;-84.4;-3;0
2026.06.18 01:00;25023.0;25070.0;25011.0;25047.0;16.05;16.61;16.16;24.70;34.44;-0.449;NEUTRE;0;;;0
2026.06.18 00:00;25160.0;25219.0;25011.0;25020.0;18.31;19.17;18.65;29.14;50.15;-0.556;SOFT_DOWN;-1;;;0
2026.06.17 19:00;25082.5;25104.5;24961.5;24994.0;20.92;14.29;21.52;49.48;68.38;0.237;NEUTRE;0;27.8;1;1
2026.06.17 18:00;25128.5;25161.0;25012.0;25082.0;21.03;16.48;19.39;71.82;75.85;0.590;SOFT_UP;1;54.2;2;1
2026.06.17 17:00;25113.5;25136.0;25083.0;25129.0;23.02;19.02;15.05;83.85;71.34;0.778;SOFT_UP;1;62.7;2;1
2026.06.17 16:00;25133.5;25143.0;25102.0;25114.5;24.76;21.95;11.85;71.88;59.03;0.720;SOFT_UP;1;62.3;2;1
2026.06.17 15:00;25053.0;25152.0;25052.5;25134.0;23.97;25.32;13.67;58.29;51.22;0.798;SOFT_UP;1;66.1;3;1
2026.06.17 14:00;25037.5;25112.0;24990.0;25052.5;23.07;23.03;15.77;46.92;53.91;0.471;NEUTRE;0;54.9;2;1
2026.06.17 13:00;25039.0;25064.5;24991.0;25037.5;23.74;20.59;18.20;48.45;64.56;0.411;NEUTRE;0;53.2;2;1
2026.06.17 12:00;25027.5;25067.0;25023.5;25039.5;26.44;23.75;14.20;66.36;77.58;0.419;NEUTRE;0;55.9;2;1
2026.06.17 11:00;25110.5;25126.5;25017.5;25027.5;26.64;27.41;16.38;78.86;80.84;0.371;NEUTRE;0;55;2;1
2026.06.17 10:00;25082.5;25124.0;25051.0;25110.0;26.86;31.62;14.17;87.53;74.03;0.702;SOFT_UP;1;71.4;3;1
2026.06.17 09:00;24998.0;25085.5;24995.5;25081.5;25.13;28.38;16.35;76.12;65.85;0.588;SOFT_UP;1;70.1;3;1
2026.06.17 08:00;24996.5;25006.5;24927.5;24998.0;24.86;19.24;18.87;58.45;65.84;0.253;NEUTRE;0;53.2;2;1
2026.06.17 07:00;24992.5;25038.0;24965.0;24996.5;28.54;22.20;14.47;62.98;74.29;0.247;NEUTRE;0;56.2;2;1
2026.06.17 06:00;25005.5;25026.5;24974.5;24992.5;29.68;23.19;16.70;76.10;77.51;0.231;NEUTRE;0;58.5;2;0
2026.06.17 05:00;24990.5;25016.0;24984.5;25004.5;31.75;23.65;19.27;83.80;74.81;0.279;NEUTRE;0;67.1;3;0
2026.06.17 04:00;24976.5;24994.0;24958.5;24990.5;35.06;16.54;22.23;72.62;65.06;0.223;NEUTRE;0;67;3;0
2026.06.17 03:00;24967.0;24979.0;24948.5;24976.5;38.20;12.59;25.65;68.00;50.75;0.166;NEUTRE;0;66.9;3;0
2026.06.17 02:00;24986.5;24993.0;24964.0;24967.0;38.82;14.52;21.78;54.56;31.84;0.128;NEUTRE;0;69.7;3;0
2026.06.17 01:00;24959.5;24988.0;24951.5;24986.0;41.72;14.11;25.13;29.68;16.97;0.205;NEUTRE;0;;;0
2026.06.17 00:00;24935.0;24965.0;24934.5;24961.0;43.81;6.58;28.99;11.27;11.12;0.104;NEUTRE;0;;;0
2026.06.16 19:00;24971.5;24980.5;24925.5;24935.0;40.86;7.59;33.45;9.96;12.02;-0.318;NEUTRE;0;-35.3;-1;1
2026.06.16 18:00;25003.0;25003.0;24968.5;24971.5;37.46;8.76;26.57;12.13;12.52;-0.172;NEUTRE;0;-22;0;1
2026.06.16 17:00;25001.0;25005.5;24964.5;25003.5;35.46;10.11;30.66;13.97;14.36;-0.044;NEUTRE;0;-6.3;0;1
2026.06.16 16:00;25000.0;25020.0;24985.0;25001.0;33.17;11.67;27.68;11.47;15.63;-0.054;NEUTRE;0;-8.1;0;1
2026.06.16 15:00;25094.0;25106.5;24971.0;24998.5;32.01;13.46;31.94;17.66;23.31;-0.064;NEUTRE;0;-10.2;0;1
2026.06.16 14:00;25150.5;25150.5;25073.5;25094.0;30.67;15.53;25.22;17.78;34.49;0.318;NEUTRE;0;43.9;1;1
2026.06.16 13:00;25148.5;25155.0;25093.0;25150.5;31.73;17.92;25.20;34.50;52.76;0.544;SOFT_UP;1;60.6;2;1
2026.06.16 12:00;25176.0;25221.0;25144.5;25148.5;34.02;20.68;16.30;51.20;69.48;0.536;SOFT_UP;1;62.1;2;1
2026.06.16 11:00;25216.5;25221.5;25158.5;25175.5;37.43;23.86;15.99;72.59;82.63;0.644;SOFT_UP;1;68;3;1
2026.06.16 10:00;25243.0;25253.0;25202.5;25216.5;40.15;27.53;7.71;84.65;89.71;0.808;SOFT_UP;1;73.7;3;1
2026.06.16 09:00;25252.0;25260.5;25204.5;25242.5;37.67;31.77;8.29;90.64;92.45;0.911;SOFT_UP;1;76.9;3;1
2026.06.16 08:00;25154.0;25275.0;25141.0;25252.5;34.45;36.66;9.56;93.83;89.78;0.951;SOFT_UP;1;78.8;3;1
2026.06.16 07:00;25116.0;25160.5;25063.5;25154.0;30.73;29.15;11.03;92.89;79.99;0.558;SOFT_UP;1;73.5;3;1
2026.06.16 06:00;25054.5;25117.5;25037.5;25114.0;28.52;26.81;12.73;82.62;62.68;0.398;NEUTRE;0;70.4;3;0
2026.06.16 05:00;25029.0;25068.0;25029.0;25054.0;27.42;21.42;14.69;64.48;44.64;0.158;NEUTRE;0;53.2;2;0
2026.06.16 04:00;25029.5;25039.0;25019.0;25029.0;28.77;13.27;16.95;40.94;30.19;0.058;NEUTRE;0;31.5;1;0
2026.06.16 03:00;25007.5;25052.0;25005.5;25029.5;31.33;15.32;19.55;28.49;22.52;0.060;NEUTRE;0;40.2;1;0
2026.06.16 02:00;25019.5;25022.5;25001.5;25007.0;34.28;7.91;22.56;21.15;17.21;-0.030;NEUTRE;0;-32.4;-1;0
2026.06.16 01:00;25026.5;25037.0;25005.0;25019.0;32.16;9.13;23.47;17.91;12.40;0.018;NEUTRE;0;;;0
2026.06.16 00:00;25014.5;25040.0;25002.5;25026.5;30.34;10.53;27.08;12.57;9.97;0.048;NEUTRE;0;;;0
2026.06.15 19:00;25021.5;25031.5;25002.5;25012.5;28.24;8.67;31.24;6.71;12.08;-0.207;NEUTRE;0;-24.8;0;1
2026.06.15 18:00;25046.5;25049.5;25013.5;25021.5;23.89;10.00;30.21;10.62;19.59;-0.172;NEUTRE;0;-22;0;1
2026.06.15 17:00;25076.5;25079.5;25038.0;25046.0;19.83;11.54;24.39;18.92;25.94;-0.074;NEUTRE;0;-10.4;0;1
2026.06.15 16:00;25092.0;25095.0;25066.5;25077.0;17.38;13.32;17.58;29.23;33.51;0.050;NEUTRE;0;7.5;0;1
2026.06.15 15:00;25106.0;25115.0;25049.5;25092.5;17.93;15.37;20.28;29.66;36.99;0.112;NEUTRE;0;17.5;0;1
2026.06.15 14:00;25091.0;25142.5;25063.0;25106.5;18.56;17.73;20.23;41.65;39.94;0.168;NEUTRE;0;26.9;1;1
2026.06.15 13:00;25161.0;25184.0;25086.5;25091.0;20.40;20.46;18.80;39.67;33.84;0.106;NEUTRE;0;19;0;1
2026.06.15 12:00;25131.0;25165.5;25124.0;25161.5;22.89;23.60;15.77;38.50;25.60;0.387;NEUTRE;0;53.8;2;1
2026.06.15 11:00;25113.5;25145.0;25106.5;25131.0;23.36;19.64;18.20;23.35;17.85;0.265;NEUTRE;0;45.6;2;1
2026.06.15 10:00;25090.5;25128.5;25080.0;25114.5;26.37;16.06;21.00;14.94;20.39;0.199;NEUTRE;0;40.1;1;1
2026.06.15 09:00;25116.5;25125.0;25067.0;25090.0;28.37;17.42;24.23;15.26;31.36;0.102;NEUTRE;0;25.6;1;1
2026.06.15 08:00;25192.5;25218.0;25107.5;25117.0;30.22;20.10;17.22;30.96;47.94;0.209;NEUTRE;0;47.9;2;1
2026.06.15 07:00;25220.5;25259.0;25188.0;25192.5;33.69;23.20;8.66;47.87;64.75;0.511;SOFT_UP;1;72.1;3;1
2026.06.15 06:00;25194.5;25254.0;25157.0;25220.5;31.85;25.68;9.99;65.00;78.26;0.622;SOFT_UP;1;77.2;3;0
2026.06.15 05:00;25198.0;25228.5;25177.5;25194.5;29.98;25.59;11.53;81.38;86.72;0.519;SOFT_UP;1;77.2;3;0
2026.06.15 04:00;25182.0;25200.5;25164.5;25198.0;28.76;21.08;13.30;88.40;90.45;0.533;SOFT_UP;1;79.9;3;0
2026.06.15 03:00;25201.5;25220.5;25176.5;25179.5;29.71;24.32;10.22;90.37;91.50;0.459;NEUTRE;0;81.2;3;0
2026.06.15 02:00;25184.5;25206.5;25166.0;25203.5;28.00;23.17;11.79;92.59;91.78;0.555;SOFT_UP;1;85.1;3;0
2026.06.15 01:00;25210.5;25235.0;25178.5;25184.0;27.30;26.74;8.86;91.53;89.30;0.477;NEUTRE;0;;;0
2026.06.15 00:00;25064.5;25246.5;25064.0;25211.0;23.77;30.85;10.22;91.22;87.12;0.584;SOFT_UP;1;;;0
2026.06.12 19:00;24663.0;24702.5;24661.5;24677.0;19.71;20.90;11.80;85.14;82.20;0.043;NEUTRE;0;5.5;0;1
2026.06.12 18:00;24659.0;24689.5;24648.0;24664.0;18.45;19.24;13.61;85.01;78.53;-0.010;NEUTRE;0;-1.3;0;1
2026.06.12 17:00;24639.0;24695.5;24639.0;24659.5;18.66;22.19;15.70;76.45;68.42;-0.028;NEUTRE;0;-4;0;1
2026.06.12 16:00;24575.0;24654.5;24549.5;24639.0;18.89;14.45;18.12;74.12;54.90;-0.111;NEUTRE;0;-16.4;0;1
2026.06.12 15:00;24636.5;24680.5;24567.0;24575.0;20.06;16.67;18.34;54.68;37.31;-0.371;NEUTRE;0;-46.3;-2;1
2026.06.12 14:00;24511.0;24648.0;24491.5;24635.5;22.41;14.83;21.17;35.89;26.87;-0.126;NEUTRE;0;-20.9;0;1
2026.06.12 13:00;24479.0;24566.5;24426.5;24510.0;23.15;9.10;24.42;21.35;29.46;-0.634;SOFT_DOWN;-1;-64.2;-2;1
2026.06.12 12:00;24590.5;24595.5;24463.0;24479.0;19.68;10.49;24.17;23.37;38.76;-0.760;SOFT_DOWN;-1;-69.5;-3;1
2026.06.12 11:00;24600.5;24651.5;24583.0;24590.5;16.64;12.11;13.95;43.66;49.98;-0.308;NEUTRE;0;-49.8;-2;1
2026.06.12 10:00;24673.0;24687.5;24565.0;24600.5;18.11;13.97;16.10;49.25;52.49;-0.268;NEUTRE;0;-48.6;-2;1
2026.06.12 09:00;24635.5;24718.0;24633.0;24675.0;19.81;16.12;10.04;57.03;51.04;0.034;NEUTRE;0;9.1;0;1
2026.06.12 08:00;24665.5;24770.0;24603.5;24635.5;19.28;18.60;11.58;51.20;45.27;-0.126;NEUTRE;0;-33.7;-1;1
2026.06.12 07:00;24582.0;24773.0;24505.0;24663.0;18.67;21.46;13.36;44.90;44.28;-0.014;NEUTRE;0;-4.8;0;1
2026.06.12 06:00;24554.5;24612.5;24533.5;24577.0;17.96;15.55;15.42;39.70;51.31;-0.363;NEUTRE;0;-68.7;-3;0
2026.06.12 05:00;24623.0;24641.0;24536.5;24555.0;20.65;17.95;17.20;48.23;65.61;-0.452;NEUTRE;0;-75.4;-3;0
2026.06.12 04:00;24611.0;24638.0;24581.0;24623.0;23.50;20.71;13.30;66.01;79.08;-0.176;NEUTRE;0;-61.8;-2;0
2026.06.12 03:00;24611.5;24614.0;24579.0;24610.5;23.77;17.41;15.34;82.60;88.09;-0.227;NEUTRE;0;-72.7;-3;0
2026.06.12 02:00;24634.0;24646.0;24590.5;24611.5;26.45;20.09;12.65;88.65;90.74;-0.223;NEUTRE;0;-78;-3;0
2026.06.12 01:00;24624.0;24636.0;24551.0;24634.0;27.03;20.41;14.60;93.02;90.97;-0.132;NEUTRE;0;;;0
2026.06.12 00:00;24666.5;24666.5;24606.5;24621.5;28.63;23.55;6.80;90.55;85.68;-0.182;NEUTRE;0;;;0
2026.06.11 19:00;24527.5;24664.0;24523.5;24640.0;24.54;26.53;7.84;89.34;78.72;2.699;EXPLOSIVE_UP;3;80.6;3;1
2026.06.11 18:00;24534.0;24557.0;24470.5;24527.5;19.95;18.90;9.05;77.13;66.82;2.230;EXPLOSIVE_UP;3;79.2;3;1
2026.06.11 17:00;24213.0;24588.5;24181.0;24534.0;17.60;21.81;10.44;69.70;63.60;2.257;EXPLOSIVE_UP;3;79.9;3;1
2026.06.11 16:00;24249.0;24270.0;24212.0;24212.5;14.89;13.14;12.05;53.64;62.67;0.917;SOFT_UP;1;67.6;3;1
2026.06.11 15:00;24213.5;24294.0;24204.0;24248.5;16.51;15.16;13.90;67.47;70.45;1.067;STRONG_UP;2;71.6;3;1
2026.06.11 14:00;24315.5;24345.0;24204.0;24214.5;18.38;17.49;16.04;66.89;72.16;0.925;SOFT_UP;1;70.3;3;1
2026.06.11 13:00;24221.5;24338.0;24170.0;24315.0;20.55;19.42;18.51;76.98;77.54;1.344;STRONG_UP;2;77.1;3;1
2026.06.11 12:00;24280.5;24282.5;24086.5;24221.0;23.34;17.33;21.36;72.60;78.21;0.952;SOFT_UP;1;73.4;3;1
2026.06.11 11:00;24270.5;24310.5;24240.0;24280.5;25.32;19.99;12.59;83.03;77.66;1.200;STRONG_UP;2;77.8;3;1
2026.06.11 10:00;24266.5;24302.0;24255.0;24270.5;25.73;23.07;11.26;79.01;75.07;1.159;STRONG_UP;2;78.5;3;1
2026.06.11 09:00;24225.0;24289.5;24189.5;24266.5;24.39;22.52;12.99;70.93;74.88;1.142;STRONG_UP;2;79.5;3;1
2026.06.11 08:00;24181.0;24278.5;24179.5;24225.0;24.01;24.30;14.99;75.27;80.60;0.969;SOFT_UP;1;79;3;1
2026.06.11 07:00;24221.5;24262.5;24167.0;24181.0;24.06;25.55;17.29;78.42;84.14;0.786;SOFT_UP;1;78.1;3;1
2026.06.11 06:00;24165.5;24232.5;24118.5;24221.0;24.80;24.65;19.95;88.10;81.85;0.952;SOFT_UP;1;81.5;3;0
2026.06.11 05:00;24187.0;24192.0;24142.5;24165.5;27.00;22.97;23.02;85.90;71.15;0.721;SOFT_UP;1;80.7;3;0
2026.06.11 04:00;24153.0;24208.0;24131.5;24185.5;31.13;26.51;26.57;71.55;55.73;0.804;SOFT_UP;1;83.3;3;0
2026.06.11 03:00;24078.0;24154.5;24050.0;24152.5;35.91;19.82;30.65;55.99;41.58;0.667;SOFT_UP;1;83.9;3;0
2026.06.11 02:00;24091.5;24113.0;24012.5;24077.5;38.13;16.76;35.37;39.66;28.30;0.354;NEUTRE;0;82.4;3;0
2026.06.11 01:00;24066.5;24174.5;24064.0;24090.0;38.51;19.34;32.93;29.09;19.55;0.406;NEUTRE;0;;;0
2026.06.11 00:00;23992.5;24076.5;23980.5;24066.5;40.43;8.68;37.99;16.15;15.70;0.308;NEUTRE;0;;;0
2026.06.10 19:00;24143.0;24155.5;24099.5;24106.5;36.99;10.01;29.31;13.41;21.51;-1.646;STRONG_DOWN;-2;-74.7;-3;1
2026.06.10 18:00;24191.5;24221.5;24127.0;24144.0;35.13;11.55;26.26;17.53;32.60;-1.493;STRONG_DOWN;-2;-74.1;-3;1
2026.06.10 17:00;24181.0;24202.0;24124.5;24191.5;34.55;10.15;30.30;33.60;49.91;-1.299;STRONG_DOWN;-2;-72.8;-3;1
2026.06.10 16:00;24221.0;24236.0;24159.0;24180.0;32.20;11.71;28.11;46.66;62.44;-1.346;STRONG_DOWN;-2;-74.3;-3;1
2026.06.10 15:00;24261.5;24299.0;24136.5;24220.5;30.82;13.52;32.44;69.47;67.07;-1.181;STRONG_DOWN;-2;-73.3;-3;1
2026.06.10 14:00;24360.0;24366.0;24247.0;24261.5;29.23;15.60;26.97;71.19;56.87;-1.014;STRONG_DOWN;-2;-71.9;-3;1
2026.06.10 13:00;24306.5;24380.5;24259.0;24359.5;29.61;18.00;29.56;60.54;42.24;-0.614;SOFT_DOWN;-1;-63.4;-2;1
2026.06.10 12:00;24242.5;24347.5;24215.5;24306.5;30.43;16.59;34.11;38.89;26.86;-0.830;SOFT_DOWN;-1;-71.1;-3;1
2026.06.10 11:00;24262.5;24271.0;24053.0;24242.5;29.79;10.22;39.36;27.30;21.64;-1.091;STRONG_DOWN;-2;-76.6;-3;1
2026.06.10 10:00;24328.0;24329.5;24234.5;24264.0;25.33;11.79;32.61;14.40;23.74;-1.004;STRONG_DOWN;-2;-76.8;-3;1
2026.06.10 09:00;24333.0;24360.0;24252.5;24327.5;22.02;13.61;34.71;23.23;38.36;-0.745;SOFT_DOWN;-1;-74.1;-3;1
2026.06.10 08:00;24470.0;24477.5;24321.0;24333.0;18.68;15.70;30.25;33.58;45.06;-0.722;SOFT_DOWN;-1;-75.3;-3;1
2026.06.10 07:00;24498.0;24539.0;24434.0;24469.0;16.69;18.12;23.79;58.27;43.11;-0.167;NEUTRE;0;-45.3;-2;1
2026.06.10 06:00;24499.0;24530.5;24480.5;24494.0;17.17;20.90;20.64;43.33;26.65;-0.065;NEUTRE;0;-24.6;0;0
2026.06.10 05:00;24418.0;24499.5;24410.0;24498.5;19.71;14.58;23.81;27.74;26.20;-0.047;NEUTRE;0;-21.7;0;0
2026.06.10 04:00;24471.0;24475.5;24408.5;24418.0;19.05;12.70;27.48;8.87;39.13;-0.375;NEUTRE;0;-75.9;-3;0
2026.06.10 03:00;24460.0;24503.0;24452.5;24470.5;16.32;14.65;21.60;41.98;62.01;-0.161;NEUTRE;0;-66.2;-3;0
2026.06.10 02:00;24493.5;24513.5;24456.0;24460.0;15.88;16.91;23.86;66.55;71.01;-0.204;NEUTRE;0;-77;-3;0
2026.06.10 01:00;24520.5;24561.0;24482.5;24495.0;15.70;19.51;20.44;77.50;66.70;-0.061;NEUTRE;0;;;0
2026.06.10 00:00;24510.0;24541.0;24453.0;24525.0;17.76;18.59;23.58;68.98;52.22;0.061;NEUTRE;0;;;0
2026.06.09 19:00;24560.0;24571.0;24489.5;24554.5;18.67;21.45;21.68;53.62;35.69;0.008;NEUTRE;0;1;0;1
2026.06.09 18:00;24469.5;24567.0;24454.5;24559.0;21.46;23.99;25.02;34.05;21.81;0.026;NEUTRE;0;3.5;0;1
2026.06.09 17:00;24314.0;24493.0;24312.0;24470.0;24.44;17.57;28.86;19.39;17.12;-0.336;NEUTRE;0;-39.9;-1;1
2026.06.09 16:00;24442.0;24477.0;24251.5;24314.0;24.45;18.91;33.30;12.00;24.68;-0.971;SOFT_DOWN;-1;-68.7;-3;1
2026.06.09 15:00;24637.0;24653.0;24412.5;24440.0;23.97;21.82;27.44;19.96;41.87;-0.458;NEUTRE;0;-52.3;-2;1
2026.06.09 14:00;24792.0;24812.0;24574.0;24637.0;25.90;25.17;21.34;42.07;59.72;0.344;NEUTRE;0;46.1;2;1
2026.06.09 13:00;24775.0;24835.5;24754.5;24792.0;28.62;29.05;12.95;63.57;73.35;0.975;SOFT_UP;1;72.5;3;1
2026.06.09 12:00;24750.5;24777.0;24720.0;24773.5;27.13;22.40;14.94;73.53;82.96;0.900;SOFT_UP;1;72.5;3;1
2026.06.09 11:00;24805.0;24812.5;24736.5;24750.5;28.22;25.85;12.79;82.96;89.26;0.806;SOFT_UP;1;72.1;3;1
2026.06.09 10:00;24813.0;24842.5;24762.5;24806.0;27.37;29.83;9.49;92.38;88.49;1.032;STRONG_UP;2;77.1;3;1
2026.06.09 09:00;24766.5;24829.5;24755.5;24813.0;23.62;31.92;10.95;92.44;80.16;1.061;STRONG_UP;2;78.7;3;1
2026.06.09 08:00;24689.5;24772.5;24672.5;24766.0;19.73;24.98;12.64;80.65;72.05;0.870;SOFT_UP;1;77.7;3;1
2026.06.09 07:00;24600.0;24716.0;24554.5;24689.5;17.71;20.13;14.58;67.40;71.14;0.558;SOFT_UP;1;73.5;3;1
2026.06.09 06:00;24616.0;24649.5;24594.5;24603.5;17.98;16.89;16.82;68.11;73.11;0.208;NEUTRE;0;55.7;2;0
2026.06.09 05:00;24641.5;24655.5;24611.0;24615.5;20.72;19.49;14.80;77.92;71.29;0.257;NEUTRE;0;65.3;3;0
2026.06.09 04:00;24614.0;24663.0;24602.0;24641.0;21.80;22.49;17.07;73.30;59.19;0.360;NEUTRE;0;75.3;3;0
2026.06.09 03:00;24582.0;24642.0;24577.0;24614.0;23.05;20.65;19.70;62.66;46.85;0.250;NEUTRE;0;74.2;3;0
2026.06.09 02:00;24586.5;24605.5;24564.5;24583.0;26.23;15.19;22.73;41.60;37.33;0.124;NEUTRE;0;69.1;3;0
2026.06.09 01:00;24530.0;24615.0;24513.5;24586.0;27.21;17.53;26.23;36.29;34.62;0.136;NEUTRE;0;;;0
2026.06.09 00:00;24552.5;24566.5;24506.5;24530.0;28.33;12.87;30.26;34.10;30.26;-0.092;NEUTRE;0;;;0
2026.06.08 19:00;24631.5;24633.0;24567.0;24615.0;26.49;14.85;26.34;33.48;23.84;0.146;NEUTRE;0;18;0;1
2026.06.08 18:00;24588.5;24649.0;24588.5;24631.5;26.27;17.13;25.38;23.19;23.02;0.214;NEUTRE;0;26.7;1;1
2026.06.08 17:00;24610.5;24611.0;24560.5;24588.0;27.33;10.19;29.29;14.84;32.74;0.037;NEUTRE;0;5.3;0;1
2026.06.08 16:00;24635.0;24653.0;24610.0;24611.0;24.09;11.75;18.71;31.02;49.38;0.130;NEUTRE;0;19;0;1
2026.06.08 15:00;24696.0;24705.5;24629.5;24635.5;24.28;13.56;14.61;52.36;62.52;0.230;NEUTRE;0;33;1;1
2026.06.08 14:00;24699.5;24706.0;24627.0;24698.0;27.44;15.65;16.86;64.77;68.98;0.484;NEUTRE;0;55.7;2;1
2026.06.08 13:00;24672.0;24727.0;24659.0;24699.0;31.09;18.06;13.22;70.44;73.83;0.488;NEUTRE;0;57.8;2;1
2026.06.08 12:00;24682.0;24727.0;24651.0;24672.0;33.50;20.83;15.26;71.72;76.86;0.378;NEUTRE;0;53.1;2;1
2026.06.08 11:00;24631.5;24765.0;24597.0;24682.5;36.27;24.04;17.61;79.34;79.92;0.421;NEUTRE;0;58.3;2;1
2026.06.08 10:00;24645.5;24732.5;24599.5;24631.0;39.48;24.76;20.31;79.53;73.29;0.212;NEUTRE;0;41.9;1;1
2026.06.08 09:00;24552.5;24677.0;24550.0;24645.5;44.03;22.15;23.44;80.88;59.52;0.271;NEUTRE;0;51.9;2;1
2026.06.08 08:00;24551.0;24580.0;24506.5;24552.0;50.37;13.81;27.04;59.45;39.82;-0.110;NEUTRE;0;-30.2;-1;1
2026.06.08 07:00;24432.5;24615.5;24421.5;24550.5;53.14;15.93;31.21;38.23;31.95;-0.116;NEUTRE;0;-35;-1;1
2026.06.08 06:00;24407.0;24457.0;24355.0;24440.5;56.33;5.81;36.01;21.79;37.52;-0.563;SOFT_DOWN;-1;-75.9;-3;0
2026.06.08 05:00;24446.5;24493.0;24383.5;24407.0;53.89;6.71;37.25;35.82;50.24;-0.700;SOFT_DOWN;-1;-80.4;-3;0
2026.06.08 04:00;24570.5;24580.0;24435.0;24446.5;51.49;7.74;35.74;54.95;53.54;-0.539;SOFT_DOWN;-1;-80.1;-3;0
2026.06.08 03:00;24608.0;24617.0;24545.0;24569.5;49.50;8.93;29.57;59.96;46.18;-0.039;NEUTRE;0;-28.8;-1;0
2026.06.08 02:00;24556.0;24636.5;24539.5;24608.0;48.87;10.31;34.12;45.71;32.32;0.118;NEUTRE;0;68.2;3;0
2026.06.08 01:00;24575.5;24594.5;24384.0;24555.5;48.14;5.23;39.37;32.87;22.53;-0.096;NEUTRE;0;;;0
2026.06.08 00:00;24579.0;24631.0;24549.0;24577.0;43.78;6.04;33.36;18.39;14.99;-0.008;NEUTRE;0;;;0
2026.06.05 19:00;24618.0;24631.5;24528.0;24617.0;39.84;6.96;38.50;16.34;12.11;-1.031;STRONG_DOWN;-2;-66.5;-3;1
2026.06.05 18:00;24729.5;24738.0;24596.0;24619.0;35.30;8.04;34.31;10.25;10.68;-1.023;STRONG_DOWN;-2;-67.4;-3;1
2026.06.05 17:00;24738.0;24746.5;24692.5;24729.5;31.18;9.27;29.14;9.75;11.11;-0.579;SOFT_DOWN;-1;-55.3;-2;1
2026.06.05 16:00;24783.5;24784.0;24704.5;24738.5;28.03;10.70;30.20;12.03;13.61;-0.543;SOFT_DOWN;-1;-55.2;-2;1
2026.06.05 15:00;24841.5;24851.0;24767.5;24784.0;25.00;12.35;22.65;11.54;22.59;-0.360;NEUTRE;0;-45.5;-2;1
2026.06.05 14:00;24835.5;24892.5;24789.0;24842.0;24.32;14.24;22.18;17.26;41.13;-0.127;NEUTRE;0;-21;0;1
2026.06.05 13:00;24931.0;24985.0;24816.0;24835.5;24.71;16.44;21.58;38.98;63.22;-0.153;NEUTRE;0;-26.5;-1;1
2026.06.05 12:00;25019.5;25032.5;24920.0;24932.0;26.43;18.97;15.43;67.14;78.77;0.235;NEUTRE;0;39.7;1;1
2026.06.05 11:00;25017.0;25044.5;24969.5;25019.5;28.91;21.88;11.03;83.54;84.78;0.587;SOFT_UP;1;66.1;3;1
2026.06.05 10:00;25019.0;25041.5;24991.5;25017.0;28.29;25.25;8.22;85.63;85.47;0.577;SOFT_UP;1;67.7;3;1
2026.06.05 09:00;24965.5;25054.5;24956.0;25019.0;24.81;29.13;9.48;85.18;82.13;0.585;SOFT_UP;1;70;3;1
2026.06.05 08:00;24936.5;24980.0;24891.0;24965.0;20.80;21.98;10.94;85.61;76.38;0.368;NEUTRE;0;62.8;2;1
2026.06.05 07:00;24906.5;24969.5;24839.5;24936.5;18.84;23.55;12.63;75.61;58.44;0.253;NEUTRE;0;56.8;2;1
2026.06.05 06:00;24848.5;24924.5;24848.5;24906.5;17.10;21.84;14.57;67.93;42.27;0.133;NEUTRE;0;43.2;1;0
2026.06.05 05:00;24847.0;24881.0;24828.5;24848.0;16.66;16.46;16.81;31.79;28.08;-0.103;NEUTRE;0;-41.1;-1;0
2026.06.05 04:00;24813.0;24856.5;24808.5;24847.5;19.05;11.81;19.40;27.10;27.20;-0.105;NEUTRE;0;-48;-2;0
2026.06.05 03:00;24848.0;24864.5;24803.5;24809.0;18.24;13.62;22.38;25.36;31.01;-0.259;NEUTRE;0;-74.7;-3;0
2026.06.05 02:00;24866.0;24887.5;24845.0;24848.0;17.31;15.72;15.36;29.15;37.94;-0.103;NEUTRE;0;-65.4;-3;0
2026.06.05 01:00;24836.0;24872.5;24807.0;24866.0;19.79;12.71;17.72;38.51;49.50;-0.030;NEUTRE;0;;;0
2026.06.05 00:00;24873.5;24873.5;24788.5;24832.5;20.30;14.66;20.45;46.16;55.50;-0.165;NEUTRE;0;;;0
2026.06.04 19:00;24971.0;24995.5;24961.5;24971.0;20.90;16.92;9.01;63.82;56.17;0.981;SOFT_UP;1;65.4;3;1
2026.06.04 18:00;24971.0;24977.5;24959.0;24971.5;19.42;11.38;10.39;56.52;47.48;0.983;SOFT_UP;1;66.6;3;1
2026.06.04 17:00;24966.0;24979.5;24951.5;24971.5;21.71;13.13;11.99;48.16;44.11;0.983;SOFT_UP;1;67.8;3;1
2026.06.04 16:00;24948.0;24978.0;24945.5;24966.5;24.35;14.33;13.84;37.76;48.52;0.962;SOFT_UP;1;68.5;3;1
2026.06.04 15:00;24920.5;24981.0;24894.0;24947.0;27.83;16.53;15.97;46.41;61.20;0.884;SOFT_UP;1;68.2;3;1
2026.06.04 14:00;24989.0;25015.5;24920.0;24920.5;31.85;19.07;13.83;61.39;69.28;0.776;SOFT_UP;1;66.9;3;1
2026.06.04 13:00;25001.0;25034.5;24948.5;24989.5;34.29;22.01;11.36;75.79;73.51;1.055;STRONG_UP;2;73.8;3;1
2026.06.04 12:00;24976.5;25028.0;24941.5;25001.5;34.66;24.23;13.11;70.66;71.44;1.104;STRONG_UP;2;75.6;3;1
2026.06.04 11:00;24933.5;24985.0;24921.5;24977.0;35.41;20.31;15.13;74.09;74.36;1.005;STRONG_UP;2;75.5;3;1
2026.06.04 10:00;24989.0;24991.0;24882.5;24933.0;38.61;23.43;17.45;69.58;76.48;0.827;SOFT_UP;1;74.1;3;1
2026.06.04 09:00;24911.5;24999.0;24867.0;24989.0;42.30;27.04;20.14;79.40;83.89;1.053;STRONG_UP;2;78.6;3;1
2026.06.04 08:00;24966.0;25028.0;24909.5;24911.5;46.56;31.20;18.28;80.46;85.29;0.740;SOFT_UP;1;75.7;3;1
2026.06.04 07:00;24851.5;24977.5;24850.5;24966.0;49.70;29.44;21.10;91.82;82.35;0.960;SOFT_UP;1;80.2;3;1
2026.06.04 06:00;24783.5;24849.5;24778.5;24849.0;54.81;18.65;24.34;83.58;73.16;0.487;NEUTRE;0;73.8;3;0
2026.06.04 05:00;24780.5;24792.5;24741.0;24783.5;61.20;9.16;28.09;71.66;64.38;0.222;NEUTRE;0;62;2;0
2026.06.04 04:00;24776.0;24788.5;24761.5;24780.5;62.81;10.57;26.29;64.25;58.49;0.210;NEUTRE;0;65.8;3;0
2026.06.04 03:00;24760.0;24791.0;24749.0;24775.5;65.91;12.20;30.33;57.22;51.07;0.190;NEUTRE;0;69.5;3;0
2026.06.04 02:00;24765.0;24769.0;24715.5;24760.0;69.49;6.02;35.00;54.00;42.28;0.127;NEUTRE;0;69.6;3;0
2026.06.04 01:00;24777.0;24809.5;24749.5;24765.0;69.32;6.95;30.60;41.97;29.64;0.148;NEUTRE;0;;;0
2026.06.04 00:00;24728.5;24785.0;24699.5;24776.0;70.29;1.73;35.31;30.86;22.04;0.192;NEUTRE;0;;;0
2026.06.03 19:00;24806.0;24806.5;24768.5;24769.0;67.16;2.00;28.33;16.09;18.35;-1.346;STRONG_DOWN;-2;-71.6;-3;1
2026.06.03 18:00;24809.0;24818.0;24799.5;24806.5;64.13;2.31;20.14;19.17;19.82;-1.197;STRONG_DOWN;-2;-70.4;-3;1
2026.06.03 17:00;24808.0;24824.0;24784.5;24809.0;61.78;2.66;23.23;19.77;22.52;-1.187;STRONG_DOWN;-2;-71.3;-3;1
2026.06.03 16:00;24826.0;24831.5;24777.5;24807.5;59.06;3.07;26.81;20.52;27.69;-1.193;STRONG_DOWN;-2;-72.4;-3;1
2026.06.03 15:00;24821.5;24851.5;24798.5;24825.5;55.93;3.55;24.95;27.26;36.34;-1.121;STRONG_DOWN;-2;-72.5;-3;1
2026.06.03 14:00;24885.0;24906.0;24783.0;24821.5;52.97;4.09;28.79;35.29;39.32;-1.137;STRONG_DOWN;-2;-73.8;-3;1
2026.06.03 13:00;24923.5;24945.0;24833.0;24890.5;49.57;4.72;26.96;46.47;34.34;-0.862;SOFT_DOWN;-1;-70.4;-3;1
2026.06.03 12:00;24940.0;24953.5;24883.5;24922.5;46.39;5.45;24.18;36.20;23.62;-0.735;SOFT_DOWN;-1;-68.9;-3;1
2026.06.03 11:00;24901.5;24965.5;24886.5;24939.5;43.80;6.28;27.24;20.34;17.39;-0.667;SOFT_DOWN;-1;-68.7;-3;1
2026.06.03 10:00;24876.0;24957.0;24856.0;24901.5;40.92;5.60;31.43;14.32;17.86;-0.818;SOFT_DOWN;-1;-73.9;-3;1
2026.06.03 09:00;24959.0;24976.0;24868.5;24875.5;36.48;6.46;34.36;17.49;19.39;-0.922;SOFT_DOWN;-1;-77;-3;1
2026.06.03 08:00;24978.5;24991.0;24933.5;24959.0;31.58;7.45;30.34;21.77;18.45;-0.589;SOFT_DOWN;-1;-72.2;-3;1
2026.06.03 07:00;25019.0;25024.5;24904.5;24975.5;27.11;8.60;35.01;18.91;23.52;-0.524;SOFT_DOWN;-1;-72.5;-3;1
2026.06.03 06:00;25067.0;25092.5;25011.5;25024.0;21.97;9.92;26.68;14.66;35.98;-0.331;NEUTRE;0;-66.8;-3;0
2026.06.03 05:00;25119.0;25132.0;25060.0;25067.0;18.30;11.44;21.57;36.99;54.70;-0.159;NEUTRE;0;-53.4;-2;0
2026.06.03 04:00;25139.5;25151.5;25115.5;25119.0;16.40;13.20;13.03;56.29;63.65;0.048;NEUTRE;0;26.9;1;0
2026.06.03 03:00;25113.5;25146.0;25111.5;25139.5;18.82;12.88;15.03;70.82;66.05;0.129;NEUTRE;0;61.2;2;0
2026.06.03 02:00;25133.5;25141.0;25105.0;25113.5;20.53;12.64;17.35;63.84;59.02;0.026;NEUTRE;0;28.8;1;0
2026.06.03 01:00;25138.0;25141.5;25106.5;25133.0;21.27;14.58;19.37;63.49;48.01;0.104;NEUTRE;0;;;0
2026.06.03 00:00;25107.0;25144.0;25096.5;25138.0;22.37;16.82;22.35;49.73;32.92;0.123;NEUTRE;0;;;0
2026.06.02 19:00;25117.5;25142.5;25117.0;25132.5;23.64;19.41;19.15;30.81;24.08;0.418;NEUTRE;0;43;1;1
2026.06.02 18:00;25090.0;25128.5;25089.5;25117.0;27.18;13.95;22.10;18.23;22.17;0.356;NEUTRE;0;39.9;1;1
2026.06.02 17:00;25114.0;25121.0;25083.5;25090.5;27.88;13.14;25.50;23.19;23.01;0.250;NEUTRE;0;31.9;1;1
2026.06.02 16:00;25158.5;25169.0;25090.5;25113.5;27.25;15.16;26.55;25.09;18.50;0.342;NEUTRE;0;42.1;1;1
2026.06.02 15:00;25133.0;25178.5;25110.5;25158.5;27.24;17.50;26.71;20.74;13.01;0.521;SOFT_UP;1;55.8;2;1
2026.06.02 14:00;25103.5;25166.0;25089.0;25133.0;28.22;17.36;30.82;9.68;13.91;0.420;NEUTRE;0;51.8;2;1
2026.06.02 13:00;25176.5;25184.0;25090.0;25102.0;28.27;20.03;35.37;8.60;24.43;0.296;NEUTRE;0;43.9;1;1
2026.06.02 12:00;25237.0;25250.0;25169.0;25176.5;28.36;23.11;27.88;23.46;40.22;0.593;SOFT_UP;1;64.4;2;1
2026.06.02 11:00;25260.0;25263.0;25215.5;25236.5;31.28;26.67;23.34;41.24;57.10;0.833;SOFT_UP;1;72.7;3;1
2026.06.02 10:00;25273.0;25304.0;25256.5;25260.0;35.07;30.77;13.65;55.97;72.32;0.927;SOFT_UP;1;75.7;3;1
2026.06.02 09:00;25296.5;25306.0;25227.0;25273.0;34.53;35.50;15.75;74.08;85.84;0.979;SOFT_UP;1;77.7;3;1
2026.06.02 08:00;25354.5;25394.0;25277.0;25297.0;33.91;40.96;8.43;86.92;93.01;1.075;STRONG_UP;2;80;3;1
2026.06.02 07:00;25211.5;25356.0;25201.5;25355.0;29.00;42.27;9.73;96.53;92.00;1.307;STRONG_UP;2;82.8;3;1
2026.06.02 06:00;25152.5;25214.5;25146.5;25214.0;23.83;34.68;11.22;95.58;83.75;0.743;SOFT_UP;1;79.2;3;0
2026.06.02 05:00;25147.5;25172.5;25132.0;25152.5;19.63;30.52;12.95;83.88;65.95;0.497;NEUTRE;0;76.6;3;0
2026.06.02 04:00;25108.5;25147.5;25104.0;25147.5;16.44;25.71;14.94;71.80;46.49;0.477;NEUTRE;0;78.8;3;0
2026.06.02 03:00;25087.5;25112.5;25063.0;25108.0;14.89;17.29;17.24;42.16;34.40;0.320;NEUTRE;0;77.5;3;0
2026.06.02 02:00;25044.5;25094.5;25044.5;25089.0;17.16;14.36;19.89;25.52;38.61;0.244;NEUTRE;0;79;3;0
2026.06.02 01:00;25016.0;25094.0;25016.0;25044.0;17.31;16.42;22.96;35.54;51.88;0.064;NEUTRE;0;;;0
2026.06.02 00:00;25028.0;25071.5;25010.0;25017.5;17.42;14.50;26.49;54.76;58.46;-0.042;NEUTRE;0;;;0
2026.06.01 19:00;25141.5;25159.5;25108.5;25115.0;15.60;16.73;16.13;65.35;53.28;-0.090;NEUTRE;0;-11.3;0;1
2026.06.01 18:00;25141.0;25161.0;25136.5;25141.5;17.72;19.31;10.16;55.27;39.01;0.016;NEUTRE;0;2.2;0;1
2026.06.01 17:00;25087.0;25210.0;25047.5;25141.0;15.67;22.28;11.73;39.21;24.21;0.014;NEUTRE;0;2;0;1
2026.06.01 16:00;25019.0;25094.0;24983.0;25086.5;13.31;14.72;13.53;22.55;17.99;-0.203;NEUTRE;0;-28.2;-1;1
2026.06.01 15:00;24950.5;25101.0;24933.5;25019.0;14.71;16.99;15.61;10.86;25.71;-0.471;NEUTRE;0;-53;-2;1
2026.06.01 14:00;24963.0;25075.0;24926.5;24950.0;16.32;17.22;18.02;20.55;50.23;-0.746;SOFT_DOWN;-1;-66.1;-3;1
2026.06.01 13:00;25297.5;25301.5;24949.0;24963.5;18.48;19.86;18.46;45.72;68.84;-0.692;SOFT_DOWN;-1;-66.1;-3;1
2026.06.01 12:00;25267.5;25334.5;25244.0;25297.5;20.76;22.92;8.42;84.42;76.42;0.636;SOFT_UP;1;66;3;1
2026.06.01 11:00;25242.0;25278.5;25206.0;25268.0;16.84;16.93;9.72;76.38;70.07;0.519;SOFT_UP;1;63.4;2;1
2026.06.01 10:00;25172.5;25282.0;25158.5;25242.0;15.27;19.53;11.21;68.45;65.37;0.416;NEUTRE;0;60.4;2;1
2026.06.01 09:00;25182.0;25245.5;25150.5;25173.0;13.45;17.99;12.94;65.39;62.99;0.141;NEUTRE;0;33.5;1;1
2026.06.01 08:00;25164.5;25218.0;25130.5;25180.5;13.01;16.30;14.93;62.28;59.53;0.171;NEUTRE;0;42.1;1;1
2026.06.01 07:00;25116.5;25185.0;25094.0;25164.0;14.33;13.01;17.22;61.31;58.18;0.105;NEUTRE;0;32.4;1;1
2026.06.01 06:00;25160.5;25170.5;25090.0;25119.5;14.39;12.56;19.87;54.99;60.06;-0.072;NEUTRE;0;-26.9;-1;0
2026.06.01 05:00;25152.5;25166.0;25133.0;25161.0;13.14;14.49;14.71;58.25;67.18;0.093;NEUTRE;0;38.2;1;0
2026.06.01 04:00;25119.0;25169.5;25113.0;25153.5;15.04;16.72;16.98;66.95;77.46;0.064;NEUTRE;0;34.1;1;0
2026.06.01 03:00;25166.0;25175.0;25110.0;25118.5;17.24;19.29;19.59;76.36;72.79;-0.076;NEUTRE;0;-47;-2;0
2026.06.01 02:00;25159.0;25178.5;25156.5;25166.0;19.77;22.26;11.60;89.07;56.12;0.113;NEUTRE;0;67.3;3;0
2026.06.01 01:00;25149.0;25166.0;25121.0;25160.0;17.97;16.94;13.38;52.93;29.92;0.090;NEUTRE;0;;;0
2026.06.01 00:00;25137.5;25152.5;25120.5;25149.0;18.93;14.93;15.44;26.34;19.09;0.046;NEUTRE;0;;;0
2026.05.29 19:00;25075.5;25111.5;25070.0;25080.0;21.58;8.53;17.82;10.49;21.29;-0.233;NEUTRE;0;-27.4;-1;1
2026.05.29 18:00;25094.5;25121.0;25060.5;25075.5;19.48;9.84;20.56;20.43;35.23;-0.251;NEUTRE;0;-30.6;-1;1
2026.05.29 17:00;25142.0;25154.5;25093.0;25094.0;17.05;11.36;15.46;32.94;42.54;-0.177;NEUTRE;0;-23.8;0;1
2026.05.29 16:00;25145.0;25166.5;25129.0;25142.5;17.33;13.11;8.83;52.32;45.56;0.016;NEUTRE;0;2.4;0;1
2026.05.29 15:00;25185.0;25241.0;25086.5;25144.5;16.99;15.12;10.19;42.37;38.33;0.024;NEUTRE;0;3.9;0;1
2026.05.29 14:00;25088.0;25231.5;25073.0;25185.0;16.61;16.50;11.75;42.00;38.32;0.185;NEUTRE;0;29.2;1;1
2026.05.29 13:00;25141.5;25173.0;25077.5;25088.0;16.57;13.36;13.56;30.63;40.26;-0.201;NEUTRE;0;-33.2;-1;1
2026.05.29 12:00;25129.0;25154.5;25095.0;25142.0;19.01;12.44;15.65;42.33;46.28;0.014;NEUTRE;0;2.8;0;1
2026.05.29 11:00;25172.5;25188.5;25067.0;25129.5;20.18;14.35;18.06;47.84;50.76;-0.036;NEUTRE;0;-7.9;0;1
2026.05.29 10:00;25192.0;25197.0;25139.5;25174.5;21.52;16.56;11.65;48.68;55.15;0.143;NEUTRE;0;31.2;1;1
2026.05.29 09:00;25155.0;25239.5;25144.5;25191.5;22.16;19.11;12.11;55.76;65.70;0.211;NEUTRE;0;44.8;1;1
2026.05.29 08:00;25202.0;25221.0;25150.5;25155.0;22.12;19.05;13.97;61.00;76.70;0.066;NEUTRE;0;19.2;0;1
2026.05.29 07:00;25219.5;25219.5;25112.0;25200.0;23.15;21.66;16.12;80.33;86.14;0.245;NEUTRE;0;56;2;1
2026.05.29 06:00;25205.0;25237.0;25180.0;25219.5;24.46;24.99;8.87;88.77;86.83;0.322;NEUTRE;0;66.2;3;0
2026.05.29 05:00;25205.5;25216.5;25185.5;25205.0;20.90;23.30;10.23;89.31;78.10;0.265;NEUTRE;0;66;3;0
2026.05.29 04:00;25180.0;25212.5;25179.5;25205.5;18.12;24.90;11.81;82.40;61.09;0.267;NEUTRE;0;70.5;3;0
2026.05.29 03:00;25148.5;25195.5;25147.0;25180.5;15.43;20.80;13.63;62.60;45.42;0.167;NEUTRE;0;67;3;0
2026.05.29 02:00;25142.5;25170.0;25137.0;25148.5;14.59;15.91;15.72;38.27;36.25;0.040;NEUTRE;0;40.2;1;0
2026.05.29 01:00;25119.5;25156.0;25106.0;25142.5;16.74;11.84;18.14;35.39;39.02;0.016;NEUTRE;0;;;0
2026.05.29 00:00;25138.5;25156.0;25102.5;25118.5;16.09;13.66;20.93;35.08;44.92;-0.080;NEUTRE;0;;;0
2026.05.28 19:00;25136.0;25144.5;25121.5;25139.0;15.32;15.76;18.69;46.60;51.23;-0.317;NEUTRE;0;-35.2;-1;1
2026.05.28 18:00;25165.5;25175.0;25120.0;25136.0;16.37;18.18;21.56;53.07;50.75;-0.329;NEUTRE;0;-37.7;-1;1
2026.05.28 17:00;25194.5;25199.0;25158.5;25166.0;17.58;20.98;14.11;54.00;44.58;-0.210;NEUTRE;0;-27.6;-1;1
2026.05.28 16:00;25129.0;25200.0;25112.5;25194.5;17.28;24.21;16.28;45.16;37.83;-0.097;NEUTRE;0;-14.4;0;1
2026.05.28 15:00;25094.0;25141.0;25086.0;25129.0;16.92;17.56;18.79;34.57;32.77;-0.357;NEUTRE;0;-45.2;-2;1
2026.05.28 14:00;25081.5;25291.5;25044.0;25092.0;19.01;20.26;21.68;33.75;29.76;-0.504;SOFT_DOWN;-1;-56.7;-2;1
2026.05.28 13:00;25115.5;25142.0;25012.5;25082.0;21.41;14.08;25.01;29.97;32.37;-0.543;SOFT_DOWN;-1;-60.5;-2;1
2026.05.28 12:00;25070.0;25121.0;25037.5;25116.0;20.40;16.25;25.89;25.56;45.51;-0.408;NEUTRE;0;-55.2;-2;1
2026.05.28 11:00;25080.5;25114.5;25070.0;25070.0;20.02;18.75;23.88;41.57;66.64;-0.591;SOFT_DOWN;-1;-66.3;-3;1
2026.05.28 10:00;25168.0;25182.5;25047.0;25082.5;21.25;21.63;27.56;69.41;80.51;-0.541;SOFT_DOWN;-1;-66.4;-3;1
2026.05.28 09:00;25203.5;25222.5;25151.0;25168.5;22.67;24.96;19.99;88.93;80.01;-0.200;NEUTRE;0;-43.2;-1;1
2026.05.28 08:00;25185.0;25220.0;25162.0;25204.0;24.45;28.80;20.70;83.18;64.67;-0.059;NEUTRE;0;-17.3;0;1
2026.05.28 07:00;25128.0;25199.0;25113.0;25185.0;25.70;27.66;23.88;67.92;44.69;-0.135;NEUTRE;0;-39.2;-1;1
2026.05.28 06:00;25099.0;25143.0;25086.5;25129.0;28.52;21.90;27.56;42.91;24.68;-0.357;NEUTRE;0;-68.3;-3;0
2026.05.28 05:00;25000.0;25112.0;24980.5;25099.0;31.15;16.83;31.80;23.25;13.36;-0.476;NEUTRE;0;-76.1;-3;0
2026.05.28 04:00;25006.0;25017.5;24951.0;24999.0;31.21;8.36;36.69;7.89;16.91;-0.872;SOFT_DOWN;-1;-83.8;-3;0
2026.05.28 03:00;25156.5;25163.0;25003.0;25006.0;26.34;9.65;30.31;8.93;34.38;-0.845;SOFT_DOWN;-1;-85.2;-3;0
2026.05.28 02:00;25219.0;25233.5;25154.0;25156.5;22.43;11.13;20.45;33.90;52.02;-0.248;NEUTRE;0;-79.2;-3;0
2026.05.28 01:00;25239.5;25245.0;25185.5;25219.0;21.35;12.85;17.50;60.31;57.07;0.000;NEUTRE;0;;;0
2026.05.28 00:00;25219.0;25246.0;25182.5;25239.5;22.27;14.82;20.19;61.85;49.49;0.081;NEUTRE;0;;;0
2026.05.27 19:00;25234.5;25270.0;25234.5;25250.0;23.34;17.10;11.45;49.04;38.10;-0.278;NEUTRE;0;-31.8;-1;1
2026.05.27 18:00;25208.0;25247.0;25191.5;25234.5;23.88;9.77;13.21;37.56;31.97;-0.340;NEUTRE;0;-38.6;-1;1
2026.05.27 17:00;25233.5;25238.5;25195.0;25208.0;25.25;8.91;15.24;27.69;28.77;-0.444;NEUTRE;0;-47.9;-2;1
2026.05.27 16:00;25204.5;25249.0;25178.5;25234.0;25.10;10.28;17.58;30.67;29.21;-0.342;NEUTRE;0;-42.1;-1;1
2026.05.27 15:00;25259.0;25282.0;25175.0;25205.0;24.93;11.86;20.29;27.96;24.02;-0.456;NEUTRE;0;-52.1;-2;1
2026.05.27 14:00;25297.0;25308.0;25150.0;25259.0;24.74;13.69;23.41;28.98;25.17;-0.243;NEUTRE;0;-36.3;-1;1
2026.05.27 13:00;25305.0;25328.5;25259.0;25297.0;24.51;15.80;16.40;15.12;32.49;-0.093;NEUTRE;0;-16.8;0;1
2026.05.27 12:00;25304.0;25416.5;25271.0;25305.0;27.99;18.23;16.26;31.40;52.27;-0.061;NEUTRE;0;-12.1;0;1
2026.05.27 11:00;25397.0;25404.5;25302.5;25304.0;31.43;21.03;15.44;50.95;68.03;-0.065;NEUTRE;0;-14;0;1
2026.05.27 10:00;25399.5;25425.5;25364.5;25396.0;33.90;24.27;8.46;74.46;78.24;0.298;NEUTRE;0;51.6;2;1
2026.05.27 09:00;25379.0;25439.5;25376.5;25399.5;31.69;28.00;6.73;78.67;81.90;0.312;NEUTRE;0;55.7;2;1
2026.05.27 08:00;25383.5;25414.5;25353.0;25379.5;27.14;26.20;7.77;81.58;81.93;0.233;NEUTRE;0;51;2;1
2026.05.27 07:00;25328.5;25407.0;25326.0;25384.0;22.97;28.36;8.97;85.45;74.32;0.251;NEUTRE;0;56.6;2;1
2026.05.27 06:00;25323.5;25338.5;25288.0;25326.5;18.51;19.71;10.35;78.76;63.54;0.024;NEUTRE;0;9.6;0;0
2026.05.27 05:00;25295.5;25330.0;25281.5;25322.0;16.57;20.15;11.94;58.74;54.78;0.006;NEUTRE;0;2.9;0;0
2026.05.27 04:00;25265.0;25302.0;25260.0;25296.5;15.18;14.37;13.77;53.12;58.12;-0.095;NEUTRE;0;-45.2;-2;0
2026.05.27 03:00;25285.0;25297.0;25262.0;25265.0;17.19;14.75;15.89;52.49;65.53;-0.219;NEUTRE;0;-72.1;-3;0
2026.05.27 02:00;25274.0;25302.5;25269.0;25285.0;19.26;17.02;15.26;68.75;69.65;-0.140;NEUTRE;0;-71.4;-3;0
2026.05.27 01:00;25306.0;25309.0;25271.5;25274.5;21.39;19.63;16.46;75.34;60.34;-0.182;NEUTRE;0;;;0
2026.05.27 00:00;25320.5;25321.0;25283.5;25306.0;23.33;22.65;14.07;64.87;43.80;-0.057;NEUTRE;0;;;0
2026.05.26 19:00;25247.0;25292.0;25237.5;25281.0;23.32;14.98;16.24;40.80;30.08;-0.197;NEUTRE;0;-23.7;0;1
2026.05.26 18:00;25228.5;25252.5;25217.0;25247.0;26.30;6.14;18.73;25.72;26.86;-0.332;NEUTRE;0;-38;-1;1
2026.05.26 17:00;25240.5;25249.5;25224.0;25228.5;22.55;7.08;18.58;23.73;33.11;-0.405;NEUTRE;0;-45.2;-2;1
2026.05.26 16:00;25240.0;25273.0;25232.5;25240.5;19.13;8.17;16.31;31.12;45.56;-0.357;NEUTRE;0;-43.4;-1;1
2026.05.26 15:00;25285.0;25285.0;25206.0;25240.0;16.96;9.43;18.82;44.49;54.48;-0.359;NEUTRE;0;-45.4;-2;1
2026.05.26 14:00;25299.0;25332.0;25256.0;25283.0;14.45;10.88;11.98;61.07;57.20;-0.189;NEUTRE;0;-29.7;-1;1
2026.05.26 13:00;25310.0;25333.5;25260.5;25299.0;15.94;12.56;12.91;57.89;49.33;-0.126;NEUTRE;0;-22.3;0;1
2026.05.26 12:00;25303.5;25331.0;25268.0;25310.0;18.18;14.49;13.32;52.65;38.05;-0.083;NEUTRE;0;-16.3;0;1
2026.05.26 11:00;25316.5;25334.5;25253.5;25303.5;20.33;16.72;15.37;37.45;25.25;-0.109;NEUTRE;0;-22.8;0;1
2026.05.26 10:00;25257.0;25344.5;25239.0;25316.0;22.81;19.29;17.73;24.06;20.54;-0.059;NEUTRE;0;-14;0;1
2026.05.26 09:00;25230.0;25284.0;25215.5;25257.5;25.67;13.43;20.46;14.23;25.50;-0.290;NEUTRE;0;-53.8;-2;1
2026.05.26 08:00;25316.5;25329.5;25225.5;25230.0;26.43;15.50;21.36;23.33;40.82;-0.399;NEUTRE;0;-64.7;-2;1
2026.05.26 07:00;25401.0;25417.0;25285.5;25316.0;28.05;17.89;15.77;38.94;53.01;-0.059;NEUTRE;0;-19.6;0;1
2026.05.26 06:00;25348.5;25422.5;25339.0;25401.0;31.40;20.64;11.94;60.19;61.44;0.276;NEUTRE;0;62.8;2;0
2026.05.26 05:00;25363.5;25373.0;25338.5;25348.0;32.12;14.69;13.78;59.91;60.00;0.067;NEUTRE;0;29.6;1;0
2026.05.26 04:00;25390.0;25391.5;25348.5;25364.0;36.57;16.95;11.44;64.22;55.40;0.130;NEUTRE;0;54;2;0
2026.05.26 03:00;25375.5;25398.0;25348.0;25390.0;39.20;19.56;13.20;55.88;47.63;0.233;NEUTRE;0;73.1;3;0
2026.05.26 02:00;25363.5;25386.0;25348.0;25375.0;42.24;18.88;15.23;46.12;43.60;0.174;NEUTRE;0;74.8;3;0
2026.05.26 01:00;25352.5;25383.5;25327.5;25363.5;47.10;20.77;17.57;40.89;47.52;0.128;NEUTRE;0;;;0
2026.05.26 00:00;25331.0;25389.5;25287.5;25352.5;53.06;23.97;20.27;43.78;56.24;0.085;NEUTRE;0;;;0
2026.05.25 19:00;25431.0;25439.5;25420.0;25429.5;59.93;27.66;9.04;57.88;66.40;1.319;STRONG_UP;2;71.2;3;1
2026.05.25 18:00;25437.0;25440.0;25421.5;25430.5;61.35;31.91;9.24;67.06;73.92;1.323;STRONG_UP;2;72.2;3;1
2026.05.25 17:00;25441.0;25459.0;25430.0;25437.0;62.31;36.82;3.60;74.25;80.26;1.349;STRONG_UP;2;73.4;3;1
2026.05.25 16:00;25444.0;25445.5;25419.0;25440.5;59.25;35.32;4.15;80.45;83.60;1.363;STRONG_UP;2;74.5;3;1
2026.05.25 15:00;25411.0;25492.0;25387.5;25444.0;56.22;40.76;4.79;86.08;84.86;1.377;STRONG_UP;2;75.6;3;1
2026.05.25 14:00;25364.5;25424.5;25358.0;25411.0;52.72;37.09;5.53;84.26;84.46;1.245;STRONG_UP;2;75.1;3;1
2026.05.25 13:00;25320.0;25379.0;25305.5;25364.5;49.44;32.27;6.38;84.24;86.38;1.060;STRONG_UP;2;73.8;3;1
2026.05.25 12:00;25313.0;25372.0;25302.5;25320.5;46.73;35.77;7.36;84.90;86.66;0.885;SOFT_UP;1;72.2;3;1
2026.05.25 11:00;25295.5;25339.0;25268.0;25313.5;43.79;33.97;8.49;89.99;84.29;0.857;SOFT_UP;1;73.1;3;1
2026.05.25 10:00;25272.5;25315.0;25260.0;25295.5;41.29;33.99;9.79;85.08;73.35;0.785;SOFT_UP;1;73.3;3;1
2026.05.25 09:00;25224.5;25292.5;25221.5;25272.5;39.14;32.93;11.30;77.80;62.54;0.693;SOFT_UP;1;72.9;3;1
2026.05.25 08:00;25219.5;25244.5;25189.0;25225.0;37.64;27.59;13.04;57.19;55.98;0.504;SOFT_UP;1;69.4;3;1
2026.05.25 07:00;25167.0;25258.0;25099.0;25220.0;37.93;31.84;15.05;52.65;64.37;0.484;NEUTRE;0;71.1;3;1
2026.05.25 06:00;25193.0;25203.0;25139.5;25167.0;38.25;31.41;17.36;58.11;77.66;0.273;NEUTRE;0;62.6;2;0
2026.05.25 05:00;25219.0;25272.5;25193.0;25193.5;39.71;36.24;7.07;82.35;90.00;0.379;NEUTRE;0;72.7;3;0
2026.05.25 04:00;25189.5;25245.0;25185.5;25219.0;35.45;36.50;8.16;92.51;93.28;0.480;NEUTRE;0;78.9;3;0
2026.05.25 03:00;25168.0;25217.0;25158.5;25188.5;31.14;34.87;9.41;95.14;87.87;0.359;NEUTRE;0;78.8;3;0
2026.05.25 02:00;25151.0;25181.5;25147.0;25167.5;27.09;30.90;10.86;92.21;74.02;0.275;NEUTRE;0;80.3;3;0
2026.05.25 01:00;25082.5;25160.5;25078.5;25151.0;23.88;26.29;12.53;76.27;52.05;0.209;NEUTRE;0;;;0
2026.05.25 00:00;25098.5;25136.0;25069.5;25082.5;22.10;25.74;14.46;53.57;37.10;-0.064;NEUTRE;0;;;0
2026.05.22 19:00;24883.5;24885.0;24830.0;24856.0;21.18;15.91;16.69;26.31;33.57;-0.385;NEUTRE;0;-40.6;-1;1
2026.05.22 18:00;24894.5;24910.5;24861.0;24883.5;24.07;18.36;10.58;31.43;44.32;-0.275;NEUTRE;0;-32.9;-1;1
2026.05.22 17:00;24891.0;24979.5;24847.0;24895.0;23.64;21.18;12.21;42.96;57.24;-0.228;NEUTRE;0;-29.6;-1;1
2026.05.22 16:00;24902.0;24915.0;24880.0;24891.0;23.15;16.95;14.09;58.58;69.96;-0.244;NEUTRE;0;-32.8;-1;1
2026.05.22 15:00;24950.0;24978.5;24887.0;24901.5;25.29;19.56;13.18;70.17;76.49;-0.202;NEUTRE;0;-29.7;-1;1
2026.05.22 14:00;24928.5;24960.0;24870.0;24951.0;26.18;19.46;15.21;81.14;76.67;-0.004;NEUTRE;0;-0.7;0;1
2026.05.22 13:00;24961.0;24985.0;24912.0;24928.0;28.33;22.45;10.37;78.14;67.33;-0.096;NEUTRE;0;-17.4;0;1
2026.05.22 12:00;24846.5;24993.0;24843.5;24960.0;27.02;25.90;11.96;70.74;54.69;0.032;NEUTRE;0;6.4;0;1
2026.05.22 11:00;24819.0;24894.0;24783.5;24847.0;25.51;19.70;13.80;53.12;41.56;-0.421;NEUTRE;0;-58.3;-2;1
2026.05.22 10:00;24821.0;24857.5;24807.0;24819.0;26.73;17.65;15.93;40.23;33.42;-0.533;SOFT_DOWN;-1;-66.1;-3;1
2026.05.22 09:00;24780.5;24827.0;24746.5;24820.0;30.05;11.07;18.38;31.34;27.70;-0.529;SOFT_DOWN;-1;-68.1;-3;1
2026.05.22 08:00;24795.0;24832.5;24706.5;24781.0;30.86;12.78;21.20;28.68;29.38;-0.685;SOFT_DOWN;-1;-74.6;-3;1
2026.05.22 07:00;24910.0;24910.0;24752.5;24795.0;31.80;14.74;18.85;23.07;34.06;-0.629;SOFT_DOWN;-1;-75.3;-3;1
2026.05.22 06:00;24879.0;24932.5;24858.0;24908.5;34.81;17.01;11.44;36.38;48.79;-0.174;NEUTRE;0;-50.8;-2;0
2026.05.22 05:00;24928.0;24967.0;24876.5;24879.0;37.15;19.63;9.38;42.74;61.55;-0.293;NEUTRE;0;-68;-3;0
2026.05.22 04:00;24907.0;24964.0;24903.0;24929.5;37.43;22.65;6.32;67.26;73.48;-0.090;NEUTRE;0;-43.6;-1;0
2026.05.22 03:00;24920.5;24928.5;24884.5;24907.0;34.52;17.18;7.29;74.64;77.04;-0.180;NEUTRE;0;-68.5;-3;0
2026.05.22 02:00;24908.0;24930.5;24879.0;24921.0;33.62;19.82;8.42;78.53;76.28;-0.124;NEUTRE;0;-69.1;-3;0
2026.05.22 01:00;24902.5;24924.5;24882.0;24907.0;32.58;21.08;9.71;77.94;76.15;-0.180;NEUTRE;0;;;0
2026.05.22 00:00;24952.0;24952.0;24895.5;24902.5;31.92;24.32;6.32;72.37;75.26;-0.198;NEUTRE;0;;;0
2026.05.21 19:00;24845.5;24914.5;24835.0;24889.0;27.79;18.90;7.29;78.13;76.34;0.556;SOFT_UP;1;51.1;2;1
2026.05.21 18:00;24934.0;24952.0;24816.5;24845.5;25.25;21.81;8.41;75.28;68.89;0.380;NEUTRE;0;41.8;1;1
2026.05.21 17:00;24690.5;24964.5;24690.5;24934.0;22.31;25.17;9.71;75.61;60.54;0.737;SOFT_UP;1;61.4;2;1
2026.05.21 16:00;24679.5;24720.5;24673.0;24690.5;18.92;15.34;11.20;55.77;47.80;-0.246;NEUTRE;0;-33.1;-1;1
2026.05.21 15:00;24755.5;24764.0;24646.0;24679.0;19.44;17.70;12.92;50.25;37.99;-0.293;NEUTRE;0;-39.6;-1;1
2026.05.21 14:00;24735.0;24762.0;24649.0;24755.0;20.03;20.42;14.52;37.37;26.30;0.014;NEUTRE;0;2.4;0;1
2026.05.21 13:00;24622.5;24750.0;24572.5;24735.0;20.51;21.93;16.76;26.36;25.93;-0.067;NEUTRE;0;-12.3;0;1
2026.05.21 12:00;24639.5;24661.0;24579.0;24624.0;21.61;17.59;19.33;15.17;35.12;-0.515;SOFT_DOWN;-1;-61.2;-2;1
2026.05.21 11:00;24606.0;24694.5;24591.5;24639.0;24.21;20.29;19.96;36.26;55.84;-0.455;NEUTRE;0;-60.3;-2;1
2026.05.21 10:00;24903.5;24922.0;24569.0;24611.5;27.81;23.42;23.03;53.93;62.22;-0.566;SOFT_DOWN;-1;-67.3;-3;1
2026.05.21 09:00;24837.5;24937.0;24828.0;24904.0;31.96;27.02;15.29;77.35;56.05;0.616;SOFT_UP;1;71;3;1
2026.05.21 08:00;24756.5;24904.5;24751.5;24837.5;32.61;26.59;17.64;55.38;41.45;0.347;NEUTRE;0;61.4;2;1
2026.05.21 07:00;24716.5;24777.5;24643.0;24756.0;34.52;17.91;20.36;35.41;36.84;0.018;NEUTRE;0;6.2;0;1
2026.05.21 06:00;24727.5;24779.0;24698.0;24716.0;38.84;20.66;17.20;33.55;42.92;-0.143;NEUTRE;0;-45.3;-2;0
2026.05.21 05:00;24806.5;24822.5;24689.0;24728.0;43.41;23.84;19.84;41.55;52.06;-0.095;NEUTRE;0;-38.8;-1;0
2026.05.21 04:00;24769.5;24817.0;24767.0;24806.0;48.68;27.51;13.91;53.66;60.79;0.220;NEUTRE;0;66.8;3;0
2026.05.21 03:00;24793.5;24809.0;24749.5;24769.5;51.12;29.28;16.05;60.98;63.49;0.073;NEUTRE;0;45.8;2;0
2026.05.21 02:00;24827.0;24852.0;24783.5;24793.5;54.49;33.79;9.73;67.75;63.42;0.170;NEUTRE;0;74.5;3;0
2026.05.21 01:00;24785.0;24834.0;24784.0;24825.5;54.36;34.94;11.22;61.75;61.95;0.299;NEUTRE;0;;;0
2026.05.21 00:00;24751.5;24792.0;24717.5;24784.5;54.82;27.40;12.95;60.76;63.10;0.133;NEUTRE;0;;;0
2026.05.20 19:00;24801.5;24835.5;24791.0;24825.0;57.75;31.61;4.42;63.33;63.74;2.104;EXPLOSIVE_UP;3;78;3;1
2026.05.20 18:00;24784.0;24811.5;24775.0;24801.0;55.03;28.18;5.10;65.22;64.66;2.005;EXPLOSIVE_UP;3;78;3;1
2026.05.20 17:00;24766.5;24810.0;24748.0;24785.0;52.82;31.88;5.89;62.69;65.91;1.939;EXPLOSIVE_UP;3;78.3;3;1
2026.05.20 16:00;24758.5;24791.5;24718.5;24765.5;50.36;32.19;6.79;66.08;68.71;1.859;EXPLOSIVE_UP;3;78.5;3;1
2026.05.20 15:00;24724.0;24941.5;24713.5;24758.5;48.09;37.15;7.84;68.96;69.15;1.830;EXPLOSIVE_UP;3;79;3;1
2026.05.20 14:00;24585.0;24776.0;24502.5;24722.5;45.46;31.69;9.05;71.10;69.58;1.682;STRONG_UP;2;78.9;3;1
2026.05.20 13:00;24514.0;24592.5;24481.0;24585.0;43.91;26.25;10.44;67.38;72.88;1.117;STRONG_UP;2;74.6;3;1
2026.05.20 12:00;24547.0;24610.0;24512.5;24514.5;44.03;30.29;7.70;70.26;79.59;0.827;SOFT_UP;1;71.1;3;1
2026.05.20 11:00;24564.5;24587.5;24528.0;24547.0;41.65;31.39;8.88;80.99;83.57;0.960;SOFT_UP;1;74.9;3;1
2026.05.20 10:00;24531.0;24635.0;24528.5;24564.5;39.46;36.22;10.12;87.53;83.81;1.032;STRONG_UP;2;77.1;3;1
2026.05.20 09:00;24479.5;24541.0;24467.5;24531.0;36.87;28.22;11.67;82.20;80.26;0.895;SOFT_UP;1;76.6;3;1
2026.05.20 08:00;24352.5;24499.5;24322.5;24479.5;36.16;23.87;13.47;81.70;77.58;0.683;SOFT_UP;1;74.5;3;1
2026.05.20 07:00;24405.0;24456.0;24351.5;24353.0;37.43;23.76;15.54;76.89;66.82;0.162;NEUTRE;0;44.4;1;1
2026.05.20 06:00;24331.0;24410.0;24322.0;24406.0;39.98;20.65;17.93;74.17;49.89;0.380;NEUTRE;0;69.5;3;0
2026.05.20 05:00;24281.0;24340.0;24280.0;24331.0;45.04;11.59;20.69;49.39;33.11;0.072;NEUTRE;0;31.4;1;0
2026.05.20 04:00;24280.0;24324.5;24267.5;24281.0;47.63;9.40;23.87;26.11;24.64;-0.134;NEUTRE;0;-54.8;-2;0
2026.05.20 03:00;24248.5;24299.0;24202.0;24279.0;48.27;3.96;27.55;23.83;24.92;-0.142;NEUTRE;0;-63.5;-2;0
2026.05.20 02:00;24330.0;24361.0;24239.5;24248.5;44.17;4.57;25.84;23.97;22.20;-0.267;NEUTRE;0;-80;-3;0
2026.05.20 01:00;24337.0;24369.5;24259.5;24329.5;40.20;5.27;27.28;26.96;18.09;0.066;NEUTRE;0;;;0
2026.05.20 00:00;24313.5;24382.0;24269.5;24338.5;35.99;6.08;30.08;15.66;13.77;0.103;NEUTRE;0;;;0
2026.05.19 19:00;24384.5;24431.5;24343.5;24359.5;31.31;7.02;24.59;11.66;13.42;-0.289;NEUTRE;0;-32.8;-1;1
2026.05.19 18:00;24442.0;24462.0;24377.0;24384.5;27.58;8.10;22.51;13.99;14.98;-0.186;NEUTRE;0;-23.6;0;1
2026.05.19 17:00;24434.5;24451.0;24417.5;24442.0;24.57;9.34;18.65;14.61;16.38;0.049;NEUTRE;0;7;0;1
2026.05.19 16:00;24428.0;24456.5;24386.5;24434.5;23.24;10.78;21.51;16.36;21.42;0.018;NEUTRE;0;2.7;0;1
2026.05.19 15:00;24482.5;24523.5;24411.0;24428.0;21.70;12.44;19.44;18.19;31.88;-0.008;NEUTRE;0;-1.3;0;1
2026.05.19 14:00;24536.0;24595.0;24402.0;24482.5;21.66;14.35;22.43;29.71;50.64;0.215;NEUTRE;0;33;1;1
2026.05.19 13:00;24658.0;24666.0;24478.0;24537.0;21.61;16.56;19.82;47.74;68.31;0.438;NEUTRE;0;55;2;1
2026.05.19 12:00;24607.5;24682.5;24592.0;24658.5;23.55;19.10;13.54;74.47;83.11;0.935;SOFT_UP;1;73.1;3;1
2026.05.19 11:00;24705.0;24713.0;24604.0;24607.5;24.55;22.04;13.59;82.73;89.23;0.727;SOFT_UP;1;70.3;3;1
2026.05.19 10:00;24662.5;24739.5;24638.0;24705.0;24.68;25.44;10.88;92.11;92.53;1.126;STRONG_UP;2;78.2;3;1
2026.05.19 09:00;24684.5;24698.0;24607.5;24662.5;22.31;23.06;12.55;92.84;89.49;0.952;SOFT_UP;1;77.4;3;1
2026.05.19 08:00;24682.5;24696.5;24569.5;24684.5;21.21;26.35;14.49;92.64;76.95;1.042;STRONG_UP;2;79.7;3;1
2026.05.19 07:00;24377.0;24709.0;24376.0;24682.0;20.00;30.40;16.71;82.98;61.25;1.032;STRONG_UP;2;80.9;3;1
2026.05.19 06:00;24329.5;24407.5;24303.5;24378.0;18.61;21.15;19.29;55.22;48.98;-0.213;NEUTRE;0;-56.4;-2;0
2026.05.19 05:00;24313.0;24354.0;24275.0;24330.0;20.76;16.49;22.25;45.54;49.25;-0.409;NEUTRE;0;-73.9;-3;0
2026.05.19 04:00;24320.5;24324.5;24241.5;24312.5;21.66;13.28;25.68;46.17;55.21;-0.481;NEUTRE;0;-78.9;-3;0
2026.05.19 03:00;24328.5;24380.5;24306.5;24320.5;20.10;15.33;17.58;56.04;66.24;-0.448;NEUTRE;0;-81;-3;0
2026.05.19 02:00;24362.0;24362.5;24309.0;24327.5;22.14;13.94;20.28;63.42;65.99;-0.420;NEUTRE;0;-83.6;-3;0
2026.05.19 01:00;24373.5;24410.0;24327.5;24362.5;22.70;16.09;18.08;79.26;58.78;-0.276;NEUTRE;0;;;0
2026.05.19 00:00;24430.0;24443.0;24366.0;24374.0;25.30;18.57;13.69;55.27;40.88;-0.229;NEUTRE;0;;;0
2026.05.18 19:00;24208.0;24439.5;24201.5;24439.5;26.86;20.72;15.79;41.81;41.53;2.817;EXPLOSIVE_UP;3;80.9;3;1
2026.05.18 18:00;24333.0;24340.0;24201.5;24208.0;28.92;17.48;18.22;25.56;51.59;1.843;EXPLOSIVE_UP;3;77;3;1
2026.05.18 17:00;24307.0;24358.5;24282.5;24333.0;33.05;20.17;12.03;57.23;71.39;2.369;EXPLOSIVE_UP;3;80.4;3;1
2026.05.18 16:00;24359.5;24379.5;24280.0;24307.0;34.24;23.27;13.88;71.98;83.22;2.259;EXPLOSIVE_UP;3;80.5;3;1
2026.05.18 15:00;24396.5;24405.5;24284.0;24359.0;35.62;26.85;15.39;84.97;89.48;2.478;EXPLOSIVE_UP;3;81.9;3;1
2026.05.18 14:00;24450.5;24476.5;24349.0;24396.5;36.92;30.98;9.53;92.73;90.79;2.636;EXPLOSIVE_UP;3;82.8;3;1
2026.05.18 13:00;24423.5;24478.5;24349.0;24450.5;34.46;35.75;11.00;90.74;89.08;2.863;EXPLOSIVE_UP;3;83.9;3;1
2026.05.18 12:00;24176.5;24422.0;24165.5;24421.0;31.61;34.53;12.69;88.89;90.62;2.739;EXPLOSIVE_UP;3;84.1;3;1
2026.05.18 11:00;24023.0;24286.5;23969.5;24176.5;29.36;31.72;14.64;87.62;93.14;1.710;STRONG_UP;2;81.4;3;1
2026.05.18 10:00;24053.5;24069.0;23984.5;24026.0;28.21;26.05;16.89;95.33;95.15;1.077;STRONG_UP;2;77.6;3;1
2026.05.18 09:00;24035.0;24056.5;24007.0;24053.5;29.27;30.05;15.40;96.46;89.30;1.193;STRONG_UP;2;79.9;3;1
2026.05.18 08:00;23915.5;24042.0;23913.5;24034.5;28.81;30.17;17.76;93.65;75.10;1.113;STRONG_UP;2;80.4;3;1
2026.05.18 07:00;23803.5;23941.0;23803.5;23915.5;29.26;22.72;20.50;77.79;52.76;0.612;SOFT_UP;1;74.9;3;1
2026.05.18 06:00;23781.0;23802.5;23674.0;23802.0;32.97;10.88;23.65;53.86;31.78;0.135;NEUTRE;0;43.6;1;0
2026.05.18 05:00;23761.0;23818.5;23744.5;23781.5;32.36;12.56;18.85;26.64;18.64;0.048;NEUTRE;0;22.1;0;0
2026.05.18 04:00;23756.5;23812.5;23741.0;23761.0;34.25;13.24;21.75;14.84;16.71;-0.038;NEUTRE;0;-21.9;0;0
2026.05.18 03:00;23742.0;23779.0;23718.5;23757.0;35.79;8.07;25.09;14.43;21.10;-0.055;NEUTRE;0;-37.8;-1;0
2026.05.18 02:00;23781.0;23811.0;23735.0;23741.5;33.39;9.31;24.76;20.85;27.58;-0.120;NEUTRE;0;-68.5;-3;0
2026.05.18 01:00;23855.5;23863.0;23722.5;23781.5;31.56;10.75;28.57;28.02;33.49;0.048;NEUTRE;0;;;0
2026.05.18 00:00;23770.0;23858.0;23770.0;23856.0;29.44;12.40;27.76;33.86;36.64;0.362;NEUTRE;0;;;0
2026.05.15 19:00;23961.5;23970.0;23934.0;23942.0;28.09;14.31;17.36;38.58;33.40;-1.708;STRONG_DOWN;-2;-75.3;-3;1
2026.05.15 18:00;23989.5;24000.5;23936.5;23962.0;30.92;16.51;18.96;37.49;27.23;-1.626;STRONG_DOWN;-2;-75.3;-3;1
2026.05.15 17:00;23944.0;23993.5;23940.0;23989.5;34.62;17.37;21.88;24.14;19.62;-1.513;STRONG_DOWN;-2;-75.1;-3;1
2026.05.15 16:00;23933.5;23954.5;23911.5;23944.0;38.17;8.82;25.25;20.05;17.45;-1.700;STRONG_DOWN;-2;-77.5;-3;1
2026.05.15 15:00;24035.5;24048.5;23904.0;23933.5;36.63;10.18;29.13;14.67;13.65;-1.743;EXPLOSIVE_DOWN;-3;-78.5;-3;1
2026.05.15 14:00;23980.5;24066.5;23957.0;24036.0;34.85;11.75;27.97;17.62;17.08;-1.322;STRONG_DOWN;-2;-76;-3;1
2026.05.15 13:00;24028.5;24067.5;23967.5;23980.5;33.92;13.55;30.80;8.66;19.47;-1.550;STRONG_DOWN;-2;-78.8;-3;1
2026.05.15 12:00;24058.0;24058.0;23982.5;24028.5;33.16;15.64;33.23;24.96;27.41;-1.353;STRONG_DOWN;-2;-78.2;-3;1
2026.05.15 11:00;24198.5;24219.0;24054.5;24058.0;32.73;18.05;23.67;24.80;29.59;-1.232;STRONG_DOWN;-2;-78.1;-3;1
2026.05.15 10:00;24096.5;24215.0;24070.0;24202.5;35.69;20.82;25.86;32.48;38.10;-0.638;SOFT_DOWN;-1;-69.7;-3;1
2026.05.15 09:00;24124.5;24140.0;24059.0;24097.0;39.52;16.07;29.84;31.49;43.29;-1.072;STRONG_DOWN;-2;-78.8;-3;1
2026.05.15 08:00;24244.5;24252.0;24046.5;24125.5;40.98;18.54;34.43;50.34;41.79;-0.955;SOFT_DOWN;-1;-78.8;-3;1
2026.05.15 07:00;24247.0;24339.5;24221.5;24244.5;42.67;21.39;26.63;48.03;28.87;-0.466;NEUTRE;0;-70.5;-3;1
2026.05.15 06:00;24145.0;24248.5;24143.5;24247.0;47.55;12.82;30.73;27.00;18.35;-0.456;NEUTRE;0;-72.7;-3;0
2026.05.15 05:00;24181.0;24185.0;24120.5;24145.0;48.54;5.49;35.46;11.56;14.59;-0.874;SOFT_DOWN;-1;-82.3;-3;0
2026.05.15 04:00;24230.0;24231.5;24179.0;24181.5;44.75;6.33;26.96;16.47;14.48;-0.725;SOFT_DOWN;-1;-82.6;-3;0
2026.05.15 03:00;24241.5;24252.0;24185.5;24230.0;42.10;7.31;29.20;15.74;11.75;-0.525;SOFT_DOWN;-1;-82.3;-3;0
2026.05.15 02:00;24201.0;24263.0;24180.0;24242.0;39.35;8.43;33.69;11.22;13.72;-0.476;NEUTRE;0;-84.3;-3;0
2026.05.15 01:00;24328.0;24331.5;24198.5;24200.0;36.18;9.73;35.45;8.29;18.45;-0.649;SOFT_DOWN;-1;;;0
2026.05.15 00:00;24358.0;24394.0;24318.0;24328.0;32.98;11.22;27.08;21.64;24.05;-0.123;NEUTRE;0;;;0
2026.05.14 19:00;24414.5;24420.0;24373.5;24382.5;31.69;12.95;20.01;25.43;26.79;0.257;NEUTRE;0;29.8;1;1
2026.05.14 18:00;24383.5;24418.0;24344.0;24414.5;33.27;14.28;23.08;25.07;34.90;0.389;NEUTRE;0;42.5;1;1
2026.05.14 17:00;24424.5;24439.5;24349.5;24382.5;34.76;16.48;25.49;29.87;41.63;0.257;NEUTRE;0;32.6;1;1
2026.05.14 16:00;24479.5;24492.0;24404.0;24423.5;36.80;19.01;20.10;49.76;48.60;0.426;NEUTRE;0;48.4;2;1
2026.05.14 15:00;24503.5;24532.0;24470.5;24480.0;42.04;21.94;11.56;45.26;51.03;0.658;SOFT_UP;1;61.7;2;1
2026.05.14 14:00;24407.0;24523.0;24400.0;24504.0;43.74;23.06;13.34;50.77;62.63;0.757;SOFT_UP;1;66.4;3;1
2026.05.14 13:00;24489.0;24494.0;24401.5;24408.5;46.36;22.98;15.40;57.07;74.94;0.364;NEUTRE;0;49.8;2;1
2026.05.14 12:00;24518.0;24536.0;24459.5;24490.5;50.46;26.51;8.12;80.07;86.04;0.701;SOFT_UP;1;68;3;1
2026.05.14 11:00;24499.5;24538.5;24477.5;24517.5;50.05;30.59;5.75;87.70;87.69;0.812;SOFT_UP;1;72.3;3;1
2026.05.14 10:00;24494.5;24542.5;24467.0;24500.5;47.23;35.30;6.63;90.35;86.02;0.742;SOFT_UP;1;72.3;3;1
2026.05.14 09:00;24471.5;24513.5;24435.5;24494.5;43.98;34.82;7.65;85.03;79.56;0.718;SOFT_UP;1;73.5;3;1
2026.05.14 08:00;24373.5;24484.5;24370.0;24471.5;40.90;34.46;8.83;82.69;71.79;0.623;SOFT_UP;1;73.1;3;1
2026.05.14 07:00;24379.0;24454.0;24364.5;24376.0;38.09;35.66;10.19;70.96;54.38;0.230;NEUTRE;0;54.3;2;1
2026.05.14 06:00;24296.5;24396.5;24296.0;24380.5;35.40;31.26;11.75;61.72;38.94;0.249;NEUTRE;0;60.3;2;0
2026.05.14 05:00;24265.0;24302.5;24239.0;24296.5;33.87;21.69;13.56;30.46;28.67;-0.097;NEUTRE;0;-39.4;-1;0
2026.05.14 04:00;24261.0;24290.0;24242.5;24266.0;35.53;21.99;15.65;24.64;39.31;-0.222;NEUTRE;0;-66.9;-3;0
2026.05.14 03:00;24268.0;24286.0;24252.0;24261.0;38.41;25.38;14.98;30.91;58.26;-0.243;NEUTRE;0;-73.7;-3;0
2026.05.14 02:00;24272.0;24287.5;24253.0;24268.0;40.35;29.28;16.83;62.38;79.99;-0.214;NEUTRE;0;-77.5;-3;0
2026.05.14 01:00;24336.0;24340.0;24270.0;24272.0;42.41;33.78;11.84;81.50;89.91;-0.197;NEUTRE;0;;;0
2026.05.14 00:00;24320.0;24344.5;24306.5;24335.5;41.53;38.98;5.64;96.07;92.68;0.064;NEUTRE;0;;;0
2026.05.13 19:00;24255.0;24288.0;24253.0;24287.0;36.43;29.86;6.51;92.14;86.53;1.038;STRONG_UP;2;66.6;3;1
2026.05.13 18:00;24225.0;24263.0;24222.5;24255.0;32.16;23.47;7.51;89.83;79.20;0.905;SOFT_UP;1;64.8;2;1
2026.05.13 17:00;24230.5;24248.0;24223.0;24224.5;29.18;21.38;8.67;77.62;67.73;0.778;SOFT_UP;1;62.7;2;1
2026.05.13 16:00;24170.5;24243.5;24168.5;24231.0;27.16;21.90;10.00;70.14;56.18;0.805;SOFT_UP;1;64.8;2;1
2026.05.13 15:00;24167.0;24220.5;24140.0;24170.5;25.60;20.55;11.54;55.44;47.72;0.553;SOFT_UP;1;57.3;2;1
2026.05.13 14:00;24149.0;24203.5;24128.5;24167.5;25.22;20.47;13.31;42.95;42.26;0.541;SOFT_UP;1;58.6;2;1
2026.05.13 13:00;24117.0;24172.5;24117.0;24148.5;25.84;17.25;15.36;44.78;44.26;0.462;NEUTRE;0;56.4;2;1
2026.05.13 12:00;24233.0;24245.5;24058.5;24115.5;28.92;19.91;17.73;39.05;43.12;0.324;NEUTRE;0;48.8;2;1
2026.05.13 11:00;24173.0;24242.0;24157.5;24233.0;32.48;22.97;12.31;48.95;47.38;0.813;SOFT_UP;1;72.3;3;1
2026.05.13 10:00;24203.0;24231.0;24146.5;24173.0;32.83;24.50;14.20;41.35;52.77;0.564;SOFT_UP;1;67.3;3;1
2026.05.13 09:00;24201.0;24221.0;24129.0;24203.5;33.78;26.45;16.39;51.84;65.74;0.691;SOFT_UP;1;72.9;3;1
2026.05.13 08:00;24197.0;24280.5;24170.5;24200.5;35.36;30.52;11.97;65.12;80.20;0.678;SOFT_UP;1;74.4;3;1
2026.05.13 07:00;24229.5;24262.0;24148.0;24197.0;34.09;32.63;13.81;80.26;90.53;0.664;SOFT_UP;1;76;3;1
2026.05.13 06:00;24198.5;24242.0;24186.0;24229.5;33.10;37.65;10.81;95.22;93.22;0.799;SOFT_UP;1;79.9;3;0
2026.05.13 05:00;24174.5;24203.5;24144.0;24198.5;29.66;32.87;12.47;96.12;88.01;0.670;SOFT_UP;1;80;3;0
2026.05.13 04:00;24144.5;24176.0;24132.5;24174.5;27.31;30.81;14.39;88.32;79.18;0.570;SOFT_UP;1;80.6;3;0
2026.05.13 03:00;24106.5;24153.0;24100.5;24145.0;25.92;27.42;16.60;79.57;74.72;0.447;NEUTRE;0;81;3;0
2026.05.13 02:00;24114.0;24125.0;24100.0;24107.0;26.12;23.43;19.15;69.65;73.56;0.289;NEUTRE;0;80.7;3;0
2026.05.13 01:00;24093.0;24140.0;24089.0;24114.0;28.59;27.04;22.10;74.94;72.20;0.318;NEUTRE;0;;;0
2026.05.13 00:00;24037.5;24106.5;24035.0;24093.5;31.45;21.09;25.50;76.10;62.40;0.233;NEUTRE;0;;;0
2026.05.12 19:00;24098.5;24138.0;24095.5;24110.5;34.83;24.33;17.09;65.57;46.48;-0.870;SOFT_DOWN;-1;-62.7;-2;1
2026.05.12 18:00;24078.5;24111.5;24063.5;24098.5;37.50;18.48;19.72;45.55;29.78;-0.919;SOFT_DOWN;-1;-65.2;-3;1
2026.05.12 17:00;24045.0;24101.5;24044.0;24079.0;42.77;18.12;22.76;28.32;17.47;-0.999;STRONG_DOWN;-2;-68.1;-3;1
2026.05.12 16:00;24021.0;24057.0;24007.0;24045.0;47.61;9.00;26.26;15.47;14.50;-1.139;STRONG_DOWN;-2;-71.6;-3;1
2026.05.12 15:00;24033.5;24041.0;23983.0;24021.0;47.40;5.47;30.30;8.62;20.35;-1.238;STRONG_DOWN;-2;-74;-3;1
2026.05.12 14:00;24086.0;24130.0;24029.5;24033.0;44.01;6.31;22.63;19.40;32.48;-1.188;STRONG_DOWN;-2;-74.4;-3;1
2026.05.12 13:00;24194.5;24198.0;24073.5;24086.0;42.11;7.28;19.37;33.04;40.20;-0.970;SOFT_DOWN;-1;-72.4;-3;1
2026.05.12 12:00;24149.5;24221.5;24103.5;24195.0;41.60;8.40;18.65;45.01;46.06;-0.522;SOFT_DOWN;-1;-61.5;-2;1
2026.05.12 11:00;24151.0;24210.5;24130.5;24149.5;42.17;9.69;18.00;42.55;50.60;-0.709;SOFT_DOWN;-1;-69.9;-3;1
2026.05.12 10:00;24160.0;24183.5;24129.5;24150.0;44.05;5.99;20.76;50.63;52.89;-0.707;SOFT_DOWN;-1;-71.5;-3;1
2026.05.12 09:00;24191.5;24269.5;24149.5;24160.0;42.33;6.91;18.26;58.61;51.33;-0.666;SOFT_DOWN;-1;-72.3;-3;1
2026.05.12 08:00;24190.0;24245.5;24160.5;24191.5;41.90;4.90;21.07;49.43;43.18;-0.537;SOFT_DOWN;-1;-70.6;-3;1
2026.05.12 07:00;24118.5;24255.5;24067.0;24190.0;38.76;5.65;24.31;45.96;40.63;-0.543;SOFT_DOWN;-1;-73.1;-3;1
2026.05.12 06:00;24228.0;24240.0;24109.5;24122.0;35.15;6.52;24.58;34.14;39.26;-0.822;SOFT_DOWN;-1;-80.2;-3;0
2026.05.12 05:00;24190.5;24230.0;24183.0;24226.0;31.62;7.52;19.70;41.78;41.35;-0.395;NEUTRE;0;-73.4;-3;0
2026.05.12 04:00;24205.0;24225.0;24185.0;24189.5;29.60;7.04;22.73;41.86;39.28;-0.545;SOFT_DOWN;-1;-80.2;-3;0
2026.05.12 03:00;24250.0;24257.0;24200.0;24205.0;26.05;8.13;20.46;40.39;33.90;-0.481;NEUTRE;0;-81.6;-3;0
2026.05.12 02:00;24192.0;24256.5;24183.0;24249.5;23.41;9.24;23.61;35.59;27.04;-0.298;NEUTRE;0;-81;-3;0
2026.05.12 01:00;24296.5;24305.0;24122.5;24192.5;20.29;10.66;27.24;25.72;24.61;-0.532;SOFT_DOWN;-1;;;0
2026.05.12 00:00;24322.0;24328.5;24291.5;24297.0;16.68;12.30;17.18;19.82;25.90;-0.103;NEUTRE;0;;;0
2026.05.11 19:00;24320.5;24339.5;24298.5;24339.0;16.70;14.20;17.56;28.29;36.35;-0.205;NEUTRE;0;-24.5;0;1
2026.05.11 18:00;24340.5;24360.0;24319.5;24320.5;17.64;16.38;12.38;29.61;47.00;-0.281;NEUTRE;0;-33.5;-1;1
2026.05.11 17:00;24315.5;24352.0;24301.0;24341.0;18.21;15.86;14.29;51.15;61.60;-0.197;NEUTRE;0;-26.1;-1;1
2026.05.11 16:00;24384.5;24385.5;24305.5;24315.5;20.21;18.30;15.13;60.24;64.02;-0.301;NEUTRE;0;-38.5;-1;1
2026.05.11 15:00;24350.5;24418.0;24341.5;24384.5;21.86;21.12;10.53;73.41;57.93;-0.018;NEUTRE;0;-2.9;0;1
2026.05.11 14:00;24374.5;24376.5;24313.0;24350.5;20.08;16.02;12.15;58.41;42.57;-0.158;NEUTRE;0;-25.5;-1;1
2026.05.11 13:00;24319.5;24396.0;24315.0;24374.5;21.06;18.48;13.54;41.97;32.85;-0.059;NEUTRE;0;-10.9;0;1
2026.05.11 12:00;24295.0;24337.0;24258.5;24319.5;21.92;10.12;15.62;27.32;31.36;-0.285;NEUTRE;0;-45.2;-2;1
2026.05.11 11:00;24350.0;24371.5;24273.5;24295.0;22.01;11.68;15.08;29.27;36.53;-0.385;NEUTRE;0;-56;-2;1
2026.05.11 10:00;24364.5;24375.5;24332.5;24350.0;23.44;13.48;8.14;37.50;43.69;-0.160;NEUTRE;0;-34.1;-1;1
2026.05.11 09:00;24348.5;24416.5;24333.0;24364.5;23.25;15.55;9.22;42.84;50.64;-0.100;NEUTRE;0;-25.2;-1;1
2026.05.11 08:00;24353.5;24423.5;24332.0;24348.5;22.89;17.94;10.63;50.72;56.25;-0.166;NEUTRE;0;-41.3;-1;1
2026.05.11 07:00;24358.5;24405.0;24317.5;24353.5;22.48;17.59;12.27;58.35;54.01;-0.146;NEUTRE;0;-41.4;-1;1
2026.05.11 06:00;24335.0;24366.0;24322.0;24362.0;23.19;13.44;14.16;59.67;46.13;-0.111;NEUTRE;0;-38.1;-1;0
2026.05.11 05:00;24338.0;24349.5;24310.5;24335.0;26.36;9.74;16.33;43.99;35.77;-0.221;NEUTRE;0;-61.9;-2;0
2026.05.11 04:00;24357.0;24372.0;24329.5;24338.0;26.52;11.24;11.35;34.73;28.21;-0.209;NEUTRE;0;-65.7;-3;0
2026.05.11 03:00;24327.0;24369.0;24306.5;24357.5;30.53;11.88;13.10;28.58;29.88;-0.129;NEUTRE;0;-61.2;-2;0
2026.05.11 02:00;24333.0;24348.5;24321.5;24327.0;34.47;8.66;15.11;21.33;33.77;-0.254;NEUTRE;0;-79.5;-3;0
2026.05.11 01:00;24315.5;24348.5;24299.5;24333.0;35.60;9.99;17.44;39.74;41.87;-0.230;NEUTRE;0;;;0
2026.05.11 00:00;24389.0;24389.0;24284.0;24315.5;36.90;11.53;20.12;40.25;38.91;-0.301;NEUTRE;0;;;0
2026.05.08 19:00;24392.0;24477.0;24390.0;24462.5;38.40;13.30;14.08;45.63;36.74;-0.283;NEUTRE;0;-32.2;-1;1
2026.05.08 18:00;24402.0;24455.0;24382.5;24392.0;43.87;11.46;16.25;30.84;30.11;-0.571;SOFT_DOWN;-1;-53.3;-2;1
2026.05.08 17:00;24399.0;24431.5;24392.5;24402.5;47.96;8.24;18.75;33.74;32.31;-0.528;SOFT_DOWN;-1;-52.7;-2;1
2026.05.08 16:00;24414.5;24444.0;24395.0;24399.0;49.35;9.51;20.65;25.76;31.83;-0.542;SOFT_DOWN;-1;-55.1;-2;1
2026.05.08 15:00;24394.0;24422.5;24332.0;24414.5;51.25;4.22;23.82;37.42;37.85;-0.479;NEUTRE;0;-53.5;-2;1
2026.05.08 14:00;24540.0;24545.5;24388.0;24395.0;48.38;4.87;17.97;32.31;38.28;-0.558;SOFT_DOWN;-1;-59.3;-2;1
2026.05.08 13:00;24455.5;24540.0;24439.5;24540.0;47.00;5.61;15.70;43.81;42.71;0.033;NEUTRE;0;6.1;0;1
2026.05.08 12:00;24493.5;24535.0;24428.0;24457.0;46.95;5.71;18.12;38.70;40.86;-0.306;NEUTRE;0;-47.2;-2;1
2026.05.08 11:00;24541.0;24557.0;24463.5;24493.5;46.16;6.59;15.80;45.63;40.84;-0.157;NEUTRE;0;-31.1;-1;1
2026.05.08 10:00;24505.0;24556.5;24483.5;24541.5;46.93;7.61;14.94;38.25;39.97;0.039;NEUTRE;0;9.4;0;1
2026.05.08 09:00;24470.5;24572.5;24465.5;24504.5;49.15;8.78;17.24;38.65;49.60;-0.112;NEUTRE;0;-27.8;-1;1
2026.05.08 08:00;24547.0;24551.0;24457.5;24470.5;51.70;7.04;19.90;43.02;59.02;-0.251;NEUTRE;0;-53;-2;1
2026.05.08 07:00;24534.5;24548.5;24464.0;24547.0;52.31;8.12;21.89;67.12;66.11;0.061;NEUTRE;0;20.2;0;1
2026.05.08 06:00;24546.5;24583.0;24506.0;24535.5;53.30;9.37;17.61;66.93;58.98;0.014;NEUTRE;0;5.6;0;0
2026.05.08 05:00;24537.5;24560.0;24525.0;24546.5;56.80;6.21;20.32;64.29;46.33;0.059;NEUTRE;0;26.5;1;0
2026.05.08 04:00;24528.5;24551.5;24506.0;24537.5;57.36;3.43;23.44;45.71;31.69;0.022;NEUTRE;0;13.1;0;0
2026.05.08 03:00;24523.0;24547.5;24511.0;24528.5;54.72;3.96;25.36;29.00;19.89;-0.014;NEUTRE;0;-11.2;0;0
2026.05.08 02:00;24522.5;24555.0;24483.5;24523.0;51.91;4.57;29.26;20.36;13.56;-0.037;NEUTRE;0;-38.1;-1;0
2026.05.08 01:00;24527.5;24560.0;24514.0;24522.5;48.67;5.27;27.20;10.31;10.38;-0.039;NEUTRE;0;;;0
2026.05.08 00:00;24532.0;24559.5;24502.5;24527.5;45.77;5.92;31.38;10.01;10.51;-0.018;NEUTRE;0;;;0
2026.05.07 19:00;24560.0;24582.5;24491.0;24500.5;42.31;6.83;36.21;10.82;9.86;-2.106;EXPLOSIVE_DOWN;-3;-78;-3;1
2026.05.07 18:00;24595.5;24611.0;24509.5;24560.0;38.31;7.88;38.67;10.70;8.18;-1.868;EXPLOSIVE_DOWN;-3;-77.2;-3;1
2026.05.07 17:00;24644.0;24664.5;24524.5;24596.0;34.02;9.09;42.35;8.07;8.49;-1.724;STRONG_DOWN;-2;-76.9;-3;1
2026.05.07 16:00;24705.5;24718.0;24630.5;24644.0;29.31;10.49;37.22;5.75;14.92;-1.532;STRONG_DOWN;-2;-76.1;-3;1
2026.05.07 15:00;24839.0;24842.5;24692.0;24705.5;25.20;12.10;32.13;11.65;22.47;-1.287;STRONG_DOWN;-2;-74.6;-3;1
2026.05.07 14:00;24892.0;24895.5;24810.5;24839.0;22.11;13.96;24.96;27.35;26.06;-0.753;SOFT_DOWN;-1;-66.3;-3;1
2026.05.07 13:00;25002.5;25002.5;24848.0;24893.0;21.16;16.11;22.01;28.41;20.12;-0.537;SOFT_DOWN;-1;-60.2;-2;1
2026.05.07 12:00;24948.5;25032.5;24942.0;25002.5;22.03;18.59;16.04;22.42;13.21;-0.100;NEUTRE;0;-19.4;0;1
2026.05.07 11:00;24942.5;24979.5;24927.5;24949.0;24.29;12.43;18.50;9.53;11.24;-0.314;NEUTRE;0;-50.4;-2;1
2026.05.07 10:00;24960.0;24990.5;24929.5;24942.5;25.01;14.35;20.76;7.70;19.11;-0.340;NEUTRE;0;-55.2;-2;1
2026.05.07 09:00;24971.5;25007.0;24947.5;24961.5;26.04;16.55;19.41;16.50;29.63;-0.264;NEUTRE;0;-51.2;-2;1
2026.05.07 08:00;25036.0;25064.0;24962.5;24972.0;28.83;19.10;18.52;33.13;39.96;-0.222;NEUTRE;0;-49.6;-2;1
2026.05.07 07:00;25046.5;25104.5;25005.5;25036.0;33.02;22.04;14.85;39.25;41.68;0.034;NEUTRE;0;11.6;0;1
2026.05.07 06:00;25013.5;25059.0;24991.5;25048.5;35.11;18.36;17.14;47.50;47.05;0.084;NEUTRE;0;30.7;1;0
2026.05.07 05:00;25052.5;25066.0;25010.0;25013.5;39.98;21.19;15.56;38.29;51.63;-0.056;NEUTRE;0;-25.4;-1;0
2026.05.07 04:00;25036.0;25064.0;25028.5;25052.5;43.78;24.44;12.87;55.36;61.21;0.100;NEUTRE;0;46.6;2;0
2026.05.07 03:00;25051.0;25056.0;25034.0;25036.0;45.74;24.74;14.85;61.24;68.83;0.034;NEUTRE;0;25.6;1;0
2026.05.07 02:00;25061.0;25071.5;25045.0;25050.5;48.93;28.54;9.44;67.03;72.36;0.092;NEUTRE;0;62.8;2;0
2026.05.07 01:00;25034.5;25084.5;25013.0;25061.0;48.72;32.94;10.89;78.21;71.96;0.134;NEUTRE;0;;;0
2026.05.07 00:00;25027.5;25038.0;24999.0;25034.5;48.48;28.00;12.57;71.84;61.98;0.028;NEUTRE;0;;;0
2026.05.06 19:00;25029.0;25069.0;25026.0;25065.0;50.09;32.30;8.21;65.83;49.25;1.857;EXPLOSIVE_UP;3;76.4;3;1
2026.05.06 18:00;25005.5;25034.5;25003.0;25029.5;48.65;24.93;9.47;48.26;37.90;1.713;STRONG_UP;2;76.1;3;1
2026.05.06 17:00;24993.0;25016.5;24982.0;25006.0;49.22;19.98;10.93;33.68;30.12;1.617;STRONG_UP;2;76.1;3;1
2026.05.06 16:00;25003.0;25031.0;24978.0;24993.0;52.29;23.05;12.61;31.77;29.87;1.565;STRONG_UP;2;76.4;3;1
2026.05.06 15:00;25046.0;25067.0;24991.5;25003.0;55.84;26.59;10.64;24.91;35.95;1.605;STRONG_UP;2;77.5;3;1
2026.05.06 14:00;24969.0;25083.5;24937.0;25045.0;57.83;30.69;12.27;32.92;52.56;1.776;EXPLOSIVE_UP;3;79.5;3;1
2026.05.06 13:00;25029.0;25044.0;24924.5;24966.5;60.14;31.26;14.16;50.02;70.72;1.457;STRONG_UP;2;78.1;3;1
2026.05.06 12:00;25117.5;25121.5;24929.5;25029.5;63.60;36.07;15.70;74.75;84.51;1.713;STRONG_UP;2;80.6;3;1
2026.05.06 11:00;25208.5;25247.0;25107.5;25117.5;67.32;41.62;3.85;87.39;90.01;2.070;EXPLOSIVE_UP;3;82.8;3;1
2026.05.06 10:00;25117.0;25239.0;25099.0;25208.0;64.90;47.14;4.44;91.37;91.30;2.438;EXPLOSIVE_UP;3;84.5;3;1
2026.05.06 09:00;25097.0;25122.0;25013.5;25117.0;62.15;41.53;5.12;91.25;92.80;2.068;EXPLOSIVE_UP;3;84.1;3;1
2026.05.06 08:00;24856.5;25162.0;24848.5;25096.5;59.70;47.92;5.91;91.29;92.59;1.985;EXPLOSIVE_UP;3;84.6;3;1
2026.05.06 07:00;24723.5;24864.5;24712.5;24856.5;56.88;40.70;6.82;95.87;89.49;1.010;STRONG_UP;2;80.7;3;1
2026.05.06 06:00;24703.0;24733.5;24675.0;24722.5;54.67;33.70;7.87;90.62;80.58;0.465;NEUTRE;0;73;3;0
2026.05.06 05:00;24671.0;24706.0;24630.5;24702.5;53.52;31.65;9.08;81.99;73.86;0.384;NEUTRE;0;72.9;3;0
2026.05.06 04:00;24620.0;24691.5;24617.0;24671.0;53.22;33.56;10.48;69.13;72.72;0.256;NEUTRE;0;69.7;3;0
2026.05.06 03:00;24589.0;24645.5;24587.0;24619.5;53.34;29.23;12.09;70.46;78.30;0.047;NEUTRE;0;33.5;1;0
2026.05.06 02:00;24625.5;24633.5;24586.0;24590.5;55.17;30.57;13.95;78.57;84.16;-0.071;NEUTRE;0;-56.4;-2;0
2026.05.06 01:00;24647.0;24668.0;24619.5;24625.5;57.91;35.27;5.24;85.86;84.61;0.071;NEUTRE;0;;;0
2026.05.06 00:00;24608.0;24651.5;24604.0;24647.5;55.42;35.47;6.05;88.07;81.93;0.161;NEUTRE;0;;;0
2026.05.05 19:00;24501.0;24530.5;24491.0;24508.5;53.04;27.90;6.98;79.91;78.79;1.998;EXPLOSIVE_UP;3;77.3;3;1
2026.05.05 18:00;24481.0;24505.5;24476.0;24500.5;51.98;22.46;8.05;77.80;77.01;1.964;EXPLOSIVE_UP;3;77.8;3;1
2026.05.05 17:00;24475.5;24509.0;24466.5;24481.0;52.71;25.92;9.29;78.65;73.38;1.883;EXPLOSIVE_UP;3;78;3;1
2026.05.05 16:00;24505.5;24508.5;24472.5;24475.5;53.55;29.90;8.55;74.56;68.23;1.860;EXPLOSIVE_UP;3;78.5;3;1
2026.05.05 15:00;24420.5;24533.5;24414.5;24506.0;53.25;34.50;9.87;66.93;68.58;1.987;EXPLOSIVE_UP;3;79.9;3;1
2026.05.05 14:00;24392.5;24432.5;24318.0;24419.5;52.90;26.75;11.38;63.20;75.43;1.627;STRONG_UP;2;78.5;3;1
2026.05.05 13:00;24418.5;24462.0;24361.5;24392.5;54.84;30.87;7.29;75.62;85.48;1.515;STRONG_UP;2;78.5;3;1
2026.05.05 12:00;24417.5;24486.5;24387.0;24417.5;53.77;35.62;4.51;87.47;92.37;1.619;STRONG_UP;2;80.1;3;1
2026.05.05 11:00;24392.5;24457.5;24357.5;24417.5;50.11;36.61;5.20;93.37;93.32;1.619;STRONG_UP;2;80.9;3;1
2026.05.05 10:00;24355.5;24415.0;24339.5;24392.5;46.26;35.71;6.00;96.27;91.78;1.515;STRONG_UP;2;81.1;3;1
2026.05.05 09:00;24343.5;24368.5;24300.5;24355.5;42.42;31.73;6.92;90.33;86.87;1.361;STRONG_UP;2;81.1;3;1
2026.05.05 08:00;24223.5;24346.5;24216.0;24341.0;39.08;31.63;7.99;88.74;85.92;1.301;STRONG_UP;2;81.7;3;1
2026.05.05 07:00;24109.5;24304.5;24081.5;24226.0;35.91;31.54;9.22;81.53;83.02;0.822;SOFT_UP;1;78.6;3;1
2026.05.05 06:00;24056.5;24109.5;24012.0;24108.0;33.01;22.94;10.64;87.48;75.87;0.331;NEUTRE;0;66.8;3;0
2026.05.05 05:00;24024.0;24073.0;24009.5;24056.5;32.45;20.71;12.27;80.04;61.44;0.117;NEUTRE;0;44.7;1;0
2026.05.05 04:00;24023.0;24041.5;24017.5;24024.0;33.50;16.27;14.16;60.08;48.04;-0.019;NEUTRE;0;-11.4;0;0
2026.05.05 03:00;24006.5;24031.5;23997.0;24023.0;37.59;12.36;16.34;44.20;38.32;-0.023;NEUTRE;0;-18;0;0
2026.05.05 02:00;23999.5;24022.0;23994.5;24006.5;41.24;10.03;18.86;39.84;31.00;-0.092;NEUTRE;0;-62.8;-2;0
2026.05.05 01:00;24010.0;24018.0;23973.0;23999.0;42.89;9.33;21.76;30.91;24.59;-0.123;NEUTRE;0;;;0
2026.05.05 00:00;24028.5;24035.0;23986.5;24010.5;43.34;10.77;20.49;22.26;19.27;-0.075;NEUTRE;0;;;0
2026.05.04 19:00;23984.0;24019.0;23975.5;24014.0;45.22;7.35;23.64;20.59;16.58;-2.014;EXPLOSIVE_DOWN;-3;-77.4;-3;1
2026.05.04 18:00;24054.0;24073.0;23963.0;23984.0;44.09;8.48;27.28;14.95;13.12;-2.136;EXPLOSIVE_DOWN;-3;-78.7;-3;1
2026.05.04 17:00;23974.5;24084.0;23973.0;24054.5;42.79;9.79;30.07;14.19;14.87;-1.848;EXPLOSIVE_DOWN;-3;-77.7;-3;1
2026.05.04 16:00;24054.0;24064.0;23941.0;23974.5;41.54;8.52;34.70;10.20;22.16;-2.175;EXPLOSIVE_DOWN;-3;-80.1;-3;1
2026.05.04 15:00;24214.5;24254.5;24018.0;24053.5;38.61;9.83;30.41;20.23;35.28;-1.852;EXPLOSIVE_DOWN;-3;-79.2;-3;1
2026.05.04 14:00;24287.5;24318.0;24208.0;24213.0;36.68;11.34;22.73;36.07;47.56;-1.202;STRONG_DOWN;-2;-74.6;-3;1
2026.05.04 13:00;24345.0;24365.0;24253.5;24287.0;37.18;13.09;19.86;49.56;56.10;-0.900;SOFT_DOWN;-1;-71.2;-3;1
2026.05.04 12:00;24359.0;24410.5;24332.5;24345.0;39.74;15.10;12.02;57.05;58.26;-0.663;SOFT_DOWN;-1;-66.8;-3;1
2026.05.04 11:00;24371.0;24408.5;24297.0;24355.0;44.11;17.03;13.86;61.71;57.12;-0.622;SOFT_DOWN;-1;-67.3;-3;1
2026.05.04 10:00;24473.0;24494.0;24160.0;24367.0;49.32;19.65;16.00;56.03;49.04;-0.573;SOFT_DOWN;-1;-67.6;-3;1
2026.05.04 09:00;24393.0;24499.0;24389.0;24472.5;55.33;22.67;7.91;53.63;49.19;-0.143;NEUTRE;0;-33.9;-1;1
2026.05.04 08:00;24443.5;24450.5;24385.5;24394.5;56.41;19.38;9.13;37.45;47.78;-0.461;NEUTRE;0;-67.7;-3;1
2026.05.04 07:00;24408.0;24505.0;24358.0;24443.5;59.56;22.36;10.53;56.48;54.38;-0.261;NEUTRE;0;-57.6;-2;1
2026.05.04 06:00;24479.0;24492.5;24382.0;24411.5;63.19;25.80;9.64;49.40;50.93;-0.392;NEUTRE;0;-70.1;-3;0
2026.05.04 05:00;24437.0;24491.0;24433.5;24479.0;65.90;29.77;3.95;57.27;50.07;-0.116;NEUTRE;0;-44.5;-1;0
2026.05.04 04:00;24452.0;24457.0;24423.0;24437.0;64.26;25.25;4.56;46.13;44.31;-0.288;NEUTRE;0;-71.8;-3;0
2026.05.04 03:00;24447.0;24467.0;24427.0;24451.5;63.47;29.13;3.45;46.80;40.94;-0.229;NEUTRE;0;-72.8;-3;0
2026.05.04 02:00;24439.0;24459.0;24416.0;24447.0;61.11;30.54;3.98;40.00;37.28;-0.247;NEUTRE;0;-79.2;-3;0
2026.05.04 01:00;24426.0;24443.0;24393.5;24439.5;58.68;29.51;4.60;36.01;41.25;-0.277;NEUTRE;0;;;0
2026.05.04 00:00;24507.5;24512.5;24387.5;24426.0;56.46;34.05;5.30;35.85;54.48;-0.333;NEUTRE;0;;;0
2026.05.01 18:00;24401.5;24401.5;24401.5;24401.5;53.91;25.63;6.12;51.91;71.00;0.000;NEUTRE;0;0;0;1
2026.05.01 05:00;24401.5;24401.5;24401.5;24401.5;52.75;29.57;7.06;75.68;82.35;0.000;NEUTRE;0;0;0;0
2026.04.30 19:00;24415.0;24445.5;24395.5;24407.5;51.42;34.12;8.15;85.41;84.78;1.658;STRONG_UP;2;74.9;3;1
2026.04.30 18:00;24405.5;24439.5;24404.0;24415.0;49.87;39.37;6.79;85.96;83.98;1.689;STRONG_UP;2;75.9;3;1
2026.04.30 17:00;24378.0;24416.5;24377.5;24405.5;46.69;35.46;7.83;82.96;81.50;1.649;STRONG_UP;2;76.3;3;1
2026.04.30 16:00;24380.5;24398.5;24366.5;24378.0;44.05;33.82;9.04;83.02;80.74;1.535;STRONG_UP;2;76.2;3;1
2026.04.30 15:00;24340.5;24429.5;24330.5;24380.0;41.93;39.02;10.43;78.51;81.58;1.543;STRONG_UP;2;77.1;3;1
2026.04.30 14:00;24211.0;24371.5;24195.5;24340.5;39.48;36.01;12.03;80.68;86.96;1.379;STRONG_UP;2;76.5;3;1
2026.04.30 13:00;24271.0;24310.0;24195.5;24206.5;37.88;36.18;13.88;85.55;92.12;0.821;SOFT_UP;1;69.5;3;1
2026.04.30 12:00;24241.0;24315.5;24225.5;24271.0;36.85;41.74;11.99;94.65;94.22;1.089;STRONG_UP;2;75.4;3;1
2026.04.30 11:00;24164.0;24255.5;24164.0;24241.0;34.00;37.91;13.83;96.17;92.45;0.964;SOFT_UP;1;74.9;3;1
2026.04.30 10:00;24096.5;24172.5;24093.5;24163.5;32.07;29.86;15.96;91.85;82.60;0.641;SOFT_UP;1;69.8;3;1
2026.04.30 09:00;23983.5;24124.0;23977.0;24096.5;32.34;25.01;18.41;89.33;66.54;0.362;NEUTRE;0;59.6;2;1
2026.04.30 08:00;23985.5;24041.5;23978.0;23983.5;34.98;20.22;21.24;66.61;42.05;-0.108;NEUTRE;0;-29.7;-1;1
2026.04.30 07:00;23823.5;24006.0;23770.0;23985.5;39.98;14.73;24.51;43.66;22.16;-0.100;NEUTRE;0;-31.2;-1;1
2026.04.30 06:00;23794.0;23838.0;23726.0;23823.5;42.29;6.05;28.28;15.87;10.18;-0.775;SOFT_DOWN;-1;-79.6;-3;0
2026.04.30 05:00;23767.5;23846.5;23762.0;23794.0;38.84;6.98;27.69;6.95;18.10;-0.898;SOFT_DOWN;-1;-82.5;-3;0
2026.04.30 04:00;23901.0;23902.0;23756.5;23767.5;35.62;8.05;31.95;7.72;38.94;-1.008;STRONG_DOWN;-2;-84.6;-3;0
2026.04.30 03:00;23934.5;23942.0;23897.5;23901.0;31.91;9.29;21.96;39.62;56.71;-0.452;NEUTRE;0;-81.1;-3;0
2026.04.30 02:00;24045.5;24053.0;23910.0;23934.5;30.58;10.72;21.01;69.47;56.90;-0.312;NEUTRE;0;-81.4;-3;0
2026.04.30 01:00;24024.5;24047.0;24002.0;24045.5;30.30;12.37;14.35;61.04;42.35;0.150;NEUTRE;0;;;0
2026.04.30 00:00;24009.5;24035.0;23991.0;24024.5;33.82;10.17;16.56;40.19;30.67;0.062;NEUTRE;0;;;0
2026.04.29 19:00;23974.0;23996.0;23933.5;23943.0;35.35;5.21;19.10;25.84;24.21;-0.884;SOFT_DOWN;-1;-63.1;-2;1
2026.04.29 18:00;24000.0;24014.5;23902.5;23973.5;32.00;6.02;22.04;26.00;26.41;-0.758;SOFT_DOWN;-1;-60.7;-2;1
2026.04.29 17:00;23979.5;24007.0;23939.5;24000.0;28.14;6.94;20.35;20.78;31.11;-0.648;SOFT_DOWN;-1;-58.2;-2;1
2026.04.29 16:00;24003.5;24029.0;23937.5;23979.5;24.91;8.01;23.48;32.45;43.81;-0.733;SOFT_DOWN;-1;-62.7;-2;1
2026.04.29 15:00;24113.0;24126.0;23975.0;24003.0;21.18;9.24;20.79;40.09;50.18;-0.635;SOFT_DOWN;-1;-60.8;-2;1
2026.04.29 14:00;24057.0;24127.5;24051.0;24111.5;18.52;10.66;16.24;58.90;53.19;-0.186;NEUTRE;0;-29.4;-1;1
2026.04.29 13:00;24119.0;24162.5;23992.5;24057.0;18.18;12.30;18.74;51.55;43.76;-0.412;NEUTRE;0;-53.3;-2;1
2026.04.29 12:00;24127.0;24146.5;24080.5;24118.5;17.79;14.20;13.66;49.12;32.91;-0.157;NEUTRE;0;-29;-1;1
2026.04.29 11:00;24105.5;24139.0;24079.0;24126.5;20.23;14.63;15.76;30.60;19.94;-0.124;NEUTRE;0;-25.5;-1;1
2026.04.29 10:00;24053.5;24149.0;24041.0;24107.0;22.77;16.88;18.19;19.02;15.01;-0.205;NEUTRE;0;-40.9;-1;1
2026.04.29 09:00;24068.5;24122.0;24034.0;24053.5;25.70;15.63;20.99;10.21;22.30;-0.426;NEUTRE;0;-63.5;-2;1
2026.04.29 08:00;24118.0;24149.0;24042.5;24068.5;27.40;18.04;22.73;15.81;40.70;-0.364;NEUTRE;0;-62.6;-2;1
2026.04.29 07:00;24168.0;24217.5;24108.5;24119.0;29.85;20.81;16.69;40.89;62.17;-0.155;NEUTRE;0;-43.1;-1;1
2026.04.29 06:00;24214.0;24244.5;24166.5;24168.0;32.75;24.02;11.07;65.39;70.33;0.048;NEUTRE;0;18.7;0;0
2026.04.29 05:00;24173.0;24225.5;24172.0;24215.0;32.11;23.96;12.77;80.22;67.04;0.242;NEUTRE;0;64;2;0
2026.04.29 04:00;24154.0;24190.0;24151.0;24173.0;32.37;17.44;14.74;65.38;60.95;0.068;NEUTRE;0;35.7;1;0
2026.04.29 03:00;24141.5;24163.0;24133.5;24154.0;36.05;9.47;17.01;55.51;57.71;-0.010;NEUTRE;0;-8;0;0
2026.04.29 02:00;24138.5;24168.5;24138.0;24141.0;37.22;10.93;17.28;61.95;56.48;-0.064;NEUTRE;0;-53.6;-2;0
2026.04.29 01:00;24169.0;24169.0;24113.0;24138.5;39.49;12.61;19.94;55.69;47.99;-0.075;NEUTRE;0;;;0
2026.04.29 00:00;24156.5;24179.5;24152.0;24169.0;42.10;14.55;12.29;51.79;45.05;0.052;NEUTRE;0;;;0
2026.04.28 19:00;24116.5;24133.0;24101.0;24125.5;47.28;3.54;14.18;36.49;44.28;-0.673;SOFT_DOWN;-1;-56.3;-2;1
2026.04.28 18:00;24112.5;24133.0;24101.5;24116.5;45.32;4.09;16.12;46.87;49.27;-0.710;SOFT_DOWN;-1;-59.1;-2;1
2026.04.28 17:00;24129.0;24137.5;24100.5;24112.5;43.14;4.72;18.60;49.47;50.04;-0.727;SOFT_DOWN;-1;-61.1;-2;1
2026.04.28 16:00;24152.5;24176.5;24113.0;24127.5;40.62;5.44;16.26;51.47;51.41;-0.665;SOFT_DOWN;-1;-60.4;-2;1
2026.04.28 15:00;24147.5;24183.0;24095.0;24152.5;39.20;6.28;18.77;49.19;48.58;-0.562;SOFT_DOWN;-1;-57.8;-2;1
2026.04.28 14:00;24153.0;24171.5;24071.0;24147.0;37.56;5.24;21.65;53.57;49.77;-0.585;SOFT_DOWN;-1;-60.5;-2;1
2026.04.28 13:00;24187.5;24193.0;24102.5;24153.0;33.95;6.04;20.16;42.99;49.83;-0.560;SOFT_DOWN;-1;-61.3;-2;1
2026.04.28 12:00;24094.5;24201.0;24020.0;24187.5;30.88;6.97;23.26;52.74;62.84;-0.418;NEUTRE;0;-55.9;-2;1
2026.04.28 11:00;24268.5;24286.0;24076.0;24094.5;27.34;8.05;22.08;53.75;70.22;-0.801;SOFT_DOWN;-1;-72;-3;1
2026.04.28 10:00;24239.0;24276.5;24221.0;24268.5;24.38;9.28;14.86;82.03;73.42;-0.084;NEUTRE;0;-19.6;0;1
2026.04.28 09:00;24262.0;24280.0;24216.0;24239.0;24.58;10.71;17.14;74.88;61.35;-0.206;NEUTRE;0;-44.1;-1;1
2026.04.28 08:00;24243.5;24276.0;24150.5;24262.0;24.81;11.40;19.78;63.35;48.37;-0.111;NEUTRE;0;-30.4;-1;1
2026.04.28 07:00;24204.5;24247.5;24118.0;24243.5;24.48;9.66;22.82;45.80;43.49;-0.187;NEUTRE;0;-48.5;-2;1
2026.04.28 06:00;24217.0;24235.0;24182.5;24208.0;22.02;11.14;18.67;35.96;46.68;-0.333;NEUTRE;0;-66.9;-3;0
2026.04.28 05:00;24280.5;24285.5;24181.0;24214.0;21.52;12.86;21.54;48.70;48.56;-0.309;NEUTRE;0;-69.1;-3;0
2026.04.28 04:00;24267.0;24295.0;24256.5;24280.5;20.94;14.83;13.74;55.37;44.61;-0.035;NEUTRE;0;-20.3;0;0
2026.04.28 03:00;24247.5;24276.0;24240.0;24266.0;23.58;9.52;15.86;41.62;40.72;-0.095;NEUTRE;0;-53.3;-2;0
2026.04.28 02:00;24251.0;24273.0;24239.0;24247.5;23.37;9.71;18.30;36.84;44.63;-0.171;NEUTRE;0;-74.6;-3;0
2026.04.28 01:00;24259.0;24286.5;24243.5;24250.5;22.24;11.20;19.08;43.69;49.09;-0.159;NEUTRE;0;;;0
2026.04.28 00:00;24289.0;24289.0;24238.0;24259.0;21.66;12.92;22.01;53.37;48.53;-0.124;NEUTRE;0;;;0
2026.04.27 19:00;24265.0;24283.0;24229.0;24232.0;21.00;13.29;25.40;50.21;41.82;-0.243;NEUTRE;0;-28.4;-1;1
2026.04.27 18:00;24264.0;24282.0;24251.5;24265.0;19.41;15.34;22.89;42.01;32.00;-0.107;NEUTRE;0;-14.1;0;1
2026.04.27 17:00;24266.5;24294.0;24238.5;24264.0;19.36;17.70;26.41;33.23;23.99;-0.111;NEUTRE;0;-15.4;0;1
2026.04.27 16:00;24270.5;24285.0;24254.0;24266.5;19.30;20.42;26.18;20.75;18.59;-0.101;NEUTRE;0;-15;0;1
2026.04.27 15:00;24220.0;24275.0;24174.5;24270.5;20.37;18.60;30.21;17.98;26.33;-0.084;NEUTRE;0;-13.3;0;1
2026.04.27 14:00;24317.5;24323.5;24216.0;24220.0;19.84;21.46;28.50;17.04;42.52;-0.292;NEUTRE;0;-41.4;-1;1
2026.04.27 13:00;24335.5;24379.0;24255.5;24315.0;20.73;24.76;27.24;43.97;66.06;0.099;NEUTRE;0;17.9;0;1
2026.04.27 12:00;24462.0;24468.5;24326.0;24336.0;23.19;28.57;22.64;66.55;81.31;0.185;NEUTRE;0;33.1;1;1
2026.04.27 11:00;24464.5;24511.0;24445.5;24461.5;24.97;32.97;13.23;87.67;81.56;0.702;SOFT_UP;1;69.7;3;1
2026.04.27 10:00;24401.5;24477.0;24389.0;24464.5;22.24;30.06;15.26;89.72;66.92;0.714;SOFT_UP;1;71.7;3;1
2026.04.27 09:00;24352.0;24415.0;24348.0;24401.5;20.64;23.84;17.61;67.30;44.77;0.455;NEUTRE;0;65;2;1
2026.04.27 08:00;24290.0;24375.0;24263.5;24352.0;21.50;18.33;20.32;43.75;33.26;0.251;NEUTRE;0;53;2;1
2026.04.27 07:00;24304.5;24364.5;24284.0;24291.0;24.02;21.14;20.62;23.27;33.38;0.000;NEUTRE;0;0;0;1
2026.04.27 06:00;24292.5;24327.0;24281.0;24312.0;27.52;17.23;23.79;32.77;46.34;0.086;NEUTRE;0;31.2;1;0
2026.04.27 05:00;24333.0;24334.0;24270.5;24292.5;29.29;19.88;27.45;44.11;61.61;0.006;NEUTRE;0;2.9;0;0
2026.04.27 04:00;24356.5;24367.5;24324.5;24333.0;31.34;22.94;18.59;62.14;69.69;0.173;NEUTRE;0;61.4;2;0
2026.04.27 03:00;24362.0;24374.5;24350.5;24355.5;34.54;26.47;12.15;78.56;72.55;0.266;NEUTRE;0;75.1;3;0
2026.04.27 02:00;24393.0;24399.0;24354.0;24362.0;34.15;30.54;11.77;68.36;66.43;0.292;NEUTRE;0;80.8;3;0
2026.04.27 01:00;24312.0;24394.5;24310.0;24393.0;32.58;33.70;13.58;70.73;65.91;0.420;NEUTRE;0;;;0
2026.04.27 00:00;24291.0;24328.0;24270.0;24311.0;31.05;26.78;15.67;60.20;62.69;0.082;NEUTRE;0;;;0
2026.04.24 19:00;24351.0;24388.0;24351.0;24387.0;31.80;30.90;7.43;66.81;61.59;0.214;NEUTRE;0;25.5;1;1
2026.04.24 18:00;24356.0;24359.0;24333.0;24351.0;27.27;23.60;8.57;61.06;55.61;0.066;NEUTRE;0;8.8;0;1
2026.04.24 17:00;24339.5;24391.0;24324.0;24355.5;24.28;27.23;9.89;56.90;49.36;0.084;NEUTRE;0;11.8;0;1
2026.04.24 16:00;24336.0;24351.5;24298.0;24339.5;20.83;22.34;11.41;48.85;43.79;0.018;NEUTRE;0;2.7;0;1
2026.04.24 15:00;24284.5;24430.5;24249.0;24336.0;19.05;25.78;13.17;42.33;43.51;0.004;NEUTRE;0;0.6;0;1
2026.04.24 14:00;24251.5;24311.5;24223.0;24284.5;17.00;19.66;15.20;40.20;45.61;-0.208;NEUTRE;0;-32.2;-1;1
2026.04.24 13:00;24269.0;24310.0;24236.5;24250.0;17.65;22.69;15.19;48.00;46.21;-0.349;NEUTRE;0;-48.7;-2;1
2026.04.24 12:00;24344.0;24392.0;24215.0;24268.5;17.32;26.18;17.52;48.64;37.30;-0.273;NEUTRE;0;-43.9;-1;1
2026.04.24 11:00;24206.0;24465.0;24203.5;24343.0;16.94;30.20;20.22;42.00;31.73;0.033;NEUTRE;0;7.2;0;1
2026.04.24 10:00;24161.5;24231.5;24159.0;24203.0;16.50;21.14;23.33;21.27;35.78;-0.542;SOFT_DOWN;-1;-66.4;-3;1
2026.04.24 09:00;24175.0;24202.5;24123.0;24161.5;18.28;18.24;26.92;31.93;56.69;-0.713;SOFT_DOWN;-1;-73.4;-3;1
2026.04.24 08:00;24309.5;24337.0;24151.5;24175.0;18.13;21.04;25.55;54.14;71.56;-0.657;SOFT_DOWN;-1;-74;-3;1
2026.04.24 07:00;24318.0;24355.0;24249.0;24309.5;19.43;24.28;21.39;84.00;72.15;-0.105;NEUTRE;0;-32.4;-1;1
2026.04.24 06:00;24332.5;24353.0;24305.5;24321.0;21.45;28.02;16.48;76.55;54.24;-0.058;NEUTRE;0;-22.3;0;0
2026.04.24 05:00;24261.0;24339.0;24256.5;24333.0;20.76;27.79;19.02;55.90;44.11;-0.008;NEUTRE;0;-3.9;0;0
2026.04.24 04:00;24209.5;24267.0;24196.0;24261.0;21.07;18.64;21.94;30.28;46.60;-0.304;NEUTRE;0;-72.7;-3;0
2026.04.24 03:00;24196.0;24232.0;24175.0;24209.5;23.06;13.92;25.32;46.14;59.26;-0.516;SOFT_DOWN;-1;-82.2;-3;0
2026.04.24 02:00;24253.0;24253.0;24181.0;24195.5;22.14;16.07;27.59;63.37;64.71;-0.573;SOFT_DOWN;-1;-85.3;-3;0
2026.04.24 01:00;24298.5;24303.0;24227.0;24253.0;21.48;18.54;22.01;68.28;60.98;-0.337;NEUTRE;0;;;0
2026.04.24 00:00;24335.0;24342.5;24281.5;24298.5;23.47;21.39;14.36;62.49;57.14;-0.150;NEUTRE;0;;;0
2026.04.23 19:00;24197.0;24242.5;24174.0;24226.0;24.06;11.47;16.57;52.17;58.27;0.238;NEUTRE;0;27.9;1;1
2026.04.23 18:00;24172.5;24272.5;24160.0;24197.5;24.96;13.24;19.12;56.77;70.10;0.120;NEUTRE;0;15.8;0;1
2026.04.23 17:00;24369.0;24374.5;23980.0;24173.0;26.01;15.28;22.07;65.88;79.19;0.019;NEUTRE;0;2.7;0;1
2026.04.23 16:00;24361.0;24392.5;24329.5;24368.5;27.21;17.63;11.83;87.65;82.76;0.828;SOFT_UP;1;65.5;3;1
2026.04.23 15:00;24337.5;24399.5;24209.0;24361.0;28.37;20.34;13.65;84.03;76.56;0.796;SOFT_UP;1;66;3;1
2026.04.23 14:00;24298.5;24345.0;24270.0;24337.5;29.71;23.47;10.82;76.59;69.93;0.699;SOFT_UP;1;64.7;2;1
2026.04.23 13:00;24265.5;24326.0;24228.5;24294.5;28.60;23.18;12.49;69.05;63.01;0.521;SOFT_UP;1;59.5;2;1
2026.04.23 12:00;24274.5;24347.0;24175.5;24264.0;28.39;26.75;14.41;64.15;57.22;0.395;NEUTRE;0;54.3;2;1
2026.04.23 11:00;24255.0;24292.5;24185.0;24274.5;28.15;25.97;16.63;55.84;57.14;0.439;NEUTRE;0;59.4;2;1
2026.04.23 10:00;24180.5;24262.5;24155.5;24255.0;29.10;25.68;19.19;51.66;64.41;0.358;NEUTRE;0;56.6;2;1
2026.04.23 09:00;24193.5;24240.5;24133.0;24180.0;31.35;26.46;22.14;63.92;74.33;0.048;NEUTRE;0;12.7;0;1
2026.04.23 08:00;24304.5;24307.0;24192.0;24193.5;34.81;30.54;17.10;77.66;70.84;0.103;NEUTRE;0;28.6;1;1
2026.04.23 07:00;24178.0;24333.5;24169.0;24305.5;35.82;35.23;19.73;81.40;53.77;0.567;SOFT_UP;1;73.7;3;1
2026.04.23 06:00;24148.5;24191.0;24148.0;24177.5;37.00;27.33;22.77;53.45;30.66;0.037;NEUTRE;0;14.6;0;0
2026.04.23 05:00;24080.5;24149.0;24075.5;24149.0;41.29;16.50;26.27;26.45;17.91;-0.081;NEUTRE;0;-34.4;-1;0
2026.04.23 04:00;24035.5;24084.0;24022.5;24080.0;44.13;5.44;30.31;12.09;20.15;-0.366;NEUTRE;0;-75.5;-3;0
2026.04.23 03:00;24055.5;24081.5;24011.5;24036.0;40.21;5.65;34.97;15.18;32.84;-0.548;SOFT_DOWN;-1;-82.6;-3;0
2026.04.23 02:00;24138.5;24141.5;24050.5;24054.5;35.29;6.52;31.78;33.19;46.65;-0.472;NEUTRE;0;-84.3;-3;0
2026.04.23 01:00;24241.5;24244.0;24132.0;24138.5;30.57;7.52;22.89;50.15;51.33;-0.124;NEUTRE;0;;;0
2026.04.23 00:00;24168.5;24295.5;24029.5;24241.0;27.50;8.68;26.41;56.60;44.02;0.300;NEUTRE;0;;;0
2026.04.22 19:00;24320.5;24366.5;24279.0;24363.0;23.95;10.01;18.97;47.24;34.43;-0.084;NEUTRE;0;-10.6;0;1
2026.04.22 18:00;24363.5;24363.5;24302.0;24320.5;22.88;11.55;17.84;28.23;25.61;-0.258;NEUTRE;0;-31.2;-1;1
2026.04.22 17:00;24329.5;24381.5;24324.5;24364.0;23.11;13.33;15.00;27.82;25.49;-0.080;NEUTRE;0;-11.3;0;1
2026.04.22 16:00;24347.5;24364.0;24323.0;24328.5;25.76;10.66;17.31;20.77;27.77;-0.226;NEUTRE;0;-30.9;-1;1
2026.04.22 15:00;24332.0;24367.0;24308.0;24335.0;26.06;12.30;19.97;27.88;36.25;-0.199;NEUTRE;0;-29.3;-1;1
2026.04.22 14:00;24373.0;24406.5;24296.5;24331.0;26.40;14.19;23.05;34.66;40.92;-0.215;NEUTRE;0;-33;-1;1
2026.04.22 13:00;24378.0;24455.5;24349.5;24373.0;26.81;16.37;19.18;46.20;39.97;-0.043;NEUTRE;0;-8;0;1
2026.04.22 12:00;24430.0;24465.0;24365.0;24378.0;29.71;18.89;19.88;41.91;33.86;-0.023;NEUTRE;0;-4.6;0;1
2026.04.22 11:00;24377.5;24448.0;24369.5;24430.0;33.89;19.18;22.94;31.79;31.86;0.191;NEUTRE;0;36.3;1;1
2026.04.22 10:00;24363.0;24395.0;24305.5;24378.0;37.73;11.74;26.47;27.88;42.68;-0.023;NEUTRE;0;-5.6;0;1
2026.04.22 09:00;24434.0;24472.5;24346.5;24363.0;37.61;13.55;23.50;35.91;59.23;-0.084;NEUTRE;0;-21.6;0;1
2026.04.22 08:00;24455.5;24473.5;24362.0;24434.0;39.26;15.63;25.22;64.24;73.03;0.207;NEUTRE;0;47.6;2;1
2026.04.22 07:00;24510.5;24543.0;24455.5;24455.5;41.69;18.04;16.20;77.54;75.56;0.295;NEUTRE;0;60.7;2;1
2026.04.22 06:00;24469.5;24506.0;24450.0;24506.0;47.28;14.31;18.69;77.31;75.63;0.502;NEUTRE;0;74.2;3;0
2026.04.22 05:00;24353.5;24494.5;24347.5;24469.5;52.51;13.35;21.56;71.81;78.44;0.353;NEUTRE;0;71.5;3;0
2026.04.22 04:00;24370.0;24396.0;24350.0;24354.0;56.97;5.10;24.88;77.77;82.57;-0.121;NEUTRE;0;-52;-2;0
2026.04.22 03:00;24395.0;24403.0;24359.5;24370.0;55.58;5.88;25.53;85.75;75.74;-0.055;NEUTRE;0;-37.8;-1;0
2026.04.22 02:00;24372.0;24407.0;24372.0;24394.0;54.50;6.78;25.04;84.18;59.30;0.043;NEUTRE;0;42.3;1;0
2026.04.22 01:00;24395.0;24401.0;24356.0;24372.0;54.06;5.19;28.89;57.28;37.79;-0.047;NEUTRE;0;;;0
2026.04.22 00:00;24383.5;24412.5;24367.0;24395.0;51.68;5.99;29.57;36.44;23.43;0.047;NEUTRE;0;;;0
2026.04.21 19:00;24347.0;24404.5;24175.0;24228.0;49.43;6.24;34.12;19.66;14.67;-1.722;STRONG_DOWN;-2;-75.4;-3;1
2026.04.21 18:00;24360.0;24395.0;24299.5;24347.0;46.40;7.20;31.03;14.19;9.24;-1.239;STRONG_DOWN;-2;-71.1;-3;1
2026.04.21 17:00;24355.0;24412.5;24281.5;24359.5;43.95;8.31;35.80;10.14;8.22;-1.189;STRONG_DOWN;-2;-71.3;-3;1
2026.04.21 16:00;24406.0;24455.5;24354.5;24355.5;41.13;9.59;32.73;3.39;9.03;-1.205;STRONG_DOWN;-2;-72.6;-3;1
2026.04.21 15:00;24442.5;24477.5;24379.5;24406.0;39.04;11.06;33.96;11.12;14.78;-1.000;STRONG_DOWN;-2;-70.5;-3;1
2026.04.21 14:00;24627.5;24627.5;24434.5;24441.0;37.23;12.77;30.55;12.56;22.07;-0.858;SOFT_DOWN;-1;-68.9;-3;1
2026.04.21 13:00;24609.0;24632.5;24561.5;24626.5;36.64;14.73;25.13;20.64;37.70;-0.105;NEUTRE;0;-18.9;0;1
2026.04.21 12:00;24667.5;24675.5;24595.0;24609.0;38.26;17.00;21.74;33.00;57.03;-0.176;NEUTRE;0;-31.8;-1;1
2026.04.21 11:00;24744.5;24747.5;24665.5;24667.5;42.27;19.61;11.61;59.45;69.80;0.061;NEUTRE;0;13.2;0;1
2026.04.21 10:00;24735.0;24748.5;24699.0;24744.0;44.82;22.63;7.11;78.64;70.97;0.371;NEUTRE;0;57.5;2;1
2026.04.21 09:00;24734.5;24760.5;24695.5;24735.5;43.69;26.11;8.20;71.31;65.39;0.337;NEUTRE;0;57.8;2;1
2026.04.21 08:00;24709.5;24762.5;24664.5;24734.0;42.38;30.13;9.46;62.95;64.24;0.331;NEUTRE;0;60.3;2;1
2026.04.21 07:00;24669.5;24754.5;24647.0;24709.0;40.87;33.51;10.92;61.90;69.82;0.229;NEUTRE;0;54.2;2;1
2026.04.21 06:00;24697.5;24707.5;24651.5;24674.0;39.33;31.94;12.60;67.86;77.31;0.087;NEUTRE;0;31.5;1;0
2026.04.21 05:00;24671.0;24719.5;24669.5;24698.5;38.70;36.85;9.59;79.69;83.68;0.187;NEUTRE;0;57.7;2;0
2026.04.21 04:00;24651.5;24676.0;24648.5;24670.5;35.63;29.13;11.07;84.38;87.41;0.073;NEUTRE;0;37.7;1;0
2026.04.21 03:00;24657.5;24660.5;24633.5;24651.5;34.19;24.94;12.77;86.98;90.50;-0.004;NEUTRE;0;-3.2;0;0
2026.04.21 02:00;24657.0;24670.5;24647.5;24657.5;34.49;28.78;6.76;90.88;87.76;0.020;NEUTRE;0;22.9;0;0
2026.04.21 01:00;24654.0;24666.0;24632.5;24657.5;30.26;30.20;7.79;93.64;78.57;0.020;NEUTRE;0;;;0
2026.04.21 00:00;24652.5;24665.0;24625.0;24654.0;25.84;34.39;8.99;78.77;62.89;0.006;NEUTRE;0;;;0
2026.04.20 19:00;24588.5;24618.0;24584.5;24616.0;20.81;24.92;10.38;63.29;50.09;0.195;NEUTRE;0;23.5;0;1
2026.04.20 18:00;24578.0;24598.5;24567.5;24588.0;17.68;19.80;11.97;46.63;41.62;0.081;NEUTRE;0;10.8;0;1
2026.04.20 17:00;24547.0;24593.5;24544.0;24577.5;16.61;20.36;13.82;40.35;46.29;0.039;NEUTRE;0;5.5;0;1
2026.04.20 16:00;24559.0;24564.0;24533.5;24547.0;16.22;14.33;15.94;37.87;55.41;-0.085;NEUTRE;0;-12.7;0;1
2026.04.20 15:00;24565.5;24605.5;24544.0;24559.0;17.89;16.53;13.10;60.65;67.30;-0.037;NEUTRE;0;-6;0;1
2026.04.20 14:00;24653.5;24654.5;24496.0;24565.5;18.86;19.08;15.11;67.72;66.16;-0.010;NEUTRE;0;-1.7;0;1
2026.04.20 13:00;24517.0;24657.5;24499.5;24653.0;19.98;22.01;17.10;73.53;61.48;0.346;NEUTRE;0;48.4;2;1
2026.04.20 12:00;24545.0;24554.5;24503.5;24518.0;21.12;15.37;19.73;57.25;51.62;-0.204;NEUTRE;0;-35.7;-1;1
2026.04.20 11:00;24533.0;24551.5;24496.5;24545.0;22.46;16.83;22.77;53.67;44.52;-0.094;NEUTRE;0;-19.9;0;1
2026.04.20 10:00;24524.5;24570.0;24514.0;24533.5;23.60;19.42;21.37;43.95;35.60;-0.140;NEUTRE;0;-30.7;-1;1
2026.04.20 09:00;24496.0;24541.5;24485.0;24524.0;26.50;14.57;24.66;35.94;29.90;-0.179;NEUTRE;0;-40.1;-1;1
2026.04.20 08:00;24516.5;24530.0;24444.0;24496.0;26.62;13.68;28.45;26.93;27.32;-0.293;NEUTRE;0;-57.2;-2;1
2026.04.20 07:00;24513.5;24612.0;24487.0;24516.5;25.32;15.79;25.14;26.82;25.43;-0.210;NEUTRE;0;-51.8;-2;1
2026.04.20 06:00;24532.0;24555.5;24480.5;24509.5;25.70;11.26;29.01;28.21;22.40;-0.238;NEUTRE;0;-59.2;-2;0
2026.04.20 05:00;24573.5;24574.0;24490.0;24533.5;22.87;13.00;31.52;21.27;18.62;-0.140;NEUTRE;0;-49.8;-2;0
2026.04.20 04:00;24582.0;24595.0;24546.5;24574.0;19.99;15.00;26.02;17.73;16.70;0.024;NEUTRE;0;14.3;0;0
2026.04.20 03:00;24598.0;24611.0;24580.0;24582.0;18.93;17.30;19.40;16.85;17.16;0.057;NEUTRE;0;38.8;1;0
2026.04.20 02:00;24611.5;24615.5;24588.5;24598.5;20.96;19.97;18.17;15.51;17.46;0.124;NEUTRE;0;69.1;3;0
2026.04.20 01:00;24581.0;24628.0;24580.5;24611.5;23.46;23.04;20.96;19.12;21.07;0.177;NEUTRE;0;;;0
2026.04.20 00:00;24568.0;24594.5;24549.0;24581.0;26.35;15.73;24.19;17.74;33.06;0.053;NEUTRE;0;;;0
2026.04.17 19:00;24774.5;24818.5;24770.0;24807.5;27.14;18.15;14.75;26.35;51.63;2.175;EXPLOSIVE_UP;3;78.3;3;1
2026.04.17 18:00;24807.5;24815.0;24761.0;24774.5;29.73;19.83;17.02;55.09;71.23;2.039;EXPLOSIVE_UP;3;78.2;3;1
2026.04.17 17:00;24863.5;24870.5;24741.0;24807.0;33.13;22.88;19.64;73.46;81.53;2.173;EXPLOSIVE_UP;3;79.5;3;1
2026.04.17 16:00;24871.0;24886.5;24836.5;24864.0;37.05;26.41;11.32;85.13;86.09;2.407;EXPLOSIVE_UP;3;81.1;3;1
2026.04.17 15:00;24913.0;24924.0;24849.5;24871.0;36.60;30.47;9.06;85.99;84.33;2.436;EXPLOSIVE_UP;3;81.7;3;1
2026.04.17 14:00;24824.5;24964.5;24806.0;24913.0;33.90;35.15;10.45;87.13;81.48;2.609;EXPLOSIVE_UP;3;82.8;3;1
2026.04.17 13:00;24776.5;24901.5;24743.5;24824.0;30.78;34.45;12.06;79.87;77.52;2.243;EXPLOSIVE_UP;3;82.2;3;1
2026.04.17 12:00;24427.5;24838.5;24414.0;24776.0;28.11;33.61;13.92;77.44;80.03;2.045;EXPLOSIVE_UP;3;82.1;3;1
2026.04.17 11:00;24472.5;24488.5;24414.0;24427.5;26.06;26.10;16.06;75.25;84.93;0.610;SOFT_UP;1;66.9;3;1
2026.04.17 10:00;24490.5;24498.0;24441.5;24472.0;26.41;30.12;12.85;87.40;88.74;0.793;SOFT_UP;1;73.4;3;1
2026.04.17 09:00;24477.5;24525.5;24451.0;24491.0;24.29;34.75;12.24;92.13;83.85;0.871;SOFT_UP;1;76.3;3;1
2026.04.17 08:00;24398.0;24479.5;24388.0;24477.5;20.66;30.60;14.13;86.69;72.09;0.816;SOFT_UP;1;77;3;1
2026.04.17 07:00;24297.0;24408.5;24281.0;24398.0;18.18;23.36;16.30;72.73;63.01;0.488;NEUTRE;0;71.3;3;1
2026.04.17 06:00;24321.0;24335.0;24272.0;24295.5;18.23;18.09;18.81;56.84;60.59;0.066;NEUTRE;0;25;0;0
2026.04.17 05:00;24315.0;24337.5;24293.5;24321.0;20.74;20.87;16.45;59.46;66.11;0.171;NEUTRE;0;55.4;2;0
2026.04.17 04:00;24296.5;24320.5;24286.5;24315.5;22.10;18.14;18.98;65.48;75.14;0.148;NEUTRE;0;57.4;2;0
2026.04.17 03:00;24317.5;24320.0;24286.5;24296.5;25.16;20.70;21.90;73.39;76.74;0.070;NEUTRE;0;44.6;1;0
2026.04.17 02:00;24322.5;24333.0;24314.5;24317.5;28.60;23.89;12.41;86.56;70.53;0.157;NEUTRE;0;73.3;3;0
2026.04.17 01:00;24330.5;24336.5;24306.5;24322.5;28.13;27.57;14.32;70.26;51.55;0.177;NEUTRE;0;;;0
2026.04.17 00:00;24279.5;24339.0;24265.5;24330.5;27.59;31.81;16.52;54.79;34.20;0.210;NEUTRE;0;;;0
2026.04.16 19:00;24274.5;24288.0;24260.0;24270.5;26.97;26.02;19.07;29.62;22.74;-0.066;NEUTRE;0;-8.4;0;1
2026.04.16 18:00;24252.0;24277.0;24238.0;24274.5;28.75;23.98;22.00;18.21;20.38;-0.049;NEUTRE;0;-6.6;0;1
2026.04.16 17:00;24255.0;24262.0;24216.5;24252.0;32.51;21.76;25.38;20.40;25.06;-0.142;NEUTRE;0;-19.5;0;1
2026.04.16 16:00;24329.0;24337.5;24253.0;24255.0;36.33;25.11;16.95;22.53;35.07;-0.130;NEUTRE;0;-19;0;1
2026.04.16 15:00;24293.0;24361.5;24291.0;24329.5;38.93;28.97;12.64;32.25;52.52;0.177;NEUTRE;0;26.5;1;1
2026.04.16 14:00;24306.0;24343.5;24266.0;24293.5;38.88;29.50;14.58;50.42;73.81;0.029;NEUTRE;0;5;0;1
2026.04.16 13:00;24400.0;24424.5;24255.0;24306.0;39.66;34.03;16.82;74.88;87.16;0.080;NEUTRE;0;14.6;0;1
2026.04.16 12:00;24397.0;24415.0;24370.0;24400.5;40.55;39.27;8.97;96.11;86.56;0.469;NEUTRE;0;58.8;2;1
2026.04.16 11:00;24361.0;24400.0;24349.0;24397.0;37.13;40.18;10.36;90.49;71.53;0.455;NEUTRE;0;60.3;2;1
2026.04.16 10:00;24315.5;24363.5;24312.0;24361.0;33.76;35.35;11.95;73.09;56.80;0.307;NEUTRE;0;52.4;2;1
2026.04.16 09:00;24284.5;24322.0;24276.0;24315.5;31.34;28.40;13.79;51.03;50.41;0.119;NEUTRE;0;29.2;1;1
2026.04.16 08:00;24268.5;24290.5;24221.5;24284.0;30.84;22.23;15.91;46.28;55.94;-0.010;NEUTRE;0;-3;0;1
2026.04.16 07:00;24326.0;24327.0;24226.0;24268.5;33.03;25.65;17.35;53.92;62.76;-0.074;NEUTRE;0;-24.1;0;1
2026.04.16 06:00;24315.5;24353.0;24309.0;24326.0;35.15;29.60;7.38;67.61;67.15;0.163;NEUTRE;0;49;2;0
2026.04.16 05:00;24296.5;24321.5;24285.0;24315.5;31.31;23.13;8.51;66.76;67.57;0.119;NEUTRE;0;45.2;2;0
2026.04.16 04:00;24291.0;24303.5;24277.5;24296.0;29.02;19.11;9.82;67.08;71.70;0.039;NEUTRE;0;22.4;0;0
2026.04.16 03:00;24293.5;24320.5;24285.0;24291.0;28.55;22.05;6.90;68.87;74.27;0.019;NEUTRE;0;15;0;0
2026.04.16 02:00;24280.0;24299.0;24275.5;24294.0;24.89;16.12;7.96;79.14;77.21;0.031;NEUTRE;0;33.3;1;0
2026.04.16 01:00;24311.0;24312.0;24271.0;24279.0;23.50;18.60;9.18;74.81;68.45;-0.031;NEUTRE;0;;;0
2026.04.16 00:00;24286.5;24320.0;24277.0;24312.0;21.90;21.46;8.34;77.69;56.07;0.105;NEUTRE;0;;;0
2026.04.15 19:00;24266.0;24277.0;24240.0;24245.0;18.50;15.94;9.63;52.84;37.75;0.000;NEUTRE;0;0;0;1
2026.04.15 18:00;24217.5;24270.0;24207.0;24265.5;17.54;15.49;11.11;37.66;33.21;0.085;NEUTRE;0;11.3;0;1
2026.04.15 17:00;24204.5;24237.5;24203.5;24217.5;17.71;9.93;12.82;22.74;40.34;-0.113;NEUTRE;0;-15.7;0;1
2026.04.15 16:00;24228.5;24255.0;24190.0;24204.5;18.49;11.46;14.79;39.22;53.61;-0.167;NEUTRE;0;-23.8;0;1
2026.04.15 15:00;24263.0;24281.0;24222.0;24228.0;19.38;13.22;9.49;59.05;59.68;-0.070;NEUTRE;0;-11.2;0;1
2026.04.15 14:00;24274.0;24294.0;24233.0;24263.0;19.83;15.26;8.08;62.57;55.13;0.074;NEUTRE;0;12.6;0;1
2026.04.15 13:00;24231.0;24291.5;24217.0;24276.0;18.15;16.98;9.33;57.43;50.25;0.128;NEUTRE;0;22.6;0;1
2026.04.15 12:00;24241.0;24249.5;24201.5;24231.0;16.47;10.91;10.76;45.39;51.37;-0.058;NEUTRE;0;-11.6;0;1
2026.04.15 11:00;24210.0;24310.0;24197.0;24241.0;18.90;12.59;12.42;47.95;58.45;-0.016;NEUTRE;0;-3.5;0;1
2026.04.15 10:00;24218.5;24260.0;24167.5;24210.0;21.70;7.72;14.33;60.78;68.62;-0.144;NEUTRE;0;-31.4;-1;1
2026.04.15 09:00;24264.5;24276.5;24202.0;24218.5;20.43;8.91;10.80;66.62;69.99;-0.109;NEUTRE;0;-27.1;-1;1
2026.04.15 08:00;24220.0;24278.0;24187.0;24264.5;22.10;10.28;12.46;78.45;65.45;0.080;NEUTRE;0;22.9;0;1
2026.04.15 07:00;24243.5;24268.5;24203.5;24220.0;24.03;11.87;11.58;64.89;49.51;-0.103;NEUTRE;0;-31.9;-1;1
2026.04.15 06:00;24192.0;24255.0;24189.0;24243.5;27.55;10.50;13.37;53.02;34.28;-0.006;NEUTRE;0;-2.4;0;0
2026.04.15 05:00;24184.5;24232.5;24153.5;24192.0;29.94;6.87;15.42;30.62;25.85;-0.219;NEUTRE;0;-61.7;-2;0
2026.04.15 04:00;24205.0;24215.5;24182.5;24185.5;28.63;7.92;12.15;19.20;24.61;-0.245;NEUTRE;0;-68.9;-3;0
2026.04.15 03:00;24193.0;24214.5;24184.0;24205.0;29.80;9.14;13.32;27.73;34.12;-0.165;NEUTRE;0;-66.8;-3;0
2026.04.15 02:00;24216.0;24216.5;24182.5;24193.0;31.52;10.55;15.36;26.89;42.60;-0.214;NEUTRE;0;-77.5;-3;0
2026.04.15 01:00;24220.5;24237.5;24204.0;24214.5;33.51;12.17;8.00;47.76;52.66;-0.126;NEUTRE;0;;;0
2026.04.15 00:00;24245.0;24245.0;24204.0;24220.5;35.49;14.04;9.23;53.15;52.87;-0.101;NEUTRE;0;;;0
2026.04.14 19:00;24222.5;24243.0;24212.5;24229.0;37.77;16.20;7.46;57.06;55.16;0.452;NEUTRE;0;45.2;2;1
2026.04.14 18:00;24221.5;24242.0;24200.5;24222.5;37.90;18.19;8.61;48.39;58.71;0.425;NEUTRE;0;45;1;1
2026.04.14 17:00;24205.5;24237.0;24205.5;24221.5;38.23;20.99;9.93;60.03;67.88;0.421;NEUTRE;0;46.3;2;1
2026.04.14 16:00;24236.5;24259.0;24201.5;24205.0;38.61;24.22;11.46;67.73;70.51;0.352;NEUTRE;0;43;1;1
2026.04.14 15:00;24231.5;24249.0;24172.5;24236.5;39.05;25.27;13.23;75.89;69.89;0.483;NEUTRE;0;53.7;2;1
2026.04.14 14:00;24227.0;24265.5;24213.0;24231.5;40.25;29.15;7.12;67.91;62.25;0.462;NEUTRE;0;54.4;2;1
2026.04.14 13:00;24196.5;24237.5;24181.5;24227.0;37.09;25.43;8.21;65.86;57.61;0.444;NEUTRE;0;55.3;2;1
2026.04.14 12:00;24183.5;24270.0;24161.5;24196.5;34.92;29.35;9.47;52.97;56.91;0.317;NEUTRE;0;48.2;2;1
2026.04.14 11:00;24125.5;24224.0;24115.0;24183.0;32.42;27.34;10.93;53.99;65.75;0.261;NEUTRE;0;45.1;2;1
2026.04.14 10:00;24147.0;24162.0;24109.0;24126.5;30.81;22.80;12.61;63.76;78.68;0.027;NEUTRE;0;6.5;0;1
2026.04.14 09:00;24209.0;24229.0;24117.0;24147.0;31.12;26.30;12.23;79.50;85.64;0.112;NEUTRE;0;27.8;1;1
2026.04.14 08:00;24172.0;24213.5;24142.0;24209.0;30.29;30.35;10.68;92.80;78.43;0.369;NEUTRE;0;62.9;2;1
2026.04.14 07:00;24116.0;24191.5;24075.0;24172.0;27.58;30.28;12.32;84.63;56.56;0.216;NEUTRE;0;52.6;2;1
2026.04.14 06:00;24079.0;24121.5;24072.0;24116.0;25.33;25.70;14.22;57.87;34.02;-0.017;NEUTRE;0;-6.8;0;0
2026.04.14 05:00;24055.0;24091.5;24039.0;24079.5;24.80;20.33;16.40;27.18;24.39;-0.168;NEUTRE;0;-54.9;-2;0
2026.04.14 04:00;24055.5;24068.5;24050.5;24055.0;26.97;16.72;18.93;17.01;38.34;-0.269;NEUTRE;0;-70.6;-3;0
2026.04.14 03:00;24069.0;24070.5;24047.5;24055.5;30.17;19.29;21.84;28.97;61.60;-0.267;NEUTRE;0;-75.1;-3;0
2026.04.14 02:00;24071.0;24091.5;24061.5;24069.0;33.86;22.26;15.83;69.04;83.77;-0.211;NEUTRE;0;-77.4;-3;0
2026.04.14 01:00;24098.5;24100.0;24064.0;24070.0;36.47;25.68;16.99;86.79;92.64;-0.207;NEUTRE;0;;;0
2026.04.14 00:00;24120.0;24120.0;24096.0;24099.0;38.95;29.63;5.93;95.48;94.70;-0.087;NEUTRE;0;;;0
2026.04.13 19:00;24081.0;24110.0;24056.0;24108.0;34.69;27.78;6.84;95.65;93.20;1.934;EXPLOSIVE_UP;3;76.9;3;1
2026.04.13 18:00;24048.0;24089.5;24047.5;24081.0;30.72;26.21;7.89;92.98;91.86;1.820;EXPLOSIVE_UP;3;76.8;3;1
2026.04.13 17:00;24035.5;24070.0;24032.0;24047.5;27.18;23.10;9.11;90.97;91.43;1.679;STRONG_UP;2;76.5;3;1
2026.04.13 16:00;23901.0;24072.5;23886.5;24035.5;24.67;26.66;10.51;91.61;89.41;1.628;STRONG_UP;2;76.9;3;1
2026.04.13 15:00;23918.0;23934.0;23879.0;23901.0;21.78;19.30;12.12;91.70;78.88;1.059;STRONG_UP;2;71.5;3;1
2026.04.13 14:00;23896.5;23930.0;23856.5;23918.0;21.62;21.15;13.99;84.91;62.70;1.131;STRONG_UP;2;73.7;3;1
2026.04.13 13:00;23723.5;23920.5;23720.5;23897.0;21.81;22.42;16.14;60.04;50.04;1.042;STRONG_UP;2;73.6;3;1
2026.04.13 12:00;23668.0;23724.5;23653.0;23723.5;22.66;10.79;18.62;43.17;52.55;0.309;NEUTRE;0;47.5;2;1
2026.04.13 11:00;23749.0;23783.0;23661.0;23668.0;22.05;12.45;19.77;46.91;62.90;0.074;NEUTRE;0;15.9;0;1
2026.04.13 10:00;23735.0;23764.0;23726.0;23746.5;21.95;14.36;14.61;67.58;71.52;0.406;NEUTRE;0;59.8;2;1
2026.04.13 09:00;23750.5;23787.5;23708.5;23735.0;25.19;16.57;16.86;74.21;66.32;0.357;NEUTRE;0;59.2;2;1
2026.04.13 08:00;23758.0;23791.0;23723.0;23750.0;28.94;19.12;16.63;72.77;55.48;0.421;NEUTRE;0;65.8;3;1
2026.04.13 07:00;23684.0;23767.5;23684.0;23758.0;32.31;16.75;19.19;51.99;40.60;0.455;NEUTRE;0;70;3;1
2026.04.13 06:00;23658.5;23713.0;23645.5;23685.0;36.24;9.28;22.14;41.68;33.52;0.146;NEUTRE;0;45.8;2;0
2026.04.13 05:00;23693.0;23696.5;23653.5;23658.5;35.53;6.95;25.54;28.15;28.78;0.034;NEUTRE;0;16.1;0;0
2026.04.13 04:00;23679.5;23707.0;23666.5;23693.0;32.19;8.02;24.82;30.73;30.21;0.180;NEUTRE;0;62.3;2;0
2026.04.13 03:00;23710.0;23716.0;23663.5;23679.5;29.27;9.26;28.64;27.47;31.96;0.123;NEUTRE;0;60;2;0
2026.04.13 02:00;23727.0;23730.5;23686.5;23710.0;25.91;10.68;26.31;32.41;34.15;0.252;NEUTRE;0;79.4;3;0
2026.04.13 01:00;23736.0;23748.5;23704.0;23727.5;23.39;12.32;24.23;36.00;32.55;0.326;NEUTRE;0;;;0
2026.04.13 00:00;23650.5;23748.0;23601.0;23736.0;21.98;14.05;27.96;34.03;27.11;0.362;NEUTRE;0;;;0
2026.04.10 19:00;23959.0;23982.0;23946.0;23970.5;20.26;16.21;17.90;27.61;19.77;-0.326;NEUTRE;0;-36;-1;1
2026.04.10 18:00;23946.5;23964.0;23926.0;23959.0;22.62;11.01;20.65;19.69;13.25;-0.374;NEUTRE;0;-41.3;-1;1
2026.04.10 17:00;23957.0;23959.0;23890.0;23946.5;21.41;10.68;23.83;12.00;13.78;-0.426;NEUTRE;0;-46.7;-2;1
2026.04.10 16:00;23921.0;23965.5;23910.0;23957.5;18.84;12.32;23.04;8.06;26.02;-0.380;NEUTRE;0;-45.2;-2;1
2026.04.10 15:00;24049.0;24078.0;23913.0;23920.5;17.07;14.21;25.75;21.29;45.67;-0.534;SOFT_DOWN;-1;-56.4;-2;1
2026.04.10 14:00;24095.5;24157.0;24037.0;24049.0;15.25;16.40;18.15;48.70;64.67;0.000;NEUTRE;0;0;0;1
2026.04.10 13:00;24152.0;24181.0;24048.0;24104.5;16.82;18.92;19.53;67.03;76.35;0.231;NEUTRE;0;36.9;1;1
2026.04.10 12:00;24139.5;24230.5;24129.5;24152.0;19.17;21.84;13.11;78.26;76.36;0.428;NEUTRE;0;56.5;2;1
2026.04.10 11:00;24159.0;24205.0;24129.0;24139.5;18.27;21.31;15.13;83.76;66.82;0.376;NEUTRE;0;55.3;2;1
2026.04.10 10:00;24109.5;24186.0;24061.0;24159.0;18.48;20.74;17.45;67.06;46.63;0.457;NEUTRE;0;62.7;2;1
2026.04.10 09:00;23959.5;24127.5;23957.0;24109.0;19.99;16.73;20.14;49.63;37.00;0.249;NEUTRE;0;49.5;2;1
2026.04.10 08:00;24034.0;24043.5;23945.0;23960.0;21.65;11.73;23.24;23.21;35.75;-0.370;NEUTRE;0;-62.9;-2;1
2026.04.10 07:00;24028.0;24052.0;23977.0;24034.0;19.92;13.53;21.81;38.15;48.29;-0.062;NEUTRE;0;-20.6;0;1
2026.04.10 06:00;24070.0;24086.0;24017.0;24034.0;19.38;15.62;16.97;45.89;56.99;-0.062;NEUTRE;0;-23.6;0;0
2026.04.10 05:00;24083.5;24102.5;24060.5;24070.5;21.72;18.02;9.88;60.83;62.58;0.089;NEUTRE;0;37;1;0
2026.04.10 04:00;24073.5;24107.5;24061.5;24083.0;20.57;20.79;11.03;64.24;60.22;0.141;NEUTRE;0;56.2;2;0
2026.04.10 03:00;24069.5;24091.0;24056.0;24073.5;19.01;18.47;12.73;62.67;60.67;0.102;NEUTRE;0;55.2;2;0
2026.04.10 02:00;24078.0;24082.0;24046.0;24069.5;19.11;17.36;14.68;53.74;62.64;0.085;NEUTRE;0;60.9;2;0
2026.04.10 01:00;24047.0;24106.0;24031.0;24078.5;20.76;20.03;16.94;65.59;71.44;0.123;NEUTRE;0;;;0
2026.04.10 00:00;24049.0;24052.5;24025.0;24048.5;22.67;12.13;19.55;68.60;76.37;-0.002;NEUTRE;0;;;0
2026.04.09 19:00;24048.0;24091.0;24039.0;24064.0;22.56;14.00;17.03;80.14;82.65;-0.313;NEUTRE;0;-34.9;-1;1
2026.04.09 18:00;24094.0;24094.0;24008.0;24047.5;24.53;16.15;19.65;80.38;78.98;-0.381;NEUTRE;0;-41.9;-1;1
2026.04.09 17:00;24066.0;24117.0;24048.5;24093.0;26.80;18.64;15.43;87.44;68.60;-0.193;NEUTRE;0;-25.7;-1;1
2026.04.09 16:00;24062.5;24122.0;24035.0;24066.0;29.47;21.50;17.81;69.10;46.26;-0.304;NEUTRE;0;-38.8;-1;1
2026.04.09 15:00;23889.5;24073.5;23851.0;24062.5;32.56;16.24;20.55;49.24;31.88;-0.319;NEUTRE;0;-42;-1;1
2026.04.09 14:00;23896.0;23913.0;23853.0;23889.5;35.77;7.64;23.71;20.43;22.40;-1.036;STRONG_DOWN;-2;-72.3;-3;1
2026.04.09 13:00;23952.5;23963.5;23868.0;23896.0;33.38;8.81;23.51;25.98;22.36;-1.009;STRONG_DOWN;-2;-73.1;-3;1
2026.04.09 12:00;24010.0;24029.5;23944.0;23952.5;31.52;10.17;14.88;20.78;17.22;-0.775;SOFT_DOWN;-1;-69.9;-3;1
2026.04.09 11:00;23948.0;24025.5;23933.0;24010.0;33.47;11.01;17.17;20.33;14.98;-0.536;SOFT_DOWN;-1;-64.1;-2;1
2026.04.09 10:00;23982.5;23997.5;23945.5;23948.5;35.26;8.05;19.82;10.55;15.21;-0.791;SOFT_DOWN;-1;-73.4;-3;1
2026.04.09 09:00;23944.0;23996.0;23927.0;23982.0;34.19;8.84;22.86;14.07;26.10;-0.652;SOFT_DOWN;-1;-71.9;-3;1
2026.04.09 08:00;24020.0;24025.5;23939.0;23944.0;32.65;10.21;23.71;21.02;39.05;-0.810;SOFT_DOWN;-1;-76.9;-3;1
2026.04.09 07:00;24128.0;24188.5;23978.0;24019.5;31.54;11.78;20.42;43.21;41.86;-0.497;NEUTRE;0;-71.6;-3;1
2026.04.09 06:00;24111.5;24153.0;24074.0;24127.0;32.27;13.59;16.54;52.93;32.96;-0.052;NEUTRE;0;-20.1;0;0
2026.04.09 05:00;24074.5;24148.5;24062.0;24111.5;35.72;14.80;19.09;29.45;20.52;-0.116;NEUTRE;0;-44.5;-1;0
2026.04.09 04:00;24070.0;24083.5;24059.5;24074.5;39.27;5.52;22.02;16.48;14.54;-0.269;NEUTRE;0;-70.6;-3;0
2026.04.09 03:00;24080.0;24094.0;24056.5;24070.0;36.09;6.37;25.41;15.63;17.76;-0.288;NEUTRE;0;-76.2;-3;0
2026.04.09 02:00;24089.0;24098.0;24073.0;24079.5;32.42;7.34;22.55;11.52;19.86;-0.249;NEUTRE;0;-79.3;-3;0
2026.04.09 01:00;24094.5;24109.0;24047.0;24089.0;29.58;8.47;26.02;26.14;28.51;-0.209;NEUTRE;0;;;0
2026.04.09 00:00;24139.5;24156.0;24094.0;24094.5;26.31;9.78;18.36;21.92;32.03;-0.186;NEUTRE;0;;;0
2026.04.08 19:00;24118.0;24227.0;24102.5;24226.0;25.66;11.28;20.20;37.46;43.45;0.994;STRONG_UP;2;65.7;3;1
2026.04.08 18:00;24235.0;24261.5;24111.5;24118.5;25.26;13.02;22.19;36.72;48.88;0.546;SOFT_UP;1;52.1;2;1
2026.04.08 17:00;24266.0;24276.5;24200.5;24236.5;25.13;15.02;16.48;56.17;55.90;1.038;STRONG_UP;2;68.8;3;1
2026.04.08 16:00;24278.5;24301.0;24240.0;24266.5;28.29;17.33;11.02;53.75;59.53;1.163;STRONG_UP;2;72;3;1
2026.04.08 15:00;24204.5;24295.0;24149.5;24279.0;29.21;18.49;12.71;57.78;68.47;1.215;STRONG_UP;2;73.7;3;1
2026.04.08 14:00;24262.0;24303.5;24143.0;24204.0;30.86;21.33;14.67;67.05;72.96;0.903;SOFT_UP;1;69.9;3;1
2026.04.08 13:00;24322.5;24350.5;24201.5;24260.0;32.76;24.61;11.32;80.60;66.22;1.136;STRONG_UP;2;74.9;3;1
2026.04.08 12:00;24295.5;24353.5;24207.5;24322.5;32.11;28.40;12.44;71.23;48.75;1.397;STRONG_UP;2;78.5;3;1
2026.04.08 11:00;24231.0;24332.0;24206.0;24295.5;31.04;30.50;14.35;46.84;29.87;1.284;STRONG_UP;2;78.6;3;1
2026.04.08 10:00;24130.0;24254.0;24102.0;24231.0;30.27;25.67;16.56;28.19;22.57;1.015;STRONG_UP;2;76.9;3;1
2026.04.08 09:00;24152.5;24196.5;24063.5;24130.5;31.61;23.80;19.11;14.58;28.94;0.596;SOFT_UP;1;70.4;3;1
2026.04.08 08:00;24142.0;24204.0;24087.5;24152.0;34.80;27.46;19.27;24.94;50.62;0.686;SOFT_UP;1;74.6;3;1
2026.04.08 07:00;24316.5;24336.5;24129.5;24143.0;37.45;31.69;16.69;47.28;73.18;0.648;SOFT_UP;1;75.7;3;1
2026.04.08 06:00;24293.5;24425.0;24256.0;24315.0;38.45;36.56;9.86;79.62;88.83;1.365;STRONG_UP;2;84.1;3;0
2026.04.08 05:00;24283.5;24308.5;24201.0;24291.5;35.51;31.58;11.37;92.63;94.43;1.267;STRONG_UP;2;84.7;3;0
2026.04.08 04:00;24192.5;24316.5;24191.5;24283.5;33.74;36.44;13.12;94.25;95.80;1.234;STRONG_UP;2;85.6;3;0
2026.04.08 03:00;24208.0;24224.5;24172.0;24193.0;31.69;30.72;15.14;96.40;94.48;0.857;SOFT_UP;1;85.3;3;0
2026.04.08 02:00;24229.5;24257.5;24199.0;24210.5;31.34;35.45;9.56;96.76;89.60;0.930;SOFT_UP;1;87.1;3;0
2026.04.08 01:00;24107.0;24234.5;24074.0;24229.0;27.31;34.85;11.03;90.29;79.62;1.007;STRONG_UP;2;;;0
2026.04.08 00:00;23987.5;24159.5;23987.5;24107.0;23.53;33.02;12.73;81.75;71.13;0.498;NEUTRE;0;;;0
2026.04.07 19:00;23194.0;23567.5;23166.5;23364.5;20.32;26.65;14.69;66.82;60.22;-0.379;NEUTRE;0;-40.2;-1;1
2026.04.07 18:00;23237.5;23256.0;23181.5;23194.0;18.99;18.80;16.94;64.83;46.38;-1.106;STRONG_DOWN;-2;-69;-3;1
2026.04.07 17:00;23207.5;23283.0;23167.5;23237.5;21.12;21.69;19.55;49.02;27.80;-0.921;SOFT_DOWN;-1;-66.4;-3;1
2026.04.07 16:00;23090.0;23237.5;23082.5;23208.0;23.57;18.97;22.56;25.29;14.21;-1.047;STRONG_DOWN;-2;-70.1;-3;1
2026.04.07 15:00;23065.0;23123.5;23025.0;23089.5;25.86;10.57;26.03;9.09;8.39;-1.552;STRONG_DOWN;-2;-77.1;-3;1
2026.04.07 14:00;23111.0;23225.5;23015.0;23064.5;23.34;12.20;30.03;8.26;9.76;-1.659;STRONG_DOWN;-2;-78.7;-3;1
2026.04.07 13:00;23261.5;23313.5;23109.5;23111.0;20.44;14.07;27.75;7.83;19.34;-1.460;STRONG_DOWN;-2;-78.1;-3;1
2026.04.07 12:00;23276.5;23365.5;23195.0;23261.5;18.55;16.24;25.57;13.20;37.10;-0.819;SOFT_DOWN;-1;-70.9;-3;1
2026.04.07 11:00;23301.0;23358.5;23249.0;23275.5;17.97;18.73;24.63;36.98;60.94;-0.759;SOFT_DOWN;-1;-71.1;-3;1
2026.04.07 10:00;23550.0;23567.5;23272.0;23297.0;18.64;21.62;25.19;61.12;74.68;-0.667;SOFT_DOWN;-1;-70.5;-3;1
2026.04.07 09:00;23505.0;23587.0;23500.0;23549.5;20.33;24.94;17.19;84.72;69.97;0.409;NEUTRE;0;62.5;2;1
2026.04.07 08:00;23352.5;23562.0;23347.0;23505.0;20.63;24.36;19.84;78.20;48.19;0.220;NEUTRE;0;49.3;2;1
2026.04.07 07:00;23334.0;23377.0;23267.0;23352.5;22.24;14.87;22.89;46.99;24.01;-0.431;NEUTRE;0;-69;-3;1
2026.04.07 06:00;23302.5;23337.0;23249.0;23332.5;22.39;11.56;26.41;19.39;10.68;-0.516;SOFT_DOWN;-1;-74.6;-3;0
2026.04.07 05:00;23308.0;23326.0;23281.0;23301.0;19.82;13.34;24.88;5.65;7.23;-0.650;SOFT_DOWN;-1;-79.7;-3;0
2026.04.07 04:00;23341.5;23369.0;23305.5;23307.5;18.22;15.39;20.34;6.99;13.92;-0.623;SOFT_DOWN;-1;-81.4;-3;0
2026.04.07 03:00;23358.0;23362.5;23331.0;23341.0;18.89;17.76;17.29;9.03;25.18;-0.480;NEUTRE;0;-81.6;-3;0
2026.04.07 02:00;23353.0;23374.5;23327.5;23357.5;21.59;20.49;19.94;25.75;46.34;-0.409;NEUTRE;0;-83.4;-3;0
2026.04.07 01:00;23451.5;23468.0;23341.5;23353.5;24.70;23.65;18.43;40.75;66.77;-0.426;NEUTRE;0;;;0
2026.04.07 00:00;23453.5;23537.0;23445.5;23451.5;26.60;27.29;8.62;72.51;81.38;-0.009;NEUTRE;0;;;0
2026.04.03 18:00;23373.0;23373.0;23373.0;23373.0;22.69;16.10;9.94;87.04;84.73;0.000;NEUTRE;0;0;0;1
2026.04.03 05:00;23373.0;23373.0;23373.0;23373.0;22.54;18.57;11.47;84.59;82.56;0.000;NEUTRE;0;0;0;0
2026.04.02 19:00;23359.5;23379.0;23343.0;23373.0;22.38;21.43;13.24;82.56;80.46;-0.388;NEUTRE;0;-40.8;-1;1
2026.04.02 18:00;23339.5;23374.5;23338.0;23359.5;22.18;22.81;15.28;80.54;78.88;-0.445;NEUTRE;0;-46.3;-2;1
2026.04.02 17:00;23310.0;23389.0;23302.5;23339.5;22.55;26.32;17.63;78.29;77.50;-0.531;SOFT_DOWN;-1;-52.9;-2;1
2026.04.02 16:00;23286.5;23338.5;23247.0;23310.0;22.98;21.38;20.34;77.83;72.63;-0.656;SOFT_DOWN;-1;-60;-2;1
2026.04.02 15:00;23314.5;23342.5;23247.0;23286.5;26.13;24.67;23.47;76.39;57.93;-0.756;SOFT_DOWN;-1;-64.9;-2;1
2026.04.02 14:00;23069.5;23434.0;23027.0;23315.0;29.76;28.47;27.08;63.68;37.46;-0.635;SOFT_DOWN;-1;-62.5;-2;1
2026.04.02 13:00;22936.5;23074.5;22922.5;23067.0;33.96;19.26;31.24;33.71;22.52;-1.692;STRONG_DOWN;-2;-79.7;-3;1
2026.04.02 12:00;22896.0;22963.0;22847.0;22936.5;35.53;10.94;36.05;15.00;26.72;-2.248;EXPLOSIVE_DOWN;-3;-82.8;-3;1
2026.04.02 11:00;22997.0;23016.5;22895.0;22895.0;32.78;12.62;35.23;18.86;46.46;-2.425;EXPLOSIVE_DOWN;-3;-83.9;-3;1
2026.04.02 10:00;23077.0;23083.5;22961.5;22997.0;30.55;14.56;32.23;46.30;65.11;-1.990;EXPLOSIVE_DOWN;-3;-83.2;-3;1
2026.04.02 09:00;23134.0;23149.0;23054.0;23077.0;29.44;16.80;25.52;74.24;60.07;-1.649;STRONG_DOWN;-2;-82.7;-3;1
2026.04.02 08:00;23171.0;23179.0;23103.0;23133.0;30.80;19.38;21.51;74.78;38.68;-1.411;STRONG_DOWN;-2;-82.4;-3;1
2026.04.02 07:00;23074.0;23175.5;23065.5;23171.0;34.73;21.66;24.82;31.20;14.73;-1.249;STRONG_DOWN;-2;-82.5;-3;1
2026.04.02 06:00;22988.5;23080.0;22988.5;23072.0;39.03;11.63;28.64;10.07;5.80;-1.671;STRONG_DOWN;-2;-85.2;-3;0
2026.04.02 05:00;23024.0;23055.0;22980.5;22988.5;38.54;9.22;33.04;2.92;4.32;-2.027;EXPLOSIVE_DOWN;-3;-86.7;-3;0
2026.04.02 04:00;23051.0;23068.0;22996.5;23025.0;35.79;10.64;34.82;4.41;10.32;-1.871;EXPLOSIVE_DOWN;-3;-87.1;-3;0
2026.04.02 03:00;23114.5;23114.5;23041.5;23051.0;33.11;12.27;30.50;5.64;22.26;-1.760;EXPLOSIVE_DOWN;-3;-87.7;-3;0
2026.04.02 02:00;23157.5;23168.0;23087.5;23114.5;31.65;14.16;25.50;20.91;39.12;-1.490;STRONG_DOWN;-2;-88.2;-3;0
2026.04.02 01:00;23526.5;23527.5;23118.5;23160.0;32.12;16.34;23.49;40.24;50.12;-1.296;STRONG_DOWN;-2;;;0
2026.04.02 00:00;23464.0;23533.5;23447.0;23526.5;34.30;18.85;14.75;56.23;56.41;0.266;NEUTRE;0;;;0
2026.04.01 19:00;23403.0;23531.5;23396.0;23506.0;37.70;21.40;17.02;53.90;64.05;1.014;STRONG_UP;2;66.1;3;1
2026.04.01 18:00;23495.0;23498.0;23367.0;23403.0;41.74;20.88;19.64;59.11;71.60;0.572;SOFT_UP;1;53.4;2;1
2026.04.01 17:00;23540.0;23562.5;23494.0;23495.0;47.69;24.10;7.75;79.15;72.91;0.967;SOFT_UP;1;67.4;3;1
2026.04.01 16:00;23559.5;23567.5;23497.5;23539.5;47.13;27.80;8.15;76.55;63.91;1.158;STRONG_UP;2;71.9;3;1
2026.04.01 15:00;23480.5;23564.0;23437.5;23559.5;45.97;31.31;9.41;63.04;57.93;1.244;STRONG_UP;2;74.1;3;1
2026.04.01 14:00;23378.0;23503.5;23358.5;23479.5;44.77;28.77;10.85;52.13;58.14;0.900;SOFT_UP;1;69.8;3;1
2026.04.01 13:00;23393.5;23477.0;23329.5;23378.0;44.70;30.39;12.52;58.61;60.69;0.464;NEUTRE;0;56.5;2;1
2026.04.01 12:00;23491.0;23593.0;23378.0;23393.0;45.17;35.06;9.39;63.70;56.19;0.529;SOFT_UP;1;61.8;2;1
2026.04.01 11:00;23396.0;23514.0;23388.5;23491.0;43.24;34.80;10.83;59.76;48.07;0.950;SOFT_UP;1;74.7;3;1
2026.04.01 10:00;23316.0;23402.5;23265.0;23396.0;41.81;26.49;12.50;45.13;47.88;0.541;SOFT_UP;1;66.4;3;1
2026.04.01 09:00;23354.5;23382.0;23205.0;23316.0;42.72;28.27;14.42;39.33;55.86;0.198;NEUTRE;0;43;1;1
2026.04.01 08:00;23333.5;23405.0;23289.5;23354.5;44.31;32.62;9.30;59.19;72.67;0.363;NEUTRE;0;62.5;2;1
2026.04.01 07:00;23482.0;23533.0;23327.0;23333.0;42.57;37.63;5.73;69.07;77.01;0.271;NEUTRE;0;58.6;2;1
2026.04.01 06:00;23272.0;23479.0;23272.0;23474.5;37.80;39.39;6.62;89.75;75.89;0.879;SOFT_UP;1;80.8;3;0
2026.04.01 05:00;23250.0;23292.5;23246.0;23273.5;32.66;31.59;7.63;72.22;69.03;0.015;NEUTRE;0;7.2;0;0
2026.04.01 04:00;23224.5;23255.0;23218.5;23250.0;28.28;24.04;8.81;65.69;73.27;-0.086;NEUTRE;0;-42.3;-1;0
2026.04.01 03:00;23200.5;23233.5;23194.0;23224.5;25.50;18.68;10.16;69.17;81.59;-0.196;NEUTRE;0;-70.1;-3;0
2026.04.01 02:00;23214.5;23237.0;23199.0;23200.5;24.88;21.56;9.78;84.95;87.79;-0.299;NEUTRE;0;-81;-3;0
2026.04.01 01:00;23268.0;23274.0;23196.5;23214.5;22.93;24.87;11.29;90.63;84.86;-0.239;NEUTRE;0;;;0
2026.04.01 00:00;23270.0;23270.0;23217.5;23268.0;20.68;28.70;8.85;87.77;76.58;-0.009;NEUTRE;0;;;0
2026.03.31 19:00;23130.0;23228.0;23119.5;23202.5;15.73;23.54;10.22;76.18;64.66;3.028;EXPLOSIVE_UP;3;81.6;3;1
2026.03.31 18:00;23082.0;23138.0;23080.0;23130.0;12.07;14.40;11.79;65.78;52.03;2.706;EXPLOSIVE_UP;3;81.1;3;1
2026.03.31 17:00;23055.5;23145.5;23030.5;23083.5;12.40;16.62;13.60;52.01;42.90;2.500;EXPLOSIVE_UP;3;80.9;3;1
2026.03.31 16:00;22827.5;23251.0;22810.5;23055.5;12.77;19.17;15.69;38.31;43.05;2.376;EXPLOSIVE_UP;3;81;3;1
2026.03.31 15:00;22853.0;22940.5;22779.5;22827.5;13.20;11.28;18.11;38.39;53.59;1.363;STRONG_UP;2;75.4;3;1
2026.03.31 14:00;22989.5;22999.0;22837.0;22853.0;11.65;13.01;15.40;52.45;63.64;1.476;STRONG_UP;2;77.4;3;1
2026.03.31 13:00;22943.5;23017.5;22897.5;22991.0;12.15;15.01;12.02;69.91;71.48;2.089;EXPLOSIVE_UP;3;81.6;3;1
2026.03.31 12:00;22939.5;23000.5;22876.5;22943.5;12.32;15.15;13.87;68.55;73.35;1.878;EXPLOSIVE_UP;3;81.4;3;1
2026.03.31 11:00;22883.5;23044.0;22858.5;22939.5;13.54;17.48;16.01;75.96;78.54;1.861;EXPLOSIVE_UP;3;82.1;3;1
2026.03.31 10:00;22915.0;22966.0;22802.5;22884.0;14.94;13.69;18.47;75.53;76.58;1.614;STRONG_UP;2;81.7;3;1
2026.03.31 09:00;22869.5;22943.5;22863.0;22913.5;14.96;15.80;15.62;84.11;75.91;1.745;EXPLOSIVE_UP;3;83.1;3;1
2026.03.31 08:00;22927.0;22957.5;22843.0;22870.0;17.17;18.23;18.02;70.08;68.07;1.552;STRONG_UP;2;83.1;3;1
2026.03.31 07:00;22773.0;22927.5;22669.5;22926.5;19.72;17.01;20.79;73.54;67.64;1.803;EXPLOSIVE_UP;3;84.8;3;1
2026.03.31 06:00;22860.5;22877.0;22757.5;22774.5;21.22;19.62;18.74;60.60;66.87;1.128;STRONG_UP;2;82.8;3;0
2026.03.31 05:00;22749.5;22916.5;22692.0;22863.0;24.13;22.64;21.63;68.79;73.64;1.521;STRONG_UP;2;85.6;3;0
2026.03.31 04:00;22783.5;22799.5;22749.0;22749.5;27.49;18.11;24.95;71.22;78.65;1.017;STRONG_UP;2;84.7;3;0
2026.03.31 03:00;22840.0;22885.0;22777.5;22784.0;29.27;20.89;20.11;80.90;78.81;1.170;STRONG_UP;2;86.5;3;0
2026.03.31 02:00;22876.0;22901.0;22839.0;22840.0;33.48;24.11;14.40;83.84;67.05;1.419;STRONG_UP;2;88.1;3;0
2026.03.31 01:00;22718.0;22916.5;22656.5;22876.0;34.75;27.82;16.62;71.69;50.94;1.579;STRONG_UP;2;;;0
2026.03.31 00:00;22520.5;22758.0;22481.0;22718.0;36.22;22.72;19.17;45.62;42.66;0.877;SOFT_UP;1;;;0
2026.03.30 19:00;22592.0;22646.0;22525.5;22635.5;40.49;19.99;22.12;35.50;51.12;2.273;EXPLOSIVE_UP;3;78.8;3;1
2026.03.30 18:00;22669.5;22682.5;22581.5;22592.0;45.94;23.07;18.38;46.86;67.08;2.076;EXPLOSIVE_UP;3;78.4;3;1
2026.03.30 17:00;22724.0;22739.5;22637.0;22669.5;51.27;26.62;12.75;71.01;76.05;2.426;EXPLOSIVE_UP;3;80.6;3;1
2026.03.30 16:00;22787.0;22792.0;22706.5;22724.0;53.74;30.71;4.28;83.37;73.50;2.673;EXPLOSIVE_UP;3;82;3;1
2026.03.30 15:00;22684.0;22814.0;22644.0;22787.0;50.38;35.44;4.94;73.78;62.20;2.957;EXPLOSIVE_UP;3;83.2;3;1
2026.03.30 14:00;22541.0;22684.5;22541.0;22684.0;46.52;29.17;5.70;63.35;57.39;2.492;EXPLOSIVE_UP;3;82.4;3;1
2026.03.30 13:00;22601.0;22630.0;22530.5;22542.0;43.32;27.81;6.58;49.49;54.71;1.850;EXPLOSIVE_UP;3;80.6;3;1
2026.03.30 12:00;22545.0;22602.5;22511.5;22601.0;40.48;27.84;7.59;59.33;62.56;2.117;EXPLOSIVE_UP;3;82.4;3;1
2026.03.30 11:00;22501.0;22720.0;22498.0;22545.0;37.92;32.12;8.76;55.30;68.40;1.864;EXPLOSIVE_UP;3;82.1;3;1
2026.03.30 10:00;22437.5;22501.0;22418.5;22501.0;34.96;21.89;10.10;73.04;79.54;1.665;STRONG_UP;2;81.9;3;1
2026.03.30 09:00;22539.5;22560.0;22423.5;22437.5;34.67;25.26;10.73;76.86;82.52;1.378;STRONG_UP;2;81.2;3;1
2026.03.30 08:00;22462.0;22543.0;22414.5;22539.0;33.79;27.23;12.38;88.73;83.67;1.837;EXPLOSIVE_UP;3;84.1;3;1
2026.03.30 07:00;22434.0;22488.5;22392.5;22463.0;33.22;24.89;14.28;81.95;79.90;1.493;STRONG_UP;2;83.7;3;1
2026.03.30 06:00;22335.5;22483.0;22325.0;22433.5;34.16;27.84;16.48;80.33;75.93;1.360;STRONG_UP;2;84;3;0
2026.03.30 05:00;22344.0;22387.5;22334.5;22335.5;35.47;22.82;19.01;77.41;66.42;0.917;SOFT_UP;1;82.7;3;0
2026.03.30 04:00;22342.0;22395.5;22332.0;22344.0;39.53;26.34;21.94;70.05;50.17;0.956;SOFT_UP;1;84.4;3;0
2026.03.30 03:00;22289.0;22352.5;22284.5;22340.5;44.21;19.97;25.31;51.79;31.30;0.940;SOFT_UP;1;85.7;3;0
2026.03.30 02:00;22211.5;22317.5;22204.0;22289.0;49.19;15.12;29.21;28.66;17.43;0.707;SOFT_UP;1;86.2;3;0
2026.03.30 01:00;22163.0;22221.0;22130.5;22211.5;51.87;4.37;33.70;13.45;11.64;0.357;NEUTRE;0;;;0
2026.03.30 00:00;22132.5;22305.0;22121.0;22163.0;48.00;5.04;38.89;10.17;12.20;0.138;NEUTRE;0;;;0
2026.03.27 20:00;22385.5;22418.0;22295.5;22297.0;43.53;5.82;30.28;11.29;15.97;-2.482;EXPLOSIVE_DOWN;-3;-79.2;-3;0
2026.03.27 19:00;22415.5;22421.0;22332.0;22384.0;39.80;6.71;30.35;15.14;24.01;-2.102;EXPLOSIVE_DOWN;-3;-77.9;-3;1
2026.03.27 18:00;22438.0;22447.0;22386.5;22415.5;36.11;7.74;25.60;21.49;34.69;-1.964;EXPLOSIVE_DOWN;-3;-77.8;-3;1
2026.03.27 17:00;22495.0;22543.5;22433.5;22438.5;33.43;8.94;17.59;35.42;42.55;-1.863;EXPLOSIVE_DOWN;-3;-77.8;-3;1
2026.03.27 16:00;22504.0;22525.5;22457.5;22494.5;33.55;10.31;16.94;47.15;41.84;-1.618;STRONG_DOWN;-2;-76.9;-3;1
2026.03.27 15:00;22479.5;22600.5;22419.0;22502.0;34.97;11.90;19.54;45.09;34.70;-1.585;STRONG_DOWN;-2;-77.4;-3;1
2026.03.27 14:00;22463.0;22552.5;22451.0;22479.5;36.61;9.66;22.55;33.27;25.01;-1.684;STRONG_DOWN;-2;-78.9;-3;1
2026.03.27 13:00;22512.5;22550.0;22436.5;22463.5;36.08;10.76;26.02;25.75;17.28;-1.754;EXPLOSIVE_DOWN;-3;-80.1;-3;1
2026.03.27 12:00;22497.0;22543.5;22438.0;22512.5;35.25;11.54;30.02;16.02;9.93;-1.540;STRONG_DOWN;-2;-79.6;-3;1
2026.03.27 11:00;22459.0;22545.5;22396.0;22497.0;33.83;13.31;34.64;10.07;6.66;-1.607;STRONG_DOWN;-2;-80.8;-3;1
2026.03.27 10:00;22502.5;22572.0;22451.0;22459.0;32.20;15.36;34.31;3.70;5.53;-1.773;EXPLOSIVE_DOWN;-3;-82.4;-3;1
2026.03.27 09:00;22566.5;22585.5;22463.5;22503.0;31.28;17.73;38.00;6.21;17.39;-1.581;STRONG_DOWN;-2;-82.3;-3;1
2026.03.27 08:00;22834.5;22834.5;22557.0;22561.5;30.50;20.45;32.05;6.70;37.18;-1.325;STRONG_DOWN;-2;-81.9;-3;1
2026.03.27 07:00;22860.5;22875.0;22813.5;22836.0;31.79;23.60;22.84;39.28;57.99;-0.125;NEUTRE;0;-37.1;-1;1
2026.03.27 06:00;22914.5;22941.0;22849.5;22860.5;36.43;27.23;17.35;65.55;63.88;-0.017;NEUTRE;0;-6.8;0;0
2026.03.27 05:00;22912.5;22968.5;22912.0;22914.5;38.62;31.42;9.51;69.13;57.22;0.219;NEUTRE;0;61.7;2;0
2026.03.27 04:00;22910.5;22920.0;22888.5;22912.0;36.33;23.05;10.97;56.95;45.43;0.208;NEUTRE;0;65.6;3;0
2026.03.27 03:00;22856.0;22917.0;22842.5;22910.5;36.46;25.13;12.66;45.57;36.20;0.201;NEUTRE;0;70.6;3;0
2026.03.27 02:00;22846.0;22879.5;22841.0;22856.5;36.99;21.25;14.61;33.77;27.60;-0.035;NEUTRE;0;-36.5;-1;0
2026.03.27 01:00;22774.0;22847.0;22766.0;22846.0;39.83;11.53;16.85;29.25;22.85;-0.081;NEUTRE;0;;;0
2026.03.27 00:00;22864.5;22875.5;22756.5;22774.5;43.08;13.31;19.45;19.77;16.74;-0.394;NEUTRE;0;;;0
2026.03.26 20:00;22708.5;23080.0;22696.0;22804.5;46.82;15.35;22.44;19.52;15.97;-1.134;STRONG_DOWN;-2;-67.4;-3;0
2026.03.26 19:00;22800.5;22803.5;22702.0;22708.5;51.14;6.64;25.89;10.92;17.47;-1.550;STRONG_DOWN;-2;-73.8;-3;1
2026.03.26 18:00;22769.5;22806.5;22768.5;22800.5;49.90;7.66;19.80;17.47;27.02;-1.151;STRONG_DOWN;-2;-69.7;-3;1
2026.03.26 17:00;22804.0;22844.0;22748.0;22769.5;50.77;8.84;22.84;24.01;41.85;-1.285;STRONG_DOWN;-2;-72.6;-3;1
2026.03.26 16:00;22845.5;22890.0;22749.5;22804.0;51.78;10.20;26.11;39.57;53.84;-1.136;STRONG_DOWN;-2;-71.6;-3;1
2026.03.26 15:00;22889.5;22913.0;22820.0;22845.5;53.01;11.77;22.41;61.98;55.31;-0.956;SOFT_DOWN;-1;-69.7;-3;1
2026.03.26 14:00;22963.5;23011.0;22860.5;22889.5;56.37;13.58;19.16;59.96;43.51;-0.765;SOFT_DOWN;-1;-66.6;-3;1
2026.03.26 13:00;22806.0;22961.5;22766.0;22956.5;62.42;10.60;22.11;44.00;31.84;-0.475;NEUTRE;0;-57.1;-2;1
2026.03.26 12:00;22765.0;22852.0;22738.5;22806.0;66.61;3.62;25.51;26.59;27.85;-1.127;STRONG_DOWN;-2;-75.9;-3;1
2026.03.26 11:00;22862.5;22888.5;22764.5;22765.5;65.30;4.18;25.91;24.95;26.88;-1.303;STRONG_DOWN;-2;-78.7;-3;1
2026.03.26 10:00;22820.5;22909.0;22791.5;22857.0;64.23;4.82;26.55;32.01;27.73;-0.906;SOFT_DOWN;-1;-75.4;-3;1
2026.03.26 09:00;22878.5;22881.5;22756.0;22821.0;63.45;1.96;30.63;23.67;23.30;-1.062;STRONG_DOWN;-2;-78.7;-3;1
2026.03.26 08:00;22906.5;22971.0;22822.5;22878.5;59.68;2.26;27.19;27.50;23.14;-0.813;SOFT_DOWN;-1;-76.9;-3;1
2026.03.26 07:00;22962.5;22968.5;22874.0;22906.5;55.84;2.61;26.04;18.74;21.07;-0.691;SOFT_DOWN;-1;-76.5;-3;1
2026.03.26 06:00;22911.5;22978.0;22894.0;22963.5;51.85;3.01;26.79;23.19;22.85;-0.444;NEUTRE;0;-72.3;-3;0
2026.03.26 05:00;23011.5;23022.5;22907.0;22912.0;47.55;3.47;28.53;21.29;21.10;-0.668;SOFT_DOWN;-1;-80;-3;0
2026.03.26 04:00;23013.5;23027.5;22994.5;23011.5;42.82;4.01;21.26;24.08;18.10;-0.236;NEUTRE;0;-68.2;-3;0
2026.03.26 03:00;22977.0;23051.0;22961.5;23013.5;38.91;4.62;24.53;17.93;17.24;-0.228;NEUTRE;0;-72.7;-3;0
2026.03.26 02:00;23069.5;23086.5;22958.0;22977.0;34.39;5.34;28.31;12.27;24.52;-0.386;NEUTRE;0;-83;-3;0
2026.03.26 01:00;23088.5;23108.5;23059.0;23069.5;29.17;6.16;20.57;21.51;36.41;0.015;NEUTRE;0;;;0
2026.03.26 00:00;23066.0;23116.0;23066.0;23088.5;25.37;7.10;21.56;39.77;46.80;0.098;NEUTRE;0;;;0
2026.03.25 20:00;23125.5;23134.0;23094.0;23111.0;21.51;8.20;16.26;47.96;50.38;-0.039;NEUTRE;0;-4.7;0;0
2026.03.25 19:00;23110.0;23155.5;23085.0;23125.5;19.75;9.46;18.76;52.66;49.63;0.024;NEUTRE;0;3.1;0;1
2026.03.25 18:00;23138.0;23159.5;23064.5;23111.0;17.72;10.91;21.65;50.51;46.84;-0.039;NEUTRE;0;-5.2;0;1
2026.03.25 17:00;23151.5;23202.5;23121.5;23138.0;15.37;12.59;15.75;45.71;42.82;0.078;NEUTRE;0;11;0;1
2026.03.25 16:00;23098.5;23195.0;23068.0;23151.0;16.02;13.11;18.17;44.30;43.10;0.134;NEUTRE;0;19.5;0;1
2026.03.25 15:00;23177.0;23185.5;23009.5;23099.5;16.00;13.97;20.96;38.45;48.78;-0.089;NEUTRE;0;-14.1;0;1
2026.03.25 14:00;23149.5;23229.0;23105.5;23177.0;15.38;16.12;15.80;46.55;60.01;0.247;NEUTRE;0;36.8;1;1
2026.03.25 13:00;23192.0;23254.0;23134.5;23149.5;17.59;18.60;14.62;61.34;69.55;0.128;NEUTRE;0;22.6;0;1
2026.03.25 12:00;23231.5;23281.0;23078.0;23191.0;18.45;21.46;16.86;72.15;72.18;0.307;NEUTRE;0;47.3;2;1
2026.03.25 11:00;23194.0;23250.5;23163.0;23231.0;19.44;24.76;13.02;75.17;72.64;0.480;NEUTRE;0;61.6;2;1
2026.03.25 10:00;23189.0;23228.5;23148.5;23193.0;17.65;24.70;15.02;69.23;70.35;0.316;NEUTRE;0;53.2;2;1
2026.03.25 09:00;23184.0;23259.5;23112.0;23186.0;16.61;28.50;17.33;73.51;65.64;0.285;NEUTRE;0;53.3;2;1
2026.03.25 08:00;23124.5;23269.5;23119.5;23183.5;15.42;32.89;19.21;68.30;56.09;0.275;NEUTRE;0;55.5;2;1
2026.03.25 07:00;23058.0;23120.0;23003.0;23119.5;13.75;22.62;22.17;55.11;53.59;-0.002;NEUTRE;0;-0.7;0;1
2026.03.25 06:00;23080.0;23080.0;23034.0;23057.5;15.71;20.84;25.58;44.86;57.42;-0.270;NEUTRE;0;-62.3;-2;0
2026.03.25 05:00;23118.0;23119.0;23070.0;23080.0;16.56;24.04;17.48;60.82;66.98;-0.173;NEUTRE;0;-55.7;-2;0
2026.03.25 04:00;23062.5;23123.0;23059.0;23118.0;16.67;27.74;20.17;66.59;73.75;-0.009;NEUTRE;0;-5.4;0;0
2026.03.25 03:00;23038.0;23067.0;23020.5;23062.5;16.81;18.55;23.27;73.53;80.16;-0.249;NEUTRE;0;-74.1;-3;0
2026.03.25 02:00;23116.5;23117.0;23033.0;23037.5;17.66;21.40;22.71;81.13;82.36;-0.357;NEUTRE;0;-82.5;-3;0
2026.03.25 01:00;23145.5;23184.5;23114.5;23116.5;19.92;24.69;11.28;85.82;79.22;-0.015;NEUTRE;0;;;0
2026.03.25 00:00;23120.0;23186.5;23077.5;23146.0;17.24;28.49;13.01;80.13;73.52;0.112;NEUTRE;0;;;0
2026.03.24 20:00;22775.5;23135.0;22758.5;23046.5;14.16;27.22;15.02;71.72;71.96;0.460;NEUTRE;0;44.2;1;0
2026.03.24 19:00;22811.0;22858.5;22768.0;22776.0;11.89;20.11;17.33;68.71;72.00;-0.719;SOFT_DOWN;-1;-58;-2;1
2026.03.24 18:00;22795.5;22878.0;22746.5;22811.0;12.58;23.20;19.99;75.45;73.12;-0.567;SOFT_DOWN;-1;-53.1;-2;1
2026.03.24 17:00;22790.5;22800.5;22679.0;22796.0;13.37;17.70;23.07;71.84;67.49;-0.632;SOFT_DOWN;-1;-57.6;-2;1
2026.03.24 16:00;22751.5;22861.0;22742.0;22791.0;13.41;20.42;18.64;72.07;56.81;-0.654;SOFT_DOWN;-1;-60;-2;1
2026.03.24 15:00;22782.0;22872.0;22751.5;22751.5;14.77;23.57;20.28;58.56;45.30;-0.826;SOFT_DOWN;-1;-66.8;-3;1
2026.03.24 14:00;22647.0;22843.0;22622.5;22781.0;15.88;23.49;23.40;39.80;40.49;-0.697;SOFT_DOWN;-1;-64.6;-2;1
2026.03.24 13:00;22633.5;22658.5;22543.5;22647.0;18.30;14.23;27.00;37.53;46.88;-1.282;STRONG_DOWN;-2;-76.5;-3;1
2026.03.24 12:00;22827.0;22839.5;22620.5;22634.0;16.35;16.42;20.85;44.13;49.93;-1.338;STRONG_DOWN;-2;-78;-3;1
2026.03.24 11:00;22781.5;22848.0;22700.0;22827.0;17.04;18.95;18.48;58.97;53.80;-0.497;NEUTRE;0;-62.4;-2;1
2026.03.24 10:00;22771.5;22837.5;22717.0;22780.0;19.46;21.86;19.55;46.69;55.48;-0.702;SOFT_DOWN;-1;-71.4;-3;1
2026.03.24 09:00;22685.0;22790.5;22600.5;22769.5;21.60;19.22;22.56;55.75;63.85;-0.748;SOFT_DOWN;-1;-74.1;-3;1
2026.03.24 08:00;22847.5;22932.5;22668.0;22685.0;23.69;22.18;20.57;64.00;59.02;-1.116;STRONG_DOWN;-2;-80.4;-3;1
2026.03.24 07:00;22763.5;22903.0;22759.0;22846.0;26.76;25.59;18.44;71.80;45.12;-0.414;NEUTRE;0;-68.2;-3;1
2026.03.24 06:00;22650.0;22787.0;22637.5;22763.5;28.37;17.14;21.27;41.27;26.79;-0.774;SOFT_DOWN;-1;-79.6;-3;0
2026.03.24 05:00;22646.0;22684.5;22570.5;22649.5;31.08;9.23;24.55;22.29;18.11;-1.271;STRONG_DOWN;-2;-84.7;-3;0
2026.03.24 04:00;22684.5;22699.5;22633.5;22646.0;28.89;10.65;19.82;16.80;14.48;-1.286;STRONG_DOWN;-2;-85.8;-3;0
2026.03.24 03:00;22662.5;22683.0;22614.5;22683.0;28.70;8.44;22.87;15.23;17.04;-1.125;STRONG_DOWN;-2;-86.4;-3;0
2026.03.24 02:00;22655.0;22710.5;22597.5;22664.5;26.02;9.74;26.39;11.42;23.38;-1.205;STRONG_DOWN;-2;-87.8;-3;0
2026.03.24 01:00;22781.5;22784.0;22602.5;22655.0;22.93;11.23;29.77;24.48;35.53;-1.247;STRONG_DOWN;-2;;;0
2026.03.24 00:00;22941.0;22944.0;22753.0;22781.5;19.51;12.96;21.59;34.23;41.96;-0.695;SOFT_DOWN;-1;;;0
2026.03.23 20:00;22952.5;22993.0;22919.0;22984.5;18.67;14.96;13.88;47.89;44.04;3.081;EXPLOSIVE_UP;3;81.3;3;0
2026.03.23 19:00;23049.5;23052.0;22928.5;22952.5;20.96;17.26;14.04;43.77;43.17;2.938;EXPLOSIVE_UP;3;81.3;3;1
2026.03.23 18:00;23014.0;23098.5;22926.0;23050.0;22.60;19.91;16.20;40.47;47.87;3.375;SPIKE_UP;4;82.8;3;1
2026.03.23 17:00;22894.5;23068.5;22871.0;23014.5;24.50;20.30;18.69;45.26;56.00;3.216;EXPLOSIVE_UP;3;82.9;3;1
2026.03.23 16:00;22876.5;22941.0;22782.0;22894.5;27.63;13.49;21.56;57.88;64.24;2.677;EXPLOSIVE_UP;3;82;3;1
2026.03.23 15:00;23173.0;23293.0;22865.5;22877.0;28.34;15.57;16.80;64.85;65.88;2.599;EXPLOSIVE_UP;3;82.2;3;1
2026.03.23 14:00;23055.0;23209.5;23012.5;23172.0;32.11;17.96;14.10;69.99;63.94;3.922;SPIKE_UP;4;85.2;3;1
2026.03.23 13:00;23088.0;23138.5;22885.0;23054.5;35.20;15.18;16.27;62.79;56.24;3.395;SPIKE_UP;4;84.8;3;1
2026.03.23 12:00;22843.5;23138.5;22769.5;23087.5;40.08;17.52;18.77;59.04;45.70;3.543;SPIKE_UP;4;85.4;3;1
2026.03.23 11:00;22115.0;23554.0;22115.0;22848.5;45.72;20.21;21.66;46.89;33.96;2.471;EXPLOSIVE_UP;3;84;3;1
2026.03.23 10:00;22119.5;22170.0;22056.5;22115.0;52.22;8.52;24.99;31.18;24.54;-0.818;SOFT_DOWN;-1;-73.9;-3;1
2026.03.23 09:00;22163.0;22237.0;22080.5;22119.5;52.70;9.83;25.58;23.80;19.05;-0.798;SOFT_DOWN;-1;-75.1;-3;1
2026.03.23 08:00;22085.5;22203.5;22073.0;22163.0;53.96;8.05;29.51;18.63;19.23;-0.603;SOFT_DOWN;-1;-72.6;-3;1
2026.03.23 07:00;22128.5;22210.0;22066.5;22088.5;53.48;9.29;34.05;14.71;22.58;-0.937;SOFT_DOWN;-1;-80;-3;1
2026.03.23 06:00;22241.5;22248.5;22104.5;22128.5;52.92;10.72;35.22;24.36;29.46;-0.758;SOFT_DOWN;-1;-79.4;-3;0
2026.03.23 05:00;22264.5;22304.0;22200.0;22241.5;52.85;12.37;30.43;28.68;35.62;-0.251;NEUTRE;0;-64.8;-2;0
2026.03.23 04:00;22222.5;22264.5;22199.0;22264.5;54.49;8.43;35.12;35.33;37.50;-0.148;NEUTRE;0;-57.4;-2;0
2026.03.23 03:00;22295.0;22312.0;22213.0;22221.5;53.45;9.73;37.23;42.84;35.30;-0.341;NEUTRE;0;-78.3;-3;0
2026.03.23 02:00;22368.5;22386.5;22280.0;22295.5;52.66;11.23;32.55;34.34;27.11;-0.009;NEUTRE;0;-10.8;0;0
2026.03.23 01:00;22193.5;22406.5;22176.0;22368.5;53.27;12.95;37.55;28.72;21.12;0.318;NEUTRE;0;;;0
2026.03.23 00:00;22297.5;22320.5;22172.0;22193.5;53.97;9.21;43.33;18.28;14.90;-0.466;NEUTRE;0;;;0
2026.03.20 20:00;22384.0;22430.5;22376.5;22398.0;52.28;10.62;36.08;16.35;10.92;-3.555;SPIKE_DOWN;-4;-82.4;-3;0
2026.03.20 19:00;22377.0;22407.5;22289.5;22384.0;51.94;5.70;41.63;10.06;8.12;-3.615;SPIKE_DOWN;-4;-82.9;-3;1
2026.03.20 18:00;22506.5;22517.5;22353.5;22376.0;48.26;6.58;39.69;6.33;7.45;-3.649;SPIKE_DOWN;-4;-83.4;-3;1
2026.03.20 17:00;22528.5;22562.5;22458.5;22506.5;44.67;7.59;35.94;7.97;7.65;-3.087;EXPLOSIVE_DOWN;-3;-82.6;-3;1
2026.03.20 16:00;22634.5;22690.5;22482.5;22529.5;41.53;8.76;37.92;8.03;11.16;-2.988;EXPLOSIVE_DOWN;-3;-82.8;-3;1
2026.03.20 15:00;22639.5;22726.0;22580.5;22634.5;38.31;10.11;36.51;6.94;19.13;-2.536;EXPLOSIVE_DOWN;-3;-82;-3;1
2026.03.20 14:00;22889.0;22895.0;22599.0;22638.0;35.49;11.66;40.17;18.51;27.54;-2.521;EXPLOSIVE_DOWN;-3;-82.5;-3;1
2026.03.20 13:00;23108.0;23120.0;22881.0;22890.5;32.49;13.46;31.69;31.96;28.94;-1.434;STRONG_DOWN;-2;-77.9;-3;1
2026.03.20 12:00;23108.0;23135.0;23045.5;23108.0;31.27;15.53;25.97;32.16;25.47;-0.497;NEUTRE;0;-60.3;-2;1
2026.03.20 11:00;22939.5;23120.0;22931.5;23108.0;32.21;15.34;29.97;22.68;29.93;-0.497;NEUTRE;0;-62.4;-2;1
2026.03.20 10:00;23080.5;23088.5;22896.0;22940.0;32.20;15.13;34.58;21.57;42.03;-1.221;STRONG_DOWN;-2;-79;-3;1
2026.03.20 09:00;23257.0;23267.5;23039.5;23081.0;31.13;17.46;28.43;45.53;52.87;-0.614;SOFT_DOWN;-1;-70.9;-3;1
2026.03.20 08:00;23268.0;23381.0;23246.5;23256.5;32.24;20.14;18.84;58.98;44.26;0.142;NEUTRE;0;36.9;1;1
2026.03.20 07:00;23160.0;23280.5;23104.0;23272.0;36.69;11.74;21.74;54.11;32.66;0.209;NEUTRE;0;51.6;2;1
2026.03.20 06:00;23208.0;23224.0;23145.5;23160.0;37.74;8.63;25.08;19.69;29.50;-0.273;NEUTRE;0;-62.6;-2;0
2026.03.20 05:00;23193.0;23220.0;23158.5;23206.5;36.04;9.95;26.39;24.18;45.18;-0.073;NEUTRE;0;-31.7;-1;0
2026.03.20 04:00;23215.0;23228.5;23185.0;23193.0;34.62;11.49;23.83;44.63;61.48;-0.131;NEUTRE;0;-54.2;-2;0
2026.03.20 03:00;23235.0;23241.0;23205.0;23214.5;34.57;13.25;20.42;66.73;71.27;-0.039;NEUTRE;0;-28.8;-1;0
2026.03.20 02:00;23256.5;23260.0;23233.0;23235.0;36.62;15.29;11.59;73.07;72.39;0.050;NEUTRE;0;46.6;2;0
2026.03.20 01:00;23221.0;23293.5;23211.0;23256.5;40.13;17.64;13.38;74.01;68.76;0.142;NEUTRE;0;;;0
2026.03.20 00:00;23223.5;23274.5;23208.0;23222.0;44.19;16.82;15.44;70.10;60.03;-0.006;NEUTRE;0;;;0
2026.03.19 20:00;23201.5;23255.0;23185.5;23214.5;50.33;14.89;17.81;62.17;46.69;-0.693;SOFT_DOWN;-1;-55.7;-2;0
2026.03.19 19:00;23051.5;23331.5;23049.5;23200.5;56.70;17.18;20.55;47.82;38.47;-0.753;SOFT_DOWN;-1;-59.2;-2;1
2026.03.19 18:00;23002.5;23063.0;22968.5;23052.0;64.05;5.18;23.71;30.08;36.90;-1.388;STRONG_DOWN;-2;-73;-3;1
2026.03.19 17:00;23018.5;23049.0;22933.0;23002.5;64.04;3.69;27.36;37.52;46.21;-1.600;STRONG_DOWN;-2;-75.9;-3;1
2026.03.19 16:00;23130.5;23188.5;22988.5;23019.0;62.16;4.26;24.21;43.10;45.33;-1.529;STRONG_DOWN;-2;-76.1;-3;1
2026.03.19 15:00;23078.5;23202.0;23054.5;23133.0;60.95;4.92;22.86;58.01;41.48;-1.042;STRONG_DOWN;-2;-71.2;-3;1
2026.03.19 14:00;23163.5;23210.5;23060.5;23078.5;60.39;5.68;25.75;34.89;28.67;-1.275;STRONG_DOWN;-2;-75.5;-3;1
2026.03.19 13:00;23031.5;23182.0;22967.5;23163.5;59.86;3.63;29.71;31.54;28.65;-0.911;SOFT_DOWN;-1;-71.4;-3;1
2026.03.19 12:00;23160.5;23177.0;22999.0;23032.5;57.03;4.18;32.02;19.57;28.13;-1.472;STRONG_DOWN;-2;-79.1;-3;1
2026.03.19 11:00;23143.5;23177.0;23093.5;23161.0;53.97;4.83;28.78;34.84;33.88;-0.922;SOFT_DOWN;-1;-74.3;-3;1
2026.03.19 10:00;23240.0;23242.5;23125.0;23141.5;51.31;5.57;27.40;29.97;30.20;-1.005;STRONG_DOWN;-2;-76.8;-3;1
2026.03.19 09:00;23171.5;23264.0;23061.5;23239.5;49.02;6.43;31.62;36.82;27.64;-0.586;SOFT_DOWN;-1;-70.1;-3;1
2026.03.19 08:00;23344.5;23403.5;23132.5;23171.5;46.38;7.42;31.09;23.81;19.84;-0.877;SOFT_DOWN;-1;-77.8;-3;1
2026.03.19 07:00;23303.5;23384.0;23234.0;23343.0;44.06;8.56;30.11;22.30;22.84;-0.143;NEUTRE;0;-40.9;-1;1
2026.03.19 06:00;23278.0;23360.5;23273.5;23303.5;42.26;9.87;30.69;13.43;31.79;-0.312;NEUTRE;0;-65.6;-3;0
2026.03.19 05:00;23339.0;23361.5;23271.5;23278.0;40.87;11.39;35.41;32.80;40.98;-0.421;NEUTRE;0;-74.3;-3;0
2026.03.19 04:00;23439.5;23439.5;23306.5;23338.5;39.26;13.15;34.87;49.15;38.07;-0.163;NEUTRE;0;-59.9;-2;0
2026.03.19 03:00;23453.5;23470.5;23434.0;23438.0;38.34;15.17;25.49;41.01;26.00;0.263;NEUTRE;0;74.9;3;0
2026.03.19 02:00;23395.0;23484.0;23367.5;23453.0;40.33;17.50;29.41;24.07;14.90;0.327;NEUTRE;0;81.8;3;0
2026.03.19 01:00;23338.5;23421.5;23328.0;23395.0;42.63;11.94;33.93;12.91;8.60;0.079;NEUTRE;0;;;0
2026.03.19 00:00;23376.5;23386.0;23294.5;23338.5;41.82;7.94;39.16;7.72;8.64;-0.163;NEUTRE;0;;;0
2026.03.18 20:00;23465.0;23476.0;23325.0;23357.5;38.05;9.16;40.05;5.15;11.56;-2.407;EXPLOSIVE_DOWN;-3;-78.9;-3;0
2026.03.18 19:00;23598.0;23619.5;23445.0;23465.0;34.25;10.57;33.99;13.05;16.03;-1.958;EXPLOSIVE_DOWN;-3;-77.1;-3;1
2026.03.18 18:00;23745.5;23761.5;23596.0;23597.5;31.43;12.19;25.90;16.49;16.09;-1.404;STRONG_DOWN;-2;-73.1;-3;1
2026.03.18 17:00;23718.0;23753.0;23684.0;23747.0;30.73;14.07;21.71;18.56;14.76;-0.779;SOFT_DOWN;-1;-62.7;-2;1
2026.03.18 16:00;23727.0;23760.5;23693.5;23718.0;32.17;16.23;22.93;13.22;11.82;-0.900;SOFT_DOWN;-1;-67.2;-3;1
2026.03.18 15:00;23723.0;23791.5;23694.0;23724.0;34.49;18.73;26.34;12.51;11.08;-0.875;SOFT_DOWN;-1;-68;-3;1
2026.03.18 14:00;23817.0;23861.5;23659.0;23723.5;37.20;21.61;30.39;9.72;14.31;-0.877;SOFT_DOWN;-1;-69.3;-3;1
2026.03.18 13:00;23820.5;23886.0;23769.0;23817.0;40.33;24.94;26.71;11.00;29.32;-0.487;NEUTRE;0;-57.8;-2;1
2026.03.18 12:00;24058.5;24067.0;23809.5;23820.5;46.00;28.77;25.50;22.22;47.64;-0.472;NEUTRE;0;-59;-2;1
2026.03.18 11:00;24110.0;24166.5;24046.5;24058.0;52.15;33.20;15.26;54.74;59.93;0.520;SOFT_UP;1;63.4;2;1
2026.03.18 10:00;24122.0;24169.5;24108.0;24112.0;54.48;38.31;9.72;65.95;64.20;0.746;SOFT_UP;1;72.4;3;1
2026.03.18 09:00;24091.5;24153.5;24068.5;24122.0;53.71;40.20;11.22;59.09;68.70;0.788;SOFT_UP;1;74.9;3;1
2026.03.18 08:00;24057.5;24106.0;24016.5;24091.5;53.30;37.79;12.94;67.57;80.80;0.660;SOFT_UP;1;74;3;1
2026.03.18 07:00;24130.5;24145.0;24040.0;24060.0;53.96;43.60;10.89;79.43;89.72;0.529;SOFT_UP;1;72.6;3;1
2026.03.18 06:00;24102.5;24136.0;24096.0;24130.5;53.03;50.31;4.37;95.38;94.08;0.823;SOFT_UP;1;80.2;3;0
2026.03.18 05:00;24054.0;24107.0;24044.0;24103.0;48.26;46.89;5.04;94.35;92.56;0.708;SOFT_UP;1;80.5;3;0
2026.03.18 04:00;24028.5;24065.5;24028.0;24054.0;43.28;43.97;5.81;92.50;91.35;0.503;NEUTRE;0;79.4;3;0
2026.03.18 03:00;23996.5;24037.0;23995.0;24028.5;38.15;39.05;6.71;90.83;84.48;0.397;NEUTRE;0;79.9;3;0
2026.03.18 02:00;23976.0;24005.0;23970.5;23995.5;33.15;33.33;7.74;90.72;68.02;0.259;NEUTRE;0;79.7;3;0
2026.03.18 01:00;23963.5;23989.5;23963.0;23975.5;28.66;31.55;8.93;71.88;44.85;0.175;NEUTRE;0;;;0
2026.03.18 00:00;23933.5;23964.5;23920.0;23962.5;24.47;22.16;10.30;41.48;28.87;0.121;NEUTRE;0;;;0
2026.03.17 20:00;23918.0;23928.0;23901.5;23911.5;22.62;14.97;11.89;21.19;26.88;0.286;NEUTRE;0;31.2;1;0
2026.03.17 19:00;23916.5;23925.5;23892.5;23918.0;24.33;15.82;13.72;23.95;36.77;0.313;NEUTRE;0;34.9;1;1
2026.03.17 18:00;23946.0;23952.0;23888.5;23916.0;26.97;18.26;15.83;35.48;53.05;0.305;NEUTRE;0;35.6;1;1
2026.03.17 17:00;23918.5;23966.0;23917.5;23945.0;30.03;21.07;11.24;50.88;69.57;0.427;NEUTRE;0;46.8;2;1
2026.03.17 16:00;23958.0;23960.0;23896.0;23919.0;29.96;22.41;12.96;72.78;83.45;0.317;NEUTRE;0;40;1;1
2026.03.17 15:00;24032.0;24038.5;23915.5;23958.0;30.47;25.85;10.27;85.03;87.28;0.481;NEUTRE;0;53.6;2;1
2026.03.17 14:00;23972.0;24033.0;23936.0;24032.0;28.52;29.83;9.29;92.55;85.69;0.791;SOFT_UP;1;67.3;3;1
2026.03.17 13:00;23900.0;24010.0;23897.0;23972.0;24.83;30.77;10.72;84.27;81.74;0.540;SOFT_UP;1;60.4;2;1
2026.03.17 12:00;23812.5;23922.0;23811.0;23900.0;21.21;23.52;12.36;80.27;79.48;0.238;NEUTRE;0;40;1;1
2026.03.17 11:00;23811.5;23857.0;23811.5;23812.5;19.69;18.13;14.27;80.69;76.57;-0.129;NEUTRE;0;-26.4;-1;1
2026.03.17 10:00;23853.5;23854.5;23749.5;23811.5;20.88;20.08;16.46;77.49;65.13;-0.133;NEUTRE;0;-29.4;-1;1
2026.03.17 09:00;23722.5;23870.5;23722.5;23852.5;22.57;23.17;18.99;71.53;48.89;0.039;NEUTRE;0;10.4;0;1
2026.03.17 08:00;23716.5;23767.5;23674.5;23722.5;24.52;16.03;21.92;46.35;31.25;-0.507;SOFT_DOWN;-1;-69.6;-3;1
2026.03.17 07:00;23674.5;23753.5;23655.5;23720.0;25.90;16.18;25.29;28.78;20.24;-0.517;SOFT_DOWN;-1;-72.3;-3;1
2026.03.17 06:00;23663.5;23684.0;23628.5;23675.0;26.50;7.75;29.18;18.63;16.94;-0.706;SOFT_DOWN;-1;-78.6;-3;0
2026.03.17 05:00;23780.0;23784.5;23662.0;23664.0;21.66;8.95;24.38;13.30;17.65;-0.752;SOFT_DOWN;-1;-81.1;-3;0
2026.03.17 04:00;23765.0;23791.0;23749.5;23780.5;17.86;10.32;17.14;18.90;19.37;-0.263;NEUTRE;0;-70.2;-3;0
2026.03.17 03:00;23770.5;23796.5;23758.5;23765.0;16.79;11.91;16.45;20.74;23.00;-0.328;NEUTRE;0;-77.8;-3;0
2026.03.17 02:00;23794.0;23798.5;23771.0;23771.0;16.91;13.74;13.92;18.47;29.18;-0.303;NEUTRE;0;-81.1;-3;0
2026.03.17 01:00;23761.3;23810.5;23755.8;23794.0;19.42;15.86;16.06;29.78;40.50;-0.207;NEUTRE;0;;;0
2026.03.17 00:00;23843.3;23860.8;23748.8;23761.3;22.31;18.30;18.53;39.29;43.74;-0.344;NEUTRE;0;;;0
2026.03.16 20:00;23859.5;23863.5;23829.5;23841.5;25.65;21.11;10.29;52.42;39.81;0.679;SOFT_UP;1;55.2;2;0
2026.03.16 19:00;23842.5;23893.0;23815.5;23859.5;24.29;24.36;11.87;39.50;35.10;0.755;SOFT_UP;1;59.3;2;1
2026.03.16 18:00;23802.5;23854.5;23801.5;23843.0;22.73;20.47;13.70;27.50;43.68;0.685;SOFT_UP;1;58.2;2;1
2026.03.16 17:00;23792.5;23843.5;23779.5;23802.5;23.18;20.42;15.81;38.29;63.00;0.514;SOFT_UP;1;52;2;1
2026.03.16 16:00;23835.5;23861.5;23779.5;23792.0;24.79;23.56;18.24;65.26;80.26;0.470;NEUTRE;0;51.2;2;1
2026.03.16 15:00;23871.0;23915.0;23835.0;23835.0;26.64;27.19;10.63;85.46;89.00;0.651;SOFT_UP;1;61.4;2;1
2026.03.16 14:00;23897.5;23922.5;23786.0;23871.0;24.01;31.37;12.27;90.05;87.41;0.803;SOFT_UP;1;67.6;3;1
2026.03.16 13:00;23793.8;23897.5;23793.8;23897.5;20.97;33.38;14.16;91.48;75.40;0.915;SOFT_UP;1;71.4;3;1
2026.03.16 12:00;23758.5;23842.8;23753.3;23793.3;17.97;30.44;16.34;80.69;55.91;0.475;NEUTRE;0;59.2;2;1
2026.03.16 11:00;23715.0;23761.5;23687.0;23758.5;16.10;21.15;18.85;54.04;32.73;0.328;NEUTRE;0;51.6;2;1
2026.03.16 10:00;23558.5;23716.5;23551.5;23715.0;17.69;15.11;21.75;33.01;27.90;0.144;NEUTRE;0;31.4;1;1
2026.03.16 09:00;23651.5;23677.5;23548.0;23558.5;17.64;13.80;25.10;11.15;36.51;-0.516;SOFT_DOWN;-1;-67.6;-3;1
2026.03.16 08:00;23676.0;23727.0;23610.5;23651.0;15.89;15.92;21.53;39.55;54.72;-0.126;NEUTRE;0;-33.7;-1;1
2026.03.16 07:00;23782.0;23784.0;23670.5;23679.5;16.03;18.37;16.92;58.84;67.69;-0.005;NEUTRE;0;-1.7;0;1
2026.03.16 06:00;23750.5;23789.0;23736.5;23782.0;17.86;21.19;10.58;65.77;74.13;0.427;NEUTRE;0;71.6;3;0
2026.03.16 05:00;23697.5;23759.5;23689.0;23751.0;15.47;15.81;12.21;78.48;80.51;0.296;NEUTRE;0;68.2;3;0
2026.03.16 04:00;23756.0;23756.5;23696.5;23698.5;15.87;18.24;12.45;78.15;82.87;0.075;NEUTRE;0;38.4;1;0
2026.03.16 03:00;23681.0;23759.5;23672.5;23756.5;15.41;21.05;14.36;84.91;83.36;0.320;NEUTRE;0;77.5;3;0
2026.03.16 02:00;23717.5;23720.0;23665.0;23681.5;14.88;17.30;16.57;85.55;75.13;0.003;NEUTRE;0;3.6;0;0
2026.03.16 01:00;23763.3;23782.8;23676.5;23717.5;16.83;19.97;15.91;79.62;52.07;0.155;NEUTRE;0;;;0
2026.03.16 00:00;23680.8;23782.3;23677.8;23764.3;17.68;23.04;18.17;60.22;29.67;0.353;NEUTRE;0;;;0
2026.03.13 20:00;23399.8;23406.8;23356.8;23358.3;18.58;12.96;20.96;16.36;12.94;-0.673;SOFT_DOWN;-1;-54.9;-2;0
2026.03.13 19:00;23437.8;23437.8;23360.8;23399.8;17.81;14.95;22.95;12.43;8.98;-0.496;NEUTRE;0;-47.9;-2;1
2026.03.13 18:00;23389.0;23449.3;23372.3;23437.8;17.30;17.25;24.19;10.03;8.72;-0.335;NEUTRE;0;-38.2;-1;1
2026.03.13 17:00;23421.5;23462.5;23378.5;23389.0;17.39;19.90;26.67;4.46;17.51;-0.542;SOFT_DOWN;-1;-53.5;-2;1
2026.03.13 16:00;23420.5;23472.0;23386.0;23421.0;17.83;22.97;29.40;11.66;37.55;-0.406;NEUTRE;0;-47;-2;1
2026.03.13 15:00;23500.5;23564.0;23415.5;23420.5;18.69;26.50;28.64;36.40;62.62;-0.408;NEUTRE;0;-49;-2;1
2026.03.13 14:00;23682.0;23702.0;23495.0;23500.5;20.96;30.58;24.82;64.59;80.09;-0.068;NEUTRE;0;-11.6;0;1
2026.03.13 13:00;23652.8;23770.5;23624.5;23682.0;22.59;35.28;19.01;86.87;83.28;0.704;SOFT_UP;1;66.4;3;1
2026.03.13 12:00;23610.5;23712.8;23585.8;23652.8;21.45;34.63;21.93;88.82;71.79;0.580;SOFT_UP;1;64;2;1
2026.03.13 11:00;23557.5;23612.5;23536.0;23610.5;21.30;27.81;25.31;74.14;52.17;0.400;NEUTRE;0;57;2;1
2026.03.13 10:00;23428.5;23566.0;23412.5;23560.5;23.85;22.73;29.20;52.40;34.13;0.187;NEUTRE;0;38.4;1;1
2026.03.13 09:00;23415.0;23466.0;23369.5;23428.5;25.60;16.21;33.69;29.96;20.63;-0.374;NEUTRE;0;-60.4;-2;1
2026.03.13 08:00;23410.0;23427.0;23290.0;23415.0;24.15;12.48;38.88;20.03;21.42;-0.432;NEUTRE;0;-66.4;-3;1
2026.03.13 07:00;23507.0;23514.0;23390.0;23410.5;19.96;14.40;33.63;11.92;34.30;-0.451;NEUTRE;0;-69.9;-3;1
2026.03.13 06:00;23618.5;23618.5;23497.5;23507.0;16.87;16.62;25.46;32.32;51.85;-0.040;NEUTRE;0;-15.8;0;0
2026.03.13 05:00;23610.0;23623.0;23587.0;23617.5;16.23;19.17;18.00;58.65;64.19;0.429;NEUTRE;0;74.6;3;0
2026.03.13 04:00;23634.0;23647.5;23598.0;23609.5;18.25;22.12;16.07;64.59;67.72;0.395;NEUTRE;0;76.5;3;0
2026.03.13 03:00;23617.0;23638.0;23595.0;23635.0;18.62;22.58;18.54;69.32;65.01;0.504;SOFT_UP;1;82;3;0
2026.03.13 02:00;23631.5;23656.5;23615.0;23616.5;19.97;26.05;14.24;69.26;60.18;0.425;NEUTRE;0;83.7;3;0
2026.03.13 01:00;23611.5;23678.0;23611.0;23632.0;18.53;30.06;16.43;56.47;56.56;0.491;NEUTRE;0;;;0
2026.03.13 00:00;23516.5;23616.0;23516.5;23611.5;16.88;20.44;18.96;54.82;61.77;0.404;NEUTRE;0;;;0
2026.03.12 20:00;23541.5;23557.0;23514.5;23530.0;18.89;14.47;21.88;58.38;69.03;0.426;NEUTRE;0;42;1;0
2026.03.12 19:00;23571.5;23601.0;23532.0;23541.5;18.66;16.69;18.91;72.09;72.31;0.475;NEUTRE;0;46.6;2;1
2026.03.12 18:00;23591.5;23621.0;23568.5;23571.5;20.58;19.26;13.68;76.63;66.33;0.603;SOFT_UP;1;54.8;2;1
2026.03.12 17:00;23574.0;23644.5;23563.5;23591.5;21.14;22.22;15.78;68.20;53.28;0.688;SOFT_UP;1;59.7;2;1
2026.03.12 16:00;23546.5;23635.5;23493.5;23574.5;21.78;23.93;18.21;54.16;42.41;0.615;SOFT_UP;1;58.4;2;1
2026.03.12 15:00;23516.5;23560.5;23371.0;23547.5;23.04;19.49;21.01;37.47;40.97;0.500;NEUTRE;0;54.7;2;1
2026.03.12 14:00;23504.0;23576.0;23398.5;23516.0;26.01;22.49;22.01;35.61;52.56;0.366;NEUTRE;0;47.9;2;1
2026.03.12 13:00;23603.8;23639.0;23462.5;23505.0;29.84;25.95;19.85;49.82;69.15;0.319;NEUTRE;0;46.1;2;1
2026.03.12 12:00;23625.0;23630.8;23536.8;23604.8;32.39;29.94;16.43;72.26;83.38;0.745;SOFT_UP;1;69.2;3;1
2026.03.12 11:00;23622.0;23710.0;23587.5;23624.0;32.89;34.54;10.66;85.36;91.35;0.827;SOFT_UP;1;72.6;3;1
2026.03.12 10:00;23638.0;23671.0;23570.5;23622.0;29.82;34.96;12.30;92.53;93.46;0.818;SOFT_UP;1;73.9;3;1
2026.03.12 09:00;23609.5;23646.0;23486.0;23637.5;27.03;36.51;14.19;96.16;86.83;0.884;SOFT_UP;1;76.5;3;1
2026.03.12 08:00;23492.5;23627.0;23489.5;23609.5;24.41;40.30;16.37;91.68;69.80;0.765;SOFT_UP;1;76.1;3;1
2026.03.12 07:00;23403.5;23504.5;23392.0;23495.0;21.67;32.80;18.89;72.64;46.10;0.276;NEUTRE;0;59.1;2;1
2026.03.12 06:00;23365.5;23420.0;23347.0;23403.5;20.87;26.29;21.80;45.08;24.76;-0.114;NEUTRE;0;-38.8;-1;0
2026.03.12 05:00;23309.0;23374.0;23307.5;23365.5;22.64;20.64;25.15;20.57;13.60;-0.277;NEUTRE;0;-66.9;-3;0
2026.03.12 04:00;23294.0;23333.0;23286.0;23309.0;24.61;14.33;29.02;8.61;12.51;-0.518;SOFT_DOWN;-1;-79.7;-3;0
2026.03.12 03:00;23305.0;23324.5;23258.5;23295.5;23.18;13.75;33.49;11.60;19.61;-0.575;SOFT_DOWN;-1;-83;-3;0
2026.03.12 02:00;23434.0;23440.5;23295.5;23305.0;20.32;15.86;30.01;17.32;30.42;-0.535;SOFT_DOWN;-1;-85;-3;0
2026.03.12 01:00;23430.8;23503.0;23410.0;23434.0;18.70;18.31;22.48;29.92;43.29;0.016;NEUTRE;0;;;0
2026.03.12 00:00;23430.3;23439.3;23333.3;23430.8;20.00;10.58;25.94;44.02;49.56;0.002;NEUTRE;0;;;0
2026.03.11 20:00;23711.5;23715.0;23638.5;23648.5;16.61;12.21;15.04;55.92;49.45;-0.911;SOFT_DOWN;-1;-62.6;-2;0
2026.03.11 19:00;23689.5;23720.5;23662.0;23711.5;17.57;14.09;12.62;48.74;43.09;-0.647;SOFT_DOWN;-1;-55.2;-2;1
2026.03.11 18:00;23664.0;23706.0;23628.0;23690.0;19.43;12.45;14.57;43.68;42.85;-0.737;SOFT_DOWN;-1;-60;-2;1
2026.03.11 17:00;23696.5;23713.5;23605.0;23665.0;21.22;14.36;16.81;36.85;45.36;-0.841;SOFT_DOWN;-1;-64.5;-2;1
2026.03.11 16:00;23611.0;23702.0;23570.0;23696.5;23.27;14.94;19.39;48.01;49.64;-0.709;SOFT_DOWN;-1;-61.9;-2;1
2026.03.11 15:00;23748.0;23753.5;23575.0;23612.0;24.86;17.24;21.79;51.23;45.55;-1.063;STRONG_DOWN;-2;-71.6;-3;1
2026.03.11 14:00;23717.0;23844.0;23602.5;23747.5;26.89;19.89;22.77;49.67;42.44;-0.496;NEUTRE;0;-56.3;-2;1
2026.03.11 13:00;23589.3;23731.5;23587.3;23717.5;29.98;15.78;26.28;35.76;37.03;-0.621;SOFT_DOWN;-1;-63.7;-2;1
2026.03.11 12:00;23651.5;23713.3;23538.8;23589.8;30.75;16.27;30.32;41.88;33.66;-1.156;STRONG_DOWN;-2;-76.2;-3;1
2026.03.11 11:00;23810.0;23827.5;23604.0;23651.5;30.84;18.77;29.24;33.44;21.17;-0.898;SOFT_DOWN;-1;-73.9;-3;1
2026.03.11 10:00;23565.5;23818.5;23557.0;23810.0;32.23;21.04;33.74;25.65;12.57;-0.234;NEUTRE;0;-44.7;-1;1
2026.03.11 09:00;23614.5;23627.0;23551.5;23565.5;33.63;13.01;38.93;4.41;6.04;-1.258;STRONG_DOWN;-2;-80.4;-3;1
2026.03.11 08:00;23735.5;23741.0;23582.0;23614.5;31.12;15.01;38.70;7.63;14.86;-1.053;STRONG_DOWN;-2;-79.8;-3;1
2026.03.11 07:00;23864.0;23896.0;23729.5;23732.5;29.13;17.32;30.38;6.07;33.84;-0.559;SOFT_DOWN;-1;-73.5;-3;1
2026.03.11 06:00;23867.0;23883.5;23833.0;23864.0;29.39;19.98;25.49;30.88;62.10;-0.008;NEUTRE;0;-3.2;0;0
2026.03.11 05:00;23973.5;23976.5;23865.0;23867.0;32.05;23.06;19.66;64.56;79.46;0.005;NEUTRE;0;2.4;0;0
2026.03.11 04:00;24001.5;24001.5;23970.5;23974.0;35.76;26.61;8.13;90.84;78.34;0.453;NEUTRE;0;78.2;3;0
2026.03.11 03:00;23959.5;24007.0;23955.5;24001.5;33.08;30.70;9.38;82.98;60.82;0.569;SOFT_UP;1;82.9;3;0
2026.03.11 02:00;23947.0;23972.5;23946.5;23959.5;29.99;25.12;10.83;61.21;40.66;0.393;NEUTRE;0;83.1;3;0
2026.03.11 01:00;23907.3;23969.0;23899.8;23947.0;28.49;26.91;12.49;38.28;25.38;0.340;NEUTRE;0;;;0
2026.03.11 00:00;23865.8;23953.8;23865.8;23907.3;27.25;27.67;14.42;22.48;24.47;0.174;NEUTRE;0;;;0
2026.03.10 20:00;23804.5;23829.0;23786.5;23816.0;26.60;17.99;16.63;15.39;36.88;0.577;SOFT_UP;1;50.7;2;0
2026.03.10 19:00;23832.0;23890.0;23772.0;23804.5;30.08;20.76;19.19;35.54;57.64;0.529;SOFT_UP;1;49.7;2;1
2026.03.10 18:00;24043.5;24049.0;23762.0;23831.0;34.11;23.95;22.15;59.73;73.15;0.641;SOFT_UP;1;56.4;2;1
2026.03.10 17:00;24042.0;24120.5;23993.0;24043.0;38.75;27.64;13.17;77.64;72.84;1.536;STRONG_UP;2;75.3;3;1
2026.03.10 16:00;23982.0;24043.5;23909.0;24042.5;39.26;22.60;15.20;82.06;63.95;1.534;STRONG_UP;2;76.2;3;1
2026.03.10 15:00;24052.0;24079.0;23975.0;23983.0;42.29;26.08;9.99;58.80;51.22;1.283;STRONG_UP;2;74.6;3;1
2026.03.10 14:00;23844.5;24067.5;23778.0;24052.0;41.93;28.39;11.52;50.97;54.25;1.574;STRONG_UP;2;78.1;3;1
2026.03.10 13:00;23927.8;23984.5;23828.5;23844.5;41.88;28.35;13.30;43.89;63.07;0.698;SOFT_UP;1;66.3;3;1
2026.03.10 12:00;23920.0;23942.3;23806.8;23928.3;42.76;28.55;15.34;67.88;75.96;1.052;STRONG_UP;2;74.9;3;1
2026.03.10 11:00;24014.0;24080.5;23902.0;23920.0;44.71;32.94;6.89;77.43;81.77;1.016;STRONG_UP;2;75.7;3;1
2026.03.10 10:00;23967.0;24018.0;23912.0;24014.5;41.53;32.62;7.95;82.57;84.24;1.416;STRONG_UP;2;80.5;3;1
2026.03.10 09:00;23908.5;24059.5;23895.0;23967.0;38.57;37.64;9.18;85.30;84.01;1.215;STRONG_UP;2;80.1;3;1
2026.03.10 08:00;23879.0;24009.5;23850.0;23908.0;35.15;38.75;10.59;84.84;72.65;0.966;SOFT_UP;1;78.9;3;1
2026.03.10 07:00;23703.5;23886.5;23650.0;23886.5;31.78;32.85;12.22;81.89;53.19;0.875;SOFT_UP;1;79.3;3;1
2026.03.10 06:00;23676.0;23728.5;23676.0;23703.5;29.62;27.62;14.10;51.21;34.71;0.102;NEUTRE;0;35.7;1;0
2026.03.10 05:00;23579.5;23687.0;23579.0;23676.0;29.19;19.71;16.27;26.46;32.03;-0.014;NEUTRE;0;-6.8;0;0
2026.03.10 04:00;23542.5;23606.5;23528.5;23579.5;32.21;11.28;18.77;26.45;42.12;-0.421;NEUTRE;0;-77.3;-3;0
2026.03.10 03:00;23615.0;23647.0;23533.0;23542.0;33.33;13.01;20.77;43.18;56.28;-0.580;SOFT_DOWN;-1;-83;-3;0
2026.03.10 02:00;23750.5;23765.0;23602.5;23615.5;34.92;15.01;14.58;56.74;65.87;-0.269;NEUTRE;0;-80;-3;0
2026.03.10 01:00;23726.8;23765.0;23691.5;23750.5;40.07;17.32;8.40;68.94;71.88;0.301;NEUTRE;0;;;0
2026.03.10 00:00;23679.3;23784.8;23666.3;23726.8;40.90;19.99;9.69;71.94;72.52;0.201;NEUTRE;0;;;0
2026.03.09 20:00;23797.0;23824.5;23718.0;23820.5;41.86;23.06;6.03;74.78;74.19;3.064;EXPLOSIVE_UP;3;81.2;3;0
2026.03.09 19:00;23378.5;23960.5;23376.0;23795.0;39.29;26.61;6.95;70.85;76.53;2.954;EXPLOSIVE_UP;3;81.4;3;1
2026.03.09 18:00;23364.5;23461.0;23362.5;23378.0;36.33;17.56;8.02;76.94;82.62;1.150;STRONG_UP;2;69.7;3;1
2026.03.09 17:00;23466.5;23470.0;23320.0;23364.5;36.19;20.26;9.26;81.79;83.52;1.091;STRONG_UP;2;69.8;3;1
2026.03.09 16:00;23429.5;23481.5;23358.0;23467.0;36.02;23.37;6.79;89.14;81.58;1.535;STRONG_UP;2;76.2;3;1
2026.03.09 15:00;23340.0;23484.0;23335.0;23429.0;33.11;26.97;7.83;79.62;77.20;1.370;STRONG_UP;2;75.5;3;1
2026.03.09 14:00;23249.5;23365.5;23133.5;23337.5;29.74;18.88;9.04;75.98;77.09;0.974;SOFT_UP;1;71.2;3;1
2026.03.09 13:00;23226.3;23367.0;23179.0;23251.5;28.89;21.79;7.41;75.99;79.96;0.602;SOFT_UP;1;63;2;1
2026.03.09 12:00;23222.5;23327.3;23187.8;23226.3;25.75;21.89;8.55;79.30;82.85;0.493;NEUTRE;0;60.1;2;1
2026.03.09 11:00;23218.0;23257.5;23165.5;23222.5;22.97;17.56;9.86;84.58;83.75;0.477;NEUTRE;0;61.4;2;1
2026.03.09 10:00;23238.0;23269.0;23152.5;23217.5;22.19;20.26;11.38;84.65;79.07;0.455;NEUTRE;0;62.6;2;1
2026.03.09 09:00;23051.5;23299.5;22969.5;23239.5;21.28;23.38;13.13;82.03;75.51;0.550;SOFT_UP;1;68.9;3;1
2026.03.09 08:00;22970.5;23114.5;22934.0;23047.5;20.24;18.35;15.15;70.53;65.24;-0.280;NEUTRE;0;-56;-2;1
2026.03.09 07:00;22927.5;23089.0;22868.0;22983.5;21.88;19.00;17.48;73.98;48.83;-0.557;SOFT_DOWN;-1;-73.5;-3;1
2026.03.09 06:00;22987.5;23078.0;22917.5;22927.5;24.61;21.93;16.73;51.20;26.37;-0.800;SOFT_DOWN;-1;-80;-3;0
2026.03.09 05:00;22765.0;22990.0;22742.0;22987.0;26.32;16.86;19.30;21.29;10.66;-0.542;SOFT_DOWN;-1;-77.7;-3;0
2026.03.09 04:00;22755.5;22817.5;22753.0;22765.0;29.33;8.76;22.27;6.61;5.03;-1.503;STRONG_DOWN;-2;-86.4;-3;0
2026.03.09 03:00;22791.0;22828.5;22725.5;22755.5;27.15;10.11;25.70;4.07;5.75;-1.544;STRONG_DOWN;-2;-87.4;-3;0
2026.03.09 02:00;22761.5;22856.0;22718.0;22791.0;24.63;11.66;29.65;4.40;14.54;-1.390;STRONG_DOWN;-2;-88.1;-3;0
2026.03.09 01:00;22948.8;22973.3;22754.5;22764.0;21.71;13.45;30.14;8.78;40.12;-1.507;STRONG_DOWN;-2;;;0
2026.03.09 00:00;23112.3;23112.3;22911.8;22950.3;19.17;15.52;23.72;30.44;63.41;-0.701;SOFT_DOWN;-1;;;0
2026.03.06 20:00;23668.3;23711.8;23622.8;23645.8;18.90;17.91;12.46;81.13;78.84;-1.088;STRONG_DOWN;-2;-66.5;-3;0
2026.03.06 19:00;23637.8;23685.3;23621.3;23668.3;19.05;16.09;14.38;78.65;72.55;-0.994;STRONG_DOWN;-2;-65.7;-3;1
2026.03.06 18:00;23582.5;23692.3;23581.3;23637.8;21.12;18.56;16.59;76.74;61.08;-1.122;STRONG_DOWN;-2;-69.2;-3;1
2026.03.06 17:00;23634.0;23651.0;23556.0;23583.0;23.51;15.69;19.15;62.25;42.52;-1.351;STRONG_DOWN;-2;-73.4;-3;1
2026.03.06 16:00;23560.0;23668.0;23523.0;23634.0;25.60;18.11;22.09;44.26;25.89;-1.138;STRONG_DOWN;-2;-71.6;-3;1
2026.03.06 15:00;23458.0;23634.5;23457.0;23561.0;28.01;17.34;25.49;21.05;13.60;-1.443;STRONG_DOWN;-2;-76.2;-3;1
2026.03.06 14:00;23420.5;23510.0;23350.5;23458.0;29.39;9.21;29.41;12.35;10.48;-1.874;EXPLOSIVE_DOWN;-3;-80;-3;1
2026.03.06 13:00;23621.3;23703.0;23399.0;23421.0;25.87;10.63;29.26;7.39;10.16;-2.029;EXPLOSIVE_DOWN;-3;-81.4;-3;1
2026.03.06 12:00;23575.0;23670.8;23545.8;23620.3;22.67;12.27;26.33;11.68;16.07;-1.195;STRONG_DOWN;-2;-76.7;-3;1
2026.03.06 11:00;23802.0;23812.5;23553.5;23575.0;20.55;14.15;29.43;11.41;22.70;-1.385;STRONG_DOWN;-2;-79.4;-3;1
2026.03.06 10:00;23796.5;23895.0;23789.0;23801.5;18.32;16.33;19.97;25.12;37.37;-0.437;NEUTRE;0;-61.6;-2;1
2026.03.06 09:00;23996.0;24008.0;23747.5;23795.5;19.59;18.84;23.05;31.56;49.74;-0.462;NEUTRE;0;-65.3;-3;1
2026.03.06 08:00;23953.5;24043.5;23918.0;23995.5;21.07;21.74;16.52;55.42;63.65;0.374;NEUTRE;0;63.2;2;1
2026.03.06 07:00;23975.0;23983.5;23917.0;23954.0;22.21;17.73;19.06;62.23;73.91;0.201;NEUTRE;0;50.6;2;1
2026.03.06 06:00;23972.5;24006.5;23966.5;23975.0;25.07;20.46;10.55;73.29;81.96;0.289;NEUTRE;0;63.9;2;0
2026.03.06 05:00;23963.0;24012.5;23962.0;23976.5;24.00;23.61;12.17;86.20;87.30;0.295;NEUTRE;0;68.2;3;0
2026.03.06 04:00;23982.5;23986.5;23947.5;23963.0;22.78;19.32;14.04;86.37;86.30;0.238;NEUTRE;0;68.3;3;0
2026.03.06 03:00;23940.5;23984.5;23936.5;23982.5;23.84;21.51;16.20;89.33;83.19;0.320;NEUTRE;0;77.5;3;0
2026.03.06 02:00;23911.5;23993.0;23911.5;23940.5;25.35;24.81;18.69;83.19;68.48;0.144;NEUTRE;0;71.8;3;0
2026.03.06 01:00;23898.0;23933.0;23859.5;23911.5;27.08;17.31;21.57;77.05;49.32;0.023;NEUTRE;0;;;0
2026.03.06 00:00;23906.0;23914.0;23882.0;23898.0;29.56;19.97;20.18;45.19;26.90;-0.033;NEUTRE;0;;;0
2026.03.05 20:00;23750.0;23887.5;23725.0;23861.5;34.03;15.27;23.28;25.72;16.87;-1.886;EXPLOSIVE_DOWN;-3;-75.9;-3;0
2026.03.05 19:00;23749.0;23783.5;23712.0;23750.0;36.07;7.78;26.86;9.78;13.08;-2.345;EXPLOSIVE_DOWN;-3;-79.2;-3;1
2026.03.05 18:00;23708.5;23796.5;23690.0;23752.0;33.14;8.98;30.99;15.12;18.00;-2.337;EXPLOSIVE_DOWN;-3;-79.7;-3;1
2026.03.05 17:00;23910.0;23957.0;23697.5;23709.0;29.77;10.36;34.68;14.35;18.52;-2.514;EXPLOSIVE_DOWN;-3;-80.9;-3;1
2026.03.05 16:00;23951.0;23960.0;23763.5;23909.0;26.04;11.95;36.10;24.53;22.39;-1.691;STRONG_DOWN;-2;-77.4;-3;1
2026.03.05 15:00;24096.0;24125.5;23899.0;23951.0;22.31;13.79;31.05;16.69;25.54;-1.518;STRONG_DOWN;-2;-76.9;-3;1
2026.03.05 14:00;24025.5;24097.5;23964.5;24095.5;19.82;15.91;31.37;25.96;39.21;-0.924;SOFT_DOWN;-1;-70.3;-3;1
2026.03.05 13:00;24180.8;24192.0;24010.5;24027.0;17.84;18.36;30.88;33.96;53.55;-1.206;STRONG_DOWN;-2;-75.7;-3;1
2026.03.05 12:00;24251.0;24282.3;24172.3;24181.3;16.67;21.18;21.91;57.72;67.48;-0.572;SOFT_DOWN;-1;-63.6;-2;1
2026.03.05 11:00;24282.0;24342.0;24240.0;24251.0;18.97;24.44;15.82;68.98;73.41;-0.285;NEUTRE;0;-47.6;-2;1
2026.03.05 10:00;24291.5;24324.5;24256.0;24281.5;18.60;25.56;18.25;75.74;73.68;-0.160;NEUTRE;0;-34.1;-1;1
2026.03.05 09:00;24190.0;24385.0;24185.0;24291.0;18.89;29.49;21.06;75.51;61.03;-0.120;NEUTRE;0;-29.4;-1;1
2026.03.05 08:00;24149.5;24191.0;24045.5;24190.0;19.23;19.10;24.30;69.78;45.52;-0.536;SOFT_DOWN;-1;-70.6;-3;1
2026.03.05 07:00;24138.0;24217.0;24115.5;24152.5;20.35;22.04;20.63;37.79;26.93;-0.690;SOFT_DOWN;-1;-76.5;-3;1
2026.03.05 06:00;24073.0;24138.0;24020.5;24138.0;22.97;13.46;23.81;28.98;21.40;-0.750;SOFT_DOWN;-1;-79.3;-3;0
2026.03.05 05:00;24173.5;24180.0;24069.0;24073.0;22.24;15.53;21.12;14.03;16.54;-1.017;STRONG_DOWN;-2;-83.4;-3;0
2026.03.05 04:00;24096.5;24178.5;24085.0;24173.0;23.31;17.92;22.15;21.19;26.15;-0.606;SOFT_DOWN;-1;-81.1;-3;0
2026.03.05 03:00;24197.5;24209.5;24081.0;24096.0;25.27;20.68;25.56;14.41;39.08;-0.922;SOFT_DOWN;-1;-85.6;-3;0
2026.03.05 02:00;24203.0;24228.0;24153.0;24197.5;27.54;23.86;20.87;42.84;63.09;-0.505;SOFT_DOWN;-1;-84.7;-3;0
2026.03.05 01:00;24333.8;24335.8;24171.5;24202.0;30.75;27.53;20.29;59.99;77.82;-0.486;NEUTRE;0;;;0
2026.03.05 00:00;24320.3;24343.3;24310.3;24333.8;33.15;31.77;10.42;86.44;87.46;0.056;NEUTRE;0;;;0
2026.03.04 20:00;24299.0;24305.5;24269.0;24283.5;30.46;26.93;12.02;87.05;88.19;1.134;STRONG_UP;2;67.4;3;0
2026.03.04 19:00;24283.0;24316.0;24276.0;24299.5;29.25;31.07;10.92;88.91;87.83;1.200;STRONG_UP;2;69.5;3;1
2026.03.04 18:00;24234.5;24296.5;24224.0;24283.0;26.37;28.35;12.60;88.62;85.89;1.132;STRONG_UP;2;69.4;3;1
2026.03.04 17:00;24235.5;24250.5;24186.5;24234.5;24.51;22.95;14.53;85.97;84.64;0.930;SOFT_UP;1;66.6;3;1
2026.03.04 16:00;24230.0;24258.5;24193.0;24235.5;24.82;26.48;15.21;83.09;82.69;0.934;SOFT_UP;1;68;3;1
2026.03.04 15:00;24189.0;24263.0;24171.0;24230.5;24.48;30.56;17.55;84.85;82.12;0.913;SOFT_UP;1;68.8;3;1
2026.03.04 14:00;24199.5;24201.0;24088.5;24188.0;24.08;24.89;20.24;80.14;82.03;0.736;SOFT_UP;1;65.8;3;1
2026.03.04 13:00;24129.3;24243.5;24125.8;24199.5;26.20;28.72;18.26;81.36;86.00;0.784;SOFT_UP;1;68.6;3;1
2026.03.04 12:00;24157.5;24190.3;24034.8;24129.8;26.80;26.19;21.07;84.60;88.39;0.494;NEUTRE;0;60.1;2;1
2026.03.04 11:00;24187.5;24240.0;24150.0;24157.0;29.26;30.22;12.91;92.05;87.04;0.607;SOFT_UP;1;66.8;3;1
2026.03.04 10:00;24044.0;24197.0;24017.0;24186.5;27.59;27.51;14.90;88.53;77.68;0.730;SOFT_UP;1;72.1;3;1
2026.03.04 09:00;23868.5;24048.0;23827.0;24044.0;27.26;19.01;17.19;80.54;62.85;0.136;NEUTRE;0;32.6;1;1
2026.03.04 08:00;23899.5;23970.5;23833.0;23867.5;30.68;16.54;19.83;63.98;43.89;-0.599;SOFT_DOWN;-1;-72.5;-3;1
2026.03.04 07:00;23847.5;23944.0;23797.0;23901.0;34.01;16.12;22.89;44.01;27.88;-0.459;NEUTRE;0;-70.2;-3;1
2026.03.04 06:00;23786.5;23906.0;23730.5;23847.5;36.57;14.62;26.41;23.67;18.19;-0.682;SOFT_DOWN;-1;-78.3;-3;0
2026.03.04 05:00;23819.0;23839.5;23755.0;23786.5;37.78;11.04;30.47;15.95;15.11;-0.936;SOFT_DOWN;-1;-82.8;-3;0
2026.03.04 04:00;23853.0;23866.0;23799.5;23818.5;36.39;12.74;27.05;14.94;18.60;-0.803;SOFT_DOWN;-1;-83.3;-3;0
2026.03.04 03:00;23848.5;23858.0;23777.0;23853.0;36.45;12.85;31.22;14.44;32.60;-0.659;SOFT_DOWN;-1;-83.9;-3;0
2026.03.04 02:00;23921.0;23940.5;23824.0;23848.5;35.65;14.83;27.09;26.40;54.64;-0.678;SOFT_DOWN;-1;-86;-3;0
2026.03.04 01:00;24029.3;24056.3;23890.0;23921.0;36.64;17.11;22.54;56.96;75.30;-0.376;NEUTRE;0;;;0
2026.03.04 00:00;24011.3;24068.3;23977.3;24029.8;40.17;19.74;17.94;80.55;86.03;0.077;NEUTRE;0;;;0
2026.03.03 20:00;24100.0;24118.5;24007.0;24051.0;45.61;22.78;15.67;88.40;87.94;-2.239;EXPLOSIVE_DOWN;-3;-78.1;-3;0
2026.03.03 19:00;24012.0;24141.5;23971.5;24100.0;49.78;26.29;18.09;89.13;81.98;-2.040;EXPLOSIVE_DOWN;-3;-77.6;-3;1
2026.03.03 18:00;23896.0;24043.5;23895.0;24013.5;54.60;21.46;20.87;86.28;69.22;-2.391;EXPLOSIVE_DOWN;-3;-79.9;-3;1
2026.03.03 17:00;23910.5;23940.0;23861.0;23895.5;62.78;14.04;24.08;70.54;51.02;-2.871;EXPLOSIVE_DOWN;-3;-82;-3;1
2026.03.03 16:00;23721.0;23964.5;23691.5;23910.5;68.39;16.20;27.78;50.84;38.14;-2.810;EXPLOSIVE_DOWN;-3;-82.3;-3;1
2026.03.03 15:00;23683.0;23734.0;23619.0;23722.0;74.86;5.70;32.06;31.69;30.41;-3.576;SPIKE_DOWN;-4;-84.3;-3;1
2026.03.03 14:00;23749.0;23799.5;23642.0;23679.5;75.64;6.58;33.91;31.88;27.30;-3.749;SPIKE_DOWN;-4;-85;-3;1
2026.03.03 13:00;23854.8;23870.5;23724.5;23746.5;76.89;7.59;31.07;27.66;21.37;-3.477;SPIKE_DOWN;-4;-85;-3;1
2026.03.03 12:00;23761.0;23879.3;23716.8;23854.3;79.37;8.76;35.85;22.37;15.17;-3.038;EXPLOSIVE_DOWN;-3;-84.7;-3;1
2026.03.03 11:00;23750.5;23783.0;23631.5;23761.5;82.24;0.99;41.37;14.09;9.62;-3.416;SPIKE_DOWN;-4;-85.6;-3;1
2026.03.03 10:00;23869.5;23911.0;23616.0;23750.5;80.23;1.14;47.73;9.05;7.01;-3.460;SPIKE_DOWN;-4;-86.1;-3;1
2026.03.03 09:00;23909.5;23998.0;23826.0;23867.5;77.91;1.32;44.12;5.72;6.91;-2.985;EXPLOSIVE_DOWN;-3;-85.9;-3;1
2026.03.03 08:00;24276.0;24295.0;23894.0;23910.5;75.40;1.52;44.83;6.25;7.12;-2.810;EXPLOSIVE_DOWN;-3;-86.2;-3;1
2026.03.03 07:00;24403.5;24414.5;24242.0;24276.0;72.63;1.76;38.38;8.75;8.08;-1.324;STRONG_DOWN;-2;-82.9;-3;1
2026.03.03 06:00;24405.0;24455.0;24382.5;24404.5;69.76;2.03;31.75;6.36;10.48;-0.802;SOFT_DOWN;-1;-80;-3;0
2026.03.03 05:00;24443.5;24471.0;24389.0;24404.5;66.96;2.34;35.25;9.12;13.65;-0.802;SOFT_DOWN;-1;-81.6;-3;0
2026.03.03 04:00;24526.5;24537.5;24432.5;24443.0;63.79;2.70;32.52;15.95;16.75;-0.645;SOFT_DOWN;-1;-81.7;-3;0
2026.03.03 03:00;24545.5;24561.5;24500.5;24527.0;60.58;3.11;27.56;15.88;18.78;-0.304;NEUTRE;0;-76.9;-3;0
2026.03.03 02:00;24551.0;24579.5;24479.0;24545.0;57.63;3.59;31.80;18.41;29.04;-0.231;NEUTRE;0;-78.4;-3;0
2026.03.03 01:00;24651.3;24689.8;24549.0;24551.0;54.24;4.14;25.97;22.04;42.80;-0.206;NEUTRE;0;;;0
2026.03.03 00:00;24601.8;24667.8;24601.8;24651.3;51.43;4.78;24.20;46.66;60.69;0.201;NEUTRE;0;;;0
2026.03.02 20:00;24723.5;24732.0;24613.0;24675.5;49.04;5.52;25.58;59.69;67.97;-1.204;STRONG_DOWN;-2;-68.6;-3;0
2026.03.02 19:00;24708.5;24749.5;24704.5;24723.5;46.66;6.37;17.69;75.73;63.62;-1.012;STRONG_DOWN;-2;-66.1;-3;1
2026.03.02 18:00;24744.0;24756.0;24706.5;24708.5;46.59;7.35;19.73;68.49;48.79;-1.072;STRONG_DOWN;-2;-68.4;-3;1
2026.03.02 17:00;24728.0;24762.5;24707.5;24744.0;46.73;8.48;22.45;46.62;31.58;-0.930;SOFT_DOWN;-1;-66.6;-3;1
2026.03.02 16:00;24651.5;24750.0;24628.0;24727.5;46.97;6.28;25.90;31.26;21.45;-0.996;STRONG_DOWN;-2;-69.2;-3;1
2026.03.02 15:00;24690.0;24744.5;24646.0;24651.0;44.81;7.25;27.62;16.88;19.16;-1.302;STRONG_DOWN;-2;-74.8;-3;1
2026.03.02 14:00;24632.0;24746.5;24600.0;24689.0;42.72;8.37;31.87;16.20;29.66;-1.150;STRONG_DOWN;-2;-74;-3;1
2026.03.02 13:00;24712.8;24731.5;24613.5;24632.0;40.31;8.08;36.77;24.39;46.07;-1.379;STRONG_DOWN;-2;-77.4;-3;1
2026.03.02 12:00;24819.0;24829.8;24690.3;24712.3;36.67;9.32;32.41;48.38;56.58;-1.057;STRONG_DOWN;-2;-75;-3;1
2026.03.02 11:00;24859.5;24899.5;24799.0;24819.0;33.80;10.76;25.41;65.43;52.66;-0.630;SOFT_DOWN;-1;-67.6;-3;1
2026.03.02 10:00;24875.0;24926.5;24825.5;24859.5;32.76;12.41;25.27;55.94;38.43;-0.468;NEUTRE;0;-63.2;-2;1
2026.03.02 09:00;24788.5;24923.0;24749.0;24875.0;32.55;13.79;29.15;36.62;23.99;-0.406;NEUTRE;0;-62.4;-2;1
2026.03.02 08:00;24730.0;24849.0;24675.5;24788.5;32.05;9.36;33.64;22.74;19.87;-0.752;SOFT_DOWN;-1;-75.9;-3;1
2026.03.02 07:00;24815.5;24823.0;24705.5;24737.0;28.30;10.80;36.15;12.61;21.73;-0.958;SOFT_DOWN;-1;-80.2;-3;1
2026.03.02 06:00;24877.0;24911.5;24758.5;24815.5;24.35;12.47;34.78;24.26;28.10;-0.644;SOFT_DOWN;-1;-77.6;-3;0
2026.03.02 05:00;24951.5;24979.0;24874.0;24877.0;20.83;14.39;28.51;28.32;29.77;-0.398;NEUTRE;0;-73.5;-3;0
2026.03.02 04:00;24981.5;25008.5;24944.5;24951.5;18.96;16.60;22.57;31.72;29.00;-0.099;NEUTRE;0;-46.3;-2;0
2026.03.02 03:00;24965.0;24992.0;24940.5;24981.5;19.54;15.19;26.04;29.26;26.33;0.021;NEUTRE;0;16.5;0;0
2026.03.02 02:00;24991.5;24998.5;24902.5;24965.0;18.49;17.52;30.05;26.01;21.68;-0.045;NEUTRE;0;-43.6;-1;0
2026.03.02 01:00;24961.3;25046.8;24957.8;24992.0;17.28;20.22;25.81;23.73;16.34;0.063;NEUTRE;0;;;0
2026.03.02 00:00;24976.3;24976.3;24864.8;24961.3;18.07;11.14;29.78;15.29;12.93;-0.060;NEUTRE;0;;;0
2026.02.27 20:00;25193.8;25238.8;25186.3;25206.3;13.84;12.86;19.88;9.99;15.67;-0.433;NEUTRE;0;-42.5;-1;0
2026.02.27 19:00;25243.3;25265.8;25187.3;25194.3;12.67;14.83;22.65;13.51;24.88;-0.480;NEUTRE;0;-46.9;-2;1
2026.02.27 18:00;25254.0;25260.3;25226.3;25244.3;11.42;17.12;18.49;23.52;32.12;-0.282;NEUTRE;0;-33.5;-1;1
2026.02.27 17:00;25272.0;25308.0;25227.0;25253.5;12.58;19.75;21.01;37.61;37.22;-0.246;NEUTRE;0;-31.5;-1;1
2026.02.27 16:00;25317.5;25369.0;25268.5;25272.0;14.04;22.79;16.37;35.24;36.33;-0.173;NEUTRE;0;-24.6;0;1
2026.02.27 15:00;25252.0;25330.0;25247.5;25317.5;13.67;20.32;18.88;38.81;39.20;0.007;NEUTRE;0;1.1;0;1
2026.02.27 14:00;25310.5;25313.0;25220.0;25252.0;15.21;20.28;21.79;34.93;40.39;-0.252;NEUTRE;0;-37.3;-1;1
2026.02.27 13:00;25343.8;25352.0;25220.0;25310.5;17.00;23.40;25.14;43.85;45.77;-0.021;NEUTRE;0;-3.9;0;1
2026.02.27 12:00;25350.0;25388.8;25327.3;25343.8;19.06;27.00;16.50;42.39;52.43;0.111;NEUTRE;0;21.4;0;1
2026.02.27 11:00;25329.0;25358.5;25315.5;25348.0;18.28;23.57;19.04;51.05;65.07;0.127;NEUTRE;0;26;1;1
2026.02.27 10:00;25389.5;25397.5;25315.5;25329.0;19.46;27.20;21.97;63.84;74.11;0.052;NEUTRE;0;12.4;0;1
2026.02.27 09:00;25403.0;25440.5;25369.0;25389.0;20.82;31.38;15.31;80.33;74.51;0.289;NEUTRE;0;53.7;2;1
2026.02.27 08:00;25341.5;25419.0;25266.5;25401.0;18.73;31.58;17.67;78.17;67.75;0.337;NEUTRE;0;60.7;2;1
2026.02.27 07:00;25303.0;25348.5;25303.0;25341.5;17.26;29.33;20.39;65.04;58.77;0.102;NEUTRE;0;31.7;1;1
2026.02.27 06:00;25316.0;25320.0;25286.0;25303.0;17.15;24.21;23.52;60.05;50.27;-0.051;NEUTRE;0;-19.8;0;0
2026.02.27 05:00;25314.5;25337.5;25313.5;25316.0;19.57;27.93;14.70;51.22;40.16;0.001;NEUTRE;0;0.5;0;0
2026.02.27 04:00;25313.0;25321.5;25294.0;25314.5;17.80;21.97;16.96;39.53;32.22;-0.005;NEUTRE;0;-3;0;0
2026.02.27 03:00;25311.0;25320.0;25304.0;25313.0;18.56;25.35;13.98;29.73;35.12;-0.011;NEUTRE;0;-8.8;0;0
2026.02.27 02:00;25292.0;25312.5;25280.0;25310.5;16.97;22.04;16.13;27.39;49.98;-0.021;NEUTRE;0;-24;0;0
2026.02.27 01:00;25288.8;25303.0;25277.3;25292.5;17.19;20.93;18.61;48.24;70.64;-0.092;NEUTRE;0;;;0
2026.02.27 00:00;25315.8;25324.3;25277.8;25289.3;18.93;24.15;21.17;74.31;79.87;-0.105;NEUTRE;0;;;0
2026.02.26 20:00;25365.0;25388.0;25356.5;25377.5;20.83;27.87;12.28;89.37;74.16;0.577;SOFT_UP;1;50.7;2;0
2026.02.26 19:00;25316.5;25369.5;25313.0;25365.0;18.06;23.12;14.17;75.93;64.51;0.528;SOFT_UP;1;49.6;2;1
2026.02.26 18:00;25270.5;25346.5;25256.5;25316.0;17.15;20.42;16.35;57.19;60.19;0.334;NEUTRE;0;38.1;1;1
2026.02.26 17:00;25261.0;25300.0;25256.0;25270.5;18.08;15.61;18.87;60.42;66.34;0.153;NEUTRE;0;20.9;0;1
2026.02.26 16:00;25331.5;25346.5;25258.5;25261.0;19.41;18.01;20.90;62.96;71.69;0.116;NEUTRE;0;17.1;0;1
2026.02.26 15:00;25289.5;25342.5;25191.0;25331.5;21.26;20.08;24.11;75.65;79.88;0.395;NEUTRE;0;48.1;2;1
2026.02.26 14:00;25304.0;25351.0;25282.0;25289.0;23.12;23.17;18.58;76.45;84.39;0.227;NEUTRE;0;34.5;1;1
2026.02.26 13:00;25308.8;25344.5;25304.0;25304.0;24.99;26.74;16.53;87.55;88.39;0.286;NEUTRE;0;43;1;1
2026.02.26 12:00;25319.5;25337.8;25304.3;25309.3;25.20;28.31;19.07;89.17;85.26;0.307;NEUTRE;0;47.3;2;1
2026.02.26 11:00;25270.0;25327.5;25260.0;25319.5;26.08;27.93;22.01;88.46;79.87;0.348;NEUTRE;0;53.2;2;1
2026.02.26 10:00;25226.5;25298.0;25208.0;25270.0;28.27;25.51;25.39;78.14;70.99;0.151;NEUTRE;0;32.6;1;1
2026.02.26 09:00;25178.5;25249.0;25146.5;25226.5;32.59;21.05;29.30;73.00;61.54;-0.021;NEUTRE;0;-5.6;0;1
2026.02.26 08:00;25191.0;25205.0;25122.5;25178.5;35.08;17.69;33.81;61.82;46.41;-0.211;NEUTRE;0;-48.1;-2;1
2026.02.26 07:00;25170.0;25214.0;25170.0;25191.0;35.66;20.41;30.15;49.81;29.45;-0.162;NEUTRE;0;-44.4;-1;1
2026.02.26 06:00;25168.5;25174.0;25132.0;25170.0;38.18;9.56;34.79;27.61;16.23;-0.245;NEUTRE;0;-59.9;-2;0
2026.02.26 05:00;25174.5;25177.5;25160.5;25168.5;35.31;11.04;29.70;10.94;11.79;-0.251;NEUTRE;0;-64.8;-2;0
2026.02.26 04:00;25186.5;25191.0;25166.5;25174.5;33.69;12.73;28.85;10.15;13.59;-0.227;NEUTRE;0;-67.4;-3;0
2026.02.26 03:00;25189.5;25205.5;25186.0;25186.5;32.91;14.69;21.04;14.29;27.45;-0.180;NEUTRE;0;-68.5;-3;0
2026.02.26 02:00;25206.0;25206.0;25181.0;25189.5;35.24;16.95;24.27;16.34;47.37;-0.168;NEUTRE;0;-74.3;-3;0
2026.02.26 01:00;25214.8;25215.3;25189.0;25206.0;37.93;19.56;23.09;51.72;72.18;-0.102;NEUTRE;0;;;0
2026.02.26 00:00;25231.8;25233.3;25212.3;25214.8;42.49;22.57;13.01;74.05;85.72;-0.067;NEUTRE;0;;;0
2026.02.25 20:00;25236.5;25256.0;25236.5;25247.5;44.90;26.04;4.43;90.76;91.58;0.683;SOFT_UP;1;55.3;2;0
2026.02.25 19:00;25238.0;25247.0;25234.5;25236.5;40.89;22.95;5.11;92.36;88.22;0.639;SOFT_UP;1;54.9;2;1
2026.02.25 18:00;25238.0;25243.5;25228.5;25238.5;37.41;22.17;5.90;91.63;83.00;0.647;SOFT_UP;1;56.7;2;1
2026.02.25 17:00;25212.0;25245.0;25209.5;25238.0;34.25;25.58;6.81;80.67;78.89;0.645;SOFT_UP;1;58.1;2;1
2026.02.25 16:00;25178.0;25226.5;25163.0;25212.0;30.60;21.50;7.86;76.71;79.20;0.541;SOFT_UP;1;55.1;2;1
2026.02.25 15:00;25203.0;25218.0;25154.5;25177.5;28.16;22.75;9.07;79.28;81.19;0.404;NEUTRE;0;48.7;2;1
2026.02.25 14:00;25185.0;25226.0;25166.5;25203.0;25.87;26.25;7.55;81.61;80.40;0.505;SOFT_UP;1;56.8;2;1
2026.02.25 13:00;25117.8;25196.5;25114.0;25185.0;21.35;22.66;8.71;82.69;79.60;0.433;NEUTRE;0;54.7;2;1
2026.02.25 12:00;25131.0;25159.3;25113.3;25117.8;17.79;19.20;10.05;76.90;74.88;0.165;NEUTRE;0;30.2;1;1
2026.02.25 11:00;25118.0;25143.5;25108.0;25131.0;15.72;16.88;11.60;79.21;70.69;0.218;NEUTRE;0;40;1;1
2026.02.25 10:00;25107.5;25146.0;25088.0;25118.0;15.29;19.47;13.39;68.53;62.51;0.166;NEUTRE;0;35.1;1;1
2026.02.25 09:00;25086.5;25108.0;25052.0;25107.0;14.79;12.39;15.45;64.32;57.95;0.122;NEUTRE;0;29.8;1;1
2026.02.25 08:00;25083.5;25135.0;25028.5;25087.0;15.38;14.29;17.82;54.68;53.73;0.043;NEUTRE;0;12.8;0;1
2026.02.25 07:00;25061.5;25109.0;25056.5;25083.5;16.05;16.49;16.52;54.86;54.78;0.029;NEUTRE;0;9.9;0;1
2026.02.25 06:00;25072.0;25080.0;25059.0;25061.5;18.51;10.53;19.06;51.66;55.82;-0.059;NEUTRE;0;-22.6;0;0
2026.02.25 05:00;25073.0;25084.5;25066.0;25072.0;16.92;12.15;16.87;57.83;57.88;-0.017;NEUTRE;0;-8.2;0;0
2026.02.25 04:00;25082.5;25085.0;25056.0;25072.5;17.02;14.02;19.46;57.97;59.28;-0.015;NEUTRE;0;-9;0;0
2026.02.25 03:00;25091.0;25094.5;25037.5;25082.5;17.14;16.18;22.45;57.84;62.87;0.025;NEUTRE;0;19.4;0;0
2026.02.25 02:00;25090.5;25094.5;25074.5;25090.5;17.28;18.67;15.92;62.02;66.93;0.057;NEUTRE;0;50.3;2;0
2026.02.25 01:00;25089.8;25099.5;25078.0;25090.5;18.72;21.54;15.68;68.76;71.23;0.057;NEUTRE;0;;;0
2026.02.25 00:00;25076.3;25092.3;25064.3;25090.3;19.18;19.70;18.09;70.02;72.90;0.056;NEUTRE;0;;;0
2026.02.24 20:00;25095.0;25111.5;25082.0;25088.5;21.47;22.73;11.15;74.91;73.26;0.217;NEUTRE;0;24.7;0;0
2026.02.24 19:00;25093.0;25103.0;25078.5;25095.5;19.52;21.79;12.86;73.78;69.73;0.244;NEUTRE;0;28.5;1;1
2026.02.24 18:00;25076.5;25101.5;25066.5;25093.0;18.56;24.21;14.84;71.08;67.92;0.234;NEUTRE;0;28.8;1;1
2026.02.24 17:00;25056.0;25082.5;25039.5;25076.5;17.72;19.58;17.13;64.33;68.46;0.169;NEUTRE;0;22.8;0;1
2026.02.24 16:00;25052.5;25068.5;25022.0;25056.0;19.42;17.58;19.76;68.34;70.57;0.087;NEUTRE;0;13;0;1
2026.02.24 15:00;25072.5;25133.0;25041.5;25052.5;21.51;20.28;16.35;72.70;69.82;0.073;NEUTRE;0;11.6;0;1
2026.02.24 14:00;25022.5;25092.0;24933.0;25072.5;23.17;16.51;18.87;70.67;66.02;0.153;NEUTRE;0;24.8;0;1
2026.02.24 13:00;24981.3;25033.0;24970.5;25023.0;25.71;13.34;21.77;66.10;62.38;-0.045;NEUTRE;0;-8.3;0;1
2026.02.24 12:00;25037.5;25051.8;24953.8;24981.3;25.97;15.40;25.12;61.30;53.52;-0.212;NEUTRE;0;-36.8;-1;1
2026.02.24 11:00;25008.0;25038.0;24994.5;25035.5;26.28;17.77;22.59;59.73;41.65;0.005;NEUTRE;0;1.1;0;1
2026.02.24 10:00;24999.5;25026.5;24986.5;25008.0;28.48;16.43;26.07;39.54;27.60;-0.105;NEUTRE;0;-24;0;1
2026.02.24 09:00;24947.0;25004.0;24939.0;24999.0;29.37;10.30;30.08;25.69;24.31;-0.141;NEUTRE;0;-33.5;-1;1
2026.02.24 08:00;25008.5;25021.0;24918.5;24947.0;26.36;11.89;34.71;17.56;36.82;-0.349;NEUTRE;0;-61.6;-2;1
2026.02.24 07:00;25052.5;25071.5;25006.0;25009.0;22.88;13.72;26.91;29.68;57.96;-0.101;NEUTRE;0;-31.4;-1;1
2026.02.24 06:00;25064.5;25067.5;25049.0;25053.0;21.40;15.83;20.95;63.21;78.41;0.075;NEUTRE;0;27.9;1;0
2026.02.24 05:00;25086.5;25093.0;25061.5;25063.0;22.55;18.27;13.78;80.99;83.32;0.115;NEUTRE;0;44.2;1;0
2026.02.24 04:00;25074.5;25088.5;25070.0;25086.5;23.87;21.08;11.75;91.02;80.57;0.209;NEUTRE;0;65.7;3;0
2026.02.24 03:00;25070.5;25079.0;25061.5;25074.0;23.17;16.42;13.56;77.95;69.73;0.159;NEUTRE;0;66;3;0
2026.02.24 02:00;25035.0;25081.0;25027.0;25070.0;25.27;18.94;15.65;72.74;57.79;0.143;NEUTRE;0;71.7;3;0
2026.02.24 01:00;25043.8;25048.5;25028.0;25035.0;27.69;12.60;18.05;58.52;42.31;0.003;NEUTRE;0;;;0
2026.02.24 00:00;25034.3;25049.3;25024.8;25043.8;29.22;14.54;20.83;42.11;30.04;0.038;NEUTRE;0;;;0
2026.02.23 20:00;25026.0;25039.0;25005.5;25017.5;30.97;11.79;24.03;26.31;23.11;-0.719;SOFT_DOWN;-1;-56.7;-2;0
2026.02.23 19:00;25021.5;25036.0;24997.5;25026.0;30.48;12.23;27.73;21.72;19.97;-0.686;SOFT_DOWN;-1;-56.8;-2;1
2026.02.23 18:00;25025.5;25067.5;25016.0;25021.0;29.20;14.11;24.61;21.30;21.92;-0.706;SOFT_DOWN;-1;-58.9;-2;1
2026.02.23 17:00;25036.0;25045.0;24974.5;25025.5;29.52;9.56;28.39;16.89;30.31;-0.688;SOFT_DOWN;-1;-59.7;-2;1
2026.02.23 16:00;25029.5;25059.5;24980.0;25036.0;26.43;11.03;31.56;27.56;46.12;-0.646;SOFT_DOWN;-1;-59.7;-2;1
2026.02.23 15:00;25158.0;25177.5;25023.0;25030.0;23.08;12.72;28.09;46.48;59.46;-0.670;SOFT_DOWN;-1;-62.1;-2;1
2026.02.23 14:00;25198.5;25214.5;25142.0;25158.0;20.83;14.68;20.57;64.34;65.43;-0.162;NEUTRE;0;-26.1;-1;1
2026.02.23 13:00;25149.3;25217.5;25136.5;25198.5;21.47;16.94;23.73;67.56;65.50;-0.001;NEUTRE;0;-0.2;0;1
2026.02.23 12:00;25187.5;25201.3;25134.8;25149.8;22.20;16.47;27.38;64.39;66.59;-0.194;NEUTRE;0;-34.4;-1;1
2026.02.23 11:00;25181.5;25203.0;25167.5;25187.5;21.79;19.00;24.03;64.54;70.05;-0.045;NEUTRE;0;-9.8;0;1
2026.02.23 10:00;25162.5;25194.5;25058.0;25181.5;23.35;18.24;27.73;70.84;78.58;-0.069;NEUTRE;0;-16.3;0;1
2026.02.23 09:00;25214.5;25236.5;25162.5;25162.5;23.77;21.05;20.21;74.76;76.84;-0.144;NEUTRE;0;-34.1;-1;1
2026.02.23 08:00;25166.5;25215.5;25110.0;25214.0;27.11;19.92;23.32;90.14;64.13;0.060;NEUTRE;0;17.6;0;1
2026.02.23 07:00;25150.5;25181.0;25150.5;25166.0;30.07;22.99;21.01;65.63;38.59;-0.130;NEUTRE;0;-38.2;-1;1
2026.02.23 06:00;25116.5;25151.0;25107.5;25150.5;34.01;11.39;24.24;36.63;19.83;-0.192;NEUTRE;0;-53.6;-2;0
2026.02.23 05:00;25134.0;25134.0;25091.5;25116.5;33.69;7.13;27.97;13.50;10.27;-0.327;NEUTRE;0;-70.1;-3;0
2026.02.23 04:00;25141.0;25148.0;25127.0;25134.0;29.74;8.23;19.42;9.36;7.83;-0.257;NEUTRE;0;-69.8;-3;0
2026.02.23 03:00;25147.5;25154.5;25126.5;25141.0;28.09;9.49;22.41;7.95;10.73;-0.229;NEUTRE;0;-72.8;-3;0
2026.02.23 02:00;25141.0;25162.0;25128.0;25147.5;26.18;10.95;25.03;6.17;18.87;-0.204;NEUTRE;0;-77;-3;0
2026.02.23 01:00;25161.8;25173.0;25133.8;25141.0;24.19;12.64;26.25;18.07;35.74;-0.229;NEUTRE;0;;;0
2026.02.23 00:00;25198.8;25224.3;25157.8;25161.8;22.53;14.58;20.87;32.38;48.68;-0.147;NEUTRE;0;;;0
2026.02.20 20:00;25263.8;25295.3;25263.8;25286.8;23.27;16.83;11.44;56.76;59.81;0.854;SOFT_UP;1;61;2;0
2026.02.20 19:00;25300.3;25304.8;25261.8;25263.3;23.92;19.42;13.20;56.91;63.97;0.760;SOFT_UP;1;59.4;2;1
2026.02.20 18:00;25272.0;25306.3;25220.8;25300.3;24.67;22.40;15.24;65.76;70.77;0.907;SOFT_UP;1;64.9;2;1
2026.02.20 17:00;25297.5;25303.5;25222.0;25272.0;25.53;25.35;17.58;69.23;74.55;0.794;SOFT_UP;1;63.2;2;1
2026.02.20 16:00;25319.5;25327.0;25272.5;25297.5;26.68;29.25;10.75;77.30;73.68;0.896;SOFT_UP;1;67.1;3;1
2026.02.20 15:00;25197.0;25380.0;25189.0;25319.5;23.67;33.75;12.41;77.12;67.88;0.984;SOFT_UP;1;70.2;3;1
2026.02.20 14:00;25145.0;25201.0;25130.0;25197.0;20.19;24.52;14.31;66.60;63.24;0.495;NEUTRE;0;56.2;2;1
2026.02.20 13:00;25120.3;25163.0;25114.5;25144.5;19.26;20.06;16.52;59.92;64.28;0.286;NEUTRE;0;43;1;1
2026.02.20 12:00;25141.0;25154.8;25106.3;25120.8;20.73;20.54;19.06;63.20;68.72;0.191;NEUTRE;0;34;1;1
2026.02.20 11:00;25133.5;25164.5;25103.5;25141.0;23.34;23.70;21.99;69.73;71.17;0.272;NEUTRE;0;46.3;2;1
2026.02.20 10:00;25148.5;25175.5;25133.5;25134.0;26.35;27.35;17.81;73.23;70.74;0.244;NEUTRE;0;45.9;2;1
2026.02.20 09:00;25130.0;25184.0;25120.0;25148.5;27.16;31.56;20.55;70.54;69.40;0.302;NEUTRE;0;54.9;2;1
2026.02.20 08:00;25111.5;25131.0;25042.5;25129.5;28.08;23.67;23.71;68.45;71.86;0.226;NEUTRE;0;50.1;2;1
2026.02.20 07:00;25129.0;25141.0;25098.0;25112.0;32.39;27.31;17.71;69.21;72.91;0.156;NEUTRE;0;43.3;1;1
2026.02.20 06:00;25133.5;25148.0;25125.0;25129.0;34.09;31.52;10.77;77.92;71.70;0.224;NEUTRE;0;57.7;2;0
2026.02.20 05:00;25106.5;25135.0;25104.0;25133.5;31.79;27.67;12.43;71.61;69.22;0.242;NEUTRE;0;64;2;0
2026.02.20 04:00;25092.0;25109.0;25089.5;25106.5;30.83;19.02;14.34;65.58;71.95;0.134;NEUTRE;0;54.8;2;0
2026.02.20 03:00;25097.0;25104.0;25089.5;25092.0;33.41;18.00;16.54;70.47;75.58;0.077;NEUTRE;0;47.4;2;0
2026.02.20 02:00;25101.0;25120.0;25079.0;25097.0;37.90;20.77;19.09;79.80;72.67;0.097;NEUTRE;0;64;2;0
2026.02.20 01:00;25099.8;25125.3;25097.5;25101.0;43.08;23.97;15.08;76.48;62.16;0.112;NEUTRE;0;;;0
2026.02.20 00:00;25072.8;25108.8;25072.3;25099.8;46.21;18.53;17.40;61.74;47.47;0.108;NEUTRE;0;;;0
2026.02.19 20:00;25046.0;25073.0;25045.5;25063.0;52.84;9.35;20.08;48.28;37.03;-0.830;SOFT_DOWN;-1;-60.3;-2;0
2026.02.19 19:00;25062.0;25062.5;25024.5;25046.0;55.36;4.92;23.17;32.40;30.75;-0.897;SOFT_DOWN;-1;-63.4;-2;1
2026.02.19 18:00;25031.5;25067.0;25015.0;25062.0;53.88;5.67;26.73;30.41;31.48;-0.834;SOFT_DOWN;-1;-63;-2;1
2026.02.19 17:00;25052.5;25071.5;25025.5;25031.5;52.17;6.55;27.74;29.44;32.64;-0.955;SOFT_DOWN;-1;-67.2;-3;1
2026.02.19 16:00;25080.0;25097.0;25040.0;25052.5;50.68;7.55;27.16;34.60;30.96;-0.872;SOFT_DOWN;-1;-66.6;-3;1
2026.02.19 15:00;25064.0;25104.5;25041.5;25080.0;49.79;8.71;30.93;33.87;26.39;-0.763;SOFT_DOWN;-1;-65.1;-3;1
2026.02.19 14:00;25087.5;25096.5;25022.5;25064.0;48.83;8.10;35.69;24.42;21.68;-0.826;SOFT_DOWN;-1;-68.2;-3;1
2026.02.19 13:00;25099.8;25112.0;25038.5;25087.5;46.65;9.35;37.86;20.88;18.67;-0.733;SOFT_DOWN;-1;-67.3;-3;1
2026.02.19 12:00;25104.0;25126.3;25073.8;25099.3;44.53;10.79;36.29;19.74;15.60;-0.687;SOFT_DOWN;-1;-67.6;-3;1
2026.02.19 11:00;25116.0;25157.0;25097.0;25104.0;43.05;12.45;35.08;15.40;11.34;-0.668;SOFT_DOWN;-1;-68.7;-3;1
2026.02.19 10:00;25103.0;25124.5;25065.5;25116.0;42.34;6.03;40.47;11.66;10.71;-0.620;SOFT_DOWN;-1;-69.1;-3;1
2026.02.19 09:00;25185.0;25206.5;25100.0;25103.0;37.46;6.95;37.70;6.96;12.38;-0.672;SOFT_DOWN;-1;-72.4;-3;1
2026.02.19 08:00;25233.0;25272.0;25179.0;25185.0;32.63;8.02;32.09;13.51;16.65;-0.347;NEUTRE;0;-61.4;-2;1
2026.02.19 07:00;25251.0;25265.5;25214.5;25233.0;28.42;9.26;31.16;16.67;27.15;-0.157;NEUTRE;0;-43.5;-1;1
2026.02.19 06:00;25265.5;25274.5;25236.5;25250.5;24.46;10.68;29.31;19.76;43.96;-0.088;NEUTRE;0;-31.8;-1;0
2026.02.19 05:00;25280.5;25282.0;25261.0;25265.5;21.05;12.33;23.90;45.03;60.34;-0.029;NEUTRE;0;-13.8;0;0
2026.02.19 04:00;25291.5;25298.5;25277.5;25280.5;19.38;14.22;15.49;67.09;65.13;0.030;NEUTRE;0;17.6;0;0
2026.02.19 03:00;25298.0;25308.0;25285.0;25291.5;21.70;16.41;12.38;68.89;59.59;0.074;NEUTRE;0;46.2;2;0
2026.02.19 02:00;25296.0;25308.5;25287.0;25298.0;22.88;18.94;12.95;59.40;48.38;0.100;NEUTRE;0;64.7;2;0
2026.02.19 01:00;25280.8;25317.5;25277.0;25296.0;23.52;21.85;14.94;50.49;44.36;0.092;NEUTRE;0;;;0
2026.02.19 00:00;25272.8;25292.3;25262.8;25281.3;24.25;15.64;17.24;35.25;48.23;0.034;NEUTRE;0;;;0
2026.02.18 20:00;25244.0;25298.0;25219.5;25291.5;27.23;18.04;19.89;47.32;62.56;0.866;SOFT_UP;1;61.4;2;0
2026.02.18 19:00;25300.5;25311.0;25228.5;25244.0;30.67;20.82;21.19;62.13;75.84;0.677;SOFT_UP;1;56.5;2;1
2026.02.18 18:00;25339.5;25353.0;25274.0;25301.0;35.25;24.02;15.96;78.23;84.04;0.904;SOFT_UP;1;64.8;2;1
2026.02.18 17:00;25320.5;25349.5;25311.5;25339.5;37.57;27.72;11.12;87.17;80.14;1.058;STRONG_UP;2;69.2;3;1
2026.02.18 16:00;25354.0;25369.0;25314.0;25320.5;36.77;31.98;11.81;86.71;70.17;0.982;SOFT_UP;1;68.9;3;1
2026.02.18 15:00;25290.5;25361.0;25290.5;25354.0;35.35;34.66;13.63;66.54;59.79;1.115;STRONG_UP;2;72.4;3;1
2026.02.18 14:00;25167.0;25292.0;25145.5;25290.5;34.09;24.94;15.73;57.25;64.89;0.862;SOFT_UP;1;69;3;1
2026.02.18 13:00;25258.8;25262.5;25159.5;25167.0;35.85;25.68;18.15;55.57;75.14;0.370;NEUTRE;0;50.3;2;1
2026.02.18 12:00;25256.5;25297.3;25223.3;25258.8;38.72;29.63;11.41;81.85;88.50;0.736;SOFT_UP;1;68.9;3;1
2026.02.18 11:00;25295.5;25316.0;25244.0;25256.5;37.84;34.19;8.86;88.00;90.07;0.727;SOFT_UP;1;70.3;3;1
2026.02.18 10:00;25241.0;25296.5;25234.0;25295.5;34.62;35.28;10.23;95.66;87.65;0.882;SOFT_UP;1;75;3;1
2026.02.18 09:00;25215.5;25252.0;25172.5;25241.0;31.47;29.76;11.80;86.55;80.93;0.665;SOFT_UP;1;72.3;3;1
2026.02.18 08:00;25104.5;25226.0;25101.0;25215.5;29.67;29.30;13.62;80.73;81.12;0.563;SOFT_UP;1;71.4;3;1
2026.02.18 07:00;25115.0;25125.5;25089.5;25102.5;28.61;21.44;15.71;75.51;83.60;0.112;NEUTRE;0;34.1;1;1
2026.02.18 06:00;25121.5;25134.0;25111.0;25115.5;30.64;24.74;8.94;87.12;82.17;0.164;NEUTRE;0;49.2;2;0
2026.02.18 05:00;25120.5;25131.5;25112.0;25121.5;28.14;26.87;10.32;88.16;72.87;0.188;NEUTRE;0;57.9;2;0
2026.02.18 04:00;25080.0;25122.0;25077.0;25120.5;25.62;23.51;11.91;71.22;64.71;0.184;NEUTRE;0;62.8;2;0
2026.02.18 03:00;25068.5;25083.5;25051.5;25080.0;24.52;13.97;13.74;59.23;67.12;0.023;NEUTRE;0;18;0;0
2026.02.18 02:00;25073.0;25078.5;25063.5;25068.5;28.17;16.12;10.08;63.68;75.58;-0.023;NEUTRE;0;-26;-1;0
2026.02.18 01:00;25069.3;25087.0;25065.5;25073.0;28.96;18.60;9.58;78.45;84.74;-0.005;NEUTRE;0;;;0
2026.02.18 00:00;25074.3;25079.8;25063.3;25069.3;28.49;16.31;11.06;84.61;88.03;-0.020;NEUTRE;0;;;0
2026.02.17 20:00;25078.0;25091.0;25065.5;25082.0;29.92;18.82;10.95;91.16;89.59;0.756;SOFT_UP;1;58;2;0
2026.02.17 19:00;25093.5;25097.5;25074.0;25078.0;30.45;21.71;7.50;88.31;87.30;0.740;SOFT_UP;1;58.8;2;1
2026.02.17 18:00;25021.5;25103.0;25005.0;25093.5;27.66;25.05;8.66;89.30;82.70;0.802;SOFT_UP;1;62.1;2;1
2026.02.17 17:00;25049.5;25053.0;24980.0;25021.5;24.43;21.06;9.99;84.28;74.57;0.513;SOFT_UP;1;51.9;2;1
2026.02.17 16:00;24945.0;25074.5;24931.0;25049.5;22.70;24.30;11.53;74.53;62.39;0.625;SOFT_UP;1;58.8;2;1
2026.02.17 15:00;24883.5;24976.0;24880.0;24945.0;20.71;17.47;13.30;64.91;58.72;0.206;NEUTRE;0;30.2;1;1
2026.02.17 14:00;24888.0;24992.0;24870.0;24882.5;21.81;20.16;15.34;47.74;57.59;-0.045;NEUTRE;0;-7.7;0;1
2026.02.17 13:00;24820.3;24927.0;24782.0;24888.5;23.08;15.07;17.71;63.51;69.10;-0.021;NEUTRE;0;-3.9;0;1
2026.02.17 12:00;24909.0;24918.3;24814.8;24820.3;25.39;17.38;16.95;61.53;74.53;-0.295;NEUTRE;0;-46.1;-2;1
2026.02.17 11:00;24865.5;24921.0;24829.0;24911.5;29.11;20.06;17.45;82.28;81.73;0.071;NEUTRE;0;15.3;0;1
2026.02.17 10:00;24914.0;24932.0;24861.0;24865.5;32.51;23.14;14.78;79.79;75.37;-0.114;NEUTRE;0;-25.8;-1;1
2026.02.17 09:00;24847.0;24927.5;24847.0;24914.0;34.12;25.73;17.05;83.13;60.24;0.081;NEUTRE;0;20.9;0;1
2026.02.17 08:00;24804.5;24873.0;24785.5;24847.0;36.25;19.27;19.68;63.20;38.64;-0.188;NEUTRE;0;-44.8;-1;1
2026.02.17 07:00;24772.5;24811.0;24747.0;24802.5;41.67;11.34;22.70;34.38;21.56;-0.367;NEUTRE;0;-65.7;-3;1
2026.02.17 06:00;24750.0;24790.0;24750.0;24773.0;42.94;8.03;26.20;18.36;15.71;-0.485;NEUTRE;0;-73.7;-3;0
2026.02.17 05:00;24776.0;24784.0;24730.5;24750.0;41.38;6.96;30.23;11.95;15.25;-0.578;SOFT_DOWN;-1;-78.4;-3;0
2026.02.17 04:00;24782.0;24787.0;24758.5;24776.0;38.12;8.03;26.83;16.84;18.14;-0.473;NEUTRE;0;-78.7;-3;0
2026.02.17 03:00;24838.0;24838.5;24763.5;24782.0;35.69;9.27;28.25;16.96;22.00;-0.449;NEUTRE;0;-81;-3;0
2026.02.17 02:00;24823.0;24845.5;24806.5;24838.0;33.40;10.69;23.78;20.64;30.64;-0.224;NEUTRE;0;-78.1;-3;0
2026.02.17 01:00;24878.8;24897.3;24814.5;24823.0;32.69;12.34;24.28;28.41;36.59;-0.284;NEUTRE;0;;;0
2026.02.17 00:00;24893.8;24909.8;24871.3;24878.8;32.70;14.23;17.46;42.87;37.62;-0.060;NEUTRE;0;;;0
2026.02.16 20:00;24881.5;24884.5;24869.5;24875.0;36.17;6.31;20.15;38.49;31.87;-0.473;NEUTRE;0;-45;-2;0
2026.02.16 19:00;24874.5;24884.5;24869.5;24881.5;33.69;7.28;23.25;31.50;24.91;-0.447;NEUTRE;0;-44.9;-1;1
2026.02.16 18:00;24885.5;24889.0;24874.0;24874.5;30.82;8.41;22.21;25.63;19.64;-0.475;NEUTRE;0;-48.2;-2;1
2026.02.16 17:00;24874.5;24889.0;24871.5;24885.5;28.63;9.70;25.63;17.60;15.58;-0.431;NEUTRE;0;-47;-2;1
2026.02.16 16:00;24868.5;24887.5;24840.5;24875.0;26.09;9.87;29.57;15.69;16.59;-0.473;NEUTRE;0;-51.4;-2;1
2026.02.16 15:00;24919.5;24949.5;24867.0;24868.5;22.43;11.39;25.45;13.45;19.09;-0.499;NEUTRE;0;-54.6;-2;1
2026.02.16 14:00;24963.0;24967.5;24886.5;24919.5;20.00;13.14;25.73;20.65;23.51;-0.295;NEUTRE;0;-41.7;-1;1
2026.02.16 13:00;24973.8;24985.5;24948.0;24963.0;18.10;15.17;18.00;23.19;26.14;-0.121;NEUTRE;0;-21.5;0;1
2026.02.16 12:00;24991.5;25011.3;24965.8;24973.8;19.57;17.50;13.47;26.69;28.63;-0.078;NEUTRE;0;-15.4;0;1
2026.02.16 11:00;24983.5;25005.0;24957.0;24991.5;20.58;18.06;15.54;28.53;37.79;-0.007;NEUTRE;0;-1.5;0;1
2026.02.16 10:00;24992.5;25005.0;24950.5;24983.5;22.59;20.84;17.94;30.65;52.18;-0.039;NEUTRE;0;-9.4;0;1
2026.02.16 09:00;25011.0;25047.0;24979.5;24993.0;24.92;24.05;12.51;54.17;68.76;-0.001;NEUTRE;0;-0.3;0;1
2026.02.16 08:00;25065.0;25072.0;24990.0;25011.0;23.90;27.74;12.04;71.71;74.83;0.071;NEUTRE;0;20.6;0;1
2026.02.16 07:00;25002.5;25065.5;24996.0;25065.5;21.50;30.79;13.89;80.39;77.42;0.289;NEUTRE;0;60.2;2;1
2026.02.16 06:00;24981.0;25001.5;24968.0;25001.5;18.99;21.36;16.03;72.40;77.47;0.033;NEUTRE;0;13.1;0;0
2026.02.16 05:00;25005.5;25005.5;24972.0;24981.0;19.72;24.65;16.66;79.47;75.83;-0.049;NEUTRE;0;-22.5;0;0
2026.02.16 04:00;24993.0;25011.5;24991.0;25005.5;19.78;28.44;10.50;80.53;66.42;0.049;NEUTRE;0;27.4;1;0
2026.02.16 03:00;24976.0;24993.0;24971.5;24993.0;15.73;18.93;12.11;67.51;54.14;-0.001;NEUTRE;0;-0.8;0;0
2026.02.16 02:00;24975.0;24986.5;24962.0;24976.0;14.77;17.20;13.98;51.23;45.09;-0.069;NEUTRE;0;-55.6;-2;0
2026.02.16 01:00;24963.8;24976.8;24952.0;24975.0;15.45;13.75;16.13;43.68;45.65;-0.073;NEUTRE;0;;;0
2026.02.16 00:00;24993.3;24998.8;24954.3;24963.3;16.61;15.87;17.18;40.35;52.90;-0.120;NEUTRE;0;;;0
2026.02.13 20:00;24948.3;24977.8;24911.8;24961.3;18.55;11.05;19.82;52.91;64.97;-0.072;NEUTRE;0;-8.7;0;0
2026.02.13 19:00;24992.3;25012.3;24946.8;24948.8;17.03;12.75;14.71;65.43;72.42;-0.122;NEUTRE;0;-15.2;0;1
2026.02.13 18:00;25002.5;25033.3;24975.8;24992.3;18.55;14.71;10.17;76.58;70.71;0.052;NEUTRE;0;7;0;1
2026.02.13 17:00;24978.5;25039.0;24971.0;25002.0;18.59;16.97;11.73;75.26;65.63;0.091;NEUTRE;0;12.8;0;1
2026.02.13 16:00;24951.0;25011.0;24936.5;24978.5;18.64;13.25;13.54;60.28;60.55;-0.003;NEUTRE;0;-0.5;0;1
2026.02.13 15:00;24891.5;25004.5;24885.0;24951.5;21.35;13.94;15.62;61.33;64.41;-0.111;NEUTRE;0;-17.4;0;1
2026.02.13 14:00;24962.5;25000.0;24864.5;24891.0;23.76;15.51;18.02;60.04;63.91;-0.353;NEUTRE;0;-46.9;-2;1
2026.02.13 13:00;24902.8;24998.0;24883.5;24963.0;26.26;17.89;18.64;71.84;60.68;-0.065;NEUTRE;0;-11.9;0;1
2026.02.13 12:00;24904.5;24929.8;24863.8;24902.8;29.99;11.48;21.50;59.85;52.36;-0.306;NEUTRE;0;-47.2;-2;1
2026.02.13 11:00;24873.0;24916.0;24831.0;24911.5;29.93;10.03;24.81;50.35;46.71;-0.271;NEUTRE;0;-46.2;-2;1
2026.02.13 10:00;24882.5;24933.5;24864.0;24873.0;28.01;11.58;22.66;46.88;43.21;-0.426;NEUTRE;0;-61;-2;1
2026.02.13 09:00;24921.0;24926.0;24855.5;24882.5;27.34;11.70;26.14;42.91;35.34;-0.388;NEUTRE;0;-61.3;-2;1
2026.02.13 08:00;24914.5;24952.0;24804.5;24921.0;25.67;13.50;30.16;39.83;32.20;-0.233;NEUTRE;0;-51;-2;1
2026.02.13 07:00;24914.0;24959.5;24886.0;24915.0;23.75;15.57;26.30;23.28;33.83;-0.257;NEUTRE;0;-57.2;-2;1
2026.02.13 06:00;24924.5;24940.5;24867.5;24914.0;23.46;13.99;30.35;33.51;49.25;-0.261;NEUTRE;0;-61.5;-2;0
2026.02.13 05:00;24994.5;24998.0;24920.5;24924.5;21.40;16.15;23.85;44.72;60.16;-0.219;NEUTRE;0;-61.7;-2;0
2026.02.13 04:00;24990.5;25017.0;24983.0;24994.5;21.73;18.63;15.11;69.52;62.70;0.061;NEUTRE;0;32.8;1;0
2026.02.13 03:00;25014.5;25025.5;24988.0;24990.5;23.47;21.50;15.17;66.25;53.64;0.045;NEUTRE;0;32.4;1;0
2026.02.13 02:00;24993.0;25015.5;24993.0;25014.5;24.42;20.70;17.51;52.34;43.70;0.141;NEUTRE;0;71.5;3;0
2026.02.13 01:00;24941.8;25005.0;24941.8;24992.5;26.89;16.86;20.20;42.32;38.06;0.053;NEUTRE;0;;;0
2026.02.13 00:00;24979.3;24993.3;24922.3;24941.8;29.65;16.61;23.31;36.43;32.92;-0.150;NEUTRE;0;;;0
2026.02.12 20:00;25023.0;25037.0;24943.5;24964.0;31.62;19.16;22.30;35.41;27.59;-0.007;NEUTRE;0;-0.8;0;0
2026.02.12 19:00;25004.0;25039.0;24999.0;25023.0;35.32;22.11;16.60;26.90;20.06;0.229;NEUTRE;0;27;1;1
2026.02.12 18:00;24946.0;25013.0;24932.0;25004.0;38.57;15.51;19.15;20.44;14.64;0.153;NEUTRE;0;19.8;0;1
2026.02.12 17:00;24938.0;25024.0;24919.5;24945.5;42.89;17.90;22.10;12.84;14.20;-0.081;NEUTRE;0;-11.4;0;1
2026.02.12 16:00;25060.0;25061.5;24879.5;24951.5;47.87;20.65;25.50;10.65;34.44;-0.057;NEUTRE;0;-8.6;0;1
2026.02.12 15:00;25238.0;25265.0;25057.5;25061.5;53.62;23.83;14.38;19.13;61.05;0.383;NEUTRE;0;47.2;2;1
2026.02.12 14:00;25273.0;25307.5;25234.0;25238.0;58.06;27.50;3.50;73.54;85.82;1.090;STRONG_UP;2;73.1;3;1
2026.02.12 13:00;25291.8;25292.5;25247.0;25273.0;55.08;28.59;4.04;90.49;92.18;1.230;STRONG_UP;2;76;3;1
2026.02.12 12:00;25267.5;25297.8;25245.8;25291.8;51.98;32.98;4.66;93.43;93.03;1.306;STRONG_UP;2;77.8;3;1
2026.02.12 11:00;25268.5;25291.0;25234.5;25267.0;48.41;36.05;5.38;92.63;92.44;1.206;STRONG_UP;2;77.8;3;1
2026.02.12 10:00;25255.5;25287.5;25237.5;25268.5;44.47;40.64;6.21;93.03;88.22;1.212;STRONG_UP;2;79;3;1
2026.02.12 09:00;25200.5;25270.5;25200.5;25255.5;40.00;41.66;7.16;91.66;82.73;1.160;STRONG_UP;2;79.6;3;1
2026.02.12 08:00;25089.5;25217.0;25089.5;25201.0;35.28;36.31;8.26;79.98;77.38;0.942;SOFT_UP;1;78.7;3;1
2026.02.12 07:00;25046.0;25085.0;25020.5;25085.0;31.03;26.51;9.54;76.57;81.03;0.477;NEUTRE;0;70.9;3;1
2026.02.12 06:00;25075.5;25100.5;25031.0;25048.0;28.56;30.59;8.50;75.61;82.13;0.329;NEUTRE;0;66.7;3;0
2026.02.12 05:00;25027.0;25080.5;25027.0;25075.5;24.26;30.87;9.81;90.91;85.22;0.439;NEUTRE;0;74.9;3;0
2026.02.12 04:00;25019.5;25037.0;25017.0;25027.0;20.03;23.11;11.31;79.89;82.38;0.245;NEUTRE;0;68.9;3;0
2026.02.12 03:00;24999.0;25025.0;24993.0;25019.5;17.84;17.44;13.06;84.86;83.33;0.215;NEUTRE;0;71.8;3;0
2026.02.12 02:00;25017.5;25020.5;24988.5;24999.0;18.37;17.96;15.06;82.39;80.32;0.133;NEUTRE;0;70.4;3;0
2026.02.12 01:00;25001.3;25020.5;24994.5;25017.0;19.85;20.72;14.50;82.75;72.80;0.205;NEUTRE;0;;;0
2026.02.12 00:00;24965.8;25003.3;24964.3;25001.3;20.18;13.73;16.73;75.81;60.88;0.142;NEUTRE;0;;;0
2026.02.11 20:00;25006.5;25012.0;24985.5;24990.0;21.77;15.84;10.94;59.84;44.54;-0.422;NEUTRE;0;-41.8;-1;0
2026.02.11 19:00;24969.5;25022.0;24964.0;25006.5;22.31;18.28;12.62;47.00;34.05;-0.356;NEUTRE;0;-38.4;-1;1
2026.02.11 18:00;24956.0;24976.0;24919.5;24969.5;22.92;8.89;14.56;26.78;32.14;-0.503;NEUTRE;0;-49.8;-2;1
2026.02.11 17:00;24915.5;24975.0;24906.0;24956.0;22.73;9.98;16.80;28.35;45.29;-0.557;SOFT_DOWN;-1;-54.2;-2;1
2026.02.11 16:00;24977.0;25012.0;24910.5;24916.0;22.31;11.52;18.38;41.28;57.69;-0.716;SOFT_DOWN;-1;-62.2;-2;1
2026.02.11 15:00;25034.0;25044.5;24901.5;24977.5;22.21;13.29;21.21;66.24;61.13;-0.471;NEUTRE;0;-53;-2;1
2026.02.11 14:00;25036.0;25072.0;24996.5;25034.5;22.09;15.34;14.26;65.55;50.62;-0.244;NEUTRE;0;-36.4;-1;1
2026.02.11 13:00;24972.8;25060.5;24962.5;25036.0;24.93;15.35;16.45;51.61;37.48;-0.238;NEUTRE;0;-37.8;-1;1
2026.02.11 12:00;24992.5;25044.8;24972.3;24972.8;28.23;15.25;18.98;34.70;25.90;-0.490;NEUTRE;0;-59.9;-2;1
2026.02.11 11:00;24975.0;25041.0;24969.5;24992.5;30.90;16.79;21.90;26.12;18.19;-0.412;NEUTRE;0;-57.8;-2;1
2026.02.11 10:00;24941.5;24990.5;24922.5;24975.0;33.62;8.50;25.27;16.89;16.67;-0.481;NEUTRE;0;-63.8;-2;1
2026.02.11 09:00;24952.0;25023.0;24917.0;24941.5;31.15;9.81;29.16;11.57;23.29;-0.615;SOFT_DOWN;-1;-70.9;-3;1
2026.02.11 08:00;25060.5;25061.5;24934.0;24952.0;28.31;11.32;31.17;21.56;32.98;-0.573;SOFT_DOWN;-1;-71.7;-3;1
2026.02.11 07:00;25099.5;25114.0;25049.5;25060.5;25.48;13.06;22.03;36.74;42.57;-0.141;NEUTRE;0;-40.5;-1;1
2026.02.11 06:00;25075.0;25121.0;25075.0;25099.5;25.47;15.07;19.34;40.63;53.11;0.015;NEUTRE;0;6;0;0
2026.02.11 05:00;25067.0;25091.5;25067.0;25075.0;27.48;7.53;22.32;50.32;67.63;-0.083;NEUTRE;0;-35.1;-1;0
2026.02.11 04:00;25102.5;25103.0;25059.5;25068.0;24.08;8.69;25.75;68.37;76.27;-0.111;NEUTRE;0;-49.6;-2;0
2026.02.11 03:00;25100.5;25106.5;25086.5;25102.5;20.16;10.02;20.16;84.18;71.56;0.027;NEUTRE;0;20.9;0;0
2026.02.11 02:00;25092.5;25107.0;25090.0;25099.5;18.09;11.56;20.57;76.25;62.17;0.015;NEUTRE;0;17.6;0;0
2026.02.11 01:00;25093.8;25107.5;25082.5;25092.5;16.56;13.34;23.74;54.25;55.25;-0.013;NEUTRE;0;;;0
2026.02.11 00:00;25095.8;25106.8;25093.8;25093.8;14.80;15.40;20.44;56.00;63.14;-0.008;NEUTRE;0;;;0
2026.02.10 20:00;25092.5;25096.0;25048.5;25055.5;14.91;14.52;23.58;55.49;71.60;-0.101;NEUTRE;0;-12.1;0;0
2026.02.10 19:00;25085.5;25100.0;25076.0;25093.0;13.55;16.76;18.30;77.92;78.70;0.049;NEUTRE;0;6.2;0;1
2026.02.10 18:00;25105.5;25105.5;25060.0;25085.5;14.95;19.34;21.12;81.38;74.35;0.019;NEUTRE;0;2.6;0;1
2026.02.10 17:00;25095.0;25114.5;25078.5;25105.5;16.58;22.31;18.11;76.79;63.03;0.098;NEUTRE;0;13.7;0;1
2026.02.10 16:00;25067.5;25100.5;25032.5;25095.5;17.53;19.76;20.90;64.87;49.53;0.059;NEUTRE;0;8.9;0;1
2026.02.10 15:00;25081.5;25111.5;25064.5;25067.5;19.80;22.80;16.87;47.43;40.63;-0.053;NEUTRE;0;-8.5;0;1
2026.02.10 14:00;25058.5;25086.5;25033.5;25081.0;20.54;18.13;19.47;36.28;39.93;0.001;NEUTRE;0;0.2;0;1
2026.02.10 13:00;25042.3;25077.0;25009.0;25058.5;23.15;18.16;22.46;38.19;49.40;-0.089;NEUTRE;0;-16.2;0;1
2026.02.10 12:00;25099.5;25110.8;25040.8;25042.3;25.08;20.95;18.72;45.32;58.75;-0.154;NEUTRE;0;-28.5;-1;1
2026.02.10 11:00;25091.5;25115.5;25066.0;25099.5;28.08;24.18;16.07;64.70;65.90;0.075;NEUTRE;0;16.1;0;1
2026.02.10 10:00;25126.0;25134.5;25076.0;25091.5;29.30;27.90;15.43;66.23;61.75;0.043;NEUTRE;0;10.3;0;1
2026.02.10 09:00;25073.0;25156.5;25070.0;25126.0;29.38;32.19;17.81;66.78;55.89;0.180;NEUTRE;0;40.2;1;1
2026.02.10 08:00;25069.0;25079.5;25012.5;25073.0;29.48;23.44;20.54;52.25;53.29;-0.031;NEUTRE;0;-9.3;0;1
2026.02.10 07:00;25058.5;25106.5;25050.0;25070.0;33.00;27.05;15.09;48.65;50.53;-0.043;NEUTRE;0;-14.6;0;1
2026.02.10 06:00;25070.0;25076.5;25043.5;25058.0;33.71;23.04;17.42;58.96;44.23;-0.091;NEUTRE;0;-32.7;-1;0
2026.02.10 05:00;25072.0;25083.5;25060.5;25070.0;36.75;26.59;12.17;43.99;33.67;-0.043;NEUTRE;0;-20;0;0
2026.02.10 04:00;25054.0;25074.5;25050.0;25072.0;36.69;24.66;14.04;29.74;30.51;-0.035;NEUTRE;0;-20.3;0;0
2026.02.10 03:00;25057.0;25061.5;25042.0;25053.5;38.11;20.29;16.20;27.29;39.69;-0.109;NEUTRE;0;-57;-2;0
2026.02.10 02:00;25079.0;25079.0;25042.0;25057.0;42.25;23.41;18.70;34.49;58.20;-0.095;NEUTRE;0;-63.6;-2;0
2026.02.10 01:00;25071.8;25084.0;25057.5;25079.0;47.03;27.01;15.13;57.29;77.76;-0.007;NEUTRE;0;;;0
2026.02.10 00:00;25080.8;25080.8;25055.8;25071.8;49.93;29.31;17.46;82.82;89.37;-0.036;NEUTRE;0;;;0
2026.02.09 20:00;25107.5;25116.0;25093.0;25107.5;53.71;33.82;9.07;93.17;91.87;0.867;SOFT_UP;1;61.4;2;0
2026.02.09 19:00;25079.5;25112.0;25078.0;25107.5;53.09;36.35;10.47;92.11;91.44;0.867;SOFT_UP;1;62.6;2;1
2026.02.09 18:00;25075.0;25088.0;25046.0;25080.0;52.75;31.08;12.08;90.31;91.22;0.756;SOFT_UP;1;60.6;2;1
2026.02.09 17:00;25080.5;25091.5;25067.5;25074.5;54.10;35.86;6.06;91.90;91.32;0.734;SOFT_UP;1;61.3;2;1
2026.02.09 16:00;25049.5;25100.0;25046.0;25080.0;51.48;41.38;6.99;91.44;84.64;0.756;SOFT_UP;1;63.4;2;1
2026.02.09 15:00;24922.5;25060.0;24919.0;25049.5;48.46;36.35;8.07;90.60;72.89;0.634;SOFT_UP;1;60.8;2;1
2026.02.09 14:00;24911.5;24946.5;24879.5;24923.0;46.12;29.56;9.31;71.87;55.76;0.125;NEUTRE;0;20.7;0;1
2026.02.09 13:00;24908.8;24927.5;24897.5;24911.0;45.20;29.74;10.74;56.20;40.89;0.077;NEUTRE;0;14.1;0;1
2026.02.09 12:00;24879.0;24914.3;24864.8;24907.8;44.94;27.55;12.39;39.20;29.16;0.064;NEUTRE;0;12.7;0;1
2026.02.09 11:00;24843.5;24888.0;24824.5;24879.5;46.01;23.61;14.30;27.28;23.07;-0.049;NEUTRE;0;-10.7;0;1
2026.02.09 10:00;24872.5;24879.5;24786.0;24843.5;49.31;25.18;16.50;21.00;26.01;-0.194;NEUTRE;0;-39.4;-1;1
2026.02.09 09:00;24894.5;24921.5;24851.5;24872.5;53.69;29.06;8.26;20.95;39.85;-0.078;NEUTRE;0;-20.1;0;1
2026.02.09 08:00;24874.0;25018.0;24871.0;24894.0;53.38;33.53;5.24;36.08;51.43;0.009;NEUTRE;0;2.7;0;1
2026.02.09 07:00;24891.5;24920.5;24867.0;24873.0;50.37;28.48;6.05;62.53;54.01;-0.076;NEUTRE;0;-24.7;0;1
2026.02.09 06:00;24892.0;24906.0;24860.5;24891.5;48.12;28.69;6.98;55.67;45.49;-0.001;NEUTRE;0;-0.4;0;0
2026.02.09 05:00;24865.5;24898.0;24858.5;24892.0;46.16;30.40;8.06;43.82;41.78;0.001;NEUTRE;0;0.5;0;0
2026.02.09 04:00;24858.5;24872.0;24854.5;24865.5;44.33;24.95;9.29;36.97;45.16;-0.106;NEUTRE;0;-48.3;-2;0
2026.02.09 03:00;24858.5;24871.0;24849.5;24858.5;44.11;27.91;10.72;44.55;54.99;-0.134;NEUTRE;0;-62.1;-2;0
2026.02.09 02:00;24858.5;24894.0;24851.5;24858.5;44.05;32.21;10.94;53.95;67.85;-0.134;NEUTRE;0;-70.6;-3;0
2026.02.09 01:00;24879.8;24881.3;24844.0;24859.0;43.25;32.56;12.63;66.47;80.47;-0.132;NEUTRE;0;;;0
2026.02.09 00:00;24891.8;24933.8;24867.3;24879.3;43.12;37.57;4.96;83.11;87.87;-0.050;NEUTRE;0;;;0
2026.02.06 20:00;24816.8;24859.8;24811.3;24856.3;37.95;28.67;5.72;91.84;88.15;1.923;EXPLOSIVE_UP;3;76.2;3;0
2026.02.06 19:00;24798.8;24824.3;24798.8;24816.8;33.53;21.82;6.60;88.66;85.91;1.761;EXPLOSIVE_UP;3;75.7;3;1
2026.02.06 18:00;24794.0;24819.8;24784.8;24799.3;30.45;22.46;7.62;83.95;82.30;1.689;STRONG_UP;2;75.9;3;1
2026.02.06 17:00;24783.0;24819.0;24773.5;24794.5;27.54;25.56;8.79;85.13;78.56;1.670;STRONG_UP;2;76.5;3;1
2026.02.06 16:00;24785.5;24815.5;24773.0;24783.0;24.27;28.31;10.14;77.81;74.02;1.623;STRONG_UP;2;76.9;3;1
2026.02.06 15:00;24708.5;24798.0;24683.5;24785.5;20.73;26.33;11.70;72.72;75.33;1.633;STRONG_UP;2;77.8;3;1
2026.02.06 14:00;24666.0;24767.5;24661.5;24707.0;18.01;26.28;13.50;71.54;81.22;1.311;STRONG_UP;2;75.8;3;1
2026.02.06 13:00;24681.8;24712.0;24655.0;24666.0;15.83;22.27;15.58;81.74;87.38;1.143;STRONG_UP;2;75;3;1
2026.02.06 12:00;24720.0;24736.3;24673.3;24681.8;15.55;25.70;13.04;90.37;85.57;1.208;STRONG_UP;2;76.8;3;1
2026.02.06 11:00;24676.0;24729.5;24675.0;24719.0;12.92;27.99;15.04;90.03;79.42;1.360;STRONG_UP;2;79.2;3;1
2026.02.06 10:00;24607.5;24684.0;24595.5;24677.0;10.28;19.45;17.36;76.31;73.11;1.188;STRONG_UP;2;78.8;3;1
2026.02.06 09:00;24542.0;24656.0;24526.0;24607.0;10.98;17.57;20.03;71.91;76.19;0.901;SOFT_UP;1;76.7;3;1
2026.02.06 08:00;24605.5;24610.5;24467.5;24542.0;11.67;14.89;23.11;71.12;78.30;0.634;SOFT_UP;1;73.4;3;1
2026.02.06 07:00;24575.5;24613.0;24519.5;24605.5;10.14;17.19;21.07;85.52;81.14;0.895;SOFT_UP;1;79.5;3;1
2026.02.06 06:00;24593.0;24617.5;24547.5;24576.5;10.13;19.83;19.70;78.26;78.59;0.776;SOFT_UP;1;79.6;3;0
2026.02.06 05:00;24495.0;24611.0;24470.5;24594.0;11.65;21.45;22.74;79.65;79.15;0.848;SOFT_UP;1;82.1;3;0
2026.02.06 04:00;24550.5;24550.5;24470.0;24495.0;12.99;18.13;26.23;77.85;75.93;0.442;NEUTRE;0;77.9;3;0
2026.02.06 03:00;24554.0;24565.0;24513.0;24550.5;12.18;20.92;22.05;79.96;70.60;0.669;SOFT_UP;1;84;3;0
2026.02.06 02:00;24554.5;24574.0;24535.5;24556.5;13.64;24.13;18.79;69.99;63.34;0.694;SOFT_UP;1;86.1;3;0
2026.02.06 01:00;24469.3;24554.5;24422.5;24554.5;13.83;20.05;21.68;61.85;61.43;0.686;SOFT_UP;1;;;0
2026.02.06 00:00;24387.3;24469.3;24279.8;24469.3;15.35;13.21;25.01;58.18;64.72;0.336;NEUTRE;0;;;0
2026.02.05 20:00;24591.5;24622.5;24530.5;24541.0;12.96;15.24;14.10;64.27;69.29;-0.753;SOFT_DOWN;-1;-57.9;-2;0
2026.02.05 19:00;24548.5;24616.0;24539.0;24591.5;14.36;17.59;14.84;71.70;68.26;-0.549;SOFT_DOWN;-1;-50.7;-2;1
2026.02.05 18:00;24581.5;24604.5;24524.5;24548.5;15.27;17.99;17.13;71.89;60.47;-0.723;SOFT_DOWN;-1;-59.5;-2;1
2026.02.05 17:00;24600.0;24653.0;24534.5;24582.0;17.23;20.76;17.84;61.19;45.02;-0.588;SOFT_DOWN;-1;-55.7;-2;1
2026.02.05 16:00;24468.5;24601.0;24415.5;24599.5;18.72;17.20;20.58;48.33;30.97;-0.517;SOFT_DOWN;-1;-53.8;-2;1
2026.02.05 15:00;24475.0;24502.0;24409.5;24469.5;20.23;11.64;23.75;25.54;22.88;-1.043;STRONG_DOWN;-2;-71.2;-3;1
2026.02.05 14:00;24406.0;24557.0;24356.0;24475.0;18.07;13.43;27.40;19.03;27.47;-1.020;STRONG_DOWN;-2;-72;-3;1
2026.02.05 13:00;24495.8;24534.5;24397.5;24406.5;15.59;15.50;28.44;24.08;35.61;-1.297;STRONG_DOWN;-2;-76.7;-3;1
2026.02.05 12:00;24660.0;24682.8;24449.8;24495.8;13.46;17.88;26.94;39.31;36.27;-0.936;SOFT_DOWN;-1;-73.1;-3;1
2026.02.05 11:00;24633.5;24685.0;24606.5;24660.0;12.42;20.63;20.74;43.45;31.00;-0.272;NEUTRE;0;-46.3;-2;1
2026.02.05 10:00;24571.5;24648.5;24535.5;24634.0;14.28;16.65;23.93;26.06;28.41;-0.377;NEUTRE;0;-57.9;-2;1
2026.02.05 09:00;24581.0;24619.0;24515.0;24571.0;13.72;15.20;27.62;23.48;36.17;-0.632;SOFT_DOWN;-1;-71.4;-3;1
2026.02.05 08:00;24703.5;24747.5;24580.0;24580.0;11.37;17.54;22.25;35.70;42.54;-0.596;SOFT_DOWN;-1;-72.4;-3;1
2026.02.05 07:00;24727.0;24760.5;24696.0;24703.5;11.30;20.24;15.02;49.32;39.89;-0.096;NEUTRE;0;-30.1;-1;1
2026.02.05 06:00;24693.5;24732.0;24692.0;24727.0;10.76;16.55;17.33;42.60;30.85;-0.001;NEUTRE;0;-0.4;0;0
2026.02.05 05:00;24689.5;24730.5;24652.0;24692.0;12.06;18.52;19.99;27.74;32.03;-0.143;NEUTRE;0;-50.4;-2;0
2026.02.05 04:00;24669.5;24705.0;24628.5;24689.5;13.33;16.37;23.07;22.21;46.91;-0.153;NEUTRE;0;-58.3;-2;0
2026.02.05 03:00;24678.5;24728.5;24656.0;24669.5;12.77;18.89;21.09;46.14;67.21;-0.234;NEUTRE;0;-73.1;-3;0
2026.02.05 02:00;24797.5;24802.0;24677.0;24678.5;13.89;21.80;19.88;72.38;74.23;-0.197;NEUTRE;0;-76.5;-3;0
2026.02.05 01:00;24758.3;24803.5;24753.3;24797.5;15.31;25.15;13.55;83.12;65.49;0.284;NEUTRE;0;;;0
2026.02.05 00:00;24727.3;24767.3;24704.3;24758.3;13.06;17.93;15.63;67.18;50.28;0.125;NEUTRE;0;;;0
2026.02.04 20:00;24740.0;24750.0;24696.5;24698.5;14.01;16.82;18.03;46.17;37.38;-0.553;SOFT_DOWN;-1;-49.5;-2;0
2026.02.04 19:00;24675.0;24757.0;24646.5;24740.0;15.63;19.40;20.81;37.49;31.39;-0.386;NEUTRE;0;-40.7;-1;1
2026.02.04 18:00;24670.5;24694.5;24616.0;24675.0;17.50;13.69;24.01;28.48;26.22;-0.647;SOFT_DOWN;-1;-56.7;-2;1
2026.02.04 17:00;24720.5;24732.0;24605.0;24670.5;15.98;15.79;27.70;28.21;24.21;-0.666;SOFT_DOWN;-1;-58.9;-2;1
2026.02.04 16:00;24760.0;24770.5;24652.5;24720.0;14.22;18.22;26.21;21.96;23.55;-0.466;NEUTRE;0;-51;-2;1
2026.02.04 15:00;24726.5;24845.5;24711.5;24760.5;13.64;21.02;22.55;22.47;30.92;-0.303;NEUTRE;0;-40.5;-1;1
2026.02.04 14:00;24762.5;24798.0;24715.0;24724.5;15.20;18.81;26.02;26.24;40.15;-0.448;NEUTRE;0;-53.6;-2;1
2026.02.04 13:00;24795.3;24810.5;24759.0;24762.5;15.06;21.70;21.87;44.05;47.81;-0.295;NEUTRE;0;-43.8;-1;1
2026.02.04 12:00;24860.0;24884.3;24767.8;24794.8;17.32;25.04;22.60;50.17;44.07;-0.165;NEUTRE;0;-30.2;-1;1
2026.02.04 11:00;24844.5;24871.5;24797.5;24861.0;19.20;28.89;22.16;49.23;38.41;0.101;NEUTRE;0;21.2;0;1
2026.02.04 10:00;24787.0;24863.5;24783.0;24844.5;20.12;31.67;25.57;32.81;36.16;0.035;NEUTRE;0;8.4;0;1
2026.02.04 09:00;24784.5;24797.0;24703.5;24787.5;21.58;23.83;29.50;33.18;48.47;-0.194;NEUTRE;0;-42.4;-1;1
2026.02.04 08:00;24940.5;24962.5;24779.5;24784.5;23.26;27.50;21.54;42.50;54.64;-0.207;NEUTRE;0;-47.6;-2;1
2026.02.04 07:00;24900.5;24956.0;24897.0;24940.5;24.97;31.73;14.97;69.73;60.23;0.422;NEUTRE;0;68.6;3;1
2026.02.04 06:00;24869.5;24910.0;24849.0;24900.5;23.29;24.62;17.28;51.67;61.14;0.261;NEUTRE;0;61.5;2;0
2026.02.04 05:00;24868.0;24874.5;24846.5;24869.0;24.18;19.45;19.93;59.29;71.86;0.134;NEUTRE;0;48.6;2;0
2026.02.04 04:00;24888.0;24893.5;24862.5;24868.5;27.71;22.44;14.21;72.46;80.81;0.132;NEUTRE;0;54.4;2;0
2026.02.04 03:00;24868.0;24897.5;24857.0;24888.0;28.52;25.90;16.40;83.84;84.08;0.210;NEUTRE;0;71.4;3;0
2026.02.04 02:00;24890.5;24914.0;24862.0;24868.0;29.45;29.88;17.02;86.14;78.26;0.130;NEUTRE;0;70;3;0
2026.02.04 01:00;24856.8;24907.0;24856.8;24890.5;29.77;32.41;19.64;82.25;62.67;0.220;NEUTRE;0;;;0
2026.02.04 00:00;24835.8;24874.3;24833.8;24856.8;30.57;27.37;22.66;66.39;41.94;0.085;NEUTRE;0;;;0
2026.02.03 20:00;24797.5;24838.0;24775.5;24836.5;33.82;17.79;26.15;39.36;24.25;-0.536;SOFT_DOWN;-1;-48.6;-2;0
2026.02.03 19:00;24731.0;24801.5;24706.0;24798.0;36.10;11.55;30.17;20.05;20.34;-0.690;SOFT_DOWN;-1;-57;-2;1
2026.02.03 18:00;24788.0;24825.0;24730.5;24731.0;34.79;13.32;30.86;13.34;21.17;-0.958;SOFT_DOWN;-1;-66.1;-3;1
2026.02.03 17:00;24845.0;24848.0;24767.5;24788.0;34.03;15.37;29.59;27.63;21.53;-0.730;SOFT_DOWN;-1;-61.2;-2;1
2026.02.03 16:00;24883.5;24903.0;24825.5;24844.5;34.41;17.74;23.05;22.53;14.57;-0.504;SOFT_DOWN;-1;-53.1;-2;1
2026.02.03 15:00;24795.0;24898.5;24788.0;24883.0;37.69;19.57;26.60;14.45;11.42;-0.350;NEUTRE;0;-44.6;-1;1
2026.02.03 14:00;24890.0;24898.5;24790.5;24795.5;41.15;22.58;30.34;6.74;10.75;-0.700;SOFT_DOWN;-1;-64.7;-2;1
2026.02.03 13:00;24942.3;24961.5;24878.0;24890.5;45.23;26.06;22.55;13.09;14.57;-0.320;NEUTRE;0;-46.2;-2;1
2026.02.03 12:00;24965.5;25002.3;24929.3;24942.3;51.07;30.07;16.56;12.42;23.36;-0.112;NEUTRE;0;-21.6;0;1
2026.02.03 11:00;24936.0;24971.0;24902.5;24964.0;54.48;28.10;19.11;18.21;40.37;-0.025;NEUTRE;0;-5.5;0;1
2026.02.03 10:00;25030.5;25056.5;24935.0;24936.0;59.93;32.42;14.75;39.45;61.07;-0.137;NEUTRE;0;-30.1;-1;1
2026.02.03 09:00;25158.5;25176.5;25013.5;25030.5;63.39;37.40;7.08;63.46;67.75;0.241;NEUTRE;0;48.6;2;1
2026.02.03 08:00;25036.0;25188.0;25023.5;25158.5;62.66;43.16;7.23;80.30;66.56;0.754;SOFT_UP;1;75.9;3;1
2026.02.03 07:00;25001.0;25061.5;24996.0;25036.0;61.33;37.97;8.34;59.50;62.86;0.263;NEUTRE;0;57.8;2;1
2026.02.03 06:00;24973.0;25006.0;24964.0;25001.5;60.92;30.77;9.63;59.88;71.07;0.125;NEUTRE;0;41.4;1;0
2026.02.03 05:00;25016.5;25017.5;24952.0;24973.0;62.24;35.51;11.11;69.19;81.16;0.011;NEUTRE;0;5.3;0;0
2026.02.03 04:00;24978.5;25031.5;24978.5;25016.5;63.76;40.97;6.59;84.13;88.43;0.185;NEUTRE;0;62.9;2;0
2026.02.03 03:00;24966.5;24979.5;24953.0;24978.5;62.45;32.18;7.61;90.17;92.90;0.033;NEUTRE;0;25;0;0
2026.02.03 02:00;24985.5;24985.5;24945.5;24966.5;62.56;37.13;8.78;91.00;90.72;-0.015;NEUTRE;0;-17.6;0;0
2026.02.03 01:00;24964.3;24986.5;24963.3;24986.0;62.68;42.84;3.37;97.52;85.37;0.063;NEUTRE;0;;;0
2026.02.03 00:00;24970.3;24970.3;24946.3;24964.3;59.18;38.69;3.88;83.63;76.17;-0.024;NEUTRE;0;;;0
2026.02.02 20:00;24899.5;24942.5;24894.0;24942.0;55.71;29.53;4.48;74.96;70.92;1.511;STRONG_UP;2;72.6;3;0
2026.02.02 19:00;24903.5;24923.5;24897.0;24899.5;52.95;28.05;5.17;69.92;69.75;1.338;STRONG_UP;2;71.5;3;1
2026.02.02 18:00;24903.0;24913.5;24881.5;24903.5;50.50;26.56;5.97;67.88;71.32;1.354;STRONG_UP;2;72.6;3;1
2026.02.02 17:00;24876.5;24912.5;24873.5;24903.0;48.53;30.16;6.88;71.45;77.29;1.352;STRONG_UP;2;73.5;3;1
2026.02.02 16:00;24885.0;24912.5;24861.5;24876.5;46.32;34.80;7.94;74.64;83.89;1.244;STRONG_UP;2;73.1;3;1
2026.02.02 15:00;24836.0;24942.0;24820.5;24885.0;43.78;40.16;9.16;85.78;90.76;1.279;STRONG_UP;2;74.5;3;1
2026.02.02 14:00;24839.5;24866.5;24819.0;24834.0;40.85;36.78;10.57;91.24;93.88;1.071;STRONG_UP;2;72.8;3;1
2026.02.02 13:00;24816.3;24846.0;24787.5;24839.5;38.62;35.80;12.20;95.25;95.40;1.094;STRONG_UP;2;74.3;3;1
2026.02.02 12:00;24779.5;24849.8;24774.3;24816.3;37.00;41.30;14.08;95.15;95.20;0.999;STRONG_UP;2;74.2;3;1
2026.02.02 11:00;24698.5;24789.0;24698.5;24779.5;35.13;35.27;16.24;95.80;94.36;0.849;SOFT_UP;1;73;3;1
2026.02.02 10:00;24667.0;24718.0;24666.5;24698.5;34.85;28.62;18.74;94.65;88.65;0.520;SOFT_UP;1;65.6;3;1
2026.02.02 09:00;24628.0;24691.5;24591.5;24667.0;37.00;25.11;21.63;92.64;71.68;0.392;NEUTRE;0;61.5;2;1
2026.02.02 08:00;24437.0;24646.5;24437.0;24627.5;41.55;22.05;24.95;78.67;50.65;0.231;NEUTRE;0;50.7;2;1
2026.02.02 07:00;24374.0;24438.0;24338.0;24434.5;46.99;10.31;28.79;43.71;31.21;-0.555;SOFT_DOWN;-1;-73.4;-3;1
2026.02.02 06:00;24361.5;24392.0;24293.0;24374.0;46.95;4.82;33.22;29.57;22.26;-0.801;SOFT_DOWN;-1;-80;-3;0
2026.02.02 05:00;24396.5;24409.0;24331.5;24361.5;42.69;5.56;32.35;20.33;15.14;-0.852;SOFT_DOWN;-1;-82.1;-3;0
2026.02.02 04:00;24377.5;24409.0;24310.0;24396.5;38.39;6.42;37.33;16.86;13.45;-0.709;SOFT_DOWN;-1;-82.4;-3;0
2026.02.02 03:00;24435.0;24458.5;24349.0;24377.0;33.43;7.41;37.01;8.22;18.89;-0.789;SOFT_DOWN;-1;-84.9;-3;0
2026.02.02 02:00;24460.5;24482.0;24425.5;24435.0;28.32;8.55;31.95;15.25;31.88;-0.553;SOFT_DOWN;-1;-85.1;-3;0
2026.02.02 01:00;24563.8;24582.3;24446.5;24460.5;23.78;9.86;31.15;33.20;42.80;-0.449;NEUTRE;0;;;0
2026.02.02 00:00;24570.8;24589.3;24554.3;24561.8;19.45;11.38;23.73;47.19;45.19;-0.037;NEUTRE;0;;;0
2026.01.30 20:00;24582.8;24613.8;24571.3;24592.3;17.04;13.13;20.50;48.02;42.05;0.179;NEUTRE;0;20.7;0;0
2026.01.30 19:00;24588.8;24616.8;24575.8;24582.8;16.28;15.15;22.03;40.35;39.90;0.141;NEUTRE;0;17.4;0;1
2026.01.30 18:00;24588.5;24602.8;24512.8;24588.3;15.94;12.23;25.41;37.78;44.42;0.163;NEUTRE;0;21;0;1
2026.01.30 17:00;24597.5;24626.5;24568.0;24588.5;13.01;14.11;19.89;41.57;49.66;0.164;NEUTRE;0;22.2;0;1
2026.01.30 16:00;24609.5;24658.0;24579.5;24598.0;12.39;16.28;19.92;53.92;56.86;0.202;NEUTRE;0;28.1;1;1
2026.01.30 15:00;24608.5;24674.5;24602.0;24610.0;12.75;18.78;18.58;53.48;63.82;0.251;NEUTRE;0;35.3;1;1
2026.01.30 14:00;24560.0;24672.0;24555.5;24607.5;14.63;21.14;21.44;63.18;72.37;0.241;NEUTRE;0;36.1;1;1
2026.01.30 13:00;24601.8;24620.5;24559.0;24560.0;16.77;17.59;24.74;74.79;76.92;0.048;NEUTRE;0;8.9;0;1
2026.01.30 12:00;24631.5;24659.3;24593.8;24601.8;16.76;20.30;19.84;79.15;77.81;0.218;NEUTRE;0;37.6;1;1
2026.01.30 11:00;24534.0;24643.5;24524.0;24631.5;19.16;19.71;22.89;76.81;72.79;0.339;NEUTRE;0;52.5;2;1
2026.01.30 10:00;24551.0;24565.5;24495.5;24533.5;20.96;12.70;26.41;77.47;65.16;-0.060;NEUTRE;0;-14.3;0;1
2026.01.30 09:00;24613.0;24614.0;24541.5;24550.5;18.79;14.66;20.36;64.08;46.43;0.009;NEUTRE;0;2.4;0;1
2026.01.30 08:00;24422.0;24614.5;24398.5;24613.5;19.18;16.91;23.49;53.94;35.96;0.266;NEUTRE;0;54.6;2;1
2026.01.30 07:00;24502.5;24530.0;24405.5;24422.0;19.62;13.50;27.11;21.28;31.52;-0.514;SOFT_DOWN;-1;-72.2;-3;1
2026.01.30 06:00;24513.0;24545.0;24496.5;24504.0;17.48;15.57;20.03;32.65;37.47;-0.180;NEUTRE;0;-51.8;-2;0
2026.01.30 05:00;24525.0;24536.5;24498.5;24513.0;18.25;15.27;23.12;40.62;40.55;-0.144;NEUTRE;0;-50.6;-2;0
2026.01.30 04:00;24546.0;24561.0;24520.0;24525.0;17.91;17.62;17.97;39.13;44.60;-0.095;NEUTRE;0;-45.2;-2;0
2026.01.30 03:00;24523.0;24572.0;24523.0;24546.0;20.52;20.34;19.61;41.89;57.18;-0.009;NEUTRE;0;-7.2;0;0
2026.01.30 02:00;24536.0;24550.5;24479.0;24522.5;23.39;16.78;22.62;52.79;72.31;-0.105;NEUTRE;0;-65.8;-3;0
2026.01.30 01:00;24573.3;24574.3;24503.5;24536.0;24.71;19.36;20.83;76.86;78.42;-0.050;NEUTRE;0;;;0
2026.01.30 00:00;24548.3;24612.3;24548.3;24573.3;27.95;22.34;14.30;87.28;69.85;0.102;NEUTRE;0;;;0
2026.01.29 20:00;24532.0;24576.0;24524.0;24570.5;28.88;17.05;16.50;71.11;52.60;-1.404;STRONG_DOWN;-2;-71.4;-3;0
2026.01.29 19:00;24522.5;24556.0;24519.5;24532.0;33.07;13.76;19.04;51.16;36.33;-1.558;STRONG_DOWN;-2;-73.9;-3;1
2026.01.29 18:00;24483.5;24553.0;24479.0;24522.5;35.68;14.61;21.97;35.52;23.45;-1.596;STRONG_DOWN;-2;-75.1;-3;1
2026.01.29 17:00;24446.5;24561.0;24444.5;24483.5;38.07;16.86;25.35;22.30;17.42;-1.753;EXPLOSIVE_DOWN;-3;-77.1;-3;1
2026.01.29 16:00;24389.0;24460.5;24355.0;24446.5;40.84;6.18;29.25;12.51;18.28;-1.901;EXPLOSIVE_DOWN;-3;-78.8;-3;1
2026.01.29 15:00;24522.5;24563.5;24364.0;24389.0;37.10;7.14;32.44;17.45;26.02;-2.132;EXPLOSIVE_DOWN;-3;-80.6;-3;1
2026.01.29 14:00;24698.0;24713.0;24519.5;24522.0;32.98;8.23;25.44;24.88;26.65;-1.598;STRONG_DOWN;-2;-78.3;-3;1
2026.01.29 13:00;24654.3;24699.5;24631.5;24697.5;30.19;9.50;20.44;35.73;22.48;-0.894;SOFT_DOWN;-1;-71;-3;1
2026.01.29 12:00;24712.0;24729.8;24653.3;24654.3;29.21;10.96;18.66;19.34;12.44;-1.067;STRONG_DOWN;-2;-75.1;-3;1
2026.01.29 11:00;24606.0;24716.0;24595.5;24712.0;29.71;9.87;21.53;12.37;9.10;-0.836;SOFT_DOWN;-1;-72.7;-3;1
2026.01.29 10:00;24619.5;24682.0;24599.0;24605.5;28.57;7.05;24.84;5.60;11.23;-1.263;STRONG_DOWN;-2;-79.4;-3;1
2026.01.29 09:00;24720.5;24761.5;24610.5;24619.0;24.38;8.14;26.53;9.32;14.74;-1.209;STRONG_DOWN;-2;-80;-3;1
2026.01.29 08:00;24872.5;24875.5;24676.0;24721.0;19.97;9.39;23.94;18.78;21.14;-0.800;SOFT_DOWN;-1;-76.7;-3;1
2026.01.29 07:00;24892.5;24925.5;24871.0;24873.0;16.32;10.83;12.58;16.13;27.50;-0.190;NEUTRE;0;-49;-2;1
2026.01.29 06:00;24843.0;24929.0;24841.5;24893.0;17.68;12.50;14.52;28.51;45.90;-0.110;NEUTRE;0;-37.8;-1;0
2026.01.29 05:00;24962.5;25013.5;24843.0;24843.0;19.25;14.42;16.49;37.88;56.69;-0.310;NEUTRE;0;-69.1;-3;0
2026.01.29 04:00;24952.0;24976.5;24945.0;24962.5;21.19;16.64;9.82;71.32;66.78;0.169;NEUTRE;0;60.8;2;0
2026.01.29 03:00;24945.0;24980.0;24943.0;24951.5;20.48;19.20;11.33;60.88;68.24;0.125;NEUTRE;0;60.4;2;0
2026.01.29 02:00;24931.5;24960.5;24915.0;24945.0;19.67;14.05;13.08;68.14;76.11;0.099;NEUTRE;0;64.5;2;0
2026.01.29 01:00;24965.8;24967.3;24891.0;24931.5;22.15;16.21;15.09;75.71;81.57;0.045;NEUTRE;0;;;0
2026.01.29 00:00;24920.3;24973.8;24915.8;24964.8;25.01;18.70;12.41;84.49;83.99;0.179;NEUTRE;0;;;0
2026.01.28 20:00;24944.0;24969.5;24941.0;24957.5;25.74;21.58;7.64;84.50;81.18;-0.109;NEUTRE;0;-13;0;0
2026.01.28 19:00;24913.0;24964.0;24910.0;24944.0;22.36;21.93;8.81;82.98;75.62;-0.163;NEUTRE;0;-20;0;1
2026.01.28 18:00;24916.5;24940.5;24913.0;24929.5;19.24;18.61;10.17;76.06;67.14;-0.221;NEUTRE;0;-27.5;-1;1
2026.01.28 17:00;24888.5;24935.0;24888.0;24916.5;17.69;18.39;11.73;67.81;57.70;-0.273;NEUTRE;0;-34.2;-1;1
2026.01.28 16:00;24917.5;24939.0;24877.5;24888.5;17.01;21.22;13.54;57.56;43.97;-0.385;NEUTRE;0;-45.5;-2;1
2026.01.28 15:00;24895.0;24940.0;24881.5;24917.5;16.22;24.48;14.62;47.74;31.57;-0.269;NEUTRE;0;-37.2;-1;1
2026.01.28 14:00;24858.5;24910.5;24841.5;24894.5;14.84;20.49;16.87;26.62;22.29;-0.361;NEUTRE;0;-47.5;-2;1
2026.01.28 13:00;24807.3;24874.0;24805.3;24858.5;15.63;15.51;19.46;20.34;23.89;-0.506;SOFT_DOWN;-1;-58.7;-2;1
2026.01.28 12:00;24936.5;24944.3;24800.8;24807.3;16.29;17.89;22.46;19.90;24.64;-0.710;SOFT_DOWN;-1;-68.2;-3;1
2026.01.28 11:00;24934.5;24988.0;24923.5;24935.5;17.06;20.65;12.76;31.43;23.34;-0.197;NEUTRE;0;-37.2;-1;1
2026.01.28 10:00;24934.5;24955.0;24910.5;24935.0;16.05;15.95;14.72;22.61;21.33;-0.199;NEUTRE;0;-40.1;-1;1
2026.01.28 09:00;24894.5;24946.5;24891.5;24934.5;17.90;15.47;16.98;15.98;30.96;-0.201;NEUTRE;0;-43.4;-1;1
2026.01.28 08:00;24967.0;25019.5;24885.5;24894.5;19.93;17.85;19.60;25.40;50.92;-0.361;NEUTRE;0;-62.4;-2;1
2026.01.28 07:00;25036.0;25041.0;24960.5;24966.5;22.28;20.59;14.00;51.51;62.51;-0.073;NEUTRE;0;-23.8;0;1
2026.01.28 06:00;25011.5;25044.0;25003.5;25036.0;22.77;23.76;7.94;75.87;62.76;0.205;NEUTRE;0;55.3;2;0
2026.01.28 05:00;24998.5;25030.0;24992.5;25011.0;18.60;22.10;9.16;60.16;52.75;0.105;NEUTRE;0;41.6;1;0
2026.01.28 04:00;24982.5;25011.5;24982.5;24995.5;15.09;17.91;10.56;52.25;50.23;0.043;NEUTRE;0;24.5;0;0
2026.01.28 03:00;24980.0;25008.0;24977.5;24982.5;13.44;18.81;12.19;45.83;46.50;-0.009;NEUTRE;0;-7.2;0;0
2026.01.28 02:00;24973.0;24994.0;24971.0;24979.5;12.22;14.64;14.06;52.60;47.29;-0.021;NEUTRE;0;-24;0;0
2026.01.28 01:00;24996.3;25011.3;24973.0;24977.0;13.80;16.89;14.89;41.06;42.50;-0.031;NEUTRE;0;;;0
2026.01.28 00:00;24984.8;25001.8;24965.3;24996.3;14.95;15.67;17.18;48.21;41.77;0.046;NEUTRE;0;;;0
2026.01.27 20:00;24997.0;25016.5;24948.5;24961.5;16.55;18.08;19.83;38.22;35.50;-0.337;NEUTRE;0;-35.5;-1;0
2026.01.27 19:00;24984.5;25003.5;24981.0;24997.0;18.38;20.86;15.52;38.86;34.37;-0.195;NEUTRE;0;-23.5;0;1
2026.01.27 18:00;24971.5;24987.5;24952.5;24984.5;18.95;13.13;17.91;29.40;33.91;-0.245;NEUTRE;0;-29.9;-1;1
2026.01.27 17:00;24976.5;24989.0;24964.5;24971.5;19.50;15.15;15.39;34.83;39.00;-0.297;NEUTRE;0;-36.5;-1;1
2026.01.27 16:00;25006.0;25030.0;24960.0;24976.0;22.38;17.48;17.76;37.50;41.35;-0.279;NEUTRE;0;-36.4;-1;1
2026.01.27 15:00;25012.0;25020.5;24944.5;25006.0;25.70;18.09;20.49;44.65;44.03;-0.159;NEUTRE;0;-24.2;0;1
2026.01.27 14:00;25008.5;25053.5;25004.5;25011.5;28.70;20.87;11.50;41.89;42.39;-0.137;NEUTRE;0;-22.5;0;1
2026.01.27 13:00;25028.8;25057.5;24998.5;25008.5;28.66;24.08;13.27;45.55;39.33;-0.149;NEUTRE;0;-25.9;-1;1
2026.01.27 12:00;25033.0;25034.3;24996.3;25028.8;28.62;21.73;15.31;39.73;31.27;-0.068;NEUTRE;0;-13.5;0;1
2026.01.27 11:00;25006.5;25063.0;24996.5;25032.5;30.35;25.08;17.58;32.71;26.07;-0.053;NEUTRE;0;-11.5;0;1
2026.01.27 10:00;24996.5;25034.0;24990.5;25006.5;32.32;22.23;20.29;21.39;27.92;-0.157;NEUTRE;0;-33.6;-1;1
2026.01.27 09:00;25010.0;25016.0;24959.5;24996.5;36.58;19.28;23.41;24.13;45.80;-0.197;NEUTRE;0;-42.8;-1;1
2026.01.27 08:00;25091.0;25116.0;25000.0;25010.0;40.73;22.25;15.98;38.23;66.42;-0.143;NEUTRE;0;-37.1;-1;1
2026.01.27 07:00;25091.0;25119.5;25082.5;25091.0;44.47;25.67;7.50;75.06;85.45;0.180;NEUTRE;0;47.4;2;1
2026.01.27 06:00;25104.0;25117.0;25089.0;25091.0;42.88;29.62;5.95;85.96;91.91;0.180;NEUTRE;0;51.8;2;0
2026.01.27 05:00;25094.5;25105.0;25075.5;25104.0;39.24;27.58;6.86;95.34;88.57;0.232;NEUTRE;0;63;2;0
2026.01.27 04:00;25071.0;25102.0;25069.5;25096.5;36.03;30.26;7.92;94.41;74.89;0.202;NEUTRE;0;64.9;2;0
2026.01.27 03:00;25070.0;25074.0;25055.0;25071.0;32.57;21.66;9.14;75.96;54.05;0.101;NEUTRE;0;54.9;2;0
2026.01.27 02:00;25036.5;25071.5;25035.5;25070.0;31.33;22.97;10.55;54.30;39.64;0.097;NEUTRE;0;64;2;0
2026.01.27 01:00;25035.3;25044.0;25028.5;25037.5;30.44;14.75;12.17;31.88;35.60;-0.033;NEUTRE;0;;;0
2026.01.27 00:00;25045.8;25053.3;25031.3;25035.3;33.65;17.02;11.26;32.76;43.65;-0.042;NEUTRE;0;;;0
2026.01.26 20:00;25023.5;25051.5;25020.0;25035.5;35.69;18.38;12.99;42.15;53.95;0.499;NEUTRE;0;46.6;2;0
2026.01.26 19:00;25046.5;25055.0;25020.0;25024.0;38.54;21.21;14.99;56.04;64.12;0.452;NEUTRE;0;45.2;2;1
2026.01.26 18:00;25058.5;25070.5;25040.5;25046.5;41.83;24.47;8.29;63.64;70.16;0.543;SOFT_UP;1;51.9;2;1
2026.01.26 17:00;25038.0;25069.0;25034.0;25058.5;40.66;27.47;9.56;72.68;76.92;0.591;SOFT_UP;1;55.8;2;1
2026.01.26 16:00;25055.5;25068.5;25022.5;25037.5;39.48;31.47;11.03;74.16;80.80;0.507;SOFT_UP;1;53.3;2;1
2026.01.26 15:00;25044.0;25074.5;24996.0;25055.5;38.16;36.32;12.73;83.92;81.82;0.579;SOFT_UP;1;58.5;2;1
2026.01.26 14:00;25024.5;25090.0;25024.5;25043.5;36.63;41.90;9.11;84.31;70.54;0.531;SOFT_UP;1;58.1;2;1
2026.01.26 13:00;24988.3;25025.5;24977.0;25024.5;32.37;33.20;10.51;77.22;53.64;0.454;NEUTRE;0;55.9;2;1
2026.01.26 12:00;24950.0;24999.8;24946.3;24988.3;29.36;30.16;12.12;50.08;42.73;0.309;NEUTRE;0;47.5;2;1
2026.01.26 11:00;24914.0;24958.0;24913.0;24950.0;27.32;22.78;13.99;33.63;48.78;0.155;NEUTRE;0;30.8;1;1
2026.01.26 10:00;24909.5;24953.0;24894.0;24913.5;27.84;24.57;16.14;44.47;67.10;0.009;NEUTRE;0;2.2;0;1
2026.01.26 09:00;24978.5;24993.5;24888.5;24909.5;28.94;28.35;18.62;68.24;83.33;-0.007;NEUTRE;0;-1.9;0;1
2026.01.26 08:00;24977.5;25012.5;24957.5;24978.5;30.21;32.71;11.38;88.58;85.03;0.270;NEUTRE;0;55;2;1
2026.01.26 07:00;24940.5;24978.0;24939.0;24977.5;27.41;28.09;13.13;93.17;70.45;0.266;NEUTRE;0;58.1;2;1
2026.01.26 06:00;24903.0;24951.5;24896.0;24940.5;26.04;21.96;15.15;73.34;46.38;0.117;NEUTRE;0;39.5;1;0
2026.01.26 05:00;24876.5;24908.5;24862.0;24903.0;27.22;13.42;17.48;44.85;26.49;-0.033;NEUTRE;0;-15.6;0;0
2026.01.26 04:00;24879.0;24891.5;24863.5;24876.5;29.39;9.86;20.17;20.94;14.06;-0.140;NEUTRE;0;-56;-2;0
2026.01.26 03:00;24846.0;24885.0;24846.0;24879.0;28.63;7.81;23.27;13.67;13.46;-0.130;NEUTRE;0;-61.4;-2;0
2026.01.26 02:00;24870.5;24891.0;24835.5;24845.0;25.39;9.01;26.85;7.58;20.58;-0.266;NEUTRE;0;-79.9;-3;0
2026.01.26 01:00;24872.3;24913.8;24851.3;24870.0;21.64;10.40;26.60;19.13;41.20;-0.166;NEUTRE;0;;;0
2026.01.26 00:00;24911.3;24932.3;24860.8;24872.3;18.23;12.00;28.36;35.02;55.38;-0.157;NEUTRE;0;;;0
2026.01.23 20:00;24999.3;24999.3;24975.3;24995.3;14.80;13.84;19.62;69.45;65.32;0.259;NEUTRE;0;28.7;1;0
2026.01.23 19:00;25005.8;25023.8;24992.8;24999.3;14.41;15.97;11.42;61.65;64.39;0.275;NEUTRE;0;31.5;1;1
2026.01.23 18:00;24961.0;25021.3;24958.8;25006.3;14.08;17.19;13.18;64.86;66.96;0.303;NEUTRE;0;35.5;1;1
2026.01.23 17:00;24996.5;25022.5;24951.5;24961.0;14.21;19.83;15.21;66.67;65.93;0.121;NEUTRE;0;16.8;0;1
2026.01.23 16:00;25013.5;25024.0;24946.5;24996.0;14.37;22.88;17.55;69.36;63.96;0.262;NEUTRE;0;34.7;1;1
2026.01.23 15:00;24950.5;25034.5;24943.5;25013.5;14.55;26.40;20.25;61.75;63.95;0.332;NEUTRE;0;43.1;1;1
2026.01.23 14:00;24950.5;24968.0;24901.5;24950.5;14.76;19.22;23.36;60.76;65.67;0.079;NEUTRE;0;13.4;0;1
2026.01.23 13:00;24993.3;24998.5;24941.0;24950.5;15.53;22.18;17.82;69.35;62.08;0.079;NEUTRE;0;14.4;0;1
2026.01.23 12:00;24983.0;25003.8;24953.8;24993.3;16.24;25.59;17.13;66.90;51.70;0.251;NEUTRE;0;41.5;1;1
2026.01.23 11:00;24942.0;25006.5;24938.0;24983.0;15.70;29.53;19.77;50.00;40.62;0.209;NEUTRE;0;38.8;1;1
2026.01.23 10:00;24943.0;24950.5;24895.5;24942.0;15.07;21.49;22.81;38.21;37.96;0.045;NEUTRE;0;10.8;0;1
2026.01.23 09:00;24950.0;25011.0;24935.0;24943.0;16.93;24.80;15.27;33.65;45.16;0.049;NEUTRE;0;13;0;1
2026.01.23 08:00;24938.5;24983.0;24912.0;24949.5;15.88;22.95;17.62;42.03;60.68;0.075;NEUTRE;0;21.6;0;1
2026.01.23 07:00;24961.5;24963.0;24922.5;24939.0;16.30;22.14;20.33;59.79;76.70;0.033;NEUTRE;0;11.3;0;1
2026.01.23 06:00;24990.5;24998.5;24956.0;24961.5;18.15;25.55;10.73;80.21;76.46;0.123;NEUTRE;0;40.9;1;0
2026.01.23 05:00;24955.0;24990.0;24953.0;24990.0;14.66;26.40;12.39;90.10;66.12;0.237;NEUTRE;0;63.5;2;0
2026.01.23 04:00;24947.5;24960.0;24941.0;24955.0;11.35;17.99;14.29;59.07;48.48;0.097;NEUTRE;0;45.7;2;0
2026.01.23 03:00;24918.5;24950.0;24918.0;24948.0;11.34;12.66;16.49;49.19;41.13;0.069;NEUTRE;0;44.2;1;0
2026.01.23 02:00;24943.0;24948.0;24914.5;24918.5;11.06;13.65;19.03;37.19;36.74;-0.049;NEUTRE;0;-46;-2;0
2026.01.23 01:00;24929.8;24950.8;24924.0;24943.0;10.23;15.75;17.59;37.02;37.64;0.049;NEUTRE;0;;;0
2026.01.23 00:00;24930.8;24941.3;24907.3;24929.8;10.96;12.72;20.30;36.00;40.60;-0.004;NEUTRE;0;;;0
2026.01.22 20:00;24933.0;24961.0;24924.0;24940.5;9.11;14.68;15.86;39.92;43.48;-0.239;NEUTRE;0;-26.8;-1;0
2026.01.22 19:00;24948.5;24969.5;24930.0;24933.5;9.92;16.93;15.81;45.89;45.45;-0.267;NEUTRE;0;-30.7;-1;1
2026.01.22 18:00;24952.5;24959.5;24921.0;24948.5;10.91;15.64;18.24;44.62;44.26;-0.207;NEUTRE;0;-26;-1;1
2026.01.22 17:00;24941.0;24956.5;24922.0;24952.5;11.41;16.85;21.05;45.85;42.66;-0.191;NEUTRE;0;-25.4;-1;1
2026.01.22 16:00;24954.5;25006.5;24934.5;24941.5;11.47;19.45;18.71;42.30;38.03;-0.235;NEUTRE;0;-31.9;-1;1
2026.01.22 15:00;24949.0;24981.0;24875.0;24954.5;12.93;16.99;21.59;39.84;35.22;-0.183;NEUTRE;0;-27.3;-1;1
2026.01.22 14:00;24945.5;25037.5;24920.5;24948.5;13.09;19.60;18.31;31.93;36.09;-0.207;NEUTRE;0;-32;-1;1
2026.01.22 13:00;24949.3;24968.5;24898.0;24945.5;14.58;13.54;21.13;33.87;46.53;-0.219;NEUTRE;0;-35.5;-1;1
2026.01.22 12:00;24946.5;24981.8;24922.3;24949.8;13.46;15.63;19.07;42.47;56.22;-0.202;NEUTRE;0;-35.5;-1;1
2026.01.22 11:00;24973.0;25011.5;24918.0;24946.5;14.00;18.03;22.01;63.24;60.89;-0.215;NEUTRE;0;-39.6;-1;1
2026.01.22 10:00;25028.5;25033.5;24953.5;24972.5;14.63;20.81;19.55;62.96;51.24;-0.111;NEUTRE;0;-25.2;-1;1
2026.01.22 09:00;24950.5;25041.5;24943.5;25028.5;16.40;24.01;22.56;56.47;38.77;0.113;NEUTRE;0;28;1;1
2026.01.22 08:00;24945.5;24999.5;24925.5;24950.5;18.44;21.11;26.03;34.29;29.63;-0.199;NEUTRE;0;-46.5;-2;1
2026.01.22 07:00;24944.5;24955.0;24881.0;24945.5;19.67;15.10;30.04;25.54;38.38;-0.219;NEUTRE;0;-52.9;-2;1
2026.01.22 06:00;24965.5;24975.5;24917.0;24944.5;17.61;17.43;27.17;29.06;59.04;-0.223;NEUTRE;0;-57.6;-2;0
2026.01.22 05:00;25013.0;25015.0;24959.5;24965.5;16.96;20.11;20.18;60.55;80.86;-0.139;NEUTRE;0;-49.6;-2;0
2026.01.22 04:00;25032.5;25050.0;24998.5;25013.0;19.54;23.20;12.47;87.52;91.73;0.051;NEUTRE;0;28.4;1;0
2026.01.22 03:00;24976.0;25033.5;24970.0;25032.5;17.92;21.84;14.39;94.52;93.31;0.129;NEUTRE;0;61.2;2;0
2026.01.22 02:00;25004.0;25005.0;24956.5;24976.0;17.51;18.30;16.60;93.15;92.86;-0.097;NEUTRE;0;-64;-2;0
2026.01.22 01:00;24970.8;25016.5;24961.8;25004.0;19.45;21.11;17.47;92.25;89.99;0.015;NEUTRE;0;;;0
2026.01.22 00:00;25000.3;25010.3;24960.3;24970.8;21.00;22.62;20.16;93.19;83.89;-0.118;NEUTRE;0;;;0
2026.01.21 20:00;24991.0;25008.5;24910.0;24950.0;23.34;25.64;23.26;84.54;69.45;1.003;STRONG_UP;2;64.8;2;0
2026.01.21 19:00;24630.5;24991.5;24604.5;24991.0;26.19;26.93;26.84;73.94;62.00;1.169;STRONG_UP;2;69;3;1
2026.01.21 18:00;24619.0;24638.0;24566.0;24630.5;30.19;17.02;30.97;49.86;62.58;-0.291;NEUTRE;0;-34.4;-1;1
2026.01.21 17:00;24591.0;24624.0;24521.5;24619.5;30.36;16.65;35.74;62.21;69.01;-0.335;NEUTRE;0;-39.8;-1;1
2026.01.21 16:00;24723.5;24724.0;24585.0;24591.0;29.43;19.21;31.70;75.69;62.56;-0.451;NEUTRE;0;-50;-2;1
2026.01.21 15:00;24709.5;24760.5;24672.0;24723.5;30.18;22.16;26.95;69.14;41.59;0.086;NEUTRE;0;13.6;0;1
2026.01.21 14:00;24534.0;24715.0;24495.0;24709.0;33.32;17.66;31.10;42.86;20.35;0.027;NEUTRE;0;4.7;0;1
2026.01.21 13:00;24534.3;24551.5;24454.0;24534.5;34.20;8.94;35.88;12.77;6.83;-0.679;SOFT_DOWN;-1;-65.7;-3;1
2026.01.21 12:00;24545.0;24576.8;24506.3;24534.8;30.22;10.32;33.15;5.42;6.49;-0.678;SOFT_DOWN;-1;-67.3;-3;1
2026.01.21 11:00;24642.5;24646.0;24544.0;24545.5;26.79;11.91;30.03;2.28;12.17;-0.635;SOFT_DOWN;-1;-67.7;-3;1
2026.01.21 10:00;24653.5;24691.0;24632.0;24642.5;24.26;13.74;21.37;11.76;25.60;-0.242;NEUTRE;0;-45.7;-2;1
2026.01.21 09:00;24750.5;24761.5;24651.0;24653.5;24.65;15.85;19.71;22.48;40.79;-0.198;NEUTRE;0;-43;-1;1
2026.01.21 08:00;24774.5;24787.0;24708.0;24750.5;26.78;18.29;14.80;42.57;54.56;0.195;NEUTRE;0;45.9;2;1
2026.01.21 07:00;24758.5;24821.0;24751.5;24774.5;29.28;21.11;8.61;57.33;65.57;0.292;NEUTRE;0;60.5;2;1
2026.01.21 06:00;24778.0;24787.5;24752.0;24759.5;27.31;16.94;9.93;63.78;72.26;0.232;NEUTRE;0;58.6;2;0
2026.01.21 05:00;24760.5;24794.0;24753.0;24778.5;27.50;19.55;11.02;75.60;77.23;0.308;NEUTRE;0;69;3;0
2026.01.21 04:00;24776.5;24785.5;24760.0;24760.5;27.44;19.36;12.72;77.39;70.26;0.236;NEUTRE;0;68.2;3;0
2026.01.21 03:00;24737.0;24797.0;24737.0;24776.5;28.47;22.34;14.68;78.71;55.27;0.300;NEUTRE;0;76.7;3;0
2026.01.21 02:00;24736.0;24748.5;24725.0;24739.0;29.67;13.35;16.94;54.66;35.43;0.149;NEUTRE;0;72.4;3;0
2026.01.21 01:00;24717.3;24751.0;24712.8;24736.0;32.41;15.40;19.54;32.42;21.11;0.136;NEUTRE;0;;;0
2026.01.21 00:00;24702.3;24732.3;24697.8;24717.3;35.57;10.24;22.55;19.20;16.94;0.061;NEUTRE;0;;;0
2026.01.20 20:00;24695.5;24729.0;24671.0;24691.5;35.26;10.57;26.02;11.71;27.25;-1.397;STRONG_DOWN;-2;-71.3;-3;0
2026.01.20 19:00;24705.5;24717.5;24671.5;24695.5;34.19;9.14;30.02;19.91;48.41;-1.381;STRONG_DOWN;-2;-72;-3;1
2026.01.20 18:00;24758.0;24768.0;24696.0;24705.5;31.25;10.55;26.44;50.13;70.10;-1.341;STRONG_DOWN;-2;-72.4;-3;1
2026.01.20 17:00;24813.0;24822.0;24742.0;24758.0;29.45;12.17;20.68;75.20;79.56;-1.131;STRONG_DOWN;-2;-70.4;-3;1
2026.01.20 16:00;24801.5;24829.5;24780.5;24813.0;29.99;14.04;16.46;84.98;74.00;-0.912;SOFT_DOWN;-1;-67.5;-3;1
2026.01.20 15:00;24777.5;24835.0;24741.0;24801.5;33.39;16.20;18.99;78.52;56.34;-0.958;SOFT_DOWN;-1;-69.7;-3;1
2026.01.20 14:00;24727.5;24811.0;24709.5;24777.0;37.30;14.77;21.92;58.49;36.08;-1.055;STRONG_DOWN;-2;-72.6;-3;1
2026.01.20 13:00;24743.3;24777.5;24705.5;24727.5;40.04;11.96;25.29;32.01;19.04;-1.253;STRONG_DOWN;-2;-76.2;-3;1
2026.01.20 12:00;24653.0;24766.8;24645.3;24743.3;40.70;11.52;29.18;17.74;10.07;-1.190;STRONG_DOWN;-2;-76.6;-3;1
2026.01.20 11:00;24681.5;24705.0;24620.0;24653.0;40.29;5.46;33.67;7.37;7.82;-1.551;STRONG_DOWN;-2;-80.5;-3;1
2026.01.20 10:00;24686.0;24752.0;24654.5;24681.5;35.40;6.31;32.60;5.11;12.75;-1.437;STRONG_DOWN;-2;-80.7;-3;1
2026.01.20 09:00;24770.5;24782.0;24664.5;24686.0;30.44;7.28;36.04;11.00;23.85;-1.419;STRONG_DOWN;-2;-81.5;-3;1
2026.01.20 08:00;24918.5;24930.0;24766.0;24770.5;24.91;8.39;28.30;22.13;37.70;-1.081;STRONG_DOWN;-2;-80.1;-3;1
2026.01.20 07:00;24926.5;24972.0;24887.0;24918.5;20.40;9.69;21.30;38.42;52.44;-0.490;NEUTRE;0;-71.4;-3;1
2026.01.20 06:00;25025.0;25025.5;24849.5;24926.5;17.77;11.18;24.57;52.54;62.47;-0.458;NEUTRE;0;-72.8;-3;0
2026.01.20 05:00;25023.5;25048.0;25016.5;25025.0;14.74;12.90;13.76;66.36;67.08;-0.065;NEUTRE;0;-28.8;-1;0
2026.01.20 04:00;25028.5;25035.5;25016.5;25023.5;16.51;8.77;15.87;68.51;64.56;-0.071;NEUTRE;0;-36.9;-1;0
2026.01.20 03:00;25036.0;25036.0;25021.0;25029.0;14.62;10.12;14.67;66.37;58.95;-0.049;NEUTRE;0;-34.7;-1;0
2026.01.20 02:00;25039.5;25049.0;25005.0;25036.0;14.04;11.68;16.93;58.80;48.99;-0.021;NEUTRE;0;-24;0;0
2026.01.20 01:00;24998.8;25048.5;24998.8;25038.0;13.38;13.30;19.53;51.67;38.09;-0.013;NEUTRE;0;;;0
2026.01.20 00:00;25041.3;25042.3;24936.3;24997.8;12.52;13.47;22.54;36.48;27.90;-0.174;NEUTRE;0;;;0
2026.01.19 20:00;25069.5;25084.0;25067.0;25072.5;10.57;15.54;11.24;26.12;22.01;-0.604;SOFT_DOWN;-1;-52;-2;0
2026.01.19 19:00;25071.5;25076.0;25067.0;25069.5;9.73;10.69;12.97;21.10;18.95;-0.616;SOFT_DOWN;-1;-53.9;-2;1
2026.01.19 18:00;25071.0;25082.5;25068.5;25071.5;9.74;12.34;12.41;18.80;23.52;-0.608;SOFT_DOWN;-1;-55;-2;1
2026.01.19 17:00;25070.5;25088.0;25060.5;25071.0;11.20;14.24;14.32;16.95;37.48;-0.610;SOFT_DOWN;-1;-56.6;-2;1
2026.01.19 16:00;25055.0;25109.5;25050.5;25070.5;12.88;16.43;16.52;34.82;56.10;-0.612;SOFT_DOWN;-1;-58.3;-2;1
2026.01.19 15:00;25118.5;25122.5;25049.5;25055.5;14.82;18.95;19.06;60.69;63.31;-0.671;SOFT_DOWN;-1;-62.2;-2;1
2026.01.19 14:00;25159.5;25162.5;25083.0;25118.5;17.06;21.87;14.93;72.81;52.73;-0.421;NEUTRE;0;-51.8;-2;1
2026.01.19 13:00;25117.3;25164.5;25117.0;25159.5;16.78;25.23;10.65;56.42;34.25;-0.259;NEUTRE;0;-40.1;-1;1
2026.01.19 12:00;25058.5;25138.8;25056.3;25117.3;13.11;20.79;12.29;28.97;27.37;-0.426;NEUTRE;0;-56.4;-2;1
2026.01.19 11:00;25038.5;25076.5;25037.5;25058.5;11.17;12.37;14.18;17.37;30.95;-0.659;SOFT_DOWN;-1;-68.5;-3;1
2026.01.19 10:00;25069.5;25107.0;25024.5;25038.5;11.85;14.28;16.36;35.78;38.06;-0.739;SOFT_DOWN;-1;-72.3;-3;1
2026.01.19 09:00;25153.0;25158.5;25067.0;25070.0;12.63;16.47;10.95;39.71;36.49;-0.614;SOFT_DOWN;-1;-70.9;-3;1
2026.01.19 08:00;25060.5;25186.5;25035.5;25153.0;11.47;19.01;12.63;38.70;36.44;-0.285;NEUTRE;0;-56.4;-2;1
2026.01.19 07:00;25060.5;25113.5;25045.0;25058.0;10.13;14.50;14.58;31.08;35.33;-0.661;SOFT_DOWN;-1;-76;-3;1
2026.01.19 06:00;25124.5;25158.5;25047.0;25062.0;11.65;16.73;16.37;39.55;32.94;-0.645;SOFT_DOWN;-1;-77.6;-3;0
2026.01.19 05:00;25114.5;25136.5;25055.0;25124.5;13.27;16.26;18.89;35.37;24.95;-0.398;NEUTRE;0;-73.5;-3;0
2026.01.19 04:00;25151.0;25157.5;25097.5;25114.5;14.17;18.77;13.77;23.91;16.75;-0.437;NEUTRE;0;-77.8;-3;0
2026.01.19 03:00;25118.0;25157.0;25085.5;25150.5;13.98;21.53;15.89;15.57;13.44;-0.295;NEUTRE;0;-76.5;-3;0
2026.01.19 02:00;25068.5;25122.0;25068.5;25118.0;13.82;17.31;18.33;10.77;20.55;-0.423;NEUTRE;0;-83.6;-3;0
2026.01.19 01:00;25092.8;25119.5;25048.8;25068.5;15.50;19.25;21.15;13.99;44.69;-0.620;SOFT_DOWN;-1;;;0
2026.01.19 00:00;25224.8;25224.8;25048.3;25092.3;17.16;22.21;24.41;36.88;68.32;-0.525;SOFT_DOWN;-1;;;0
2026.01.16 20:00;25450.8;25453.3;25421.3;25437.8;19.07;25.63;13.43;83.20;82.36;0.185;NEUTRE;0;21.4;0;0
2026.01.16 19:00;25404.3;25462.8;25397.3;25450.8;17.21;29.57;15.50;84.89;76.41;0.236;NEUTRE;0;27.7;1;1
2026.01.16 18:00;25400.0;25423.3;25397.3;25404.3;15.05;24.84;17.88;78.99;60.71;0.053;NEUTRE;0;7.1;0;1
2026.01.16 17:00;25397.5;25404.5;25384.5;25400.0;14.86;17.54;20.63;65.34;42.02;0.036;NEUTRE;0;5.1;0;1
2026.01.16 16:00;25379.5;25421.0;25373.5;25397.5;15.90;20.24;23.81;37.80;25.19;0.026;NEUTRE;0;3.9;0;1
2026.01.16 15:00;25336.0;25398.5;25321.0;25379.5;17.10;16.07;27.47;22.92;20.77;-0.045;NEUTRE;0;-7.2;0;1
2026.01.16 14:00;25402.0;25416.5;25334.5;25335.0;15.70;18.54;29.02;14.85;22.38;-0.220;NEUTRE;0;-33.6;-1;1
2026.01.16 13:00;25408.3;25421.0;25400.5;25402.0;14.72;21.39;21.10;24.54;27.14;0.044;NEUTRE;0;8.2;0;1
2026.01.16 12:00;25415.5;25417.3;25382.8;25408.3;16.88;21.90;24.34;27.74;31.46;0.069;NEUTRE;0;13.7;0;1
2026.01.16 11:00;25417.0;25448.5;25404.5;25415.5;18.66;25.27;18.41;29.13;38.54;0.097;NEUTRE;0;20.5;0;1
2026.01.16 10:00;25416.5;25465.5;25413.5;25417.0;19.12;29.16;18.10;37.50;48.06;0.103;NEUTRE;0;23.6;0;1
2026.01.16 09:00;25429.5;25441.5;25399.5;25416.5;18.46;26.55;20.88;48.99;57.34;0.101;NEUTRE;0;25.4;1;1
2026.01.16 08:00;25431.5;25473.5;25419.0;25429.5;19.46;30.63;16.95;57.70;62.24;0.152;NEUTRE;0;38.8;1;1
2026.01.16 07:00;25410.5;25444.0;25410.5;25431.5;18.03;27.01;19.56;65.34;68.94;0.160;NEUTRE;0;44.1;1;1
2026.01.16 06:00;25415.0;25415.0;25389.5;25410.5;18.35;17.85;22.57;63.68;71.56;0.078;NEUTRE;0;28.8;1;0
2026.01.16 05:00;25417.5;25429.5;25409.5;25415.0;19.37;20.60;13.98;77.80;72.16;0.095;NEUTRE;0;38.8;1;0
2026.01.16 04:00;25409.5;25425.0;25405.0;25417.5;19.41;20.31;16.13;73.19;62.07;0.105;NEUTRE;0;48;2;0
2026.01.16 03:00;25409.0;25416.0;25401.0;25409.5;20.63;16.51;18.61;65.49;48.16;0.074;NEUTRE;0;46.2;2;0
2026.01.16 02:00;25411.0;25412.5;25403.5;25408.5;22.88;15.46;21.47;47.53;31.90;0.070;NEUTRE;0;56;2;0
2026.01.16 01:00;25395.3;25414.5;25391.3;25411.5;23.89;17.84;24.77;31.45;21.22;0.082;NEUTRE;0;;;0
2026.01.16 00:00;25390.8;25404.8;25390.3;25395.3;25.07;14.15;28.58;16.70;17.26;0.018;NEUTRE;0;;;0
2026.01.15 20:00;25403.5;25403.5;25360.5;25384.0;23.73;15.36;32.98;15.51;27.02;-0.170;NEUTRE;0;-19.8;0;0
2026.01.15 19:00;25439.5;25440.0;25401.5;25403.5;21.77;17.73;23.39;19.57;44.21;-0.094;NEUTRE;0;-11.8;0;1
2026.01.15 18:00;25431.0;25451.5;25428.5;25439.0;23.00;20.45;16.19;45.97;63.63;0.046;NEUTRE;0;6.2;0;1
2026.01.15 17:00;25468.5;25471.5;25422.5;25431.0;24.75;23.60;18.69;67.09;75.38;0.015;NEUTRE;0;2.1;0;1
2026.01.15 16:00;25481.0;25506.0;25466.5;25468.5;26.77;27.23;7.75;77.83;74.11;0.162;NEUTRE;0;23.2;0;1
2026.01.15 15:00;25428.5;25482.5;25411.0;25481.0;22.32;22.27;8.94;81.22;62.78;0.211;NEUTRE;0;30.8;1;1
2026.01.15 14:00;25421.5;25463.0;25411.0;25428.5;19.18;21.50;10.31;63.26;47.68;0.005;NEUTRE;0;0.9;0;1
2026.01.15 13:00;25402.3;25437.5;25401.5;25421.5;16.72;17.26;11.90;43.86;35.18;-0.023;NEUTRE;0;-4.3;0;1
2026.01.15 12:00;25385.5;25418.3;25373.3;25402.3;16.46;11.71;13.73;35.92;29.33;-0.098;NEUTRE;0;-19.1;0;1
2026.01.15 11:00;25425.5;25426.0;25373.5;25385.5;17.78;13.51;15.77;25.75;22.56;-0.164;NEUTRE;0;-32.3;-1;1
2026.01.15 10:00;25382.0;25427.5;25374.0;25425.5;19.32;15.59;18.05;26.33;21.45;-0.007;NEUTRE;0;-1.7;0;1
2026.01.15 09:00;25393.5;25413.0;25359.5;25382.0;21.17;13.82;20.83;15.61;23.66;-0.178;NEUTRE;0;-39.9;-1;1
2026.01.15 08:00;25439.0;25445.0;25359.0;25393.5;21.31;15.95;24.03;22.42;36.43;-0.133;NEUTRE;0;-35.1;-1;1
2026.01.15 07:00;25477.5;25495.5;25436.0;25440.0;21.48;18.40;13.96;32.95;51.16;0.050;NEUTRE;0;16.8;0;1
2026.01.15 06:00;25484.5;25516.0;25455.5;25477.5;22.67;21.23;11.06;53.91;65.82;0.197;NEUTRE;0;54.3;2;0
2026.01.15 05:00;25467.5;25514.5;25454.5;25484.5;21.32;24.11;12.77;66.63;76.94;0.225;NEUTRE;0;62.3;2;0
2026.01.15 04:00;25463.5;25479.5;25463.5;25468.5;19.86;18.85;14.73;76.93;85.74;0.162;NEUTRE;0;59.7;2;0
2026.01.15 03:00;25476.0;25482.5;25447.5;25463.5;21.03;21.75;17.00;87.27;91.43;0.142;NEUTRE;0;63.5;2;0
2026.01.15 02:00;25490.0;25492.5;25466.0;25476.0;22.38;25.10;11.48;93.03;85.18;0.192;NEUTRE;0;76.2;3;0
2026.01.15 01:00;25456.3;25492.5;25455.0;25489.5;20.09;28.96;13.24;93.98;70.26;0.245;NEUTRE;0;;;0
2026.01.15 00:00;25427.3;25463.3;25427.3;25456.3;17.46;21.43;15.28;68.52;47.37;0.114;NEUTRE;0;;;0
2026.01.14 20:00;25396.5;25451.0;25376.0;25440.0;17.56;19.47;17.63;48.29;30.69;-0.330;NEUTRE;0;-34.9;-1;0
2026.01.14 19:00;25396.5;25406.5;25373.0;25396.5;19.50;13.34;20.34;25.30;18.27;-0.501;NEUTRE;0;-48.1;-2;1
2026.01.14 18:00;25377.5;25397.5;25347.5;25396.5;19.30;11.26;23.47;18.49;13.62;-0.501;NEUTRE;0;-49.7;-2;1
2026.01.14 17:00;25390.5;25413.0;25371.5;25377.5;16.86;12.99;19.70;11.01;10.25;-0.575;SOFT_DOWN;-1;-55.1;-2;1
2026.01.14 16:00;25414.0;25452.0;25374.5;25390.5;16.30;14.99;21.62;11.36;10.67;-0.524;SOFT_DOWN;-1;-54.2;-2;1
2026.01.14 15:00;25419.5;25492.5;25400.0;25414.5;16.02;17.30;19.88;8.37;11.02;-0.430;NEUTRE;0;-50.5;-2;1
2026.01.14 14:00;25420.5;25459.5;25417.5;25419.0;17.42;14.47;22.94;12.28;13.04;-0.413;NEUTRE;0;-51.3;-2;1
2026.01.14 13:00;25462.3;25469.5;25411.5;25420.5;16.61;16.70;26.47;12.42;14.47;-0.407;NEUTRE;0;-53;-2;1
2026.01.14 12:00;25440.0;25478.3;25424.3;25462.3;15.68;19.27;27.15;14.41;22.58;-0.243;NEUTRE;0;-40.6;-1;1
2026.01.14 11:00;25458.5;25475.5;25426.5;25439.5;15.48;21.43;31.33;16.57;39.71;-0.332;NEUTRE;0;-51.9;-2;1
2026.01.14 10:00;25524.5;25535.5;25440.5;25458.5;14.98;24.73;31.75;36.75;59.14;-0.258;NEUTRE;0;-47.5;-2;1
2026.01.14 09:00;25561.5;25565.5;25512.0;25524.5;15.37;28.53;25.06;65.82;68.14;0.001;NEUTRE;0;0.3;0;1
2026.01.14 08:00;25556.0;25590.0;25534.5;25561.5;16.74;32.92;22.44;74.84;63.81;0.146;NEUTRE;0;37.7;1;1
2026.01.14 07:00;25522.0;25554.5;25522.0;25554.5;16.40;28.15;25.90;63.77;63.07;0.118;NEUTRE;0;35.5;1;1
2026.01.14 06:00;25522.5;25523.5;25486.5;25522.0;18.28;17.80;29.88;52.82;70.06;-0.009;NEUTRE;0;-3.6;0;0
2026.01.14 05:00;25549.0;25549.0;25517.0;25522.5;17.20;20.54;21.80;72.63;76.29;-0.007;NEUTRE;0;-3.4;0;0
2026.01.14 04:00;25549.5;25553.5;25532.5;25549.0;19.39;23.70;17.70;84.74;72.17;0.097;NEUTRE;0;45.7;2;0
2026.01.14 03:00;25534.5;25553.0;25532.5;25549.5;20.14;26.98;20.42;71.50;60.69;0.099;NEUTRE;0;54.4;2;0
2026.01.14 02:00;25522.0;25536.5;25516.0;25534.5;21.11;18.75;23.56;60.26;51.95;0.040;NEUTRE;0;40.2;1;0
2026.01.14 01:00;25541.3;25546.8;25517.5;25522.5;22.61;21.64;26.06;50.31;39.88;-0.007;NEUTRE;0;;;0
2026.01.14 00:00;25524.3;25552.8;25524.3;25541.3;24.66;24.96;26.50;45.29;29.94;0.067;NEUTRE;0;;;0