time;open;high;low;close;adx14;plus_di;minus_di;stoch_k;stoch_d;intraday_change;intraday_level;intraday_force;theta_deg;theta_level;is_active
2026.07.14 18:00;64573.40;64604.80;64428.30;64526.70;38.06;25.17;12.91;82.01;87.61;3.655;STRONG_UP;2;76;3;1
2026.07.14 17:00;64677.30;64677.30;64283.20;64573.40;38.97;29.04;14.90;87.63;90.48;3.730;STRONG_UP;2;77;3;1
2026.07.14 16:00;64690.10;64842.80;64556.50;64677.30;40.01;33.51;6.52;93.19;92.28;3.897;STRONG_UP;2;78.2;3;1
2026.07.14 15:00;64231.30;64887.40;64130.80;64692.40;35.79;38.67;7.52;90.62;90.80;3.921;STRONG_UP;2;79;3;1
2026.07.14 14:00;63766.10;64246.60;63522.10;64231.30;30.92;31.58;8.68;93.01;91.22;3.180;STRONG_UP;2;77.4;3;1
2026.07.14 13:00;63886.80;64082.60;63619.50;63766.10;26.93;32.96;10.01;88.77;81.88;2.433;SOFT_UP;1;74.8;3;1
2026.07.14 12:00;62758.80;63890.60;62698.90;63883.80;22.86;31.65;11.55;91.88;70.81;2.622;STRONG_UP;2;76.9;3;1
2026.07.14 11:00;62713.00;62834.40;62629.20;62758.80;19.22;22.89;13.33;64.98;54.66;0.815;NEUTRE;0;55.6;2;1
2026.07.14 10:00;62541.40;62821.50;62521.70;62714.30;18.11;25.44;15.38;55.57;49.47;0.743;NEUTRE;0;55.7;2;1
2026.07.14 09:00;62618.70;62651.90;62447.80;62541.40;17.11;20.65;17.75;43.44;49.59;0.466;NEUTRE;0;45.6;2;1
2026.07.14 08:00;62456.90;62709.70;62403.40;62618.70;18.58;23.83;20.48;49.39;59.63;0.590;NEUTRE;0;55.5;2;1
2026.07.14 07:00;62533.50;62563.10;62416.10;62458.50;20.28;20.13;23.63;55.94;71.72;0.332;NEUTRE;0;43.1;1;1
2026.07.14 06:00;62641.40;62687.30;62480.50;62533.40;22.17;23.23;20.53;73.55;82.72;0.453;NEUTRE;0;56.1;2;0
2026.07.14 05:00;62662.40;62792.00;62612.80;62641.40;24.63;26.80;13.84;85.68;86.77;0.626;NEUTRE;0;67.9;3;0
2026.07.14 04:00;62486.90;62687.40;62457.10;62665.50;23.51;21.95;15.97;88.95;86.51;0.665;NEUTRE;0;73;3;0
2026.07.14 03:00;62465.50;62524.60;62230.10;62486.90;24.70;14.45;18.43;85.67;86.10;0.378;NEUTRE;0;68.1;3;0
2026.07.14 02:00;62449.60;62556.20;62241.40;62465.50;26.64;16.67;20.68;84.90;80.73;0.344;NEUTRE;0;73.6;3;0
2026.07.14 01:00;62468.50;62558.20;62372.00;62449.60;29.09;19.24;17.47;87.72;69.82;0.318;NEUTRE;0;;;0
2026.07.14 00:00;62251.60;62580.70;62181.30;62468.50;32.83;22.20;20.16;69.57;53.42;0.348;NEUTRE;0;;;0
2026.07.13 23:00;61831.50;62260.50;61789.40;62251.60;37.14;13.28;23.27;52.18;44.68;-2.315;SOFT_DOWN;-1;-63.2;-2;0
2026.07.13 22:00;61986.10;62149.80;61815.60;61831.10;38.65;11.71;26.84;38.51;38.43;-2.975;STRONG_DOWN;-2;-69.4;-3;0
2026.07.13 21:00;62131.00;62145.50;61821.90;61986.10;38.55;13.51;30.68;43.36;32.10;-2.732;STRONG_DOWN;-2;-68.7;-3;0
2026.07.13 20:00;62200.90;62247.40;61976.90;62131.00;38.50;15.59;28.04;33.43;21.41;-2.505;STRONG_DOWN;-2;-67.9;-3;0
2026.07.13 19:00;61939.90;62212.60;61901.80;62201.90;40.03;16.00;32.35;19.52;17.56;-2.393;SOFT_DOWN;-1;-68.1;-3;1
2026.07.13 18:00;61822.40;62024.10;61743.70;61939.90;40.99;9.14;37.33;11.29;26.07;-2.804;STRONG_DOWN;-2;-72;-3;1
2026.07.13 17:00;62194.10;62286.80;61817.40;61822.40;37.97;10.54;39.03;21.87;36.52;-2.989;STRONG_DOWN;-2;-73.9;-3;1
2026.07.13 16:00;62538.40;62558.80;62131.40;62194.10;34.97;12.16;34.74;45.07;39.72;-2.406;SOFT_DOWN;-1;-71.4;-3;1
2026.07.13 15:00;62710.50;62894.40;62492.80;62538.40;32.94;14.03;27.07;42.64;29.94;-1.865;SOFT_DOWN;-1;-67.8;-3;1
2026.07.13 14:00;62246.30;62712.50;62046.70;62710.80;33.13;9.23;31.24;31.45;22.04;-1.595;SOFT_DOWN;-1;-66;-3;1
2026.07.13 13:00;62551.50;62686.90;62088.30;62246.30;29.86;10.65;35.08;15.74;27.12;-2.324;SOFT_DOWN;-1;-74.2;-3;1
2026.07.13 12:00;62834.30;62906.10;62496.90;62551.50;26.23;12.28;29.98;18.93;44.21;-1.845;SOFT_DOWN;-1;-71.7;-3;1
2026.07.13 11:00;62796.30;63056.00;62795.10;62834.30;23.82;14.17;23.38;46.70;61.85;-1.401;SOFT_DOWN;-1;-68.3;-3;1
2026.07.13 10:00;63028.40;63069.80;62787.70;62796.30;23.71;16.35;26.98;67.00;64.06;-1.461;SOFT_DOWN;-1;-70.8;-3;1
2026.07.13 09:00;63131.00;63137.30;63012.90;63028.40;23.59;18.87;18.85;71.86;51.63;-1.096;NEUTRE;0;-67.4;-3;1
2026.07.13 08:00;62924.80;63212.40;62875.00;63131.00;27.21;21.77;21.74;53.33;32.20;-0.935;NEUTRE;0;-66.5;-3;1
2026.07.13 07:00;62734.40;62999.00;62686.30;62925.10;31.39;15.39;25.09;29.70;16.96;-1.258;SOFT_DOWN;-1;-74.2;-3;1
2026.07.13 06:00;62740.90;62813.90;62659.10;62734.60;32.53;8.65;28.95;13.58;8.67;-1.557;SOFT_DOWN;-1;-78.9;-3;0
2026.07.13 05:00;62618.40;62852.20;62456.60;62740.80;29.23;9.98;33.40;7.58;5.96;-1.548;SOFT_DOWN;-1;-80.7;-3;0
2026.07.13 04:00;62751.10;62846.40;62586.30;62618.40;25.42;11.52;33.50;4.83;10.54;-1.740;SOFT_DOWN;-1;-83.3;-3;0
2026.07.13 03:00;63314.60;63331.30;62686.90;62751.10;21.82;13.29;32.70;5.46;17.49;-1.532;SOFT_DOWN;-1;-84.3;-3;0
2026.07.13 02:00;63363.80;63490.70;63186.80;63314.60;18.68;15.34;25.80;21.33;29.20;-0.647;NEUTRE;0;-81.1;-3;0
2026.07.13 01:00;64016.20;64018.00;63344.10;63363.80;17.64;17.69;21.80;25.68;29.70;-0.570;NEUTRE;0;;;0
2026.07.13 00:00;63727.10;64365.50;63512.40;64016.20;18.75;20.42;21.32;40.58;32.82;0.454;NEUTRE;0;;;0
2026.07.12 23:00;63832.70;63861.40;63678.20;63727.10;21.31;14.47;24.60;22.86;35.50;-0.059;NEUTRE;0;-2.9;0;0
2026.07.12 22:00;63871.00;63877.70;63614.70;63832.70;20.60;16.69;28.38;35.03;51.75;0.106;NEUTRE;0;5.4;0;0
2026.07.12 21:00;64148.90;64185.50;63840.70;63871.00;19.77;19.26;19.53;48.62;59.72;0.167;NEUTRE;0;8.9;0;0
2026.07.12 20:00;64180.70;64208.30;64119.40;64148.90;22.71;22.22;10.10;71.60;61.79;0.602;NEUTRE;0;30.7;1;0
2026.07.12 19:00;64096.50;64216.10;64093.10;64180.70;20.43;25.64;11.65;58.94;58.89;0.652;NEUTRE;0;34.1;1;0
2026.07.12 18:00;64025.60;64100.60;63968.10;64096.50;17.80;15.14;13.44;54.82;64.85;0.520;NEUTRE;0;29.7;1;0
2026.07.12 17:00;64121.20;64126.50;63974.80;64025.60;19.63;17.47;14.73;62.92;72.38;0.409;NEUTRE;0;25.4;1;0
2026.07.12 16:00;64123.40;64158.10;63995.60;64121.20;21.34;20.16;14.89;76.80;76.62;0.559;NEUTRE;0;34.5;1;0
2026.07.12 15:00;64145.40;64207.60;64065.40;64123.40;22.31;23.26;10.57;77.43;75.14;0.562;NEUTRE;0;36.4;1;0
2026.07.12 14:00;63967.80;64225.50;63905.90;64145.90;19.97;26.84;12.20;75.63;70.60;0.598;NEUTRE;0;40.1;1;0
2026.07.12 13:00;63971.80;64041.20;63939.00;63967.80;17.27;22.09;14.07;72.36;66.52;0.318;NEUTRE;0;25.7;1;0
2026.07.12 12:00;63953.90;64074.80;63916.60;63971.80;16.52;25.49;16.24;63.81;61.72;0.325;NEUTRE;0;28.1;1;0
2026.07.12 11:00;63813.10;63971.20;63768.90;63953.90;15.64;19.34;18.74;63.38;58.52;0.297;NEUTRE;0;28;1;0
2026.07.12 10:00;63905.40;63905.40;63783.80;63813.10;17.81;17.31;21.62;57.96;50.28;0.076;NEUTRE;0;8.5;0;0
2026.07.12 09:00;63927.10;63988.20;63709.00;63905.40;18.84;19.98;24.95;54.21;41.43;0.220;NEUTRE;0;25.7;1;0
2026.07.12 08:00;63831.70;64047.30;63827.40;63927.10;20.04;23.05;22.26;38.67;35.32;0.255;NEUTRE;0;32.1;1;0
2026.07.12 07:00;63702.50;63847.60;63681.30;63832.50;22.86;12.62;25.68;31.41;43.66;0.106;NEUTRE;0;16.6;0;0
2026.07.12 06:00;63912.70;63912.70;63589.20;63702.50;21.13;14.57;29.64;35.89;54.94;-0.098;NEUTRE;0;-17.8;0;0
2026.07.12 05:00;63948.60;63974.50;63848.00;63912.70;19.13;16.81;21.89;63.68;64.84;0.232;NEUTRE;0;42.4;1;0
2026.07.12 04:00;64166.20;64187.80;63887.20;63948.60;20.06;19.39;20.49;65.26;57.35;0.288;NEUTRE;0;54.8;2;0
2026.07.12 03:00;64023.10;64166.80;63978.60;64166.20;22.72;22.38;18.96;65.57;44.05;0.630;NEUTRE;0;76.4;3;0
2026.07.12 02:00;64076.70;64080.50;63975.50;64023.10;24.95;18.76;21.88;41.20;25.58;0.405;NEUTRE;0;75.9;3;0
2026.07.12 01:00;63777.60;64120.00;63758.40;64076.70;27.61;21.65;25.24;25.37;18.61;0.489;NEUTRE;0;;;0
2026.07.12 00:00;63764.80;63858.30;63656.70;63771.30;30.68;13.85;29.13;10.17;28.49;0.010;NEUTRE;0;;;0
2026.07.11 23:00;64146.00;64197.00;63763.50;63764.80;29.92;15.98;25.46;20.30;47.99;-0.545;NEUTRE;0;-25;-1;0
2026.07.11 22:00;64299.20;64374.70;64087.60;64146.00;31.01;18.44;17.87;55.01;64.45;0.049;NEUTRE;0;2.5;0;0
2026.07.11 21:00;64323.90;64373.20;64280.70;64299.20;35.54;21.27;10.27;68.67;68.32;0.288;NEUTRE;0;15.1;0;0
2026.07.11 20:00;64232.80;64407.40;64228.40;64323.90;35.64;24.55;11.85;69.67;65.02;0.327;NEUTRE;0;17.9;0;0
2026.07.11 19:00;64271.20;64287.60;64175.70;64232.80;35.76;18.03;13.68;66.63;58.01;0.185;NEUTRE;0;10.9;0;0
2026.07.11 18:00;64258.60;64336.10;64227.00;64271.20;39.16;20.80;8.73;58.77;50.67;0.244;NEUTRE;0;15;0;0
2026.07.11 17:00;64119.60;64341.00;64101.10;64258.60;38.89;24.00;10.07;48.61;47.83;0.225;NEUTRE;0;14.6;0;0
2026.07.11 16:00;64108.90;64213.00;64026.40;64119.60;38.59;19.48;11.62;44.61;49.94;0.008;NEUTRE;0;0.6;0;0
2026.07.11 15:00;64285.40;64417.50;63903.50;64108.90;40.64;22.48;13.41;50.26;50.24;-0.009;NEUTRE;0;-0.7;0;0
2026.07.11 14:00;64182.20;64436.00;64182.20;64286.20;43.00;25.94;7.13;54.94;45.04;0.268;NEUTRE;0;20.7;0;0
2026.07.11 13:00;64127.40;64209.40;64102.80;64182.20;40.87;16.20;8.23;45.53;36.85;0.106;NEUTRE;0;9.1;0;0
2026.07.11 12:00;64132.00;64169.90;64068.80;64127.40;42.14;12.99;9.50;34.66;37.72;0.020;NEUTRE;0;1.9;0;0
2026.07.11 11:00;64125.30;64149.40;64104.60;64132.00;46.23;14.98;5.51;30.35;43.37;0.027;NEUTRE;0;2.8;0;0
2026.07.11 10:00;64099.00;64137.90;64069.20;64125.10;46.23;13.34;6.36;48.14;57.29;0.017;NEUTRE;0;1.9;0;0
2026.07.11 09:00;64203.90;64235.90;64086.70;64099.00;47.89;15.39;3.42;51.62;62.25;-0.024;NEUTRE;0;-3;0;0
2026.07.11 08:00;64101.40;64243.30;64092.20;64204.30;45.46;17.76;3.37;72.11;65.94;0.140;NEUTRE;0;19;0;0
2026.07.11 07:00;64157.10;64195.30;64091.30;64101.40;41.99;15.61;3.89;63.02;59.72;-0.020;NEUTRE;0;-3.2;0;0
2026.07.11 06:00;64112.50;64205.80;64063.30;64157.10;39.20;18.01;4.49;62.70;56.35;0.066;NEUTRE;0;12.2;0;0
2026.07.11 05:00;64096.20;64166.40;64060.70;64111.30;35.99;16.52;5.18;53.45;51.23;-0.005;NEUTRE;0;-1.1;0;0
2026.07.11 04:00;64096.10;64155.50;64024.50;64096.20;33.50;17.48;5.98;52.90;53.60;-0.029;NEUTRE;0;-8.1;0;0
2026.07.11 03:00;64102.60;64142.20;64012.50;64096.10;31.11;18.61;6.90;47.35;60.13;-0.029;NEUTRE;0;-10.8;0;0
2026.07.11 02:00;63960.70;64116.60;63929.10;64102.60;28.84;18.43;7.96;60.53;73.51;-0.019;NEUTRE;0;-10.6;0;0
2026.07.11 01:00;64063.10;64251.10;63949.50;63960.70;27.17;21.27;7.51;72.52;81.41;-0.240;NEUTRE;0;;;0
2026.07.11 00:00;64114.50;64117.20;63976.40;64063.50;24.00;17.71;8.67;87.49;78.19;-0.080;NEUTRE;0;;;0
2026.07.10 23:00;64055.50;64162.50;63964.20;64114.90;22.42;20.43;10.00;84.23;64.78;1.510;SOFT_UP;1;52.3;2;0
2026.07.10 22:00;63956.30;64111.40;63921.80;64055.50;20.60;19.61;11.54;62.84;44.75;1.416;SOFT_UP;1;51.7;2;0
2026.07.10 21:00;63780.80;64031.30;63774.30;63956.30;19.78;16.13;13.32;47.27;28.04;1.259;SOFT_UP;1;49.8;2;0
2026.07.10 20:00;63875.50;63879.60;63605.80;63780.70;21.36;9.53;15.37;24.15;17.46;0.981;NEUTRE;0;44;1;0
2026.07.10 19:00;63748.00;63991.90;63712.80;63876.20;21.04;11.00;11.72;12.69;16.28;1.132;NEUTRE;0;49.6;2;1
2026.07.10 18:00;63765.40;63932.00;63680.90;63748.10;23.78;9.39;13.52;15.55;19.96;0.929;NEUTRE;0;45.5;2;1
2026.07.10 17:00;64075.80;64098.00;63761.90;63765.40;24.67;10.83;10.64;20.59;24.51;0.956;NEUTRE;0;47.9;2;1
2026.07.10 16:00;63975.10;64159.60;63763.20;64076.10;28.32;12.50;12.22;23.75;30.02;1.448;SOFT_UP;1;60.7;2;1
2026.07.10 15:00;63851.00;64150.30;63831.70;63975.10;32.51;14.42;11.44;29.19;44.88;1.288;SOFT_UP;1;59.4;2;1
2026.07.10 14:00;64427.20;64459.50;63754.80;63850.20;35.74;16.64;13.20;37.13;60.50;1.091;NEUTRE;0;56.9;2;1
2026.07.10 13:00;64230.60;64648.90;64090.40;64427.20;39.46;19.20;7.91;68.33;77.25;2.004;SOFT_UP;1;71.8;3;1
2026.07.10 12:00;64367.20;64550.10;64212.00;64230.60;39.13;22.15;5.77;76.05;82.01;1.693;SOFT_UP;1;70.2;3;1
2026.07.10 11:00;64342.00;64422.40;64281.10;64367.40;36.12;19.75;6.66;87.39;80.66;1.910;SOFT_UP;1;73.7;3;1
2026.07.10 10:00;64329.30;64434.40;64219.20;64342.00;34.06;22.79;7.69;82.58;69.08;1.869;SOFT_UP;1;74.8;3;1
2026.07.10 09:00;64183.60;64427.70;64044.60;64329.50;31.67;25.82;8.87;72.00;65.08;1.850;SOFT_UP;1;76.1;3;1
2026.07.10 08:00;63925.70;64330.80;63917.30;64183.60;29.03;25.90;10.23;52.65;68.40;1.619;SOFT_UP;1;75.9;3;1
2026.07.10 07:00;63803.00;63962.90;63751.20;63925.70;26.83;16.20;11.81;70.61;81.41;1.210;NEUTRE;0;73.6;3;1
2026.07.10 06:00;64062.80;64105.90;63776.00;63803.00;28.54;18.69;11.82;81.94;88.32;1.016;NEUTRE;0;73.3;3;0
2026.07.10 05:00;63990.20;64141.20;63887.00;64062.80;29.47;21.56;8.47;91.69;90.52;1.427;SOFT_UP;1;79.9;3;0
2026.07.10 04:00;63887.20;64116.10;63801.50;63990.20;27.30;23.36;9.77;91.31;85.81;1.312;SOFT_UP;1;81.2;3;0
2026.07.10 03:00;63902.30;63981.90;63759.80;63887.20;25.19;20.39;11.27;88.57;76.13;1.149;NEUTRE;0;82.5;3;0
2026.07.10 02:00;63688.60;63982.30;63630.70;63902.30;24.63;23.53;13.01;77.57;59.40;1.173;NEUTRE;0;85.1;3;0
2026.07.10 01:00;63045.90;63881.30;62891.30;63687.20;23.99;22.73;15.01;62.26;52.67;0.833;NEUTRE;0;;;0
2026.07.10 00:00;63161.30;63191.20;62872.20;63045.60;24.53;15.50;17.32;38.38;54.96;-0.183;NEUTRE;0;;;0
2026.07.09 23:00;63155.80;63266.50;62998.40;63161.30;27.46;17.89;13.89;57.36;67.45;1.505;SOFT_UP;1;52.2;2;0
2026.07.09 22:00;63212.20;63355.30;63149.70;63155.40;29.75;20.64;7.35;69.13;73.25;1.496;SOFT_UP;1;53.3;2;0
2026.07.09 21:00;63247.10;63335.60;63152.70;63212.20;27.02;22.34;8.48;75.87;75.37;1.587;SOFT_UP;1;56.1;2;0
2026.07.09 20:00;63180.60;63263.70;63112.00;63247.10;24.26;19.73;9.79;74.74;70.60;1.643;SOFT_UP;1;58.3;2;0
2026.07.09 19:00;63154.50;63313.20;63087.80;63179.20;22.81;22.76;11.29;75.49;63.69;1.534;SOFT_UP;1;57.8;2;1
2026.07.09 18:00;63075.60;63430.90;63006.40;63154.50;21.14;26.26;13.03;61.56;55.27;1.494;SOFT_UP;1;58.6;2;1
2026.07.09 17:00;62628.30;63099.90;62598.40;63075.40;19.21;18.31;15.03;54.04;56.47;1.367;SOFT_UP;1;57.7;2;1
2026.07.09 16:00;62793.00;62935.10;62491.50;62628.30;20.65;16.07;17.34;50.21;58.04;0.648;NEUTRE;0;38.6;1;1
2026.07.09 15:00;62943.30;63192.00;62738.40;62793.00;23.24;18.54;11.45;65.17;55.81;0.913;NEUTRE;0;50.2;2;1
2026.07.09 14:00;62956.90;63073.20;62588.00;62943.30;23.18;17.37;13.21;58.75;44.17;1.155;NEUTRE;0;58.4;2;1
2026.07.09 13:00;62542.90;63154.90;62440.90;62956.90;24.66;20.04;15.24;43.53;40.88;1.177;NEUTRE;0;60.7;2;1
2026.07.09 12:00;62708.10;62885.80;62393.50;62542.40;26.36;17.32;17.59;30.25;47.53;0.510;NEUTRE;0;39.9;1;1
2026.07.09 11:00;62710.10;62758.70;62536.90;62708.10;30.30;19.99;15.81;48.85;62.99;0.777;NEUTRE;0;54.3;2;1
2026.07.09 10:00;62883.80;62986.80;62614.30;62711.50;33.16;23.06;12.88;63.50;75.10;0.782;NEUTRE;0;57;2;1
2026.07.09 09:00;62826.40;62930.30;62717.80;62883.40;33.91;26.61;10.59;76.62;84.58;1.058;NEUTRE;0;66.6;3;1
2026.07.09 08:00;62934.90;63019.10;62782.80;62827.30;32.50;30.71;7.51;85.18;89.83;0.968;NEUTRE;0;67.2;3;1
2026.07.09 07:00;62891.20;63179.60;62727.50;62934.90;28.16;35.43;8.66;91.96;84.12;1.141;NEUTRE;0;72.7;3;1
2026.07.09 06:00;62524.80;62899.50;62417.40;62891.70;23.15;31.35;10.00;92.34;66.67;1.072;NEUTRE;0;74.1;3;0
2026.07.09 05:00;62384.10;62553.20;62168.40;62524.80;18.77;25.12;11.53;68.07;41.19;0.482;NEUTRE;0;62.2;2;0
2026.07.09 04:00;61902.60;62393.30;61893.80;62386.70;15.95;22.59;13.31;39.61;23.56;0.260;NEUTRE;0;52;2;0
2026.07.09 03:00;61719.00;61996.70;61656.50;61902.60;14.43;13.85;15.36;15.89;22.20;-0.518;NEUTRE;0;-73.6;-3;0
2026.07.09 02:00;61844.50;62057.30;61628.80;61718.90;15.85;15.98;17.72;15.18;41.66;-0.813;NEUTRE;0;-82.9;-3;0
2026.07.09 01:00;62070.20;62572.80;61783.00;61844.50;17.50;18.44;14.91;35.54;61.91;-0.611;NEUTRE;0;;;0
2026.07.09 00:00;62224.80;62252.80;61992.00;62070.20;18.56;15.05;17.20;74.26;72.31;-0.248;NEUTRE;0;;;0
2026.07.08 23:00;62269.80;62289.10;62110.90;62224.80;20.39;17.36;12.84;75.94;70.83;-1.714;SOFT_DOWN;-1;-55.7;-2;0
2026.07.08 22:00;62121.60;62285.80;62110.60;62269.80;21.22;19.75;14.81;66.72;70.45;-1.643;SOFT_DOWN;-1;-55.8;-2;0
2026.07.08 21:00;62045.60;62183.50;61899.40;62121.60;22.29;13.80;17.09;69.81;73.53;-1.877;SOFT_DOWN;-1;-60.4;-2;0
2026.07.08 20:00;62218.40;62248.50;62021.40;62045.60;24.08;15.92;13.11;74.80;73.02;-1.997;SOFT_DOWN;-1;-63.1;-2;0
2026.07.08 19:00;62113.70;62225.90;61998.20;62218.40;26.30;16.84;15.13;75.99;64.39;-1.725;SOFT_DOWN;-1;-60.8;-2;1
2026.07.08 18:00;62040.30;62287.00;61970.60;62113.70;29.52;19.43;17.46;68.27;51.78;-1.890;SOFT_DOWN;-1;-64.2;-2;1
2026.07.08 17:00;62036.40;62330.90;61953.30;62040.30;33.23;22.42;20.14;48.93;38.80;-2.006;SOFT_DOWN;-1;-66.7;-3;1
2026.07.08 16:00;61621.70;62076.40;61612.20;62036.40;37.52;15.51;23.24;38.15;31.87;-2.012;SOFT_DOWN;-1;-68;-3;1
2026.07.08 15:00;61819.80;61848.10;61469.90;61621.70;40.22;10.32;26.82;29.31;30.49;-2.667;STRONG_DOWN;-2;-74.1;-3;1
2026.07.08 14:00;61870.40;62100.10;61633.40;61819.80;39.58;11.91;24.29;28.15;31.99;-2.354;SOFT_DOWN;-1;-73.2;-3;1
2026.07.08 13:00;61884.20;62019.30;61556.70;61870.40;40.40;11.08;28.03;34.01;34.84;-2.274;SOFT_DOWN;-1;-73.8;-3;1
2026.07.08 12:00;62236.80;62356.30;61883.90;61884.20;39.95;12.79;21.46;33.80;32.28;-2.252;SOFT_DOWN;-1;-74.9;-3;1
2026.07.08 11:00;62115.20;62326.40;61988.60;62236.80;42.21;14.75;21.35;36.72;31.15;-1.695;SOFT_DOWN;-1;-71.8;-3;1
2026.07.08 10:00;61989.80;62124.10;61833.30;62115.50;45.89;7.81;24.63;26.33;29.60;-1.887;SOFT_DOWN;-1;-74.9;-3;1
2026.07.08 09:00;61948.90;62102.70;61671.90;61989.60;44.97;7.88;28.42;30.41;30.52;-2.086;SOFT_DOWN;-1;-77.6;-3;1
2026.07.08 08:00;62823.00;62875.90;61790.40;61948.90;43.19;9.09;28.56;32.06;26.40;-2.150;SOFT_DOWN;-1;-79.3;-3;1
2026.07.08 07:00;62593.10;62833.60;62481.50;62823.00;41.87;10.49;23.16;29.07;21.18;-0.770;NEUTRE;0;-65.2;-3;1
2026.07.08 06:00;62575.50;62683.10;62412.90;62593.10;42.52;5.53;26.73;18.06;19.99;-1.133;NEUTRE;0;-75;-3;0
2026.07.08 05:00;62734.60;62811.80;62487.20;62575.20;38.96;6.38;26.61;16.42;21.70;-1.161;NEUTRE;0;-77.7;-3;0
2026.07.08 04:00;62706.70;62844.40;62612.00;62734.60;35.51;7.36;24.79;25.49;27.30;-0.909;NEUTRE;0;-77.4;-3;0
2026.07.08 03:00;62924.80;63037.80;62638.30;62706.70;32.64;8.49;26.86;23.19;28.06;-0.953;NEUTRE;0;-80.9;-3;0
2026.07.08 02:00;62975.60;63012.10;62477.30;62924.90;29.67;8.81;30.99;33.24;32.58;-0.609;NEUTRE;0;-80.5;-3;0
2026.07.08 01:00;63559.00;63594.60;62866.90;62975.80;25.66;10.17;24.55;27.75;28.90;-0.528;NEUTRE;0;;;0
2026.07.08 00:00;63310.20;63699.30;63256.00;63558.70;23.23;11.73;20.10;36.75;28.73;0.393;NEUTRE;0;;;0
2026.07.07 23:00;63492.30;63658.80;63264.00;63309.70;22.76;12.13;23.20;22.19;27.60;-1.062;NEUTRE;0;-42.3;-1;0
2026.07.07 22:00;63375.10;63606.70;63168.00;63492.30;21.45;11.97;26.76;27.25;38.32;-0.776;NEUTRE;0;-34.8;-1;0
2026.07.07 21:00;63643.30;63811.60;63275.40;63375.10;18.87;13.81;27.11;33.36;54.05;-0.959;NEUTRE;0;-42;-1;0
2026.07.07 20:00;63766.40;63851.20;63563.70;63643.80;16.77;15.93;23.01;54.35;70.09;-0.539;NEUTRE;0;-28;-1;0
2026.07.07 19:00;63626.40;63840.60;63325.00;63766.00;16.55;17.81;26.55;74.44;81.79;-0.348;NEUTRE;0;-19.8;0;1
2026.07.07 18:00;64129.50;64132.60;63616.60;63626.40;16.06;20.56;21.94;81.48;84.47;-0.567;NEUTRE;0;-31.8;-1;1
2026.07.07 17:00;63921.10;64176.70;63831.60;64127.10;18.03;23.72;18.90;89.47;78.27;0.216;NEUTRE;0;14.1;0;1
2026.07.07 16:00;63874.70;64185.10;63748.50;63921.40;19.07;27.37;21.81;82.47;64.41;-0.106;NEUTRE;0;-7.4;0;1
2026.07.07 15:00;63487.10;64039.20;63302.30;63875.50;20.27;26.44;25.17;62.87;50.91;-0.177;NEUTRE;0;-13.1;0;1
2026.07.07 14:00;62967.20;63561.10;62600.50;63485.60;23.01;20.52;29.04;47.89;51.51;-0.787;NEUTRE;0;-47.9;-2;1
2026.07.07 13:00;63405.60;63406.20;62914.60;62967.20;23.90;23.68;28.48;41.96;59.58;-1.597;SOFT_DOWN;-1;-67.6;-3;1
2026.07.07 12:00;63331.50;63797.90;63320.50;63405.60;26.16;27.32;20.16;64.69;65.20;-0.912;NEUTRE;0;-56.3;-2;1
2026.07.07 11:00;63207.30;63378.70;63047.40;63331.50;27.87;18.02;23.26;72.10;61.50;-1.028;NEUTRE;0;-61.5;-2;1
2026.07.07 10:00;63179.00;63388.90;63160.00;63207.30;30.20;20.79;21.61;58.81;53.12;-1.222;NEUTRE;0;-67.4;-3;1
2026.07.07 09:00;63033.70;63271.30;62990.30;63178.80;34.55;16.08;24.93;53.59;45.73;-1.266;SOFT_DOWN;-1;-70.2;-3;1
2026.07.07 08:00;63020.30;63120.90;62932.10;63033.70;36.54;10.32;28.77;46.96;35.89;-1.493;SOFT_DOWN;-1;-74.8;-3;1
2026.07.07 07:00;63273.10;63377.40;63005.50;63020.30;34.91;11.91;27.21;36.64;23.76;-1.514;SOFT_DOWN;-1;-76.8;-3;1
2026.07.07 06:00;63062.30;63336.60;62923.40;63273.10;34.26;12.05;31.40;24.08;12.52;-1.119;NEUTRE;0;-74.8;-3;0
2026.07.07 05:00;63035.70;63202.10;62731.40;63066.10;32.68;8.90;36.23;10.56;5.76;-1.442;SOFT_DOWN;-1;-80;-3;0
2026.07.07 04:00;63127.40;63218.80;62997.80;63035.70;28.39;10.27;33.09;2.91;9.55;-1.490;SOFT_DOWN;-1;-82.2;-3;0
2026.07.07 03:00;63269.10;63354.80;63091.80;63127.40;24.66;11.85;31.64;3.82;20.76;-1.346;SOFT_DOWN;-1;-83.5;-3;0
2026.07.07 02:00;63784.20;63851.90;63236.30;63269.10;21.45;13.67;28.06;21.94;37.22;-1.125;NEUTRE;0;-84.8;-3;0
2026.07.07 01:00;64143.60;64145.70;63726.90;63784.20;19.44;15.77;20.11;36.51;50.64;-0.320;NEUTRE;0;;;0
2026.07.07 00:00;63989.00;64259.70;63950.30;64143.60;20.58;18.20;15.00;53.20;62.91;0.242;NEUTRE;0;;;0
2026.07.06 23:00;64190.70;64281.30;63966.80;63988.90;22.26;21.00;16.49;62.22;73.60;0.657;NEUTRE;0;29.4;1;0
2026.07.06 22:00;64429.90;64443.40;64098.60;64190.70;23.83;24.23;12.58;73.29;82.03;0.975;NEUTRE;0;41.1;1;0
2026.07.06 21:00;63770.10;64625.00;63749.50;64428.90;22.63;27.96;14.51;85.30;86.84;1.350;SOFT_UP;1;51.7;2;0
2026.07.06 20:00;63683.50;63837.70;63531.90;63770.10;21.24;18.42;16.74;87.52;88.35;0.313;NEUTRE;0;17.1;0;0
2026.07.06 19:00;63639.80;63835.40;63590.70;63681.90;23.77;21.26;16.36;87.71;90.23;0.174;NEUTRE;0;10.2;0;1
2026.07.06 18:00;63524.10;63829.40;63495.30;63637.30;25.42;24.15;18.88;89.83;88.59;0.104;NEUTRE;0;6.5;0;1
2026.07.06 17:00;63677.40;63892.50;63508.70;63524.10;27.45;27.87;21.17;93.15;78.76;-0.074;NEUTRE;0;-4.9;0;1
2026.07.06 16:00;63489.10;63810.40;63333.30;63677.40;29.57;28.87;24.42;82.80;56.10;0.167;NEUTRE;0;11.6;0;1
2026.07.06 15:00;61983.10;63498.90;61983.10;63490.90;32.83;23.26;28.18;60.32;32.88;-0.126;NEUTRE;0;-9.4;0;1
2026.07.06 14:00;61702.10;62338.00;61649.50;61982.40;36.41;15.06;32.51;25.20;15.91;-2.499;STRONG_DOWN;-2;-74.1;-3;1
2026.07.06 13:00;61680.60;61975.30;61255.00;61702.10;36.37;9.28;37.52;13.12;11.38;-2.940;STRONG_DOWN;-2;-77.4;-3;1
2026.07.06 12:00;62423.20;62423.20;61601.70;61680.70;32.68;10.70;35.88;9.43;12.50;-2.974;STRONG_DOWN;-2;-78.4;-3;1
2026.07.06 11:00;62747.70;62922.00;62423.20;62423.20;29.39;12.35;26.02;11.60;14.94;-1.806;SOFT_DOWN;-1;-72.8;-3;1
2026.07.06 10:00;62587.40;62960.20;62583.30;62747.70;28.43;14.25;25.09;16.46;16.33;-1.295;SOFT_DOWN;-1;-68.6;-3;1
2026.07.06 09:00;62822.60;62839.10;62551.40;62587.40;28.57;11.50;28.94;16.75;16.51;-1.547;SOFT_DOWN;-1;-73.6;-3;1
2026.07.06 08:00;63011.10;63165.50;62754.60;62822.60;26.33;13.27;22.53;15.80;15.33;-1.177;NEUTRE;0;-71;-3;1
2026.07.06 07:00;62905.60;63043.20;62809.90;63011.10;26.40;10.73;26.00;16.99;15.89;-0.881;NEUTRE;0;-68;-3;1
2026.07.06 06:00;63035.50;63071.90;62895.40;62905.60;24.06;12.38;24.36;13.19;19.63;-1.047;NEUTRE;0;-73.8;-3;0
2026.07.06 05:00;63194.10;63197.30;62875.00;63035.10;22.75;14.28;28.11;17.47;31.33;-0.843;NEUTRE;0;-73.2;-3;0
2026.07.06 04:00;63219.60;63318.90;63108.30;63194.10;21.23;16.48;21.29;28.21;48.09;-0.593;NEUTRE;0;-71.1;-3;0
2026.07.06 03:00;63383.30;63422.20;63057.00;63219.60;22.54;19.02;24.57;48.31;63.81;-0.553;NEUTRE;0;-74.6;-3;0
2026.07.06 02:00;63498.00;63596.20;63297.00;63383.30;24.05;21.94;18.24;67.76;74.66;-0.295;NEUTRE;0;-71;-3;0
2026.07.06 01:00;63684.00;63847.60;63472.40;63498.00;26.33;25.32;12.03;75.35;78.67;-0.115;NEUTRE;0;;;0
2026.07.06 00:00;63571.00;63692.90;63275.10;63684.00;24.90;22.87;13.88;80.86;79.89;0.178;NEUTRE;0;;;0
2026.07.05 23:00;63663.90;63925.20;63496.70;63571.00;24.97;26.39;7.85;79.80;74.11;0.788;NEUTRE;0;34;1;0
2026.07.05 22:00;63024.20;63849.90;62936.10;63665.80;20.48;27.75;9.06;79.00;65.33;0.939;NEUTRE;0;40.1;1;0
2026.07.05 21:00;62662.80;63154.80;62542.50;63024.40;15.82;20.31;10.46;63.52;52.41;-0.078;NEUTRE;0;-4.2;0;0
2026.07.05 20:00;62702.90;62772.40;62630.90;62662.80;13.33;13.83;12.06;53.48;40.98;-0.652;NEUTRE;0;-32.7;-1;0
2026.07.05 19:00;62749.80;62812.30;62659.70;62702.90;14.33;15.96;10.79;40.24;31.22;-0.588;NEUTRE;0;-31.4;-1;0
2026.07.05 18:00;62560.10;62806.90;62549.60;62749.80;13.56;17.87;12.45;29.21;34.18;-0.514;NEUTRE;0;-29.4;-1;0
2026.07.05 17:00;62565.10;62751.60;62534.40;62560.10;12.89;17.31;14.36;24.21;47.46;-0.814;NEUTRE;0;-43.3;-1;0
2026.07.05 16:00;62672.20;62702.70;62530.40;62565.10;13.44;16.51;16.57;49.11;60.75;-0.807;NEUTRE;0;-44.8;-1;0
2026.07.05 15:00;62746.30;62879.60;62609.40;62672.20;15.48;19.05;12.07;69.04;60.00;-0.637;NEUTRE;0;-39.9;-1;0
2026.07.05 14:00;62726.20;62751.30;62584.60;62746.30;14.41;14.68;13.93;64.11;50.57;-0.519;NEUTRE;0;-36.1;-1;0
2026.07.05 13:00;62676.70;62752.90;62585.60;62726.20;16.22;16.94;15.98;46.86;40.73;-0.551;NEUTRE;0;-39.9;-1;0
2026.07.05 12:00;62589.70;62706.90;62499.10;62676.70;18.27;15.31;18.43;40.75;39.00;-0.630;NEUTRE;0;-46;-2;0
2026.07.05 11:00;62688.20;62742.10;62543.50;62590.00;19.66;17.67;17.98;34.58;43.03;-0.767;NEUTRE;0;-54;-2;0
2026.07.05 10:00;62556.40;62688.50;62475.30;62688.20;22.55;16.23;20.75;41.68;53.64;-0.611;NEUTRE;0;-50.3;-2;0
2026.07.05 09:00;62845.70;62863.60;62386.70;62556.40;24.14;18.73;23.94;52.83;58.58;-0.820;NEUTRE;0;-60.9;-2;0
2026.07.05 08:00;62952.10;63036.90;62827.80;62845.70;25.97;21.61;13.39;66.42;54.01;-0.362;NEUTRE;0;-41.7;-1;0
2026.07.05 07:00;62710.50;62990.50;62651.30;62952.10;26.36;21.52;15.45;56.51;42.37;-0.193;NEUTRE;0;-28.5;-1;0
2026.07.05 06:00;62670.40;62757.90;62602.30;62710.50;27.89;14.28;17.83;39.10;31.79;-0.576;NEUTRE;0;-62.1;-2;0
2026.07.05 05:00;62746.70;62746.70;62587.50;62670.40;30.48;15.37;20.57;31.49;24.46;-0.640;NEUTRE;0;-68.4;-3;0
2026.07.05 04:00;62698.50;62886.00;62641.30;62746.70;32.94;17.74;18.54;24.78;18.25;-0.519;NEUTRE;0;-68.6;-3;0
2026.07.05 03:00;62628.10;62726.80;62584.80;62698.60;37.67;10.46;21.39;17.09;16.93;-0.595;NEUTRE;0;-75.6;-3;0
2026.07.05 02:00;62818.10;62856.80;62534.90;62628.10;38.18;12.07;24.68;12.88;19.83;-0.707;NEUTRE;0;-81.8;-3;0
2026.07.05 01:00;62918.90;62978.70;62730.70;62817.20;38.77;13.92;19.12;20.81;32.74;-0.407;NEUTRE;0;;;0
2026.07.05 00:00;63073.80;63077.40;62852.50;62918.90;42.32;16.07;14.51;25.79;46.28;-0.246;NEUTRE;0;;;0
2026.07.04 23:00;63124.30;63171.20;62868.70;63074.40;48.04;18.54;15.64;51.62;62.26;0.899;NEUTRE;0;37.6;1;0
2026.07.04 22:00;63232.90;63247.40;63094.00;63124.60;54.13;21.39;6.58;61.42;69.07;0.979;NEUTRE;0;41.2;1;0
2026.07.04 21:00;63167.40;63390.80;63135.60;63232.40;54.31;24.68;3.42;73.74;74.56;1.151;NEUTRE;0;47.2;2;0
2026.07.04 20:00;63228.90;63326.80;63089.60;63167.30;51.03;24.62;3.95;72.06;75.91;1.047;NEUTRE;0;45.9;2;0
2026.07.04 19:00;63102.50;63393.60;63055.70;63228.90;47.75;28.41;4.56;77.88;79.19;1.146;NEUTRE;0;49.9;2;0
2026.07.04 18:00;63208.50;63280.10;63028.20;63102.50;43.97;27.61;5.26;77.80;79.82;0.943;NEUTRE;0;45.9;2;0
2026.07.04 17:00;62854.40;63344.90;62734.90;63208.50;40.27;31.86;6.07;81.89;77.95;1.113;NEUTRE;0;52.2;2;0
2026.07.04 16:00;62869.60;62904.60;62716.20;62854.40;36.00;25.65;7.00;79.78;74.62;0.547;NEUTRE;0;34;1;0
2026.07.04 15:00;62631.70;62975.90;62627.10;62869.60;32.75;29.60;8.08;72.19;67.08;0.571;NEUTRE;0;36.9;1;0
2026.07.04 14:00;62524.30;62670.40;62522.10;62631.70;29.00;20.68;9.32;71.88;62.41;0.190;NEUTRE;0;15;0;0
2026.07.04 13:00;62594.40;62701.30;62477.00;62524.30;27.64;23.86;10.75;57.16;52.77;0.019;NEUTRE;0;1.6;0;0
2026.07.04 12:00;62414.80;62620.30;62412.90;62594.40;26.07;21.97;12.41;58.18;50.34;0.131;NEUTRE;0;12.1;0;0
2026.07.04 11:00;62440.20;62485.70;62396.30;62414.80;25.80;15.37;14.32;42.96;48.24;-0.157;NEUTRE;0;-15.7;0;0
2026.07.04 10:00;62418.90;62473.40;62372.80;62440.20;29.22;15.62;16.52;49.89;50.63;-0.116;NEUTRE;0;-12.9;0;0
2026.07.04 09:00;62483.00;62517.80;62340.50;62418.90;33.28;18.02;19.06;51.88;47.25;-0.150;NEUTRE;0;-18.2;0;0
2026.07.04 08:00;62504.70;62595.60;62442.40;62483.00;37.97;20.80;13.15;50.13;43.08;-0.048;NEUTRE;0;-6.7;0;0
2026.07.04 07:00;62427.60;62560.10;62393.00;62504.80;40.35;20.43;15.18;39.74;39.73;-0.013;NEUTRE;0;-2.1;0;0
2026.07.04 06:00;62399.10;62495.50;62264.70;62427.60;44.29;17.62;17.51;39.37;39.74;-0.136;NEUTRE;0;-24.1;0;0
2026.07.04 05:00;62618.60;62619.20;62366.10;62399.10;51.05;20.34;13.44;40.07;35.27;-0.182;NEUTRE;0;-35.6;-1;0
2026.07.04 04:00;62555.60;62677.80;62521.60;62618.60;55.77;23.46;6.06;39.79;35.74;0.169;NEUTRE;0;39.8;1;0
2026.07.04 03:00;62468.90;62674.50;62413.50;62555.60;55.28;26.75;6.99;25.96;39.26;0.069;NEUTRE;0;24.4;0;0
2026.07.04 02:00;62399.40;62507.40;62359.10;62468.90;54.78;21.02;8.07;41.48;50.82;-0.070;NEUTRE;0;-34.6;-1;0
2026.07.04 01:00;62684.70;62684.70;62334.70;62399.40;56.36;24.25;9.31;50.35;57.44;-0.181;NEUTRE;0;;;0
2026.07.04 00:00;62512.70;62870.00;62509.60;62684.70;58.18;27.98;3.05;60.63;64.99;0.275;NEUTRE;0;;;0
2026.07.03 23:00;62503.50;62633.90;62456.20;62512.70;54.77;22.21;3.52;61.33;70.87;1.690;SOFT_UP;1;55.4;2;0
2026.07.03 22:00;62655.50;62672.80;62461.20;62503.50;52.03;25.62;3.63;73.02;76.54;1.675;SOFT_UP;1;56.3;2;0
2026.07.03 21:00;62700.00;62881.00;62440.10;62654.90;48.47;29.56;4.19;78.26;76.01;1.921;SOFT_UP;1;61;2;0
2026.07.03 20:00;62140.00;62824.60;62118.80;62700.00;44.37;32.14;4.84;78.32;72.60;1.995;SOFT_UP;1;63;2;0
2026.07.03 19:00;62136.80;62246.60;62082.30;62140.00;39.84;24.49;5.58;71.44;64.57;1.084;NEUTRE;0;48.3;2;1
2026.07.03 18:00;62124.90;62175.40;62048.70;62136.80;36.29;21.59;6.44;68.03;59.76;1.079;NEUTRE;0;49.7;2;1
2026.07.03 17:00;62037.20;62217.10;61998.90;62124.50;33.56;24.91;7.43;54.23;58.87;1.059;NEUTRE;0;50.8;2;1
2026.07.03 16:00;61851.00;62054.90;61839.80;62036.30;30.41;17.31;8.58;57.02;67.00;0.915;NEUTRE;0;48.4;2;1
2026.07.03 15:00;62092.70;62319.80;61746.20;61851.00;29.90;19.97;9.90;65.37;74.54;0.614;NEUTRE;0;38.9;1;1
2026.07.03 14:00;62038.10;62195.70;61629.70;62092.70;29.31;19.71;11.42;78.62;78.68;1.007;NEUTRE;0;54.8;2;1
2026.07.03 13:00;61896.20;62174.60;61855.60;62038.10;29.71;22.75;7.03;79.62;77.54;0.918;NEUTRE;0;54.3;2;1
2026.07.03 12:00;61933.90;62087.10;61780.20;61896.20;26.17;22.03;8.12;77.80;70.78;0.687;NEUTRE;0;48.4;2;1
2026.07.03 11:00;61831.70;62011.00;61761.70;61933.90;23.09;21.60;9.36;75.21;65.05;0.749;NEUTRE;0;53.3;2;1
2026.07.03 10:00;61628.50;61955.80;61585.80;61831.70;20.57;21.52;10.81;59.32;61.95;0.582;NEUTRE;0;48.9;2;1
2026.07.03 09:00;61496.60;61692.20;61429.20;61628.50;18.63;13.87;12.47;60.63;68.46;0.252;NEUTRE;0;28.9;1;1
2026.07.03 08:00;61668.20;61821.10;61469.10;61495.80;20.68;16.00;12.05;65.89;70.62;0.036;NEUTRE;0;5.1;0;1
2026.07.03 07:00;61624.20;61780.00;61575.70;61668.20;21.70;18.46;9.25;78.87;66.83;0.316;NEUTRE;0;41.7;1;1
2026.07.03 06:00;61610.90;61758.40;61524.70;61624.20;19.92;19.68;10.67;67.09;53.85;0.245;NEUTRE;0;38.8;1;0
2026.07.03 05:00;61355.20;61706.50;61341.20;61610.90;18.41;19.29;12.31;54.54;48.03;0.223;NEUTRE;0;41.3;1;0
2026.07.03 04:00;61342.10;61434.20;61249.30;61357.70;17.85;10.79;14.20;39.92;44.07;-0.189;NEUTRE;0;-43;-1;0
2026.07.03 03:00;61344.60;61485.10;61232.10;61342.10;18.49;12.45;16.39;49.63;46.11;-0.214;NEUTRE;0;-54.6;-2;0
2026.07.03 02:00;61499.10;61575.80;61203.20;61344.60;19.24;14.36;18.91;42.65;39.08;-0.210;NEUTRE;0;-64.2;-2;0
2026.07.03 01:00;61214.00;61638.90;61192.90;61498.60;20.09;16.57;21.82;46.06;37.26;0.041;NEUTRE;0;;;0
2026.07.03 00:00;61473.70;61491.10;61154.90;61214.00;21.08;14.02;25.18;28.53;35.66;-0.422;NEUTRE;0;;;0
2026.07.02 23:00;61385.10;61519.50;61265.60;61474.60;19.95;16.18;23.99;37.20;41.51;2.540;STRONG_UP;2;65.3;3;0
2026.07.02 22:00;61510.60;61516.50;61332.40;61385.40;20.03;18.67;23.63;41.24;46.49;2.391;SOFT_UP;1;65;2;0
2026.07.02 21:00;61501.40;61576.20;61433.80;61510.60;21.30;21.54;18.79;46.10;49.69;2.600;STRONG_UP;2;67.7;3;0
2026.07.02 20:00;61411.00;61520.50;61260.80;61501.40;23.53;18.84;21.68;52.13;52.01;2.585;STRONG_UP;2;68.6;3;0
2026.07.02 19:00;61687.00;61694.30;61358.30;61411.80;26.07;21.74;19.24;50.83;50.84;2.435;SOFT_UP;1;68.4;3;1
2026.07.02 18:00;61596.30;61799.20;61592.40;61687.00;29.15;25.08;11.48;53.05;50.96;2.894;STRONG_UP;2;72.5;3;1
2026.07.02 17:00;61609.60;61870.10;61552.80;61596.30;27.91;28.94;13.25;48.63;56.42;2.743;STRONG_UP;2;72.5;3;1
2026.07.02 16:00;61527.30;61709.60;61074.20;61609.60;26.48;25.61;15.29;51.19;68.37;2.765;STRONG_UP;2;73.6;3;1
2026.07.02 15:00;61620.30;61756.70;61343.50;61527.30;26.67;29.55;11.12;69.46;82.99;2.628;STRONG_UP;2;73.8;3;1
2026.07.02 14:00;61860.50;62124.80;61320.40;61619.90;23.80;34.10;12.83;84.46;90.97;2.783;STRONG_UP;2;75.7;3;1
2026.07.02 13:00;61458.20;61960.50;61424.10;61860.50;20.48;36.20;14.80;95.05;92.37;3.184;STRONG_UP;2;78.3;3;1
2026.07.02 12:00;61269.60;61527.30;61070.20;61458.20;17.18;29.35;17.08;93.39;85.25;2.513;STRONG_UP;2;76.4;3;1
2026.07.02 11:00;61174.60;61290.90;61035.10;61272.80;15.76;25.91;19.70;88.67;69.51;2.204;SOFT_UP;1;75.8;3;1
2026.07.02 10:00;61081.90;61265.60;60955.20;61174.60;16.09;28.37;22.74;73.69;47.42;2.040;SOFT_UP;1;76;3;1
2026.07.02 09:00;60422.70;61325.40;60283.20;61081.90;16.87;32.74;26.23;46.17;32.89;1.885;SOFT_UP;1;76.4;3;1
2026.07.02 08:00;60052.70;60460.60;60038.10;60423.30;17.76;25.01;30.27;22.41;35.80;0.787;NEUTRE;0;62.7;2;1
2026.07.02 07:00;60178.70;60201.00;60010.10;60052.70;19.03;19.40;34.93;30.10;54.03;0.168;NEUTRE;0;25.3;1;1
2026.07.02 06:00;60421.60;60560.70;60167.20;60178.70;17.56;22.39;27.64;54.89;68.29;0.379;NEUTRE;0;51.2;2;0
2026.07.02 05:00;60700.50;60785.40;60398.50;60421.80;18.65;25.83;22.85;77.11;69.30;0.784;NEUTRE;0;72.1;3;0
2026.07.02 04:00;60973.50;60974.90;60641.70;60700.50;20.58;29.81;16.69;72.86;53.83;1.249;SOFT_UP;1;80.8;3;0
2026.07.02 03:00;60341.80;61038.50;60223.90;60973.50;19.40;34.39;19.26;57.92;35.78;1.704;SOFT_UP;1;84.9;3;0
2026.07.02 02:00;60101.00;60409.40;59942.20;60341.80;18.05;27.80;22.23;30.69;23.18;0.651;NEUTRE;0;81.1;3;0
2026.07.02 01:00;59677.50;60243.30;59640.80;60101.00;19.11;26.61;25.65;18.72;28.14;0.249;NEUTRE;0;;;0
2026.07.02 00:00;59951.70;59953.60;59509.90;59677.50;21.77;23.30;29.59;20.14;43.51;-0.457;NEUTRE;0;;;0
2026.07.01 23:00;60396.30;60396.30;59903.90;59951.70;23.29;26.89;20.48;45.57;60.75;2.446;SOFT_UP;1;64.5;2;0
2026.07.01 22:00;60741.60;61237.30;60274.40;60396.30;24.80;31.03;12.06;64.82;66.12;3.206;STRONG_UP;2;70.8;3;0
2026.07.01 21:00;60059.10;60761.10;60048.50;60741.60;21.84;28.19;13.91;71.85;68.41;3.796;STRONG_UP;2;74.3;3;0
2026.07.01 20:00;59956.40;60120.30;59793.10;60059.10;19.98;18.69;16.05;61.69;69.74;2.630;STRONG_UP;2;68.9;3;0
2026.07.01 19:00;60092.60;60278.60;59923.10;59956.40;21.88;21.57;12.41;71.68;75.56;2.454;STRONG_UP;2;68.5;3;1
2026.07.01 18:00;60116.70;60224.40;59942.00;60092.60;21.10;22.54;14.32;75.86;76.67;2.687;STRONG_UP;2;71.2;3;1
2026.07.01 17:00;59847.30;60165.20;59706.80;60116.70;20.92;22.79;16.52;79.15;78.62;2.728;STRONG_UP;2;72.5;3;1
2026.07.01 16:00;60074.70;60183.60;59786.00;59846.30;21.68;26.29;16.41;75.00;75.54;2.266;SOFT_UP;1;70.3;3;1
2026.07.01 15:00;59462.70;60462.20;59442.20;60074.70;21.45;30.34;18.93;81.71;70.21;2.657;STRONG_UP;2;74;3;1
2026.07.01 14:00;59420.40;60014.70;59195.80;59462.70;21.19;28.25;21.84;69.92;50.90;1.611;SOFT_UP;1;66.2;3;1
2026.07.01 13:00;58438.60;59430.20;58438.00;59420.40;22.48;21.62;25.20;59.01;39.01;1.538;SOFT_UP;1;66.8;3;1
2026.07.01 12:00;58525.90;58591.60;58239.40;58438.60;24.77;11.94;29.08;23.79;33.99;-0.139;NEUTRE;0;-12.9;0;1
2026.07.01 11:00;58569.30;58667.80;58460.60;58525.90;22.15;13.78;23.89;34.22;40.21;0.010;NEUTRE;0;1;0;1
2026.07.01 10:00;58856.20;58861.60;58525.00;58569.30;21.43;15.90;22.78;43.95;40.03;0.084;NEUTRE;0;9.4;0;1
2026.07.01 09:00;58888.90;58997.00;58758.50;58856.00;21.99;18.35;15.62;42.45;42.56;0.574;NEUTRE;0;51.5;2;1
2026.07.01 08:00;58675.10;58893.10;58410.10;58888.90;24.13;14.47;18.02;33.69;52.84;0.630;NEUTRE;0;57.2;2;1
2026.07.01 07:00;58660.70;58726.80;58502.70;58675.10;26.17;11.40;20.79;51.54;71.18;0.265;NEUTRE;0;36.7;1;1
2026.07.01 06:00;59051.10;59058.90;58438.40;58660.70;25.70;13.15;23.99;73.29;84.97;0.240;NEUTRE;0;38.2;1;0
2026.07.01 05:00;59239.10;59280.80;59020.10;59053.30;25.17;15.17;13.26;88.70;90.32;0.911;NEUTRE;0;74.4;3;0
2026.07.01 04:00;59089.60;59356.80;58960.40;59239.10;28.00;17.51;15.30;92.90;87.48;1.229;NEUTRE;0;80.6;3;0
2026.07.01 03:00;58983.70;59204.70;58743.70;59089.60;31.27;14.30;17.65;89.35;77.51;0.973;NEUTRE;0;81.1;3;0
2026.07.01 02:00;58664.40;59067.10;58561.10;58983.70;34.47;11.91;20.37;80.20;62.25;0.792;NEUTRE;0;82.7;3;0
2026.07.01 01:00;58474.20;58891.00;57724.10;58664.60;35.74;8.39;23.50;62.98;51.55;0.247;NEUTRE;0;;;0
2026.07.01 00:00;58520.10;58643.80;58205.50;58474.20;33.95;9.68;20.77;43.58;51.21;-0.078;NEUTRE;0;;;0
2026.06.30 23:00;58502.90;58555.80;58444.80;58520.10;33.56;11.16;15.57;48.09;62.94;-2.721;STRONG_DOWN;-2;-66.8;-3;0
2026.06.30 22:00;58543.80;58689.30;58409.10;58502.90;36.19;12.88;17.96;61.95;69.62;-2.749;STRONG_DOWN;-2;-67.9;-3;0
2026.06.30 21:00;58627.80;58667.50;58402.40;58543.80;39.23;13.67;20.72;78.78;65.23;-2.681;STRONG_DOWN;-2;-68.3;-3;0
2026.06.30 20:00;58720.10;58774.00;58544.30;58627.80;42.11;15.77;15.68;68.14;49.68;-2.542;STRONG_DOWN;-2;-68.2;-3;0
2026.06.30 19:00;58572.50;58733.10;58477.60;58720.10;48.54;15.46;18.09;48.76;34.27;-2.388;SOFT_DOWN;-1;-68;-3;1
2026.06.30 18:00;58321.20;58590.60;58252.10;58572.50;54.80;9.25;20.87;32.15;25.03;-2.633;STRONG_DOWN;-2;-70.9;-3;1
2026.06.30 17:00;58389.10;58508.30;58212.60;58321.20;57.30;6.94;24.08;21.90;22.90;-3.051;STRONG_DOWN;-2;-74.2;-3;1
2026.06.30 16:00;58269.20;58518.80;58155.60;58389.10;57.61;8.00;27.79;21.06;22.64;-2.938;STRONG_DOWN;-2;-74.6;-3;1
2026.06.30 15:00;58363.80;58673.00;58078.10;58269.20;57.97;9.24;32.07;25.74;22.25;-3.138;STRONG_DOWN;-2;-76.4;-3;1
2026.06.30 14:00;58629.30;59165.30;58318.90;58363.80;58.39;10.66;30.77;21.12;16.80;-2.980;STRONG_DOWN;-2;-76.6;-3;1
2026.06.30 13:00;58293.90;58684.10;58127.40;58629.30;59.90;3.55;35.50;19.91;17.86;-2.539;STRONG_DOWN;-2;-75.4;-3;1
2026.06.30 12:00;59071.40;59080.60;58283.70;58293.90;56.53;4.10;36.65;9.39;20.58;-3.097;STRONG_DOWN;-2;-78.9;-3;1
2026.06.30 11:00;59220.80;59306.70;59013.40;59071.40;52.93;4.73;28.20;24.29;26.68;-1.804;SOFT_DOWN;-1;-72.8;-3;1
2026.06.30 10:00;59264.50;59318.60;59178.60;59220.80;50.11;5.45;23.87;28.07;28.05;-1.556;SOFT_DOWN;-1;-71.9;-3;1
2026.06.30 09:00;59202.80;59314.30;59144.50;59264.50;48.15;5.82;27.54;27.69;30.13;-1.483;SOFT_DOWN;-1;-72.9;-3;1
2026.06.30 08:00;59415.30;59445.70;59083.00;59202.80;45.55;6.72;31.78;28.38;29.79;-1.586;SOFT_DOWN;-1;-75.6;-3;1
2026.06.30 07:00;59484.40;59524.00;59336.10;59415.30;42.54;7.75;25.94;34.32;25.82;-1.232;NEUTRE;0;-73.9;-3;1
2026.06.30 06:00;59537.90;59604.50;59402.80;59484.40;40.77;8.94;24.46;26.66;18.91;-1.118;NEUTRE;0;-74.8;-3;0
2026.06.30 05:00;59375.10;59540.70;59241.40;59537.90;39.90;5.45;28.23;16.46;16.90;-1.029;NEUTRE;0;-76.1;-3;0
2026.06.30 04:00;59505.10;59582.20;59309.00;59375.10;35.63;6.29;29.10;13.61;19.51;-1.299;SOFT_DOWN;-1;-81.1;-3;0
2026.06.30 03:00;59837.90;59914.30;59476.10;59505.10;31.20;7.26;24.16;20.62;22.42;-1.083;NEUTRE;0;-82;-3;0
2026.06.30 02:00;59840.00;59938.10;59644.10;59837.90;27.72;8.37;21.98;24.28;24.08;-0.530;NEUTRE;0;-79.2;-3;0
2026.06.30 01:00;59736.40;59950.30;59672.60;59840.20;25.09;9.66;23.87;22.35;34.47;-0.526;NEUTRE;0;;;0
2026.06.30 00:00;60156.70;60174.70;59593.90;59736.40;22.43;11.15;27.54;25.59;49.15;-0.699;NEUTRE;0;;;0
2026.06.29 23:00;60249.60;60280.30;60102.60;60155.50;19.36;12.86;18.31;55.48;66.50;1.156;NEUTRE;0;44.7;1;0
2026.06.29 22:00;60384.90;60415.70;60243.00;60249.60;19.65;14.84;8.97;66.40;73.90;1.314;SOFT_UP;1;49.6;2;0
2026.06.29 21:00;60190.90;60485.90;60153.40;60384.90;18.88;17.13;10.35;77.63;79.30;1.542;SOFT_UP;1;55.3;2;0
2026.06.29 20:00;60324.50;60443.80;60187.80;60190.90;17.99;17.81;11.94;77.66;76.83;1.216;NEUTRE;0;50.1;2;0
2026.06.29 19:00;60189.90;60450.00;60047.50;60324.50;17.72;20.55;13.78;82.61;70.70;1.440;SOFT_UP;1;56.2;2;1
2026.06.29 18:00;60306.70;60421.80;60081.40;60189.90;17.41;23.71;14.60;70.22;56.50;1.214;NEUTRE;0;53;2;1
2026.06.29 17:00;59772.10;60558.80;59772.10;60306.70;16.43;27.36;16.85;59.28;43.04;1.411;SOFT_UP;1;58.6;2;1
2026.06.29 16:00;59698.70;59870.40;59468.30;59773.10;15.30;18.11;19.44;40.01;31.22;0.513;NEUTRE;0;32.3;1;1
2026.06.29 15:00;59347.40;59832.30;58966.30;59699.00;17.11;19.44;22.43;29.84;26.38;0.389;NEUTRE;0;27.1;1;1
2026.06.29 14:00;59458.20;59580.40;58895.70;59347.10;18.64;17.96;25.88;23.80;29.64;-0.203;NEUTRE;0;-15.9;0;1
2026.06.29 13:00;59851.20;60224.80;59219.70;59458.20;18.73;20.72;22.58;25.49;41.38;-0.016;NEUTRE;0;-1.4;0;1
2026.06.29 12:00;59855.90;60671.80;59492.20;59851.20;20.94;23.90;21.89;39.63;52.75;0.645;NEUTRE;0;46.6;2;1
2026.06.29 11:00;59987.40;60120.20;59695.70;59855.90;23.49;20.39;25.26;59.01;60.33;0.652;NEUTRE;0;49.4;2;1
2026.06.29 10:00;59957.20;60212.30;59957.20;59987.40;25.46;23.52;19.66;59.61;63.38;0.874;NEUTRE;0;59.9;2;1
2026.06.29 09:00;59734.10;60003.60;59680.90;59957.20;28.00;14.56;22.69;62.38;70.73;0.823;NEUTRE;0;61;2;1
2026.06.29 08:00;59922.10;59987.20;59635.50;59734.10;28.95;16.02;26.18;68.14;77.09;0.448;NEUTRE;0;47.8;2;1
2026.06.29 07:00;59973.60;60078.40;59823.60;59922.10;29.70;18.48;21.98;81.66;82.14;0.764;NEUTRE;0;65.1;3;1
2026.06.29 06:00;59990.50;60228.90;59941.00;59973.60;32.94;21.32;18.27;81.47;81.74;0.850;NEUTRE;0;70.3;3;0
2026.06.29 05:00;59721.90;59990.80;59277.80;59990.50;36.82;11.88;21.08;83.27;79.83;0.879;NEUTRE;0;73.9;3;0
2026.06.29 04:00;59936.30;59947.10;59634.20;59721.90;38.19;13.71;16.64;80.49;75.48;0.427;NEUTRE;0;64.6;2;0
2026.06.29 03:00;59644.10;60097.60;59644.10;59936.30;42.58;15.82;18.71;75.74;70.02;0.788;NEUTRE;0;79.1;3;0
2026.06.29 02:00;59330.40;59695.90;58813.90;59645.20;47.84;4.62;21.59;70.22;61.97;0.298;NEUTRE;0;71.2;3;0
2026.06.29 01:00;59550.90;59581.70;59105.80;59331.00;45.24;5.33;19.82;64.09;51.13;-0.230;NEUTRE;0;;;0
2026.06.29 00:00;59467.90;59587.70;58897.10;59551.20;43.34;6.15;22.87;51.60;40.10;0.140;NEUTRE;0;;;0
2026.06.28 23:00;58963.60;59740.60;58903.90;59466.90;41.15;7.10;26.23;37.71;34.85;-0.771;NEUTRE;0;-33.4;-1;0
2026.06.28 22:00;59340.70;59802.00;58821.00;58963.60;38.65;8.19;30.27;30.98;33.38;-1.610;SOFT_DOWN;-1;-55.3;-2;0
2026.06.28 21:00;59553.70;59679.20;59225.30;59340.70;35.76;9.45;28.59;35.85;30.68;-0.981;NEUTRE;0;-42.6;-1;0
2026.06.28 20:00;59381.10;59659.20;59373.40;59553.70;33.52;10.91;27.96;33.32;25.00;-0.626;NEUTRE;0;-31.7;-1;0
2026.06.28 19:00;59507.50;59575.50;59173.90;59380.50;31.93;8.08;32.27;22.87;18.78;-0.915;NEUTRE;0;-43.5;-1;0
2026.06.28 18:00;59485.70;59601.30;59403.80;59507.90;27.62;9.32;28.42;18.81;14.72;-0.702;NEUTRE;0;-37.5;-1;0
2026.06.28 17:00;59589.60;59745.10;59304.00;59485.70;24.08;10.76;32.80;14.67;12.54;-0.739;NEUTRE;0;-40.6;-1;0
2026.06.28 16:00;59791.30;59846.70;59490.90;59589.60;20.00;12.41;31.32;10.68;16.06;-0.566;NEUTRE;0;-34.9;-1;0
2026.06.28 15:00;59926.90;60030.80;59728.70;59791.30;16.42;14.32;25.86;12.26;26.30;-0.229;NEUTRE;0;-16.7;0;0
2026.06.28 14:00;59969.20;60146.30;59913.60;59926.90;14.53;16.52;20.42;25.24;39.42;-0.003;NEUTRE;0;-0.2;0;0
2026.06.28 13:00;60194.00;60194.00;59885.70;59969.00;15.14;19.06;23.57;41.39;50.16;0.067;NEUTRE;0;5.8;0;0
2026.06.28 12:00;60242.40;60333.90;60087.10;60194.00;15.84;22.00;17.14;51.64;57.80;0.443;NEUTRE;0;36;1;0
2026.06.28 11:00;60068.20;60275.40;60019.00;60242.40;16.37;21.74;19.78;57.46;65.74;0.523;NEUTRE;0;43.1;1;0
2026.06.28 10:00;60160.70;60193.30;59967.50;60068.20;18.17;20.15;22.82;64.29;69.95;0.233;NEUTRE;0;24.7;0;0
2026.06.28 09:00;60268.00;60358.50;60149.40;60160.70;20.01;23.25;13.94;75.46;67.06;0.387;NEUTRE;0;40.3;1;0
2026.06.28 08:00;60120.20;60437.40;60040.10;60268.10;19.23;26.83;16.08;70.09;55.71;0.566;NEUTRE;0;54.3;2;0
2026.06.28 07:00;59970.50;60161.50;59970.50;60120.20;18.34;20.28;18.56;55.64;48.27;0.320;NEUTRE;0;42;1;0
2026.06.28 06:00;59885.10;59932.90;59707.10;59907.90;20.48;9.53;21.41;41.39;48.72;-0.035;NEUTRE;0;-6.6;0;0
2026.06.28 05:00;60033.80;60039.20;59661.00;59885.10;17.72;10.99;24.71;47.78;55.22;-0.073;NEUTRE;0;-16;0;0
2026.06.28 04:00;60100.60;60137.90;59994.70;60034.00;14.53;12.68;14.93;56.98;57.50;0.176;NEUTRE;0;40.9;1;0
2026.06.28 03:00;60051.20;60183.60;60049.80;60101.00;15.52;14.63;11.31;60.90;52.16;0.288;NEUTRE;0;62.1;2;0
2026.06.28 02:00;60120.90;60235.60;59953.20;60051.20;15.93;16.89;13.05;54.62;44.77;0.204;NEUTRE;0;63.5;2;0
2026.06.28 01:00;60048.50;60168.40;59883.60;60120.90;16.41;15.82;15.06;40.95;36.27;0.321;NEUTRE;0;;;0
2026.06.28 00:00;59928.70;60091.00;59908.60;60048.60;18.55;14.08;17.37;38.74;33.00;0.200;NEUTRE;0;;;0
2026.06.27 23:00;60125.70;60214.50;59847.20;59928.70;19.79;16.24;20.05;29.13;26.14;-0.115;NEUTRE;0;-5.6;0;0
2026.06.27 22:00;60094.90;60149.50;59765.90;60125.70;21.23;16.02;23.13;31.14;23.50;0.213;NEUTRE;0;10.8;0;0
2026.06.27 21:00;60192.90;60376.00;60035.00;60094.90;21.70;18.48;15.90;18.17;19.51;0.162;NEUTRE;0;8.6;0;0
2026.06.27 20:00;60069.70;60196.00;60066.10;60192.90;23.88;13.20;18.34;21.20;29.23;0.325;NEUTRE;0;17.8;0;0
2026.06.27 19:00;60467.10;60500.30;59976.60;60069.70;25.05;15.23;21.16;19.17;44.40;0.120;NEUTRE;0;7.1;0;0
2026.06.27 18:00;60413.40;60467.10;60339.90;60467.10;26.39;17.58;13.75;47.32;65.42;0.782;NEUTRE;0;40.6;1;0
2026.06.27 17:00;60701.50;60708.30;60324.20;60413.40;28.57;20.28;15.86;66.71;77.50;0.693;NEUTRE;0;38.8;1;0
2026.06.27 16:00;60731.10;60740.70;60562.20;60701.20;31.08;23.40;8.77;82.22;80.88;1.172;NEUTRE;0;55.3;2;0
2026.06.27 15:00;60502.10;60834.90;60457.10;60731.00;28.87;27.00;10.12;83.57;75.23;1.222;NEUTRE;0;58.1;2;0
2026.06.27 14:00;60473.80;60609.30;60398.20;60502.10;26.31;21.97;11.67;76.86;66.68;0.840;NEUTRE;0;49.8;2;0
2026.06.27 13:00;60317.20;60541.70;60280.70;60473.80;25.65;20.43;13.47;65.27;60.79;0.793;NEUTRE;0;50.2;2;0
2026.06.27 12:00;60258.10;60321.60;60147.80;60317.20;26.44;10.59;15.54;57.92;61.76;0.532;NEUTRE;0;41.1;1;0
2026.06.27 11:00;60310.20;60342.90;60096.10;60258.10;27.59;12.22;17.93;59.18;68.43;0.434;NEUTRE;0;37.9;1;0
2026.06.27 10:00;60311.60;60389.20;60270.00;60310.20;28.93;14.10;9.85;68.19;76.04;0.521;NEUTRE;0;45.8;2;0
2026.06.27 09:00;60347.30;60391.10;60182.50;60311.60;30.65;16.27;11.37;77.92;78.54;0.523;NEUTRE;0;48.9;2;0
2026.06.27 08:00;60443.60;60444.60;60265.10;60347.00;32.63;18.78;7.02;82.02;74.39;0.582;NEUTRE;0;55.1;2;0
2026.06.27 07:00;60264.80;60467.70;60191.80;60443.10;30.64;21.67;8.10;75.67;69.00;0.742;NEUTRE;0;64.4;2;0
2026.06.27 06:00;60136.20;60384.80;60012.60;60264.80;28.34;20.38;9.35;65.49;68.98;0.445;NEUTRE;0;55.6;2;0
2026.06.27 05:00;60140.40;60210.40;60030.40;60136.20;27.00;16.30;10.79;65.84;71.60;0.231;NEUTRE;0;42.3;1;0
2026.06.27 04:00;60203.10;60375.00;60112.90;60140.40;28.02;18.81;5.40;75.62;73.94;0.238;NEUTRE;0;49.5;2;0
2026.06.27 03:00;60182.80;60304.20;60056.20;60203.10;23.81;17.55;6.23;73.36;73.96;0.342;NEUTRE;0;66;3;0
2026.06.27 02:00;59842.50;60273.50;59819.50;60182.80;20.14;18.35;7.19;72.85;77.80;0.308;NEUTRE;0;71.8;3;0
2026.06.27 01:00;59963.90;59975.00;59831.50;59842.50;16.52;11.06;8.29;75.67;77.85;-0.259;NEUTRE;0;;;0
2026.06.27 00:00;59997.90;60096.70;59776.50;59963.80;16.87;12.76;9.57;84.89;66.82;-0.057;NEUTRE;0;;;0
2026.06.26 23:00;59944.40;60017.50;59835.50;59998.00;17.26;10.91;11.04;72.98;47.49;0.510;NEUTRE;0;23.6;0;0
2026.06.26 22:00;59814.10;59984.90;59651.00;59944.40;19.83;9.84;12.74;42.58;30.05;0.420;NEUTRE;0;20.6;0;0
2026.06.26 21:00;59606.00;59946.30;59572.70;59814.10;20.90;9.57;14.70;26.93;31.64;0.202;NEUTRE;0;10.7;0;0
2026.06.26 20:00;59666.30;59884.20;59483.60;59617.40;20.87;8.49;16.96;20.65;43.45;-0.127;NEUTRE;0;-7.1;0;0
2026.06.26 19:00;59563.20;59985.60;59509.50;59694.40;18.95;9.79;18.58;47.35;63.05;0.002;NEUTRE;0;0.1;0;1
2026.06.26 18:00;59919.30;60053.90;59467.20;59563.20;17.11;11.30;21.43;62.36;72.56;-0.218;NEUTRE;0;-13.4;0;1
2026.06.26 17:00;59935.00;60180.60;59845.60;59919.30;14.97;13.04;14.81;79.44;79.30;0.378;NEUTRE;0;23.7;0;1
2026.06.26 16:00;60224.20;60455.50;59872.80;59935.00;16.30;15.04;15.84;75.88;71.90;0.405;NEUTRE;0;26.5;1;1
2026.06.26 15:00;59491.30;60399.30;59480.70;60229.50;18.41;15.87;18.27;82.58;60.55;0.898;NEUTRE;0;49.7;2;1
2026.06.26 14:00;60067.90;60171.00;59292.40;59491.10;20.16;14.49;21.09;57.24;36.36;-0.339;NEUTRE;0;-25.5;-1;1
2026.06.26 13:00;59083.00;60104.10;58448.00;60067.60;20.41;15.55;24.33;41.83;20.44;0.627;NEUTRE;0;43.5;1;1
2026.06.26 12:00;59317.20;59894.60;58870.80;59082.50;20.16;17.94;24.14;10.02;13.28;-1.024;NEUTRE;0;-59.3;-2;1
2026.06.26 11:00;59212.70;59480.30;59164.60;59317.20;21.00;14.48;27.86;9.46;30.72;-0.630;NEUTRE;0;-48.5;-2;1
2026.06.26 10:00;59631.10;59750.70;59140.50;59212.70;19.36;16.70;32.15;20.34;55.82;-0.805;NEUTRE;0;-57.8;-2;1
2026.06.26 09:00;60140.80;60155.50;59487.90;59632.40;17.48;19.27;28.33;62.35;79.13;-0.102;NEUTRE;0;-12.6;0;1
2026.06.26 08:00;60423.30;60462.00;60043.30;60140.80;17.24;22.24;19.89;84.76;87.68;0.749;NEUTRE;0;61.5;2;1
2026.06.26 07:00;60221.10;60642.50;60177.70;60423.30;19.03;25.66;18.01;90.27;88.38;1.223;NEUTRE;0;73.8;3;1
2026.06.26 06:00;59843.80;60346.30;59606.30;60221.10;19.27;19.80;20.79;88.00;79.03;0.884;NEUTRE;0;71;3;0
2026.06.26 05:00;59820.20;59939.30;59632.00;59843.80;21.86;14.39;23.98;86.85;64.55;0.252;NEUTRE;0;44.8;1;0
2026.06.26 04:00;59930.90;60122.40;59732.50;59820.20;21.38;16.60;22.64;62.23;42.18;0.212;NEUTRE;0;46.2;2;0
2026.06.26 03:00;58456.20;60017.00;58235.90;59930.90;22.30;14.99;26.12;44.57;34.50;0.398;NEUTRE;0;69.1;3;0
2026.06.26 02:00;59332.80;59356.10;58260.60;58456.20;21.56;11.59;30.14;19.76;37.51;-2.073;SOFT_DOWN;-1;-87.2;-3;0
2026.06.26 01:00;59560.70;59683.20;59127.90;59332.80;18.04;13.38;22.60;39.17;55.36;-0.604;NEUTRE;0;;;0
2026.06.26 00:00;59693.50;59804.20;59531.20;59561.00;16.87;15.43;14.90;53.62;64.53;-0.222;NEUTRE;0;;;0
2026.06.25 23:00;59739.00;60089.80;59634.70;59694.00;19.20;17.81;11.37;73.30;65.78;-2.094;SOFT_DOWN;-1;-60.9;-2;0
2026.06.25 22:00;60104.30;60104.60;59633.50;59739.00;18.75;20.55;13.11;66.68;56.83;-2.020;SOFT_DOWN;-1;-61.1;-2;0
2026.06.25 21:00;59346.00;60131.50;59342.70;60106.40;18.24;23.71;15.13;57.37;50.94;-1.418;SOFT_DOWN;-1;-53.1;-2;0
2026.06.25 20:00;59218.60;59636.70;59218.60;59346.00;17.65;17.70;17.46;46.46;46.51;-2.665;STRONG_DOWN;-2;-69.2;-3;0
2026.06.25 19:00;59396.70;59422.40;59078.10;59214.30;20.26;12.62;20.15;49.00;44.41;-2.881;STRONG_DOWN;-2;-71.5;-3;1
2026.06.25 18:00;59574.70;59681.90;59255.80;59396.70;19.84;14.57;15.30;44.08;40.34;-2.582;STRONG_DOWN;-2;-70.5;-3;1
2026.06.25 17:00;59206.50;59626.90;59035.30;59573.20;22.51;14.82;17.66;40.15;34.62;-2.292;SOFT_DOWN;-1;-69.4;-3;1
2026.06.25 16:00;59456.50;59949.30;59056.10;59205.20;24.63;17.10;19.83;36.79;28.00;-2.896;STRONG_DOWN;-2;-74.3;-3;1
2026.06.25 15:00;59366.50;59532.70;58761.60;59456.10;27.29;12.56;22.89;26.92;18.91;-2.484;STRONG_DOWN;-2;-73;-3;1
2026.06.25 14:00;58167.80;60354.20;58167.80;59369.60;27.00;14.49;26.41;20.29;15.21;-2.626;STRONG_DOWN;-2;-74.9;-3;1
2026.06.25 13:00;61120.50;61248.50;58019.50;58158.50;26.67;16.72;30.47;9.52;18.42;-4.613;EXPLOSIVE_DOWN;-3;-81.9;-3;1
2026.06.25 12:00;61170.70;61606.00;60961.70;61120.50;26.29;19.29;21.14;15.81;33.36;0.246;NEUTRE;0;22;0;1
2026.06.25 11:00;61167.10;61310.00;60957.60;61170.70;29.63;15.19;24.39;29.94;55.78;0.328;NEUTRE;0;30.4;1;1
2026.06.25 10:00;61624.70;61643.40;61157.30;61168.40;30.61;17.52;19.43;54.34;75.17;0.324;NEUTRE;0;32.6;1;1
2026.06.25 09:00;61598.80;61679.00;61500.40;61624.70;34.52;20.22;11.55;83.06;86.88;1.072;NEUTRE;0;66.9;3;1
2026.06.25 08:00;61805.00;61814.50;61572.40;61598.80;35.64;23.33;7.13;88.11;88.26;1.030;NEUTRE;0;68.5;3;1
2026.06.25 07:00;61612.40;61853.40;61552.30;61804.90;32.94;26.92;8.23;89.46;84.42;1.368;SOFT_UP;1;75.4;3;1
2026.06.25 06:00;61486.50;61739.10;61485.30;61612.50;29.82;25.22;9.49;87.21;72.60;1.052;NEUTRE;0;73.9;3;0
2026.06.25 05:00;61238.50;61685.30;61166.80;61486.50;27.44;25.84;10.95;76.58;54.51;0.846;NEUTRE;0;73.3;3;0
2026.06.25 04:00;60769.60;61296.00;60677.20;61239.10;25.44;18.26;12.64;54.01;45.99;0.440;NEUTRE;0;65.2;3;0
2026.06.25 03:00;60686.00;60792.20;60576.90;60769.60;26.55;8.55;14.58;32.94;52.67;-0.330;NEUTRE;0;-65.2;-3;0
2026.06.25 02:00;60812.70;60856.40;60594.00;60686.30;26.62;9.86;15.60;51.02;68.39;-0.467;NEUTRE;0;-77.7;-3;0
2026.06.25 01:00;60707.40;60884.20;60608.10;60812.50;27.25;11.38;17.18;74.06;80.90;-0.260;NEUTRE;0;;;0
2026.06.25 00:00;60970.80;61053.40;60630.70;60707.40;28.32;13.13;18.56;80.10;85.62;-0.432;NEUTRE;0;;;0
2026.06.24 23:00;60767.70;60999.00;60719.00;60970.80;30.04;15.15;18.20;88.53;84.20;-2.658;STRONG_DOWN;-2;-66.3;-3;0
2026.06.24 22:00;61003.60;61152.10;60705.20;60768.60;33.25;17.48;21.00;88.23;71.22;-2.981;STRONG_DOWN;-2;-69.5;-3;0
2026.06.24 21:00;60857.90;61037.70;60562.40;61003.60;36.96;16.23;24.24;75.83;48.79;-2.606;STRONG_DOWN;-2;-67.8;-3;0
2026.06.24 20:00;59862.90;61099.80;59747.80;60857.90;39.60;18.73;27.96;49.59;27.13;-2.838;STRONG_DOWN;-2;-70.3;-3;0
2026.06.24 19:00;59501.20;59881.90;59423.20;59866.90;42.65;7.75;32.27;20.96;12.36;-4.420;EXPLOSIVE_DOWN;-3;-77.7;-3;1
2026.06.24 18:00;59298.90;59825.40;59211.20;59501.10;39.79;7.05;37.23;10.85;7.01;-5.004;EXPLOSIVE_DOWN;-3;-79.7;-3;1
2026.06.24 17:00;59748.00;59958.00;59006.10;59306.20;35.42;8.13;42.96;5.27;4.74;-5.316;EXPLOSIVE_DOWN;-3;-80.8;-3;1
2026.06.24 16:00;60164.10;60562.80;59543.40;59747.60;30.39;9.39;40.88;4.92;6.74;-4.611;EXPLOSIVE_DOWN;-3;-80;-3;1
2026.06.24 15:00;61006.10;61029.80;60151.10;60164.10;25.42;10.83;38.00;4.02;13.86;-3.946;STRONG_DOWN;-2;-79.1;-3;1
2026.06.24 14:00;61224.30;61357.40;60800.20;61006.10;20.77;12.50;32.49;11.27;26.14;-2.602;STRONG_DOWN;-2;-74.7;-3;1
2026.06.24 13:00;62516.10;62530.40;61152.40;61224.30;17.13;14.42;27.76;26.28;35.16;-2.253;SOFT_DOWN;-1;-73.7;-3;1
2026.06.24 12:00;62823.40;62879.10;62484.60;62516.10;14.90;16.64;17.16;40.86;34.55;-0.191;NEUTRE;0;-17.4;0;1
2026.06.24 11:00;62344.20;63109.60;62211.80;62821.90;16.96;19.20;19.80;38.34;31.93;0.297;NEUTRE;0;28;1;1
2026.06.24 10:00;62581.90;62587.80;62323.50;62344.20;19.33;13.21;22.84;24.45;33.70;-0.465;NEUTRE;0;-42.5;-1;1
2026.06.24 09:00;62695.70;62697.10;62533.70;62581.90;18.19;15.24;14.12;33.00;42.06;-0.086;NEUTRE;0;-10.7;0;1
2026.06.24 08:00;62552.70;62705.60;62498.00;62695.70;20.40;17.58;16.29;43.65;48.84;0.096;NEUTRE;0;13.3;0;1
2026.06.24 07:00;62682.90;62747.00;62508.30;62552.40;22.96;20.29;18.03;49.53;50.90;-0.133;NEUTRE;0;-20.5;0;1
2026.06.24 06:00;62790.10;62816.70;62631.40;62679.80;25.58;23.41;12.87;53.34;46.23;0.070;NEUTRE;0;12.9;0;0
2026.06.24 05:00;62650.50;62971.00;62610.90;62790.10;25.05;27.01;14.86;49.84;43.50;0.247;NEUTRE;0;44.2;1;0
2026.06.24 04:00;62638.00;62700.20;62432.30;62650.50;24.44;19.60;17.14;35.50;48.27;0.024;NEUTRE;0;6.7;0;0
2026.06.24 03:00;62537.80;62738.70;62366.20;62638.00;27.17;22.61;19.78;45.15;65.04;0.004;NEUTRE;0;1.5;0;0
2026.06.24 02:00;62841.10;62916.80;62510.10;62537.80;30.32;26.09;16.88;64.16;78.51;-0.156;NEUTRE;0;-57;-2;0
2026.06.24 01:00;62919.40;63021.60;62679.30;62841.10;31.69;30.10;13.07;85.79;84.09;0.328;NEUTRE;0;;;0
2026.06.24 00:00;62635.70;62933.50;62633.70;62919.40;30.50;30.78;15.08;85.56;78.20;0.453;NEUTRE;0;;;0
2026.06.23 23:00;62499.00;62704.00;62412.10;62635.70;29.93;23.73;17.41;80.93;68.91;-2.037;SOFT_DOWN;-1;-60.2;-2;0
2026.06.23 22:00;62508.30;62688.90;62427.50;62498.50;32.16;27.38;19.27;68.12;54.34;-2.251;SOFT_DOWN;-1;-63.6;-2;0
2026.06.23 21:00;62375.90;62570.70;62375.90;62508.30;34.44;24.64;22.24;57.67;43.50;-2.236;SOFT_DOWN;-1;-64.5;-2;0
2026.06.23 20:00;62306.20;62440.20;62295.70;62375.60;38.95;18.14;25.66;37.23;39.12;-2.443;SOFT_DOWN;-1;-67.4;-3;0
2026.06.23 19:00;62147.80;62382.30;62137.10;62313.20;42.30;14.77;29.61;35.61;45.57;-2.541;STRONG_DOWN;-2;-69.2;-3;1
2026.06.23 18:00;62264.30;62358.50;62004.20;62147.90;43.66;15.55;34.16;44.53;54.30;-2.800;STRONG_DOWN;-2;-71.9;-3;1
2026.06.23 17:00;62464.60;62602.40;62243.80;62264.30;44.62;17.94;29.01;56.58;60.88;-2.618;STRONG_DOWN;-2;-71.8;-3;1
2026.06.23 16:00;62395.90;62732.10;62332.90;62464.60;47.85;20.70;29.65;61.79;59.83;-2.304;SOFT_DOWN;-1;-70.6;-3;1
2026.06.23 15:00;62403.50;62426.80;62108.00;62395.90;52.48;12.12;34.21;64.28;55.77;-2.412;SOFT_DOWN;-1;-72.5;-3;1
2026.06.23 14:00;62389.10;62761.90;62343.80;62403.50;53.22;13.98;28.10;53.43;45.93;-2.400;SOFT_DOWN;-1;-73.5;-3;1
2026.06.23 13:00;62174.90;62450.20;61870.70;62389.10;56.24;4.66;32.42;49.62;38.52;-2.422;SOFT_DOWN;-1;-74.8;-3;1
2026.06.23 12:00;62421.60;62472.80;62126.50;62174.90;53.38;5.38;30.62;34.75;29.67;-2.757;STRONG_DOWN;-2;-77.5;-3;1
2026.06.23 11:00;62231.10;62540.80;62227.00;62421.60;50.81;6.21;30.86;31.19;25.14;-2.372;SOFT_DOWN;-1;-76.8;-3;1
2026.06.23 10:00;62292.70;62491.30;62151.50;62230.90;48.39;4.74;35.61;23.07;21.49;-2.670;STRONG_DOWN;-2;-79.2;-3;1
2026.06.23 09:00;62296.10;62429.10;62257.30;62291.90;44.06;5.46;36.30;21.17;19.38;-2.574;STRONG_DOWN;-2;-79.9;-3;1
2026.06.23 08:00;62794.00;62856.20;61859.40;62296.20;39.48;6.30;41.88;20.24;16.57;-2.568;STRONG_DOWN;-2;-81;-3;1
2026.06.23 07:00;62851.50;63006.30;62775.10;62794.00;34.19;7.27;34.20;16.73;14.52;-1.789;SOFT_DOWN;-1;-78.8;-3;1
2026.06.23 06:00;63308.30;63310.90;62488.20;62851.50;29.47;8.39;39.46;12.75;21.35;-1.699;SOFT_DOWN;-1;-79.8;-3;0
2026.06.23 05:00;63531.10;63641.00;63267.30;63308.30;24.01;9.69;30.96;14.08;35.84;-0.985;NEUTRE;0;-75.6;-3;0
2026.06.23 04:00;63975.30;64003.70;63520.00;63535.60;19.66;11.18;25.32;37.22;48.05;-0.629;NEUTRE;0;-72.1;-3;0
2026.06.23 03:00;64109.70;64113.50;63872.10;63975.30;16.72;12.89;18.01;56.23;48.26;0.058;NEUTRE;0;20.9;0;0
2026.06.23 02:00;64065.80;64183.00;63952.20;64109.60;16.74;14.88;15.68;50.69;38.62;0.269;NEUTRE;0;69.3;3;0
2026.06.23 01:00;64066.30;64192.60;63806.90;64065.80;18.91;17.17;18.09;37.84;29.33;0.200;NEUTRE;0;;;0
2026.06.23 00:00;63937.90;64070.60;63743.70;64066.30;21.42;14.94;20.88;27.34;24.35;0.201;NEUTRE;0;;;0
2026.06.22 23:00;63879.40;63967.90;63804.30;63937.90;22.17;12.41;24.09;22.81;24.10;1.132;NEUTRE;0;44.1;1;0
2026.06.22 22:00;64233.50;64311.30;63719.00;63879.40;20.65;14.32;27.79;22.90;21.40;1.040;NEUTRE;0;43;1;0
2026.06.22 21:00;64346.70;64401.00;64062.60;64233.50;18.91;16.52;23.14;26.58;18.34;1.600;SOFT_UP;1;56.3;2;0
2026.06.22 20:00;64414.60;64584.40;64277.60;64346.70;19.24;19.06;16.93;14.73;13.59;1.779;SOFT_UP;1;60.3;2;0
2026.06.22 19:00;64253.00;64421.40;64190.50;64414.50;21.29;13.82;19.53;13.72;18.70;1.886;SOFT_UP;1;62.9;2;1
2026.06.22 18:00;64522.20;64646.10;64226.10;64253.00;21.93;15.94;20.17;12.32;28.86;1.631;SOFT_UP;1;60.7;2;1
2026.06.22 17:00;64629.70;64681.80;64305.00;64522.20;23.51;18.40;20.38;30.06;47.64;2.056;SOFT_UP;1;67.2;3;1
2026.06.22 16:00;64752.40;64773.30;64423.70;64629.70;26.34;21.23;18.67;44.18;65.36;2.226;SOFT_UP;1;70;3;1
2026.06.22 15:00;64891.50;65062.10;64670.50;64752.40;29.40;24.49;10.68;68.69;82.23;2.421;SOFT_UP;1;72.5;3;1
2026.06.22 14:00;65488.80;65535.70;64758.70;64892.80;27.89;28.26;8.86;83.22;87.04;2.643;STRONG_UP;2;75;3;1
2026.06.22 13:00;65069.80;65504.20;64863.20;65488.80;24.14;32.61;8.15;94.77;81.02;3.585;STRONG_UP;2;79.6;3;1
2026.06.22 12:00;64574.50;65126.40;64492.00;65069.80;18.62;28.56;9.41;83.13;66.21;2.923;STRONG_UP;2;78.2;3;1
2026.06.22 11:00;64053.60;64686.90;64013.70;64574.50;13.72;22.29;10.85;65.16;56.77;2.139;SOFT_UP;1;75.4;3;1
2026.06.22 10:00;64058.80;64191.20;63991.60;64053.60;10.52;14.40;12.52;50.34;48.48;1.315;SOFT_UP;1;68.9;3;1
2026.06.22 09:00;64076.90;64171.10;63966.40;64058.80;11.07;15.06;14.45;54.83;44.09;1.323;SOFT_UP;1;71;3;1
2026.06.22 08:00;64120.30;64259.10;63947.40;64076.90;12.46;17.38;16.67;40.29;39.35;1.352;SOFT_UP;1;73.3;3;1
2026.06.22 07:00;63897.70;64294.40;63875.10;64120.30;14.06;20.05;19.24;37.14;41.81;1.421;SOFT_UP;1;76;3;1
2026.06.22 06:00;64153.00;64231.00;63855.40;63897.70;15.90;20.81;22.20;40.62;47.60;1.069;NEUTRE;0;74.1;3;0
2026.06.22 05:00;64003.00;64246.00;63990.10;64153.00;17.85;24.01;20.10;47.65;56.13;1.472;SOFT_UP;1;80.2;3;0
2026.06.22 04:00;63875.20;64020.50;63775.10;64004.40;19.23;14.15;23.19;54.53;64.52;1.237;NEUTRE;0;80.7;3;0
2026.06.22 03:00;64162.80;64367.90;63819.20;63875.20;18.47;16.33;23.99;66.20;65.02;1.033;NEUTRE;0;81.6;3;0
2026.06.22 02:00;64517.10;64573.20;64150.20;64165.60;18.39;18.84;18.40;72.84;54.06;1.492;SOFT_UP;1;86.1;3;0
2026.06.22 01:00;63804.10;64692.00;63756.80;64516.30;21.03;21.74;21.23;56.01;37.75;2.047;SOFT_UP;1;;;0
2026.06.22 00:00;63222.10;63997.30;63221.80;63800.00;24.09;13.65;24.50;33.34;30.34;0.914;NEUTRE;0;;;0
2026.06.21 23:00;63712.20;63712.20;63193.90;63222.10;23.42;10.10;28.27;23.89;32.10;-1.543;SOFT_DOWN;-1;-52.9;-2;0
2026.06.21 22:00;63715.40;63767.80;63483.90;63712.20;19.74;11.65;24.01;33.78;39.62;-0.780;NEUTRE;0;-34.9;-1;0
2026.06.21 21:00;63754.60;63874.00;63420.10;63715.40;17.44;13.44;27.71;38.62;47.09;-0.775;NEUTRE;0;-36;-1;0
2026.06.21 20:00;64110.60;64179.40;63613.30;63754.60;14.79;15.51;25.42;46.45;51.24;-0.714;NEUTRE;0;-35.1;-1;0
2026.06.21 19:00;64117.80;64203.60;64071.00;64110.60;13.34;17.90;16.89;56.21;51.50;-0.160;NEUTRE;0;-9.4;0;0
2026.06.21 18:00;64052.60;64147.80;63862.00;64118.30;14.95;14.17;19.49;51.07;47.59;-0.148;NEUTRE;0;-9.2;0;0
2026.06.21 17:00;64053.10;64127.10;63979.50;64052.60;14.82;16.36;16.16;47.22;44.29;-0.250;NEUTRE;0;-16.2;0;0
2026.06.21 16:00;64133.80;64157.90;63948.70;64053.10;17.01;18.87;18.65;44.48;42.19;-0.249;NEUTRE;0;-17;0;0
2026.06.21 15:00;64048.60;64262.40;64023.50;64133.80;19.54;21.77;16.02;41.15;42.36;-0.123;NEUTRE;0;-9.2;0;0
2026.06.21 14:00;64055.50;64063.40;63908.40;64048.60;20.20;12.31;18.48;40.95;49.22;-0.256;NEUTRE;0;-19.8;0;0
2026.06.21 13:00;64097.80;64100.40;63924.60;64055.60;20.22;14.20;19.72;44.99;58.00;-0.245;NEUTRE;0;-20.4;0;0
2026.06.21 12:00;64083.40;64142.30;63865.70;64097.80;20.83;16.39;22.75;61.71;60.91;-0.180;NEUTRE;0;-16.5;0;0
2026.06.21 11:00;64273.30;64384.90;64016.10;64083.20;21.54;18.91;17.89;67.30;49.95;-0.202;NEUTRE;0;-19.9;0;0
2026.06.21 10:00;64118.90;64320.00;64109.80;64273.30;24.42;21.82;16.73;53.73;33.11;0.094;NEUTRE;0;10.5;0;0
2026.06.21 09:00;63926.60;64156.90;63869.30;64118.90;26.15;13.24;19.30;28.82;20.21;-0.147;NEUTRE;0;-17.8;0;0
2026.06.21 08:00;64098.70;64138.60;63810.00;63926.60;27.30;14.30;22.27;16.80;17.28;-0.446;NEUTRE;0;-47.7;-2;0
2026.06.21 07:00;64211.90;64214.00;64076.40;64098.70;28.15;16.50;13.23;15.01;22.72;-0.178;NEUTRE;0;-26.6;-1;0
2026.06.21 06:00;64165.00;64236.80;64104.40;64211.90;30.79;19.03;12.13;20.04;35.89;-0.002;NEUTRE;0;-0.4;0;0
2026.06.21 05:00;64191.60;64278.40;64134.80;64165.00;32.12;21.96;10.46;33.11;54.05;-0.075;NEUTRE;0;-16.5;0;0
2026.06.21 04:00;64335.40;64485.90;64178.60;64192.80;31.60;25.34;7.38;54.53;69.08;-0.032;NEUTRE;0;-9;0;0
2026.06.21 03:00;64154.30;64385.10;64143.40;64335.10;28.02;24.19;8.52;74.51;79.16;0.190;NEUTRE;0;51.3;2;0
2026.06.21 02:00;64156.00;64187.50;64132.10;64154.30;24.96;15.34;9.83;78.21;83.60;-0.092;NEUTRE;0;-42.2;-1;0
2026.06.21 01:00;64206.00;64235.70;64121.40;64157.80;25.43;17.70;11.34;84.77;85.95;-0.086;NEUTRE;0;;;0
2026.06.21 00:00;64213.10;64233.50;64150.20;64206.00;25.98;20.42;9.21;87.81;80.83;-0.011;NEUTRE;0;;;0
2026.06.20 23:00;64185.60;64254.90;64163.10;64213.10;24.16;23.56;8.24;85.28;66.39;1.177;NEUTRE;0;45.2;2;0
2026.06.20 22:00;63924.70;64268.30;63891.30;64186.70;20.46;27.18;9.51;69.40;52.32;1.136;NEUTRE;0;45.5;2;0
2026.06.20 21:00;63846.00;64003.20;63832.30;63924.70;16.20;20.55;10.97;44.50;45.00;0.723;NEUTRE;0;34.2;1;0
2026.06.20 20:00;63854.40;63895.60;63765.10;63846.50;14.02;14.02;12.66;43.05;49.65;0.600;NEUTRE;0;30.6;1;0
2026.06.20 19:00;63720.10;63887.80;63710.10;63854.40;15.40;15.26;14.61;47.44;58.13;0.612;NEUTRE;0;32.4;1;0
2026.06.20 18:00;63753.70;63847.00;63696.60;63720.10;17.43;14.08;16.86;58.45;68.15;0.400;NEUTRE;0;23.6;0;0
2026.06.20 17:00;63955.30;63955.50;63670.60;63753.80;18.73;16.24;19.45;68.50;71.91;0.453;NEUTRE;0;27.7;1;0
2026.06.20 16:00;64073.00;64092.10;63826.40;63954.50;20.23;18.74;14.03;77.49;69.65;0.770;NEUTRE;0;43.5;1;0
2026.06.20 15:00;63880.70;64295.80;63766.60;64073.00;21.13;21.62;16.19;69.74;60.89;0.956;NEUTRE;0;51.5;2;0
2026.06.20 14:00;63325.10;64050.70;63125.20;63879.40;22.17;17.83;18.68;61.73;60.81;0.651;NEUTRE;0;42.5;1;0
2026.06.20 13:00;63582.40;63582.40;63206.40;63325.50;25.22;12.78;21.56;51.21;63.93;-0.221;NEUTRE;0;-18.5;0;0
2026.06.20 12:00;63609.30;63712.40;63476.80;63582.40;25.17;14.75;13.81;69.48;62.84;0.183;NEUTRE;0;16.7;0;0
2026.06.20 11:00;63597.00;63721.70;63541.90;63609.30;28.53;17.02;11.68;71.11;55.19;0.226;NEUTRE;0;22;0;0
2026.06.20 10:00;63659.70;63702.50;63518.80;63597.00;30.06;17.99;13.48;47.94;47.87;0.206;NEUTRE;0;22.1;0;0
2026.06.20 09:00;63346.90;63709.30;63342.80;63660.40;32.48;20.76;15.55;46.51;54.07;0.306;NEUTRE;0;33.8;1;0
2026.06.20 08:00;63582.30;63584.10;63315.40;63348.60;35.27;18.70;17.95;49.15;60.63;-0.185;NEUTRE;0;-24.5;0;0
2026.06.20 07:00;63665.50;63715.40;63522.50;63581.20;40.38;21.58;8.85;66.54;62.37;0.182;NEUTRE;0;27.1;1;0
2026.06.20 06:00;63604.10;63678.00;63563.00;63665.50;40.15;24.90;6.98;66.21;55.11;0.314;NEUTRE;0;45.9;2;0
2026.06.20 05:00;63511.00;63803.60;63466.40;63604.10;37.69;28.73;8.06;54.36;50.45;0.218;NEUTRE;0;40.7;1;0
2026.06.20 04:00;63404.60;63539.30;63329.30;63511.00;34.84;21.09;9.30;44.76;52.69;0.071;NEUTRE;0;19.3;0;0
2026.06.20 03:00;63266.70;63442.90;63245.80;63404.60;34.23;17.27;10.73;52.24;62.87;-0.097;NEUTRE;0;-32.5;-1;0
2026.06.20 02:00;63509.00;63509.00;63263.00;63266.70;35.89;19.93;11.03;61.08;71.67;-0.314;NEUTRE;0;-72.1;-3;0
2026.06.20 01:00;63456.60;63548.10;63333.40;63509.00;36.99;23.00;8.33;75.28;76.61;0.068;NEUTRE;0;;;0
2026.06.20 00:00;63466.00;63705.90;63394.10;63456.60;35.48;26.54;5.26;78.65;75.07;-0.015;NEUTRE;0;;;0
2026.06.19 23:00;63244.30;63577.20;63199.50;63466.00;30.64;24.27;6.07;75.90;66.04;0.949;NEUTRE;0;39.1;1;0
2026.06.19 22:00;63002.50;63301.80;62979.10;63244.30;26.13;16.78;7.00;70.65;57.32;0.597;NEUTRE;0;28.1;1;0
2026.06.19 21:00;63179.20;63206.70;62976.50;63002.50;23.82;14.83;8.08;51.58;51.05;0.212;NEUTRE;0;11.3;0;0
2026.06.19 20:00;62958.50;63204.20;62887.40;63179.90;22.95;16.95;9.32;49.72;53.74;0.494;NEUTRE;0;26;1;0
2026.06.19 19:00;63041.70;63068.10;62870.00;62958.40;22.02;12.95;10.76;51.83;60.64;0.142;NEUTRE;0;8.4;0;1
2026.06.19 18:00;63124.00;63130.00;62919.30;63041.70;23.99;14.94;8.58;59.66;67.89;0.275;NEUTRE;0;16.8;0;1
2026.06.19 17:00;62901.80;63156.00;62798.30;63126.90;23.52;17.23;9.90;70.42;75.24;0.410;NEUTRE;0;25.4;1;1
2026.06.19 16:00;63141.00;63317.10;62858.20;62903.20;22.99;19.89;8.85;73.59;79.79;0.054;NEUTRE;0;3.8;0;1
2026.06.19 15:00;63134.40;63213.00;62947.30;63140.30;20.61;19.46;10.21;81.70;81.03;0.431;NEUTRE;0;29.5;1;1
2026.06.19 14:00;63138.40;63339.80;62938.70;63134.40;18.99;22.45;11.78;84.07;73.75;0.422;NEUTRE;0;30.7;1;1
2026.06.19 13:00;62755.20;63320.80;62594.50;63138.70;17.12;25.17;13.60;77.33;57.07;0.429;NEUTRE;0;33;1;1
2026.06.19 12:00;62559.60;62798.90;62277.60;62755.20;15.16;17.99;15.69;59.83;40.64;-0.181;NEUTRE;0;-16.6;0;1
2026.06.19 11:00;62459.30;62614.10;62374.40;62559.60;16.44;15.31;18.10;34.05;30.32;-0.492;NEUTRE;0;-41.4;-1;1
2026.06.19 10:00;62313.20;62522.30;62303.50;62459.50;17.68;11.77;20.89;28.03;35.77;-0.652;NEUTRE;0;-52.1;-2;1
2026.06.19 09:00;62519.70;62579.50;62237.60;62313.20;16.11;13.58;24.10;28.89;44.27;-0.884;NEUTRE;0;-62.7;-2;1
2026.06.19 08:00;62549.60;62703.90;62479.40;62519.20;14.29;15.67;16.93;50.40;49.18;-0.557;NEUTRE;0;-53.9;-2;1
2026.06.19 07:00;62819.00;62844.00;62425.70;62549.60;15.89;18.08;19.53;53.51;44.97;-0.508;NEUTRE;0;-55;-2;1
2026.06.19 06:00;62663.10;62842.80;62649.00;62818.50;17.74;20.86;14.32;43.64;40.33;-0.080;NEUTRE;0;-14.7;0;0
2026.06.19 05:00;62377.60;62668.90;62375.60;62663.10;17.62;10.26;16.53;37.75;46.72;-0.328;NEUTRE;0;-52.3;-2;0
2026.06.19 04:00;62689.30;62839.80;62333.80;62377.60;16.73;11.84;19.07;39.61;55.80;-0.782;NEUTRE;0;-75.4;-3;0
2026.06.19 03:00;62920.70;62948.50;62300.90;62689.30;15.71;13.67;22.01;62.79;62.06;-0.286;NEUTRE;0;-62;-2;0
2026.06.19 02:00;62942.40;63031.50;62809.40;62920.70;14.53;15.77;13.31;64.99;58.07;0.082;NEUTRE;0;38.9;1;0
2026.06.19 01:00;62939.40;63021.20;62765.40;62942.40;15.46;17.48;15.36;58.41;55.98;0.117;NEUTRE;0;;;0
2026.06.19 00:00;62869.10;63008.30;62760.80;62939.40;16.85;19.39;17.72;50.81;59.61;0.112;NEUTRE;0;;;0
2026.06.18 23:00;62802.00;62905.30;62676.10;62869.10;18.75;15.98;20.45;58.73;63.52;-2.430;SOFT_DOWN;-1;-64.3;-2;0
2026.06.18 22:00;62881.60;62907.70;62659.70;62802.00;19.74;18.43;23.59;69.30;58.51;-2.534;STRONG_DOWN;-2;-66.2;-3;0
2026.06.18 21:00;63002.20;63041.80;62780.90;62881.60;20.89;21.27;19.71;62.55;44.03;-2.410;SOFT_DOWN;-1;-66.1;-3;0
2026.06.18 20:00;62853.80;63172.80;62853.80;63002.20;23.52;24.54;18.44;43.68;29.41;-2.223;SOFT_DOWN;-1;-65.5;-3;0
2026.06.18 19:00;62613.00;62918.70;62537.70;62853.80;24.95;16.06;21.27;25.86;18.95;-2.454;STRONG_DOWN;-2;-68.5;-3;1
2026.06.18 18:00;62506.10;62870.40;62475.20;62613.00;26.64;16.58;24.55;18.68;14.72;-2.827;STRONG_DOWN;-2;-72.1;-3;1
2026.06.18 17:00;62594.60;62644.20;62165.60;62506.10;27.76;10.33;28.32;12.32;12.75;-2.993;STRONG_DOWN;-2;-73.9;-3;1
2026.06.18 16:00;62280.80;62723.90;62250.30;62595.70;24.87;11.92;29.96;13.16;21.45;-2.854;STRONG_DOWN;-2;-74.1;-3;1
2026.06.18 15:00;63725.40;63733.90;62207.10;62280.80;22.07;13.75;34.57;12.76;28.38;-3.343;STRONG_DOWN;-2;-77.2;-3;1
2026.06.18 14:00;63896.50;64105.00;63506.90;63725.60;18.84;15.87;26.79;38.42;35.91;-1.101;NEUTRE;0;-57.2;-2;1
2026.06.18 13:00;64297.60;64365.80;63712.30;63894.40;17.80;18.31;25.63;33.96;34.34;-0.839;NEUTRE;0;-51.8;-2;1
2026.06.18 12:00;63889.10;64325.60;63846.10;64297.00;17.97;21.13;26.42;35.35;41.19;-0.214;NEUTRE;0;-19.4;0;1
2026.06.18 11:00;64012.70;64129.90;63809.00;63889.10;19.03;18.10;30.49;33.71;52.87;-0.847;NEUTRE;0;-56.6;-2;1
2026.06.18 10:00;64133.00;64149.90;63841.60;64012.70;18.03;20.88;33.61;54.52;62.53;-0.655;NEUTRE;0;-52.2;-2;1
2026.06.18 09:00;64323.00;64412.10;64122.60;64133.00;17.21;24.10;24.76;70.38;59.81;-0.468;NEUTRE;0;-45.7;-2;1
2026.06.18 08:00;64425.20;64563.70;64299.20;64322.50;19.65;27.80;19.19;62.70;43.88;-0.174;NEUTRE;0;-23.2;0;1
2026.06.18 07:00;63999.70;64433.10;63928.40;64425.20;19.85;24.49;22.14;46.34;27.59;-0.015;NEUTRE;0;-2.4;0;1
2026.06.18 06:00;63910.40;64042.70;63764.90;63998.00;22.13;16.35;25.54;22.61;23.53;-0.678;NEUTRE;0;-65.8;-3;0
2026.06.18 05:00;63797.90;63942.30;63618.70;63910.70;22.16;13.31;29.47;13.82;36.13;-0.813;NEUTRE;0;-72.7;-3;0
2026.06.18 04:00;64203.60;64252.00;63746.80;63797.90;19.76;15.36;27.92;34.16;56.60;-0.988;NEUTRE;0;-78.4;-3;0
2026.06.18 03:00;64605.20;64605.20;64179.50;64203.60;18.33;17.72;19.04;60.42;62.28;-0.359;NEUTRE;0;-67;-3;0
2026.06.18 02:00;64480.50;64701.10;64406.10;64608.20;20.60;20.44;13.83;75.23;52.70;0.269;NEUTRE;0;69.3;3;0
2026.06.18 01:00;64389.40;64738.80;64388.30;64480.50;20.80;23.59;15.96;51.19;33.96;0.071;NEUTRE;0;;;0
2026.06.18 00:00;64434.80;64632.60;64386.30;64388.80;21.04;22.56;18.41;31.69;21.60;-0.071;NEUTRE;0;;;0
2026.06.17 23:00;64225.80;64457.10;64177.20;64434.30;22.72;15.06;21.25;19.00;15.05;-1.783;SOFT_DOWN;-1;-56.8;-2;0
2026.06.17 22:00;64183.60;64360.90;63852.10;64225.80;23.59;12.09;24.52;14.11;15.84;-2.100;SOFT_DOWN;-1;-62;-2;0
2026.06.17 21:00;64362.40;64382.40;64067.80;64183.60;22.00;13.95;21.77;12.03;24.66;-2.165;SOFT_DOWN;-1;-63.8;-2;0
2026.06.17 20:00;64245.40;64421.60;64123.80;64362.40;22.02;16.10;22.38;21.37;42.16;-1.892;SOFT_DOWN;-1;-61.8;-2;0
2026.06.17 19:00;65451.30;65598.10;63986.90;64245.40;22.90;18.58;25.82;40.56;61.33;-2.071;SOFT_DOWN;-1;-65;-3;1
2026.06.17 18:00;66026.20;66035.30;64767.10;65451.30;23.91;21.44;22.34;64.54;72.71;-0.232;NEUTRE;0;-14.3;0;1
2026.06.17 17:00;65800.00;66125.20;65739.10;66026.20;27.27;24.73;13.99;78.90;78.64;0.644;NEUTRE;0;36.7;1;1
2026.06.17 16:00;65682.80;66369.60;65650.90;65800.00;27.20;28.54;16.14;74.71;74.01;0.299;NEUTRE;0;20.2;0;1
2026.06.17 15:00;65035.80;65784.60;64918.30;65682.80;27.12;20.41;18.62;82.30;65.67;0.120;NEUTRE;0;9;0;1
2026.06.17 14:00;65211.70;65392.10;64712.70;65036.10;30.58;16.58;21.49;65.04;46.09;-0.865;NEUTRE;0;-50.6;-2;1
2026.06.17 13:00;64970.00;65301.40;64770.10;65222.80;33.31;17.07;24.79;49.67;27.92;-0.581;NEUTRE;0;-41.4;-1;1
2026.06.17 12:00;64737.20;65033.20;64519.30;64970.00;35.59;11.93;28.61;23.57;13.14;-0.966;NEUTRE;0;-57.8;-2;1
2026.06.17 11:00;64726.10;64801.40;64482.50;64737.20;34.74;6.83;33.01;10.51;9.92;-1.321;SOFT_DOWN;-1;-67.1;-3;1
2026.06.17 10:00;64836.40;64926.00;64691.10;64726.10;29.98;7.88;28.02;5.34;11.75;-1.338;SOFT_DOWN;-1;-69.2;-3;1
2026.06.17 09:00;64848.70;65002.20;64766.10;64836.40;25.96;9.09;27.42;13.93;21.14;-1.170;NEUTRE;0;-68.7;-3;1
2026.06.17 08:00;65454.70;65493.10;64768.70;64848.70;22.23;10.49;31.47;15.99;30.60;-1.151;NEUTRE;0;-70.6;-3;1
2026.06.17 07:00;65544.40;65637.40;65167.50;65454.70;17.95;12.11;27.85;33.50;44.33;-0.227;NEUTRE;0;-32.6;-1;1
2026.06.17 06:00;65757.50;65823.20;65501.60;65543.70;14.66;13.97;21.19;42.30;53.51;-0.092;NEUTRE;0;-16.8;0;0
2026.06.17 05:00;65813.20;65905.80;65669.30;65757.50;13.75;16.12;16.43;57.20;62.79;0.234;NEUTRE;0;42.7;1;0
2026.06.17 04:00;65781.90;65968.80;65713.20;65812.70;15.72;18.60;16.10;61.04;66.26;0.318;NEUTRE;0;57.4;2;0
2026.06.17 03:00;65832.70;65834.60;65635.20;65781.90;17.03;13.38;18.58;70.14;65.24;0.271;NEUTRE;0;60.7;2;0
2026.06.17 02:00;65866.40;66059.90;65709.20;65831.80;17.15;15.44;15.73;67.61;52.83;0.348;NEUTRE;0;73.7;3;0
2026.06.17 01:00;65636.10;65885.60;65415.40;65866.40;19.65;10.17;18.14;57.95;40.92;0.400;NEUTRE;0;;;0
2026.06.17 00:00;65603.80;65779.60;65603.80;65636.10;18.34;11.73;14.77;32.93;33.54;0.049;NEUTRE;0;;;0
2026.06.16 23:00;65700.50;65754.90;65550.30;65603.80;19.40;11.38;17.04;31.88;32.96;-0.998;NEUTRE;0;-40.5;-1;0
2026.06.16 22:00;65695.00;65808.90;65600.00;65700.30;19.32;13.13;15.93;35.81;35.60;-0.852;NEUTRE;0;-37.3;-1;0
2026.06.16 21:00;65779.70;65863.50;65571.60;65695.00;20.80;15.15;18.38;31.18;38.74;-0.860;NEUTRE;0;-38.9;-1;0
2026.06.16 20:00;65606.90;65790.10;65512.40;65779.70;22.52;13.61;21.21;39.81;42.66;-0.732;NEUTRE;0;-35.8;-1;0
2026.06.16 19:00;65771.10;65771.10;65480.70;65605.70;22.63;14.65;24.47;45.23;41.97;-0.995;NEUTRE;0;-45.9;-2;1
2026.06.16 18:00;65906.90;66163.00;65727.80;65771.10;22.25;16.91;15.14;42.96;36.03;-0.745;NEUTRE;0;-39.2;-1;1
2026.06.16 17:00;65687.90;65943.50;65639.40;65906.90;24.83;11.75;17.47;37.73;29.58;-0.540;NEUTRE;0;-32;-1;1
2026.06.16 16:00;65797.50;65887.30;65631.00;65687.90;25.63;10.71;20.16;27.41;22.26;-0.871;NEUTRE;0;-47;-2;1
2026.06.16 15:00;65586.80;65932.70;65540.00;65797.50;24.87;12.36;23.27;23.60;18.41;-0.705;NEUTRE;0;-42.8;-1;1
2026.06.16 14:00;65981.80;66197.20;65291.30;65586.80;23.98;14.26;26.84;15.77;20.72;-1.023;NEUTRE;0;-55.2;-2;1
2026.06.16 13:00;66356.70;66401.50;65862.90;65983.30;22.96;16.46;21.27;15.86;30.97;-0.425;NEUTRE;0;-32.8;-1;1
2026.06.16 12:00;66424.20;66748.60;66300.20;66356.70;24.53;18.99;12.05;30.53;48.15;0.139;NEUTRE;0;12.9;0;1
2026.06.16 11:00;66444.10;66580.40;66307.00;66424.20;24.87;16.14;13.90;46.51;63.50;0.241;NEUTRE;0;23.4;0;1
2026.06.16 10:00;66450.00;66708.90;66424.80;66444.10;27.55;18.62;9.41;67.41;77.04;0.271;NEUTRE;0;28.1;1;1
2026.06.16 09:00;66840.40;66854.90;66412.20;66450.00;26.73;21.48;10.86;76.57;79.45;0.279;NEUTRE;0;31.4;1;1
2026.06.16 08:00;66318.00;66929.80;66284.70;66835.80;25.79;24.79;12.53;87.13;72.58;0.862;NEUTRE;0;64.8;2;1
2026.06.16 07:00;66392.80;66474.50;66249.00;66318.00;24.70;17.74;14.46;74.63;58.81;0.080;NEUTRE;0;12.7;0;1
2026.06.16 06:00;66003.90;66500.90;66003.90;66392.80;26.94;20.47;16.68;55.98;44.25;0.193;NEUTRE;0;32.4;1;0
2026.06.16 05:00;65786.30;66091.80;65786.30;66003.90;29.51;10.96;19.25;45.81;38.50;-0.394;NEUTRE;0;-57.2;-2;0
2026.06.16 04:00;66098.10;66222.90;65748.50;65786.10;29.83;12.65;22.21;30.95;31.47;-0.722;NEUTRE;0;-74.3;-3;0
2026.06.16 03:00;65691.50;66105.50;65595.90;66098.10;30.20;10.79;25.63;38.74;32.23;-0.252;NEUTRE;0;-58.9;-2;0
2026.06.16 02:00;66290.70;66315.00;65634.20;65691.50;28.57;12.44;28.41;24.72;26.45;-0.865;NEUTRE;0;-83.3;-3;0
2026.06.16 01:00;66196.90;66367.80;66189.20;66290.70;26.95;14.36;20.24;33.25;23.07;0.039;NEUTRE;0;;;0
2026.06.16 00:00;66264.80;66411.10;66181.90;66196.80;28.48;16.57;23.36;21.38;15.61;-0.103;NEUTRE;0;;;0
2026.06.15 23:00;66146.20;66305.10;66071.50;66264.60;30.25;12.00;26.95;14.59;13.49;0.868;NEUTRE;0;36.6;1;0
2026.06.15 22:00;66322.50;66425.90;66042.30;66145.50;29.00;13.85;31.10;10.84;18.67;0.687;NEUTRE;0;31.6;1;0
2026.06.15 21:00;66473.80;66520.80;66286.10;66322.50;27.56;15.98;26.10;15.03;29.67;0.957;NEUTRE;0;41.9;1;0
2026.06.15 20:00;66554.00;66634.00;66446.10;66473.80;28.10;18.44;19.63;30.13;46.67;1.187;NEUTRE;0;49.5;2;0
2026.06.15 19:00;66724.40;66852.60;66333.90;66554.80;31.94;21.27;22.65;43.83;64.74;1.310;SOFT_UP;1;53.6;2;1
2026.06.15 18:00;66804.70;66885.00;66667.00;66724.40;36.37;24.55;16.26;66.03;79.31;1.568;SOFT_UP;1;59.8;2;1
2026.06.15 17:00;67111.30;67113.40;66634.50;66804.70;38.84;28.32;18.76;84.34;83.77;1.691;SOFT_UP;1;63;2;1
2026.06.15 16:00;67238.90;67241.70;67041.40;67109.40;41.69;32.68;8.57;87.54;81.20;2.154;SOFT_UP;1;69.3;3;1
2026.06.15 15:00;66529.60;67231.30;66520.30;67231.30;39.11;36.91;9.89;79.43;78.66;2.340;SOFT_UP;1;72;3;1
2026.06.15 14:00;66386.20;66617.90;66234.60;66530.10;36.25;29.32;11.41;76.63;82.04;1.273;SOFT_UP;1;60.8;2;1
2026.06.15 13:00;66515.80;66896.30;66348.80;66386.20;35.06;33.83;8.59;79.94;78.51;1.054;NEUTRE;0;58;2;1
2026.06.15 12:00;66180.70;66555.60;66057.00;66515.80;31.30;29.46;9.91;89.55;64.87;1.251;SOFT_UP;1;64;2;1
2026.06.15 11:00;65866.80;66314.40;65787.50;66180.70;28.47;26.55;11.43;66.04;43.29;0.741;NEUTRE;0;53;2;1
2026.06.15 10:00;65537.30;65911.40;65522.80;65866.40;26.73;18.87;13.19;39.00;35.83;0.262;NEUTRE;0;27.3;1;1
2026.06.15 09:00;65603.70;65729.20;65453.10;65537.30;28.12;14.55;15.22;24.82;44.07;-0.239;NEUTRE;0;-27.6;-1;1
2026.06.15 08:00;65617.80;65745.30;65562.40;65603.70;32.10;16.79;11.47;43.66;57.23;-0.138;NEUTRE;0;-18.8;0;1
2026.06.15 07:00;65759.00;65950.00;65578.80;65617.50;34.15;19.38;11.86;63.74;67.09;-0.117;NEUTRE;0;-18.2;0;1
2026.06.15 06:00;65809.20;65912.80;65719.20;65759.10;35.70;22.36;7.86;64.30;67.15;0.099;NEUTRE;0;18;0;0
2026.06.15 05:00;65592.20;65823.60;65565.90;65808.80;33.81;18.71;9.07;73.23;71.05;0.175;NEUTRE;0;34.6;1;0
2026.06.15 04:00;65880.10;65880.10;65583.50;65592.20;33.67;21.59;9.42;63.91;72.80;-0.155;NEUTRE;0;-37.4;-1;0
2026.06.15 03:00;65413.80;65938.80;65382.70;65880.10;32.81;24.91;10.87;76.01;81.03;0.283;NEUTRE;0;61.7;2;0
2026.06.15 02:00;65471.70;65730.20;65370.00;65415.10;31.82;22.97;12.54;78.48;86.04;-0.425;NEUTRE;0;-76.6;-3;0
2026.06.15 01:00;65575.20;65671.60;65303.90;65472.70;32.20;24.00;14.47;88.61;89.80;-0.337;NEUTRE;0;;;0
2026.06.15 00:00;65694.10;65840.20;65432.10;65574.60;33.34;27.70;11.33;91.03;88.02;-0.182;NEUTRE;0;;;0
2026.06.14 23:00;65369.80;65749.90;65208.80;65694.10;32.02;28.55;13.07;89.76;80.92;1.993;SOFT_UP;1;59.6;2;0
2026.06.14 22:00;65266.00;65494.80;64904.00;65369.80;31.22;25.69;15.08;83.25;62.58;1.489;SOFT_UP;1;53.1;2;0
2026.06.14 21:00;63961.20;65598.40;63958.50;65268.00;32.02;29.64;17.40;69.73;40.18;1.331;SOFT_UP;1;51.3;2;0
2026.06.14 20:00;63756.10;64047.60;63740.40;63961.20;32.95;19.66;20.08;34.75;21.00;-0.698;NEUTRE;0;-34.5;-1;0
2026.06.14 19:00;63765.00;63808.90;63684.40;63756.10;37.85;10.73;23.17;16.05;13.58;-1.016;NEUTRE;0;-46.5;-2;0
2026.06.14 18:00;63685.90;63767.60;63629.50;63765.00;38.02;7.27;26.74;12.20;13.35;-1.002;NEUTRE;0;-47.6;-2;0
2026.06.14 17:00;63894.90;63976.60;63642.40;63685.50;35.07;8.39;29.41;12.48;15.09;-1.126;NEUTRE;0;-52.5;-2;0
2026.06.14 16:00;63973.80;64148.50;63883.00;63894.90;31.91;9.68;22.86;15.36;15.62;-0.800;NEUTRE;0;-44.6;-1;0
2026.06.14 15:00;63938.70;64100.90;63931.60;63973.80;30.59;11.17;23.56;17.43;22.12;-0.678;NEUTRE;0;-41.7;-1;0
2026.06.14 14:00;64273.30;64300.20;63819.60;63938.70;29.81;12.89;27.19;14.06;33.73;-0.732;NEUTRE;0;-45.9;-2;0
2026.06.14 13:00;64282.10;64353.90;64200.30;64273.10;28.91;14.87;19.18;34.87;55.54;-0.213;NEUTRE;0;-17.9;0;0
2026.06.14 12:00;64502.50;64518.20;64252.90;64282.40;31.41;17.16;16.87;52.26;69.93;-0.199;NEUTRE;0;-18.1;0;0
2026.06.14 11:00;64475.60;64594.00;64407.90;64502.50;36.10;19.80;10.47;79.50;78.06;0.143;NEUTRE;0;14.4;0;0
2026.06.14 10:00;64566.20;64615.70;64449.50;64475.30;36.92;22.85;8.64;78.02;66.36;0.101;NEUTRE;0;11.3;0;0
2026.06.14 09:00;64410.90;64569.70;64279.00;64566.30;35.66;22.11;9.97;76.65;49.39;0.242;NEUTRE;0;27.9;1;0
2026.06.14 08:00;64387.60;64470.60;64343.20;64410.90;35.32;20.26;11.51;44.40;27.08;0.001;NEUTRE;0;0.1;0;0
2026.06.14 07:00;64245.60;64402.20;64182.40;64387.60;36.52;15.12;13.28;27.11;19.34;-0.036;NEUTRE;0;-5.8;0;0
2026.06.14 06:00;64315.20;64440.00;64202.90;64245.60;41.14;17.45;13.89;9.74;19.43;-0.256;NEUTRE;0;-40.1;-1;0
2026.06.14 05:00;64298.10;64374.50;64251.60;64316.10;45.72;15.88;16.02;21.16;33.58;-0.147;NEUTRE;0;-30.1;-1;0
2026.06.14 04:00;64502.80;64522.10;64289.00;64298.10;52.69;18.32;13.81;27.37;45.56;-0.175;NEUTRE;0;-40.8;-1;0
2026.06.14 03:00;64448.10;64504.60;64427.00;64502.80;58.63;21.14;6.82;52.19;56.23;0.143;NEUTRE;0;43.2;1;0
2026.06.14 02:00;64531.30;64596.50;64437.30;64448.10;59.78;24.39;5.83;57.12;58.50;0.058;NEUTRE;0;29.7;1;0
2026.06.14 01:00;64521.10;64670.50;64463.60;64530.10;59.53;28.15;4.19;59.38;59.52;0.186;NEUTRE;0;;;0
2026.06.14 00:00;64410.50;64545.10;64336.30;64520.80;57.29;23.15;4.83;58.98;62.72;0.171;NEUTRE;0;;;0
2026.06.13 23:00;64418.40;64558.30;64348.70;64411.80;56.03;26.72;4.66;60.20;68.86;1.394;SOFT_UP;1;50.1;2;0
2026.06.13 22:00;64429.80;64521.70;64343.10;64418.40;53.83;28.14;5.38;68.97;74.93;1.405;SOFT_UP;1;51.5;2;0
2026.06.13 21:00;64241.70;64715.40;64180.20;64429.80;51.67;32.47;6.21;77.41;69.68;1.423;SOFT_UP;1;53.2;2;0
2026.06.13 20:00;64254.10;64256.20;64188.80;64241.70;49.17;24.26;7.16;78.39;54.60;1.126;NEUTRE;0;48;2;0
2026.06.13 19:00;64113.70;64288.70;64103.10;64254.10;48.36;28.00;8.26;53.24;43.90;1.146;NEUTRE;0;49.9;2;0
2026.06.13 18:00;63927.20;64243.50;63924.10;64113.70;47.43;28.56;9.53;32.17;50.69;0.925;NEUTRE;0;45.4;2;0
2026.06.13 17:00;63975.50;64075.90;63892.60;63928.70;47.04;24.88;11.00;46.31;68.80;0.634;NEUTRE;0;36.3;1;0
2026.06.13 16:00;64247.60;64255.50;63873.70;63980.80;48.33;28.71;12.69;73.59;81.56;0.716;NEUTRE;0;41.4;1;0
2026.06.13 15:00;64172.40;64296.60;64134.80;64247.60;49.81;33.12;4.13;86.50;84.63;1.136;NEUTRE;0;56.2;2;0
2026.06.13 14:00;64051.00;64186.30;64031.70;64171.40;45.50;27.73;4.76;84.59;84.61;1.016;NEUTRE;0;55;2;0
2026.06.13 13:00;64084.90;64190.10;64003.60;64051.20;41.62;32.00;5.49;82.81;82.07;0.827;NEUTRE;0;51.4;2;0
2026.06.13 12:00;63911.70;64158.40;63864.80;64084.90;37.15;34.30;6.34;86.43;78.13;0.880;NEUTRE;0;55.3;2;0
2026.06.13 11:00;63789.90;63921.00;63786.70;63911.70;32.28;27.14;7.31;76.97;74.41;0.607;NEUTRE;0;47.4;2;0
2026.06.13 10:00;63694.00;63853.70;63679.60;63789.90;28.39;23.61;8.44;70.98;75.32;0.415;NEUTRE;0;39.3;1;0
2026.06.13 09:00;63751.20;63813.10;63690.20;63694.00;25.48;23.65;9.74;75.28;73.98;0.264;NEUTRE;0;30;1;0
2026.06.13 08:00;63794.00;63862.10;63709.50;63751.20;22.98;27.29;8.82;79.71;62.20;0.354;NEUTRE;0;41.1;1;0
2026.06.13 07:00;63680.20;63828.30;63620.90;63794.00;18.65;28.08;10.17;66.96;43.72;0.422;NEUTRE;0;49.9;2;0
2026.06.13 06:00;63538.20;63691.40;63498.90;63680.20;14.32;22.25;11.74;39.92;31.66;0.243;NEUTRE;0;38.6;1;0
2026.06.13 05:00;63460.30;63546.00;63441.70;63538.20;11.76;14.05;13.54;24.28;37.86;0.019;NEUTRE;0;4.3;0;0
2026.06.13 04:00;63480.80;63601.00;63435.30;63460.40;13.29;16.21;15.63;30.76;53.92;-0.103;NEUTRE;0;-26.9;-1;0
2026.06.13 03:00;63593.50;63672.90;63408.00;63480.80;15.06;18.70;18.03;58.54;66.53;-0.071;NEUTRE;0;-25;-1;0
2026.06.13 02:00;63783.00;63783.00;63509.40;63593.50;17.09;21.58;14.92;72.45;59.95;0.106;NEUTRE;0;46.2;2;0
2026.06.13 01:00;63546.30;63790.10;63546.30;63783.00;16.91;24.90;15.14;68.59;43.20;0.404;NEUTRE;0;;;0
2026.06.13 00:00;63526.10;63592.70;63457.00;63546.30;15.76;16.27;17.47;38.82;24.46;0.032;NEUTRE;0;;;0
2026.06.12 23:00;63460.40;63532.70;63377.70;63526.10;17.64;11.98;20.15;22.20;14.58;-0.044;NEUTRE;0;-2.2;0;0
2026.06.12 22:00;63423.30;63614.10;63418.50;63460.40;16.44;13.82;19.21;12.36;14.93;-0.147;NEUTRE;0;-7.5;0;0
2026.06.12 21:00;63397.10;63581.30;63387.50;63423.30;16.46;13.36;22.16;9.19;24.77;-0.205;NEUTRE;0;-10.9;0;0
2026.06.12 20:00;63541.20;63654.70;63346.80;63397.10;15.19;15.42;25.57;23.25;41.38;-0.247;NEUTRE;0;-13.7;0;0
2026.06.12 19:00;63635.80;63769.60;63541.20;63541.20;13.71;17.79;19.79;41.86;53.03;-0.020;NEUTRE;0;-1.2;0;1
2026.06.12 18:00;63810.80;63884.50;63625.70;63635.90;15.00;20.53;17.14;59.02;61.66;0.129;NEUTRE;0;8;0;1
2026.06.12 17:00;63930.10;64050.60;63684.30;63810.80;15.93;23.69;16.30;58.22;59.73;0.404;NEUTRE;0;25.1;1;1
2026.06.12 16:00;63539.80;63949.30;63458.60;63929.90;15.54;23.08;18.80;67.74;58.92;0.592;NEUTRE;0;36.1;1;1
2026.06.12 15:00;63938.50;64329.00;63497.30;63539.80;16.35;26.63;20.48;53.23;52.88;-0.022;NEUTRE;0;-1.7;0;1
2026.06.12 14:00;63142.40;63943.30;63122.30;63938.30;16.86;23.59;23.63;55.80;58.11;0.605;NEUTRE;0;40.4;1;1
2026.06.12 13:00;63377.60;63446.60;62967.50;63144.60;19.44;17.91;27.27;49.61;66.27;-0.644;NEUTRE;0;-44.3;-1;1
2026.06.12 12:00;63673.00;63687.80;63298.50;63377.60;19.25;20.67;20.83;68.92;74.52;-0.277;NEUTRE;0;-24.5;0;1
2026.06.12 11:00;63608.40;63799.90;63594.80;63673.00;22.15;23.84;12.33;80.29;70.70;0.188;NEUTRE;0;18.6;0;1
2026.06.12 10:00;63666.30;63758.30;63500.50;63608.90;20.66;24.39;14.23;74.34;55.22;0.087;NEUTRE;0;9.7;0;1
2026.06.12 09:00;63379.20;63862.10;63342.10;63666.40;19.79;28.15;16.42;57.45;36.22;0.177;NEUTRE;0;21.2;0;1
2026.06.12 08:00;63003.90;63520.10;63002.00;63379.20;18.78;22.36;18.94;33.86;26.25;-0.275;NEUTRE;0;-34.1;-1;1
2026.06.12 07:00;62889.70;63108.40;62856.10;63003.50;20.40;13.57;21.86;17.36;28.52;-0.866;NEUTRE;0;-67.7;-3;1
2026.06.12 06:00;63256.90;63319.40;62746.30;62889.80;19.94;15.66;25.22;27.54;42.56;-1.045;NEUTRE;0;-73.8;-3;0
2026.06.12 05:00;63604.10;63625.90;63207.70;63256.90;19.41;18.07;16.71;40.66;48.11;-0.467;NEUTRE;0;-61.5;-2;0
2026.06.12 04:00;63421.00;63763.90;63324.60;63604.10;21.80;20.85;14.98;59.49;52.61;0.079;NEUTRE;0;21.3;0;0
2026.06.12 03:00;63525.80;63556.70;63251.70;63421.00;22.63;16.80;17.29;44.17;50.05;-0.209;NEUTRE;0;-53.9;-2;0
2026.06.12 02:00;63342.20;63686.90;63341.70;63525.80;25.89;19.38;15.41;54.17;53.02;-0.044;NEUTRE;0;-23.4;0;0
2026.06.12 01:00;63562.80;63566.80;63211.10;63342.20;28.12;17.01;17.78;51.81;55.71;-0.333;NEUTRE;0;;;0
2026.06.12 00:00;63553.80;63705.90;63444.30;63562.80;32.11;19.63;10.43;53.07;60.26;0.014;NEUTRE;0;;;0
2026.06.11 23:00;63426.10;63613.20;63277.40;63551.70;32.34;17.20;12.03;62.24;67.44;3.441;STRONG_UP;2;71.3;3;0
2026.06.11 22:00;63451.00;63604.00;63388.20;63426.10;34.59;19.85;8.81;65.48;71.72;3.237;STRONG_UP;2;71;3;0
2026.06.11 21:00;63317.70;63525.80;63317.50;63451.00;33.99;17.32;10.16;74.59;78.35;3.277;STRONG_UP;2;72;3;0
2026.06.11 20:00;63533.90;63585.70;63196.60;63317.70;35.21;19.99;11.73;75.11;77.15;3.060;STRONG_UP;2;71.6;3;0
2026.06.11 19:00;63376.70;63837.70;63310.60;63532.80;36.62;23.06;9.02;85.36;71.04;3.410;STRONG_UP;2;74.2;3;1
2026.06.11 18:00;63554.10;63705.70;63240.70;63376.70;35.52;22.76;10.41;70.98;49.85;3.156;STRONG_UP;2;73.9;3;1
2026.06.11 17:00;62488.60;63552.80;62248.60;63549.60;35.26;21.20;12.01;56.78;41.12;3.438;STRONG_UP;2;75.9;3;1
2026.06.11 16:00;62670.00;62757.10;62468.70;62488.50;36.43;15.08;13.86;21.80;41.01;1.711;SOFT_UP;1;64.6;2;1
2026.06.11 15:00;62650.30;62800.90;62465.10;62670.00;41.39;17.40;16.00;44.78;57.95;2.006;SOFT_UP;1;69.2;3;1
2026.06.11 14:00;63005.60;63009.60;62650.20;62650.20;47.11;20.07;9.98;56.46;69.02;1.974;SOFT_UP;1;70.2;3;1
2026.06.11 13:00;62931.00;63168.40;62592.40;63005.60;49.19;23.16;11.51;72.62;77.77;2.552;STRONG_UP;2;75.5;3;1
2026.06.11 12:00;63032.70;63115.90;62441.90;62931.00;51.59;25.32;13.28;77.99;82.07;2.431;SOFT_UP;1;75.9;3;1
2026.06.11 11:00;63065.10;63186.40;62973.60;63032.70;54.72;29.22;3.19;82.71;81.36;2.596;STRONG_UP;2;77.9;3;1
2026.06.11 10:00;62834.80;63109.30;62710.60;63065.00;50.79;28.14;3.68;85.51;79.35;2.649;STRONG_UP;2;79.2;3;1
2026.06.11 09:00;62870.50;62906.60;62698.90;62834.30;46.77;24.65;4.25;75.88;76.00;2.273;SOFT_UP;1;78.6;3;1
2026.06.11 08:00;62626.80;62948.40;62626.60;62870.40;43.11;28.44;4.90;76.66;78.17;2.332;SOFT_UP;1;80.1;3;1
2026.06.11 07:00;62679.50;62758.50;62521.20;62626.80;38.87;23.74;5.65;75.45;81.84;1.936;SOFT_UP;1;79.6;3;1
2026.06.11 06:00;62530.20;62909.40;62459.00;62679.50;35.39;27.39;6.52;82.39;86.20;2.021;SOFT_UP;1;81.4;3;0
2026.06.11 05:00;62635.70;62640.50;62468.60;62528.40;31.37;22.42;7.53;87.67;87.98;1.775;SOFT_UP;1;81.9;3;0
2026.06.11 04:00;62587.40;62766.40;62457.10;62635.70;28.54;25.87;8.68;88.53;86.74;1.950;SOFT_UP;1;84.1;3;0
2026.06.11 03:00;62059.40;62709.60;61922.20;62589.20;25.28;27.02;10.02;87.73;81.24;1.874;SOFT_UP;1;85.4;3;0
2026.06.11 02:00;62135.60;62229.60;61858.40;62059.40;22.10;21.80;11.56;83.95;68.20;1.012;NEUTRE;0;84.3;3;0
2026.06.11 01:00;61748.50;62291.40;61747.20;62135.30;20.78;25.16;13.34;72.03;49.19;1.136;NEUTRE;0;;;0
2026.06.11 00:00;61437.60;61907.00;61437.60;61748.50;19.26;18.16;15.39;48.62;31.66;0.506;NEUTRE;0;;;0
2026.06.10 23:00;61311.00;61534.60;61090.70;61438.00;20.95;8.75;17.76;26.92;22.02;-0.385;NEUTRE;0;-18.3;0;0
2026.06.10 22:00;61283.40;61500.80;61028.30;61311.30;18.94;8.93;20.49;19.43;20.36;-0.591;NEUTRE;0;-27.9;-1;0
2026.06.10 21:00;61725.80;61726.90;61111.00;61283.40;15.81;10.30;20.95;19.71;23.46;-0.636;NEUTRE;0;-30.8;-1;0
2026.06.10 20:00;61868.80;61875.00;61619.30;61725.80;13.00;11.88;11.48;21.94;31.98;0.081;NEUTRE;0;4.6;0;0
2026.06.10 19:00;61803.70;61992.00;61596.30;61869.20;14.73;13.71;13.24;28.73;47.15;0.314;NEUTRE;0;18;0;1
2026.06.10 18:00;61905.00;62091.80;61541.40;61803.70;16.73;15.82;15.28;45.29;64.26;0.208;NEUTRE;0;12.8;0;1
2026.06.10 17:00;62157.60;62297.20;61583.30;61905.00;19.04;18.25;16.46;67.44;77.61;0.372;NEUTRE;0;23.3;0;1
2026.06.10 16:00;62571.50;62583.90;61861.70;62157.70;21.17;21.06;13.00;80.04;81.57;0.782;NEUTRE;0;43.9;1;1
2026.06.10 15:00;62137.20;62785.40;61787.60;62571.50;20.78;24.30;14.99;85.36;75.69;1.453;SOFT_UP;1;62.3;2;1
2026.06.10 14:00;62083.70;62190.60;61745.70;62137.10;20.34;18.87;17.30;79.30;64.23;0.748;NEUTRE;0;46.5;2;1
2026.06.10 13:00;61499.70;62385.70;61375.10;62084.50;22.80;21.77;19.96;62.40;52.89;0.663;NEUTRE;0;45.1;2;1
2026.06.10 12:00;60964.30;61859.20;60889.20;61506.60;25.64;17.11;23.03;50.97;48.16;-0.274;NEUTRE;0;-24.2;0;1
2026.06.10 11:00;61320.80;61371.20;60802.90;60964.20;27.31;12.00;26.58;45.29;49.44;-1.153;NEUTRE;0;-64.2;-2;1
2026.06.10 10:00;61272.30;61387.40;61086.70;61318.60;25.70;13.85;22.98;48.20;52.29;-0.579;NEUTRE;0;-48.8;-2;1
2026.06.10 09:00;61200.40;61359.30;60733.90;61270.50;25.84;14.54;26.52;54.83;54.02;-0.657;NEUTRE;0;-55.2;-2;1
2026.06.10 08:00;61627.70;61668.70;61101.90;61200.40;25.33;16.78;21.55;53.83;46.12;-0.770;NEUTRE;0;-62.2;-2;1
2026.06.10 07:00;61411.10;61728.60;61371.90;61627.70;27.31;19.36;17.53;53.38;37.59;-0.078;NEUTRE;0;-12.4;0;1
2026.06.10 06:00;61299.90;61457.10;61085.20;61410.60;30.75;10.62;20.23;31.13;26.88;-0.430;NEUTRE;0;-54.7;-2;0
2026.06.10 05:00;61241.20;61342.60;61022.40;61294.50;30.69;7.52;23.34;28.26;26.18;-0.618;NEUTRE;0;-67.7;-3;0
2026.06.10 04:00;61492.20;61509.20;61134.80;61238.20;27.52;8.68;21.54;21.24;28.36;-0.709;NEUTRE;0;-74;-3;0
2026.06.10 03:00;61248.60;61535.20;61226.90;61492.20;25.21;10.02;21.06;29.04;34.60;-0.297;NEUTRE;0;-62.9;-2;0
2026.06.10 02:00;61659.10;61786.30;61180.70;61248.60;23.62;11.56;24.31;34.81;36.61;-0.692;NEUTRE;0;-81.7;-3;0
2026.06.10 01:00;61864.20;61923.10;61534.30;61659.10;21.79;13.33;19.06;39.96;34.99;-0.027;NEUTRE;0;;;0
2026.06.10 00:00;61675.60;61880.30;61396.30;61862.00;22.42;13.69;21.99;35.06;42.26;0.302;NEUTRE;0;;;0
2026.06.09 23:00;61669.20;61827.90;61501.90;61676.00;22.29;15.80;22.02;29.95;58.20;-2.182;SOFT_DOWN;-1;-61.9;-2;0
2026.06.09 22:00;61701.50;61918.60;61607.50;61669.70;23.19;18.23;20.43;61.77;75.96;-2.192;SOFT_DOWN;-1;-63;-2;0
2026.06.09 21:00;62105.60;62122.80;61634.80;61701.50;25.88;21.03;22.22;82.86;77.23;-2.141;SOFT_DOWN;-1;-63.5;-2;0
2026.06.09 20:00;62035.80;62215.30;61888.00;62105.60;29.44;24.27;17.65;83.25;64.26;-1.500;SOFT_DOWN;-1;-55.9;-2;0
2026.06.09 19:00;61722.70;62044.60;61652.70;62034.90;31.55;19.98;20.37;65.58;45.51;-1.612;SOFT_DOWN;-1;-59.1;-2;1
2026.06.09 18:00;61631.70;61896.80;61533.10;61722.70;36.25;17.25;23.50;43.95;29.97;-2.107;SOFT_DOWN;-1;-66.6;-3;1
2026.06.09 17:00;61328.60;61814.70;61328.60;61631.70;39.47;16.43;27.12;26.99;19.84;-2.252;SOFT_DOWN;-1;-69;-3;1
2026.06.09 16:00;61072.10;61401.60;60725.80;61328.60;41.77;5.89;31.29;18.98;17.96;-2.733;STRONG_DOWN;-2;-73.5;-3;1
2026.06.09 15:00;61490.70;61652.90;60974.60;61072.80;37.68;6.79;30.44;13.57;18.68;-3.138;STRONG_DOWN;-2;-76.4;-3;1
2026.06.09 14:00;62220.70;62344.90;61102.10;61490.50;33.71;7.84;32.23;21.33;21.86;-2.476;STRONG_DOWN;-2;-74;-3;1
2026.06.09 13:00;62594.60;62685.30;62109.00;62220.70;29.53;9.04;24.73;21.14;21.04;-1.318;SOFT_DOWN;-1;-63.4;-2;1
2026.06.09 12:00;62660.90;62847.80;62388.30;62594.50;26.92;10.44;21.08;23.10;19.16;-0.725;NEUTRE;0;-50;-2;1
2026.06.09 11:00;62734.40;62765.90;62447.30;62660.90;25.87;9.30;24.32;18.86;20.81;-0.619;NEUTRE;0;-48;-2;1
2026.06.09 10:00;62668.30;62777.00;62550.70;62734.40;22.98;10.73;23.07;15.53;31.87;-0.503;NEUTRE;0;-44.7;-1;1
2026.06.09 09:00;62798.80;62898.10;62544.30;62668.10;20.90;12.38;26.61;28.03;51.24;-0.608;NEUTRE;0;-53.1;-2;1
2026.06.09 08:00;63148.80;63164.10;62726.30;62798.80;18.50;14.29;22.80;52.04;68.59;-0.401;NEUTRE;0;-44.6;-1;1
2026.06.09 07:00;63252.60;63396.20;62963.80;63148.80;17.81;16.48;17.96;73.65;72.99;0.154;NEUTRE;0;23.4;0;1
2026.06.09 06:00;63299.10;63459.50;63177.20;63252.60;19.89;19.02;13.13;80.07;64.80;0.319;NEUTRE;0;46.3;2;0
2026.06.09 05:00;63191.80;63477.00;63070.00;63299.10;20.13;21.94;15.15;65.26;48.71;0.393;NEUTRE;0;57.2;2;0
2026.06.09 04:00;62830.00;63377.70;62706.00;63191.80;20.41;21.57;17.48;49.08;34.44;0.223;NEUTRE;0;47.7;2;0
2026.06.09 03:00;62834.80;62936.50;62658.50;62830.00;21.94;14.78;20.16;31.78;23.36;-0.351;NEUTRE;0;-66.6;-3;0
2026.06.09 02:00;62727.50;62834.80;62500.00;62834.80;22.95;11.43;23.27;22.46;18.63;-0.344;NEUTRE;0;-73.6;-3;0
2026.06.09 01:00;62521.60;62843.90;62511.90;62727.90;21.22;13.18;26.30;15.83;25.27;-0.513;NEUTRE;0;;;0
2026.06.09 00:00;63051.50;63146.20;62380.90;62520.60;19.38;15.21;30.35;17.61;37.40;-0.842;NEUTRE;0;;;0
2026.06.08 23:00;63413.30;63562.40;62947.60;63053.70;17.25;17.55;23.62;42.37;44.69;-0.382;NEUTRE;0;-18.1;0;0
2026.06.08 22:00;63694.80;63694.80;63178.20;63413.50;17.64;20.25;21.49;52.23;37.88;0.187;NEUTRE;0;9.5;0;0
2026.06.08 21:00;63456.20;63818.20;63451.50;63694.80;19.89;23.37;16.65;39.47;26.85;0.631;NEUTRE;0;30.6;1;0
2026.06.08 20:00;63340.30;63456.00;63132.00;63456.00;20.37;11.77;19.21;21.93;26.19;0.254;NEUTRE;0;14;0;0
2026.06.08 19:00;63431.60;63557.30;63321.90;63339.60;19.81;13.58;13.15;19.15;37.00;0.070;NEUTRE;0;4.2;0;1
2026.06.08 18:00;63510.70;63652.70;63296.30;63431.60;22.61;15.67;15.18;37.48;54.50;0.215;NEUTRE;0;13.2;0;1
2026.06.08 17:00;63483.10;63614.00;63250.90;63510.50;25.85;16.41;17.51;54.37;69.34;0.340;NEUTRE;0;21.5;0;1
2026.06.08 16:00;63731.20;63996.60;63426.30;63482.90;29.32;18.93;12.77;71.65;81.00;0.296;NEUTRE;0;20;0;1
2026.06.08 15:00;63931.80;64171.50;63664.80;63731.20;30.85;21.84;8.31;82.01;83.95;0.689;NEUTRE;0;42.1;1;1
2026.06.08 14:00;63701.90;64043.10;63519.00;63931.50;28.69;21.30;9.58;89.34;80.16;1.005;NEUTRE;0;54.7;2;1
2026.06.08 13:00;63763.20;63885.70;63303.20;63702.00;27.26;19.96;11.06;80.51;74.25;0.643;NEUTRE;0;44.3;1;1
2026.06.08 12:00;63421.00;63866.90;62670.40;63758.90;27.04;22.54;12.76;70.64;72.87;0.732;NEUTRE;0;50.2;2;1
2026.06.08 11:00;63096.70;63802.90;62990.70;63421.00;26.94;26.00;10.60;71.61;77.79;0.199;NEUTRE;0;19.6;0;1
2026.06.08 10:00;63440.10;63490.90;63040.10;63095.80;24.61;24.09;12.23;76.35;77.74;-0.315;NEUTRE;0;-31.8;-1;1
2026.06.08 09:00;63075.80;63503.10;63062.60;63440.10;23.37;27.80;13.35;85.40;70.18;0.229;NEUTRE;0;26.6;1;1
2026.06.08 08:00;63230.00;63230.20;62929.30;63075.70;21.56;22.55;15.40;71.47;50.78;-0.347;NEUTRE;0;-40.5;-1;1
2026.06.08 07:00;62940.40;63287.80;62759.30;63229.80;21.98;26.02;17.77;53.68;34.11;-0.103;NEUTRE;0;-16.2;0;1
2026.06.08 06:00;62711.40;63098.90;62687.70;62939.20;22.47;24.52;20.51;27.20;28.92;-0.563;NEUTRE;0;-61.6;-2;0
2026.06.08 05:00;62637.50;62786.90;62360.40;62711.50;24.56;16.62;23.66;21.46;38.21;-0.922;NEUTRE;0;-74.6;-3;0
2026.06.08 04:00;63079.50;63126.00;62614.30;62637.50;25.64;19.17;18.14;38.11;53.61;-1.039;NEUTRE;0;-78.9;-3;0
2026.06.08 03:00;63086.70;63410.20;62936.50;63079.60;29.16;22.12;11.25;55.07;64.97;-0.341;NEUTRE;0;-65.9;-3;0
2026.06.08 02:00;63173.60;63224.20;62874.70;63090.60;28.64;19.49;12.98;67.66;69.88;-0.323;NEUTRE;0;-72.6;-3;0
2026.06.08 01:00;63596.40;63612.70;62684.20;63173.60;29.96;22.49;14.97;72.18;68.08;-0.192;NEUTRE;0;;;0
2026.06.08 00:00;63295.30;63816.80;63109.70;63596.40;31.48;25.95;10.23;69.81;62.80;0.476;NEUTRE;0;;;0
2026.06.07 23:00;62832.90;63402.90;62767.60;63295.30;29.64;20.93;11.80;62.24;53.13;4.036;STRONG_UP;2;73.9;3;0
2026.06.07 22:00;61738.20;64135.90;61685.70;62832.90;29.90;24.15;13.62;56.36;45.54;3.276;STRONG_UP;2;71.2;3;0
2026.06.07 21:00;61834.80;61964.50;61609.70;61737.20;30.21;14.23;15.71;40.79;39.85;1.475;SOFT_UP;1;54.2;2;0
2026.06.07 20:00;61237.30;61923.80;61237.20;61834.70;34.10;14.66;18.13;39.45;45.21;1.635;SOFT_UP;1;58.2;2;0
2026.06.07 19:00;61990.50;61999.20;61141.50;61255.80;37.72;16.91;20.92;39.31;49.42;0.684;NEUTRE;0;35.4;1;0
2026.06.07 18:00;62121.70;62259.40;61976.60;61991.30;41.90;19.52;9.15;56.88;49.39;1.893;SOFT_UP;1;64.2;2;0
2026.06.07 17:00;62047.60;62288.10;62011.50;62121.70;42.78;22.52;8.66;52.09;39.16;2.107;SOFT_UP;1;67.7;3;0
2026.06.07 16:00;62059.40;62276.50;61925.70;62047.60;42.53;25.34;10.00;39.22;28.43;1.985;SOFT_UP;1;67.8;3;0
2026.06.07 15:00;61865.80;62168.70;61637.30;62059.40;42.39;24.51;11.54;26.18;25.20;2.005;SOFT_UP;1;69.2;3;0
2026.06.07 14:00;61668.50;62274.30;61666.10;61872.80;43.38;28.28;12.48;19.88;32.10;1.698;SOFT_UP;1;67.3;3;0
2026.06.07 13:00;61867.40;61867.90;61621.40;61668.60;44.09;22.35;14.40;29.54;46.74;1.362;SOFT_UP;1;64.2;2;0
2026.06.07 12:00;62589.20;62611.10;61547.70;61867.40;47.54;25.79;16.61;46.88;61.48;1.689;SOFT_UP;1;70.2;3;0
2026.06.07 11:00;62339.20;62720.30;62324.30;62589.20;51.53;29.75;7.93;63.80;74.58;2.876;STRONG_UP;2;79;3;0
2026.06.07 10:00;62497.10;62531.60;62263.20;62339.20;50.54;27.00;9.15;73.74;84.20;2.465;STRONG_UP;2;78.4;3;0
2026.06.07 09:00;62816.30;62860.40;62373.80;62497.10;50.72;31.15;4.22;86.21;87.71;2.724;STRONG_UP;2;80.5;3;0
2026.06.07 08:00;62362.70;62913.10;62218.90;62816.30;46.81;35.94;4.87;92.64;87.11;3.249;STRONG_UP;2;82.9;3;0
2026.06.07 07:00;62066.90;62375.00;61955.80;62362.70;42.30;29.55;5.62;84.28;85.35;2.503;STRONG_UP;2;81.9;3;0
2026.06.07 06:00;61707.00;62218.50;61577.00;62066.90;38.34;28.35;6.48;84.42;88.37;2.017;SOFT_UP;1;81.4;3;0
2026.06.07 05:00;61846.90;62084.80;61606.10;61707.00;34.58;29.51;7.48;87.35;90.04;1.426;SOFT_UP;1;79.9;3;0
2026.06.07 04:00;61660.10;61817.80;61446.80;61792.30;30.74;25.47;8.63;93.35;88.26;1.566;SOFT_UP;1;82.6;3;0
2026.06.07 03:00;61465.00;61729.30;61370.20;61661.70;27.87;25.71;9.96;89.44;83.14;1.351;SOFT_UP;1;83.6;3;0
2026.06.07 02:00;61434.20;61526.10;61147.30;61465.00;25.36;20.96;11.49;81.98;71.27;1.028;NEUTRE;0;84.4;3;0
2026.06.07 01:00;60738.40;61609.50;60714.50;61434.20;24.77;24.19;13.26;78.01;61.67;0.977;NEUTRE;0;;;0
2026.06.07 00:00;60839.70;60938.00;60697.40;60738.30;24.09;16.37;15.30;53.81;50.79;-0.167;NEUTRE;0;;;0
2026.06.06 23:00;60501.40;60902.40;60498.50;60839.30;27.28;16.61;17.65;53.20;49.43;-0.307;NEUTRE;0;-14.7;0;0
2026.06.06 22:00;60714.10;60781.10;60390.40;60500.60;31.01;14.55;20.37;45.36;46.01;-0.862;NEUTRE;0;-37.7;-1;0
2026.06.06 21:00;60669.40;60960.60;60664.20;60714.10;33.21;16.78;12.72;49.73;42.04;-0.512;NEUTRE;0;-25.7;-1;0
2026.06.06 20:00;60561.60;60716.00;60480.50;60669.40;36.20;6.67;14.67;42.94;38.40;-0.586;NEUTRE;0;-30;-1;0
2026.06.06 19:00;60601.50;60746.60;60493.30;60558.50;36.00;7.70;16.09;33.45;38.16;-0.767;NEUTRE;0;-38.5;-1;0
2026.06.06 18:00;60543.00;60710.30;60361.30;60601.50;36.11;6.67;18.57;38.79;44.77;-0.697;NEUTRE;0;-37.3;-1;0
2026.06.06 17:00;60741.30;60810.00;60465.60;60545.60;34.41;7.70;16.83;42.24;49.95;-0.789;NEUTRE;0;-42.4;-1;0
2026.06.06 16:00;60740.70;60926.80;60455.10;60741.30;33.98;8.89;19.42;53.28;55.55;-0.468;NEUTRE;0;-30;-1;0
2026.06.06 15:00;60755.40;60883.90;60356.60;60740.70;33.49;8.85;22.41;54.34;55.82;-0.469;NEUTRE;0;-31.6;-1;0
2026.06.06 14:00;60770.90;60978.90;60731.90;60755.40;31.97;10.22;14.90;59.03;53.15;-0.445;NEUTRE;0;-32.1;-1;0
2026.06.06 13:00;60987.20;61064.70;60664.60;60770.90;34.02;11.79;17.20;54.11;50.96;-0.419;NEUTRE;0;-32.4;-1;0
2026.06.06 12:00;60760.60;61136.40;60610.80;60987.20;36.38;13.60;19.84;46.30;55.71;-0.065;NEUTRE;0;-6.1;0;0
2026.06.06 11:00;60564.10;60919.40;60508.90;60760.60;39.10;9.34;22.90;52.48;67.72;-0.436;NEUTRE;0;-38;-1;0
2026.06.06 10:00;60940.20;60940.60;60187.70;60564.10;38.65;10.78;26.42;68.35;77.74;-0.758;NEUTRE;0;-56.2;-2;0
2026.06.06 09:00;61222.40;61284.10;60849.00;60940.20;38.13;12.44;16.97;82.33;81.03;-0.142;NEUTRE;0;-17.3;0;0
2026.06.06 08:00;60966.00;61446.70;60839.70;61221.40;41.62;14.35;19.58;82.52;73.15;0.319;NEUTRE;0;38.2;1;0
2026.06.06 07:00;60743.70;61182.40;60690.00;60966.00;45.66;9.86;22.59;78.22;59.97;-0.100;NEUTRE;0;-15.7;0;0
2026.06.06 06:00;60902.90;61226.00;60648.30;60743.70;46.64;11.38;26.07;58.70;42.42;-0.464;NEUTRE;0;-56.7;-2;0
2026.06.06 05:00;60062.70;61010.00;59597.60;60902.90;47.79;7.38;30.08;42.99;31.99;-0.203;NEUTRE;0;-38.7;-1;0
2026.06.06 04:00;60651.70;60834.80;59453.90;60062.70;45.81;6.60;34.71;25.57;33.09;-1.580;SOFT_DOWN;-1;-82.7;-3;0
2026.06.06 03:00;60914.10;60930.30;60488.90;60651.60;42.39;7.62;28.52;27.42;44.45;-0.615;NEUTRE;0;-76.1;-3;0
2026.06.06 02:00;61024.00;61142.60;60643.80;60915.30;40.02;8.79;27.51;46.29;59.87;-0.183;NEUTRE;0;-61;-2;0
2026.06.06 01:00;61237.00;61344.20;60919.00;61022.20;38.24;10.14;23.25;59.64;71.44;-0.008;NEUTRE;0;;;0
2026.06.06 00:00;61026.80;61494.10;61021.70;61232.00;38.09;11.70;23.11;73.69;81.62;0.336;NEUTRE;0;;;0
2026.06.05 23:00;61553.30;61733.60;60481.50;61028.30;38.90;13.50;26.66;80.99;83.43;-4.343;EXPLOSIVE_DOWN;-3;-75;-3;0
2026.06.05 22:00;61644.40;61932.00;61191.80;61552.80;39.85;15.58;22.04;90.19;74.14;-3.521;STRONG_DOWN;-2;-72.4;-3;0
2026.06.05 21:00;61617.90;61953.80;61418.40;61644.40;43.34;17.98;20.72;79.12;55.14;-3.378;STRONG_DOWN;-2;-72.5;-3;0
2026.06.05 20:00;60265.10;61727.40;59905.30;61615.80;48.92;14.24;23.91;53.11;41.33;-3.423;STRONG_DOWN;-2;-73.5;-3;0
2026.06.05 19:00;59342.50;60411.70;59085.40;60265.10;52.54;5.32;27.59;33.19;36.48;-5.540;EXPLOSIVE_DOWN;-3;-80.1;-3;1
2026.06.05 18:00;60747.10;60889.90;59085.80;59342.50;50.22;6.14;31.83;37.69;36.10;-6.986;EXPLOSIVE_DOWN;-3;-82.6;-3;1
2026.06.05 17:00;61344.60;61456.70;60598.10;60745.90;47.53;7.08;23.83;38.55;27.48;-4.786;EXPLOSIVE_DOWN;-3;-79.8;-3;1
2026.06.05 16:00;60390.00;61498.80;59747.60;61338.30;46.51;8.17;27.49;32.07;19.01;-3.858;STRONG_DOWN;-2;-78.1;-3;1
2026.06.05 15:00;60811.90;61065.90;60011.20;60389.80;45.34;5.63;31.72;11.83;13.59;-5.344;EXPLOSIVE_DOWN;-3;-81.9;-3;1
2026.06.05 14:00;60674.90;61161.10;60289.80;60811.90;41.56;6.49;32.54;13.13;23.67;-4.683;EXPLOSIVE_DOWN;-3;-81.4;-3;1
2026.06.05 13:00;61903.70;62256.60;60670.00;60672.90;37.69;7.49;30.83;15.82;38.33;-4.901;EXPLOSIVE_DOWN;-3;-82.3;-3;1
2026.06.05 12:00;61898.00;62375.60;61550.60;61905.00;34.12;8.65;27.03;42.06;53.69;-2.969;STRONG_DOWN;-2;-78.4;-3;1
2026.06.05 11:00;62477.60;62572.40;61895.40;61898.60;31.44;9.98;24.76;57.12;61.55;-2.979;STRONG_DOWN;-2;-79.4;-3;1
2026.06.05 10:00;62791.00;62869.70;62312.80;62483.20;29.73;11.51;19.09;61.89;60.36;-2.063;SOFT_DOWN;-1;-76.2;-3;1
2026.06.05 09:00;62389.50;63168.20;62368.90;62790.50;30.50;13.28;20.47;65.65;54.18;-1.581;SOFT_DOWN;-1;-73.9;-3;1
2026.06.05 08:00;63033.50;63037.60;62219.20;62389.30;31.91;12.81;23.62;53.54;45.01;-2.210;SOFT_DOWN;-1;-79.6;-3;1
2026.06.05 07:00;61878.10;63043.10;61311.00;63033.40;32.25;14.78;27.26;43.35;39.45;-1.201;NEUTRE;0;-73.5;-3;1
2026.06.05 06:00;62251.10;62551.00;61089.20;61878.10;32.65;12.68;31.45;38.14;37.13;-3.011;STRONG_DOWN;-2;-84.2;-3;0
2026.06.05 05:00;63529.70;63600.40;62200.10;62251.30;31.13;14.64;24.60;36.86;30.64;-2.427;SOFT_DOWN;-1;-84;-3;0
2026.06.05 04:00;62651.50;63562.70;62410.00;63532.90;32.01;16.89;26.08;36.38;24.94;-0.418;NEUTRE;0;-64.1;-2;0
2026.06.05 03:00;62533.20;62801.70;62254.10;62652.10;33.65;9.33;30.09;18.68;28.94;-1.798;SOFT_DOWN;-1;-85.2;-3;0
2026.06.05 02:00;63283.80;63358.20;62506.50;62531.50;30.73;10.76;27.63;19.76;41.86;-1.987;SOFT_DOWN;-1;-87.1;-3;0
2026.06.05 01:00;63341.70;63477.70;62965.50;63283.40;28.70;12.42;23.59;48.39;52.85;-0.809;NEUTRE;0;;;0
2026.06.05 00:00;63799.40;63897.70;63305.20;63341.80;28.34;14.33;17.01;57.44;52.77;-0.717;NEUTRE;0;;;0
2026.06.04 23:00;63656.50;63837.70;63295.80;63798.80;31.38;14.98;19.63;52.74;48.15;-0.360;NEUTRE;0;-17.1;0;0
2026.06.04 22:00;63207.10;63694.40;63122.40;63661.90;34.15;13.22;22.65;48.15;47.93;-0.574;NEUTRE;0;-27.2;-1;0
2026.06.04 21:00;63559.30;63795.20;63059.90;63207.10;35.35;15.25;26.13;43.57;46.98;-1.284;SOFT_DOWN;-1;-50.3;-2;0
2026.06.04 20:00;63527.00;63582.80;63101.40;63559.70;36.75;13.15;30.15;52.08;48.90;-0.733;NEUTRE;0;-35.8;-1;0
2026.06.04 19:00;63720.60;64056.60;63439.30;63527.00;36.36;15.17;23.99;45.28;50.61;-0.784;NEUTRE;0;-39.1;-1;1
2026.06.04 18:00;63443.60;64012.00;63052.10;63722.60;38.49;16.40;27.68;49.34;58.35;-0.479;NEUTRE;0;-27.7;-1;1
2026.06.04 17:00;63471.00;63628.20;62879.90;63443.40;40.47;12.77;31.94;57.21;69.28;-0.915;NEUTRE;0;-46.7;-2;1
2026.06.04 16:00;63809.60;63842.70;63360.40;63470.30;40.10;14.73;26.98;68.49;79.36;-0.873;NEUTRE;0;-47.1;-2;1
2026.06.04 15:00;63878.70;64323.10;63610.60;63809.60;41.75;17.00;23.15;82.14;79.58;-0.343;NEUTRE;0;-24.3;0;1
2026.06.04 14:00;64152.90;64425.70;63718.20;63878.70;45.82;19.61;24.38;87.45;63.77;-0.235;NEUTRE;0;-18.3;0;1
2026.06.04 13:00;63688.70;64166.90;62991.70;64143.10;51.20;17.00;28.13;69.16;40.30;0.178;NEUTRE;0;15.1;0;1
2026.06.04 12:00;62464.90;63883.80;62304.40;63688.90;55.28;15.91;32.46;34.70;23.48;-0.532;NEUTRE;0;-41.1;-1;1
2026.06.04 11:00;62333.20;62742.10;62124.40;62462.60;58.52;7.24;37.46;17.05;20.88;-2.447;SOFT_DOWN;-1;-77.1;-3;1
2026.06.04 10:00;63170.90;63179.90;62212.90;62330.30;57.12;8.35;41.02;18.68;32.86;-2.653;STRONG_DOWN;-2;-79.2;-3;1
2026.06.04 09:00;63533.30;63558.10;62624.20;63165.30;55.73;9.64;40.78;26.91;49.23;-1.349;SOFT_DOWN;-1;-71.3;-3;1
2026.06.04 08:00;63524.10;63814.00;63167.70;63533.80;54.80;11.12;38.10;53.00;67.40;-0.774;NEUTRE;0;-62.3;-2;1
2026.06.04 07:00;63951.10;63992.40;63426.20;63526.40;54.80;12.83;37.81;67.77;77.40;-0.785;NEUTRE;0;-65.7;-3;1
2026.06.04 06:00;63881.70;64407.10;63815.90;63951.10;55.64;14.80;33.04;81.42;77.71;-0.122;NEUTRE;0;-21.8;0;0
2026.06.04 05:00;64316.60;64316.90;63575.70;63883.10;58.33;14.73;38.12;83.01;64.39;-0.228;NEUTRE;0;-41.9;-1;0
2026.06.04 04:00;64276.50;64674.90;64184.80;64316.60;60.50;17.00;31.35;68.69;43.39;0.449;NEUTRE;0;65.7;3;0
2026.06.04 03:00;63133.50;64439.90;63133.20;64276.00;65.24;12.24;36.17;41.47;22.14;0.385;NEUTRE;0;68.4;3;0
2026.06.04 02:00;62088.90;63527.70;61312.60;63133.10;67.68;3.38;41.73;20.02;10.91;-1.400;SOFT_DOWN;-1;-85.9;-3;0
2026.06.04 01:00;63237.00;63393.60;62018.10;62087.50;65.01;3.91;43.25;4.93;12.28;-3.033;STRONG_DOWN;-2;;;0
2026.06.04 00:00;64029.30;64323.00;62931.00;63235.50;62.18;4.51;39.70;7.77;20.78;-1.240;NEUTRE;0;;;0
2026.06.03 23:00;64806.00;64873.20;63983.50;64029.30;59.50;5.20;34.17;24.15;28.36;-3.932;STRONG_DOWN;-2;-73.5;-3;0
2026.06.03 22:00;65650.50;65726.90;64683.80;64806.20;57.33;6.00;27.32;30.41;26.93;-2.767;STRONG_DOWN;-2;-68;-3;0
2026.06.03 21:00;64899.30;65747.50;64854.20;65650.70;56.30;6.92;29.01;30.53;24.58;-1.500;SOFT_DOWN;-1;-54.6;-2;0
2026.06.03 20:00;65360.50;65499.30;64677.20;64900.40;55.51;3.71;33.48;19.86;24.18;-2.625;STRONG_DOWN;-2;-68.9;-3;0
2026.06.03 19:00;65934.60;65955.20;65156.60;65362.10;51.73;4.28;29.65;23.37;24.17;-1.933;SOFT_DOWN;-1;-63.5;-2;1
2026.06.03 18:00;65858.40;66057.20;65648.00;65934.60;48.19;4.94;24.75;29.32;22.90;-1.074;NEUTRE;0;-49.6;-2;1
2026.06.03 17:00;65956.60;66080.20;65593.70;65858.50;45.34;5.70;28.56;19.82;18.80;-1.188;NEUTRE;0;-54;-2;1
2026.06.03 16:00;65964.90;66253.90;65446.00;65956.60;42.06;6.58;32.95;19.56;24.75;-1.041;NEUTRE;0;-52;-2;1
2026.06.03 15:00;66749.50;66770.30;65962.00;65967.10;38.26;7.59;28.19;17.01;33.39;-1.025;NEUTRE;0;-53.4;-2;1
2026.06.03 14:00;66783.10;66875.10;66528.90;66749.50;35.29;8.76;21.74;37.69;47.80;0.149;NEUTRE;0;11.8;0;1
2026.06.03 13:00;66977.60;67138.50;66515.90;66783.50;34.18;10.11;25.09;45.46;55.64;0.200;NEUTRE;0;16.9;0;1
2026.06.03 12:00;66956.60;67051.20;66673.00;66978.20;32.89;11.66;25.06;60.24;63.18;0.492;NEUTRE;0;38.9;1;1
2026.06.03 11:00;67187.00;67261.10;66943.00;66956.60;32.33;13.46;17.94;61.20;67.95;0.460;NEUTRE;0;39.5;1;1
2026.06.03 10:00;66963.40;67354.80;66956.70;67186.50;35.11;15.53;20.04;68.09;73.36;0.804;NEUTRE;0;57.7;2;1
2026.06.03 09:00;66916.80;67207.20;66540.10;66963.00;38.57;12.22;23.12;74.56;79.10;0.469;NEUTRE;0;45.8;2;1
2026.06.03 08:00;67118.00;67148.30;66863.30;66916.80;39.75;14.09;19.22;77.43;79.92;0.400;NEUTRE;0;44.6;1;1
2026.06.03 07:00;66872.60;67231.70;66768.20;67119.30;43.50;16.26;22.18;85.30;74.36;0.704;NEUTRE;0;63.2;2;1
2026.06.03 06:00;67215.30;67402.40;66851.90;66874.10;47.83;18.77;22.81;77.04;58.53;0.336;NEUTRE;0;47.8;2;0
2026.06.03 05:00;66364.30;67284.80;66363.90;67215.30;53.69;18.37;26.32;60.75;43.47;0.848;NEUTRE;0;73.3;3;0
2026.06.03 04:00;65747.80;66513.70;65728.20;66364.30;59.21;8.31;30.37;37.79;36.24;-0.429;NEUTRE;0;-64.7;-2;0
2026.06.03 03:00;66510.30;66558.30;65366.10;65748.40;59.55;9.59;35.04;31.85;36.66;-1.353;SOFT_DOWN;-1;-83.6;-3;0
2026.06.03 02:00;66811.30;66827.30;66474.30;66510.40;59.93;11.06;26.13;39.07;35.27;-0.210;NEUTRE;0;-64.2;-2;0
2026.06.03 01:00;66827.50;66946.80;66368.20;66815.00;62.92;12.76;30.15;39.07;34.57;0.247;NEUTRE;0;;;0
2026.06.03 00:00;66650.30;67064.80;66544.00;66827.50;66.37;14.73;30.12;27.67;38.09;0.266;NEUTRE;0;;;0
2026.06.02 23:00;66273.10;66761.50;66093.00;66650.30;71.30;8.03;34.75;36.99;50.54;-6.523;EXPLOSIVE_DOWN;-3;-79.9;-3;0
2026.06.02 22:00;67453.10;67453.10;66156.10;66273.00;72.66;9.27;38.64;49.61;53.19;-7.052;EXPLOSIVE_DOWN;-3;-81;-3;0
2026.06.02 21:00;67475.60;67811.30;67296.00;67453.10;74.41;10.70;31.07;65.03;46.06;-5.397;EXPLOSIVE_DOWN;-3;-78.8;-3;0
2026.06.02 20:00;67199.50;67572.60;66794.30;67476.50;78.35;5.22;35.85;44.92;29.88;-5.364;EXPLOSIVE_DOWN;-3;-79.3;-3;0
2026.06.02 19:00;67218.30;67376.60;66332.50;67196.60;78.93;2.14;41.36;28.24;19.55;-5.757;EXPLOSIVE_DOWN;-3;-80.5;-3;1
2026.06.02 18:00;67363.60;67529.30;67021.20;67217.80;77.20;2.47;37.58;16.49;14.54;-5.727;EXPLOSIVE_DOWN;-3;-80.9;-3;1
2026.06.02 17:00;67286.60;67711.40;67249.10;67365.00;75.59;2.85;36.46;13.94;12.77;-5.520;EXPLOSIVE_DOWN;-3;-81.1;-3;1
2026.06.02 16:00;67167.60;67998.70;67096.40;67288.90;74.07;3.29;42.07;13.20;11.30;-5.627;EXPLOSIVE_DOWN;-3;-81.8;-3;1
2026.06.02 15:00;67867.20;67935.70;66941.00;67172.70;72.32;2.72;48.54;11.17;8.84;-5.790;EXPLOSIVE_DOWN;-3;-82.5;-3;1
2026.06.02 14:00;68671.70;68695.40;67489.50;67863.50;69.69;3.14;47.53;9.52;9.83;-4.821;EXPLOSIVE_DOWN;-3;-81.6;-3;1
2026.06.02 13:00;68884.30;69062.10;68615.60;68663.90;66.94;3.63;40.47;5.83;11.86;-3.699;STRONG_DOWN;-2;-79.9;-3;1
2026.06.02 12:00;69345.10;69425.50;68884.30;68884.30;64.38;4.19;37.44;14.14;14.31;-3.390;STRONG_DOWN;-2;-79.8;-3;1
2026.06.02 11:00;69522.30;69537.10;69296.00;69345.10;62.00;4.83;31.50;15.60;14.20;-2.743;STRONG_DOWN;-2;-78.5;-3;1
2026.06.02 10:00;69305.00;69631.00;69227.50;69522.30;60.24;5.57;36.34;13.17;14.58;-2.495;STRONG_DOWN;-2;-78.5;-3;1
2026.06.02 09:00;69700.00;69733.20;69204.80;69305.00;58.21;6.43;41.93;13.82;16.21;-2.800;STRONG_DOWN;-2;-80.7;-3;1
2026.06.02 08:00;69998.30;70060.60;69595.40;69700.00;55.88;7.42;37.01;16.73;20.52;-2.246;SOFT_DOWN;-1;-79.8;-3;1
2026.06.02 07:00;69985.20;70146.30;69637.70;70004.60;54.23;8.56;41.31;18.08;28.61;-1.818;SOFT_DOWN;-1;-78.9;-3;1
2026.06.02 06:00;70144.90;70323.80;69835.50;69984.90;52.47;9.88;41.68;26.75;40.08;-1.846;SOFT_DOWN;-1;-80.6;-3;0
2026.06.02 05:00;70686.60;70720.20;70143.50;70144.90;51.05;11.40;38.38;40.99;44.43;-1.622;SOFT_DOWN;-1;-81.1;-3;0
2026.06.02 04:00;70827.87;70926.50;70591.42;70688.10;50.56;13.15;32.34;52.50;42.71;-0.860;NEUTRE;0;-76.7;-3;0
2026.06.02 03:00;70725.54;70921.83;70681.65;70827.73;51.85;15.17;33.17;39.81;38.11;-0.664;NEUTRE;0;-77.1;-3;0
2026.06.02 02:00;70525.87;70762.46;70002.97;70719.45;54.10;7.30;38.28;35.83;45.34;-0.816;NEUTRE;0;-82.9;-3;0
2026.06.02 01:00;71175.17;71263.50;70513.33;70525.87;51.97;8.42;33.83;38.69;49.50;-1.087;NEUTRE;0;;;0
2026.06.02 00:00;71301.18;71301.42;70988.70;71174.08;50.72;9.72;29.28;61.51;53.78;-0.178;NEUTRE;0;;;0
2026.06.01 23:00;71292.72;71474.15;71106.22;71298.09;50.80;11.21;28.01;48.32;52.96;-3.072;STRONG_DOWN;-2;-69.2;-3;0
2026.06.01 22:00;70926.41;71345.05;70720.19;71292.72;52.03;7.54;32.32;51.52;61.59;-3.080;STRONG_DOWN;-2;-70.1;-3;0
2026.06.01 21:00;71340.59;71344.14;70836.24;70930.53;50.47;8.70;34.43;59.04;68.03;-3.572;STRONG_DOWN;-2;-73.4;-3;0
2026.06.01 20:00;71485.65;71589.56;71305.01;71340.59;49.06;10.04;25.53;74.21;67.49;-3.015;STRONG_DOWN;-2;-71.4;-3;0
2026.06.01 19:00;71391.50;71564.53;71272.96;71484.80;49.91;10.23;29.45;70.84;54.98;-2.819;STRONG_DOWN;-2;-71.1;-3;1
2026.06.01 18:00;71540.71;71577.85;71259.02;71387.60;50.13;11.81;33.99;57.42;38.36;-2.951;STRONG_DOWN;-2;-72.8;-3;1
2026.06.01 17:00;71437.87;71673.71;71348.02;71542.12;50.39;13.62;34.92;36.68;22.77;-2.741;STRONG_DOWN;-2;-72.5;-3;1
2026.06.01 16:00;70977.90;71468.60;70548.14;71437.86;51.40;6.03;40.29;20.98;16.33;-2.882;STRONG_DOWN;-2;-74.3;-3;1
2026.06.01 15:00;71416.21;71538.64;70930.19;70977.90;47.92;6.96;40.11;10.65;16.30;-3.508;STRONG_DOWN;-2;-77.8;-3;1
2026.06.01 14:00;71583.42;71758.29;71268.50;71418.05;44.46;8.03;37.72;17.37;20.01;-2.909;STRONG_DOWN;-2;-76.3;-3;1
2026.06.01 13:00;72112.78;72122.73;71256.46;71580.73;41.32;9.26;43.53;20.88;22.07;-2.688;STRONG_DOWN;-2;-76.2;-3;1
2026.06.01 12:00;72377.38;72505.85;71827.43;72111.80;37.69;10.69;40.08;21.80;23.28;-1.966;SOFT_DOWN;-1;-72.8;-3;1
2026.06.01 11:00;72645.20;72663.46;72191.03;72372.58;34.58;12.33;38.00;23.53;22.55;-1.612;SOFT_DOWN;-1;-70.9;-3;1
2026.06.01 10:00;72776.65;72804.53;72487.47;72637.57;32.05;14.23;34.20;24.52;20.02;-1.251;SOFT_DOWN;-1;-67.9;-3;1
2026.06.01 09:00;72786.08;72985.40;72718.47;72776.35;30.64;16.42;28.25;19.58;16.24;-1.063;NEUTRE;0;-66.7;-3;1
2026.06.01 08:00;72692.36;72811.69;72498.58;72786.19;31.27;8.93;32.59;15.96;17.17;-1.049;NEUTRE;0;-68.8;-3;1
2026.06.01 07:00;73020.40;73088.92;72585.80;72697.33;27.32;10.30;33.32;13.18;24.23;-1.170;NEUTRE;0;-73.1;-3;1
2026.06.01 06:00;73238.61;73257.78;72845.47;73019.00;23.40;11.89;30.51;22.38;36.65;-0.733;NEUTRE;0;-67.4;-3;0
2026.06.01 05:00;73405.20;73419.93;73208.60;73234.91;20.25;13.72;21.65;37.12;42.33;-0.439;NEUTRE;0;-60;-2;0
2026.06.01 04:00;73645.81;73724.40;73225.55;73405.20;19.91;15.83;23.75;50.44;42.43;-0.208;NEUTRE;0;-45.7;-2;0
2026.06.01 03:00;73673.10;73896.25;73613.83;73645.81;19.90;18.27;15.43;39.42;34.46;0.119;NEUTRE;0;38;1;0
2026.06.01 02:00;73173.36;73755.90;73104.55;73673.09;21.66;13.43;17.80;37.45;39.84;0.156;NEUTRE;0;57;2;0
2026.06.01 01:00;73765.81;73797.79;73158.80;73173.36;22.84;15.50;19.26;26.51;49.49;-0.523;NEUTRE;0;;;0
2026.06.01 00:00;73558.05;73963.18;73526.38;73765.50;24.69;17.88;13.38;55.56;71.73;0.282;NEUTRE;0;;;0
2026.05.31 23:00;73823.43;74073.43;73385.84;73558.05;26.27;20.63;15.43;66.41;79.50;-0.274;NEUTRE;0;-13.2;0;0
2026.05.31 22:00;73770.19;73880.07;73559.68;73823.43;28.10;19.48;17.81;93.23;76.73;0.085;NEUTRE;0;4.4;0;0
2026.05.31 21:00;73619.99;73785.44;73493.44;73770.64;31.73;17.93;20.55;78.87;60.74;0.014;NEUTRE;0;0.8;0;0
2026.05.31 20:00;73438.47;73638.02;73436.42;73616.99;35.56;12.92;23.71;58.08;46.88;-0.195;NEUTRE;0;-10.9;0;0
2026.05.31 19:00;73481.26;73532.76;73330.59;73436.35;36.51;6.88;27.36;45.27;38.45;-0.439;NEUTRE;0;-24.5;0;0
2026.05.31 18:00;73580.13;73597.45;73455.55;73480.30;32.92;7.94;22.06;37.30;30.67;-0.380;NEUTRE;0;-22.6;0;0
2026.05.31 17:00;73411.16;73622.53;73343.57;73580.13;30.75;9.16;25.45;32.78;27.48;-0.245;NEUTRE;0;-15.9;0;0
2026.05.31 16:00;73528.08;73610.97;73277.40;73411.24;28.24;9.93;29.36;21.94;29.04;-0.473;NEUTRE;0;-30.2;-1;0
2026.05.31 15:00;73479.60;73651.94;73465.10;73528.08;24.97;11.46;25.23;27.72;41.14;-0.315;NEUTRE;0;-22.5;0;0
2026.05.31 14:00;73748.06;73749.88;73391.21;73479.31;23.04;13.22;29.11;37.45;50.64;-0.381;NEUTRE;0;-28.2;-1;0
2026.05.31 13:00;73796.27;73898.40;73691.60;73748.06;20.82;15.26;20.70;58.25;50.48;-0.017;NEUTRE;0;-1.5;0;0
2026.05.31 12:00;73813.38;73876.82;73745.29;73794.48;21.69;17.61;19.89;56.23;39.87;0.046;NEUTRE;0;4.3;0;0
2026.05.31 11:00;73778.45;73854.32;73769.37;73816.68;24.09;20.32;20.13;36.95;26.29;0.076;NEUTRE;0;7.8;0;0
2026.05.31 10:00;73722.06;73781.07;73610.62;73774.54;27.73;10.18;23.23;26.44;23.26;0.019;NEUTRE;0;2.1;0;0
2026.05.31 09:00;73820.37;73903.68;73686.48;73720.41;25.98;11.74;19.96;15.49;25.57;-0.054;NEUTRE;0;-6.7;0;0
2026.05.31 08:00;73749.84;73862.61;73722.60;73820.37;25.99;10.64;23.03;27.84;39.32;0.081;NEUTRE;0;11.3;0;0
2026.05.31 07:00;73929.86;73929.86;73710.75;73749.84;24.33;12.27;26.57;33.38;52.04;-0.014;NEUTRE;0;-2.3;0;0
2026.05.31 06:00;73932.22;73983.35;73867.05;73929.86;22.41;14.16;19.68;56.75;64.56;0.230;NEUTRE;0;37.1;1;0
2026.05.31 05:00;74052.11;74087.57;73929.42;73932.60;23.35;16.34;14.46;65.98;67.08;0.233;NEUTRE;0;42.6;1;0
2026.05.31 04:00;74018.01;74099.79;73974.25;74047.58;26.00;18.86;12.33;70.95;67.15;0.389;NEUTRE;0;62.4;2;0
2026.05.31 03:00;73967.15;74097.88;73942.84;74018.14;26.78;21.52;14.22;64.31;63.06;0.349;NEUTRE;0;66.4;3;0
2026.05.31 02:00;73930.76;74121.22;73761.94;73967.15;27.75;24.83;16.41;66.19;57.60;0.280;NEUTRE;0;70.1;3;0
2026.05.31 01:00;73904.96;74145.03;73899.48;73931.52;28.88;28.66;13.04;58.70;48.22;0.232;NEUTRE;0;;;0
2026.05.31 00:00;73760.48;73917.25;73728.47;73905.61;27.56;18.79;15.05;47.92;43.27;0.197;NEUTRE;0;;;0
2026.05.30 23:00;73759.49;73869.77;73661.00;73760.48;30.10;17.81;17.37;38.06;46.08;0.557;NEUTRE;0;25.5;1;0
2026.05.30 22:00;73861.48;73862.44;73672.16;73759.49;34.54;20.56;19.22;43.83;54.07;0.556;NEUTRE;0;26.5;1;0
2026.05.30 21:00;73856.41;73933.75;73805.14;73862.93;39.34;23.72;11.45;56.34;63.52;0.697;NEUTRE;0;33.2;1;0
2026.05.30 20:00;73889.21;73896.69;73797.08;73856.41;40.02;22.93;13.21;62.03;68.88;0.688;NEUTRE;0;34.1;1;0
2026.05.30 19:00;73919.39;73951.30;73846.17;73889.21;42.04;26.46;7.66;72.19;71.53;0.733;NEUTRE;0;37.2;1;0
2026.05.30 18:00;73896.22;74009.42;73834.97;73917.61;40.03;30.53;8.84;72.44;69.59;0.772;NEUTRE;0;40.2;1;0
2026.05.30 17:00;73812.58;73905.90;73688.95;73896.21;37.71;26.10;10.20;69.96;69.95;0.742;NEUTRE;0;40.7;1;0
2026.05.30 16:00;73796.85;73860.63;73756.09;73809.56;36.77;30.12;7.01;66.38;73.70;0.624;NEUTRE;0;37.5;1;0
2026.05.30 15:00;73808.08;73916.02;73715.23;73796.68;32.86;34.75;8.09;73.52;79.55;0.607;NEUTRE;0;38.6;1;0
2026.05.30 14:00;73709.50;73979.38;73692.40;73810.73;28.33;40.10;9.33;81.22;79.61;0.626;NEUTRE;0;41.4;1;0
2026.05.30 13:00;73575.81;73718.20;73559.03;73706.00;23.12;32.26;10.77;83.93;75.39;0.483;NEUTRE;0;36.2;1;0
2026.05.30 12:00;73481.08;73599.40;73469.29;73579.32;18.99;25.74;12.42;73.68;69.91;0.310;NEUTRE;0;27;1;0
2026.05.30 11:00;73536.54;73539.35;73459.45;73481.08;16.54;22.60;14.33;68.57;66.13;0.176;NEUTRE;0;17.5;0;0
2026.05.30 10:00;73499.29;73569.30;73472.90;73536.96;15.64;26.08;13.95;67.48;63.48;0.253;NEUTRE;0;26.5;1;0
2026.05.30 09:00;73403.66;73504.68;73385.38;73498.90;13.38;19.78;16.09;62.35;61.84;0.201;NEUTRE;0;23.8;0;0
2026.05.30 08:00;73434.99;73451.67;73382.30;73405.81;13.85;15.99;18.57;60.60;58.99;0.074;NEUTRE;0;10.3;0;0
2026.05.30 07:00;73474.65;73485.27;73369.47;73434.62;14.84;18.45;21.43;62.57;54.57;0.113;NEUTRE;0;17.6;0;0
2026.05.30 06:00;73493.84;73598.72;73407.24;73474.84;15.97;21.29;19.70;53.81;52.42;0.168;NEUTRE;0;28.9;1;0
2026.05.30 05:00;73281.93;73525.90;73233.00;73492.14;17.83;18.71;22.74;47.34;57.60;0.192;NEUTRE;0;37.1;1;0
2026.05.30 04:00;73414.34;73470.37;73103.65;73281.93;19.08;18.67;26.23;56.12;63.61;-0.095;NEUTRE;0;-25.1;-1;0
2026.05.30 03:00;73674.25;73684.70;73402.72;73413.75;19.43;21.55;17.72;69.34;60.06;0.085;NEUTRE;0;29.2;1;0
2026.05.30 02:00;73544.65;73674.97;73495.88;73674.25;20.92;24.86;15.37;65.36;48.84;0.440;NEUTRE;0;77;3;0
2026.05.30 01:00;73382.42;73553.91;73352.44;73544.65;20.51;18.29;17.73;45.48;36.86;0.263;NEUTRE;0;;;0
2026.05.30 00:00;73351.67;73466.80;73292.51;73382.42;23.43;14.45;20.46;35.67;32.65;0.042;NEUTRE;0;;;0
2026.05.29 23:00;73373.85;73400.49;73201.90;73352.93;24.38;10.82;23.61;29.44;32.40;-0.200;NEUTRE;0;-9.7;0;0
2026.05.29 22:00;73302.88;73455.85;73259.91;73373.85;22.42;12.48;22.75;32.83;37.24;-0.172;NEUTRE;0;-8.8;0;0
2026.05.29 21:00;73560.35;73726.99;73293.50;73302.88;21.38;14.40;23.61;34.92;45.44;-0.268;NEUTRE;0;-14.1;0;0
2026.05.29 20:00;73401.53;73644.14;73397.78;73560.35;20.95;16.62;23.54;43.98;57.97;0.082;NEUTRE;0;4.6;0;0
2026.05.29 19:00;73253.47;73614.91;73124.56;73401.52;21.52;17.35;27.16;57.41;70.85;-0.134;NEUTRE;0;-7.9;0;1
2026.05.29 18:00;73850.52;73947.59;73066.09;73253.47;21.44;20.02;31.34;72.53;76.29;-0.336;NEUTRE;0;-20.2;0;1
2026.05.29 17:00;73927.61;74207.50;73797.97;73850.52;21.35;23.10;23.39;82.61;69.93;0.477;NEUTRE;0;28.9;1;1
2026.05.29 16:00;73684.06;73984.61;73435.09;73927.61;24.54;18.28;26.98;73.73;52.59;0.582;NEUTRE;0;35.6;1;1
2026.05.29 15:00;72963.44;74077.00;72867.47;73681.59;25.36;21.09;31.13;53.44;34.89;0.247;NEUTRE;0;18;0;1
2026.05.29 14:00;73014.01;73074.23;72391.95;72960.76;26.30;11.58;35.92;30.60;25.91;-0.734;NEUTRE;0;-45.9;-2;1
2026.05.29 13:00;73174.11;73220.01;72774.55;73014.18;22.46;13.36;32.82;20.62;30.77;-0.661;NEUTRE;0;-45.1;-2;1
2026.05.29 12:00;73356.35;73356.82;73081.03;73172.79;19.44;15.42;27.29;26.52;43.25;-0.445;NEUTRE;0;-36.2;-1;1
2026.05.29 11:00;73513.17;73582.51;73220.21;73356.94;18.15;17.79;23.73;45.18;53.24;-0.195;NEUTRE;0;-19.3;0;1
2026.05.29 10:00;73622.29;73625.29;73463.49;73512.78;18.74;20.53;17.05;58.06;58.91;0.017;NEUTRE;0;1.9;0;1
2026.05.29 09:00;73532.99;73782.00;73525.66;73625.29;20.20;23.69;13.76;56.48;61.74;0.170;NEUTRE;0;20.4;0;1
2026.05.29 08:00;73404.96;73711.15;73399.33;73533.29;19.23;23.08;15.87;62.21;65.36;0.045;NEUTRE;0;6.3;0;1
2026.05.29 07:00;73663.95;73703.07;73258.38;73404.96;19.34;26.23;18.32;66.53;59.90;-0.130;NEUTRE;0;-20.1;0;1
2026.05.29 06:00;73579.78;73816.40;73510.57;73666.05;19.58;30.27;12.41;67.33;45.07;0.226;NEUTRE;0;36.6;1;0
2026.05.29 05:00;73372.09;73604.53;73371.38;73579.89;16.16;24.27;14.32;45.85;27.70;0.108;NEUTRE;0;23.1;0;0
2026.05.29 04:00;73175.76;73386.52;73077.99;73372.09;14.68;13.62;16.52;22.02;23.64;-0.174;NEUTRE;0;-40.6;-1;0
2026.05.29 03:00;73100.72;73331.47;73100.72;73175.06;15.45;12.97;19.06;15.23;33.74;-0.442;NEUTRE;0;-71;-3;0
2026.05.29 02:00;73467.05;73527.25;73057.61;73100.72;14.90;14.96;22.00;33.68;45.77;-0.544;NEUTRE;0;-79.4;-3;0
2026.05.29 01:00;73603.88;73751.39;73343.02;73468.95;14.26;17.26;16.03;52.32;53.36;-0.043;NEUTRE;0;;;0
2026.05.29 00:00;73500.20;73741.38;73498.67;73604.64;15.89;19.92;12.63;51.30;59.16;0.142;NEUTRE;0;;;0
2026.05.28 23:00;73347.27;73602.23;73347.27;73498.67;14.89;14.16;14.58;56.47;68.62;-1.089;NEUTRE;0;-43;-1;0
2026.05.28 22:00;73701.90;73827.56;73331.03;73347.27;16.96;16.34;16.82;69.71;77.53;-1.293;SOFT_DOWN;-1;-49.2;-2;0
2026.05.28 21:00;73465.03;73805.51;73435.87;73701.90;19.34;18.85;16.16;79.68;81.92;-0.816;NEUTRE;0;-37.4;-1;0
2026.05.28 20:00;73301.18;73602.67;73121.17;73465.03;21.14;13.31;18.65;83.22;84.69;-1.135;NEUTRE;0;-48.2;-2;0
2026.05.28 19:00;73527.69;73528.39;73257.98;73300.78;21.82;15.36;17.14;82.87;79.85;-1.356;SOFT_DOWN;-1;-54.6;-2;1
2026.05.28 18:00;73422.01;73612.72;73388.83;73527.69;24.33;17.72;12.34;87.97;70.08;-1.050;NEUTRE;0;-49;-2;1
2026.05.28 17:00;73310.70;73602.10;73177.56;73422.01;25.32;19.72;14.23;68.72;52.48;-1.193;NEUTRE;0;-54.1;-2;1
2026.05.28 16:00;72776.68;73310.08;72588.17;73310.08;26.73;12.17;16.42;53.55;44.22;-1.343;SOFT_DOWN;-1;-58.8;-2;1
2026.05.28 15:00;72882.12;73023.60;72550.01;72775.78;28.55;7.94;18.95;35.17;44.25;-2.062;SOFT_DOWN;-1;-69.7;-3;1
2026.05.28 14:00;72880.45;73424.06;72454.75;72882.12;26.65;9.16;21.86;43.94;57.68;-1.919;SOFT_DOWN;-1;-69.7;-3;1
2026.05.28 13:00;73383.12;73437.04;72619.29;72879.22;24.44;10.57;22.62;53.65;70.79;-1.923;SOFT_DOWN;-1;-71.1;-3;1
2026.05.28 12:00;73363.87;73440.80;73114.61;73383.12;22.62;12.20;16.78;75.44;80.49;-1.245;NEUTRE;0;-63.9;-2;1
2026.05.28 11:00;73260.55;73394.33;73181.65;73362.41;23.67;14.07;16.20;83.29;77.19;-1.273;SOFT_DOWN;-1;-66.3;-3;1
2026.05.28 10:00;73404.06;73477.48;73211.20;73260.55;26.23;16.24;16.55;82.74;63.92;-1.410;SOFT_DOWN;-1;-70.2;-3;1
2026.05.28 09:00;73179.28;73422.60;73113.55;73401.10;30.12;15.56;19.10;65.53;45.51;-1.221;NEUTRE;0;-69.5;-3;1
2026.05.28 08:00;73342.57;73353.31;73060.73;73181.95;33.18;14.51;22.04;43.49;30.53;-1.516;SOFT_DOWN;-1;-75;-3;1
2026.05.28 07:00;73058.10;73356.45;73009.99;73343.00;35.12;16.74;25.43;27.52;21.40;-1.299;SOFT_DOWN;-1;-74.7;-3;1
2026.05.28 06:00;72844.50;73064.22;72625.74;73058.19;37.35;6.34;29.34;20.59;18.45;-1.682;SOFT_DOWN;-1;-79.7;-3;0
2026.05.28 05:00;73032.95;73034.01;72762.45;72841.02;33.19;7.32;29.05;16.09;16.74;-1.975;SOFT_DOWN;-1;-82.7;-3;0
2026.05.28 04:00;73117.21;73117.40;72612.99;73032.95;29.10;8.44;33.52;18.67;18.67;-1.716;SOFT_DOWN;-1;-83.3;-3;0
2026.05.28 03:00;74140.90;74238.29;72931.15;73117.21;24.38;9.74;28.98;15.45;19.28;-1.603;SOFT_DOWN;-1;-84.6;-3;0
2026.05.28 02:00;74201.85;74254.96;74001.04;74140.39;20.48;11.24;20.84;21.89;20.65;-0.226;NEUTRE;0;-65.8;-3;0
2026.05.28 01:00;74421.41;74445.39;74022.80;74201.69;19.03;12.97;22.73;20.50;18.30;-0.143;NEUTRE;0;;;0
2026.05.28 00:00;74308.24;74447.70;74226.99;74421.41;17.75;14.96;18.80;19.56;21.67;0.152;NEUTRE;0;;;0
2026.05.27 23:00;74293.19;74434.99;74102.61;74308.54;18.74;16.38;21.69;14.84;29.47;-1.981;SOFT_DOWN;-1;-59.5;-2;0
2026.05.27 22:00;74346.29;74642.62;74141.10;74291.54;19.48;18.90;23.24;30.60;43.16;-2.003;SOFT_DOWN;-1;-60.9;-2;0
2026.05.27 21:00;75127.27;75128.02;74205.46;74346.29;20.89;21.81;24.84;42.97;43.93;-1.931;SOFT_DOWN;-1;-61.1;-2;0
2026.05.27 20:00;74906.78;75266.26;74892.01;75127.51;23.10;25.16;17.22;55.90;40.20;-0.900;NEUTRE;0;-41.6;-1;0
2026.05.27 19:00;74872.41;74947.79;74789.63;74906.78;23.77;15.94;19.87;32.91;32.35;-1.191;NEUTRE;0;-51;-2;1
2026.05.27 18:00;74706.80;74874.57;74522.15;74872.55;25.74;11.27;22.92;31.78;32.06;-1.237;NEUTRE;0;-53.6;-2;1
2026.05.27 17:00;75160.96;75193.46;74545.78;74708.56;24.46;13.01;25.42;32.34;29.68;-1.453;SOFT_DOWN;-1;-59.3;-2;1
2026.05.27 16:00;75179.51;75253.50;74853.97;75160.96;23.26;15.01;22.01;32.05;24.71;-0.856;NEUTRE;0;-46.5;-2;1
2026.05.27 15:00;74881.07;75348.98;74826.12;75179.51;23.93;17.32;25.39;24.63;19.49;-0.832;NEUTRE;0;-47.5;-2;1
2026.05.27 14:00;74912.45;75099.77;74629.12;74881.07;24.70;12.65;29.30;17.44;20.81;-1.225;NEUTRE;0;-59.9;-2;1
2026.05.27 13:00;75544.99;75619.87;74709.18;74912.46;22.39;14.60;31.19;16.39;30.94;-1.184;NEUTRE;0;-60.9;-2;1
2026.05.27 12:00;75626.88;76016.68;75427.32;75544.99;20.26;16.84;23.86;28.60;48.02;-0.350;NEUTRE;0;-29.9;-1;1
2026.05.27 11:00;75763.20;75887.56;75608.38;75619.98;20.73;19.43;22.80;47.83;65.56;-0.251;NEUTRE;0;-24.2;0;1
2026.05.27 10:00;75772.20;75904.76;75731.29;75763.20;22.69;22.42;19.53;67.64;77.66;-0.062;NEUTRE;0;-7;0;1
2026.05.27 09:00;75743.29;75842.86;75569.43;75772.20;25.12;20.38;22.54;81.21;79.88;-0.050;NEUTRE;0;-6.2;0;1
2026.05.27 08:00;75840.09;75939.58;75705.12;75743.29;28.22;23.52;18.37;84.14;70.24;-0.088;NEUTRE;0;-12.2;0;1
2026.05.27 07:00;75700.07;75841.27;75619.72;75840.09;30.67;20.69;21.20;74.28;53.39;0.040;NEUTRE;0;6.4;0;1
2026.05.27 06:00;75565.86;75760.98;75543.90;75700.07;35.20;18.30;24.46;52.29;38.44;-0.145;NEUTRE;0;-25.5;-1;0
2026.05.27 05:00;75441.80;75600.89;75433.85;75565.86;38.39;9.77;28.22;33.60;31.79;-0.322;NEUTRE;0;-51.8;-2;0
2026.05.27 04:00;75536.56;75566.88;75172.30;75441.80;36.83;8.14;32.57;29.43;39.96;-0.486;NEUTRE;0;-67.3;-3;0
2026.05.27 03:00;75736.52;75835.47;75485.18;75530.70;33.26;9.39;25.38;32.35;50.13;-0.368;NEUTRE;0;-67.5;-3;0
2026.05.27 02:00;75747.38;75771.72;75553.19;75736.96;31.30;10.83;26.29;58.09;54.93;-0.096;NEUTRE;0;-43.4;-1;0
2026.05.27 01:00;75955.61;75979.50;75694.58;75747.77;29.70;12.50;20.39;59.93;43.47;-0.082;NEUTRE;0;;;0
2026.05.27 00:00;75810.01;75964.93;75752.28;75956.00;30.58;14.42;20.41;46.77;30.98;0.193;NEUTRE;0;;;0
2026.05.26 23:00;75616.04;75858.82;75616.04;75807.81;32.64;8.96;23.55;23.72;23.36;-1.847;SOFT_DOWN;-1;-57.7;-2;0
2026.05.26 22:00;75771.69;75880.54;75539.44;75616.07;30.76;10.34;27.17;22.46;20.40;-2.095;SOFT_DOWN;-1;-61.9;-2;0
2026.05.26 21:00;75982.65;76000.26;75724.84;75771.69;28.60;11.93;22.99;23.90;15.30;-1.894;SOFT_DOWN;-1;-60.6;-2;0
2026.05.26 20:00;75912.36;76054.26;75856.35;75982.65;28.12;13.77;19.18;14.85;9.88;-1.620;SOFT_DOWN;-1;-57.9;-2;0
2026.05.26 19:00;75701.83;75962.29;75652.63;75912.36;29.93;8.74;22.13;7.14;8.69;-1.711;SOFT_DOWN;-1;-60.6;-2;1
2026.05.26 18:00;75803.41;76138.22;75641.70;75706.97;27.85;10.08;25.53;7.65;12.09;-1.977;SOFT_DOWN;-1;-65.2;-3;1
2026.05.26 17:00;76441.34;76530.28;75721.57;75804.58;25.46;11.63;26.98;11.27;18.69;-1.851;SOFT_DOWN;-1;-65;-3;1
2026.05.26 16:00;76392.25;76592.50;76090.81;76440.33;23.27;13.42;24.11;17.36;29.01;-1.028;NEUTRE;0;-51.7;-2;1
2026.05.26 15:00;76789.38;76904.83;76148.89;76392.34;22.46;15.48;26.04;27.45;42.47;-1.090;NEUTRE;0;-55.1;-2;1
2026.05.26 14:00;77125.29;77985.78;76611.59;76789.38;22.01;17.87;20.63;42.23;54.78;-0.576;NEUTRE;0;-39;-1;1
2026.05.26 13:00;77033.49;77335.55;76576.17;77118.77;24.29;13.34;23.80;57.75;60.76;-0.149;NEUTRE;0;-12.7;0;1
2026.05.26 12:00;77082.50;77131.48;76781.32;77033.49;23.69;15.39;23.30;64.38;59.33;-0.260;NEUTRE;0;-23.1;0;1
2026.05.26 11:00;77327.38;77406.33;77064.87;77082.50;24.19;17.75;14.43;60.14;47.58;-0.196;NEUTRE;0;-19.3;0;1
2026.05.26 10:00;76570.42;77521.82;76471.91;77327.38;26.32;20.49;16.65;53.47;44.16;0.121;NEUTRE;0;13.4;0;1
2026.05.26 09:00;76623.10;76703.62;76538.61;76570.42;28.79;11.65;19.21;29.12;48.90;-0.859;NEUTRE;0;-62;-2;1
2026.05.26 08:00;76620.23;76750.75;76584.54;76623.10;29.44;13.44;17.89;49.88;58.80;-0.791;NEUTRE;0;-62.8;-2;1
2026.05.26 07:00;76810.36;76823.44;76504.99;76619.48;31.79;15.51;20.64;67.70;55.50;-0.796;NEUTRE;0;-65.9;-3;1
2026.05.26 06:00;76823.22;76951.53;76679.07;76810.36;34.49;17.89;15.41;58.83;40.53;-0.549;NEUTRE;0;-61;-2;0
2026.05.26 05:00;76654.10;76888.20;76608.01;76823.22;38.65;17.07;17.78;39.97;27.35;-0.532;NEUTRE;0;-64.5;-2;0
2026.05.26 04:00;76568.19;76725.59;76507.88;76654.10;44.29;10.77;20.51;22.79;20.66;-0.751;NEUTRE;0;-74.9;-3;0
2026.05.26 03:00;76570.78;76614.32;76375.07;76568.19;46.31;4.56;23.67;19.29;22.79;-0.862;NEUTRE;0;-80;-3;0
2026.05.26 02:00;76661.05;76719.84;76422.29;76570.78;43.02;5.26;24.27;19.91;25.55;-0.859;NEUTRE;0;-83.3;-3;0
2026.05.26 01:00;76696.75;76783.50;76500.14;76661.05;39.73;6.07;23.98;29.17;28.72;-0.742;NEUTRE;0;;;0
2026.05.26 00:00;77234.12;77261.48;76479.48;76696.75;36.68;7.01;27.67;27.59;24.22;-0.696;NEUTRE;0;;;0
2026.05.25 23:00;77028.05;77278.24;76981.61;77234.12;33.16;8.09;22.05;29.40;20.97;0.357;NEUTRE;0;17;0;0
2026.05.25 22:00;77282.34;77355.49;76952.61;77028.05;31.13;9.33;25.44;15.66;19.10;0.089;NEUTRE;0;4.6;0;0
2026.05.25 21:00;77184.77;77306.51;77183.57;77282.34;28.79;10.76;20.53;17.85;26.03;0.419;NEUTRE;0;21.5;0;0
2026.05.25 20:00;77359.42;77419.61;77129.24;77184.77;28.42;12.42;23.69;23.77;38.34;0.293;NEUTRE;0;16.1;0;0
2026.05.25 19:00;77464.60;77469.20;77258.75;77359.47;27.99;14.33;20.47;36.46;50.07;0.520;NEUTRE;0;28.3;1;1
2026.05.25 18:00;77474.52;77577.33;77453.87;77464.60;29.58;16.54;9.36;54.77;61.91;0.656;NEUTRE;0;35.7;1;1
2026.05.25 17:00;77649.12;77722.96;77461.91;77476.26;29.87;19.08;9.80;58.99;61.97;0.671;NEUTRE;0;37.9;1;1
2026.05.25 16:00;77534.45;77724.40;77423.22;77649.12;29.52;22.02;11.30;71.96;56.89;0.896;NEUTRE;0;47.8;2;1
2026.05.25 15:00;77622.16;77802.58;77464.11;77534.45;29.11;25.40;10.95;54.96;41.22;0.747;NEUTRE;0;44.5;1;1
2026.05.25 14:00;77247.94;77678.32;77209.00;77622.40;27.48;23.66;12.64;43.75;37.71;0.861;NEUTRE;0;50.5;2;1
2026.05.25 13:00;77266.29;77361.40;77197.05;77247.94;27.03;16.91;14.58;24.96;44.07;0.375;NEUTRE;0;29.6;1;1
2026.05.25 12:00;77269.28;77346.06;77193.55;77265.98;30.06;18.08;16.83;44.41;60.84;0.398;NEUTRE;0;33.2;1;1
2026.05.25 11:00;77447.15;77448.71;77237.79;77269.28;34.13;20.86;14.95;62.86;70.50;0.402;NEUTRE;0;35.8;1;1
2026.05.25 10:00;77501.50;77591.09;77393.53;77447.15;36.84;24.07;5.89;75.26;72.98;0.634;NEUTRE;0;51.3;2;1
2026.05.25 09:00;77351.31;77599.18;77319.69;77501.50;33.18;27.77;6.80;73.38;72.39;0.704;NEUTRE;0;57;2;1
2026.05.25 08:00;77302.15;77364.70;77173.31;77351.31;28.95;19.14;7.85;70.30;74.30;0.509;NEUTRE;0;51.4;2;1
2026.05.25 07:00;77315.88;77418.25;77079.01;77302.15;26.97;22.08;9.06;73.49;72.57;0.445;NEUTRE;0;51.4;2;1
2026.05.25 06:00;77302.00;77515.22;77115.24;77315.88;24.68;25.48;8.81;79.12;69.48;0.463;NEUTRE;0;56.7;2;0
2026.05.25 05:00;77281.97;77390.52;77212.40;77302.00;20.99;24.61;10.16;65.11;64.31;0.445;NEUTRE;0;60.3;2;0
2026.05.25 04:00;76919.76;77343.57;76883.66;77281.97;17.83;24.34;11.72;64.21;68.42;0.419;NEUTRE;0;64.2;2;0
2026.05.25 03:00;76996.88;77057.97;76902.29;76919.76;15.19;18.53;13.53;63.60;74.53;-0.052;NEUTRE;0;-18.9;0;0
2026.05.25 02:00;76838.34;77374.97;76837.93;76996.88;15.13;21.38;15.61;77.43;81.67;0.049;NEUTRE;0;25.8;1;0
2026.05.25 01:00;77044.89;77144.11;76809.58;76838.52;15.05;18.05;18.01;82.55;76.86;-0.157;NEUTRE;0;;;0
2026.05.25 00:00;76959.54;77169.23;76959.54;77044.36;17.35;20.83;13.88;85.03;66.38;0.110;NEUTRE;0;;;0
2026.05.24 23:00;76696.25;77105.49;76696.25;76957.11;16.94;19.41;16.02;63.00;54.09;0.415;NEUTRE;0;19.6;0;0
2026.05.24 22:00;76037.09;76900.91;76030.65;76696.25;18.07;14.71;18.48;51.09;59.14;0.075;NEUTRE;0;3.8;0;0
2026.05.24 21:00;76554.34;76636.26;75994.25;76037.09;19.10;12.29;21.33;48.17;64.99;-0.785;NEUTRE;0;-36.4;-1;0
2026.05.24 20:00;76664.83;76686.90;76497.08;76554.34;17.91;14.18;12.56;78.17;66.62;-0.110;NEUTRE;0;-6.2;0;0
2026.05.24 19:00;76558.12;76677.96;76499.56;76664.82;19.73;15.64;14.49;68.62;52.38;0.034;NEUTRE;0;2;0;0
2026.05.24 18:00;76583.93;76682.07;76484.40;76558.12;22.18;18.05;16.72;53.06;37.95;-0.105;NEUTRE;0;-6.6;0;0
2026.05.24 17:00;76567.24;76683.08;76465.92;76583.93;25.00;20.82;19.29;35.46;25.95;-0.072;NEUTRE;0;-4.8;0;0
2026.05.24 16:00;76268.47;76631.14;76268.01;76567.24;28.26;20.35;22.26;25.32;23.10;-0.094;NEUTRE;0;-6.6;0;0
2026.05.24 15:00;76354.92;76436.68;76249.96;76268.47;31.92;15.24;25.68;17.09;30.39;-0.483;NEUTRE;0;-32.4;-1;0
2026.05.24 14:00;76698.55;76731.49;76098.56;76354.92;32.90;17.58;29.64;26.88;45.77;-0.371;NEUTRE;0;-27.6;-1;0
2026.05.24 13:00;77001.70;77014.01;76579.91;76703.33;34.03;20.29;22.49;47.22;61.60;0.084;NEUTRE;0;7.3;0;0
2026.05.24 12:00;77206.62;77214.20;76929.01;77001.70;38.48;23.41;13.58;63.22;67.69;0.473;NEUTRE;0;37.8;1;0
2026.05.24 11:00;77080.54;77237.45;77069.71;77206.62;40.31;27.01;8.08;74.36;66.21;0.741;NEUTRE;0;53;2;0
2026.05.24 10:00;76917.18;77378.47;76813.89;77084.07;38.21;31.16;9.33;65.49;59.81;0.581;NEUTRE;0;48.9;2;0
2026.05.24 09:00;76725.73;76931.40;76705.88;76917.18;35.80;23.78;10.76;58.79;56.72;0.363;NEUTRE;0;38.5;1;0
2026.05.24 08:00;76697.27;76752.73;76618.53;76725.73;35.51;15.24;12.42;55.15;56.12;0.113;NEUTRE;0;15.6;0;0
2026.05.24 07:00;76872.48;76908.07;76674.66;76697.29;39.40;17.59;7.89;56.21;52.07;0.076;NEUTRE;0;12.1;0;0
2026.05.24 06:00;76707.90;76948.81;76606.38;76872.48;39.60;20.30;9.11;57.01;51.63;0.305;NEUTRE;0;45;2;0
2026.05.24 05:00;76667.58;76755.55;76539.34;76707.90;39.84;14.74;10.51;42.99;50.89;0.090;NEUTRE;0;19.5;0;0
2026.05.24 04:00;76623.26;76742.95;76615.60;76667.58;43.39;17.00;6.70;54.90;56.52;0.037;NEUTRE;0;10.3;0;0
2026.05.24 03:00;76710.72;76894.04;76616.84;76622.97;43.38;19.62;7.58;54.80;57.42;-0.021;NEUTRE;0;-7.9;0;0
2026.05.24 02:00;76777.51;76843.50;76589.58;76710.72;43.24;19.83;8.74;59.87;58.93;0.094;NEUTRE;0;42.8;1;0
2026.05.24 01:00;76728.54;76811.35;76640.38;76777.43;43.92;22.88;7.01;57.59;59.97;0.181;NEUTRE;0;;;0
2026.05.24 00:00;76638.96;76806.21;76520.84;76728.54;42.51;25.94;8.09;59.34;66.07;0.117;NEUTRE;0;;;0
2026.05.23 23:00;76470.10;76705.31;76422.75;76637.76;40.98;24.49;9.33;63.00;75.17;1.591;SOFT_UP;1;53.7;2;0
2026.05.23 22:00;76698.48;76774.04;76290.55;76470.10;40.40;28.26;10.77;75.88;86.02;1.368;SOFT_UP;1;50.8;2;0
2026.05.23 21:00;77175.02;77286.98;76426.04;76698.48;39.72;32.61;8.12;86.64;89.23;1.671;SOFT_UP;1;57.5;2;0
2026.05.23 20:00;75881.00;77181.89;75844.25;77175.02;36.58;35.74;9.37;95.55;86.63;2.303;SOFT_UP;1;66.2;3;0
2026.05.23 19:00;75745.08;75893.18;75677.34;75880.47;33.21;26.42;10.81;85.50;80.91;0.587;NEUTRE;0;31.3;1;0
2026.05.23 18:00;75387.50;75877.09;75360.70;75745.08;31.86;29.34;12.47;78.84;79.28;0.407;NEUTRE;0;24;0;0
2026.05.23 17:00;75337.16;75420.17;75269.92;75387.50;30.56;20.24;14.39;78.41;81.63;-0.067;NEUTRE;0;-4.4;0;0
2026.05.23 16:00;75417.19;75529.03;75299.80;75334.81;32.66;23.36;13.54;80.61;84.04;-0.136;NEUTRE;0;-9.5;0;0
2026.05.23 15:00;75435.17;75571.96;75294.49;75417.19;33.59;26.95;15.62;85.88;78.86;-0.027;NEUTRE;0;-2;0;0
2026.05.23 14:00;75117.27;75595.88;75005.25;75435.17;34.66;31.09;18.03;85.62;65.50;-0.003;NEUTRE;0;-0.2;0;0
2026.05.23 13:00;74661.36;75158.19;74656.06;75117.27;35.90;24.48;20.80;65.07;48.55;-0.425;NEUTRE;0;-32.8;-1;0
2026.05.23 12:00;74697.88;74704.57;74565.11;74661.36;40.18;14.34;24.00;45.82;36.82;-1.029;NEUTRE;0;-59.4;-2;0
2026.05.23 11:00;74620.48;74774.54;74612.45;74698.21;42.48;16.55;22.47;34.77;30.12;-0.980;NEUTRE;0;-60.3;-2;0
2026.05.23 10:00;74560.73;74691.47;74560.73;74616.64;46.69;11.21;25.93;29.86;26.15;-1.088;NEUTRE;0;-65;-2;0
2026.05.23 09:00;74585.47;74657.75;74530.98;74560.73;47.77;8.97;29.92;25.73;23.77;-1.163;NEUTRE;0;-68.6;-3;0
2026.05.23 08:00;74501.43;74645.39;74247.87;74585.47;46.84;8.85;34.52;22.85;30.42;-1.130;NEUTRE;0;-70.2;-3;0
2026.05.23 07:00;75301.15;75342.49;74210.75;74501.43;44.94;10.21;39.83;22.71;44.27;-1.241;NEUTRE;0;-74;-3;0
2026.05.23 06:00;75386.88;75404.20;75287.64;75301.15;42.74;11.78;31.32;45.69;56.56;-0.181;NEUTRE;0;-30.7;-1;0
2026.05.23 05:00;75440.30;75461.88;75368.07;75386.88;42.35;13.60;25.52;64.40;57.11;-0.067;NEUTRE;0;-14.8;0;0
2026.05.23 04:00;75530.52;75552.66;75407.15;75440.30;44.17;15.69;23.04;59.57;45.96;0.003;NEUTRE;0;0.8;0;0
2026.05.23 03:00;75466.90;75563.56;75454.26;75530.52;48.05;18.10;21.60;47.36;32.64;0.123;NEUTRE;0;38.9;1;0
2026.05.23 02:00;75391.95;75482.99;75311.58;75466.90;54.08;9.55;24.93;30.95;23.18;0.039;NEUTRE;0;21;0;0
2026.05.23 01:00;75254.06;75402.83;75249.90;75391.95;55.54;3.82;28.76;19.61;19.99;-0.061;NEUTRE;0;;;0
2026.05.23 00:00;75437.78;75529.31;75117.61;75253.92;52.31;4.41;33.19;18.97;21.58;-0.244;NEUTRE;0;;;0
2026.05.22 23:00;75627.77;75712.87;75278.27;75433.07;48.58;5.09;32.29;21.40;21.93;-2.707;STRONG_DOWN;-2;-66.7;-3;0
2026.05.22 22:00;75897.62;75897.62;75897.62;75897.62;44.86;5.87;21.87;24.38;22.67;-2.108;SOFT_DOWN;-1;-62.1;-2;0
2026.05.22 21:00;75883.42;75931.09;75849.66;75897.62;42.88;6.77;25.24;20.02;22.08;-2.108;SOFT_DOWN;-1;-63.2;-2;0
2026.05.22 20:00;75756.25;75979.66;75721.72;75883.42;40.60;7.81;29.12;23.62;25.90;-2.126;SOFT_DOWN;-1;-64.5;-2;0
2026.05.22 19:00;76434.73;76485.97;75560.34;75755.91;37.98;9.02;33.60;22.59;26.77;-2.291;SOFT_DOWN;-1;-67.2;-3;1
2026.05.22 18:00;76646.58;76803.11;75999.05;76433.03;34.94;10.40;31.48;31.48;26.55;-1.417;SOFT_DOWN;-1;-57.2;-2;1
2026.05.22 17:00;76850.67;76985.15;76645.56;76646.58;32.58;12.00;23.95;26.25;21.86;-1.142;NEUTRE;0;-52.9;-2;1
2026.05.22 16:00;76687.07;76898.40;76663.48;76850.67;32.48;9.92;27.63;21.91;23.62;-0.879;NEUTRE;0;-47.3;-2;1
2026.05.22 15:00;76667.91;76918.98;76463.92;76687.07;30.22;11.45;31.88;17.43;36.98;-1.090;NEUTRE;0;-55.1;-2;1
2026.05.22 14:00;77181.90;77182.80;76651.33;76667.91;27.61;13.21;30.45;31.54;52.37;-1.114;NEUTRE;0;-57.5;-2;1
2026.05.22 13:00;77430.66;77451.49;77020.23;77181.91;25.78;15.24;24.46;61.98;54.28;-0.451;NEUTRE;0;-34.4;-1;1
2026.05.22 12:00;77326.21;77479.66;77288.32;77430.66;26.17;17.58;18.66;63.60;39.33;-0.131;NEUTRE;0;-12.1;0;1
2026.05.22 11:00;77211.99;77327.81;77075.27;77326.21;29.74;8.08;21.53;37.25;23.19;-0.265;NEUTRE;0;-25.4;-1;1
2026.05.22 10:00;77205.57;77265.25;77157.04;77211.99;27.33;9.32;19.86;17.14;14.95;-0.413;NEUTRE;0;-39.1;-1;1
2026.05.22 09:00;77165.69;77258.71;77098.81;77205.57;25.98;9.82;22.91;15.17;15.81;-0.421;NEUTRE;0;-42.7;-1;1
2026.05.22 08:00;77309.17;77445.05;77112.78;77165.69;23.82;11.34;25.09;12.55;21.60;-0.472;NEUTRE;0;-49.3;-2;1
2026.05.22 07:00;77325.79;77450.54;77185.06;77309.17;21.68;13.08;25.61;19.71;36.64;-0.287;NEUTRE;0;-38.9;-1;1
2026.05.22 06:00;77392.87;77433.12;77266.46;77325.79;20.03;15.09;24.83;32.53;55.37;-0.266;NEUTRE;0;-41.1;-1;0
2026.05.22 05:00;77564.60;77635.98;77364.14;77392.93;19.36;17.41;19.63;57.67;70.55;-0.179;NEUTRE;0;-35.2;-1;0
2026.05.22 04:00;77689.43;77815.73;77541.98;77564.60;21.42;20.09;12.59;75.90;67.29;0.042;NEUTRE;0;11.7;0;0
2026.05.22 03:00;77583.56;77722.43;77582.89;77689.40;21.18;17.94;14.53;78.07;55.41;0.203;NEUTRE;0;53.1;2;0
2026.05.22 02:00;77528.44;77646.14;77500.39;77583.56;22.82;12.29;16.76;47.89;42.77;0.067;NEUTRE;0;33.4;1;0
2026.05.22 01:00;77287.90;77581.09;77227.88;77528.44;23.96;7.32;19.34;40.27;45.14;-0.005;NEUTRE;0;;;0
2026.05.22 00:00;77531.93;77553.11;77280.93;77287.38;20.71;8.44;20.01;40.15;51.26;-0.315;NEUTRE;0;;;0
2026.05.21 23:00;77536.09;77665.74;77443.50;77532.20;17.64;9.74;13.90;54.99;58.77;0.088;NEUTRE;0;4.3;0;0
2026.05.21 22:00;77582.42;77665.64;77460.09;77536.09;17.65;11.24;14.88;58.64;60.05;0.093;NEUTRE;0;4.8;0;0
2026.05.21 21:00;77616.96;77727.30;77549.92;77582.42;18.22;12.97;10.45;62.66;62.52;0.153;NEUTRE;0;8.2;0;0
2026.05.21 20:00;77609.53;77720.15;77555.31;77616.89;19.37;14.34;12.06;58.86;63.84;0.197;NEUTRE;0;11;0;0
2026.05.21 19:00;77298.09;77709.60;77276.96;77608.25;21.02;15.56;13.91;66.04;70.74;0.186;NEUTRE;0;10.9;0;1
2026.05.21 18:00;77782.24;77841.54;77166.87;77298.83;23.39;17.96;16.05;66.62;66.95;-0.213;NEUTRE;0;-13.1;0;1
2026.05.21 17:00;77109.18;78003.21;77081.04;77782.16;26.13;20.72;18.52;79.55;58.27;0.411;NEUTRE;0;25.5;1;1
2026.05.21 16:00;77163.82;77256.65;76910.07;77109.18;29.28;11.46;21.37;54.68;40.18;-0.458;NEUTRE;0;-29.4;-1;1
2026.05.21 15:00;76883.30;77302.67;76799.17;77163.56;29.14;13.22;24.66;40.59;28.15;-0.388;NEUTRE;0;-27;-1;1
2026.05.21 14:00;77025.82;77151.55;76689.18;76883.65;28.98;10.63;28.46;25.27;17.37;-0.749;NEUTRE;0;-46.5;-2;1
2026.05.21 13:00;77188.75;77264.91;76633.73;77025.82;26.42;12.27;32.83;18.59;11.10;-0.566;NEUTRE;0;-40.6;-1;1
2026.05.21 12:00;77099.69;77277.12;76988.38;77188.75;23.47;14.16;29.24;8.26;12.53;-0.355;NEUTRE;0;-30.2;-1;1
2026.05.21 11:00;77109.65;77287.76;77056.00;77099.69;21.73;16.34;30.14;6.46;24.50;-0.470;NEUTRE;0;-40.1;-1;1
2026.05.21 10:00;77542.34;77591.45;77091.47;77109.65;20.51;18.85;32.42;22.87;36.66;-0.458;NEUTRE;0;-42.1;-1;1
2026.05.21 09:00;77834.98;77894.11;77538.93;77542.34;19.59;21.75;23.64;44.16;39.48;0.101;NEUTRE;0;12.5;0;1
2026.05.21 08:00;77794.14;78103.28;77794.14;77834.98;21.96;25.09;16.22;42.95;38.04;0.479;NEUTRE;0;49.7;2;1
2026.05.21 07:00;77529.76;77814.94;77427.55;77794.14;22.04;14.61;18.72;31.31;46.85;0.426;NEUTRE;0;50.2;2;1
2026.05.21 06:00;77738.20;77787.91;77459.24;77529.76;23.53;16.85;20.34;39.87;63.54;0.085;NEUTRE;0;15.6;0;0
2026.05.21 05:00;77946.67;78055.17;77626.45;77738.20;25.71;19.44;15.64;69.36;75.97;0.354;NEUTRE;0;54.4;2;0
2026.05.21 04:00;77990.00;78088.67;77878.51;77946.67;27.99;22.44;9.00;81.37;78.66;0.623;NEUTRE;0;72;3;0
2026.05.21 03:00;77871.61;78017.19;77814.81;77990.00;25.73;20.66;10.39;77.18;75.94;0.679;NEUTRE;0;77.4;3;0
2026.05.21 02:00;77774.55;78013.75;77732.64;77871.61;24.59;23.57;11.98;77.43;73.39;0.526;NEUTRE;0;79.1;3;0
2026.05.21 01:00;77878.29;78082.61;77710.66;77774.55;23.36;27.20;13.83;73.21;65.36;0.401;NEUTRE;0;;;0
2026.05.21 00:00;77464.10;77974.73;77431.83;77878.29;21.94;26.92;15.95;69.52;63.73;0.535;NEUTRE;0;;;0
2026.05.20 23:00;77410.86;77469.59;77291.94;77464.10;21.38;16.75;18.41;53.35;66.31;0.928;NEUTRE;0;38.5;1;0
2026.05.20 22:00;77412.31;77414.33;77137.62;77410.86;23.95;14.54;21.24;68.32;73.40;0.858;NEUTRE;0;37.5;1;0
2026.05.20 21:00;77623.22;77683.14;77408.66;77412.31;24.75;16.77;9.44;77.26;73.21;0.860;NEUTRE;0;38.9;1;0
2026.05.20 20:00;77584.87;77675.98;77387.07;77635.11;24.25;18.95;10.89;74.61;66.51;1.150;NEUTRE;0;48.6;2;0
2026.05.20 19:00;77326.84;77626.51;77259.73;77585.25;23.83;19.24;12.57;67.75;61.20;1.085;NEUTRE;0;48.4;2;1
2026.05.20 18:00;77478.28;77547.88;77302.01;77326.84;24.27;18.90;14.50;57.18;57.57;0.749;NEUTRE;0;39.3;1;1
2026.05.20 17:00;77243.63;77629.30;77140.33;77478.28;25.97;21.80;16.73;58.69;56.18;0.946;NEUTRE;0;47.6;2;1
2026.05.20 16:00;77370.30;77474.16;76921.17;77243.63;27.95;20.28;19.30;56.86;55.51;0.640;NEUTRE;0;38.2;1;1
2026.05.20 15:00;77363.76;77759.20;77215.33;77370.30;31.87;23.40;14.09;53.00;52.39;0.805;NEUTRE;0;46.6;2;1
2026.05.20 14:00;77118.51;77476.97;76802.71;77363.76;32.95;19.01;16.26;56.68;55.75;0.797;NEUTRE;0;48.3;2;1
2026.05.20 13:00;77535.14;77566.77;76886.08;77118.51;36.82;21.94;16.86;47.50;59.58;0.477;NEUTRE;0;35.9;1;1
2026.05.20 12:00;77289.29;77650.13;77270.34;77535.14;40.47;25.31;10.77;63.06;70.48;1.020;NEUTRE;0;59.2;2;1
2026.05.20 11:00;77423.38;77475.92;77230.60;77289.29;40.49;22.15;12.42;68.18;76.63;0.700;NEUTRE;0;51.4;2;1
2026.05.20 10:00;77385.43;77571.78;77385.43;77423.38;42.39;25.56;4.62;80.20;82.62;0.875;NEUTRE;0;59.9;2;1
2026.05.20 09:00;77356.62;77449.29;77261.90;77385.43;38.24;19.38;5.34;81.53;84.79;0.825;NEUTRE;0;61;2;1
2026.05.20 08:00;77188.12;77518.75;77108.06;77356.62;35.38;22.36;6.16;86.13;86.21;0.788;NEUTRE;0;62.7;2;1
2026.05.20 07:00;77321.54;77380.73;77145.96;77188.12;32.09;20.63;7.10;86.70;79.83;0.568;NEUTRE;0;58;2;1
2026.05.20 06:00;77106.30;77331.69;77099.76;77321.53;29.52;20.59;8.20;85.78;66.22;0.742;NEUTRE;0;67.7;3;0
2026.05.20 05:00;76681.30;77234.36;76681.30;77105.46;27.44;17.30;9.46;66.99;52.50;0.460;NEUTRE;0;61.1;2;0
2026.05.20 04:00;76627.24;76736.67;76587.11;76681.30;27.15;6.12;10.91;45.90;45.95;-0.092;NEUTRE;0;-24.4;0;0
2026.05.20 03:00;76597.43;76730.47;76507.85;76627.24;27.00;6.42;12.59;44.60;47.45;-0.163;NEUTRE;0;-47;-2;0
2026.05.20 02:00;76723.58;76820.54;76504.92;76597.43;26.16;7.41;14.53;47.36;45.28;-0.202;NEUTRE;0;-63.3;-2;0
2026.05.20 01:00;76700.31;76829.48;76439.32;76723.58;25.19;8.55;16.77;50.40;43.78;-0.037;NEUTRE;0;;;0
2026.05.20 00:00;76752.13;76811.63;76431.35;76698.97;24.08;9.16;19.35;38.07;48.74;-0.069;NEUTRE;0;;;0
2026.05.19 23:00;76627.85;76898.06;76585.88;76752.13;22.29;10.57;16.07;42.86;61.97;-0.230;NEUTRE;0;-11.1;0;0
2026.05.19 22:00;76899.74;76899.74;76558.67;76627.85;22.54;12.20;18.54;65.30;73.34;-0.391;NEUTRE;0;-19.3;0;0
2026.05.19 21:00;76940.11;76963.01;76884.44;76900.57;22.84;14.08;6.74;77.74;75.90;-0.037;NEUTRE;0;-2;0;0
2026.05.19 20:00;76739.73;76964.22;76739.56;76940.11;20.93;16.24;7.77;76.97;75.94;0.015;NEUTRE;0;0.8;0;0
2026.05.19 19:00;76712.69;76988.71;76677.27;76737.14;18.72;18.74;8.97;72.99;72.30;-0.249;NEUTRE;0;-14.5;0;1
2026.05.19 18:00;76766.72;76869.25;76649.03;76713.10;16.17;15.73;10.35;77.87;64.18;-0.280;NEUTRE;0;-17;0;1
2026.05.19 17:00;76807.58;76938.77;76666.57;76766.72;15.48;18.15;10.71;66.04;50.75;-0.211;NEUTRE;0;-13.7;0;1
2026.05.19 16:00;76431.86;76841.85;76324.42;76807.58;13.90;15.46;12.36;48.62;41.68;-0.158;NEUTRE;0;-11;0;1
2026.05.19 15:00;76304.96;76596.75;76248.35;76431.86;14.33;10.55;14.26;37.61;37.23;-0.646;NEUTRE;0;-40.3;-1;1
2026.05.19 14:00;76788.14;76924.29;76059.84;76304.96;14.23;12.17;16.46;38.80;36.72;-0.811;NEUTRE;0;-48.8;-2;1
2026.05.19 13:00;76855.34;76973.76;76499.91;76788.43;14.12;14.05;11.16;35.30;33.69;-0.183;NEUTRE;0;-15.5;0;1
2026.05.19 12:00;76627.60;76899.06;76557.95;76855.34;14.53;13.78;12.88;36.07;37.50;-0.096;NEUTRE;0;-9;0;1
2026.05.19 11:00;76956.13;76998.15;76554.93;76627.60;16.24;15.90;14.86;29.71;45.49;-0.392;NEUTRE;0;-35.1;-1;1
2026.05.19 10:00;76736.08;77014.84;76615.60;76956.13;18.22;18.35;15.04;46.73;62.33;0.035;NEUTRE;0;3.9;0;1
2026.05.19 09:00;76967.53;76991.33;76620.95;76735.77;19.49;20.27;17.35;60.02;73.70;-0.251;NEUTRE;0;-28.8;-1;1
2026.05.19 08:00;77153.68;77234.67;76889.15;76967.53;21.30;23.38;8.88;80.24;74.73;0.050;NEUTRE;0;7;0;1
2026.05.19 07:00;76949.80;77201.53;76891.88;77153.68;17.65;25.51;10.24;80.83;63.27;0.292;NEUTRE;0;39.4;1;1
2026.05.19 06:00;76829.17;77027.19;76806.41;76949.91;13.80;20.77;11.82;63.11;46.74;0.027;NEUTRE;0;5.1;0;0
2026.05.19 05:00;76846.00;76928.34;76563.73;76829.17;11.70;17.08;13.64;45.87;31.22;-0.130;NEUTRE;0;-27.1;-1;0
2026.05.19 04:00;76706.39;76866.98;76617.84;76846.00;11.78;17.11;15.74;31.25;22.86;-0.108;NEUTRE;0;-28;-1;0
2026.05.19 03:00;76535.28;76791.76;76507.68;76706.39;12.95;15.10;18.16;16.54;28.29;-0.289;NEUTRE;0;-62.2;-2;0
2026.05.19 02:00;76589.68;76921.69;76406.39;76535.93;13.52;17.42;20.95;20.80;48.14;-0.511;NEUTRE;0;-78.8;-3;0
2026.05.19 01:00;77065.94;77086.43;76589.68;76589.68;14.19;20.10;18.70;47.53;69.63;-0.441;NEUTRE;0;;;0
2026.05.19 00:00;76928.87;77333.39;76879.02;77065.94;15.82;23.20;12.62;76.09;81.83;0.178;NEUTRE;0;;;0
2026.05.18 23:00;77005.81;77094.76;76867.35;76928.87;13.71;18.69;14.56;85.29;84.97;-0.602;NEUTRE;0;-27.3;-1;0
2026.05.18 22:00;77030.00;77157.14;76863.25;77005.73;13.90;21.56;16.80;84.11;77.34;-0.503;NEUTRE;0;-24.3;0;0
2026.05.18 21:00;76832.33;77111.83;76720.59;77030.00;14.13;22.51;19.38;85.51;65.52;-0.471;NEUTRE;0;-23.8;0;0
2026.05.18 20:00;76836.66;77102.59;76805.76;76832.83;15.15;25.97;19.01;62.39;46.25;-0.726;NEUTRE;0;-35.6;-1;0
2026.05.18 19:00;76170.89;76922.06;76151.62;76836.79;15.11;20.61;21.94;48.67;34.20;-0.721;NEUTRE;0;-36.8;-1;1
2026.05.18 18:00;76627.98;76632.83;76068.97;76171.51;16.95;18.00;25.31;27.70;23.59;-1.580;SOFT_DOWN;-1;-60;-2;1
2026.05.18 17:00;76337.07;76686.90;76298.33;76628.18;16.96;20.77;22.95;26.23;20.18;-0.990;NEUTRE;0;-48.9;-2;1
2026.05.18 16:00;76327.39;76577.31;76135.77;76336.63;18.81;19.63;26.48;16.83;23.78;-1.367;SOFT_DOWN;-1;-59.3;-2;1
2026.05.18 15:00;76331.81;76407.54;75982.94;76327.50;19.41;16.73;30.55;17.49;39.03;-1.379;SOFT_DOWN;-1;-61.1;-2;1
2026.05.18 14:00;76879.04;76905.45;76174.72;76331.81;17.90;19.31;28.30;37.02;57.53;-1.373;SOFT_DOWN;-1;-62.6;-2;1
2026.05.18 13:00;77587.75;77589.03;76643.86;76879.04;17.75;22.28;22.78;62.59;65.47;-0.666;NEUTRE;0;-45.3;-2;1
2026.05.18 12:00;77224.40;77740.82;77212.40;77587.75;20.31;25.71;17.03;72.97;63.04;0.249;NEUTRE;0;22.2;0;1
2026.05.18 11:00;76710.74;77340.43;76599.61;77224.40;20.31;18.01;19.65;60.85;64.07;-0.220;NEUTRE;0;-21.5;0;1
2026.05.18 10:00;76872.40;76892.67;76649.81;76710.36;22.77;11.48;22.68;55.31;67.83;-0.884;NEUTRE;0;-60.1;-2;1
2026.05.18 09:00;76958.35;76979.75;76808.06;76875.96;21.22;13.24;16.14;76.07;69.31;-0.670;NEUTRE;0;-55.7;-2;1
2026.05.18 08:00;77006.44;77105.85;76814.65;76958.35;22.97;15.28;18.03;72.12;58.60;-0.564;NEUTRE;0;-54.3;-2;1
2026.05.18 07:00;76852.80;77015.33;76705.91;77006.44;25.23;12.85;20.81;59.75;44.24;-0.502;NEUTRE;0;-54.7;-2;1
2026.05.18 06:00;76866.17;76911.95;76529.43;76849.96;25.48;9.68;24.01;43.91;30.31;-0.704;NEUTRE;0;-66.6;-3;0
2026.05.18 05:00;76976.19;77023.13;76821.93;76866.17;22.85;11.17;15.94;29.07;20.71;-0.683;NEUTRE;0;-69.6;-3;0
2026.05.18 04:00;76867.02;77006.29;76711.78;76976.19;23.67;11.61;18.39;17.94;17.20;-0.541;NEUTRE;0;-69.4;-3;0
2026.05.18 03:00;76774.37;76955.96;76752.58;76867.02;23.83;10.76;21.22;15.11;21.06;-0.682;NEUTRE;0;-77.4;-3;0
2026.05.18 02:00;77052.62;77159.79;76646.18;76773.96;22.46;12.42;24.49;18.56;26.77;-0.802;NEUTRE;0;-82.8;-3;0
2026.05.18 01:00;77151.16;77225.03;76684.06;77052.62;20.88;14.33;27.12;29.51;36.06;-0.442;NEUTRE;0;;;0
2026.05.18 00:00;77394.71;77419.40;76851.12;77151.16;19.35;16.53;26.54;32.24;45.65;-0.315;NEUTRE;0;;;0
2026.05.17 23:00;77937.93;77946.03;76681.18;77394.71;18.75;19.08;30.62;46.42;61.94;-0.899;NEUTRE;0;-37.6;-1;0
2026.05.17 22:00;78345.02;78355.51;77773.95;77936.88;18.06;22.01;22.04;58.30;74.33;-0.205;NEUTRE;0;-10.4;0;0
2026.05.17 21:00;78213.54;78437.41;78186.20;78345.03;20.83;25.40;14.53;81.11;81.11;0.317;NEUTRE;0;16.6;0;0
2026.05.17 20:00;78360.89;78387.42;78194.05;78213.54;19.84;26.24;16.76;83.60;71.20;0.149;NEUTRE;0;8.4;0;0
2026.05.17 19:00;78212.23;78416.36;78160.72;78360.89;19.51;30.28;19.34;78.63;54.17;0.338;NEUTRE;0;19.3;0;0
2026.05.17 18:00;78040.79;78223.38;77957.37;78212.23;19.12;23.32;22.32;51.36;36.94;0.147;NEUTRE;0;9.1;0;0
2026.05.17 17:00;77986.69;78050.61;77804.57;78040.79;21.72;16.92;25.75;32.51;28.75;-0.072;NEUTRE;0;-4.8;0;0
2026.05.17 16:00;77998.50;78135.63;77978.05;77986.69;21.88;19.52;18.86;26.94;32.09;-0.141;NEUTRE;0;-9.9;0;0
2026.05.17 15:00;78003.15;78079.16;77888.94;77998.50;24.98;17.01;21.77;26.79;42.59;-0.126;NEUTRE;0;-9.4;0;0
2026.05.17 14:00;78158.71;78171.33;77804.50;78003.15;26.93;19.63;25.12;42.54;58.68;-0.120;NEUTRE;0;-9.6;0;0
2026.05.17 13:00;78187.15;78300.37;78134.05;78158.71;29.19;22.65;15.16;58.44;69.20;0.079;NEUTRE;0;6.8;0;0
2026.05.17 12:00;78369.53;78498.46;78299.62;78432.63;30.63;26.13;8.96;75.06;71.41;0.430;NEUTRE;0;35.2;1;0
2026.05.17 11:00;78420.05;78423.99;78252.90;78369.53;27.82;24.39;10.34;74.10;66.25;0.349;NEUTRE;0;32;1;0
2026.05.17 10:00;78203.37;78550.08;78200.51;78420.05;25.87;28.14;11.93;65.07;60.81;0.413;NEUTRE;0;39.1;1;0
2026.05.17 09:00;78043.66;78251.17;78025.07;78203.37;23.62;19.32;13.76;59.58;61.56;0.136;NEUTRE;0;16.6;0;0
2026.05.17 08:00;78135.06;78153.47;77983.24;78043.54;24.67;15.64;15.88;57.78;65.65;-0.069;NEUTRE;0;-9.6;0;0
2026.05.17 07:00;78062.34;78163.84;78009.76;78135.06;28.35;18.05;15.93;67.32;69.30;0.049;NEUTRE;0;7.9;0;0
2026.05.17 06:00;78082.50;78167.04;77967.46;78062.34;31.75;20.83;18.38;71.87;65.48;-0.045;NEUTRE;0;-8.4;0;0
2026.05.17 05:00;78109.01;78268.48;78060.34;78082.50;35.68;24.03;14.04;68.71;50.97;-0.019;NEUTRE;0;-4.3;0;0
2026.05.17 04:00;77976.60;78155.94;77949.50;78109.01;37.13;19.41;16.20;55.87;34.36;0.015;NEUTRE;0;4.2;0;0
2026.05.17 03:00;77850.82;78037.80;77840.75;77976.60;41.46;13.59;18.70;28.32;19.85;-0.154;NEUTRE;0;-45.3;-2;0
2026.05.17 02:00;77686.67;77893.38;77678.25;77850.82;45.40;4.41;21.57;18.88;17.58;-0.315;NEUTRE;0;-72.1;-3;0
2026.05.17 01:00;77897.63;78070.72;77681.71;77686.78;42.22;5.09;24.64;12.35;21.63;-0.525;NEUTRE;0;;;0
2026.05.17 00:00;78097.12;78194.14;77763.76;77897.55;38.60;5.87;25.19;21.53;32.40;-0.256;NEUTRE;0;;;0
2026.05.16 23:00;78137.69;78221.54;78076.14;78097.12;34.97;6.77;17.90;31.01;45.11;-1.203;NEUTRE;0;-45.9;-2;0
2026.05.16 22:00;78217.03;78233.05;78121.83;78137.69;33.41;7.82;15.82;44.65;56.28;-1.152;NEUTRE;0;-45.9;-2;0
2026.05.16 21:00;78194.19;78264.12;78158.83;78217.03;33.35;9.02;13.13;59.66;64.51;-1.051;NEUTRE;0;-44.6;-1;0
2026.05.16 20:00;78218.76;78276.05;78152.97;78194.19;35.62;10.41;15.16;64.54;68.04;-1.080;NEUTRE;0;-46.8;-2;0
2026.05.16 19:00;78182.83;78262.04;78158.55;78218.76;38.24;10.26;17.49;69.32;70.88;-1.049;NEUTRE;0;-47.4;-2;0
2026.05.16 18:00;78153.09;78285.61;78098.96;78182.83;40.11;11.83;20.18;70.26;72.15;-1.095;NEUTRE;0;-50.2;-2;0
2026.05.16 17:00;78161.23;78277.36;78151.90;78153.19;42.27;13.65;18.92;73.07;69.82;-1.132;NEUTRE;0;-52.7;-2;0
2026.05.16 16:00;78186.36;78317.70;78076.74;78160.31;46.29;15.75;21.83;73.13;62.64;-1.123;NEUTRE;0;-54.1;-2;0
2026.05.16 15:00;78080.27;78238.33;78023.78;78186.53;50.93;13.11;25.19;63.26;52.80;-1.090;NEUTRE;0;-55.1;-2;0
2026.05.16 14:00;77966.17;78285.50;77845.04;78080.27;53.91;15.13;29.06;51.54;43.04;-1.224;NEUTRE;0;-59.9;-2;0
2026.05.16 13:00;77959.67;77969.14;77786.00;77966.17;57.36;6.41;33.53;43.60;34.54;-1.369;SOFT_DOWN;-1;-64.3;-2;0
2026.05.16 12:00;78031.90;78084.76;77871.21;77959.67;55.73;7.39;31.53;33.98;27.72;-1.377;SOFT_DOWN;-1;-66.1;-3;0
2026.05.16 11:00;77918.91;78145.06;77916.29;78031.90;54.76;8.53;33.14;26.05;24.55;-1.286;SOFT_DOWN;-1;-66.5;-3;0
2026.05.16 10:00;78033.15;78052.25;77599.04;77918.91;54.10;3.60;38.23;23.12;25.19;-1.429;SOFT_DOWN;-1;-70.4;-3;0
2026.05.16 09:00;78364.57;78387.42;77862.44;78033.15;49.69;4.15;35.17;24.50;27.36;-1.284;SOFT_DOWN;-1;-70.4;-3;0
2026.05.16 08:00;78322.73;78470.10;78284.65;78364.57;45.20;4.79;28.21;27.97;31.39;-0.865;NEUTRE;0;-64.9;-2;0
2026.05.16 07:00;78585.40;78601.49;78026.60;78322.73;41.23;5.53;32.55;29.61;37.62;-0.918;NEUTRE;0;-68.8;-3;0
2026.05.16 06:00;78982.47;79001.88;78414.69;78585.48;36.66;6.38;27.18;36.59;44.44;-0.585;NEUTRE;0;-62.5;-2;0
2026.05.16 05:00;78981.15;78986.80;78878.40;78982.47;32.76;7.36;19.21;46.66;52.89;-0.083;NEUTRE;0;-18.1;0;0
2026.05.16 04:00;79022.99;79068.66;78804.45;78981.15;30.94;8.49;22.16;50.06;60.43;-0.085;NEUTRE;0;-22.7;0;0
2026.05.16 03:00;79078.88;79130.57;78997.74;79022.99;28.84;9.80;14.32;61.96;64.79;-0.032;NEUTRE;0;-11.9;0;0
2026.05.16 02:00;79100.72;79146.81;79005.63;79078.88;30.40;11.31;15.61;69.28;58.32;0.039;NEUTRE;0;21;0;0
2026.05.16 01:00;79052.92;79122.17;78946.72;79100.72;32.61;10.36;18.01;63.14;43.81;0.066;NEUTRE;0;;;0
2026.05.16 00:00;79048.18;79166.26;79011.85;79052.92;33.49;11.96;15.07;42.52;29.38;0.006;NEUTRE;0;;;0
2026.05.15 23:00;79045.52;79099.02;79014.74;79048.18;36.87;7.10;17.39;25.78;21.09;-2.485;STRONG_DOWN;-2;-64.8;-2;0
2026.05.15 22:00;78917.65;79095.13;78915.10;79045.52;36.07;7.48;20.06;19.83;26.93;-2.489;STRONG_DOWN;-2;-65.8;-3;0
2026.05.15 21:00;79069.74;79149.26;78858.42;78918.47;34.59;8.63;23.15;17.66;36.51;-2.645;STRONG_DOWN;-2;-68.1;-3;0
2026.05.15 20:00;79096.17;79165.59;78941.02;79069.74;32.89;9.96;22.34;43.30;45.46;-2.459;STRONG_DOWN;-2;-67.6;-3;0
2026.05.15 19:00;79228.82;79235.01;78998.18;79096.17;32.05;11.49;21.86;48.57;42.10;-2.426;SOFT_DOWN;-1;-68.3;-3;1
2026.05.15 18:00;79411.49;79517.65;79116.07;79227.43;32.19;13.26;17.56;44.52;34.69;-2.264;SOFT_DOWN;-1;-68;-3;1
2026.05.15 17:00;79249.58;79454.80;79175.87;79411.49;35.00;12.89;20.26;33.23;25.44;-2.037;SOFT_DOWN;-1;-67;-3;1
2026.05.15 16:00;79100.47;79334.30;79081.93;79249.83;36.96;8.22;23.38;26.32;18.69;-2.236;SOFT_DOWN;-1;-70;-3;1
2026.05.15 15:00;79104.29;79331.05;78970.04;79100.47;35.26;9.29;26.98;16.76;13.63;-2.421;SOFT_DOWN;-1;-72.5;-3;1
2026.05.15 14:00;78701.78;79276.00;78596.85;79104.01;33.19;8.37;31.13;12.98;20.99;-2.416;SOFT_DOWN;-1;-73.6;-3;1
2026.05.15 13:00;80363.81;80363.81;78638.05;78701.20;29.43;9.66;34.99;11.16;30.55;-2.913;STRONG_DOWN;-2;-77.2;-3;1
2026.05.15 12:00;80599.59;80622.14;80316.11;80363.80;25.23;11.15;25.41;38.82;41.08;-0.862;NEUTRE;0;-54.8;-2;1
2026.05.15 11:00;80693.82;80737.08;80567.10;80599.59;23.11;12.86;16.70;41.68;41.89;-0.571;NEUTRE;0;-45.6;-2;1
2026.05.15 10:00;80468.15;80751.52;80387.10;80693.66;24.67;14.84;19.27;42.74;41.14;-0.455;NEUTRE;0;-41.9;-1;1
2026.05.15 09:00;80623.13;80660.33;80349.25;80468.15;26.46;13.27;22.24;41.24;35.14;-0.734;NEUTRE;0;-58.1;-2;1
2026.05.15 08:00;80798.97;80808.94;80395.15;80621.82;26.65;15.32;23.39;39.46;24.83;-0.544;NEUTRE;0;-53.3;-2;1
2026.05.15 07:00;80559.97;80979.80;80532.61;80798.97;27.55;17.67;21.87;24.73;15.71;-0.325;NEUTRE;0;-42.5;-1;1
2026.05.15 06:00;80330.35;80611.96;80286.34;80560.11;30.15;7.74;25.24;10.31;18.02;-0.620;NEUTRE;0;-63.8;-2;0
2026.05.15 05:00;80695.53;80857.43;80283.92;80330.35;26.62;8.93;29.12;12.08;27.55;-0.904;NEUTRE;0;-74.3;-3;0
2026.05.15 04:00;81038.89;81069.36;80676.87;80695.45;22.55;10.30;23.06;31.68;40.61;-0.453;NEUTRE;0;-65.9;-3;0
2026.05.15 03:00;81264.44;81317.73;80901.31;81038.89;20.14;11.89;17.81;38.90;40.41;-0.029;NEUTRE;0;-10.8;0;0
2026.05.15 02:00;81105.93;81326.34;80719.14;81264.44;20.17;13.72;20.55;51.25;40.05;0.249;NEUTRE;0;67.8;3;0
2026.05.15 01:00;81485.80;81594.30;81076.52;81105.93;20.21;15.83;14.66;31.09;30.65;0.053;NEUTRE;0;;;0
2026.05.15 00:00;81062.79;81634.74;81032.04;81487.50;22.72;18.26;16.91;37.81;30.70;0.524;NEUTRE;0;;;0
2026.05.14 23:00;81433.45;81433.45;81019.31;81062.79;25.63;15.93;19.51;23.06;30.70;2.259;SOFT_UP;1;62.7;2;0
2026.05.14 22:00;81360.42;81531.59;81307.72;81433.45;28.02;18.38;11.80;31.24;44.20;2.726;STRONG_UP;2;67.7;3;0
2026.05.14 21:00;81391.99;81509.71;81244.84;81360.42;28.97;19.71;13.62;37.80;59.39;2.634;STRONG_UP;2;68;3;0
2026.05.14 20:00;81415.91;81600.52;81142.01;81391.99;30.62;22.74;15.71;63.55;76.45;2.674;STRONG_UP;2;69.2;3;0
2026.05.14 19:00;81568.01;81712.80;81319.80;81415.83;32.52;26.24;12.16;76.82;86.71;2.704;STRONG_UP;2;70.4;3;1
2026.05.14 18:00;81660.91;81957.26;81427.32;81568.01;31.89;30.27;9.83;88.99;94.05;2.896;STRONG_UP;2;72.5;3;1
2026.05.14 17:00;81861.20;82032.81;81265.22;81660.73;28.95;34.93;11.34;94.31;94.88;3.013;STRONG_UP;2;74;3;1
2026.05.14 16:00;81284.51;81874.41;81067.06;81861.37;25.55;37.13;13.08;98.86;91.39;3.266;STRONG_UP;2;76;3;1
2026.05.14 15:00;80936.79;81317.30;80786.24;81284.51;22.12;32.22;15.09;91.48;74.12;2.538;STRONG_UP;2;73.3;3;1
2026.05.14 14:00;79666.64;80966.74;79519.60;80936.79;19.95;27.03;17.42;83.84;56.07;2.100;SOFT_UP;1;71.3;3;1
2026.05.14 13:00;79725.94;80009.35;79641.20;79666.64;19.69;21.01;20.10;47.03;36.05;0.497;NEUTRE;0;37;1;1
2026.05.14 12:00;79204.30;79739.40;79183.40;79726.29;22.38;12.96;23.19;37.35;39.63;0.573;NEUTRE;0;43.3;1;1
2026.05.14 11:00;79519.37;79562.78;79178.21;79204.30;21.47;10.06;26.75;23.76;50.72;-0.086;NEUTRE;0;-8.8;0;1
2026.05.14 10:00;79583.77;79711.26;79359.02;79519.37;17.80;11.61;23.64;57.79;69.66;0.312;NEUTRE;0;31.6;1;1
2026.05.14 09:00;79769.79;79859.06;79522.28;79583.77;15.29;13.40;20.14;70.61;77.29;0.393;NEUTRE;0;40.7;1;1
2026.05.14 08:00;79694.36;79892.37;79584.07;79769.79;14.55;15.46;20.42;80.58;80.17;0.627;NEUTRE;0;57.1;2;1
2026.05.14 07:00;79768.03;79889.40;79654.32;79695.69;14.66;17.84;20.06;80.68;72.86;0.534;NEUTRE;0;56.4;2;1
2026.05.14 06:00;79764.50;79897.24;79717.80;79768.03;16.02;20.58;18.99;79.26;59.04;0.625;NEUTRE;0;64;2;0
2026.05.14 05:00;79411.06;79948.29;79324.46;79764.50;17.86;23.75;21.91;58.64;44.92;0.621;NEUTRE;0;67.8;3;0
2026.05.14 04:00;78995.08;79425.29;78928.87;79410.89;19.99;14.50;25.28;39.23;44.82;0.175;NEUTRE;0;40.8;1;0
2026.05.14 03:00;79320.47;79412.85;78884.33;78995.08;18.90;16.35;29.17;36.90;49.28;-0.350;NEUTRE;0;-66.5;-3;0
2026.05.14 02:00;79555.48;79635.28;79176.20;79320.47;17.47;18.87;25.16;58.34;50.02;0.061;NEUTRE;0;31;1;0
2026.05.14 01:00;79530.07;79646.32;79366.82;79555.48;17.96;21.77;22.64;52.60;41.43;0.357;NEUTRE;0;;;0
2026.05.14 00:00;79272.40;79640.16;79264.49;79528.65;20.42;24.78;26.12;39.11;44.51;0.323;NEUTRE;0;;;0
2026.05.13 23:00;79381.72;79444.49;79183.56;79272.40;23.16;20.58;30.14;32.59;56.40;-1.486;SOFT_DOWN;-1;-51.9;-2;0
2026.05.13 22:00;79352.47;79426.78;79175.16;79381.93;23.82;22.70;34.78;61.83;72.76;-1.350;SOFT_DOWN;-1;-50.4;-2;0
2026.05.13 21:00;79661.79;79666.68;79300.50;79352.47;24.25;26.19;32.47;74.78;73.96;-1.387;SOFT_DOWN;-1;-52.5;-2;0
2026.05.13 20:00;79601.30;79719.39;79570.93;79661.79;26.33;30.22;26.10;81.68;63.38;-1.002;NEUTRE;0;-44.6;-1;0
2026.05.13 19:00;79557.74;79603.17;79352.79;79601.29;29.26;22.83;30.11;65.41;43.09;-1.077;NEUTRE;0;-48.2;-2;1
2026.05.13 18:00;79470.64;79767.68;79469.07;79557.73;31.64;26.34;27.60;43.04;25.05;-1.132;NEUTRE;0;-51.1;-2;1
2026.05.13 17:00;79056.87;79514.19;79053.10;79470.64;36.15;17.33;31.85;20.83;12.82;-1.240;NEUTRE;0;-55.2;-2;1
2026.05.13 16:00;78772.49;79176.92;78699.16;79055.29;37.16;8.74;36.75;11.27;10.40;-1.756;SOFT_DOWN;-1;-65.2;-3;1
2026.05.13 15:00;79712.25;79810.12;78754.09;78773.89;33.41;10.09;40.63;6.35;10.07;-2.106;SOFT_DOWN;-1;-70.1;-3;1
2026.05.13 14:00;79606.79;79853.69;79444.95;79711.99;29.28;11.64;36.82;13.58;12.09;-0.940;NEUTRE;0;-52.9;-2;1
2026.05.13 13:00;80157.41;80305.14;79539.00;79606.79;25.79;13.43;38.95;10.28;15.18;-1.071;NEUTRE;0;-58.4;-2;1
2026.05.13 12:00;80457.85;80553.56;79814.02;80157.41;22.26;15.49;39.42;12.39;29.27;-0.386;NEUTRE;0;-32.4;-1;1
2026.05.13 11:00;80765.58;80800.87;80457.85;80457.85;18.99;17.88;32.09;22.87;47.49;-0.013;NEUTRE;0;-1.3;0;1
2026.05.13 10:00;81242.92;81251.15;80765.58;80765.58;17.53;20.63;23.22;52.57;53.32;0.369;NEUTRE;0;36;1;1
2026.05.13 09:00;81147.66;81269.66;81088.55;81242.92;19.32;23.80;16.56;67.04;48.11;0.963;NEUTRE;0;64.6;2;1
2026.05.13 08:00;80979.72;81158.06;80897.89;81147.59;19.53;17.98;19.11;40.36;47.26;0.844;NEUTRE;0;64.3;2;1
2026.05.13 07:00;80940.26;81011.96;80844.90;80979.72;22.07;12.11;22.05;36.93;61.78;0.636;NEUTRE;0;60.8;2;1
2026.05.13 06:00;80983.24;81120.97;80931.48;80940.26;20.99;13.97;17.46;64.50;78.78;0.587;NEUTRE;0;62.6;2;0
2026.05.13 05:00;81199.88;81210.64;80958.34;80983.24;22.51;16.12;17.97;83.92;84.71;0.640;NEUTRE;0;68.4;3;0
2026.05.13 04:00;81219.23;81249.03;81092.10;81199.88;25.14;18.60;12.58;87.93;81.00;0.909;NEUTRE;0;77.4;3;0
2026.05.13 03:00;81020.23;81262.26;80951.48;81219.23;26.04;21.47;14.51;82.29;70.49;0.933;NEUTRE;0;80.7;3;0
2026.05.13 02:00;80968.31;81233.59;80900.08;81021.91;27.07;23.35;16.75;72.79;57.52;0.688;NEUTRE;0;81.6;3;0
2026.05.13 01:00;80681.89;81160.59;80640.82;80968.20;28.70;23.57;19.32;56.39;50.19;0.621;NEUTRE;0;;;0
2026.05.13 00:00;80468.27;80740.23;80377.31;80681.89;31.59;14.76;22.30;43.38;54.87;0.265;NEUTRE;0;;;0
2026.05.12 23:00;80624.67;80685.78;80401.97;80471.50;33.33;14.72;25.73;50.80;67.81;-1.516;SOFT_DOWN;-1;-52.4;-2;0
2026.05.12 22:00;80553.48;80756.14;80553.48;80624.67;34.27;16.98;21.47;70.43;79.31;-1.329;SOFT_DOWN;-1;-50;-2;0
2026.05.12 21:00;80656.86;80702.58;80464.24;80553.48;37.74;15.53;24.78;82.21;82.04;-1.416;SOFT_DOWN;-1;-53;-2;0
2026.05.12 20:00;80799.48;80853.61;80601.13;80656.86;40.02;17.92;19.75;85.30;71.39;-1.290;SOFT_DOWN;-1;-51.8;-2;0
2026.05.12 19:00;80636.61;80841.52;80634.12;80797.01;45.43;20.68;20.78;78.61;53.54;-1.118;NEUTRE;0;-49.2;-2;1
2026.05.12 18:00;80477.71;80715.07;80399.12;80636.45;52.38;14.48;23.98;50.25;33.20;-1.314;SOFT_DOWN;-1;-55.2;-2;1
2026.05.12 17:00;79953.63;80543.49;79907.82;80477.71;56.64;8.35;27.66;31.77;22.51;-1.509;SOFT_DOWN;-1;-60.2;-2;1
2026.05.12 16:00;80286.31;80388.17;79799.00;79953.43;57.10;5.88;31.92;17.58;23.61;-2.150;SOFT_DOWN;-1;-69.3;-3;1
2026.05.12 15:00;80502.29;80630.18;80135.64;80286.31;55.29;6.78;28.04;18.19;31.77;-1.743;SOFT_DOWN;-1;-66.4;-3;1
2026.05.12 14:00;80421.36;80859.28;80346.22;80502.27;54.40;7.82;25.80;35.06;38.81;-1.479;SOFT_DOWN;-1;-64.3;-2;1
2026.05.12 13:00;80844.25;80894.51;80351.42;80421.36;54.54;9.03;29.62;42.06;34.87;-1.578;SOFT_DOWN;-1;-67.3;-3;1
2026.05.12 12:00;80740.53;80968.06;80579.41;80844.25;54.74;10.42;27.72;39.30;25.24;-1.060;NEUTRE;0;-60.1;-2;1
2026.05.12 11:00;80628.50;80748.49;80456.90;80742.86;56.18;3.33;31.98;23.25;16.88;-1.184;NEUTRE;0;-64.8;-2;1
2026.05.12 10:00;80785.48;80802.79;80578.25;80628.50;52.34;3.84;30.50;13.18;12.67;-1.324;SOFT_DOWN;-1;-69;-3;1
2026.05.12 09:00;80795.82;80918.30;80672.95;80785.48;48.45;4.43;28.70;14.20;19.26;-1.132;NEUTRE;0;-68;-3;1
2026.05.12 08:00;80813.14;80925.44;80716.85;80797.46;44.63;5.11;30.37;10.64;29.45;-1.117;NEUTRE;0;-70;-3;1
2026.05.12 07:00;80981.06;81096.04;80770.92;80813.09;40.55;5.90;31.05;32.94;40.49;-1.098;NEUTRE;0;-72.1;-3;1
2026.05.12 06:00;81187.04;81269.24;80967.27;80981.91;36.31;6.81;26.53;44.77;42.95;-0.892;NEUTRE;0;-71.2;-3;0
2026.05.12 05:00;81187.21;81272.63;81147.56;81187.04;32.80;7.85;21.43;43.78;40.55;-0.641;NEUTRE;0;-68.4;-3;0
2026.05.12 04:00;81020.75;81266.18;80955.46;81187.27;30.71;8.27;24.73;40.31;37.57;-0.640;NEUTRE;0;-72.4;-3;0
2026.05.12 03:00;81218.81;81257.58;80985.73;81020.75;27.76;9.54;27.03;37.56;33.84;-0.844;NEUTRE;0;-79.8;-3;0
2026.05.12 02:00;81157.50;81300.20;81049.23;81218.81;24.68;11.01;27.60;34.82;30.20;-0.602;NEUTRE;0;-80.4;-3;0
2026.05.12 01:00;81512.89;81587.41;80677.05;81157.50;21.86;12.70;31.84;29.15;33.93;-0.677;NEUTRE;0;;;0
2026.05.12 00:00;81710.53;81759.91;81446.72;81512.89;18.62;14.66;23.74;26.63;42.78;-0.242;NEUTRE;0;;;0
2026.05.11 23:00;81797.51;81799.54;81582.66;81710.53;17.84;16.91;20.71;46.02;58.03;-0.576;NEUTRE;0;-26.3;-1;0
2026.05.11 22:00;81796.09;81933.96;81701.71;81797.51;19.04;19.52;15.45;55.70;69.28;-0.470;NEUTRE;0;-22.8;0;0
2026.05.11 21:00;81795.84;81871.46;81565.39;81796.09;20.18;18.38;17.83;72.36;79.87;-0.471;NEUTRE;0;-23.8;0;0
2026.05.11 20:00;81938.02;82058.53;81727.49;81795.84;23.05;21.20;12.43;79.78;83.85;-0.472;NEUTRE;0;-24.9;0;0
2026.05.11 19:00;81830.03;82069.89;81703.77;81938.02;22.58;24.47;14.34;87.46;86.73;-0.299;NEUTRE;0;-17.2;0;1
2026.05.11 18:00;81910.76;82114.42;81810.28;81830.03;22.04;28.23;12.07;84.32;83.21;-0.430;NEUTRE;0;-25.2;-1;1
2026.05.11 17:00;81535.68;82034.29;81325.53;81910.76;19.26;28.52;13.92;88.40;78.62;-0.332;NEUTRE;0;-21;0;1
2026.05.11 16:00;81406.56;81878.37;81299.37;81536.01;16.93;29.52;16.07;76.91;67.11;-0.788;NEUTRE;0;-44.1;-1;1
2026.05.11 15:00;80893.24;81414.26;80775.66;81406.56;14.99;21.73;18.54;70.54;64.24;-0.945;NEUTRE;0;-51.1;-2;1
2026.05.11 14:00;81019.29;81206.50;80414.46;80893.24;16.08;20.07;21.39;53.90;64.11;-1.570;SOFT_DOWN;-1;-65.7;-3;1
2026.05.11 13:00;81017.32;81297.79;80715.92;81017.27;18.06;23.16;18.82;68.28;72.30;-1.419;SOFT_DOWN;-1;-65.1;-3;1
2026.05.11 12:00;81169.56;81321.51;80989.34;81016.62;19.25;26.72;14.49;70.15;68.40;-1.420;SOFT_DOWN;-1;-66.8;-3;1
2026.05.11 11:00;80909.01;81168.53;80872.62;81168.53;17.65;23.75;16.72;78.45;60.49;-1.235;NEUTRE;0;-65.7;-3;1
2026.05.11 10:00;80930.97;81171.80;80907.63;80909.01;17.69;27.41;17.47;56.60;44.71;-1.551;SOFT_DOWN;-1;-71.9;-3;1
2026.05.11 09:00;80727.29;80971.40;80718.75;80930.97;17.00;19.95;20.16;46.41;35.22;-1.524;SOFT_DOWN;-1;-73.3;-3;1
2026.05.11 08:00;80706.05;80829.31;80584.02;80727.12;19.54;14.37;23.26;31.11;27.06;-1.772;SOFT_DOWN;-1;-77.1;-3;1
2026.05.11 07:00;80798.33;80807.95;80646.06;80706.05;18.91;16.58;22.95;28.15;22.04;-1.798;SOFT_DOWN;-1;-78.8;-3;1
2026.05.11 06:00;80800.18;81010.07;80727.35;80798.33;19.34;19.13;18.75;21.93;18.61;-1.686;SOFT_DOWN;-1;-79.8;-3;0
2026.05.11 05:00;80783.38;80943.56;80724.07;80795.96;22.16;18.45;21.64;16.04;20.92;-1.688;SOFT_DOWN;-1;-81.5;-3;0
2026.05.11 04:00;80701.80;80847.72;80603.72;80784.93;24.35;14.57;24.97;17.85;30.26;-1.702;SOFT_DOWN;-1;-83.2;-3;0
2026.05.11 03:00;81142.41;81156.82;80492.24;80701.80;24.05;16.81;28.81;28.86;45.67;-1.803;SOFT_DOWN;-1;-85.2;-3;0
2026.05.11 02:00;81474.00;81532.89;81083.10;81143.41;23.71;19.40;19.57;44.05;61.97;-1.266;SOFT_DOWN;-1;-85.4;-3;0
2026.05.11 01:00;81441.27;81712.87;81257.48;81474.00;27.29;22.39;16.61;64.10;72.86;-0.863;NEUTRE;0;;;0
2026.05.11 00:00;82183.55;82346.62;81246.94;81437.53;29.21;25.83;19.17;77.75;71.06;-0.908;NEUTRE;0;;;0
2026.05.10 23:00;82027.04;82441.76;82026.81;82183.55;31.42;29.80;11.20;76.73;59.16;1.912;SOFT_UP;1;58.6;2;0
2026.05.10 22:00;80691.40;82141.62;80645.86;82027.04;29.28;23.26;12.93;58.71;50.86;1.718;SOFT_UP;1;57;2;0
2026.05.10 21:00;80706.40;80920.86;80555.58;80691.40;29.39;14.28;14.92;42.05;56.28;0.062;NEUTRE;0;3.3;0;0
2026.05.10 20:00;81408.48;81433.89;80278.56;80706.40;33.58;16.48;17.21;51.82;67.75;0.080;NEUTRE;0;4.5;0;0
2026.05.10 19:00;81247.89;81457.28;81121.10;81408.48;38.41;19.02;8.64;74.97;79.93;0.951;NEUTRE;0;44.6;1;0
2026.05.10 18:00;81454.62;81469.28;81205.28;81247.89;38.55;21.94;6.12;76.48;84.91;0.752;NEUTRE;0;39.5;1;0
2026.05.10 17:00;81341.91;81551.94;81191.86;81454.62;35.80;25.32;7.06;88.35;90.53;1.008;NEUTRE;0;49.4;2;0
2026.05.10 16:00;81385.65;81469.13;81165.99;81341.91;32.64;25.68;8.15;89.90;91.16;0.868;NEUTRE;0;46.9;2;0
2026.05.10 15:00;80962.40;81414.98;80907.28;81385.65;29.68;26.88;9.40;93.35;86.46;0.922;NEUTRE;0;50.5;2;0
2026.05.10 14:00;80938.30;80977.88;80786.09;80962.40;26.84;17.77;10.84;90.22;79.85;0.398;NEUTRE;0;29.3;1;0
2026.05.10 13:00;80906.10;80981.06;80837.59;80939.98;27.24;20.50;8.38;75.80;71.04;0.370;NEUTRE;0;29.3;1;0
2026.05.10 12:00;80798.23;80929.73;80753.83;80911.04;24.98;18.15;9.67;73.52;69.53;0.334;NEUTRE;0;28.7;1;0
2026.05.10 11:00;80839.38;80941.71;80716.90;80799.38;24.13;20.95;11.16;63.79;64.08;0.195;NEUTRE;0;19.3;0;0
2026.05.10 10:00;80780.83;80858.92;80659.90;80839.38;23.15;18.50;12.88;71.28;60.39;0.245;NEUTRE;0;25.8;1;0
2026.05.10 09:00;80805.20;80885.43;80719.93;80780.83;23.95;21.35;10.22;57.17;50.58;0.172;NEUTRE;0;20.6;0;0
2026.05.10 08:00;80711.56;80880.15;80688.27;80805.20;22.21;24.14;11.79;52.73;47.91;0.203;NEUTRE;0;26.6;1;0
2026.05.10 07:00;80709.23;80779.85;80694.60;80711.56;20.34;19.82;13.60;41.84;48.46;0.087;NEUTRE;0;13.8;0;0
2026.05.10 06:00;80663.89;80732.44;80621.83;80709.23;20.61;14.31;15.69;49.15;56.71;0.084;NEUTRE;0;15.4;0;0
2026.05.10 05:00;80730.08;80789.00;80651.99;80663.89;23.07;16.51;13.91;54.38;59.15;0.027;NEUTRE;0;6.1;0;0
2026.05.10 04:00;80741.62;80817.76;80699.58;80731.19;25.30;19.05;10.71;66.61;54.33;0.111;NEUTRE;0;28.7;1;0
2026.05.10 03:00;80752.74;80855.78;80677.03;80741.62;24.89;21.98;12.36;56.45;39.12;0.124;NEUTRE;0;39.2;1;0
2026.05.10 02:00;80648.56;80764.52;80574.43;80752.74;24.40;17.51;14.26;39.92;26.50;0.138;NEUTRE;0;53.7;2;0
2026.05.10 01:00;80646.97;80661.18;80541.13;80648.31;26.58;11.84;16.45;20.99;21.68;0.008;NEUTRE;0;;;0
2026.05.10 00:00;80641.78;80743.79;80594.02;80646.97;28.16;13.66;12.21;18.59;27.95;0.006;NEUTRE;0;;;0
2026.05.09 23:00;80740.85;80815.85;80593.13;80641.78;31.63;15.76;14.08;25.47;42.87;0.585;NEUTRE;0;26.6;1;0
2026.05.09 22:00;80751.18;80798.49;80644.40;80740.85;35.63;18.19;12.71;39.80;59.50;0.708;NEUTRE;0;32.4;1;0
2026.05.09 21:00;80781.26;80871.65;80715.37;80751.18;38.39;20.99;7.58;63.35;73.90;0.721;NEUTRE;0;34.1;1;0
2026.05.09 20:00;80918.09;80921.28;80716.78;80781.26;37.07;24.22;8.61;75.35;79.21;0.759;NEUTRE;0;36.8;1;0
2026.05.09 19:00;80881.01;80933.57;80752.02;80918.08;35.46;27.94;7.28;83.02;80.50;0.929;NEUTRE;0;43.9;1;0
2026.05.09 18:00;80782.87;81045.85;80756.09;80881.01;31.89;32.24;8.06;79.25;77.12;0.883;NEUTRE;0;44;1;0
2026.05.09 17:00;80591.69;80892.10;80591.69;80782.87;27.56;29.04;9.29;79.22;76.81;0.761;NEUTRE;0;41.4;1;0
2026.05.09 16:00;80506.53;80745.82;80465.75;80591.17;23.88;26.02;10.72;72.89;76.86;0.521;NEUTRE;0;32.7;1;0
2026.05.09 15:00;80308.03;80574.01;80205.78;80506.53;21.15;20.59;12.37;78.32;78.68;0.416;NEUTRE;0;28.7;1;0
2026.05.09 14:00;80372.11;80401.01;80228.05;80308.03;20.57;16.53;14.28;79.38;73.49;0.168;NEUTRE;0;13.3;0;0
2026.05.09 13:00;80380.97;80402.69;80294.34;80372.11;22.61;19.07;10.58;78.35;61.63;0.248;NEUTRE;0;20.6;0;0
2026.05.09 12:00;80309.09;80391.74;80244.52;80382.13;21.68;20.45;12.21;62.75;49.52;0.261;NEUTRE;0;23.2;0;0
2026.05.09 11:00;80242.28;80349.88;80225.70;80309.09;21.12;19.23;14.08;43.79;39.43;0.170;NEUTRE;0;16.9;0;0
2026.05.09 10:00;80216.65;80323.62;80142.33;80242.28;22.00;18.93;16.25;42.04;33.97;0.086;NEUTRE;0;9.6;0;0
2026.05.09 09:00;80383.56;80391.15;80187.29;80216.65;24.21;21.84;14.93;32.46;27.10;0.054;NEUTRE;0;6.7;0;0
2026.05.09 08:00;80200.05;80421.89;80190.52;80383.56;25.05;25.20;16.99;27.41;27.42;0.262;NEUTRE;0;32.8;1;0
2026.05.09 07:00;80239.00;80280.58;80115.85;80200.05;25.90;19.68;19.60;21.42;34.89;0.034;NEUTRE;0;5.5;0;0
2026.05.09 06:00;80357.93;80412.19;80176.62;80238.27;29.86;22.71;16.94;33.42;48.96;0.081;NEUTRE;0;14.9;0;0
2026.05.09 05:00;80362.22;80464.06;80327.83;80357.93;32.21;26.21;9.67;49.82;61.64;0.231;NEUTRE;0;42.3;1;0
2026.05.09 04:00;80369.44;80639.01;80347.15;80362.22;30.08;30.24;8.98;63.65;66.97;0.236;NEUTRE;0;49.3;2;0
2026.05.09 03:00;80396.76;80514.43;80288.94;80369.44;26.37;28.33;10.36;71.45;63.93;0.245;NEUTRE;0;58.1;2;0
2026.05.09 02:00;80304.94;80456.26;80304.94;80396.37;23.28;28.71;11.96;65.81;59.37;0.278;NEUTRE;0;69.9;3;0
2026.05.09 01:00;80214.25;80419.75;80198.20;80304.94;20.52;29.42;13.80;54.54;62.01;0.164;NEUTRE;0;;;0
2026.05.09 00:00;80173.13;80221.95;80102.52;80214.25;18.12;20.21;15.92;57.76;70.15;0.051;NEUTRE;0;;;0
2026.05.08 23:00;80259.16;80272.90;80090.99;80173.13;19.08;23.32;18.37;73.75;78.18;0.231;NEUTRE;0;11.2;0;0
2026.05.08 22:00;80237.60;80391.56;80213.25;80259.00;20.19;26.91;10.85;78.93;76.82;0.338;NEUTRE;0;16.8;0;0
2026.05.08 21:00;80116.15;80245.29;80088.69;80237.60;16.75;18.43;12.52;81.86;72.27;0.312;NEUTRE;0;16.3;0;0
2026.05.08 20:00;80150.59;80269.23;80058.21;80112.82;16.39;21.26;14.45;69.66;60.75;0.156;NEUTRE;0;8.7;0;0
2026.05.08 19:00;80059.56;80149.72;79932.94;80149.72;15.98;15.82;16.67;65.30;53.99;0.202;NEUTRE;0;11.8;0;1
2026.05.08 18:00;80033.11;80278.40;80033.11;80059.26;18.03;18.25;12.13;47.29;49.31;0.089;NEUTRE;0;5.6;0;1
2026.05.08 17:00;79765.56;80238.01;79703.24;80033.11;17.71;18.53;13.99;49.37;48.84;0.056;NEUTRE;0;3.7;0;1
2026.05.08 16:00;80110.37;80150.81;79708.19;79765.56;18.29;18.87;16.15;51.27;45.50;-0.278;NEUTRE;0;-18.9;0;1
2026.05.08 15:00;80118.57;80172.01;79581.86;80109.29;19.90;21.77;18.63;45.88;45.36;0.151;NEUTRE;0;11.2;0;1
2026.05.08 14:00;79609.15;80398.79;79608.82;80118.57;21.77;25.12;20.79;39.35;56.61;0.163;NEUTRE;0;12.9;0;1
2026.05.08 13:00;79999.11;80073.44;79509.37;79611.41;23.67;22.65;23.99;50.84;73.30;-0.471;NEUTRE;0;-35.5;-1;1
2026.05.08 12:00;80207.69;80462.00;79951.69;79998.59;26.87;26.14;15.62;79.65;85.61;0.013;NEUTRE;0;1.2;0;1
2026.05.08 11:00;80186.62;80304.28;80108.47;80208.13;27.13;25.40;18.02;89.40;86.45;0.275;NEUTRE;0;26.2;1;1
2026.05.08 10:00;79842.58;80222.79;79756.47;80187.50;28.69;22.91;20.80;87.80;81.83;0.249;NEUTRE;0;26.1;1;1
2026.05.08 09:00;79860.18;80018.42;79762.76;79842.74;32.36;19.69;24.00;82.17;74.07;-0.182;NEUTRE;0;-21.7;0;1
2026.05.08 08:00;79650.97;79961.28;79634.36;79860.52;35.82;19.28;27.69;75.53;64.44;-0.160;NEUTRE;0;-21.5;0;1
2026.05.08 07:00;79491.94;79703.57;79216.08;79651.09;38.58;10.12;31.95;64.51;55.30;-0.422;NEUTRE;0;-49.9;-2;1
2026.05.08 06:00;79581.59;79627.62;79386.47;79491.94;36.53;11.68;31.49;53.28;45.86;-0.621;NEUTRE;0;-63.9;-2;0
2026.05.08 05:00;79632.82;79753.54;79571.85;79581.58;35.09;13.47;24.50;48.11;37.89;-0.508;NEUTRE;0;-63.5;-2;0
2026.05.08 04:00;79549.43;79727.83;79522.68;79632.82;36.01;13.37;28.27;36.19;30.53;-0.444;NEUTRE;0;-65.4;-3;0
2026.05.08 03:00;79457.88;79641.00;79176.37;79549.43;36.05;8.91;32.62;29.36;31.88;-0.549;NEUTRE;0;-74.5;-3;0
2026.05.08 02:00;79718.70;79735.71;79328.63;79457.73;32.81;10.29;32.60;26.05;36.57;-0.663;NEUTRE;0;-81.3;-3;0
2026.05.08 01:00;79814.58;79875.20;79603.12;79718.70;29.86;11.87;27.24;40.23;41.29;-0.337;NEUTRE;0;;;0
2026.05.08 00:00;79988.30;80110.07;79716.16;79814.58;28.40;13.69;25.04;43.42;40.09;-0.217;NEUTRE;0;;;0
2026.05.07 23:00;79888.39;80045.77;79841.58;79988.30;28.26;15.80;24.00;40.23;41.86;-1.757;SOFT_DOWN;-1;-56.4;-2;0
2026.05.07 22:00;79701.26;79963.35;79554.03;79888.39;29.44;12.02;27.69;36.62;48.59;-1.879;SOFT_DOWN;-1;-59.3;-2;0
2026.05.07 21:00;79860.12;79906.91;79627.89;79701.03;27.90;13.87;29.17;48.73;54.02;-2.109;SOFT_DOWN;-1;-63.2;-2;0
2026.05.07 20:00;80117.91;80344.19;79832.57;79860.12;26.72;16.00;22.37;60.41;48.30;-1.914;SOFT_DOWN;-1;-62.1;-2;0
2026.05.07 19:00;80187.19;80198.99;79904.90;80117.23;28.28;14.10;25.82;52.91;34.30;-1.598;SOFT_DOWN;-1;-58.9;-2;1
2026.05.07 18:00;80073.96;80260.11;79974.90;80187.19;28.12;16.27;26.13;31.56;19.81;-1.512;SOFT_DOWN;-1;-58.9;-2;1
2026.05.07 17:00;79768.13;80115.97;79490.45;80073.97;28.87;11.00;30.15;18.42;14.33;-1.651;SOFT_DOWN;-1;-62.4;-2;1
2026.05.07 16:00;79873.92;79988.88;79678.53;79764.79;26.15;12.69;30.16;9.44;18.37;-2.031;SOFT_DOWN;-1;-68.2;-3;1
2026.05.07 15:00;80143.64;80255.28;79689.28;79873.01;23.90;14.64;34.26;15.14;27.29;-1.898;SOFT_DOWN;-1;-68.1;-3;1
2026.05.07 14:00;80483.21;80669.75;80023.44;80143.36;21.40;16.89;30.45;30.53;33.98;-1.566;SOFT_DOWN;-1;-65.6;-3;1
2026.05.07 13:00;81144.72;81145.57;80240.47;80481.66;20.29;19.49;29.97;36.19;30.59;-1.151;NEUTRE;0;-60.2;-2;1
2026.05.07 12:00;80842.41;81173.64;80811.64;81144.72;20.15;22.49;24.87;35.21;27.87;-0.336;NEUTRE;0;-28.9;-1;1
2026.05.07 11:00;80819.98;81015.28;80754.64;80841.49;22.47;19.22;28.70;20.36;32.10;-0.709;NEUTRE;0;-51.8;-2;1
2026.05.07 10:00;80899.84;80966.23;80547.18;80819.73;22.89;19.28;33.12;28.05;50.13;-0.735;NEUTRE;0;-55.4;-2;1
2026.05.07 09:00;81203.85;81204.23;80827.39;80899.84;22.35;22.25;27.92;47.90;68.27;-0.637;NEUTRE;0;-54.4;-2;1
2026.05.07 08:00;81497.12;81573.58;81177.79;81203.85;24.04;25.67;17.92;74.44;73.87;-0.264;NEUTRE;0;-33;-1;1
2026.05.07 07:00;81422.17;81687.40;81369.17;81497.12;25.01;29.62;13.23;82.46;59.37;0.097;NEUTRE;0;15.3;0;1
2026.05.07 06:00;81068.80;81427.59;80860.30;81422.17;22.97;21.62;15.27;64.70;39.99;0.004;NEUTRE;0;0.8;0;0
2026.05.07 05:00;80957.96;81151.00;80943.46;81068.30;23.85;17.44;17.62;30.96;27.44;-0.430;NEUTRE;0;-59.5;-2;0
2026.05.07 04:00;80818.96;80966.77;80714.94;80957.96;27.45;6.47;20.33;24.32;26.26;-0.566;NEUTRE;0;-70.3;-3;0
2026.05.07 03:00;81100.18;81100.18;80808.08;80818.96;23.72;7.47;17.76;27.05;29.97;-0.736;NEUTRE;0;-78.3;-3;0
2026.05.07 02:00;81145.93;81161.23;80868.57;81100.18;21.09;8.62;17.31;27.41;31.74;-0.391;NEUTRE;0;-75.4;-3;0
2026.05.07 01:00;80997.19;81264.61;80845.33;81147.31;19.17;9.94;19.98;35.45;40.73;-0.333;NEUTRE;0;;;0
2026.05.07 00:00;81418.54;81467.54;80960.80;80997.19;16.96;11.47;18.81;32.36;43.34;-0.518;NEUTRE;0;;;0
2026.05.06 23:00;81322.93;81430.71;80980.85;81418.54;15.84;12.12;21.71;54.38;47.62;0.659;NEUTRE;0;29.4;1;0
2026.05.06 22:00;81520.41;81524.78;81217.31;81322.93;13.91;13.98;16.96;43.29;40.37;0.541;NEUTRE;0;25.9;1;0
2026.05.06 21:00;81408.24;81605.52;81277.44;81520.41;14.57;16.13;16.56;45.20;36.20;0.785;NEUTRE;0;36.4;1;0
2026.05.06 20:00;81436.90;81685.16;81277.77;81408.15;16.61;18.61;19.09;32.64;31.46;0.646;NEUTRE;0;32.5;1;0
2026.05.06 19:00;81328.74;81490.75;81166.89;81436.90;18.98;14.14;22.03;30.77;31.60;0.682;NEUTRE;0;35.3;1;1
2026.05.06 18:00;81432.91;81539.55;81247.33;81328.74;18.54;16.31;21.60;30.97;31.49;0.548;NEUTRE;0;31;1;1
2026.05.06 17:00;81607.62;81686.20;81362.35;81432.91;19.24;18.82;18.86;33.05;28.66;0.677;NEUTRE;0;38.1;1;1
2026.05.06 16:00;81678.36;81863.89;81404.29;81607.62;22.19;21.71;19.77;30.45;28.03;0.893;NEUTRE;0;47.7;2;1
2026.05.06 15:00;81503.08;81795.33;81287.35;81677.40;24.88;22.76;22.81;22.49;35.20;0.979;NEUTRE;0;52.1;2;1
2026.05.06 14:00;81646.53;81951.78;81110.53;81503.08;28.69;26.26;26.32;31.16;53.20;0.764;NEUTRE;0;47.1;2;1
2026.05.06 13:00;82206.93;82206.93;81576.17;81649.41;33.09;30.30;21.86;51.94;72.02;0.945;NEUTRE;0;55.1;2;1
2026.05.06 12:00;82500.06;82523.21;82160.36;82206.93;35.69;34.96;10.97;76.50;85.96;1.634;SOFT_UP;1;69.6;3;1
2026.05.06 11:00;82267.97;82796.04;82246.88;82500.06;33.14;40.34;8.99;87.63;87.67;1.996;SOFT_UP;1;74.4;3;1
2026.05.06 10:00;81975.63;82368.08;81946.75;82268.31;28.46;34.56;10.37;93.74;81.82;1.710;SOFT_UP;1;73.5;3;1
2026.05.06 09:00;81933.76;82037.62;81658.30;81975.63;24.56;27.81;11.97;81.65;67.07;1.348;SOFT_UP;1;71.3;3;1
2026.05.06 08:00;81345.34;81966.00;81301.66;81932.47;22.21;29.19;13.81;70.07;58.05;1.295;SOFT_UP;1;72.6;3;1
2026.05.06 07:00;81454.61;81589.47;81283.15;81345.34;20.13;24.96;15.94;49.49;55.81;0.569;NEUTRE;0;58;2;1
2026.05.06 06:00;81298.50;81499.08;81184.32;81454.61;19.83;24.26;18.39;54.58;63.00;0.704;NEUTRE;0;66.6;3;0
2026.05.06 05:00;81304.11;81321.80;81033.23;81298.50;20.77;19.32;21.22;63.36;69.45;0.511;NEUTRE;0;63.6;2;0
2026.05.06 04:00;81559.56;81625.96;81246.86;81309.02;23.24;22.30;13.09;71.07;66.53;0.524;NEUTRE;0;68.8;3;0
2026.05.06 03:00;81343.93;81733.91;81333.22;81559.56;22.82;25.73;11.60;73.90;54.87;0.834;NEUTRE;0;79.7;3;0
2026.05.06 02:00;81415.27;81423.74;81023.80;81343.18;20.51;17.77;13.39;54.60;38.09;0.566;NEUTRE;0;79.8;3;0
2026.05.06 01:00;81004.04;81493.85;80960.44;81414.34;21.50;20.51;15.45;36.10;28.22;0.654;NEUTRE;0;;;0
2026.05.06 00:00;80885.29;81242.09;80708.66;81004.04;22.64;16.40;17.82;23.57;32.38;0.147;NEUTRE;0;;;0
2026.05.05 23:00;81093.93;81199.75;80769.93;80889.82;25.49;18.93;18.80;24.98;47.67;1.320;SOFT_UP;1;48.5;2;0
2026.05.05 22:00;81393.56;81592.80;80798.40;81093.93;29.36;21.84;20.67;48.60;66.12;1.575;SOFT_UP;1;54.7;2;0
2026.05.05 21:00;81630.71;81764.25;81286.81;81393.56;33.45;25.20;14.39;69.44;72.15;1.951;SOFT_UP;1;61.4;2;0
2026.05.05 20:00;81594.20;81762.41;81498.45;81630.71;34.40;29.07;9.79;80.31;67.27;2.248;SOFT_UP;1;65.7;3;0
2026.05.05 19:00;81501.19;81675.20;81394.73;81593.25;32.06;28.46;11.30;66.70;60.08;2.201;SOFT_UP;1;66.3;3;1
2026.05.05 18:00;81260.02;81587.44;81260.02;81501.19;30.35;28.03;13.03;54.81;60.14;2.086;SOFT_UP;1;66.4;3;1
2026.05.05 17:00;81279.88;81448.66;81171.05;81260.02;29.40;25.82;15.04;58.73;65.90;1.783;SOFT_UP;1;64.2;2;1
2026.05.05 16:00;81530.19;81609.21;81040.10;81279.88;29.86;29.79;17.35;66.88;71.32;1.808;SOFT_UP;1;65.8;3;1
2026.05.05 15:00;81321.78;81692.03;81218.68;81530.14;30.40;34.37;15.19;72.10;75.54;2.122;SOFT_UP;1;70.3;3;1
2026.05.05 14:00;81318.39;81488.43;80926.36;81323.19;29.12;33.05;17.53;74.98;77.42;1.863;SOFT_UP;1;69.1;3;1
2026.05.05 13:00;81265.01;81699.97;81183.51;81317.28;28.88;38.13;13.19;79.56;66.89;1.855;SOFT_UP;1;70.4;3;1
2026.05.05 12:00;81006.27;81306.09;80914.02;81265.01;25.85;32.26;15.22;77.73;48.26;1.790;SOFT_UP;1;71.2;3;1
2026.05.05 11:00;80816.72;81095.46;80764.37;81006.27;24.30;28.96;17.56;43.39;30.64;1.466;SOFT_UP;1;69.2;3;1
2026.05.05 10:00;80565.69;80822.35;80503.12;80816.72;24.27;20.73;20.26;23.67;31.81;1.228;NEUTRE;0;67.5;3;1
2026.05.05 09:00;80795.40;80796.85;80501.92;80565.69;27.83;22.69;23.38;24.87;44.78;0.914;NEUTRE;0;63.4;2;1
2026.05.05 08:00;80833.87;80870.03;80695.51;80797.10;31.88;26.18;16.89;46.90;61.44;1.204;NEUTRE;0;71.4;3;1
2026.05.05 07:00;80952.68;81117.61;80811.25;80833.85;33.46;30.20;9.28;62.58;72.69;1.250;SOFT_UP;1;74.1;3;1
2026.05.05 06:00;80949.00;80992.09;80771.15;80952.68;30.46;28.55;10.71;74.83;78.61;1.398;SOFT_UP;1;77.7;3;0
2026.05.05 05:00;80876.23;81305.16;80810.70;80949.00;28.15;32.94;9.60;80.67;80.59;1.394;SOFT_UP;1;79.7;3;0
2026.05.05 04:00;80858.74;80959.69;80699.95;80876.23;24.05;27.26;11.08;80.31;78.53;1.303;SOFT_UP;1;81.1;3;0
2026.05.05 03:00;80529.37;81066.32;80430.28;80860.44;21.26;31.45;12.78;80.79;71.20;1.283;SOFT_UP;1;83.2;3;0
2026.05.05 02:00;80327.79;80880.79;80281.59;80529.37;18.03;31.80;14.75;74.49;57.02;0.868;NEUTRE;0;83.3;3;0
2026.05.05 01:00;80148.26;80360.08;80050.33;80327.45;15.18;23.32;17.02;58.32;42.83;0.615;NEUTRE;0;;;0
2026.05.05 00:00;79836.20;80161.35;79774.40;80148.26;15.11;17.04;19.64;38.27;34.68;0.391;NEUTRE;0;;;0
2026.05.04 23:00;80036.63;80036.73;79721.22;79836.20;16.34;14.71;22.66;31.89;35.53;1.646;SOFT_UP;1;54.7;2;0
2026.05.04 22:00;80241.11;80377.52;80023.26;80036.63;15.58;16.97;11.42;33.90;43.09;1.901;SOFT_UP;1;59.6;2;0
2026.05.04 21:00;79917.76;80356.98;79915.10;80241.11;14.97;18.69;13.18;40.81;55.35;2.161;SOFT_UP;1;63.7;2;0
2026.05.04 20:00;80032.08;80139.44;79873.72;79917.76;14.61;13.99;15.20;54.57;67.19;1.750;SOFT_UP;1;59.9;2;0
2026.05.04 19:00;80088.54;80116.51;79864.01;80030.59;16.22;14.81;17.54;70.67;74.85;1.893;SOFT_UP;1;63;2;1
2026.05.04 18:00;80373.87;80418.80;80011.39;80088.54;17.41;17.09;11.26;76.32;77.52;1.967;SOFT_UP;1;65.1;3;1
2026.05.04 17:00;80004.24;80737.50;80003.99;80364.52;16.93;19.72;13.00;77.57;74.55;2.318;SOFT_UP;1;69.6;3;1
2026.05.04 16:00;80006.76;80385.43;79596.66;80004.24;16.37;15.37;14.99;78.67;67.43;1.860;SOFT_UP;1;66.4;3;1
2026.05.04 15:00;80205.05;80368.56;79334.22;80006.76;18.70;17.40;17.30;67.42;52.82;1.863;SOFT_UP;1;67.8;3;1
2026.05.04 14:00;78759.63;80527.27;78492.36;80205.03;21.54;20.08;19.96;56.20;42.66;2.115;SOFT_UP;1;71.4;3;1
2026.05.04 13:00;78839.29;79097.03;78547.53;78759.43;24.80;12.36;23.03;34.82;36.13;0.275;NEUTRE;0;22.6;0;1
2026.05.04 12:00;78767.39;79004.19;78688.77;78839.29;23.98;14.26;22.62;36.95;35.50;0.376;NEUTRE;0;31.7;1;1
2026.05.04 11:00;78916.71;79109.87;78676.60;78767.39;24.18;16.45;26.10;36.61;31.15;0.285;NEUTRE;0;27;1;1
2026.05.04 10:00;79805.63;79848.07;78193.84;78916.71;24.41;18.98;30.12;32.95;26.79;0.475;NEUTRE;0;43.1;1;1
2026.05.04 09:00;79678.04;79893.74;79611.77;79805.63;24.68;21.91;21.57;23.89;32.25;1.607;SOFT_UP;1;74.1;3;1
2026.05.04 08:00;79674.87;79774.77;79568.48;79678.83;28.35;18.78;24.89;23.54;48.12;1.445;SOFT_UP;1;74.3;3;1
2026.05.04 07:00;79844.62;79918.81;79646.16;79671.99;30.57;21.67;22.92;49.32;68.65;1.437;SOFT_UP;1;76.1;3;1
2026.05.04 06:00;79997.54;80024.62;79468.36;79844.62;34.84;25.01;26.45;71.49;82.21;1.656;SOFT_UP;1;79.6;3;0
2026.05.04 05:00;80311.23;80374.52;79934.73;79997.64;39.77;28.86;17.62;85.13;89.20;1.851;SOFT_UP;1;82.2;3;0
2026.05.04 04:00;80289.98;80587.57;80206.47;80311.23;42.17;33.30;10.82;90.01;85.80;2.250;SOFT_UP;1;84.8;3;0
2026.05.04 03:00;80140.20;80417.61;79894.36;80289.98;40.82;31.56;12.49;92.46;72.39;2.223;SOFT_UP;1;86.1;3;0
2026.05.04 02:00;79744.56;80397.72;79523.76;80140.20;40.44;35.83;14.41;74.94;51.54;2.033;SOFT_UP;1;87.1;3;0
2026.05.04 01:00;78524.44;79797.06;78389.44;79742.31;40.10;30.76;16.63;49.76;38.54;1.526;SOFT_UP;1;;;0
2026.05.04 00:00;78543.63;78545.88;78259.83;78524.44;41.68;21.82;19.18;29.91;39.76;-0.024;NEUTRE;0;;;0
2026.05.03 23:00;79151.16;79272.64;78470.64;78543.63;47.10;25.18;10.80;35.95;46.31;-0.154;NEUTRE;0;-7.5;0;0
2026.05.03 22:00;78817.10;79425.31;78817.10;79151.16;48.19;29.05;5.81;53.43;53.87;0.618;NEUTRE;0;29;1;0
2026.05.03 21:00;78900.82;79042.32;78639.75;78817.10;45.35;23.84;6.70;49.54;57.98;0.194;NEUTRE;0;10.3;0;0
2026.05.03 20:00;78743.02;79223.97;78706.69;78900.82;43.70;27.50;5.18;58.65;58.18;0.300;NEUTRE;0;16.5;0;0
2026.05.03 19:00;78717.01;78829.39;78651.31;78742.63;39.91;20.00;5.97;65.75;55.13;0.099;NEUTRE;0;5.9;0;0
2026.05.03 18:00;78708.31;78740.02;78611.23;78717.01;37.75;15.36;6.89;50.14;51.48;0.066;NEUTRE;0;4.1;0;0
2026.05.03 17:00;78639.56;78801.93;78552.89;78708.31;37.70;17.72;7.95;49.49;55.46;0.055;NEUTRE;0;3.6;0;0
2026.05.03 16:00;78641.10;78758.49;78567.82;78639.56;37.65;17.76;9.18;54.80;61.80;-0.032;NEUTRE;0;-2.3;0;0
2026.05.03 15:00;78704.56;78793.31;78599.74;78641.10;38.54;20.49;8.01;62.10;66.13;-0.030;NEUTRE;0;-2.3;0;0
2026.05.03 14:00;78645.01;78760.45;78585.62;78704.56;37.74;21.03;9.25;68.52;68.33;0.051;NEUTRE;0;4.1;0;0
2026.05.03 13:00;78728.34;78751.73;78565.88;78644.69;37.56;23.50;10.67;67.79;69.58;-0.026;NEUTRE;0;-2.3;0;0
2026.05.03 12:00;78641.92;78851.98;78641.92;78728.34;37.56;27.12;6.02;68.67;71.89;0.081;NEUTRE;0;7.6;0;0
2026.05.03 11:00;78388.63;78822.23;78363.71;78641.92;33.54;29.11;6.94;72.29;75.70;-0.029;NEUTRE;0;-3;0;0
2026.05.03 10:00;78516.14;78518.68;78385.93;78388.63;29.24;23.40;8.01;74.72;77.03;-0.351;NEUTRE;0;-34.7;-1;0
2026.05.03 09:00;78365.31;78584.11;78336.37;78516.14;26.21;27.00;9.24;80.08;71.59;-0.189;NEUTRE;0;-22.5;0;0
2026.05.03 08:00;78343.91;78469.72;78342.11;78365.53;22.70;24.06;10.67;76.30;54.89;-0.380;NEUTRE;0;-43.1;-1;0
2026.05.03 07:00;78266.73;78430.80;78266.32;78343.91;20.26;23.06;12.31;58.38;34.79;-0.408;NEUTRE;0;-49;-2;0
2026.05.03 06:00;78225.66;78321.75;78061.30;78266.73;18.70;16.41;14.20;29.98;18.61;-0.506;NEUTRE;0;-59;-2;0
2026.05.03 05:00;78149.21;78242.95;78134.92;78225.66;20.47;14.28;16.39;16.02;11.97;-0.558;NEUTRE;0;-65.5;-3;0
2026.05.03 04:00;78180.21;78215.95;78091.33;78149.21;22.56;12.63;18.91;9.83;10.50;-0.655;NEUTRE;0;-72.8;-3;0
2026.05.03 03:00;78147.23;78198.96;78088.08;78180.21;22.97;12.48;21.82;10.05;14.01;-0.616;NEUTRE;0;-76.1;-3;0
2026.05.03 02:00;78228.36;78280.36;78090.01;78147.23;22.32;14.40;24.90;11.62;24.10;-0.658;NEUTRE;0;-81.2;-3;0
2026.05.03 01:00;78528.57;78529.76;78127.14;78228.36;21.64;16.62;25.74;20.37;37.05;-0.555;NEUTRE;0;;;0
2026.05.03 00:00;78664.75;78733.97;78478.47;78528.57;21.66;19.17;16.27;40.31;48.86;-0.173;NEUTRE;0;;;0
2026.05.02 23:00;78815.52;78815.52;78608.47;78664.75;23.73;22.12;10.95;50.46;53.04;0.571;NEUTRE;0;26.1;1;0
2026.05.02 22:00;78708.19;78857.45;78589.04;78815.52;22.18;25.53;12.63;55.80;54.87;0.763;NEUTRE;0;34.3;1;0
2026.05.02 21:00;78436.53;79126.33;78429.03;78708.19;20.39;29.45;14.57;52.87;54.23;0.626;NEUTRE;0;30.4;1;0
2026.05.02 20:00;78465.37;78470.46;78396.94;78436.53;18.33;19.52;16.81;55.93;56.32;0.279;NEUTRE;0;15.4;0;0
2026.05.02 19:00;78440.48;78504.66;78415.89;78465.37;20.00;22.52;15.43;53.88;62.00;0.316;NEUTRE;0;18.1;0;0
2026.05.02 18:00;78375.02;78465.31;78289.51;78440.48;20.21;19.16;17.81;59.15;71.88;0.284;NEUTRE;0;17.3;0;0
2026.05.02 17:00;78431.06;78464.60;78351.61;78375.02;22.75;22.11;15.11;72.96;81.84;0.200;NEUTRE;0;13.1;0;0
2026.05.02 16:00;78467.69;78572.41;78402.17;78431.06;23.36;25.51;10.56;83.52;80.95;0.272;NEUTRE;0;18.5;0;0
2026.05.02 15:00;78397.87;78469.78;78341.81;78467.69;20.58;20.16;12.18;89.06;69.11;0.319;NEUTRE;0;22.7;0;0
2026.05.02 14:00;78351.13;78463.52;78287.59;78397.87;19.95;22.51;14.05;70.28;50.30;0.229;NEUTRE;0;17.9;0;0
2026.05.02 13:00;78193.89;78404.55;78193.89;78351.13;19.46;20.82;16.22;47.99;42.40;0.170;NEUTRE;0;14.4;0;0
2026.05.02 12:00;78130.02;78249.64;78083.46;78193.89;20.54;12.71;18.71;32.63;47.56;-0.031;NEUTRE;0;-2.9;0;0
2026.05.02 11:00;78230.48;78230.48;78076.85;78130.02;20.76;12.89;21.59;46.59;56.02;-0.113;NEUTRE;0;-11.4;0;0
2026.05.02 10:00;78281.81;78298.02;78203.47;78230.48;20.07;14.87;12.23;63.47;58.64;0.015;NEUTRE;0;1.7;0;0
2026.05.02 09:00;78295.32;78376.12;78210.05;78281.81;21.66;17.16;13.04;57.98;51.68;0.081;NEUTRE;0;10.1;0;0
2026.05.02 08:00;78203.32;78339.54;78141.12;78295.32;22.89;16.41;15.05;54.46;43.91;0.098;NEUTRE;0;13.6;0;0
2026.05.02 07:00;78305.90;78328.77;78183.76;78203.32;25.75;18.93;14.06;42.60;39.54;-0.019;NEUTRE;0;-3.1;0;0
2026.05.02 06:00;78163.41;78333.15;78122.75;78305.90;27.44;21.85;16.22;34.67;43.78;0.112;NEUTRE;0;20.2;0;0
2026.05.02 05:00;78157.35;78218.84;78018.68;78163.41;29.39;16.85;18.72;41.35;58.24;-0.070;NEUTRE;0;-15.4;0;0
2026.05.02 04:00;78393.95;78428.06;78123.93;78157.35;33.10;19.44;13.51;55.32;71.85;-0.078;NEUTRE;0;-21;0;0
2026.05.02 03:00;78341.72;78501.19;78217.10;78393.95;35.42;22.43;10.87;78.05;79.01;0.224;NEUTRE;0;55.8;2;0
2026.05.02 02:00;78331.51;78486.05;78236.24;78341.72;35.53;25.88;11.51;82.18;74.03;0.158;NEUTRE;0;57.3;2;0
2026.05.02 01:00;78325.76;78417.92;78276.04;78331.51;35.08;25.67;13.28;76.80;64.10;0.145;NEUTRE;0;;;0
2026.05.02 00:00;78218.45;78376.22;78151.06;78325.76;35.58;25.10;15.32;63.10;50.63;0.137;NEUTRE;0;;;0
2026.05.01 23:00;78132.07;78218.45;78015.97;78218.45;37.33;18.18;17.68;52.41;40.89;2.522;STRONG_UP;2;65.2;3;0
2026.05.01 22:00;78182.47;78399.37;78113.27;78132.07;42.86;20.97;13.00;36.37;34.02;2.409;SOFT_UP;1;65.1;3;0
2026.05.01 21:00;77856.35;78182.91;77833.21;78182.47;45.84;12.56;15.00;33.90;39.25;2.475;STRONG_UP;2;66.7;3;0
2026.05.01 20:00;78354.34;78402.77;77730.37;77858.54;51.53;14.49;17.31;31.79;46.13;2.050;SOFT_UP;1;63.7;2;0
2026.05.01 19:00;78416.16;78532.80;78293.62;78353.05;58.09;16.72;7.09;52.06;56.37;2.698;STRONG_UP;2;70.3;3;1
2026.05.01 18:00;78533.97;78609.29;78358.90;78415.98;60.80;19.30;3.98;54.54;60.40;2.781;STRONG_UP;2;71.8;3;1
2026.05.01 17:00;78186.47;78577.65;78104.75;78533.97;60.03;20.32;4.59;62.50;67.55;2.935;STRONG_UP;2;73.6;3;1
2026.05.01 16:00;78425.82;78672.38;78139.94;78186.45;59.55;23.45;4.15;64.15;72.65;2.480;STRONG_UP;2;71.9;3;1
2026.05.01 15:00;78336.91;78727.97;78170.81;78427.24;57.96;27.06;3.90;76.00;79.01;2.796;STRONG_UP;2;74.8;3;1
2026.05.01 14:00;78720.69;78846.70;78037.63;78336.91;55.36;31.22;4.50;77.81;78.51;2.677;STRONG_UP;2;75.1;3;1
2026.05.01 13:00;77869.23;78917.58;77869.18;78721.54;52.37;36.02;5.19;83.21;75.91;3.181;STRONG_UP;2;78.3;3;1
2026.05.01 12:00;77436.61;78140.04;77375.34;77869.23;48.91;30.15;5.99;74.50;71.41;2.064;SOFT_UP;1;73.6;3;1
2026.05.01 11:00;77263.65;77570.52;77228.45;77436.61;46.15;23.33;6.91;70.01;69.43;1.497;SOFT_UP;1;69.5;3;1
2026.05.01 10:00;77245.11;77397.46;77122.40;77263.66;44.89;19.14;7.97;69.71;67.06;1.270;SOFT_UP;1;68.2;3;1
2026.05.01 09:00;77341.23;77362.89;77169.19;77245.11;45.46;22.08;6.58;68.56;64.74;1.246;NEUTRE;0;69.9;3;1
2026.05.01 08:00;77091.36;77474.84;77009.10;77341.23;44.13;25.48;7.59;62.90;62.71;1.372;SOFT_UP;1;73.5;3;1
2026.05.01 07:00;76949.69;77105.36;76918.50;77091.86;42.60;17.20;8.76;62.75;65.01;1.045;NEUTRE;0;71.2;3;1
2026.05.01 06:00;77129.93;77146.39;76842.59;76949.69;44.15;19.84;10.11;62.49;66.99;0.859;NEUTRE;0;70.5;3;0
2026.05.01 05:00;76994.00;77145.73;76987.08;77129.93;45.94;22.89;4.34;69.79;71.05;1.095;NEUTRE;0;77;3;0
2026.05.01 04:00;77077.50;77160.28;76926.30;76994.00;42.53;26.42;5.01;68.70;72.26;0.917;NEUTRE;0;77.5;3;0
2026.05.01 03:00;76550.18;77409.90;76506.94;77077.50;38.60;30.48;5.78;74.66;71.23;1.026;NEUTRE;0;81.6;3;0
2026.05.01 02:00;76635.65;76696.35;76486.94;76550.18;34.06;23.01;6.67;73.43;59.17;0.335;NEUTRE;0;73.1;3;0
2026.05.01 01:00;76406.66;76731.89;76395.04;76635.65;30.83;26.55;7.70;65.61;43.33;0.447;NEUTRE;0;;;0
2026.05.01 00:00;76294.37;76542.49;76265.72;76406.66;27.11;21.99;8.88;38.49;35.62;0.147;NEUTRE;0;;;0
2026.04.30 23:00;76190.12;76329.92;76165.38;76294.37;24.75;13.55;10.25;25.90;41.33;0.735;NEUTRE;0;32.2;1;0
2026.04.30 22:00;76192.67;76402.96;76149.71;76190.12;26.42;15.64;11.83;42.47;52.82;0.598;NEUTRE;0;28.2;1;0
2026.04.30 21:00;76446.21;76494.75;76188.45;76192.67;28.36;18.05;11.29;55.60;52.84;0.601;NEUTRE;0;29.4;1;0
2026.04.30 20:00;76370.17;76527.54;76273.82;76445.95;29.18;20.82;8.74;60.38;45.97;0.935;NEUTRE;0;42.7;1;0
2026.04.30 19:00;76309.03;76479.75;76265.13;76369.27;27.38;21.13;10.09;42.53;41.69;0.834;NEUTRE;0;40.9;1;1
2026.04.30 18:00;76198.55;76431.26;76163.41;76309.03;26.16;20.90;11.64;35.00;45.88;0.755;NEUTRE;0;39.6;1;1
2026.04.30 17:00;76208.00;76282.91;76061.21;76198.55;25.80;15.60;13.43;47.53;55.93;0.609;NEUTRE;0;35.2;1;1
2026.04.30 16:00;76424.26;76439.62;76175.41;76208.00;28.62;18.00;7.58;55.12;61.86;0.621;NEUTRE;0;37.4;1;1
2026.04.30 15:00;76253.84;76610.98;76111.72;76424.26;26.76;20.77;8.74;65.13;65.84;0.907;NEUTRE;0;50;2;1
2026.04.30 14:00;76370.78;76547.96;76049.05;76253.84;24.60;22.02;10.09;65.32;65.23;0.682;NEUTRE;0;43.8;1;1
2026.04.30 13:00;76263.32;76624.66;76060.41;76370.76;22.67;25.41;11.29;67.07;65.10;0.836;NEUTRE;0;51.7;2;1
2026.04.30 12:00;76022.69;76373.67;76001.00;76264.73;20.24;22.47;13.02;63.31;67.18;0.696;NEUTRE;0;48.8;2;1
2026.04.30 11:00;75981.36;76198.61;75835.88;76022.69;19.26;18.70;15.03;64.91;74.49;0.377;NEUTRE;0;34;1;1
2026.04.30 10:00;76056.73;76121.93;75933.21;75981.36;20.54;21.58;13.21;73.32;77.00;0.322;NEUTRE;0;32.4;1;1
2026.04.30 09:00;76019.29;76304.98;75960.31;76056.73;20.00;24.90;13.03;85.25;69.49;0.422;NEUTRE;0;42.7;1;1
2026.04.30 08:00;76119.07;76163.34;75975.20;76019.29;18.27;22.41;15.04;72.43;49.11;0.372;NEUTRE;0;42.5;1;1
2026.04.30 07:00;75707.82;76133.62;75672.22;76119.07;18.05;23.43;17.35;50.79;33.19;0.504;NEUTRE;0;54.8;2;1
2026.04.30 06:00;75552.28;75823.27;75527.16;75707.82;18.53;16.68;20.02;24.11;24.16;-0.039;NEUTRE;0;-7.3;0;0
2026.04.30 05:00;75441.50;75708.95;75281.31;75552.28;19.98;13.31;23.10;24.67;31.20;-0.245;NEUTRE;0;-44;-1;0
2026.04.30 04:00;75882.88;75923.96;75360.72;75442.10;18.92;15.36;23.80;23.69;43.11;-0.390;NEUTRE;0;-62.5;-2;0
2026.04.30 03:00;75654.86;75955.42;75617.80;75885.08;18.51;17.72;20.44;45.23;60.59;0.195;NEUTRE;0;52;2;0
2026.04.30 02:00;76194.69;76311.38;75456.47;75654.86;20.27;20.45;23.58;60.41;70.92;-0.109;NEUTRE;0;-47;-2;0
2026.04.30 01:00;76223.00;76421.36;76132.58;76196.45;22.29;23.59;15.05;76.13;74.76;0.606;NEUTRE;0;;;0
2026.04.30 00:00;75737.49;76290.09;75611.89;76223.13;22.31;20.23;17.36;76.22;72.31;0.641;NEUTRE;0;;;0
2026.04.29 23:00;75876.71;75948.68;75673.67;75737.45;24.57;15.59;20.03;71.94;64.89;-0.746;NEUTRE;0;-32.6;-1;0
2026.04.29 22:00;75886.06;75966.73;75777.90;75876.71;26.44;17.99;17.28;68.78;53.73;-0.564;NEUTRE;0;-26.8;-1;0
2026.04.29 21:00;75634.79;76041.72;75561.86;75886.06;30.19;20.76;19.94;53.94;41.34;-0.552;NEUTRE;0;-27.4;-1;0
2026.04.29 20:00;75519.48;75807.58;75440.87;75634.79;34.53;16.45;23.01;38.47;30.30;-0.881;NEUTRE;0;-41;-1;0
2026.04.29 19:00;75468.84;75551.88;75252.69;75519.48;37.28;8.25;26.55;31.61;22.14;-1.032;NEUTRE;0;-46.9;-2;1
2026.04.29 18:00;76132.64;76201.70;74912.33;75468.99;34.93;9.52;30.63;20.81;14.29;-1.098;NEUTRE;0;-50.2;-2;1
2026.04.29 17:00;75752.60;76124.47;75752.60;76124.02;32.21;10.99;25.32;14.01;11.97;-0.240;NEUTRE;0;-15.5;0;1
2026.04.29 16:00;75871.63;76083.76;75653.37;75751.92;31.10;10.99;29.22;8.05;12.99;-0.727;NEUTRE;0;-41.8;-1;1
2026.04.29 15:00;76539.46;76603.60;75664.10;75862.87;28.91;12.69;33.33;13.84;21.81;-0.582;NEUTRE;0;-37.4;-1;1
2026.04.29 14:00;76746.79;76835.13;76442.56;76537.19;26.45;14.64;25.71;17.08;34.72;0.302;NEUTRE;0;23;0;1
2026.04.29 13:00;77114.85;77210.69;76399.29;76749.34;26.30;16.89;29.66;34.50;53.57;0.580;NEUTRE;0;41.3;1;1
2026.04.29 12:00;77567.51;77582.63;76967.31;77114.85;26.13;19.49;23.45;52.57;63.82;1.059;NEUTRE;0;60.1;2;1
2026.04.29 11:00;77600.02;77660.29;77460.81;77569.24;28.73;22.49;14.72;73.62;66.08;1.654;SOFT_UP;1;71.3;3;1
2026.04.29 10:00;77629.47;77881.40;77539.94;77600.03;29.94;25.95;10.89;65.27;58.65;1.694;SOFT_UP;1;73.3;3;1
2026.04.29 09:00;77014.37;77770.49;76934.81;77629.47;28.25;24.94;12.56;59.36;59.98;1.733;SOFT_UP;1;75.2;3;1
2026.04.29 08:00;77018.64;77127.82;76937.68;77014.37;27.52;16.95;14.49;51.33;66.28;0.927;NEUTRE;0;66.3;3;1
2026.04.29 07:00;77000.60;77159.23;76986.95;77018.64;30.56;19.55;12.74;69.24;77.89;0.933;NEUTRE;0;69.2;3;1
2026.04.29 06:00;77264.76;77304.06;76906.86;77000.60;32.01;22.56;14.70;78.27;82.56;0.909;NEUTRE;0;71.5;3;0
2026.04.29 05:00;77244.53;77301.60;77172.80;77264.76;33.69;26.03;6.66;86.16;83.66;1.255;SOFT_UP;1;78.6;3;0
2026.04.29 04:00;76973.41;77431.61;76852.52;77244.53;29.75;30.04;7.68;83.26;81.61;1.229;NEUTRE;0;80.6;3;0
2026.04.29 03:00;76494.24;77101.40;76484.52;76972.28;25.21;25.89;8.86;81.58;79.63;0.872;NEUTRE;0;80.1;3;0
2026.04.29 02:00;76543.53;76627.92;76366.35;76494.24;21.55;18.06;10.23;80.01;73.67;0.245;NEUTRE;0;67.5;3;0
2026.04.29 01:00;76490.27;76627.61;76158.06;76543.53;20.60;20.82;11.80;77.31;67.71;0.310;NEUTRE;0;;;0
2026.04.29 00:00;76307.03;76532.73;76248.44;76490.27;19.51;20.91;13.61;63.69;67.07;0.240;NEUTRE;0;;;0
2026.04.28 23:00;76223.17;76340.61;76170.51;76307.03;19.26;13.73;15.71;62.12;75.21;-1.347;SOFT_DOWN;-1;-49.1;-2;0
2026.04.28 22:00;76338.91;76427.85;76193.23;76223.17;21.20;15.85;16.07;75.40;85.68;-1.455;SOFT_DOWN;-1;-52.5;-2;0
2026.04.28 21:00;76446.69;76468.35;76251.87;76338.91;24.35;18.29;14.70;88.11;87.97;-1.306;SOFT_DOWN;-1;-50.8;-2;0
2026.04.28 20:00;76304.88;76463.03;76304.88;76446.69;26.42;21.10;13.19;93.54;82.73;-1.166;NEUTRE;0;-49;-2;0
2026.04.28 19:00;76210.69;76364.08;76031.28;76307.18;26.94;14.72;15.22;82.26;69.81;-1.347;SOFT_DOWN;-1;-54.4;-2;1
2026.04.28 18:00;76159.07;76252.34;76099.80;76210.69;30.83;11.82;17.56;72.38;56.09;-1.472;SOFT_DOWN;-1;-58.2;-2;1
2026.04.28 17:00;76096.89;76234.79;75927.63;76159.07;32.56;11.87;20.26;54.78;42.29;-1.538;SOFT_DOWN;-1;-60.7;-2;1
2026.04.28 16:00;76035.94;76179.02;75851.63;76096.89;33.55;10.90;23.38;41.12;33.12;-1.619;SOFT_DOWN;-1;-63.4;-2;1
2026.04.28 15:00;75924.82;76059.08;75811.38;76035.94;33.11;6.94;26.98;30.98;26.72;-1.698;SOFT_DOWN;-1;-65.9;-3;1
2026.04.28 14:00;76169.44;76183.76;75636.73;75924.82;29.11;8.01;31.13;27.27;24.06;-1.841;SOFT_DOWN;-1;-68.9;-3;1
2026.04.28 13:00;76366.03;76403.76;75951.85;76169.44;24.50;9.24;27.05;21.93;21.55;-1.525;SOFT_DOWN;-1;-66.6;-3;1
2026.04.28 12:00;76209.25;76404.51;76139.30;76366.03;20.72;10.66;24.83;22.98;26.57;-1.271;SOFT_DOWN;-1;-64.4;-2;1
2026.04.28 11:00;76595.02;76624.04;76106.95;76209.25;17.76;12.30;28.65;19.76;34.63;-1.473;SOFT_DOWN;-1;-69.2;-3;1
2026.04.28 10:00;76572.08;76672.19;76462.47;76595.02;14.35;14.19;22.49;36.99;43.78;-0.975;NEUTRE;0;-62.5;-2;1
2026.04.28 09:00;76839.02;76850.13;76469.76;76572.08;13.08;16.37;25.41;47.15;43.72;-1.004;NEUTRE;0;-65.5;-3;1
2026.04.28 08:00;76856.82;76978.10;76724.20;76839.14;11.76;18.89;19.03;47.20;36.43;-0.659;NEUTRE;0;-58.4;-2;1
2026.04.28 07:00;76687.28;76899.08;76419.43;76856.82;13.52;17.01;21.96;36.80;28.86;-0.636;NEUTRE;0;-60.8;-2;1
2026.04.28 06:00;76866.17;77013.75;76568.18;76687.28;13.64;19.63;20.56;25.28;24.47;-0.855;NEUTRE;0;-70.4;-3;0
2026.04.28 05:00;76876.22;77133.33;76792.64;76864.99;15.38;22.65;15.98;24.49;25.73;-0.626;NEUTRE;0;-67.9;-3;0
2026.04.28 04:00;76797.77;76937.76;76673.98;76876.22;15.09;17.30;18.43;23.64;34.77;-0.611;NEUTRE;0;-71.6;-3;0
2026.04.28 03:00;76870.77;76880.70;76654.92;76797.77;16.93;16.63;21.27;29.06;52.41;-0.713;NEUTRE;0;-77.9;-3;0
2026.04.28 02:00;77071.36;77208.45;76664.66;76871.35;17.65;19.19;23.88;51.62;73.32;-0.617;NEUTRE;0;-80.7;-3;0
2026.04.28 01:00;77365.82;77383.62;77027.92;77071.35;18.69;22.14;17.28;76.55;83.78;-0.359;NEUTRE;0;;;0
2026.04.28 00:00;77348.94;77463.10;77196.40;77365.82;19.67;25.55;12.65;91.78;84.29;0.022;NEUTRE;0;;;0
2026.04.27 23:00;77049.07;77428.71;76991.65;77348.79;17.49;27.50;14.59;83.01;69.75;-1.669;SOFT_DOWN;-1;-55;-2;0
2026.04.27 22:00;76762.76;77063.66;76745.33;77049.07;15.47;18.88;16.84;78.07;52.86;-2.050;SOFT_DOWN;-1;-61.4;-2;0
2026.04.27 21:00;76940.20;76967.75;76761.19;76762.76;16.97;17.15;19.43;48.16;32.98;-2.414;SOFT_DOWN;-1;-66.2;-3;0
2026.04.27 20:00;76864.05;77046.19;76821.03;76940.20;18.62;19.79;17.96;32.34;20.42;-2.188;SOFT_DOWN;-1;-65.1;-3;0
2026.04.27 19:00;76802.03;76876.94;76437.94;76864.05;20.74;11.27;20.72;18.43;12.75;-2.285;SOFT_DOWN;-1;-67.1;-3;1
2026.04.27 18:00;76714.77;76872.60;76634.47;76802.03;19.38;13.00;17.02;10.48;10.92;-2.364;SOFT_DOWN;-1;-68.9;-3;1
2026.04.27 17:00;76600.51;76912.48;76600.51;76714.77;20.30;15.00;19.64;9.34;14.92;-2.475;STRONG_DOWN;-2;-70.8;-3;1
2026.04.27 16:00;76764.69;76847.64;76523.59;76600.23;21.36;14.11;22.66;12.93;23.17;-2.620;STRONG_DOWN;-2;-72.8;-3;1
2026.04.27 15:00;77803.08;77823.42;76547.99;76764.69;21.07;16.28;24.99;22.48;33.75;-2.411;SOFT_DOWN;-1;-72.5;-3;1
2026.04.27 14:00;77734.69;78260.94;77659.07;77802.78;21.07;18.79;15.43;34.11;45.03;-1.092;NEUTRE;0;-57;-2;1
2026.04.27 13:00;77656.24;77955.17;77559.49;77735.27;22.80;13.86;17.81;44.66;48.53;-1.178;NEUTRE;0;-60.7;-2;1
2026.04.27 12:00;77831.81;77861.82;77608.49;77656.24;24.40;12.37;20.55;56.31;43.78;-1.278;SOFT_DOWN;-1;-64.5;-2;1
2026.04.27 11:00;77842.87;77883.92;77729.50;77831.81;24.33;14.27;16.36;44.63;30.79;-1.055;NEUTRE;0;-62.1;-2;1
2026.04.27 10:00;77887.78;77932.69;77780.14;77842.87;27.02;16.46;13.83;30.39;20.13;-1.041;NEUTRE;0;-64;-2;1
2026.04.27 09:00;77796.82;77972.89;77690.51;77887.76;29.84;19.00;15.96;17.34;13.34;-0.984;NEUTRE;0;-65.1;-3;1
2026.04.27 08:00;77599.05;77807.30;77551.31;77796.82;33.09;12.90;18.41;12.67;14.15;-1.099;NEUTRE;0;-69.7;-3;1
2026.04.27 07:00;77701.56;77732.87;77560.92;77599.05;35.47;10.41;21.24;10.01;23.43;-1.351;SOFT_DOWN;-1;-75.3;-3;1
2026.04.27 06:00;77780.02;77872.69;77470.85;77701.56;35.66;12.01;24.51;19.77;42.87;-1.220;NEUTRE;0;-76;-3;0
2026.04.27 05:00;78926.08;78943.32;77577.18;77780.02;35.88;13.86;24.21;40.50;62.95;-1.121;NEUTRE;0;-77.2;-3;0
2026.04.27 04:00;79105.49;79164.92;78881.01;78926.08;37.22;15.99;13.25;68.34;78.10;0.336;NEUTRE;0;58.9;2;0
2026.04.27 03:00;79134.56;79327.19;79076.35;79105.49;41.51;18.45;4.71;80.01;84.05;0.564;NEUTRE;0;74.9;3;0
2026.04.27 02:00;79283.29;79307.05;79034.40;79134.56;38.76;20.05;5.43;85.96;81.66;0.601;NEUTRE;0;80.4;3;0
2026.04.27 01:00;79263.02;79476.90;78741.47;79283.21;35.90;23.13;6.27;86.20;71.96;0.790;NEUTRE;0;;;0
2026.04.27 00:00;78661.51;79370.44;78405.29;79258.06;32.59;24.47;7.23;72.82;59.78;0.758;NEUTRE;0;;;0
2026.04.26 23:00;78321.21;78888.50;78046.51;78653.59;29.24;20.55;8.34;56.86;53.89;1.314;SOFT_UP;1;48.4;2;0
2026.04.26 22:00;78421.78;78858.25;77984.81;78321.21;27.24;23.16;9.63;49.66;56.60;0.886;NEUTRE;0;38.4;1;0
2026.04.26 21:00;78208.37;78926.05;77860.60;78422.18;25.08;26.72;11.11;55.16;62.90;1.016;NEUTRE;0;43.6;1;0
2026.04.26 20:00;78242.24;78392.10;78163.39;78212.94;22.59;23.12;12.82;64.99;65.99;0.746;NEUTRE;0;36.3;1;0
2026.04.26 19:00;78283.78;78508.85;78030.99;78242.24;21.66;26.68;14.79;68.56;63.59;0.784;NEUTRE;0;39.1;1;0
2026.04.26 18:00;78026.51;78353.37;77993.39;78283.78;20.58;25.78;17.06;64.42;62.14;0.838;NEUTRE;0;42.5;1;0
2026.04.26 17:00;77929.92;78061.75;77855.17;78026.51;20.61;17.28;19.69;57.78;63.53;0.506;NEUTRE;0;30.4;1;0
2026.04.26 16:00;78056.60;78096.77;77929.92;77929.92;22.78;19.94;17.15;64.23;60.30;0.382;NEUTRE;0;25.2;1;0
2026.04.26 15:00;78092.27;78130.77;77999.36;78056.60;25.13;23.00;13.39;68.57;52.09;0.545;NEUTRE;0;35.6;1;0
2026.04.26 14:00;77975.25;78169.74;77876.08;78092.27;24.93;26.54;15.45;48.09;40.22;0.591;NEUTRE;0;39.8;1;0
2026.04.26 13:00;77835.24;77995.59;77796.69;77974.00;24.70;21.50;17.82;39.60;41.46;0.439;NEUTRE;0;33.6;1;0
2026.04.26 12:00;78100.43;78110.96;77768.64;77834.13;27.06;24.81;20.56;32.97;49.58;0.258;NEUTRE;0;23;0;0
2026.04.26 11:00;78009.03;78157.86;78006.46;78100.43;29.78;28.63;13.04;51.83;64.69;0.601;NEUTRE;0;47.1;2;0
2026.04.26 10:00;78007.79;78059.78;77959.85;78009.03;28.61;23.07;15.05;63.95;74.68;0.484;NEUTRE;0;43.6;1;0
2026.04.26 09:00;78035.87;78065.67;77926.69;78007.79;29.77;26.62;17.36;78.30;80.26;0.482;NEUTRE;0;46.5;2;0
2026.04.26 08:00;78110.69;78214.45;78028.90;78035.87;31.11;30.71;8.72;81.78;80.65;0.518;NEUTRE;0;51.9;2;0
2026.04.26 07:00;78006.06;78131.42;77968.70;78110.69;27.31;28.55;10.06;80.71;76.48;0.615;NEUTRE;0;60;2;0
2026.04.26 06:00;77989.36;78056.54;77904.11;78003.58;24.15;25.87;11.60;79.46;68.77;0.477;NEUTRE;0;57.4;2;0
2026.04.26 05:00;77773.94;78202.72;77720.46;77989.36;22.01;29.84;13.39;69.28;50.47;0.458;NEUTRE;0;61;2;0
2026.04.26 04:00;77395.03;77820.17;77380.50;77773.94;19.54;22.23;15.45;57.58;41.08;0.181;NEUTRE;0;41.7;1;0
2026.04.26 03:00;77527.41;77549.71;77330.89;77395.03;19.77;16.19;17.83;24.54;43.93;-0.307;NEUTRE;0;-63.6;-2;0
2026.04.26 02:00;77465.00;77600.71;77457.22;77527.41;22.07;18.68;11.69;41.12;62.54;-0.137;NEUTRE;0;-53.5;-2;0
2026.04.26 01:00;77508.69;77577.32;77454.10;77465.00;21.93;19.05;13.49;66.13;79.45;-0.217;NEUTRE;0;;;0
2026.04.26 00:00;77633.54;77648.42;77452.75;77508.69;22.67;21.98;15.56;80.38;88.05;-0.161;NEUTRE;0;;;0
2026.04.25 23:00;77563.18;77652.41;77530.24;77633.54;23.53;25.36;11.86;91.83;83.51;0.242;NEUTRE;0;11.7;0;0
2026.04.25 22:00;77539.98;77646.37;77504.79;77563.35;21.57;28.50;13.69;91.93;66.78;0.151;NEUTRE;0;7.7;0;0
2026.04.25 21:00;77483.52;77540.74;77418.52;77539.98;19.49;21.40;15.79;66.76;43.57;0.121;NEUTRE;0;6.5;0;0
2026.04.25 20:00;77326.78;77490.30;77311.28;77483.52;20.16;18.35;18.22;41.65;30.15;0.048;NEUTRE;0;2.7;0;0
2026.04.25 19:00;77306.15;77357.02;77194.11;77326.78;23.21;9.71;21.02;22.30;23.16;-0.154;NEUTRE;0;-9.1;0;0
2026.04.25 18:00;77257.69;77399.07;77226.41;77306.15;21.12;11.21;21.21;26.49;24.40;-0.181;NEUTRE;0;-11.2;0;0
2026.04.25 17:00;77408.36;77418.26;77220.41;77257.69;19.63;12.93;24.47;20.70;23.34;-0.244;NEUTRE;0;-15.8;0;0
2026.04.25 16:00;77338.58;77465.54;77167.01;77408.36;17.90;14.92;28.24;26.01;26.38;-0.049;NEUTRE;0;-3.5;0;0
2026.04.25 15:00;77664.01;77728.61;77328.93;77338.58;15.91;17.22;24.24;23.31;30.05;-0.139;NEUTRE;0;-10.3;0;0
2026.04.25 14:00;77695.85;77759.80;77637.62;77664.01;15.75;19.87;16.08;29.83;38.72;0.281;NEUTRE;0;21.6;0;0
2026.04.25 13:00;77561.01;77718.68;77561.01;77695.85;16.56;17.75;18.56;37.00;51.63;0.322;NEUTRE;0;26;1;0
2026.04.25 12:00;77682.41;77721.47;77549.93;77561.01;18.76;20.48;21.41;49.34;65.36;0.148;NEUTRE;0;13.7;0;0
2026.04.25 11:00;77794.13;77794.13;77620.65;77682.41;21.30;23.63;18.36;68.55;69.09;0.305;NEUTRE;0;28.6;1;0
2026.04.25 10:00;77722.37;77895.61;77720.60;77794.13;22.65;27.26;12.32;78.18;58.26;0.449;NEUTRE;0;41.5;1;0
2026.04.25 09:00;77655.30;77790.51;77595.37;77722.37;20.33;22.22;14.22;60.54;38.94;0.356;NEUTRE;0;37.9;1;0
2026.04.25 08:00;77505.89;77668.91;77495.43;77655.30;20.08;16.05;16.41;36.07;33.90;0.270;NEUTRE;0;33.6;1;0
2026.04.25 07:00;77511.34;77582.53;77454.85;77508.27;23.00;10.86;18.93;20.22;45.17;0.080;NEUTRE;0;12.7;0;0
2026.04.25 06:00;77527.41;77593.75;77491.69;77511.34;22.37;12.53;17.40;45.41;67.09;0.084;NEUTRE;0;15.4;0;0
2026.04.25 05:00;77630.32;77630.32;77493.79;77527.41;23.31;14.46;19.76;69.88;77.61;0.105;NEUTRE;0;22.5;0;0
2026.04.25 04:00;77684.45;77710.92;77605.95;77630.32;24.51;16.68;10.17;85.97;74.01;0.237;NEUTRE;0;49.4;2;0
2026.04.25 03:00;77623.89;77724.41;77559.22;77684.45;24.55;19.25;11.73;76.98;59.52;0.307;NEUTRE;0;63.6;2;0
2026.04.25 02:00;77548.87;77657.51;77510.88;77623.89;24.59;15.98;13.54;59.09;43.40;0.229;NEUTRE;0;66.1;3;0
2026.04.25 01:00;77468.70;77630.15;77441.72;77548.87;27.10;15.57;15.62;42.49;33.31;0.132;NEUTRE;0;;;0
2026.04.25 00:00;77446.43;77505.08;77316.29;77468.77;31.25;7.75;18.02;28.63;31.43;0.029;NEUTRE;0;;;0
2026.04.24 23:00;77345.39;77469.84;77343.36;77446.43;29.92;6.07;20.79;28.81;35.26;-1.049;NEUTRE;0;-41.9;-1;0
2026.04.24 22:00;77551.10;77634.96;77278.59;77344.74;26.10;7.01;23.99;36.84;37.71;-1.179;NEUTRE;0;-46.6;-2;0
2026.04.24 21:00;77732.37;77769.44;77551.10;77551.10;21.68;8.08;15.92;40.12;34.29;-0.915;NEUTRE;0;-40.6;-1;0
2026.04.24 20:00;77640.83;77772.45;77462.85;77730.49;20.00;9.33;18.37;36.17;28.84;-0.686;NEUTRE;0;-34.1;-1;0
2026.04.24 19:00;77621.72;77755.21;77539.58;77640.83;18.05;10.76;17.38;26.57;27.29;-0.800;NEUTRE;0;-39.7;-1;1
2026.04.24 18:00;77688.01;77725.80;77370.25;77621.72;17.21;10.32;20.06;23.78;33.68;-0.825;NEUTRE;0;-42.1;-1;1
2026.04.24 17:00;77785.36;77822.29;77487.49;77688.01;14.93;11.91;18.07;31.51;45.53;-0.740;NEUTRE;0;-40.6;-1;1
2026.04.24 16:00;78054.58;78072.64;77590.95;77785.36;14.07;13.74;16.09;45.76;58.54;-0.616;NEUTRE;0;-37.2;-1;1
2026.04.24 15:00;78056.01;78238.86;77587.33;78054.58;15.02;15.86;18.57;59.31;69.65;-0.272;NEUTRE;0;-19.7;0;1
2026.04.24 14:00;78093.40;78093.56;77688.43;78056.01;16.11;14.86;21.43;70.55;76.49;-0.270;NEUTRE;0;-20.8;0;1
2026.04.24 13:00;78274.99;78469.92;77912.42;78093.35;15.81;17.15;16.22;79.11;72.57;-0.222;NEUTRE;0;-18.6;0;1
2026.04.24 12:00;78241.03;78356.87;78040.92;78274.79;17.81;19.79;15.17;79.81;61.01;0.010;NEUTRE;0;0.9;0;1
2026.04.24 11:00;77752.37;78381.73;77750.99;78241.03;18.52;22.83;17.50;58.80;45.94;-0.034;NEUTRE;0;-3.5;0;1
2026.04.24 10:00;77534.65;77788.26;77444.11;77752.37;19.33;11.87;20.19;44.43;38.53;-0.658;NEUTRE;0;-52.4;-2;1
2026.04.24 09:00;77793.28;77812.21;77415.22;77534.65;18.32;13.70;23.30;34.60;35.53;-0.936;NEUTRE;0;-64;-2;1
2026.04.24 08:00;77663.47;78016.48;77575.60;77793.24;17.14;15.81;20.67;36.54;34.21;-0.606;NEUTRE;0;-56.2;-2;1
2026.04.24 07:00;77796.96;77863.45;77554.98;77663.47;17.73;12.90;23.85;35.44;30.79;-0.772;NEUTRE;0;-65.3;-3;1
2026.04.24 06:00;77959.75;77990.34;77770.73;77796.96;15.87;14.88;16.76;30.66;26.12;-0.601;NEUTRE;0;-63.1;-2;0
2026.04.24 05:00;77668.46;78028.35;77455.95;77959.75;17.40;17.17;19.34;26.26;30.76;-0.393;NEUTRE;0;-57.2;-2;0
2026.04.24 04:00;77739.99;77866.36;77498.64;77668.46;19.16;15.46;22.31;21.45;46.94;-0.765;NEUTRE;0;-75.1;-3;0
2026.04.24 03:00;78136.42;78190.05;77575.85;77739.99;19.31;17.84;22.52;44.58;70.04;-0.674;NEUTRE;0;-77.3;-3;0
2026.04.24 02:00;78441.71;78573.42;78082.82;78136.42;20.50;20.58;13.28;74.80;84.78;-0.167;NEUTRE;0;-58.7;-2;0
2026.04.24 01:00;78429.81;78464.11;77967.35;78443.40;20.34;20.32;15.32;90.74;86.93;0.225;NEUTRE;0;;;0
2026.04.24 00:00;78267.34;78501.14;78175.98;78430.03;21.31;23.45;11.22;88.80;79.99;0.208;NEUTRE;0;;;0
2026.04.23 23:00;78243.74;78311.36;78038.57;78266.93;19.16;18.07;12.95;81.24;69.56;0.093;NEUTRE;0;4.6;0;0
2026.04.23 22:00;77885.46;78350.29;77876.32;78243.74;19.57;20.86;14.94;69.92;58.49;0.063;NEUTRE;0;3.2;0;0
2026.04.23 21:00;77892.47;78078.64;77799.47;77885.46;20.04;15.25;17.24;57.51;50.00;-0.395;NEUTRE;0;-20.3;0;0
2026.04.23 20:00;77724.78;78057.71;77654.06;77892.47;22.18;16.44;19.89;48.03;46.71;-0.386;NEUTRE;0;-20.8;0;0
2026.04.23 19:00;77680.60;77903.86;77608.17;77723.27;24.13;13.10;22.95;44.45;50.39;-0.602;NEUTRE;0;-32;-1;1
2026.04.23 18:00;77780.86;78154.59;77686.42;77686.42;23.64;15.12;22.41;47.66;60.82;-0.649;NEUTRE;0;-35.4;-1;1
2026.04.23 17:00;78117.12;78205.94;76968.90;77780.86;24.29;17.45;25.85;59.05;70.67;-0.529;NEUTRE;0;-31.5;-1;1
2026.04.23 16:00;78394.51;78530.26;78049.93;78117.44;25.04;20.13;16.39;75.76;75.70;-0.098;NEUTRE;0;-6.9;0;1
2026.04.23 15:00;78200.15;78681.73;77994.97;78394.51;27.31;23.23;18.91;77.21;68.98;0.256;NEUTRE;0;18.6;0;1
2026.04.23 14:00;77536.83;78222.93;77424.08;78200.15;29.94;16.52;21.82;74.12;58.06;0.008;NEUTRE;0;0.6;0;1
2026.04.23 13:00;77882.23;77927.82;77406.48;77536.83;32.42;13.38;25.17;55.60;43.47;-0.841;NEUTRE;0;-51.9;-2;1
2026.04.23 12:00;77707.69;77885.97;77578.75;77882.23;32.70;15.44;23.96;44.45;32.44;-0.399;NEUTRE;0;-33.2;-1;1
2026.04.23 11:00;77410.43;77756.04;77390.30;77707.01;34.41;11.31;27.65;30.36;30.76;-0.623;NEUTRE;0;-48.1;-2;1
2026.04.23 10:00;77660.38;77722.30;77183.18;77410.43;33.25;11.63;31.90;22.50;41.06;-1.002;NEUTRE;0;-63.1;-2;1
2026.04.23 09:00;77866.50;77872.40;77453.52;77660.38;31.20;13.42;29.10;39.41;56.11;-0.683;NEUTRE;0;-56.2;-2;1
2026.04.23 08:00;78070.03;78191.17;77731.62;77866.50;30.33;15.48;23.36;61.27;62.02;-0.419;NEUTRE;0;-45.9;-2;1
2026.04.23 07:00;78221.94;78265.94;77994.06;78070.03;31.87;17.87;18.17;67.64;54.18;-0.159;NEUTRE;0;-24.1;0;1
2026.04.23 06:00;78042.21;78354.52;78042.21;78221.94;36.65;20.61;18.24;57.15;41.44;0.035;NEUTRE;0;6.6;0;0
2026.04.23 05:00;77923.76;78098.37;77782.48;78031.20;41.34;11.60;21.04;37.76;34.99;-0.209;NEUTRE;0;-39.5;-1;0
2026.04.23 04:00;77752.57;77959.61;77683.48;77923.76;43.25;6.62;24.28;29.42;39.45;-0.346;NEUTRE;0;-59.6;-2;0
2026.04.23 03:00;77951.86;78041.23;77505.80;77752.57;41.12;7.64;28.02;37.79;45.17;-0.565;NEUTRE;0;-74.9;-3;0
2026.04.23 02:00;78371.72;78374.40;77772.45;77951.86;38.65;8.82;24.66;51.13;44.28;-0.310;NEUTRE;0;-71.9;-3;0
2026.04.23 01:00;78446.24;78458.31;78077.18;78371.72;37.32;10.18;20.67;46.60;35.06;0.227;NEUTRE;0;;;0
2026.04.23 00:00;78194.27;78588.32;77602.80;78443.27;37.82;11.74;23.85;35.10;26.86;0.318;NEUTRE;0;;;0
2026.04.22 23:00;78619.25;78622.30;78171.27;78194.27;38.41;13.55;18.65;23.47;22.44;2.434;SOFT_UP;1;64.4;2;0
2026.04.22 22:00;78779.33;78850.09;78471.50;78619.54;41.88;15.63;11.27;22.02;22.68;2.991;STRONG_UP;2;69.5;3;0
2026.04.22 21:00;78445.01;78843.04;78432.10;78779.33;45.83;17.75;13.01;21.82;30.72;3.200;STRONG_UP;2;71.6;3;0
2026.04.22 20:00;78860.43;78938.86;78425.08;78443.85;50.51;20.48;15.01;24.20;40.57;2.760;STRONG_UP;2;69.8;3;0
2026.04.22 19:00;79046.03;79090.97;78717.60;78863.53;55.91;23.63;8.56;46.15;54.06;3.310;STRONG_UP;2;73.8;3;1
2026.04.22 18:00;78919.95;79183.26;78837.84;79046.03;57.31;27.27;4.92;51.38;63.76;3.549;STRONG_UP;2;75.6;3;1
2026.04.22 17:00;78762.43;79057.48;78714.19;78919.95;55.45;25.86;5.68;64.67;77.59;3.384;STRONG_UP;2;75.7;3;1
2026.04.22 16:00;79309.19;79485.81;78659.27;78762.09;54.14;29.84;6.55;75.24;84.68;3.177;STRONG_UP;2;75.7;3;1
2026.04.22 15:00;79056.78;79433.29;78855.15;79309.18;52.62;34.43;3.92;92.86;87.34;3.894;STRONG_UP;2;78.9;3;1
2026.04.22 14:00;78863.22;79180.11;78597.42;79056.81;48.48;32.99;4.52;85.94;81.18;3.563;STRONG_UP;2;78.7;3;1
2026.04.22 13:00;78246.06;78862.92;78177.86;78862.49;44.26;29.69;5.21;83.21;76.25;3.309;STRONG_UP;2;78.7;3;1
2026.04.22 12:00;78308.24;78502.36;78125.34;78246.06;40.28;26.16;6.02;74.40;69.51;2.501;STRONG_UP;2;76.3;3;1
2026.04.22 11:00;78159.71;78396.26;78100.45;78308.24;36.85;25.85;6.94;71.15;64.37;2.583;STRONG_UP;2;77.8;3;1
2026.04.22 10:00;78001.65;78184.07;77951.38;78158.83;33.64;18.79;8.01;63.00;64.13;2.387;SOFT_UP;1;78;3;1
2026.04.22 09:00;78003.79;78187.71;77955.71;78001.65;32.63;21.68;8.96;58.96;68.63;2.181;SOFT_UP;1;78.2;3;1
2026.04.22 08:00;78008.79;78206.40;77940.09;78003.79;31.26;25.02;10.33;70.45;76.30;2.184;SOFT_UP;1;79.5;3;1
2026.04.22 07:00;77998.68;78108.94;77816.96;78007.87;29.68;23.24;11.92;76.49;81.27;2.189;SOFT_UP;1;80.8;3;1
2026.04.22 06:00;77975.62;78033.19;77893.87;77998.12;29.30;26.81;9.71;81.95;86.53;2.177;SOFT_UP;1;82;3;0
2026.04.22 05:00;77520.50;78429.27;77446.06;77975.62;26.60;30.94;11.20;85.37;89.88;2.147;SOFT_UP;1;83.3;3;0
2026.04.22 04:00;77527.55;77705.55;77368.00;77520.46;23.48;24.37;12.92;92.28;92.26;1.551;SOFT_UP;1;82.5;3;0
2026.04.22 03:00;77611.22;77735.76;77406.87;77527.55;22.37;28.12;13.14;91.98;91.55;1.560;SOFT_UP;1;84.4;3;0
2026.04.22 02:00;76303.43;77654.54;76227.52;77611.22;20.23;28.65;15.16;92.53;90.38;1.670;SOFT_UP;1;86.5;3;0
2026.04.22 01:00;76370.99;76421.56;76135.96;76303.55;18.61;19.76;17.49;90.13;86.59;-0.043;NEUTRE;0;;;0
2026.04.22 00:00;76336.59;76505.04;76219.08;76370.99;20.53;22.80;15.71;88.49;79.76;0.045;NEUTRE;0;;;0
2026.04.21 23:00;75650.89;76430.05;75632.79;76336.59;20.85;22.28;18.12;81.15;66.39;0.634;NEUTRE;0;28.5;1;0
2026.04.21 22:00;75547.39;75652.97;75308.69;75651.43;22.48;10.71;20.91;69.64;52.27;-0.269;NEUTRE;0;-13.5;0;0
2026.04.21 21:00;75722.06;75781.53;75454.57;75547.39;20.98;12.36;17.61;48.37;38.22;-0.407;NEUTRE;0;-20.9;0;0
2026.04.21 20:00;75020.00;75859.33;74975.79;75727.86;21.51;14.26;20.32;38.80;32.70;-0.169;NEUTRE;0;-9.5;0;0
2026.04.21 19:00;75604.97;75914.29;74807.28;75020.00;22.12;16.45;23.45;27.48;29.64;-1.102;NEUTRE;0;-48.8;-2;1
2026.04.21 18:00;75551.08;75656.06;75303.88;75607.57;22.83;18.99;20.15;31.83;27.23;-0.327;NEUTRE;0;-19.7;0;1
2026.04.21 17:00;75783.79;75882.16;75077.94;75551.08;25.88;21.91;23.25;29.61;22.06;-0.402;NEUTRE;0;-25;0;1
2026.04.21 16:00;75832.64;76190.33;75758.95;75783.79;29.41;25.28;13.80;20.25;17.12;-0.095;NEUTRE;0;-6.7;0;1
2026.04.21 15:00;75675.44;75981.75;75455.50;75832.64;29.41;21.73;15.92;16.31;21.28;-0.031;NEUTRE;0;-2.3;0;1
2026.04.21 14:00;75911.69;76597.88;75627.05;75675.44;31.57;25.07;13.36;14.80;35.04;-0.238;NEUTRE;0;-18.5;0;1
2026.04.21 13:00;76024.41;76188.36;75738.03;75910.29;31.73;22.44;15.41;32.72;52.80;0.072;NEUTRE;0;6.2;0;1
2026.04.21 12:00;76463.32;76539.44;75725.13;76024.59;33.76;25.89;17.78;57.59;65.82;0.222;NEUTRE;0;20;0;1
2026.04.21 11:00;76758.99;76773.24;76353.00;76463.32;36.10;29.87;8.66;68.08;68.81;0.801;NEUTRE;0;55.1;2;1
2026.04.21 10:00;76381.27;76889.52;76362.65;76758.99;33.18;34.47;9.64;71.79;70.53;1.191;NEUTRE;0;66.9;3;1
2026.04.21 09:00;76529.59;76587.33;76171.79;76380.77;29.63;30.94;11.12;66.55;67.83;0.692;NEUTRE;0;56.6;2;1
2026.04.21 08:00;76102.58;76899.42;76078.48;76529.59;26.94;35.71;12.83;73.25;63.04;0.888;NEUTRE;0;65.4;3;1
2026.04.21 07:00;75986.10;76308.03;75834.33;76102.58;23.83;30.12;14.80;63.68;51.26;0.325;NEUTRE;0;42.5;1;1
2026.04.21 06:00;75820.60;76139.67;75716.41;75986.10;22.25;29.28;17.08;52.19;38.46;0.172;NEUTRE;0;29.5;1;0
2026.04.21 05:00;75825.28;75994.29;75798.30;75820.60;21.62;28.50;19.71;37.92;29.25;-0.046;NEUTRE;0;-10.3;0;0
2026.04.21 04:00;75724.60;75835.62;75617.62;75825.28;22.15;20.43;22.74;25.26;27.80;-0.040;NEUTRE;0;-11.1;0;0
2026.04.21 03:00;75598.93;75733.66;75502.45;75724.60;24.73;16.38;26.24;24.57;32.16;-0.173;NEUTRE;0;-48.7;-2;0
2026.04.21 02:00;75939.05;75949.00;75591.27;75598.93;24.97;18.90;24.37;33.58;35.17;-0.339;NEUTRE;0;-73.3;-3;0
2026.04.21 01:00;76109.69;76261.19;75881.26;75939.05;26.87;21.81;15.64;38.33;35.99;0.110;NEUTRE;0;;;0
2026.04.21 00:00;75855.84;76114.12;75708.01;76112.35;28.48;19.21;18.05;33.61;41.78;0.338;NEUTRE;0;;;0
2026.04.20 23:00;75988.16;75989.19;75631.47;75855.84;32.38;17.43;20.83;36.03;55.69;2.775;STRONG_UP;2;67.2;3;0
2026.04.20 22:00;75968.95;76165.16;75917.28;75988.16;35.99;20.11;11.74;55.69;73.59;2.955;STRONG_UP;2;69.3;3;0
2026.04.20 21:00;76297.88;76390.32;75800.53;75968.95;37.49;23.20;13.55;75.34;86.39;2.929;STRONG_UP;2;70;3;0
2026.04.20 20:00;76315.68;76573.40;76145.42;76297.88;39.22;26.77;6.64;89.76;90.41;3.374;STRONG_UP;2;73.3;3;0
2026.04.20 19:00;76441.03;76501.81;76167.14;76315.68;35.98;28.32;7.66;94.09;88.61;3.398;STRONG_UP;2;74.2;3;1
2026.04.20 18:00;75916.08;76470.04;75916.08;76438.81;32.67;31.21;8.83;87.39;77.54;3.565;STRONG_UP;2;75.6;3;1
2026.04.20 17:00;75362.62;75983.41;75306.60;75916.08;29.10;22.50;10.19;84.34;68.73;2.857;STRONG_UP;2;73.2;3;1
2026.04.20 16:00;75731.65;75739.27;75311.73;75361.52;27.79;20.41;11.76;60.89;57.21;2.106;SOFT_UP;1;68.9;3;1
2026.04.20 15:00;75056.68;75779.39;74712.88;75731.65;27.93;23.55;13.57;60.97;57.68;2.607;STRONG_UP;2;73.7;3;1
2026.04.20 14:00;75293.89;75775.89;74941.97;75057.88;28.09;27.18;12.35;49.78;57.89;1.694;SOFT_UP;1;67.2;3;1
2026.04.20 13:00;75308.01;75459.59;74882.33;75292.56;26.64;25.52;14.25;62.29;62.04;2.012;SOFT_UP;1;71.8;3;1
2026.04.20 12:00;75203.09;75662.94;75092.54;75308.02;26.38;29.45;10.84;61.61;59.92;2.033;SOFT_UP;1;73.3;3;1
2026.04.20 11:00;75053.00;75301.15;74982.09;75203.53;23.34;24.22;12.51;62.22;56.91;1.891;SOFT_UP;1;73.6;3;1
2026.04.20 10:00;75085.38;75425.79;75026.95;75053.00;22.03;27.95;12.28;55.92;54.41;1.688;SOFT_UP;1;73.3;3;1
2026.04.20 09:00;74741.18;75254.77;74712.31;75085.38;19.42;25.65;14.16;52.59;53.95;1.731;SOFT_UP;1;75.2;3;1
2026.04.20 08:00;74843.12;75012.86;74633.25;74742.74;17.97;22.73;16.34;54.72;59.49;1.267;SOFT_UP;1;72.2;3;1
2026.04.20 07:00;74805.62;75583.44;74679.43;74842.68;18.22;26.23;16.99;54.54;65.12;1.403;SOFT_UP;1;75.8;3;1
2026.04.20 06:00;74285.76;74903.11;74267.65;74806.54;17.73;18.69;19.60;69.19;73.55;1.354;SOFT_UP;1;77.3;3;0
2026.04.20 05:00;74575.65;74575.68;74121.23;74285.15;20.09;13.64;22.61;71.64;76.77;0.647;NEUTRE;0;68.6;3;0
2026.04.20 04:00;74653.82;74656.84;74453.55;74575.65;19.37;15.73;14.84;79.81;73.87;1.041;NEUTRE;0;79;3;0
2026.04.20 03:00;74426.43;74660.56;74374.65;74653.72;21.90;18.15;17.13;78.87;60.46;1.147;NEUTRE;0;82.4;3;0
2026.04.20 02:00;74607.29;74643.10;74320.79;74426.43;24.83;20.01;19.76;62.93;41.52;0.839;NEUTRE;0;83.1;3;0
2026.04.20 01:00;74292.36;74756.83;74227.54;74607.29;28.55;23.08;22.80;39.59;23.77;1.084;NEUTRE;0;;;0
2026.04.20 00:00;73807.47;74371.15;73741.83;74292.36;32.85;15.43;26.31;22.03;15.30;0.657;NEUTRE;0;;;0
2026.04.19 23:00;74061.02;74068.89;73804.48;73807.42;33.89;10.41;30.36;9.70;13.03;-2.518;STRONG_DOWN;-2;-65.1;-3;0
2026.04.19 22:00;74442.93;74442.93;73785.35;74061.02;31.57;12.01;35.03;14.17;15.14;-2.183;SOFT_DOWN;-1;-62.9;-2;0
2026.04.19 21:00;74647.34;74833.51;74388.95;74443.90;28.90;13.86;26.31;15.22;15.10;-1.677;SOFT_DOWN;-1;-57.6;-2;0
2026.04.19 20:00;74970.01;74972.91;74444.44;74647.07;28.58;15.99;28.44;16.04;13.10;-1.409;SOFT_DOWN;-1;-54.2;-2;0
2026.04.19 19:00;74791.57;75094.94;74791.57;74970.01;28.67;18.45;22.71;14.04;15.70;-0.982;NEUTRE;0;-45.5;-2;0
2026.04.19 18:00;74806.01;74921.77;74616.53;74791.56;31.49;12.51;26.21;9.23;29.50;-1.218;NEUTRE;0;-53.1;-2;0
2026.04.19 17:00;75405.68;75406.33;74673.63;74806.01;30.89;14.43;27.36;23.84;51.44;-1.199;NEUTRE;0;-54.3;-2;0
2026.04.19 16:00;75870.48;75880.35;75337.43;75405.31;30.88;16.65;17.63;55.42;70.53;-0.407;NEUTRE;0;-26.6;-1;0
2026.04.19 15:00;76049.00;76178.31;75436.37;75870.48;35.19;19.22;17.54;75.06;79.99;0.207;NEUTRE;0;15.2;0;0
2026.04.19 14:00;75947.64;76165.05;75698.09;76049.00;39.90;22.17;14.81;81.10;80.88;0.443;NEUTRE;0;31.9;1;0
2026.04.19 13:00;75597.54;76258.07;75573.46;75947.64;42.98;25.58;17.09;83.82;71.29;0.309;NEUTRE;0;25.1;1;0
2026.04.19 12:00;75622.37;75715.34;75461.03;75597.54;46.53;17.32;19.72;77.72;54.64;-0.153;NEUTRE;0;-14.1;0;0
2026.04.19 11:00;75236.41;75645.82;75227.85;75622.17;52.70;15.78;22.75;52.32;39.52;-0.121;NEUTRE;0;-12.2;0;0
2026.04.19 10:00;75042.12;75258.78;74958.01;75236.41;58.02;3.96;26.25;33.88;33.99;-0.630;NEUTRE;0;-51.1;-2;0
2026.04.19 09:00;75278.11;75294.42;74950.95;75042.12;55.60;4.57;30.29;32.35;34.46;-0.887;NEUTRE;0;-62.8;-2;0
2026.04.19 08:00;75275.79;75322.71;75096.66;75278.11;52.80;5.28;28.43;35.74;37.61;-0.575;NEUTRE;0;-54.8;-2;0
2026.04.19 07:00;75415.06;75420.27;74925.24;75275.79;50.35;6.09;32.80;35.29;40.60;-0.578;NEUTRE;0;-58.4;-2;0
2026.04.19 06:00;75564.91;75569.25;75322.03;75415.06;47.53;7.02;25.52;41.81;40.95;-0.394;NEUTRE;0;-52.3;-2;0
2026.04.19 05:00;75684.83;75710.93;75534.19;75564.94;46.10;8.10;16.24;44.69;36.30;-0.196;NEUTRE;0;-37.7;-1;0
2026.04.19 04:00;75533.32;75800.22;75437.33;75684.83;48.06;9.35;18.74;36.35;31.18;-0.038;NEUTRE;0;-10.6;0;0
2026.04.19 03:00;75512.06;75656.14;75379.43;75533.32;50.31;4.68;21.62;27.86;31.50;-0.238;NEUTRE;0;-57.4;-2;0
2026.04.19 02:00;75636.57;75700.47;75431.26;75512.06;48.14;5.40;22.06;29.32;41.07;-0.266;NEUTRE;0;-69.1;-3;0
2026.04.19 01:00;75692.69;75808.72;75473.98;75636.57;46.21;6.23;23.02;37.32;54.27;-0.102;NEUTRE;0;;;0
2026.04.19 00:00;75713.60;75868.75;75575.53;75692.69;44.50;7.19;21.89;56.58;62.19;-0.028;NEUTRE;0;;;0
2026.04.18 23:00;75836.95;75903.53;75712.63;75713.60;43.57;8.30;18.07;68.91;56.63;-1.778;SOFT_DOWN;-1;-56.7;-2;0
2026.04.18 22:00;75838.87;75899.18;75628.73;75836.95;44.57;9.23;20.85;61.09;42.58;-1.618;SOFT_DOWN;-1;-55.4;-2;0
2026.04.18 21:00;75769.26;75860.42;75616.78;75838.87;45.48;8.44;24.05;39.90;29.09;-1.615;SOFT_DOWN;-1;-56.6;-2;0
2026.04.18 20:00;75665.96;75860.31;75618.59;75769.26;45.09;9.74;27.64;26.75;23.99;-1.706;SOFT_DOWN;-1;-59.2;-2;0
2026.04.18 19:00;75660.01;75813.73;75595.81;75665.96;44.66;8.27;31.89;20.61;28.22;-1.840;SOFT_DOWN;-1;-62.3;-2;0
2026.04.18 18:00;75839.26;75857.12;75468.45;75659.93;42.48;9.54;36.80;24.60;39.16;-1.848;SOFT_DOWN;-1;-63.7;-2;0
2026.04.18 17:00;75953.82;75973.32;75801.98;75839.26;39.97;11.01;29.26;39.43;47.99;-1.615;SOFT_DOWN;-1;-61.9;-2;0
2026.04.18 16:00;76179.07;76234.74;75719.75;75953.93;39.15;12.71;33.76;53.44;48.50;-1.466;SOFT_DOWN;-1;-61;-2;0
2026.04.18 15:00;76263.95;76374.62;76032.69;76179.07;38.20;14.66;29.60;51.11;40.39;-1.174;NEUTRE;0;-57;-2;0
2026.04.18 14:00;76128.12;76281.00;75993.00;76263.95;38.88;12.71;34.16;40.96;30.13;-1.064;NEUTRE;0;-56.3;-2;0
2026.04.18 13:00;76216.80;76221.33;75808.68;76128.12;37.82;11.47;39.41;29.09;21.59;-1.240;NEUTRE;0;-62;-2;0
2026.04.18 12:00;76053.71;76308.98;76053.71;76216.80;35.20;13.24;36.34;20.33;17.66;-1.125;NEUTRE;0;-61.6;-2;0
2026.04.18 11:00;76208.14;76208.14;75782.95;76053.71;33.44;9.20;41.93;15.34;19.26;-1.337;SOFT_DOWN;-1;-67.3;-3;0
2026.04.18 10:00;76615.93;76615.93;76155.28;76208.14;28.74;10.61;34.91;17.31;25.07;-1.136;NEUTRE;0;-65.9;-3;0
2026.04.18 09:00;76749.82;76749.82;76433.48;76615.93;24.95;12.24;30.99;25.13;32.26;-0.607;NEUTRE;0;-53;-2;0
2026.04.18 08:00;77004.55;77059.55;76518.39;76749.82;22.11;14.13;31.62;32.76;38.54;-0.434;NEUTRE;0;-46.9;-2;0
2026.04.18 07:00;77142.50;77148.31;76911.40;77004.77;19.63;16.30;25.32;38.87;39.66;-0.103;NEUTRE;0;-16.2;0;0
2026.04.18 06:00;77153.60;77238.71;77074.13;77142.50;19.32;18.81;18.64;43.98;41.08;0.076;NEUTRE;0;14;0;0
2026.04.18 05:00;77130.36;77282.78;77128.38;77153.60;22.22;21.70;16.44;36.13;41.88;0.090;NEUTRE;0;19.5;0;0
2026.04.18 04:00;77025.18;77182.09;76913.95;77131.81;23.52;15.01;18.97;43.14;46.40;0.062;NEUTRE;0;17;0;0
2026.04.18 03:00;77310.61;77316.04;76986.32;77024.81;25.34;17.32;17.74;46.36;44.08;-0.077;NEUTRE;0;-26.8;-1;0
2026.04.18 02:00;77236.24;77433.91;77145.54;77310.61;29.06;19.98;13.04;49.69;40.24;0.294;NEUTRE;0;71;3;0
2026.04.18 01:00;77187.00;77350.03;77132.70;77236.24;30.29;18.58;15.04;36.20;36.63;0.197;NEUTRE;0;;;0
2026.04.18 00:00;77084.08;77271.90;76995.55;77183.47;33.34;15.91;17.35;34.83;36.71;0.129;NEUTRE;0;;;0
2026.04.17 23:00;77322.40;77322.53;76921.39;77084.75;37.79;18.36;20.02;38.87;35.97;2.575;STRONG_UP;2;65.6;3;0
2026.04.17 22:00;77462.08;77535.99;77287.40;77322.40;42.94;21.18;9.07;36.43;30.42;2.892;STRONG_UP;2;68.9;3;0
2026.04.17 21:00;77364.86;77515.79;77294.13;77462.08;43.39;23.19;10.46;32.60;32.09;3.077;STRONG_UP;2;70.9;3;0
2026.04.17 20:00;77437.20;77636.57;77177.52;77364.86;44.24;26.76;12.07;22.24;41.99;2.948;STRONG_UP;2;71;3;0
2026.04.17 19:00;77184.51;77509.21;77042.92;77445.11;45.23;26.60;13.93;41.44;61.52;3.055;STRONG_UP;2;72.5;3;1
2026.04.17 18:00;77546.95;77601.16;77106.80;77184.51;47.38;30.70;13.97;62.27;77.61;2.708;STRONG_UP;2;71.4;3;1
2026.04.17 17:00;77891.87;77951.57;77133.86;77547.10;48.91;35.42;15.27;80.83;88.08;3.191;STRONG_UP;2;74.9;3;1
2026.04.17 16:00;77826.70;78342.34;77756.20;77891.87;50.32;40.87;5.91;89.73;92.69;3.649;STRONG_UP;2;77.5;3;1
2026.04.17 15:00;77933.17;78031.13;77477.34;77826.71;46.56;38.99;6.82;93.70;89.88;3.563;STRONG_UP;2;77.9;3;1
2026.04.17 14:00;77367.29;78098.72;77041.08;77933.17;42.92;44.99;7.87;94.65;77.64;3.704;STRONG_UP;2;79.1;3;1
2026.04.17 13:00;76252.37;77445.04;76075.43;77366.96;38.72;42.40;9.08;81.31;63.22;2.951;STRONG_UP;2;77.4;3;1
2026.04.17 12:00;75601.35;76280.79;75539.51;76253.27;34.72;35.84;10.48;56.95;57.53;1.469;SOFT_UP;1;67.5;3;1
2026.04.17 11:00;75282.94;75617.03;75251.66;75601.35;31.64;27.58;12.09;51.41;65.59;0.601;NEUTRE;0;47.1;2;1
2026.04.17 10:00;75786.69;75888.03;75104.74;75282.94;30.50;31.82;13.95;64.22;80.11;0.178;NEUTRE;0;19.3;0;1
2026.04.17 09:00;75788.92;76368.75;75529.92;75786.69;29.19;36.72;7.75;81.14;82.10;0.848;NEUTRE;0;61.7;2;1
2026.04.17 08:00;75078.84;75873.02;74996.63;75788.92;23.65;33.28;8.94;94.98;71.36;0.851;NEUTRE;0;64.5;2;1
2026.04.17 07:00;74940.32;75105.26;74938.99;75078.73;18.42;24.92;10.31;70.18;47.68;-0.094;NEUTRE;0;-14.8;0;1
2026.04.17 06:00;74641.40;74945.28;74597.44;74942.23;14.88;13.95;11.90;48.93;32.92;-0.276;NEUTRE;0;-42.2;-1;0
2026.04.17 05:00;74792.53;74812.05;74558.33;74641.40;15.95;10.20;13.73;23.92;23.61;-0.676;NEUTRE;0;-69.4;-3;0
2026.04.17 04:00;74618.23;74852.15;74592.72;74792.53;16.14;11.77;13.76;25.92;23.34;-0.475;NEUTRE;0;-66.9;-3;0
2026.04.17 03:00;74712.30;74843.49;74609.60;74618.23;17.42;13.58;14.87;20.99;25.48;-0.707;NEUTRE;0;-77.8;-3;0
2026.04.17 02:00;74747.41;74811.32;74543.93;74712.30;19.40;13.56;17.16;23.11;32.54;-0.582;NEUTRE;0;-80.1;-3;0
2026.04.17 01:00;74944.93;75043.56;74573.32;74747.41;20.58;15.64;18.11;32.33;43.57;-0.535;NEUTRE;0;;;0
2026.04.17 00:00;75149.36;75164.36;74888.30;74944.93;22.63;18.05;10.59;42.18;54.84;-0.272;NEUTRE;0;;;0
2026.04.16 23:00;74869.79;75181.36;74833.10;75149.36;22.10;20.83;12.22;56.20;67.51;0.439;NEUTRE;0;20.6;0;0
2026.04.16 22:00;74937.04;75121.58;74832.56;74869.79;21.50;21.39;14.10;66.13;79.30;0.065;NEUTRE;0;3.3;0;0
2026.04.16 21:00;75230.50;75283.66;74810.95;74937.04;21.65;24.68;16.27;80.21;85.18;0.155;NEUTRE;0;8.3;0;0
2026.04.16 20:00;75353.04;75525.07;74997.01;75230.50;21.82;28.48;12.72;91.57;81.44;0.548;NEUTRE;0;28.4;1;0
2026.04.16 19:00;75035.33;75412.49;74744.62;75353.04;19.29;29.58;14.68;83.77;72.26;0.711;NEUTRE;0;36.4;1;1
2026.04.16 18:00;74334.91;75087.12;74232.99;75035.33;17.08;26.64;16.94;68.97;63.28;0.287;NEUTRE;0;17.4;0;1
2026.04.16 17:00;74172.14;74446.56;73900.99;74334.91;16.29;19.20;19.54;64.05;56.65;-0.649;NEUTRE;0;-37;-1;1
2026.04.16 16:00;74704.70;74938.01;74065.44;74172.14;18.65;22.15;17.91;56.82;47.33;-0.867;NEUTRE;0;-46.9;-2;1
2026.04.16 15:00;73963.78;74880.04;73927.93;74704.16;19.90;24.53;20.67;49.08;40.08;-0.156;NEUTRE;0;-11.6;0;1
2026.04.16 14:00;73774.65;74188.06;73410.31;73963.78;21.64;17.13;23.85;36.09;33.56;-1.145;NEUTRE;0;-58.2;-2;1
2026.04.16 13:00;74616.15;75018.60;73308.25;73775.30;22.45;19.76;27.52;35.08;27.54;-1.397;SOFT_DOWN;-1;-64.7;-2;1
2026.04.16 12:00;74574.41;74863.12;74569.03;74616.15;23.38;22.80;20.41;29.50;20.18;-0.274;NEUTRE;0;-24.2;0;1
2026.04.16 11:00;74311.00;74585.83;74284.71;74574.41;26.12;11.81;23.55;18.03;15.90;-0.329;NEUTRE;0;-30.5;-1;1
2026.04.16 10:00;74596.61;74655.90;74275.92;74311.00;25.03;13.62;27.17;13.00;21.73;-0.681;NEUTRE;0;-53.3;-2;1
2026.04.16 09:00;74682.87;74908.50;74595.21;74596.75;23.77;15.72;18.43;16.65;35.20;-0.299;NEUTRE;0;-33.2;-1;1
2026.04.16 08:00;74705.96;74753.09;74519.34;74682.79;26.21;10.50;21.26;35.53;51.45;-0.184;NEUTRE;0;-24.4;0;1
2026.04.16 07:00;75033.76;75084.98;74646.20;74705.96;25.03;12.12;16.19;53.41;59.99;-0.153;NEUTRE;0;-23.3;0;1
2026.04.16 06:00;75049.21;75118.07;74857.10;75033.73;26.67;13.98;11.28;65.41;59.27;0.285;NEUTRE;0;43.1;1;0
2026.04.16 05:00;74948.65;75146.97;74898.00;75043.00;29.13;16.14;10.61;61.15;50.06;0.297;NEUTRE;0;49.5;2;0
2026.04.16 04:00;74887.06;75171.57;74732.07;74948.65;30.43;18.62;12.24;51.25;40.60;0.171;NEUTRE;0;40.1;1;0
2026.04.16 03:00;74886.32;75161.06;74868.67;74886.88;31.93;21.48;9.34;37.78;34.50;0.088;NEUTRE;0;30;1;0
2026.04.16 02:00;74664.96;75269.67;74600.89;74887.91;30.78;24.79;10.77;32.79;38.62;0.090;NEUTRE;0;41.6;1;0
2026.04.16 01:00;74818.80;74819.50;74471.36;74664.96;29.45;18.25;12.43;32.95;46.94;-0.208;NEUTRE;0;;;0
2026.04.16 00:00;74820.79;74881.42;74490.00;74816.43;31.06;21.05;13.52;50.12;58.09;-0.006;NEUTRE;0;;;0
2026.04.15 23:00;74975.89;74978.96;74624.26;74821.43;32.49;24.29;10.32;57.76;65.60;0.887;NEUTRE;0;37.2;1;0
2026.04.15 22:00;74750.28;75429.76;74743.86;74974.13;31.28;28.03;6.72;66.39;72.96;1.093;NEUTRE;0;44.4;1;0
2026.04.15 21:00;74855.14;74871.56;74556.75;74750.28;26.66;19.82;7.76;72.65;76.86;0.791;NEUTRE;0;36.6;1;0
2026.04.15 20:00;75014.92;75050.99;74522.94;74855.31;24.04;22.87;8.95;79.84;73.09;0.932;NEUTRE;0;42.6;1;0
2026.04.15 19:00;74396.27;75291.55;74365.24;75010.04;21.01;26.39;10.33;78.08;60.31;1.141;NEUTRE;0;49.8;2;1
2026.04.15 18:00;74138.77;74412.56;74071.70;74396.27;17.51;15.85;11.92;61.36;46.65;0.314;NEUTRE;0;19;0;1
2026.04.15 17:00;73939.37;74242.19;73914.17;74138.76;18.02;10.60;13.75;41.49;38.65;-0.034;NEUTRE;0;-2.3;0;1
2026.04.15 16:00;73845.48;74186.88;73762.79;73941.93;18.80;9.64;15.87;37.11;43.44;-0.299;NEUTRE;0;-20.2;0;1
2026.04.15 15:00;74155.85;74296.24;73594.45;73847.87;17.94;11.12;18.31;37.36;54.65;-0.426;NEUTRE;0;-29.2;-1;1
2026.04.15 14:00;74059.08;74514.44;73830.27;74149.25;16.94;12.83;15.96;55.87;66.40;-0.020;NEUTRE;0;-1.6;0;1
2026.04.15 13:00;74287.41;74447.87;73818.75;74061.03;17.88;13.31;18.41;70.73;68.90;-0.139;NEUTRE;0;-11.9;0;1
2026.04.15 12:00;74215.98;74465.44;74060.98;74287.59;18.15;15.35;15.32;72.59;63.71;0.167;NEUTRE;0;15.3;0;1
2026.04.15 11:00;73875.25;74266.55;73875.25;74217.05;20.93;10.15;17.68;63.39;55.05;0.072;NEUTRE;0;7.3;0;1
2026.04.15 10:00;74021.60;74251.88;73803.64;73875.25;19.99;11.14;20.40;55.15;44.17;-0.389;NEUTRE;0;-37.5;-1;1
2026.04.15 09:00;74130.90;74199.59;73922.19;74021.60;18.54;12.85;19.47;46.61;30.48;-0.192;NEUTRE;0;-22.8;0;1
2026.04.15 08:00;73756.23;74206.30;73691.13;74130.90;18.25;14.83;22.46;30.75;20.11;-0.044;NEUTRE;0;-6.2;0;1
2026.04.15 07:00;73909.76;74036.19;73544.48;73756.23;17.90;12.03;25.92;14.06;19.72;-0.550;NEUTRE;0;-57.1;-2;1
2026.04.15 06:00;74037.14;74070.80;73887.14;73909.76;15.03;13.88;19.18;15.51;29.72;-0.342;NEUTRE;0;-48.3;-2;0
2026.04.15 05:00;74356.40;74450.65;73899.66;74037.14;14.87;16.01;21.08;29.60;44.83;-0.171;NEUTRE;0;-34;-1;0
2026.04.15 04:00;74361.31;74459.32;74281.37;74353.22;15.06;18.48;13.67;44.04;59.46;0.255;NEUTRE;0;51.5;2;0
2026.04.15 03:00;74345.36;74389.67;74200.85;74361.31;15.07;15.30;15.77;60.86;70.01;0.266;NEUTRE;0;60.2;2;0
2026.04.15 02:00;74634.63;74726.40;74207.36;74345.36;17.16;17.65;17.67;73.46;66.48;0.245;NEUTRE;0;67.5;3;0
2026.04.15 01:00;74587.56;74790.59;74517.59;74634.63;19.79;20.37;11.19;75.70;53.52;0.635;NEUTRE;0;;;0
2026.04.15 00:00;74163.76;74708.21;74144.71;74587.56;18.36;18.86;12.91;50.28;35.95;0.571;NEUTRE;0;;;0
2026.04.14 23:00;74051.07;74256.31;74026.16;74163.76;18.30;9.42;14.90;34.59;26.88;-0.359;NEUTRE;0;-17.1;0;0
2026.04.14 22:00;74297.18;74402.05;73856.41;74051.04;17.66;10.87;17.19;22.96;20.64;-0.511;NEUTRE;0;-24.6;0;0
2026.04.14 21:00;74134.90;74337.58;73969.25;74297.18;16.91;12.55;16.66;23.10;19.59;-0.180;NEUTRE;0;-9.6;0;0
2026.04.14 20:00;74258.70;74470.40;74040.96;74134.90;17.35;14.48;16.22;15.87;18.54;-0.398;NEUTRE;0;-21.4;0;0
2026.04.14 19:00;74127.41;74431.76;73915.84;74258.70;19.14;15.32;18.72;19.80;25.32;-0.232;NEUTRE;0;-13.5;0;1
2026.04.14 18:00;74782.22;74843.12;73860.11;74127.41;20.55;17.68;21.60;19.97;32.47;-0.408;NEUTRE;0;-24.1;0;1
2026.04.14 17:00;74682.95;74973.86;74281.49;74782.22;22.17;20.40;18.33;36.20;47.08;0.471;NEUTRE;0;28.6;1;1
2026.04.14 16:00;75350.86;75707.16;74560.26;74689.20;24.76;23.53;14.95;41.24;55.07;0.346;NEUTRE;0;23.1;0;1
2026.04.14 15:00;75057.29;75474.31;74615.98;75350.88;25.14;24.03;17.25;63.82;61.54;1.235;NEUTRE;0;58.4;2;1
2026.04.14 14:00;75593.88;76093.79;75059.75;75059.75;26.48;27.73;11.95;60.16;46.91;0.844;NEUTRE;0;49.9;2;1
2026.04.14 13:00;74472.73;75595.63;74422.60;75593.88;24.44;24.58;13.79;60.65;35.81;1.562;SOFT_UP;1;67.1;3;1
2026.04.14 12:00;74394.40;74491.88;74289.08;74472.73;23.87;13.89;15.91;19.91;31.91;0.056;NEUTRE;0;5.3;0;1
2026.04.14 11:00;74368.92;74475.12;74324.24;74394.34;26.50;16.02;15.69;26.88;44.93;-0.050;NEUTRE;0;-5.1;0;1
2026.04.14 10:00;74531.51;74636.65;74354.57;74368.92;30.42;18.49;15.01;48.95;59.59;-0.084;NEUTRE;0;-9.4;0;1
2026.04.14 09:00;74782.89;74858.09;74462.91;74531.51;33.50;21.33;11.41;58.96;62.21;0.135;NEUTRE;0;16.5;0;1
2026.04.14 08:00;74572.48;74932.75;74482.14;74782.89;33.99;24.61;12.42;70.87;63.96;0.472;NEUTRE;0;49.3;2;1
2026.04.14 07:00;74547.57;74943.78;74467.35;74572.78;34.16;28.40;14.33;56.81;58.06;0.190;NEUTRE;0;28.1;1;1
2026.04.14 06:00;74228.85;74578.92;74228.85;74547.57;34.35;20.99;16.54;64.21;60.36;0.156;NEUTRE;0;27.1;1;0
2026.04.14 05:00;74406.37;74455.47;74176.86;74228.85;37.81;18.79;19.08;53.16;61.08;-0.272;NEUTRE;0;-47;-2;0
2026.04.14 04:00;74466.58;74526.63;74372.10;74406.37;43.51;21.68;11.24;63.70;65.69;-0.034;NEUTRE;0;-9.5;0;0
2026.04.14 03:00;74355.47;74509.44;74272.06;74466.58;45.32;23.31;12.97;66.38;68.71;0.047;NEUTRE;0;17.2;0;0
2026.04.14 02:00;74405.71;74579.95;74308.96;74355.47;47.91;26.89;12.57;66.99;73.82;-0.102;NEUTRE;0;-45.1;-2;0
2026.04.14 01:00;74175.82;74457.53;74003.20;74406.04;49.69;24.08;14.50;72.77;80.42;-0.034;NEUTRE;0;;;0
2026.04.14 00:00;74431.32;74536.24;74120.97;74175.75;53.52;27.79;12.75;81.72;85.34;-0.343;NEUTRE;0;;;0
2026.04.13 23:00;74645.51;74904.33;74427.85;74429.86;56.04;32.06;3.34;86.77;86.28;5.220;EXPLOSIVE_UP;3;77.4;3;0
2026.04.13 22:00;73196.17;74740.84;73186.14;74645.31;52.18;31.72;3.85;87.54;86.28;5.525;EXPLOSIVE_UP;3;78.6;3;0
2026.04.13 21:00;73180.56;73378.85;73107.32;73196.17;48.16;23.12;4.45;84.53;85.22;3.476;STRONG_UP;2;73;3;0
2026.04.13 20:00;73360.04;73417.07;73040.25;73180.56;45.14;26.67;5.13;86.77;84.25;3.454;STRONG_UP;2;73.6;3;0
2026.04.13 19:00;72451.44;73507.20;72318.12;73360.42;41.67;30.78;5.92;84.36;80.38;3.708;STRONG_UP;2;75.4;3;1
2026.04.13 18:00;72178.78;72489.81;72088.56;72451.44;37.66;22.35;6.83;81.63;80.03;2.423;SOFT_UP;1;69.3;3;1
2026.04.13 17:00;72230.91;72619.14;72099.26;72178.78;35.27;25.79;7.47;75.16;81.41;2.038;SOFT_UP;1;67.1;3;1
2026.04.13 16:00;71879.86;72463.27;71694.24;72232.17;32.22;25.14;8.62;83.31;87.97;2.113;SOFT_UP;1;69;3;1
2026.04.13 15:00;72428.62;72491.64;71668.59;71880.12;29.64;29.01;9.94;85.76;88.62;1.616;SOFT_UP;1;64.8;2;1
2026.04.13 14:00;71667.77;72434.80;71424.47;72431.41;26.67;32.41;11.47;94.84;80.35;2.395;SOFT_UP;1;73.5;3;1
2026.04.13 13:00;71075.21;71697.61;70826.71;71667.66;23.44;26.17;13.24;85.26;64.48;1.315;SOFT_UP;1;63.4;2;1
2026.04.13 12:00;70931.06;71220.72;70756.73;71077.13;21.99;21.77;15.28;60.97;46.12;0.481;NEUTRE;0;38.3;1;1
2026.04.13 11:00;70740.33;70993.44;70740.33;70931.06;22.68;17.59;17.63;47.22;35.74;0.274;NEUTRE;0;26.1;1;1
2026.04.13 10:00;70791.78;70851.20;70681.54;70739.24;26.15;11.68;20.34;30.18;32.34;0.003;NEUTRE;0;0.3;0;1
2026.04.13 09:00;70681.96;70906.66;70674.42;70791.78;26.02;13.48;23.47;29.81;36.51;0.077;NEUTRE;0;9.6;0;1
2026.04.13 08:00;70822.25;70874.96;70570.33;70680.44;25.86;13.46;27.08;37.04;42.00;-0.080;NEUTRE;0;-11.1;0;1
2026.04.13 07:00;71035.79;71079.18;70690.74;70822.25;24.67;15.53;25.16;42.68;45.21;0.120;NEUTRE;0;18.7;0;1
2026.04.13 06:00;70889.70;71111.13;70883.39;71035.79;24.83;17.92;21.40;46.27;49.98;0.422;NEUTRE;0;54.2;2;0
2026.04.13 05:00;70897.64;70928.88;70679.68;70889.71;27.28;8.36;24.69;46.68;56.65;0.216;NEUTRE;0;40.4;1;0
2026.04.13 04:00;70980.02;71147.10;70857.42;70897.64;23.88;9.65;17.52;56.99;64.28;0.227;NEUTRE;0;48.2;2;0
2026.04.13 03:00;71078.66;71152.52;70922.80;70980.02;23.09;11.13;16.74;66.27;63.83;0.343;NEUTRE;0;66.1;3;0
2026.04.13 02:00;71195.51;71273.52;70985.56;71078.66;23.55;12.84;15.11;69.57;56.89;0.483;NEUTRE;0;78.1;3;0
2026.04.13 01:00;71175.27;71233.81;71025.71;71195.51;25.92;14.82;15.30;55.66;48.58;0.648;NEUTRE;0;;;0
2026.04.13 00:00;70737.15;71251.17;70604.85;71175.27;29.66;17.10;17.65;45.45;51.87;0.619;NEUTRE;0;;;0
2026.04.12 23:00;70904.09;70904.09;70560.74;70737.15;33.98;11.47;20.36;44.63;64.41;-3.193;STRONG_DOWN;-2;-69.9;-3;0
2026.04.12 22:00;71378.31;71378.31;70506.70;70904.12;34.91;13.23;23.50;65.53;77.51;-2.964;STRONG_DOWN;-2;-69.4;-3;0
2026.04.12 21:00;71352.51;71457.53;71179.79;71380.71;35.98;15.27;15.26;83.08;84.20;-2.312;SOFT_DOWN;-1;-65.3;-3;0
2026.04.12 20:00;71106.04;71448.19;70963.95;71352.51;41.52;17.10;17.61;83.93;78.28;-2.351;SOFT_DOWN;-1;-66.6;-3;0
2026.04.12 19:00;71153.92;71227.64;71095.77;71106.04;47.68;12.72;20.32;85.58;65.52;-2.688;STRONG_DOWN;-2;-70.3;-3;0
2026.04.12 18:00;71154.78;71222.45;71071.90;71153.92;51.47;14.07;23.45;65.34;44.38;-2.623;STRONG_DOWN;-2;-70.8;-3;0
2026.04.12 17:00;70949.75;71214.07;70920.02;71154.78;55.55;15.38;27.05;45.64;26.73;-2.621;STRONG_DOWN;-2;-71.8;-3;0
2026.04.12 16:00;70909.32;70972.33;70830.47;70949.75;59.86;5.10;31.22;22.15;12.53;-2.902;STRONG_DOWN;-2;-74.4;-3;0
2026.04.12 15:00;70760.52;70949.38;70644.81;70909.32;58.01;3.40;36.02;12.41;7.44;-2.957;STRONG_DOWN;-2;-75.6;-3;0
2026.04.12 14:00;70910.17;71110.34;70712.75;70760.52;54.20;3.92;38.13;3.04;7.61;-3.161;STRONG_DOWN;-2;-77.3;-3;0
2026.04.12 13:00;71099.45;71165.84;70882.93;70909.12;50.02;4.52;37.41;6.88;15.36;-2.958;STRONG_DOWN;-2;-77.4;-3;0
2026.04.12 12:00;71484.74;71524.20;71099.70;71102.01;45.65;5.22;31.38;12.91;25.26;-2.694;STRONG_DOWN;-2;-77.3;-3;0
2026.04.12 11:00;71470.40;71561.19;71431.40;71484.74;41.68;6.02;24.18;26.30;37.54;-2.170;SOFT_DOWN;-1;-75.6;-3;0
2026.04.12 10:00;71557.33;71703.70;71380.38;71470.40;38.84;6.95;27.90;36.57;46.79;-2.190;SOFT_DOWN;-1;-77;-3;0
2026.04.12 09:00;71647.43;71653.09;71529.66;71557.33;35.57;8.02;25.09;49.76;45.58;-2.071;SOFT_DOWN;-1;-77.6;-3;0
2026.04.12 08:00;71692.51;71794.69;71612.17;71647.43;33.10;9.25;18.67;54.05;35.68;-1.947;SOFT_DOWN;-1;-78.2;-3;0
2026.04.12 07:00;71674.26;71770.79;71605.67;71692.51;33.01;8.66;21.54;32.93;22.55;-1.886;SOFT_DOWN;-1;-79.3;-3;0
2026.04.12 06:00;71717.91;71771.05;71661.41;71674.26;31.52;9.99;19.66;20.05;16.49;-1.911;SOFT_DOWN;-1;-80.9;-3;0
2026.04.12 05:00;71488.45;71805.23;71436.97;71717.92;31.35;11.53;22.69;14.69;15.28;-1.851;SOFT_DOWN;-1;-82.2;-3;0
2026.04.12 04:00;71613.37;71697.87;71471.18;71488.45;31.16;8.81;26.18;14.74;16.59;-2.165;SOFT_DOWN;-1;-84.6;-3;0
2026.04.12 03:00;71784.61;71878.76;71613.32;71613.37;28.32;10.17;20.56;16.41;17.29;-1.994;SOFT_DOWN;-1;-85.6;-3;0
2026.04.12 02:00;71661.67;71983.77;71371.39;71784.61;27.47;11.74;23.72;18.61;20.91;-1.759;SOFT_DOWN;-1;-86.7;-3;0
2026.04.12 01:00;73098.57;73157.81;71326.06;71661.67;26.50;13.54;27.37;16.86;27.58;-1.928;SOFT_DOWN;-1;;;0
2026.04.12 00:00;73070.28;73135.87;72898.89;73098.57;25.38;15.62;18.37;27.25;38.83;0.039;NEUTRE;0;;;0
2026.04.11 23:00;73393.02;73393.02;72939.90;73070.28;28.04;18.03;18.53;38.63;52.20;0.122;NEUTRE;0;6;0;0
2026.04.11 22:00;73454.21;73587.68;73262.06;73393.02;32.14;20.80;10.44;50.62;64.68;0.564;NEUTRE;0;26.8;1;0
2026.04.11 21:00;73315.94;73567.11;73231.87;73454.21;31.98;23.03;12.05;67.34;76.79;0.648;NEUTRE;0;31.3;1;0
2026.04.11 20:00;73704.15;73714.80;73245.01;73315.94;32.09;26.57;13.30;76.07;81.73;0.458;NEUTRE;0;24.3;0;0
2026.04.11 19:00;73570.45;73810.87;73485.54;73704.15;31.91;30.66;7.47;86.96;82.25;0.990;NEUTRE;0;45.8;2;0
2026.04.11 18:00;73119.02;73731.98;73058.22;73570.45;27.46;31.65;8.62;82.18;74.45;0.807;NEUTRE;0;41.5;1;0
2026.04.11 17:00;73061.28;73193.07;72965.59;73119.02;22.89;24.21;9.95;77.62;62.35;0.188;NEUTRE;0;12.3;0;0
2026.04.11 16:00;72878.83;73228.35;72838.29;73061.28;19.99;27.93;11.48;63.56;52.41;0.109;NEUTRE;0;7.6;0;0
2026.04.11 15:00;72724.24;72915.89;72694.28;72878.83;16.64;19.91;13.25;45.87;52.79;-0.141;NEUTRE;0;-10.5;0;0
2026.04.11 14:00;72678.21;72754.29;72631.99;72724.24;16.11;11.75;15.28;47.81;66.01;-0.353;NEUTRE;0;-26.4;-1;0
2026.04.11 13:00;72958.75;72958.76;72549.84;72678.21;16.58;13.56;17.63;64.68;79.93;-0.416;NEUTRE;0;-32.2;-1;0
2026.04.11 12:00;72933.21;73008.89;72837.87;72958.76;17.12;15.65;9.51;85.54;78.59;-0.031;NEUTRE;0;-2.9;0;0
2026.04.11 11:00;72867.14;72938.49;72846.67;72933.54;16.00;11.72;10.97;89.58;64.67;-0.066;NEUTRE;0;-6.7;0;0
2026.04.11 10:00;72937.05;72944.06;72787.69;72867.14;17.96;13.52;12.66;60.65;43.54;-0.157;NEUTRE;0;-17.2;0;0
2026.04.11 09:00;72691.68;72942.87;72651.99;72937.05;20.21;15.49;14.61;43.76;31.49;-0.061;NEUTRE;0;-7.6;0;0
2026.04.11 08:00;72777.29;72829.48;72664.20;72694.53;22.87;11.87;16.86;26.20;25.31;-0.393;NEUTRE;0;-44.1;-1;0
2026.04.11 07:00;72790.40;72853.57;72693.48;72777.29;23.72;13.70;16.73;24.50;26.63;-0.280;NEUTRE;0;-38.2;-1;0
2026.04.11 06:00;72748.89;72797.32;72641.91;72790.40;25.84;10.40;19.30;25.23;33.30;-0.262;NEUTRE;0;-40.7;-1;0
2026.04.11 05:00;72833.85;72863.25;72698.00;72748.89;25.21;12.00;16.72;30.16;40.32;-0.319;NEUTRE;0;-51.5;-2;0
2026.04.11 04:00;72894.96;72983.52;72705.60;72833.85;26.56;13.85;18.58;44.49;41.47;-0.202;NEUTRE;0;-44.9;-1;0
2026.04.11 03:00;72994.84;73103.36;72843.53;72894.90;28.40;15.98;13.80;46.29;35.58;-0.119;NEUTRE;0;-38;-1;0
2026.04.11 02:00;72980.95;73123.01;72928.11;72994.84;31.65;18.44;10.92;33.63;26.17;0.018;NEUTRE;0;10.1;0;0
2026.04.11 01:00;72853.46;73025.02;72697.55;72980.95;32.58;13.54;12.60;26.83;26.57;-0.001;NEUTRE;0;;;0
2026.04.11 00:00;72981.56;72982.04;72813.29;72853.91;37.04;15.62;9.10;18.06;38.50;-0.175;NEUTRE;0;;;0
2026.04.10 23:00;72890.17;72985.18;72803.11;72981.56;38.68;18.03;10.50;34.82;61.28;1.669;SOFT_UP;1;55;2;0
2026.04.10 22:00;73208.44;73264.71;72787.89;72890.17;40.57;20.80;12.12;62.62;79.80;1.542;SOFT_UP;1;54.1;2;0
2026.04.10 21:00;73384.92;73385.58;72958.02;73206.77;42.76;24.00;8.49;86.42;88.32;1.983;SOFT_UP;1;61.7;2;0
2026.04.10 20:00;73266.50;73455.97;73077.78;73385.20;41.99;27.69;5.49;90.37;87.07;2.231;SOFT_UP;1;65.5;3;0
2026.04.10 19:00;73126.31;73288.83;72925.60;73271.86;38.16;25.15;6.34;88.16;79.80;2.073;SOFT_UP;1;65.1;3;1
2026.04.10 18:00;73131.06;73164.06;72894.66;73126.31;34.84;23.74;7.31;82.67;72.91;1.871;SOFT_UP;1;64;2;1
2026.04.10 17:00;73005.74;73155.78;72814.03;73131.06;32.06;26.92;8.43;68.56;67.84;1.877;SOFT_UP;1;65.3;3;1
2026.04.10 16:00;72471.23;73067.38;72396.56;73004.11;28.95;27.08;9.73;67.49;72.67;1.700;SOFT_UP;1;64.5;2;1
2026.04.10 15:00;72932.90;73310.35;72371.99;72466.75;26.15;31.24;11.23;67.47;77.90;0.952;NEUTRE;0;51.4;2;1
2026.04.10 14:00;72325.37;73178.81;72261.91;72932.90;22.93;33.89;12.96;83.05;81.09;1.601;SOFT_UP;1;66.1;3;1
2026.04.10 13:00;72258.29;72411.11;71903.12;72320.34;19.58;26.23;14.95;83.19;74.49;0.748;NEUTRE;0;48.6;2;1
2026.04.10 12:00;72129.57;72452.81;72011.69;72258.29;18.38;30.26;13.96;77.04;60.66;0.661;NEUTRE;0;47.3;2;1
2026.04.10 11:00;71903.31;72264.63;71896.74;72128.36;15.53;28.35;16.11;63.26;42.80;0.480;NEUTRE;0;40.7;1;1
2026.04.10 10:00;71774.49;71925.59;71705.83;71903.31;13.69;18.54;18.59;41.68;25.55;0.167;NEUTRE;0;18.2;0;1
2026.04.10 09:00;71597.66;71866.47;71583.31;71776.04;15.77;17.25;21.45;23.45;20.09;-0.010;NEUTRE;0;-1.3;0;1
2026.04.10 08:00;71479.65;71757.65;71415.94;71597.66;16.53;13.99;24.75;11.52;28.64;-0.259;NEUTRE;0;-32.5;-1;1
2026.04.10 07:00;71796.03;71832.20;71424.01;71479.65;14.80;16.14;28.19;25.29;42.96;-0.423;NEUTRE;0;-50;-2;1
2026.04.10 06:00;72119.27;72181.26;71780.60;71796.76;12.90;18.63;19.09;49.11;47.11;0.018;NEUTRE;0;3.4;0;0
2026.04.10 05:00;72112.65;72267.85;72004.14;72121.35;14.69;21.49;13.44;54.48;41.34;0.471;NEUTRE;0;61.7;2;0
2026.04.10 04:00;71867.72;72195.61;71817.77;72107.22;13.41;20.58;15.51;37.74;32.80;0.451;NEUTRE;0;65.8;3;0
2026.04.10 03:00;71953.69;72018.92;71804.22;71867.72;13.31;16.56;17.90;31.81;28.59;0.117;NEUTRE;0;37.5;1;0
2026.04.10 02:00;72154.27;72285.57;71910.52;71953.67;14.76;19.10;13.03;28.86;23.91;0.237;NEUTRE;0;66.8;3;0
2026.04.10 01:00;71965.63;72384.60;71671.83;72154.96;14.12;22.04;15.04;25.12;22.29;0.517;NEUTRE;0;;;0
2026.04.10 00:00;71783.51;72013.41;71579.30;71966.14;13.39;17.42;17.35;17.74;28.81;0.254;NEUTRE;0;;;0
2026.04.09 23:00;71941.07;72027.16;71583.17;71783.51;15.41;20.10;19.88;24.02;46.27;1.003;NEUTRE;0;40.7;1;0
2026.04.09 22:00;72262.51;73123.56;71940.67;71940.67;17.70;23.20;10.55;44.67;62.29;1.224;NEUTRE;0;47.6;2;0
2026.04.09 21:00;72412.98;72696.53;72143.58;72262.28;14.66;21.21;12.18;70.13;73.01;1.676;SOFT_UP;1;57.5;2;0
2026.04.09 20:00;72099.58;72456.17;71982.43;72412.99;12.75;17.79;14.05;72.07;76.31;1.888;SOFT_UP;1;61.7;2;0
2026.04.09 19:00;71880.24;72295.27;71737.23;72102.59;12.91;15.30;16.21;76.82;81.37;1.451;SOFT_UP;1;56.4;2;1
2026.04.09 18:00;72343.17;72374.52;71734.23;71880.24;14.45;17.65;18.71;80.05;82.46;1.139;NEUTRE;0;51.3;2;1
2026.04.09 17:00;72078.83;72548.99;72067.14;72343.17;16.23;20.37;13.59;87.25;76.77;1.790;SOFT_UP;1;64.3;2;1
2026.04.09 16:00;72138.39;72391.38;71732.19;72078.40;15.65;18.47;15.68;80.08;62.52;1.417;SOFT_UP;1;60.2;2;1
2026.04.09 15:00;71117.47;72354.18;70924.21;72138.39;16.80;20.44;18.09;62.99;47.99;1.502;SOFT_UP;1;63.1;2;1
2026.04.09 14:00;70783.32;71241.37;70511.77;71117.22;18.45;11.61;20.87;44.48;44.78;0.065;NEUTRE;0;5.2;0;1
2026.04.09 13:00;71275.04;71333.36;70613.17;70783.01;16.90;13.40;21.95;36.48;52.45;-0.405;NEUTRE;0;-31.5;-1;1
2026.04.09 12:00;71136.97;71312.85;71033.99;71275.04;15.78;15.46;16.33;53.38;67.11;0.287;NEUTRE;0;25.2;1;1
2026.04.09 11:00;71270.15;71350.92;71043.02;71136.97;17.79;17.84;18.35;67.49;77.69;0.093;NEUTRE;0;9.5;0;1
2026.04.09 10:00;71525.64;71533.57;71268.64;71270.15;20.31;20.58;9.90;80.46;79.79;0.280;NEUTRE;0;28.9;1;1
2026.04.09 09:00;71243.71;71561.95;71099.07;71523.64;18.04;23.75;11.42;85.11;76.14;0.637;NEUTRE;0;54.4;2;1
2026.04.09 08:00;70974.49;71361.48;70862.77;71243.71;15.42;20.74;13.18;73.82;67.86;0.243;NEUTRE;0;30.9;1;1
2026.04.09 07:00;71025.17;71102.02;70946.24;70974.49;14.36;15.93;15.20;69.49;63.94;-0.136;NEUTRE;0;-20.9;0;1
2026.04.09 06:00;70982.15;71079.58;70807.17;71025.17;16.22;16.16;17.54;60.29;59.35;-0.064;NEUTRE;0;-11.9;0;0
2026.04.09 05:00;70777.96;71078.14;70693.30;70982.15;18.08;18.57;20.24;62.05;55.92;-0.125;NEUTRE;0;-26.2;-1;0
2026.04.09 04:00;70980.53;71007.40;70735.98;70777.96;20.20;18.60;23.36;55.70;46.73;-0.412;NEUTRE;0;-63.8;-2;0
2026.04.09 03:00;71050.33;71109.13;70840.94;70980.53;21.56;21.46;21.00;50.02;36.20;-0.127;NEUTRE;0;-39.8;-1;0
2026.04.09 02:00;70913.66;71185.47;70803.08;71050.33;24.71;24.76;24.23;34.48;23.97;-0.029;NEUTRE;0;-15.9;0;0
2026.04.09 01:00;70805.21;70946.76;70460.57;70913.66;28.35;18.97;27.96;24.11;21.97;-0.221;NEUTRE;0;;;0
2026.04.09 00:00;71071.00;71132.32;70646.39;70805.19;29.76;21.88;26.38;13.33;25.46;-0.374;NEUTRE;0;;;0
2026.04.08 23:00;71053.97;71200.97;70903.44;71070.83;32.91;25.25;22.30;28.48;36.54;-1.153;NEUTRE;0;-44.6;-1;0
2026.04.08 22:00;71547.43;71557.45;71053.97;71053.97;37.02;29.13;17.95;34.55;39.71;-1.176;NEUTRE;0;-46.5;-2;0
2026.04.08 21:00;71369.41;71747.55;71322.28;71547.43;39.05;33.62;12.51;46.59;43.62;-0.490;NEUTRE;0;-24.7;0;0
2026.04.08 20:00;71319.17;71474.91;71277.64;71369.41;38.02;28.93;14.44;37.97;43.12;-0.737;NEUTRE;0;-36;-1;0
2026.04.08 19:00;71087.45;71374.30;71002.67;71311.71;38.73;25.53;16.66;46.29;44.51;-0.818;NEUTRE;0;-40.3;-1;1
2026.04.08 18:00;71889.01;71889.01;71074.74;71087.45;41.46;29.46;16.24;45.10;37.95;-1.130;NEUTRE;0;-51;-2;1
2026.04.08 17:00;71592.89;71952.73;71481.87;71889.01;43.38;33.99;11.04;42.13;28.77;-0.015;NEUTRE;0;-1;0;1
2026.04.08 16:00;71294.91;71673.46;71238.35;71592.93;42.22;30.09;12.74;26.61;22.90;-0.427;NEUTRE;0;-27.7;-1;1
2026.04.08 15:00;70890.14;71337.01;70801.58;71294.91;42.48;22.83;14.70;17.57;27.85;-0.841;NEUTRE;0;-47.8;-2;1
2026.04.08 14:00;71592.97;71737.94;70685.17;70886.66;45.69;26.34;16.96;24.52;39.76;-1.409;SOFT_DOWN;-1;-63.2;-2;1
2026.04.08 13:00;72058.66;72838.24;71484.17;71593.29;49.38;30.39;7.90;41.47;41.11;-0.426;NEUTRE;0;-32.9;-1;1
2026.04.08 12:00;71664.86;72139.45;71564.69;72058.02;47.94;27.13;9.11;53.28;41.42;0.220;NEUTRE;0;19.9;0;1
2026.04.08 11:00;71455.86;71714.17;71393.91;71664.86;47.67;19.92;10.51;28.58;43.17;-0.326;NEUTRE;0;-30.3;-1;1
2026.04.08 10:00;71660.59;71761.17;71437.96;71458.50;50.25;22.98;10.01;42.41;56.33;-0.614;NEUTRE;0;-50.4;-2;1
2026.04.08 09:00;71785.79;71939.86;71566.98;71660.26;51.93;26.52;5.41;58.53;65.25;-0.333;NEUTRE;0;-36.1;-1;1
2026.04.08 08:00;71624.80;71814.41;71624.80;71786.14;49.76;25.42;6.25;68.05;66.23;-0.158;NEUTRE;0;-21.3;0;1
2026.04.08 07:00;71713.45;71896.25;71566.38;71625.99;48.10;29.33;7.21;69.18;53.92;-0.381;NEUTRE;0;-47;-2;1
2026.04.08 06:00;71716.40;71924.96;71561.38;71713.45;46.18;33.84;8.32;61.46;42.76;-0.259;NEUTRE;0;-40.4;-1;0
2026.04.08 05:00;71562.68;71811.98;71537.21;71716.40;43.97;34.27;9.60;31.12;38.00;-0.255;NEUTRE;0;-45.1;-2;0
2026.04.08 04:00;71271.74;71662.96;71267.09;71562.68;42.08;31.20;11.07;35.72;48.56;-0.469;NEUTRE;0;-66.6;-3;0
2026.04.08 03:00;71340.92;71461.50;71255.74;71271.74;41.23;28.17;12.78;47.16;60.89;-0.873;NEUTRE;0;-80.1;-3;0
2026.04.08 02:00;71447.00;71705.10;71219.74;71340.92;41.79;32.50;14.74;62.80;72.94;-0.777;NEUTRE;0;-82.6;-3;0
2026.04.08 01:00;71685.21;71734.35;71431.30;71447.00;42.44;37.50;10.30;72.69;81.44;-0.630;NEUTRE;0;;;0
2026.04.08 00:00;71899.61;72091.59;71521.29;71685.21;40.22;43.27;7.32;83.32;88.04;-0.298;NEUTRE;0;;;0
2026.04.07 23:00;71487.45;72733.11;71169.14;71899.38;35.47;49.93;8.45;88.33;89.73;4.439;EXPLOSIVE_UP;3;75.3;3;0
2026.04.07 22:00;69907.55;71492.55;69907.20;71485.12;30.00;45.41;9.75;92.48;86.78;3.837;STRONG_UP;2;73.8;3;0
2026.04.07 21:00;69299.93;70186.26;69288.64;69907.55;24.67;39.72;11.25;88.37;81.42;1.546;SOFT_UP;1;55.4;2;0
2026.04.07 20:00;68997.55;69513.53;68985.71;69299.93;19.87;34.30;12.98;79.49;73.20;0.663;NEUTRE;0;33.2;1;0
2026.04.07 19:00;68420.83;69069.73;68325.29;68998.49;15.99;26.64;14.97;76.39;67.41;0.225;NEUTRE;0;13.1;0;1
2026.04.07 18:00;68680.92;68756.64;68326.59;68421.42;14.13;24.26;17.28;63.71;52.53;-0.613;NEUTRE;0;-33.9;-1;1
2026.04.07 17:00;68210.10;68977.53;68167.73;68680.92;13.72;28.00;19.93;62.14;37.85;-0.236;NEUTRE;0;-15.3;0;1
2026.04.07 16:00;68139.82;68423.29;68052.95;68210.10;13.24;21.77;23.00;31.74;22.20;-0.920;NEUTRE;0;-48.6;-2;1
2026.04.07 15:00;67831.39;68223.89;67703.67;68139.82;14.86;16.84;26.54;19.67;18.67;-1.022;NEUTRE;0;-53.3;-2;1
2026.04.07 14:00;68217.78;68231.68;67738.09;67831.39;13.71;19.43;29.61;15.21;18.12;-1.470;SOFT_DOWN;-1;-64.2;-2;1
2026.04.07 13:00;68371.22;68611.57;68170.05;68217.78;12.62;22.42;20.70;21.12;24.06;-0.909;NEUTRE;0;-54;-2;1
2026.04.07 12:00;68318.86;68561.58;68057.18;68371.22;13.95;24.13;23.88;18.01;34.22;-0.686;NEUTRE;0;-48.4;-2;1
2026.04.07 11:00;68215.94;68434.74;68050.24;68314.60;16.02;23.97;27.55;33.05;52.43;-0.768;NEUTRE;0;-54;-2;1
2026.04.07 10:00;69136.86;69186.43;68183.92;68216.40;17.41;27.66;26.45;51.61;59.25;-0.911;NEUTRE;0;-60.9;-2;1
2026.04.07 09:00;68927.54;69238.24;68914.44;69136.69;19.75;31.92;19.30;72.62;56.33;0.426;NEUTRE;0;43;1;1
2026.04.07 08:00;68597.22;68976.33;68578.27;68927.54;18.99;24.38;22.27;53.50;50.48;0.122;NEUTRE;0;16.7;0;1
2026.04.07 07:00;68552.99;68683.31;68482.07;68597.22;21.22;16.81;25.70;42.87;52.82;-0.358;NEUTRE;0;-45.2;-2;1
2026.04.07 06:00;68641.34;68646.34;68423.16;68552.99;21.27;16.57;29.65;55.06;54.76;-0.422;NEUTRE;0;-54.2;-2;0
2026.04.07 05:00;68842.94;68855.60;68599.32;68641.34;20.18;19.12;22.07;60.54;45.05;-0.294;NEUTRE;0;-49.2;-2;0
2026.04.07 04:00;68763.15;68971.60;68526.17;68842.94;22.18;22.06;25.47;48.67;31.47;-0.001;NEUTRE;0;-0.3;0;0
2026.04.07 03:00;68651.61;68785.47;68602.29;68763.15;24.49;19.02;29.39;25.96;22.29;-0.117;NEUTRE;0;-37.5;-1;0
2026.04.07 02:00;68387.21;68699.42;68262.74;68651.61;24.97;14.72;33.91;19.79;20.73;-0.279;NEUTRE;0;-70;-3;0
2026.04.07 01:00;68756.94;68879.34;68341.57;68385.88;22.74;16.98;36.34;21.13;21.31;-0.665;NEUTRE;0;;;0
2026.04.07 00:00;68843.47;69113.50;68714.77;68756.94;20.65;19.60;31.26;21.26;23.27;-0.126;NEUTRE;0;;;0
2026.04.06 23:00;68797.68;68899.08;68323.40;68843.47;20.30;14.34;36.07;21.53;30.99;-0.222;NEUTRE;0;-10.8;0;0
2026.04.06 22:00;69502.41;69580.78;68795.58;68797.68;16.79;16.54;29.00;27.01;41.41;-0.288;NEUTRE;0;-14.5;0;0
2026.04.06 21:00;69819.37;69820.89;69430.35;69502.41;15.17;19.09;21.02;44.42;48.00;0.733;NEUTRE;0;34.5;1;0
2026.04.06 20:00;69741.10;69979.28;69601.43;69819.37;16.76;22.03;17.52;52.78;49.92;1.192;NEUTRE;0;49.6;2;0
2026.04.06 19:00;69888.05;69898.34;69571.27;69737.58;17.58;22.12;20.21;46.79;51.82;1.074;NEUTRE;0;48.1;2;1
2026.04.06 18:00;69562.53;69938.82;69464.39;69888.17;19.60;25.52;23.32;50.20;59.51;1.292;SOFT_UP;1;54.7;2;1
2026.04.06 17:00;69800.93;69822.52;69257.91;69562.43;21.92;25.68;26.91;58.48;61.82;0.820;NEUTRE;0;43.5;1;1
2026.04.06 16:00;69959.94;70344.31;69787.90;69804.28;24.93;29.63;16.61;69.86;53.41;1.170;NEUTRE;0;55.2;2;1
2026.04.06 15:00;69643.89;69965.49;69523.66;69962.31;24.43;23.71;19.17;57.12;42.07;1.400;SOFT_UP;1;61.5;2;1
2026.04.06 14:00;69406.10;69802.84;69154.21;69643.89;26.56;21.70;22.12;33.24;39.92;0.938;NEUTRE;0;52.9;2;1
2026.04.06 13:00;69353.17;69528.53;69223.96;69405.91;30.50;18.53;25.52;35.85;49.53;0.593;NEUTRE;0;42;1;1
2026.04.06 12:00;69605.24;69623.37;69311.52;69353.17;32.75;21.38;25.02;50.67;59.91;0.517;NEUTRE;0;40.3;1;1
2026.04.06 11:00;69756.31;69756.31;69551.30;69605.31;36.58;24.67;17.04;62.08;64.67;0.882;NEUTRE;0;57.7;2;1
2026.04.06 10:00;69717.82;69941.07;69684.79;69756.31;39.40;28.47;9.64;66.99;62.04;1.101;NEUTRE;0;65.3;3;1
2026.04.06 09:00;69196.35;70245.75;69184.73;69718.75;37.86;32.84;11.13;64.94;57.11;1.047;NEUTRE;0;66.4;3;1
2026.04.06 08:00;69086.65;69322.81;69053.27;69196.35;36.09;24.51;12.84;54.19;51.70;0.289;NEUTRE;0;35.4;1;1
2026.04.06 07:00;68950.99;69182.23;68800.27;69085.56;36.83;20.26;14.82;52.21;53.71;0.129;NEUTRE;0;20;0;1
2026.04.06 06:00;69165.94;69322.00;68784.03;68950.99;40.11;23.38;17.09;48.71;60.07;-0.066;NEUTRE;0;-12.2;0;0
2026.04.06 05:00;69106.09;69212.67;69054.16;69165.94;43.89;26.98;12.00;60.23;68.05;0.245;NEUTRE;0;44;1;0
2026.04.06 04:00;69092.03;69181.05;68939.23;69106.09;44.73;28.06;13.85;71.28;73.25;0.159;NEUTRE;0;38.1;1;0
2026.04.06 03:00;69178.11;69227.55;69026.85;69092.03;46.40;32.37;10.40;72.64;75.64;0.138;NEUTRE;0;42.2;1;0
2026.04.06 02:00;68775.36;69373.20;68736.26;69183.78;45.63;37.35;12.00;75.81;80.75;0.271;NEUTRE;0;69.5;3;0
2026.04.06 01:00;69051.17;69096.84;68751.61;68775.40;44.75;36.43;13.85;78.48;86.07;-0.321;NEUTRE;0;;;0
2026.04.06 00:00;68996.68;69544.65;68994.83;69051.17;44.73;42.03;5.14;87.97;89.65;0.079;NEUTRE;0;;;0
2026.04.05 23:00;68306.50;69093.91;68228.33;68996.20;39.58;35.88;5.93;91.76;82.78;2.554;STRONG_UP;2;65.4;3;0
2026.04.05 22:00;67519.72;68338.93;67309.94;68306.50;34.64;27.99;6.84;89.20;73.31;1.528;SOFT_UP;1;53.8;2;0
2026.04.05 21:00;67630.02;67646.37;67389.57;67519.01;30.63;21.94;7.90;67.36;62.63;0.358;NEUTRE;0;18.6;0;0
2026.04.05 20:00;67331.02;67674.48;67301.54;67630.02;28.11;25.31;9.11;63.35;58.38;0.523;NEUTRE;0;27.3;1;0
2026.04.05 19:00;67381.72;67524.99;67250.61;67326.49;25.19;23.04;10.51;57.19;55.00;0.072;NEUTRE;0;4.3;0;0
2026.04.05 18:00;67340.92;67424.81;67239.85;67381.72;23.32;20.97;12.13;54.60;52.70;0.154;NEUTRE;0;9.6;0;0
2026.04.05 17:00;67182.18;67373.02;67151.16;67340.92;22.80;19.89;14.00;53.21;51.66;0.093;NEUTRE;0;6.2;0;0
2026.04.05 16:00;67275.17;67381.29;67144.57;67182.18;23.63;22.95;16.15;50.28;46.90;-0.143;NEUTRE;0;-10;0;0
2026.04.05 15:00;66897.66;67793.89;66802.34;67275.14;24.60;26.48;18.63;51.47;44.61;-0.005;NEUTRE;0;-0.4;0;0
2026.04.05 14:00;66867.37;66941.99;66794.07;66897.66;25.71;17.33;21.50;38.95;46.40;-0.566;NEUTRE;0;-38.5;-1;0
2026.04.05 13:00;66756.34;66891.68;66672.60;66867.37;28.01;14.76;24.81;43.41;58.48;-0.611;NEUTRE;0;-42.8;-1;0
2026.04.05 12:00;66976.15;66976.15;66662.35;66756.34;28.41;17.04;28.63;56.86;67.42;-0.776;NEUTRE;0;-51.9;-2;0
2026.04.05 11:00;67015.34;67059.13;66947.73;66976.15;28.88;19.66;19.04;75.19;66.87;-0.449;NEUTRE;0;-38.8;-1;0
2026.04.05 10:00;67004.86;67119.67;66936.70;67014.84;33.08;22.68;21.97;70.21;55.39;-0.391;NEUTRE;0;-37.6;-1;0
2026.04.05 09:00;66903.46;67021.16;66868.92;67004.66;37.92;17.89;25.35;55.22;41.48;-0.407;NEUTRE;0;-41.7;-1;0
2026.04.05 08:00;66793.53;66910.71;66786.69;66903.89;41.10;9.48;29.25;40.74;32.02;-0.556;NEUTRE;0;-53.9;-2;0
2026.04.05 07:00;66773.29;66887.37;66692.85;66793.53;39.56;8.04;33.75;28.48;27.77;-0.720;NEUTRE;0;-63.7;-2;0
2026.04.05 06:00;66906.38;66920.28;66585.98;66773.29;36.19;9.28;38.94;26.85;30.51;-0.750;NEUTRE;0;-67.9;-3;0
2026.04.05 05:00;67074.03;67129.52;66873.33;66906.38;32.29;10.70;31.70;27.96;30.57;-0.553;NEUTRE;0;-65.4;-3;0
2026.04.05 04:00;67121.92;67168.59;67043.51;67074.03;29.64;12.35;26.36;36.71;28.07;-0.303;NEUTRE;0;-56.2;-2;0
2026.04.05 03:00;67144.52;67169.51;67064.57;67116.07;28.63;14.25;27.83;27.02;21.42;-0.241;NEUTRE;0;-57.7;-2;0
2026.04.05 02:00;67066.57;67155.14;66960.10;67144.52;28.07;14.34;32.11;20.48;24.92;-0.199;NEUTRE;0;-63;-2;0
2026.04.05 01:00;67185.96;67208.73;67053.52;67066.57;26.50;16.54;29.68;16.75;33.99;-0.315;NEUTRE;0;;;0
2026.04.05 00:00;67278.19;67286.16;67138.28;67186.06;26.21;19.09;25.84;37.53;43.51;-0.137;NEUTRE;0;;;0
2026.04.04 23:00;67379.63;67381.97;67235.38;67278.19;27.93;22.02;19.72;47.70;42.59;0.497;NEUTRE;0;23.1;0;0
2026.04.04 22:00;67336.07;67449.80;67315.62;67381.53;31.37;25.41;14.33;45.31;39.30;0.652;NEUTRE;0;30.3;1;0
2026.04.04 21:00;67252.34;67434.79;67192.02;67336.07;31.91;27.60;16.53;34.77;40.67;0.584;NEUTRE;0;28.7;1;0
2026.04.04 20:00;67268.53;67275.37;67160.10;67252.34;32.96;21.74;19.08;37.82;49.16;0.459;NEUTRE;0;24.3;0;0
2026.04.04 19:00;67270.59;67520.33;67251.55;67268.53;37.03;25.09;9.81;49.43;58.65;0.483;NEUTRE;0;26.6;1;0
2026.04.04 18:00;67310.55;67357.25;67245.18;67270.59;35.99;19.61;11.31;60.23;66.45;0.486;NEUTRE;0;28;1;0
2026.04.04 17:00;67345.52;67396.67;67261.69;67310.55;37.39;22.63;10.79;66.28;71.92;0.546;NEUTRE;0;32.3;1;0
2026.04.04 16:00;67360.49;67499.34;67302.22;67345.52;37.70;26.11;7.83;72.82;74.49;0.598;NEUTRE;0;36.4;1;0
2026.04.04 15:00;67186.56;67505.80;67161.50;67360.49;35.21;30.13;9.03;76.66;74.29;0.620;NEUTRE;0;39.2;1;0
2026.04.04 14:00;67169.63;67199.60;67010.63;67186.36;32.34;21.08;10.42;73.98;74.42;0.360;NEUTRE;0;26.9;1;0
2026.04.04 13:00;67072.49;67247.59;67055.73;67170.82;32.11;24.32;8.35;72.22;76.77;0.337;NEUTRE;0;27.1;1;0
2026.04.04 12:00;67136.28;67159.26;67032.47;67072.49;29.53;20.98;9.64;77.06;77.36;0.190;NEUTRE;0;17.3;0;0
2026.04.04 11:00;67143.57;67203.53;67060.81;67136.28;28.37;24.21;7.68;81.03;75.37;0.285;NEUTRE;0;27;1;0
2026.04.04 10:00;66960.77;67148.71;66888.23;67141.92;24.76;22.03;8.87;73.98;74.35;0.294;NEUTRE;0;30.1;1;0
2026.04.04 09:00;66923.06;66969.60;66893.95;66960.77;22.02;14.84;10.23;71.11;78.84;0.023;NEUTRE;0;2.9;0;0
2026.04.04 08:00;66995.87;67037.72;66888.36;66923.06;22.58;17.12;11.80;77.96;79.86;-0.033;NEUTRE;0;-4.6;0;0
2026.04.04 07:00;66990.86;67022.70;66920.44;66995.87;23.22;19.75;10.31;87.43;70.45;0.075;NEUTRE;0;11.9;0;0
2026.04.04 06:00;66894.52;67026.84;66885.46;66990.86;21.96;22.79;11.90;74.20;51.12;0.068;NEUTRE;0;12.6;0;0
2026.04.04 05:00;66844.50;66915.82;66820.32;66894.52;20.51;14.22;13.73;49.72;32.84;-0.076;NEUTRE;0;-16.7;0;0
2026.04.04 04:00;66816.46;66857.50;66755.76;66844.50;23.40;7.01;15.85;29.45;26.29;-0.151;NEUTRE;0;-36.6;-1;0
2026.04.04 03:00;66825.17;66882.44;66807.31;66816.46;21.06;8.09;10.49;19.35;36.08;-0.193;NEUTRE;0;-51.7;-2;0
2026.04.04 02:00;66836.81;66904.61;66790.26;66825.17;22.31;9.33;12.10;30.08;52.61;-0.179;NEUTRE;0;-60.4;-2;0
2026.04.04 01:00;66881.20;66908.92;66808.48;66836.81;23.76;10.77;11.51;58.82;66.42;-0.162;NEUTRE;0;;;0
2026.04.04 00:00;66945.33;66948.11;66853.77;66881.20;26.90;12.43;6.35;68.94;62.60;-0.096;NEUTRE;0;;;0
2026.04.03 23:00;66870.59;66945.81;66807.99;66945.58;26.05;13.96;7.32;71.50;53.81;0.093;NEUTRE;0;4.6;0;0
2026.04.03 22:00;66944.33;66948.93;66819.88;66870.59;25.26;16.11;7.12;47.38;41.64;-0.020;NEUTRE;0;-1;0;0
2026.04.03 21:00;66817.98;66956.29;66808.73;66944.33;23.19;18.59;8.22;42.55;41.71;0.091;NEUTRE;0;4.9;0;0
2026.04.03 20:00;66864.57;66898.60;66809.98;66814.63;20.81;15.44;9.48;34.98;45.47;-0.103;NEUTRE;0;-5.8;0;0
2026.04.03 19:00;66792.63;66886.67;66754.40;66866.30;20.33;15.74;10.94;47.60;50.48;-0.026;NEUTRE;0;-1.5;0;1
2026.04.03 18:00;66817.08;66912.76;66759.53;66792.63;20.69;18.16;12.03;53.84;50.75;-0.136;NEUTRE;0;-8.5;0;1
2026.04.03 17:00;66988.10;67050.18;66744.32;66817.08;20.75;20.96;13.88;49.99;44.64;-0.100;NEUTRE;0;-6.6;0;1
2026.04.03 16:00;66807.08;67052.33;66798.06;66988.10;20.81;24.18;13.31;48.42;37.29;0.156;NEUTRE;0;10.9;0;1
2026.04.03 15:00;66917.39;67007.19;66796.13;66805.72;19.55;25.17;15.36;35.51;30.25;-0.117;NEUTRE;0;-8.7;0;1
2026.04.03 14:00;66660.76;66980.61;66617.17;66921.56;18.83;27.11;17.72;27.93;30.57;0.057;NEUTRE;0;4.6;0;1
2026.04.03 13:00;66711.97;66724.89;66495.89;66660.76;18.51;20.45;20.44;27.29;38.10;-0.333;NEUTRE;0;-26.8;-1;1
2026.04.03 12:00;67009.29;67341.06;66632.37;66711.97;21.36;23.60;14.42;36.48;46.87;-0.257;NEUTRE;0;-22.9;0;1
2026.04.03 11:00;66867.00;67046.04;66810.68;67009.29;20.93;20.82;16.64;50.52;55.68;0.188;NEUTRE;0;18.6;0;1
2026.04.03 10:00;66849.10;66886.81;66663.73;66867.00;22.43;13.62;19.20;53.59;63.99;-0.025;NEUTRE;0;-2.8;0;1
2026.04.03 09:00;66954.62;66995.46;66731.22;66849.10;23.26;15.71;17.50;62.93;70.62;-0.052;NEUTRE;0;-6.5;0;1
2026.04.03 08:00;67025.91;67271.79;66889.97;66955.18;26.01;18.13;10.95;75.43;70.46;0.107;NEUTRE;0;14.8;0;1
2026.04.03 07:00;66777.49;67244.22;66742.26;67025.63;26.22;19.81;12.63;73.48;60.23;0.212;NEUTRE;0;30.8;1;1
2026.04.03 06:00;66592.53;66783.13;66547.53;66778.14;26.85;8.72;14.58;62.46;48.35;-0.158;NEUTRE;0;-27.4;-1;0
2026.04.03 05:00;66589.78;66794.63;66401.26;66592.99;27.11;10.07;16.82;44.74;38.02;-0.435;NEUTRE;0;-59.7;-2;0
2026.04.03 04:00;66564.13;66679.92;66485.54;66589.78;27.42;7.13;19.41;37.85;31.85;-0.439;NEUTRE;0;-65.2;-3;0
2026.04.03 03:00;66512.93;66705.68;66470.53;66569.14;24.52;8.23;22.39;31.46;28.72;-0.470;NEUTRE;0;-72.1;-3;0
2026.04.03 02:00;66613.75;66733.10;66262.33;66513.87;21.18;9.49;25.84;26.24;34.83;-0.553;NEUTRE;0;-79.6;-3;0
2026.04.03 01:00;66770.19;66888.71;66474.53;66613.51;17.32;10.95;22.88;28.46;43.49;-0.404;NEUTRE;0;;;0
2026.04.03 00:00;66883.65;66983.13;66686.36;66769.71;14.56;12.64;18.53;49.80;50.44;-0.170;NEUTRE;0;;;0
2026.04.02 23:00;66972.23;67072.00;66833.89;66883.37;13.89;14.58;13.73;52.22;47.95;-1.784;SOFT_DOWN;-1;-56.8;-2;0
2026.04.02 22:00;66923.67;67029.50;66816.06;66972.23;15.57;14.08;15.84;49.31;48.06;-1.654;SOFT_DOWN;-1;-56;-2;0
2026.04.02 21:00;66925.94;66998.63;66713.61;66923.69;17.06;14.02;18.28;42.32;50.54;-1.725;SOFT_DOWN;-1;-58.3;-2;0
2026.04.02 20:00;66958.95;67085.10;66784.84;66923.89;17.65;16.18;17.24;52.56;59.69;-1.725;SOFT_DOWN;-1;-59.5;-2;0
2026.04.02 19:00;66968.54;67095.09;66860.82;66955.54;19.88;18.66;16.00;56.74;67.06;-1.678;SOFT_DOWN;-1;-60.1;-2;1
2026.04.02 18:00;66664.14;67050.23;66580.63;66968.46;21.75;18.59;18.47;69.79;76.40;-1.659;SOFT_DOWN;-1;-61.2;-2;1
2026.04.02 17:00;67074.17;67416.51;66646.85;66664.14;25.05;21.45;19.14;74.67;79.70;-2.106;SOFT_DOWN;-1;-67.7;-3;1
2026.04.02 16:00;66827.48;67252.30;66734.54;67074.63;28.03;21.47;22.08;84.73;73.81;-1.503;SOFT_DOWN;-1;-61.6;-2;1
2026.04.02 15:00;66843.74;66967.67;66622.11;66827.96;32.12;16.31;25.48;79.69;54.64;-1.866;SOFT_DOWN;-1;-67.8;-3;1
2026.04.02 14:00;66241.81;67079.08;66133.70;66847.63;33.69;18.82;29.40;57.01;33.28;-1.837;SOFT_DOWN;-1;-68.9;-3;1
2026.04.02 13:00;66021.22;66248.65;65695.10;66241.64;35.50;8.21;33.92;27.21;21.38;-2.727;STRONG_DOWN;-2;-76.4;-3;1
2026.04.02 12:00;66185.27;66218.70;65931.36;66021.10;31.57;9.47;32.58;15.62;22.25;-3.050;STRONG_DOWN;-2;-78.7;-3;1
2026.04.02 11:00;66433.29;66459.67;66134.29;66185.27;27.97;10.92;26.72;21.31;34.11;-2.809;STRONG_DOWN;-2;-78.8;-3;1
2026.04.02 10:00;66437.05;66478.79;66191.56;66434.27;25.82;12.60;28.13;29.82;44.58;-2.444;SOFT_DOWN;-1;-78.3;-3;1
2026.04.02 09:00;66414.69;66480.77;66276.28;66433.66;23.93;14.54;27.92;51.21;46.51;-2.445;SOFT_DOWN;-1;-79.4;-3;1
2026.04.02 08:00;66899.41;66899.41;66404.36;66413.63;22.76;16.78;22.57;52.72;34.61;-2.474;STRONG_DOWN;-2;-80.7;-3;1
2026.04.02 07:00;66659.03;66906.31;66532.45;66899.41;24.00;19.36;22.07;35.59;19.64;-1.761;SOFT_DOWN;-1;-78.6;-3;1
2026.04.02 06:00;66564.40;66794.13;66524.73;66659.03;26.69;17.73;25.46;15.53;9.80;-2.114;SOFT_DOWN;-1;-81.8;-3;0
2026.04.02 05:00;66306.78;66616.67;66284.23;66566.76;28.04;10.32;29.38;7.79;8.16;-2.249;SOFT_DOWN;-1;-83.6;-3;0
2026.04.02 04:00;66555.98;66631.47;66203.09;66306.78;24.96;11.91;33.90;6.09;14.68;-2.631;STRONG_DOWN;-2;-85.6;-3;0
2026.04.02 03:00;66840.73;66947.88;66484.52;66559.19;21.42;13.74;29.01;10.61;25.63;-2.260;SOFT_DOWN;-1;-86.1;-3;0
2026.04.02 02:00;67339.75;67340.03;66617.67;66840.73;19.22;15.85;29.05;27.34;39.90;-1.847;SOFT_DOWN;-1;-86.9;-3;0
2026.04.02 01:00;68580.39;68580.61;67024.83;67339.90;17.65;18.29;24.84;38.93;41.74;-1.114;NEUTRE;0;;;0
2026.04.02 00:00;68098.37;68633.90;68032.29;68580.39;18.03;21.10;18.70;53.44;38.43;0.708;NEUTRE;0;;;0
2026.04.01 23:00;68104.36;68233.38;67971.60;68098.69;19.88;14.11;21.58;32.85;29.02;-0.159;NEUTRE;0;-7.8;0;0
2026.04.01 22:00;68341.34;68342.23;68051.48;68102.93;19.71;16.28;20.21;28.99;23.84;-0.153;NEUTRE;0;-7.8;0;0
2026.04.01 21:00;68168.11;68509.18;68145.88;68341.94;21.09;18.78;18.32;25.20;20.61;0.198;NEUTRE;0;10.5;0;0
2026.04.01 20:00;68146.32;68227.16;67936.77;68168.11;24.14;9.73;21.14;17.33;25.11;-0.057;NEUTRE;0;-3.2;0;0
2026.04.01 19:00;68052.38;68260.23;67990.72;68145.15;22.17;11.23;21.53;19.31;41.45;-0.091;NEUTRE;0;-5.4;0;1
2026.04.01 18:00;68231.84;68293.88;67909.51;68052.38;20.74;12.95;24.85;38.70;63.84;-0.227;NEUTRE;0;-14;0;1
2026.04.01 17:00;68785.04;69135.17;68211.55;68230.54;19.09;14.95;16.58;66.34;73.48;0.034;NEUTRE;0;2.3;0;1
2026.04.01 16:00;68888.86;68960.05;68576.64;68785.03;21.23;17.24;13.05;86.47;65.64;0.847;NEUTRE;0;46.2;2;1
2026.04.01 15:00;68558.43;68932.59;68387.96;68888.63;22.37;18.80;15.06;67.62;46.02;0.999;NEUTRE;0;52.7;2;1
2026.04.01 14:00;68080.57;68638.65;68021.51;68558.43;24.11;13.38;17.37;42.83;32.66;0.515;NEUTRE;0;35.9;1;1
2026.04.01 13:00;68355.75;68642.16;67896.59;68080.15;25.82;15.44;20.04;27.61;30.34;-0.186;NEUTRE;0;-15.7;0;1
2026.04.01 12:00;68678.62;68737.21;68219.54;68348.60;27.80;17.82;16.46;27.53;35.10;0.207;NEUTRE;0;18.8;0;1
2026.04.01 11:00;68544.73;68703.34;68470.59;68678.62;31.47;20.56;11.54;35.87;44.35;0.691;NEUTRE;0;51.1;2;1
2026.04.01 10:00;68611.02;68631.43;68379.03;68544.73;31.98;18.97;13.31;41.89;56.13;0.495;NEUTRE;0;44.3;1;1
2026.04.01 09:00;68625.53;68694.26;68351.25;68611.02;34.20;21.89;15.36;55.29;67.99;0.592;NEUTRE;0;52.3;2;1
2026.04.01 08:00;68650.63;68813.72;68421.52;68625.53;36.77;25.26;14.57;71.21;77.75;0.613;NEUTRE;0;56.5;2;1
2026.04.01 07:00;69056.19;69234.50;68630.42;68650.63;38.30;29.14;8.62;77.48;79.72;0.650;NEUTRE;0;61.3;2;1
2026.04.01 06:00;68384.71;69180.66;68384.71;69056.19;35.82;32.26;9.94;84.57;72.86;1.245;NEUTRE;0;76.3;3;0
2026.04.01 05:00;68241.48;68681.61;68086.30;68384.71;33.20;27.57;11.47;77.11;54.80;0.260;NEUTRE;0;45.7;2;0
2026.04.01 04:00;68097.50;68390.63;67958.13;68241.48;31.96;24.29;13.24;56.90;38.71;0.050;NEUTRE;0;13.8;0;0
2026.04.01 03:00;67596.57;68173.73;67596.57;68097.50;32.35;20.32;15.27;30.38;38.37;-0.161;NEUTRE;0;-46.6;-2;0
2026.04.01 02:00;67710.03;67838.58;67518.66;67596.57;35.15;14.51;17.62;28.86;54.78;-0.895;NEUTRE;0;-83.5;-3;0
2026.04.01 01:00;68248.49;68289.86;67704.19;67710.03;39.06;16.74;11.41;55.88;70.39;-0.729;NEUTRE;0;;;0
2026.04.01 00:00;68207.21;68260.14;67797.81;68248.49;42.16;19.32;10.71;79.59;77.63;0.061;NEUTRE;0;;;0
2026.03.31 23:00;68105.60;68294.91;68020.19;68206.73;44.24;22.29;4.96;75.71;75.20;2.211;SOFT_UP;1;62.2;2;0
2026.03.31 22:00;68202.65;68273.60;67904.09;68105.43;41.25;24.52;5.72;77.58;73.17;2.059;SOFT_UP;1;61.5;2;0
2026.03.31 21:00;68190.46;68332.82;67810.21;68202.65;38.03;28.29;6.60;72.33;67.12;2.205;SOFT_UP;1;64.2;2;0
2026.03.31 20:00;67763.95;68196.27;67762.13;68183.00;34.32;28.63;7.61;69.61;64.04;2.176;SOFT_UP;1;65;2;0
2026.03.31 19:00;67773.44;67955.25;67643.51;67776.82;30.68;24.49;8.78;59.42;58.60;1.567;SOFT_UP;1;58.4;2;1
2026.03.31 18:00;67453.50;67869.16;67447.29;67773.44;28.14;24.01;10.14;63.09;54.23;1.562;SOFT_UP;1;59.7;2;1
2026.03.31 17:00;67589.46;68520.42;67332.04;67453.50;26.21;27.70;11.69;53.28;49.83;1.082;NEUTRE;0;51.4;2;1
2026.03.31 16:00;66662.10;67944.59;66658.24;67591.42;23.99;24.51;13.49;46.31;50.03;1.289;SOFT_UP;1;57.8;2;1
2026.03.31 15:00;66516.24;67219.95;66516.24;66662.10;23.23;19.62;15.57;49.88;54.59;-0.104;NEUTRE;0;-7.8;0;1
2026.03.31 14:00;67229.54;67691.41;66371.56;66516.24;25.03;22.64;17.97;53.88;50.12;-0.322;NEUTRE;0;-24.4;0;1
2026.03.31 13:00;66586.29;67345.83;66586.24;67234.09;27.11;22.09;20.73;60.00;40.07;0.754;NEUTRE;0;48.8;2;1
2026.03.31 12:00;66617.63;66869.87;66452.50;66586.29;30.79;15.85;23.92;36.47;24.24;-0.217;NEUTRE;0;-19.6;0;1
2026.03.31 11:00;66287.14;66799.64;66170.16;66617.63;32.41;15.70;27.60;23.76;16.24;-0.170;NEUTRE;0;-16.9;0;1
2026.03.31 10:00;66047.19;66394.36;66021.53;66287.28;33.16;8.21;31.84;12.49;14.43;-0.665;NEUTRE;0;-52.7;-2;1
2026.03.31 09:00;66698.52;66840.43;65915.59;66045.33;29.19;9.47;36.74;12.48;22.04;-1.028;NEUTRE;0;-66;-3;1
2026.03.31 08:00;67298.94;67425.14;66613.53;66698.88;24.60;10.93;30.79;18.32;32.98;-0.048;NEUTRE;0;-6.7;0;1
2026.03.31 07:00;67428.81;67461.30;67030.12;67298.94;21.06;12.61;27.63;35.33;45.61;0.851;NEUTRE;0;67.3;3;1
2026.03.31 06:00;67616.26;67643.86;67260.28;67428.81;18.55;14.55;23.66;45.28;55.71;1.045;NEUTRE;0;73.8;3;0
2026.03.31 05:00;67474.06;67707.40;67329.04;67616.26;17.74;16.78;24.55;56.21;64.96;1.326;SOFT_UP;1;79.2;3;0
2026.03.31 04:00;67636.11;67790.43;67439.08;67474.06;17.58;19.37;23.85;65.63;72.61;1.113;NEUTRE;0;79.7;3;0
2026.03.31 03:00;67886.42;67938.63;67579.68;67636.11;18.68;22.35;21.36;73.03;77.10;1.356;SOFT_UP;1;83.6;3;0
2026.03.31 02:00;67867.87;68028.20;67708.41;67886.42;21.21;25.78;19.13;79.18;79.04;1.731;SOFT_UP;1;86.6;3;0
2026.03.31 01:00;67134.84;68331.87;66985.53;67871.12;22.20;29.75;22.07;79.11;73.10;1.708;SOFT_UP;1;;;0
2026.03.31 00:00;66731.17;67236.43;66475.68;67134.00;23.33;21.81;25.47;78.83;61.78;0.604;NEUTRE;0;;;0
2026.03.30 23:00;66715.30;66733.93;66351.95;66733.75;25.73;15.00;29.39;61.37;45.56;1.189;NEUTRE;0;45.5;2;0
2026.03.30 22:00;66741.08;66924.35;66624.92;66715.30;24.70;17.31;22.91;45.14;31.57;1.161;NEUTRE;0;46.1;2;0
2026.03.30 21:00;66580.66;66928.54;66519.79;66741.08;26.36;19.98;26.44;30.17;21.13;1.200;NEUTRE;0;48.4;2;0
2026.03.30 20:00;66472.50;66622.62;66456.54;66580.66;28.27;11.53;30.51;19.41;15.96;0.957;NEUTRE;0;43.3;1;0
2026.03.30 19:00;66586.03;66599.39;66165.34;66478.57;25.68;11.16;35.20;13.81;18.39;0.802;NEUTRE;0;39.8;1;1
2026.03.30 18:00;66765.51;66850.47;66444.90;66586.03;21.65;12.87;30.71;14.66;29.48;0.965;NEUTRE;0;46.6;2;1
2026.03.30 17:00;67296.85;67399.59;66587.90;66764.92;18.69;14.85;30.01;26.71;40.57;1.236;NEUTRE;0;55.1;2;1
2026.03.30 16:00;67564.36;67581.56;67173.14;67296.85;16.36;17.14;23.53;47.07;50.72;2.043;SOFT_UP;1;68.3;3;1
2026.03.30 15:00;67740.29;67837.69;67350.42;67564.24;16.46;19.78;20.47;47.93;53.10;2.448;SOFT_UP;1;72.7;3;1
2026.03.30 14:00;67461.74;67802.38;67033.98;67740.78;18.73;21.70;23.62;57.17;57.61;2.716;STRONG_UP;2;75.3;3;1
2026.03.30 13:00;67840.75;68096.15;67385.87;67460.00;20.96;25.04;20.21;54.21;53.87;2.290;SOFT_UP;1;73.9;3;1
2026.03.30 12:00;67614.89;67911.44;67597.05;67840.75;22.54;28.89;18.75;61.44;51.79;2.868;STRONG_UP;2;78;3;1
2026.03.30 11:00;67418.41;67891.53;67413.39;67614.98;22.73;32.37;21.63;45.96;52.17;2.525;STRONG_UP;2;77.5;3;1
2026.03.30 10:00;67428.08;67448.96;67294.84;67417.31;23.17;23.11;24.96;47.97;59.33;2.226;SOFT_UP;1;77.2;3;1
2026.03.30 09:00;67601.00;67631.59;67390.97;67428.08;26.15;26.66;19.21;62.58;67.65;2.242;SOFT_UP;1;78.5;3;1
2026.03.30 08:00;67552.40;67857.46;67537.45;67602.13;27.67;30.76;12.80;67.45;74.16;2.506;STRONG_UP;2;80.8;3;1
2026.03.30 07:00;67236.08;67552.40;67161.82;67552.40;25.58;20.83;14.76;72.92;80.95;2.431;SOFT_UP;1;81.7;3;1
2026.03.30 06:00;67420.14;67510.00;67210.06;67236.08;26.89;24.03;15.14;82.12;86.42;1.951;SOFT_UP;1;81.1;3;0
2026.03.30 05:00;67544.91;67723.25;67371.53;67420.14;27.53;27.73;9.18;87.82;86.88;2.230;SOFT_UP;1;83.5;3;0
2026.03.30 04:00;67090.66;67571.43;67086.99;67545.07;24.04;25.36;10.59;89.34;83.25;2.419;SOFT_UP;1;85.2;3;0
2026.03.30 03:00;67047.86;67236.17;66903.26;67090.64;21.42;18.61;12.22;83.50;75.69;1.730;SOFT_UP;1;85;3;0
2026.03.30 02:00;66576.98;67368.45;66507.85;67044.58;21.53;21.47;14.10;76.92;66.40;1.661;SOFT_UP;1;86.5;3;0
2026.03.30 01:00;66208.77;66758.15;66208.77;66575.80;21.66;13.87;16.27;66.64;59.83;0.950;NEUTRE;0;;;0
2026.03.30 00:00;65949.48;66978.15;65735.18;66208.77;23.76;16.00;18.78;55.63;57.85;0.393;NEUTRE;0;;;0
2026.03.29 23:00;65791.72;66307.39;65790.28;65946.51;26.18;10.16;21.67;57.23;61.02;-0.546;NEUTRE;0;-25.1;-1;0
2026.03.29 22:00;66643.04;66643.04;64947.76;65790.61;24.65;11.72;25.00;60.70;58.34;-0.781;NEUTRE;0;-35;-1;0
2026.03.29 21:00;66543.20;66691.44;66438.50;66643.04;22.88;13.52;15.32;65.13;49.69;0.505;NEUTRE;0;25.4;1;0
2026.03.29 20:00;66281.11;66721.36;66279.69;66543.20;25.44;15.60;17.67;49.20;39.30;0.354;NEUTRE;0;19.2;0;0
2026.03.29 19:00;66358.17;66412.04;66261.83;66281.11;28.40;7.23;20.39;34.73;33.04;-0.041;NEUTRE;0;-2.4;0;0
2026.03.29 18:00;66311.63;66466.51;66254.49;66358.17;25.43;8.34;23.53;33.98;31.86;0.075;NEUTRE;0;4.7;0;0
2026.03.29 17:00;66429.82;66477.76;66097.60;66311.28;22.01;9.63;27.15;30.41;30.94;0.004;NEUTRE;0;0.3;0;0
2026.03.29 16:00;66456.69;66596.65;66360.07;66429.82;18.07;11.11;20.71;31.19;36.62;0.183;NEUTRE;0;12.7;0;0
2026.03.29 15:00;66524.77;66653.51;66264.17;66458.92;16.21;12.81;23.89;31.21;46.48;0.227;NEUTRE;0;16.6;0;0
2026.03.29 14:00;66510.71;66726.40;66395.33;66524.77;14.06;14.79;22.39;47.47;55.95;0.326;NEUTRE;0;24.6;0;0
2026.03.29 13:00;66784.16;66806.67;66462.79;66513.25;13.07;17.06;22.70;60.77;54.52;0.309;NEUTRE;0;25.1;1;0
2026.03.29 12:00;66745.23;66809.67;66632.68;66784.16;12.91;19.69;18.59;59.60;44.10;0.717;NEUTRE;0;49.7;2;0
2026.03.29 11:00;66441.42;66897.60;66441.07;66745.23;14.45;22.71;21.45;43.20;33.62;0.659;NEUTRE;0;49.7;2;0
2026.03.29 10:00;66564.46;66564.46;66345.12;66441.42;16.23;14.98;24.74;29.50;29.53;0.200;NEUTRE;0;21.5;0;0
2026.03.29 09:00;66656.19;66711.31;66478.50;66564.46;14.95;17.29;19.20;28.15;32.11;0.386;NEUTRE;0;40.2;1;0
2026.03.29 08:00;66597.68;66709.84;66535.29;66656.19;16.44;19.95;18.40;30.94;39.29;0.524;NEUTRE;0;52.2;2;0
2026.03.29 07:00;66670.16;66678.28;66489.86;66597.68;18.35;20.23;21.23;37.23;49.72;0.436;NEUTRE;0;50.8;2;0
2026.03.29 06:00;66708.07;66809.65;66570.23;66670.16;20.80;23.35;17.93;49.69;61.70;0.545;NEUTRE;0;60.8;2;0
2026.03.29 05:00;66670.33;66752.24;66536.14;66709.40;21.98;23.25;20.69;62.24;68.63;0.605;NEUTRE;0;67.2;3;0
2026.03.29 04:00;66844.67;66875.72;66686.44;66696.83;24.47;26.83;13.17;73.16;65.38;0.586;NEUTRE;0;70.9;3;0
2026.03.29 03:00;66745.57;67052.04;66691.01;66844.46;22.98;30.95;14.83;70.50;50.16;0.808;NEUTRE;0;79.3;3;0
2026.03.29 02:00;66506.10;66779.26;66471.23;66745.57;21.10;24.09;17.11;52.47;34.58;0.659;NEUTRE;0;81.2;3;0
2026.03.29 01:00;66420.45;66556.64;66316.84;66506.10;21.73;16.68;19.74;27.53;24.07;0.298;NEUTRE;0;;;0
2026.03.29 00:00;66308.48;66440.09;66221.87;66423.25;23.79;11.77;22.78;23.75;26.96;0.173;NEUTRE;0;;;0
2026.03.28 23:00;66686.66;66686.66;66219.44;66309.35;22.54;13.58;26.28;20.93;30.92;-0.058;NEUTRE;0;-2.8;0;0
2026.03.28 22:00;66619.52;66726.16;66536.04;66686.66;21.11;15.67;19.90;36.20;37.55;0.511;NEUTRE;0;24.6;0;0
2026.03.28 21:00;66852.01;66866.58;66534.60;66619.52;22.53;18.08;22.96;35.62;39.61;0.410;NEUTRE;0;21;0;0
2026.03.28 20:00;66851.20;66950.10;66840.17;66852.01;24.17;20.86;12.33;40.81;45.56;0.760;NEUTRE;0;36.8;1;0
2026.03.28 19:00;66851.51;66898.01;66744.00;66851.20;23.93;16.78;14.23;42.39;53.39;0.759;NEUTRE;0;38.2;1;0
2026.03.28 18:00;66790.80;66896.17;66775.91;66852.01;26.34;19.36;13.23;53.49;61.71;0.760;NEUTRE;0;39.8;1;0
2026.03.28 17:00;66864.99;66938.61;66646.19;66790.80;27.50;22.34;15.27;64.30;66.94;0.668;NEUTRE;0;37.7;1;0
2026.03.28 16:00;66958.49;67038.25;66793.01;66864.99;28.84;25.78;9.89;67.34;68.13;0.780;NEUTRE;0;43.8;1;0
2026.03.28 15:00;66684.71;67230.24;66653.73;66958.49;26.42;29.75;11.41;69.17;67.67;0.921;NEUTRE;0;50.4;2;0
2026.03.28 14:00;66781.47;66900.80;66612.34;66684.71;23.63;25.53;13.17;67.88;60.48;0.508;NEUTRE;0;35.6;1;0
2026.03.28 13:00;66401.60;67076.63;66355.06;66781.47;22.35;29.46;15.19;65.95;48.38;0.654;NEUTRE;0;44.7;1;0
2026.03.28 12:00;66263.16;66466.74;66179.80;66401.60;20.88;20.99;17.53;47.61;39.55;0.081;NEUTRE;0;7.6;0;0
2026.03.28 11:00;66164.75;66302.11;66140.54;66262.91;22.71;15.39;20.23;31.57;46.21;-0.128;NEUTRE;0;-12.9;0;0
2026.03.28 10:00;66246.78;66354.33;66066.56;66164.75;24.11;17.76;23.34;39.45;63.08;-0.276;NEUTRE;0;-28.5;-1;0
2026.03.28 09:00;66352.73;66352.73;66180.61;66246.78;25.73;20.49;20.83;67.60;79.04;-0.152;NEUTRE;0;-18.4;0;0
2026.03.28 08:00;66495.55;66503.78;66331.44;66353.77;29.56;23.64;10.64;82.20;81.17;0.009;NEUTRE;0;1.3;0;0
2026.03.28 07:00;66331.62;66509.07;66323.10;66495.55;28.28;27.28;12.27;87.33;74.78;0.223;NEUTRE;0;32.1;1;0
2026.03.28 06:00;66288.26;66434.19;66244.38;66331.62;26.79;25.28;14.16;73.98;60.30;-0.024;NEUTRE;0;-4.5;0;0
2026.03.28 05:00;66219.82;66319.11;66147.82;66288.26;26.57;19.84;16.34;63.03;48.70;-0.089;NEUTRE;0;-19.3;0;0
2026.03.28 04:00;66169.03;66245.38;66054.53;66219.82;29.17;16.27;18.85;43.89;45.46;-0.193;NEUTRE;0;-43.6;-1;0
2026.03.28 03:00;65994.26;66181.67;65994.26;66169.03;32.53;13.64;21.75;39.17;56.97;-0.269;NEUTRE;0;-60.5;-2;0
2026.03.28 02:00;66118.00;66192.15;65878.91;65994.26;34.01;15.74;25.10;53.33;73.18;-0.533;NEUTRE;0;-79.2;-3;0
2026.03.28 01:00;66365.18;66370.04;66001.45;66118.00;35.71;18.16;22.94;78.39;82.91;-0.346;NEUTRE;0;;;0
2026.03.28 00:00;66347.58;66458.64;66227.24;66365.18;39.42;20.95;17.05;87.81;79.75;0.027;NEUTRE;0;;;0
2026.03.27 23:00;65962.48;66353.72;65905.03;66347.58;43.90;17.20;19.67;82.54;69.37;-3.512;STRONG_DOWN;-2;-71.6;-3;0
2026.03.27 22:00;66022.80;66029.22;65848.77;65962.48;49.63;8.72;22.70;68.90;55.49;-4.072;STRONG_DOWN;-2;-74.7;-3;0
2026.03.27 21:00;65941.75;66110.44;65940.33;66022.56;50.42;10.07;18.39;56.66;40.24;-3.984;STRONG_DOWN;-2;-75;-3;0
2026.03.27 20:00;65975.63;66085.67;65753.08;65941.75;53.68;9.37;21.21;40.90;26.98;-4.102;STRONG_DOWN;-2;-76.1;-3;0
2026.03.27 19:00;65772.09;66075.41;65631.55;65975.63;55.98;10.34;24.48;23.17;20.12;-4.053;STRONG_DOWN;-2;-76.6;-3;1
2026.03.27 18:00;65571.95;65888.16;65507.82;65771.39;58.34;5.44;28.24;16.85;21.22;-4.350;EXPLOSIVE_DOWN;-3;-78.1;-3;1
2026.03.27 17:00;65930.07;66224.91;65546.15;65571.88;56.91;6.28;31.04;20.33;22.22;-4.640;EXPLOSIVE_DOWN;-3;-79.5;-3;1
2026.03.27 16:00;66060.67;66112.69;65755.46;65930.07;55.45;7.24;31.07;26.46;20.61;-4.119;STRONG_DOWN;-2;-78.8;-3;1
2026.03.27 15:00;66143.40;66573.69;65909.77;66060.67;54.42;8.36;29.20;19.86;16.36;-3.929;STRONG_DOWN;-2;-79;-3;1
2026.03.27 14:00;66130.59;66349.60;65670.50;66141.15;54.25;4.45;33.70;15.51;13.87;-3.812;STRONG_DOWN;-2;-79.4;-3;1
2026.03.27 13:00;66571.72;66682.41;65981.37;66130.59;50.81;5.14;31.84;13.71;12.32;-3.827;STRONG_DOWN;-2;-80.2;-3;1
2026.03.27 12:00;66658.64;66724.88;66384.70;66571.55;47.52;5.93;27.88;12.39;11.37;-3.186;STRONG_DOWN;-2;-79.2;-3;1
2026.03.27 11:00;66446.70;66802.64;66213.54;66658.37;44.84;6.84;32.17;10.85;13.67;-3.060;STRONG_DOWN;-2;-79.7;-3;1
2026.03.27 10:00;67631.71;67717.89;66304.35;66447.65;41.74;7.89;34.75;10.86;20.21;-3.366;STRONG_DOWN;-2;-81.4;-3;1
2026.03.27 09:00;67857.38;67887.60;67492.94;67631.71;38.48;9.11;27.16;19.31;29.02;-1.644;SOFT_DOWN;-1;-74.5;-3;1
2026.03.27 08:00;68467.44;68563.30;67558.36;67857.38;36.74;10.51;28.79;30.47;34.60;-1.316;SOFT_DOWN;-1;-72.9;-3;1
2026.03.27 07:00;68599.52;68902.71;68391.60;68466.90;35.23;12.12;20.46;37.27;35.98;-0.430;NEUTRE;0;-50.4;-2;1
2026.03.27 06:00;68561.60;68785.66;68505.05;68599.52;36.72;10.47;23.61;36.05;37.26;-0.237;NEUTRE;0;-37.9;-1;0
2026.03.27 05:00;68512.86;68799.10;68449.35;68561.60;36.43;12.08;27.24;34.61;44.74;-0.292;NEUTRE;0;-49;-2;0
2026.03.27 04:00;68707.09;68734.95;68246.04;68512.86;36.10;11.11;31.43;41.13;51.13;-0.363;NEUTRE;0;-60.8;-2;0
2026.03.27 03:00;68847.38;68865.38;68614.87;68707.09;34.31;12.82;24.66;58.48;53.51;-0.080;NEUTRE;0;-27.7;-1;0
2026.03.27 02:00;68985.23;69111.47;68802.24;68846.87;34.73;14.80;16.95;53.76;49.24;0.123;NEUTRE;0;50.5;2;0
2026.03.27 01:00;68715.84;69005.45;68637.97;68985.23;39.02;11.80;19.56;48.27;49.25;0.324;NEUTRE;0;;;0
2026.03.27 00:00;68762.30;68906.27;68467.59;68715.84;41.22;9.46;22.57;45.69;53.45;-0.068;NEUTRE;0;;;0
2026.03.26 23:00;68828.90;68926.97;68574.22;68761.74;41.26;10.92;22.30;53.79;55.09;-3.548;STRONG_DOWN;-2;-71.8;-3;0
2026.03.26 22:00;68858.81;68970.08;68560.47;68828.90;42.34;12.59;25.73;60.88;49.15;-3.454;STRONG_DOWN;-2;-72.1;-3;0
2026.03.26 21:00;68940.08;69122.99;68811.95;68858.81;43.58;14.53;20.25;50.60;34.64;-3.412;STRONG_DOWN;-2;-72.7;-3;0
2026.03.26 20:00;68465.42;69377.55;68375.44;68940.08;47.76;16.77;23.36;35.97;22.54;-3.298;STRONG_DOWN;-2;-72.9;-3;0
2026.03.26 19:00;68432.66;68620.83;68299.25;68469.75;52.57;7.73;26.96;17.34;16.36;-3.958;STRONG_DOWN;-2;-76.3;-3;1
2026.03.26 18:00;68426.26;68547.54;68095.35;68432.66;52.14;5.41;31.10;14.31;20.28;-4.010;STRONG_DOWN;-2;-77.2;-3;1
2026.03.26 17:00;68867.86;69108.88;68356.40;68426.26;49.33;6.25;27.01;17.42;28.82;-4.019;STRONG_DOWN;-2;-77.9;-3;1
2026.03.26 16:00;69036.14;69036.14;68774.27;68867.37;47.32;7.21;22.62;29.11;35.59;-3.400;STRONG_DOWN;-2;-76.6;-3;1
2026.03.26 15:00;69433.89;69449.08;68656.63;69036.14;46.65;8.32;26.10;39.92;34.74;-3.164;STRONG_DOWN;-2;-76.5;-3;1
2026.03.26 14:00;69598.55;69786.23;69309.03;69433.89;45.88;9.60;17.45;37.74;26.70;-2.606;STRONG_DOWN;-2;-74.7;-3;1
2026.03.26 13:00;69388.77;69819.68;69173.83;69599.17;48.47;11.07;20.13;26.56;17.86;-2.374;SOFT_DOWN;-1;-74.5;-3;1
2026.03.26 12:00;69228.93;69416.49;69177.86;69388.77;51.46;3.17;23.23;15.79;14.01;-2.669;STRONG_DOWN;-2;-77.1;-3;1
2026.03.26 11:00;69467.84;69610.62;69153.09;69228.93;47.69;3.66;26.80;11.23;14.72;-2.893;STRONG_DOWN;-2;-79.1;-3;1
2026.03.26 10:00;69521.64;69660.78;69409.66;69467.84;43.34;4.22;22.30;15.02;17.53;-2.558;STRONG_DOWN;-2;-78.8;-3;1
2026.03.26 09:00;69972.52;70094.89;69356.85;69521.64;39.53;4.87;25.73;17.92;17.22;-2.483;STRONG_DOWN;-2;-79.6;-3;1
2026.03.26 08:00;70045.99;70088.79;69756.34;69972.33;35.12;5.62;21.36;19.64;14.68;-1.850;SOFT_DOWN;-1;-77.6;-3;1
2026.03.26 07:00;70044.98;70122.11;69769.59;70046.29;31.55;6.49;24.03;14.09;12.19;-1.747;SOFT_DOWN;-1;-78.5;-3;1
2026.03.26 06:00;69961.35;70103.76;69810.17;70045.64;27.56;7.49;25.96;10.32;14.60;-1.748;SOFT_DOWN;-1;-80.1;-3;0
2026.03.26 05:00;70725.57;70754.02;69910.01;69964.34;23.30;8.64;24.72;12.16;22.10;-1.862;SOFT_DOWN;-1;-82.2;-3;0
2026.03.26 04:00;70861.73;70867.92;70672.81;70725.57;19.47;9.97;14.62;21.31;34.49;-0.794;NEUTRE;0;-75.7;-3;0
2026.03.26 03:00;70846.24;70929.63;70643.01;70861.73;19.56;11.50;16.87;32.83;50.32;-0.603;NEUTRE;0;-75.8;-3;0
2026.03.26 02:00;71210.46;71246.41;70642.28;70845.22;19.66;13.27;19.46;49.33;64.92;-0.626;NEUTRE;0;-80.8;-3;0
2026.03.26 01:00;71258.91;71333.34;71111.13;71210.46;19.77;15.31;10.51;68.78;71.93;-0.114;NEUTRE;0;;;0
2026.03.26 00:00;71291.48;71397.94;71099.04;71258.91;19.95;17.66;12.13;76.65;66.79;-0.046;NEUTRE;0;;;0
2026.03.25 23:00;71328.19;71400.21;71144.62;71291.17;20.17;20.38;11.65;70.34;52.81;1.095;NEUTRE;0;43.2;1;0
2026.03.25 22:00;70993.78;71501.62;70906.49;71328.19;19.08;23.52;13.44;53.37;38.10;1.148;NEUTRE;0;45.8;2;0
2026.03.25 21:00;70970.11;71139.63;70908.54;70993.78;17.82;17.78;15.51;34.73;26.91;0.674;NEUTRE;0;32.3;1;0
2026.03.25 20:00;70844.62;71021.42;70606.97;70970.11;19.51;12.64;17.90;26.21;25.34;0.640;NEUTRE;0;32.2;1;0
2026.03.25 19:00;70775.82;71052.19;70735.40;70843.68;19.87;14.59;15.89;19.81;26.09;0.461;NEUTRE;0;25.6;1;1
2026.03.25 18:00;70740.02;71102.19;70665.76;70776.82;22.27;16.83;18.33;29.99;29.36;0.366;NEUTRE;0;21.8;0;1
2026.03.25 17:00;71290.87;71365.52;70685.85;70740.98;25.04;19.42;20.44;28.47;27.92;0.315;NEUTRE;0;20.1;0;1
2026.03.25 16:00;70798.00;71710.47;70702.70;71290.87;28.50;22.41;23.20;29.63;34.86;1.095;NEUTRE;0;53.4;2;1
2026.03.25 15:00;71206.25;71277.74;70540.68;70799.43;32.62;19.25;26.77;25.65;47.52;0.398;NEUTRE;0;27.6;1;1
2026.03.25 14:00;71550.90;71670.96;71199.54;71206.25;35.12;22.21;17.14;49.29;64.62;0.975;NEUTRE;0;53.9;2;1
2026.03.25 13:00;71690.24;71933.88;71488.25;71551.02;38.54;25.63;10.36;67.62;74.25;1.464;SOFT_UP;1;65.7;3;1
2026.03.25 12:00;71659.50;71916.48;71103.17;71691.38;37.94;28.97;11.95;76.95;77.69;1.663;SOFT_UP;1;69.9;3;1
2026.03.25 11:00;71471.77;72002.02;71443.90;71659.50;37.38;33.43;7.34;78.19;74.25;1.618;SOFT_UP;1;71;3;1
2026.03.25 10:00;71314.71;71576.93;71264.27;71471.91;33.28;26.86;8.47;77.94;68.93;1.352;SOFT_UP;1;69.4;3;1
2026.03.25 09:00;71211.70;71387.97;71067.81;71313.75;30.40;21.69;9.78;66.63;64.56;1.127;NEUTRE;0;67.9;3;1
2026.03.25 08:00;70894.49;71466.87;70764.04;71212.35;29.25;25.03;11.28;62.21;67.08;0.984;NEUTRE;0;67.6;3;1
2026.03.25 07:00;70953.45;71234.88;70858.09;70894.49;27.92;23.80;13.02;64.85;70.92;0.533;NEUTRE;0;56.3;2;1
2026.03.25 06:00;71075.69;71227.35;70952.78;70953.45;27.71;27.46;11.15;74.19;69.56;0.616;NEUTRE;0;63.7;2;0
2026.03.25 05:00;70928.91;71305.46;70895.18;71074.99;25.47;31.69;12.87;73.72;63.94;0.789;NEUTRE;0;72.2;3;0
2026.03.25 04:00;70678.10;70931.36;70658.76;70929.88;22.90;22.53;14.85;60.78;63.20;0.583;NEUTRE;0;70.8;3;0
2026.03.25 03:00;70482.80;70763.05;70363.28;70678.10;23.25;16.50;17.13;57.31;70.02;0.226;NEUTRE;0;56;2;0
2026.03.25 02:00;70634.92;70715.85;70450.97;70482.79;26.54;19.04;16.39;71.51;79.02;-0.051;NEUTRE;0;-26.7;-1;0
2026.03.25 01:00;70795.50;70934.88;70584.33;70633.99;29.48;21.97;11.17;81.23;83.90;0.163;NEUTRE;0;;;0
2026.03.25 00:00;70518.74;70997.53;70436.89;70795.50;29.00;25.35;12.89;84.31;85.94;0.392;NEUTRE;0;;;0
2026.03.24 23:00;70271.54;70789.76;70224.42;70518.81;28.44;23.55;14.87;86.16;81.89;-0.485;NEUTRE;0;-22.6;0;0
2026.03.24 22:00;70280.22;70540.89;70105.46;70271.54;29.34;20.40;17.16;87.35;69.70;-0.834;NEUTRE;0;-36.8;-1;0
2026.03.24 21:00;70048.82;70354.75;69856.91;70280.64;32.53;16.96;19.80;72.16;48.78;-0.821;NEUTRE;0;-37.6;-1;0
2026.03.24 20:00;69323.87;70240.97;69238.96;70048.82;36.35;16.05;22.84;49.58;30.15;-1.148;NEUTRE;0;-48.5;-2;0
2026.03.24 19:00;69382.02;69658.00;69232.39;69323.78;39.25;9.57;26.35;24.60;18.03;-2.171;SOFT_DOWN;-1;-66.1;-3;1
2026.03.24 18:00;69192.56;69702.42;69124.61;69382.02;38.11;11.05;30.41;16.28;14.83;-2.089;SOFT_DOWN;-1;-66.4;-3;1
2026.03.24 17:00;69433.36;69475.56;68888.15;69190.73;36.79;6.71;35.09;13.22;14.95;-2.359;SOFT_DOWN;-1;-69.9;-3;1
2026.03.24 16:00;69830.05;69968.95;69333.78;69433.11;32.00;7.74;28.81;14.98;15.83;-2.017;SOFT_DOWN;-1;-68.1;-3;1
2026.03.24 15:00;69828.98;70210.84;69727.26;69831.24;28.05;8.93;23.72;16.64;21.57;-1.455;SOFT_DOWN;-1;-62.4;-2;1
2026.03.24 14:00;70069.04;70428.31;69468.43;69825.94;25.39;10.30;27.37;15.87;39.27;-1.463;SOFT_DOWN;-1;-64.1;-2;1
2026.03.24 13:00;70931.65;71033.92;69948.88;70067.99;22.33;11.89;23.88;32.19;62.73;-1.121;NEUTRE;0;-59.5;-2;1
2026.03.24 12:00;71123.43;71150.79;70824.04;70932.29;20.61;13.72;15.14;69.75;79.44;0.099;NEUTRE;0;9.2;0;1
2026.03.24 11:00;71239.73;71290.73;70928.77;71123.43;23.02;15.83;12.54;86.26;84.04;0.368;NEUTRE;0;33.4;1;1
2026.03.24 10:00;71290.63;71300.53;71058.58;71239.73;24.78;18.26;8.95;82.32;80.76;0.533;NEUTRE;0;46.4;2;1
2026.03.24 09:00;70926.04;71338.20;70814.64;71291.59;23.33;21.07;10.33;83.53;75.34;0.606;NEUTRE;0;53;2;1
2026.03.24 08:00;71262.64;71312.19;70823.17;70926.04;21.65;23.55;11.91;76.43;58.08;0.090;NEUTRE;0;12.5;0;1
2026.03.24 07:00;70501.32;71372.71;70446.31;71262.92;19.94;27.17;13.75;66.06;40.03;0.565;NEUTRE;0;57.8;2;1
2026.03.24 06:00;70248.23;70535.71;70216.96;70501.32;17.96;17.45;15.86;31.75;25.20;-0.509;NEUTRE;0;-59.1;-2;0
2026.03.24 05:00;70341.35;70344.72;70082.25;70248.23;19.99;10.92;18.30;22.28;23.36;-0.867;NEUTRE;0;-73.7;-3;0
2026.03.24 04:00;70506.99;70698.55;70220.12;70339.68;19.17;12.60;13.04;21.59;25.49;-0.738;NEUTRE;0;-74.6;-3;0
2026.03.24 03:00;70414.16;70550.02;70358.95;70507.25;21.85;9.76;15.04;26.23;32.45;-0.501;NEUTRE;0;-73.1;-3;0
2026.03.24 02:00;70480.37;70661.43;70328.43;70414.16;21.94;11.26;17.36;28.65;38.81;-0.632;NEUTRE;0;-80.9;-3;0
2026.03.24 01:00;70646.60;70848.32;70257.50;70480.37;22.03;12.99;20.03;42.47;46.12;-0.539;NEUTRE;0;;;0
2026.03.24 00:00;70862.35;71057.28;70389.10;70646.60;22.14;14.99;19.68;45.31;50.77;-0.304;NEUTRE;0;;;0
2026.03.23 23:00;70740.99;70948.83;70371.30;70862.35;23.47;14.80;22.71;50.58;53.00;4.470;EXPLOSIVE_UP;3;75.4;3;0
2026.03.23 22:00;70824.90;70866.29;70484.67;70742.19;23.83;17.07;23.18;56.41;53.85;4.293;STRONG_UP;2;75.4;3;0
2026.03.23 21:00;70884.64;70965.53;70792.59;70824.90;25.16;19.70;14.34;52.01;51.92;4.415;EXPLOSIVE_UP;3;76.4;3;0
2026.03.23 20:00;70642.32;70953.81;70536.23;70883.94;26.61;21.69;16.54;53.12;51.61;4.502;EXPLOSIVE_UP;3;77.3;3;0
2026.03.23 19:00;71046.56;71214.88;70613.97;70642.26;28.63;25.02;16.22;50.62;50.03;4.145;STRONG_UP;2;76.9;3;1
2026.03.23 18:00;71052.92;71166.09;70845.55;71046.56;29.76;28.87;12.79;51.09;54.14;4.741;EXPLOSIVE_UP;3;79.1;3;1
2026.03.23 17:00;70536.09;71089.83;70329.61;71052.83;28.40;29.66;14.76;48.37;63.58;4.751;EXPLOSIVE_UP;3;79.7;3;1
2026.03.23 16:00;70092.54;70715.30;70092.27;70533.56;27.60;26.64;17.03;62.98;77.01;3.985;STRONG_UP;2;78.5;3;1
2026.03.23 15:00;71423.54;71634.05;70073.04;70091.13;28.46;30.74;19.65;79.40;82.70;3.333;STRONG_UP;2;77.1;3;1
2026.03.23 14:00;71456.08;71784.17;71097.96;71423.54;29.46;35.47;12.57;88.65;80.28;5.297;EXPLOSIVE_UP;3;82.4;3;1
2026.03.23 13:00;70705.24;71555.68;70563.12;71455.91;26.65;35.80;14.50;80.04;72.72;5.345;EXPLOSIVE_UP;3;83;3;1
2026.03.23 12:00;70085.44;70837.55;69646.64;70705.07;24.24;30.18;16.73;72.14;68.23;4.238;STRONG_UP;2;81.8;3;1
2026.03.23 11:00;68516.01;71465.70;68514.77;70085.18;23.56;34.82;19.31;65.98;64.48;3.324;STRONG_UP;2;80.5;3;1
2026.03.23 10:00;68306.92;68688.57;68266.49;68515.60;22.77;25.70;22.28;66.57;58.24;1.010;NEUTRE;0;63.3;2;1
2026.03.23 09:00;68400.82;68441.22;67888.55;68306.92;25.18;20.64;25.70;60.89;55.64;0.702;NEUTRE;0;57;2;1
2026.03.23 08:00;68284.26;68664.71;68283.79;68400.82;27.37;23.81;18.66;47.27;58.90;0.841;NEUTRE;0;64.2;2;1
2026.03.23 07:00;67841.33;68425.85;67481.07;68284.02;29.72;17.83;21.53;58.75;71.38;0.669;NEUTRE;0;62;2;1
2026.03.23 06:00;68866.03;68867.47;67678.46;67840.86;32.84;20.57;21.62;70.68;78.06;0.015;NEUTRE;0;2.8;0;0
2026.03.23 05:00;68511.29;68876.14;68511.29;68868.82;37.51;23.73;14.19;84.70;75.43;1.531;SOFT_UP;1;80.6;3;0
2026.03.23 04:00;68048.72;68512.75;68026.36;68511.27;39.41;12.06;16.37;78.80;64.76;1.004;NEUTRE;0;78.6;3;0
2026.03.23 03:00;68287.56;68555.31;68034.20;68048.72;43.14;13.92;18.64;62.80;51.21;0.322;NEUTRE;0;64.7;2;0
2026.03.23 02:00;67878.21;68369.60;67772.58;68286.56;47.55;10.58;21.51;52.69;45.78;0.672;NEUTRE;0;81.4;3;0
2026.03.23 01:00;67642.47;68129.40;67505.87;67878.21;49.62;6.02;24.82;38.14;44.25;0.070;NEUTRE;0;;;0
2026.03.23 00:00;67830.46;68125.63;67417.34;67642.47;47.87;6.85;28.64;46.49;45.95;-0.277;NEUTRE;0;;;0
2026.03.22 23:00;68310.33;68434.13;67809.60;67830.36;45.79;7.90;24.52;48.11;37.68;-1.540;SOFT_DOWN;-1;-52.8;-2;0
2026.03.22 22:00;67877.08;68369.67;67550.55;68310.33;44.95;7.53;28.29;43.24;27.53;-0.843;NEUTRE;0;-37.1;-1;0
2026.03.22 21:00;68154.06;68211.37;67335.88;67877.36;42.94;5.71;32.65;21.70;20.86;-1.472;SOFT_DOWN;-1;-54.1;-2;0
2026.03.22 20:00;68184.26;68481.67;68072.23;68154.06;38.75;6.59;24.73;17.65;31.28;-1.070;NEUTRE;0;-46.5;-2;0
2026.03.22 19:00;68596.62;68613.69;68123.48;68184.26;35.80;7.61;26.61;23.24;48.28;-1.026;NEUTRE;0;-46.8;-2;0
2026.03.22 18:00;68653.52;68731.25;68335.22;68596.62;32.76;8.78;24.06;52.94;66.26;-0.428;NEUTRE;0;-25.1;-1;0
2026.03.22 17:00;68785.04;68841.44;68653.52;68653.52;30.65;10.13;15.39;68.66;73.76;-0.345;NEUTRE;0;-21.8;0;0
2026.03.22 16:00;68829.78;68866.15;68652.74;68785.04;32.19;11.69;17.76;77.20;73.49;-0.154;NEUTRE;0;-10.7;0;0
2026.03.22 15:00;68695.64;68976.79;68689.95;68829.78;33.96;13.48;17.81;75.42;61.70;-0.089;NEUTRE;0;-6.7;0;0
2026.03.22 14:00;68683.91;68890.01;68522.71;68695.65;37.06;10.90;20.55;67.87;45.04;-0.284;NEUTRE;0;-21.8;0;0
2026.03.22 13:00;68630.25;68915.21;68526.49;68683.91;38.04;12.58;23.56;41.81;27.91;-0.301;NEUTRE;0;-24.5;0;0
2026.03.22 12:00;68194.52;68726.93;68170.38;68630.25;39.22;7.07;27.18;25.44;22.09;-0.379;NEUTRE;0;-31.9;-1;0
2026.03.22 11:00;68619.55;68664.60;68125.04;68193.62;36.22;6.43;31.36;16.48;20.79;-1.013;NEUTRE;0;-61.1;-2;0
2026.03.22 10:00;68797.73;68823.18;68558.63;68619.55;31.64;7.42;23.82;24.35;22.22;-0.394;NEUTRE;0;-37.8;-1;0
2026.03.22 09:00;68770.67;68865.56;68558.09;68797.73;28.43;8.56;27.49;21.55;23.77;-0.136;NEUTRE;0;-16.6;0;0
2026.03.22 08:00;68884.86;68953.43;68530.99;68770.67;24.72;9.88;31.72;20.75;36.95;-0.175;NEUTRE;0;-23.3;0;0
2026.03.22 07:00;69131.15;69215.43;68863.00;68884.86;20.45;11.40;24.51;29.00;50.63;-0.009;NEUTRE;0;-1.5;0;0
2026.03.22 06:00;69122.02;69212.01;69035.73;69131.15;17.98;13.15;20.74;61.10;60.56;0.348;NEUTRE;0;48.8;2;0
2026.03.22 05:00;69323.32;69328.61;69116.17;69122.02;17.30;15.17;16.91;61.80;54.96;0.335;NEUTRE;0;52.9;2;0
2026.03.22 04:00;69314.84;69492.10;69182.65;69323.32;19.13;17.51;14.69;58.77;46.67;0.627;NEUTRE;0;72.1;3;0
2026.03.22 03:00;69247.52;69555.26;69092.07;69314.84;20.73;20.20;16.96;44.32;36.18;0.615;NEUTRE;0;76.1;3;0
2026.03.22 02:00;68935.85;69375.76;68917.12;69246.14;22.57;17.34;19.56;36.91;29.32;0.515;NEUTRE;0;78.9;3;0
2026.03.22 01:00;68920.60;69067.48;68733.87;68935.85;25.12;9.67;22.57;27.32;23.55;0.065;NEUTRE;0;;;0
2026.03.22 00:00;68891.23;69123.52;68214.71;68920.60;22.83;11.16;26.05;23.72;27.65;0.043;NEUTRE;0;;;0
2026.03.21 23:00;70243.21;70255.04;68555.69;68891.23;20.18;12.88;24.28;19.62;34.21;-2.249;SOFT_DOWN;-1;-62.6;-2;0
2026.03.21 22:00;70318.46;70346.77;70228.95;70243.21;18.57;14.86;12.87;39.60;38.43;-0.330;NEUTRE;0;-16.5;0;0
2026.03.21 21:00;70428.23;70478.90;70234.27;70318.46;20.32;17.14;14.15;43.42;31.73;-0.223;NEUTRE;0;-11.8;0;0
2026.03.21 20:00;70358.27;70475.02;70315.94;70428.23;21.98;19.78;11.20;32.27;21.44;-0.068;NEUTRE;0;-3.8;0;0
2026.03.21 19:00;70353.93;70412.91;70293.24;70356.82;21.09;16.82;12.92;19.49;15.26;-0.169;NEUTRE;0;-9.9;0;0
2026.03.21 18:00;70272.47;70491.42;70255.44;70353.93;22.32;19.41;14.91;12.56;13.58;-0.173;NEUTRE;0;-10.7;0;0
2026.03.21 17:00;70277.45;70390.86;70177.98;70272.47;23.74;15.83;17.20;13.74;19.17;-0.289;NEUTRE;0;-18.5;0;0
2026.03.21 16:00;70602.23;70624.85;70223.34;70277.45;26.76;18.27;16.57;14.44;29.18;-0.282;NEUTRE;0;-19.2;0;0
2026.03.21 15:00;70594.38;70729.46;70430.46;70602.23;30.12;21.08;11.18;29.35;44.66;0.179;NEUTRE;0;13.2;0;0
2026.03.21 14:00;70712.37;71054.72;70560.76;70594.09;30.03;24.33;6.20;43.75;50.63;0.168;NEUTRE;0;13.3;0;0
2026.03.21 13:00;70694.00;70783.24;70679.32;70712.37;25.51;19.61;7.15;60.89;48.83;0.335;NEUTRE;0;26.9;1;0
2026.03.21 12:00;70624.02;70764.37;70624.02;70694.00;22.27;19.84;8.25;47.26;39.57;0.309;NEUTRE;0;26.9;1;0
2026.03.21 11:00;70577.88;70624.86;70540.03;70624.02;19.35;7.60;9.52;38.34;35.81;0.210;NEUTRE;0;20.6;0;0
2026.03.21 10:00;70630.60;70661.71;70534.76;70577.88;20.60;8.76;10.98;33.11;40.05;0.145;NEUTRE;0;15.9;0;0
2026.03.21 09:00;70563.48;70704.36;70540.56;70630.60;22.04;10.11;11.97;35.96;51.15;0.219;NEUTRE;0;25.6;1;0
2026.03.21 08:00;70692.35;70723.86;70462.85;70563.48;24.14;11.67;13.81;51.07;61.74;0.124;NEUTRE;0;17;0;0
2026.03.21 07:00;70735.88;70848.82;70647.88;70692.35;26.56;13.46;5.03;66.43;64.69;0.307;NEUTRE;0;40.8;1;0
2026.03.21 06:00;70672.95;70789.32;70661.72;70735.88;23.63;10.98;5.80;67.71;62.05;0.369;NEUTRE;0;50.5;2;0
2026.03.21 05:00;70608.16;70800.95;70601.67;70672.95;22.52;12.67;6.69;59.92;58.49;0.280;NEUTRE;0;47.8;2;0
2026.03.21 04:00;70633.05;70785.52;70590.05;70608.16;21.23;13.42;7.72;58.52;60.71;0.188;NEUTRE;0;42.8;1;0
2026.03.21 03:00;70701.03;70750.82;70597.35;70632.99;20.35;12.76;8.91;57.03;63.65;0.223;NEUTRE;0;55.7;2;0
2026.03.21 02:00;70434.96;70752.41;70409.76;70701.03;20.75;14.72;10.28;66.57;70.97;0.319;NEUTRE;0;72.3;3;0
2026.03.21 01:00;70650.89;70727.64;70434.96;70434.96;21.21;16.99;10.73;67.34;75.89;-0.058;NEUTRE;0;;;0
2026.03.21 00:00;70475.93;70790.73;70439.12;70650.89;21.00;19.60;12.17;79.01;81.84;0.248;NEUTRE;0;;;0
2026.03.20 23:00;70739.98;70741.68;70394.53;70475.93;20.63;20.47;14.04;81.32;84.32;0.819;NEUTRE;0;35.1;1;0
2026.03.20 22:00;70505.92;70887.73;70505.92;70739.98;20.94;23.62;11.26;85.20;80.95;1.197;NEUTRE;0;47;2;0
2026.03.20 21:00;70048.44;70687.56;69921.77;70509.32;18.71;19.19;12.99;86.45;72.67;0.867;NEUTRE;0;39.1;1;0
2026.03.20 20:00;70145.98;70227.37;69725.47;70025.84;18.63;12.89;14.99;71.20;57.22;0.175;NEUTRE;0;9.8;0;0
2026.03.20 19:00;69741.82;70165.80;69643.82;70142.79;20.34;12.99;17.30;60.36;45.35;0.342;NEUTRE;0;19.5;0;1
2026.03.20 18:00;69973.84;70050.50;69499.59;69741.82;21.28;11.59;19.96;40.10;33.07;-0.231;NEUTRE;0;-14.2;0;1
2026.03.20 17:00;69810.81;69997.04;69369.66;69975.56;20.47;11.88;23.03;35.57;24.89;0.103;NEUTRE;0;6.8;0;1
2026.03.20 16:00;69842.32;70079.67;69586.58;69810.81;18.71;13.71;21.25;23.53;16.02;-0.133;NEUTRE;0;-9.3;0;1
2026.03.20 15:00;69712.73;69984.18;69461.65;69842.32;18.26;12.84;24.52;15.55;12.26;-0.088;NEUTRE;0;-6.6;0;1
2026.03.20 14:00;69834.31;70245.89;69559.19;69711.73;16.26;14.81;25.42;8.98;14.54;-0.274;NEUTRE;0;-21.1;0;1
2026.03.20 13:00;70315.96;70598.31;69777.25;69834.31;14.70;17.09;24.45;12.23;21.42;-0.099;NEUTRE;0;-8.5;0;1
2026.03.20 12:00;70458.80;70666.24;70224.26;70315.95;14.24;19.72;19.84;22.41;32.71;0.590;NEUTRE;0;44.1;1;1
2026.03.20 11:00;70593.04;70783.23;70285.94;70458.80;16.39;22.75;20.74;29.63;45.27;0.794;NEUTRE;0;54.9;2;1
2026.03.20 10:00;70562.91;70646.90;70200.48;70593.04;18.19;22.04;23.93;46.08;57.92;0.986;NEUTRE;0;62.8;2;1
2026.03.20 09:00;71026.04;71026.42;70402.09;70562.91;20.36;25.43;20.66;60.09;63.32;0.943;NEUTRE;0;64.2;2;1
2026.03.20 08:00;70839.12;71346.68;70781.90;71025.67;21.90;29.34;14.48;67.58;64.82;1.605;SOFT_UP;1;75.8;3;1
2026.03.20 07:00;70483.94;70911.53;70197.81;70839.12;20.06;22.00;16.71;62.30;68.72;1.338;SOFT_UP;1;75.1;3;1
2026.03.20 06:00;70585.11;70630.90;70331.18;70483.97;21.04;19.33;19.28;64.58;76.45;0.830;NEUTRE;0;69.9;3;0
2026.03.20 05:00;70763.84;70852.67;70514.67;70585.11;24.26;22.31;12.83;79.28;82.04;0.975;NEUTRE;0;75.4;3;0
2026.03.20 04:00;70709.47;70952.42;70535.89;70763.84;23.85;25.74;13.84;85.48;77.53;1.231;NEUTRE;0;80.6;3;0
2026.03.20 03:00;70400.11;70793.83;70370.47;70709.47;22.89;23.84;15.97;81.35;64.44;1.153;NEUTRE;0;82.5;3;0
2026.03.20 02:00;70394.65;70499.46;70071.15;70400.11;23.37;16.81;18.43;65.77;51.24;0.710;NEUTRE;0;81.9;3;0
2026.03.20 01:00;70181.79;70572.72;70169.90;70394.65;26.26;19.40;17.72;46.21;48.44;0.703;NEUTRE;0;;;0
2026.03.20 00:00;69903.51;70294.59;69823.00;70181.79;29.60;11.76;20.44;41.73;58.74;0.398;NEUTRE;0;;;0
2026.03.19 23:00;70175.21;70275.45;69713.80;69903.51;30.01;12.94;23.59;57.40;72.72;-1.866;SOFT_DOWN;-1;-58;-2;0
2026.03.19 22:00;70395.62;70488.83;69942.42;70175.21;30.15;14.94;20.95;77.10;80.88;-1.484;SOFT_DOWN;-1;-53;-2;0
2026.03.19 21:00;70466.76;70679.41;70360.11;70394.63;32.20;17.23;12.41;83.66;81.43;-1.176;NEUTRE;0;-47.8;-2;0
2026.03.19 20:00;70249.39;70655.87;70176.08;70466.76;34.66;18.75;14.32;81.89;76.03;-1.075;NEUTRE;0;-46.6;-2;0
2026.03.19 19:00;69803.11;70585.88;69790.71;70248.89;37.93;19.39;16.53;78.74;67.82;-1.381;SOFT_DOWN;-1;-55.1;-2;1
2026.03.19 18:00;69839.53;69918.71;69559.80;69803.11;42.54;9.47;19.07;67.46;54.89;-2.007;SOFT_DOWN;-1;-65.5;-3;1
2026.03.19 17:00;69433.33;69925.17;69091.47;69839.53;43.91;10.92;22.01;57.27;46.62;-1.955;SOFT_DOWN;-1;-66.2;-3;1
2026.03.19 16:00;69391.12;69620.20;69161.91;69433.33;45.49;6.98;25.39;39.95;38.15;-2.526;STRONG_DOWN;-2;-72.2;-3;1
2026.03.19 15:00;69467.00;69903.27;68776.89;69388.41;43.73;8.05;29.30;42.64;36.84;-2.589;STRONG_DOWN;-2;-73.6;-3;1
2026.03.19 14:00;69890.69;70133.45;69075.50;69467.00;41.70;9.29;29.73;31.87;34.21;-2.478;STRONG_DOWN;-2;-74;-3;1
2026.03.19 13:00;69278.20;70054.77;69069.47;69890.69;40.06;9.57;34.30;36.01;42.01;-1.884;SOFT_DOWN;-1;-70.7;-3;1
2026.03.19 12:00;69937.97;69937.97;69098.36;69278.20;37.55;9.22;39.58;34.75;46.32;-2.743;STRONG_DOWN;-2;-77.5;-3;1
2026.03.19 11:00;70066.70;70074.40;69895.86;69937.87;33.76;10.64;31.05;55.27;48.64;-1.817;SOFT_DOWN;-1;-72.9;-3;1
2026.03.19 10:00;70497.75;70525.14;70228.32;70249.90;31.42;12.27;21.38;48.94;38.80;-1.379;SOFT_DOWN;-1;-69.8;-3;1
2026.03.19 09:00;69984.99;70550.03;69966.60;70495.54;32.09;14.16;24.67;41.71;29.99;-1.034;NEUTRE;0;-66.2;-3;1
2026.03.19 08:00;70185.68;70295.71;69890.27;69984.99;32.86;9.64;28.47;25.77;20.50;-1.751;SOFT_DOWN;-1;-76.9;-3;1
2026.03.19 07:00;70574.38;70588.56;69486.10;70185.68;30.31;11.12;32.85;22.49;20.08;-1.469;SOFT_DOWN;-1;-76.4;-3;1
2026.03.19 06:00;70812.78;70947.83;70502.37;70573.75;27.37;12.83;23.72;13.24;22.51;-0.925;NEUTRE;0;-71.8;-3;0
2026.03.19 05:00;70810.43;70897.85;70648.90;70813.32;27.00;14.80;22.30;24.50;31.12;-0.588;NEUTRE;0;-66.7;-3;0
2026.03.19 04:00;71205.66;71205.66;70649.59;70810.43;28.04;17.08;25.69;29.80;37.94;-0.592;NEUTRE;0;-71.1;-3;0
2026.03.19 03:00;71048.43;71598.63;71048.43;71205.66;29.26;19.71;18.61;39.06;47.89;-0.038;NEUTRE;0;-14;0;0
2026.03.19 02:00;71105.78;71248.47;70892.73;71047.90;33.32;12.96;21.48;44.96;53.46;-0.259;NEUTRE;0;-68.6;-3;0
2026.03.19 01:00;70994.86;71176.03;70941.91;71105.78;34.64;11.82;24.78;59.64;56.52;-0.178;NEUTRE;0;;;0
2026.03.19 00:00;71232.40;71297.46;70963.76;70994.86;34.52;13.64;27.16;55.79;52.50;-0.333;NEUTRE;0;;;0
2026.03.18 23:00;71140.91;71348.50;71055.92;71232.76;34.74;15.73;27.08;54.13;47.50;-3.634;STRONG_DOWN;-2;-72.2;-3;0
2026.03.18 22:00;71253.04;71254.50;70932.55;71140.91;36.00;13.21;31.25;47.57;39.13;-3.759;STRONG_DOWN;-2;-73.5;-3;0
2026.03.18 21:00;71204.88;71412.67;71154.58;71253.04;35.30;15.24;25.45;40.79;32.59;-3.607;STRONG_DOWN;-2;-73.5;-3;0
2026.03.18 20:00;71051.52;71305.46;70485.90;71217.24;36.87;11.20;29.37;29.02;28.21;-3.655;STRONG_DOWN;-2;-74.5;-3;0
2026.03.18 19:00;71090.75;71474.96;70930.19;71051.80;35.65;12.92;25.54;27.95;27.10;-3.879;STRONG_DOWN;-2;-76;-3;1
2026.03.18 18:00;71589.29;71994.89;70948.12;71089.83;36.09;14.91;28.97;27.67;22.14;-3.828;STRONG_DOWN;-2;-76.6;-3;1
2026.03.18 17:00;71309.85;71747.57;71194.78;71595.66;36.71;13.57;33.42;25.67;15.97;-3.144;STRONG_DOWN;-2;-74.7;-3;1
2026.03.18 16:00;71463.49;71554.12;71029.37;71309.85;35.86;10.27;38.56;13.08;8.66;-3.530;STRONG_DOWN;-2;-77;-3;1
2026.03.18 15:00;71184.08;71514.32;70853.73;71460.65;32.46;10.69;44.50;9.17;6.51;-3.326;STRONG_DOWN;-2;-77.1;-3;1
2026.03.18 14:00;72131.02;72219.99;71132.86;71177.13;28.03;12.33;44.84;3.72;7.39;-3.710;STRONG_DOWN;-2;-79.2;-3;1
2026.03.18 13:00;72367.29;72553.45;71988.60;72131.02;23.60;14.23;39.63;6.65;16.93;-2.419;SOFT_DOWN;-1;-74.7;-3;1
2026.03.18 12:00;72948.15;72971.42;72273.87;72364.96;19.97;16.41;37.96;11.79;32.40;-2.103;SOFT_DOWN;-1;-73.8;-3;1
2026.03.18 11:00;73939.31;74067.93;72793.50;72948.15;16.95;18.94;32.34;32.35;42.52;-1.314;SOFT_DOWN;-1;-67;-3;1
2026.03.18 10:00;74181.80;74267.45;73817.06;73939.32;15.53;21.85;24.96;53.05;39.89;0.027;NEUTRE;0;3;0;1
2026.03.18 09:00;74046.32;74296.90;74042.11;74181.80;16.90;25.22;21.11;42.14;27.58;0.355;NEUTRE;0;37.9;1;1
2026.03.18 08:00;73880.52;74122.67;73857.40;74046.32;18.14;18.58;24.36;24.47;24.05;0.172;NEUTRE;0;23;0;1
2026.03.18 07:00;73955.15;74002.11;73698.59;73880.52;18.86;14.44;28.10;16.12;34.02;-0.052;NEUTRE;0;-8.3;0;1
2026.03.18 06:00;73961.93;74228.85;73941.42;73955.15;16.82;16.66;20.12;31.56;51.19;0.048;NEUTRE;0;9;0;0
2026.03.18 05:00;74185.17;74312.73;73841.74;73961.93;17.96;19.23;23.21;54.38;61.61;0.058;NEUTRE;0;12.9;0;0
2026.03.18 04:00;74463.85;74506.18;74153.39;74185.17;19.28;22.18;16.61;67.63;58.53;0.360;NEUTRE;0;60.6;2;0
2026.03.18 03:00;74355.60;74680.23;74266.39;74463.85;20.04;25.60;14.23;62.81;44.87;0.737;NEUTRE;0;78.3;3;0
2026.03.18 02:00;74089.22;74491.55;74063.65;74355.60;18.73;22.52;16.42;45.16;32.02;0.590;NEUTRE;0;80.2;3;0
2026.03.18 01:00;73871.90;74220.50;73826.15;74089.22;19.20;16.24;18.95;26.63;30.92;0.230;NEUTRE;0;;;0
2026.03.18 00:00;73919.32;74074.37;73540.28;73874.21;20.97;13.04;21.86;24.26;43.66;-0.061;NEUTRE;0;;;0
2026.03.17 23:00;74315.26;74413.80;73882.55;73919.32;20.31;15.04;15.37;41.88;60.09;-1.271;SOFT_DOWN;-1;-47.4;-2;0
2026.03.17 22:00;74698.83;74784.99;73940.08;74315.26;23.27;17.36;16.07;64.85;71.49;-0.743;NEUTRE;0;-33.6;-1;0
2026.03.17 21:00;74518.55;74798.31;74468.72;74698.15;26.25;20.03;8.91;73.54;75.78;-0.231;NEUTRE;0;-12.2;0;0
2026.03.17 20:00;74526.16;74697.07;74378.03;74518.55;24.38;18.39;10.28;76.07;74.87;-0.471;NEUTRE;0;-24.9;0;0
2026.03.17 19:00;74691.72;74819.39;74441.41;74529.88;23.78;21.21;8.81;77.73;67.49;-0.456;NEUTRE;0;-25.3;-1;1
2026.03.17 18:00;74529.77;74783.40;74396.29;74689.19;21.08;23.01;10.16;70.82;60.53;-0.243;NEUTRE;0;-14.9;0;1
2026.03.17 17:00;74158.15;74602.34;74011.05;74529.77;18.37;19.36;11.73;53.91;53.43;-0.456;NEUTRE;0;-27.9;-1;1
2026.03.17 16:00;73921.08;74349.70;73872.20;74158.15;17.42;15.76;13.53;56.86;51.27;-0.952;NEUTRE;0;-49.5;-2;1
2026.03.17 15:00;74394.01;74892.87;73681.11;73921.08;18.92;18.19;15.61;49.52;42.39;-1.269;SOFT_DOWN;-1;-59;-2;1
2026.03.17 14:00;73616.83;74421.64;73426.49;74394.01;20.66;15.00;18.01;47.44;35.50;-0.637;NEUTRE;0;-41.9;-1;1
2026.03.17 13:00;73726.54;74155.64;73395.93;73616.83;22.44;13.20;20.79;30.21;30.02;-1.675;SOFT_DOWN;-1;-68.5;-3;1
2026.03.17 12:00;74028.06;74172.04;73662.53;73730.20;22.46;15.23;18.59;28.84;29.47;-1.524;SOFT_DOWN;-1;-68.2;-3;1
2026.03.17 11:00;73722.13;74203.83;73676.16;74028.06;24.38;17.57;21.03;31.01;30.67;-1.126;NEUTRE;0;-63.6;-2;1
2026.03.17 10:00;73929.09;73952.75;73576.01;73722.13;26.76;12.96;24.27;28.55;29.19;-1.535;SOFT_DOWN;-1;-71.7;-3;1
2026.03.17 09:00;74181.01;74395.16;73833.56;73929.09;26.20;14.95;17.49;32.43;25.55;-1.258;SOFT_DOWN;-1;-70;-3;1
2026.03.17 08:00;74237.24;74445.59;74100.65;74180.64;29.03;17.25;12.86;26.58;19.03;-0.922;NEUTRE;0;-66.2;-3;1
2026.03.17 07:00;74071.75;74441.39;74055.54;74237.24;31.25;19.72;14.84;17.63;14.14;-0.847;NEUTRE;0;-67.2;-3;1
2026.03.17 06:00;74024.96;74269.15;73863.93;74071.69;33.88;15.88;17.12;12.89;16.82;-1.068;NEUTRE;0;-74.1;-3;0
2026.03.17 05:00;74235.12;74448.87;73780.64;74024.96;38.52;18.33;19.75;11.90;28.97;-1.130;NEUTRE;0;-77.3;-3;0
2026.03.17 04:00;74453.76;74675.33;73985.20;74235.13;43.87;21.14;18.08;25.68;49.71;-0.850;NEUTRE;0;-76.6;-3;0
2026.03.17 03:00;75185.81;75316.53;74256.17;74453.76;49.41;24.40;14.82;49.34;70.27;-0.558;NEUTRE;0;-74.7;-3;0
2026.03.17 02:00;75611.11;75668.16;75107.10;75185.81;53.26;28.15;4.76;74.11;84.21;0.420;NEUTRE;0;76.4;3;0
2026.03.17 01:00;75304.23;75984.80;75060.15;75611.11;50.52;32.48;5.49;87.37;87.37;0.988;NEUTRE;0;;;0
2026.03.17 00:00;74871.25;75485.39;74606.62;75304.23;47.36;29.17;6.34;91.15;84.83;0.578;NEUTRE;0;;;0
2026.03.16 23:00;74755.09;74896.30;74239.98;74871.25;44.75;23.34;7.31;83.61;78.38;2.825;STRONG_UP;2;67.6;3;0
2026.03.16 22:00;74392.05;74885.02;74361.08;74751.50;43.59;26.94;5.60;79.73;73.81;2.661;STRONG_UP;2;67.2;3;0
2026.03.16 21:00;74220.26;74781.12;74137.78;74392.05;40.20;28.03;6.46;71.82;68.09;2.167;SOFT_UP;1;63.8;2;0
2026.03.16 20:00;73954.95;74235.67;73847.75;74220.26;36.77;19.30;7.45;69.88;63.51;1.931;SOFT_UP;1;62.3;2;0
2026.03.16 19:00;73900.18;74403.59;73790.99;73951.85;35.61;22.27;8.60;62.57;54.73;1.562;SOFT_UP;1;58.3;2;1
2026.03.16 18:00;73932.64;74350.43;73846.02;73900.19;34.27;25.69;8.54;58.09;45.65;1.491;SOFT_UP;1;58.5;2;1
2026.03.16 17:00;73755.97;74045.62;73638.97;73932.64;31.84;20.35;9.85;43.52;40.41;1.536;SOFT_UP;1;60.7;2;1
2026.03.16 16:00;73266.75;73904.27;73157.78;73752.29;31.39;18.13;11.37;35.33;46.93;1.288;SOFT_UP;1;57.8;2;1
2026.03.16 15:00;73560.45;74026.00;73181.12;73266.75;32.69;20.92;12.63;42.37;59.81;0.621;NEUTRE;0;39.2;1;1
2026.03.16 14:00;74106.28;74456.89;72991.71;73560.45;33.92;24.14;14.58;63.10;69.83;1.025;NEUTRE;0;55.3;2;1
2026.03.16 13:00;73857.84;74505.50;73780.05;74106.28;35.34;27.85;8.54;73.95;66.15;1.774;SOFT_UP;1;69.6;3;1
2026.03.16 12:00;73544.16;74034.43;73455.60;73857.84;32.62;22.14;9.86;72.45;53.48;1.433;SOFT_UP;1;67;3;1
2026.03.16 11:00;73783.41;73811.75;73508.42;73544.16;31.73;19.63;11.38;52.06;40.46;1.002;NEUTRE;0;60.9;2;1
2026.03.16 10:00;73247.78;73785.03;73194.53;73783.41;32.52;21.30;13.13;35.95;38.62;1.331;SOFT_UP;1;69.1;3;1
2026.03.16 09:00;73127.01;73319.47;73051.12;73247.78;33.87;12.44;15.14;33.37;49.69;0.595;NEUTRE;0;52.5;2;1
2026.03.16 08:00;73448.66;73763.44;72880.84;73127.01;37.57;14.36;17.47;46.56;63.85;0.430;NEUTRE;0;46.6;2;1
2026.03.16 07:00;73701.88;73917.75;73376.80;73447.59;41.84;16.57;11.52;69.13;73.55;0.870;NEUTRE;0;67.8;3;1
2026.03.16 06:00;74200.16;74200.16;73602.78;73701.88;45.51;19.12;6.86;75.85;72.05;1.219;NEUTRE;0;76;3;0
2026.03.16 05:00;73826.66;74237.66;73700.06;74201.36;45.26;22.06;5.42;75.68;68.03;1.905;SOFT_UP;1;82.4;3;0
2026.03.16 04:00;73562.43;74421.24;73562.43;73826.66;42.91;25.45;6.25;64.63;63.80;1.390;SOFT_UP;1;81.7;3;0
2026.03.16 03:00;72511.11;74280.60;72429.31;73562.32;40.19;26.85;7.21;63.78;66.12;1.027;NEUTRE;0;81.6;3;0
2026.03.16 02:00;72756.00;72857.16;72363.97;72511.11;37.51;19.15;8.32;63.00;69.79;-0.416;NEUTRE;0;-76.3;-3;0
2026.03.16 01:00;72528.06;72852.54;72273.65;72756.74;37.22;21.95;9.60;71.56;76.21;-0.079;NEUTRE;0;;;0
2026.03.16 00:00;72814.21;73009.01;72446.24;72522.67;36.92;25.33;6.49;74.80;78.83;-0.400;NEUTRE;0;;;0
2026.03.15 23:00;72747.33;73189.19;72421.94;72814.21;33.50;29.22;7.49;82.26;75.20;2.244;SOFT_UP;1;62.5;2;0
2026.03.15 22:00;72104.95;73052.55;71715.47;72745.20;29.55;30.98;8.65;79.44;59.60;2.147;SOFT_UP;1;62.5;2;0
2026.03.15 21:00;71724.41;72219.91;71621.05;72104.95;25.42;26.16;9.98;63.90;46.98;1.248;SOFT_UP;1;49.5;2;0
2026.03.15 20:00;71547.40;71921.62;71427.73;71724.41;22.44;22.53;11.51;35.46;39.02;0.714;NEUTRE;0;35.1;1;0
2026.03.15 19:00;71384.51;71573.94;71335.23;71547.40;20.92;15.16;13.28;41.57;43.30;0.465;NEUTRE;0;25.7;1;0
2026.03.15 18:00;71817.64;71883.31;71315.86;71384.51;23.12;17.49;15.33;40.05;42.54;0.236;NEUTRE;0;14.5;0;0
2026.03.15 17:00;71430.64;71982.14;71407.07;71817.64;25.66;20.18;15.21;48.28;44.68;0.845;NEUTRE;0;44.4;1;0
2026.03.15 16:00;71474.84;71582.81;71327.10;71430.64;27.45;12.61;17.55;39.30;44.37;0.301;NEUTRE;0;20.3;0;0
2026.03.15 15:00;71620.37;71626.78;71412.22;71474.84;29.15;14.55;15.13;46.47;49.86;0.363;NEUTRE;0;25.5;1;0
2026.03.15 14:00;71605.84;71624.74;71341.90;71620.37;33.33;16.64;17.46;47.35;55.50;0.568;NEUTRE;0;38.6;1;0
2026.03.15 13:00;71610.52;71678.08;71266.34;71605.84;38.09;19.20;20.15;55.75;64.88;0.547;NEUTRE;0;39.7;1;0
2026.03.15 12:00;71842.61;71842.61;71565.97;71610.52;43.58;22.15;12.05;63.40;71.48;0.554;NEUTRE;0;42.3;1;0
2026.03.15 11:00;71779.65;71888.22;71660.67;71842.61;45.74;25.56;8.64;75.50;71.72;0.880;NEUTRE;0;57.6;2;0
2026.03.15 10:00;71784.52;71917.66;71712.28;71779.65;45.16;29.49;6.48;75.54;66.26;0.791;NEUTRE;0;57.3;2;0
2026.03.15 09:00;71712.19;71934.42;71707.20;71784.52;42.27;34.03;7.47;64.13;60.33;0.798;NEUTRE;0;60.2;2;0
2026.03.15 08:00;71449.77;71712.89;71449.77;71712.19;38.93;24.26;8.62;59.12;63.02;0.697;NEUTRE;0;59.8;2;0
2026.03.15 07:00;71453.82;71655.85;71405.03;71449.77;37.60;24.66;9.95;57.73;68.61;0.328;NEUTRE;0;42.7;1;0
2026.03.15 06:00;71486.15;71593.55;71389.94;71453.82;36.85;24.63;11.48;72.19;76.21;0.334;NEUTRE;0;47.6;2;0
2026.03.15 05:00;71581.70;71785.64;71467.31;71486.15;36.91;28.42;7.40;75.91;75.79;0.379;NEUTRE;0;56.2;2;0
2026.03.15 04:00;71356.96;71654.15;71328.93;71581.70;33.56;26.44;8.54;80.52;72.72;0.513;NEUTRE;0;68.4;3;0
2026.03.15 03:00;71446.30;71527.64;71227.92;71356.96;30.85;24.53;9.85;70.94;69.07;0.198;NEUTRE;0;52.4;2;0
2026.03.15 02:00;70986.94;71621.39;70986.94;71445.37;29.03;28.30;11.37;66.70;69.40;0.322;NEUTRE;0;72.5;3;0
2026.03.15 01:00;70985.00;71038.16;70853.91;70986.94;26.93;18.51;13.12;69.59;74.64;-0.322;NEUTRE;0;;;0
2026.03.15 00:00;71216.10;71220.43;70960.54;70985.00;28.45;21.36;6.23;71.92;76.57;-0.325;NEUTRE;0;;;0
2026.03.14 23:00;70717.00;71249.84;70711.90;71216.10;24.39;24.64;7.19;82.41;81.12;0.410;NEUTRE;0;19.4;0;0
2026.03.14 22:00;70805.56;70808.70;70697.51;70717.00;19.71;15.82;8.30;75.38;75.54;-0.293;NEUTRE;0;-14.7;0;0
2026.03.14 21:00;70807.40;70822.62;70663.12;70807.95;17.95;18.25;9.57;85.55;65.11;-0.165;NEUTRE;0;-8.8;0;0
2026.03.14 20:00;70703.84;70855.83;70647.32;70807.40;15.91;21.06;11.05;65.68;48.37;-0.166;NEUTRE;0;-9.3;0;0
2026.03.14 19:00;70662.76;70737.21;70592.60;70703.84;13.56;15.55;12.75;44.09;36.11;-0.312;NEUTRE;0;-17.9;0;0
2026.03.14 18:00;70618.87;70698.41;70557.71;70662.76;14.12;13.81;14.71;35.33;32.31;-0.370;NEUTRE;0;-22;0;0
2026.03.14 17:00;70676.47;70731.76;70584.05;70619.00;15.81;15.94;14.09;28.92;36.95;-0.432;NEUTRE;0;-26.6;-1;0
2026.03.14 16:00;70578.56;70704.91;70496.88;70676.47;17.30;15.59;16.26;32.68;50.40;-0.351;NEUTRE;0;-23.4;0;0
2026.03.14 15:00;70596.11;70725.89;70497.88;70578.58;19.64;17.99;18.69;49.26;68.85;-0.489;NEUTRE;0;-32.7;-1;0
2026.03.14 14:00;70855.24;70938.05;70575.63;70596.11;22.37;20.76;16.31;69.27;73.89;-0.464;NEUTRE;0;-33.1;-1;0
2026.03.14 13:00;70776.53;70926.39;70709.52;70853.18;23.97;23.95;13.14;88.01;64.22;-0.101;NEUTRE;0;-8.7;0;0
2026.03.14 12:00;70740.37;70832.36;70607.46;70777.46;23.17;20.97;15.16;64.40;43.75;-0.208;NEUTRE;0;-18.9;0;0
2026.03.14 11:00;70567.68;70776.26;70560.60;70740.37;24.27;20.36;17.50;40.24;30.56;-0.260;NEUTRE;0;-25;0;0
2026.03.14 10:00;70506.82;70570.32;70388.99;70567.68;26.84;8.80;20.19;26.63;26.32;-0.504;NEUTRE;0;-44.8;-1;0
2026.03.14 09:00;70585.52;70724.23;70392.32;70506.82;24.92;10.15;23.01;24.82;30.55;-0.590;NEUTRE;0;-52.3;-2;0
2026.03.14 08:00;70593.48;70708.69;70535.89;70583.37;22.79;11.71;19.90;27.53;39.89;-0.482;NEUTRE;0;-49.9;-2;0
2026.03.14 07:00;70627.72;70734.57;70479.14;70593.49;22.31;13.51;22.96;39.32;54.83;-0.468;NEUTRE;0;-52.8;-2;0
2026.03.14 06:00;71014.79;71014.79;70334.59;70622.49;21.76;15.59;26.49;52.83;63.45;-0.427;NEUTRE;0;-54.5;-2;0
2026.03.14 05:00;71034.31;71147.71;70909.79;71014.79;21.12;17.99;17.55;72.35;62.89;0.126;NEUTRE;0;26.4;1;0
2026.03.14 04:00;71073.62;71297.98;71012.31;71034.31;24.18;20.76;13.63;65.16;47.72;0.154;NEUTRE;0;37.2;1;0
2026.03.14 03:00;70784.26;71165.34;70784.26;71073.62;24.71;16.81;15.72;51.17;35.20;0.209;NEUTRE;0;53.9;2;0
2026.03.14 02:00;70822.12;70892.72;70731.86;70771.84;28.00;8.74;18.14;26.83;26.59;-0.216;NEUTRE;0;-64.8;-2;0
2026.03.14 01:00;70627.42;70906.67;70484.04;70822.12;26.92;10.08;20.93;27.60;26.68;-0.145;NEUTRE;0;;;0
2026.03.14 00:00;70925.10;70947.64;70552.41;70630.60;25.68;11.63;21.66;25.34;26.51;-0.415;NEUTRE;0;;;0
2026.03.13 23:00;70808.73;70998.25;70693.36;70925.10;25.00;13.42;19.51;27.10;25.64;0.580;NEUTRE;0;26.4;1;0
2026.03.13 22:00;71096.17;71179.67;70552.41;70808.73;26.00;15.49;22.51;27.10;21.96;0.415;NEUTRE;0;20.4;0;0
2026.03.13 21:00;71350.40;71482.51;71054.89;71096.17;27.16;17.87;13.65;22.71;15.69;0.823;NEUTRE;0;37.7;1;0
2026.03.13 20:00;71176.40;71465.11;71137.13;71341.63;29.27;20.62;12.79;16.07;12.15;1.171;NEUTRE;0;49.1;2;0
2026.03.13 19:00;71047.69;71300.95;70996.44;71171.46;30.17;16.09;14.76;8.30;10.78;0.930;NEUTRE;0;44;1;1
2026.03.13 18:00;71028.81;71346.08;70838.95;71047.69;34.15;18.57;17.03;12.07;13.86;0.754;NEUTRE;0;39.5;1;1
2026.03.13 17:00;71884.89;72248.97;70894.92;71028.81;38.74;21.42;17.95;11.96;22.25;0.727;NEUTRE;0;40.1;1;1
2026.03.13 16:00;71829.36;72094.12;71149.91;71884.89;43.35;24.72;17.82;17.55;40.35;1.941;SOFT_UP;1;67.3;3;1
2026.03.13 15:00;72393.65;72828.79;71737.89;71829.36;47.52;28.52;10.98;37.24;63.47;1.863;SOFT_UP;1;67.8;3;1
2026.03.13 14:00;73395.63;73936.74;72372.44;72384.72;47.99;32.91;3.72;66.27;79.99;2.650;STRONG_UP;2;75;3;1
2026.03.13 13:00;72790.63;73599.11;72699.30;73395.63;43.12;34.65;4.29;86.89;85.86;4.084;STRONG_UP;2;80.8;3;1
2026.03.13 12:00;72231.85;72874.79;72211.97;72790.63;37.75;27.60;4.95;86.81;84.78;3.226;STRONG_UP;2;79.3;3;1
2026.03.13 11:00;72455.27;72524.18;72210.96;72231.85;32.86;23.70;5.71;83.88;83.23;2.433;SOFT_UP;1;77.1;3;1
2026.03.13 10:00;72000.86;72582.84;71995.54;72455.27;28.50;27.35;6.59;83.64;79.04;2.750;STRONG_UP;2;79.5;3;1
2026.03.13 09:00;71828.21;72095.38;71583.94;72000.86;23.47;18.79;7.60;82.18;75.67;2.106;SOFT_UP;1;77.8;3;1
2026.03.13 08:00;71617.70;72121.59;71377.33;71828.21;20.56;21.68;8.77;71.31;69.36;1.861;SOFT_UP;1;77.7;3;1
2026.03.13 07:00;71341.71;71670.06;71224.78;71617.70;17.20;15.68;10.12;73.53;67.89;1.562;SOFT_UP;1;77.2;3;1
2026.03.13 06:00;71543.50;71588.72;71171.99;71341.71;16.53;15.29;11.68;63.25;64.09;1.171;NEUTRE;0;75.4;3;0
2026.03.13 05:00;71378.58;71635.60;71230.32;71543.50;17.01;17.64;11.32;66.89;66.16;1.457;SOFT_UP;1;80.1;3;0
2026.03.13 04:00;71395.41;71487.87;71234.48;71378.58;16.28;14.74;13.06;62.12;67.69;1.223;NEUTRE;0;80.6;3;0
2026.03.13 03:00;71134.06;71496.11;70951.80;71395.49;17.85;17.01;15.07;69.47;73.18;1.247;NEUTRE;0;83;3;0
2026.03.13 02:00;71659.54;71684.71;71033.18;71134.06;19.67;19.63;15.09;71.48;73.35;0.877;NEUTRE;0;83.4;3;0
2026.03.13 01:00;71465.75;71741.12;71272.20;71659.54;20.68;22.65;11.77;78.59;71.15;1.622;SOFT_UP;1;;;0
2026.03.13 00:00;70515.93;71986.25;70383.92;71465.75;19.00;26.13;13.58;69.99;63.17;1.347;SOFT_UP;1;;;0
2026.03.12 23:00;70164.52;70727.11;70161.30;70515.91;17.06;18.06;15.67;64.89;63.05;0.461;NEUTRE;0;21.6;0;0
2026.03.12 22:00;70265.06;70289.25;70000.14;70164.52;18.59;8.94;18.08;54.65;60.56;-0.039;NEUTRE;0;-2;0;0
2026.03.12 21:00;70161.81;70464.01;70161.81;70265.06;16.24;10.31;12.26;69.61;63.02;0.104;NEUTRE;0;5.6;0;0
2026.03.12 20:00;70443.70;70561.94;70107.67;70161.81;17.42;11.90;14.14;57.42;59.91;-0.043;NEUTRE;0;-2.4;0;0
2026.03.12 19:00;69817.85;70555.94;69756.60;70441.32;18.77;13.52;16.32;62.04;64.42;0.355;NEUTRE;0;20.2;0;1
2026.03.12 18:00;70214.90;70290.76;69793.72;69817.35;20.22;10.50;18.83;60.27;61.61;-0.534;NEUTRE;0;-30.3;-1;1
2026.03.12 17:00;70385.74;70563.15;70072.18;70214.38;18.96;12.12;13.10;70.94;54.57;0.032;NEUTRE;0;2.1;0;1
2026.03.12 16:00;70333.70;70552.33;69899.81;70384.34;21.28;13.64;15.12;53.62;43.30;0.274;NEUTRE;0;18.6;0;1
2026.03.12 15:00;69586.94;70554.91;69473.66;70333.70;23.76;15.74;17.45;39.15;44.81;0.202;NEUTRE;0;14.9;0;1
2026.03.12 14:00;69968.76;70657.22;69351.93;69586.65;26.62;18.16;20.13;37.12;57.38;-0.862;NEUTRE;0;-50.5;-2;1
2026.03.12 13:00;70387.01;70534.36;69691.99;69964.57;29.93;20.96;19.22;58.15;70.25;-0.324;NEUTRE;0;-26.2;-1;1
2026.03.12 12:00;70425.84;70617.35;70279.81;70387.01;33.87;24.18;11.44;76.88;76.58;0.278;NEUTRE;0;24.5;0;1
2026.03.12 11:00;70407.18;70796.43;70357.48;70425.84;33.57;27.90;9.66;75.72;75.99;0.333;NEUTRE;0;30.8;1;1
2026.03.12 10:00;69939.91;70500.47;69842.95;70407.18;31.27;21.82;11.15;77.14;74.69;0.307;NEUTRE;0;31.2;1;1
2026.03.12 09:00;69901.46;70381.39;69569.63;69939.78;31.10;22.39;12.86;75.13;65.40;-0.359;NEUTRE;0;-38.2;-1;1
2026.03.12 08:00;69812.25;70105.91;69689.59;69901.46;31.72;20.61;14.84;71.80;48.44;-0.414;NEUTRE;0;-45.6;-2;1
2026.03.12 07:00;69487.16;69842.82;69398.53;69812.25;34.10;14.06;17.12;49.26;30.53;-0.541;NEUTRE;0;-56.7;-2;1
2026.03.12 06:00;69460.44;69551.46;69347.56;69487.16;37.83;6.14;19.76;24.25;17.58;-1.004;NEUTRE;0;-73.1;-3;0
2026.03.12 05:00;69361.65;69540.37;69203.29;69460.44;35.56;6.24;22.80;18.09;12.34;-1.042;NEUTRE;0;-76.3;-3;0
2026.03.12 04:00;69436.14;69665.84;69288.44;69361.65;32.26;7.20;22.42;10.41;8.43;-1.183;NEUTRE;0;-80.3;-3;0
2026.03.12 03:00;69281.80;69616.89;69239.37;69436.26;29.32;6.32;25.86;8.52;7.87;-1.077;NEUTRE;0;-82;-3;0
2026.03.12 02:00;69822.18;69877.06;69216.20;69281.80;24.49;7.29;29.84;6.36;9.28;-1.297;SOFT_DOWN;-1;-85.5;-3;0
2026.03.12 01:00;70218.38;70224.44;69747.31;69819.01;18.91;8.41;22.07;8.74;14.73;-0.531;NEUTRE;0;;;0
2026.03.12 00:00;70191.98;70351.70;70126.43;70218.38;14.92;9.70;13.24;12.74;23.11;0.038;NEUTRE;0;;;0
2026.03.11 23:00;70363.93;70501.54;70118.52;70193.98;14.85;11.20;15.28;22.71;34.65;0.353;NEUTRE;0;16.8;0;0
2026.03.11 22:00;70745.85;70937.12;70242.10;70363.93;14.76;12.92;12.67;33.86;44.68;0.596;NEUTRE;0;28.1;1;0
2026.03.11 21:00;70637.19;70778.67;70492.95;70745.85;16.88;14.91;9.06;47.39;54.48;1.142;NEUTRE;0;47;2;0
2026.03.11 20:00;70654.90;70695.39;70401.45;70637.19;15.72;12.71;10.46;52.78;61.87;0.987;NEUTRE;0;44.2;1;0
2026.03.11 19:00;70630.54;70754.17;70382.53;70654.90;16.64;14.67;12.07;63.28;67.51;1.012;NEUTRE;0;46.4;2;1
2026.03.11 18:00;70787.96;70895.71;70420.92;70630.54;17.71;16.93;12.33;69.54;70.00;0.977;NEUTRE;0;46.9;2;1
2026.03.11 17:00;70582.92;71337.14;70512.78;70792.16;18.02;19.53;11.25;69.71;68.31;1.209;NEUTRE;0;54.5;2;1
2026.03.11 16:00;70238.75;70835.83;70167.81;70581.75;16.65;13.18;12.98;70.75;66.33;0.908;NEUTRE;0;48.2;2;1
2026.03.11 15:00;70583.18;70664.11;69710.04;70238.75;19.10;11.25;14.98;64.45;57.04;0.417;NEUTRE;0;28.7;1;1
2026.03.11 14:00;70182.64;70976.67;69967.58;70572.92;19.85;12.98;13.13;63.79;44.54;0.895;NEUTRE;0;51.6;2;1
2026.03.11 13:00;69352.45;71082.31;69324.96;70182.59;22.81;14.98;15.15;42.86;27.79;0.337;NEUTRE;0;27.1;1;1
2026.03.11 12:00;69166.13;69751.18;68969.92;69352.45;26.23;5.63;17.49;26.98;21.13;-0.850;NEUTRE;0;-54.4;-2;1
2026.03.11 11:00;69602.45;69675.63;69143.07;69166.13;22.38;6.50;16.77;13.53;19.26;-1.116;NEUTRE;0;-63.4;-2;1
2026.03.11 10:00;69456.39;69712.56;69380.56;69595.64;19.04;7.50;12.49;22.90;27.61;-0.502;NEUTRE;0;-44.7;-1;1
2026.03.11 09:00;69648.33;69733.46;69380.46;69456.39;18.13;8.65;14.41;21.36;30.82;-0.701;NEUTRE;0;-56.9;-2;1
2026.03.11 08:00;69644.73;69758.39;69486.86;69648.33;17.08;9.99;11.99;38.57;40.46;-0.427;NEUTRE;0;-46.4;-2;1
2026.03.11 07:00;69936.07;70018.08;69490.58;69638.52;18.31;11.52;13.62;32.52;38.94;-0.441;NEUTRE;0;-51.1;-2;1
2026.03.11 06:00;69494.26;69982.06;69489.63;69936.07;19.84;12.24;15.71;50.30;44.42;-0.015;NEUTRE;0;-2.8;0;0
2026.03.11 05:00;70127.39;70190.48;69413.44;69494.26;20.98;14.13;18.13;34.00;42.46;-0.647;NEUTRE;0;-68.6;-3;0
2026.03.11 04:00;69547.80;70262.63;69491.18;70127.57;22.30;16.30;19.38;48.96;51.05;0.258;NEUTRE;0;51.8;2;0
2026.03.11 03:00;69808.26;69893.51;69486.10;69547.80;24.40;11.45;22.36;44.41;54.55;-0.570;NEUTRE;0;-75;-3;0
2026.03.11 02:00;70073.85;70120.68;69611.92;69811.20;23.19;13.21;21.05;59.77;52.87;-0.194;NEUTRE;0;-62.4;-2;0
2026.03.11 01:00;70040.09;70142.54;69871.20;70073.85;23.24;15.24;16.45;59.45;40.29;0.182;NEUTRE;0;;;0
2026.03.11 00:00;69946.84;70166.56;69750.31;70040.09;26.22;17.58;18.98;39.40;26.46;0.133;NEUTRE;0;;;0
2026.03.10 23:00;69701.32;69974.86;69694.28;69946.84;29.67;13.20;21.90;22.02;19.11;2.234;SOFT_UP;1;62.4;2;0
2026.03.10 22:00;69752.60;69863.78;69450.37;69701.32;30.42;9.15;25.27;17.96;19.64;1.875;SOFT_UP;1;59.2;2;0
2026.03.10 21:00;70229.51;70408.96;69539.10;69752.60;27.89;10.55;25.86;17.35;26.09;1.950;SOFT_UP;1;61.3;2;0
2026.03.10 20:00;70040.94;70339.50;69993.89;70229.51;25.72;12.18;21.79;23.62;39.45;2.647;STRONG_UP;2;69;3;0
2026.03.10 19:00;70012.48;70287.49;69728.60;70046.87;25.32;11.73;25.14;37.29;56.69;2.380;SOFT_UP;1;67.9;3;1
2026.03.10 18:00;70877.79;70927.16;69890.58;70012.48;23.62;13.54;24.55;57.43;73.03;2.330;SOFT_UP;1;68.6;3;1
2026.03.10 17:00;71276.69;71467.90;70514.79;70877.79;22.81;15.62;19.07;75.36;77.34;3.595;STRONG_UP;2;76.5;3;1
2026.03.10 16:00;71351.14;71698.42;70962.21;71277.07;24.79;18.03;14.78;86.31;70.21;4.178;STRONG_UP;2;79;3;1
2026.03.10 15:00;71477.75;71781.50;70906.07;71350.95;27.08;20.80;17.05;70.34;51.10;4.286;STRONG_UP;2;79.9;3;1
2026.03.10 14:00;69908.02;71526.32;69293.81;71474.72;29.72;19.51;19.68;53.98;44.28;4.467;EXPLOSIVE_UP;3;81;3;1
2026.03.10 13:00;70525.45;70923.16;69723.31;69908.18;34.23;18.36;22.70;28.97;48.83;2.177;SOFT_UP;1;73.1;3;1
2026.03.10 12:00;70584.94;70623.09;70301.47;70520.98;37.87;21.18;18.78;49.89;64.37;3.073;STRONG_UP;2;78.8;3;1
2026.03.10 11:00;70763.46;70860.52;70531.54;70578.24;42.77;24.44;10.67;67.64;75.27;3.157;STRONG_UP;2;80;3;1
2026.03.10 10:00;71053.63;71078.42;70657.75;70763.46;43.32;28.20;6.41;75.57;76.79;3.427;STRONG_UP;2;81.6;3;1
2026.03.10 09:00;70678.83;71290.80;70641.95;71053.60;40.29;32.54;7.39;82.59;74.32;3.851;STRONG_UP;2;83.2;3;1
2026.03.10 08:00;70392.91;71074.09;70359.45;70678.83;36.80;32.41;8.53;72.23;69.21;3.304;STRONG_UP;2;83;3;1
2026.03.10 07:00;69906.06;70516.95;69814.02;70392.91;33.49;25.40;9.84;68.16;66.21;2.886;STRONG_UP;2;83;3;1
2026.03.10 06:00;69960.89;70181.97;69746.60;69900.48;31.85;21.98;11.36;67.24;66.88;2.166;SOFT_UP;1;82;3;0
2026.03.10 05:00;70060.99;70345.75;69877.82;69960.89;31.84;25.36;8.47;63.24;68.03;2.254;SOFT_UP;1;83.6;3;0
2026.03.10 04:00;69415.53;70111.08;69415.53;70059.65;29.06;21.55;9.77;70.15;75.65;2.399;SOFT_UP;1;85.2;3;0
2026.03.10 03:00;70260.71;70360.36;69374.85;69415.53;27.74;24.86;11.27;70.71;71.00;1.457;SOFT_UP;1;84;3;0
2026.03.10 02:00;69253.14;70567.48;69096.68;70260.40;26.22;28.69;13.00;86.10;59.96;2.692;STRONG_UP;2;87.8;3;0
2026.03.10 01:00;69143.54;69378.15;68791.05;69253.14;24.47;20.66;15.01;56.18;41.81;1.220;NEUTRE;0;;;0
2026.03.10 00:00;68418.48;69288.29;68377.35;69146.35;25.79;21.49;17.31;37.59;39.12;1.064;NEUTRE;0;;;0
2026.03.09 23:00;68630.84;68688.66;68368.29;68418.48;28.11;14.66;19.98;31.66;45.79;3.731;STRONG_UP;2;72.6;3;0
2026.03.09 22:00;68909.44;69023.22;68591.60;68630.83;30.07;16.92;12.33;48.13;49.76;4.053;STRONG_UP;2;74.6;3;0
2026.03.09 21:00;68958.31;69099.96;68652.31;68909.44;32.28;19.52;12.06;57.59;45.74;4.476;EXPLOSIVE_UP;3;76.6;3;0
2026.03.09 20:00;68996.08;69145.62;68758.30;68960.05;33.61;22.53;10.27;43.56;40.74;4.552;EXPLOSIVE_UP;3;77.4;3;0
2026.03.09 19:00;68351.79;69500.41;68351.79;68996.08;33.04;25.99;11.85;36.07;47.01;4.607;EXPLOSIVE_UP;3;78.2;3;1
2026.03.09 18:00;68598.39;68688.66;68214.67;68351.79;32.37;19.12;13.68;42.60;60.40;3.630;STRONG_UP;2;75.9;3;1
2026.03.09 17:00;68958.84;69090.18;68267.29;68598.39;34.80;22.06;14.07;62.35;72.92;4.004;STRONG_UP;2;77.8;3;1
2026.03.09 16:00;68868.32;69214.67;68632.59;68954.24;36.75;25.45;9.41;76.24;79.44;4.544;EXPLOSIVE_UP;3;79.9;3;1
2026.03.09 15:00;69136.38;69258.46;68724.98;68869.04;35.33;29.37;8.41;80.18;77.99;4.414;EXPLOSIVE_UP;3;80.2;3;1
2026.03.09 14:00;68972.77;69462.70;68694.09;69134.50;32.23;33.89;9.71;81.88;70.16;4.817;EXPLOSIVE_UP;3;81.6;3;1
2026.03.09 13:00;68130.38;69293.59;68118.20;68974.75;28.66;35.71;11.20;71.91;61.93;4.575;EXPLOSIVE_UP;3;81.8;3;1
2026.03.09 12:00;67741.77;68320.25;67727.89;68129.58;25.03;28.47;12.93;56.70;59.13;3.293;STRONG_UP;2;79.5;3;1
2026.03.09 11:00;67579.14;67832.79;67319.75;67741.77;23.10;20.19;14.91;57.17;63.96;2.705;STRONG_UP;2;78.3;3;1
2026.03.09 10:00;67953.89;68051.94;67526.66;67579.14;24.34;23.29;11.00;63.51;67.49;2.459;STRONG_UP;2;78.3;3;1
2026.03.09 09:00;67786.04;68429.29;67545.07;67953.89;22.58;26.88;12.16;71.21;71.23;3.027;STRONG_UP;2;81.4;3;1
2026.03.09 08:00;67519.63;67906.16;67361.62;67786.57;20.25;21.91;14.03;67.75;72.66;2.773;STRONG_UP;2;81.7;3;1
2026.03.09 07:00;67240.34;67544.22;66862.56;67519.63;19.99;15.06;16.19;74.73;76.76;2.369;SOFT_UP;1;81.5;3;1
2026.03.09 06:00;67887.97;67914.05;67220.30;67238.28;22.51;17.37;10.60;75.51;75.42;1.942;SOFT_UP;1;81.1;3;0
2026.03.09 05:00;67111.01;68030.40;67093.61;67887.91;22.25;20.05;12.23;80.05;69.78;2.927;STRONG_UP;2;85;3;0
2026.03.09 04:00;67183.42;67589.78;67089.80;67111.01;21.94;15.89;14.12;70.69;58.14;1.749;SOFT_UP;1;83.4;3;0
2026.03.09 03:00;66520.73;67651.78;66492.99;67183.32;24.41;18.34;16.29;58.60;44.75;1.859;SOFT_UP;1;85.3;3;0
2026.03.09 02:00;66173.11;66691.56;65939.26;66520.73;27.25;8.41;18.79;45.12;35.21;0.854;NEUTRE;0;83.2;3;0
2026.03.09 01:00;66345.99;66681.44;66124.51;66175.48;25.58;9.71;17.90;30.54;29.29;0.331;NEUTRE;0;;;0
2026.03.09 00:00;65957.36;66744.72;65810.62;66347.55;24.95;11.20;20.65;29.98;32.39;0.592;NEUTRE;0;;;0
2026.03.08 23:00;66221.48;66553.81;65915.80;65957.36;24.22;9.78;23.83;27.35;42.12;-1.917;SOFT_DOWN;-1;-58.7;-2;0
2026.03.08 22:00;66997.79;66997.79;65608.60;66221.48;21.52;11.28;27.49;39.85;50.20;-1.524;SOFT_DOWN;-1;-53.8;-2;0
2026.03.08 21:00;67206.72;67244.52;66704.54;66994.45;18.39;13.02;19.59;59.17;51.73;-0.375;NEUTRE;0;-19.4;0;0
2026.03.08 20:00;67319.79;67499.38;67011.76;67205.49;18.13;15.02;13.85;51.59;37.76;-0.061;NEUTRE;0;-3.4;0;0
2026.03.08 19:00;66789.64;67453.24;66763.65;67319.79;20.29;15.88;15.98;44.44;28.83;0.109;NEUTRE;0;6.4;0;0
2026.03.08 18:00;67042.61;67059.30;66732.20;66789.64;23.36;9.53;18.44;17.27;22.89;-0.679;NEUTRE;0;-36.6;-1;0
2026.03.08 17:00;66852.90;67150.22;66785.88;67042.61;22.06;11.00;18.75;24.80;27.71;-0.303;NEUTRE;0;-19.4;0;0
2026.03.08 16:00;67195.28;67252.78;66795.21;66852.40;21.45;12.69;21.24;26.61;30.44;-0.586;NEUTRE;0;-35.8;-1;0
2026.03.08 15:00;67324.07;67352.77;67065.54;67195.28;20.87;14.65;15.42;31.71;32.25;-0.076;NEUTRE;0;-5.7;0;0
2026.03.08 14:00;67221.62;67411.88;67037.28;67324.07;23.69;16.90;17.79;32.98;37.47;0.115;NEUTRE;0;9.2;0;0
2026.03.08 13:00;67301.96;67414.45;66823.45;67221.62;26.94;19.50;20.53;32.07;48.63;-0.037;NEUTRE;0;-3.2;0;0
2026.03.08 12:00;67501.55;67637.47;66876.49;67301.96;30.69;22.50;22.30;47.35;66.18;0.082;NEUTRE;0;7.7;0;0
2026.03.08 11:00;67885.86;68118.10;67398.34;67501.55;35.34;25.96;15.18;66.46;79.80;0.379;NEUTRE;0;34.2;1;0
2026.03.08 10:00;67675.59;68179.57;67668.66;67889.32;36.75;29.95;11.74;84.71;86.41;0.956;NEUTRE;0;62;2;0
2026.03.08 09:00;67512.15;67870.27;67453.99;67675.59;35.68;25.25;13.55;88.22;84.27;0.638;NEUTRE;0;54.4;2;0
2026.03.08 08:00;67301.16;67552.42;67139.00;67512.15;36.53;17.39;15.63;86.29;71.72;0.395;NEUTRE;0;44.2;1;0
2026.03.08 07:00;67146.05;67439.38;67138.72;67301.16;41.34;15.86;18.04;78.29;54.60;0.081;NEUTRE;0;12.8;0;0
2026.03.08 06:00;67135.88;67228.25;67017.41;67148.77;46.71;7.49;20.81;50.59;33.33;-0.145;NEUTRE;0;-25.5;-1;0
2026.03.08 05:00;66625.27;67234.13;66605.63;67132.91;46.65;8.64;24.02;34.91;25.00;-0.169;NEUTRE;0;-33.7;-1;0
2026.03.08 04:00;66983.49;67081.95;66543.79;66626.20;46.59;6.25;27.71;14.47;22.20;-0.923;NEUTRE;0;-77.6;-3;0
2026.03.08 03:00;66912.37;67071.39;66841.77;66984.06;44.03;7.21;23.46;25.61;31.23;-0.390;NEUTRE;0;-68.7;-3;0
2026.03.08 02:00;67277.25;67340.70;66829.21;66911.44;42.65;8.32;27.07;26.53;35.54;-0.498;NEUTRE;0;-78.5;-3;0
2026.03.08 01:00;67178.38;67343.98;67077.28;67282.24;41.07;9.60;23.77;41.56;41.97;0.053;NEUTRE;0;;;0
2026.03.08 00:00;67246.55;67469.90;67160.02;67178.45;40.85;11.08;22.65;38.54;43.06;-0.101;NEUTRE;0;;;0
2026.03.07 23:00;67245.60;67391.65;67171.55;67240.24;41.86;8.90;26.14;45.80;42.09;-1.255;SOFT_DOWN;-1;-47.1;-2;0
2026.03.07 22:00;67437.26;67448.04;67089.91;67242.02;40.72;10.26;30.16;44.84;35.04;-1.252;SOFT_DOWN;-1;-48.3;-2;0
2026.03.07 21:00;67388.06;67521.95;67272.28;67440.08;39.42;11.84;26.96;35.63;25.96;-0.961;NEUTRE;0;-42;-1;0
2026.03.07 20:00;67066.89;67418.58;67053.37;67383.18;39.49;7.30;31.11;24.67;23.04;-1.045;NEUTRE;0;-45.8;-2;0
2026.03.07 19:00;67556.01;67560.26;66928.05;67066.89;36.02;8.42;35.90;17.57;27.76;-1.510;SOFT_DOWN;-1;-57.4;-2;0
2026.03.07 18:00;67775.05;67776.61;67488.20;67555.68;32.02;9.71;27.79;26.87;38.29;-0.792;NEUTRE;0;-40.9;-1;0
2026.03.07 17:00;67774.85;67932.29;67760.57;67776.67;29.53;11.21;17.54;38.85;45.94;-0.467;NEUTRE;0;-28.4;-1;0
2026.03.07 16:00;67867.85;67877.91;67699.57;67776.18;30.69;8.06;20.24;49.16;50.82;-0.468;NEUTRE;0;-30;-1;0
2026.03.07 15:00;68014.17;68024.08;67760.81;67868.36;28.79;9.30;18.07;49.81;53.64;-0.333;NEUTRE;0;-23.6;0;0
2026.03.07 14:00;67918.66;68069.45;67606.94;68010.36;28.29;10.73;20.85;53.49;58.74;-0.124;NEUTRE;0;-9.9;0;0
2026.03.07 13:00;67976.72;68069.06;67842.58;67916.40;27.71;12.38;16.22;57.62;65.27;-0.262;NEUTRE;0;-21.7;0;0
2026.03.07 12:00;68010.40;68076.08;67886.42;67976.72;29.91;14.29;15.73;65.13;67.83;-0.173;NEUTRE;0;-15.9;0;0
2026.03.07 11:00;67868.55;68220.72;67834.26;68005.13;33.78;16.48;18.15;73.06;63.56;-0.132;NEUTRE;0;-13.3;0;0
2026.03.07 10:00;67982.21;68089.70;67851.59;67866.91;38.23;13.80;20.95;65.32;49.05;-0.335;NEUTRE;0;-33.4;-1;0
2026.03.07 09:00;67787.05;68059.16;67720.83;67986.39;40.95;13.95;24.17;52.32;35.17;-0.159;NEUTRE;0;-19.2;0;0
2026.03.07 08:00;67831.21;68022.90;67703.30;67787.05;43.13;14.45;27.89;29.51;24.14;-0.452;NEUTRE;0;-48.1;-2;0
2026.03.07 07:00;67679.36;67852.16;67435.56;67829.87;44.88;8.46;32.18;23.68;21.31;-0.389;NEUTRE;0;-47.6;-2;0
2026.03.07 06:00;68003.82;68011.42;67631.89;67679.36;42.80;9.76;29.88;19.22;21.89;-0.610;NEUTRE;0;-63.5;-2;0
2026.03.07 05:00;68041.69;68120.32;67890.03;67999.54;41.58;11.26;24.01;21.04;25.71;-0.140;NEUTRE;0;-28.9;-1;0
2026.03.07 04:00;68083.85;68138.56;67799.16;68042.62;42.41;12.99;27.70;25.42;34.02;-0.077;NEUTRE;0;-20.8;0;0
2026.03.07 03:00;68337.44;68526.22;68081.38;68094.48;43.38;14.99;19.17;30.67;41.45;-0.000;NEUTRE;0;0;0;0
2026.03.07 02:00;68248.14;68355.69;68043.00;68337.44;48.17;11.40;22.12;45.98;50.94;0.356;NEUTRE;0;74.1;3;0
2026.03.07 01:00;68268.32;68354.96;68154.84;68244.47;50.66;13.15;20.02;47.70;56.29;0.220;NEUTRE;0;;;0
2026.03.07 00:00;68094.81;68734.55;68090.09;68272.78;55.26;15.17;23.10;59.13;58.99;0.261;NEUTRE;0;;;0
2026.03.06 23:00;68306.08;68359.73;68077.00;68098.62;60.58;8.56;26.65;62.04;52.45;-3.906;STRONG_DOWN;-2;-73.4;-3;0
2026.03.06 22:00;68268.62;68423.78;68214.59;68306.53;61.99;9.88;23.27;55.80;41.89;-3.612;STRONG_DOWN;-2;-72.8;-3;0
2026.03.06 21:00;68119.57;68322.47;67914.78;68268.62;65.32;3.95;26.85;39.49;29.47;-3.666;STRONG_DOWN;-2;-73.8;-3;0
2026.03.06 20:00;68104.84;68270.44;67748.77;68119.49;63.92;2.59;30.98;30.38;20.89;-3.876;STRONG_DOWN;-2;-75.3;-3;0
2026.03.06 19:00;68154.34;68466.48;67986.40;68103.08;60.75;2.99;28.73;18.53;13.74;-3.899;STRONG_DOWN;-2;-76.1;-3;1
2026.03.06 18:00;67939.84;68463.84;67927.21;68156.80;57.60;3.36;33.15;13.77;11.36;-3.824;STRONG_DOWN;-2;-76.6;-3;1
2026.03.06 17:00;68426.82;68630.13;67722.55;67935.21;53.91;3.88;38.26;8.93;9.72;-4.136;STRONG_DOWN;-2;-78.2;-3;1
2026.03.06 16:00;68490.21;68786.64;68205.73;68426.97;49.66;4.48;35.95;11.37;10.65;-3.442;STRONG_DOWN;-2;-76.7;-3;1
2026.03.06 15:00;68747.61;69102.51;68297.96;68497.49;45.32;5.16;39.04;8.86;9.28;-3.343;STRONG_DOWN;-2;-77.2;-3;1
2026.03.06 14:00;69210.29;69266.48;68389.86;68751.78;40.50;5.96;43.29;11.72;11.91;-2.984;STRONG_DOWN;-2;-76.6;-3;1
2026.03.06 13:00;69916.04;70344.83;69208.93;69209.33;35.07;6.88;35.57;7.27;15.87;-2.338;SOFT_DOWN;-1;-74.2;-3;1
2026.03.06 12:00;70200.33;70216.39;69649.76;69923.45;30.06;7.93;35.07;16.74;28.11;-1.331;SOFT_DOWN;-1;-65.4;-3;1
2026.03.06 11:00;70510.67;70626.84;70182.49;70199.27;24.98;9.15;26.01;23.61;42.82;-0.941;NEUTRE;0;-59.3;-2;1
2026.03.06 10:00;70550.29;70806.42;70447.30;70511.00;21.45;10.56;20.84;43.99;54.33;-0.502;NEUTRE;0;-44.7;-1;1
2026.03.06 09:00;70775.63;70802.82;70288.97;70549.09;19.71;12.03;24.04;60.86;54.38;-0.448;NEUTRE;0;-44.4;-1;1
2026.03.06 08:00;71048.84;71061.33;70720.13;70775.63;17.62;13.88;14.84;58.14;43.55;-0.128;NEUTRE;0;-17.5;0;1
2026.03.06 07:00;70601.57;71173.04;70466.18;71045.56;19.82;16.02;17.12;44.13;36.20;0.253;NEUTRE;0;35.5;1;1
2026.03.06 06:00;70420.27;70838.03;70243.77;70594.13;22.36;11.19;19.75;28.37;40.08;-0.384;NEUTRE;0;-51.6;-2;0
2026.03.06 05:00;70604.95;70650.85;70134.85;70419.93;21.55;8.07;22.79;36.11;54.62;-0.630;NEUTRE;0;-68.1;-3;0
2026.03.06 04:00;71064.45;71108.53;70274.90;70604.95;17.52;9.31;22.12;55.77;63.65;-0.369;NEUTRE;0;-61.2;-2;0
2026.03.06 03:00;71236.05;71288.33;70984.30;71067.11;13.95;10.74;12.43;71.97;59.21;0.283;NEUTRE;0;61.7;2;0
2026.03.06 02:00;71247.87;71401.43;71020.62;71237.24;14.97;12.40;12.51;63.20;46.73;0.523;NEUTRE;0;79;3;0
2026.03.06 01:00;70974.57;71465.48;70379.73;71247.28;17.21;14.30;14.43;42.48;40.10;0.537;NEUTRE;0;;;0
2026.03.06 00:00;70866.41;71045.31;70763.40;70974.34;19.79;10.55;16.65;34.50;44.92;0.152;NEUTRE;0;;;0
2026.03.05 23:00;71198.39;71290.73;70768.72;70866.41;19.38;12.17;18.92;43.33;44.76;-2.574;STRONG_DOWN;-2;-65.6;-3;0
2026.03.05 22:00;71125.75;71350.38;71064.55;71197.56;19.03;14.05;13.11;56.94;37.99;-2.119;SOFT_DOWN;-1;-62.2;-2;0
2026.03.05 21:00;71224.59;71560.31;71021.92;71130.39;21.42;16.21;15.13;34.00;22.42;-2.211;SOFT_DOWN;-1;-64.3;-2;0
2026.03.05 20:00;70917.67;71378.78;70830.31;71224.59;24.19;13.51;17.46;23.02;15.50;-2.081;SOFT_DOWN;-1;-64;-2;0
2026.03.05 19:00;70987.75;71410.67;70845.79;70924.30;25.95;15.59;19.71;10.23;12.86;-2.494;STRONG_DOWN;-2;-68.9;-3;1
2026.03.05 18:00;70681.66;71076.99;70640.96;70984.31;28.15;8.90;22.74;13.23;18.27;-2.412;SOFT_DOWN;-1;-69.3;-3;1
2026.03.05 17:00;71307.67;71569.46;70644.62;70686.51;25.75;10.27;26.11;15.13;22.71;-2.821;STRONG_DOWN;-2;-73;-3;1
2026.03.05 16:00;71655.40;71655.40;70798.01;71308.19;23.02;11.85;27.58;26.45;31.94;-1.966;SOFT_DOWN;-1;-67.6;-3;1
2026.03.05 15:00;72616.08;72687.36;71168.33;71655.40;20.42;13.67;25.18;26.56;40.24;-1.489;SOFT_DOWN;-1;-62.9;-2;1
2026.03.05 14:00;72468.19;72836.94;71971.49;72605.35;19.01;15.78;20.91;42.81;55.55;-0.183;NEUTRE;0;-14.4;0;1
2026.03.05 13:00;72888.93;72934.92;72193.10;72467.55;19.78;18.21;20.19;51.36;66.63;-0.373;NEUTRE;0;-29.5;-1;1
2026.03.05 12:00;72910.97;73080.25;72668.28;72890.72;22.03;21.01;13.44;72.49;73.20;0.209;NEUTRE;0;18.9;0;1
2026.03.05 11:00;73397.60;73463.42;72777.70;72910.97;22.04;24.24;11.43;76.05;63.79;0.237;NEUTRE;0;23;0;1
2026.03.05 10:00;72600.55;73561.36;72517.12;73398.05;19.91;27.97;13.19;71.04;50.56;0.907;NEUTRE;0;60.8;2;1
2026.03.05 09:00;72339.22;72867.64;72303.30;72599.41;17.44;22.05;15.21;44.27;35.88;-0.191;NEUTRE;0;-22.7;0;1
2026.03.05 08:00;72050.13;72371.31;71762.99;72332.87;17.30;11.91;17.55;36.36;33.41;-0.558;NEUTRE;0;-54;-2;1
2026.03.05 07:00;72540.73;72667.72;71776.90;72047.86;17.02;13.74;19.90;27.02;30.24;-0.950;NEUTRE;0;-69.5;-3;1
2026.03.05 06:00;72420.12;72666.15;72042.22;72535.10;16.82;15.86;18.38;36.84;29.95;-0.280;NEUTRE;0;-42.6;-1;0
2026.03.05 05:00;72820.86;72925.27;72271.37;72420.12;18.27;18.30;15.56;26.86;23.17;-0.438;NEUTRE;0;-59.9;-2;0
2026.03.05 04:00;72499.82;73083.28;72452.55;72820.86;19.84;21.11;13.69;26.13;21.47;0.113;NEUTRE;0;29.1;1;0
2026.03.05 03:00;72503.83;72749.20;72348.07;72499.85;19.61;16.21;15.80;16.53;20.94;-0.328;NEUTRE;0;-65.1;-3;0
2026.03.05 02:00;72540.57;72891.54;72348.85;72503.22;22.43;18.71;18.20;21.76;22.19;-0.324;NEUTRE;0;-72.6;-3;0
2026.03.05 01:00;72779.88;73301.64;72412.42;72540.89;25.67;21.58;19.20;24.52;21.88;-0.272;NEUTRE;0;;;0
2026.03.05 00:00;72738.54;72992.03;72553.75;72772.16;28.72;19.55;22.15;20.30;22.38;0.046;NEUTRE;0;;;0
2026.03.04 23:00;72704.61;72902.19;72326.52;72738.54;32.18;19.40;25.56;20.83;35.34;6.463;EXPLOSIVE_UP;3;79.8;3;0
2026.03.04 22:00;73325.41;73546.35;72632.45;72707.43;35.03;22.39;21.31;26.00;54.31;6.417;EXPLOSIVE_UP;3;80.1;3;0
2026.03.04 21:00;73157.21;73338.10;72904.50;73325.41;40.04;25.83;20.01;59.18;74.35;7.322;EXPLOSIVE_UP;3;81.7;3;0
2026.03.04 20:00;73668.13;73731.60;73118.21;73159.38;44.24;29.80;15.51;77.74;84.55;7.079;EXPLOSIVE_UP;3;81.8;3;0
2026.03.04 19:00;73689.63;74074.13;73543.80;73648.71;46.20;34.39;7.22;86.13;88.93;7.795;SPIKE_UP;4;82.9;3;1
2026.03.04 18:00;73230.82;73719.35;72933.49;73697.39;43.26;29.39;8.33;89.79;88.44;7.866;SPIKE_UP;4;83.4;3;1
2026.03.04 17:00;73313.69;73769.21;72978.57;73235.33;41.33;33.91;8.73;90.88;84.28;7.190;EXPLOSIVE_UP;3;83.2;3;1
2026.03.04 16:00;73425.96;73524.32;72590.61;73321.35;38.61;34.36;10.08;84.64;76.71;7.316;EXPLOSIVE_UP;3;83.7;3;1
2026.03.04 15:00;71611.13;73485.30;71609.68;73453.28;36.14;39.00;11.63;77.30;74.37;7.509;EXPLOSIVE_UP;3;84.2;3;1
2026.03.04 14:00;71491.72;72594.18;71374.23;71619.03;33.38;37.70;13.42;68.17;75.78;4.824;EXPLOSIVE_UP;3;81.6;3;1
2026.03.04 13:00;71331.94;71617.90;71195.37;71475.00;31.21;31.18;15.48;77.62;81.48;4.614;EXPLOSIVE_UP;3;81.9;3;1
2026.03.04 12:00;71092.56;71349.56;70574.33;71334.03;30.83;26.21;17.86;81.53;85.78;4.407;EXPLOSIVE_UP;3;82.1;3;1
2026.03.04 11:00;71318.30;71478.54;70894.25;71093.71;32.66;30.24;14.26;85.30;89.76;4.055;STRONG_UP;2;82.2;3;1
2026.03.04 10:00;71508.12;71860.01;71185.76;71310.03;32.16;34.90;8.78;90.51;92.52;4.372;EXPLOSIVE_UP;3;83.4;3;1
2026.03.04 09:00;70972.47;71884.44;70716.33;71508.12;27.91;40.27;10.13;93.48;89.08;4.662;EXPLOSIVE_UP;3;84.4;3;1
2026.03.04 08:00;69485.52;71142.37;69135.17;70975.82;23.00;36.69;11.69;93.58;75.84;3.883;STRONG_UP;2;84;3;1
2026.03.04 07:00;68489.36;69606.88;68120.35;69488.15;18.59;30.56;13.49;80.17;56.02;1.706;SOFT_UP;1;78.2;3;1
2026.03.04 06:00;68192.37;68666.64;68024.15;68489.36;15.49;25.53;15.56;53.77;39.10;0.244;NEUTRE;0;38.7;1;0
2026.03.04 05:00;67778.07;68365.39;67665.02;68191.58;14.14;22.25;17.96;34.11;33.94;-0.192;NEUTRE;0;-37.1;-1;0
2026.03.04 04:00;67720.35;67960.63;67445.52;67777.79;14.67;16.78;20.72;29.43;36.56;-0.798;NEUTRE;0;-75.7;-3;0
2026.03.04 03:00;68312.60;68373.50;67381.92;67720.35;15.31;19.36;23.91;38.29;41.16;-0.882;NEUTRE;0;-80.2;-3;0
2026.03.04 02:00;68394.29;68444.64;67991.62;68312.07;16.05;22.34;18.12;41.97;41.85;-0.016;NEUTRE;0;-9;0;0
2026.03.04 01:00;68088.43;68890.51;67949.84;68401.00;16.91;25.77;20.91;43.23;41.58;0.114;NEUTRE;0;;;0
2026.03.04 00:00;68322.89;68407.88;67853.10;68079.76;17.91;21.85;24.13;40.36;41.52;-0.356;NEUTRE;0;;;0
2026.03.03 23:00;68309.76;68837.46;68238.12;68324.26;19.90;25.21;17.16;41.16;47.77;-0.722;NEUTRE;0;-31.7;-1;0
2026.03.03 22:00;68011.21;68539.20;68007.66;68307.95;20.05;21.43;19.81;43.02;59.34;-0.745;NEUTRE;0;-33.7;-1;0
2026.03.03 21:00;68232.28;68253.45;67809.79;68012.75;22.52;16.46;22.85;59.14;71.86;-1.174;NEUTRE;0;-47.8;-2;0
2026.03.03 20:00;68422.29;68591.09;68074.78;68238.50;23.49;18.99;17.18;75.85;78.21;-0.846;NEUTRE;0;-39.8;-1;0
2026.03.03 19:00;68629.42;68883.85;68313.76;68426.64;26.33;21.91;12.70;80.60;78.65;-0.573;NEUTRE;0;-30.7;-1;1
2026.03.03 18:00;68305.67;68885.68;67975.48;68620.92;26.29;25.28;14.65;78.19;72.54;-0.291;NEUTRE;0;-17.7;0;1
2026.03.03 17:00;68168.22;68397.04;67618.98;68307.79;26.24;20.91;16.91;77.17;62.91;-0.746;NEUTRE;0;-40.8;-1;1
2026.03.03 16:00;67705.12;68983.92;67472.45;68164.61;28.65;24.12;19.51;62.26;49.74;-0.954;NEUTRE;0;-49.6;-2;1
2026.03.03 15:00;66534.54;67810.96;66437.20;67711.46;31.43;15.90;22.51;49.29;42.78;-1.612;SOFT_DOWN;-1;-64.7;-2;1
2026.03.03 14:00;66901.92;67516.41;66143.75;66532.99;33.62;15.04;25.98;37.68;38.90;-3.325;STRONG_DOWN;-2;-77.9;-3;1
2026.03.03 13:00;67370.38;67409.42;66618.15;66900.76;34.69;17.36;24.66;41.38;34.36;-2.790;STRONG_DOWN;-2;-76.7;-3;1
2026.03.03 12:00;66996.70;67917.99;66989.44;67369.44;37.35;20.03;21.23;37.63;25.73;-2.109;SOFT_DOWN;-1;-73.9;-3;1
2026.03.03 11:00;66836.50;67132.45;66741.13;66992.85;42.65;10.10;24.50;24.07;18.80;-2.656;STRONG_DOWN;-2;-78.1;-3;1
2026.03.03 10:00;66626.99;66980.43;66414.14;66836.04;42.81;5.67;28.26;15.49;18.44;-2.884;STRONG_DOWN;-2;-80;-3;1
2026.03.03 09:00;66979.40;67166.70;66322.29;66624.92;39.15;6.54;32.61;16.84;21.55;-3.191;STRONG_DOWN;-2;-81.9;-3;1
2026.03.03 08:00;68160.08;68299.11;66879.47;66971.76;34.93;7.55;27.48;22.98;20.21;-2.687;STRONG_DOWN;-2;-81.4;-3;1
2026.03.03 07:00;68083.88;68268.19;67932.13;68171.81;31.55;8.71;20.30;24.84;15.18;-0.943;NEUTRE;0;-69.4;-3;1
2026.03.03 06:00;67922.27;68203.22;67783.19;68084.83;30.26;7.08;23.42;12.83;11.28;-1.070;NEUTRE;0;-74.1;-3;0
2026.03.03 05:00;68101.11;68545.53;67828.18;67923.92;26.68;8.17;25.38;7.88;12.14;-1.303;SOFT_DOWN;-1;-79;-3;0
2026.03.03 04:00;68350.74;68444.12;68034.51;68101.58;22.89;9.42;24.86;13.14;18.73;-1.045;NEUTRE;0;-79;-3;0
2026.03.03 03:00;68490.64;68524.51;68211.26;68351.79;19.48;10.87;22.04;15.40;24.17;-0.682;NEUTRE;0;-77.4;-3;0
2026.03.03 02:00;68738.75;68760.71;68206.21;68493.74;17.26;12.55;25.43;27.64;37.23;-0.476;NEUTRE;0;-78;-3;0
2026.03.03 01:00;69074.00;69252.75;68725.40;68740.16;14.70;14.48;14.94;29.48;49.92;-0.117;NEUTRE;0;;;0
2026.03.03 00:00;68820.99;69160.30;68636.39;69072.05;16.71;14.01;17.24;54.57;59.73;0.365;NEUTRE;0;;;0
2026.03.02 23:00;69430.14;69475.72;68729.56;68821.36;17.69;16.16;17.16;65.72;59.51;4.659;EXPLOSIVE_UP;3;75.9;3;0
2026.03.02 22:00;69411.04;69524.07;69132.39;69418.12;19.96;18.65;11.49;58.88;57.44;5.566;EXPLOSIVE_UP;3;78.7;3;0
2026.03.02 21:00;69126.95;69535.35;68983.05;69418.61;19.37;21.52;13.26;53.93;61.06;5.567;EXPLOSIVE_UP;3;79.2;3;0
2026.03.02 20:00;68964.41;69518.22;68589.07;69125.69;18.70;24.35;15.30;59.50;68.49;5.121;EXPLOSIVE_UP;3;78.8;3;0
2026.03.02 19:00;68881.59;69077.71;68583.68;68972.98;18.06;20.80;17.65;69.77;75.93;4.889;EXPLOSIVE_UP;3;78.8;3;1
2026.03.02 18:00;69181.49;69261.14;68740.65;68888.90;19.58;24.00;15.48;76.21;81.56;4.761;EXPLOSIVE_UP;3;79.1;3;1
2026.03.02 17:00;69427.06;69582.09;68791.38;69175.30;19.27;27.70;16.36;81.80;81.42;5.197;EXPLOSIVE_UP;3;80.6;3;1
2026.03.02 16:00;69112.50;70389.08;68911.75;69430.11;18.27;31.96;16.53;86.66;71.27;5.584;EXPLOSIVE_UP;3;81.7;3;1
2026.03.02 15:00;67139.86;69608.05;67022.20;69112.06;16.19;28.74;19.08;75.80;53.37;5.101;EXPLOSIVE_UP;3;81.5;3;1
2026.03.02 14:00;65415.41;67207.77;65241.97;67131.37;15.57;18.88;22.01;51.34;46.19;2.089;SOFT_UP;1;71.2;3;1
2026.03.02 13:00;65937.45;66118.40;65329.86;65420.21;16.79;13.26;25.40;32.96;48.22;-0.514;NEUTRE;0;-37.9;-1;1
2026.03.02 12:00;66342.85;66384.58;65887.43;65932.57;14.54;15.30;18.42;54.29;54.40;0.265;NEUTRE;0;23.5;0;1
2026.03.02 11:00;66296.11;66450.19;65996.17;66350.46;15.36;17.66;17.89;57.43;50.06;0.901;NEUTRE;0;58.2;2;1
2026.03.02 10:00;66153.34;66374.59;66062.21;66299.00;17.62;17.81;20.65;51.50;43.25;0.823;NEUTRE;0;58.3;2;1
2026.03.02 09:00;66262.17;66715.35;66107.05;66154.57;19.19;20.55;21.62;41.25;40.31;0.603;NEUTRE;0;52.9;2;1
2026.03.02 08:00;65993.38;66296.01;65639.69;66265.24;21.76;13.11;24.94;37.01;47.39;0.771;NEUTRE;0;62.2;2;1
2026.03.02 07:00;66191.91;66206.96;65532.65;65999.81;20.32;13.04;28.78;42.66;62.54;0.368;NEUTRE;0;46;2;1
2026.03.02 06:00;66720.01;66731.95;66041.26;66195.67;17.66;15.05;21.60;62.52;73.94;0.666;NEUTRE;0;65.4;3;0
2026.03.02 05:00;66848.76;66992.18;66274.58;66719.20;17.62;17.36;19.73;82.45;77.77;1.462;SOFT_UP;1;80.2;3;0
2026.03.02 04:00;66804.18;66947.16;66617.37;66854.06;19.35;20.03;15.41;76.86;74.49;1.667;SOFT_UP;1;83.1;3;0
2026.03.02 03:00;66264.64;67029.99;66090.60;66804.78;20.33;23.11;17.79;74.00;73.08;1.592;SOFT_UP;1;84.5;3;0
2026.03.02 02:00;66518.94;66606.86;65873.06;66273.84;21.45;19.74;20.52;72.61;65.66;0.784;NEUTRE;0;82.6;3;0
2026.03.02 01:00;66497.75;67053.46;66361.00;66515.80;24.45;22.78;13.45;72.63;52.77;1.152;NEUTRE;0;;;0
2026.03.02 00:00;65758.01;66781.10;65741.34;66505.57;24.25;20.23;15.52;51.76;34.96;1.137;NEUTRE;0;;;0
2026.03.01 23:00;65244.41;66072.92;65088.70;65755.76;25.96;12.86;17.90;33.92;24.40;-1.794;SOFT_DOWN;-1;-57;-2;0
2026.03.01 22:00;65656.64;66318.01;65024.51;65236.36;27.43;14.84;20.66;19.19;19.87;-2.569;STRONG_DOWN;-2;-66.5;-3;0
2026.03.01 21:00;65284.85;65742.96;65265.00;65656.89;29.13;10.29;23.84;20.07;21.26;-1.941;SOFT_DOWN;-1;-61.2;-2;0
2026.03.01 20:00;65948.03;65955.94;65077.98;65285.96;27.50;11.87;27.51;20.34;23.26;-2.495;STRONG_DOWN;-2;-67.9;-3;0
2026.03.01 19:00;66305.26;66338.31;65772.71;65950.34;25.62;13.70;19.56;23.36;26.77;-1.503;SOFT_DOWN;-1;-57.3;-2;0
2026.03.01 18:00;65968.68;66637.87;65967.23;66310.22;26.85;15.80;17.28;26.07;34.33;-0.966;NEUTRE;0;-46.6;-2;0
2026.03.01 17:00;66119.12;66217.51;65708.72;65974.19;30.29;8.59;19.94;30.87;46.62;-1.467;SOFT_DOWN;-1;-59.5;-2;0
2026.03.01 16:00;66825.89;67108.22;65745.94;66125.67;28.83;9.91;21.88;46.04;51.93;-1.241;NEUTRE;0;-56.8;-2;0
2026.03.01 15:00;66852.30;67242.76;66808.73;66833.63;27.47;11.44;13.25;62.93;47.81;-0.184;NEUTRE;0;-13.6;0;0
2026.03.01 14:00;66932.08;67311.46;66741.18;66864.20;30.57;13.20;15.28;46.83;32.47;-0.138;NEUTRE;0;-11;0;0
2026.03.01 13:00;66287.15;67317.32;66130.79;66934.73;34.14;15.23;17.64;33.67;22.92;-0.033;NEUTRE;0;-2.9;0;0
2026.03.01 12:00;66454.02;66543.64;66227.88;66289.58;38.27;7.54;20.35;16.90;16.35;-0.996;NEUTRE;0;-58.6;-2;0
2026.03.01 11:00;66453.75;66654.26;66364.18;66457.15;37.09;8.70;16.84;18.17;16.58;-0.746;NEUTRE;0;-53.2;-2;0
2026.03.01 10:00;66400.45;66722.93;66216.78;66453.95;37.88;10.03;19.43;13.97;16.01;-0.751;NEUTRE;0;-56;-2;0
2026.03.01 09:00;66552.88;66763.31;66238.20;66400.52;38.81;11.58;21.77;17.60;23.85;-0.831;NEUTRE;0;-61.2;-2;0
2026.03.01 08:00;67127.01;67282.22;66450.87;66555.23;40.08;13.36;18.89;16.45;33.51;-0.600;NEUTRE;0;-55.9;-2;0
2026.03.01 07:00;66916.70;67226.49;66776.12;67126.72;43.60;15.41;15.77;37.51;48.59;0.254;NEUTRE;0;35.6;1;0
2026.03.01 06:00;67286.59;67341.88;66781.79;66915.77;50.14;17.79;18.01;46.58;58.33;-0.061;NEUTRE;0;-11.3;0;0
2026.03.01 05:00;67337.13;67568.57;67189.98;67287.05;57.75;20.52;9.56;61.69;66.76;0.493;NEUTRE;0;62.8;2;0
2026.03.01 04:00;67492.69;67601.70;67071.12;67336.75;61.04;23.68;11.04;66.72;67.54;0.568;NEUTRE;0;70.3;3;0
2026.03.01 03:00;67607.78;67803.11;67380.94;67493.81;64.82;27.32;3.75;71.87;65.46;0.802;NEUTRE;0;79.3;3;0
2026.03.01 02:00;67339.19;68184.45;67330.35;67606.93;63.12;31.53;4.33;64.03;62.26;0.971;NEUTRE;0;84;3;0
2026.03.01 01:00;66781.33;67690.16;66065.06;67338.89;61.16;27.47;4.99;60.49;65.53;0.571;NEUTRE;0;;;0
2026.03.01 00:00;66956.72;67094.74;66615.83;66782.34;59.92;26.06;5.76;62.25;73.07;-0.260;NEUTRE;0;;;0
2026.02.28 23:00;67093.38;67204.05;66732.74;66956.64;59.32;30.07;2.89;73.84;81.53;1.678;SOFT_UP;1;55.2;2;0
2026.02.28 22:00;66714.23;67731.81;66597.90;67098.06;55.76;34.70;3.33;83.12;86.79;1.893;SOFT_UP;1;59.5;2;0
2026.02.28 21:00;66951.24;67007.20;66356.72;66714.50;51.65;30.21;3.85;87.64;88.90;1.310;SOFT_UP;1;50.9;2;0
2026.02.28 20:00;66356.07;67133.04;66180.30;66950.65;47.69;34.85;4.44;89.62;88.98;1.669;SOFT_UP;1;58.7;2;0
2026.02.28 19:00;65900.37;66638.99;65590.90;66350.05;43.12;32.24;5.12;89.44;86.07;0.757;NEUTRE;0;38.1;1;0
2026.02.28 18:00;65426.80;66141.16;65176.40;65901.38;38.59;29.89;5.91;87.88;78.06;0.076;NEUTRE;0;4.8;0;0
2026.02.28 17:00;65081.60;65534.08;64843.53;65426.36;34.22;24.81;6.82;80.89;72.49;-0.646;NEUTRE;0;-36.8;-1;0
2026.02.28 16:00;64828.27;65196.19;64664.73;65082.41;30.74;21.09;7.87;65.42;69.69;-1.168;NEUTRE;0;-55.2;-2;0
2026.02.28 15:00;64422.13;65004.01;64199.16;64827.93;28.44;18.78;9.08;71.15;74.38;-1.555;SOFT_DOWN;-1;-63.9;-2;0
2026.02.28 14:00;65098.71;65355.86;64262.49;64425.10;27.47;21.67;9.27;72.49;67.70;-2.166;SOFT_DOWN;-1;-71.8;-3;0
2026.02.28 13:00;64014.46;65203.95;63890.14;65127.83;25.52;22.86;10.69;79.50;55.82;-1.099;NEUTRE;0;-59;-2;0
2026.02.28 12:00;63830.86;64075.76;63817.31;64012.19;23.87;13.17;12.34;51.12;37.77;-2.793;STRONG_DOWN;-2;-77.7;-3;0
2026.02.28 11:00;63996.94;64294.64;63781.75;63829.60;27.04;15.19;14.24;36.86;28.05;-3.071;STRONG_DOWN;-2;-79.7;-3;0
2026.02.28 10:00;63640.19;64024.94;63460.01;63997.44;30.70;9.44;16.43;25.33;21.16;-2.816;STRONG_DOWN;-2;-79.8;-3;0
2026.02.28 09:00;63457.46;63925.77;63353.41;63642.36;31.27;8.19;18.95;21.97;18.29;-3.355;STRONG_DOWN;-2;-82.2;-3;0
2026.02.28 08:00;63806.67;63864.26;63393.58;63456.19;29.98;7.80;21.87;16.19;14.79;-3.638;STRONG_DOWN;-2;-83.6;-3;0
2026.02.28 07:00;63193.93;64307.42;63020.00;63813.21;27.30;9.00;25.23;16.71;20.78;-3.095;STRONG_DOWN;-2;-83.5;-3;0
2026.02.28 06:00;65571.42;65575.76;63022.84;63203.79;24.21;10.38;29.08;11.46;38.30;-4.021;STRONG_DOWN;-2;-85.7;-3;0
2026.02.28 05:00;65644.27;65714.27;65482.98;65572.73;20.64;11.98;18.73;34.18;61.31;-0.423;NEUTRE;0;-59;-2;0
2026.02.28 04:00;65777.74;65809.08;65467.76;65645.75;20.44;13.82;21.61;69.26;79.56;-0.313;NEUTRE;0;-57;-2;0
2026.02.28 03:00;65944.69;65964.31;65729.27;65774.69;20.20;15.95;13.15;80.48;85.67;-0.117;NEUTRE;0;-37.5;-1;0
2026.02.28 02:00;65759.74;66002.29;65741.38;65948.10;21.83;18.40;14.38;88.92;88.67;0.147;NEUTRE;0;55.4;2;0
2026.02.28 01:00;65922.88;65954.79;65719.89;65768.65;23.29;18.44;16.59;87.61;85.87;-0.126;NEUTRE;0;;;0
2026.02.28 00:00;65851.60;65995.62;65711.28;65922.21;26.06;21.27;19.14;89.47;77.63;0.107;NEUTRE;0;;;0
2026.02.27 23:00;65620.38;65936.48;65531.16;65848.37;29.26;21.34;22.09;80.53;61.28;-2.411;SOFT_DOWN;-1;-64.2;-2;0
2026.02.27 22:00;65510.11;65659.22;64931.07;65621.14;33.50;14.10;25.48;62.90;43.60;-2.748;STRONG_DOWN;-2;-67.9;-3;0
2026.02.27 21:00;65573.49;65725.19;65373.59;65510.11;34.23;16.27;20.05;40.41;32.27;-2.912;STRONG_DOWN;-2;-69.9;-3;0
2026.02.27 20:00;65369.87;65655.97;65366.49;65581.51;37.90;15.75;23.14;27.50;26.75;-2.806;STRONG_DOWN;-2;-70.1;-3;0
2026.02.27 19:00;65291.96;65438.74;65149.03;65371.05;40.81;6.63;26.70;28.88;28.31;-3.118;STRONG_DOWN;-2;-72.8;-3;1
2026.02.27 18:00;65692.63;65765.33;65207.09;65292.21;37.82;7.65;27.72;23.87;24.82;-3.235;STRONG_DOWN;-2;-74.2;-3;1
2026.02.27 17:00;65460.00;65734.40;65100.63;65692.76;34.91;7.97;31.99;32.17;24.92;-2.642;STRONG_DOWN;-2;-71.9;-3;1
2026.02.27 16:00;66085.54;66114.45;65446.38;65461.17;31.03;9.20;28.52;18.41;19.43;-2.985;STRONG_DOWN;-2;-74.8;-3;1
2026.02.27 15:00;65887.87;66294.58;65830.40;66086.12;27.92;10.61;24.06;24.17;17.82;-2.059;SOFT_DOWN;-1;-69.7;-3;1
2026.02.27 14:00;66262.70;66321.13;65676.85;65886.72;26.25;12.24;27.76;15.70;11.83;-2.354;SOFT_DOWN;-1;-73.2;-3;1
2026.02.27 13:00;65915.42;66335.95;65646.32;66266.44;24.32;14.13;32.03;13.58;8.52;-1.791;SOFT_DOWN;-1;-69.8;-3;1
2026.02.27 12:00;66105.87;66192.08;65731.72;65916.84;22.10;13.09;36.96;6.21;10.13;-2.309;SOFT_DOWN;-1;-75.2;-3;1
2026.02.27 11:00;66599.94;66774.92;65951.02;66108.96;18.16;15.11;35.32;5.75;21.79;-2.025;SOFT_DOWN;-1;-74.6;-3;1
2026.02.27 10:00;67345.68;67403.52;66564.80;66605.29;14.79;17.43;29.29;18.43;37.90;-1.289;SOFT_DOWN;-1;-68.5;-3;1
2026.02.27 09:00;67921.27;68139.80;67278.29;67345.64;13.16;20.11;20.71;41.19;50.24;-0.192;NEUTRE;0;-22.8;0;1
2026.02.27 08:00;67670.36;68049.43;67645.47;67924.34;14.96;23.21;17.34;54.08;56.48;0.666;NEUTRE;0;58.6;2;1
2026.02.27 07:00;67648.05;67752.67;67442.32;67666.96;15.03;15.48;20.01;55.43;61.59;0.284;NEUTRE;0;38.6;1;1
2026.02.27 06:00;67711.52;67817.88;67511.61;67646.91;15.38;17.86;19.65;59.92;65.53;0.255;NEUTRE;0;39.9;1;0
2026.02.27 05:00;67741.02;67909.35;67659.85;67709.34;17.01;20.60;15.23;69.41;67.67;0.347;NEUTRE;0;53.8;2;0
2026.02.27 04:00;67590.76;68206.63;67564.95;67741.29;17.32;23.77;17.57;67.26;59.76;0.394;NEUTRE;0;62.7;2;0
2026.02.27 03:00;67256.54;67702.06;67084.31;67590.99;17.68;15.33;20.28;66.35;52.14;0.172;NEUTRE;0;48.5;2;0
2026.02.27 02:00;67342.52;67534.68;67252.78;67259.26;18.26;17.69;19.20;45.68;48.18;-0.320;NEUTRE;0;-72.4;-3;0
2026.02.27 01:00;67215.51;67374.63;66868.55;67344.38;20.45;11.68;22.15;44.40;55.13;-0.194;NEUTRE;0;;;0
2026.02.27 00:00;67475.12;67534.97;66995.30;67217.04;18.83;13.48;21.71;54.47;63.77;-0.382;NEUTRE;0;;;0
2026.02.26 23:00;67562.64;67649.30;67375.88;67475.00;18.13;15.55;14.20;66.53;69.26;-0.741;NEUTRE;0;-32.4;-1;0
2026.02.26 22:00;67459.30;67617.52;67299.22;67563.98;20.22;16.16;16.38;70.30;67.67;-0.610;NEUTRE;0;-28.6;-1;0
2026.02.26 21:00;67405.00;67570.03;67129.98;67459.40;23.22;16.35;18.90;70.95;59.14;-0.764;NEUTRE;0;-35.6;-1;0
2026.02.26 20:00;67574.14;67816.05;67284.16;67413.03;25.68;18.86;16.42;61.76;43.35;-0.832;NEUTRE;0;-39.3;-1;0
2026.02.26 19:00;67294.00;67876.81;67278.38;67570.69;28.56;21.76;18.95;44.69;29.71;-0.600;NEUTRE;0;-31.9;-1;1
2026.02.26 18:00;66810.11;67360.53;66559.16;67294.64;31.89;11.84;21.86;23.61;22.99;-1.006;NEUTRE;0;-47.8;-2;1
2026.02.26 17:00;66627.71;67034.10;66590.53;66809.39;32.22;7.39;25.23;20.84;24.49;-1.720;SOFT_DOWN;-1;-63.4;-2;1
2026.02.26 16:00;67376.56;67550.80;66491.76;66629.74;28.77;8.53;29.11;24.51;26.39;-1.984;SOFT_DOWN;-1;-67.7;-3;1
2026.02.26 15:00;67688.89;67733.25;66751.19;67379.04;24.78;9.84;29.82;28.12;26.50;-0.882;NEUTRE;0;-49.2;-2;1
2026.02.26 14:00;67888.15;68259.97;67265.32;67693.36;20.85;11.35;26.35;26.52;30.72;-0.419;NEUTRE;0;-30.5;-1;1
2026.02.26 13:00;68160.65;68204.61;67832.69;67887.41;17.93;13.10;21.63;24.86;40.94;-0.134;NEUTRE;0;-11.5;0;1
2026.02.26 12:00;68030.59;68286.63;67993.79;68160.70;16.92;15.12;18.29;40.77;49.78;0.268;NEUTRE;0;23.8;0;1
2026.02.26 11:00;68289.88;68387.03;67945.21;68030.85;18.06;17.44;21.11;57.19;47.10;0.077;NEUTRE;0;7.9;0;1
2026.02.26 10:00;68574.30;68705.52;68241.75;68291.12;19.37;20.13;14.03;51.39;33.81;0.460;NEUTRE;0;42.2;1;1
2026.02.26 09:00;67943.86;68636.53;67924.67;68574.31;19.61;20.93;16.19;32.72;27.59;0.876;NEUTRE;0;62.5;2;1
2026.02.26 08:00;67826.47;68225.83;67786.07;67946.63;20.65;15.28;18.68;17.31;35.86;-0.047;NEUTRE;0;-6.6;0;1
2026.02.26 07:00;68167.69;68289.05;67818.04;67829.88;22.29;17.63;20.43;32.76;51.36;-0.219;NEUTRE;0;-31.7;-1;1
2026.02.26 06:00;68435.91;68518.05;68056.72;68170.02;24.59;20.34;15.78;57.52;58.76;0.282;NEUTRE;0;42.8;1;0
2026.02.26 05:00;68561.16;68565.19;68115.33;68440.20;26.43;23.47;16.25;63.79;52.12;0.679;NEUTRE;0;69.5;3;0
2026.02.26 04:00;68205.15;68844.98;68169.45;68558.40;27.70;27.08;16.90;54.98;41.55;0.853;NEUTRE;0;76.6;3;0
2026.02.26 03:00;68250.36;68368.40;68036.72;68204.18;28.40;20.40;19.50;37.60;31.47;0.332;NEUTRE;0;65.4;3;0
2026.02.26 02:00;68248.10;68332.01;67800.71;68250.92;32.42;21.85;22.50;32.08;26.45;0.401;NEUTRE;0;75.8;3;0
2026.02.26 01:00;68332.60;68697.58;68203.77;68249.22;37.18;25.21;14.29;24.72;24.59;0.398;NEUTRE;0;;;0
2026.02.26 00:00;67978.48;68538.21;67717.47;68337.45;38.65;24.12;16.49;22.56;33.13;0.528;NEUTRE;0;;;0
2026.02.25 23:00;68454.14;68697.03;67597.08;67978.78;41.71;27.83;19.03;26.48;49.46;6.125;EXPLOSIVE_UP;3;79.2;3;0
2026.02.25 22:00;68923.21;69192.11;68059.36;68451.87;45.24;32.11;15.49;50.36;69.44;6.863;EXPLOSIVE_UP;3;80.8;3;0
2026.02.25 21:00;69162.56;69989.33;68777.72;68922.75;46.82;37.05;8.12;71.52;82.54;7.598;EXPLOSIVE_UP;3;82;3;0
2026.02.25 20:00;69035.47;69383.75;68630.12;69165.23;44.17;35.06;9.37;86.43;90.42;7.977;SPIKE_UP;4;82.7;3;0
2026.02.25 19:00;69336.94;69420.92;68787.60;69040.93;42.07;40.46;7.59;89.66;93.39;7.783;SPIKE_UP;4;82.9;3;1
2026.02.25 18:00;68680.42;69562.17;68385.54;69342.36;38.02;46.68;8.76;95.19;95.82;8.253;SPIKE_UP;4;83.7;3;1
2026.02.25 17:00;68315.41;68888.60;68034.71;68687.48;33.35;45.06;10.11;95.34;93.75;7.231;EXPLOSIVE_UP;3;83.2;3;1
2026.02.25 16:00;67404.03;68340.48;67400.80;68314.20;28.74;42.11;11.67;96.92;90.71;6.648;EXPLOSIVE_UP;3;83;3;1
2026.02.25 15:00;66963.22;67576.42;66708.62;67415.44;24.45;36.08;13.46;88.99;83.92;5.245;EXPLOSIVE_UP;3;81.7;3;1
2026.02.25 14:00;66230.54;67016.73;66192.69;66979.64;21.18;31.71;15.53;86.21;79.83;4.565;EXPLOSIVE_UP;3;81.2;3;1
2026.02.25 13:00;66052.91;66661.34;66003.31;66227.81;19.17;29.96;17.92;76.58;76.08;3.391;STRONG_UP;2;79;3;1
2026.02.25 12:00;65407.20;66220.18;65301.82;66054.61;18.25;24.25;20.68;76.71;77.11;3.121;STRONG_UP;2;79;3;1
2026.02.25 11:00;65384.58;65463.05;65172.79;65408.32;19.84;15.30;23.86;74.94;71.82;2.112;SOFT_UP;1;75.2;3;1
2026.02.25 10:00;65535.83;65624.78;65331.29;65377.17;19.52;17.65;19.13;79.68;57.65;2.063;SOFT_UP;1;76.2;3;1
2026.02.25 09:00;65510.88;65669.69;65414.04;65536.93;21.91;20.37;17.73;60.84;38.86;2.313;SOFT_UP;1;78.8;3;1
2026.02.25 08:00;65012.10;65563.58;64940.01;65507.98;24.22;17.11;20.46;32.44;31.68;2.267;SOFT_UP;1;79.8;3;1
2026.02.25 07:00;64880.99;65179.64;64765.03;65012.86;26.57;10.27;23.61;23.31;38.90;1.494;SOFT_UP;1;76.6;3;1
2026.02.25 06:00;64866.60;65107.30;64846.72;64880.33;24.61;11.85;24.21;39.30;54.35;1.288;SOFT_UP;1;76.7;3;0
2026.02.25 05:00;65438.18;65495.95;64739.08;64865.67;23.12;13.68;27.93;54.11;66.64;1.265;SOFT_UP;1;78.7;3;0
2026.02.25 04:00;65374.92;65638.28;65107.76;65430.47;21.41;15.78;24.74;69.64;74.84;2.146;SOFT_UP;1;84.6;3;0
2026.02.25 03:00;65866.23;65934.32;65334.55;65373.89;21.30;18.21;21.97;76.16;73.28;2.058;SOFT_UP;1;85.8;3;0
2026.02.25 02:00;65885.89;66294.37;65850.25;65864.52;23.14;21.01;12.12;78.71;59.58;2.824;STRONG_UP;2;87.9;3;0
2026.02.25 01:00;64213.69;66286.49;64136.57;65883.99;22.57;23.97;13.98;64.98;43.43;2.854;STRONG_UP;2;;;0
2026.02.25 00:00;64055.55;64317.81;63901.04;64211.18;21.99;13.57;16.13;35.04;39.69;0.243;NEUTRE;0;;;0
2026.02.24 23:00;64111.03;64241.12;63844.46;64057.43;24.05;12.83;18.61;30.28;52.12;-0.842;NEUTRE;0;-35.8;-1;0
2026.02.24 22:00;64029.43;64219.29;63963.56;64110.47;24.92;14.80;16.86;53.76;71.47;-0.760;NEUTRE;0;-34.2;-1;0
2026.02.24 21:00;64463.29;64463.29;63832.97;64024.75;27.75;17.08;19.45;72.31;82.78;-0.893;NEUTRE;0;-40;-1;0
2026.02.24 20:00;64427.54;64582.36;64299.12;64463.83;31.02;19.70;11.08;88.33;88.96;-0.213;NEUTRE;0;-11.9;0;0
2026.02.24 19:00;64415.13;64714.15;64232.31;64428.54;31.48;22.74;12.78;87.69;87.26;-0.268;NEUTRE;0;-15.5;0;1
2026.02.24 18:00;64305.87;64504.87;63921.41;64413.74;32.01;19.55;14.75;90.85;82.87;-0.291;NEUTRE;0;-17.7;0;1
2026.02.24 16:00;63962.01;64415.22;63679.76;64072.48;34.77;20.20;17.01;83.24;69.32;-0.819;NEUTRE;0;-45.2;-2;1
2026.02.24 15:00;63444.86;64019.83;63292.04;63962.01;38.81;15.03;19.63;74.53;54.81;-0.990;NEUTRE;0;-52.4;-2;1
2026.02.24 14:00;62887.42;63832.11;62744.85;63444.62;42.74;13.38;22.65;50.20;46.73;-1.791;SOFT_DOWN;-1;-68.4;-3;1
2026.02.24 13:00;62935.31;63084.30;62521.32;62887.42;45.35;4.85;26.14;39.71;52.67;-2.654;STRONG_DOWN;-2;-76;-3;1
2026.02.24 12:00;63201.12;63322.97;62926.78;62935.31;41.76;5.60;19.08;50.28;63.45;-2.579;STRONG_DOWN;-2;-76.7;-3;1
2026.02.24 11:00;63253.87;63297.44;63035.88;63201.12;39.79;6.46;17.78;68.03;64.91;-2.168;SOFT_DOWN;-1;-75.6;-3;1
2026.02.24 10:00;63213.62;63338.01;63069.44;63253.87;38.72;7.45;18.54;72.03;54.73;-2.086;SOFT_DOWN;-1;-76.3;-3;1
2026.02.24 09:00;63352.15;63375.30;62887.49;63213.62;38.12;8.60;21.39;54.67;38.35;-2.149;SOFT_DOWN;-1;-78;-3;1
2026.02.24 08:00;63140.24;63386.27;62960.89;63352.15;37.43;9.92;22.36;37.48;26.91;-1.934;SOFT_DOWN;-1;-78.1;-3;1
2026.02.24 07:00;63039.29;63320.05;62874.83;63147.93;37.26;9.06;25.80;22.90;20.64;-2.250;SOFT_DOWN;-1;-81;-3;1
2026.02.24 06:00;63059.98;63278.91;62850.90;63039.29;35.60;9.03;29.77;20.35;21.57;-2.418;SOFT_DOWN;-1;-82.8;-3;0
2026.02.24 05:00;63323.72;63493.48;62671.35;63059.98;32.85;10.42;34.35;18.66;25.73;-2.386;SOFT_DOWN;-1;-83.9;-3;0
2026.02.24 04:00;63539.02;63571.24;62833.85;63323.72;29.68;12.02;36.60;25.71;38.14;-1.978;SOFT_DOWN;-1;-84.1;-3;0
2026.02.24 03:00;64058.37;64058.37;63295.95;63539.02;26.46;13.87;32.59;32.82;51.26;-1.645;SOFT_DOWN;-1;-84.7;-3;0
2026.02.24 02:00;64104.29;64454.62;63951.74;64066.37;24.34;16.00;24.51;55.87;65.02;-0.829;NEUTRE;0;-83;-3;0
2026.02.24 01:00;64885.04;64885.04;63424.49;64104.29;24.85;18.46;28.28;65.08;65.53;-0.770;NEUTRE;0;;;0
2026.02.24 00:00;64601.63;64962.90;64601.63;64885.04;25.45;21.30;20.23;74.11;58.89;0.439;NEUTRE;0;;;0
2026.02.23 23:00;64678.52;64853.96;64483.43;64601.63;28.96;19.94;23.34;57.39;43.03;-4.424;EXPLOSIVE_DOWN;-3;-75.2;-3;0
2026.02.23 22:00;64543.89;64974.93;64507.80;64678.52;32.21;23.01;25.92;45.16;30.63;-4.310;STRONG_DOWN;-2;-75.5;-3;0
2026.02.23 21:00;64432.94;64742.40;64421.33;64543.89;36.25;18.89;29.90;26.53;22.09;-4.509;EXPLOSIVE_DOWN;-3;-76.7;-3;0
2026.02.23 20:00;64250.03;64443.31;63840.07;64434.34;38.36;7.47;34.50;20.21;20.78;-4.671;EXPLOSIVE_DOWN;-3;-77.7;-3;0
2026.02.23 19:00;64596.69;64803.67;64070.08;64249.31;34.35;8.62;33.95;19.53;21.00;-4.945;EXPLOSIVE_DOWN;-3;-79;-3;1
2026.02.23 18:00;64772.26;65139.52;64549.29;64593.62;30.48;9.94;29.12;22.60;21.51;-4.436;EXPLOSIVE_DOWN;-3;-78.4;-3;1
2026.02.23 17:00;65333.87;65420.12;64136.20;64771.84;27.61;11.47;33.60;20.86;24.91;-4.172;STRONG_DOWN;-2;-78.3;-3;1
2026.02.23 16:00;65606.85;65691.56;65136.09;65333.87;24.31;13.24;26.79;21.08;35.18;-3.341;STRONG_DOWN;-2;-76.3;-3;1
2026.02.23 15:00;65876.86;66206.30;65540.60;65606.85;22.84;15.27;19.71;32.80;48.31;-2.937;STRONG_DOWN;-2;-75.5;-3;1
2026.02.23 14:00;66098.63;66240.53;65481.50;65876.84;24.40;17.62;22.74;51.65;61.63;-2.537;STRONG_DOWN;-2;-74.4;-3;1
2026.02.23 13:00;66252.98;66410.05;66064.60;66098.63;26.21;20.33;14.42;60.49;72.11;-2.209;SOFT_DOWN;-1;-73.4;-3;1
2026.02.23 12:00;66169.37;66470.19;65855.34;66252.98;27.62;23.46;16.63;72.76;80.47;-1.981;SOFT_DOWN;-1;-72.9;-3;1
2026.02.23 11:00;66294.07;66464.15;66076.37;66169.37;29.25;27.07;13.66;83.08;86.22;-2.104;SOFT_DOWN;-1;-75.1;-3;1
2026.02.23 10:00;66380.06;66567.56;66190.42;66293.37;28.68;31.24;11.24;85.58;88.39;-1.921;SOFT_DOWN;-1;-75.2;-3;1
2026.02.23 09:00;65633.35;66426.16;65631.91;66380.06;25.85;30.28;12.97;89.99;81.96;-1.793;SOFT_DOWN;-1;-75.7;-3;1
2026.02.23 08:00;65918.48;65924.01;65540.03;65633.35;23.67;25.21;14.97;89.59;64.27;-2.897;STRONG_DOWN;-2;-82;-3;1
2026.02.23 07:00;65723.56;65967.73;65580.55;65918.48;23.39;29.08;15.64;66.30;41.13;-2.476;STRONG_DOWN;-2;-81.8;-3;1
2026.02.23 06:00;65022.57;65769.43;64999.52;65723.56;22.37;25.68;18.05;36.92;24.17;-2.764;STRONG_DOWN;-2;-83.7;-3;0
2026.02.23 05:00;64775.65;65184.87;64775.65;65022.97;23.13;17.95;20.83;20.17;15.48;-3.801;STRONG_DOWN;-2;-86.2;-3;0
2026.02.23 04:00;64897.04;64993.55;64646.74;64775.65;25.54;13.52;24.03;15.42;10.86;-4.166;STRONG_DOWN;-2;-87.2;-3;0
2026.02.23 03:00;64744.94;65013.25;64649.37;64896.95;25.16;15.60;27.61;10.85;8.03;-3.987;STRONG_DOWN;-2;-87.8;-3;0
2026.02.23 02:00;64359.85;64878.88;64284.79;64744.94;24.76;12.32;31.86;6.33;16.06;-4.212;STRONG_DOWN;-2;-88.6;-3;0
2026.02.23 01:00;66679.72;66680.99;64330.88;64359.90;21.76;14.21;35.57;6.91;41.53;-4.781;EXPLOSIVE_DOWN;-3;;;0
2026.02.23 00:00;67591.80;67630.56;66675.43;66678.85;18.50;16.40;25.69;34.95;61.84;-1.351;SOFT_DOWN;-1;;;0
2026.02.22 23:00;67610.49;67673.04;67413.02;67592.38;17.95;18.92;17.76;82.73;67.45;-0.531;NEUTRE;0;-24.5;0;0
2026.02.22 22:00;67550.59;67691.30;67422.63;67610.49;20.23;21.83;19.93;67.84;52.04;-0.504;NEUTRE;0;-24.3;0;0
2026.02.22 21:00;67338.91;67572.65;67338.91;67550.59;22.64;18.39;22.99;51.79;39.58;-0.593;NEUTRE;0;-29.1;-1;0
2026.02.22 20:00;67364.35;67423.75;67294.98;67338.91;24.42;11.42;26.53;36.50;32.56;-0.904;NEUTRE;0;-41.7;-1;0
2026.02.22 19:00;67370.95;67420.27;67352.28;67364.35;22.05;13.18;23.77;30.44;31.34;-0.867;NEUTRE;0;-42;-1;0
2026.02.22 18:00;67331.75;67411.86;67270.87;67370.95;21.03;13.31;27.43;30.74;30.68;-0.857;NEUTRE;0;-43.2;-1;0
2026.02.22 17:00;67581.68;67589.36;67140.77;67331.75;18.93;15.35;31.64;32.85;27.69;-0.915;NEUTRE;0;-46.7;-2;0
2026.02.22 16:00;67645.91;67668.53;67473.00;67581.68;16.51;17.71;25.12;28.45;20.51;-0.547;NEUTRE;0;-34;-1;0
2026.02.22 15:00;67393.03;67769.97;67254.94;67645.91;16.39;20.44;28.98;21.78;21.30;-0.452;NEUTRE;0;-30.7;-1;0
2026.02.22 14:00;67608.58;67642.20;67310.03;67393.03;16.25;19.77;33.44;11.30;33.49;-0.825;NEUTRE;0;-49.3;-2;0
2026.02.22 13:00;67897.99;68000.43;67524.02;67608.58;14.80;22.81;28.68;30.81;55.57;-0.507;NEUTRE;0;-37.5;-1;0
2026.02.22 12:00;68170.30;68198.92;67842.07;67897.99;15.32;26.32;22.82;58.35;64.49;-0.081;NEUTRE;0;-7.6;0;0
2026.02.22 11:00;68095.06;68217.77;68093.21;68170.30;16.58;30.37;15.50;77.54;61.35;0.319;NEUTRE;0;29.7;1;0
2026.02.22 10:00;68017.67;68114.65;67967.39;68095.06;14.15;22.30;17.89;57.59;51.49;0.209;NEUTRE;0;22.4;0;0
2026.02.22 09:00;67922.03;68065.52;67919.36;68017.67;14.64;20.60;20.64;48.93;48.86;0.095;NEUTRE;0;11.7;0;0
2026.02.22 08:00;67970.20;67986.97;67875.88;67922.03;16.87;15.50;23.81;47.95;47.59;-0.046;NEUTRE;0;-6.5;0;0
2026.02.22 07:00;68000.04;68059.38;67947.88;67970.20;16.22;17.88;17.50;49.69;46.54;0.025;NEUTRE;0;4;0;0
2026.02.22 06:00;67933.90;68134.28;67919.80;68000.04;18.55;20.64;20.20;45.12;40.47;0.069;NEUTRE;0;12.8;0;0
2026.02.22 05:00;67932.31;67963.77;67829.54;67933.90;21.23;11.58;23.30;44.80;37.53;-0.029;NEUTRE;0;-6.5;0;0
2026.02.22 04:00;67993.24;68033.89;67913.71;67932.31;19.33;13.36;17.24;31.48;31.01;-0.031;NEUTRE;0;-8.7;0;0
2026.02.22 03:00;67859.20;68013.55;67778.52;67993.24;20.35;12.81;19.90;36.33;28.68;0.059;NEUTRE;0;21.2;0;0
2026.02.22 02:00;68105.36;68172.72;67822.24;67859.20;20.15;14.78;20.09;25.23;20.46;-0.138;NEUTRE;0;-53.7;-2;0
2026.02.22 01:00;67895.28;68129.46;67889.94;68105.36;20.91;17.06;20.21;24.47;17.76;0.224;NEUTRE;0;;;0
2026.02.22 00:00;67953.31;68025.71;67773.20;67895.28;22.82;13.02;23.32;11.68;16.50;-0.085;NEUTRE;0;;;0
2026.02.21 23:00;67926.87;68070.76;67899.21;67955.04;21.97;15.02;19.24;17.11;28.00;-0.026;NEUTRE;0;-1.3;0;0
2026.02.21 22:00;68341.00;68451.82;67869.18;67926.87;23.46;17.33;22.19;20.71;41.97;-0.068;NEUTRE;0;-3.5;0;0
2026.02.21 21:00;68174.18;68345.41;68156.82;68341.00;25.18;20.00;18.01;46.18;58.26;0.542;NEUTRE;0;27;1;0
2026.02.21 20:00;68494.59;68556.85;68160.61;68174.18;28.25;23.08;20.48;59.01;63.39;0.296;NEUTRE;0;16.3;0;0
2026.02.21 19:00;68531.65;68614.03;68477.79;68494.59;31.68;26.63;11.31;69.59;65.87;0.768;NEUTRE;0;38.5;1;0
2026.02.21 18:00;68389.55;68596.92;68367.13;68531.65;30.34;28.79;13.05;61.56;66.66;0.822;NEUTRE;0;42;1;0
2026.02.21 17:00;68280.87;68430.10;68150.31;68384.18;29.22;22.05;15.06;66.45;73.92;0.605;NEUTRE;0;35;1;0
2026.02.21 16:00;68566.02;68581.24;68056.79;68280.87;30.82;25.44;17.38;71.98;78.23;0.453;NEUTRE;0;29.2;1;0
2026.02.21 15:00;68401.34;68650.90;68384.51;68566.03;32.66;29.36;10.44;83.34;79.38;0.873;NEUTRE;0;48.9;2;0
2026.02.21 14:00;68207.16;68580.84;68137.50;68401.34;30.37;29.83;12.04;79.36;76.58;0.630;NEUTRE;0;41.6;1;0
2026.02.21 13:00;68156.99;68217.56;68056.17;68207.51;28.50;21.81;13.89;75.45;75.96;0.345;NEUTRE;0;27.6;1;0
2026.02.21 12:00;68053.96;68167.54;67872.84;68156.99;29.47;20.40;16.03;74.93;79.97;0.271;NEUTRE;0;24;0;0
2026.02.21 11:00;68158.28;68233.95;68032.39;68053.96;32.16;23.54;10.17;77.51;83.65;0.119;NEUTRE;0;12;0;0
2026.02.21 10:00;68097.48;68197.64;68091.52;68158.28;31.01;27.16;7.22;87.48;83.38;0.273;NEUTRE;0;28.3;1;0
2026.02.21 09:00;68007.46;68254.22;67927.74;68097.48;26.85;31.34;8.33;85.97;76.37;0.183;NEUTRE;0;21.8;0;0
2026.02.21 08:00;67812.75;68026.03;67776.50;68007.46;22.06;25.41;9.61;76.68;63.53;0.051;NEUTRE;0;7.2;0;0
2026.02.21 07:00;67736.31;67831.65;67711.45;67812.75;18.52;17.33;11.09;66.45;48.32;-0.235;NEUTRE;0;-33.5;-1;0
2026.02.21 06:00;67817.96;67854.37;67705.19;67736.31;17.98;20.00;12.80;47.46;35.07;-0.348;NEUTRE;0;-48.8;-2;0
2026.02.21 05:00;67473.99;67830.24;67331.70;67817.96;17.37;20.59;14.76;31.04;32.65;-0.228;NEUTRE;0;-41.9;-1;0
2026.02.21 04:00;67552.98;67552.98;67552.98;67552.98;17.51;15.20;17.03;26.72;39.88;-0.618;NEUTRE;0;-71.8;-3;0
2026.02.21 03:00;67951.11;67951.11;67490.52;67552.98;19.33;17.53;19.66;40.20;50.24;-0.618;NEUTRE;0;-76.2;-3;0
2026.02.21 02:00;67905.05;68054.24;67862.05;67951.11;21.42;20.23;10.27;52.71;60.26;-0.032;NEUTRE;0;-17.5;0;0
2026.02.21 01:00;67783.85;67960.14;67783.39;67905.05;19.69;15.81;11.85;57.83;70.36;-0.100;NEUTRE;0;;;0
2026.02.21 00:00;67972.80;67997.03;67739.24;67783.85;20.52;18.25;13.67;70.24;78.58;-0.278;NEUTRE;0;;;0
2026.02.20 23:00;68025.37;68173.06;67872.84;67972.80;21.47;21.05;7.80;83.01;79.35;1.532;SOFT_UP;1;52.7;2;0
2026.02.20 22:00;67781.15;68058.66;67586.25;68025.16;17.71;18.43;9.00;82.49;77.08;1.610;SOFT_UP;1;55.3;2;0
2026.02.20 21:00;67701.31;67781.32;67589.13;67781.15;15.15;12.23;10.39;72.56;74.49;1.245;NEUTRE;0;49.4;2;0
2026.02.20 20:00;67597.00;67795.61;67487.61;67701.31;16.23;14.11;11.99;76.20;77.50;1.126;NEUTRE;0;48;2;0
2026.02.20 19:00;67886.11;67966.90;67412.06;67597.00;17.47;16.29;13.83;74.71;77.38;0.970;NEUTRE;0;45.2;2;1
2026.02.20 18:00;67572.87;67967.02;67415.75;67886.11;18.91;18.79;15.86;81.58;73.16;1.402;SOFT_UP;1;56.9;2;1
2026.02.20 17:00;67791.80;67791.80;66905.16;67572.06;20.51;16.79;18.30;75.86;59.39;0.933;NEUTRE;0;47.2;2;1
2026.02.20 16:00;67561.57;67889.19;67254.17;67791.80;23.01;19.37;15.05;62.05;42.90;1.261;SOFT_UP;1;57.2;2;1
2026.02.20 15:00;67026.65;68039.63;67012.35;67562.27;24.62;22.36;17.37;40.26;27.71;0.918;NEUTRE;0;50.3;2;1
2026.02.20 14:00;66755.62;67285.05;66615.25;67025.12;26.48;14.49;20.04;26.40;21.23;0.116;NEUTRE;0;9.3;0;1
2026.02.20 13:00;67490.58;67490.58;66392.56;66755.62;28.08;16.72;23.13;16.46;28.67;-0.287;NEUTRE;0;-23.5;0;1
2026.02.20 12:00;67251.12;67553.57;67229.03;67489.91;29.93;19.30;14.97;20.84;49.87;0.810;NEUTRE;0;53.1;2;1
2026.02.20 11:00;67891.70;67919.71;67229.03;67251.12;32.59;22.27;17.27;48.70;72.38;0.454;NEUTRE;0;39.1;1;1
2026.02.20 10:00;68163.74;68258.17;67725.55;67891.70;35.66;25.69;8.86;80.07;83.52;1.410;SOFT_UP;1;70.2;3;1
2026.02.20 09:00;67823.97;68175.28;67823.97;68163.74;33.65;29.64;7.39;88.36;83.13;1.817;SOFT_UP;1;75.9;3;1
2026.02.20 08:00;67775.90;67892.97;67706.53;67823.76;29.58;21.85;8.52;82.14;78.40;1.309;SOFT_UP;1;72.8;3;1
2026.02.20 07:00;67792.29;67945.63;67715.94;67775.90;27.38;25.21;9.06;78.90;75.50;1.237;NEUTRE;0;74;3;1
2026.02.20 06:00;67736.45;67840.60;67610.76;67792.29;24.34;22.05;10.45;74.17;73.67;1.262;SOFT_UP;1;76.4;3;0
2026.02.20 05:00;67208.15;67958.95;67152.12;67736.01;22.59;25.45;12.06;73.44;75.35;1.178;NEUTRE;0;77.8;3;0
2026.02.20 04:00;67305.34;67335.85;67054.08;67208.15;20.57;17.48;13.91;73.41;76.42;0.389;NEUTRE;0;62.4;2;0
2026.02.20 03:00;67185.89;67425.92;67182.23;67305.39;21.99;20.17;9.06;79.21;76.82;0.535;NEUTRE;0;74.1;3;0
2026.02.20 02:00;67224.80;67288.73;67121.24;67185.84;19.52;14.61;10.45;76.63;74.42;0.356;NEUTRE;0;74.1;3;0
2026.02.20 01:00;67172.34;67301.10;67094.75;67224.35;19.97;16.86;12.06;74.62;73.04;0.414;NEUTRE;0;;;0
2026.02.20 00:00;66947.47;67376.93;66884.32;67171.74;20.49;19.45;13.91;72.02;75.66;0.335;NEUTRE;0;;;0
2026.02.19 23:00;66870.46;66971.03;66759.55;66947.86;21.08;9.77;16.05;72.48;80.85;0.831;NEUTRE;0;35.4;1;0
2026.02.19 22:00;66864.90;66944.52;66593.91;66872.37;20.58;9.34;18.52;82.48;88.17;0.717;NEUTRE;0;32.7;1;0
2026.02.19 21:00;67078.39;67117.83;66849.73;66864.91;18.68;10.78;10.14;87.58;87.03;0.706;NEUTRE;0;33.5;1;0
2026.02.19 20:00;66995.60;67117.14;66780.47;67067.61;21.09;12.40;11.70;94.46;81.30;1.011;NEUTRE;0;44.9;1;0
2026.02.19 19:00;66975.08;67121.53;66647.74;66995.91;23.89;14.30;13.50;79.04;68.56;0.903;NEUTRE;0;43.1;1;1
2026.02.19 18:00;66307.72;67013.06;66187.41;66975.08;27.12;12.98;15.58;70.41;62.00;0.872;NEUTRE;0;43.7;1;1
2026.02.19 17:00;66238.44;67000.55;66113.90;66307.72;29.90;14.75;17.98;56.23;52.48;-0.133;NEUTRE;0;-8.8;0;1
2026.02.19 16:00;66337.52;66461.42;65869.06;66238.44;32.98;7.66;20.75;59.35;44.05;-0.238;NEUTRE;0;-16.3;0;1
2026.02.19 15:00;66367.69;66662.97;65921.83;66343.22;30.96;8.84;22.57;41.85;28.49;-0.080;NEUTRE;0;-6;0;1
2026.02.19 14:00;65864.43;66616.91;65590.49;66367.69;29.00;9.24;26.04;30.96;19.67;-0.043;NEUTRE;0;-3.5;0;1
2026.02.19 13:00;66458.66;66500.29;65721.57;65866.52;26.14;10.66;28.08;12.66;14.40;-0.798;NEUTRE;0;-50.4;-2;1
2026.02.19 12:00;66430.09;66621.39;66266.45;66458.66;23.24;12.30;21.63;15.40;19.78;0.094;NEUTRE;0;8.8;0;1
2026.02.19 11:00;66779.91;66874.63;66364.78;66430.09;22.59;14.20;20.70;15.14;31.33;0.051;NEUTRE;0;5.2;0;1
2026.02.19 10:00;66774.20;66903.34;66674.80;66779.96;23.19;16.38;14.53;28.80;49.18;0.578;NEUTRE;0;48.7;2;1
2026.02.19 09:00;66903.33;67127.03;66691.37;66773.69;25.84;18.90;15.65;50.04;65.28;0.569;NEUTRE;0;51.2;2;1
2026.02.19 08:00;67147.21;67147.21;66730.29;66903.33;28.37;21.81;16.68;68.69;72.02;0.764;NEUTRE;0;62;2;1
2026.02.19 07:00;67090.59;67257.05;66976.36;67147.21;30.69;25.16;10.17;77.11;74.91;1.131;NEUTRE;0;72.6;3;1
2026.02.19 06:00;66813.04;67227.94;66806.64;67090.59;28.88;27.44;11.74;70.27;76.43;1.046;NEUTRE;0;73.8;3;0
2026.02.19 05:00;66737.66;66830.35;66625.25;66813.04;27.15;17.14;13.54;77.35;84.30;0.628;NEUTRE;0;68;3;0
2026.02.19 04:00;66916.06;67003.38;66701.00;66737.66;29.53;19.78;9.94;81.65;87.27;0.514;NEUTRE;0;68.4;3;0
2026.02.19 03:00;66776.19;66926.07;66661.72;66916.06;28.98;18.89;11.47;93.90;88.15;0.783;NEUTRE;0;79;3;0
2026.02.19 02:00;66808.34;66896.79;66572.19;66776.19;29.68;20.09;13.24;86.27;75.46;0.572;NEUTRE;0;79.9;3;0
2026.02.19 01:00;66381.45;66813.35;66379.59;66808.34;31.08;19.23;15.27;84.29;60.70;0.621;NEUTRE;0;;;0
2026.02.19 00:00;66396.18;66530.04;66286.93;66381.25;34.10;12.14;17.62;55.83;42.08;-0.022;NEUTRE;0;;;0
2026.02.18 23:00;66341.88;66437.98;66208.17;66396.18;36.51;8.18;20.34;41.97;29.86;-1.559;SOFT_DOWN;-1;-53.2;-2;0
2026.02.18 22:00;66272.17;66415.68;66171.20;66341.88;35.57;7.94;23.46;28.43;20.02;-1.639;SOFT_DOWN;-1;-55.7;-2;0
2026.02.18 21:00;66202.95;66438.17;66034.88;66272.17;33.44;9.17;27.07;19.19;15.23;-1.742;SOFT_DOWN;-1;-58.5;-2;0
2026.02.18 20:00;66111.82;66475.18;66084.04;66201.72;30.98;10.58;29.36;12.43;14.98;-1.847;SOFT_DOWN;-1;-61.2;-2;0
2026.02.18 19:00;66294.67;66559.10;65817.28;66113.63;28.51;12.20;33.88;14.07;23.40;-1.978;SOFT_DOWN;-1;-64;-2;1
2026.02.18 18:00;67130.29;67177.12;66179.34;66297.32;25.66;14.08;31.59;18.45;31.98;-1.705;SOFT_DOWN;-1;-61.8;-2;1
2026.02.18 17:00;67079.78;67428.95;66992.39;67129.14;23.71;16.25;23.91;37.68;38.60;-0.472;NEUTRE;0;-28.7;-1;1
2026.02.18 16:00;67636.28;67642.64;66934.29;67079.71;24.42;18.75;27.59;39.79;34.74;-0.545;NEUTRE;0;-33.9;-1;1
2026.02.18 15:00;67159.63;68298.81;67130.88;67636.33;25.24;21.63;27.56;38.34;28.59;0.280;NEUTRE;0;20.2;0;1
2026.02.18 14:00;67184.31;67310.88;66666.71;67159.63;27.27;11.94;31.80;26.08;23.62;-0.427;NEUTRE;0;-31;-1;1
2026.02.18 13:00;67402.53;67542.16;66996.94;67184.31;24.48;13.78;28.81;21.34;25.92;-0.390;NEUTRE;0;-30.6;-1;1
2026.02.18 12:00;67311.10;67626.83;67287.90;67402.53;22.81;15.90;25.03;23.42;35.69;-0.067;NEUTRE;0;-6.3;0;1
2026.02.18 11:00;67738.00;67742.25;67023.67;67311.10;22.89;18.35;28.88;32.99;51.89;-0.202;NEUTRE;0;-19.9;0;1
2026.02.18 10:00;68093.78;68116.01;67666.87;67738.26;22.98;21.17;19.55;50.65;67.07;0.431;NEUTRE;0;40.3;1;1
2026.02.18 09:00;68066.81;68219.02;67950.70;68093.78;25.91;24.43;12.84;72.03;77.17;0.958;NEUTRE;0;64.5;2;1
2026.02.18 08:00;68057.21;68412.75;68004.88;68066.81;25.11;28.19;11.71;78.53;80.73;0.918;NEUTRE;0;66.1;3;1
2026.02.18 07:00;67784.50;68160.27;67635.35;68057.86;22.62;23.00;13.51;80.95;82.61;0.905;NEUTRE;0;68.6;3;1
2026.02.18 06:00;67581.60;67915.19;67552.39;67784.50;22.10;19.35;15.59;82.73;81.41;0.500;NEUTRE;0;58.7;2;0
2026.02.18 05:00;67760.70;67873.73;67535.71;67581.60;23.84;20.57;17.99;84.16;71.28;0.199;NEUTRE;0;38.1;1;0
2026.02.18 04:00;67561.37;67832.02;67436.10;67760.70;26.47;21.84;20.75;77.34;52.58;0.464;NEUTRE;0;66.4;3;0
2026.02.18 03:00;67270.59;67647.89;67270.48;67561.39;30.15;18.05;23.94;52.34;32.22;0.169;NEUTRE;0;48;2;0
2026.02.18 02:00;67104.41;67362.96;67084.79;67270.59;32.63;9.21;27.63;28.05;21.83;-0.262;NEUTRE;0;-68.8;-3;0
2026.02.18 01:00;67246.22;67315.86;66837.46;67104.41;29.96;8.02;31.88;16.27;25.85;-0.509;NEUTRE;0;;;0
2026.02.18 00:00;67447.44;67570.48;67232.29;67244.90;25.37;9.25;24.09;21.17;38.80;-0.300;NEUTRE;0;;;0
2026.02.17 23:00;67463.99;67566.05;67319.68;67447.44;22.43;10.68;23.82;40.12;53.81;-2.009;SOFT_DOWN;-1;-59.8;-2;0
2026.02.17 22:00;67613.12;67722.16;67452.33;67463.81;20.02;12.32;19.20;55.13;65.62;-1.985;SOFT_DOWN;-1;-60.6;-2;0
2026.02.17 21:00;67723.16;67862.81;67477.41;67613.12;19.74;14.21;20.72;66.20;68.57;-1.768;SOFT_DOWN;-1;-58.9;-2;0
2026.02.17 20:00;67727.46;67861.84;67422.83;67725.59;19.91;16.36;23.91;75.54;65.64;-1.605;SOFT_DOWN;-1;-57.7;-2;0
2026.02.17 19:00;68030.14;68166.66;67682.73;67726.26;20.09;18.88;18.48;63.99;55.01;-1.604;SOFT_DOWN;-1;-59;-2;1
2026.02.17 18:00;67175.29;68175.35;67054.01;68030.59;23.02;21.78;21.32;57.40;45.45;-1.162;NEUTRE;0;-51.8;-2;1
2026.02.17 17:00;67463.70;67650.08;66815.63;67175.29;26.39;17.93;24.60;43.65;37.45;-2.404;SOFT_DOWN;-1;-70.3;-3;1
2026.02.17 16:00;67330.75;68074.73;67260.09;67463.70;28.04;20.69;20.19;35.30;31.70;-1.985;SOFT_DOWN;-1;-67.8;-3;1
2026.02.17 15:00;66804.23;67355.47;66572.16;67332.79;32.17;10.29;23.30;33.40;32.32;-2.175;SOFT_DOWN;-1;-70.7;-3;1
2026.02.17 14:00;68064.27;68272.42;66665.88;66804.23;31.15;11.87;25.04;26.40;28.41;-2.943;STRONG_DOWN;-2;-76.4;-3;1
2026.02.17 13:00;67853.30;68294.35;67665.05;68064.27;30.46;13.70;19.33;37.16;27.32;-1.113;NEUTRE;0;-59.3;-2;1
2026.02.17 12:00;67782.89;68239.45;67755.49;67853.30;32.52;15.80;20.09;21.66;24.35;-1.419;SOFT_DOWN;-1;-66.8;-3;1
2026.02.17 11:00;67772.60;67863.54;67618.23;67782.89;35.69;6.28;23.18;23.14;31.16;-1.521;SOFT_DOWN;-1;-69.8;-3;1
2026.02.17 10:00;68058.44;68124.09;67650.28;67772.60;32.35;7.25;24.74;28.26;37.46;-1.536;SOFT_DOWN;-1;-71.7;-3;1
2026.02.17 09:00;68109.84;68242.76;67920.81;68058.44;28.92;8.37;19.76;42.07;40.74;-1.121;NEUTRE;0;-67.8;-3;1
2026.02.17 08:00;68328.87;68417.60;68043.77;68109.84;27.14;9.65;16.92;42.04;36.70;-1.046;NEUTRE;0;-68.8;-3;1
2026.02.17 07:00;68341.97;68418.49;68098.07;68328.84;27.11;11.14;17.29;38.11;29.51;-0.728;NEUTRE;0;-64;-2;1
2026.02.17 06:00;68176.31;68460.86;68170.11;68341.17;27.95;12.85;16.49;29.95;26.24;-0.710;NEUTRE;0;-66.8;-3;0
2026.02.17 05:00;68413.64;68448.46;67825.64;68176.31;30.35;14.17;19.03;20.47;26.92;-0.950;NEUTRE;0;-75;-3;0
2026.02.17 04:00;68404.74;68642.01;68221.80;68413.64;32.77;16.36;12.17;28.29;41.48;-0.605;NEUTRE;0;-71.5;-3;0
2026.02.17 03:00;68770.35;68799.10;68400.08;68404.61;35.55;18.87;7.51;32.00;57.83;-0.618;NEUTRE;0;-76.2;-3;0
2026.02.17 02:00;68547.99;69135.39;68326.29;68772.49;34.40;21.78;8.67;64.16;74.88;-0.084;NEUTRE;0;-39.6;-1;0
2026.02.17 01:00;68822.20;68937.76;68506.60;68547.99;33.07;21.37;10.00;77.32;82.18;-0.410;NEUTRE;0;;;0
2026.02.17 00:00;68830.06;68977.15;68633.94;68822.20;32.58;24.65;7.00;83.15;85.58;-0.011;NEUTRE;0;;;0
2026.02.16 23:00;68531.74;68924.70;68473.13;68830.06;29.01;26.10;8.07;86.07;84.19;0.081;NEUTRE;0;4;0;0
2026.02.16 22:00;68796.25;68825.76;68451.33;68531.50;25.36;26.74;9.32;87.50;75.19;-0.353;NEUTRE;0;-17.5;0;0
2026.02.16 21:00;68465.91;68866.96;68355.90;68796.60;21.82;30.85;10.75;79.00;57.15;0.033;NEUTRE;0;1.8;0;0
2026.02.16 20:00;67853.77;68493.18;67765.24;68464.07;17.75;24.35;12.40;59.06;39.38;-0.451;NEUTRE;0;-24;0;0
2026.02.16 19:00;67802.21;68066.50;67768.29;67853.77;15.47;19.08;14.31;33.37;25.54;-1.338;SOFT_DOWN;-1;-54.2;-2;1
2026.02.16 18:00;67879.60;68180.01;67772.58;67802.21;15.66;22.01;16.29;25.72;18.93;-1.413;SOFT_DOWN;-1;-57.1;-2;1
2026.02.16 17:00;67824.58;68008.65;67535.47;67879.60;15.77;18.93;18.80;17.52;13.35;-1.301;SOFT_DOWN;-1;-56.4;-2;1
2026.02.16 16:00;67473.10;67902.14;67445.93;67824.58;18.14;18.38;21.69;13.54;18.72;-1.381;SOFT_DOWN;-1;-59.5;-2;1
2026.02.16 15:00;68355.13;68525.94;67229.96;67473.09;19.66;21.21;25.03;8.98;31.12;-1.892;SOFT_DOWN;-1;-68.1;-3;1
2026.02.16 14:00;68337.13;68635.59;68203.40;68355.13;21.41;24.47;17.32;33.63;55.40;-0.609;NEUTRE;0;-40.6;-1;1
2026.02.16 13:00;69696.83;70059.08;68171.12;68337.15;22.08;28.23;19.99;50.74;70.03;-0.635;NEUTRE;0;-43.9;-1;1
2026.02.16 12:00;68763.10;69773.53;68748.64;69696.83;22.84;32.58;18.35;81.81;80.07;1.342;SOFT_UP;1;65.6;3;1
2026.02.16 11:00;68731.49;68859.49;68272.34;68763.10;22.06;23.87;21.18;77.53;78.66;-0.016;NEUTRE;0;-1.6;0;1
2026.02.16 10:00;68931.25;68931.25;68634.53;68731.49;24.54;27.54;14.95;80.86;72.36;-0.062;NEUTRE;0;-7;0;1
2026.02.16 09:00;68698.14;68984.69;68679.88;68931.29;23.75;31.77;14.89;77.59;58.95;0.229;NEUTRE;0;26.6;1;1
2026.02.16 08:00;68519.41;68735.89;68473.24;68698.14;21.84;24.11;17.19;58.63;49.52;-0.110;NEUTRE;0;-15.2;0;1
2026.02.16 07:00;68384.79;68606.37;68308.48;68519.78;22.62;20.23;19.83;40.62;45.13;-0.370;NEUTRE;0;-46.2;-2;1
2026.02.16 06:00;68320.22;68465.08;68165.68;68384.79;25.95;16.04;22.88;49.31;45.12;-0.566;NEUTRE;0;-61.7;-2;0
2026.02.16 05:00;68805.06;68832.64;68227.19;68320.22;27.24;18.51;23.24;45.45;37.49;-0.660;NEUTRE;0;-69;-3;0
2026.02.16 04:00;68358.01;68828.90;68349.27;68805.41;29.69;21.36;23.71;40.60;36.81;0.046;NEUTRE;0;12.8;0;0
2026.02.16 03:00;68262.36;68398.33;68084.27;68358.01;33.45;10.83;27.36;26.43;45.11;-0.605;NEUTRE;0;-75.9;-3;0
2026.02.16 02:00;68561.89;68678.29;68178.74;68261.74;31.94;12.50;26.94;43.39;63.20;-0.745;NEUTRE;0;-82.2;-3;0
2026.02.16 01:00;68784.22;68980.16;68385.86;68561.89;31.22;14.42;24.71;65.51;75.86;-0.309;NEUTRE;0;;;0
2026.02.16 00:00;68774.09;68990.52;68637.89;68784.22;31.98;16.64;21.99;80.69;76.84;0.015;NEUTRE;0;;;0
2026.02.15 23:00;68930.24;68930.24;68253.51;68768.73;34.78;16.57;25.37;81.38;64.37;-1.424;SOFT_DOWN;-1;-50.7;-2;0
2026.02.15 22:00;68809.46;69021.21;68731.12;68930.24;36.90;19.12;18.41;68.45;45.69;-1.193;NEUTRE;0;-46.9;-2;0
2026.02.15 21:00;68386.34;68883.40;68386.34;68804.86;42.29;14.75;21.25;43.29;30.67;-1.373;SOFT_DOWN;-1;-52.2;-2;0
2026.02.15 20:00;68223.77;68500.47;68059.89;68386.34;46.02;5.17;24.51;25.33;23.34;-1.972;SOFT_DOWN;-1;-62.8;-2;0
2026.02.15 19:00;68387.18;68491.76;67999.21;68223.77;43.07;5.66;28.29;23.39;21.66;-2.206;SOFT_DOWN;-1;-66.4;-3;0
2026.02.15 18:00;68578.00;68726.41;68291.72;68387.18;39.45;6.53;23.50;21.30;20.05;-1.971;SOFT_DOWN;-1;-65.1;-3;0
2026.02.15 17:00;68965.67;69034.80;68173.61;68578.00;36.82;7.54;27.12;20.27;18.28;-1.698;SOFT_DOWN;-1;-63.1;-2;0
2026.02.15 16:00;69044.14;69044.14;68735.45;68965.75;33.80;8.70;21.25;18.57;14.98;-1.142;NEUTRE;0;-54.6;-2;0
2026.02.15 15:00;69114.86;69192.97;68822.74;69044.13;32.55;10.04;20.17;16.00;10.84;-1.030;NEUTRE;0;-53.5;-2;0
2026.02.15 14:00;68873.25;69154.93;68786.26;69114.86;32.40;10.00;23.27;10.35;9.16;-0.928;NEUTRE;0;-52.6;-2;0
2026.02.15 13:00;69251.29;69561.87;68723.03;68873.25;31.25;11.54;26.86;6.16;14.45;-1.275;SOFT_DOWN;-1;-62.6;-2;0
2026.02.15 12:00;70239.68;70355.34;69245.37;69253.12;29.92;13.31;21.41;10.99;25.19;-0.730;NEUTRE;0;-50.2;-2;0
2026.02.15 11:00;70370.25;70479.42;70211.61;70239.68;30.93;15.36;11.31;26.20;43.67;0.684;NEUTRE;0;50.8;2;0
2026.02.15 10:00;70365.22;70470.74;70157.93;70370.25;33.35;17.23;13.05;38.39;61.90;0.871;NEUTRE;0;59.8;2;0
2026.02.15 09:00;70384.14;70603.76;70313.85;70365.22;36.36;19.88;7.39;66.43;78.62;0.864;NEUTRE;0;62.1;2;0
2026.02.15 08:00;70770.09;70920.04;70130.07;70384.14;34.90;22.94;8.52;80.87;83.57;0.891;NEUTRE;0;65.5;3;0
2026.02.15 07:00;70354.32;70870.47;70255.44;70770.09;33.22;26.47;7.39;88.54;83.45;1.444;SOFT_UP;1;76.2;3;0
2026.02.15 06:00;70212.87;70482.57;70132.40;70354.32;29.67;20.83;8.53;81.30;75.38;0.849;NEUTRE;0;70.3;3;0
2026.02.15 05:00;70137.60;70423.00;70081.20;70212.87;27.78;21.42;9.84;80.51;64.95;0.646;NEUTRE;0;68.6;3;0
2026.02.15 04:00;69904.44;70469.82;69886.14;70137.60;26.36;24.72;11.36;64.32;47.82;0.538;NEUTRE;0;69.3;3;0
2026.02.15 03:00;69429.28;69945.54;69194.99;69904.44;24.71;14.70;13.10;50.02;37.55;0.204;NEUTRE;0;53.3;2;0
2026.02.15 02:00;69651.00;69698.65;69302.25;69429.81;27.63;11.90;15.12;29.12;33.35;-0.477;NEUTRE;0;-78;-3;0
2026.02.15 01:00;69716.27;69844.38;69292.27;69651.40;30.05;13.74;17.44;33.50;38.75;-0.159;NEUTRE;0;;;0
2026.02.15 00:00;69762.38;69804.18;69544.23;69716.27;32.84;15.85;13.11;37.44;50.58;-0.066;NEUTRE;0;;;0
2026.02.14 23:00;69903.73;69961.47;69661.02;69762.64;36.44;18.29;8.21;45.31;63.52;1.444;SOFT_UP;1;51;2;0
2026.02.14 22:00;69874.82;70033.25;69708.08;69904.81;36.20;21.10;7.06;68.99;74.86;1.651;SOFT_UP;1;55.9;2;0
2026.02.14 21:00;69959.75;70195.92;69612.29;69874.82;34.10;24.35;8.15;76.27;74.36;1.608;SOFT_UP;1;56.5;2;0
2026.02.14 20:00;69822.96;69969.85;69691.46;69959.75;31.68;22.13;9.41;79.33;66.68;1.731;SOFT_UP;1;59.6;2;0
2026.02.14 19:00;69715.96;69862.22;69559.51;69822.63;30.34;19.59;10.85;67.47;56.00;1.532;SOFT_UP;1;57.8;2;0
2026.02.14 18:00;69689.66;69804.93;69614.20;69715.96;30.60;19.69;12.52;53.23;47.07;1.377;SOFT_UP;1;56.4;2;0
2026.02.14 17:00;69703.08;69868.27;69556.95;69689.66;31.88;22.72;14.45;47.31;40.32;1.338;SOFT_UP;1;57.2;2;0
2026.02.14 16:00;69740.44;69770.04;69238.38;69702.77;33.36;21.36;16.67;40.68;34.32;1.357;SOFT_UP;1;59.1;2;0
2026.02.14 15:00;69659.83;69996.54;69514.24;69740.44;36.59;24.65;11.25;32.97;38.51;1.412;SOFT_UP;1;61.7;2;0
2026.02.14 14:00;69410.20;69812.81;69277.72;69659.83;36.48;22.58;12.98;29.32;51.44;1.295;SOFT_UP;1;61.2;2;0
2026.02.14 13:00;69577.50;69717.99;69172.32;69410.20;37.95;23.33;14.98;53.23;71.20;0.932;NEUTRE;0;54.7;2;0
2026.02.14 12:00;70438.78;70455.64;69539.51;69577.09;40.43;26.92;6.93;71.76;81.56;1.175;NEUTRE;0;62.6;2;0
2026.02.14 11:00;69603.50;70480.21;69603.50;70440.42;37.57;31.06;6.93;88.62;86.01;2.430;SOFT_UP;1;77.1;3;0
2026.02.14 10:00;69654.78;69654.78;69512.49;69603.50;33.58;21.35;7.99;84.31;84.30;1.213;NEUTRE;0;67.3;3;0
2026.02.14 09:00;69680.16;69836.46;69514.54;69654.78;31.74;24.63;9.00;85.09;74.99;1.288;SOFT_UP;1;70.5;3;0
2026.02.14 08:00;69152.76;69810.87;69143.47;69680.16;29.47;27.20;10.38;83.50;54.88;1.325;SOFT_UP;1;73;3;0
2026.02.14 07:00;68869.81;69275.73;68821.03;69153.40;27.12;19.05;11.98;56.38;34.92;0.559;NEUTRE;0;57.6;2;0
2026.02.14 06:00;68712.38;68872.18;68669.25;68869.81;27.79;8.33;13.83;24.75;27.50;0.146;NEUTRE;0;25.6;1;0
2026.02.14 05:00;68731.97;68852.09;68691.59;68712.90;28.25;9.61;14.26;23.63;36.07;-0.082;NEUTRE;0;-17.9;0;0
2026.02.14 04:00;68912.19;68935.05;68725.66;68731.97;29.60;11.08;13.19;34.13;48.98;-0.054;NEUTRE;0;-14.9;0;0
2026.02.14 03:00;68815.05;68946.87;68788.49;68912.24;32.82;12.79;10.60;50.45;56.36;0.208;NEUTRE;0;53.8;2;0
2026.02.14 02:00;68900.58;68951.84;68784.75;68815.05;36.43;14.76;12.23;62.37;56.49;0.067;NEUTRE;0;33.4;1;0
2026.02.14 01:00;69021.86;69054.70;68859.36;68900.58;40.59;17.03;7.24;56.27;47.76;0.191;NEUTRE;0;;;0
2026.02.14 00:00;68769.28;69074.76;68701.73;69021.86;40.63;19.65;8.36;50.82;40.62;0.367;NEUTRE;0;;;0
2026.02.13 23:00;68931.17;68931.17;68761.66;68769.28;40.68;16.75;9.64;36.20;41.09;3.902;STRONG_UP;2;73.3;3;0
2026.02.13 22:00;68831.07;68931.25;68659.49;68931.25;42.79;19.32;11.12;34.86;53.37;4.146;STRONG_UP;2;74.9;3;0
2026.02.13 21:00;68712.21;69015.09;68666.49;68831.07;45.24;22.30;12.44;52.20;69.55;3.995;STRONG_UP;2;75.1;3;0
2026.02.13 20:00;68870.25;68906.67;68611.68;68712.46;47.83;20.94;14.35;73.05;80.59;3.816;STRONG_UP;2;75.1;3;0
2026.02.13 19:00;69067.35;69170.79;68863.71;68878.76;52.32;24.17;3.42;83.40;83.27;4.067;STRONG_UP;2;76.7;3;1
2026.02.13 18:00;68967.70;69335.64;68825.65;69067.35;48.79;27.88;3.94;85.33;81.69;4.352;EXPLOSIVE_UP;3;78.1;3;1
2026.02.13 17:00;68888.41;69166.50;68564.75;68967.70;44.73;27.07;4.55;81.10;77.91;4.202;STRONG_UP;2;78.4;3;1
2026.02.13 16:00;68620.38;69349.76;68470.98;68888.41;40.65;31.24;5.25;78.64;76.34;4.082;STRONG_UP;2;78.7;3;1
2026.02.13 15:00;67659.36;69223.88;67624.95;68623.42;35.95;33.84;6.06;74.00;77.95;3.681;STRONG_UP;2;78.3;3;1
2026.02.13 14:00;67189.17;67948.23;66792.42;67658.16;30.77;26.77;6.99;76.38;83.44;2.223;SOFT_UP;1;72.3;3;1
2026.02.13 13:00;67001.26;67542.46;66864.75;67189.17;26.49;25.49;8.07;83.46;88.59;1.514;SOFT_UP;1;66.5;3;1
2026.02.13 12:00;67092.64;67130.74;66841.67;67001.26;22.58;20.06;9.31;90.48;91.08;1.231;NEUTRE;0;63.7;2;1
2026.02.13 11:00;66901.23;67136.21;66699.85;67092.64;20.42;23.15;10.74;91.85;85.06;1.369;SOFT_UP;1;67.8;3;1
2026.02.13 10:00;66884.91;67038.45;66719.77;66901.23;17.93;23.26;12.39;90.91;72.78;1.079;NEUTRE;0;64.8;2;1
2026.02.13 09:00;66621.63;66975.62;66530.33;66884.91;16.00;23.81;14.30;72.41;53.91;1.055;NEUTRE;0;66.6;3;1
2026.02.13 08:00;66124.84;66659.34;66102.20;66624.02;14.62;16.54;16.50;55.01;44.03;0.661;NEUTRE;0;58.4;2;1
2026.02.13 07:00;66290.44;66494.50;65967.19;66124.84;16.85;14.53;19.04;34.31;43.25;-0.094;NEUTRE;0;-14.8;0;1
2026.02.13 06:00;66095.67;66324.70;65926.27;66290.56;17.38;11.82;21.97;42.76;56.39;0.157;NEUTRE;0;27.3;1;0
2026.02.13 05:00;66247.24;66419.28;66093.02;66095.67;15.43;13.63;18.91;52.66;70.47;-0.138;NEUTRE;0;-28.5;-1;0
2026.02.13 04:00;66479.18;66596.85;66224.33;66247.24;15.31;15.73;15.62;73.74;78.17;0.091;NEUTRE;0;24.1;0;0
2026.02.13 03:00;66583.86;66705.44;66376.16;66477.51;17.61;18.15;11.76;85.00;78.11;0.439;NEUTRE;0;70.9;3;0
2026.02.13 02:00;66372.13;66678.88;66304.98;66583.86;17.03;19.70;13.56;75.76;74.92;0.600;NEUTRE;0;80.4;3;0
2026.02.13 01:00;65820.14;66536.30;65819.96;66372.13;16.82;16.87;15.65;73.56;76.16;0.280;NEUTRE;0;;;0
2026.02.13 00:00;66186.82;66441.94;65779.46;65820.14;18.83;17.44;18.06;75.43;67.55;-0.554;NEUTRE;0;;;0
2026.02.12 23:00;66198.32;66400.98;66069.90;66186.82;21.45;20.12;14.09;79.50;51.43;-1.229;NEUTRE;0;-46.5;-2;0
2026.02.12 22:00;65760.84;66307.44;65555.99;66197.82;22.04;18.87;16.26;47.73;30.65;-1.213;NEUTRE;0;-47.4;-2;0
2026.02.12 21:00;65339.05;65812.20;65337.02;65760.84;24.29;11.63;18.76;27.08;19.01;-1.865;SOFT_DOWN;-1;-60.3;-2;0
2026.02.12 20:00;65706.94;65967.69;65129.52;65332.98;24.42;13.42;21.65;17.15;13.00;-2.504;STRONG_DOWN;-2;-67.9;-3;0
2026.02.12 19:00;65515.44;66046.01;65211.87;65705.76;24.57;15.49;23.47;12.80;9.42;-1.947;SOFT_DOWN;-1;-63.7;-2;1
2026.02.12 18:00;65339.92;65718.20;65042.89;65515.44;25.20;11.82;27.08;9.05;9.20;-2.231;SOFT_DOWN;-1;-67.7;-3;1
2026.02.12 17:00;65789.83;66192.84;65293.28;65339.92;23.04;13.64;25.54;6.41;21.15;-2.493;STRONG_DOWN;-2;-70.9;-3;1
2026.02.12 16:00;67071.54;67160.34;65480.74;65792.35;21.91;15.74;26.26;12.15;41.73;-1.818;SOFT_DOWN;-1;-65.9;-3;1
2026.02.12 15:00;67553.87;67945.74;66959.95;67067.67;21.43;18.16;16.75;44.90;66.41;0.085;NEUTRE;0;6.4;0;1
2026.02.12 14:00;68319.88;68333.39;67436.26;67555.67;24.11;20.96;11.90;68.14;79.75;0.813;NEUTRE;0;48.8;2;1
2026.02.12 13:00;67798.86;68329.64;67612.38;68320.23;23.57;24.18;10.71;86.21;87.20;1.954;SOFT_UP;1;71.3;3;1
2026.02.12 12:00;68045.48;68101.77;67647.69;67798.86;21.26;23.01;12.35;84.91;84.25;1.176;NEUTRE;0;62.6;2;1
2026.02.12 11:00;67947.89;68203.81;67672.26;68047.59;19.89;26.55;13.42;90.46;76.79;1.547;SOFT_UP;1;70.2;3;1
2026.02.12 10:00;67475.23;67981.83;67340.67;67947.74;17.90;24.21;15.49;77.38;62.18;1.398;SOFT_UP;1;70;3;1
2026.02.12 09:00;67062.58;67629.45;66970.35;67476.22;17.27;19.48;17.87;62.53;50.37;0.695;NEUTRE;0;56.7;2;1
2026.02.12 08:00;67144.20;67261.09;66814.63;67062.58;19.27;13.88;20.62;46.62;38.35;0.077;NEUTRE;0;10.7;0;1
2026.02.12 07:00;67028.06;67262.10;66857.65;67146.17;19.23;16.02;22.31;41.97;34.54;0.202;NEUTRE;0;29.6;1;1
2026.02.12 06:00;67066.01;67274.00;66931.70;67028.06;19.66;18.48;22.92;26.46;34.20;0.026;NEUTRE;0;4.9;0;0
2026.02.12 05:00;66936.41;67131.73;66583.71;67066.01;21.03;14.93;26.45;35.18;44.67;0.083;NEUTRE;0;18.1;0;0
2026.02.12 04:00;67504.41;67607.28;66916.99;66936.41;19.99;17.23;21.17;40.97;50.02;-0.111;NEUTRE;0;-28.7;-1;0
2026.02.12 03:00;67351.52;67523.83;67238.82;67504.41;21.48;19.88;17.25;57.86;49.95;0.737;NEUTRE;0;78.3;3;0
2026.02.12 02:00;67619.17;67723.25;67336.23;67351.52;23.70;22.94;14.64;51.24;44.91;0.509;NEUTRE;0;78.7;3;0
2026.02.12 01:00;67382.07;67968.49;67382.07;67619.17;23.95;26.47;15.07;40.76;46.70;0.908;NEUTRE;0;;;0
2026.02.12 00:00;67010.69;67625.00;66977.06;67382.74;23.42;21.53;17.39;42.73;57.55;0.555;NEUTRE;0;;;0
2026.02.11 23:00;67341.47;67467.41;66704.29;67011.78;25.39;21.10;20.07;56.61;70.86;-2.563;STRONG_DOWN;-2;-65.5;-3;0
2026.02.11 22:00;67725.68;67787.28;67296.39;67340.52;28.91;24.34;11.22;73.30;75.35;-2.085;SOFT_DOWN;-1;-61.8;-2;0
2026.02.11 21:00;67459.40;68258.60;67333.61;67725.68;27.68;28.09;11.78;82.66;67.57;-1.525;SOFT_DOWN;-1;-55.1;-2;0
2026.02.11 20:00;67505.11;67679.49;67098.59;67458.95;25.64;22.78;13.59;70.08;49.31;-1.913;SOFT_DOWN;-1;-62.1;-2;0
2026.02.11 19:00;67199.28;67783.97;67044.05;67505.11;25.71;26.28;15.68;49.97;32.54;-1.845;SOFT_DOWN;-1;-62.4;-2;1
2026.02.11 18:00;66439.26;67231.74;66057.81;67199.28;25.78;18.84;18.10;27.87;20.79;-2.290;SOFT_DOWN;-1;-68.3;-3;1
2026.02.11 17:00;65956.41;66835.96;65795.50;66439.41;29.43;16.55;20.88;19.77;21.76;-3.395;STRONG_DOWN;-2;-75.7;-3;1
2026.02.11 16:00;66457.76;67170.64;65887.76;65955.85;32.18;19.10;22.73;14.72;29.70;-4.098;STRONG_DOWN;-2;-78.8;-3;1
2026.02.11 15:00;66507.00;66749.74;65681.21;66458.38;35.80;16.99;26.23;30.80;51.64;-3.367;STRONG_DOWN;-2;-77.3;-3;1
2026.02.11 14:00;67395.12;68732.46;66392.27;66518.51;38.02;19.61;20.02;43.59;59.02;-3.280;STRONG_DOWN;-2;-77.8;-3;1
2026.02.11 13:00;67078.15;67524.62;66748.27;67393.39;43.70;14.68;23.10;80.54;56.66;-2.008;SOFT_DOWN;-1;-71.8;-3;1
2026.02.11 12:00;67000.45;67373.46;66906.89;67078.15;46.99;16.94;23.52;52.94;37.34;-2.466;STRONG_DOWN;-2;-76.1;-3;1
2026.02.11 11:00;66471.92;67042.27;66455.78;67000.45;51.72;8.63;27.13;36.50;27.72;-2.579;STRONG_DOWN;-2;-77.8;-3;1
2026.02.11 10:00;66816.96;66828.88;66316.55;66471.92;51.72;4.35;31.31;22.58;21.40;-3.348;STRONG_DOWN;-2;-81.4;-3;1
2026.02.11 09:00;66921.08;67046.73;66661.15;66816.96;48.05;5.02;25.78;24.09;17.57;-2.846;STRONG_DOWN;-2;-80.9;-3;1
2026.02.11 08:00;66965.11;67055.48;66724.96;66922.50;45.07;5.80;27.20;17.53;12.00;-2.693;STRONG_DOWN;-2;-81.4;-3;1
2026.02.11 07:00;66726.20;67183.31;66567.68;66964.80;42.03;6.69;31.38;11.10;8.85;-2.631;STRONG_DOWN;-2;-82.3;-3;1
2026.02.11 06:00;67330.87;67416.89;66481.84;66713.32;38.52;7.72;36.21;7.37;9.76;-2.997;STRONG_DOWN;-2;-84.2;-3;0
2026.02.11 05:00;67508.47;67731.92;67320.19;67330.87;34.47;8.91;27.99;8.09;18.10;-2.099;SOFT_DOWN;-1;-83.1;-3;0
2026.02.11 04:00;68113.92;68255.08;67297.66;67508.83;31.81;10.28;32.29;13.83;36.40;-1.840;SOFT_DOWN;-1;-83.7;-3;0
2026.02.11 03:00;68610.78;68684.03;67943.74;68113.92;28.75;11.86;26.88;32.37;55.27;-0.960;NEUTRE;0;-81;-3;0
2026.02.11 02:00;68914.49;69094.58;68536.42;68610.06;27.21;13.68;18.70;63.01;60.80;-0.239;NEUTRE;0;-67;-3;0
2026.02.11 01:00;69124.90;69221.06;68841.97;68914.49;29.01;15.79;13.15;70.44;48.87;0.204;NEUTRE;0;;;0
2026.02.11 00:00;68774.27;69172.63;68712.45;69126.54;32.07;16.25;15.17;48.97;30.92;0.512;NEUTRE;0;;;0
2026.02.10 23:00;68631.79;68795.91;68440.96;68774.27;36.48;6.16;17.51;27.20;22.95;-1.855;SOFT_DOWN;-1;-57.8;-2;0
2026.02.10 22:00;68590.73;68790.05;68496.14;68631.55;34.71;7.10;17.81;16.58;25.91;-2.059;SOFT_DOWN;-1;-61.5;-2;0
2026.02.10 21:00;68680.28;68939.13;68284.47;68590.73;33.44;8.20;20.55;25.06;41.58;-2.117;SOFT_DOWN;-1;-63.3;-2;0
2026.02.10 20:00;69006.91;69079.84;68561.99;68675.68;31.97;9.46;17.19;36.11;58.54;-1.996;SOFT_DOWN;-1;-63;-2;0
2026.02.10 19:00;68836.34;69245.03;68650.09;69006.91;32.43;10.91;17.22;63.57;76.12;-1.523;SOFT_DOWN;-1;-57.7;-2;1
2026.02.10 18:00;69842.24;69864.36;68582.59;68836.35;33.96;12.59;19.87;75.94;77.63;-1.767;SOFT_DOWN;-1;-62.7;-2;1
2026.02.10 17:00;69460.17;69946.80;69260.46;69842.24;35.74;14.53;14.79;88.84;71.87;-0.331;NEUTRE;0;-21;0;1
2026.02.10 16:00;69228.41;69703.04;68872.94;69460.39;41.10;11.30;17.06;68.11;54.34;-0.876;NEUTRE;0;-47.2;-2;1
2026.02.10 15:00;68377.87;69440.91;68234.04;69227.07;44.30;8.18;19.69;58.68;41.39;-1.209;NEUTRE;0;-57.8;-2;1
2026.02.10 14:00;68951.37;69507.05;67845.86;68377.87;44.76;9.44;22.72;36.23;27.51;-2.421;SOFT_DOWN;-1;-73.6;-3;1
2026.02.10 13:00;68529.79;69054.91;68328.52;68951.80;45.29;10.89;21.74;29.26;24.17;-1.602;SOFT_DOWN;-1;-67.6;-3;1
2026.02.10 12:00;68446.07;68770.86;68378.10;68529.79;47.14;6.55;25.08;17.04;26.35;-2.204;SOFT_DOWN;-1;-74.6;-3;1
2026.02.10 11:00;68833.74;68990.91;68375.26;68448.44;45.38;7.55;28.94;26.22;30.54;-2.320;SOFT_DOWN;-1;-76.5;-3;1
2026.02.10 10:00;69061.24;69169.56;68830.54;68832.93;43.34;8.71;22.02;35.78;28.79;-1.771;SOFT_DOWN;-1;-74;-3;1
2026.02.10 09:00;69051.79;69329.07;68880.85;69061.24;43.35;10.06;23.12;29.61;22.17;-1.446;SOFT_DOWN;-1;-72.5;-3;1
2026.02.10 08:00;68832.75;69137.15;68646.25;69051.81;43.96;5.01;26.68;20.99;20.73;-1.459;SOFT_DOWN;-1;-74.4;-3;1
2026.02.10 07:00;68847.08;69129.13;68773.49;68832.75;40.20;5.79;26.80;15.91;23.40;-1.772;SOFT_DOWN;-1;-78.7;-3;1
2026.02.10 06:00;69370.84;69424.49;68594.22;68854.03;36.47;6.68;30.92;25.31;29.71;-1.741;SOFT_DOWN;-1;-80.1;-3;0
2026.02.10 05:00;69758.48;69780.55;69137.13;69370.84;32.16;7.70;25.62;28.99;34.57;-1.004;NEUTRE;0;-75.8;-3;0
2026.02.10 04:00;69430.55;69828.53;69404.34;69758.49;28.83;8.89;23.17;34.82;36.15;-0.451;NEUTRE;0;-65.8;-3;0
2026.02.10 03:00;70036.09;70101.75;69131.19;69430.55;26.41;10.26;26.74;39.91;34.45;-0.919;NEUTRE;0;-80.6;-3;0
2026.02.10 02:00;70394.59;70407.59;69919.71;70036.09;23.62;11.83;18.35;33.73;29.08;-0.054;NEUTRE;0;-28;-1;0
2026.02.10 01:00;69764.85;70450.19;69758.04;70395.28;23.94;13.66;21.17;29.69;30.06;0.458;NEUTRE;0;;;0
2026.02.10 00:00;70074.22;70193.51;69679.67;69768.50;24.30;10.05;24.43;23.81;40.13;-0.436;NEUTRE;0;;;0
2026.02.09 23:00;70310.30;70516.68;70023.10;70074.67;21.62;11.60;17.91;36.67;58.22;-0.260;NEUTRE;0;-12.6;0;0
2026.02.09 22:00;70334.48;70660.06;70219.14;70310.30;21.66;13.38;14.55;59.90;74.19;0.076;NEUTRE;0;3.9;0;0
2026.02.09 21:00;70698.55;70749.89;69758.98;70334.57;24.34;15.44;16.79;78.09;82.99;0.110;NEUTRE;0;5.9;0;0
2026.02.09 20:00;70891.53;71070.46;70442.95;70694.84;27.44;17.82;8.76;84.58;84.82;0.623;NEUTRE;0;31.5;1;0
2026.02.09 19:00;70353.63;71010.99;70199.50;70891.63;26.42;19.10;10.10;86.29;84.98;0.903;NEUTRE;0;43.1;1;1
2026.02.09 18:00;70544.90;70939.79;70019.50;70353.63;25.74;20.69;11.66;83.57;82.79;0.137;NEUTRE;0;8.5;0;1
2026.02.09 17:00;70027.28;70882.66;69798.88;70544.47;25.41;22.91;13.45;85.07;72.19;0.409;NEUTRE;0;25.4;1;1
2026.02.09 16:00;69503.38;70325.39;69025.47;70027.32;25.32;18.53;15.52;79.72;55.69;-0.327;NEUTRE;0;-21.9;0;1
2026.02.09 15:00;69207.03;69810.02;68748.70;69503.70;27.85;15.28;17.91;51.79;36.45;-1.073;NEUTRE;0;-54.6;-2;1
2026.02.09 14:00;68509.76;69560.00;68235.22;69206.13;30.92;14.01;20.66;35.55;26.14;-1.496;SOFT_DOWN;-1;-64.6;-2;1
2026.02.09 13:00;69056.85;69205.83;68507.71;68509.74;32.72;12.05;23.84;22.00;19.26;-2.487;STRONG_DOWN;-2;-75.1;-3;1
2026.02.09 12:00;68819.35;69152.05;68765.54;69056.85;32.70;13.90;21.83;20.87;17.20;-1.709;SOFT_DOWN;-1;-70.4;-3;1
2026.02.09 11:00;68634.06;68923.89;68485.12;68819.35;34.31;6.96;25.19;14.89;15.74;-2.047;SOFT_DOWN;-1;-74.7;-3;1
2026.02.09 10:00;69540.58;69627.15;68326.34;68632.83;30.87;8.03;29.06;15.82;18.65;-2.312;SOFT_DOWN;-1;-77.6;-3;1
2026.02.09 09:00;69791.85;70037.38;69384.22;69539.36;26.89;9.26;21.02;16.49;26.99;-1.022;NEUTRE;0;-65.9;-3;1
2026.02.09 08:00;70337.00;70525.99;69319.89;69792.58;25.06;10.69;24.26;23.62;41.23;-0.661;NEUTRE;0;-58.4;-2;1
2026.02.09 07:00;70584.68;70810.18;70265.03;70337.00;22.94;12.33;15.93;40.86;54.94;0.114;NEUTRE;0;17.8;0;1
2026.02.09 06:00;70973.01;70973.01;70240.77;70584.68;24.51;14.23;18.38;59.19;57.80;0.466;NEUTRE;0;56.8;2;0
2026.02.09 05:00;70912.69;71031.94;70719.24;70964.19;26.32;16.42;11.16;64.77;49.76;1.006;NEUTRE;0;75.8;3;0
2026.02.09 04:00;71229.37;71273.42;70837.82;70912.69;27.44;18.94;7.04;49.43;35.81;0.933;NEUTRE;0;77.7;3;0
2026.02.09 03:00;70549.17;71355.07;70536.56;71229.37;24.61;21.86;8.12;35.07;25.52;1.384;SOFT_UP;1;83.7;3;0
2026.02.09 02:00;70296.63;70926.32;70142.55;70549.17;21.35;17.16;9.37;22.92;22.25;0.416;NEUTRE;0;76.3;3;0
2026.02.09 01:00;70417.14;70844.55;69996.55;70296.63;20.11;18.20;10.81;18.56;23.73;0.056;NEUTRE;0;;;0
2026.02.09 00:00;70257.25;70699.36;70036.43;70417.14;19.29;18.36;12.48;25.28;31.61;0.228;NEUTRE;0;;;0
2026.02.08 23:00;70992.30;72138.17;69910.37;70257.49;19.32;21.19;14.40;27.36;42.02;1.481;SOFT_UP;1;51.8;2;0
2026.02.08 22:00;70639.48;71025.70;70576.73;70990.10;19.36;16.77;16.61;42.19;55.81;2.539;STRONG_UP;2;66.3;3;0
2026.02.08 21:00;70765.01;71060.15;70470.62;70640.08;22.27;19.35;19.17;56.50;63.99;2.033;SOFT_UP;1;62.3;2;0
2026.02.08 20:00;71349.00;71350.70;70630.99;70765.01;25.62;22.32;17.93;68.73;58.54;2.214;SOFT_UP;1;65.4;3;0
2026.02.08 19:00;71060.78;71447.12;71058.62;71346.09;27.88;25.76;11.55;66.74;49.59;3.053;STRONG_UP;2;72.5;3;0
2026.02.08 18:00;70705.71;71332.32;70668.50;71060.78;26.32;25.18;13.33;40.15;46.61;2.641;STRONG_UP;2;70.9;3;0
2026.02.08 17:00;70333.35;70791.10;70321.97;70705.71;25.63;16.51;15.38;41.89;61.70;2.128;SOFT_UP;1;67.9;3;0
2026.02.08 16:00;71096.50;71168.58;70182.03;70333.70;29.03;19.04;17.74;57.78;78.93;1.591;SOFT_UP;1;63;2;0
2026.02.08 15:00;71170.61;71378.19;70694.02;71096.50;32.95;21.97;12.49;85.41;91.55;2.692;STRONG_UP;2;74.2;3;0
2026.02.08 14:00;71436.81;71472.17;71011.51;71170.61;33.79;25.36;7.27;93.59;91.94;2.800;STRONG_UP;2;75.8;3;0
2026.02.08 13:00;71156.94;71437.18;70886.93;71437.18;30.46;28.09;8.39;95.63;85.78;3.185;STRONG_UP;2;78.3;3;0
2026.02.08 12:00;70904.91;71178.90;70615.63;71157.79;26.84;25.19;9.68;86.59;79.33;2.781;STRONG_UP;2;77.6;3;0
2026.02.08 11:00;70180.49;71117.61;70127.95;70904.91;24.13;27.39;11.17;75.10;78.02;2.416;SOFT_UP;1;77;3;0
2026.02.08 10:00;70048.75;70360.54;69805.49;70180.49;21.37;19.83;12.89;76.29;81.69;1.369;SOFT_UP;1;69.7;3;0
2026.02.08 09:00;70568.26;70616.26;70004.55;70048.75;21.39;22.88;9.36;82.67;76.98;1.179;NEUTRE;0;68.8;3;0
2026.02.08 08:00;69622.73;70667.82;69441.63;70568.26;18.23;26.40;10.80;86.10;65.34;1.929;SOFT_UP;1;78.1;3;0
2026.02.08 07:00;69275.67;69630.20;69131.68;69626.63;14.58;17.45;12.46;62.17;50.39;0.569;NEUTRE;0;58;2;0
2026.02.08 06:00;69144.96;69334.28;69011.69;69275.62;14.25;11.00;14.37;47.75;46.66;0.062;NEUTRE;0;11.5;0;0
2026.02.08 05:00;69263.98;69346.96;69065.07;69142.86;14.40;12.69;14.04;41.24;48.76;-0.129;NEUTRE;0;-26.9;-1;0
2026.02.08 04:00;69022.62;69278.34;68893.07;69263.98;15.84;10.90;16.20;50.98;53.32;0.046;NEUTRE;0;12.8;0;0
2026.02.08 03:00;69298.59;69361.88;68988.43;69022.62;15.27;12.58;14.88;54.06;53.72;-0.303;NEUTRE;0;-63.3;-2;0
2026.02.08 02:00;69307.76;69623.01;69097.47;69298.59;16.33;14.51;12.68;54.93;51.89;0.096;NEUTRE;0;43.4;1;0
2026.02.08 01:00;69060.14;69430.60;69013.89;69305.70;17.80;11.11;14.63;52.18;55.43;0.106;NEUTRE;0;;;0
2026.02.08 00:00;69232.44;69364.33;68811.73;69060.97;18.44;10.38;16.88;48.57;64.04;-0.248;NEUTRE;0;;;0
2026.02.07 23:00;69330.15;69387.07;68714.17;69231.01;17.60;11.97;19.48;65.53;73.90;-1.794;SOFT_DOWN;-1;-57;-2;0
2026.02.07 22:00;69432.52;69632.70;69250.70;69328.85;16.64;13.81;10.21;78.01;78.35;-1.655;SOFT_DOWN;-1;-56;-2;0
2026.02.07 21:00;69557.33;69625.73;69284.98;69432.52;16.89;15.94;10.40;78.16;75.26;-1.508;SOFT_DOWN;-1;-54.7;-2;0
2026.02.07 20:00;69259.46;69649.34;69179.22;69556.94;16.25;18.39;12.00;78.87;69.88;-1.332;SOFT_DOWN;-1;-52.7;-2;0
2026.02.07 19:00;69432.40;69501.17;69195.87;69255.85;15.51;16.37;13.84;68.74;62.85;-1.759;SOFT_DOWN;-1;-61.3;-2;0
2026.02.07 18:00;69112.52;69611.50;68938.91;69433.64;16.61;18.89;15.97;62.05;57.37;-1.507;SOFT_DOWN;-1;-58.8;-2;0
2026.02.07 17:00;68881.16;69336.38;68522.72;69112.35;17.88;15.50;18.43;57.75;55.38;-1.962;SOFT_DOWN;-1;-66.3;-3;0
2026.02.07 16:00;69063.11;69677.60;68780.49;68881.15;19.30;17.89;16.39;52.32;54.39;-2.290;SOFT_DOWN;-1;-70.5;-3;0
2026.02.07 15:00;68551.91;69651.61;68482.68;69063.11;21.60;20.20;18.91;56.06;54.87;-2.032;SOFT_DOWN;-1;-69.5;-3;0
2026.02.07 14:00;69001.66;69094.92;68306.32;68551.36;24.41;15.98;21.82;54.79;48.61;-2.758;STRONG_DOWN;-2;-75.6;-3;0
2026.02.07 13:00;68937.96;69273.57;68728.73;69001.69;25.79;18.43;16.94;53.76;38.19;-2.119;SOFT_DOWN;-1;-72.7;-3;0
2026.02.07 12:00;67896.45;69893.81;67835.70;68937.96;29.11;21.27;19.54;37.29;27.95;-2.210;SOFT_DOWN;-1;-74.6;-3;0
2026.02.07 11:00;67924.39;68090.98;67622.03;67899.08;32.93;11.06;22.55;23.53;22.66;-3.683;STRONG_DOWN;-2;-81.4;-3;0
2026.02.07 10:00;68067.68;68231.45;67541.69;67928.02;32.74;12.77;26.02;23.05;20.31;-3.642;STRONG_DOWN;-2;-82.1;-3;0
2026.02.07 09:00;68444.22;68706.39;67833.90;68077.13;32.52;14.73;23.50;21.41;16.86;-3.431;STRONG_DOWN;-2;-82.4;-3;0
2026.02.07 08:00;68029.52;68756.11;67705.92;68445.77;34.00;17.00;27.12;16.47;17.10;-2.908;STRONG_DOWN;-2;-82.1;-3;0
2026.02.07 07:00;68717.56;69020.95;67302.85;68029.51;35.70;19.61;31.29;12.71;26.92;-3.498;STRONG_DOWN;-2;-84.2;-3;0
2026.02.07 06:00;70100.37;70252.08;68711.45;68717.56;37.66;22.63;23.49;22.12;38.97;-2.522;STRONG_DOWN;-2;-83.1;-3;0
2026.02.07 05:00;70708.30;71118.46;69892.04;70100.37;43.17;26.11;15.31;45.93;46.03;-0.561;NEUTRE;0;-65.7;-3;0
2026.02.07 04:00;70855.55;71569.56;70536.49;70708.30;45.80;30.13;9.59;48.85;39.84;0.302;NEUTRE;0;56.1;2;0
2026.02.07 03:00;70294.78;70861.70;70219.56;70852.40;44.89;24.22;11.06;43.31;34.12;0.506;NEUTRE;0;73.3;3;0
2026.02.07 02:00;70418.21;70566.99;70087.90;70294.78;46.06;20.89;12.76;27.37;36.41;-0.285;NEUTRE;0;-70.4;-3;0
2026.02.07 01:00;69894.54;70617.48;69688.15;70418.21;49.43;24.10;14.73;31.69;47.45;-0.110;NEUTRE;0;;;0
2026.02.07 00:00;70495.71;70508.37;69654.75;69894.98;53.32;26.00;16.99;50.16;57.08;-0.852;NEUTRE;0;;;0
2026.02.06 23:00;71268.32;71656.88;70419.36;70495.71;58.30;30.00;5.83;60.49;60.50;12.326;SPIKE_UP;4;84.6;3;0
2026.02.06 22:00;70272.86;71477.68;70202.54;71268.90;56.88;32.39;6.72;60.58;61.94;13.558;SPIKE_UP;4;85.3;3;0
2026.02.06 21:00;69936.34;70434.99;69769.51;70272.86;55.54;24.79;7.76;60.43;67.00;11.971;SPIKE_UP;4;84.9;3;0
2026.02.06 20:00;70640.28;70916.74;69936.18;69936.18;56.03;28.61;5.10;64.81;73.71;11.435;SPIKE_UP;4;84.9;3;0
2026.02.06 19:00;69704.43;70864.17;69568.59;70641.08;53.92;32.18;5.88;75.77;81.41;12.558;SPIKE_UP;4;85.6;3;1
2026.02.06 18:00;70703.86;70763.58;69284.48;69704.43;51.58;35.94;6.78;80.55;85.80;11.066;SPIKE_UP;4;85.3;3;1
2026.02.06 17:00;69925.74;71450.36;69551.05;70701.19;49.02;41.47;5.06;87.92;87.85;12.654;SPIKE_UP;4;86.1;3;1
2026.02.06 16:00;68598.22;70189.72;68450.97;69933.73;44.52;37.64;5.83;88.92;88.13;11.431;SPIKE_UP;4;85.9;3;1
2026.02.06 15:00;68144.87;69130.07;67768.48;68597.61;40.11;34.05;6.73;86.70;88.88;9.302;SPIKE_UP;4;85.3;3;1
2026.02.06 14:00;67235.41;68544.40;66567.12;68142.40;35.98;32.67;7.77;88.77;87.72;8.577;SPIKE_UP;4;85.3;3;1
2026.02.06 13:00;66456.67;67560.59;66377.46;67235.41;32.04;30.05;8.96;91.19;82.00;7.132;EXPLOSIVE_UP;3;84.7;3;1
2026.02.06 12:00;66527.76;66527.76;66001.15;66456.67;28.65;21.24;10.34;83.20;68.20;5.891;EXPLOSIVE_UP;3;84.1;3;1
2026.02.06 11:00;65857.19;66656.43;65661.47;66528.26;27.75;24.50;11.93;71.63;53.86;6.005;EXPLOSIVE_UP;3;84.7;3;1
2026.02.06 10:00;65691.52;66105.39;65453.52;65858.22;26.71;19.75;13.77;49.79;41.91;4.937;EXPLOSIVE_UP;3;84.1;3;1
2026.02.06 09:00;64786.43;66051.73;64650.07;65691.13;28.07;21.53;15.88;40.18;43.77;4.671;EXPLOSIVE_UP;3;84.4;3;1
2026.02.06 08:00;64738.82;65089.92;64405.73;64786.43;30.07;14.28;18.33;35.76;54.96;3.229;STRONG_UP;2;82.8;3;1
2026.02.06 07:00;64881.40;65429.37;64545.34;64735.13;32.79;16.48;18.01;55.38;69.43;3.148;STRONG_UP;2;83.6;3;1
2026.02.06 06:00;66287.51;66666.34;64775.26;64880.81;37.15;19.01;16.78;73.75;77.34;3.380;STRONG_UP;2;84.9;3;0
2026.02.06 05:00;64808.83;66680.32;64698.28;66286.85;41.90;21.94;19.36;79.14;80.88;5.620;EXPLOSIVE_UP;3;87.4;3;0
2026.02.06 04:00;64062.83;64903.84;63864.63;64810.30;47.39;11.53;22.34;79.12;81.83;3.267;STRONG_UP;2;86.4;3;0
2026.02.06 03:00;64881.93;65049.48;63699.54;64062.77;49.77;13.30;25.77;84.38;76.00;2.076;SOFT_UP;1;85.8;3;0
2026.02.06 02:00;65577.36;65808.99;64126.04;64879.10;52.51;15.34;24.88;82.00;60.07;3.377;STRONG_UP;2;88.3;3;0
2026.02.06 01:00;63376.35;65621.93;63367.67;65578.14;56.94;16.00;28.71;61.61;37.18;4.491;EXPLOSIVE_UP;3;;;0
2026.02.06 00:00;62759.66;63698.20;59942.04;63376.47;61.33;5.33;33.12;36.59;21.76;0.983;NEUTRE;0;;;0
2026.02.05 23:00;63756.02;64720.20;62587.15;62760.19;59.64;6.15;27.38;13.33;12.11;-13.995;SPIKE_DOWN;-4;-85.2;-3;0
2026.02.05 22:00;63045.16;64429.12;62563.24;63757.32;59.07;4.99;31.60;15.36;11.50;-12.629;SPIKE_DOWN;-4;-84.9;-3;0
2026.02.05 21:00;63447.85;64205.33;62890.32;63044.64;56.97;5.76;33.76;7.65;8.79;-13.605;SPIKE_DOWN;-4;-85.5;-3;0
2026.02.05 20:00;65095.80;65477.20;62679.86;63450.59;54.84;6.65;38.95;11.50;12.23;-13.049;SPIKE_DOWN;-4;-85.6;-3;0
2026.02.05 19:00;66179.10;66389.77;65033.96;65098.81;52.38;7.67;32.00;7.22;14.45;-10.790;SPIKE_DOWN;-4;-84.9;-3;1
2026.02.05 18:00;66010.83;66344.80;65219.46;66182.76;51.00;8.85;34.82;17.96;19.84;-9.305;SPIKE_DOWN;-4;-84.4;-3;1
2026.02.05 17:00;68136.85;68201.48;65989.68;66011.73;49.70;10.21;29.65;18.15;19.02;-9.539;SPIKE_DOWN;-4;-84.8;-3;1
2026.02.05 16:00;67328.89;68494.87;66791.22;68136.85;49.84;11.78;28.63;23.41;17.51;-6.627;EXPLOSIVE_DOWN;-3;-83;-3;1
2026.02.05 15:00;69236.56;69382.83;66542.80;67326.07;51.09;13.60;33.04;15.50;15.32;-7.738;SPIKE_DOWN;-4;-84.4;-3;1
2026.02.05 14:00;69526.19;70703.41;69183.52;69231.11;52.54;15.69;23.81;13.63;16.44;-5.128;EXPLOSIVE_DOWN;-3;-82.1;-3;1
2026.02.05 13:00;69410.53;69669.72;69092.65;69525.94;57.46;7.64;27.48;16.83;25.77;-4.723;EXPLOSIVE_DOWN;-3;-82;-3;1
2026.02.05 12:00;70165.26;70447.05;69021.15;69409.25;57.61;8.81;31.70;18.85;39.41;-4.883;EXPLOSIVE_DOWN;-3;-82.9;-3;1
2026.02.05 11:00;70695.50;70886.14;69788.02;70165.26;57.78;10.17;28.31;41.64;52.63;-3.847;STRONG_DOWN;-2;-81.7;-3;1
2026.02.05 10:00;71399.52;71569.83;70495.65;70695.50;59.41;11.73;22.75;57.73;51.93;-3.121;STRONG_DOWN;-2;-80.8;-3;1
2026.02.05 09:00;70881.04;71792.87;70868.47;71399.55;63.64;13.54;20.91;58.52;41.35;-2.156;SOFT_DOWN;-1;-78;-3;1
2026.02.05 08:00;70550.71;71356.78;70487.54;70881.04;70.14;8.36;24.13;39.54;27.91;-2.866;STRONG_DOWN;-2;-81.9;-3;1
2026.02.05 07:00;70775.54;71407.43;70449.25;70550.71;73.46;9.65;27.84;25.99;18.01;-3.319;STRONG_DOWN;-2;-83.9;-3;1
2026.02.05 06:00;70549.75;70808.23;70274.08;70775.58;77.30;1.51;32.12;18.21;10.76;-3.011;STRONG_DOWN;-2;-84.2;-3;0
2026.02.05 05:00;70696.08;70953.91;69973.65;70549.54;75.19;1.74;37.06;9.84;8.21;-3.321;STRONG_DOWN;-2;-85.6;-3;0
2026.02.05 04:00;71055.30;71226.23;70544.59;70696.92;72.75;2.01;33.80;4.24;13.29;-3.119;STRONG_DOWN;-2;-86.3;-3;0
2026.02.05 03:00;71230.23;71694.31;70983.05;71054.12;70.29;2.32;29.11;10.54;26.71;-2.629;STRONG_DOWN;-2;-86.7;-3;0
2026.02.05 02:00;72211.33;72601.72;71150.48;71235.28;67.99;2.68;29.96;25.11;37.67;-2.381;SOFT_DOWN;-1;-87.6;-3;0
2026.02.05 01:00;72677.48;73147.26;71809.64;72210.64;65.59;3.09;27.59;44.48;42.39;-1.044;NEUTRE;0;;;0
2026.02.05 00:00;72972.80;73107.89;72556.83;72679.05;63.40;3.57;23.24;43.41;41.07;-0.403;NEUTRE;0;;;0
2026.02.04 23:00;72349.51;73327.20;72262.82;72980.84;61.87;4.12;26.81;39.28;43.45;-3.505;STRONG_DOWN;-2;-71.6;-3;0
2026.02.04 22:00;72594.06;73477.32;71685.50;72349.51;60.09;4.75;30.93;40.53;46.67;-4.340;EXPLOSIVE_DOWN;-3;-75.6;-3;0
2026.02.04 21:00;73308.29;73451.98;72028.48;72594.86;58.05;5.48;32.75;50.53;43.47;-4.015;STRONG_DOWN;-2;-75.1;-3;0
2026.02.04 20:00;73733.48;73952.90;73213.73;73304.84;56.01;6.32;24.98;48.94;33.23;-3.076;STRONG_DOWN;-2;-71.7;-3;0
2026.02.04 19:00;73228.54;73821.15;72851.90;73733.01;55.45;4.55;28.82;30.95;21.06;-2.510;STRONG_DOWN;-2;-69;-3;1
2026.02.04 18:00;72357.51;73903.51;72065.93;73228.54;52.80;5.25;33.25;19.79;14.84;-3.177;STRONG_DOWN;-2;-74;-3;1
2026.02.04 17:00;73467.31;73670.50;72009.51;72357.51;49.74;4.11;38.37;12.45;10.41;-4.329;STRONG_DOWN;-2;-78.7;-3;1
2026.02.04 16:00;73961.92;74077.63;72911.00;73467.27;44.98;4.74;35.92;12.27;10.56;-2.862;STRONG_DOWN;-2;-74.2;-3;1
2026.02.04 15:00;74206.19;75130.32;73649.26;73960.15;40.11;5.47;31.71;6.50;14.36;-2.210;SOFT_DOWN;-1;-71;-3;1
2026.02.04 14:00;74718.11;75480.55;74113.05;74203.17;35.42;6.32;31.78;12.90;26.50;-1.889;SOFT_DOWN;-1;-69.4;-3;1
2026.02.04 13:00;76033.50;76050.75;74706.56;74718.11;30.59;7.29;29.99;23.69;32.59;-1.208;NEUTRE;0;-61.4;-2;1
2026.02.04 12:00;75869.70;76125.48;75849.15;76033.50;25.93;8.41;21.52;42.90;38.32;0.531;NEUTRE;0;41.1;1;1
2026.02.04 11:00;76155.37;76155.37;75516.49;75872.97;23.18;9.70;24.84;31.17;40.04;0.319;NEUTRE;0;29.7;1;1
2026.02.04 10:00;75973.78;76192.49;75921.20;76155.37;20.00;11.20;18.91;40.88;52.20;0.692;NEUTRE;0;53.7;2;1
2026.02.04 09:00;76447.26;76469.00;75822.03;75973.78;19.14;12.92;21.82;48.05;58.77;0.452;NEUTRE;0;44.7;1;1
2026.02.04 08:00;76379.24;76459.57;75937.06;76447.26;18.14;14.91;22.44;67.66;64.10;1.078;NEUTRE;0;69.4;3;1
2026.02.04 07:00;76523.78;76537.82;76200.07;76379.24;17.82;17.20;18.15;60.59;63.99;0.988;NEUTRE;0;70.2;3;1
2026.02.04 06:00;76158.01;76661.23;76138.62;76523.78;20.15;19.85;20.94;64.06;65.28;1.180;NEUTRE;0;75.5;3;0
2026.02.04 05:00;76350.81;76397.78;75978.07;76158.01;22.84;15.14;24.17;67.34;65.01;0.696;NEUTRE;0;70;3;0
2026.02.04 04:00;76572.55;76693.05;76281.33;76349.55;22.82;17.47;16.77;64.45;60.49;0.949;NEUTRE;0;77.9;3;0
2026.02.04 03:00;75814.80;76831.78;75759.38;76572.55;26.01;20.16;19.35;63.23;60.46;1.244;NEUTRE;0;83;3;0
2026.02.04 02:00;76278.09;76470.13;75548.46;75814.79;29.70;18.08;22.32;53.78;61.36;0.242;NEUTRE;0;67.2;3;0
2026.02.04 01:00;75770.22;76641.26;75770.22;76279.24;32.65;20.86;22.06;64.36;67.88;0.856;NEUTRE;0;;;0
2026.02.04 00:00;75631.63;76132.45;75324.74;75770.21;37.24;15.08;25.45;65.93;70.48;0.183;NEUTRE;0;;;0
2026.02.03 23:00;75574.63;75866.22;75289.40;75630.11;39.04;12.33;29.36;73.36;68.68;-3.821;STRONG_DOWN;-2;-73;-3;0
2026.02.03 22:00;76106.32;76172.74;75279.74;75574.63;38.76;14.22;33.88;72.15;55.80;-3.891;STRONG_DOWN;-2;-74;-3;0
2026.02.03 21:00;76357.04;76832.01;76017.79;76107.79;38.43;16.41;26.38;60.53;36.40;-3.213;STRONG_DOWN;-2;-71.6;-3;0
2026.02.03 20:00;74811.82;76554.55;74464.12;76357.32;40.76;13.69;30.44;34.73;16.28;-2.896;STRONG_DOWN;-2;-70.7;-3;0
2026.02.03 19:00;73017.81;75127.03;72848.89;74811.82;41.20;5.30;35.12;13.94;9.91;-4.861;EXPLOSIVE_DOWN;-3;-78.8;-3;1
2026.02.03 18:00;74769.72;75166.71;73016.85;73017.81;36.18;6.11;39.39;0.17;13.00;-7.143;EXPLOSIVE_DOWN;-3;-82.7;-3;1
2026.02.03 17:00;76378.85;76423.88;74759.17;74768.49;30.49;7.05;32.98;15.63;26.07;-4.916;EXPLOSIVE_DOWN;-3;-80;-3;1
2026.02.03 16:00;78032.34;78040.35;76377.86;76386.11;25.22;8.14;23.10;23.19;28.24;-2.859;STRONG_DOWN;-2;-74.1;-3;1
2026.02.03 15:00;77096.35;78096.47;76964.06;78032.31;21.73;9.39;21.22;39.38;29.61;-0.766;NEUTRE;0;-45.2;-2;1
2026.02.03 14:00;78197.78;78335.73;77071.53;77096.19;19.12;10.83;23.03;22.14;23.26;-1.956;SOFT_DOWN;-1;-70;-3;1
2026.02.03 13:00;78220.12;78348.80;78075.69;78197.78;16.52;12.50;14.35;27.31;23.46;-0.555;NEUTRE;0;-40.1;-1;1
2026.02.03 12:00;77973.27;78313.77;77886.24;78220.12;18.00;12.45;16.56;20.32;28.57;-0.527;NEUTRE;0;-40.9;-1;1
2026.02.03 11:00;78023.27;78249.28;77900.06;77973.27;18.59;12.04;19.11;22.76;43.98;-0.841;NEUTRE;0;-56.4;-2;1
2026.02.03 10:00;78303.26;78464.00;77969.89;78023.27;17.96;13.89;18.97;42.64;61.42;-0.777;NEUTRE;0;-56.8;-2;1
2026.02.03 09:00;78654.13;78744.15;77841.65;78303.26;18.35;16.03;21.89;66.54;68.02;-0.421;NEUTRE;0;-42.7;-1;1
2026.02.03 08:00;78690.58;78976.32;78366.38;78654.13;18.79;18.50;16.31;75.08;65.83;0.025;NEUTRE;0;3.5;0;1
2026.02.03 07:00;78497.17;78825.41;78394.84;78690.60;20.72;17.54;18.82;62.44;61.21;0.071;NEUTRE;0;11.3;0;1
2026.02.03 06:00;78134.69;78576.90;77849.10;78497.26;23.36;11.35;21.72;59.98;57.17;-0.175;NEUTRE;0;-29.9;-1;0
2026.02.03 05:00;78702.16;78712.63;78110.53;78135.76;22.14;13.10;19.53;61.22;54.65;-0.634;NEUTRE;0;-68.2;-3;0
2026.02.03 04:00;78658.56;78899.58;78386.90;78702.16;22.51;15.12;15.48;50.31;53.75;0.086;NEUTRE;0;23;0;0
2026.02.03 03:00;77701.81;78810.22;77562.49;78658.56;25.79;14.76;17.86;52.41;66.12;0.031;NEUTRE;0;11.5;0;0
2026.02.03 02:00;78917.13;78918.08;77696.27;77701.81;28.30;17.03;18.96;58.54;77.21;-1.186;NEUTRE;0;-85.1;-3;0
2026.02.03 01:00;78969.73;79092.03;78613.02;78917.13;31.83;19.65;10.33;87.42;79.91;0.359;NEUTRE;0;;;0
2026.02.03 00:00;78634.48;79003.06;78309.55;78969.73;31.94;19.82;11.92;85.67;64.18;0.426;NEUTRE;0;;;0
2026.02.02 23:00;78704.40;78867.72;78467.63;78634.49;33.02;22.87;10.24;66.64;46.18;2.306;SOFT_UP;1;63.2;2;0
2026.02.02 22:00;78429.18;78760.58;78428.88;78704.40;32.24;22.27;11.82;40.24;36.20;2.397;SOFT_UP;1;65;3;0
2026.02.02 21:00;77864.42;78458.94;77817.82;78429.18;32.48;11.70;13.64;31.66;43.09;2.039;SOFT_UP;1;62.4;2;0
2026.02.02 20:00;78250.29;78583.00;77821.53;77864.42;36.31;13.50;15.65;36.69;54.76;1.304;SOFT_UP;1;52.1;2;0
2026.02.02 19:00;78479.02;78611.22;78180.98;78253.14;40.76;15.58;10.79;60.92;67.14;1.810;SOFT_UP;1;62;2;1
2026.02.02 18:00;78914.94;78915.23;78269.65;78478.79;44.24;17.97;9.28;66.65;66.24;2.103;SOFT_UP;1;66.5;3;1
2026.02.02 17:00;78550.78;79144.07;78522.28;78916.63;46.14;20.74;4.70;73.84;66.69;2.673;STRONG_UP;2;72.1;3;1
2026.02.02 16:00;78794.35;79226.66;78500.67;78550.94;43.53;23.93;5.42;58.23;64.79;2.197;SOFT_UP;1;69.7;3;1
2026.02.02 15:00;77746.83;79209.53;77493.81;78795.71;40.53;27.25;6.26;68.01;73.73;2.516;STRONG_UP;2;73.2;3;1
2026.02.02 14:00;78123.63;78775.01;77535.64;77748.71;37.13;27.54;7.22;68.12;79.42;1.153;NEUTRE;0;58.4;2;1
2026.02.02 13:00;77899.75;78320.46;77699.88;78123.54;33.85;26.14;8.33;85.06;87.13;1.641;SOFT_UP;1;68.1;3;1
2026.02.02 12:00;77648.22;78273.14;77601.21;77899.75;31.12;28.99;9.62;85.09;89.09;1.350;SOFT_UP;1;65.7;3;1
2026.02.02 11:00;77386.87;77855.15;77325.78;77648.22;28.18;23.88;11.09;91.25;91.21;1.023;NEUTRE;0;61.4;2;1
2026.02.02 10:00;77607.78;77749.08;77355.75;77386.87;26.89;24.47;12.80;90.92;87.10;0.683;NEUTRE;0;53.4;2;1
2026.02.02 09:00;76755.99;77689.26;76536.09;77607.78;26.22;25.89;14.77;91.46;75.51;0.970;NEUTRE;0;64.8;2;1
2026.02.02 08:00;76530.60;77043.61;76498.19;76756.84;26.04;21.26;17.04;78.93;58.80;-0.137;NEUTRE;0;-18.6;0;1
2026.02.02 07:00;76421.29;76797.04;76213.76;76530.54;28.35;17.58;19.67;56.15;44.72;-0.431;NEUTRE;0;-50.5;-2;1
2026.02.02 06:00;75371.63;76492.96;74842.25;76419.27;31.85;12.26;22.69;41.33;38.97;-0.576;NEUTRE;0;-62.1;-2;0
2026.02.02 05:00;75772.05;75878.78;74799.68;75371.63;32.16;8.42;26.18;36.69;41.92;-1.939;SOFT_DOWN;-1;-82.5;-3;0
2026.02.02 04:00;76182.31;76488.61;75223.89;75772.05;29.22;9.72;24.16;38.89;50.17;-1.418;SOFT_DOWN;-1;-81.9;-3;0
2026.02.02 03:00;76376.43;76463.11;74500.01;76182.22;27.16;10.90;27.88;50.17;60.07;-0.885;NEUTRE;0;-80.2;-3;0
2026.02.02 02:00;77410.64;77443.28;76339.49;76374.73;24.60;12.58;17.75;61.46;62.94;-0.634;NEUTRE;0;-80.9;-3;0
2026.02.02 01:00;77564.64;77846.12;76525.96;77410.64;25.76;14.52;17.89;68.58;53.74;0.714;NEUTRE;0;;;0
2026.02.02 00:00;76862.16;78041.01;76499.30;77563.95;28.13;16.75;20.64;58.79;39.03;0.913;NEUTRE;0;;;0
2026.02.01 23:00;77135.59;77463.02;75641.91;76862.16;30.86;13.56;23.81;33.86;25.13;-2.241;SOFT_DOWN;-1;-62.5;-2;0
2026.02.01 22:00;76377.78;77649.56;76337.38;77135.59;31.38;15.65;21.60;24.45;27.19;-1.893;SOFT_DOWN;-1;-59.5;-2;0
2026.02.01 21:00;76997.52;77060.47;76272.08;76377.78;33.75;11.15;24.92;17.09;34.93;-2.857;STRONG_DOWN;-2;-69.5;-3;0
2026.02.01 20:00;77059.95;77608.89;76522.17;76997.00;33.07;12.86;23.88;40.02;46.06;-2.069;SOFT_DOWN;-1;-63.9;-2;0
2026.02.01 19:00;77927.10;78004.76;76882.58;77059.95;33.55;14.84;22.45;47.67;46.13;-1.989;SOFT_DOWN;-1;-64.1;-2;0
2026.02.01 18:00;77653.34;78324.23;77620.34;77927.10;35.57;17.13;15.79;50.48;43.77;-0.886;NEUTRE;0;-44.1;-1;0
2026.02.01 17:00;77386.08;77652.26;77195.02;77652.26;40.42;5.07;18.22;40.25;39.55;-1.236;NEUTRE;0;-55.1;-2;0
2026.02.01 16:00;77503.29;77661.12;76993.93;77386.08;37.96;5.85;21.02;40.57;37.96;-1.574;SOFT_DOWN;-1;-62.7;-2;0
2026.02.01 15:00;78117.92;78159.53;76704.77;77501.25;35.12;6.76;24.25;37.83;36.87;-1.428;SOFT_DOWN;-1;-61.9;-2;0
2026.02.01 14:00;78221.53;78411.23;77144.97;78115.31;31.84;7.79;23.33;35.47;37.15;-0.647;NEUTRE;0;-42.3;-1;0
2026.02.01 13:00;78361.69;78675.74;78105.86;78221.53;29.06;8.99;15.24;37.31;44.72;-0.512;NEUTRE;0;-37.8;-1;0
2026.02.01 12:00;78660.95;78675.73;78145.66;78361.69;29.56;10.38;16.51;38.67;50.83;-0.334;NEUTRE;0;-28.7;-1;0
2026.02.01 11:00;78177.34;78788.06;78177.34;78660.95;30.60;11.97;18.13;58.20;57.85;0.047;NEUTRE;0;4.8;0;0
2026.02.01 10:00;78932.53;79125.09;78041.12;78177.34;32.16;13.82;20.92;55.63;49.19;-0.568;NEUTRE;0;-48.2;-2;0
2026.02.01 09:00;78495.93;79025.74;78436.69;78935.13;33.96;15.94;18.53;59.71;39.04;0.396;NEUTRE;0;40.9;1;0
2026.02.01 08:00;78240.92;78758.57;78149.22;78495.93;38.03;11.42;21.38;32.22;31.33;-0.163;NEUTRE;0;-21.9;0;0
2026.02.01 07:00;78184.85;78608.50;77893.77;78240.92;39.21;9.38;24.67;25.20;38.63;-0.487;NEUTRE;0;-53.9;-2;0
2026.02.01 06:00;78505.45;78709.34;78153.93;78184.85;38.34;10.83;22.86;36.56;50.49;-0.559;NEUTRE;0;-61.4;-2;0
2026.02.01 05:00;78855.25;78892.94;78419.32;78505.45;38.74;12.49;19.03;54.14;58.00;-0.151;NEUTRE;0;-30.8;-1;0
2026.02.01 04:00;78748.69;78994.69;78605.73;78855.40;41.51;14.42;15.90;60.76;62.22;0.294;NEUTRE;0;55.4;2;0
2026.02.01 03:00;78784.05;78887.93;78561.72;78748.69;47.14;12.41;18.35;59.09;65.64;0.159;NEUTRE;0;46.2;2;0
2026.02.01 02:00;78414.76;78942.80;78264.82;78784.05;51.43;14.32;21.17;66.81;70.46;0.204;NEUTRE;0;63.5;2;0
2026.02.01 01:00;78790.40;78840.81;78191.96;78408.59;56.37;14.21;24.43;71.02;68.44;-0.274;NEUTRE;0;;;0
2026.02.01 00:00;78623.98;79305.07;78542.00;78790.26;60.97;16.40;19.88;73.56;59.62;0.211;NEUTRE;0;;;0
2026.01.31 23:00;78031.89;79101.97;77960.18;78621.36;68.87;14.82;22.94;60.74;46.34;-6.510;EXPLOSIVE_DOWN;-3;-79.8;-3;0
2026.01.31 22:00;78168.42;78360.20;77871.13;78032.28;76.16;7.11;26.47;44.55;35.40;-7.211;EXPLOSIVE_DOWN;-3;-81.2;-3;0
2026.01.31 21:00;77873.11;78235.57;77258.90;78168.44;79.01;4.28;30.55;33.74;27.95;-7.049;EXPLOSIVE_DOWN;-3;-81.4;-3;0
2026.01.31 20:00;77614.50;77981.59;76962.99;77879.47;79.56;0.94;35.25;27.92;22.56;-7.392;EXPLOSIVE_DOWN;-3;-82.2;-3;0
2026.01.31 19:00;77908.67;78377.91;77064.43;77613.66;77.22;1.09;39.14;22.17;17.08;-7.709;SPIKE_DOWN;-4;-82.9;-3;0
2026.01.31 18:00;78741.14;78980.42;76109.97;77907.71;74.55;1.25;45.16;17.60;15.42;-7.359;EXPLOSIVE_DOWN;-3;-82.9;-3;0
2026.01.31 17:00;80204.85;80385.21;78309.47;78741.14;71.46;1.45;40.32;11.48;17.86;-6.368;EXPLOSIVE_DOWN;-3;-82.3;-3;0
2026.01.31 16:00;81144.81;81872.76;79964.61;80204.85;68.14;1.67;34.25;17.19;22.71;-4.627;EXPLOSIVE_DOWN;-3;-80;-3;0
2026.01.31 15:00;81326.43;81604.27;80928.66;81145.95;64.67;1.93;31.75;24.92;26.55;-3.508;STRONG_DOWN;-2;-77.8;-3;0
2026.01.31 14:00;82594.58;82746.41;80706.43;81326.43;60.99;2.22;36.63;26.01;28.69;-3.294;STRONG_DOWN;-2;-77.8;-3;0
2026.01.31 13:00;82592.68;82743.60;82303.55;82592.12;56.75;2.56;30.22;28.73;32.02;-1.789;SOFT_DOWN;-1;-69.8;-3;0
2026.01.31 12:00;82832.14;82927.06;82533.60;82592.60;52.50;2.96;26.83;31.32;33.93;-1.788;SOFT_DOWN;-1;-71.2;-3;0
2026.01.31 11:00;82984.19;82987.57;82672.39;82833.37;48.25;3.41;25.53;36.00;33.14;-1.502;SOFT_DOWN;-1;-69.6;-3;0
2026.01.31 10:00;82935.35;83022.55;82736.36;82984.19;43.91;3.94;26.33;34.47;29.40;-1.322;SOFT_DOWN;-1;-69;-3;0
2026.01.31 09:00;82888.23;83116.89;82717.44;82935.35;39.29;4.54;30.39;28.94;25.82;-1.380;SOFT_DOWN;-1;-71.7;-3;0
2026.01.31 08:00;83361.84;83447.72;82419.81;82887.78;33.95;5.24;35.06;24.80;26.59;-1.437;SOFT_DOWN;-1;-74.2;-3;0
2026.01.31 07:00;83599.19;83623.38;83224.08;83361.84;27.79;6.05;28.42;23.71;31.22;-0.873;NEUTRE;0;-67.9;-3;0
2026.01.31 06:00;83816.63;83862.53;83473.37;83599.19;22.09;6.98;23.18;31.27;38.54;-0.591;NEUTRE;0;-62.7;-2;0
2026.01.31 05:00;83807.56;83921.58;83720.53;83816.63;17.22;8.06;16.98;38.68;42.10;-0.332;NEUTRE;0;-52.6;-2;0
2026.01.31 04:00;83847.11;83965.25;83744.88;83807.56;14.39;9.29;17.73;45.69;45.26;-0.343;NEUTRE;0;-59.4;-2;0
2026.01.31 03:00;83946.92;84051.05;83847.05;83847.11;11.80;10.72;13.32;41.93;47.87;-0.296;NEUTRE;0;-62.8;-2;0
2026.01.31 02:00;83827.90;84011.09;83638.14;83946.92;11.95;9.36;15.37;48.16;58.99;-0.178;NEUTRE;0;-60.3;-2;0
2026.01.31 01:00;83907.60;84098.19;83736.90;83827.90;10.05;10.80;13.66;53.50;70.91;-0.319;NEUTRE;0;;;0
2026.01.31 00:00;84096.22;84115.59;83852.15;83907.60;9.80;12.46;10.86;75.31;80.61;-0.224;NEUTRE;0;;;0
2026.01.30 23:00;84066.65;84140.28;83778.17;84096.22;10.25;14.38;12.53;83.93;83.10;-0.446;NEUTRE;0;-20.9;0;0
2026.01.30 22:00;84162.62;84162.62;83736.00;84066.65;10.76;16.59;14.46;82.58;82.76;-0.481;NEUTRE;0;-23.3;0;0
2026.01.30 21:00;83721.07;84335.00;83611.94;84162.62;11.36;19.15;16.68;82.80;81.04;-0.368;NEUTRE;0;-19;0;0
2026.01.30 20:00;84081.23;84116.02;83363.77;83725.73;12.05;17.43;19.25;82.89;75.44;-0.885;NEUTRE;0;-41.1;-1;0
2026.01.30 19:00;83772.01;84458.57;83758.67;84084.39;13.14;20.11;14.13;77.42;61.85;-0.460;NEUTRE;0;-25.5;-1;1
2026.01.30 18:00;82776.10;83976.70;81739.31;83770.62;12.48;12.62;16.30;66.00;52.28;-0.832;NEUTRE;0;-42.3;-1;1
2026.01.30 17:00;82981.67;83314.44;82464.02;82776.10;12.43;14.56;13.83;42.13;46.20;-2.009;SOFT_DOWN;-1;-66.8;-3;1
2026.01.30 16:00;82712.86;83336.19;82390.42;82981.67;13.95;16.80;15.96;48.73;50.27;-1.766;SOFT_DOWN;-1;-65.3;-3;1
2026.01.30 15:00;82933.84;83461.33;82242.13;82713.95;15.70;19.38;18.41;47.76;55.23;-2.083;SOFT_DOWN;-1;-69.9;-3;1
2026.01.30 14:00;82572.54;83629.40;82560.16;82929.67;17.73;22.36;17.23;54.33;63.21;-1.827;SOFT_DOWN;-1;-68.7;-3;1
2026.01.30 13:00;82606.28;82896.62;82237.59;82572.54;18.46;15.26;19.88;63.61;64.94;-2.250;SOFT_DOWN;-1;-73.7;-3;1
2026.01.30 12:00;82971.47;83139.04;82473.32;82606.28;19.28;17.61;17.44;71.69;59.24;-2.210;SOFT_DOWN;-1;-74.6;-3;1
2026.01.30 11:00;82657.60;83129.30;82515.39;82971.47;22.17;20.32;19.15;59.53;49.53;-1.778;SOFT_DOWN;-1;-72.6;-3;1
2026.01.30 10:00;82185.15;82720.29;81999.64;82657.60;25.12;13.19;22.10;46.51;49.24;-2.149;SOFT_DOWN;-1;-76.7;-3;1
2026.01.30 09:00;82494.45;82660.43;81984.37;82185.15;25.11;13.94;25.50;42.56;53.92;-2.709;STRONG_DOWN;-2;-80.4;-3;1
2026.01.30 08:00;82624.27;82788.15;82257.98;82494.45;24.46;16.09;23.19;58.65;58.58;-2.343;SOFT_DOWN;-1;-80.2;-3;1
2026.01.30 07:00;82435.95;82904.31;82292.59;82622.77;25.44;18.56;25.76;60.54;55.55;-2.191;SOFT_DOWN;-1;-80.8;-3;1
2026.01.30 06:00;82748.29;82757.72;81893.09;82435.95;26.86;17.73;29.72;56.56;48.72;-2.412;SOFT_DOWN;-1;-82.8;-3;0
2026.01.30 05:00;82770.63;83169.80;82731.70;82748.29;27.11;20.46;19.37;49.56;41.08;-2.042;SOFT_DOWN;-1;-82.9;-3;0
2026.01.30 04:00;82513.80;83167.44;82513.80;82770.63;30.86;23.53;22.35;40.05;34.74;-2.016;SOFT_DOWN;-1;-84.3;-3;0
2026.01.30 03:00;81999.34;82569.84;81881.12;82513.80;35.21;13.08;25.79;33.64;37.32;-2.320;SOFT_DOWN;-1;-86.2;-3;0
2026.01.30 02:00;82315.12;82372.63;81004.31;82001.13;35.60;10.69;29.75;30.54;52.74;-2.927;STRONG_DOWN;-2;-88;-3;0
2026.01.30 01:00;84013.27;84020.57;81349.45;82315.12;33.82;12.33;30.45;47.79;67.22;-2.555;STRONG_DOWN;-2;;;0
2026.01.30 00:00;84473.28;84560.19;83989.32;84013.33;32.51;14.23;19.93;79.90;69.47;-0.544;NEUTRE;0;;;0
2026.01.29 23:00;84387.15;84559.99;84262.55;84473.69;34.94;16.42;15.63;73.97;53.34;-5.224;EXPLOSIVE_DOWN;-3;-77.4;-3;0
2026.01.29 22:00;84348.79;84440.40;84126.46;84387.15;39.94;12.76;18.04;54.56;33.28;-5.321;EXPLOSIVE_DOWN;-3;-78.1;-3;0
2026.01.29 21:00;84006.73;84473.43;83999.51;84349.27;43.44;14.72;20.81;31.50;17.40;-5.364;EXPLOSIVE_DOWN;-3;-78.8;-3;0
2026.01.29 20:00;83800.68;84184.06;83623.28;84009.40;47.49;7.59;24.02;13.79;10.17;-5.745;EXPLOSIVE_DOWN;-3;-80;-3;0
2026.01.29 19:00;83281.21;84099.97;83195.16;83799.81;46.79;6.45;27.71;6.91;10.50;-5.980;EXPLOSIVE_DOWN;-3;-80.8;-3;1
2026.01.29 18:00;84083.52;84459.94;83242.80;83282.15;44.42;7.44;31.16;9.82;13.99;-6.561;EXPLOSIVE_DOWN;-3;-82.1;-3;1
2026.01.29 17:00;85095.95;85452.48;83865.38;84080.81;41.80;8.59;28.09;14.79;16.03;-5.665;EXPLOSIVE_DOWN;-3;-81.3;-3;1
2026.01.29 16:00;84744.93;85197.66;84104.55;85095.37;40.04;7.44;32.41;17.38;20.87;-4.527;EXPLOSIVE_DOWN;-3;-79.8;-3;1
2026.01.29 15:00;86821.30;86849.00;84208.31;84748.17;36.56;8.58;35.93;15.92;28.45;-4.916;EXPLOSIVE_DOWN;-3;-81.2;-3;1
2026.01.29 14:00;87873.14;87904.13;86811.24;86820.60;32.73;9.90;26.30;29.33;32.23;-2.591;STRONG_DOWN;-2;-74.7;-3;1
2026.01.29 13:00;87935.95;87995.84;87768.57;87872.98;30.80;11.42;16.87;40.10;26.06;-1.410;SOFT_DOWN;-1;-64.9;-2;1
2026.01.29 12:00;87652.60;87943.96;87629.54;87935.95;32.58;9.67;19.46;27.26;17.82;-1.340;SOFT_DOWN;-1;-65.6;-3;1
2026.01.29 11:00;87771.93;87883.78;87561.56;87652.62;32.42;8.21;22.46;10.82;22.16;-1.658;SOFT_DOWN;-1;-71.4;-3;1
2026.01.29 10:00;87710.24;87821.99;87645.74;87771.93;30.26;9.47;21.89;15.38;38.17;-1.524;SOFT_DOWN;-1;-71.6;-3;1
2026.01.29 09:00;87881.95;87978.27;87708.67;87710.24;28.82;10.93;19.77;40.28;50.74;-1.593;SOFT_DOWN;-1;-74;-3;1
2026.01.29 08:00;88182.48;88313.03;87730.42;87881.95;28.83;12.61;21.57;58.86;51.03;-1.400;SOFT_DOWN;-1;-73.8;-3;1
2026.01.29 07:00;88138.81;88264.44;88077.59;88182.48;29.23;14.55;15.72;53.09;41.28;-1.063;NEUTRE;0;-71.5;-3;1
2026.01.29 06:00;88014.48;88168.01;87996.18;88138.81;33.14;8.85;18.14;41.13;30.98;-1.112;NEUTRE;0;-74.7;-3;0
2026.01.29 05:00;88133.58;88241.32;87966.19;88014.48;32.94;10.22;20.93;29.62;21.75;-1.252;SOFT_DOWN;-1;-78.5;-3;0
2026.01.29 04:00;87871.41;88176.47;87723.47;88134.52;32.72;8.16;24.15;22.18;16.61;-1.117;NEUTRE;0;-79.7;-3;0
2026.01.29 03:00;87720.44;88087.01;87590.03;87871.41;30.14;6.38;27.86;13.45;17.78;-1.412;SOFT_DOWN;-1;-83.8;-3;0
2026.01.29 02:00;88430.88;88581.39;87522.49;87720.44;25.13;7.36;32.15;14.20;25.35;-1.581;SOFT_DOWN;-1;-86.3;-3;0
2026.01.29 01:00;88972.46;88992.68;88369.60;88430.88;19.34;8.49;24.79;25.70;32.77;-0.784;NEUTRE;0;;;0
2026.01.29 00:00;89130.03;89175.99;88728.39;88972.46;14.78;9.80;19.74;36.14;32.52;-0.177;NEUTRE;0;;;0
2026.01.28 23:00;89206.00;89304.39;89033.77;89130.03;11.88;11.31;12.28;36.47;28.02;0.051;NEUTRE;0;2.5;0;0
2026.01.28 22:00;89245.34;89311.39;88968.99;89206.00;13.07;13.05;14.17;24.96;24.02;0.137;NEUTRE;0;7;0;0
2026.01.28 21:00;88943.28;89318.89;88698.72;89243.12;14.44;15.05;16.35;22.64;31.34;0.178;NEUTRE;0;9.5;0;0
2026.01.28 20:00;89240.28;89714.85;88835.61;88942.55;16.03;17.37;15.47;24.46;41.41;-0.159;NEUTRE;0;-8.9;0;0
2026.01.28 19:00;89380.73;89567.57;88849.49;89240.27;17.60;17.46;17.86;46.93;50.96;0.175;NEUTRE;0;10.3;0;1
2026.01.28 18:00;90009.73;90020.84;89175.88;89382.03;20.14;20.15;13.61;52.84;47.78;0.334;NEUTRE;0;20.1;0;1
2026.01.28 17:00;89476.14;90427.14;89130.00;90009.61;20.26;23.25;15.70;53.11;47.83;1.039;NEUTRE;0;50.3;2;1
2026.01.28 16:00;89335.70;89682.66;89092.50;89476.14;20.40;18.00;18.12;37.39;53.45;0.440;NEUTRE;0;28.5;1;1
2026.01.28 15:00;89459.59;89700.63;88762.97;89335.70;23.48;20.77;20.91;52.99;70.75;0.282;NEUTRE;0;20.3;0;1
2026.01.28 14:00;90112.63;90112.63;89241.87;89459.57;27.04;23.96;16.27;69.97;81.50;0.421;NEUTRE;0;30.6;1;1
2026.01.28 13:00;89854.40;90315.30;89818.75;90112.63;28.26;27.65;8.58;89.28;87.55;1.154;NEUTRE;0;60.2;2;1
2026.01.28 12:00;89926.78;90031.66;89626.34;89854.40;24.51;23.11;9.90;85.25;79.39;0.865;NEUTRE;0;54.9;2;1
2026.01.28 11:00;89256.93;90002.39;89148.13;89926.78;22.12;25.56;11.42;88.10;70.81;0.946;NEUTRE;0;59.5;2;1
2026.01.28 10:00;89404.70;89512.74;89176.20;89256.99;19.64;20.67;13.18;64.81;58.18;0.194;NEUTRE;0;20.9;0;1
2026.01.28 09:00;88770.47;89409.67;88699.44;89404.70;19.25;19.14;15.20;59.52;55.25;0.360;NEUTRE;0;38.2;1;1
2026.01.28 08:00;88977.98;89102.24;88725.83;88770.47;20.45;15.43;17.54;50.21;50.59;-0.352;NEUTRE;0;-40.9;-1;1
2026.01.28 07:00;89164.18;89198.03;88942.87;88977.98;22.61;17.80;11.37;56.01;43.43;-0.119;NEUTRE;0;-18.5;0;1
2026.01.28 06:00;88925.14;89248.23;88925.14;89164.18;22.69;20.54;13.12;45.54;35.22;0.090;NEUTRE;0;16.5;0;0
2026.01.28 05:00;88823.92;88948.05;88699.82;88925.14;22.79;9.40;15.14;28.73;36.27;-0.179;NEUTRE;0;-35.2;-1;0
2026.01.28 04:00;88955.14;89004.43;88673.33;88823.92;22.71;10.85;17.46;31.38;52.87;-0.292;NEUTRE;0;-55.2;-2;0
2026.01.28 03:00;89120.29;89149.80;88813.04;88955.14;22.61;12.52;13.66;48.69;70.30;-0.145;NEUTRE;0;-43.6;-1;0
2026.01.28 02:00;89242.00;89301.33;88936.04;89120.29;25.42;14.45;10.14;78.54;82.74;0.040;NEUTRE;0;21.5;0;0
2026.01.28 01:00;89313.54;89340.13;89029.17;89242.00;26.63;16.67;7.78;83.67;83.87;0.177;NEUTRE;0;;;0
2026.01.28 00:00;89084.26;89314.68;88995.54;89313.54;25.14;17.98;8.98;86.02;85.06;0.257;NEUTRE;0;;;0
2026.01.27 23:00;89098.35;89374.56;89001.81;89084.26;23.87;20.74;10.06;81.92;84.16;0.985;NEUTRE;0;40.2;1;0
2026.01.27 22:00;88924.67;89281.63;88868.74;89098.35;22.20;20.10;11.60;87.25;83.12;1.001;NEUTRE;0;41.9;1;0
2026.01.27 21:00;89257.32;89388.00;88857.91;88924.68;21.49;23.19;13.39;83.30;70.60;0.805;NEUTRE;0;37.1;1;0
2026.01.27 20:00;88251.34;89338.33;88212.25;89258.31;20.68;25.31;15.45;78.82;60.21;1.183;NEUTRE;0;49.4;2;0
2026.01.27 19:00;88122.45;88397.09;87883.95;88251.85;20.13;16.35;17.82;49.68;49.94;0.042;NEUTRE;0;2.5;0;1
2026.01.27 18:00;87393.98;88353.20;87292.05;88122.54;22.57;17.55;20.57;52.14;51.58;-0.105;NEUTRE;0;-6.6;0;1
2026.01.27 17:00;88491.44;88552.19;87144.17;87393.98;24.82;20.25;23.73;48.01;46.57;-0.931;NEUTRE;0;-47.2;-2;1
2026.01.27 16:00;87879.43;88711.51;87835.88;88491.80;27.42;23.36;19.82;54.58;40.45;0.314;NEUTRE;0;21.1;0;1
2026.01.27 15:00;87577.42;88021.66;87403.59;87879.43;30.38;14.84;22.87;37.14;34.68;-0.380;NEUTRE;0;-26.5;-1;1
2026.01.27 14:00;87817.08;88306.58;87487.51;87577.17;31.78;17.12;24.30;29.64;29.94;-0.723;NEUTRE;0;-45.5;-2;1
2026.01.27 13:00;87827.85;87910.41;87634.31;87817.08;34.00;12.31;28.04;37.25;24.41;-0.451;NEUTRE;0;-34.4;-1;1
2026.01.27 12:00;87825.19;88002.36;87787.79;87827.80;33.24;14.21;23.80;22.93;13.62;-0.439;NEUTRE;0;-35.8;-1;1
2026.01.27 11:00;87631.79;87937.62;87583.39;87825.19;34.47;11.75;27.47;13.06;7.70;-0.442;NEUTRE;0;-38.4;-1;1
2026.01.27 10:00;87726.34;87894.13;87582.07;87631.79;33.61;11.67;31.69;4.87;5.59;-0.661;NEUTRE;0;-52.5;-2;1
2026.01.27 09:00;88015.47;88015.47;87702.92;87726.34;31.67;13.47;30.61;5.18;9.48;-0.554;NEUTRE;0;-50.5;-2;1
2026.01.27 08:00;88176.85;88253.89;87969.05;88015.47;30.57;15.54;22.22;6.71;17.90;-0.226;NEUTRE;0;-29.1;-1;1
2026.01.27 07:00;88182.87;88420.29;88164.14;88176.86;32.55;17.93;15.10;16.55;34.80;-0.043;NEUTRE;0;-6.9;0;1
2026.01.27 06:00;88321.81;88386.28;88125.87;88182.87;36.23;18.65;17.42;30.43;55.32;-0.036;NEUTRE;0;-6.7;0;0
2026.01.27 05:00;88440.48;88448.52;88248.35;88321.81;41.29;21.52;12.87;57.43;75.17;0.121;NEUTRE;0;25.5;1;0
2026.01.27 04:00;88634.90;88840.44;88378.13;88440.55;43.77;24.83;4.87;78.11;84.27;0.256;NEUTRE;0;51.6;2;0
2026.01.27 03:00;88679.47;88745.53;88428.13;88634.90;40.16;25.49;5.62;89.98;84.18;0.476;NEUTRE;0;72.3;3;0
2026.01.27 02:00;88427.61;88714.33;88413.04;88679.47;36.52;27.90;6.48;84.71;77.09;0.527;NEUTRE;0;79.1;3;0
2026.01.27 01:00;88224.88;88567.46;88065.00;88427.61;32.55;24.69;7.48;77.84;71.11;0.241;NEUTRE;0;;;0
2026.01.27 00:00;88214.99;88328.77;88065.02;88224.88;29.33;21.18;8.63;68.72;63.30;0.011;NEUTRE;0;;;0
2026.01.26 23:00;88000.94;88526.46;87879.01;88214.99;27.37;24.44;9.96;66.77;58.00;1.949;SOFT_UP;1;59.1;2;0
2026.01.26 22:00;87929.16;88141.50;87865.07;88000.94;25.11;19.05;11.49;54.42;54.59;1.702;SOFT_UP;1;56.7;2;0
2026.01.26 21:00;87484.39;88105.80;87434.45;87929.16;25.17;19.99;13.26;52.82;54.74;1.619;SOFT_UP;1;56.6;2;0
2026.01.26 20:00;87872.41;87990.11;87393.88;87486.21;25.92;20.42;15.30;56.54;52.75;1.107;NEUTRE;0;47.5;2;0
2026.01.26 19:00;88279.66;88416.45;87767.80;87872.41;27.71;23.56;8.01;54.84;43.04;1.553;SOFT_UP;1;58.2;2;1
2026.01.26 18:00;87566.35;88280.91;87516.35;88279.66;24.39;23.97;9.24;46.88;36.29;2.024;SOFT_UP;1;65.7;3;1
2026.01.26 17:00;87487.14;87667.44;86917.04;87566.35;21.33;15.31;10.66;27.41;35.64;1.200;NEUTRE;0;54.3;2;1
2026.01.26 16:00;87417.58;87788.19;87001.54;87486.27;21.85;17.67;10.57;34.58;45.90;1.107;NEUTRE;0;53.7;2;1
2026.01.26 15:00;88055.38;88720.52;87158.06;87417.58;21.35;20.39;9.14;44.93;48.13;1.028;NEUTRE;0;53.5;2;1
2026.01.26 14:00;87828.86;88326.04;87317.13;88056.40;18.77;19.64;10.54;58.20;44.20;1.766;SOFT_UP;1;68.1;3;1
2026.01.26 13:00;87660.89;87922.70;87556.80;87828.86;17.02;16.51;12.16;41.25;33.93;1.503;SOFT_UP;1;66.3;3;1
2026.01.26 12:00;87726.75;87846.27;87599.51;87660.89;17.31;15.83;14.04;33.15;34.36;1.309;SOFT_UP;1;65.1;3;1
2026.01.26 11:00;87769.82;87862.42;87638.74;87727.23;19.05;18.27;13.75;27.40;43.64;1.386;SOFT_UP;1;68.1;3;1
2026.01.26 10:00;87530.23;87827.81;87519.79;87769.82;19.80;18.70;15.86;42.52;62.23;1.435;SOFT_UP;1;70.5;3;1
2026.01.26 09:00;87843.01;87868.75;87468.22;87530.23;21.59;21.58;18.30;61.01;78.19;1.158;NEUTRE;0;68.5;3;1
2026.01.26 08:00;87872.59;88225.61;87707.26;87843.01;23.65;24.90;11.94;83.16;86.75;1.520;SOFT_UP;1;75;3;1
2026.01.26 07:00;87804.32;87935.63;87574.61;87872.59;21.87;20.12;13.78;90.38;84.16;1.554;SOFT_UP;1;77.1;3;1
2026.01.26 06:00;87662.40;87886.49;87601.02;87804.32;22.36;21.12;15.89;86.70;78.55;1.475;SOFT_UP;1;78.3;3;0
2026.01.26 05:00;87583.06;87804.75;87512.50;87662.34;23.62;19.97;18.34;75.40;75.28;1.311;SOFT_UP;1;79;3;0
2026.01.26 04:00;87106.77;87794.42;87071.91;87583.06;26.60;22.50;21.16;73.54;77.34;1.219;NEUTRE;0;80.5;3;0
2026.01.26 03:00;87381.42;87510.64;86920.37;87106.77;30.22;19.91;24.42;76.89;76.33;0.669;NEUTRE;0;77.2;3;0
2026.01.26 02:00;87545.06;87817.86;87286.08;87381.42;33.31;22.98;18.64;81.58;63.96;0.986;NEUTRE;0;84.1;3;0
2026.01.26 01:00;86711.96;87676.67;86672.05;87545.24;36.83;22.43;21.51;70.51;45.05;1.175;NEUTRE;0;;;0
2026.01.26 00:00;86528.20;87015.70;86377.54;86711.87;42.18;15.76;24.82;39.80;27.66;0.212;NEUTRE;0;;;0
2026.01.25 23:00;86390.21;86659.64;85926.03;86528.20;45.23;9.60;28.64;24.83;19.40;-2.826;STRONG_DOWN;-2;-67.6;-3;0
2026.01.25 22:00;86440.47;86535.16;86083.26;86390.21;44.53;11.07;29.75;18.37;17.00;-2.981;STRONG_DOWN;-2;-69.5;-3;0
2026.01.25 21:00;86523.20;86875.27;86259.01;86440.47;44.34;12.78;28.34;14.99;16.87;-2.925;STRONG_DOWN;-2;-70;-3;0
2026.01.25 20:00;86359.62;86584.83;86104.88;86523.25;45.34;7.49;32.70;17.65;21.05;-2.832;STRONG_DOWN;-2;-70.3;-3;0
2026.01.25 19:00;87262.19;87350.61;86140.51;86359.62;42.66;8.64;36.59;17.96;23.64;-3.016;STRONG_DOWN;-2;-72.3;-3;0
2026.01.25 18:00;87730.71;87827.78;86716.55;87262.19;39.72;9.97;34.89;27.55;29.10;-2.002;SOFT_DOWN;-1;-65.5;-3;0
2026.01.25 17:00;87922.78;87949.70;87608.68;87730.71;37.29;11.51;27.91;25.41;38.80;-1.476;SOFT_DOWN;-1;-59.7;-2;0
2026.01.25 16:00;88288.06;88291.50;87437.82;87922.78;36.62;13.28;32.20;34.35;58.36;-1.260;SOFT_DOWN;-1;-57.2;-2;0
2026.01.25 15:00;88547.28;88599.16;88217.28;88288.06;35.86;15.32;23.11;56.63;75.24;-0.850;NEUTRE;0;-48.2;-2;0
2026.01.25 14:00;88759.02;88774.68;88463.44;88547.28;38.26;17.68;16.75;84.09;80.60;-0.559;NEUTRE;0;-38.2;-1;0
2026.01.25 13:00;88623.07;88811.00;88486.94;88759.02;43.73;20.40;18.16;85.00;68.99;-0.321;NEUTRE;0;-25.9;-1;0
2026.01.25 12:00;88396.18;88626.03;88273.20;88623.07;49.56;14.75;20.96;72.71;52.15;-0.474;NEUTRE;0;-37.9;-1;0
2026.01.25 11:00;88478.94;88535.65;88361.05;88396.18;54.51;13.08;24.18;49.28;34.10;-0.729;NEUTRE;0;-52.6;-2;0
2026.01.25 10:00;88226.66;88497.44;88226.61;88478.94;58.32;11.73;27.90;34.46;23.47;-0.636;NEUTRE;0;-51.4;-2;0
2026.01.25 09:00;88120.16;88316.73;88055.41;88226.66;61.01;3.27;32.19;18.55;19.40;-0.919;NEUTRE;0;-63.6;-2;0
2026.01.25 08:00;88481.95;88581.18;87962.52;88120.16;57.85;3.77;37.14;17.40;24.13;-1.039;NEUTRE;0;-68.7;-3;0
2026.01.25 07:00;88658.42;88658.58;88456.15;88481.95;54.19;4.35;30.58;22.26;27.73;-0.632;NEUTRE;0;-60.7;-2;0
2026.01.25 06:00;88818.22;88818.22;88474.99;88658.42;50.98;5.02;33.86;32.74;27.55;-0.434;NEUTRE;0;-54.9;-2;0
2026.01.25 05:00;88837.59;88874.76;88693.21;88818.22;47.41;5.79;29.28;28.21;21.75;-0.255;NEUTRE;0;-45.1;-2;0
2026.01.25 04:00;88787.35;88917.12;88764.70;88837.59;44.39;6.68;27.73;21.71;19.31;-0.233;NEUTRE;0;-48.9;-2;0
2026.01.25 03:00;88959.57;89002.24;88665.57;88787.35;41.81;7.71;32.00;15.34;19.02;-0.289;NEUTRE;0;-62.2;-2;0
2026.01.25 02:00;88990.55;89082.55;88955.18;88959.55;38.83;8.89;23.69;20.88;26.26;-0.096;NEUTRE;0;-43.4;-1;0
2026.01.25 01:00;89136.03;89137.86;88926.04;88990.55;37.82;10.26;27.33;20.85;33.93;-0.061;NEUTRE;0;;;0
2026.01.25 00:00;89044.96;89136.03;89000.53;89136.03;36.65;11.84;26.13;37.04;50.46;0.102;NEUTRE;0;;;0
2026.01.24 23:00;89257.78;89303.48;89034.27;89044.96;36.50;13.66;26.31;43.89;58.66;-0.450;NEUTRE;0;-21.1;0;0
2026.01.24 22:00;89215.82;89323.73;89122.89;89257.78;37.24;15.76;25.30;70.44;64.57;-0.212;NEUTRE;0;-10.8;0;0
2026.01.24 21:00;89205.48;89219.20;89090.76;89215.82;39.40;10.18;29.19;61.66;60.62;-0.259;NEUTRE;0;-13.7;0;0
2026.01.24 20:00;89148.34;89220.30;89146.87;89205.48;38.03;11.75;26.96;61.62;56.60;-0.271;NEUTRE;0;-14.9;0;0
2026.01.24 19:00;89217.09;89222.68;89097.65;89148.34;37.84;13.55;31.11;58.57;47.26;-0.334;NEUTRE;0;-19.1;0;0
2026.01.24 18:00;89222.87;89290.41;89195.98;89217.09;37.61;15.64;23.80;49.59;38.84;-0.258;NEUTRE;0;-15.8;0;0
2026.01.24 17:00;89103.01;89241.10;89065.54;89222.85;40.21;10.01;27.46;33.62;31.61;-0.251;NEUTRE;0;-16.2;0;0
2026.01.24 16:00;89097.88;89180.33;88985.43;89103.01;39.24;6.23;31.68;33.30;31.27;-0.385;NEUTRE;0;-25.4;-1;0
2026.01.24 15:00;89278.20;89320.44;89082.64;89097.88;34.94;7.18;28.88;27.90;24.47;-0.391;NEUTRE;0;-27.2;-1;0
2026.01.24 14:00;89206.79;89342.85;89009.51;89278.20;31.06;8.29;33.32;32.61;23.03;-0.189;NEUTRE;0;-14.9;0;0
2026.01.24 13:00;89361.71;89371.97;89205.94;89206.79;26.59;9.56;29.38;12.88;17.51;-0.269;NEUTRE;0;-22.2;0;0
2026.01.24 12:00;89423.68;89424.41;89303.03;89361.71;22.85;11.04;24.91;23.60;20.26;-0.096;NEUTRE;0;-9;0;0
2026.01.24 11:00;89452.67;89502.61;89420.41;89423.25;20.43;12.73;13.86;16.06;18.16;-0.027;NEUTRE;0;-2.8;0;0
2026.01.24 10:00;89430.22;89477.20;89409.60;89452.67;22.92;9.94;16.00;21.11;20.18;0.006;NEUTRE;0;0.7;0;0
2026.01.24 09:00;89492.12;89493.14;89410.31;89430.22;22.85;11.46;18.29;17.31;26.08;-0.019;NEUTRE;0;-2.4;0;0
2026.01.24 08:00;89445.93;89519.65;89407.64;89492.12;22.83;13.23;21.11;22.12;41.02;0.050;NEUTRE;0;7;0;0
2026.01.24 07:00;89481.32;89518.22;89401.42;89445.93;22.81;15.07;24.36;38.80;58.23;-0.002;NEUTRE;0;-0.3;0;0
2026.01.24 06:00;89620.72;89624.96;89478.11;89481.32;22.70;17.39;18.00;62.14;71.05;0.038;NEUTRE;0;7.1;0;0
2026.01.24 05:00;89676.87;89694.03;89592.43;89620.72;25.92;20.06;8.80;73.75;72.50;0.194;NEUTRE;0;37.4;1;0
2026.01.24 04:00;89605.28;89692.97;89551.01;89676.87;23.90;22.99;10.15;77.24;62.43;0.256;NEUTRE;0;51.6;2;0
2026.01.24 03:00;89528.93;89763.51;89498.50;89605.28;21.62;26.52;11.71;66.52;46.87;0.176;NEUTRE;0;49.1;2;0
2026.01.24 02:00;89389.29;89548.81;89388.81;89528.93;18.99;18.14;13.51;43.54;32.91;0.091;NEUTRE;0;41.9;1;0
2026.01.24 01:00;89288.84;89427.09;89286.91;89389.29;19.66;9.23;15.59;30.55;24.37;-0.065;NEUTRE;0;;;0
2026.01.24 00:00;89447.47;89484.48;89263.37;89288.84;18.74;10.65;17.99;24.63;18.91;-0.177;NEUTRE;0;;;0
2026.01.23 23:00;89480.09;89482.15;89330.40;89447.47;17.68;12.28;16.09;17.92;19.89;0.010;NEUTRE;0;0.5;0;0
2026.01.23 22:00;89199.00;89607.44;89186.83;89480.09;18.33;14.17;18.57;14.19;30.59;0.047;NEUTRE;0;2.4;0;0
2026.01.23 21:00;89350.57;89550.34;89169.43;89199.00;19.08;14.26;21.43;27.56;48.50;-0.268;NEUTRE;0;-14.1;0;0
2026.01.23 20:00;89836.43;90014.53;89062.33;89348.77;18.93;16.46;24.72;50.02;64.90;-0.100;NEUTRE;0;-5.6;0;0
2026.01.23 19:00;90381.66;90394.11;89456.18;89836.43;18.76;18.99;22.16;67.93;75.39;0.445;NEUTRE;0;24.8;0;1
2026.01.23 18:00;90456.45;90957.79;90322.00;90379.62;20.46;21.91;11.37;76.73;76.72;1.052;NEUTRE;0;49;2;1
2026.01.23 17:00;89982.44;91078.37;89823.11;90456.45;18.73;25.28;13.12;81.50;74.01;1.138;NEUTRE;0;52.8;2;1
2026.01.23 16:00;89616.62;90351.76;89336.97;89981.87;16.74;20.27;15.14;71.94;63.70;0.608;NEUTRE;0;36.8;1;1
2026.01.23 15:00;88854.31;89716.89;88414.45;89616.56;17.08;13.76;17.47;68.60;58.65;0.199;NEUTRE;0;14.6;0;1
2026.01.23 14:00;89219.51;89597.83;88512.79;88854.31;17.89;14.47;20.15;50.56;47.90;-0.653;NEUTRE;0;-42.6;-1;1
2026.01.23 13:00;89101.71;89316.85;89082.95;89219.51;18.11;16.70;15.17;56.79;38.14;-0.245;NEUTRE;0;-20.4;0;1
2026.01.23 12:00;89064.28;89244.63;88947.78;89101.71;20.16;14.52;17.51;36.37;22.99;-0.376;NEUTRE;0;-31.7;-1;1
2026.01.23 11:00;88892.98;89223.40;88875.11;89064.41;21.83;15.65;20.20;21.27;14.53;-0.418;NEUTRE;0;-36.8;-1;1
2026.01.23 10:00;88821.13;89043.36;88707.05;88892.66;23.24;10.11;23.31;11.34;12.11;-0.610;NEUTRE;0;-50.2;-2;1
2026.01.23 09:00;89066.47;89235.44;88745.30;88821.13;20.73;11.66;25.14;10.98;14.97;-0.690;NEUTRE;0;-56.5;-2;1
2026.01.23 08:00;89396.81;89482.05;88983.02;89066.46;18.29;13.45;21.55;14.01;24.52;-0.416;NEUTRE;0;-45.7;-2;1
2026.01.23 07:00;89354.16;89548.83;89295.17;89396.81;17.54;15.52;15.24;19.90;42.82;-0.047;NEUTRE;0;-7.5;0;1
2026.01.23 06:00;89478.55;89668.41;89249.85;89354.16;20.10;17.91;17.58;39.66;62.03;-0.094;NEUTRE;0;-17.2;0;0
2026.01.23 05:00;89841.36;89851.77;89321.85;89478.54;23.05;20.67;17.64;68.89;76.60;0.045;NEUTRE;0;10.1;0;0
2026.01.23 04:00;89805.64;89957.14;89746.49;89841.36;25.38;23.85;8.03;77.52;76.46;0.451;NEUTRE;0;65.8;3;0
2026.01.23 03:00;89517.56;89807.11;89503.55;89805.77;21.65;16.56;9.26;83.39;72.84;0.411;NEUTRE;0;69.7;3;0
2026.01.23 02:00;89809.77;89864.42;89504.04;89518.27;20.64;19.11;10.67;68.47;59.65;0.089;NEUTRE;0;41.2;1;0
2026.01.23 01:00;89403.24;89816.65;89393.68;89809.77;19.45;20.01;12.31;66.67;48.77;0.415;NEUTRE;0;;;0
2026.01.23 00:00;89438.41;89521.34;89315.42;89402.87;18.78;12.34;14.20;43.81;39.85;-0.040;NEUTRE;0;;;0
2026.01.22 23:00;89228.76;89465.91;89042.00;89438.41;20.59;10.10;16.38;35.83;45.82;0.121;NEUTRE;0;5.9;0;0
2026.01.22 22:00;89125.44;89426.05;89012.37;89228.76;20.11;10.21;18.90;39.90;57.52;-0.114;NEUTRE;0;-5.8;0;0
2026.01.22 21:00;89278.89;89537.16;89107.87;89126.86;18.61;11.78;18.26;61.72;67.13;-0.228;NEUTRE;0;-12.1;0;0
2026.01.22 20:00;89660.26;89829.94;89256.49;89278.86;18.15;13.59;15.75;70.93;62.60;-0.058;NEUTRE;0;-3.3;0;0
2026.01.22 19:00;89207.27;89799.87;88975.36;89660.26;19.82;14.87;18.17;68.75;51.37;0.369;NEUTRE;0;20.9;0;1
2026.01.22 18:00;89420.74;89677.37;89176.15;89207.27;21.33;17.16;17.22;48.11;36.14;-0.138;NEUTRE;0;-8.6;0;1
2026.01.22 17:00;88930.47;89496.38;88896.41;89420.74;24.59;14.25;19.86;37.26;26.33;0.101;NEUTRE;0;6.7;0;1
2026.01.22 16:00;88874.44;89151.27;88531.18;88930.47;25.84;7.59;22.92;23.05;20.80;-0.448;NEUTRE;0;-28.9;-1;1
2026.01.22 15:00;88969.12;89276.48;88391.13;88874.44;22.08;8.76;26.45;18.67;24.55;-0.510;NEUTRE;0;-33.8;-1;1
2026.01.22 14:00;89493.49;89606.07;88820.37;88968.33;17.75;10.10;23.06;20.68;38.25;-0.405;NEUTRE;0;-29.7;-1;1
2026.01.22 13:00;89898.60;90227.04;89356.65;89493.38;14.47;11.66;16.10;34.29;50.88;0.183;NEUTRE;0;15.5;0;1
2026.01.22 12:00;89813.12;89976.79;89746.06;89898.60;14.23;13.45;11.70;59.78;58.24;0.636;NEUTRE;0;46.2;2;1
2026.01.22 11:00;89965.54;90033.58;89765.76;89813.12;15.35;15.52;12.18;58.58;51.56;0.540;NEUTRE;0;44;1;1
2026.01.22 10:00;89920.88;89992.17;89834.55;89965.54;15.86;17.91;10.11;56.37;47.49;0.711;NEUTRE;0;54.5;2;1
2026.01.22 09:00;89794.68;90013.22;89758.70;89920.95;14.01;20.67;11.66;39.73;45.50;0.661;NEUTRE;0;55.4;2;1
2026.01.22 08:00;89693.36;89841.64;89628.72;89794.68;11.88;13.47;13.45;46.39;52.44;0.520;NEUTRE;0;52;2;1
2026.01.22 07:00;90050.63;90077.03;89668.06;89693.36;13.70;15.55;12.68;50.40;55.33;0.406;NEUTRE;0;48.8;2;1
2026.01.22 06:00;89901.59;90098.85;89774.01;90050.63;14.24;17.94;10.65;60.55;57.39;0.806;NEUTRE;0;69.3;3;0
2026.01.22 05:00;89875.20;89959.72;89795.06;89901.59;12.51;14.11;12.29;55.06;57.62;0.639;NEUTRE;0;68.3;3;0
2026.01.22 04:00;89773.66;89957.06;89698.73;89875.20;13.37;16.03;14.18;56.57;59.65;0.610;NEUTRE;0;71.6;3;0
2026.01.22 03:00;89811.97;90039.72;89566.53;89773.66;14.48;18.50;16.36;61.22;60.48;0.496;NEUTRE;0;72.9;3;0
2026.01.22 02:00;89993.67;90238.92;89717.11;89811.97;15.76;21.35;13.98;61.15;61.71;0.539;NEUTRE;0;79.3;3;0
2026.01.22 01:00;89791.86;90076.41;89703.88;89993.67;14.98;19.84;16.13;59.05;67.20;0.743;NEUTRE;0;;;0
2026.01.22 00:00;89330.35;89916.32;89329.46;89791.86;15.70;16.28;18.61;64.92;76.90;0.517;NEUTRE;0;;;0
2026.01.21 23:00;89648.27;90097.64;89225.69;89330.35;17.08;18.78;21.47;77.63;86.56;1.192;NEUTRE;0;45.6;2;0
2026.01.21 22:00;90138.32;90272.56;89631.14;89648.27;18.68;21.67;17.62;88.15;85.57;1.552;SOFT_UP;1;54.3;2;0
2026.01.21 21:00;90078.38;90231.54;89857.24;90138.04;19.97;25.01;14.91;93.90;73.05;2.107;SOFT_UP;1;63.2;2;0
2026.01.21 20:00;90242.26;90253.73;89305.27;90076.59;19.15;28.86;17.20;74.65;48.32;2.038;SOFT_UP;1;63.5;2;0
2026.01.21 19:00;88356.34;90318.04;88144.46;90241.64;18.21;33.29;19.85;50.61;34.17;2.225;SOFT_UP;1;66.6;3;1
2026.01.21 18:00;87793.72;88521.41;87444.14;88356.34;17.11;25.70;22.90;19.69;34.81;0.089;NEUTRE;0;5.6;0;1
2026.01.21 17:00;87467.09;88010.81;87149.79;87793.84;18.86;22.36;26.43;32.21;54.02;-0.548;NEUTRE;0;-32.4;-1;1
2026.01.21 16:00;90169.22;90246.82;87455.16;87467.09;20.48;25.80;25.04;52.52;63.30;-0.918;NEUTRE;0;-48.5;-2;1
2026.01.21 15:00;89675.31;90405.03;89608.22;90169.22;23.40;29.77;17.02;77.34;55.83;2.143;SOFT_UP;1;70.4;3;1
2026.01.21 14:00;88536.33;89853.01;88478.65;89677.03;22.81;23.69;19.64;60.04;38.90;1.585;SOFT_UP;1;65.9;3;1
2026.01.21 13:00;88605.34;88894.69;88423.34;88542.94;24.88;16.61;22.66;30.12;23.81;0.300;NEUTRE;0;24.5;0;1
2026.01.21 12:00;88657.40;88720.96;88076.32;88605.32;26.34;13.50;26.15;26.54;19.65;0.371;NEUTRE;0;31.3;1;1
2026.01.21 11:00;89104.42;89245.79;88565.73;88657.40;25.48;15.57;18.49;14.76;15.68;0.430;NEUTRE;0;37.6;1;1
2026.01.21 10:00;88965.27;89259.44;88935.66;89104.42;28.08;17.97;12.97;17.64;21.16;0.936;NEUTRE;0;61.5;2;1
2026.01.21 09:00;89042.19;89350.26;88931.30;88965.27;29.92;20.73;14.96;14.65;34.04;0.779;NEUTRE;0;59.6;2;1
2026.01.21 08:00;89070.15;89234.69;88847.01;89042.19;32.03;19.68;17.27;31.20;55.44;0.866;NEUTRE;0;64.9;2;1
2026.01.21 07:00;89515.50;89627.43;88932.05;89071.39;35.95;22.71;16.55;56.27;74.43;0.899;NEUTRE;0;68.4;3;1
2026.01.21 06:00;89819.73;89819.73;89358.92;89515.50;39.07;26.20;9.65;78.84;82.57;1.402;SOFT_UP;1;77.7;3;0
2026.01.21 05:00;89303.66;89978.70;89291.13;89819.73;37.98;30.23;11.13;88.18;80.02;1.747;SOFT_UP;1;81.7;3;0
2026.01.21 04:00;89279.54;89484.29;89201.69;89303.66;36.72;23.82;12.85;80.69;70.53;1.162;NEUTRE;0;80.1;3;0
2026.01.21 03:00;88906.21;89455.23;88894.57;89279.54;37.76;25.90;14.82;71.19;59.27;1.135;NEUTRE;0;82.4;3;0
2026.01.21 02:00;88869.28;89212.84;88841.50;88906.21;39.39;23.24;17.10;59.70;47.88;0.712;NEUTRE;0;81.9;3;0
2026.01.21 01:00;88786.16;89015.75;88702.37;88869.28;43.11;18.65;19.73;46.91;36.45;0.670;NEUTRE;0;;;0
2026.01.21 00:00;88277.79;88837.60;88104.14;88786.18;49.30;12.77;22.77;37.04;28.72;0.576;NEUTRE;0;;;0
2026.01.20 23:00;88348.40;88380.49;87750.92;88277.79;52.56;5.15;26.27;25.40;23.50;-4.589;EXPLOSIVE_DOWN;-3;-75.7;-3;0
2026.01.20 22:00;89312.13;89483.19;87733.80;88348.40;50.30;5.94;30.32;23.72;20.73;-4.513;EXPLOSIVE_DOWN;-3;-76.1;-3;0
2026.01.20 21:00;89535.38;89668.84;89259.88;89312.13;47.69;6.85;21.56;21.37;17.95;-3.471;STRONG_DOWN;-2;-72.9;-3;0
2026.01.20 20:00;89554.78;89678.12;89214.93;89536.24;47.07;7.91;24.88;17.11;15.42;-3.229;STRONG_DOWN;-2;-72.6;-3;0
2026.01.20 19:00;89345.83;89641.73;89136.98;89554.04;46.35;7.91;28.70;15.38;19.38;-3.210;STRONG_DOWN;-2;-73.3;-3;1
2026.01.20 18:00;89627.57;89814.74;89238.91;89345.76;44.74;9.13;30.01;13.76;24.99;-3.435;STRONG_DOWN;-2;-75.1;-3;1
2026.01.20 17:00;90025.45;90363.35;89286.63;89627.57;43.42;10.54;33.35;29.01;32.36;-3.130;STRONG_DOWN;-2;-74.6;-3;1
2026.01.20 16:00;90545.72;90843.06;89876.75;90025.52;42.10;12.16;30.05;32.19;35.82;-2.700;STRONG_DOWN;-2;-73.3;-3;1
2026.01.20 15:00;90392.09;90652.49;89728.98;90545.72;42.06;10.99;34.68;35.87;45.20;-2.138;SOFT_DOWN;-1;-70.4;-3;1
2026.01.20 14:00;90830.82;91221.66;90136.00;90392.12;40.55;12.69;33.23;39.40;56.51;-2.304;SOFT_DOWN;-1;-72.9;-3;1
2026.01.20 13:00;91159.25;91171.91;90689.22;90830.82;39.91;14.64;30.50;60.33;59.05;-1.830;SOFT_DOWN;-1;-70.2;-3;1
2026.01.20 12:00;91092.31;91189.85;90925.54;91159.25;40.64;16.89;27.66;69.81;49.71;-1.475;SOFT_DOWN;-1;-67.6;-3;1
2026.01.20 11:00;91135.10;91313.41;91081.36;91092.26;43.17;19.49;22.85;47.00;33.96;-1.547;SOFT_DOWN;-1;-70.2;-3;1
2026.01.20 10:00;90897.83;91164.06;90858.15;91135.10;48.59;12.58;26.36;32.31;23.89;-1.501;SOFT_DOWN;-1;-71.3;-3;1
2026.01.20 09:00;90965.69;90965.69;90762.06;90897.83;50.63;4.54;30.42;22.58;18.38;-1.757;SOFT_DOWN;-1;-75.4;-3;1
2026.01.20 08:00;91038.09;91117.89;90544.17;90965.69;47.03;5.24;35.10;16.79;14.84;-1.684;SOFT_DOWN;-1;-76.4;-3;1
2026.01.20 07:00;90797.57;91165.97;90723.06;91038.80;42.88;6.05;35.70;15.78;16.18;-1.605;SOFT_DOWN;-1;-77.5;-3;1
2026.01.20 06:00;91511.20;91518.34;90651.07;90797.57;38.55;6.98;41.20;11.95;20.62;-1.866;SOFT_DOWN;-1;-80.7;-3;0
2026.01.20 05:00;91958.53;91976.48;91184.33;91511.31;33.56;8.06;38.08;20.81;31.18;-1.094;NEUTRE;0;-76.9;-3;0
2026.01.20 04:00;92333.17;92365.68;91903.14;91958.53;28.71;9.29;29.97;29.11;39.42;-0.611;NEUTRE;0;-71.6;-3;0
2026.01.20 03:00;92446.46;92547.28;92151.62;92333.15;25.02;10.72;26.32;43.61;44.36;-0.206;NEUTRE;0;-53.5;-2;0
2026.01.20 02:00;92614.47;92626.89;92255.19;92446.46;22.39;12.37;26.34;45.54;40.55;-0.084;NEUTRE;0;-39.6;-1;0
2026.01.20 01:00;92606.99;92768.91;92414.06;92614.47;20.29;14.28;23.82;43.94;32.69;0.098;NEUTRE;0;;;0
2026.01.20 00:00;92523.73;92763.94;92256.54;92606.99;19.56;16.26;27.48;32.16;23.49;0.090;NEUTRE;0;;;0
2026.01.19 23:00;92466.88;92647.91;92057.52;92524.56;18.62;15.24;31.71;21.97;24.94;-1.139;NEUTRE;0;-44.3;-1;0
2026.01.19 22:00;92902.47;92953.60;92461.79;92466.88;16.09;17.59;26.05;16.34;33.37;-1.201;NEUTRE;0;-47.1;-2;0
2026.01.19 21:00;93050.29;93251.19;92902.47;92902.47;15.58;20.29;16.28;36.52;47.16;-0.735;NEUTRE;0;-34.6;-1;0
2026.01.19 20:00;93010.43;93179.74;92993.43;93050.29;16.29;23.42;14.77;47.25;58.10;-0.577;NEUTRE;0;-29.6;-1;0
2026.01.19 19:00;92964.94;93057.33;92895.96;93010.43;15.31;16.91;17.04;57.73;66.74;-0.620;NEUTRE;0;-32.7;-1;1
2026.01.19 18:00;93147.01;93169.88;92835.69;92964.94;17.61;19.51;19.66;69.33;65.81;-0.669;NEUTRE;0;-36.2;-1;1
2026.01.19 17:00;93216.08;93305.82;93062.02;93147.01;20.25;22.51;12.27;73.17;55.94;-0.474;NEUTRE;0;-28.8;-1;1
2026.01.19 16:00;92970.60;93329.30;92900.41;93216.08;18.84;25.98;14.16;54.93;44.55;-0.400;NEUTRE;0;-26.2;-1;1
2026.01.19 15:00;92715.89;92993.28;92715.89;92970.58;17.21;17.92;16.33;39.73;46.53;-0.663;NEUTRE;0;-41.1;-1;1
2026.01.19 14:00;92936.36;92947.42;92612.24;92715.89;19.14;18.13;18.85;38.98;55.83;-0.935;NEUTRE;0;-52.8;-2;1
2026.01.19 13:00;92979.47;93057.14;92706.78;92936.36;21.79;20.92;17.41;60.89;66.49;-0.699;NEUTRE;0;-46.7;-2;1
2026.01.19 12:00;93095.07;93138.80;92903.10;92979.47;23.73;24.14;11.46;67.62;71.33;-0.653;NEUTRE;0;-47;-2;1
2026.01.19 11:00;92972.89;93223.93;92876.73;93095.07;21.91;27.86;13.23;70.95;76.11;-0.530;NEUTRE;0;-43.5;-1;1
2026.01.19 10:00;92964.45;92988.80;92797.65;92972.89;19.80;21.72;15.26;75.42;79.73;-0.660;NEUTRE;0;-52.4;-2;1
2026.01.19 09:00;93173.16;93181.72;92853.38;92964.45;20.16;25.06;13.13;81.97;75.43;-0.669;NEUTRE;0;-55.7;-2;1
2026.01.19 08:00;92752.84;93287.69;92607.69;93173.16;18.45;28.92;15.15;81.79;61.18;-0.446;NEUTRE;0;-47.7;-2;1
2026.01.19 07:00;92502.28;92774.47;92468.91;92752.84;16.48;21.76;17.48;62.51;41.94;-0.895;NEUTRE;0;-68.4;-3;1
2026.01.19 06:00;92440.45;92556.05;92267.30;92502.28;17.34;14.11;20.17;39.22;26.89;-1.163;NEUTRE;0;-75.3;-3;0
2026.01.19 05:00;92587.85;92728.12;92419.49;92441.01;17.28;16.28;15.16;24.08;18.24;-1.228;NEUTRE;0;-78.3;-3;0
2026.01.19 04:00;92616.34;92672.11;92413.04;92587.85;19.39;15.99;17.49;17.36;14.66;-1.072;NEUTRE;0;-79.3;-3;0
2026.01.19 03:00;92484.55;92707.15;92415.64;92616.34;21.69;18.45;20.03;13.27;12.75;-1.041;NEUTRE;0;-81.7;-3;0
2026.01.19 02:00;92499.91;92590.63;92297.77;92484.55;24.40;15.14;23.11;13.35;13.66;-1.182;NEUTRE;0;-85.1;-3;0
2026.01.19 01:00;92629.55;92801.87;92147.08;92499.91;24.94;17.47;26.66;11.62;17.37;-1.166;NEUTRE;0;;;0
2026.01.19 00:00;93590.71;93593.78;92089.16;92629.55;25.58;20.16;30.77;16.00;36.77;-1.027;NEUTRE;0;;;0
2026.01.18 23:00;95407.47;95410.10;93536.52;93589.30;26.31;23.26;20.70;24.49;54.34;-1.558;SOFT_DOWN;-1;-53.2;-2;0
2026.01.18 22:00;95351.74;95452.09;95327.45;95407.47;29.46;26.84;9.18;69.81;70.95;0.355;NEUTRE;0;17.6;0;0
2026.01.18 21:00;95224.47;95357.82;95207.80;95351.74;26.45;19.33;10.59;68.74;74.94;0.296;NEUTRE;0;15.5;0;0
2026.01.18 20:00;95307.74;95372.30;95211.81;95224.47;26.02;22.30;11.81;74.31;77.43;0.162;NEUTRE;0;9.1;0;0
2026.01.18 19:00;95373.51;95442.00;95255.29;95307.74;25.30;25.74;9.46;81.76;72.94;0.250;NEUTRE;0;14.5;0;0
2026.01.18 18:00;95188.23;95444.42;95099.37;95373.51;22.07;29.69;10.91;76.21;58.47;0.319;NEUTRE;0;19.2;0;0
2026.01.18 17:00;95091.61;95198.35;95064.07;95188.19;18.35;23.29;12.59;60.86;46.12;0.124;NEUTRE;0;8.2;0;0
2026.01.18 16:00;95039.93;95115.09;94994.28;95091.61;16.59;17.34;14.53;38.33;37.27;0.023;NEUTRE;0;1.6;0;0
2026.01.18 15:00;94879.92;95052.96;94837.51;95039.93;17.78;12.09;16.76;39.17;41.58;-0.032;NEUTRE;0;-2.4;0;0
2026.01.18 14:00;95074.55;95285.16;94852.37;94879.92;18.03;13.95;18.28;34.30;44.14;-0.200;NEUTRE;0;-15.7;0;0
2026.01.18 13:00;95032.84;95125.52;94828.94;95074.55;18.73;10.42;21.10;51.27;54.93;0.005;NEUTRE;0;0.4;0;0
2026.01.18 12:00;95089.32;95103.76;95001.74;95032.84;16.41;12.03;15.38;46.84;61.40;-0.039;NEUTRE;0;-3.7;0;0
2026.01.18 11:00;95100.12;95106.28;94989.13;95089.32;17.05;13.88;17.74;66.69;63.90;0.020;NEUTRE;0;2.1;0;0
2026.01.18 10:00;95183.23;95212.25;95005.17;95100.12;17.79;16.01;18.37;70.67;59.69;0.031;NEUTRE;0;3.5;0;0
2026.01.18 09:00;95100.32;95205.73;95070.02;95183.23;19.48;18.48;16.37;54.35;56.91;0.119;NEUTRE;0;14.6;0;0
2026.01.18 08:00;94957.19;95121.71;94952.36;95100.32;21.55;11.79;18.89;54.05;63.37;0.032;NEUTRE;0;4.5;0;0
2026.01.18 07:00;95097.58;95107.97;94954.77;94957.19;21.30;12.36;21.80;62.33;70.98;-0.119;NEUTRE;0;-18.5;0;0
2026.01.18 06:00;95112.38;95130.81;95060.34;95097.58;20.33;14.26;14.55;73.73;69.79;0.029;NEUTRE;0;5.4;0;0
2026.01.18 05:00;95020.49;95184.27;94980.55;95112.38;23.30;16.45;16.79;76.88;59.10;0.044;NEUTRE;0;9.8;0;0
2026.01.18 04:00;95117.45;95117.45;94996.24;95020.56;26.73;13.94;19.37;58.76;41.01;-0.052;NEUTRE;0;-14.4;0;0
2026.01.18 03:00;94938.90;95131.23;94938.90;95117.47;28.33;16.08;22.35;41.67;28.27;0.050;NEUTRE;0;18.2;0;0
2026.01.18 02:00;94892.25;94991.18;94796.09;94938.90;30.18;7.36;25.79;22.59;22.65;-0.138;NEUTRE;0;-53.7;-2;0
2026.01.18 01:00;95029.98;95030.34;94793.98;94892.31;26.26;8.49;29.76;20.55;23.76;-0.187;NEUTRE;0;;;0
2026.01.18 00:00;95070.20;95163.65;94988.66;95030.28;21.75;9.79;21.67;24.81;27.72;-0.042;NEUTRE;0;;;0
2026.01.17 23:00;95090.39;95134.42;95037.97;95070.20;19.29;11.30;20.66;25.93;28.82;-0.422;NEUTRE;0;-19.9;0;0
2026.01.17 22:00;95236.46;95237.46;94964.84;95090.39;17.75;13.04;23.84;32.42;32.61;-0.401;NEUTRE;0;-19.8;0;0
2026.01.17 21:00;95304.89;95340.93;95205.47;95236.46;15.97;15.04;13.93;28.11;33.57;-0.248;NEUTRE;0;-13.1;0;0
2026.01.17 20:00;95224.28;95311.13;95211.59;95304.89;17.84;13.97;16.08;37.29;36.49;-0.176;NEUTRE;0;-9.8;0;0
2026.01.17 19:00;95351.17;95351.17;95211.24;95224.28;19.50;16.12;18.55;35.30;41.91;-0.261;NEUTRE;0;-15.1;0;0
2026.01.17 18:00;95292.70;95397.06;95276.00;95351.17;21.43;18.60;14.28;36.87;52.89;-0.128;NEUTRE;0;-8;0;0
2026.01.17 17:00;95233.02;95370.70;95214.17;95292.70;22.70;18.12;16.48;53.56;70.57;-0.189;NEUTRE;0;-12.4;0;0
2026.01.17 16:00;95499.23;95502.01;95142.67;95233.02;25.47;20.90;19.02;68.24;80.61;-0.252;NEUTRE;0;-17.2;0;0
2026.01.17 15:00;95395.03;95569.51;95359.00;95499.18;28.66;24.12;12.68;89.92;86.97;0.027;NEUTRE;0;2;0;0
2026.01.17 14:00;95365.64;95466.01;95277.13;95395.03;28.29;20.27;14.63;83.65;77.78;-0.082;NEUTRE;0;-6.6;0;0
2026.01.17 13:00;95185.94;95369.50;95124.22;95365.64;30.15;15.52;16.88;87.34;70.52;-0.113;NEUTRE;0;-9.7;0;0
2026.01.17 12:00;95243.46;95309.71;95159.98;95185.94;34.15;14.16;19.48;62.36;58.40;-0.301;NEUTRE;0;-26.3;-1;0
2026.01.17 11:00;95032.61;95246.04;94988.13;95243.46;36.97;9.80;22.48;61.86;53.41;-0.241;NEUTRE;0;-23.4;0;0
2026.01.17 10:00;95180.85;95196.92;95030.87;95032.61;36.61;8.37;25.93;50.99;44.03;-0.462;NEUTRE;0;-42.3;-1;0
2026.01.17 09:00;95171.31;95218.22;95096.02;95180.78;34.37;9.66;23.89;47.38;34.38;-0.306;NEUTRE;0;-33.8;-1;0
2026.01.17 08:00;95028.72;95182.11;94954.12;95171.24;33.13;6.60;27.56;33.72;27.37;-0.316;NEUTRE;0;-37.9;-1;0
2026.01.17 07:00;95156.96;95156.96;94980.23;95028.72;28.79;7.62;30.04;22.04;27.05;-0.466;NEUTRE;0;-52.7;-2;0
2026.01.17 06:00;95241.06;95268.22;95115.02;95156.96;24.06;8.79;22.93;26.36;31.38;-0.331;NEUTRE;0;-47.4;-2;0
2026.01.17 05:00;95234.63;95309.16;95212.99;95241.06;20.91;10.14;16.62;32.75;35.58;-0.243;NEUTRE;0;-43.8;-1;0
2026.01.17 04:00;95284.60;95288.48;95182.83;95234.63;20.40;8.39;19.17;35.03;46.16;-0.250;NEUTRE;0;-50.9;-2;0
2026.01.17 03:00;95282.54;95303.10;95186.09;95284.59;17.52;9.69;21.65;38.97;61.36;-0.198;NEUTRE;0;-52.4;-2;0
2026.01.17 02:00;95316.86;95343.20;95138.51;95282.54;14.35;11.18;24.98;64.49;78.00;-0.200;NEUTRE;0;-63.1;-2;0
2026.01.17 01:00;95390.03;95456.83;95305.56;95316.86;10.68;12.90;16.27;80.63;86.85;-0.164;NEUTRE;0;;;0
2026.01.17 00:00;95473.36;95504.70;95352.35;95390.03;10.55;14.88;14.01;88.89;91.01;-0.087;NEUTRE;0;;;0
2026.01.16 23:00;95438.03;95506.70;95350.30;95473.41;11.71;17.17;16.17;91.04;87.23;-0.067;NEUTRE;0;-3.3;0;0
2026.01.16 22:00;95441.86;95477.09;95179.84;95437.81;13.04;16.90;18.65;93.10;77.51;-0.104;NEUTRE;0;-5.3;0;0
2026.01.16 21:00;95490.01;95539.41;95286.62;95441.86;14.29;19.50;16.00;77.54;62.91;-0.100;NEUTRE;0;-5.4;0;0
2026.01.16 20:00;94914.41;95500.16;94588.61;95485.95;14.97;20.11;18.46;61.89;52.09;-0.054;NEUTRE;0;-3;0;0
2026.01.16 19:00;94914.94;94974.69;94750.55;94914.41;16.62;14.33;21.30;49.30;43.48;-0.652;NEUTRE;0;-34.1;-1;1
2026.01.16 18:00;94996.94;95143.10;94890.33;94914.94;16.17;16.54;14.98;45.08;34.94;-0.651;NEUTRE;0;-35.5;-1;1
2026.01.16 17:00;94795.05;95051.86;94480.97;94996.94;17.89;13.53;17.28;36.06;25.90;-0.566;NEUTRE;0;-33.3;-1;1
2026.01.16 16:00;94497.62;94917.81;94416.93;94795.10;18.77;12.00;19.94;23.69;21.45;-0.777;NEUTRE;0;-43.7;-1;1
2026.01.16 15:00;95114.37;95595.68;94206.87;94497.62;17.83;13.84;23.01;17.94;24.66;-1.088;NEUTRE;0;-55;-2;1
2026.01.16 14:00;95376.54;95749.56;95111.32;95114.37;16.75;15.97;16.53;22.74;26.31;-0.443;NEUTRE;0;-31.9;-1;1
2026.01.16 13:00;95387.41;95500.37;95219.28;95376.15;19.06;12.42;19.07;33.29;29.26;-0.169;NEUTRE;0;-14.4;0;1
2026.01.16 12:00;95354.45;95505.11;95280.43;95387.41;18.75;14.33;18.66;22.90;34.50;-0.157;NEUTRE;0;-14.5;0;1
2026.01.16 11:00;95236.60;95405.47;95184.50;95354.45;19.62;9.72;21.53;31.60;50.46;-0.191;NEUTRE;0;-18.9;0;1
2026.01.16 10:00;95533.50;95562.02;95214.29;95236.60;16.82;11.21;22.77;49.01;66.46;-0.315;NEUTRE;0;-31.8;-1;1
2026.01.16 09:00;95599.18;95709.72;95515.53;95533.50;14.18;12.94;12.94;70.77;76.25;-0.004;NEUTRE;0;-0.5;0;1
2026.01.16 08:00;95586.56;95769.73;95504.93;95599.18;16.35;14.93;14.93;79.60;72.20;0.065;NEUTRE;0;9.1;0;1
2026.01.16 07:00;95675.05;95724.12;95408.84;95586.56;18.87;14.57;17.23;78.40;56.93;0.052;NEUTRE;0;8.3;0;1
2026.01.16 06:00;95593.78;95755.91;95458.53;95675.05;20.48;16.82;17.46;58.60;35.89;0.144;NEUTRE;0;25.3;1;0
2026.01.16 05:00;95195.89;95619.41;95178.52;95593.78;23.35;12.34;20.14;33.78;28.28;0.059;NEUTRE;0;13.1;0;0
2026.01.16 04:00;95278.40;95510.12;95073.06;95195.89;23.25;10.43;23.24;15.30;36.01;-0.357;NEUTRE;0;-60.4;-2;0
2026.01.16 03:00;95430.85;95511.23;95250.97;95278.40;20.97;12.03;20.56;35.76;52.62;-0.271;NEUTRE;0;-60.7;-2;0
2026.01.16 02:00;95586.93;95606.45;95313.28;95430.85;20.17;13.88;20.03;56.96;56.31;-0.111;NEUTRE;0;-47.6;-2;0
2026.01.16 01:00;95557.84;95794.43;95356.13;95586.93;20.48;16.02;20.87;65.14;48.15;0.052;NEUTRE;0;;;0
2026.01.16 00:00;95537.29;95757.25;95505.22;95557.84;21.61;18.48;18.85;46.83;32.75;0.022;NEUTRE;0;;;0
2026.01.15 23:00;95495.98;95635.90;95325.48;95537.29;24.78;13.92;21.75;32.49;22.26;-1.421;SOFT_DOWN;-1;-50.6;-2;0
2026.01.15 22:00;95510.32;95798.89;95420.50;95496.19;25.22;16.06;20.38;18.92;16.44;-1.464;SOFT_DOWN;-1;-52.7;-2;0
2026.01.15 21:00;95174.90;95554.34;95121.93;95510.32;27.28;8.59;23.52;15.36;21.91;-1.449;SOFT_DOWN;-1;-53.7;-2;0
2026.01.15 20:00;95428.78;95585.76;95053.60;95174.90;24.32;9.91;27.13;15.02;35.21;-1.795;SOFT_DOWN;-1;-60.5;-2;0
2026.01.15 19:00;95780.71;95861.78;95119.38;95428.45;20.91;11.43;29.41;35.33;54.44;-1.534;SOFT_DOWN;-1;-57.8;-2;1
2026.01.15 18:00;96545.70;96554.97;95698.63;95780.71;17.35;13.19;21.93;55.29;62.87;-1.170;NEUTRE;0;-52;-2;1
2026.01.15 17:00;96660.21;97000.21;96344.19;96545.71;16.20;15.22;13.70;72.71;61.90;-0.381;NEUTRE;0;-23.8;0;1
2026.01.15 16:00;96677.24;96825.60;96194.89;96660.21;17.88;13.47;15.81;60.61;53.11;-0.263;NEUTRE;0;-17.9;0;1
2026.01.15 15:00;95985.35;96695.40;95377.63;96680.19;19.40;12.37;18.24;52.39;50.97;-0.242;NEUTRE;0;-17.6;0;1
2026.01.15 14:00;96794.15;97098.20;95541.24;95985.35;19.43;14.27;19.14;46.35;52.87;-0.959;NEUTRE;0;-53.5;-2;1
2026.01.15 13:00;96925.61;96978.37;96552.74;96794.10;20.17;16.46;12.09;54.19;58.06;-0.124;NEUTRE;0;-10.6;0;1
2026.01.15 12:00;96528.60;96948.59;96466.27;96925.73;20.92;17.92;13.95;58.07;65.54;0.011;NEUTRE;0;1;0;1
2026.01.15 11:00;96750.10;96871.71;96525.74;96528.60;22.23;18.22;16.10;61.92;74.63;-0.398;NEUTRE;0;-35.5;-1;1
2026.01.15 10:00;96994.65;97023.22;96693.09;96750.10;24.69;21.03;11.13;76.61;79.29;-0.170;NEUTRE;0;-18.5;0;1
2026.01.15 09:00;96592.70;97148.78;96502.72;96994.65;23.76;24.26;12.85;85.37;75.46;0.083;NEUTRE;0;10.3;0;1
2026.01.15 08:00;96580.05;96616.09;96237.19;96592.70;22.68;15.31;14.82;75.89;63.90;-0.332;NEUTRE;0;-39.3;-1;1
2026.01.15 07:00;96180.06;96717.39;96128.21;96576.16;25.92;17.67;17.10;65.14;50.08;-0.349;NEUTRE;0;-44.5;-1;1
2026.01.15 06:00;96372.52;96526.68;96118.83;96180.06;29.66;15.41;19.73;50.69;35.74;-0.758;NEUTRE;0;-68.1;-3;0
2026.01.15 05:00;96257.91;96442.61;96175.10;96373.80;32.32;14.60;22.77;34.41;22.94;-0.558;NEUTRE;0;-65.5;-3;0
2026.01.15 04:00;95912.99;96317.48;95880.60;96257.93;33.94;9.65;26.27;22.12;15.43;-0.678;NEUTRE;0;-73.3;-3;0
2026.01.15 03:00;96275.30;96324.91;95713.28;95912.99;32.04;11.14;30.31;12.29;12.59;-1.034;NEUTRE;0;-81.6;-3;0
2026.01.15 02:00;96391.34;96562.96;96049.60;96275.30;29.85;12.85;26.52;11.88;16.56;-0.660;NEUTRE;0;-81.3;-3;0
2026.01.15 01:00;96608.72;96914.83;96255.97;96393.02;29.11;14.83;24.41;13.60;28.58;-0.538;NEUTRE;0;;;0
2026.01.15 00:00;96914.69;96960.68;96449.44;96608.72;29.83;17.11;23.65;24.21;46.24;-0.316;NEUTRE;0;;;0
2026.01.14 23:00;96851.92;97347.14;96826.24;96916.72;31.95;19.75;15.95;47.92;63.64;1.646;SOFT_UP;1;54.7;2;0
2026.01.14 22:00;97527.14;97552.89;96746.48;96852.64;35.23;22.78;18.41;66.58;71.26;1.578;SOFT_UP;1;54.7;2;0
2026.01.14 21:00;97643.92;97695.70;97349.70;97527.14;39.01;26.29;9.73;76.42;71.70;2.286;SOFT_UP;1;65;3;0
2026.01.14 20:00;97234.07;97899.33;97170.87;97632.66;37.94;30.33;11.23;70.77;71.06;2.396;SOFT_UP;1;67;3;0
2026.01.14 19:00;96774.91;97617.07;96650.15;97234.07;36.71;29.04;12.96;67.89;74.67;1.978;SOFT_UP;1;64;2;1
2026.01.14 18:00;96923.81;97092.25;96218.14;96774.91;36.47;25.16;14.95;74.52;80.88;1.497;SOFT_UP;1;58.6;2;1
2026.01.14 17:00;97268.02;97775.04;96774.39;96923.81;38.16;29.03;7.46;81.61;83.41;1.653;SOFT_UP;1;62.4;2;1
2026.01.14 16:00;96739.77;97682.16;96710.63;97268.78;34.93;32.06;8.61;86.50;80.79;2.015;SOFT_UP;1;68.1;3;1
2026.01.14 15:00;96453.54;97030.55;96133.62;96741.19;31.44;26.68;9.93;82.12;65.56;1.461;SOFT_UP;1;62.5;2;1
2026.01.14 14:00;94928.66;96777.99;94912.02;96444.14;29.23;26.45;11.46;73.74;53.96;1.150;NEUTRE;0;58.3;2;1
2026.01.14 13:00;95001.43;95164.66;94828.34;94928.66;27.65;17.22;13.22;40.81;46.34;-0.439;NEUTRE;0;-33.6;-1;1
2026.01.14 12:00;94710.56;95082.07;94604.06;95001.43;29.88;16.09;15.25;47.33;49.13;-0.363;NEUTRE;0;-30.8;-1;1
2026.01.14 11:00;95019.52;95027.90;94650.32;94710.56;34.06;16.82;17.60;50.89;48.74;-0.668;NEUTRE;0;-50.1;-2;1
2026.01.14 10:00;95031.03;95241.90;94824.76;95019.71;38.96;19.41;13.20;49.16;44.68;-0.344;NEUTRE;0;-34.1;-1;1
2026.01.14 09:00;94835.56;95134.40;94817.88;95031.03;42.02;18.43;15.23;46.18;40.08;-0.332;NEUTRE;0;-36;-1;1
2026.01.14 08:00;95154.23;95266.60;94834.50;94835.56;47.02;21.27;16.77;38.70;32.44;-0.537;NEUTRE;0;-52.9;-2;1
2026.01.14 07:00;94973.65;95184.98;94798.71;95154.23;52.43;21.63;19.35;35.37;30.34;-0.203;NEUTRE;0;-29.7;-1;1
2026.01.14 06:00;94959.43;94978.28;94517.43;94973.65;59.64;16.73;22.32;23.26;36.13;-0.392;NEUTRE;0;-52.2;-2;0
2026.01.14 05:00;95176.68;95211.79;94896.83;94959.43;66.61;19.30;13.09;32.39;47.79;-0.407;NEUTRE;0;-58.1;-2;0
2026.01.14 04:00;95653.44;95732.96;95159.91;95176.68;73.91;22.27;2.25;52.74;55.73;-0.179;NEUTRE;0;-41.4;-1;0
2026.01.14 03:00;95280.28;95659.45;95211.04;95653.44;72.73;23.73;2.60;58.24;58.60;0.321;NEUTRE;0;64.6;2;0
2026.01.14 02:00;95178.52;95494.60;95128.35;95280.30;71.57;21.72;3.00;56.22;63.32;-0.071;NEUTRE;0;-35;-1;0
2026.01.14 01:00;95167.05;95512.77;95062.12;95178.52;70.94;25.06;3.46;61.33;70.35;-0.177;NEUTRE;0;;;0
2026.01.14 00:00;95347.70;95572.30;95098.81;95167.05;70.20;28.92;2.74;72.42;77.93;-0.189;NEUTRE;0;;;0