time;open;high;low;close;adx14;plus_di;minus_di;stoch_k;stoch_d;intraday_change;intraday_level;intraday_force;theta_deg;theta_level;is_active
2026.07.14 16:00;1873.38;1875.50;1860.06;1873.43;28.27;24.84;9.49;89.57;84.19;5.601;STRONG_UP;2;77.5;3;1
2026.07.14 12:00;1795.55;1885.84;1791.85;1873.38;25.74;28.66;10.95;85.68;76.69;5.598;STRONG_UP;2;80.6;3;1
2026.07.14 08:00;1778.19;1802.35;1776.30;1795.58;22.83;19.40;12.64;77.31;63.17;1.213;NEUTRE;0;62.9;2;1
2026.07.14 04:00;1781.16;1790.28;1776.53;1778.19;23.09;15.26;14.58;67.08;46.99;0.233;NEUTRE;0;36.9;1;0
2026.07.14 00:00;1774.06;1792.13;1770.89;1781.16;26.30;17.60;16.83;45.11;30.56;0.400;NEUTRE;0;;;0
2026.07.13 20:00;1772.59;1775.43;1750.73;1774.06;30.00;8.21;19.42;28.78;20.47;-1.723;NEUTRE;0;-48;-2;0
2026.07.13 16:00;1774.90;1778.83;1748.99;1772.59;28.38;9.48;22.40;17.79;14.71;-1.805;NEUTRE;0;-55.5;-2;1
2026.07.13 12:00;1778.72;1784.75;1760.93;1774.89;26.51;10.94;19.69;14.84;15.45;-1.677;NEUTRE;0;-60.9;-2;1
2026.07.13 08:00;1785.62;1791.58;1775.06;1778.75;26.18;12.62;13.60;11.51;24.50;-1.464;NEUTRE;0;-67;-3;1
2026.07.13 04:00;1778.89;1789.44;1772.78;1785.62;29.64;12.57;15.69;20.01;45.77;-1.083;NEUTRE;0;-74;-3;0
2026.07.13 00:00;1805.17;1842.46;1773.76;1778.89;32.50;14.50;17.20;41.99;63.54;-1.456;NEUTRE;0;;;0
2026.07.12 20:00;1819.91;1822.30;1796.13;1805.17;36.18;16.73;14.84;75.32;68.40;1.057;NEUTRE;0;34.2;1;0
2026.07.12 16:00;1819.47;1822.73;1813.60;1819.91;40.83;19.30;6.85;73.32;59.99;1.882;NEUTRE;0;56.6;2;0
2026.07.12 12:00;1802.09;1824.76;1801.39;1819.47;39.78;22.27;7.90;56.55;47.71;1.857;NEUTRE;0;63.4;2;0
2026.07.12 08:00;1797.24;1807.45;1795.01;1802.08;38.58;14.31;9.12;50.09;46.27;0.884;NEUTRE;0;54.9;2;0
2026.07.12 04:00;1809.92;1810.97;1788.11;1797.26;41.10;16.51;10.52;36.49;47.14;0.614;NEUTRE;0;63.2;2;0
2026.07.12 00:00;1786.29;1810.76;1778.39;1809.92;44.02;18.90;12.14;52.22;61.72;1.323;NEUTRE;0;;;0
2026.07.11 20:00;1823.00;1827.69;1785.22;1786.29;47.44;21.81;10.76;52.70;68.24;-0.499;NEUTRE;0;-17.8;0;0
2026.07.11 16:00;1813.01;1827.64;1809.25;1823.00;49.52;25.17;3.71;80.23;73.73;1.546;NEUTRE;0;51.2;2;0
2026.07.11 12:00;1798.47;1825.65;1796.41;1813.01;45.71;27.38;4.28;71.78;68.67;0.989;NEUTRE;0;46.7;2;0
2026.07.11 08:00;1798.17;1801.64;1793.22;1798.47;41.51;18.95;4.94;69.20;67.81;0.179;NEUTRE;0;16.1;0;0
2026.07.11 04:00;1794.81;1800.73;1793.36;1798.17;38.88;20.21;5.70;65.04;68.74;0.163;NEUTRE;0;27.7;1;0
2026.07.11 00:00;1795.25;1797.22;1785.85;1794.81;36.25;15.99;6.58;69.19;74.30;-0.025;NEUTRE;0;;;0
2026.07.10 20:00;1791.06;1796.22;1787.62;1795.27;35.41;18.45;5.20;72.00;79.72;2.975;SOFT_UP;1;62.4;2;0
2026.07.10 16:00;1789.35;1797.75;1779.79;1790.99;32.23;21.29;5.99;81.71;86.81;2.729;SOFT_UP;1;65.5;3;1
2026.07.10 12:00;1799.64;1809.56;1774.84;1789.35;28.56;24.56;6.92;85.46;86.02;2.635;SOFT_UP;1;70.5;3;1
2026.07.10 08:00;1771.93;1800.73;1770.98;1799.64;24.34;24.43;7.98;93.25;81.72;3.225;SOFT_UP;1;79.1;3;1
2026.07.10 04:00;1774.30;1778.68;1767.23;1771.93;20.27;16.78;9.21;79.35;68.47;1.636;NEUTRE;0;79.3;3;0
2026.07.10 00:00;1743.41;1777.73;1735.95;1774.30;18.91;18.09;10.63;72.56;60.50;1.772;NEUTRE;0;;;0
2026.07.09 20:00;1746.76;1749.34;1740.24;1743.41;17.82;10.42;12.26;53.50;57.03;0.107;NEUTRE;0;3.9;0;0
2026.07.09 16:00;1737.37;1757.78;1730.02;1746.70;19.31;12.02;14.15;55.44;59.02;0.296;NEUTRE;0;13.4;0;1
2026.07.09 12:00;1742.01;1749.87;1731.44;1737.37;21.03;9.49;16.32;62.15;61.38;-0.239;NEUTRE;0;-14.4;0;1
2026.07.09 08:00;1751.22;1756.78;1739.20;1741.96;20.19;10.95;12.36;59.46;56.15;0.024;NEUTRE;0;2.2;0;1
2026.07.09 04:00;1728.61;1759.63;1728.16;1751.22;22.37;12.63;14.26;62.52;47.81;0.556;NEUTRE;0;60.8;2;0
2026.07.09 00:00;1741.54;1753.36;1720.09;1728.61;24.88;11.51;16.45;46.47;35.42;-0.742;NEUTRE;0;;;0
2026.07.08 20:00;1739.43;1742.71;1729.68;1741.54;25.99;8.36;18.98;34.44;26.53;-1.587;NEUTRE;0;-45.6;-2;0
2026.07.08 16:00;1720.74;1744.56;1720.57;1739.35;24.00;9.64;21.90;25.36;21.95;-1.711;NEUTRE;0;-54;-2;1
2026.07.08 12:00;1746.00;1749.29;1710.99;1720.74;21.72;11.12;25.27;19.80;20.02;-2.763;SOFT_DOWN;-1;-71.4;-3;1
2026.07.08 08:00;1754.83;1756.88;1723.45;1746.00;19.08;12.84;24.15;20.70;23.89;-1.335;NEUTRE;0;-65.1;-3;1
2026.07.08 04:00;1749.81;1757.86;1743.04;1754.83;17.30;14.81;18.85;19.56;32.66;-0.836;NEUTRE;0;-69.6;-3;0
2026.07.08 00:00;1769.63;1782.90;1740.11;1749.81;18.12;17.09;21.75;31.42;41.71;-1.120;NEUTRE;0;;;0
2026.07.07 20:00;1788.81;1791.55;1764.08;1769.63;19.06;19.72;16.48;46.99;44.96;-1.580;NEUTRE;0;-45.5;-2;0
2026.07.07 16:00;1795.63;1810.21;1771.86;1788.81;20.62;22.75;14.66;46.73;41.88;-0.513;NEUTRE;0;-22.4;0;1
2026.07.07 12:00;1778.67;1801.18;1759.22;1795.63;20.46;22.63;16.92;41.16;42.88;-0.133;NEUTRE;0;-8.1;0;1
2026.07.07 08:00;1769.44;1782.55;1766.42;1778.67;21.39;19.28;19.52;37.77;49.91;-1.077;NEUTRE;0;-60;-2;1
2026.07.07 04:00;1769.73;1780.72;1756.04;1769.44;24.58;20.50;22.52;49.71;62.34;-1.590;NEUTRE;0;-79;-3;0
2026.07.07 00:00;1798.03;1808.45;1767.19;1769.72;27.64;23.65;19.04;62.25;66.22;-1.575;NEUTRE;0;;;0
2026.07.06 20:00;1791.30;1830.60;1785.65;1798.00;30.23;27.29;15.08;75.07;59.93;0.803;NEUTRE;0;27.3;1;0
2026.07.06 16:00;1787.00;1803.52;1780.89;1791.15;30.45;22.22;17.40;61.33;45.15;0.419;NEUTRE;0;18.6;0;1
2026.07.06 12:00;1757.49;1787.50;1728.10;1786.90;33.26;14.75;20.08;43.40;40.99;0.181;NEUTRE;0;11;0;1
2026.07.06 08:00;1770.10;1776.04;1753.71;1757.49;36.02;17.02;16.54;30.72;47.86;-1.468;NEUTRE;0;-67.1;-3;1
2026.07.06 04:00;1777.65;1782.45;1762.87;1770.12;41.34;19.64;12.77;48.83;59.55;-0.760;NEUTRE;0;-67.8;-3;0
2026.07.06 00:00;1783.68;1797.08;1770.26;1777.65;44.44;22.66;8.93;64.03;59.25;-0.338;NEUTRE;0;;;0
2026.07.05 20:00;1779.42;1805.62;1767.48;1783.68;44.59;26.14;10.30;65.79;48.39;0.277;NEUTRE;0;10.1;0;0
2026.07.05 16:00;1772.68;1784.10;1768.27;1779.42;44.76;21.49;11.88;47.93;32.75;0.038;NEUTRE;0;1.8;0;0
2026.07.05 12:00;1758.24;1778.01;1754.21;1772.68;47.22;18.87;13.71;31.44;27.13;-0.341;NEUTRE;0;-20.1;0;0
2026.07.05 08:00;1767.99;1770.79;1747.86;1758.24;52.05;17.11;15.82;18.86;33.26;-1.153;NEUTRE;0;-61.7;-2;0
2026.07.05 04:00;1759.56;1770.60;1758.08;1767.99;59.45;19.74;11.40;31.07;51.26;-0.605;NEUTRE;0;-62.8;-2;0
2026.07.05 00:00;1778.75;1778.89;1755.21;1759.56;64.48;22.78;13.15;49.86;66.56;-1.079;NEUTRE;0;;;0
2026.07.04 20:00;1790.84;1794.00;1770.80;1778.75;70.28;26.28;5.05;72.86;74.15;1.304;NEUTRE;0;40;1;0
2026.07.04 16:00;1789.23;1804.76;1777.06;1790.84;70.66;30.33;1.67;76.97;71.22;1.992;SOFT_UP;1;58.1;2;0
2026.07.04 12:00;1756.10;1796.16;1756.10;1789.23;67.76;30.21;1.93;72.62;68.59;1.900;SOFT_UP;1;63.9;2;0
2026.07.04 08:00;1756.31;1763.38;1752.85;1756.10;64.64;22.27;2.23;64.06;69.65;0.014;NEUTRE;0;1.3;0;0
2026.07.04 04:00;1751.69;1762.28;1749.57;1756.31;62.00;24.09;2.57;69.08;73.59;0.026;NEUTRE;0;4.8;0;0
2026.07.04 00:00;1755.86;1761.96;1742.07;1751.66;59.12;27.41;2.96;75.82;77.31;-0.239;NEUTRE;0;;;0
2026.07.03 20:00;1743.26;1773.20;1741.41;1755.86;55.83;31.63;3.42;75.86;79.57;3.393;SOFT_UP;1;65.4;3;0
2026.07.03 16:00;1728.91;1750.39;1725.84;1743.26;52.04;25.46;3.95;80.26;83.48;2.651;SOFT_UP;1;64.9;2;1
2026.07.03 12:00;1740.00;1750.62;1726.99;1728.91;48.79;29.37;3.83;82.61;84.69;1.806;NEUTRE;0;62.7;2;1
2026.07.03 08:00;1715.52;1746.65;1713.43;1740.00;44.46;31.31;4.42;87.59;84.22;2.459;SOFT_UP;1;75.8;3;1
2026.07.03 04:00;1704.02;1719.72;1699.95;1715.52;39.72;23.65;5.10;83.88;81.55;1.018;NEUTRE;0;73;3;0
2026.07.03 00:00;1698.24;1716.06;1692.40;1704.02;35.90;24.44;5.89;81.20;81.05;0.340;NEUTRE;0;;;0
2026.07.02 20:00;1698.11;1704.73;1689.83;1698.27;32.02;20.84;6.79;79.58;79.65;5.644;STRONG_UP;2;74.6;3;0
2026.07.02 16:00;1694.82;1705.42;1684.72;1698.12;29.12;24.04;7.84;82.39;80.31;5.635;STRONG_UP;2;77.6;3;1
2026.07.02 12:00;1648.13;1721.80;1645.38;1694.82;25.78;27.74;9.04;76.97;76.21;5.429;STRONG_UP;2;80.3;3;1
2026.07.02 08:00;1613.62;1652.32;1612.68;1648.26;21.92;18.02;10.43;81.57;76.24;2.533;SOFT_UP;1;76.2;3;1
2026.07.02 04:00;1637.17;1637.63;1612.05;1613.63;21.20;15.09;12.04;70.09;74.04;0.379;NEUTRE;0;50.7;2;0
2026.07.02 00:00;1607.54;1639.79;1595.05;1637.17;22.72;17.42;13.89;77.04;74.91;1.843;NEUTRE;0;;;0
2026.07.01 20:00;1616.25;1643.40;1606.18;1607.59;24.49;20.10;12.20;74.99;69.95;2.450;SOFT_UP;1;57.6;2;0
2026.07.01 16:00;1618.24;1626.82;1605.21;1616.25;24.49;16.33;14.08;72.69;64.61;3.002;SOFT_UP;1;67.5;3;1
2026.07.01 12:00;1567.45;1628.97;1563.36;1618.24;27.12;18.85;16.24;62.17;61.69;3.129;SOFT_UP;1;73.4;3;1
2026.07.01 08:00;1575.76;1582.61;1564.80;1567.45;30.15;10.88;18.74;58.98;61.20;-0.108;NEUTRE;0;-9.9;0;1
2026.07.01 04:00;1591.90;1600.52;1568.70;1575.77;30.71;12.55;18.26;63.93;53.34;0.423;NEUTRE;0;53.7;2;0
2026.07.01 00:00;1569.14;1595.99;1550.50;1591.90;32.58;12.29;21.07;60.70;40.05;1.450;NEUTRE;0;;;0
2026.06.30 20:00;1577.84;1579.97;1563.13;1569.13;33.54;8.76;24.31;35.38;28.01;-2.562;SOFT_DOWN;-1;-58.8;-2;0
2026.06.30 16:00;1561.92;1578.82;1558.93;1577.81;31.47;9.06;28.05;24.06;26.60;-2.023;SOFT_DOWN;-1;-58.5;-2;1
2026.06.30 12:00;1575.59;1575.61;1547.81;1561.92;28.44;7.97;32.36;24.57;35.40;-3.009;SOFT_DOWN;-1;-72.8;-3;1
2026.06.30 08:00;1589.53;1591.49;1573.19;1575.59;23.51;9.19;23.30;31.15;49.02;-2.160;SOFT_DOWN;-1;-74;-3;1
2026.06.30 04:00;1584.19;1592.98;1576.75;1589.53;20.45;10.61;23.89;50.48;63.84;-1.295;NEUTRE;0;-76.5;-3;0
2026.06.30 00:00;1610.38;1611.63;1583.60;1584.19;17.67;12.24;21.07;65.44;72.22;-1.626;NEUTRE;0;;;0
2026.06.29 20:00;1622.74;1623.74;1605.13;1610.37;16.31;14.13;12.49;75.62;73.28;2.632;SOFT_UP;1;59.5;2;0
2026.06.29 16:00;1576.94;1633.95;1570.91;1622.72;17.88;16.30;14.41;75.60;73.85;3.419;SOFT_UP;1;70;3;1
2026.06.29 12:00;1572.17;1593.94;1554.69;1576.94;19.69;9.04;16.63;68.62;73.68;0.502;NEUTRE;0;28.3;1;1
2026.06.29 08:00;1577.48;1584.05;1567.39;1572.16;18.17;10.43;14.21;77.33;70.61;0.197;NEUTRE;0;17.6;0;1
2026.06.29 04:00;1581.72;1585.87;1559.42;1577.48;18.60;12.04;16.40;75.08;61.67;0.536;NEUTRE;0;59.9;2;0
2026.06.29 00:00;1569.07;1586.00;1547.80;1581.72;19.11;13.89;18.92;59.43;51.80;0.806;NEUTRE;0;;;0
2026.06.28 20:00;1561.83;1578.86;1546.83;1569.07;19.68;13.15;21.83;50.49;46.57;-0.134;NEUTRE;0;-4.9;0;0
2026.06.28 16:00;1578.18;1579.27;1554.20;1561.83;18.89;15.17;21.65;45.47;40.51;-0.595;NEUTRE;0;-25.6;-1;0
2026.06.28 12:00;1580.26;1585.41;1572.40;1578.18;19.09;17.51;13.82;43.76;33.65;0.446;NEUTRE;0;25.6;1;0
2026.06.28 08:00;1573.19;1583.23;1569.88;1580.26;20.22;17.62;15.94;32.30;26.28;0.578;NEUTRE;0;42.9;1;0
2026.06.28 04:00;1572.40;1574.76;1559.97;1573.18;22.56;10.57;18.39;24.89;29.65;0.127;NEUTRE;0;22.2;0;0
2026.06.28 00:00;1571.18;1577.20;1566.56;1572.39;21.88;12.20;14.37;21.65;40.08;0.077;NEUTRE;0;;;0
2026.06.27 20:00;1575.54;1582.29;1560.67;1571.19;23.99;14.08;16.58;42.41;60.91;-0.306;NEUTRE;0;-11.2;0;0
2026.06.27 16:00;1602.67;1604.77;1570.31;1575.54;26.42;16.24;12.27;56.19;74.26;-0.030;NEUTRE;0;-1.4;0;0
2026.06.27 12:00;1581.09;1607.91;1578.55;1602.67;28.34;18.74;10.48;84.14;83.47;1.692;NEUTRE;0;61.2;2;0
2026.06.27 08:00;1582.84;1583.21;1576.04;1581.09;28.35;8.68;12.09;82.44;82.21;0.322;NEUTRE;0;27.4;1;0
2026.06.27 04:00;1577.82;1583.63;1572.38;1582.89;30.19;10.02;13.95;83.82;82.35;0.437;NEUTRE;0;54.6;2;0
2026.06.27 00:00;1576.01;1584.17;1568.87;1577.83;32.31;11.56;16.10;80.37;78.13;0.115;NEUTRE;0;;;0
2026.06.26 20:00;1573.01;1579.93;1565.13;1575.99;34.75;9.08;18.58;82.86;71.07;0.704;NEUTRE;0;24.4;0;0
2026.06.26 16:00;1577.57;1590.40;1567.52;1573.64;34.81;10.47;18.95;71.16;57.16;0.553;NEUTRE;0;24;0;1
2026.06.26 12:00;1542.53;1585.36;1519.33;1577.57;35.74;8.69;21.87;59.18;45.58;0.804;NEUTRE;0;40.8;1;1
2026.06.26 08:00;1578.16;1579.53;1538.62;1542.54;34.60;10.03;20.74;41.15;34.74;-1.434;NEUTRE;0;-66.6;-3;1
2026.06.26 04:00;1555.15;1583.25;1541.38;1578.16;34.57;11.57;22.89;36.42;29.64;0.842;NEUTRE;0;69.8;3;0
2026.06.26 00:00;1564.98;1568.82;1509.75;1555.15;34.84;8.05;26.41;26.66;30.76;-0.628;NEUTRE;0;;;0
2026.06.25 20:00;1556.69;1580.57;1553.87;1564.97;32.01;9.29;18.98;25.85;42.23;-3.359;SOFT_DOWN;-1;-65.2;-3;0
2026.06.25 16:00;1567.27;1584.66;1552.13;1556.52;31.66;10.72;21.90;39.78;55.94;-3.881;STRONG_DOWN;-2;-72.3;-3;1
2026.06.25 12:00;1630.30;1644.82;1530.20;1567.28;31.26;12.37;25.27;61.05;62.37;-3.216;SOFT_DOWN;-1;-73.8;-3;1
2026.06.25 08:00;1654.28;1656.06;1625.27;1630.30;30.80;14.27;16.40;67.00;55.42;0.676;NEUTRE;0;47.4;2;1
2026.06.25 04:00;1616.54;1656.80;1614.01;1654.23;34.47;16.47;18.92;59.06;42.75;2.153;SOFT_UP;1;81.8;3;0
2026.06.25 00:00;1619.36;1623.50;1611.69;1616.54;38.71;7.03;21.83;40.18;31.28;-0.174;NEUTRE;0;;;0
2026.06.24 20:00;1582.03;1626.16;1577.07;1619.36;36.78;8.11;25.19;29.01;30.83;-2.722;SOFT_DOWN;-1;-60.3;-2;0
2026.06.24 16:00;1615.40;1632.82;1550.79;1582.06;34.55;9.36;29.06;24.64;44.57;-4.963;STRONG_DOWN;-2;-76;-3;1
2026.06.24 12:00;1676.75;1678.60;1614.08;1615.42;31.98;10.80;21.67;38.84;52.88;-2.959;SOFT_DOWN;-1;-72.5;-3;1
2026.06.24 08:00;1670.28;1688.16;1653.13;1676.75;31.75;12.46;15.69;70.24;51.89;0.726;NEUTRE;0;49.5;2;1
2026.06.24 04:00;1664.17;1676.82;1655.61;1670.28;34.87;9.40;18.10;49.56;37.43;0.337;NEUTRE;0;47.3;2;0
2026.06.24 00:00;1664.67;1677.59;1655.43;1664.17;35.37;10.85;20.89;35.87;28.74;-0.030;NEUTRE;0;;;0
2026.06.23 20:00;1660.43;1670.44;1657.71;1664.67;35.95;7.55;24.10;26.88;21.97;-3.543;SOFT_DOWN;-1;-66.3;-3;0
2026.06.23 16:00;1657.18;1671.01;1647.16;1660.43;33.43;8.72;27.81;23.47;17.71;-3.789;STRONG_DOWN;-2;-71.9;-3;1
2026.06.23 12:00;1658.48;1669.49;1643.13;1657.18;30.54;9.08;32.08;15.57;13.65;-3.977;STRONG_DOWN;-2;-76.8;-3;1
2026.06.23 08:00;1680.45;1682.23;1634.12;1658.48;26.64;10.47;37.02;14.10;17.23;-3.902;STRONG_DOWN;-2;-81;-3;1
2026.06.23 04:00;1727.35;1728.62;1679.23;1680.45;22.13;12.08;28.29;11.26;25.30;-2.629;SOFT_DOWN;-1;-83.3;-3;0
2026.06.23 00:00;1725.82;1733.82;1717.87;1727.37;19.36;13.94;20.61;26.32;41.89;0.090;NEUTRE;0;;;0
2026.06.22 20:00;1732.64;1737.28;1714.65;1725.82;19.37;16.09;23.78;38.32;57.60;1.245;NEUTRE;0;38.7;1;0
2026.06.22 16:00;1742.37;1745.37;1726.99;1732.66;19.39;18.56;19.05;61.04;69.33;1.646;NEUTRE;0;53;2;1
2026.06.22 12:00;1765.46;1777.15;1740.35;1742.36;22.17;21.42;10.79;73.44;65.50;2.215;SOFT_UP;1;67.2;3;1
2026.06.22 08:00;1744.00;1772.28;1741.20;1765.46;20.51;22.68;12.45;73.51;54.55;3.570;SOFT_UP;1;80.1;3;1
2026.06.22 04:00;1727.50;1749.08;1725.11;1744.00;19.19;14.68;14.37;49.56;42.72;2.311;SOFT_UP;1;82.3;3;0
2026.06.22 00:00;1704.60;1756.74;1704.54;1727.50;21.97;16.94;16.58;40.58;41.62;1.343;NEUTRE;0;;;0
2026.06.21 20:00;1731.66;1732.99;1700.52;1704.66;25.19;12.55;19.13;38.03;43.03;-1.940;SOFT_DOWN;-1;-51.3;-2;0
2026.06.21 16:00;1728.38;1736.97;1719.59;1731.66;25.86;14.48;13.04;46.23;48.39;-0.387;NEUTRE;0;-17.3;0;0
2026.06.21 12:00;1723.02;1730.20;1714.87;1728.38;29.04;10.71;15.04;44.83;56.11;-0.576;NEUTRE;0;-31.7;-1;0
2026.06.21 08:00;1729.64;1734.45;1716.42;1722.96;30.92;12.36;15.80;54.09;63.90;-0.888;NEUTRE;0;-55;-2;0
2026.06.21 04:00;1735.31;1738.60;1728.21;1729.63;33.79;14.26;8.17;69.41;70.04;-0.504;NEUTRE;0;-58.4;-2;0
2026.06.21 00:00;1738.39;1738.62;1731.25;1735.31;34.82;16.46;4.93;68.19;71.66;-0.177;NEUTRE;0;;;0
2026.06.20 20:00;1726.70;1743.61;1723.83;1738.39;31.88;18.99;5.69;72.51;77.47;1.719;NEUTRE;0;47.9;2;0
2026.06.20 16:00;1738.34;1738.63;1718.68;1726.70;28.50;18.04;6.56;74.29;81.25;1.035;NEUTRE;0;39.8;1;0
2026.06.20 12:00;1725.08;1747.12;1706.31;1738.26;25.71;20.81;7.57;85.62;84.72;1.711;NEUTRE;0;61.4;2;0
2026.06.20 08:00;1723.84;1729.12;1719.28;1725.08;22.49;17.23;8.74;83.85;80.46;0.940;NEUTRE;0;56.5;2;0
2026.06.20 04:00;1706.00;1730.21;1704.41;1723.80;20.92;19.88;10.08;84.69;76.36;0.865;NEUTRE;0;70.3;3;0
2026.06.20 00:00;1709.02;1715.45;1701.88;1706.00;19.11;14.13;11.64;72.84;66.72;-0.177;NEUTRE;0;;;0
2026.06.19 20:00;1699.18;1712.66;1696.81;1709.03;20.56;13.15;13.43;71.55;56.90;0.023;NEUTRE;0;0.8;0;0
2026.06.19 16:00;1705.70;1709.68;1691.90;1699.14;23.56;12.27;15.49;55.75;44.23;-0.556;NEUTRE;0;-24.1;0;1
2026.06.19 12:00;1689.75;1709.98;1677.00;1705.69;25.40;14.16;17.87;43.39;37.83;-0.173;NEUTRE;0;-10.5;0;1
2026.06.19 08:00;1693.61;1697.66;1685.08;1689.75;27.53;10.60;20.62;33.55;36.30;-1.106;NEUTRE;0;-60.7;-2;1
2026.06.19 04:00;1695.34;1701.26;1684.54;1693.61;26.82;12.23;23.80;36.56;34.87;-0.880;NEUTRE;0;-70.6;-3;0
2026.06.19 00:00;1708.64;1717.07;1680.21;1695.34;26.01;14.11;27.46;38.78;30.29;-0.778;NEUTRE;0;;;0
2026.06.18 20:00;1702.98;1714.39;1697.81;1708.63;25.07;16.28;24.34;29.26;24.62;-2.285;SOFT_DOWN;-1;-55.8;-2;0
2026.06.18 16:00;1679.77;1705.16;1669.23;1702.98;25.87;10.22;28.08;22.82;24.98;-2.608;SOFT_DOWN;-1;-64.5;-2;1
2026.06.18 12:00;1741.15;1750.91;1677.74;1679.79;22.67;11.79;28.76;21.77;27.98;-3.934;STRONG_DOWN;-2;-76.7;-3;1
2026.06.18 08:00;1747.46;1751.34;1737.17;1741.15;19.72;13.60;20.69;30.35;27.87;-0.425;NEUTRE;0;-34.4;-1;1
2026.06.18 04:00;1741.87;1751.02;1720.23;1747.46;19.57;15.35;23.87;31.82;27.04;-0.064;NEUTRE;0;-11.6;0;0
2026.06.18 00:00;1748.58;1760.94;1739.14;1741.87;19.24;17.71;18.09;21.45;23.50;-0.384;NEUTRE;0;;;0
2026.06.17 20:00;1733.38;1749.43;1724.14;1748.56;22.04;12.31;20.87;27.85;26.19;-2.363;SOFT_DOWN;-1;-56.7;-2;0
2026.06.17 16:00;1771.49;1793.90;1727.42;1733.44;21.46;14.20;22.09;21.20;26.09;-3.207;SOFT_DOWN;-1;-68.8;-3;1
2026.06.17 12:00;1761.98;1775.23;1739.96;1771.49;21.41;12.07;25.49;29.53;31.21;-1.082;NEUTRE;0;-49.3;-2;1
2026.06.17 08:00;1782.86;1784.14;1757.55;1761.98;19.21;13.92;21.74;27.54;35.43;-1.613;NEUTRE;0;-68.9;-3;1
2026.06.17 04:00;1791.57;1798.76;1776.79;1782.86;18.79;16.06;13.95;36.56;39.13;-0.447;NEUTRE;0;-55.2;-2;0
2026.06.17 00:00;1790.87;1807.65;1777.95;1791.57;20.60;18.54;15.28;42.20;40.33;0.039;NEUTRE;0;;;0
2026.06.16 20:00;1793.41;1798.33;1787.64;1790.87;22.29;21.39;12.62;38.64;36.43;-0.201;NEUTRE;0;-7.4;0;0
2026.06.16 16:00;1780.50;1806.37;1771.08;1793.39;21.75;24.68;14.56;40.14;36.49;-0.061;NEUTRE;0;-2.8;0;1
2026.06.16 12:00;1797.83;1837.43;1761.66;1780.49;21.13;28.47;16.80;30.51;38.27;-0.780;NEUTRE;0;-39.9;-1;1
2026.06.16 08:00;1772.62;1806.15;1771.67;1797.83;20.41;26.50;19.38;38.82;49.20;0.187;NEUTRE;0;16.8;0;1
2026.06.16 04:00;1777.63;1781.63;1757.28;1772.62;21.16;19.64;22.36;45.48;63.43;-1.218;NEUTRE;0;-75.7;-3;0
2026.06.16 00:00;1794.48;1799.80;1763.23;1777.63;23.42;22.66;22.05;63.28;78.94;-0.939;NEUTRE;0;;;0
2026.06.15 20:00;1819.61;1825.06;1782.01;1794.48;26.81;26.15;17.54;81.53;89.20;4.069;STRONG_UP;2;69.1;3;0
2026.06.15 16:00;1844.02;1845.77;1810.61;1819.61;27.90;30.17;10.01;92.01;91.63;5.527;STRONG_UP;2;77.3;3;1
2026.06.15 12:00;1763.26;1847.87;1758.95;1843.91;24.48;34.81;11.55;94.05;89.54;6.936;EXPLOSIVE_UP;3;82.4;3;1
2026.06.15 08:00;1714.92;1765.78;1710.77;1763.26;20.53;25.96;13.33;88.84;84.04;2.259;SOFT_UP;1;74.6;3;1
2026.06.15 04:00;1719.49;1722.18;1714.58;1714.92;18.74;17.77;15.38;85.72;73.67;-0.545;NEUTRE;0;-60.3;-2;0
2026.06.15 00:00;1724.31;1730.58;1708.40;1719.49;20.52;20.50;17.75;77.55;52.25;-0.280;NEUTRE;0;;;0
2026.06.14 20:00;1663.72;1730.52;1661.00;1724.32;22.57;23.61;20.48;57.72;32.36;2.633;SOFT_UP;1;59.5;2;0
2026.06.14 16:00;1661.62;1667.19;1657.42;1663.72;24.95;13.23;23.63;21.49;21.39;-0.974;NEUTRE;0;-38.1;-1;0
2026.06.14 12:00;1672.23;1673.04;1653.62;1661.62;24.44;15.26;27.27;17.87;27.65;-1.099;NEUTRE;0;-49.7;-2;0
2026.06.14 08:00;1674.47;1677.36;1667.91;1672.23;23.86;17.61;20.14;24.82;40.10;-0.467;NEUTRE;0;-36.9;-1;0
2026.06.14 04:00;1680.44;1681.41;1672.45;1674.47;26.50;20.32;15.85;40.27;54.67;-0.334;NEUTRE;0;-47.1;-2;0
2026.06.14 00:00;1680.08;1688.89;1677.60;1680.44;28.68;23.45;9.44;55.23;68.77;0.021;NEUTRE;0;;;0
2026.06.13 20:00;1677.27;1695.29;1673.69;1680.09;26.54;27.06;10.89;68.53;76.10;0.900;NEUTRE;0;30.1;1;0
2026.06.13 16:00;1680.66;1681.66;1669.92;1677.35;24.07;21.51;12.57;82.54;72.64;0.735;NEUTRE;0;30.6;1;0
2026.06.13 12:00;1676.89;1684.77;1675.17;1680.66;23.73;24.82;7.62;77.23;59.98;0.934;NEUTRE;0;45.1;2;0
2026.06.13 08:00;1674.81;1678.08;1671.34;1676.89;19.23;17.92;8.80;58.15;46.38;0.707;NEUTRE;0;48.7;2;0
2026.06.13 04:00;1663.82;1676.00;1660.87;1674.81;16.94;15.93;10.15;44.55;37.91;0.583;NEUTRE;0;62;2;0
2026.06.13 00:00;1665.11;1674.18;1661.92;1663.82;16.14;16.52;11.71;36.43;38.45;-0.077;NEUTRE;0;;;0
2026.06.12 20:00;1664.36;1666.68;1658.16;1665.11;16.00;9.66;13.51;32.75;42.70;-0.378;NEUTRE;0;-13.7;0;0
2026.06.12 16:00;1658.38;1676.12;1655.73;1664.36;15.90;11.14;15.59;46.17;52.06;-0.423;NEUTRE;0;-18.8;0;1
2026.06.12 12:00;1671.41;1689.32;1651.27;1658.38;15.78;12.85;17.99;49.17;56.97;-0.781;NEUTRE;0;-40;-1;1
2026.06.12 08:00;1659.49;1683.10;1659.46;1671.40;15.65;14.83;17.45;60.86;65.15;-0.002;NEUTRE;0;-0.2;0;1
2026.06.12 04:00;1670.44;1678.75;1649.61;1659.48;16.81;14.28;20.13;60.88;68.58;-0.715;NEUTRE;0;-66.5;-3;0
2026.06.12 00:00;1671.43;1675.63;1658.97;1670.44;16.78;16.48;18.29;73.70;74.50;-0.059;NEUTRE;0;;;0
2026.06.11 20:00;1679.78;1681.28;1665.36;1671.44;18.56;19.02;15.20;71.16;75.38;3.203;SOFT_UP;1;64.1;2;0
2026.06.11 16:00;1643.36;1690.69;1630.44;1679.79;19.70;21.94;17.54;78.63;79.11;3.718;STRONG_UP;2;71.5;3;1
2026.06.11 12:00;1664.75;1664.90;1634.10;1643.36;21.02;18.73;20.24;76.35;73.12;1.469;NEUTRE;0;57.6;2;1
2026.06.11 08:00;1652.10;1670.77;1651.80;1664.75;23.65;21.61;14.51;82.35;63.47;2.790;SOFT_UP;1;77.5;3;1
2026.06.11 04:00;1651.33;1660.71;1643.89;1652.10;24.27;16.78;16.75;60.66;52.45;2.009;SOFT_UP;1;81.2;3;0
2026.06.11 00:00;1619.57;1657.93;1619.57;1651.31;27.99;16.82;19.32;47.39;48.60;1.960;SOFT_UP;1;;;0
2026.06.10 20:00;1628.05;1634.28;1602.59;1619.54;31.23;9.93;22.30;49.31;48.94;-1.130;NEUTRE;0;-36;-1;0
2026.06.10 16:00;1656.08;1656.94;1620.67;1628.12;30.13;11.46;16.95;49.09;42.06;-0.606;NEUTRE;0;-26;-1;1
2026.06.10 12:00;1618.34;1665.88;1614.08;1656.09;31.79;13.22;19.56;48.40;35.97;1.101;NEUTRE;0;49.8;2;1
2026.06.10 08:00;1638.53;1639.24;1604.91;1618.34;33.70;7.34;22.56;28.68;31.94;-1.203;NEUTRE;0;-62.7;-2;1
2026.06.10 04:00;1629.19;1641.72;1614.67;1638.53;31.06;8.47;21.66;30.83;31.96;0.029;NEUTRE;0;5.3;0;0
2026.06.10 00:00;1638.05;1645.48;1620.13;1629.19;29.10;9.77;21.89;36.31;30.94;-0.541;NEUTRE;0;;;0
2026.06.09 20:00;1655.69;1661.85;1629.52;1638.03;27.69;11.28;19.56;28.75;26.14;-3.036;SOFT_DOWN;-1;-62.9;-2;0
2026.06.09 16:00;1634.74;1656.83;1612.55;1655.68;27.82;10.62;22.57;27.77;27.00;-1.991;SOFT_DOWN;-1;-58;-2;1
2026.06.09 12:00;1670.51;1681.80;1632.74;1634.92;26.56;12.26;19.02;21.89;32.74;-3.220;SOFT_DOWN;-1;-73.9;-3;1
2026.06.09 08:00;1678.68;1679.36;1664.00;1670.54;27.32;14.14;12.15;31.35;42.49;-1.111;NEUTRE;0;-60.8;-2;1
2026.06.09 04:00;1668.30;1694.96;1663.34;1678.68;30.36;16.32;14.02;44.98;54.72;-0.629;NEUTRE;0;-63.7;-2;0
2026.06.09 00:00;1689.31;1695.69;1653.83;1668.30;33.86;18.83;16.17;51.12;62.69;-1.244;NEUTRE;0;;;0
2026.06.08 20:00;1683.79;1713.40;1678.24;1689.35;37.90;21.73;9.69;68.04;68.17;-0.004;NEUTRE;0;-0.1;0;0
2026.06.08 16:00;1690.44;1702.72;1674.80;1683.82;37.84;20.39;11.18;68.91;67.05;-0.331;NEUTRE;0;-14.9;0;1
2026.06.08 12:00;1682.05;1704.52;1666.62;1690.41;39.17;23.53;12.90;67.55;66.96;0.059;NEUTRE;0;3.6;0;1
2026.06.08 08:00;1671.91;1695.12;1655.61;1681.99;40.70;23.34;14.88;64.69;67.51;-0.439;NEUTRE;0;-35.3;-1;1
2026.06.08 04:00;1678.49;1679.57;1643.75;1671.82;43.56;20.87;17.17;68.64;70.75;-1.041;NEUTRE;0;-73.4;-3;0
2026.06.08 00:00;1689.41;1710.41;1670.18;1678.49;48.77;24.08;8.46;69.20;72.96;-0.646;NEUTRE;0;;;0
2026.06.07 20:00;1609.96;1717.84;1609.87;1689.41;48.89;27.79;9.77;74.40;78.03;7.707;EXPLOSIVE_UP;3;78.6;3;0
2026.06.07 16:00;1629.22;1637.29;1603.42;1612.23;49.03;20.59;11.27;75.27;82.35;2.787;SOFT_UP;1;66;3;0
2026.06.07 12:00;1629.32;1638.66;1606.13;1629.22;52.07;23.75;11.77;84.42;85.30;3.870;STRONG_UP;2;76.5;3;0
2026.06.07 08:00;1614.19;1646.80;1607.61;1629.32;54.90;27.41;12.88;87.36;80.30;3.876;STRONG_UP;2;80.9;3;0
2026.06.07 04:00;1593.89;1622.06;1583.78;1614.19;57.80;21.91;14.86;84.14;69.94;2.912;SOFT_UP;1;83.9;3;0
2026.06.07 00:00;1568.52;1599.29;1562.95;1593.88;63.74;16.13;17.15;69.40;57.98;1.617;NEUTRE;0;;;0
2026.06.06 20:00;1553.42;1568.80;1549.89;1568.52;73.07;5.70;19.79;56.28;49.60;-0.880;NEUTRE;0;-29.5;-1;0
2026.06.06 16:00;1559.42;1565.32;1546.00;1553.47;75.82;3.75;22.84;48.24;42.00;-1.831;NEUTRE;0;-55.9;-2;0
2026.06.06 12:00;1557.73;1573.91;1544.24;1559.35;76.44;4.33;26.35;44.28;34.49;-1.459;NEUTRE;0;-57.4;-2;0
2026.06.06 08:00;1574.06;1591.57;1534.65;1557.73;77.15;4.99;30.40;33.46;25.37;-1.562;NEUTRE;0;-68.3;-3;0
2026.06.06 04:00;1562.45;1580.24;1505.02;1574.09;77.98;2.70;35.08;25.71;18.73;-0.528;NEUTRE;0;-59.5;-2;0
2026.06.06 00:00;1582.44;1600.48;1555.02;1562.45;76.79;3.11;30.25;16.93;14.69;-1.263;NEUTRE;0;;;0
2026.06.05 20:00;1572.82;1618.44;1556.39;1582.44;76.09;3.59;34.44;13.55;15.30;-10.510;EXPLOSIVE_DOWN;-3;-81.6;-3;0
2026.06.05 16:00;1582.38;1611.38;1539.53;1573.03;75.32;2.40;39.74;13.58;18.85;-11.042;EXPLOSIVE_DOWN;-3;-83.6;-3;1
2026.06.05 12:00;1661.54;1675.86;1570.94;1582.38;73.27;2.76;39.13;18.78;24.51;-10.514;EXPLOSIVE_DOWN;-3;-84.9;-3;1
2026.06.05 08:00;1677.33;1687.67;1657.44;1661.60;71.19;3.19;32.46;24.20;31.70;-6.034;STRONG_DOWN;-2;-84.1;-3;1
2026.06.05 04:00;1727.22;1745.17;1624.81;1677.34;69.51;3.68;37.46;30.55;39.87;-5.143;STRONG_DOWN;-2;-86.5;-3;0
2026.06.05 00:00;1768.29;1772.40;1719.98;1727.22;67.57;4.25;31.05;40.34;43.28;-2.323;SOFT_DOWN;-1;;;0
2026.06.04 20:00;1774.03;1780.85;1750.63;1768.29;66.28;4.90;26.84;48.73;41.59;-2.317;SOFT_DOWN;-1;-56.2;-2;0
2026.06.04 16:00;1774.50;1784.06;1751.95;1774.17;65.85;5.65;30.29;40.76;38.36;-1.992;SOFT_DOWN;-1;-58.1;-2;1
2026.06.04 12:00;1749.08;1792.26;1741.92;1774.52;65.43;6.52;34.95;35.27;38.75;-1.973;SOFT_DOWN;-1;-64.7;-2;1
2026.06.04 08:00;1775.09;1781.02;1728.13;1749.02;64.96;4.09;40.33;39.04;38.86;-3.381;SOFT_DOWN;-1;-79.6;-3;1
2026.06.04 04:00;1806.61;1815.55;1771.35;1775.06;62.40;4.72;33.96;41.93;32.98;-1.943;SOFT_DOWN;-1;-80.9;-3;0
2026.06.04 00:00;1810.23;1817.67;1716.22;1806.61;60.37;5.45;39.19;35.60;28.05;-0.200;NEUTRE;0;;;0
2026.06.03 20:00;1800.58;1848.33;1768.74;1810.24;58.03;6.29;37.25;21.42;28.24;-2.516;SOFT_DOWN;-1;-58.3;-2;0
2026.06.03 16:00;1834.16;1840.85;1793.79;1800.65;56.02;7.26;38.14;27.15;30.67;-3.032;SOFT_DOWN;-1;-67.7;-3;1
2026.06.03 12:00;1875.22;1877.07;1833.32;1834.10;54.17;8.37;31.09;36.15;27.68;-1.231;NEUTRE;0;-52.9;-2;1
2026.06.03 08:00;1875.34;1889.51;1866.72;1875.22;53.64;9.66;24.13;28.71;19.92;0.983;NEUTRE;0;57.7;2;1
2026.06.03 04:00;1825.18;1880.87;1824.81;1875.33;55.31;5.31;27.84;18.20;16.20;0.989;NEUTRE;0;72.6;3;0
2026.06.03 00:00;1856.96;1871.28;1814.50;1825.18;53.37;3.50;32.12;12.85;18.35;-1.711;NEUTRE;0;;;0
2026.06.02 20:00;1908.94;1915.31;1837.11;1856.95;49.21;4.04;30.94;17.56;24.23;-7.311;EXPLOSIVE_DOWN;-3;-78;-3;0
2026.06.02 16:00;1911.49;1939.10;1880.46;1909.07;44.95;4.66;27.17;24.64;37.89;-4.709;STRONG_DOWN;-2;-75.2;-3;1
2026.06.02 12:00;1975.32;1979.58;1888.62;1911.49;40.99;5.37;29.21;30.49;54.83;-4.588;STRONG_DOWN;-2;-78.5;-3;1
2026.06.02 08:00;1978.54;1985.46;1963.14;1975.31;36.69;6.20;21.10;58.53;72.56;-1.403;NEUTRE;0;-66.1;-3;1
2026.06.02 04:00;2000.36;2002.94;1970.73;1978.60;33.94;7.16;19.11;75.47;72.24;-1.238;NEUTRE;0;-75.9;-3;0
2026.06.02 00:00;2003.41;2003.66;1959.69;2000.37;32.16;8.26;22.05;83.67;59.41;-0.152;NEUTRE;0;;;0
2026.06.01 20:00;2001.44;2005.81;1981.41;2003.41;30.11;9.53;17.84;57.58;36.21;-0.008;NEUTRE;0;-0.3;0;0
2026.06.01 16:00;1964.72;2005.66;1955.05;2001.44;30.07;10.90;20.59;36.99;24.49;-0.106;NEUTRE;0;-4.9;0;1
2026.06.01 12:00;1978.80;1991.34;1955.24;1964.72;29.96;8.22;23.75;14.05;20.93;-1.939;SOFT_DOWN;-1;-64.3;-2;1
2026.06.01 08:00;1973.23;1987.12;1968.88;1978.81;27.09;9.49;21.60;22.44;26.11;-1.236;NEUTRE;0;-63.3;-2;1
2026.06.01 04:00;2005.99;2008.87;1968.87;1973.23;25.27;10.95;24.92;26.29;25.22;-1.514;NEUTRE;0;-78.4;-3;0
2026.06.01 00:00;2003.57;2017.87;1988.35;2005.99;23.16;12.63;21.26;29.60;22.52;0.121;NEUTRE;0;;;0
2026.05.31 20:00;1996.33;2019.61;1996.33;2003.57;22.81;14.57;20.37;19.75;21.19;-0.772;NEUTRE;0;-26.4;-1;0
2026.05.31 16:00;2007.15;2009.14;1990.80;1996.33;23.76;9.90;23.51;18.20;31.63;-1.131;NEUTRE;0;-42.3;-1;0
2026.05.31 12:00;2019.86;2023.04;2002.65;2007.15;21.15;11.42;17.18;25.61;46.50;-0.595;NEUTRE;0;-32.6;-1;0
2026.05.31 08:00;2020.61;2025.78;2012.31;2019.86;21.31;13.18;12.54;51.09;64.41;0.035;NEUTRE;0;3.2;0;0
2026.05.31 04:00;2029.82;2031.46;2019.18;2020.61;24.20;15.20;6.62;62.80;73.89;0.072;NEUTRE;0;13.1;0;0
2026.05.31 00:00;2019.16;2034.11;2017.28;2029.83;21.87;17.54;7.64;79.34;74.62;0.528;NEUTRE;0;;;0
2026.05.30 20:00;2025.36;2027.93;2016.79;2019.16;19.19;14.59;8.81;79.54;66.88;0.394;NEUTRE;0;14.2;0;0
2026.05.30 16:00;2023.28;2026.91;2016.29;2025.36;18.34;15.43;10.17;64.97;57.89;0.703;NEUTRE;0;29.5;1;0
2026.05.30 12:00;2014.19;2028.67;2013.83;2023.28;18.00;17.80;11.73;56.14;55.08;0.599;NEUTRE;0;32.7;1;0
2026.05.30 08:00;2013.11;2018.92;2010.70;2014.19;17.60;10.43;13.54;52.57;55.29;0.147;NEUTRE;0;13.3;0;0
2026.05.30 04:00;2013.58;2017.28;1999.00;2013.12;18.32;8.97;15.62;56.53;59.03;0.094;NEUTRE;0;16.8;0;0
2026.05.30 00:00;2011.23;2020.24;2007.45;2013.57;16.98;10.35;10.91;56.76;61.59;0.116;NEUTRE;0;;;0
2026.05.29 20:00;2013.56;2020.73;2003.69;2011.23;19.18;11.94;12.59;63.79;64.87;0.244;NEUTRE;0;8.9;0;0
2026.05.29 16:00;2028.09;2040.98;2001.76;2013.59;21.72;13.77;14.52;64.22;62.91;0.361;NEUTRE;0;16.2;0;1
2026.05.29 12:00;2004.41;2042.62;1973.65;2028.12;24.65;15.89;16.76;66.60;62.42;1.086;NEUTRE;0;49.4;2;1
2026.05.29 08:00;2004.14;2012.83;1999.21;2004.41;28.04;11.69;19.34;57.90;62.35;-0.096;NEUTRE;0;-8.8;0;1
2026.05.29 04:00;1999.41;2017.88;1995.02;2004.05;28.56;13.49;22.31;62.74;59.79;-0.114;NEUTRE;0;-20.2;0;0
2026.05.29 00:00;2006.34;2013.81;1994.18;1999.41;29.17;12.83;25.74;66.40;50.30;-0.345;NEUTRE;0;;;0
2026.05.28 20:00;2011.03;2021.10;2002.12;2006.34;28.50;14.80;23.48;50.22;35.33;-0.737;NEUTRE;0;-25.4;-1;0
2026.05.28 16:00;1986.69;2026.50;1981.04;2010.89;29.40;17.08;27.09;34.29;24.00;-0.512;NEUTRE;0;-22.4;0;1
2026.05.28 12:00;1985.94;1998.35;1964.15;1986.69;30.43;10.18;31.26;21.50;17.09;-1.709;NEUTRE;0;-61.4;-2;1
2026.05.28 08:00;1991.20;1994.71;1980.84;1985.94;27.29;11.74;28.56;16.21;14.04;-1.746;NEUTRE;0;-70.4;-3;1
2026.05.28 04:00;1977.88;1992.51;1964.12;1991.21;25.07;11.11;32.96;13.57;16.48;-1.485;NEUTRE;0;-78.2;-3;0
2026.05.28 00:00;2021.23;2025.46;1968.45;1977.88;21.29;12.82;35.68;12.35;25.76;-2.145;SOFT_DOWN;-1;;;0
2026.05.27 20:00;2053.05;2061.52;2012.34;2021.24;17.32;14.79;29.33;23.53;35.62;-2.373;SOFT_DOWN;-1;-56.8;-2;0
2026.05.27 16:00;2067.46;2070.17;2039.34;2053.05;14.92;17.07;25.39;41.39;38.23;-0.837;NEUTRE;0;-34;-1;1
2026.05.27 12:00;2076.93;2093.20;2047.65;2067.46;14.19;19.69;25.15;41.94;32.24;-0.141;NEUTRE;0;-8.6;0;1
2026.05.27 08:00;2079.87;2093.05;2074.73;2076.69;14.50;22.72;19.88;31.35;24.82;0.305;NEUTRE;0;26.2;1;1
2026.05.27 04:00;2066.22;2080.49;2052.96;2079.87;15.71;15.67;22.94;23.42;20.81;0.458;NEUTRE;0;55.9;2;0
2026.05.27 00:00;2070.38;2080.66;2065.33;2066.23;15.23;18.08;19.55;19.70;23.24;-0.200;NEUTRE;0;;;0
2026.05.26 20:00;2070.33;2075.35;2062.31;2070.34;16.97;15.54;22.56;19.32;27.12;-1.897;SOFT_DOWN;-1;-50.7;-2;0
2026.05.26 16:00;2084.16;2086.85;2052.12;2070.33;16.75;17.93;26.03;30.71;31.43;-1.898;SOFT_DOWN;-1;-56.8;-2;1
2026.05.26 12:00;2118.04;2137.62;2075.57;2084.16;16.49;20.69;19.65;31.32;29.38;-1.242;NEUTRE;0;-53.1;-2;1
2026.05.26 08:00;2092.61;2134.30;2091.13;2118.04;18.63;23.87;18.81;32.26;31.53;0.363;NEUTRE;0;30.3;1;1
2026.05.26 04:00;2090.64;2101.93;2086.16;2092.57;19.67;16.00;21.71;24.56;42.69;-0.844;NEUTRE;0;-69.8;-3;0
2026.05.26 00:00;2110.38;2111.60;2081.93;2090.64;20.37;18.47;25.04;37.76;60.71;-0.935;NEUTRE;0;;;0
2026.05.25 20:00;2118.87;2120.67;2099.94;2110.37;21.18;21.31;19.56;65.75;76.55;0.653;NEUTRE;0;22.8;0;0
2026.05.25 16:00;2124.46;2139.24;2114.14;2118.87;23.78;24.58;12.03;78.62;78.68;1.059;NEUTRE;0;40.5;1;1
2026.05.25 12:00;2112.59;2135.16;2109.75;2124.46;22.17;25.87;13.88;85.27;73.14;1.325;NEUTRE;0;54.9;2;1
2026.05.25 08:00;2113.57;2121.37;2108.77;2112.59;20.94;21.50;16.02;72.15;60.95;0.759;NEUTRE;0;50.7;2;1
2026.05.25 04:00;2092.43;2114.58;2089.30;2113.57;21.91;16.51;18.48;61.99;50.54;0.806;NEUTRE;0;68.9;3;0
2026.05.25 00:00;2096.67;2109.97;2089.48;2092.43;24.42;16.25;21.32;48.70;46.90;-0.202;NEUTRE;0;;;0
2026.05.24 20:00;2097.69;2103.48;2060.03;2096.67;26.09;13.87;24.60;40.93;51.88;-0.851;NEUTRE;0;-28.7;-1;0
2026.05.24 16:00;2092.78;2105.53;2091.95;2097.69;25.82;16.01;17.09;51.07;63.56;-0.802;NEUTRE;0;-32.9;-1;0
2026.05.24 12:00;2123.17;2123.56;2076.92;2092.78;29.29;18.47;19.72;63.64;72.08;-1.035;NEUTRE;0;-48;-2;0
2026.05.24 08:00;2118.01;2127.13;2115.93;2123.06;33.29;21.31;9.88;75.98;77.45;0.397;NEUTRE;0;32.6;1;0
2026.05.24 04:00;2115.58;2126.76;2110.79;2117.99;32.78;24.08;11.40;76.61;78.68;0.157;NEUTRE;0;26.8;1;0
2026.05.24 00:00;2114.66;2123.88;2109.89;2115.59;32.32;25.01;13.16;79.77;70.56;0.044;NEUTRE;0;;;0
2026.05.23 20:00;2074.48;2146.25;2071.64;2114.55;32.52;28.86;15.18;79.67;53.10;2.501;SOFT_UP;1;58.2;2;0
2026.05.23 16:00;2057.31;2080.33;2054.24;2074.48;32.74;19.71;17.52;52.23;31.98;0.559;NEUTRE;0;24.2;0;0
2026.05.23 12:00;2028.69;2065.72;2024.32;2057.31;36.87;14.13;20.21;27.40;19.29;-0.273;NEUTRE;0;-16.3;0;0
2026.05.23 08:00;2025.63;2032.66;2018.31;2028.74;39.81;4.02;23.32;16.30;14.47;-1.658;NEUTRE;0;-69.5;-3;0
2026.05.23 04:00;2067.83;2067.95;2008.68;2025.63;35.08;4.63;26.91;14.16;12.86;-1.809;NEUTRE;0;-80.3;-3;0
2026.05.23 00:00;2062.95;2069.02;2051.12;2067.83;29.61;5.35;20.03;12.94;14.05;0.237;NEUTRE;0;;;0
2026.05.22 20:00;2062.69;2075.98;2054.95;2062.93;25.26;6.17;19.82;11.49;21.97;-3.212;SOFT_DOWN;-1;-64.2;-2;0
2026.05.22 16:00;2116.59;2127.23;2054.86;2062.68;21.07;7.12;22.87;17.73;35.32;-3.223;SOFT_DOWN;-1;-68.9;-3;1
2026.05.22 12:00;2127.91;2135.37;2109.63;2116.59;16.23;8.21;14.74;36.69;48.90;-0.694;NEUTRE;0;-36.7;-1;1
2026.05.22 08:00;2125.77;2130.38;2116.10;2127.91;14.35;9.48;13.15;51.55;58.97;-0.163;NEUTRE;0;-14.7;0;1
2026.05.22 04:00;2135.45;2138.68;2119.19;2125.77;14.06;10.94;11.84;58.47;62.36;-0.263;NEUTRE;0;-40.3;-1;0
2026.05.22 00:00;2131.38;2138.70;2123.08;2135.46;15.61;12.62;10.59;66.88;58.45;0.191;NEUTRE;0;;;0
2026.05.21 20:00;2140.30;2140.80;2124.64;2131.38;16.67;14.56;10.68;61.74;48.73;0.209;NEUTRE;0;7.7;0;0
2026.05.21 16:00;2129.86;2151.08;2119.09;2140.30;16.88;16.80;12.33;46.72;42.66;0.628;NEUTRE;0;26.8;1;1
2026.05.21 12:00;2112.50;2135.52;2102.42;2129.86;17.11;11.90;14.22;37.73;46.66;0.137;NEUTRE;0;8.4;0;1
2026.05.21 08:00;2132.40;2145.79;2107.09;2112.50;18.37;13.73;14.24;43.54;57.10;-0.679;NEUTRE;0;-47.6;-2;1
2026.05.21 04:00;2143.30;2146.37;2121.58;2132.40;20.92;15.84;10.67;58.72;65.59;0.257;NEUTRE;0;39.6;1;0
2026.05.21 00:00;2126.94;2154.44;2125.97;2143.30;21.14;18.28;9.59;69.03;71.00;0.769;NEUTRE;0;;;0
2026.05.20 20:00;2136.65;2138.22;2115.83;2126.94;19.59;12.33;11.06;69.02;73.51;0.823;NEUTRE;0;27.9;1;0
2026.05.20 16:00;2134.22;2146.34;2121.52;2136.69;21.77;14.23;8.86;74.95;71.13;1.285;NEUTRE;0;46;2;1
2026.05.20 12:00;2125.50;2146.47;2111.59;2134.22;21.54;16.42;10.22;76.57;62.49;1.168;NEUTRE;0;51.4;2;1
2026.05.20 08:00;2127.14;2135.41;2121.66;2125.50;21.28;14.06;11.79;61.88;48.49;0.755;NEUTRE;0;50.6;2;1
2026.05.20 04:00;2108.92;2133.76;2104.47;2127.14;23.20;14.38;13.61;49.03;38.78;0.832;NEUTRE;0;69.5;3;0
2026.05.20 00:00;2109.58;2116.23;2100.73;2108.92;26.34;7.39;15.70;34.56;35.11;-0.031;NEUTRE;0;;;0
2026.05.19 20:00;2110.96;2118.27;2100.07;2109.58;24.86;8.52;18.11;32.76;41.91;-0.865;NEUTRE;0;-29.1;-1;0
2026.05.19 16:00;2107.89;2122.93;2104.75;2110.84;23.14;9.83;16.94;38.02;52.60;-0.806;NEUTRE;0;-33;-1;1
2026.05.19 12:00;2108.38;2124.82;2092.66;2107.89;22.61;11.35;19.55;54.95;63.27;-0.945;NEUTRE;0;-45.4;-2;1
2026.05.19 08:00;2138.86;2139.32;2104.46;2108.26;22.00;13.09;16.91;64.84;66.00;-0.927;NEUTRE;0;-56.2;-2;1
2026.05.19 04:00;2129.26;2142.91;2121.38;2138.86;23.43;15.10;12.05;70.03;58.59;0.511;NEUTRE;0;58.7;2;0
2026.05.19 00:00;2127.99;2144.36;2117.23;2129.26;25.30;17.43;13.90;63.15;46.99;0.060;NEUTRE;0;;;0
2026.05.18 20:00;2122.51;2140.19;2112.38;2127.99;27.47;17.75;16.04;42.59;34.62;-0.058;NEUTRE;0;-2.1;0;0
2026.05.18 16:00;2105.20;2126.55;2076.60;2122.51;30.92;12.93;18.51;35.23;30.22;-0.316;NEUTRE;0;-14.3;0;1
2026.05.18 12:00;2132.28;2155.76;2091.85;2105.20;32.94;14.92;16.66;26.05;27.84;-1.129;NEUTRE;0;-50.5;-2;1
2026.05.18 08:00;2118.94;2137.81;2108.57;2132.28;37.16;12.89;19.22;29.37;31.09;0.143;NEUTRE;0;13;0;1
2026.05.18 04:00;2116.71;2124.20;2108.50;2118.94;39.84;7.72;22.18;28.09;37.39;-0.483;NEUTRE;0;-57.3;-2;0
2026.05.18 00:00;2129.23;2130.33;2103.32;2116.71;38.53;8.90;25.59;35.82;52.68;-0.588;NEUTRE;0;;;0
2026.05.17 20:00;2190.71;2193.35;2092.30;2129.23;37.01;10.27;29.53;48.27;64.21;-2.300;SOFT_DOWN;-1;-56;-2;0
2026.05.17 16:00;2184.79;2192.07;2175.05;2190.71;35.26;11.85;21.48;73.94;70.74;0.521;NEUTRE;0;22.8;0;0
2026.05.17 12:00;2190.76;2196.72;2177.36;2184.80;36.25;13.68;22.69;70.41;60.71;0.250;NEUTRE;0;15;0;0
2026.05.17 08:00;2184.88;2196.51;2181.52;2190.76;38.01;15.78;22.88;67.88;47.92;0.524;NEUTRE;0;40.2;1;0
2026.05.17 04:00;2179.86;2192.98;2179.33;2184.87;41.03;14.59;26.40;43.83;33.91;0.253;NEUTRE;0;39.2;1;0
2026.05.17 00:00;2179.35;2184.19;2166.36;2179.90;42.91;6.92;30.46;32.05;26.97;0.025;NEUTRE;0;;;0
2026.05.16 20:00;2178.14;2181.95;2177.70;2179.35;39.83;7.99;25.36;25.84;22.86;-1.953;SOFT_DOWN;-1;-51.5;-2;0
2026.05.16 16:00;2178.32;2183.18;2169.10;2178.14;37.94;9.22;29.26;23.03;21.94;-2.007;SOFT_DOWN;-1;-58.2;-2;0
2026.05.16 12:00;2174.70;2186.54;2170.76;2178.32;35.76;10.63;31.95;19.71;22.92;-1.999;SOFT_DOWN;-1;-65;-3;0
2026.05.16 08:00;2193.08;2195.20;2161.18;2174.70;33.56;12.27;36.87;23.07;25.24;-2.162;SOFT_DOWN;-1;-74;-3;0
2026.05.16 04:00;2226.12;2226.93;2180.91;2193.08;31.02;14.16;33.62;25.99;24.56;-1.335;NEUTRE;0;-76.9;-3;0
2026.05.16 00:00;2222.76;2229.44;2221.36;2226.12;29.53;16.34;25.27;26.64;22.61;0.151;NEUTRE;0;;;0
2026.05.15 20:00;2221.44;2224.37;2213.09;2222.76;30.77;9.20;29.15;21.06;21.96;-2.618;SOFT_DOWN;-1;-59.3;-2;0
2026.05.15 16:00;2221.13;2231.39;2217.09;2221.44;27.49;10.61;28.18;20.13;25.33;-2.676;SOFT_DOWN;-1;-65.1;-3;1
2026.05.15 12:00;2256.43;2259.74;2203.33;2221.13;24.76;12.24;32.52;24.70;32.57;-2.690;SOFT_DOWN;-1;-70.9;-3;1
2026.05.15 08:00;2264.12;2264.40;2248.94;2256.43;21.60;14.13;25.08;31.15;42.96;-1.143;NEUTRE;0;-61.5;-2;1
2026.05.15 04:00;2272.38;2272.71;2236.87;2264.12;20.62;16.30;28.94;41.86;57.13;-0.806;NEUTRE;0;-68.9;-3;0
2026.05.15 00:00;2282.52;2299.32;2259.42;2272.38;19.49;18.81;23.72;55.88;68.52;-0.444;NEUTRE;0;;;0
2026.05.14 20:00;2297.49;2300.75;2279.61;2282.52;20.72;21.70;19.58;73.66;70.92;1.116;NEUTRE;0;35.7;1;0
2026.05.14 16:00;2297.56;2318.97;2293.34;2297.49;23.11;25.04;12.60;76.03;55.84;1.779;NEUTRE;0;55.1;2;1
2026.05.14 12:00;2252.33;2298.78;2244.99;2297.56;21.58;16.77;14.54;63.09;38.93;1.782;NEUTRE;0;62.4;2;1
2026.05.14 08:00;2264.03;2269.66;2250.99;2252.34;23.80;11.03;16.77;28.42;24.68;-0.221;NEUTRE;0;-19.6;0;1
2026.05.14 04:00;2240.66;2273.47;2237.87;2264.03;24.28;12.72;19.35;25.28;21.28;0.297;NEUTRE;0;43.7;1;0
2026.05.14 00:00;2257.33;2267.97;2237.16;2240.66;24.84;12.30;22.33;20.34;22.28;-0.738;NEUTRE;0;;;0
2026.05.13 20:00;2254.89;2263.05;2249.34;2257.33;24.21;14.20;19.69;18.22;30.23;-0.723;NEUTRE;0;-25;0;0
2026.05.13 16:00;2234.95;2266.75;2234.08;2254.88;25.44;16.38;22.71;28.27;51.27;-0.831;NEUTRE;0;-33.8;-1;1
2026.05.13 12:00;2300.27;2305.99;2232.78;2234.98;26.86;18.90;26.21;44.19;64.88;-1.706;NEUTRE;0;-61.4;-2;1
2026.05.13 08:00;2299.83;2322.14;2297.64;2300.37;28.50;21.81;16.61;81.35;66.40;1.169;NEUTRE;0;62;2;1
2026.05.13 04:00;2300.79;2307.00;2294.55;2299.83;30.80;15.65;19.17;69.09;46.76;1.146;NEUTRE;0;74.8;3;0
2026.05.13 00:00;2273.78;2302.86;2272.30;2300.79;33.99;12.95;22.12;48.76;29.47;1.188;NEUTRE;0;;;0
2026.05.12 20:00;2284.10;2290.25;2272.62;2273.83;35.20;8.59;25.52;22.43;15.74;-2.780;SOFT_DOWN;-1;-60.8;-2;0
2026.05.12 16:00;2260.36;2286.53;2255.24;2283.86;32.98;6.67;29.44;17.21;13.08;-2.351;SOFT_DOWN;-1;-62.2;-2;1
2026.05.12 12:00;2285.68;2292.72;2255.61;2260.36;28.34;7.69;33.79;7.58;19.37;-3.356;SOFT_DOWN;-1;-74.5;-3;1
2026.05.12 08:00;2293.56;2294.77;2277.61;2285.68;23.03;8.88;29.87;14.44;34.44;-2.273;SOFT_DOWN;-1;-74.7;-3;1
2026.05.12 04:00;2308.20;2313.24;2290.43;2293.56;18.23;10.24;22.97;36.09;47.34;-1.936;SOFT_DOWN;-1;-80.9;-3;0
2026.05.12 00:00;2338.85;2339.84;2294.69;2308.23;15.14;11.82;23.63;52.79;48.81;-1.309;NEUTRE;0;;;0
2026.05.11 20:00;2339.39;2344.69;2333.88;2338.85;12.34;13.63;13.91;53.15;41.96;-1.333;NEUTRE;0;-40.6;-1;0
2026.05.11 16:00;2332.31;2343.16;2322.39;2339.39;14.09;13.56;16.05;40.49;33.59;-1.310;NEUTRE;0;-46.5;-2;1
2026.05.11 12:00;2334.76;2338.11;2302.77;2332.31;14.96;11.90;18.52;32.25;35.11;-1.609;NEUTRE;0;-59.9;-2;1
2026.05.11 08:00;2329.61;2338.88;2325.67;2334.73;13.91;13.73;11.40;28.03;46.18;-1.506;NEUTRE;0;-67.6;-3;1
2026.05.11 04:00;2329.38;2340.53;2325.53;2329.61;14.62;15.84;13.16;45.05;66.59;-1.722;NEUTRE;0;-79.8;-3;0
2026.05.11 00:00;2370.44;2374.22;2319.29;2329.38;15.45;18.28;15.18;65.46;78.31;-1.732;NEUTRE;0;;;0
2026.05.10 20:00;2364.97;2381.75;2311.57;2370.57;16.40;21.09;17.52;89.27;79.29;1.939;SOFT_UP;1;51.3;2;0
2026.05.10 16:00;2347.02;2366.96;2339.36;2364.97;17.50;24.34;14.12;80.22;70.44;1.698;NEUTRE;0;53.8;2;0
2026.05.10 12:00;2321.64;2350.18;2319.98;2347.02;16.11;18.73;16.30;68.39;67.36;0.926;NEUTRE;0;44.8;1;0
2026.05.10 08:00;2326.47;2332.78;2317.92;2321.71;17.52;12.75;18.80;62.72;69.66;-0.163;NEUTRE;0;-14.7;0;0
2026.05.10 04:00;2326.79;2331.26;2325.23;2326.47;17.26;14.71;14.13;70.98;73.75;0.042;NEUTRE;0;7.7;0;0
2026.05.10 00:00;2325.49;2332.14;2317.57;2326.79;19.61;16.97;16.30;75.26;75.59;0.056;NEUTRE;0;;;0
2026.05.09 20:00;2331.37;2332.80;2323.66;2325.49;22.31;19.58;12.38;74.99;75.83;0.827;NEUTRE;0;28;1;0
2026.05.09 16:00;2316.75;2337.32;2314.39;2331.37;22.28;22.59;14.28;76.51;78.00;1.082;NEUTRE;0;41.1;1;0
2026.05.09 12:00;2313.85;2317.64;2299.17;2316.75;22.24;12.87;16.48;76.00;79.47;0.448;NEUTRE;0;25.7;1;0
2026.05.09 08:00;2313.77;2319.40;2309.40;2313.85;23.76;14.84;10.49;81.48;82.19;0.322;NEUTRE;0;27.4;1;0
2026.05.09 04:00;2314.66;2324.35;2310.31;2313.77;24.78;17.13;10.71;80.92;81.73;0.319;NEUTRE;0;45.8;2;0
2026.05.09 00:00;2306.42;2319.77;2303.67;2314.67;25.04;14.74;12.36;84.18;81.99;0.358;NEUTRE;0;;;0
2026.05.08 20:00;2315.22;2318.13;2302.48;2306.41;27.54;15.45;14.26;80.09;70.34;0.707;NEUTRE;0;24.5;0;0
2026.05.08 16:00;2292.24;2320.61;2285.30;2315.22;31.16;17.82;16.45;81.69;53.82;1.092;NEUTRE;0;41.3;1;1
2026.05.08 12:00;2294.65;2300.27;2269.07;2292.12;35.33;11.70;18.98;49.24;32.59;0.083;NEUTRE;0;5.1;0;1
2026.05.08 08:00;2280.39;2296.28;2279.08;2294.63;37.12;13.50;16.96;30.52;22.18;0.193;NEUTRE;0;17.3;0;1
2026.05.08 04:00;2278.20;2284.00;2266.43;2280.37;41.08;4.60;19.57;18.00;17.56;-0.430;NEUTRE;0;-54.2;-2;0
2026.05.08 00:00;2290.22;2293.40;2264.97;2278.20;37.87;5.30;22.59;18.04;18.41;-0.525;NEUTRE;0;;;0
2026.05.07 20:00;2295.10;2301.71;2280.02;2290.22;34.16;6.12;17.92;16.63;20.61;-2.545;SOFT_DOWN;-1;-58.6;-2;0
2026.05.07 16:00;2293.43;2303.65;2279.41;2295.10;31.87;7.06;20.67;20.55;22.04;-2.337;SOFT_DOWN;-1;-62;-2;1
2026.05.07 12:00;2329.40;2336.19;2284.77;2293.33;29.22;8.15;20.45;24.66;21.02;-2.413;SOFT_DOWN;-1;-68.9;-3;1
2026.05.07 08:00;2343.77;2346.09;2316.50;2329.40;27.09;9.40;14.10;20.92;16.56;-0.878;NEUTRE;0;-54.7;-2;1
2026.05.07 04:00;2321.42;2346.21;2316.91;2343.77;28.18;10.85;16.06;17.48;14.34;-0.266;NEUTRE;0;-40.6;-1;0
2026.05.07 00:00;2350.03;2351.72;2313.26;2321.42;29.54;12.51;18.53;11.27;19.78;-1.217;NEUTRE;0;;;0
2026.05.06 20:00;2347.67;2356.49;2337.45;2350.03;31.10;14.44;11.70;14.28;30.83;-0.420;NEUTRE;0;-15.1;0;0
2026.05.06 16:00;2358.11;2365.81;2337.05;2347.66;34.27;16.66;13.51;33.80;45.92;-0.520;NEUTRE;0;-22.7;0;1
2026.05.06 12:00;2409.53;2412.92;2346.08;2358.04;37.94;19.22;10.75;44.41;45.82;-0.080;NEUTRE;0;-4.9;0;1
2026.05.06 08:00;2370.83;2423.05;2368.48;2409.53;39.43;22.18;7.25;59.55;43.64;2.102;SOFT_UP;1;73.5;3;1
2026.05.06 04:00;2375.79;2378.48;2353.78;2370.83;37.69;13.03;8.37;33.49;38.83;0.462;NEUTRE;0;56.1;2;0
2026.05.06 00:00;2359.93;2379.80;2353.52;2375.84;40.14;15.03;9.65;37.88;49.48;0.674;NEUTRE;0;;;0
2026.05.05 20:00;2370.98;2387.65;2353.95;2359.93;42.96;17.35;10.89;45.13;62.80;0.577;NEUTRE;0;20.4;0;0
2026.05.05 16:00;2381.02;2383.07;2358.84;2370.95;46.05;20.01;10.33;65.43;76.37;1.047;NEUTRE;0;40.1;1;1
2026.05.05 12:00;2379.16;2399.06;2368.78;2381.02;48.22;23.09;5.61;77.83;77.77;1.476;NEUTRE;0;57.7;2;1
2026.05.05 08:00;2379.90;2383.71;2366.13;2379.16;46.27;18.85;6.47;85.86;71.66;1.397;NEUTRE;0;66;3;1
2026.05.05 04:00;2381.47;2389.81;2366.82;2379.85;45.87;21.75;6.86;69.61;58.32;1.426;NEUTRE;0;77.7;3;0
2026.05.05 00:00;2346.38;2388.32;2344.09;2381.47;44.92;24.10;7.92;59.52;49.52;1.495;NEUTRE;0;;;0
2026.05.04 20:00;2355.31;2364.84;2343.73;2346.38;44.06;19.64;9.14;45.83;44.90;1.054;NEUTRE;0;34.2;1;0
2026.05.04 16:00;2349.09;2378.70;2335.80;2355.32;45.22;22.66;10.54;43.22;49.83;1.439;NEUTRE;0;49.2;2;1
2026.05.04 12:00;2336.76;2380.96;2324.81;2349.09;46.57;26.14;12.16;45.65;57.84;1.171;NEUTRE;0;51.5;2;1
2026.05.04 08:00;2361.72;2370.13;2313.10;2336.76;48.12;27.20;14.04;60.62;68.30;0.640;NEUTRE;0;45.9;2;1
2026.05.04 04:00;2384.28;2397.98;2353.28;2361.86;50.61;31.38;5.36;67.25;69.92;1.721;NEUTRE;0;79.8;3;0
2026.05.04 00:00;2321.91;2390.41;2308.29;2384.13;47.49;33.60;6.18;77.02;71.02;2.680;SOFT_UP;1;;;0
2026.05.03 20:00;2335.15;2355.51;2314.58;2321.90;44.20;32.23;7.13;65.49;61.53;0.247;NEUTRE;0;9;0;0
2026.05.03 16:00;2327.35;2337.23;2321.26;2335.11;41.19;30.32;8.23;70.55;49.07;0.817;NEUTRE;0;33.3;1;0
2026.05.03 12:00;2319.00;2332.35;2319.00;2327.35;38.70;30.29;9.49;48.56;34.37;0.482;NEUTRE;0;27.4;1;0
2026.05.03 08:00;2308.61;2326.61;2306.69;2319.00;36.62;28.33;10.95;28.11;30.89;0.121;NEUTRE;0;11;0;0
2026.05.03 04:00;2301.06;2313.14;2296.81;2308.61;35.45;22.29;12.64;26.45;44.67;-0.327;NEUTRE;0;-46.5;-2;0
2026.05.03 00:00;2316.19;2316.90;2298.61;2301.06;36.65;25.72;12.89;38.10;62.61;-0.653;NEUTRE;0;;;0
2026.05.02 20:00;2310.36;2341.11;2308.85;2316.19;37.18;29.67;6.26;69.46;71.71;0.935;NEUTRE;0;31.1;1;0
2026.05.02 16:00;2308.38;2312.85;2303.54;2310.36;32.87;20.76;7.22;80.28;66.99;0.681;NEUTRE;0;28.7;1;0
2026.05.02 12:00;2301.37;2311.07;2300.33;2308.38;30.48;21.01;8.33;65.38;56.54;0.594;NEUTRE;0;32.5;1;0
2026.05.02 08:00;2300.20;2306.93;2298.04;2301.37;28.53;18.31;9.61;55.32;54.06;0.289;NEUTRE;0;25;0;0
2026.05.02 04:00;2303.37;2305.42;2295.95;2300.21;28.12;18.52;11.09;48.93;57.32;0.238;NEUTRE;0;37.5;1;0
2026.05.02 00:00;2294.74;2307.47;2292.09;2303.37;28.59;21.37;12.80;57.94;66.00;0.376;NEUTRE;0;;;0
2026.05.01 20:00;2304.11;2304.86;2278.43;2294.74;29.13;22.04;14.77;65.07;71.73;1.704;NEUTRE;0;47.7;2;0
2026.05.01 16:00;2306.84;2313.67;2297.05;2304.10;30.57;25.44;6.20;74.99;74.95;2.119;SOFT_UP;1;59.6;2;1
2026.05.01 12:00;2285.60;2324.76;2282.97;2306.84;25.92;29.35;7.16;75.14;72.60;2.240;SOFT_UP;1;67.4;3;1
2026.05.01 08:00;2278.38;2291.89;2275.99;2285.60;20.56;21.76;8.26;74.73;69.77;1.299;NEUTRE;0;64.4;2;1
2026.05.01 04:00;2281.47;2285.41;2271.11;2278.39;16.80;18.84;9.53;67.92;66.85;0.979;NEUTRE;0;72.4;3;0
2026.05.01 00:00;2256.30;2293.66;2255.82;2281.47;14.33;21.74;10.99;66.66;65.71;1.116;NEUTRE;0;;;0
2026.04.30 20:00;2261.03;2265.97;2250.96;2256.30;11.49;13.83;12.68;65.96;60.15;0.216;NEUTRE;0;7.9;0;0
2026.04.30 16:00;2264.44;2266.10;2249.93;2261.03;12.59;15.96;14.64;64.50;50.20;0.426;NEUTRE;0;18.9;0;1
2026.04.30 12:00;2256.88;2273.90;2245.24;2264.44;13.86;18.41;16.89;49.99;38.19;0.577;NEUTRE;0;31.8;1;1
2026.04.30 08:00;2259.02;2271.74;2251.11;2256.88;15.33;21.24;16.34;36.11;28.30;0.242;NEUTRE;0;21.3;0;1
2026.04.30 04:00;2251.73;2260.78;2230.29;2259.02;15.68;16.34;18.85;28.48;21.55;0.337;NEUTRE;0;47.3;2;0
2026.04.30 00:00;2251.44;2277.75;2234.78;2251.75;17.00;18.85;19.48;20.31;21.32;0.014;NEUTRE;0;;;0
2026.04.29 20:00;2232.16;2263.38;2228.89;2251.44;19.36;16.61;22.48;15.85;32.71;-1.619;NEUTRE;0;-46.2;-2;0
2026.04.29 16:00;2271.25;2283.97;2219.39;2232.16;20.02;19.16;25.94;27.81;54.70;-2.461;SOFT_DOWN;-1;-63.2;-2;1
2026.04.29 12:00;2330.71;2331.35;2262.44;2271.03;20.79;22.11;19.67;54.46;71.70;-0.763;NEUTRE;0;-39.3;-1;1
2026.04.29 08:00;2322.77;2346.04;2320.33;2330.70;23.09;25.51;9.78;81.81;80.48;1.845;NEUTRE;0;71.4;3;1
2026.04.29 04:00;2311.07;2341.94;2308.53;2322.77;19.79;26.98;11.28;78.83;74.02;1.498;NEUTRE;0;78.3;3;0
2026.04.29 00:00;2288.48;2315.45;2278.07;2310.92;16.52;18.94;13.01;80.78;63.58;0.981;NEUTRE;0;;;0
2026.04.28 20:00;2300.92;2304.82;2283.37;2288.47;16.21;17.47;15.02;62.45;46.78;-0.626;NEUTRE;0;-22;0;0
2026.04.28 16:00;2278.85;2304.80;2273.39;2300.95;17.53;20.15;17.33;47.50;36.07;-0.084;NEUTRE;0;-3.9;0;1
2026.04.28 12:00;2274.41;2285.23;2257.68;2278.85;19.07;13.66;19.99;30.37;31.00;-1.044;NEUTRE;0;-48.3;-2;1
2026.04.28 08:00;2287.12;2290.92;2269.33;2274.41;19.12;15.76;16.56;30.33;29.35;-1.237;NEUTRE;0;-63.3;-2;1
2026.04.28 04:00;2290.01;2296.49;2269.71;2287.12;21.68;18.19;18.84;32.30;24.87;-0.685;NEUTRE;0;-65.6;-3;0
2026.04.28 00:00;2302.89;2310.35;2280.22;2290.01;24.74;20.99;15.70;25.42;17.90;-0.559;NEUTRE;0;;;0
2026.04.27 20:00;2288.55;2307.70;2283.99;2302.91;26.33;24.22;16.19;16.88;11.69;-2.823;SOFT_DOWN;-1;-61.2;-2;0
2026.04.27 16:00;2274.29;2292.10;2269.43;2288.55;27.32;17.82;18.68;11.39;16.48;-3.429;SOFT_DOWN;-1;-70.1;-3;1
2026.04.27 12:00;2319.84;2329.04;2265.66;2274.29;31.17;20.56;21.56;6.82;31.06;-4.031;STRONG_DOWN;-2;-77;-3;1
2026.04.27 08:00;2315.69;2324.93;2308.98;2319.84;35.60;23.73;14.36;31.24;57.87;-2.109;SOFT_DOWN;-1;-73.6;-3;1
2026.04.27 04:00;2394.71;2396.09;2313.03;2315.69;37.29;27.38;12.66;55.11;76.83;-2.284;SOFT_DOWN;-1;-82.3;-3;0
2026.04.27 00:00;2369.81;2404.17;2359.41;2394.71;37.37;31.59;6.02;87.27;88.83;1.051;NEUTRE;0;;;0
2026.04.26 20:00;2367.93;2380.01;2349.07;2369.78;32.66;28.14;6.94;88.09;90.45;2.173;SOFT_UP;1;54.5;2;0
2026.04.26 16:00;2348.47;2376.15;2340.55;2367.93;28.39;30.55;8.01;91.12;87.71;2.093;SOFT_UP;1;59.3;2;0
2026.04.26 12:00;2336.33;2352.18;2325.41;2348.47;23.76;24.89;9.24;92.13;81.75;1.254;NEUTRE;0;53.4;2;0
2026.04.26 08:00;2331.54;2337.94;2329.76;2336.36;20.37;20.54;10.67;79.88;69.14;0.732;NEUTRE;0;49.7;2;0
2026.04.26 04:00;2309.90;2335.47;2308.96;2331.54;18.63;19.05;12.31;73.23;57.47;0.524;NEUTRE;0;59.4;2;0
2026.04.26 00:00;2319.38;2319.70;2306.63;2309.90;18.19;12.83;14.20;54.30;42.23;-0.409;NEUTRE;0;;;0
2026.04.25 20:00;2309.92;2320.61;2308.70;2319.38;20.21;14.81;13.95;44.88;34.93;0.180;NEUTRE;0;6.6;0;0
2026.04.25 16:00;2308.17;2314.01;2300.93;2309.92;22.86;8.56;16.10;27.51;35.25;-0.229;NEUTRE;0;-10.4;0;0
2026.04.25 12:00;2313.77;2319.12;2305.01;2308.20;21.68;9.88;13.77;32.40;42.49;-0.303;NEUTRE;0;-18;0;0
2026.04.25 08:00;2316.42;2323.28;2311.18;2313.77;22.48;11.40;9.16;45.84;49.10;-0.063;NEUTRE;0;-5.8;0;0
2026.04.25 04:00;2318.70;2319.49;2313.25;2316.70;24.27;8.33;10.57;49.23;52.19;0.064;NEUTRE;0;11.6;0;0
2026.04.25 00:00;2315.22;2321.25;2311.48;2318.70;26.18;9.62;12.20;52.24;58.46;0.150;NEUTRE;0;;;0
2026.04.24 20:00;2321.55;2328.56;2307.54;2315.22;28.38;11.09;14.08;55.10;61.77;-0.658;NEUTRE;0;-23;0;0
2026.04.24 16:00;2324.06;2325.39;2308.60;2321.55;30.93;10.48;16.24;68.03;61.45;-0.386;NEUTRE;0;-17.3;0;1
2026.04.24 12:00;2328.42;2332.75;2301.58;2324.06;32.37;12.09;18.74;62.19;55.28;-0.278;NEUTRE;0;-16.6;0;1
2026.04.24 08:00;2312.01;2333.31;2304.12;2328.42;34.03;13.95;20.37;54.13;48.48;-0.091;NEUTRE;0;-8.3;0;1
2026.04.24 04:00;2308.65;2317.26;2300.19;2312.01;36.38;7.64;23.51;49.51;42.84;-0.796;NEUTRE;0;-68.7;-3;0
2026.04.24 00:00;2330.55;2337.77;2301.30;2308.65;34.15;8.82;26.12;41.80;34.92;-0.940;NEUTRE;0;;;0
2026.04.23 20:00;2313.32;2338.86;2313.32;2330.50;31.78;10.17;25.07;37.19;28.04;-1.857;NEUTRE;0;-50.1;-2;0
2026.04.23 16:00;2333.86;2336.09;2285.43;2313.22;30.16;10.08;28.93;25.78;20.72;-2.584;SOFT_DOWN;-1;-64.3;-2;1
2026.04.23 12:00;2329.37;2343.59;2315.43;2333.86;27.37;11.63;24.27;21.14;17.18;-1.715;NEUTRE;0;-61.5;-2;1
2026.04.23 08:00;2344.67;2345.26;2306.16;2329.32;26.16;13.42;28.00;15.23;23.72;-1.906;SOFT_DOWN;-1;-72;-3;1
2026.04.23 04:00;2340.67;2359.04;2337.10;2344.67;24.77;15.48;20.14;15.16;41.50;-1.260;NEUTRE;0;-76.2;-3;0
2026.04.23 00:00;2374.59;2381.85;2332.01;2340.67;26.57;17.86;23.24;40.76;64.34;-1.428;NEUTRE;0;;;0
2026.04.22 20:00;2397.34;2406.51;2374.31;2374.59;28.64;20.61;13.75;68.59;79.20;2.023;SOFT_UP;1;52.5;2;0
2026.04.22 16:00;2404.02;2414.44;2384.40;2397.34;29.98;23.78;11.05;83.66;84.69;3.000;SOFT_UP;1;67.5;3;1
2026.04.22 12:00;2399.01;2423.85;2391.13;2404.02;28.97;27.44;9.30;85.34;84.08;3.287;SOFT_UP;1;74.2;3;1
2026.04.22 08:00;2389.67;2401.02;2382.64;2399.02;25.83;20.93;10.73;85.06;77.69;3.072;SOFT_UP;1;78.6;3;1
2026.04.22 04:00;2363.62;2412.35;2358.11;2389.67;24.85;24.14;12.39;81.83;64.52;2.671;SOFT_UP;1;83.4;3;0
2026.04.22 00:00;2327.51;2379.35;2313.11;2363.61;23.72;18.50;14.29;66.18;48.70;1.551;NEUTRE;0;;;0
2026.04.21 20:00;2298.19;2329.77;2295.93;2327.51;25.40;9.83;16.49;45.56;42.38;0.574;NEUTRE;0;20.3;0;0
2026.04.21 16:00;2310.54;2331.39;2285.88;2298.19;25.41;11.34;19.03;34.35;44.24;-0.693;NEUTRE;0;-29.2;-1;1
2026.04.21 12:00;2320.30;2328.01;2290.64;2310.51;25.43;13.09;20.34;47.21;51.48;-0.160;NEUTRE;0;-9.7;0;1
2026.04.21 08:00;2318.80;2338.63;2314.12;2320.30;26.00;15.10;13.81;51.16;57.64;0.263;NEUTRE;0;23;0;1
2026.04.21 04:00;2311.60;2326.96;2304.26;2318.85;29.31;10.10;15.93;56.07;65.40;0.200;NEUTRE;0;32.8;1;0
2026.04.21 00:00;2314.22;2326.96;2300.18;2311.60;30.38;11.65;18.38;65.70;72.64;-0.113;NEUTRE;0;;;0
2026.04.20 20:00;2332.12;2347.16;2307.81;2314.23;31.60;13.44;16.83;74.43;71.97;2.266;SOFT_UP;1;55.6;2;0
2026.04.20 16:00;2314.32;2344.76;2298.08;2332.12;34.74;14.57;19.42;77.80;63.58;3.057;SOFT_UP;1;67.9;3;1
2026.04.20 12:00;2308.36;2326.53;2278.81;2314.32;37.90;10.81;22.41;63.67;47.87;2.270;SOFT_UP;1;67.7;3;1
2026.04.20 08:00;2298.62;2320.70;2289.86;2308.38;38.35;12.47;22.29;49.28;33.69;2.008;SOFT_UP;1;72.8;3;1
2026.04.20 04:00;2286.56;2331.97;2263.52;2298.62;39.91;14.39;25.72;30.64;25.17;1.576;NEUTRE;0;78.9;3;0
2026.04.20 00:00;2262.95;2294.49;2260.23;2286.56;41.70;8.18;29.68;21.14;27.01;1.043;NEUTRE;0;;;0
2026.04.19 20:00;2299.90;2300.20;2252.89;2262.95;39.38;9.44;34.24;23.72;32.36;-3.733;STRONG_DOWN;-2;-67.4;-3;0
2026.04.19 16:00;2331.19;2331.66;2288.18;2299.90;36.71;10.89;28.03;36.16;32.55;-2.161;SOFT_DOWN;-1;-60.1;-2;0
2026.04.19 12:00;2329.71;2350.20;2316.47;2331.21;35.58;12.57;22.34;37.21;25.73;-0.829;NEUTRE;0;-41.7;-1;0
2026.04.19 08:00;2316.29;2331.32;2306.54;2329.71;36.74;5.89;25.77;24.29;17.16;-0.893;NEUTRE;0;-55.2;-2;0
2026.04.19 04:00;2340.22;2346.72;2299.57;2316.29;32.73;6.79;29.74;15.68;14.09;-1.463;NEUTRE;0;-78;-3;0
2026.04.19 00:00;2350.69;2355.87;2332.88;2340.21;28.11;7.84;23.44;11.51;12.96;-0.446;NEUTRE;0;;;0
2026.04.18 20:00;2348.84;2359.79;2345.12;2350.63;24.76;9.04;18.86;15.09;17.37;-2.834;SOFT_DOWN;-1;-61.3;-2;0
2026.04.18 16:00;2363.81;2374.94;2339.90;2348.84;23.15;10.44;21.76;12.28;24.62;-2.908;SOFT_DOWN;-1;-66.9;-3;0
2026.04.18 12:00;2353.40;2370.03;2345.56;2363.81;21.30;12.04;22.62;24.75;39.76;-2.290;SOFT_DOWN;-1;-67.9;-3;0
2026.04.18 08:00;2403.77;2405.25;2344.19;2353.40;19.88;13.89;26.11;36.83;53.72;-2.720;SOFT_DOWN;-1;-77.1;-3;0
2026.04.18 04:00;2405.56;2413.98;2400.33;2403.77;18.24;16.03;15.98;57.69;67.26;-0.638;NEUTRE;0;-64;-2;0
2026.04.18 00:00;2419.20;2427.94;2400.76;2405.56;21.02;18.50;17.95;66.63;74.44;-0.564;NEUTRE;0;;;0
2026.04.17 20:00;2428.50;2442.51;2415.99;2419.23;24.03;21.34;12.09;77.47;77.76;3.030;SOFT_UP;1;62.9;2;0
2026.04.17 16:00;2442.79;2465.44;2415.63;2428.50;23.47;24.63;13.95;79.23;71.83;3.424;SOFT_UP;1;70.1;3;1
2026.04.17 12:00;2355.10;2457.95;2349.56;2442.76;22.82;26.10;16.10;76.57;66.77;4.032;STRONG_UP;2;77;3;1
2026.04.17 08:00;2333.94;2376.89;2332.80;2355.10;22.68;18.61;18.57;59.69;65.70;0.299;NEUTRE;0;25.7;1;1
2026.04.17 04:00;2325.21;2342.08;2317.46;2333.95;26.16;9.33;21.43;64.06;70.54;-0.602;NEUTRE;0;-62.7;-2;0
2026.04.17 00:00;2348.09;2351.03;2324.13;2325.21;24.13;10.76;20.56;73.34;68.37;-0.974;NEUTRE;0;;;0
2026.04.16 20:00;2360.00;2364.29;2336.31;2348.09;23.03;12.42;16.76;74.23;56.79;-0.511;NEUTRE;0;-18.2;0;0
2026.04.16 16:00;2339.16;2361.85;2309.43;2360.00;24.28;12.99;19.33;57.55;44.84;-0.007;NEUTRE;0;-0.3;0;1
2026.04.16 12:00;2335.69;2351.27;2284.88;2339.16;25.00;11.88;22.31;38.58;43.92;-0.890;NEUTRE;0;-43.7;-1;1
2026.04.16 08:00;2341.25;2348.37;2328.16;2335.69;24.15;13.71;15.71;38.39;54.80;-1.037;NEUTRE;0;-59.1;-2;1
2026.04.16 04:00;2357.88;2364.16;2335.80;2341.25;26.82;15.82;12.31;54.79;66.01;-0.801;NEUTRE;0;-68.8;-3;0
2026.04.16 00:00;2360.16;2369.67;2346.05;2357.89;29.03;18.25;8.65;71.23;69.82;-0.096;NEUTRE;0;;;0
2026.04.15 20:00;2375.24;2380.15;2348.71;2360.16;28.01;21.06;8.25;72.00;56.65;1.600;NEUTRE;0;45.9;2;0
2026.04.15 16:00;2332.01;2386.02;2329.53;2374.90;25.59;24.30;9.51;66.24;40.85;2.235;SOFT_UP;1;60.9;2;1
2026.04.15 12:00;2337.53;2349.24;2317.58;2332.31;22.80;18.02;10.98;31.72;24.44;0.401;NEUTRE;0;23.3;0;1
2026.04.15 08:00;2316.96;2338.16;2312.30;2337.59;22.57;15.41;12.67;24.60;19.21;0.629;NEUTRE;0;45.4;2;1
2026.04.15 04:00;2329.11;2338.32;2309.73;2316.96;24.53;17.78;14.62;17.01;23.42;-0.260;NEUTRE;0;-39.9;-1;0
2026.04.15 00:00;2322.99;2343.63;2318.02;2329.11;26.80;20.52;12.40;16.02;38.90;0.263;NEUTRE;0;;;0
2026.04.14 20:00;2313.65;2332.44;2309.27;2322.99;27.14;16.95;14.31;37.24;61.91;-1.961;SOFT_DOWN;-1;-51.6;-2;0
2026.04.14 16:00;2365.05;2371.60;2304.02;2313.65;30.01;19.56;16.51;63.44;79.45;-2.355;SOFT_DOWN;-1;-62.2;-2;1
2026.04.14 12:00;2374.46;2415.75;2334.61;2365.05;33.33;22.57;12.09;85.07;88.20;-0.186;NEUTRE;0;-11.3;0;1
2026.04.14 08:00;2378.50;2395.32;2367.71;2374.46;33.80;26.04;7.67;89.85;89.51;0.211;NEUTRE;0;18.8;0;1
2026.04.14 04:00;2365.85;2389.46;2354.95;2378.50;30.62;26.78;8.85;89.68;87.76;0.382;NEUTRE;0;50.9;2;0
2026.04.14 00:00;2369.45;2378.04;2354.65;2365.77;27.60;25.81;10.22;89.01;80.16;-0.155;NEUTRE;0;;;0
2026.04.13 20:00;2262.96;2393.81;2247.96;2369.51;25.18;29.78;11.79;84.59;62.73;8.141;EXPLOSIVE_UP;3;79.2;3;0
2026.04.13 16:00;2209.43;2269.00;2199.87;2262.96;22.40;21.20;13.60;66.88;44.10;3.278;SOFT_UP;1;69.2;3;1
2026.04.13 12:00;2187.05;2236.72;2175.20;2209.43;22.48;17.28;15.70;36.71;32.65;0.835;NEUTRE;0;41.9;1;1
2026.04.13 08:00;2186.30;2195.06;2178.93;2187.05;25.20;9.52;18.11;28.70;29.53;-0.187;NEUTRE;0;-16.8;0;1
2026.04.13 04:00;2193.82;2201.20;2182.14;2186.30;24.30;10.98;17.83;32.55;25.32;-0.221;NEUTRE;0;-35.4;-1;0
2026.04.13 00:00;2191.14;2208.65;2187.15;2193.84;24.38;12.67;16.53;27.33;18.22;0.123;NEUTRE;0;;;0
2026.04.12 20:00;2198.89;2218.14;2183.85;2191.14;26.10;14.62;19.08;16.10;11.81;-4.117;STRONG_DOWN;-2;-69.3;-3;0
2026.04.12 16:00;2187.05;2207.24;2183.34;2198.89;28.08;11.98;22.01;11.23;8.91;-3.778;STRONG_DOWN;-2;-71.8;-3;0
2026.04.12 12:00;2204.90;2208.34;2176.32;2187.05;27.86;13.83;25.40;8.10;12.27;-4.296;STRONG_DOWN;-2;-77.8;-3;0
2026.04.12 08:00;2218.58;2219.38;2194.59;2204.94;27.61;15.95;20.53;7.40;25.00;-3.513;SOFT_DOWN;-1;-80;-3;0
2026.04.12 04:00;2213.99;2221.47;2208.97;2218.58;29.92;18.41;14.76;21.31;46.33;-2.916;SOFT_DOWN;-1;-83.9;-3;0
2026.04.12 00:00;2285.22;2289.02;2207.42;2213.99;32.84;21.24;17.04;46.27;66.15;-3.117;SOFT_DOWN;-1;;;0
2026.04.11 20:00;2316.42;2317.41;2276.90;2285.22;36.20;24.51;6.56;71.41;71.55;1.762;NEUTRE;0;48.6;2;0
2026.04.11 16:00;2249.98;2329.58;2246.91;2316.42;32.88;28.28;7.57;80.76;70.12;3.151;SOFT_UP;1;68.5;3;0
2026.04.11 12:00;2246.88;2255.44;2234.19;2249.98;29.04;18.83;8.73;62.48;67.73;0.192;NEUTRE;0;11.6;0;0
2026.04.11 08:00;2233.34;2249.89;2232.61;2246.88;27.87;17.71;10.07;67.13;75.41;0.054;NEUTRE;0;5;0;0
2026.04.11 04:00;2237.85;2243.46;2229.56;2233.34;27.93;14.71;11.62;73.57;79.68;-0.549;NEUTRE;0;-60.5;-2;0
2026.04.11 00:00;2245.66;2251.92;2235.30;2237.84;30.43;16.98;7.06;85.53;78.97;-0.348;NEUTRE;0;;;0
2026.04.10 20:00;2253.63;2257.69;2236.83;2245.66;28.76;19.59;6.73;79.93;65.85;2.564;SOFT_UP;1;58.8;2;0
2026.04.10 16:00;2223.93;2256.40;2221.21;2254.03;25.67;21.65;7.76;71.45;51.65;2.946;SOFT_UP;1;67.1;3;1
2026.04.10 12:00;2215.64;2257.59;2208.04;2223.91;22.35;24.98;8.96;46.18;38.49;1.570;NEUTRE;0;59.3;2;1
2026.04.10 08:00;2179.05;2223.95;2176.45;2215.64;18.53;18.38;10.34;37.31;39.41;1.192;NEUTRE;0;62.5;2;1
2026.04.10 04:00;2185.95;2202.74;2175.79;2179.05;17.07;14.34;11.93;31.97;49.39;-0.479;NEUTRE;0;-57;-2;0
2026.04.10 00:00;2189.53;2203.98;2177.61;2185.94;18.28;16.54;12.72;48.95;59.96;-0.164;NEUTRE;0;;;0
2026.04.09 20:00;2216.02;2244.82;2183.22;2189.53;19.09;19.09;11.41;67.25;56.46;-0.006;NEUTRE;0;-0.2;0;0
2026.04.09 16:00;2217.77;2228.62;2192.75;2216.02;18.15;17.98;13.16;63.69;40.40;1.203;NEUTRE;0;44.1;1;1
2026.04.09 12:00;2179.60;2224.58;2156.65;2217.77;18.56;19.01;15.18;38.43;24.42;1.283;NEUTRE;0;54;2;1
2026.04.09 08:00;2180.92;2196.09;2176.37;2179.60;19.70;15.48;17.52;19.06;18.07;-0.460;NEUTRE;0;-36.5;-1;1
2026.04.09 04:00;2182.18;2188.62;2175.24;2180.92;21.77;12.03;20.22;15.77;25.56;-0.400;NEUTRE;0;-52.2;-2;0
2026.04.09 00:00;2189.67;2193.57;2162.31;2182.18;21.22;13.89;23.33;19.39;42.97;-0.342;NEUTRE;0;;;0
2026.04.08 20:00;2211.34;2222.54;2179.78;2189.67;20.58;16.02;18.32;41.53;63.91;-2.212;SOFT_DOWN;-1;-54.9;-2;0
2026.04.08 16:00;2215.02;2238.73;2196.94;2211.34;22.72;18.49;14.96;67.98;78.96;-1.245;NEUTRE;0;-45.1;-2;1
2026.04.08 12:00;2247.06;2270.39;2186.26;2215.02;24.59;21.33;17.26;82.21;84.90;-1.080;NEUTRE;0;-49.2;-2;1
2026.04.08 08:00;2253.33;2262.30;2238.38;2247.06;26.76;24.61;10.39;86.69;84.72;0.351;NEUTRE;0;29.5;1;1
2026.04.08 04:00;2233.93;2260.01;2233.93;2253.43;24.62;26.93;11.98;85.80;77.91;0.635;NEUTRE;0;63.9;2;0
2026.04.08 00:00;2239.21;2249.46;2227.76;2233.93;22.50;24.84;13.83;81.67;59.75;-0.236;NEUTRE;0;;;0
2026.04.07 20:00;2113.38;2272.31;2110.02;2239.21;21.58;28.67;15.96;66.27;37.81;6.283;STRONG_UP;2;76.1;3;0
2026.04.07 16:00;2079.37;2115.67;2076.58;2113.38;20.52;18.23;18.41;31.32;21.24;0.310;NEUTRE;0;14;0;1
2026.04.07 12:00;2088.63;2092.24;2060.25;2079.46;23.60;11.81;21.24;15.83;17.90;-1.300;NEUTRE;0;-54.4;-2;1
2026.04.07 08:00;2103.15;2132.97;2081.39;2088.63;22.84;13.63;14.34;16.58;23.01;-0.864;NEUTRE;0;-54.3;-2;1
2026.04.07 04:00;2107.67;2118.84;2096.07;2103.15;25.96;15.72;12.17;21.28;38.08;-0.175;NEUTRE;0;-29.4;-1;0
2026.04.07 00:00;2106.84;2119.24;2092.87;2107.67;27.99;18.14;14.05;31.18;57.90;0.039;NEUTRE;0;;;0
2026.04.06 20:00;2144.06;2154.70;2088.00;2106.84;30.34;20.94;16.21;61.78;77.14;-0.103;NEUTRE;0;-3.8;0;0
2026.04.06 16:00;2164.60;2168.28;2123.02;2143.81;33.05;24.16;10.62;80.74;85.48;1.650;NEUTRE;0;53;2;1
2026.04.06 12:00;2151.11;2169.42;2137.25;2164.67;32.15;27.87;7.42;88.90;88.13;2.639;SOFT_UP;1;70.6;3;1
2026.04.06 08:00;2134.19;2173.38;2132.58;2151.11;28.18;32.16;8.56;86.81;87.32;1.996;SOFT_UP;1;72.7;3;1
2026.04.06 04:00;2128.18;2139.45;2119.04;2134.11;23.60;24.31;9.88;88.66;85.23;1.190;NEUTRE;0;75.4;3;0
2026.04.06 00:00;2109.02;2144.55;2109.02;2128.18;20.73;28.05;11.40;86.49;74.31;0.908;NEUTRE;0;;;0
2026.04.05 20:00;2061.40;2121.50;2048.90;2108.96;17.43;22.41;13.15;80.54;56.92;2.145;SOFT_UP;1;54.1;2;0
2026.04.05 16:00;2052.93;2068.86;2047.89;2061.12;16.10;14.70;15.18;55.91;37.97;-0.172;NEUTRE;0;-7.9;0;0
2026.04.05 12:00;2041.09;2068.29;2021.21;2052.93;18.34;16.54;17.51;34.32;29.84;-0.569;NEUTRE;0;-31.4;-1;0
2026.04.05 08:00;2036.34;2051.48;2034.81;2041.09;20.72;13.59;20.20;23.69;33.39;-1.143;NEUTRE;0;-61.5;-2;0
2026.04.05 04:00;2055.69;2057.19;2026.69;2036.34;20.90;15.69;23.31;31.51;43.95;-1.373;NEUTRE;0;-77.3;-3;0
2026.04.05 00:00;2064.68;2064.90;2053.37;2055.69;21.10;18.10;13.44;44.97;51.68;-0.435;NEUTRE;0;;;0
2026.04.04 20:00;2063.90;2071.17;2059.00;2064.68;22.08;20.88;8.00;55.36;51.50;0.569;NEUTRE;0;20.1;0;0
2026.04.04 16:00;2055.56;2082.96;2052.19;2063.88;18.61;24.10;9.23;54.70;43.18;0.530;NEUTRE;0;23.1;0;0
2026.04.04 12:00;2051.13;2060.68;2043.81;2055.56;14.61;16.66;10.65;44.44;34.37;0.125;NEUTRE;0;7.6;0;0
2026.04.04 08:00;2053.12;2054.58;2046.85;2051.13;13.47;13.66;12.29;30.41;28.80;-0.091;NEUTRE;0;-8.3;0;0
2026.04.04 04:00;2049.28;2057.15;2047.58;2053.12;14.73;15.77;12.72;28.27;28.34;0.006;NEUTRE;0;1.1;0;0
2026.04.04 00:00;2053.00;2053.19;2047.14;2049.28;15.35;11.82;14.68;27.73;31.86;-0.181;NEUTRE;0;;;0
2026.04.03 20:00;2051.94;2059.77;2048.42;2053.02;16.05;13.64;13.68;29.04;43.13;-0.163;NEUTRE;0;-6;0;0
2026.04.03 16:00;2050.49;2055.95;2043.29;2052.19;18.50;10.57;15.79;38.81;57.27;-0.204;NEUTRE;0;-9.3;0;1
2026.04.03 12:00;2062.26;2078.80;2041.17;2050.44;18.30;12.19;18.22;61.53;68.38;-0.289;NEUTRE;0;-17.2;0;1
2026.04.03 08:00;2065.12;2071.30;2052.69;2062.26;18.06;14.07;16.31;71.47;64.11;0.286;NEUTRE;0;24.7;0;1
2026.04.03 04:00;2053.38;2074.49;2046.76;2065.12;19.71;16.23;18.82;72.14;52.85;0.425;NEUTRE;0;53.8;2;0
2026.04.03 00:00;2056.38;2061.72;2040.72;2053.41;21.60;11.64;21.72;48.71;36.41;-0.144;NEUTRE;0;;;0
2026.04.02 20:00;2064.70;2073.78;2053.20;2056.38;20.28;13.43;15.92;37.71;25.49;-3.886;STRONG_DOWN;-2;-68.2;-3;0
2026.04.02 16:00;2058.66;2074.65;2042.96;2064.70;22.10;15.50;18.36;22.81;15.77;-3.497;SOFT_DOWN;-1;-70.4;-3;1
2026.04.02 12:00;2031.84;2071.17;2015.97;2058.66;24.19;16.20;21.19;15.96;15.24;-3.779;STRONG_DOWN;-2;-76.2;-3;1
2026.04.02 08:00;2054.97;2054.97;2024.58;2031.97;25.86;14.17;24.45;8.53;23.22;-5.027;STRONG_DOWN;-2;-83;-3;1
2026.04.02 04:00;2055.23;2057.36;2038.08;2054.98;25.75;16.35;21.38;21.21;42.79;-3.951;STRONG_DOWN;-2;-85.5;-3;0
2026.04.02 00:00;2139.52;2158.48;2046.12;2055.28;27.66;18.87;18.25;39.93;60.35;-3.937;STRONG_DOWN;-2;;;0
2026.04.01 20:00;2140.29;2164.39;2129.73;2139.51;31.66;21.77;9.61;67.24;72.78;1.730;NEUTRE;0;48.1;2;0
2026.04.01 16:00;2134.27;2166.91;2122.79;2140.26;30.57;25.12;11.09;73.87;77.02;1.765;NEUTRE;0;54.9;2;1
2026.04.01 12:00;2134.27;2144.68;2107.86;2134.27;29.31;21.23;12.80;77.22;79.58;1.481;NEUTRE;0;57.8;2;1
2026.04.01 08:00;2129.46;2141.30;2123.66;2134.27;30.00;24.50;8.16;79.99;80.84;1.481;NEUTRE;0;67.3;3;1
2026.04.01 04:00;2100.47;2155.47;2098.02;2129.46;26.92;28.27;9.42;81.53;78.64;1.252;NEUTRE;0;76.1;3;0
2026.04.01 00:00;2103.13;2113.99;2080.77;2100.47;23.37;21.51;10.87;81.01;70.79;-0.126;NEUTRE;0;;;0
2026.03.31 20:00;2094.40;2107.63;2087.02;2103.19;21.91;21.87;12.54;73.38;59.79;3.894;STRONG_UP;2;68.3;3;0
2026.03.31 16:00;2052.53;2120.45;2052.08;2094.92;21.11;25.24;14.47;57.97;53.02;3.485;SOFT_UP;1;70.4;3;1
2026.03.31 12:00;2038.80;2089.47;2033.28;2052.53;20.18;22.15;16.70;48.01;49.75;1.391;NEUTRE;0;56.2;2;1
2026.03.31 08:00;2053.61;2056.84;2010.28;2038.80;21.13;16.62;19.26;53.09;48.27;0.713;NEUTRE;0;48.9;2;1
2026.03.31 04:00;2064.68;2069.82;2040.53;2053.61;23.25;19.18;12.23;48.14;50.61;1.444;NEUTRE;0;77.9;3;0
2026.03.31 00:00;2024.37;2089.01;2013.98;2064.71;23.42;22.13;14.11;43.58;61.23;1.993;SOFT_UP;1;;;0
2026.03.30 20:00;2021.32;2046.59;2011.79;2024.40;23.62;16.84;16.29;60.12;78.16;2.102;SOFT_UP;1;53.6;2;0
2026.03.30 16:00;2072.94;2073.39;2011.22;2021.57;27.00;19.43;18.79;80.01;89.53;1.959;SOFT_UP;1;57.6;2;1
2026.03.30 12:00;2069.32;2082.19;2042.57;2072.94;30.89;22.42;13.92;94.35;91.63;4.550;STRONG_UP;2;78.4;3;1
2026.03.30 08:00;2057.40;2077.25;2047.25;2069.32;32.05;23.95;16.07;94.24;84.21;4.367;STRONG_UP;2;81.9;3;1
2026.03.30 04:00;2033.82;2063.43;2033.82;2057.40;33.95;20.55;18.54;86.29;67.19;3.766;STRONG_UP;2;85.3;3;0
2026.03.30 00:00;1982.73;2041.17;1978.01;2033.83;38.38;12.14;21.39;72.09;48.00;2.577;SOFT_UP;1;;;0
2026.03.29 20:00;1993.70;2006.84;1937.26;1982.60;40.04;5.65;24.68;43.20;33.35;-0.499;NEUTRE;0;-17.8;0;0
2026.03.29 16:00;1990.78;2001.56;1985.92;1993.70;36.55;6.52;17.72;28.70;30.46;0.058;NEUTRE;0;2.7;0;0
2026.03.29 12:00;2001.92;2003.20;1982.30;1990.78;35.06;7.52;20.45;28.15;29.95;-0.088;NEUTRE;0;-5.4;0;0
2026.03.29 08:00;2003.87;2006.13;1989.60;2001.89;33.34;8.67;18.22;34.54;33.51;0.469;NEUTRE;0;37.1;1;0
2026.03.29 04:00;2009.13;2010.88;1995.56;2003.85;33.01;10.01;15.47;27.17;38.94;0.568;NEUTRE;0;61.3;2;0
2026.03.29 00:00;1992.54;2017.44;1989.65;2009.02;34.79;11.55;17.85;38.81;52.57;0.827;NEUTRE;0;;;0
2026.03.28 20:00;2018.68;2024.50;1987.96;1992.67;36.84;13.33;20.60;50.83;65.41;0.077;NEUTRE;0;2.8;0;0
2026.03.28 16:00;2024.82;2028.41;2015.13;2018.65;39.21;15.38;12.33;68.07;63.34;1.382;NEUTRE;0;48.1;2;0
2026.03.28 12:00;1995.70;2041.39;1990.64;2024.82;43.55;17.74;14.23;77.34;51.03;1.692;NEUTRE;0;61.2;2;0
2026.03.28 08:00;2005.20;2006.61;1991.05;1995.70;48.56;9.93;16.41;44.60;31.62;0.230;NEUTRE;0;20.3;0;0
2026.03.28 04:00;1987.40;2006.57;1985.37;2005.20;52.24;11.42;18.94;31.16;23.12;0.707;NEUTRE;0;66.3;3;0
2026.03.28 00:00;1991.13;1993.52;1981.15;1987.40;56.47;3.70;21.85;19.09;17.91;-0.187;NEUTRE;0;;;0
2026.03.27 20:00;1989.61;1994.25;1978.61;1991.13;54.23;4.27;25.22;19.11;19.17;-3.273;SOFT_DOWN;-1;-64.6;-2;0
2026.03.27 16:00;1989.49;1995.66;1972.36;1989.61;51.64;4.93;29.10;15.54;21.95;-3.347;SOFT_DOWN;-1;-69.6;-3;1
2026.03.27 12:00;1990.19;2008.36;1970.16;1989.38;48.66;5.69;33.57;22.85;27.17;-3.358;SOFT_DOWN;-1;-74.5;-3;1
2026.03.27 08:00;2064.09;2067.28;1980.85;1990.19;45.22;6.56;34.43;27.47;26.01;-3.318;SOFT_DOWN;-1;-79.4;-3;1
2026.03.27 04:00;2059.73;2069.89;2041.61;2063.97;41.71;7.57;28.91;31.20;21.74;0.266;NEUTRE;0;40.6;1;0
2026.03.27 00:00;2058.50;2075.28;2054.96;2059.74;39.13;8.73;26.10;19.36;14.32;0.060;NEUTRE;0;;;0
2026.03.26 20:00;2047.06;2077.43;2044.38;2058.47;37.48;10.08;30.11;14.67;10.99;-5.033;STRONG_DOWN;-2;-72.9;-3;0
2026.03.26 16:00;2068.62;2069.23;2032.42;2047.08;35.58;7.81;34.75;8.93;9.17;-5.558;STRONG_DOWN;-2;-77.4;-3;1
2026.03.26 12:00;2067.02;2091.58;2052.47;2068.62;31.31;9.01;31.71;9.37;13.30;-4.565;STRONG_DOWN;-2;-78.5;-3;1
2026.03.26 08:00;2122.11;2125.01;2063.24;2067.02;27.56;10.40;32.36;9.22;21.74;-4.638;STRONG_DOWN;-2;-82.4;-3;1
2026.03.26 04:00;2151.78;2152.87;2110.57;2122.11;23.90;12.00;25.55;21.29;35.28;-2.097;SOFT_DOWN;-1;-81.6;-3;0
2026.03.26 00:00;2167.56;2170.84;2142.90;2151.78;22.02;13.85;17.72;34.71;50.52;-0.728;NEUTRE;0;;;0
2026.03.25 20:00;2171.52;2181.26;2158.15;2167.57;23.53;15.98;12.05;49.82;63.90;0.584;NEUTRE;0;20.6;0;0
2026.03.25 16:00;2161.36;2183.36;2154.95;2171.54;24.99;18.44;13.90;67.02;74.50;0.768;NEUTRE;0;31.7;1;1
2026.03.25 12:00;2185.52;2197.39;2146.65;2161.36;26.67;21.27;16.04;74.87;77.75;0.296;NEUTRE;0;17.6;0;1
2026.03.25 08:00;2163.70;2198.44;2163.45;2185.29;28.62;24.54;13.41;81.63;71.38;1.407;NEUTRE;0;66.2;3;1
2026.03.25 04:00;2157.14;2178.21;2155.32;2163.70;28.51;19.43;15.47;76.74;57.67;0.405;NEUTRE;0;52.5;2;0
2026.03.25 00:00;2154.98;2167.35;2145.82;2157.12;31.15;15.12;17.86;55.76;45.63;0.099;NEUTRE;0;;;0
2026.03.24 20:00;2114.90;2162.48;2113.82;2154.98;34.67;13.96;20.60;40.50;47.20;0.181;NEUTRE;0;6.6;0;0
2026.03.24 16:00;2133.71;2139.58;2101.84;2115.14;37.04;8.87;23.77;40.64;56.94;-1.671;NEUTRE;0;-53.4;-2;1
2026.03.24 12:00;2164.91;2169.40;2119.18;2134.13;35.72;10.23;20.36;60.46;66.68;-0.788;NEUTRE;0;-40.2;-1;1
2026.03.24 08:00;2164.64;2174.60;2146.08;2164.91;36.12;11.81;15.25;69.73;70.50;0.643;NEUTRE;0;46;2;1
2026.03.24 04:00;2140.51;2170.01;2127.52;2164.71;39.72;11.15;17.60;69.85;70.50;0.634;NEUTRE;0;63.9;2;0
2026.03.24 00:00;2151.08;2154.84;2124.48;2140.46;42.38;7.37;20.31;71.91;69.34;-0.494;NEUTRE;0;;;0
2026.03.23 20:00;2153.41;2165.45;2140.02;2151.08;41.71;8.50;15.56;69.73;64.32;4.785;STRONG_UP;2;72;3;0
2026.03.23 16:00;2127.37;2176.24;2117.00;2153.41;43.61;9.81;17.95;66.38;57.97;4.898;STRONG_UP;2;75.8;3;1
2026.03.23 12:00;2133.59;2191.50;2107.41;2127.37;45.82;11.32;20.71;56.84;46.50;3.630;SOFT_UP;1;75.6;3;1
2026.03.23 08:00;2043.34;2196.85;2028.00;2133.50;48.36;13.06;23.90;50.70;36.67;3.928;STRONG_UP;2;81;3;1
2026.03.23 04:00;2051.47;2071.08;2022.09;2043.35;51.29;3.61;27.57;31.96;28.40;-0.463;NEUTRE;0;-56.2;-2;0
2026.03.23 00:00;2052.86;2071.20;2034.49;2051.47;47.36;4.17;27.92;27.34;25.07;-0.068;NEUTRE;0;;;0
2026.03.22 20:00;2062.40;2072.57;2025.13;2052.86;43.26;4.81;32.21;25.91;25.43;-1.496;NEUTRE;0;-43.9;-1;0
2026.03.22 16:00;2082.53;2084.13;2053.83;2062.40;38.52;5.55;27.86;21.97;28.93;-1.038;NEUTRE;0;-39.9;-1;0
2026.03.22 12:00;2069.18;2091.20;2067.55;2082.53;34.18;6.41;25.18;28.40;33.57;-0.072;NEUTRE;0;-4.4;0;0
2026.03.22 08:00;2092.68;2094.91;2066.39;2069.05;30.29;7.39;29.06;36.44;36.07;-0.719;NEUTRE;0;-49.2;-2;0
2026.03.22 04:00;2113.00;2121.92;2092.07;2092.67;25.80;8.53;19.68;35.87;34.86;0.415;NEUTRE;0;53.2;2;0
2026.03.22 00:00;2084.03;2125.86;2050.26;2113.00;23.69;9.84;22.70;35.90;45.43;1.390;NEUTRE;0;;;0
2026.03.21 20:00;2151.49;2156.30;2070.33;2083.95;21.26;11.35;22.11;32.81;58.75;-2.863;SOFT_DOWN;-1;-61.5;-2;0
2026.03.21 16:00;2154.45;2154.88;2141.88;2151.49;19.58;13.10;12.71;67.60;71.67;0.285;NEUTRE;0;12.9;0;0
2026.03.21 12:00;2156.53;2167.32;2145.70;2154.45;22.36;15.12;10.15;75.85;69.53;0.423;NEUTRE;0;24.4;0;0
2026.03.21 08:00;2154.90;2158.69;2148.81;2156.53;22.77;11.30;11.71;71.56;59.31;0.520;NEUTRE;0;39.9;1;0
2026.03.21 04:00;2152.51;2160.41;2149.52;2154.90;26.00;13.04;12.40;61.17;46.76;0.444;NEUTRE;0;55;2;0
2026.03.21 00:00;2145.38;2158.85;2143.29;2152.51;29.62;12.84;14.31;45.20;38.30;0.332;NEUTRE;0;;;0
2026.03.20 20:00;2131.91;2166.89;2122.96;2145.39;33.34;14.82;16.51;33.90;40.62;0.383;NEUTRE;0;13.9;0;0
2026.03.20 16:00;2133.15;2144.06;2116.15;2131.81;37.64;9.10;19.05;35.79;49.35;-0.253;NEUTRE;0;-11.5;0;1
2026.03.20 12:00;2140.85;2151.90;2117.60;2133.15;37.99;10.50;21.18;52.16;54.58;-0.190;NEUTRE;0;-11.5;0;1
2026.03.20 08:00;2149.86;2176.07;2130.72;2140.87;38.65;12.12;18.56;60.10;50.10;0.171;NEUTRE;0;15.4;0;1
2026.03.20 04:00;2150.66;2158.38;2121.13;2149.86;41.37;7.98;21.41;51.49;38.73;0.592;NEUTRE;0;62.3;2;0
2026.03.20 00:00;2137.21;2160.24;2132.16;2150.66;40.70;9.21;20.15;38.71;29.41;0.629;NEUTRE;0;;;0
2026.03.19 20:00;2140.44;2155.10;2130.25;2137.21;41.22;7.81;23.25;25.99;22.75;-2.983;SOFT_DOWN;-1;-62.5;-2;0
2026.03.19 16:00;2118.13;2156.54;2103.88;2140.44;39.91;9.01;26.83;23.51;22.93;-2.837;SOFT_DOWN;-1;-66.4;-3;1
2026.03.19 12:00;2166.31;2166.82;2098.73;2118.09;38.40;10.39;30.95;18.76;23.96;-3.851;STRONG_DOWN;-2;-76.4;-3;1
2026.03.19 08:00;2166.27;2191.49;2157.72;2166.31;36.66;11.99;22.39;26.52;25.39;-1.662;NEUTRE;0;-69.5;-3;1
2026.03.19 04:00;2211.84;2212.77;2142.90;2166.23;37.65;13.84;25.83;26.60;21.73;-1.666;NEUTRE;0;-79.4;-3;0
2026.03.19 00:00;2202.93;2233.22;2186.84;2211.84;38.79;15.96;20.13;23.04;15.98;0.404;NEUTRE;0;;;0
2026.03.18 20:00;2185.45;2206.50;2152.84;2202.93;42.98;9.56;23.23;15.55;12.17;-4.943;STRONG_DOWN;-2;-72.6;-3;0
2026.03.18 16:00;2187.25;2219.62;2167.12;2185.42;43.17;11.03;22.71;9.34;16.71;-5.698;STRONG_DOWN;-2;-77.7;-3;1
2026.03.18 12:00;2269.23;2270.43;2169.76;2187.22;44.49;12.72;25.43;11.62;27.75;-5.621;STRONG_DOWN;-2;-80.6;-3;1
2026.03.18 08:00;2317.62;2333.69;2263.03;2269.23;46.21;14.68;15.09;29.17;37.91;-2.082;SOFT_DOWN;-1;-73.4;-3;1
2026.03.18 04:00;2340.90;2342.31;2311.95;2317.62;53.11;16.94;6.76;42.46;37.63;0.006;NEUTRE;0;1.1;0;0
2026.03.18 00:00;2317.48;2349.74;2307.48;2340.91;54.67;19.55;7.80;42.11;35.33;1.011;NEUTRE;0;;;0
2026.03.17 20:00;2319.95;2344.51;2316.75;2317.45;56.47;22.55;5.62;28.32;36.21;-1.486;NEUTRE;0;-43.7;-1;0
2026.03.17 16:00;2315.81;2342.70;2312.24;2319.83;55.91;25.02;6.48;35.56;44.86;-1.385;NEUTRE;0;-48.1;-2;1
2026.03.17 12:00;2326.64;2357.82;2304.03;2315.81;55.46;28.87;7.48;44.75;54.33;-1.555;NEUTRE;0;-59.1;-2;1
2026.03.17 08:00;2327.37;2334.88;2304.68;2326.64;54.94;26.75;8.63;54.27;64.83;-1.095;NEUTRE;0;-60.4;-2;1
2026.03.17 04:00;2319.71;2337.47;2295.99;2327.37;55.52;30.86;9.96;63.97;74.79;-1.064;NEUTRE;0;-73.7;-3;0
2026.03.17 00:00;2352.40;2375.51;2307.90;2319.69;56.18;35.61;7.08;76.26;82.80;-1.390;NEUTRE;0;;;0
2026.03.16 20:00;2330.33;2384.58;2322.90;2352.40;54.54;41.09;4.75;84.15;85.64;8.001;EXPLOSIVE_UP;3;79;3;0
2026.03.16 16:00;2273.47;2347.65;2269.63;2330.34;50.74;38.20;5.48;88.00;86.58;6.989;EXPLOSIVE_UP;3;79.9;3;1
2026.03.16 12:00;2269.70;2308.05;2255.25;2273.47;47.02;36.27;6.33;84.75;85.03;4.378;STRONG_UP;2;78;3;1
2026.03.16 08:00;2248.49;2279.39;2235.14;2269.70;43.44;33.50;7.30;86.98;84.79;4.205;STRONG_UP;2;81.6;3;1
2026.03.16 04:00;2235.46;2287.40;2235.46;2248.49;40.24;38.65;8.31;83.35;78.66;3.231;SOFT_UP;1;84.5;3;0
2026.03.16 00:00;2178.12;2252.55;2164.78;2235.46;36.50;34.27;9.59;84.06;74.06;2.633;SOFT_UP;1;;;0
2026.03.15 20:00;2113.29;2202.60;2109.81;2178.12;33.45;30.79;11.07;68.57;69.69;3.914;STRONG_UP;2;68.4;3;0
2026.03.15 16:00;2093.57;2117.76;2088.57;2113.29;31.35;21.46;12.77;69.57;74.49;0.821;NEUTRE;0;33.5;1;0
2026.03.15 12:00;2119.54;2119.78;2086.39;2093.57;32.27;24.76;14.73;70.94;77.09;-0.120;NEUTRE;0;-7.3;0;0
2026.03.15 08:00;2105.67;2123.09;2105.67;2119.54;33.32;28.57;8.12;82.96;74.56;1.119;NEUTRE;0;61;2;0
2026.03.15 04:00;2096.03;2115.47;2096.03;2105.67;29.87;26.24;9.37;77.38;61.71;0.458;NEUTRE;0;55.9;2;0
2026.03.15 00:00;2096.08;2107.68;2083.29;2096.03;27.18;24.11;10.81;63.34;43.47;-0.002;NEUTRE;0;;;0
2026.03.14 20:00;2077.42;2098.93;2076.10;2096.08;25.50;22.30;12.47;44.39;26.41;0.190;NEUTRE;0;7;0;0
2026.03.14 16:00;2074.41;2079.31;2069.02;2077.42;25.07;12.51;14.39;22.67;15.71;-0.702;NEUTRE;0;-29.5;-1;0
2026.03.14 12:00;2073.54;2080.46;2069.55;2074.41;27.85;14.43;15.81;12.16;11.89;-0.846;NEUTRE;0;-42.2;-1;0
2026.03.14 08:00;2077.18;2080.69;2061.45;2073.54;31.44;16.65;18.24;12.28;13.54;-0.888;NEUTRE;0;-55;-2;0
2026.03.14 04:00;2100.97;2105.57;2068.48;2077.18;35.58;19.22;15.43;11.24;18.77;-0.714;NEUTRE;0;-66.5;-3;0
2026.03.14 00:00;2092.11;2102.84;2081.28;2100.97;39.37;22.17;12.49;17.11;30.20;0.423;NEUTRE;0;;;0
2026.03.13 20:00;2102.07;2116.38;2078.33;2092.23;41.12;25.58;14.41;27.96;43.52;0.921;NEUTRE;0;30.7;1;0
2026.03.13 16:00;2127.68;2143.32;2090.50;2102.01;43.15;29.52;11.71;45.54;56.61;1.393;NEUTRE;0;48.3;2;1
2026.03.13 12:00;2120.78;2209.24;2120.26;2127.68;43.14;34.06;4.84;57.05;63.45;2.631;SOFT_UP;1;70.5;3;1
2026.03.13 08:00;2098.96;2132.92;2091.00;2120.78;38.23;26.11;5.58;67.23;68.05;2.298;SOFT_UP;1;74.9;3;1
2026.03.13 04:00;2118.38;2119.72;2089.52;2098.96;34.14;25.28;6.44;66.08;68.84;1.246;NEUTRE;0;76;3;0
2026.03.13 00:00;2073.13;2148.12;2069.91;2118.38;30.26;29.17;7.43;70.83;69.51;2.183;SOFT_UP;1;;;0
2026.03.12 20:00;2069.56;2092.89;2055.01;2073.13;25.78;22.79;8.58;69.61;65.39;1.047;NEUTRE;0;34;1;0
2026.03.12 16:00;2072.06;2077.75;2044.80;2069.58;22.78;20.15;9.90;68.08;55.57;0.874;NEUTRE;0;35.1;1;1
2026.03.12 12:00;2062.63;2094.95;2037.66;2072.06;21.04;23.25;11.42;58.46;45.60;0.995;NEUTRE;0;46.9;2;1
2026.03.12 08:00;2040.44;2076.81;2038.12;2062.87;19.02;21.95;13.18;40.17;44.38;0.547;NEUTRE;0;41.4;1;1
2026.03.12 04:00;2023.04;2041.79;2018.93;2040.49;18.11;11.40;15.21;38.18;53.48;-0.543;NEUTRE;0;-60.2;-2;0
2026.03.12 00:00;2051.64;2057.67;2017.66;2023.11;18.70;13.16;17.54;54.80;58.13;-1.391;NEUTRE;0;;;0
2026.03.11 20:00;2076.08;2083.63;2045.81;2051.70;19.38;15.18;9.42;67.48;48.08;0.756;NEUTRE;0;26;1;0
2026.03.11 16:00;2049.74;2085.65;2046.26;2076.03;18.75;17.52;10.69;52.10;29.45;1.951;SOFT_UP;1;57.5;2;1
2026.03.11 12:00;2017.04;2082.16;2012.25;2049.76;17.91;18.85;12.33;24.67;18.41;0.661;NEUTRE;0;35.4;1;1
2026.03.11 08:00;2011.92;2033.57;2008.96;2017.01;17.45;11.06;14.23;11.58;21.41;-0.947;NEUTRE;0;-56.7;-2;1
2026.03.11 04:00;2020.68;2041.04;2006.62;2011.88;18.21;12.76;16.42;18.99;37.54;-1.199;NEUTRE;0;-75.5;-3;0
2026.03.11 00:00;2036.30;2041.48;2017.62;2020.68;19.08;14.72;14.02;33.66;56.15;-0.767;NEUTRE;0;;;0
2026.03.10 20:00;2036.42;2047.61;2019.02;2036.32;21.64;16.99;15.28;59.96;74.67;2.192;SOFT_UP;1;54.7;2;0
2026.03.10 16:00;2079.35;2088.00;2026.64;2036.58;24.15;19.60;13.53;74.82;81.10;2.205;SOFT_UP;1;60.6;2;1
2026.03.10 12:00;2061.43;2085.90;2008.26;2079.35;25.05;22.09;15.61;89.24;75.89;4.352;STRONG_UP;2;77.9;3;1
2026.03.10 08:00;2050.73;2073.52;2050.73;2061.38;26.26;25.49;9.60;79.24;67.14;3.450;SOFT_UP;1;79.8;3;1
2026.03.10 04:00;2026.33;2059.02;2025.91;2050.72;23.33;19.63;11.07;59.18;65.03;2.915;SOFT_UP;1;83.9;3;0
2026.03.10 00:00;1992.64;2053.54;1990.59;2026.33;22.63;20.10;12.78;62.99;72.99;1.691;NEUTRE;0;;;0
2026.03.09 20:00;2033.70;2037.00;1989.19;1992.63;22.69;19.15;14.74;72.92;78.11;2.900;SOFT_UP;1;61.8;2;0
2026.03.09 16:00;2022.21;2053.14;2005.41;2033.79;24.18;22.10;11.79;83.06;77.28;5.025;STRONG_UP;2;76.1;3;1
2026.03.09 12:00;1991.25;2032.33;1991.25;2022.21;23.22;18.79;13.60;78.35;69.75;4.427;STRONG_UP;2;78.1;3;1
2026.03.09 08:00;1982.92;2020.91;1978.16;1991.25;24.33;17.40;15.70;70.43;63.44;2.828;SOFT_UP;1;77.6;3;1
2026.03.09 04:00;1976.77;2013.35;1963.10;1982.87;27.28;17.36;18.11;60.46;55.30;2.396;SOFT_UP;1;82.6;3;0
2026.03.09 00:00;1936.48;2004.33;1929.27;1976.77;31.15;17.27;20.90;59.43;51.33;2.081;SOFT_UP;1;;;0
2026.03.08 20:00;1964.27;1970.85;1914.01;1936.48;34.48;13.06;24.12;46.00;44.24;-1.662;NEUTRE;0;-47;-2;0
2026.03.08 16:00;1942.74;1969.49;1927.57;1964.27;35.21;15.07;24.15;48.55;40.09;-0.250;NEUTRE;0;-11.4;0;0
2026.03.08 12:00;1950.88;1954.07;1924.66;1942.74;37.07;11.73;27.87;38.16;35.56;-1.344;NEUTRE;0;-55.3;-2;0
2026.03.08 08:00;1954.84;1979.20;1944.40;1950.88;36.50;13.53;21.83;33.55;31.50;-0.930;NEUTRE;0;-56.3;-2;0
2026.03.08 04:00;1947.29;1959.89;1929.70;1954.84;38.51;7.08;25.19;34.96;32.11;-0.729;NEUTRE;0;-66.9;-3;0
2026.03.08 00:00;1969.20;1976.63;1935.54;1947.29;35.80;8.17;26.09;25.99;36.18;-1.113;NEUTRE;0;;;0
2026.03.07 20:00;1954.82;1973.88;1954.50;1969.20;33.26;9.43;23.01;35.40;41.85;-0.459;NEUTRE;0;-16.5;0;0
2026.03.07 16:00;1980.64;1983.07;1948.02;1954.82;31.93;10.88;26.55;47.16;40.34;-1.186;NEUTRE;0;-43.7;-1;0
2026.03.07 12:00;1988.52;1990.55;1970.08;1980.64;30.40;12.55;20.95;43.01;31.40;0.119;NEUTRE;0;7.3;0;0
2026.03.07 08:00;1982.57;1994.41;1974.99;1988.52;31.22;14.48;20.48;30.87;23.37;0.517;NEUTRE;0;39.8;1;0
2026.03.07 04:00;1979.82;1983.79;1964.22;1982.57;33.38;8.30;23.63;20.32;18.25;0.216;NEUTRE;0;34.8;1;0
2026.03.07 00:00;1978.29;1995.64;1972.25;1979.82;31.13;9.57;20.95;18.93;16.10;0.077;NEUTRE;0;;;0
2026.03.06 20:00;1983.35;1989.51;1969.06;1978.29;30.18;7.01;24.18;15.51;15.19;-4.543;STRONG_DOWN;-2;-71.1;-3;0
2026.03.06 16:00;1977.61;1992.02;1955.57;1983.40;26.36;8.09;27.90;13.86;18.21;-4.296;STRONG_DOWN;-2;-73.9;-3;1
2026.03.06 12:00;2050.61;2061.65;1965.85;1977.61;21.95;9.34;27.85;16.21;21.65;-4.576;STRONG_DOWN;-2;-78.5;-3;1
2026.03.06 08:00;2082.19;2082.19;2045.29;2050.61;17.66;10.77;19.38;24.57;22.96;-1.053;NEUTRE;0;-59.5;-2;1
2026.03.06 04:00;2083.38;2086.83;2058.67;2082.19;15.99;12.43;16.78;24.19;20.45;0.470;NEUTRE;0;56.5;2;0
2026.03.06 00:00;2072.44;2092.90;2061.86;2083.47;16.16;14.34;17.62;20.13;20.81;0.532;NEUTRE;0;;;0
2026.03.05 20:00;2073.95;2098.94;2069.77;2072.44;17.07;16.55;16.41;17.02;25.66;-2.567;SOFT_DOWN;-1;-58.8;-2;0
2026.03.05 16:00;2086.79;2093.40;2054.74;2073.95;19.63;16.17;18.93;25.28;36.57;-2.496;SOFT_DOWN;-1;-63.5;-2;1
2026.03.05 12:00;2137.70;2142.74;2067.35;2086.63;21.44;18.66;16.82;34.67;48.08;-1.900;SOFT_DOWN;-1;-63.9;-2;1
2026.03.05 08:00;2104.64;2163.44;2093.50;2137.70;23.94;21.53;14.08;49.76;61.68;0.501;NEUTRE;0;38.9;1;1
2026.03.05 04:00;2119.94;2143.98;2095.29;2104.64;24.40;20.56;16.24;59.81;73.77;-1.053;NEUTRE;0;-73.6;-3;0
2026.03.05 00:00;2127.04;2141.83;2107.35;2119.94;26.35;23.72;14.93;75.46;83.60;-0.334;NEUTRE;0;;;0
2026.03.04 20:00;2177.95;2180.09;2116.69;2127.09;26.91;27.37;13.06;86.03;87.91;7.309;EXPLOSIVE_UP;3;78;3;0
2026.03.04 16:00;2150.24;2199.11;2129.13;2177.95;25.60;31.58;12.05;89.32;82.26;9.875;EXPLOSIVE_UP;3;82.8;3;1
2026.03.04 12:00;2054.36;2157.09;2035.81;2150.24;22.65;27.21;13.90;88.37;73.41;8.477;EXPLOSIVE_UP;3;83.7;3;1
2026.03.04 08:00;2006.14;2091.94;2000.15;2054.36;21.16;23.13;16.04;69.10;60.47;3.640;SOFT_UP;1;80.3;3;1
2026.03.04 04:00;1960.30;2009.27;1950.07;2006.14;21.64;12.83;18.51;62.77;52.52;1.207;NEUTRE;0;75.6;3;0
2026.03.04 00:00;1982.21;1998.26;1944.70;1960.30;22.17;11.94;21.36;49.54;41.66;-1.105;NEUTRE;0;;;0
2026.03.03 20:00;1985.43;2001.02;1958.76;1982.21;21.23;13.78;20.61;45.24;35.29;-2.197;SOFT_DOWN;-1;-54.8;-2;0
2026.03.03 16:00;1968.37;2013.38;1958.19;1985.43;21.45;15.90;23.78;30.20;32.87;-2.038;SOFT_DOWN;-1;-58.6;-2;1
2026.03.03 12:00;1960.49;1989.27;1928.59;1968.13;21.69;11.62;27.44;30.43;40.58;-2.892;SOFT_DOWN;-1;-72.1;-3;1
2026.03.03 08:00;1995.53;1999.73;1938.41;1960.49;18.80;13.41;29.17;37.97;51.39;-3.269;SOFT_DOWN;-1;-79.2;-3;1
2026.03.03 04:00;2008.07;2018.50;1986.70;1995.53;16.00;15.47;21.54;53.35;63.61;-1.540;NEUTRE;0;-78.6;-3;0
2026.03.03 00:00;2026.74;2040.87;1997.41;2008.07;15.94;17.85;19.67;62.87;69.44;-0.921;NEUTRE;0;;;0
2026.03.02 20:00;2043.36;2057.97;2023.89;2026.74;17.64;20.60;13.32;74.63;67.26;4.522;STRONG_UP;2;71.1;3;0
2026.03.02 16:00;2046.71;2089.03;2017.39;2043.36;17.06;23.77;15.37;70.81;55.92;5.379;STRONG_UP;2;77;3;1
2026.03.02 12:00;1947.03;2064.81;1920.74;2046.71;16.38;22.23;17.74;56.33;44.33;5.552;STRONG_UP;2;80.5;3;1
2026.03.02 08:00;1940.82;1966.26;1919.45;1947.03;17.17;15.12;20.47;40.61;35.62;0.411;NEUTRE;0;33.5;1;1
2026.03.02 04:00;1971.71;1982.70;1925.12;1940.82;17.50;17.45;21.75;36.06;32.98;0.091;NEUTRE;0;16.3;0;0
2026.03.02 00:00;1939.06;1988.84;1936.83;1971.71;18.51;20.13;21.97;30.19;35.75;1.684;NEUTRE;0;;;0
2026.03.01 20:00;1953.31;1969.89;1907.01;1939.06;20.68;17.62;25.35;32.68;47.04;-1.278;NEUTRE;0;-39.5;-1;0
2026.03.01 16:00;1992.78;2008.41;1946.45;1953.31;21.10;20.34;19.60;44.37;60.67;-0.552;NEUTRE;0;-24;0;0
2026.03.01 12:00;1982.69;2026.88;1968.11;1992.75;24.06;23.47;17.24;64.07;73.21;1.456;NEUTRE;0;57.4;2;0
2026.03.01 08:00;2006.81;2009.68;1971.98;1982.69;25.41;22.57;19.89;73.57;81.03;0.943;NEUTRE;0;56.6;2;0
2026.03.01 04:00;2022.60;2029.31;1988.57;2006.81;28.35;26.05;16.18;82.00;83.89;2.171;SOFT_UP;1;81.9;3;0
2026.03.01 00:00;1964.16;2054.14;1943.57;2022.60;29.11;30.05;18.67;87.52;76.80;2.975;SOFT_UP;1;;;0
2026.02.28 20:00;1946.57;1984.43;1911.97;1964.16;30.00;24.98;21.54;82.15;59.36;1.813;NEUTRE;0;49.4;2;0
2026.02.28 16:00;1898.33;1954.48;1886.82;1946.59;33.48;22.46;24.86;60.72;39.89;0.902;NEUTRE;0;36;1;0
2026.02.28 12:00;1862.96;1915.45;1862.23;1898.33;37.85;17.04;28.68;35.21;27.54;-1.599;NEUTRE;0;-59.8;-2;0
2026.02.28 08:00;1866.12;1880.74;1844.64;1862.96;39.75;9.63;33.09;23.76;22.10;-3.433;SOFT_DOWN;-1;-79.7;-3;0
2026.02.28 04:00;1923.70;1930.64;1834.96;1866.26;37.42;11.11;38.18;23.66;18.89;-3.261;SOFT_DOWN;-1;-84.6;-3;0
2026.02.28 00:00;1929.18;1936.29;1919.71;1923.70;34.73;12.82;30.43;18.89;13.64;-0.284;NEUTRE;0;;;0
2026.02.27 20:00;1920.30;1932.80;1886.66;1929.18;33.80;11.55;35.11;14.11;14.70;-4.841;STRONG_DOWN;-2;-72.2;-3;0
2026.02.27 16:00;1948.14;1948.45;1907.09;1920.30;31.24;13.33;33.70;7.91;24.08;-5.279;STRONG_DOWN;-2;-76.8;-3;1
2026.02.27 12:00;1961.99;1968.57;1939.39;1948.10;29.38;15.38;26.87;22.08;40.18;-3.908;STRONG_DOWN;-2;-76.6;-3;1
2026.02.27 08:00;2031.79;2045.04;1953.14;1962.06;29.72;17.75;23.75;42.26;50.99;-3.220;SOFT_DOWN;-1;-79.1;-3;1
2026.02.27 04:00;2044.87;2063.24;2021.64;2031.79;32.06;20.48;15.94;56.20;49.07;0.220;NEUTRE;0;35.3;1;0
2026.02.27 00:00;2027.33;2049.14;2000.56;2044.87;35.08;18.41;18.39;54.53;40.90;0.865;NEUTRE;0;;;0
2026.02.26 20:00;2029.52;2041.65;2017.75;2027.33;40.47;21.25;15.78;36.48;35.94;-1.446;NEUTRE;0;-43;-1;0
2026.02.26 16:00;2032.99;2037.54;1975.22;2029.52;44.42;21.87;18.21;31.70;42.09;-1.340;NEUTRE;0;-47.2;-2;1
2026.02.26 12:00;2056.80;2077.30;2011.05;2032.99;49.85;25.23;12.17;39.65;52.53;-1.171;NEUTRE;0;-51.5;-2;1
2026.02.26 08:00;2053.02;2082.85;2044.29;2056.93;52.14;29.12;6.32;54.91;64.07;-0.007;NEUTRE;0;-0.6;0;1
2026.02.26 04:00;2054.13;2082.28;2051.45;2053.02;50.27;33.60;4.43;63.04;73.43;-0.197;NEUTRE;0;-32.4;-1;0
2026.02.26 00:00;2057.08;2076.26;2038.96;2054.13;46.20;35.76;5.11;74.26;82.96;-0.143;NEUTRE;0;;;0
2026.02.25 20:00;2070.84;2147.66;2033.97;2057.08;41.78;41.26;5.90;82.98;85.24;11.100;EXPLOSIVE_UP;3;82;3;0
2026.02.25 16:00;2013.22;2083.86;2013.10;2070.84;36.67;38.98;6.81;91.63;81.94;11.844;EXPLOSIVE_UP;3;84;3;1
2026.02.25 12:00;1925.76;2027.07;1921.68;2013.28;31.50;32.63;7.86;81.10;75.06;8.735;EXPLOSIVE_UP;3;83.9;3;1
2026.02.25 08:00;1892.70;1927.64;1889.62;1925.85;26.94;23.13;9.07;73.09;73.21;4.013;STRONG_UP;2;81.2;3;1
2026.02.25 04:00;1905.43;1913.67;1877.51;1892.70;24.36;21.04;10.46;70.99;73.73;2.222;SOFT_UP;1;82;3;0
2026.02.25 00:00;1851.55;1942.95;1846.26;1905.43;22.94;24.27;12.07;75.57;66.97;2.910;SOFT_UP;1;;;0
2026.02.24 20:00;1852.01;1863.60;1845.11;1851.55;21.31;15.38;13.93;74.63;50.79;-0.168;NEUTRE;0;-6.2;0;0
2026.02.24 16:00;1847.06;1864.92;1837.70;1852.01;23.82;17.75;16.07;50.71;30.81;-0.143;NEUTRE;0;-6.6;0;1
2026.02.24 12:00;1825.87;1849.69;1800.74;1847.06;26.73;11.87;18.54;27.03;18.94;-0.410;NEUTRE;0;-23.8;0;1
2026.02.24 08:00;1824.01;1834.76;1813.65;1825.87;27.46;9.00;21.40;14.69;15.59;-1.552;NEUTRE;0;-68.2;-3;1
2026.02.24 04:00;1830.29;1838.61;1812.36;1824.01;25.42;10.39;24.69;15.09;19.30;-1.653;NEUTRE;0;-79.4;-3;0
2026.02.24 00:00;1854.66;1867.98;1810.21;1830.29;23.05;11.99;28.49;17.00;27.22;-1.314;NEUTRE;0;;;0
2026.02.23 20:00;1855.93;1868.18;1845.20;1854.66;20.33;13.83;23.55;25.81;35.67;-5.180;STRONG_DOWN;-2;-73.3;-3;0
2026.02.23 16:00;1894.07;1898.85;1836.19;1855.93;19.46;15.96;27.17;38.86;37.50;-5.115;STRONG_DOWN;-2;-76.4;-3;1
2026.02.23 12:00;1914.02;1934.50;1891.35;1894.07;18.45;18.41;17.81;42.35;32.40;-3.165;SOFT_DOWN;-1;-73.6;-3;1
2026.02.23 08:00;1884.00;1926.71;1875.23;1914.02;21.03;18.47;20.55;31.30;24.92;-2.145;SOFT_DOWN;-1;-73.9;-3;1
2026.02.23 04:00;1861.43;1887.11;1852.83;1884.00;23.44;9.47;23.71;23.56;24.22;-3.680;SOFT_DOWN;-1;-85.2;-3;0
2026.02.23 00:00;1955.97;1956.51;1846.83;1861.43;20.45;10.93;27.36;19.89;25.19;-4.833;STRONG_DOWN;-2;;;0
2026.02.22 20:00;1942.02;1959.30;1938.15;1955.97;17.00;12.61;18.76;29.22;29.08;-0.803;NEUTRE;0;-27.3;-1;0
2026.02.22 16:00;1952.32;1953.90;1933.36;1942.02;16.60;10.62;21.64;26.46;32.27;-1.511;NEUTRE;0;-50.6;-2;0
2026.02.22 12:00;1979.09;1979.89;1941.77;1952.32;13.90;12.26;18.67;31.56;36.26;-0.988;NEUTRE;0;-46.7;-2;0
2026.02.22 08:00;1974.36;1981.40;1969.05;1979.09;12.84;14.15;10.54;38.80;44.34;0.369;NEUTRE;0;30.7;1;0
2026.02.22 04:00;1973.09;1977.84;1969.33;1974.36;12.57;11.89;12.16;38.41;54.54;0.129;NEUTRE;0;22.6;0;0
2026.02.22 00:00;1971.81;1981.23;1965.71;1973.09;14.33;13.72;14.03;55.81;68.42;0.065;NEUTRE;0;;;0
2026.02.21 20:00;1986.84;1988.83;1968.78;1971.81;16.36;15.83;13.15;69.41;74.72;0.241;NEUTRE;0;8.8;0;0
2026.02.21 16:00;1986.37;1993.80;1974.69;1986.84;17.46;18.26;10.63;80.05;74.41;1.005;NEUTRE;0;39;1;0
2026.02.21 12:00;1975.33;1993.60;1967.80;1986.37;16.08;20.91;12.27;74.69;70.88;0.981;NEUTRE;0;46.5;2;0
2026.02.21 08:00;1961.06;1986.74;1960.34;1975.33;14.55;20.04;14.16;68.50;69.30;0.420;NEUTRE;0;34.1;1;0
2026.02.21 04:00;1957.34;1964.44;1954.45;1961.06;14.14;10.12;16.33;69.44;70.90;-0.306;NEUTRE;0;-44.6;-1;0
2026.02.21 00:00;1967.07;1969.03;1954.24;1957.34;12.70;11.68;18.85;69.96;69.47;-0.495;NEUTRE;0;;;0
2026.02.20 20:00;1961.97;1973.64;1959.99;1967.07;11.05;13.48;15.77;73.31;69.87;1.019;NEUTRE;0;33.3;1;0
2026.02.20 16:00;1962.61;1979.67;1937.34;1961.97;11.54;15.55;18.19;65.15;68.16;0.757;NEUTRE;0;31.4;1;1
2026.02.20 12:00;1942.21;1978.86;1921.27;1962.61;12.11;17.65;20.99;71.16;68.52;0.790;NEUTRE;0;40.3;1;1
2026.02.20 08:00;1959.16;1972.08;1938.72;1942.21;12.64;20.36;19.56;68.18;62.39;-0.258;NEUTRE;0;-22.6;0;1
2026.02.20 04:00;1953.12;1966.86;1929.95;1959.14;14.28;21.09;22.57;66.23;52.52;0.612;NEUTRE;0;63.1;2;0
2026.02.20 00:00;1947.23;1962.52;1945.44;1953.10;15.95;24.33;19.58;52.77;41.74;0.301;NEUTRE;0;;;0
2026.02.19 20:00;1939.66;1950.92;1932.93;1947.23;16.74;17.63;22.59;38.56;38.58;-0.349;NEUTRE;0;-12.7;0;0
2026.02.19 16:00;1924.45;1945.79;1904.93;1939.66;17.42;15.95;26.07;33.89;42.31;-0.736;NEUTRE;0;-30.7;-1;1
2026.02.19 12:00;1947.41;1954.23;1910.04;1924.45;16.40;18.41;28.16;43.30;45.61;-1.514;NEUTRE;0;-58.4;-2;1
2026.02.19 08:00;1979.89;1980.69;1946.78;1947.41;15.70;21.24;19.70;49.73;40.63;-0.339;NEUTRE;0;-28.6;-1;1
2026.02.19 04:00;1970.53;1985.68;1962.28;1979.89;17.53;24.50;15.70;43.80;32.58;1.323;NEUTRE;0;76.8;3;0
2026.02.19 00:00;1954.04;1972.33;1949.12;1970.53;16.86;19.50;18.11;28.36;26.88;0.844;NEUTRE;0;;;0
2026.02.18 20:00;1938.99;1954.76;1933.51;1954.04;18.88;10.85;20.90;25.58;35.39;-1.799;NEUTRE;0;-49.2;-2;0
2026.02.18 16:00;1983.42;1985.95;1921.80;1938.95;16.92;12.52;24.11;26.69;48.95;-2.557;SOFT_DOWN;-1;-64.1;-2;1
2026.02.18 12:00;1979.55;2008.61;1952.05;1983.42;14.66;14.45;20.57;53.91;66.43;-0.323;NEUTRE;0;-19.1;0;1
2026.02.18 08:00;2016.30;2037.13;1974.68;1979.55;14.22;16.67;17.57;66.25;72.71;-0.517;NEUTRE;0;-39.8;-1;1
2026.02.18 04:00;1994.96;2021.31;1991.45;2016.30;16.00;19.23;16.15;79.14;71.41;1.330;NEUTRE;0;76.9;3;0
2026.02.18 00:00;1989.84;1998.55;1966.51;1994.96;17.12;10.46;18.63;72.75;61.66;0.257;NEUTRE;0;;;0
2026.02.17 20:00;1996.22;2002.23;1985.86;1989.84;15.44;12.07;12.21;62.35;51.76;-0.323;NEUTRE;0;-11.8;0;0
2026.02.17 16:00;1966.72;2014.00;1951.79;1996.22;17.73;13.93;14.08;49.87;47.19;-0.004;NEUTRE;0;-0.2;0;1
2026.02.17 12:00;1966.41;2000.99;1939.40;1966.82;20.37;12.86;16.25;43.06;50.96;-1.476;NEUTRE;0;-57.7;-2;1
2026.02.17 08:00;1984.01;1988.89;1959.16;1966.41;21.71;14.84;13.82;48.65;55.46;-1.497;NEUTRE;0;-67.5;-3;1
2026.02.17 04:00;1983.60;1996.16;1962.91;1984.01;24.50;17.12;14.00;61.16;54.57;-0.615;NEUTRE;0;-63.2;-2;0
2026.02.17 00:00;1996.29;2006.22;1977.97;1983.60;26.73;19.75;9.19;56.58;47.95;-0.636;NEUTRE;0;;;0
2026.02.16 20:00;1972.26;2001.92;1969.20;1996.29;25.23;20.45;10.60;45.97;41.07;1.617;NEUTRE;0;46.2;2;0
2026.02.16 16:00;1954.49;1986.35;1954.17;1972.26;24.23;16.27;12.23;41.30;35.96;0.394;NEUTRE;0;17.6;0;1
2026.02.16 12:00;1974.24;2021.21;1935.63;1954.49;25.77;18.78;14.11;35.95;29.78;-0.511;NEUTRE;0;-28.7;-1;1
2026.02.16 08:00;1969.07;1991.25;1955.51;1974.24;27.55;16.28;16.28;30.63;23.01;0.495;NEUTRE;0;38.6;1;1
2026.02.16 04:00;1956.91;1976.35;1950.86;1969.07;31.79;12.37;18.79;22.77;17.78;0.232;NEUTRE;0;36.8;1;0
2026.02.16 00:00;1964.52;1979.24;1946.94;1956.91;33.51;14.27;21.68;15.63;15.58;-0.387;NEUTRE;0;;;0
2026.02.15 20:00;1940.18;1972.43;1932.17;1964.52;35.50;13.22;25.01;14.95;23.87;-5.753;STRONG_DOWN;-2;-74.9;-3;0
2026.02.15 16:00;2009.53;2009.56;1926.97;1940.18;36.22;15.26;28.86;16.15;35.80;-6.920;EXPLOSIVE_DOWN;-3;-79.8;-3;0
2026.02.15 12:00;2059.96;2066.05;1991.83;2009.54;37.05;17.61;21.22;40.51;50.11;-3.593;SOFT_DOWN;-1;-75.5;-3;0
2026.02.15 08:00;2089.42;2094.82;2052.79;2059.96;41.32;20.32;11.85;50.74;54.96;-1.174;NEUTRE;0;-62.1;-2;0
2026.02.15 04:00;2057.40;2101.27;2057.40;2089.42;43.62;23.44;11.98;59.08;61.09;0.239;NEUTRE;0;37.6;1;0
2026.02.15 00:00;2084.43;2087.83;2034.21;2057.40;45.36;22.33;13.83;55.06;67.32;-1.297;NEUTRE;0;;;0
2026.02.14 20:00;2086.65;2096.64;2076.78;2084.43;48.72;25.77;3.74;69.13;76.85;1.845;NEUTRE;0;49.9;2;0
2026.02.14 16:00;2085.69;2088.54;2066.01;2086.65;44.73;23.46;4.31;77.78;83.00;1.953;SOFT_UP;1;57.5;2;0
2026.02.14 12:00;2097.20;2097.87;2062.71;2085.69;41.00;27.07;4.98;83.65;85.71;1.907;SOFT_UP;1;64;2;0
2026.02.14 08:00;2055.02;2105.34;2055.02;2097.20;36.70;31.23;5.74;87.57;86.80;2.469;SOFT_UP;1;75.9;3;0
2026.02.14 04:00;2052.52;2058.62;2046.30;2055.02;31.75;21.76;6.63;85.90;86.77;0.408;NEUTRE;0;52.7;2;0
2026.02.14 00:00;2046.67;2055.62;2040.71;2052.52;28.43;21.36;7.65;86.92;87.82;0.286;NEUTRE;0;;;0
2026.02.13 20:00;2055.59;2057.39;2037.07;2046.67;25.53;24.64;8.82;87.51;83.00;5.219;STRONG_UP;2;73.4;3;0
2026.02.13 16:00;2032.79;2070.60;2029.08;2055.60;22.18;28.43;10.18;89.05;72.77;5.678;STRONG_UP;2;77.7;3;1
2026.02.13 12:00;1957.71;2048.69;1949.91;2032.84;18.33;24.69;11.75;72.45;58.64;4.508;STRONG_UP;2;78.3;3;1
2026.02.13 08:00;1933.24;1966.41;1931.24;1957.71;15.68;15.67;13.55;56.81;48.73;0.645;NEUTRE;0;46.1;2;1
2026.02.13 04:00;1950.92;1952.97;1922.31;1933.24;16.98;12.21;15.64;46.66;41.15;-0.613;NEUTRE;0;-63.1;-2;0
2026.02.13 00:00;1945.16;1955.57;1924.98;1950.92;17.69;14.08;16.70;42.71;41.24;0.296;NEUTRE;0;;;0
2026.02.12 20:00;1922.96;1949.72;1906.84;1945.16;19.10;13.31;19.27;34.06;46.67;0.329;NEUTRE;0;12;0;0
2026.02.12 16:00;1946.72;1948.36;1895.46;1923.03;19.22;14.87;22.24;46.95;57.38;-0.812;NEUTRE;0;-33.2;-1;1
2026.02.12 12:00;1986.88;1994.65;1943.39;1946.72;19.12;17.15;11.72;58.98;58.27;0.410;NEUTRE;0;23.8;0;1
2026.02.12 08:00;1965.80;1999.04;1955.07;1986.86;19.17;19.79;10.02;66.19;52.89;2.480;SOFT_UP;1;75.9;3;1
2026.02.12 04:00;1966.35;1980.42;1950.51;1965.80;17.08;16.32;11.56;49.64;40.98;1.394;NEUTRE;0;77.4;3;0
2026.02.12 00:00;1938.78;1975.42;1938.78;1966.35;17.08;16.26;13.34;42.84;33.09;1.422;NEUTRE;0;;;0
2026.02.11 20:00;1949.81;1985.21;1929.86;1938.73;18.19;18.76;15.39;30.47;24.42;-4.047;STRONG_DOWN;-2;-69;-3;0
2026.02.11 16:00;1927.58;1957.13;1906.92;1949.81;19.47;13.85;17.76;25.96;20.46;-3.498;SOFT_DOWN;-1;-70.5;-3;1
2026.02.11 12:00;1951.79;2013.57;1901.15;1927.58;20.55;15.98;20.49;16.85;20.22;-4.598;STRONG_DOWN;-2;-78.5;-3;1
2026.02.11 08:00;1948.36;1954.51;1930.33;1951.79;21.81;10.35;23.65;18.57;24.22;-3.400;SOFT_DOWN;-1;-79.6;-3;1
2026.02.11 04:00;2007.27;2008.97;1937.11;1948.36;19.15;11.94;22.97;25.25;26.27;-3.570;SOFT_DOWN;-1;-85;-3;0
2026.02.11 00:00;2020.49;2029.84;1995.93;2007.27;17.24;13.78;13.91;28.83;22.93;-0.654;NEUTRE;0;;;0
2026.02.10 20:00;2015.91;2020.71;1994.80;2020.49;19.82;11.76;16.05;24.71;16.89;-3.913;STRONG_DOWN;-2;-68.4;-3;0
2026.02.10 16:00;2020.63;2044.91;1994.16;2015.91;20.50;13.57;18.52;15.26;14.14;-4.131;STRONG_DOWN;-2;-73.3;-3;1
2026.02.10 12:00;2000.45;2037.68;1988.14;2020.63;21.28;13.47;21.37;10.71;21.68;-3.906;STRONG_DOWN;-2;-76.6;-3;1
2026.02.10 08:00;2004.62;2026.95;1993.21;2000.45;21.06;12.20;24.66;16.47;40.43;-4.866;STRONG_DOWN;-2;-82.7;-3;1
2026.02.10 04:00;2062.51;2071.97;1995.43;2004.69;19.10;14.08;27.44;37.86;56.88;-4.664;STRONG_DOWN;-2;-86.2;-3;0
2026.02.10 00:00;2102.77;2122.40;2050.94;2062.51;17.09;16.25;20.50;66.96;59.65;-1.915;SOFT_DOWN;-1;;;0
2026.02.09 20:00;2129.36;2144.77;2086.89;2102.77;17.94;18.75;15.91;65.81;44.32;0.740;NEUTRE;0;25.5;1;0
2026.02.09 16:00;2060.17;2140.62;2045.92;2129.41;19.45;20.53;18.36;46.19;29.47;2.016;SOFT_UP;1;58.4;2;1
2026.02.09 12:00;2025.43;2071.77;2006.73;2060.20;21.58;12.50;21.19;20.96;23.60;-1.300;NEUTRE;0;-54.4;-2;1
2026.02.09 08:00;2063.28;2067.79;2010.70;2025.43;20.93;13.48;24.45;21.28;33.18;-2.966;SOFT_DOWN;-1;-78.2;-3;1
2026.02.09 04:00;2097.75;2099.56;2062.18;2063.28;19.71;15.56;14.34;28.55;43.44;-1.152;NEUTRE;0;-74.9;-3;0
2026.02.09 00:00;2087.33;2100.43;2052.91;2097.75;22.11;17.95;16.54;49.70;60.24;0.499;NEUTRE;0;;;0
2026.02.08 20:00;2124.18;2148.41;2070.18;2087.33;24.88;20.72;13.50;52.08;68.92;0.126;NEUTRE;0;4.6;0;0
2026.02.08 16:00;2105.99;2127.12;2070.26;2124.07;25.47;19.72;15.57;78.93;77.35;1.888;NEUTRE;0;56.7;2;0
2026.02.08 12:00;2129.69;2142.36;2094.93;2105.99;27.58;22.75;11.29;75.74;74.25;1.021;NEUTRE;0;47.6;2;0
2026.02.08 08:00;2081.80;2134.90;2075.44;2129.69;26.64;23.83;13.03;77.40;73.25;2.158;SOFT_UP;1;73.9;3;0
2026.02.08 04:00;2076.21;2086.48;2063.87;2081.80;26.24;14.97;15.04;69.62;69.44;-0.140;NEUTRE;0;-24.3;0;0
2026.02.08 00:00;2084.71;2104.89;2074.41;2076.21;30.24;17.27;10.18;72.75;63.07;-0.408;NEUTRE;0;;;0
2026.02.07 20:00;2088.76;2110.26;2070.62;2084.75;30.91;19.93;11.74;65.95;54.00;1.156;NEUTRE;0;36.7;1;0
2026.02.07 16:00;2049.62;2116.54;2007.77;2088.83;31.69;22.99;13.55;50.52;53.60;1.354;NEUTRE;0;47.5;2;0
2026.02.07 12:00;2016.25;2072.51;2007.54;2049.62;32.59;20.30;15.63;45.54;63.34;-0.548;NEUTRE;0;-30.5;-1;0
2026.02.07 08:00;2024.96;2030.10;1997.52;2016.25;35.61;13.38;18.04;64.74;78.69;-2.167;SOFT_DOWN;-1;-74;-3;0
2026.02.07 04:00;2078.50;2116.65;1992.58;2024.96;38.81;15.44;20.81;79.75;87.40;-1.745;NEUTRE;0;-79.9;-3;0
2026.02.07 00:00;2060.92;2083.36;2030.43;2078.50;42.50;17.81;19.32;91.58;89.18;0.853;NEUTRE;0;;;0
2026.02.06 20:00;2063.09;2090.79;2039.46;2060.92;48.41;20.55;19.67;90.86;80.29;13.080;EXPLOSIVE_UP;3;83.2;3;0
2026.02.06 16:00;1979.32;2088.38;1970.19;2063.09;55.52;22.99;22.70;85.09;65.67;13.199;EXPLOSIVE_UP;3;84.6;3;1
2026.02.06 12:00;1929.24;2000.00;1911.35;1979.32;63.96;15.03;26.19;64.91;46.70;8.603;EXPLOSIVE_UP;3;83.8;3;1
2026.02.06 08:00;1895.75;1935.60;1862.98;1929.26;69.64;6.16;30.22;47.02;30.72;5.856;STRONG_UP;2;83.9;3;1
2026.02.06 04:00;1888.51;1971.90;1882.76;1895.75;70.18;7.11;30.67;28.16;17.24;4.017;STRONG_UP;2;85.6;3;0
2026.02.06 00:00;1822.53;1944.21;1743.00;1888.51;71.38;3.43;35.39;16.97;11.16;3.620;SOFT_UP;1;;;0
2026.02.05 20:00;1923.60;1937.90;1813.64;1822.53;69.70;3.95;35.44;6.61;9.58;-14.930;SPIKE_DOWN;-4;-84.1;-3;0
2026.02.05 16:00;1956.77;2013.43;1910.13;1923.58;68.12;4.56;28.94;9.90;11.82;-10.213;EXPLOSIVE_DOWN;-3;-83.1;-3;1
2026.02.05 12:00;2075.01;2101.91;1922.73;1956.69;67.41;5.27;31.52;12.24;15.23;-8.667;EXPLOSIVE_DOWN;-3;-83.9;-3;1
2026.02.05 08:00;2085.60;2144.19;2057.88;2075.01;66.80;6.08;24.76;13.34;22.23;-3.145;SOFT_DOWN;-1;-78.8;-3;1
2026.02.05 04:00;2104.89;2120.04;2064.60;2085.55;67.75;2.70;28.57;20.11;27.96;-2.653;SOFT_DOWN;-1;-83.3;-3;0
2026.02.05 00:00;2142.38;2167.67;2093.20;2104.89;65.45;3.12;25.03;33.24;34.92;-1.750;NEUTRE;0;;;0
2026.02.04 20:00;2182.69;2186.93;2082.56;2142.38;63.55;3.60;28.89;30.54;40.32;-3.902;STRONG_DOWN;-2;-68.3;-3;0
2026.02.04 16:00;2147.29;2188.28;2071.66;2182.69;61.35;4.16;33.33;40.97;53.57;-2.093;SOFT_DOWN;-1;-59.3;-2;1
2026.02.04 12:00;2250.55;2258.79;2132.57;2147.11;58.81;4.79;30.42;49.44;61.93;-3.689;SOFT_DOWN;-1;-75.8;-3;1
2026.02.04 08:00;2279.40;2281.61;2222.59;2250.55;56.67;5.53;24.13;70.30;63.36;0.950;NEUTRE;0;56.8;2;1
2026.02.04 04:00;2279.23;2288.61;2252.09;2279.40;55.74;6.38;20.15;66.04;54.80;2.245;SOFT_UP;1;82.1;3;0
2026.02.04 00:00;2229.36;2291.42;2219.74;2279.21;56.33;7.37;23.25;53.74;43.76;2.236;SOFT_UP;1;;;0
2026.02.03 20:00;2201.71;2338.67;2184.68;2229.36;57.02;8.50;26.83;44.63;35.87;-4.885;STRONG_DOWN;-2;-72.4;-3;0
2026.02.03 16:00;2300.24;2300.41;2106.52;2201.76;57.80;5.98;30.96;32.92;34.77;-6.062;STRONG_DOWN;-2;-78.4;-3;1
2026.02.03 12:00;2273.17;2314.23;2249.74;2300.24;56.30;6.90;24.36;30.06;45.81;-1.861;NEUTRE;0;-63.4;-2;1
2026.02.03 08:00;2319.72;2329.56;2260.45;2273.17;56.37;7.97;25.55;41.34;60.46;-3.016;SOFT_DOWN;-1;-78.4;-3;1
2026.02.03 04:00;2340.43;2351.51;2295.75;2319.72;56.97;9.19;21.62;66.03;73.59;-1.030;NEUTRE;0;-73.2;-3;0
2026.02.03 00:00;2343.85;2356.54;2282.16;2340.43;59.53;10.61;24.95;74.00;76.14;-0.146;NEUTRE;0;;;0
2026.02.02 20:00;2328.92;2352.38;2310.57;2343.85;62.48;12.24;22.91;80.72;70.66;3.385;SOFT_UP;1;65.4;3;0
2026.02.02 16:00;2370.31;2385.00;2324.61;2329.06;67.42;14.12;21.27;73.69;55.69;2.733;SOFT_UP;1;65.6;3;1
2026.02.02 12:00;2279.16;2393.92;2278.81;2370.31;74.69;16.29;24.54;57.55;39.53;4.553;STRONG_UP;2;78.4;3;1
2026.02.02 08:00;2225.24;2314.69;2225.24;2279.16;83.07;8.21;28.31;35.82;27.84;0.532;NEUTRE;0;40.6;1;1
2026.02.02 04:00;2235.10;2264.01;2154.35;2225.24;87.39;0.76;32.67;25.22;22.04;-1.846;NEUTRE;0;-80.5;-3;0
2026.02.02 00:00;2267.10;2320.78;2162.65;2235.10;86.14;0.87;36.53;22.49;24.96;-1.411;NEUTRE;0;;;0
2026.02.01 20:00;2317.22;2346.02;2218.78;2267.10;84.73;1.01;36.69;18.42;31.07;-7.398;EXPLOSIVE_DOWN;-3;-78.1;-3;0
2026.02.01 16:00;2312.34;2374.70;2281.50;2317.22;83.20;1.16;34.75;33.96;40.63;-5.351;STRONG_DOWN;-2;-76.9;-3;0
2026.02.01 12:00;2408.89;2409.74;2283.48;2312.19;81.61;1.34;39.77;40.83;44.16;-5.556;STRONG_DOWN;-2;-80.5;-3;0
2026.02.01 08:00;2407.39;2435.53;2372.72;2408.89;79.79;1.55;35.02;47.09;43.90;-1.606;NEUTRE;0;-68.9;-3;0
2026.02.01 04:00;2441.71;2450.61;2389.77;2407.39;77.98;1.79;36.23;44.55;38.81;-1.668;NEUTRE;0;-79.5;-3;0
2026.02.01 00:00;2448.22;2472.70;2426.52;2441.71;76.04;2.06;32.51;40.07;31.46;-0.266;NEUTRE;0;;;0
2026.01.31 20:00;2377.89;2469.73;2350.55;2448.22;74.19;1.39;37.51;31.81;24.41;-9.380;EXPLOSIVE_DOWN;-3;-80.6;-3;0
2026.01.31 16:00;2529.00;2545.77;2240.40;2377.89;71.32;1.60;43.28;22.49;24.46;-11.983;EXPLOSIVE_DOWN;-3;-84.1;-3;0
2026.01.31 12:00;2634.93;2637.86;2505.55;2529.03;68.00;1.85;36.58;18.92;31.32;-6.389;STRONG_DOWN;-2;-81.7;-3;0
2026.01.31 08:00;2674.14;2677.52;2604.04;2634.93;64.56;2.13;30.75;31.98;41.97;-2.469;SOFT_DOWN;-1;-75.9;-3;0
2026.01.31 04:00;2689.87;2698.95;2662.52;2674.14;61.10;2.46;23.24;43.05;46.80;-1.018;NEUTRE;0;-73;-3;0
2026.01.31 00:00;2701.64;2709.04;2678.65;2689.87;58.07;2.84;20.00;50.88;47.00;-0.436;NEUTRE;0;;;0
2026.01.30 20:00;2737.03;2737.59;2659.35;2701.64;55.44;3.28;23.08;46.46;39.95;-4.077;STRONG_DOWN;-2;-69.2;-3;0
2026.01.30 16:00;2723.96;2756.42;2631.25;2737.03;52.42;3.78;26.63;43.66;32.94;-2.821;SOFT_DOWN;-1;-66.2;-3;1
2026.01.30 12:00;2753.97;2760.89;2689.33;2724.16;48.92;4.36;23.59;29.74;26.14;-3.278;SOFT_DOWN;-1;-74.1;-3;1
2026.01.30 08:00;2734.41;2763.20;2704.71;2754.01;45.87;5.04;23.91;25.42;23.42;-2.218;SOFT_DOWN;-1;-74.4;-3;1
2026.01.30 04:00;2735.48;2768.94;2692.20;2734.41;42.89;5.81;27.59;23.27;21.30;-2.914;SOFT_DOWN;-1;-83.9;-3;0
2026.01.30 00:00;2816.47;2823.10;2681.38;2735.48;39.46;6.70;31.84;21.57;17.61;-2.876;SOFT_DOWN;-1;;;0
2026.01.29 20:00;2791.15;2821.82;2782.80;2816.47;35.49;7.74;25.72;19.07;14.54;-6.271;STRONG_DOWN;-2;-76.1;-3;0
2026.01.29 16:00;2818.25;2854.42;2749.42;2791.15;32.68;8.93;29.68;12.19;12.08;-7.114;EXPLOSIVE_DOWN;-3;-80.1;-3;1
2026.01.29 12:00;2923.57;2933.06;2790.76;2818.25;29.44;10.30;28.19;12.36;15.21;-6.212;STRONG_DOWN;-2;-81.5;-3;1
2026.01.29 08:00;2955.78;2963.89;2917.78;2923.57;26.82;11.88;18.79;11.68;21.07;-2.707;SOFT_DOWN;-1;-77.1;-3;1
2026.01.29 04:00;2946.59;2959.69;2931.50;2955.78;27.48;13.71;17.11;21.61;32.70;-1.635;NEUTRE;0;-79.2;-3;0
2026.01.29 00:00;3004.91;3007.65;2938.66;2946.59;30.01;15.82;15.83;29.94;49.42;-1.941;SOFT_DOWN;-1;;;0
2026.01.28 20:00;3011.33;3032.82;2990.63;3004.91;34.62;18.25;6.68;46.55;65.22;-0.530;NEUTRE;0;-18.8;0;0
2026.01.28 16:00;3002.77;3026.65;2984.13;3011.33;32.80;18.81;7.71;71.76;77.40;-0.318;NEUTRE;0;-14.4;0;1
2026.01.28 12:00;3034.92;3040.11;2978.20;3002.77;31.41;21.71;8.89;77.34;80.97;-0.601;NEUTRE;0;-32.8;-1;1
2026.01.28 08:00;3000.04;3040.48;2981.21;3034.92;29.79;25.05;9.51;83.08;83.21;0.463;NEUTRE;0;36.7;1;1
2026.01.28 04:00;2999.55;3012.73;2987.52;3000.04;27.46;21.70;10.98;82.49;83.54;-0.692;NEUTRE;0;-65.8;-3;0
2026.01.28 00:00;3020.93;3024.31;2991.39;2999.55;26.64;25.03;10.30;84.07;78.06;-0.708;NEUTRE;0;;;0
2026.01.27 20:00;2975.13;3030.16;2973.41;3020.93;24.33;28.88;11.89;84.07;69.67;3.262;SOFT_UP;1;64.5;2;0
2026.01.27 16:00;2932.78;2994.02;2913.34;2975.13;21.66;23.53;13.72;66.05;63.40;1.696;NEUTRE;0;53.8;2;1
2026.01.27 12:00;2911.42;2938.38;2900.45;2932.78;20.94;16.54;15.83;58.90;67.04;0.249;NEUTRE;0;15;0;1
2026.01.27 08:00;2923.98;2927.75;2895.25;2911.45;23.82;14.78;18.26;65.25;74.42;-0.481;NEUTRE;0;-37.8;-1;1
2026.01.27 04:00;2936.01;2951.40;2919.31;2923.98;25.86;17.05;9.68;76.97;77.70;-0.052;NEUTRE;0;-9.5;0;0
2026.01.27 00:00;2925.51;2943.87;2907.71;2936.01;25.60;16.06;11.17;81.05;76.37;0.359;NEUTRE;0;;;0
2026.01.26 20:00;2918.54;2940.45;2891.61;2925.51;26.77;17.08;12.89;75.09;73.17;4.018;STRONG_UP;2;68.9;3;0
2026.01.26 16:00;2894.99;2931.73;2881.81;2918.54;28.75;16.96;14.88;72.99;68.64;3.770;STRONG_UP;2;71.8;3;1
2026.01.26 12:00;2887.60;2946.64;2871.57;2894.98;32.16;19.57;17.17;71.45;58.98;2.932;SOFT_UP;1;72.4;3;1
2026.01.26 08:00;2899.24;2929.36;2876.68;2887.60;36.11;19.03;19.81;61.50;42.72;2.670;SOFT_UP;1;76.9;3;1
2026.01.26 04:00;2845.51;2906.51;2844.55;2899.24;41.36;15.29;22.85;43.99;26.95;3.084;SOFT_UP;1;84.3;3;0
2026.01.26 00:00;2812.51;2893.71;2807.96;2845.51;44.67;14.46;26.37;22.66;17.32;1.173;NEUTRE;0;;;0
2026.01.25 20:00;2808.67;2821.40;2782.41;2812.51;47.05;3.72;30.43;14.20;16.91;-4.566;STRONG_DOWN;-2;-71.2;-3;0
2026.01.25 16:00;2920.91;2921.84;2792.73;2808.67;42.26;4.29;31.03;15.11;19.86;-4.696;STRONG_DOWN;-2;-75.2;-3;0
2026.01.25 12:00;2931.32;2939.53;2916.09;2920.91;37.11;4.95;21.11;21.40;21.70;-0.888;NEUTRE;0;-43.6;-1;0
2026.01.25 08:00;2933.48;2941.95;2915.03;2931.32;33.28;5.71;24.36;23.06;24.13;-0.534;NEUTRE;0;-40.7;-1;0
2026.01.25 04:00;2936.48;2943.22;2928.98;2933.48;28.85;6.59;20.13;20.64;32.72;-0.461;NEUTRE;0;-56;-2;0
2026.01.25 00:00;2947.07;2953.97;2931.38;2936.48;25.49;7.60;20.64;28.69;39.80;-0.359;NEUTRE;0;;;0
2026.01.24 20:00;2947.88;2958.52;2943.27;2947.07;22.31;8.77;15.71;48.82;45.77;-0.133;NEUTRE;0;-4.9;0;0
2026.01.24 16:00;2951.07;2962.56;2945.99;2947.88;21.38;10.12;15.39;41.90;45.34;-0.105;NEUTRE;0;-4.8;0;0
2026.01.24 12:00;2955.12;2962.07;2938.29;2951.07;21.50;11.22;17.76;46.60;48.60;0.003;NEUTRE;0;0.2;0;0
2026.01.24 08:00;2951.15;2958.80;2949.05;2955.12;21.34;12.95;13.53;47.52;50.60;0.140;NEUTRE;0;12.7;0;0
2026.01.24 04:00;2956.92;2961.27;2948.48;2951.15;24.28;14.94;15.61;51.68;53.13;0.005;NEUTRE;0;0.9;0;0
2026.01.24 00:00;2950.99;2964.64;2944.04;2956.92;27.68;17.24;18.01;52.61;53.52;0.201;NEUTRE;0;;;0
2026.01.23 20:00;2954.65;2958.69;2925.74;2950.99;31.61;15.45;20.78;55.09;51.89;0.105;NEUTRE;0;3.9;0;0
2026.01.23 16:00;2947.39;3013.96;2934.44;2954.65;34.20;17.82;19.91;52.85;48.19;0.230;NEUTRE;0;10.5;0;1
2026.01.23 12:00;2935.41;2958.81;2887.84;2947.43;38.61;9.90;22.98;47.73;45.01;-0.015;NEUTRE;0;-0.9;0;1
2026.01.23 08:00;2943.13;2945.88;2909.55;2935.41;38.43;11.42;21.80;44.00;43.00;-0.423;NEUTRE;0;-34.3;-1;1
2026.01.23 04:00;2959.54;2979.68;2929.85;2943.13;39.54;13.17;16.56;43.30;39.03;-0.161;NEUTRE;0;-27.4;-1;0
2026.01.23 00:00;2947.88;2967.33;2941.36;2959.54;43.87;11.39;19.11;41.71;38.54;0.396;NEUTRE;0;;;0
2026.01.22 20:00;2949.66;2954.47;2926.21;2947.88;46.72;5.52;22.05;32.07;41.99;-1.012;NEUTRE;0;-33.1;-1;0
2026.01.22 16:00;2937.84;2968.21;2919.74;2949.66;44.69;6.37;25.44;41.84;53.28;-0.952;NEUTRE;0;-37.5;-1;1
2026.01.22 12:00;2982.03;3005.52;2901.74;2937.84;42.34;7.35;29.36;52.07;61.09;-1.349;NEUTRE;0;-55.4;-2;1
2026.01.22 08:00;2996.65;3012.04;2973.28;2982.03;39.63;8.48;23.27;65.93;68.48;0.135;NEUTRE;0;12.3;0;1
2026.01.22 04:00;3008.94;3023.33;2995.75;2996.65;38.56;9.79;17.93;65.27;72.04;0.626;NEUTRE;0;63.6;2;0
2026.01.22 00:00;2978.01;3033.93;2976.46;3008.94;39.98;11.29;20.69;74.23;73.49;1.039;NEUTRE;0;;;0
2026.01.21 20:00;3051.06;3053.78;2968.39;2978.01;41.61;13.03;23.87;76.60;61.94;1.472;NEUTRE;0;43.5;1;0
2026.01.21 16:00;2998.69;3064.81;2862.45;3051.06;43.49;15.04;27.54;69.63;45.11;3.961;STRONG_UP;2;72.6;3;1
2026.01.21 12:00;2938.51;3021.81;2898.07;2998.70;45.66;14.08;31.78;39.59;28.50;2.177;SOFT_UP;1;66.8;3;1
2026.01.21 08:00;2965.67;2969.96;2934.53;2938.51;46.75;9.80;36.67;26.10;19.97;0.126;NEUTRE;0;11.5;0;1
2026.01.21 04:00;2976.54;2997.10;2960.81;2965.67;45.05;11.31;30.90;19.81;14.60;1.052;NEUTRE;0;73.6;3;0
2026.01.21 00:00;2934.81;2979.43;2916.78;2976.54;44.84;5.56;35.65;13.99;12.31;1.422;NEUTRE;0;;;0
2026.01.20 20:00;2990.55;3001.34;2914.82;2934.81;40.51;6.41;41.14;9.99;12.59;-7.881;EXPLOSIVE_DOWN;-3;-78.9;-3;0
2026.01.20 16:00;3027.99;3038.13;2974.98;2990.55;35.50;7.40;36.77;12.94;15.11;-6.131;STRONG_DOWN;-2;-78.5;-3;1
2026.01.20 12:00;3105.09;3110.26;2991.35;3027.99;30.73;8.54;38.44;14.85;18.05;-4.956;STRONG_DOWN;-2;-79.4;-3;1
2026.01.20 08:00;3118.04;3118.19;3080.24;3105.09;25.67;9.85;32.85;17.53;24.73;-2.536;SOFT_DOWN;-1;-76.2;-3;1
2026.01.20 04:00;3184.53;3185.19;3104.97;3117.99;21.33;11.37;27.88;21.77;28.40;-2.131;SOFT_DOWN;-1;-81.7;-3;0
2026.01.20 00:00;3185.89;3196.56;3171.89;3184.53;18.14;13.12;19.33;34.89;29.74;-0.043;NEUTRE;0;;;0
2026.01.19 20:00;3216.25;3221.93;3162.64;3185.89;17.98;15.13;22.31;28.54;24.67;-2.896;SOFT_DOWN;-1;-61.8;-2;0
2026.01.19 16:00;3212.77;3223.77;3205.04;3216.25;17.80;17.46;14.74;25.78;21.36;-1.971;SOFT_DOWN;-1;-57.8;-2;1
2026.01.19 12:00;3220.35;3232.45;3199.72;3212.76;19.24;20.15;17.00;19.69;17.50;-2.077;SOFT_DOWN;-1;-65.8;-3;1
2026.01.19 08:00;3204.10;3227.84;3194.24;3220.35;20.90;21.08;19.62;18.61;19.36;-1.846;NEUTRE;0;-71.4;-3;1
2026.01.19 04:00;3209.14;3214.46;3185.37;3204.10;23.56;18.20;22.64;14.19;27.72;-2.341;SOFT_DOWN;-1;-82.4;-3;0
2026.01.19 00:00;3280.91;3281.46;3175.80;3209.14;25.51;21.00;26.12;25.27;47.08;-2.188;SOFT_DOWN;-1;;;0
2026.01.18 20:00;3343.92;3353.07;3275.76;3280.91;27.77;24.23;15.59;43.69;59.62;-0.801;NEUTRE;0;-27.3;-1;0
2026.01.18 16:00;3330.91;3365.96;3326.94;3343.91;28.70;27.95;7.80;72.28;64.70;1.104;NEUTRE;0;41.6;1;0
2026.01.18 12:00;3318.88;3344.53;3311.50;3330.91;24.44;23.81;9.00;62.89;58.20;0.711;NEUTRE;0;37.4;1;0
2026.01.18 08:00;3304.60;3323.18;3300.43;3318.88;21.26;17.52;10.38;58.94;58.58;0.347;NEUTRE;0;29.2;1;0
2026.01.18 04:00;3313.01;3315.29;3303.36;3304.60;20.59;14.88;11.98;52.78;65.13;-0.085;NEUTRE;0;-15.3;0;0
2026.01.18 00:00;3307.41;3315.87;3293.16;3313.01;22.10;17.17;13.82;64.01;77.36;0.169;NEUTRE;0;;;0
2026.01.17 20:00;3313.52;3317.27;3294.32;3307.41;23.83;19.82;15.16;78.61;83.66;0.433;NEUTRE;0;15.6;0;0
2026.01.17 16:00;3326.79;3327.02;3309.22;3313.52;25.45;22.86;7.51;89.46;79.42;0.618;NEUTRE;0;26.5;1;0
2026.01.17 12:00;3299.58;3327.05;3296.71;3326.79;21.59;26.38;8.66;82.91;69.26;1.021;NEUTRE;0;47.6;2;0
2026.01.17 08:00;3288.64;3302.44;3286.10;3299.58;17.14;17.96;10.00;65.88;58.13;0.195;NEUTRE;0;17.4;0;0
2026.01.17 04:00;3286.20;3291.05;3283.02;3288.64;15.39;10.00;11.53;59.00;48.28;-0.137;NEUTRE;0;-23.8;0;0
2026.01.17 00:00;3293.16;3294.30;3280.84;3286.20;16.66;11.54;13.31;49.50;38.42;-0.211;NEUTRE;0;;;0
2026.01.16 20:00;3273.50;3296.85;3261.00;3293.16;18.13;13.31;15.36;36.33;31.83;-0.690;NEUTRE;0;-24;0;0
2026.01.16 16:00;3261.24;3285.40;3256.69;3273.50;19.82;10.45;17.72;29.44;29.45;-1.283;NEUTRE;0;-45.9;-2;1
2026.01.16 12:00;3298.99;3315.93;3249.76;3261.07;18.90;12.06;20.45;29.71;29.71;-1.658;NEUTRE;0;-60.7;-2;1
2026.01.16 08:00;3306.73;3317.28;3290.39;3298.99;17.83;13.91;14.14;29.20;28.42;-0.514;NEUTRE;0;-39.6;-1;1
2026.01.16 04:00;3292.30;3314.24;3274.85;3306.73;20.45;14.31;16.32;30.21;30.47;-0.281;NEUTRE;0;-42.1;-1;0
2026.01.16 00:00;3316.04;3323.98;3289.20;3292.30;22.59;16.51;13.23;25.86;34.32;-0.716;NEUTRE;0;;;0
2026.01.15 20:00;3292.72;3320.34;3274.47;3316.04;24.36;17.44;15.26;35.34;41.95;-1.104;NEUTRE;0;-35.4;-1;0
2026.01.15 16:00;3328.99;3334.73;3271.81;3292.39;27.08;20.13;17.61;41.75;41.97;-1.810;NEUTRE;0;-55.5;-2;1
2026.01.15 12:00;3347.46;3381.76;3282.90;3329.01;30.22;23.22;17.61;48.76;40.23;-0.718;NEUTRE;0;-37.6;-1;1
2026.01.15 08:00;3327.97;3375.99;3317.75;3347.46;32.75;26.80;14.89;35.40;39.38;-0.167;NEUTRE;0;-15.1;0;1
2026.01.15 04:00;3283.55;3333.09;3281.85;3327.97;33.40;19.59;17.18;36.54;52.72;-0.749;NEUTRE;0;-67.5;-3;0
2026.01.15 00:00;3353.07;3354.12;3275.28;3283.55;37.53;22.60;19.83;46.20;64.53;-2.073;SOFT_DOWN;-1;;;0
2026.01.14 20:00;3365.53;3390.81;3346.10;3353.07;42.30;26.08;9.06;75.41;75.05;0.915;NEUTRE;0;30.5;1;0
2026.01.14 16:00;3344.06;3400.65;3313.73;3365.22;41.36;30.09;10.45;71.98;76.82;1.281;NEUTRE;0;45.9;2;1
2026.01.14 12:00;3282.63;3360.47;3277.36;3344.06;40.27;27.61;12.06;77.78;82.05;0.644;NEUTRE;0;34.7;1;1
2026.01.14 08:00;3332.74;3340.01;3279.30;3282.63;40.43;28.07;13.91;80.71;86.25;-1.205;NEUTRE;0;-62.7;-2;1
2026.01.14 04:00;3348.43;3360.39;3319.09;3332.74;41.47;32.38;5.97;87.66;89.42;0.303;NEUTRE;0;44.3;1;0
2026.01.14 00:00;3322.67;3353.79;3311.68;3348.43;37.25;34.91;6.89;90.38;91.28;0.775;NEUTRE;0;;;0