time;open;high;low;close;adx14;plus_di;minus_di;stoch_k;stoch_d;intraday_change;intraday_level;intraday_force;theta_deg;theta_level;is_active
2026.07.14 16:00;64690.10;64842.80;64283.20;64526.70;29.23;27.41;12.49;90.84;81.29;3.655;STRONG_UP;2;77.5;3;1
2026.07.14 12:00;62758.80;64887.40;62698.90;64692.40;27.97;31.62;14.41;86.58;66.99;3.921;STRONG_UP;2;81.2;3;1
2026.07.14 08:00;62456.90;62834.40;62403.40;62758.80;26.52;22.05;16.63;66.45;48.38;0.815;NEUTRE;0;63.5;2;1
2026.07.14 04:00;62486.90;62792.00;62416.10;62458.50;28.45;23.93;19.19;47.95;33.81;0.332;NEUTRE;0;58.6;2;0
2026.07.14 00:00;62251.60;62580.70;62181.30;62486.90;31.13;18.97;22.14;30.75;24.29;0.378;NEUTRE;0;;;0
2026.07.13 20:00;62200.90;62260.50;61789.40;62251.60;34.73;9.55;25.55;22.75;21.31;-2.315;SOFT_DOWN;-1;-66.3;-3;0
2026.07.13 16:00;62538.40;62558.80;61743.70;62201.90;33.07;11.02;29.48;19.38;19.25;-2.393;SOFT_DOWN;-1;-71.3;-3;1
2026.07.13 12:00;62834.30;62906.10;62046.70;62538.40;31.14;12.72;28.29;21.80;18.08;-1.865;SOFT_DOWN;-1;-71.9;-3;1
2026.07.13 08:00;62924.80;63212.40;62787.70;62834.30;30.09;14.67;19.38;16.56;19.78;-1.401;SOFT_DOWN;-1;-73.8;-3;1
2026.07.13 04:00;62751.10;62999.00;62456.60;62925.10;32.59;9.20;22.36;15.88;34.40;-1.258;SOFT_DOWN;-1;-80.8;-3;0
2026.07.13 00:00;63727.10;64365.50;62686.90;62751.10;31.19;10.62;19.27;26.89;50.97;-1.532;SOFT_DOWN;-1;;;0
2026.07.12 20:00;64180.70;64208.30;63614.70;63727.10;31.54;12.25;13.73;60.44;57.34;-0.059;NEUTRE;0;-3.3;0;0
2026.07.12 16:00;64123.40;64216.10;63968.10;64180.70;35.51;14.14;6.69;65.58;52.43;0.652;NEUTRE;0;38.8;1;0
2026.07.12 12:00;63953.90;64225.50;63905.90;64123.40;35.47;16.31;7.71;46.00;41.51;0.562;NEUTRE;0;42.7;1;0
2026.07.12 08:00;63831.70;64047.30;63709.00;63953.90;35.42;10.24;8.90;45.72;40.29;0.297;NEUTRE;0;36.2;1;0
2026.07.12 04:00;64166.20;64187.80;63589.20;63832.50;39.79;11.82;10.27;32.81;38.70;0.106;NEUTRE;0;27.6;1;0
2026.07.12 00:00;63764.80;64166.80;63656.70;64166.20;44.84;13.63;10.12;42.34;50.32;0.630;NEUTRE;0;;;0
2026.07.11 20:00;64232.80;64407.40;63763.50;63764.80;49.46;15.73;8.45;40.96;56.39;-0.545;NEUTRE;0;-28.2;-1;0
2026.07.11 16:00;64108.90;64341.00;64026.40;64232.80;52.43;18.15;3.47;67.66;61.19;0.185;NEUTRE;0;12.8;0;0
2026.07.11 12:00;64132.00;64436.00;63903.50;64108.90;50.06;20.94;4.00;60.55;54.56;-0.009;NEUTRE;0;-0.8;0;0
2026.07.11 08:00;64101.40;64243.30;64069.20;64132.00;47.31;18.60;4.62;55.36;51.66;0.027;NEUTRE;0;3.8;0;0
2026.07.11 04:00;64096.10;64205.80;64024.50;64101.40;45.32;18.15;5.33;47.77;52.18;-0.020;NEUTRE;0;-5.6;0;0
2026.07.11 00:00;64114.50;64251.10;63929.10;64096.10;43.90;20.94;6.15;51.86;60.41;-0.029;NEUTRE;0;;;0
2026.07.10 20:00;63875.50;64162.50;63605.80;64114.90;42.25;19.93;7.10;56.91;70.63;1.510;SOFT_UP;1;56.1;2;0
2026.07.10 16:00;63975.10;64159.60;63680.90;63876.20;41.45;22.99;6.11;72.46;82.61;1.132;NEUTRE;0;54.3;2;1
2026.07.10 12:00;64367.20;64648.90;63754.80;63975.10;38.91;26.53;4.68;82.51;87.82;1.288;SOFT_UP;1;64.7;2;1
2026.07.10 08:00;63925.70;64434.40;63917.30;64367.40;34.12;26.92;5.40;92.85;89.48;1.910;SOFT_UP;1;78;3;1
2026.07.10 04:00;63887.20;64141.20;63751.20;63925.70;29.12;22.34;6.23;88.10;85.60;1.210;NEUTRE;0;80.5;3;0
2026.07.10 00:00;63161.30;63982.30;62872.20;63887.20;24.93;19.51;7.19;87.49;81.99;1.149;NEUTRE;0;;;0
2026.07.09 20:00;63180.60;63355.30;62998.40;63161.30;21.66;13.82;8.29;81.23;78.48;1.505;SOFT_UP;1;56;2;0
2026.07.09 16:00;62793.00;63430.90;62491.50;63179.20;21.15;15.95;9.57;77.25;72.71;1.534;SOFT_UP;1;62.1;2;1
2026.07.09 12:00;62708.10;63192.00;62393.50;62793.00;20.56;14.49;11.04;76.96;66.52;0.913;NEUTRE;0;56.3;2;1
2026.07.09 08:00;62934.90;63019.10;62536.90;62708.10;21.64;13.39;12.74;63.92;53.66;0.777;NEUTRE;0;62.4;2;1
2026.07.09 04:00;61902.60;63179.60;61893.80;62934.90;24.59;15.44;14.70;58.66;41.53;1.141;NEUTRE;0;79.9;3;0
2026.07.09 00:00;62224.80;62572.80;61628.80;61902.60;27.99;10.56;16.96;38.40;28.83;-0.518;NEUTRE;0;;;0
2026.07.08 20:00;62218.40;62289.10;61899.40;62224.80;28.72;7.56;19.57;27.51;21.66;-1.714;SOFT_DOWN;-1;-59.4;-2;0
2026.07.08 16:00;61621.70;62330.90;61612.20;62218.40;26.33;8.72;22.58;20.57;19.19;-1.725;SOFT_DOWN;-1;-64.8;-2;1
2026.07.08 12:00;62236.80;62356.30;61469.90;61621.70;23.57;10.07;26.05;16.90;21.21;-2.667;STRONG_DOWN;-2;-77.1;-3;1
2026.07.08 08:00;62823.00;62875.90;61671.90;62236.80;20.39;11.62;26.56;20.10;29.74;-1.695;SOFT_DOWN;-1;-76.5;-3;1
2026.07.08 04:00;62706.70;62844.40;62412.90;62823.00;17.50;13.40;21.17;26.63;42.97;-0.770;NEUTRE;0;-75.2;-3;0
2026.07.08 00:00;63310.20;63699.30;62477.30;62706.70;16.74;15.47;22.14;42.49;52.27;-0.953;NEUTRE;0;;;0
2026.07.07 20:00;63766.40;63851.20;63168.00;63309.70;16.58;17.84;16.85;59.79;54.75;-1.062;NEUTRE;0;-46.3;-2;0
2026.07.07 16:00;63874.70;64185.10;63325.00;63766.00;18.69;20.59;15.90;54.52;51.18;-0.348;NEUTRE;0;-23.2;0;1
2026.07.07 12:00;63331.50;64039.20;62600.50;63875.50;19.59;21.15;18.35;49.95;54.02;-0.177;NEUTRE;0;-16.2;0;1
2026.07.07 08:00;63020.30;63388.90;62932.10;63331.50;21.52;17.45;21.17;49.08;62.37;-1.028;NEUTRE;0;-68.4;-3;1
2026.07.07 04:00;63127.40;63377.40;62731.40;63020.30;23.34;19.74;24.43;63.02;74.42;-1.514;SOFT_DOWN;-1;-82.4;-3;0
2026.07.07 00:00;63989.00;64259.70;63091.80;63127.40;25.30;22.78;19.60;75.00;76.24;-1.346;SOFT_DOWN;-1;;;0
2026.07.06 20:00;63683.50;64625.00;63531.90;63988.90;28.04;26.29;16.82;85.24;67.60;0.657;NEUTRE;0;32.9;1;0
2026.07.06 16:00;63489.10;63892.50;63333.30;63681.90;28.98;20.02;19.41;68.47;49.22;0.174;NEUTRE;0;12.1;0;1
2026.07.06 12:00;62423.20;63498.90;61255.00;63490.90;33.20;12.27;22.40;49.08;45.12;-0.126;NEUTRE;0;-11.7;0;1
2026.07.06 08:00;63011.10;63165.50;62423.20;62423.20;33.81;14.16;17.83;30.11;49.40;-1.806;SOFT_DOWN;-1;-77.3;-3;1
2026.07.06 04:00;63219.60;63318.90;62809.90;63011.10;37.25;16.34;12.56;56.17;57.78;-0.881;NEUTRE;0;-77;-3;0
2026.07.06 00:00;63571.00;63847.60;63057.00;63219.60;40.97;18.85;7.03;61.93;48.99;-0.553;NEUTRE;0;;;0
2026.07.05 20:00;62702.90;63925.20;62542.50;63571.00;40.24;21.75;8.11;55.24;39.80;0.788;NEUTRE;0;37.8;1;0
2026.07.05 16:00;62672.20;62812.30;62530.40;62702.90;39.41;12.72;9.36;29.80;33.45;-0.588;NEUTRE;0;-35.9;-1;0
2026.07.05 12:00;62589.70;62879.60;62499.10;62672.20;43.13;14.67;10.80;34.36;41.51;-0.637;NEUTRE;0;-46.3;-2;0
2026.07.05 08:00;62952.10;63036.90;62386.70;62590.00;47.42;16.93;12.46;36.20;51.52;-0.767;NEUTRE;0;-62.1;-2;0
2026.07.05 04:00;62698.50;62990.50;62587.50;62952.10;52.37;19.54;9.62;53.97;66.47;-0.193;NEUTRE;0;-43.6;-1;0
2026.07.05 00:00;63073.80;63077.40;62534.90;62698.60;55.20;22.54;11.10;64.39;73.70;-0.595;NEUTRE;0;;;0
2026.07.04 20:00;63228.90;63390.80;62868.70;63074.40;58.46;26.01;3.34;81.05;75.53;0.899;NEUTRE;0;41.5;1;0
2026.07.04 16:00;62869.60;63393.60;62716.20;63228.90;55.57;30.01;3.86;75.65;71.45;1.146;NEUTRE;0;54.7;2;0
2026.07.04 12:00;62414.80;62975.90;62412.90;62869.60;52.25;25.14;4.45;69.88;71.34;0.571;NEUTRE;0;43.2;1;0
2026.07.04 08:00;62504.70;62595.60;62340.50;62414.80;49.53;18.62;5.14;68.81;74.52;-0.157;NEUTRE;0;-21.1;0;0
2026.07.04 04:00;62555.60;62677.80;62264.70;62504.80;48.42;21.48;5.93;75.32;76.36;-0.013;NEUTRE;0;-3.7;0;0
2026.07.04 00:00;62512.70;62870.00;62334.70;62555.60;47.14;24.79;4.23;79.44;77.18;0.069;NEUTRE;0;;;0
2026.07.03 20:00;62140.00;62881.00;62118.80;62512.70;43.50;28.60;4.89;74.33;73.45;1.690;SOFT_UP;1;59;2;0
2026.07.03 16:00;61851.00;62246.60;61839.80;62140.00;39.29;20.20;5.64;77.78;71.25;1.084;NEUTRE;0;53.2;2;1
2026.07.03 12:00;61933.90;62319.80;61629.70;61851.00;36.67;23.30;6.50;68.24;66.67;0.614;NEUTRE;0;45.2;2;1
2026.07.03 08:00;61668.20;62011.00;61429.20;61933.90;33.64;20.00;7.50;67.72;66.76;0.749;NEUTRE;0;61.5;2;1
2026.07.03 04:00;61342.10;61780.00;61249.30;61668.20;31.82;16.97;8.66;64.05;68.62;0.316;NEUTRE;0;57.3;2;0
2026.07.03 00:00;61473.70;61638.90;61154.90;61342.10;31.73;15.49;9.99;68.52;74.16;-0.214;NEUTRE;0;;;0
2026.07.02 20:00;61411.00;61576.20;61260.80;61474.60;33.29;17.88;8.16;73.30;76.42;2.540;STRONG_UP;2;68.2;3;0
2026.07.02 16:00;61527.30;61870.10;61074.20;61411.80;32.67;20.63;9.42;80.65;78.91;2.435;SOFT_UP;1;71.6;3;1
2026.07.02 12:00;61269.60;62124.80;61070.20;61527.30;31.96;23.80;10.87;75.30;75.23;2.628;STRONG_UP;2;77;3;1
2026.07.02 08:00;60052.70;61325.40;60038.10;61272.80;31.13;15.80;12.54;80.78;75.62;2.204;SOFT_UP;1;79.6;3;1
2026.07.02 04:00;60973.50;60974.90;60010.10;60052.70;34.15;14.04;14.47;69.60;73.45;0.168;NEUTRE;0;39.6;1;0
2026.07.02 00:00;59951.70;61038.50;59509.90;60973.50;39.18;16.20;16.69;76.47;75.50;1.704;SOFT_UP;1;;;0
2026.07.01 20:00;59956.40;61237.30;59793.10;59951.70;44.97;18.70;16.41;74.29;72.79;2.446;SOFT_UP;1;67.5;3;0
2026.07.01 16:00;60074.70;60278.60;59706.80;59956.40;50.89;11.36;18.94;75.75;68.87;2.454;STRONG_UP;2;71.7;3;1
2026.07.01 12:00;58525.90;60462.20;58239.40;60074.70;54.87;13.11;21.85;68.35;62.47;2.657;STRONG_UP;2;77.1;3;1
2026.07.01 08:00;58675.10;58997.00;58410.10;58525.90;59.47;4.98;25.21;62.53;54.96;0.010;NEUTRE;0;1.4;0;1
2026.07.01 04:00;59089.60;59356.80;58438.40;58675.10;58.31;5.75;28.35;56.52;41.16;0.265;NEUTRE;0;52.5;2;0
2026.07.01 00:00;58520.10;59204.70;57724.10;59089.60;57.08;4.08;32.71;45.83;27.23;0.973;NEUTRE;0;;;0
2026.06.30 20:00;58720.10;58774.00;58402.40;58520.10;53.89;4.71;30.70;21.14;16.43;-2.721;STRONG_DOWN;-2;-69.5;-3;0
2026.06.30 16:00;58269.20;58733.10;58155.60;58720.10;50.89;3.74;35.42;14.73;17.14;-2.388;SOFT_DOWN;-1;-71.2;-3;1
2026.06.30 12:00;59071.40;59165.30;58078.10;58269.20;46.28;4.32;40.87;13.42;27.18;-3.138;STRONG_DOWN;-2;-79;-3;1
2026.06.30 08:00;59415.30;59445.70;59013.40;59071.40;40.96;4.99;33.92;23.29;43.53;-1.804;SOFT_DOWN;-1;-77.3;-3;1
2026.06.30 04:00;59505.10;59604.50;59241.40;59415.30;35.82;5.75;31.02;44.83;57.96;-1.232;NEUTRE;0;-80.6;-3;0
2026.06.30 00:00;60156.70;60174.70;59476.10;59505.10;30.76;6.64;25.85;62.47;65.34;-1.083;NEUTRE;0;;;0
2026.06.29 20:00;60324.50;60485.90;60102.60;60155.50;26.39;7.66;16.03;66.56;65.63;1.156;NEUTRE;0;48.7;2;0
2026.06.29 16:00;59698.70;60558.80;59468.30;60324.50;25.01;8.84;18.50;67.00;67.37;1.440;SOFT_UP;1;60.6;2;1
2026.06.29 12:00;59855.90;60671.80;58895.70;59699.00;23.42;10.20;21.35;63.33;65.18;0.389;NEUTRE;0;32.6;1;1
2026.06.29 08:00;59922.10;60212.30;59635.50;59855.90;21.59;11.76;18.22;71.79;58.69;0.652;NEUTRE;0;58.1;2;1
2026.06.29 04:00;59936.30;60228.90;59277.80;59922.10;21.60;13.57;21.02;60.43;43.72;0.764;NEUTRE;0;75.1;3;0
2026.06.29 00:00;59467.90;60097.60;58813.90;59936.30;21.61;13.54;24.26;43.85;33.39;0.788;NEUTRE;0;;;0
2026.06.28 20:00;59381.10;59802.00;58821.00;59466.90;20.57;12.08;27.99;26.88;31.65;-0.771;NEUTRE;0;-37.2;-1;0
2026.06.28 16:00;59791.30;59846.70;59173.90;59380.50;17.62;13.94;26.76;29.44;36.49;-0.915;NEUTRE;0;-48.4;-2;0
2026.06.28 12:00;60242.40;60333.90;59728.70;59791.30;15.48;16.08;18.19;38.64;36.32;-0.229;NEUTRE;0;-20.6;0;0
2026.06.28 08:00;60120.20;60437.40;59967.50;60242.40;16.92;18.56;14.92;41.40;31.68;0.523;NEUTRE;0;52.2;2;0
2026.06.28 04:00;60100.60;60161.50;59661.00;60120.20;17.85;12.38;17.22;28.90;34.21;0.320;NEUTRE;0;57.6;2;0
2026.06.28 00:00;59928.70;60235.60;59883.60;60101.00;18.08;14.28;13.02;24.75;47.36;0.288;NEUTRE;0;;;0
2026.06.27 20:00;60069.70;60376.00;59765.90;59928.70;20.16;16.48;15.03;48.97;69.87;-0.115;NEUTRE;0;-6.5;0;0
2026.06.27 16:00;60731.10;60740.70;59976.60;60069.70;22.55;19.02;12.03;68.37;83.61;0.120;NEUTRE;0;8.4;0;0
2026.06.27 12:00;60258.10;60834.90;60147.80;60731.00;22.55;21.94;10.43;92.27;89.19;1.222;NEUTRE;0;63.5;2;0
2026.06.27 08:00;60443.60;60444.60;60096.10;60258.10;20.55;16.58;12.04;90.20;82.44;0.434;NEUTRE;0;46.9;2;0
2026.06.27 04:00;60203.10;60467.70;60012.60;60443.10;21.27;19.13;13.89;85.10;76.16;0.742;NEUTRE;0;74.7;3;0
2026.06.27 00:00;59997.90;60304.20;59776.50;60203.10;22.10;16.54;16.02;72.01;68.73;0.342;NEUTRE;0;;;0
2026.06.26 20:00;59666.30;60017.50;59483.60;59998.00;25.26;10.73;18.49;71.38;66.47;0.510;NEUTRE;0;26.7;1;0
2026.06.26 16:00;60224.20;60455.50;59467.20;59694.40;25.06;12.38;21.33;62.79;61.05;0.002;NEUTRE;0;0.1;0;1
2026.06.26 12:00;59317.20;60399.30;58448.00;60229.50;24.83;13.41;24.61;65.22;57.92;0.898;NEUTRE;0;55.9;2;1
2026.06.26 08:00;60423.30;60462.00;59140.50;59317.20;24.11;15.47;22.94;55.13;50.08;-0.630;NEUTRE;0;-57.2;-2;1
2026.06.26 04:00;59930.90;60642.50;59606.30;60423.30;24.83;17.85;21.05;53.41;44.18;1.223;NEUTRE;0;80.6;3;0
2026.06.26 00:00;59693.50;60017.00;58235.90;59930.90;27.39;11.31;24.29;41.71;41.58;0.398;NEUTRE;0;;;0
2026.06.25 20:00;59218.60;60131.50;59218.60;59694.00;26.00;13.05;19.53;37.44;47.90;-2.094;SOFT_DOWN;-1;-64.1;-2;0
2026.06.25 16:00;59456.50;59949.30;59035.30;59214.30;26.94;12.01;22.54;45.61;56.13;-2.881;STRONG_DOWN;-2;-74.3;-3;1
2026.06.25 12:00;61170.70;61606.00;58019.50;59456.10;26.39;13.85;26.01;60.64;58.94;-2.484;STRONG_DOWN;-2;-76.2;-3;1
2026.06.25 08:00;61805.00;61814.50;60957.60;61170.70;25.77;15.99;17.40;62.15;51.15;0.328;NEUTRE;0;38.9;1;1
2026.06.25 04:00;60769.60;61853.40;60677.20;61804.90;29.07;18.44;20.08;54.03;38.91;1.368;SOFT_UP;1;81.6;3;0
2026.06.25 00:00;60970.80;61053.40;60576.90;60769.60;32.89;10.82;23.17;37.28;27.80;-0.330;NEUTRE;0;;;0
2026.06.24 20:00;59862.90;61152.10;59747.80;60970.80;32.36;12.48;26.74;25.42;25.04;-2.658;STRONG_DOWN;-2;-69.1;-3;0
2026.06.24 16:00;60164.10;60562.80;59006.10;59866.90;31.75;7.95;30.85;20.71;38.78;-4.420;EXPLOSIVE_DOWN;-3;-79.6;-3;1
2026.06.24 12:00;62823.40;62879.10;60151.10;60164.10;27.55;9.17;24.28;29.00;48.61;-3.946;STRONG_DOWN;-2;-81.2;-3;1
2026.06.24 08:00;62552.70;63109.60;62211.80;62821.90;24.84;10.58;16.40;66.64;50.81;0.297;NEUTRE;0;36.2;1;1
2026.06.24 04:00;62638.00;62971.00;62432.30;62552.40;25.35;12.21;15.14;50.18;36.77;-0.133;NEUTRE;0;-33.2;-1;0
2026.06.24 00:00;62635.70;63021.60;62366.20;62638.00;27.60;14.09;17.47;35.62;26.54;0.004;NEUTRE;0;;;0
2026.06.23 20:00;62306.20;62704.00;62295.70;62635.70;30.20;8.80;20.16;24.53;20.06;-2.037;SOFT_DOWN;-1;-63.5;-2;0
2026.06.23 16:00;62395.90;62732.10;62004.20;62313.20;28.81;10.15;23.26;19.47;16.70;-2.541;STRONG_DOWN;-2;-72.3;-3;1
2026.06.23 12:00;62421.60;62761.90;61870.70;62395.90;27.20;11.71;26.83;16.17;14.10;-2.412;SOFT_DOWN;-1;-75.8;-3;1
2026.06.23 08:00;62794.00;62856.20;61859.40;62421.60;25.35;13.52;30.96;14.45;18.06;-2.372;SOFT_DOWN;-1;-80.3;-3;1
2026.06.23 04:00;63975.30;64003.70;62488.20;62794.00;23.22;15.59;26.02;11.69;28.54;-1.789;SOFT_DOWN;-1;-83.5;-3;0
2026.06.23 00:00;63937.90;64192.60;63743.70;63975.30;22.94;17.99;17.28;28.04;47.03;0.058;NEUTRE;0;;;0
2026.06.22 20:00;64414.60;64584.40;63719.00;63937.90;26.15;20.76;19.94;45.89;61.82;1.132;NEUTRE;0;48.1;2;0
2026.06.22 16:00;64752.40;64773.30;64190.50;64414.50;29.86;23.96;14.62;67.14;68.68;1.886;SOFT_UP;1;66.7;3;1
2026.06.22 12:00;64574.50;65535.70;64492.00;64752.40;30.74;27.64;8.91;72.41;59.02;2.421;SOFT_UP;1;75.9;3;1
2026.06.22 08:00;64120.30;64686.90;63947.40;64574.50;27.58;19.38;10.28;66.49;44.59;2.139;SOFT_UP;1;79.3;3;1
2026.06.22 04:00;63875.20;64294.40;63775.10;64120.30;27.11;14.20;11.87;38.15;31.08;1.421;SOFT_UP;1;81.9;3;0
2026.06.22 00:00;63222.10;64692.00;63221.80;63875.20;29.90;16.38;13.69;29.14;34.67;1.033;NEUTRE;0;;;0
2026.06.21 20:00;64110.60;64179.40;63193.90;63222.10;33.12;13.54;15.80;25.94;45.14;-1.543;SOFT_DOWN;-1;-56.7;-2;0
2026.06.21 16:00;64133.80;64203.60;63862.00;64110.60;37.04;15.62;7.80;48.91;61.68;-0.160;NEUTRE;0;-11.1;0;0
2026.06.21 12:00;64083.40;64262.40;63865.70;64133.80;37.60;18.03;8.83;60.58;74.14;-0.123;NEUTRE;0;-11.4;0;0
2026.06.21 08:00;64098.70;64384.90;63810.00;64083.20;38.11;20.80;10.19;75.56;81.97;-0.202;NEUTRE;0;-26.5;-1;0
2026.06.21 04:00;64335.40;64485.90;64076.40;64098.70;38.71;24.00;4.63;86.29;83.47;-0.178;NEUTRE;0;-41.2;-1;0
2026.06.21 00:00;64213.10;64385.10;64121.40;64335.10;34.26;23.91;5.34;84.06;80.06;0.190;NEUTRE;0;;;0
2026.06.20 20:00;63854.40;64268.30;63765.10;64213.10;29.76;20.77;6.16;80.08;79.97;1.177;NEUTRE;0;49.2;2;0
2026.06.20 16:00;64073.00;64092.10;63670.60;63854.40;26.00;18.58;7.11;76.05;80.62;0.612;NEUTRE;0;37;1;0
2026.06.20 12:00;63609.30;64295.80;63125.20;64073.00;23.13;21.44;8.21;83.77;83.72;0.956;NEUTRE;0;57.5;2;0
2026.06.20 08:00;63582.30;63721.70;63315.40;63609.30;19.82;17.19;9.47;82.05;82.36;0.226;NEUTRE;0;29.1;1;0
2026.06.20 04:00;63404.60;63803.60;63329.30;63581.20;18.42;19.83;10.40;85.35;81.84;0.182;NEUTRE;0;41.9;1;0
2026.06.20 00:00;63466.00;63705.90;63245.80;63404.60;16.45;19.72;12.00;79.70;74.33;-0.097;NEUTRE;0;;;0
2026.06.19 20:00;62958.50;63577.20;62887.40;63466.00;15.24;18.44;13.85;80.47;60.76;0.949;NEUTRE;0;43.1;1;0
2026.06.19 16:00;63141.00;63317.10;62798.30;62958.40;15.39;15.48;15.98;62.82;41.68;0.142;NEUTRE;0;9.9;0;1
2026.06.19 12:00;62559.60;63339.80;62277.60;63140.30;17.52;17.86;18.43;39.00;28.42;0.431;NEUTRE;0;35.3;1;1
2026.06.19 08:00;62549.60;62703.90;62237.60;62559.60;19.97;11.40;21.27;23.22;24.08;-0.492;NEUTRE;0;-50.5;-2;1
2026.06.19 04:00;62689.30;62844.00;62333.80;62549.60;18.40;13.16;21.37;23.03;22.85;-0.508;NEUTRE;0;-68.2;-3;0
2026.06.19 00:00;62869.10;63031.50;62300.90;62689.30;17.57;15.18;24.66;25.99;19.55;-0.286;NEUTRE;0;;;0
2026.06.18 20:00;62853.80;63172.80;62659.70;62869.10;16.61;17.51;20.89;19.53;15.66;-2.430;SOFT_DOWN;-1;-67.3;-3;0
2026.06.18 16:00;62280.80;62918.70;62165.60;62853.80;17.81;12.59;24.11;13.14;15.09;-2.454;STRONG_DOWN;-2;-71.7;-3;1
2026.06.18 12:00;63889.10;64365.80;62207.10;62280.80;15.73;14.53;26.97;14.32;18.16;-3.343;STRONG_DOWN;-2;-79.7;-3;1
2026.06.18 08:00;64425.20;64563.70;63809.00;63889.10;13.53;16.76;19.70;17.81;18.75;-0.847;NEUTRE;0;-64.4;-2;1
2026.06.18 04:00;64203.60;64433.10;63618.70;64425.20;14.37;16.68;22.73;22.35;23.31;-0.015;NEUTRE;0;-4.2;0;0
2026.06.18 00:00;64434.80;64738.80;64179.50;64203.60;14.22;19.24;15.63;16.07;25.99;-0.359;NEUTRE;0;;;0
2026.06.17 20:00;64245.40;64457.10;63852.10;64434.30;14.82;14.46;18.04;31.51;32.63;-1.783;SOFT_DOWN;-1;-60.3;-2;0
2026.06.17 16:00;65682.80;66369.60;63986.90;64245.40;15.40;16.68;17.39;30.38;29.15;-2.071;SOFT_DOWN;-1;-68.6;-3;1
2026.06.17 12:00;64737.20;65784.60;64519.30;65682.80;17.45;15.47;20.06;36.00;26.51;0.120;NEUTRE;0;11.1;0;1
2026.06.17 08:00;65454.70;65493.10;64482.50;64737.20;18.15;14.31;23.15;21.07;22.08;-1.321;SOFT_DOWN;-1;-72.9;-3;1
2026.06.17 04:00;65781.90;65968.80;65167.50;65454.70;17.31;16.51;16.28;22.44;22.74;-0.227;NEUTRE;0;-48.2;-2;0
2026.06.17 00:00;65603.80;66059.90;65415.40;65781.90;19.87;19.05;14.03;22.73;26.43;0.271;NEUTRE;0;;;0
2026.06.16 20:00;65606.90;65863.50;65512.40;65603.80;20.59;17.29;16.19;23.05;32.75;-0.998;NEUTRE;0;-44.5;-1;0
2026.06.16 16:00;65797.50;66163.00;65480.70;65605.70;23.25;19.95;18.68;33.50;39.48;-0.995;NEUTRE;0;-50.8;-2;1
2026.06.16 12:00;66424.20;66748.60;65291.30;65797.50;26.32;23.02;21.55;41.72;42.21;-0.705;NEUTRE;0;-49.2;-2;1
2026.06.16 08:00;66318.00;66929.80;66284.70;66424.20;29.86;26.56;14.38;43.21;44.67;0.241;NEUTRE;0;30.7;1;1
2026.06.16 04:00;66098.10;66500.90;65748.50;66318.00;29.88;20.41;16.59;41.71;55.92;0.080;NEUTRE;0;21.5;0;0
2026.06.16 00:00;66264.80;66411.10;65595.90;66098.10;32.89;21.72;19.14;49.09;71.97;-0.252;NEUTRE;0;;;0
2026.06.15 20:00;66554.00;66634.00;66042.30;66264.60;36.98;25.06;13.66;76.94;87.11;0.868;NEUTRE;0;40.5;1;0
2026.06.15 16:00;67238.90;67241.70;66333.90;66554.80;38.14;28.92;8.18;89.89;92.41;1.310;SOFT_UP;1;58.2;2;1
2026.06.15 12:00;66180.70;67231.30;66057.00;67231.30;35.40;33.19;9.44;94.51;93.57;2.340;SOFT_UP;1;75.4;3;1
2026.06.15 08:00;65617.80;66314.40;65453.10;66180.70;32.28;26.28;10.89;92.82;89.13;0.741;NEUTRE;0;61.3;2;1
2026.06.15 04:00;65880.10;65950.00;65565.90;65617.50;30.87;23.82;12.57;93.38;77.46;-0.117;NEUTRE;0;-30;-1;0
2026.06.15 00:00;65694.10;65938.80;65303.90;65880.10;30.87;27.03;14.50;81.19;57.25;0.283;NEUTRE;0;;;0
2026.06.14 20:00;63756.10;65749.90;63740.40;65694.10;30.97;26.61;16.73;57.81;47.00;1.993;SOFT_UP;1;63;2;0
2026.06.14 16:00;63973.80;64148.50;63629.50;63756.10;32.23;18.45;19.30;32.74;51.86;-1.016;NEUTRE;0;-51.4;-2;0
2026.06.14 12:00;64502.50;64518.20;63819.60;63973.80;36.84;21.29;16.64;50.45;65.40;-0.678;NEUTRE;0;-48.1;-2;0
2026.06.14 08:00;64387.60;64615.70;64279.00;64502.50;40.62;24.56;9.08;72.39;76.10;0.143;NEUTRE;0;19.4;0;0
2026.06.14 04:00;64502.80;64522.10;64182.40;64387.60;39.80;24.06;10.48;73.35;81.08;-0.036;NEUTRE;0;-10.1;0;0
2026.06.14 00:00;64410.50;64670.50;64336.30;64502.80;39.87;27.76;5.12;82.57;86.94;0.143;NEUTRE;0;;;0
2026.06.13 20:00;64254.10;64715.40;64180.20;64411.80;35.41;32.04;5.91;87.33;84.76;1.394;SOFT_UP;1;53.9;2;0
2026.06.13 16:00;64247.60;64288.70;63873.70;64254.10;30.27;24.70;6.82;90.94;74.18;1.146;NEUTRE;0;54.7;2;0
2026.06.13 12:00;63911.70;64296.60;63864.80;64247.60;26.19;28.50;7.87;76.02;60.28;1.136;NEUTRE;0;61.8;2;0
2026.06.13 08:00;63794.00;63921.00;63679.60;63911.70;21.50;19.50;9.08;55.58;50.31;0.607;NEUTRE;0;56.2;2;0
2026.06.13 04:00;63480.80;63828.30;63435.30;63794.00;19.20;16.59;10.48;49.23;48.41;0.422;NEUTRE;0;64.3;2;0
2026.06.13 00:00;63526.10;63790.10;63408.00;63480.80;18.67;17.65;12.09;46.12;53.01;-0.071;NEUTRE;0;;;0
2026.06.12 20:00;63541.20;63654.70;63346.80;63526.10;18.67;14.91;13.95;49.88;58.35;-0.044;NEUTRE;0;-2.5;0;0
2026.06.12 16:00;63539.80;64050.60;63458.60;63541.20;21.03;17.21;10.51;63.04;65.04;-0.020;NEUTRE;0;-1.4;0;1
2026.06.12 12:00;63673.00;64329.00;62967.50;63539.80;20.54;19.86;12.12;62.12;66.61;-0.022;NEUTRE;0;-2.1;0;1
2026.06.12 08:00;63003.90;63862.10;63002.00;63673.00;19.98;17.63;13.99;69.95;73.22;0.188;NEUTRE;0;24.8;0;1
2026.06.12 04:00;63421.00;63763.90;62746.30;63003.50;21.28;18.59;16.14;67.76;77.23;-0.866;NEUTRE;0;-76.8;-3;0
2026.06.12 00:00;63553.80;63705.90;63211.10;63421.00;23.47;21.45;11.60;81.94;83.14;-0.209;NEUTRE;0;;;0
2026.06.11 20:00;63533.90;63613.20;63196.60;63551.70;22.49;21.87;13.38;81.99;84.14;3.441;STRONG_UP;2;73.6;3;0
2026.06.11 16:00;62670.00;63837.70;62248.60;63532.80;22.25;25.23;15.44;85.48;86.76;3.410;STRONG_UP;2;76.6;3;1
2026.06.11 12:00;63032.70;63168.40;62441.90;62670.00;21.97;22.64;17.82;84.96;81.66;2.006;SOFT_UP;1;73.1;3;1
2026.06.11 08:00;62626.80;63186.40;62626.60;63032.70;23.52;26.12;16.65;89.85;73.35;2.596;STRONG_UP;2;81.1;3;1
2026.06.11 04:00;62587.40;62909.40;62457.10;62626.80;23.73;22.52;19.21;70.18;63.32;1.936;SOFT_UP;1;84;3;0
2026.06.11 00:00;61437.60;62709.60;61437.60;62589.20;26.16;19.19;22.16;60.03;59.07;1.874;SOFT_UP;1;;;0
2026.06.10 20:00;61868.80;61875.00;61028.30;61438.00;29.08;12.05;25.57;59.74;56.58;-0.385;NEUTRE;0;-20.8;0;0
2026.06.10 16:00;62571.50;62583.90;61541.40;61869.20;28.02;13.91;20.18;57.42;47.17;0.314;NEUTRE;0;21.1;0;1
2026.06.10 12:00;60964.30;62785.40;60889.20;62571.50;29.50;16.04;23.29;52.59;39.97;1.453;SOFT_UP;1;67.3;3;1
2026.06.10 08:00;61627.70;61668.70;60733.90;60964.20;31.20;9.45;26.87;31.52;35.14;-1.153;NEUTRE;0;-70.6;-3;1
2026.06.10 04:00;61492.20;61728.60;61022.40;61627.70;28.63;10.91;26.26;35.81;34.05;-0.078;NEUTRE;0;-21;0;0
2026.06.10 00:00;61675.60;61923.10;61180.70;61492.20;26.68;12.58;26.85;38.10;29.92;-0.297;NEUTRE;0;;;0
2026.06.09 20:00;62035.80;62215.30;61501.90;61676.00;25.22;14.52;24.32;28.25;23.33;-2.182;SOFT_DOWN;-1;-65.1;-3;0
2026.06.09 16:00;61072.10;62044.60;60725.80;62034.90;25.22;13.07;28.06;23.40;23.51;-1.612;SOFT_DOWN;-1;-63.3;-2;1
2026.06.09 12:00;62660.90;62847.80;60974.60;61072.80;23.49;15.09;29.48;18.34;27.52;-3.138;STRONG_DOWN;-2;-79;-3;1
2026.06.09 08:00;63148.80;63164.10;62447.30;62660.90;22.14;17.41;21.92;28.81;34.48;-0.619;NEUTRE;0;-56.7;-2;1
2026.06.09 04:00;62830.00;63477.00;62706.00;63148.80;23.78;20.08;19.73;35.43;46.06;0.154;NEUTRE;0;37.2;1;0
2026.06.09 00:00;63051.50;63146.20;62380.90;62830.00;27.30;16.57;22.77;39.20;59.02;-0.351;NEUTRE;0;;;0
2026.06.08 20:00;63340.30;63818.20;62947.60;63053.70;29.08;19.12;14.88;63.55;71.59;-0.382;NEUTRE;0;-20.6;0;0
2026.06.08 16:00;63731.20;63996.60;63250.90;63339.60;31.63;22.06;11.81;74.33;73.81;0.070;NEUTRE;0;4.9;0;1
2026.06.08 12:00;63421.00;64171.50;62670.40;63731.20;31.84;25.46;13.63;76.90;71.96;0.689;NEUTRE;0;48.5;2;1
2026.06.08 08:00;63230.00;63802.90;62929.30;63421.00;32.08;25.60;15.73;70.20;65.22;0.199;NEUTRE;0;26.1;1;1
2026.06.08 04:00;63079.50;63287.80;62360.40;63229.80;33.34;20.47;18.14;68.80;60.71;-0.103;NEUTRE;0;-26.9;-1;0
2026.06.08 00:00;63295.30;63816.80;62684.20;63079.60;37.55;23.61;15.56;56.68;58.15;-0.341;NEUTRE;0;;;0
2026.06.07 20:00;61237.30;64135.90;61237.20;63295.30;40.17;27.25;17.96;56.66;67.00;4.036;STRONG_UP;2;75.9;3;0
2026.06.07 16:00;62059.40;62288.10;61141.50;61255.80;43.18;21.63;20.72;61.11;79.24;0.684;NEUTRE;0;40.1;1;0
2026.06.07 12:00;62589.20;62611.10;61547.70;62059.40;49.50;24.96;18.46;83.22;88.08;2.005;SOFT_UP;1;73.1;3;0
2026.06.07 08:00;62362.70;62913.10;62218.90;62589.20;54.81;28.80;11.59;93.39;84.04;2.876;STRONG_UP;2;82;3;0
2026.06.07 04:00;61660.10;62375.00;61446.80;62362.70;56.69;21.30;13.37;87.62;72.18;2.503;STRONG_UP;2;85.4;3;0
2026.06.07 00:00;60839.70;61729.30;60697.40;61661.70;61.89;13.88;15.43;71.11;61.27;1.351;SOFT_UP;1;;;0
2026.06.06 20:00;60561.60;60960.60;60390.40;60839.30;70.59;4.55;17.80;57.81;56.21;-0.307;NEUTRE;0;-16.8;0;0
2026.06.06 16:00;60740.70;60926.80;60361.30;60558.50;72.34;4.34;20.54;54.89;53.61;-0.767;NEUTRE;0;-43.4;-1;0
2026.06.06 12:00;60760.60;61136.40;60356.60;60740.70;73.45;5.01;23.70;55.93;50.43;-0.469;NEUTRE;0;-37.6;-1;0
2026.06.06 08:00;60966.00;61446.70;60187.70;60760.60;74.74;5.78;27.35;50.01;43.44;-0.436;NEUTRE;0;-47;-2;0
2026.06.06 04:00;60651.70;61226.00;59453.90;60966.00;76.22;3.98;31.56;45.34;35.60;-0.100;NEUTRE;0;-26.2;-1;0
2026.06.06 00:00;61026.80;61494.10;60488.90;60651.60;76.01;4.59;27.42;34.96;27.25;-0.615;NEUTRE;0;;;0
2026.06.05 20:00;60265.10;61953.80;59905.30;61028.30;76.73;5.29;31.64;26.50;25.84;-4.343;EXPLOSIVE_DOWN;-3;-76.8;-3;0
2026.06.05 16:00;60390.00;61498.80;59085.40;60265.10;77.56;2.69;36.51;20.30;29.72;-5.540;EXPLOSIVE_DOWN;-3;-81.7;-3;1
2026.06.05 12:00;61898.00;62375.60;60011.20;60389.80;76.22;3.10;36.23;30.74;39.84;-5.344;EXPLOSIVE_DOWN;-3;-83.5;-3;1
2026.06.05 08:00;63033.50;63168.20;61895.40;61898.60;74.98;3.58;29.54;38.13;47.51;-2.979;STRONG_DOWN;-2;-82.2;-3;1
2026.06.05 04:00;62651.50;63600.40;61089.20;63033.40;74.46;4.13;34.09;50.64;55.37;-1.201;NEUTRE;0;-80.4;-3;0
2026.06.05 00:00;63799.40;63897.70;62254.10;62652.10;73.86;4.77;32.19;53.77;53.83;-1.798;SOFT_DOWN;-1;;;0
2026.06.04 20:00;63527.00;63837.70;63059.90;63798.80;73.81;5.50;29.60;61.71;48.76;-0.360;NEUTRE;0;-19.5;0;0
2026.06.04 16:00;63809.60;64056.60;62879.90;63527.00;74.60;6.35;34.16;46.01;40.74;-0.784;NEUTRE;0;-44;-1;1
2026.06.04 12:00;62464.90;64425.70;62304.40;63809.60;75.51;7.32;39.41;38.55;36.79;-0.343;NEUTRE;0;-29.4;-1;1
2026.06.04 08:00;63524.10;63814.00;62124.40;62462.60;76.57;4.01;45.48;37.64;33.09;-2.447;SOFT_DOWN;-1;-80.6;-3;1
2026.06.04 04:00;64276.50;64674.90;63426.20;63526.40;75.46;4.63;40.62;34.17;24.05;-0.785;NEUTRE;0;-75.5;-3;0
2026.06.04 00:00;64029.30;64439.90;61312.60;64276.00;74.84;2.45;46.87;27.46;23.57;0.385;NEUTRE;0;;;0
2026.06.03 20:00;65360.50;65747.50;63983.50;64029.30;72.49;2.83;40.94;10.51;28.80;-3.932;STRONG_DOWN;-2;-75.5;-3;0
2026.06.03 16:00;65964.90;66253.90;65156.60;65362.10;70.25;3.26;37.01;32.73;36.21;-1.933;SOFT_DOWN;-1;-67.2;-3;1
2026.06.03 12:00;66956.60;67138.50;65962.00;65967.10;68.16;3.76;31.41;43.17;31.90;-1.025;NEUTRE;0;-59.3;-2;1
2026.06.03 08:00;67118.00;67354.80;66540.10;66956.60;66.56;4.34;28.68;32.72;21.66;0.460;NEUTRE;0;48.6;2;1
2026.06.03 04:00;65747.80;67402.40;65728.20;67119.30;65.46;5.01;33.09;19.82;14.57;0.704;NEUTRE;0;73.9;3;0
2026.06.03 00:00;66650.30;67064.80;65366.10;65748.40;64.19;2.68;38.18;12.44;11.37;-1.353;SOFT_DOWN;-1;;;0
2026.06.02 20:00;67199.50;67811.30;66093.00;66650.30;60.70;3.09;37.47;11.44;9.69;-6.523;EXPLOSIVE_DOWN;-3;-81.2;-3;0
2026.06.02 16:00;67167.60;67998.70;66332.50;67196.60;57.00;3.57;41.09;10.23;11.21;-5.757;EXPLOSIVE_DOWN;-3;-82;-3;1
2026.06.02 12:00;69345.10;69425.50;66941.00;67172.70;52.84;4.12;41.80;7.40;14.97;-5.790;EXPLOSIVE_DOWN;-3;-84;-3;1
2026.06.02 08:00;69998.30;70060.60;69204.80;69345.10;48.34;4.75;34.21;16.01;21.25;-2.743;STRONG_DOWN;-2;-81.6;-3;1
2026.06.02 04:00;70827.87;70926.50;69637.70;70004.60;44.14;5.48;31.69;21.51;21.85;-1.818;SOFT_DOWN;-1;-83.6;-3;0
2026.06.02 00:00;71301.18;71301.42;70002.97;70827.73;40.09;6.32;32.20;26.23;19.29;-0.664;NEUTRE;0;;;0
2026.06.01 20:00;71485.65;71589.56;70720.19;71298.09;35.92;7.29;28.66;17.82;12.29;-3.072;STRONG_DOWN;-2;-71.7;-3;0
2026.06.01 16:00;70977.90;71673.71;70548.14;71484.80;32.30;8.42;33.07;13.81;12.76;-2.819;STRONG_DOWN;-2;-73.9;-3;1
2026.06.01 12:00;72377.38;72505.85;70930.19;70977.90;28.13;9.71;32.94;5.23;17.64;-3.508;STRONG_DOWN;-2;-80.2;-3;1
2026.06.01 08:00;72692.36;72985.40;72191.03;72372.58;24.08;11.21;25.69;19.23;28.20;-1.612;SOFT_DOWN;-1;-75.9;-3;1
2026.06.01 04:00;73645.81;73724.40;72585.80;72697.33;21.74;12.93;22.00;28.47;29.65;-1.170;NEUTRE;0;-80.2;-3;0
2026.06.01 00:00;73558.05;73963.18;73104.55;73645.81;21.09;14.92;18.37;36.89;27.92;0.119;NEUTRE;0;;;0
2026.05.31 20:00;73438.47;74073.43;73385.84;73558.05;22.74;17.21;16.16;23.59;26.20;-0.274;NEUTRE;0;-15.1;0;0
2026.05.31 16:00;73528.08;73622.53;73277.40;73436.35;25.75;9.77;18.65;23.28;37.31;-0.439;NEUTRE;0;-28.4;-1;0
2026.05.31 12:00;73813.38;73898.40;73391.21;73528.08;24.91;11.28;16.44;31.75;51.92;-0.315;NEUTRE;0;-27.3;-1;0
2026.05.31 08:00;73749.84;73903.68;73610.62;73816.68;25.88;13.01;12.32;56.89;68.24;0.076;NEUTRE;0;10.6;0;0
2026.05.31 04:00;74018.01;74099.79;73710.75;73749.84;29.43;15.01;8.95;67.11;75.77;-0.014;NEUTRE;0;-3.9;0;0
2026.05.31 00:00;73760.48;74145.03;73728.47;74018.14;30.07;17.32;9.63;80.73;74.99;0.349;NEUTRE;0;;;0
2026.05.30 20:00;73889.21;73933.75;73661.00;73760.48;30.31;12.18;11.11;79.46;66.79;0.557;NEUTRE;0;28.8;1;0
2026.05.30 16:00;73796.85;74009.42;73688.95;73889.21;34.27;14.06;11.25;64.78;57.62;0.733;NEUTRE;0;42.1;1;0
2026.05.30 12:00;73481.08;73979.38;73469.29;73796.68;37.83;14.78;12.98;56.11;54.54;0.607;NEUTRE;0;44.9;1;0
2026.05.30 08:00;73434.99;73569.30;73382.30;73481.08;42.65;4.68;14.97;51.95;54.15;0.176;NEUTRE;0;23.4;0;0
2026.05.30 04:00;73414.34;73598.72;73103.65;73434.62;41.16;5.41;17.28;55.55;57.27;0.113;NEUTRE;0;29.1;1;0
2026.05.30 00:00;73351.67;73684.70;73292.51;73413.75;39.44;6.24;14.06;54.94;60.33;0.085;NEUTRE;0;;;0
2026.05.29 20:00;73401.53;73726.99;73201.90;73352.93;39.57;7.20;16.23;61.33;65.35;-0.200;NEUTRE;0;-11.1;0;0
2026.05.29 16:00;73684.06;74207.50;73066.09;73401.52;39.73;8.30;18.72;64.73;65.32;-0.134;NEUTRE;0;-9.4;0;1
2026.05.29 12:00;73356.35;74077.00;72391.95;73681.59;39.91;7.82;21.61;70.01;65.71;0.247;NEUTRE;0;22.1;0;1
2026.05.29 08:00;73404.96;73782.00;73220.21;73356.94;38.85;9.03;17.37;61.21;60.74;-0.195;NEUTRE;0;-25.7;-1;1
2026.05.29 04:00;73175.76;73816.40;73077.99;73404.96;39.96;10.42;20.04;65.91;52.26;-0.130;NEUTRE;0;-32.6;-1;0
2026.05.29 00:00;73500.20;73751.39;73057.61;73175.06;41.25;10.66;23.12;55.09;38.86;-0.442;NEUTRE;0;;;0
2026.05.28 20:00;73301.18;73827.56;73121.17;73498.67;41.92;12.30;25.27;35.79;27.26;-1.089;NEUTRE;0;-47;-2;0
2026.05.28 16:00;72776.68;73612.72;72588.17;73300.78;43.06;9.52;29.16;25.70;21.41;-1.356;SOFT_DOWN;-1;-59.1;-2;1
2026.05.28 12:00;73363.87;73440.80;72454.75;72775.78;41.87;8.40;33.64;20.30;17.29;-2.062;SOFT_DOWN;-1;-73.5;-3;1
2026.05.28 08:00;73342.57;73477.48;73060.73;73362.41;39.08;9.69;29.36;18.22;14.51;-1.273;SOFT_DOWN;-1;-72.3;-3;1
2026.05.28 04:00;73117.21;73356.45;72612.99;73343.00;37.34;6.72;33.88;13.35;16.30;-1.299;SOFT_DOWN;-1;-81.1;-3;0
2026.05.28 00:00;74308.24;74447.70;72931.15;73117.21;32.79;7.75;32.51;11.96;22.47;-1.603;SOFT_DOWN;-1;;;0
2026.05.27 20:00;74906.78;75266.26;74102.61;74308.54;28.37;8.94;25.63;23.60;28.30;-1.981;SOFT_DOWN;-1;-62.9;-2;0
2026.05.27 16:00;75179.51;75253.50;74522.15;74906.78;25.31;10.32;24.03;31.86;26.18;-1.191;NEUTRE;0;-55.7;-2;1
2026.05.27 12:00;75626.88;76016.68;74629.12;75179.51;23.06;11.90;25.47;29.44;19.78;-0.832;NEUTRE;0;-53.8;-2;1
2026.05.27 08:00;75840.09;75939.58;75569.43;75619.98;21.02;13.73;18.96;17.24;12.64;-0.251;NEUTRE;0;-31.7;-1;1
2026.05.27 04:00;75536.56;75841.27;75172.30;75840.09;21.80;11.76;21.88;12.65;10.82;0.040;NEUTRE;0;11.1;0;0
2026.05.27 00:00;75810.01;75979.50;75485.18;75530.70;20.52;13.57;18.05;8.02;13.97;-0.368;NEUTRE;0;;;0
2026.05.26 20:00;75912.36;76054.26;75539.44;75807.81;21.50;15.66;19.14;11.81;19.93;-1.847;SOFT_DOWN;-1;-61.2;-2;0
2026.05.26 16:00;76392.25;76592.50;75641.70;75912.36;23.27;18.07;19.03;22.09;25.08;-1.711;SOFT_DOWN;-1;-64.6;-2;1
2026.05.26 12:00;77082.50;77985.78;76148.89;76392.34;26.45;20.85;13.75;25.91;24.67;-1.090;NEUTRE;0;-60.8;-2;1
2026.05.26 08:00;76620.23;77521.82;76471.91;77082.50;27.36;20.17;15.87;27.23;26.95;-0.196;NEUTRE;0;-25.8;-1;1
2026.05.26 04:00;76568.19;76951.53;76504.99;76619.48;29.73;14.91;18.31;20.88;39.74;-0.796;NEUTRE;0;-75.7;-3;0
2026.05.26 00:00;77234.12;77261.48;76375.07;76568.19;32.74;17.21;21.12;32.74;58.24;-0.862;NEUTRE;0;;;0
2026.05.25 20:00;77359.42;77419.61;76952.61;77234.12;36.20;19.86;14.35;65.60;75.18;0.357;NEUTRE;0;19.4;0;0
2026.05.25 16:00;77534.45;77724.40;77258.75;77359.47;39.29;22.91;6.47;76.37;79.24;0.520;NEUTRE;0;32.6;1;1
2026.05.25 12:00;77269.28;77802.58;77193.55;77534.45;36.73;26.43;7.47;83.56;78.62;0.747;NEUTRE;0;50.8;2;1
2026.05.25 08:00;77302.15;77599.18;77173.31;77269.28;33.78;25.36;8.62;77.79;70.98;0.402;NEUTRE;0;44.7;1;1
2026.05.25 04:00;76919.76;77515.22;76883.66;77302.15;31.39;26.23;9.94;74.52;60.56;0.445;NEUTRE;0;65.5;3;0
2026.05.25 00:00;76959.54;77374.97;76809.58;76919.76;29.29;26.85;11.47;60.63;55.54;-0.052;NEUTRE;0;;;0
2026.05.24 20:00;76664.83;77105.49;75994.25;76957.11;27.62;23.65;13.24;46.53;58.86;0.415;NEUTRE;0;22.2;0;0
2026.05.24 16:00;76268.47;76683.08;76268.01;76664.82;27.53;21.44;15.27;59.46;70.65;0.034;NEUTRE;0;2.4;0;0
2026.05.24 12:00;77206.62;77214.20;76098.56;76268.47;29.18;24.74;17.62;70.59;76.98;-0.483;NEUTRE;0;-38.4;-1;0
2026.05.24 08:00;76697.27;77378.47;76618.53;77206.62;31.08;28.54;13.16;81.89;81.12;0.741;NEUTRE;0;61.3;2;0
2026.05.24 04:00;76623.26;76948.81;76539.34;76697.29;30.19;24.24;15.19;78.47;80.90;0.076;NEUTRE;0;20.5;0;0
2026.05.24 00:00;76638.96;76894.04;76520.84;76622.97;31.31;25.91;17.52;83.00;72.76;-0.021;NEUTRE;0;;;0
2026.05.23 20:00;75881.00;77286.98;75844.25;76637.76;33.15;29.89;20.22;81.24;53.56;1.591;SOFT_UP;1;57.5;2;0
2026.05.23 16:00;75417.19;75893.18;75269.92;75880.47;35.29;19.63;23.33;54.03;31.20;0.587;NEUTRE;0;35.9;1;0
2026.05.23 12:00;74697.88;75595.88;74565.11;75417.19;39.39;15.31;26.92;25.40;16.69;-0.027;NEUTRE;0;-2.5;0;0
2026.05.23 08:00;74501.43;74774.54;74247.87;74698.21;41.22;5.41;31.06;14.17;11.78;-0.980;NEUTRE;0;-67.5;-3;0
2026.05.23 04:00;75530.52;75552.66;74210.75;74501.43;36.74;6.24;35.84;10.51;10.17;-1.241;NEUTRE;0;-80.7;-3;0
2026.05.23 00:00;75437.78;75563.56;75117.61;75530.52;31.57;7.20;30.96;10.67;12.59;0.123;NEUTRE;0;;;0
2026.05.22 20:00;75756.25;75979.66;75278.27;75433.07;26.85;8.31;30.18;9.33;20.52;-2.707;STRONG_DOWN;-2;-69.4;-3;0
2026.05.22 16:00;76687.07;76985.15;75560.34;75755.91;22.24;9.59;28.64;17.76;35.61;-2.291;SOFT_DOWN;-1;-70.5;-3;1
2026.05.22 12:00;77326.21;77479.66;76463.92;76687.07;17.99;11.06;23.28;34.47;50.04;-1.090;NEUTRE;0;-60.8;-2;1
2026.05.22 08:00;77309.17;77445.05;77075.27;77326.21;15.29;12.76;17.61;54.61;60.69;-0.265;NEUTRE;0;-33.1;-1;1
2026.05.22 04:00;77689.43;77815.73;77185.06;77309.17;15.19;14.73;15.75;61.03;60.65;-0.287;NEUTRE;0;-54.7;-2;0
2026.05.22 00:00;77531.93;77722.43;77227.88;77689.40;17.01;14.72;18.17;66.43;53.92;0.203;NEUTRE;0;;;0
2026.05.21 20:00;77609.53;77727.30;77443.50;77532.20;18.01;16.98;14.26;54.50;46.17;0.088;NEUTRE;0;5;0;0
2026.05.21 16:00;77163.82;78003.21;76910.07;77608.25;19.44;19.60;16.45;40.83;48.97;0.186;NEUTRE;0;12.9;0;1
2026.05.21 12:00;77099.69;77302.67;76633.73;77163.56;21.09;12.75;18.98;43.17;62.60;-0.388;NEUTRE;0;-32.5;-1;1
2026.05.21 08:00;77794.14;78103.28;77056.00;77099.69;21.31;14.71;12.19;62.89;76.59;-0.470;NEUTRE;0;-49.2;-2;1
2026.05.21 04:00;77990.00;78088.67;77427.55;77794.14;23.15;16.98;8.61;81.75;81.49;0.426;NEUTRE;0;64.5;2;0
2026.05.21 00:00;77464.10;78082.61;77431.83;77990.00;21.68;19.45;9.94;85.14;80.36;0.679;NEUTRE;0;;;0
2026.05.20 20:00;77584.87;77683.14;77137.62;77464.10;20.04;13.00;11.46;77.59;77.92;0.928;NEUTRE;0;42.4;1;0
2026.05.20 16:00;77370.30;77629.30;76921.17;77585.25;22.16;13.48;13.23;78.34;75.75;1.085;NEUTRE;0;53.2;2;1
2026.05.20 12:00;77289.29;77759.20;76802.71;77370.30;25.42;15.55;15.26;77.82;71.32;0.805;NEUTRE;0;52.9;2;1
2026.05.20 08:00;77188.12;77571.78;77108.06;77289.29;29.19;17.94;12.70;71.08;63.20;0.700;NEUTRE;0;59.9;2;1
2026.05.20 04:00;76627.24;77380.73;76587.11;77188.12;31.05;14.37;14.65;65.06;55.10;0.568;NEUTRE;0;70.3;3;0
2026.05.20 00:00;76752.13;76829.48;76431.35;76627.24;35.67;5.89;16.91;53.46;47.48;-0.163;NEUTRE;0;;;0
2026.05.19 20:00;76739.73;76964.22;76558.67;76752.13;33.72;6.80;14.59;46.79;45.97;-0.230;NEUTRE;0;-12.8;0;0
2026.05.19 16:00;76431.86;76988.71;76324.42;76737.14;33.30;7.84;16.83;42.19;47.47;-0.249;NEUTRE;0;-17;0;1
2026.05.19 12:00;76627.60;76973.76;76059.84;76431.86;32.82;8.70;19.42;48.92;51.36;-0.646;NEUTRE;0;-46.7;-2;1
2026.05.19 08:00;77153.68;77234.67;76554.93;76627.60;32.00;10.04;14.08;51.31;51.00;-0.392;NEUTRE;0;-44;-1;1
2026.05.19 04:00;76706.39;77201.53;76563.73;77153.68;34.35;10.83;16.24;53.86;45.87;0.292;NEUTRE;0;55.2;2;0
2026.05.19 00:00;76928.87;77333.39;76406.39;76706.39;36.56;12.50;18.74;47.85;38.23;-0.289;NEUTRE;0;;;0
2026.05.18 20:00;76836.66;77157.14;76720.59;76928.87;39.11;14.42;16.41;35.92;30.27;-0.602;NEUTRE;0;-30.7;-1;0
2026.05.18 16:00;76327.39;76922.06;76068.97;76836.79;44.14;8.36;18.94;30.94;26.33;-0.721;NEUTRE;0;-41.6;-1;1
2026.05.18 12:00;77224.40;77740.82;75982.94;76327.50;44.96;9.64;21.85;23.95;24.21;-1.379;SOFT_DOWN;-1;-66.2;-3;1
2026.05.18 08:00;77006.44;77340.43;76599.61;77224.40;45.92;11.13;19.81;24.09;27.83;-0.220;NEUTRE;0;-28.5;-1;1
2026.05.18 04:00;76867.02;77023.13;76529.43;77006.44;48.66;6.25;22.86;24.58;35.64;-0.502;NEUTRE;0;-68;-3;0
2026.05.18 00:00;77394.71;77419.40;76646.18;76867.02;47.37;7.21;22.74;34.81;49.03;-0.682;NEUTRE;0;;;0
2026.05.17 20:00;78360.89;78437.41;76681.18;77394.71;46.68;8.32;25.55;47.51;57.97;-0.899;NEUTRE;0;-41.5;-1;0
2026.05.17 16:00;77998.50;78416.36;77804.57;78360.89;46.04;9.60;19.63;64.77;63.48;0.338;NEUTRE;0;22.6;0;0
2026.05.17 12:00;78369.53;78498.46;77804.50;77998.50;47.84;11.08;22.65;61.61;56.79;-0.126;NEUTRE;0;-11.7;0;0
2026.05.17 08:00;78135.06;78550.08;77983.24;78369.53;49.92;12.78;22.18;64.04;49.01;0.349;NEUTRE;0;40.7;1;0
2026.05.17 04:00;77976.60;78268.48;77949.50;78135.06;53.46;7.10;25.59;44.71;40.01;0.049;NEUTRE;0;13.6;0;0
2026.05.17 00:00;78097.12;78194.14;77678.25;77976.60;52.99;4.61;29.53;38.27;35.92;-0.154;NEUTRE;0;;;0
2026.05.16 20:00;78218.76;78276.05;78076.14;78097.12;49.92;5.32;22.20;37.04;30.38;-1.203;NEUTRE;0;-49.8;-2;0
2026.05.16 16:00;78186.36;78317.70;78076.74;78218.76;48.16;6.14;25.57;32.46;23.76;-1.049;NEUTRE;0;-52.3;-2;0
2026.05.16 12:00;78031.90;78285.50;77786.00;78186.53;46.14;5.03;29.51;21.65;18.31;-1.090;NEUTRE;0;-60.8;-2;0
2026.05.16 08:00;78322.73;78470.10;77599.04;78031.90;42.34;5.80;34.05;17.17;17.04;-1.286;SOFT_DOWN;-1;-72.5;-3;0
2026.05.16 04:00;79022.99;79068.66;78026.60;78322.73;37.95;6.70;31.73;16.12;16.99;-0.918;NEUTRE;0;-77.5;-3;0
2026.05.16 00:00;79048.18;79166.26;78946.72;79022.99;33.76;7.73;23.03;17.83;17.23;-0.032;NEUTRE;0;;;0
2026.05.15 20:00;79096.17;79165.59;78858.42;79048.18;31.30;8.87;26.57;17.01;21.92;-2.485;STRONG_DOWN;-2;-67.8;-3;0
2026.05.15 16:00;79100.47;79517.65;78998.18;79096.17;28.43;10.23;23.66;16.85;33.21;-2.426;SOFT_DOWN;-1;-71.5;-3;1
2026.05.15 12:00;80599.59;80622.14;78596.85;79100.47;26.71;11.81;27.30;31.89;48.82;-2.421;SOFT_DOWN;-1;-75.9;-3;1
2026.05.15 08:00;80798.97;80808.94;80349.25;80599.59;24.72;13.62;18.19;50.88;62.08;-0.571;NEUTRE;0;-54.6;-2;1
2026.05.15 04:00;81038.89;81069.36;80283.92;80798.97;26.31;15.72;20.99;63.69;72.23;-0.325;NEUTRE;0;-58;-2;0
2026.05.15 00:00;81062.79;81634.74;80719.14;81038.89;28.15;18.14;15.69;71.66;77.54;-0.029;NEUTRE;0;;;0
2026.05.14 20:00;81415.91;81600.52;81019.31;81062.79;31.37;20.93;13.07;81.35;77.14;2.259;SOFT_UP;1;65.8;3;0
2026.05.14 16:00;81284.51;82032.81;81067.06;81415.83;32.64;24.15;13.81;79.60;60.58;2.704;STRONG_UP;2;73.3;3;1
2026.05.14 12:00;79204.30;81317.30;79183.40;81284.51;33.48;16.46;15.94;70.48;42.94;2.538;STRONG_UP;2;76.5;3;1
2026.05.14 08:00;79694.36;79892.37;79178.21;79204.30;38.38;8.72;18.39;31.68;27.11;-0.086;NEUTRE;0;-12;0;1
2026.05.14 04:00;78995.08;79948.29;78928.87;79695.69;38.80;10.06;21.22;26.67;23.06;0.534;NEUTRE;0;69.2;3;0
2026.05.14 00:00;79272.40;79646.32;78884.33;78995.08;39.28;7.05;24.48;22.97;22.20;-0.350;NEUTRE;0;;;0
2026.05.13 20:00;79601.30;79719.39;79175.16;79272.40;36.82;8.14;22.38;19.53;25.92;-1.486;SOFT_DOWN;-1;-55.7;-2;0
2026.05.13 16:00;78772.49;79767.68;78699.16;79601.29;35.31;9.39;25.82;24.11;44.12;-1.077;NEUTRE;0;-53;-2;1
2026.05.13 12:00;80457.85;80553.56;78754.09;78773.89;33.56;10.84;29.00;34.12;60.88;-2.106;SOFT_DOWN;-1;-73.9;-3;1
2026.05.13 08:00;80979.72;81269.66;80457.85;80457.85;31.71;12.50;18.89;74.13;70.54;-0.013;NEUTRE;0;-1.8;0;1
2026.05.13 04:00;81219.23;81249.03;80844.90;80979.72;33.46;14.43;14.47;74.39;57.16;0.636;NEUTRE;0;72.3;3;0
2026.05.13 00:00;80468.27;81262.26;80377.31;81219.23;38.59;16.65;16.69;63.10;41.00;0.933;NEUTRE;0;;;0
2026.05.12 20:00;80799.48;80853.61;80401.97;80471.50;44.50;12.10;19.26;33.99;25.23;-1.516;SOFT_DOWN;-1;-56.2;-2;0
2026.05.12 16:00;80286.31;80841.52;79799.00;80797.01;47.84;13.56;22.22;25.89;22.41;-1.118;NEUTRE;0;-54;-2;1
2026.05.12 12:00;80740.53;80968.06;80135.64;80286.31;51.48;15.64;20.67;15.82;28.82;-1.743;SOFT_DOWN;-1;-70.7;-3;1
2026.05.12 08:00;80813.14;80925.44;80456.90;80742.86;57.26;18.05;17.92;25.52;44.96;-1.184;NEUTRE;0;-71.1;-3;1
2026.05.12 04:00;81020.75;81272.63;80770.92;80813.09;66.02;20.82;10.36;45.12;59.16;-1.098;NEUTRE;0;-79.5;-3;0
2026.05.12 00:00;81710.53;81759.91;80677.05;81020.75;71.01;24.03;11.96;64.25;62.99;-0.844;NEUTRE;0;;;0
2026.05.11 20:00;81938.02;82058.53;81565.39;81710.53;76.78;27.72;1.17;68.12;54.13;-0.576;NEUTRE;0;-29.6;-1;0
2026.05.11 16:00;81406.56;82114.42;81299.37;81938.02;74.45;31.99;1.35;56.59;40.36;-0.299;NEUTRE;0;-20.2;0;1
2026.05.11 12:00;81169.56;81414.26;80414.46;81406.56;71.77;23.69;1.56;37.68;35.66;-0.945;NEUTRE;0;-57.2;-2;1
2026.05.11 08:00;80706.05;81171.80;80584.02;81168.53;69.33;23.61;1.80;26.82;43.05;-1.235;NEUTRE;0;-71.8;-3;1
2026.05.11 04:00;80701.80;81010.07;80603.72;80706.05;66.80;23.01;2.08;42.46;63.90;-1.798;SOFT_DOWN;-1;-83.6;-3;0
2026.05.11 00:00;82183.55;82346.62;80492.24;80701.80;64.25;26.55;2.40;59.87;77.41;-1.803;SOFT_DOWN;-1;;;0
2026.05.10 20:00;81408.48;82441.76;80278.56;82183.55;61.30;30.63;2.77;89.35;81.92;1.912;SOFT_UP;1;62;2;0
2026.05.10 16:00;81385.65;81551.94;81121.10;81408.48;57.90;29.02;3.20;82.99;72.77;0.951;NEUTRE;0;49.5;2;0
2026.05.10 12:00;80798.23;81414.98;80753.83;81385.65;54.47;28.59;3.69;73.41;65.44;0.922;NEUTRE;0;56.6;2;0
2026.05.10 08:00;80711.56;80941.71;80659.90;80799.38;50.98;21.97;4.26;61.91;64.27;0.195;NEUTRE;0;25.7;1;0
2026.05.10 04:00;80741.62;80817.76;80621.83;80711.56;48.44;18.59;4.91;61.00;67.94;0.087;NEUTRE;0;23.2;0;0
2026.05.10 00:00;80641.78;80855.78;80541.13;80741.62;46.94;21.45;5.67;69.89;72.94;0.124;NEUTRE;0;;;0
2026.05.09 20:00;80918.09;80921.28;80593.13;80641.78;45.20;24.75;4.00;72.93;71.63;0.585;NEUTRE;0;30;1;0
2026.05.09 16:00;80506.53;81045.85;80465.75;80918.08;41.05;28.56;4.61;76.01;70.73;0.929;NEUTRE;0;48.8;2;0
2026.05.09 12:00;80309.09;80574.01;80205.78;80506.53;36.26;20.44;5.32;65.94;70.12;0.416;NEUTRE;0;34.3;1;0
2026.05.09 08:00;80200.05;80421.89;80142.33;80309.09;32.81;17.22;6.14;70.24;74.44;0.170;NEUTRE;0;22.7;0;0
2026.05.09 04:00;80369.44;80639.01;80115.85;80200.05;30.56;19.87;7.08;74.18;76.03;0.034;NEUTRE;0;9.5;0;0
2026.05.09 00:00;80173.13;80514.43;80102.52;80369.44;27.96;19.27;8.17;78.90;77.50;0.245;NEUTRE;0;;;0
2026.05.08 20:00;80150.59;80391.56;80058.21;80173.13;26.04;17.64;9.43;75.01;69.47;0.231;NEUTRE;0;12.8;0;0
2026.05.08 16:00;80110.37;80278.40;79703.24;80149.72;25.39;15.13;10.88;78.58;55.73;0.202;NEUTRE;0;14;0;1
2026.05.08 12:00;80207.69;80462.00;79509.37;80109.29;26.78;17.46;12.56;54.81;36.34;0.151;NEUTRE;0;13.9;0;1
2026.05.08 08:00;79650.97;80304.28;79634.36;80208.13;28.38;17.60;14.49;33.79;25.42;0.275;NEUTRE;0;34.1;1;1
2026.05.08 04:00;79549.43;79753.54;79216.08;79651.09;31.26;7.66;16.72;20.41;20.98;-0.422;NEUTRE;0;-64.3;-2;0
2026.05.08 00:00;79988.30;80110.07;79176.37;79549.43;30.35;8.84;19.29;22.05;20.86;-0.549;NEUTRE;0;;;0
2026.05.07 20:00;80117.91;80344.19;79554.03;79988.30;29.31;10.20;16.04;20.47;21.70;-1.757;SOFT_DOWN;-1;-60;-2;0
2026.05.07 16:00;79873.92;80260.11;79490.45;80117.23;30.40;10.13;18.50;20.04;21.97;-1.598;SOFT_DOWN;-1;-63.1;-2;1
2026.05.07 12:00;80842.41;81173.64;79689.28;79873.01;30.58;11.69;17.37;24.60;22.60;-1.898;SOFT_DOWN;-1;-72.2;-3;1
2026.05.07 08:00;81497.12;81573.58;80547.18;80841.49;32.28;13.49;11.16;21.27;21.06;-0.709;NEUTRE;0;-60.2;-2;1
2026.05.07 04:00;80818.96;81687.40;80714.94;81497.12;35.78;15.57;10.36;21.93;25.85;0.097;NEUTRE;0;25.5;1;0
2026.05.07 00:00;81418.54;81467.54;80808.08;80818.96;38.19;14.49;11.95;19.98;37.11;-0.736;NEUTRE;0;;;0
2026.05.06 20:00;81436.90;81685.16;80980.85;81418.54;42.60;16.71;9.76;35.64;52.10;0.659;NEUTRE;0;33;1;0
2026.05.06 16:00;81678.36;81863.89;81166.89;81436.90;45.11;19.29;7.20;55.71;66.59;0.682;NEUTRE;0;40;1;1
2026.05.06 12:00;82500.06;82523.21;81110.53;81677.40;45.03;22.25;8.30;64.94;67.41;0.979;NEUTRE;0;58.1;2;1
2026.05.06 08:00;81345.34;82796.04;81301.66;82500.06;44.93;25.68;7.50;79.13;70.21;1.996;SOFT_UP;1;78.5;3;1
2026.05.06 04:00;81559.56;81625.96;81033.23;81345.34;43.41;17.58;8.65;58.16;69.74;0.569;NEUTRE;0;70.4;3;0
2026.05.06 00:00;80885.29;81733.91;80708.66;81559.56;44.86;20.29;9.99;73.35;80.27;0.834;NEUTRE;0;;;0
2026.05.05 20:00;81594.20;81764.25;80769.93;80889.82;46.53;23.41;10.60;77.72;84.34;1.320;SOFT_UP;1;52.4;2;0
2026.05.05 16:00;81530.19;81675.20;81040.10;81593.25;47.89;27.01;8.05;89.75;87.36;2.201;SOFT_UP;1;69.7;3;1
2026.05.05 12:00;81006.27;81699.97;80914.02;81530.14;46.94;31.16;9.29;85.54;84.38;2.122;SOFT_UP;1;74;3;1
2026.05.05 08:00;80833.87;81095.46;80501.92;81006.27;45.85;24.12;10.72;86.80;81.61;1.466;SOFT_UP;1;74.5;3;1
2026.05.05 04:00;80858.74;81305.16;80699.95;80833.85;46.99;27.83;7.24;80.82;76.26;1.250;SOFT_UP;1;80.8;3;0
2026.05.05 00:00;79836.20;81066.32;79774.40;80860.44;45.18;26.05;8.35;77.21;68.52;1.283;SOFT_UP;1;;;0
2026.05.04 20:00;80032.08;80377.52;79721.22;79836.20;44.22;21.85;9.64;70.74;60.58;1.646;SOFT_UP;1;58.3;2;0
2026.05.04 16:00;80006.76;80737.50;79596.66;80030.59;45.06;25.21;11.12;57.61;56.46;1.893;SOFT_UP;1;66.8;3;1
2026.05.04 12:00;78767.39;80527.27;78492.36;80006.76;46.02;26.25;12.83;53.39;59.62;1.863;SOFT_UP;1;71.9;3;1
2026.05.04 08:00;79674.87;79893.74;78193.84;78767.39;47.82;25.50;14.81;58.38;66.51;0.285;NEUTRE;0;35.1;1;1
2026.05.04 04:00;80289.98;80587.57;79468.36;79671.99;51.09;29.43;5.55;67.09;65.10;1.437;SOFT_UP;1;82;3;0
2026.05.04 00:00;78543.63;80417.61;78259.83;80289.98;48.45;31.62;6.40;74.06;63.76;2.223;SOFT_UP;1;;;0
2026.05.03 20:00;78743.02;79425.31;78470.64;78543.63;45.70;29.41;7.39;54.15;54.12;-0.154;NEUTRE;0;-8.6;0;0
2026.05.03 16:00;78641.10;78829.39;78552.89;78742.63;43.53;24.33;8.53;63.06;46.21;0.099;NEUTRE;0;7;0;0
2026.05.03 12:00;78641.92;78851.98;78565.88;78641.10;42.82;28.07;9.11;45.16;35.86;-0.030;NEUTRE;0;-2.8;0;0
2026.05.03 08:00;78343.91;78822.23;78336.37;78641.92;41.57;30.79;10.52;30.40;35.52;-0.029;NEUTRE;0;-4.1;0;0
2026.05.03 04:00;78180.21;78430.80;78061.30;78343.91;40.41;23.14;12.13;32.03;50.47;-0.408;NEUTRE;0;-63.5;-2;0
2026.05.03 00:00;78664.75;78733.97;78088.08;78180.21;41.83;26.69;12.89;44.12;63.08;-0.616;NEUTRE;0;;;0
2026.05.02 20:00;78465.37;79126.33;78396.94;78664.75;42.90;30.80;7.51;75.24;68.49;0.571;NEUTRE;0;29.4;1;0
2026.05.02 16:00;78467.69;78572.41;78289.51;78465.37;40.15;23.86;8.67;69.87;63.24;0.316;NEUTRE;0;21.3;0;0
2026.05.02 12:00;78130.02;78469.78;78083.46;78467.69;39.14;21.95;10.00;60.37;61.59;0.319;NEUTRE;0;27.6;1;0
2026.05.02 08:00;78203.32;78376.12;78076.85;78130.02;39.41;21.59;11.54;59.47;65.83;-0.113;NEUTRE;0;-15.6;0;0
2026.05.02 04:00;78393.95;78428.06;78018.68;78203.32;40.80;24.91;13.32;64.95;71.54;-0.019;NEUTRE;0;-5.3;0;0
2026.05.02 00:00;78218.45;78501.19;78151.06;78393.95;42.41;28.75;10.39;73.06;77.50;0.224;NEUTRE;0;;;0
2026.05.01 20:00;78354.34;78402.77;77730.37;78218.45;41.72;28.84;11.99;76.60;80.96;2.522;STRONG_UP;2;68.1;3;0
2026.05.01 16:00;78425.82;78672.38;78104.75;78353.05;41.79;33.28;5.27;82.84;82.94;2.698;STRONG_UP;2;73.3;3;1
2026.05.01 12:00;77436.61;78917.58;77375.34;78427.24;37.03;38.40;6.08;83.43;81.10;2.796;STRONG_UP;2;77.7;3;1
2026.05.01 08:00;77091.36;77570.52;77009.10;77436.61;31.55;30.87;7.01;82.54;79.44;1.497;SOFT_UP;1;74.8;3;1
2026.05.01 04:00;77077.50;77160.28;76842.59;77091.86;26.71;24.38;8.09;77.33;78.76;1.045;NEUTRE;0;79;3;0
2026.05.01 00:00;76294.37;77409.90;76265.72;77077.50;23.10;28.13;9.33;78.45;79.53;1.026;NEUTRE;0;;;0
2026.04.30 20:00;76370.17;76527.54;76149.71;76294.37;18.94;20.59;10.77;80.49;74.26;0.735;NEUTRE;0;35.9;1;0
2026.04.30 16:00;76424.26;76479.75;76061.21;76369.27;17.03;21.82;12.43;79.64;62.77;0.834;NEUTRE;0;45.8;2;1
2026.04.30 12:00;76022.69;76624.66;76001.00;76424.26;15.43;25.17;14.34;62.65;47.86;0.907;NEUTRE;0;56.1;2;1
2026.04.30 08:00;76119.07;76304.98;75835.88;76022.69;13.59;21.16;16.54;46.02;35.98;0.377;NEUTRE;0;42.9;1;1
2026.04.30 04:00;75882.88;76133.62;75281.31;76119.07;13.80;18.80;19.09;34.90;27.30;0.504;NEUTRE;0;68.1;3;0
2026.04.30 00:00;75737.49;76421.36;75456.47;75885.08;15.80;21.69;18.86;27.00;27.32;0.195;NEUTRE;0;;;0
2026.04.29 20:00;75519.48;76041.72;75440.87;75737.45;17.16;18.97;21.77;20.00;36.52;-0.746;NEUTRE;0;-36.3;-1;0
2026.04.29 16:00;75871.63;76201.70;74912.33;75519.48;18.74;21.89;25.12;34.97;57.80;-1.032;NEUTRE;0;-51.8;-2;1
2026.04.29 12:00;77567.51;77582.63;75664.10;75862.87;20.57;25.26;20.01;54.59;69.89;-0.582;NEUTRE;0;-43.7;-1;1
2026.04.29 08:00;77018.64;77881.40;76934.81;77569.24;21.95;29.14;12.90;83.85;70.33;1.654;SOFT_UP;1;76.2;3;1
2026.04.29 04:00;76973.41;77431.61;76852.52;77018.64;19.38;26.32;14.88;71.23;53.64;0.933;NEUTRE;0;77.7;3;0
2026.04.29 00:00;76307.03;77101.40;76158.06;76972.28;18.10;21.59;17.17;55.90;37.70;0.872;NEUTRE;0;;;0
2026.04.28 20:00;76304.88;76468.35;76170.51;76307.03;19.12;14.59;19.81;33.79;25.29;-1.347;SOFT_DOWN;-1;-53;-2;0
2026.04.28 16:00;76035.94;76364.08;75851.63;76307.18;19.73;11.45;22.86;23.40;20.00;-1.347;SOFT_DOWN;-1;-58.9;-2;1
2026.04.28 12:00;76209.25;76404.51;75636.73;76035.94;17.65;13.21;26.38;18.69;21.11;-1.698;SOFT_DOWN;-1;-70.3;-3;1
2026.04.28 08:00;76856.82;76978.10;76106.95;76209.25;15.25;15.24;21.01;17.92;22.33;-1.473;SOFT_DOWN;-1;-74.6;-3;1
2026.04.28 04:00;76797.77;77133.33;76419.43;76856.82;15.15;17.59;18.73;26.72;22.32;-0.636;NEUTRE;0;-72.3;-3;0
2026.04.28 00:00;77348.94;77463.10;76654.92;76797.77;17.00;20.30;16.54;22.36;17.61;-0.713;NEUTRE;0;;;0
2026.04.27 20:00;76864.05;77428.71;76745.33;77348.79;18.04;23.42;17.36;17.87;13.54;-1.669;SOFT_DOWN;-1;-58.7;-2;0
2026.04.27 16:00;76764.69;76912.48;76437.94;76864.05;18.53;15.40;20.03;12.59;18.23;-2.285;SOFT_DOWN;-1;-70.4;-3;1
2026.04.27 12:00;77831.81;78260.94;76547.99;76764.69;19.37;17.77;19.54;10.17;31.38;-2.411;SOFT_DOWN;-1;-75.8;-3;1
2026.04.27 08:00;77599.05;77972.89;77551.31;77831.81;21.62;20.50;13.54;31.92;54.48;-1.055;NEUTRE;0;-69;-3;1
2026.04.27 04:00;79105.49;79164.92;77470.85;77599.05;21.80;23.66;15.62;52.06;70.77;-1.351;SOFT_DOWN;-1;-81.5;-3;0
2026.04.27 00:00;78661.51;79476.90;78405.29;79105.49;22.00;27.30;9.54;79.46;81.01;0.564;NEUTRE;0;;;0
2026.04.26 20:00;78242.24;78926.05;77860.60;78653.59;17.97;23.59;11.01;80.78;83.80;1.314;SOFT_UP;1;52.3;2;0
2026.04.26 16:00;78056.60;78508.85;77855.17;78242.24;15.14;21.19;12.70;82.79;81.82;0.784;NEUTRE;0;44;1;0
2026.04.26 12:00;78100.43;78169.74;77768.64;78056.60;13.62;16.47;14.65;87.81;76.13;0.545;NEUTRE;0;41.8;1;0
2026.04.26 08:00;78110.69;78214.45;77926.69;78100.43;14.81;19.01;10.85;74.87;59.89;0.601;NEUTRE;0;56;2;0
2026.04.26 04:00;77395.03;78202.72;77380.50;78110.69;12.89;21.30;12.52;65.72;45.96;0.615;NEUTRE;0;71.7;3;0
2026.04.26 00:00;77633.54;77648.42;77330.89;77395.03;10.87;14.21;14.44;39.09;33.77;-0.307;NEUTRE;0;;;0
2026.04.25 20:00;77326.78;77652.41;77311.28;77633.54;12.42;16.40;16.66;33.09;29.63;0.242;NEUTRE;0;13.4;0;0
2026.04.25 16:00;77338.58;77465.54;77167.01;77326.78;14.21;10.49;19.23;29.14;29.50;-0.154;NEUTRE;0;-10.7;0;0
2026.04.25 12:00;77682.41;77759.80;77328.93;77338.58;11.87;12.11;13.84;26.65;27.28;-0.139;NEUTRE;0;-12.9;0;0
2026.04.25 08:00;77505.89;77895.61;77495.43;77682.41;12.67;13.97;10.02;32.72;26.25;0.305;NEUTRE;0;36.9;1;0
2026.04.25 04:00;77684.45;77710.92;77454.85;77508.27;12.09;9.02;11.57;22.48;25.45;0.080;NEUTRE;0;21.5;0;0
2026.04.25 00:00;77446.43;77724.41;77316.29;77684.45;12.04;10.40;13.34;23.54;36.30;0.307;NEUTRE;0;;;0
2026.04.24 20:00;77640.83;77772.45;77278.59;77446.43;11.99;12.00;15.40;30.34;47.86;-1.049;NEUTRE;0;-45.9;-2;0
2026.04.24 16:00;78054.58;78072.64;77370.25;77640.83;11.93;13.85;14.91;55.02;55.89;-0.800;NEUTRE;0;-44.6;-1;1
2026.04.24 12:00;78241.03;78469.92;77587.33;78054.58;13.20;15.98;12.45;58.23;55.48;-0.272;NEUTRE;0;-24.1;0;1
2026.04.24 08:00;77663.47;78381.73;77415.22;78241.03;13.32;16.90;14.37;54.43;54.39;-0.034;NEUTRE;0;-4.8;0;1
2026.04.24 04:00;77739.99;78028.35;77455.95;77663.47;14.12;13.88;16.58;53.78;57.24;-0.772;NEUTRE;0;-75.3;-3;0
2026.04.24 00:00;78267.34;78573.42;77575.85;77739.99;14.93;16.01;15.90;54.95;53.69;-0.674;NEUTRE;0;;;0
2026.04.23 20:00;77724.78;78350.29;77654.06;78266.93;17.17;15.04;18.35;62.99;48.07;0.093;NEUTRE;0;5.2;0;0
2026.04.23 16:00;78394.51;78530.26;76968.90;77723.27;18.28;17.35;21.17;43.14;34.18;-0.602;NEUTRE;0;-36.6;-1;1
2026.04.23 12:00;77707.69;78681.73;77406.48;78394.51;19.57;20.02;20.12;38.08;28.78;0.256;NEUTRE;0;22.8;0;1
2026.04.23 08:00;78070.03;78191.17;77183.18;77707.01;22.54;17.18;23.22;21.31;33.09;-0.623;NEUTRE;0;-56.9;-2;1
2026.04.23 04:00;77752.57;78354.52;77683.48;78070.03;23.71;19.82;19.15;26.94;52.48;-0.159;NEUTRE;0;-38.1;-1;0
2026.04.23 00:00;78194.27;78588.32;77505.80;77752.57;27.09;22.87;22.10;51.03;74.30;-0.565;NEUTRE;0;;;0
2026.04.22 20:00;78860.43;78938.86;78171.27;78194.27;31.00;26.39;16.04;79.47;88.73;2.434;SOFT_UP;1;67.4;3;0
2026.04.22 16:00;79309.19;79485.81;78659.27;78863.53;32.01;30.45;8.73;92.41;93.11;3.310;STRONG_UP;2;76.2;3;1
2026.04.22 12:00;78308.24;79433.29;78125.34;79309.18;28.41;34.16;10.07;94.30;91.04;3.894;STRONG_UP;2;81.1;3;1
2026.04.22 08:00;78008.79;78396.26;77940.09;78308.24;24.40;27.21;11.62;92.62;80.52;2.583;STRONG_UP;2;81.1;3;1
2026.04.22 04:00;77527.55;78429.27;77368.00;78007.87;21.97;31.40;13.41;86.20;62.20;2.189;SOFT_UP;1;84.7;3;0
2026.04.22 00:00;76336.59;77735.76;76135.96;77527.55;19.17;26.18;15.47;62.74;44.81;1.560;SOFT_UP;1;;;0
2026.04.21 20:00;75020.00;76430.05;74975.79;76336.59;18.17;17.65;17.85;37.65;43.80;0.634;NEUTRE;0;32;1;0
2026.04.21 16:00;75832.64;76190.33;74807.28;75020.00;20.88;17.83;20.59;34.05;53.73;-1.102;NEUTRE;0;-53.6;-2;1
2026.04.21 12:00;76463.32;76597.88;75455.50;75832.64;22.98;20.57;16.55;59.70;64.86;-0.031;NEUTRE;0;-2.9;0;1
2026.04.21 08:00;76102.58;76899.42;76078.48;76463.32;24.85;23.74;10.71;67.45;70.12;0.801;NEUTRE;0;63.1;2;1
2026.04.21 04:00;75724.60;76308.03;75617.62;76102.58;22.85;16.30;12.36;67.42;76.60;0.325;NEUTRE;0;58;2;0
2026.04.21 00:00;75855.84;76261.19;75502.45;75724.60;24.25;17.77;14.26;75.50;83.08;-0.173;NEUTRE;0;;;0
2026.04.20 20:00;76315.68;76573.40;75631.47;75855.84;26.30;20.50;13.84;86.88;80.59;2.775;STRONG_UP;2;69.9;3;0
2026.04.20 16:00;75731.65;76501.81;75306.60;76315.68;27.35;22.49;15.96;86.87;67.78;3.398;STRONG_UP;2;76.6;3;1
2026.04.20 12:00;75203.09;75779.39;74712.88;75731.65;28.95;16.65;18.42;68.02;47.86;2.607;STRONG_UP;2;76.9;3;1
2026.04.20 08:00;74843.12;75425.79;74633.25;75203.53;32.63;14.11;21.25;48.45;31.66;1.891;SOFT_UP;1;77.9;3;1
2026.04.20 04:00;74653.82;75583.44;74121.23;74842.68;34.54;16.28;24.52;27.11;23.59;1.403;SOFT_UP;1;81.8;3;0
2026.04.20 00:00;73807.47;74756.83;73741.83;74653.72;36.75;10.09;28.30;19.42;30.08;1.147;NEUTRE;0;;;0
2026.04.19 20:00;74970.01;74972.91;73785.35;73807.42;35.10;11.64;31.99;24.25;39.84;-2.518;STRONG_DOWN;-2;-68;-3;0
2026.04.19 16:00;75870.48;75880.35;74616.53;74970.01;33.33;13.43;26.14;46.59;40.78;-0.982;NEUTRE;0;-50.4;-2;0
2026.04.19 12:00;75622.37;76258.07;75436.37;75870.48;33.51;15.50;20.19;48.70;30.31;0.207;NEUTRE;0;18.8;0;0
2026.04.19 08:00;75275.79;75645.82;74950.95;75622.17;36.64;6.42;23.29;27.06;17.72;-0.121;NEUTRE;0;-16.6;0;0
2026.04.19 04:00;75533.32;75800.22;74925.24;75275.79;33.54;7.40;26.87;15.16;13.66;-0.578;NEUTRE;0;-70.6;-3;0
2026.04.19 00:00;75713.60;75868.75;75379.43;75533.32;29.96;8.54;23.02;10.93;13.12;-0.238;NEUTRE;0;;;0
2026.04.18 20:00;75665.96;75903.53;75616.78;75713.60;27.52;9.86;19.10;14.89;19.33;-1.778;SOFT_DOWN;-1;-60.3;-2;0
2026.04.18 16:00;76179.07;76234.74;75468.45;75665.96;26.84;11.37;22.04;13.55;28.78;-1.840;SOFT_DOWN;-1;-66.2;-3;0
2026.04.18 12:00;76053.71;76374.62;75808.68;76179.07;26.05;13.12;18.60;29.55;44.46;-1.174;NEUTRE;0;-62.6;-2;0
2026.04.18 08:00;77004.55;77059.55;75782.95;76053.71;27.41;15.14;21.46;43.23;57.35;-1.337;SOFT_DOWN;-1;-73.1;-3;0
2026.04.18 04:00;77025.18;77282.78;76911.40;77004.77;28.97;17.47;11.16;60.61;69.01;-0.103;NEUTRE;0;-26.9;-1;0
2026.04.18 00:00;77084.08;77433.91;76986.32;77024.81;30.03;20.16;9.78;68.23;75.57;-0.077;NEUTRE;0;;;0
2026.04.17 20:00;77437.20;77636.57;76921.39;77084.75;29.32;23.26;11.28;78.21;80.15;2.575;STRONG_UP;2;68.5;3;0
2026.04.17 16:00;77826.70;78342.34;77042.92;77445.11;28.50;26.84;10.40;80.28;77.17;3.055;STRONG_UP;2;75.1;3;1
2026.04.17 12:00;75601.35;78098.72;75539.51;77826.71;26.09;28.08;12.01;81.97;75.08;3.563;STRONG_UP;2;80.3;3;1
2026.04.17 08:00;75078.84;76368.75;74996.63;75601.35;23.94;22.00;13.85;69.27;74.25;0.601;NEUTRE;0;56;2;1
2026.04.17 04:00;74618.23;75105.26;74558.33;75078.73;24.12;11.22;15.98;74.00;78.49;-0.094;NEUTRE;0;-24.8;0;0
2026.04.17 00:00;75149.36;75164.36;74543.93;74618.23;25.14;12.95;18.44;79.47;77.87;-0.707;NEUTRE;0;;;0
2026.04.16 20:00;75353.04;75525.07;74810.95;75149.36;26.32;14.94;14.66;81.98;71.05;0.439;NEUTRE;0;23.4;0;0
2026.04.16 16:00;74704.70;75412.49;73900.99;75353.04;30.22;14.81;16.91;72.16;63.81;0.711;NEUTRE;0;41.2;1;1
2026.04.16 12:00;74574.41;75018.60;73308.25;74704.16;33.85;13.08;19.51;59.02;61.84;-0.156;NEUTRE;0;-14.4;0;1
2026.04.16 08:00;74705.96;74908.50;74275.92;74574.41;36.02;15.09;13.81;60.24;66.76;-0.329;NEUTRE;0;-39;-1;1
2026.04.16 04:00;74887.06;75171.57;74646.20;74705.96;40.88;17.42;6.93;66.25;67.49;-0.153;NEUTRE;0;-37;-1;0
2026.04.16 00:00;74820.79;75269.67;74471.36;74886.88;40.54;20.10;8.00;73.80;61.20;0.088;NEUTRE;0;;;0
2026.04.15 20:00;75014.92;75429.76;74522.94;74821.43;40.16;23.19;8.24;62.44;43.24;0.887;NEUTRE;0;41.1;1;0
2026.04.15 16:00;73845.48;75291.55;73762.79;75010.04;39.02;24.41;9.50;47.35;29.09;1.141;NEUTRE;0;54.6;2;1
2026.04.15 12:00;74215.98;74514.44;73594.45;73847.87;38.26;20.34;10.97;19.93;18.17;-0.426;NEUTRE;0;-35;-1;1
2026.04.15 08:00;73756.23;74266.55;73691.13;74217.05;39.53;19.33;12.65;19.99;17.54;0.072;NEUTRE;0;10.1;0;1
2026.04.15 04:00;74361.31;74459.32;73544.48;73756.23;42.40;22.30;14.60;14.58;24.24;-0.550;NEUTRE;0;-69.7;-3;0
2026.04.15 00:00;74163.76;74790.59;74144.71;74361.31;45.72;25.73;6.75;18.05;40.50;0.266;NEUTRE;0;;;0
2026.04.14 20:00;74258.70;74470.40;73856.41;74163.76;43.76;22.07;7.79;40.09;62.53;-0.359;NEUTRE;0;-19.5;0;0
2026.04.14 16:00;75350.86;75707.16;73860.11;74258.70;43.13;25.46;8.89;63.37;78.66;-0.232;NEUTRE;0;-15.9;0;1
2026.04.14 12:00;74394.40;76093.79;74289.08;75350.88;42.35;29.38;6.69;84.14;87.54;1.235;NEUTRE;0;63.8;2;1
2026.04.14 08:00;74572.48;74932.75;74324.24;74394.34;39.19;24.00;7.72;88.46;89.78;-0.050;NEUTRE;0;-7;0;1
2026.04.14 04:00;74466.58;74943.78;74176.86;74572.78;37.32;27.69;8.91;90.02;89.19;0.190;NEUTRE;0;43.1;1;0
2026.04.14 00:00;74431.32;74579.95;74003.20;74466.58;35.17;24.65;10.28;90.87;85.23;0.047;NEUTRE;0;;;0
2026.04.13 20:00;73360.04;74904.33;73040.25;74429.86;34.25;28.45;11.86;86.68;72.75;5.220;EXPLOSIVE_UP;3;79;3;0
2026.04.13 16:00;71879.86;73507.20;71694.24;73360.42;33.19;21.29;13.68;78.12;56.28;3.708;STRONG_UP;2;77.6;3;1
2026.04.13 12:00;70931.06;72491.64;70756.73;71880.12;34.95;15.95;15.79;53.46;39.67;1.616;SOFT_UP;1;69.4;3;1
2026.04.13 08:00;70822.25;70993.44;70570.33;70931.06;40.24;5.12;18.22;37.26;29.46;0.274;NEUTRE;0;34;1;1
2026.04.13 04:00;70980.02;71147.10;70679.68;70822.25;37.80;5.90;17.04;28.28;21.67;0.120;NEUTRE;0;30.6;1;0
2026.04.13 00:00;70737.15;71273.52;70604.85;70980.02;36.14;6.81;19.67;22.85;15.90;0.343;NEUTRE;0;;;0
2026.04.12 20:00;71106.04;71457.53;70506.70;70737.15;34.24;7.86;22.69;13.90;11.56;-3.193;STRONG_DOWN;-2;-72.4;-3;0
2026.04.12 16:00;70909.32;71227.64;70830.47;71106.04;32.03;9.07;20.94;10.96;10.56;-2.688;STRONG_DOWN;-2;-73.2;-3;0
2026.04.12 12:00;71484.74;71524.20;70644.81;70909.32;30.87;10.46;24.17;9.82;13.19;-2.957;STRONG_DOWN;-2;-78.4;-3;0
2026.04.12 08:00;71692.51;71794.69;71380.38;71484.74;29.54;12.07;15.01;10.90;22.98;-2.170;SOFT_DOWN;-1;-79.4;-3;0
2026.04.12 04:00;71613.37;71805.23;71436.97;71692.51;32.41;13.93;15.22;18.85;38.83;-1.886;SOFT_DOWN;-1;-83.9;-3;0
2026.04.12 00:00;73070.28;73157.81;71326.06;71613.37;36.72;16.07;17.56;39.19;53.42;-1.994;SOFT_DOWN;-1;;;0
2026.04.11 20:00;73704.15;73714.80;72939.90;73070.28;41.68;18.55;6.71;58.45;56.84;0.122;NEUTRE;0;6.9;0;0
2026.04.11 16:00;72878.83;73810.87;72838.29;73704.15;40.89;21.40;7.75;62.61;58.06;0.990;NEUTRE;0;50.6;2;0
2026.04.11 12:00;72933.21;73008.89;72549.84;72878.83;39.97;12.01;8.94;49.46;60.38;-0.141;NEUTRE;0;-13;0;0
2026.04.11 08:00;72777.29;72944.06;72651.99;72933.54;43.86;13.85;6.89;62.12;71.24;-0.066;NEUTRE;0;-9.2;0;0
2026.04.11 04:00;72894.96;72983.52;72641.91;72777.29;45.45;15.98;7.95;69.57;76.11;-0.280;NEUTRE;0;-54.1;-2;0
2026.04.11 00:00;72981.56;73123.01;72697.55;72894.90;47.27;18.44;6.66;82.02;74.87;-0.119;NEUTRE;0;;;0
2026.04.10 20:00;73266.50;73455.97;72787.89;72981.56;47.33;21.28;4.42;76.73;62.18;1.669;SOFT_UP;1;58.7;2;0
2026.04.10 16:00;72471.23;73288.83;72396.56;73271.86;44.52;20.71;5.10;65.85;51.20;2.073;SOFT_UP;1;68.6;3;1
2026.04.10 12:00;72129.57;73310.35;71903.12;72466.75;42.07;23.89;5.89;43.95;44.55;0.952;NEUTRE;0;57.4;2;1
2026.04.10 08:00;71479.65;72264.63;71415.94;72128.36;39.24;16.13;6.80;43.81;49.36;0.480;NEUTRE;0;49.8;2;1
2026.04.10 04:00;71867.72;72267.85;71424.01;71479.65;39.01;18.62;7.69;45.89;57.97;-0.423;NEUTRE;0;-64.4;-2;0
2026.04.10 00:00;71783.51;72384.60;71579.30;71867.72;38.62;21.48;6.05;58.39;67.01;0.117;NEUTRE;0;;;0
2026.04.09 20:00;72099.58;73123.56;71583.17;71783.51;35.94;24.79;6.90;69.63;64.13;1.003;NEUTRE;0;44.7;1;0
2026.04.09 16:00;72138.39;72548.99;71732.19;72102.59;32.79;22.86;7.97;73.00;50.05;1.451;SOFT_UP;1;60.8;2;1
2026.04.09 12:00;71136.97;72354.18;70511.77;72138.39;30.40;22.71;9.19;49.76;32.56;1.502;SOFT_UP;1;67.9;3;1
2026.04.09 08:00;70974.49;71561.95;70862.77;71136.97;28.56;19.59;10.60;27.38;23.62;0.093;NEUTRE;0;12.9;0;1
2026.04.09 04:00;70980.53;71102.02;70693.30;70974.49;28.37;12.48;12.24;20.55;28.06;-0.136;NEUTRE;0;-33.8;-1;0
2026.04.09 00:00;71071.00;71185.47;70460.57;70980.53;32.59;14.40;14.12;22.92;41.64;-0.127;NEUTRE;0;;;0
2026.04.08 20:00;71319.17;71747.55;70903.44;71070.83;37.45;16.62;6.89;40.71;58.19;-1.153;NEUTRE;0;-48.6;-2;0
2026.04.08 16:00;71294.91;71952.73;71002.67;71311.71;36.85;19.17;6.14;61.27;69.73;-0.818;NEUTRE;0;-45.2;-2;1
2026.04.08 12:00;71664.86;72838.24;70685.17;71294.91;34.60;22.12;7.09;72.58;75.12;-0.841;NEUTRE;0;-54.1;-2;1
2026.04.08 08:00;71624.80;71939.86;71393.91;71664.86;32.00;19.11;8.18;75.33;76.97;-0.326;NEUTRE;0;-38.8;-1;1
2026.04.08 04:00;71271.74;71924.96;71267.09;71625.99;30.76;21.62;9.44;77.45;74.21;-0.381;NEUTRE;0;-62;-2;0
2026.04.08 00:00;71899.61;72091.59;71219.74;71271.74;29.46;24.95;10.89;78.14;59.29;-0.873;NEUTRE;0;;;0
2026.04.07 20:00;68997.55;72733.11;68985.71;71899.38;27.96;28.79;12.57;67.05;38.43;4.439;EXPLOSIVE_UP;3;77.1;3;0
2026.04.07 16:00;68139.82;69069.73;68052.95;68998.49;26.22;18.18;14.50;32.69;21.76;0.225;NEUTRE;0;15.5;0;1
2026.04.07 12:00;68318.86;68611.57;67703.67;68139.82;28.52;14.04;16.73;15.56;18.17;-1.022;NEUTRE;0;-59.2;-2;1
2026.04.07 08:00;68597.22;69238.24;68050.24;68314.60;31.57;16.20;13.43;17.02;24.78;-0.768;NEUTRE;0;-62.1;-2;1
2026.04.07 04:00;68763.15;68971.60;68423.16;68597.22;34.99;18.70;10.67;21.91;40.31;-0.358;NEUTRE;0;-60.4;-2;0
2026.04.07 00:00;68843.47;69113.50;68262.74;68763.15;36.16;21.57;12.31;35.40;59.68;-0.117;NEUTRE;0;;;0
2026.04.06 20:00;69741.10;69979.28;68323.40;68843.47;37.52;24.89;13.10;63.62;76.04;-0.222;NEUTRE;0;-12.3;0;0
2026.04.06 16:00;69959.94;70344.31;69257.91;69737.58;38.51;28.72;6.44;80.00;82.33;1.074;NEUTRE;0;52.9;2;1
2026.04.06 12:00;69605.24;69965.49;69154.21;69962.31;34.69;27.78;7.43;84.51;84.93;1.400;SOFT_UP;1;66.5;3;1
2026.04.06 08:00;69086.65;70245.75;69053.27;69605.31;31.13;32.05;8.57;82.49;84.96;0.882;NEUTRE;0;65.3;3;1
2026.04.06 04:00;69092.03;69322.00;68784.03;69085.56;27.03;25.07;9.89;87.80;83.45;0.129;NEUTRE;0;32.4;1;0
2026.04.06 00:00;68996.68;69544.65;68736.26;69092.03;24.51;28.92;11.41;84.58;72.29;0.138;NEUTRE;0;;;0
2026.04.05 20:00;67331.02;69093.91;67301.54;68996.20;21.60;24.79;13.17;77.99;58.05;2.554;STRONG_UP;2;68.3;3;0
2026.04.05 16:00;67275.17;67524.99;67144.57;67326.49;20.21;15.14;15.19;54.32;43.05;0.072;NEUTRE;0;5.1;0;0
2026.04.05 12:00;66976.15;67793.89;66662.35;67275.14;23.29;17.47;17.53;41.83;38.64;-0.005;NEUTRE;0;-0.5;0;0
2026.04.05 08:00;66793.53;67119.67;66786.69;66976.15;26.85;10.99;20.23;33.01;44.18;-0.449;NEUTRE;0;-47.9;-2;0
2026.04.05 04:00;67121.92;67168.59;66585.98;66793.53;26.43;12.68;23.34;41.09;57.16;-0.720;NEUTRE;0;-74.3;-3;0
2026.04.05 00:00;67278.19;67286.16;66960.10;67116.07;25.94;14.63;17.05;58.44;68.96;-0.241;NEUTRE;0;;;0
2026.04.04 20:00;67268.53;67449.80;67160.10;67278.19;28.76;16.88;10.23;71.95;73.76;0.497;NEUTRE;0;26.1;1;0
2026.04.04 16:00;67360.49;67520.33;67245.18;67268.53;29.42;19.48;7.29;76.47;68.58;0.483;NEUTRE;0;30.7;1;0
2026.04.04 12:00;67136.28;67505.80;67010.63;67360.49;26.94;21.67;8.41;72.85;60.38;0.620;NEUTRE;0;45.5;2;0
2026.04.04 08:00;66995.87;67203.53;66888.23;67136.28;24.30;15.61;9.71;56.41;53.20;0.285;NEUTRE;0;35.1;1;0
2026.04.04 04:00;66816.46;67026.84;66755.76;66995.87;24.46;9.39;11.20;51.89;52.60;0.075;NEUTRE;0;20.3;0;0
2026.04.04 00:00;66945.33;66948.11;66790.26;66816.46;26.86;6.36;12.92;51.29;54.37;-0.193;NEUTRE;0;;;0
2026.04.03 20:00;66864.57;66956.29;66807.99;66945.58;25.76;7.34;13.18;54.62;59.37;0.093;NEUTRE;0;5.2;0;0
2026.04.03 16:00;66807.08;67052.33;66744.32;66866.30;25.34;8.47;15.21;57.20;62.56;-0.026;NEUTRE;0;-1.8;0;1
2026.04.03 12:00;67009.29;67341.06;66495.89;66805.72;24.86;9.77;17.55;66.28;65.39;-0.117;NEUTRE;0;-10.9;0;1
2026.04.03 08:00;67025.91;67271.79;66663.73;67009.29;24.31;11.28;17.20;64.21;60.66;0.188;NEUTRE;0;24.8;0;1
2026.04.03 04:00;66564.13;67244.22;66401.26;67025.63;24.85;12.31;19.84;65.70;54.97;0.212;NEUTRE;0;46.2;2;0
2026.04.03 00:00;66883.65;66983.13;66262.33;66569.14;25.07;9.44;22.90;52.07;42.24;-0.470;NEUTRE;0;;;0
2026.04.02 20:00;66958.95;67085.10;66713.61;66883.37;22.53;10.90;16.79;47.13;31.95;-1.784;SOFT_DOWN;-1;-60.4;-2;0
2026.04.02 16:00;66827.48;67416.51;66580.63;66955.54;22.73;12.57;19.37;27.53;19.43;-1.678;SOFT_DOWN;-1;-64.2;-2;1
2026.04.02 12:00;66185.27;67079.08;65695.10;66827.96;22.95;8.30;22.35;21.19;14.94;-1.866;SOFT_DOWN;-1;-71.9;-3;1
2026.04.02 08:00;66899.41;66899.41;66134.29;66185.27;19.43;9.57;20.90;9.58;13.16;-2.809;STRONG_DOWN;-2;-81.8;-3;1
2026.04.02 04:00;66555.98;66906.31;66203.09;66899.41;16.70;11.05;22.74;14.06;25.33;-1.761;SOFT_DOWN;-1;-83.4;-3;0
2026.04.02 00:00;68098.37;68633.90;66484.52;66559.19;13.94;12.75;20.08;15.83;42.93;-2.260;SOFT_DOWN;-1;;;0
2026.04.01 20:00;68146.32;68509.18;67936.77;68098.69;12.65;14.71;12.77;46.10;64.06;-0.159;NEUTRE;0;-8.9;0;0
2026.04.01 16:00;68888.86;69135.17;67909.51;68145.15;13.52;16.97;14.74;66.86;75.56;-0.091;NEUTRE;0;-6.4;0;1
2026.04.01 12:00;68678.62;68932.59;67896.59;68888.63;14.51;17.04;17.00;79.24;81.15;0.999;NEUTRE;0;58.6;2;1
2026.04.01 08:00;68650.63;68813.72;68351.25;68678.62;16.73;19.66;12.87;80.57;81.76;0.691;NEUTRE;0;59.6;2;1
2026.04.01 04:00;68097.50;69234.50;67958.13;68650.63;16.09;22.69;14.85;83.64;76.31;0.650;NEUTRE;0;72.7;3;0
2026.04.01 00:00;68207.21;68289.86;67518.66;68097.50;15.35;14.79;17.13;81.06;63.27;-0.161;NEUTRE;0;;;0
2026.03.31 20:00;67763.95;68332.82;67762.13;68206.73;16.59;17.06;14.91;64.24;48.54;2.211;SOFT_UP;1;65.3;3;0
2026.03.31 16:00;66662.10;68520.42;66658.24;67776.82;18.10;19.69;17.21;44.50;43.46;1.567;SOFT_UP;1;62.6;2;1
2026.03.31 12:00;66617.63;67691.41;66371.56;66662.10;19.85;15.87;19.85;36.89;45.51;-0.104;NEUTRE;0;-9.7;0;1
2026.03.31 08:00;67298.94;67425.14;65915.59;66617.63;21.19;15.21;22.91;48.99;47.58;-0.170;NEUTRE;0;-22.7;0;1
2026.03.31 04:00;67636.11;67790.43;67030.12;67298.94;21.34;17.55;15.07;50.65;48.85;0.851;NEUTRE;0;76.6;3;0
2026.03.31 00:00;66731.17;68331.87;66475.68;67636.11;23.46;20.25;17.39;43.09;55.73;1.356;SOFT_UP;1;;;0
2026.03.30 20:00;66472.50;66928.54;66351.95;66733.75;25.90;11.73;20.07;52.80;71.02;1.189;NEUTRE;0;49.5;2;0
2026.03.30 16:00;67564.36;67581.56;66165.34;66478.57;25.86;13.53;23.15;71.30;83.78;0.802;NEUTRE;0;44.6;1;1
2026.03.30 12:00;67614.89;68096.15;67033.98;67564.24;25.80;15.62;17.28;88.96;86.82;2.448;SOFT_UP;1;76;3;1
2026.03.30 08:00;67552.40;67891.53;67294.84;67614.98;28.99;18.02;16.16;91.09;77.98;2.525;STRONG_UP;2;80.9;3;1
2026.03.30 04:00;67090.66;67723.25;67086.99;67552.40;32.61;16.45;18.65;80.41;60.30;2.431;SOFT_UP;1;85.2;3;0
2026.03.30 00:00;65949.48;67368.45;65735.18;67090.64;36.67;10.41;21.52;62.44;45.57;1.730;SOFT_UP;1;;;0
2026.03.29 20:00;66281.11;66721.36;64947.76;65946.51;36.96;5.91;24.83;38.05;39.28;-0.546;NEUTRE;0;-28.3;-1;0
2026.03.29 16:00;66456.69;66596.65;66097.60;66281.11;33.18;6.82;18.67;36.22;45.43;-0.041;NEUTRE;0;-2.9;0;0
2026.03.29 12:00;66745.23;66809.67;66264.17;66458.92;31.13;7.87;16.41;43.57;47.62;0.227;NEUTRE;0;20.4;0;0
2026.03.29 08:00;66597.68;66897.60;66345.12;66745.23;30.50;9.08;16.65;56.51;51.21;0.659;NEUTRE;0;58.4;2;0
2026.03.29 04:00;66844.67;66875.72;66489.86;66597.68;30.67;10.48;15.18;42.79;52.62;0.436;NEUTRE;0;65;3;0
2026.03.29 00:00;66308.48;67052.04;66221.87;66844.46;32.57;12.09;17.52;54.33;63.88;0.808;NEUTRE;0;;;0
2026.03.28 20:00;66851.20;66950.10;66219.44;66309.35;34.76;12.06;20.21;60.75;72.37;-0.058;NEUTRE;0;-3.3;0;0
2026.03.28 16:00;66958.49;67038.25;66646.19;66851.20;36.22;13.92;14.34;76.58;67.31;0.759;NEUTRE;0;43.1;1;0
2026.03.28 12:00;66263.16;67230.24;66179.80;66958.49;41.56;16.06;16.54;79.78;52.61;0.921;NEUTRE;0;56.5;2;0
2026.03.28 08:00;66495.55;66503.78;66066.56;66262.91;47.73;7.89;19.09;45.58;32.54;-0.128;NEUTRE;0;-17.5;0;0
2026.03.28 04:00;66169.03;66509.07;66054.53;66495.55;48.68;9.10;22.02;32.46;22.63;0.223;NEUTRE;0;47.7;2;0
2026.03.28 00:00;66347.58;66458.64;65878.91;66169.03;49.79;8.79;25.41;19.58;15.96;-0.269;NEUTRE;0;;;0
2026.03.27 20:00;65975.63;66353.72;65753.08;66347.58;49.97;7.36;29.32;15.86;14.11;-3.512;STRONG_DOWN;-2;-73.9;-3;0
2026.03.27 16:00;66060.67;66224.91;65507.82;65975.63;48.45;5.20;33.83;12.44;15.74;-4.053;STRONG_DOWN;-2;-78.7;-3;1
2026.03.27 12:00;66658.64;66724.88;65670.50;66060.67;44.62;6.00;35.55;14.04;20.05;-3.929;STRONG_DOWN;-2;-81.2;-3;1
2026.03.27 08:00;68467.44;68563.30;66213.54;66658.37;40.54;6.92;33.09;20.73;22.20;-3.060;STRONG_DOWN;-2;-82.4;-3;1
2026.03.27 04:00;68707.09;68902.71;68246.04;68466.90;36.71;7.98;24.88;25.39;20.59;-0.430;NEUTRE;0;-64.7;-2;0
2026.03.27 00:00;68762.30;69111.47;68467.59;68707.09;34.45;9.21;23.52;20.47;15.31;-0.080;NEUTRE;0;;;0
2026.03.26 20:00;68465.42;69377.55;68375.44;68761.74;33.02;10.63;27.13;15.92;11.71;-3.548;STRONG_DOWN;-2;-74;-3;0
2026.03.26 16:00;69036.14;69108.88;68095.35;68469.75;31.38;8.14;31.31;9.53;10.03;-3.958;STRONG_DOWN;-2;-78.4;-3;1
2026.03.26 12:00;69228.93;69819.68;68656.63;69036.14;27.17;9.39;27.60;9.67;15.69;-3.164;STRONG_DOWN;-2;-79.1;-3;1
2026.03.26 08:00;70045.99;70094.89;69153.09;69228.93;23.78;10.83;25.28;10.89;23.81;-2.893;STRONG_DOWN;-2;-82;-3;1
2026.03.26 04:00;70861.73;70867.92;69769.59;70046.29;21.28;12.50;19.10;26.50;36.05;-1.747;SOFT_DOWN;-1;-83.4;-3;0
2026.03.26 00:00;71291.48;71397.94;70642.28;70861.73;21.34;14.43;9.82;34.02;48.55;-0.603;NEUTRE;0;;;0
2026.03.25 20:00;70844.62;71501.62;70606.97;71291.17;21.70;16.64;11.33;47.61;62.68;1.095;NEUTRE;0;47.2;2;0
2026.03.25 16:00;70798.00;71710.47;70665.76;70843.68;22.11;19.21;12.06;64.03;74.24;0.461;NEUTRE;0;29.6;1;1
2026.03.25 12:00;71659.50;71933.88;70540.68;70799.43;22.00;22.16;13.91;76.42;77.51;0.398;NEUTRE;0;33.2;1;1
2026.03.25 08:00;70894.49;72002.02;70764.04;71659.50;21.87;25.57;13.59;82.29;69.36;1.618;SOFT_UP;1;75.9;3;1
2026.03.25 04:00;70678.10;71305.46;70658.76;70894.49;20.52;20.85;15.68;73.82;53.71;0.533;NEUTRE;0;69.2;3;0
2026.03.25 00:00;70518.74;70997.53;70363.28;70678.10;21.50;16.73;18.09;51.98;39.90;0.226;NEUTRE;0;;;0
2026.03.24 20:00;69323.87;70789.76;69238.96;70518.81;24.21;14.26;20.87;35.34;41.46;-0.485;NEUTRE;0;-25.5;-1;0
2026.03.24 16:00;69830.05;69968.95;68888.15;69323.78;25.04;8.31;24.09;32.39;53.69;-2.171;SOFT_DOWN;-1;-69.5;-3;1
2026.03.24 12:00;71123.43;71150.79;69468.43;69831.24;21.40;9.59;19.53;56.64;67.46;-1.455;SOFT_DOWN;-1;-67.3;-3;1
2026.03.24 08:00;71262.64;71338.20;70814.64;71123.43;19.44;11.07;10.23;72.04;73.05;0.368;NEUTRE;0;42.2;1;1
2026.03.24 04:00;70506.99;71372.71;70082.25;71262.92;21.82;12.77;11.80;73.68;72.82;0.565;NEUTRE;0;70.2;3;0
2026.03.24 00:00;70862.35;71057.28;70257.50;70507.25;24.57;10.97;13.61;73.41;70.74;-0.501;NEUTRE;0;;;0
2026.03.23 20:00;70642.32;70965.53;70371.30;70862.35;26.70;12.66;13.52;71.36;67.31;4.470;EXPLOSIVE_UP;3;77.2;3;0
2026.03.23 16:00;70092.54;71214.88;70092.27;70642.26;30.31;14.61;15.60;67.44;63.36;4.145;STRONG_UP;2;78.9;3;1
2026.03.23 12:00;70085.44;71784.17;69646.64;70091.13;34.47;16.86;18.00;63.14;54.10;3.333;STRONG_UP;2;79.6;3;1
2026.03.23 08:00;68284.26;71465.70;67888.55;70085.18;39.27;17.16;20.77;59.50;41.13;3.324;STRONG_UP;2;83;3;1
2026.03.23 04:00;68048.72;68876.14;67481.07;68284.02;43.84;8.66;23.97;39.64;28.36;0.669;NEUTRE;0;73.1;3;0
2026.03.23 00:00;67830.46;68555.31;67417.34;68048.72;43.37;6.46;27.65;24.25;19.58;0.322;NEUTRE;0;;;0
2026.03.22 20:00;68184.26;68481.67;67335.88;67830.36;40.49;6.46;31.91;21.21;17.75;-1.540;SOFT_DOWN;-1;-56.6;-2;0
2026.03.22 16:00;68829.78;68866.15;68123.48;68184.26;36.51;7.45;26.24;13.27;18.17;-1.026;NEUTRE;0;-51.6;-2;0
2026.03.22 12:00;68194.52;68976.79;68170.38;68829.78;33.55;8.60;29.31;18.76;22.33;-0.089;NEUTRE;0;-8.3;0;0
2026.03.22 08:00;68884.86;68953.43;68125.04;68193.62;30.31;9.47;33.81;22.48;24.73;-1.013;NEUTRE;0;-68.2;-3;0
2026.03.22 04:00;69314.84;69492.10;68863.00;68884.86;26.32;10.93;25.31;25.75;27.10;-0.009;NEUTRE;0;-2.5;0;0
2026.03.22 00:00;68891.23;69555.26;68214.71;69314.84;24.26;12.61;29.20;25.97;39.19;0.615;NEUTRE;0;;;0
2026.03.21 20:00;70358.27;70478.90;68555.69;68891.23;21.89;14.55;29.78;29.57;56.90;-2.249;SOFT_DOWN;-1;-65.7;-3;0
2026.03.21 16:00;70602.23;70624.85;70177.98;70356.82;19.97;16.79;21.39;62.03;72.58;-0.169;NEUTRE;0;-11.8;0;0
2026.03.21 12:00;70624.02;71054.72;70430.46;70602.23;21.20;19.38;15.99;79.12;74.40;0.179;NEUTRE;0;16.4;0;0
2026.03.21 08:00;70692.35;70723.86;70462.85;70624.02;22.98;14.20;18.45;76.61;65.69;0.210;NEUTRE;0;27.3;1;0
2026.03.21 04:00;70633.05;70848.82;70590.05;70692.35;24.52;16.39;13.79;67.47;53.06;0.307;NEUTRE;0;56.5;2;0
2026.03.21 00:00;70475.93;70790.73;70409.76;70632.99;26.96;15.46;15.91;52.99;44.30;0.223;NEUTRE;0;;;0
2026.03.20 20:00;70145.98;70887.73;69725.47;70475.93;30.89;17.83;18.36;38.71;46.75;0.819;NEUTRE;0;38.9;1;0
2026.03.20 16:00;69842.32;70165.80;69369.66;70142.79;35.42;11.02;21.18;41.21;61.57;0.342;NEUTRE;0;22.8;0;1
2026.03.20 12:00;70458.80;70666.24;69461.65;69842.32;36.02;12.72;22.66;60.33;73.61;-0.088;NEUTRE;0;-8.2;0;1
2026.03.20 08:00;70839.12;71346.68;70200.48;70458.80;37.23;14.67;16.71;83.16;74.29;0.794;NEUTRE;0;62.9;2;1
2026.03.20 04:00;70709.47;70952.42;70197.81;70839.12;41.96;11.64;19.28;77.35;59.82;1.338;SOFT_UP;1;81.4;3;0
2026.03.20 00:00;69903.51;70793.83;69823.00;70709.47;44.62;10.20;22.25;62.35;44.41;1.153;NEUTRE;0;;;0
2026.03.19 20:00;70249.39;70679.41;69713.80;69903.51;45.77;9.95;25.67;39.77;30.29;-1.866;SOFT_DOWN;-1;-61.5;-2;0
2026.03.19 16:00;69391.12;70585.88;69091.47;70248.89;46.02;9.99;29.62;31.10;23.39;-1.381;SOFT_DOWN;-1;-59.5;-2;1
2026.03.19 12:00;69937.97;70133.45;68776.89;69388.41;45.48;6.87;34.18;20.00;19.41;-2.589;STRONG_DOWN;-2;-76.8;-3;1
2026.03.19 08:00;70185.68;70550.03;69890.27;69937.87;42.24;7.93;26.81;19.08;17.50;-1.817;SOFT_DOWN;-1;-77.4;-3;1
2026.03.19 04:00;71205.66;71205.66;69486.10;70185.68;40.38;9.15;30.93;19.14;15.53;-1.469;SOFT_DOWN;-1;-82.1;-3;0
2026.03.19 00:00;71232.40;71598.63;70892.73;71205.66;38.23;10.56;23.11;14.28;12.41;-0.038;NEUTRE;0;;;0
2026.03.18 20:00;71051.52;71412.67;70485.90;71232.76;38.38;8.13;26.66;13.16;13.21;-3.634;STRONG_DOWN;-2;-74.4;-3;0
2026.03.18 16:00;71463.49;71994.89;70930.19;71051.80;36.09;9.38;23.39;9.80;20.16;-3.879;STRONG_DOWN;-2;-78.2;-3;1
2026.03.18 12:00;72948.15;72971.42;70853.73;71460.65;35.07;10.83;26.99;16.69;32.31;-3.326;STRONG_DOWN;-2;-79.6;-3;1
2026.03.18 08:00;73880.52;74296.90;72793.50;72948.15;33.89;12.49;17.05;34.01;43.02;-1.314;SOFT_DOWN;-1;-72.8;-3;1
2026.03.18 04:00;74463.85;74506.18;73698.59;73880.52;36.73;14.41;10.41;46.23;42.58;-0.052;NEUTRE;0;-14.4;0;0
2026.03.18 00:00;73919.32;74680.23;73540.28;74463.85;39.90;16.63;12.01;48.82;37.70;0.737;NEUTRE;0;;;0
2026.03.17 20:00;74526.16;74798.31;73882.55;73919.32;43.56;19.19;9.24;32.70;31.90;-1.271;SOFT_DOWN;-1;-51.4;-2;0
2026.03.17 16:00;73921.08;74819.39;73872.20;74529.88;44.88;22.14;10.66;31.60;34.78;-0.456;NEUTRE;0;-29.3;-1;1
2026.03.17 12:00;74028.06;74892.87;73395.93;73921.08;46.40;25.55;12.30;31.41;44.01;-1.269;SOFT_DOWN;-1;-64.4;-2;1
2026.03.17 08:00;74237.24;74445.59;73576.01;74028.06;48.15;24.88;14.19;41.33;57.30;-1.126;NEUTRE;0;-70.2;-3;1
2026.03.17 04:00;74453.76;74675.33;73780.64;74237.24;51.35;28.71;12.76;59.28;68.59;-0.847;NEUTRE;0;-76.5;-3;0
2026.03.17 00:00;74871.25;75984.80;74256.17;74453.76;53.33;33.12;6.54;71.30;71.59;-0.558;NEUTRE;0;;;0
2026.03.16 20:00;73954.95;74896.30;73847.75;74871.25;51.23;28.53;7.55;75.19;70.13;2.825;STRONG_UP;2;70.2;3;0
2026.03.16 16:00;73266.75;74403.59;73157.78;73951.85;50.17;25.69;8.71;68.28;69.16;1.562;SOFT_UP;1;62.5;2;1
2026.03.16 12:00;73544.16;74505.50;72991.71;73266.75;50.29;29.65;10.05;66.92;71.22;0.621;NEUTRE;0;45.6;2;1
2026.03.16 08:00;73448.66;73811.75;72880.84;73544.16;50.43;27.16;11.60;72.30;73.86;1.002;NEUTRE;0;67.9;3;1
2026.03.16 04:00;73562.43;74421.24;73376.80;73447.59;52.02;31.33;5.19;74.46;73.34;0.870;NEUTRE;0;76.9;3;0
2026.03.16 00:00;72814.21;74280.60;72273.65;73562.32;49.01;34.08;5.99;74.81;73.32;1.027;NEUTRE;0;;;0
2026.03.15 20:00;71547.40;73189.19;71427.73;72814.21;45.76;30.96;6.91;70.74;74.35;2.244;SOFT_UP;1;65.7;3;0
2026.03.15 16:00;71474.84;71982.14;71315.86;71547.40;43.02;25.18;7.97;74.41;78.27;0.465;NEUTRE;0;29.8;1;0
2026.03.15 12:00;71842.61;71842.61;71266.34;71474.84;41.66;25.83;9.20;77.89;80.28;0.363;NEUTRE;0;30.8;1;0
2026.03.15 08:00;71449.77;71934.42;71449.77;71842.61;40.76;29.81;5.71;82.52;77.72;0.880;NEUTRE;0;65.2;3;0
2026.03.15 04:00;71356.96;71785.64;71328.93;71449.77;36.59;29.67;6.59;80.42;66.42;0.328;NEUTRE;0;58.2;2;0
2026.03.15 00:00;71216.10;71621.39;70853.91;71356.96;32.43;28.70;7.61;70.23;48.05;0.198;NEUTRE;0;;;0
2026.03.14 20:00;70703.84;71249.84;70647.32;71216.10;28.48;25.67;8.78;48.61;29.19;0.410;NEUTRE;0;22;0;0
2026.03.14 16:00;70578.56;70737.21;70496.88;70703.84;25.31;16.53;10.13;25.31;17.64;-0.312;NEUTRE;0;-21;0;0
2026.03.14 12:00;70740.37;70938.05;70497.88;70578.58;25.51;19.07;11.62;13.63;13.11;-0.489;NEUTRE;0;-38.8;-1;0
2026.03.14 08:00;70593.48;70776.26;70388.99;70740.37;25.70;16.35;13.41;13.98;14.17;-0.260;NEUTRE;0;-32.6;-1;0
2026.03.14 04:00;71073.62;71297.98;70334.59;70593.49;28.13;18.87;15.47;11.70;18.68;-0.468;NEUTRE;0;-66.6;-3;0
2026.03.14 00:00;70925.10;71165.34;70484.04;71073.62;30.94;21.77;15.46;16.84;31.23;0.209;NEUTRE;0;;;0
2026.03.13 20:00;71176.40;71482.51;70552.41;70925.10;33.09;25.12;16.30;27.49;48.92;0.580;NEUTRE;0;29.7;1;0
2026.03.13 16:00;71829.36;72248.97;70838.95;71171.46;34.90;28.99;14.07;49.36;67.70;0.930;NEUTRE;0;48.9;2;1
2026.03.13 12:00;72231.85;73936.74;71737.89;71829.36;34.94;33.45;6.42;69.92;78.55;1.863;SOFT_UP;1;71.9;3;1
2026.03.13 08:00;71617.70;72582.84;71377.33;72231.85;29.89;29.12;7.41;83.81;81.56;2.433;SOFT_UP;1;80.5;3;1
2026.03.13 04:00;71395.41;71670.06;71171.99;71617.70;25.34;21.95;8.55;81.93;78.56;1.562;SOFT_UP;1;82.6;3;0
2026.03.13 00:00;70515.93;71986.25;70383.92;71395.49;22.48;25.33;9.87;78.93;73.17;1.247;NEUTRE;0;;;0
2026.03.12 20:00;70443.70;70727.11;70000.14;70515.91;19.19;17.13;11.38;74.82;63.94;0.461;NEUTRE;0;24.4;0;0
2026.03.12 16:00;70333.70;70563.15;69756.60;70441.32;19.03;16.30;13.13;65.76;51.29;0.355;NEUTRE;0;23.6;0;1
2026.03.12 12:00;70425.84;70657.22;69351.93;70333.70;20.31;18.81;15.16;51.25;41.26;0.202;NEUTRE;0;18.4;0;1
2026.03.12 08:00;69812.25;70796.43;69569.63;70425.84;21.78;21.70;14.92;36.85;40.02;0.333;NEUTRE;0;39.4;1;1
2026.03.12 04:00;69436.14;69842.82;69203.29;69812.25;22.28;13.08;17.22;35.66;48.07;-0.541;NEUTRE;0;-69.4;-3;0
2026.03.12 00:00;70191.98;70351.70;69216.20;69436.26;23.61;15.09;19.55;47.53;50.29;-1.077;NEUTRE;0;;;0
2026.03.11 20:00;70654.90;70937.12;70118.52;70193.98;25.26;17.41;10.34;61.02;42.07;0.353;NEUTRE;0;19.2;0;0
2026.03.11 16:00;70238.75;71337.14;70167.81;70654.90;25.23;20.09;11.00;42.32;24.48;1.012;NEUTRE;0;51.3;2;1
2026.03.11 12:00;69166.13;71082.31;68969.92;70238.75;24.61;19.83;12.69;22.87;15.97;0.417;NEUTRE;0;34.4;1;1
2026.03.11 08:00;69644.73;69758.39;69143.07;69166.13;25.02;13.24;14.65;8.26;18.59;-1.116;NEUTRE;0;-70;-3;1
2026.03.11 04:00;69547.80;70262.63;69413.44;69638.52;28.09;15.27;10.14;16.77;34.84;-0.441;NEUTRE;0;-65.3;-3;0
2026.03.11 00:00;69946.84;70166.56;69486.10;69547.80;29.31;15.88;11.70;30.75;52.89;-0.570;NEUTRE;0;;;0
2026.03.10 20:00;70040.94;70408.96;69450.37;69946.84;31.48;18.32;13.50;57.01;71.27;2.234;SOFT_UP;1;65.6;3;0
2026.03.10 16:00;71351.14;71698.42;69728.60;70046.87;33.99;21.14;11.11;70.91;78.18;2.380;SOFT_UP;1;71.2;3;1
2026.03.10 12:00;70584.94;71781.50;69293.81;71350.95;34.44;24.40;12.82;85.88;78.67;4.286;STRONG_UP;2;81.9;3;1
2026.03.10 08:00;70392.91;71290.80;70359.45;70578.24;34.95;28.15;8.20;77.75;73.85;3.157;STRONG_UP;2;82.7;3;1
2026.03.10 04:00;69415.53;70516.95;69415.53;70392.91;31.88;19.70;9.47;72.40;74.13;2.886;STRONG_UP;2;86;3;0
2026.03.10 00:00;68418.48;70567.48;68377.35;69415.53;31.39;22.73;10.92;71.40;77.59;1.457;SOFT_UP;1;;;0
2026.03.09 20:00;68996.08;69145.62;68368.29;68418.48;30.82;16.24;12.60;78.59;80.55;3.731;STRONG_UP;2;74.8;3;0
2026.03.09 16:00;68868.32;69500.41;68214.67;68996.08;33.63;18.74;14.54;82.77;78.33;4.607;EXPLOSIVE_UP;3;80;3;1
2026.03.09 12:00;67741.77;69462.70;67727.89;68869.04;36.86;21.17;16.78;80.30;67.64;4.414;EXPLOSIVE_UP;3;82.1;3;1
2026.03.09 08:00;67519.63;68429.29;67319.75;67741.77;40.75;15.26;19.36;71.91;54.15;2.705;STRONG_UP;2;81.5;3;1
2026.03.09 04:00;67183.42;68030.40;66862.56;67519.63;45.20;12.07;22.34;50.70;40.31;2.369;SOFT_UP;1;85.1;3;0
2026.03.09 00:00;65957.36;67651.78;65810.62;67183.32;47.56;8.94;25.77;39.83;39.61;1.859;SOFT_UP;1;;;0
2026.03.08 20:00;67319.79;67499.38;65608.60;65957.36;47.42;9.05;29.74;30.40;42.76;-1.917;SOFT_DOWN;-1;-62.1;-2;0
2026.03.08 16:00;67195.28;67453.24;66732.20;67319.79;46.51;10.44;25.17;48.61;46.29;0.109;NEUTRE;0;7.6;0;0
2026.03.08 12:00;67501.55;67637.47;66823.45;67195.28;47.30;12.05;27.10;49.27;39.77;-0.076;NEUTRE;0;-7.1;0;0
2026.03.08 08:00;67301.16;68179.57;67139.00;67501.55;48.67;13.90;25.30;41.01;27.85;0.379;NEUTRE;0;43;1;0
2026.03.08 04:00;66983.49;67439.38;66543.79;67301.16;51.68;5.09;29.19;29.04;20.88;0.081;NEUTRE;0;21.8;0;0
2026.03.08 00:00;67246.55;67469.90;66829.21;66984.06;48.81;5.88;28.78;13.49;19.73;-0.390;NEUTRE;0;;;0
2026.03.07 20:00;67066.89;67521.95;67053.37;67240.24;46.16;6.78;27.83;20.10;23.61;-1.255;SOFT_DOWN;-1;-51;-2;0
2026.03.07 16:00;67867.85;67932.29;66928.05;67066.89;43.90;7.82;32.11;25.61;22.77;-1.510;SOFT_DOWN;-1;-61.7;-2;0
2026.03.07 12:00;68010.40;68076.08;67606.94;67868.36;41.30;9.03;26.65;25.12;18.16;-0.333;NEUTRE;0;-28.7;-1;0
2026.03.07 08:00;67831.21;68220.72;67703.30;68005.13;40.05;10.42;27.59;17.58;13.36;-0.132;NEUTRE;0;-18;0;0
2026.03.07 04:00;68083.85;68138.56;67435.56;67829.87;39.26;9.58;31.83;11.78;10.55;-0.389;NEUTRE;0;-62.4;-2;0
2026.03.07 00:00;68094.81;68734.55;68043.00;68094.48;37.04;11.05;23.44;10.72;9.14;-0.000;NEUTRE;0;;;0
2026.03.06 20:00;68104.84;68423.78;67748.77;68098.62;37.21;5.84;27.04;9.14;10.63;-3.906;STRONG_DOWN;-2;-75.4;-3;0
2026.03.06 16:00;68490.21;68786.64;67722.55;68103.08;33.01;6.73;31.20;7.56;14.83;-3.899;STRONG_DOWN;-2;-78.2;-3;1
2026.03.06 12:00;70200.33;70344.83;68297.96;68497.49;28.16;7.77;27.68;15.20;19.03;-3.343;STRONG_DOWN;-2;-79.7;-3;1
2026.03.06 08:00;71048.84;71061.33;70182.49;70199.27;23.86;8.96;17.78;21.74;18.38;-0.941;NEUTRE;0;-66.7;-3;1
2026.03.06 04:00;71064.45;71173.04;70134.85;71045.56;22.46;10.34;20.51;20.16;15.09;0.253;NEUTRE;0;51.3;2;0
2026.03.06 00:00;70866.41;71465.48;70379.73;71067.11;20.84;11.94;20.04;13.26;16.57;0.283;NEUTRE;0;;;0
2026.03.05 20:00;70917.67;71560.31;70768.72;70866.41;20.15;13.77;17.61;11.85;24.53;-2.574;STRONG_DOWN;-2;-68.5;-3;0
2026.03.05 16:00;71655.40;71655.40;70640.96;70924.30;21.37;15.89;20.32;24.61;39.14;-2.494;STRONG_DOWN;-2;-72;-3;1
2026.03.05 12:00;72910.97;73080.25;71168.33;71655.40;22.77;18.33;15.45;37.12;53.35;-1.489;SOFT_DOWN;-1;-67.8;-3;1
2026.03.05 08:00;72050.13;73561.36;71762.99;72910.97;24.96;21.16;13.04;55.69;68.22;0.237;NEUTRE;0;30.3;1;1
2026.03.05 04:00;72499.82;73083.28;71776.90;72047.86;25.15;20.32;15.04;67.24;79.91;-0.950;NEUTRE;0;-77.9;-3;0
2026.03.05 00:00;72738.54;73301.64;72348.07;72499.85;26.72;23.45;10.63;81.73;88.43;-0.328;NEUTRE;0;;;0
2026.03.04 20:00;73668.13;73731.60;72326.52;72738.54;25.05;27.05;12.27;90.77;92.29;6.463;EXPLOSIVE_UP;3;81.1;3;0
2026.03.04 16:00;73425.96;74074.13;72590.61;73648.71;23.11;31.22;11.26;92.78;88.66;7.795;SPIKE_UP;4;84.1;3;1
2026.03.04 12:00;71092.56;73485.30;70574.33;73453.28;19.44;29.91;13.00;93.31;83.62;7.509;EXPLOSIVE_UP;3;85.4;3;1
2026.03.04 08:00;69485.52;71884.44;69135.17;71093.71;16.37;26.05;15.00;79.89;75.43;4.055;STRONG_UP;2;84.3;3;1
2026.03.04 04:00;67720.35;69606.88;67445.52;69488.15;14.75;17.32;17.30;77.67;70.32;1.706;SOFT_UP;1;83.2;3;0
2026.03.04 00:00;68322.89;68890.51;67381.92;67720.35;17.01;14.88;19.96;68.72;58.69;-0.882;NEUTRE;0;;;0
2026.03.03 20:00;68422.29;68837.46;67809.79;68324.26;17.38;17.17;18.67;64.57;49.45;-0.722;NEUTRE;0;-35.4;-1;0
2026.03.03 16:00;67705.12;68983.92;67472.45;68426.64;19.41;19.81;21.55;42.78;43.50;-0.573;NEUTRE;0;-35.2;-1;1
2026.03.03 12:00;66996.70;67917.99;66143.75;67711.46;21.75;12.01;24.86;41.00;50.01;-1.612;SOFT_DOWN;-1;-69.3;-3;1
2026.03.03 08:00;68160.08;68299.11;66322.29;66992.85;19.73;13.86;27.14;46.73;58.83;-2.656;STRONG_DOWN;-2;-81.3;-3;1
2026.03.03 04:00;68350.74;68545.53;67783.19;68171.81;17.78;15.99;19.94;62.29;68.80;-0.943;NEUTRE;0;-77.9;-3;0
2026.03.03 00:00;68820.99;69252.75;68206.21;68351.79;18.83;18.45;14.47;67.48;73.83;-0.682;NEUTRE;0;;;0
2026.03.02 20:00;68964.41;69535.35;68589.07;68821.36;19.87;21.29;11.07;76.61;75.11;4.659;EXPLOSIVE_UP;3;77.7;3;0
2026.03.02 16:00;69112.50;70389.08;68583.68;68972.98;18.07;24.56;12.78;77.40;69.97;4.889;EXPLOSIVE_UP;3;80.6;3;1
2026.03.02 12:00;66342.85;69608.05;65241.97;69112.06;15.99;21.68;14.74;71.30;60.39;5.101;EXPLOSIVE_UP;3;83.2;3;1
2026.03.02 08:00;65993.38;66715.35;65639.69;66350.46;15.52;14.83;17.01;61.20;49.12;0.901;NEUTRE;0;65.7;3;1
2026.03.02 04:00;66804.18;66992.18;65532.65;65999.81;16.85;17.11;19.63;48.68;36.81;0.368;NEUTRE;0;61.1;2;0
2026.03.02 00:00;65758.01;67053.46;65741.34;66804.78;18.39;19.74;20.45;37.48;32.10;1.592;SOFT_UP;1;;;0
2026.03.01 20:00;65948.03;66318.01;65024.51;65755.76;20.95;14.16;23.59;24.28;39.16;-1.794;SOFT_DOWN;-1;-60.5;-2;0
2026.03.01 16:00;66825.89;67108.22;65708.72;65950.34;20.33;16.33;19.08;34.54;55.29;-1.503;SOFT_DOWN;-1;-61.6;-2;0
2026.03.01 12:00;66454.02;67317.32;66130.79;66833.63;22.26;18.85;17.38;58.67;71.07;-0.184;NEUTRE;0;-16.8;0;0
2026.03.01 08:00;67127.01;67282.22;66216.78;66457.15;25.06;21.75;18.94;72.67;80.40;-0.746;NEUTRE;0;-61.4;-2;0
2026.03.01 04:00;67492.69;67601.70;66776.12;67126.72;27.86;25.09;13.77;81.86;82.91;0.254;NEUTRE;0;51.4;2;0
2026.03.01 00:00;66956.72;68184.45;66065.06;67493.81;27.66;28.95;15.89;86.67;76.07;0.802;NEUTRE;0;;;0
2026.02.28 20:00;66356.07;67731.81;66180.30;66956.64;27.44;30.12;18.34;80.21;59.29;1.678;SOFT_UP;1;58.8;2;0
2026.02.28 16:00;64828.27;66638.99;64664.73;66350.05;27.92;23.92;21.16;61.34;41.03;0.757;NEUTRE;0;43;1;0
2026.02.28 12:00;63830.86;65355.86;63817.31;64827.93;31.28;17.60;24.42;36.31;29.27;-1.555;SOFT_DOWN;-1;-68.6;-3;0
2026.02.28 08:00;63806.67;64294.64;63353.41;63829.60;33.59;9.69;28.17;25.43;24.23;-3.071;STRONG_DOWN;-2;-82.5;-3;0
2026.02.28 04:00;65777.74;65809.08;63020.00;63813.21;31.25;11.18;32.51;26.06;21.81;-3.095;STRONG_DOWN;-2;-86.2;-3;0
2026.02.28 00:00;65851.60;66002.29;65711.28;65774.69;28.55;12.90;22.66;21.18;16.78;-0.117;NEUTRE;0;;;0
2026.02.27 20:00;65369.87;65936.48;64931.07;65848.37;28.72;11.41;26.15;18.20;18.66;-2.411;SOFT_DOWN;-1;-67.2;-3;0
2026.02.27 16:00;66085.54;66114.45;65100.63;65371.05;27.10;13.17;27.58;10.96;25.54;-3.118;STRONG_DOWN;-2;-75.4;-3;1
2026.02.27 12:00;66105.87;66335.95;65646.32;66086.12;25.83;15.19;23.54;26.82;38.95;-2.059;SOFT_DOWN;-1;-73.5;-3;1
2026.02.27 08:00;67670.36;68139.80;65951.02;66108.96;26.49;17.53;20.36;38.83;45.24;-2.025;SOFT_DOWN;-1;-78.7;-3;1
2026.02.27 04:00;67590.76;68206.63;67442.32;67666.96;29.41;20.22;13.01;51.21;43.58;0.284;NEUTRE;0;54.4;2;0
2026.02.27 00:00;67475.12;67702.06;66868.55;67590.99;30.60;13.18;15.01;45.68;36.04;0.172;NEUTRE;0;;;0
2026.02.26 20:00;67574.14;67816.05;67129.98;67475.00;34.30;15.21;12.50;33.86;32.81;-0.741;NEUTRE;0;-36.1;-1;0
2026.02.26 16:00;67376.56;67876.81;66491.76;67570.69;38.07;17.55;14.42;28.57;38.89;-0.600;NEUTRE;0;-36.5;-1;1
2026.02.26 12:00;68030.59;68286.63;66751.19;67379.04;42.43;20.25;13.76;36.01;49.46;-0.882;NEUTRE;0;-55.4;-2;1
2026.02.26 08:00;67826.47;68705.52;67786.07;68030.85;46.02;23.36;5.51;52.11;61.77;0.077;NEUTRE;0;10.7;0;1
2026.02.26 04:00;68205.15;68844.98;67818.04;67829.88;43.59;26.95;5.82;60.26;71.61;-0.219;NEUTRE;0;-47.2;-2;0
2026.02.26 00:00;67978.48;68697.58;67717.47;68204.18;40.37;28.89;6.71;72.95;80.51;0.332;NEUTRE;0;;;0
2026.02.25 20:00;69035.47;69989.33;67597.08;67978.78;37.00;33.34;7.75;81.63;81.86;6.125;EXPLOSIVE_UP;3;80.6;3;0
2026.02.25 16:00;67404.03;69562.17;67400.80;69040.93;33.11;35.72;8.94;86.95;77.86;7.783;SPIKE_UP;4;84;3;1
2026.02.25 12:00;65407.20;67576.42;65301.82;67415.44;28.98;27.08;10.31;77.02;72.42;5.245;EXPLOSIVE_UP;3;83.4;3;1
2026.02.25 08:00;65012.10;65669.69;64940.01;65408.32;26.53;18.35;11.90;69.61;71.71;2.112;SOFT_UP;1;79.1;3;1
2026.02.25 04:00;65374.92;65638.28;64739.08;65012.86;27.34;20.51;13.73;70.65;71.48;1.494;SOFT_UP;1;82.3;3;0
2026.02.25 00:00;64055.55;66294.37;63901.04;65373.89;28.50;23.67;15.84;74.88;64.26;2.058;SOFT_UP;1;;;0
2026.02.24 20:00;64427.54;64582.36;63832.97;64057.43;29.84;16.30;18.28;68.91;48.09;-0.842;NEUTRE;0;-39.7;-1;0
2026.02.24 16:00;63962.01;64714.15;63679.76;64428.54;33.54;18.81;21.09;48.99;29.25;-0.268;NEUTRE;0;-18.3;0;1
2026.02.24 12:00;63201.12;64019.83;62521.32;63962.01;37.83;11.38;24.34;26.39;17.96;-0.990;NEUTRE;0;-58.4;-2;1
2026.02.24 08:00;63140.24;63386.27;62887.49;63201.12;38.06;6.62;28.08;12.38;13.29;-2.168;SOFT_DOWN;-1;-79.4;-3;1
2026.02.24 04:00;63539.02;63571.24;62671.35;63147.93;34.41;7.64;32.41;15.12;16.95;-2.250;SOFT_DOWN;-1;-84.8;-3;0
2026.02.24 00:00;64601.63;64962.90;63295.95;63539.02;30.19;8.82;26.71;12.38;22.79;-1.645;SOFT_DOWN;-1;;;0
2026.02.23 20:00;64250.03;64974.93;63840.07;64601.63;27.08;10.18;25.80;23.34;33.70;-4.424;EXPLOSIVE_DOWN;-3;-77.1;-3;0
2026.02.23 16:00;65606.85;65691.56;64070.08;64249.31;24.57;11.74;26.65;32.64;38.15;-4.945;EXPLOSIVE_DOWN;-3;-80.7;-3;1
2026.02.23 12:00;66169.37;66470.19;65481.50;65606.85;22.38;13.55;17.36;45.12;37.35;-2.937;STRONG_DOWN;-2;-78.3;-3;1
2026.02.23 08:00;65918.48;66567.56;65540.03;66169.37;23.92;15.63;19.12;36.70;29.36;-2.104;SOFT_DOWN;-1;-79.1;-3;1
2026.02.23 04:00;64897.04;65967.73;64646.74;65918.48;26.06;9.06;22.06;30.23;27.41;-2.476;STRONG_DOWN;-2;-85.3;-3;0
2026.02.23 00:00;67591.80;67630.56;64284.79;64896.95;23.64;10.45;25.46;21.15;27.81;-3.987;STRONG_DOWN;-2;;;0
2026.02.22 20:00;67364.35;67691.30;67294.98;67592.38;20.85;12.06;15.53;30.85;31.63;-0.531;NEUTRE;0;-27.6;-1;0
2026.02.22 16:00;67645.91;67668.53;67140.77;67364.35;22.12;13.03;17.92;31.42;31.80;-0.867;NEUTRE;0;-46.9;-2;0
2026.02.22 12:00;68170.30;68198.92;67254.94;67645.91;23.09;15.03;17.35;32.61;32.60;-0.452;NEUTRE;0;-36.6;-1;0
2026.02.22 08:00;67970.20;68217.77;67875.88;68170.30;25.54;17.35;9.90;31.36;40.75;0.319;NEUTRE;0;38.2;1;0
2026.02.22 04:00;67993.24;68134.28;67829.54;67970.20;25.27;16.26;11.42;33.84;55.74;0.025;NEUTRE;0;7;0;0
2026.02.22 00:00;67953.31;68172.72;67773.20;67993.24;26.46;18.76;13.18;57.06;74.10;0.059;NEUTRE;0;;;0
2026.02.21 20:00;68494.59;68556.85;67869.18;67955.04;27.84;21.65;11.51;76.32;83.58;-0.026;NEUTRE;0;-1.5;0;0
2026.02.21 16:00;68566.02;68614.03;68056.79;68494.59;27.42;24.98;9.08;88.93;83.03;0.768;NEUTRE;0;43.4;1;0
2026.02.21 12:00;68053.96;68650.90;67872.84;68566.03;24.46;28.82;10.48;85.49;78.55;0.873;NEUTRE;0;55.1;2;0
2026.02.21 08:00;67812.75;68254.22;67776.50;68053.96;21.04;25.41;12.09;74.66;73.55;0.119;NEUTRE;0;16.3;0;0
2026.02.21 04:00;67552.98;67854.37;67331.70;67812.75;18.81;16.44;13.95;75.49;72.21;-0.235;NEUTRE;0;-49.2;-2;0
2026.02.21 00:00;67972.80;68054.24;67490.52;67552.98;20.45;18.97;11.42;70.49;67.50;-0.618;NEUTRE;0;;;0
2026.02.20 20:00;67597.00;68173.06;67487.61;67972.80;19.77;21.89;13.18;70.65;67.85;1.532;SOFT_UP;1;56.5;2;0
2026.02.20 16:00;67561.57;67967.02;66905.16;67597.00;18.99;20.64;15.20;61.37;71.01;0.970;NEUTRE;0;50.1;2;1
2026.02.20 12:00;67251.12;68039.63;66392.56;67562.27;19.57;23.81;17.54;71.52;80.40;0.918;NEUTRE;0;56.4;2;1
2026.02.20 08:00;67775.90;68258.17;67229.03;67251.12;20.25;27.47;12.43;80.12;85.44;0.454;NEUTRE;0;48.2;2;1
2026.02.20 04:00;67305.34;67958.95;67054.08;67775.90;17.57;27.23;14.34;89.56;82.17;1.237;NEUTRE;0;80.7;3;0
2026.02.20 00:00;66947.47;67425.92;66884.32;67305.39;15.50;22.35;16.55;86.63;70.22;0.535;NEUTRE;0;;;0
2026.02.19 20:00;66995.60;67117.83;66593.91;66947.86;15.59;17.04;19.09;70.31;56.39;0.831;NEUTRE;0;39.3;1;0
2026.02.19 16:00;66337.52;67121.53;65869.06;66995.91;17.12;19.66;22.03;53.72;47.64;0.903;NEUTRE;0;48;2;1
2026.02.19 12:00;66430.09;66662.97;65590.49;66343.22;18.88;17.05;25.42;45.12;42.80;-0.080;NEUTRE;0;-7.5;0;1
2026.02.19 08:00;67147.21;67147.21;66364.78;66430.09;18.75;19.68;18.22;44.06;36.21;0.051;NEUTRE;0;7.2;0;1
2026.02.19 04:00;66916.06;67257.05;66625.25;67147.21;21.05;22.70;15.91;39.20;30.38;1.131;NEUTRE;0;79.8;3;0
2026.02.19 00:00;66396.18;66926.07;66286.93;66916.06;21.58;18.14;18.35;25.35;27.20;0.783;NEUTRE;0;;;0
2026.02.18 20:00;66111.82;66475.18;66034.88;66396.18;24.81;10.08;21.18;26.59;38.17;-1.559;SOFT_DOWN;-1;-56.9;-2;0
2026.02.18 16:00;67636.28;67642.64;65817.28;66113.63;23.16;11.63;24.43;29.66;48.48;-1.978;SOFT_DOWN;-1;-67.7;-3;1
2026.02.18 12:00;67311.10;68298.81;66666.71;67636.33;21.25;13.41;21.03;58.25;58.40;0.280;NEUTRE;0;24.7;0;1
2026.02.18 08:00;68057.21;68412.75;67023.67;67311.10;21.12;15.48;20.91;57.51;54.51;-0.202;NEUTRE;0;-26.5;-1;1
2026.02.18 04:00;67561.37;68160.27;67436.10;68057.86;22.07;17.86;19.55;59.43;48.26;0.905;NEUTRE;0;77.4;3;0
2026.02.18 00:00;67447.44;67647.89;66837.46;67561.39;24.77;9.72;22.56;46.59;39.47;0.169;NEUTRE;0;;;0
2026.02.17 20:00;67727.46;67862.81;67319.68;67447.44;22.46;11.22;16.88;38.77;34.27;-2.009;SOFT_DOWN;-1;-63.2;-2;0
2026.02.17 16:00;67330.75;68175.35;66815.63;67726.26;22.82;12.94;19.48;33.04;33.19;-1.604;SOFT_DOWN;-1;-63.1;-2;1
2026.02.17 12:00;67782.89;68294.35;66572.16;67332.79;23.23;14.93;22.47;31.02;37.39;-2.175;SOFT_DOWN;-1;-74.4;-3;1
2026.02.17 08:00;68328.87;68417.60;67618.23;67782.89;23.70;17.23;16.59;35.53;40.40;-1.521;SOFT_DOWN;-1;-75.1;-3;1
2026.02.17 04:00;68404.74;68642.01;67825.64;68328.84;27.05;19.88;15.15;45.64;38.25;-0.728;NEUTRE;0;-74.4;-3;0
2026.02.17 00:00;68830.06;69135.39;68326.29;68404.61;29.13;22.94;8.04;40.04;31.15;-0.618;NEUTRE;0;;;0
2026.02.16 20:00;67853.77;68924.70;67765.24;68830.06;26.22;22.46;9.28;29.07;25.97;0.081;NEUTRE;0;4.6;0;0
2026.02.16 16:00;67473.10;68180.01;67445.93;67853.77;23.86;16.04;10.71;24.33;24.95;-1.338;SOFT_DOWN;-1;-58.7;-2;1
2026.02.16 12:00;68763.10;70059.08;67229.96;67473.09;24.46;18.50;12.35;24.52;23.54;-1.892;SOFT_DOWN;-1;-72.2;-3;1
2026.02.16 08:00;68519.41;68984.69;68272.34;68763.10;25.16;15.51;14.25;25.99;20.52;-0.016;NEUTRE;0;-2.3;0;1
2026.02.16 04:00;68358.01;68832.64;68165.68;68519.78;28.38;14.61;16.45;20.11;17.30;-0.370;NEUTRE;0;-61.2;-2;0
2026.02.16 00:00;68774.09;68990.52;68084.27;68358.01;31.84;16.86;18.98;15.44;18.35;-0.605;NEUTRE;0;;;0
2026.02.15 20:00;68223.77;69021.21;68059.89;68768.73;35.83;19.45;21.89;16.36;30.78;-1.424;SOFT_DOWN;-1;-54.5;-2;0
2026.02.15 16:00;69044.14;69044.14;67999.21;68223.77;40.43;22.44;25.26;23.24;49.16;-2.206;SOFT_DOWN;-1;-69.8;-3;0
2026.02.15 12:00;70239.68;70355.34;68723.03;69044.13;45.74;25.90;18.49;52.73;65.16;-1.030;NEUTRE;0;-59.4;-2;0
2026.02.15 08:00;70770.09;70920.04;70130.07;70239.68;50.21;29.88;8.08;71.50;67.80;0.684;NEUTRE;0;59.3;2;0
2026.02.15 04:00;69904.44;70870.47;69886.14;70770.09;49.10;33.51;9.32;71.24;64.46;1.444;SOFT_UP;1;82;3;0
2026.02.15 00:00;69762.38;69945.54;69194.99;69904.44;47.97;24.21;10.75;60.66;65.62;0.204;NEUTRE;0;;;0
2026.02.14 20:00;69822.96;70195.92;69612.29;69762.64;49.42;27.93;3.85;61.48;73.68;1.444;SOFT_UP;1;54.9;2;0
2026.02.14 16:00;69740.44;69868.27;69238.38;69822.63;45.37;23.60;4.45;74.74;83.65;1.532;SOFT_UP;1;62.1;2;0
2026.02.14 12:00;70438.78;70455.64;69172.32;69740.44;41.84;27.23;5.13;84.83;87.68;1.412;SOFT_UP;1;66.7;3;0
2026.02.14 08:00;69152.76;70480.21;69143.47;70440.42;37.77;31.41;5.92;91.38;87.89;2.430;SOFT_UP;1;80.5;3;0
2026.02.14 04:00;68912.19;69275.73;68669.25;69153.40;33.08;22.38;6.83;86.84;85.80;0.559;NEUTRE;0;70;3;0
2026.02.14 00:00;68769.28;69074.76;68701.73;68912.24;29.98;20.73;7.88;85.46;86.31;0.208;NEUTRE;0;;;0
2026.02.13 20:00;68870.25;69015.09;68611.68;68769.28;27.68;21.46;9.09;85.10;81.06;3.902;STRONG_UP;2;75.4;3;0
2026.02.13 16:00;68620.38;69349.76;68470.98;68878.76;25.71;24.76;10.49;88.35;70.19;4.067;STRONG_UP;2;78.7;3;1
2026.02.13 12:00;67092.64;69223.88;66792.42;68623.42;23.43;26.36;12.10;69.73;53.10;3.681;STRONG_UP;2;80.6;3;1
2026.02.13 08:00;66124.84;67136.21;66102.20;67092.64;21.34;17.21;13.97;52.50;40.80;1.369;SOFT_UP;1;73.5;3;1
2026.02.13 04:00;66479.18;66596.85;65926.27;66124.84;23.02;11.83;16.11;37.08;32.47;-0.094;NEUTRE;0;-24.8;0;0
2026.02.13 00:00;66186.82;66705.44;65779.46;66477.51;24.20;13.65;18.59;32.84;35.21;0.439;NEUTRE;0;;;0
2026.02.12 20:00;65706.94;66400.98;65129.52;66186.82;25.57;10.70;21.45;27.50;43.54;-1.229;NEUTRE;0;-50.4;-2;0
2026.02.12 16:00;67071.54;67160.34;65042.89;65705.76;24.36;12.34;24.75;45.30;55.94;-1.947;SOFT_DOWN;-1;-67.4;-3;1
2026.02.12 12:00;68045.48;68333.39;66959.95;67067.67;22.96;14.24;14.63;57.83;57.66;0.085;NEUTRE;0;7.9;0;1
2026.02.12 08:00;67144.20;68203.81;66814.63;68047.59;26.28;14.98;16.89;64.68;55.59;1.547;SOFT_UP;1;75.3;3;1
2026.02.12 04:00;67504.41;67607.28;66583.71;67146.17;29.40;10.68;19.48;50.46;46.96;0.202;NEUTRE;0;44.9;1;0
2026.02.12 00:00;67010.69;67968.49;66977.06;67504.41;29.43;12.32;16.57;51.62;40.37;0.737;NEUTRE;0;;;0
2026.02.11 20:00;67505.11;68258.60;66704.29;67011.78;31.70;14.22;19.12;38.81;29.25;-2.563;STRONG_DOWN;-2;-68.4;-3;0
2026.02.11 16:00;66457.76;67783.97;65795.50;67505.11;34.32;11.71;22.06;30.67;21.52;-1.845;SOFT_DOWN;-1;-66.2;-3;1
2026.02.11 12:00;67000.45;68732.46;65681.21;66458.38;34.88;13.51;25.45;18.28;18.60;-3.367;STRONG_DOWN;-2;-79.7;-3;1
2026.02.11 08:00;66965.11;67055.48;66316.55;67000.45;35.53;7.13;29.37;15.60;24.05;-2.579;STRONG_DOWN;-2;-81.1;-3;1
2026.02.11 04:00;68113.92;68255.08;66481.84;66964.80;31.62;8.23;30.45;21.91;33.44;-2.631;STRONG_DOWN;-2;-85.6;-3;0
2026.02.11 00:00;68774.27;69221.06;67943.74;68113.92;27.65;9.49;22.45;34.64;36.36;-0.960;NEUTRE;0;;;0
2026.02.10 20:00;69006.91;69079.84;68284.47;68774.27;25.66;10.95;21.80;43.77;32.63;-1.855;SOFT_DOWN;-1;-61.3;-2;0
2026.02.10 16:00;69228.41;69946.80;68582.59;69006.91;24.52;12.64;19.38;30.68;25.48;-1.523;SOFT_DOWN;-1;-61.9;-2;1
2026.02.10 12:00;68446.07;69507.05;67845.86;69227.07;25.05;9.63;22.37;23.44;29.15;-1.209;NEUTRE;0;-63.3;-2;1
2026.02.10 08:00;68832.75;69329.07;68375.26;68448.44;22.78;11.11;20.90;22.31;42.43;-2.320;SOFT_DOWN;-1;-80.1;-3;1
2026.02.10 04:00;69430.55;69828.53;68594.22;68832.75;21.57;12.82;20.59;41.71;54.10;-1.772;SOFT_DOWN;-1;-83.5;-3;0
2026.02.10 00:00;70074.22;70450.19;69131.19;69430.55;21.31;14.79;17.06;63.28;53.78;-0.919;NEUTRE;0;;;0
2026.02.09 20:00;70891.53;71070.46;69758.98;70074.67;23.49;17.06;12.36;57.29;40.03;-0.260;NEUTRE;0;-14.4;0;0
2026.02.09 16:00;69503.38;71010.99;69025.47;70891.63;24.65;18.99;14.27;40.78;31.26;0.903;NEUTRE;0;48;2;1
2026.02.09 12:00;68819.35;69810.02;68235.22;69503.70;26.26;12.60;16.46;22.01;32.27;-1.073;NEUTRE;0;-60.4;-2;1
2026.02.09 08:00;70337.00;70525.99;68326.34;68819.35;28.25;14.54;18.10;30.99;46.97;-2.047;SOFT_DOWN;-1;-78.8;-3;1
2026.02.09 04:00;71229.37;71273.42;70240.77;70337.00;30.92;16.78;7.50;43.81;60.80;0.114;NEUTRE;0;29.3;1;0
2026.02.09 00:00;70257.25;71355.07;69996.55;71229.37;29.80;19.36;8.65;66.11;76.56;1.384;SOFT_UP;1;;;0
2026.02.08 20:00;71349.00;72138.17;69910.37;70257.49;28.50;22.34;9.98;72.50;84.01;1.481;SOFT_UP;1;55.6;2;0
2026.02.08 16:00;71096.50;71447.12;70182.03;71346.09;27.01;21.01;11.52;91.08;86.75;3.053;STRONG_UP;2;75.1;3;0
2026.02.08 12:00;70904.91;71472.17;70615.63;71096.50;26.68;24.24;8.02;88.46;76.37;2.692;STRONG_UP;2;77.3;3;0
2026.02.08 08:00;69622.73;71117.61;69441.63;70904.91;23.05;21.60;9.25;80.71;63.30;2.416;SOFT_UP;1;80.5;3;0
2026.02.08 04:00;69022.62;69630.20;68893.07;69626.63;20.44;11.27;10.68;59.93;50.99;0.569;NEUTRE;0;70.4;3;0
2026.02.08 00:00;69232.44;69623.01;68811.73;69022.62;23.17;12.85;12.32;49.26;42.08;-0.303;NEUTRE;0;;;0
2026.02.07 20:00;69259.46;69649.34;68714.17;69231.01;26.40;14.83;14.22;43.77;35.84;-1.794;SOFT_DOWN;-1;-60.5;-2;0
2026.02.07 16:00;69063.11;69677.60;68522.72;69255.85;30.14;17.11;16.40;33.21;38.77;-1.759;SOFT_DOWN;-1;-65.2;-3;0
2026.02.07 12:00;67896.45;69893.81;67835.70;69063.11;34.45;19.74;18.93;30.53;52.02;-2.032;SOFT_DOWN;-1;-73.3;-3;0
2026.02.07 08:00;68029.52;68756.11;67541.69;67899.08;39.43;14.28;21.84;52.55;71.69;-3.683;STRONG_DOWN;-2;-83.7;-3;0
2026.02.07 04:00;70855.55;71569.56;67302.85;68029.51;42.28;16.47;25.20;72.98;84.58;-3.498;STRONG_DOWN;-2;-86.7;-3;0
2026.02.07 00:00;70495.71;70861.70;69654.75;70852.40;45.56;19.01;20.59;89.55;89.82;0.506;NEUTRE;0;;;0
2026.02.06 20:00;70640.28;71656.88;69769.51;70495.71;51.95;21.93;22.30;91.21;83.40;12.326;SPIKE_UP;4;85.3;3;0
2026.02.06 16:00;68598.22;71450.36;68450.97;70641.08;59.81;23.62;25.73;88.69;69.57;12.558;SPIKE_UP;4;86.3;3;1
2026.02.06 12:00;66527.76;69130.07;66001.15;68597.61;68.36;15.35;29.69;70.29;49.55;9.302;SPIKE_UP;4;86.3;3;1
2026.02.06 08:00;64738.82;66656.43;64405.73;66528.26;73.98;5.55;34.26;49.74;31.12;6.005;EXPLOSIVE_UP;3;86.1;3;1
2026.02.06 04:00;64062.83;66680.32;63864.63;64735.13;74.26;6.41;39.53;28.61;15.95;3.148;STRONG_UP;2;86.3;3;0
2026.02.06 00:00;62759.66;65808.99;59942.04;64062.77;74.60;2.63;45.61;15.01;8.47;2.076;SOFT_UP;1;;;0
2026.02.05 20:00;65095.80;65477.20;62563.24;62760.19;72.37;3.04;45.75;4.22;6.71;-13.995;SPIKE_DOWN;-4;-85.9;-3;0
2026.02.05 16:00;67328.89;68494.87;65033.96;65098.81;70.03;3.50;39.74;6.18;7.45;-10.790;SPIKE_DOWN;-4;-85.7;-3;1
2026.02.05 12:00;70165.26;70703.41;66542.80;67326.07;67.91;4.04;39.15;9.73;9.28;-7.738;SPIKE_DOWN;-4;-85.5;-3;1
2026.02.05 08:00;70550.71;71792.87;69788.02;70165.26;65.85;4.66;33.18;6.44;12.76;-3.847;STRONG_DOWN;-2;-84;-3;1
2026.02.05 04:00;71055.30;71407.43;69973.65;70550.71;64.39;2.42;38.28;11.68;19.15;-3.319;STRONG_DOWN;-2;-86.5;-3;0
2026.02.05 00:00;72972.80;73147.26;70983.05;71054.12;60.74;2.80;33.34;20.17;28.03;-2.629;STRONG_DOWN;-2;;;0
2026.02.04 20:00;73733.48;73952.90;71685.50;72980.84;57.09;3.23;33.47;25.59;37.80;-3.505;STRONG_DOWN;-2;-73.8;-3;0
2026.02.04 16:00;73961.92;74077.63;72009.51;73733.01;53.19;3.72;36.43;38.33;49.64;-2.510;STRONG_DOWN;-2;-72.1;-3;1
2026.02.04 12:00;75869.70;76125.48;73649.26;73960.15;48.84;4.29;29.83;49.48;55.70;-2.210;SOFT_DOWN;-1;-74.6;-3;1
2026.02.04 08:00;76379.24;76469.00;75516.49;75872.97;44.84;4.96;22.82;61.11;54.47;0.319;NEUTRE;0;38.2;1;1
2026.02.04 04:00;76572.55;76693.05;75978.07;76379.24;41.84;5.72;18.87;56.52;47.46;0.988;NEUTRE;0;78.4;3;0
2026.02.04 00:00;75631.63;76831.78;75324.74;76572.55;40.05;6.60;21.78;45.78;40.06;1.244;NEUTRE;0;;;0
2026.02.03 20:00;74811.82;76832.01;74464.12;75630.11;37.98;7.61;25.13;40.09;40.94;-3.821;STRONG_DOWN;-2;-75.1;-3;0
2026.02.03 16:00;78032.34;78040.35;72848.89;74811.82;35.59;8.78;29.00;34.30;48.08;-4.861;EXPLOSIVE_DOWN;-3;-80.5;-3;1
2026.02.03 12:00;77973.27;78348.80;76964.06;78032.31;32.83;10.13;21.26;48.43;63.62;-0.766;NEUTRE;0;-51.5;-2;1
2026.02.03 08:00;78690.58;78976.32;77841.65;77973.27;32.43;11.69;14.78;61.51;74.82;-0.841;NEUTRE;0;-64.2;-2;1
2026.02.03 04:00;78658.56;78899.58;77849.10;78690.60;35.63;12.45;17.06;80.92;82.89;0.071;NEUTRE;0;19.3;0;0
2026.02.03 00:00;78634.48;79092.03;77562.49;78658.56;38.71;14.37;19.68;82.04;84.07;0.031;NEUTRE;0;;;0
2026.02.02 20:00;78250.29;78867.72;77817.82;78634.49;42.26;16.58;20.14;85.72;81.57;2.306;SOFT_UP;1;66.2;3;0
2026.02.02 16:00;78794.35;79226.66;78180.98;78253.14;47.27;19.13;17.92;84.44;71.11;1.810;SOFT_UP;1;65.8;3;1
2026.02.02 12:00;77648.22;79209.53;77493.81;78795.71;54.04;21.82;20.67;74.55;56.35;2.516;STRONG_UP;2;76.4;3;1
2026.02.02 08:00;76530.60;77855.15;76498.19;77648.22;61.94;13.03;23.85;54.34;41.64;1.023;NEUTRE;0;68.4;3;1
2026.02.02 04:00;76182.31;76797.04;74799.68;76530.54;66.96;3.04;27.52;40.16;32.63;-0.431;NEUTRE;0;-64.8;-2;0
2026.02.02 00:00;76862.16;78041.01;74500.01;76182.22;64.93;3.51;31.76;30.42;30.50;-0.885;NEUTRE;0;;;0
2026.02.01 20:00;77059.95;77649.56;75641.91;76862.16;62.60;4.05;31.68;27.31;32.39;-2.241;SOFT_DOWN;-1;-65.6;-3;0
2026.02.01 16:00;77503.29;78324.23;76882.58;77059.95;60.33;4.67;27.05;33.77;35.54;-1.989;SOFT_DOWN;-1;-67.8;-3;0
2026.02.01 12:00;78660.95;78675.74;76704.77;77501.25;58.76;5.39;31.21;36.09;35.31;-1.428;SOFT_DOWN;-1;-66.9;-3;0
2026.02.01 08:00;78240.92;79125.09;78041.12;78660.95;56.94;6.22;25.58;36.75;32.84;0.047;NEUTRE;0;6.6;0;0
2026.02.01 04:00;78748.69;78994.69;77893.77;78240.92;56.33;5.32;29.52;33.08;28.21;-0.487;NEUTRE;0;-67.4;-3;0
2026.02.01 00:00;78623.98;79305.07;78191.96;78748.69;54.31;6.14;29.89;28.68;24.23;0.159;NEUTRE;0;;;0
2026.01.31 20:00;77614.50;79101.97;76962.99;78621.36;52.53;4.28;34.49;22.86;26.28;-6.510;EXPLOSIVE_DOWN;-3;-81.1;-3;0
2026.01.31 16:00;81144.81;81872.76;76109.97;77613.66;48.62;4.94;39.79;21.16;38.37;-7.709;SPIKE_DOWN;-4;-84;-3;0
2026.01.31 12:00;82832.14;82927.06;80706.43;81145.95;44.11;5.70;33.64;34.81;56.19;-3.508;STRONG_DOWN;-2;-80.2;-3;0
2026.01.31 08:00;83361.84;83447.72;82419.81;82833.37;39.97;6.57;26.95;59.14;72.55;-1.502;SOFT_DOWN;-1;-74.9;-3;0
2026.01.31 04:00;83847.11;83965.25;83224.08;83361.84;36.76;7.58;19.06;74.62;77.07;-0.873;NEUTRE;0;-76.9;-3;0
2026.01.31 00:00;84096.22;84115.59;83638.14;83847.11;35.79;8.75;13.40;83.88;71.68;-0.296;NEUTRE;0;;;0
2026.01.30 20:00;84081.23;84335.00;83363.77;84096.22;38.07;10.10;15.46;72.69;55.49;-0.446;NEUTRE;0;-23.7;0;0
2026.01.30 16:00;82712.86;84458.57;81739.31;84084.39;40.70;11.65;17.83;58.45;40.31;-0.460;NEUTRE;0;-29.5;-1;1
2026.01.30 12:00;82971.47;83629.40;82237.59;82713.95;43.73;8.75;20.58;35.31;28.39;-2.083;SOFT_DOWN;-1;-73.7;-3;1
2026.01.30 08:00;82624.27;83129.30;81984.37;82971.47;44.26;4.57;23.74;27.18;22.77;-1.778;SOFT_DOWN;-1;-77.1;-3;1
2026.01.30 04:00;82513.80;83169.80;81893.09;82622.77;40.65;5.27;27.40;22.69;18.57;-2.191;SOFT_DOWN;-1;-84.7;-3;0
2026.01.30 00:00;84473.28;84560.19;81004.31;82513.80;36.48;6.08;31.61;18.43;13.96;-2.320;SOFT_DOWN;-1;;;0
2026.01.29 20:00;83800.68;84559.99;83623.28;84473.69;31.67;7.02;25.14;14.59;11.73;-5.224;EXPLOSIVE_DOWN;-3;-79;-3;0
2026.01.29 16:00;84744.93;85452.48;83195.16;83799.81;27.87;8.10;29.01;8.86;11.23;-5.980;EXPLOSIVE_DOWN;-3;-82.3;-3;1
2026.01.29 12:00;87652.60;87995.84;84208.31;84748.17;23.48;9.34;26.57;11.75;14.73;-4.916;EXPLOSIVE_DOWN;-3;-82.9;-3;1
2026.01.29 08:00;88182.48;88313.03;87561.56;87652.62;19.72;10.78;17.04;13.07;17.95;-1.658;SOFT_DOWN;-1;-76.2;-3;1
2026.01.29 04:00;87871.41;88264.44;87723.47;88182.48;19.29;12.44;16.34;19.38;26.35;-1.063;NEUTRE;0;-79.2;-3;0
2026.01.29 00:00;89130.03;89175.99;87522.49;87871.41;20.17;14.35;18.86;21.41;42.09;-1.412;SOFT_DOWN;-1;;;0
2026.01.28 20:00;89240.28;89714.85;88698.72;89130.03;21.18;16.56;10.81;38.27;61.51;0.051;NEUTRE;0;2.9;0;0
2026.01.28 16:00;89335.70;90427.14;88849.49;89240.27;21.21;19.10;10.20;66.61;77.92;0.175;NEUTRE;0;12.2;0;1
2026.01.28 12:00;89926.78;90315.30;88762.97;89335.70;19.80;20.95;11.76;79.66;83.38;0.282;NEUTRE;0;24.8;0;1
2026.01.28 08:00;88977.98;90002.39;88699.44;89926.78;18.52;21.07;13.57;87.50;83.01;0.946;NEUTRE;0;66.8;3;1
2026.01.28 04:00;88955.14;89248.23;88673.33;88977.98;18.04;15.41;15.66;82.97;75.71;-0.119;NEUTRE;0;-30.4;-1;0
2026.01.28 00:00;89084.26;89340.13;88813.04;88955.14;20.69;17.78;14.33;78.57;64.51;-0.145;NEUTRE;0;;;0
2026.01.27 20:00;88251.34;89388.00;88212.25;89084.26;22.23;20.52;16.54;65.59;55.03;0.985;NEUTRE;0;44.1;1;0
2026.01.27 16:00;87879.43;88711.51;87144.17;88251.85;23.99;14.82;19.08;49.37;55.99;0.042;NEUTRE;0;3;0;1
2026.01.27 12:00;87825.19;88306.58;87403.59;87879.43;25.75;13.13;22.02;50.13;65.19;-0.380;NEUTRE;0;-32;-1;1
2026.01.27 08:00;88176.85;88253.89;87582.07;87825.19;25.82;15.15;22.37;68.47;73.64;-0.442;NEUTRE;0;-47.4;-2;1
2026.01.27 04:00;88634.90;88840.44;88125.87;88176.86;26.84;17.48;13.35;76.96;71.39;-0.043;NEUTRE;0;-12;0;0
2026.01.27 00:00;88214.99;88745.53;88065.00;88634.90;28.91;18.13;15.41;75.49;67.01;0.476;NEUTRE;0;;;0
2026.01.26 20:00;87872.41;88526.46;87393.88;88214.99;32.11;15.96;17.78;61.73;63.55;1.949;SOFT_UP;1;62.5;2;0
2026.01.26 16:00;87417.58;88416.45;86917.04;87872.41;36.22;16.92;20.52;63.81;63.17;1.553;SOFT_UP;1;62.4;2;1
2026.01.26 12:00;87726.75;88720.52;87158.06;87417.58;40.31;19.53;21.20;65.13;56.09;1.028;NEUTRE;0;59.4;2;1
2026.01.26 08:00;87872.59;88225.61;87468.22;87727.23;45.88;17.66;24.46;60.58;41.90;1.386;SOFT_UP;1;73.7;3;1
2026.01.26 04:00;87106.77;87935.63;87071.91;87872.59;50.46;14.48;28.22;42.57;26.91;1.554;SOFT_UP;1;82.6;3;0
2026.01.26 00:00;86528.20;87817.86;86377.54;87106.77;53.27;14.62;32.56;22.56;18.42;0.669;NEUTRE;0;;;0
2026.01.25 20:00;86359.62;86875.27;85926.03;86528.20;55.61;6.80;37.57;15.60;17.99;-2.826;STRONG_DOWN;-2;-70.2;-3;0
2026.01.25 16:00;88288.06;88291.50;86140.51;86359.62;53.50;7.84;39.88;17.10;18.88;-3.016;STRONG_DOWN;-2;-74.9;-3;0
2026.01.25 12:00;88396.18;88811.00;88217.28;88288.06;51.40;9.05;31.16;21.27;15.90;-0.850;NEUTRE;0;-54.4;-2;0
2026.01.25 08:00;88481.95;88581.18;87962.52;88396.18;50.85;4.48;35.96;18.26;13.72;-0.729;NEUTRE;0;-60.9;-2;0
2026.01.25 04:00;88787.35;88917.12;88456.15;88481.95;46.70;5.17;29.21;8.18;11.79;-0.632;NEUTRE;0;-72.2;-3;0
2026.01.25 00:00;89044.96;89137.86;88665.57;88787.35;43.13;5.97;26.72;14.71;14.43;-0.289;NEUTRE;0;;;0
2026.01.24 20:00;89148.34;89323.73;89034.27;89044.96;40.00;6.89;18.82;12.47;18.21;-0.450;NEUTRE;0;-23.9;0;0
2026.01.24 16:00;89097.88;89290.41;88985.43;89148.34;39.01;6.18;21.71;16.11;25.78;-0.334;NEUTRE;0;-22.4;0;0
2026.01.24 12:00;89423.68;89424.41;89009.51;89097.88;36.45;7.13;23.84;26.05;33.99;-0.391;NEUTRE;0;-32.7;-1;0
2026.01.24 08:00;89445.93;89519.65;89407.64;89423.25;33.75;8.23;12.74;35.18;40.51;-0.027;NEUTRE;0;-3.8;0;0
2026.01.24 04:00;89605.28;89694.03;89401.42;89445.93;35.63;9.49;14.70;40.73;46.53;-0.002;NEUTRE;0;-0.6;0;0
2026.01.24 00:00;89447.47;89763.51;89263.37;89605.28;37.80;10.95;16.96;45.62;51.63;0.176;NEUTRE;0;;;0
2026.01.23 20:00;89836.43;90014.53;89062.33;89447.47;40.31;12.64;19.57;53.23;55.44;0.010;NEUTRE;0;0.6;0;0
2026.01.23 16:00;89616.62;91078.37;89336.97;89836.43;43.19;14.58;18.15;56.05;57.01;0.445;NEUTRE;0;28.7;1;1
2026.01.23 12:00;89064.28;89716.89;88414.45;89616.56;48.16;4.79;20.94;57.05;59.32;0.199;NEUTRE;0;18.1;0;1
2026.01.23 08:00;89396.81;89482.05;88707.05;89064.41;45.92;5.53;20.70;57.94;62.83;-0.418;NEUTRE;0;-45.8;-2;1
2026.01.23 04:00;89805.64;89957.14;89249.85;89396.81;44.09;6.38;13.11;62.96;60.29;-0.047;NEUTRE;0;-13;0;0
2026.01.23 00:00;89438.41;89864.42;89315.42;89805.77;45.57;5.35;15.13;67.60;60.64;0.411;NEUTRE;0;;;0
2026.01.22 20:00;89660.26;89829.94;89012.37;89438.41;45.23;5.21;17.46;50.31;60.95;0.121;NEUTRE;0;6.8;0;0
2026.01.22 16:00;88874.44;89799.87;88531.18;89660.26;43.87;5.44;20.14;64.02;71.15;0.369;NEUTRE;0;24.4;0;1
2026.01.22 12:00;89813.12;90227.04;88391.13;88874.44;41.78;6.28;23.24;68.52;74.89;-0.510;NEUTRE;0;-39.9;-1;1
2026.01.22 08:00;89693.36;90033.58;89628.72;89813.12;39.36;7.24;16.44;80.91;79.00;0.540;NEUTRE;0;53.1;2;1
2026.01.22 04:00;89773.66;90098.85;89668.06;89693.36;39.44;8.36;17.48;75.24;80.02;0.406;NEUTRE;0;63.4;2;0
2026.01.22 00:00;89330.35;90238.92;89329.46;89773.66;40.08;9.64;20.17;80.86;78.73;0.496;NEUTRE;0;;;0
2026.01.21 20:00;90242.26;90272.56;89225.69;89330.35;40.82;11.13;23.27;83.95;68.67;1.192;NEUTRE;0;49.6;2;0
2026.01.21 16:00;90169.22;90318.04;87149.79;90241.64;41.66;12.84;26.85;71.39;53.16;2.225;SOFT_UP;1;70;3;1
2026.01.21 12:00;88657.40;90405.03;88076.32;90169.22;42.64;14.81;26.48;50.67;39.13;2.143;SOFT_UP;1;74.1;3;1
2026.01.21 08:00;89070.15;89350.26;88565.73;88657.40;44.85;10.12;30.56;37.41;29.29;0.430;NEUTRE;0;46.6;2;1
2026.01.21 04:00;89279.54;89978.70;88932.05;89071.39;44.03;11.68;28.08;29.29;21.85;0.899;NEUTRE;0;77.3;3;0
2026.01.21 00:00;88277.79;89455.23;88104.14;89279.54;44.46;5.79;32.40;21.17;18.06;1.135;NEUTRE;0;;;0
2026.01.20 20:00;89554.78;89678.12;87733.80;88277.79;40.57;6.68;37.38;15.08;17.51;-4.589;EXPLOSIVE_DOWN;-3;-77.5;-3;0
2026.01.20 16:00;90545.72;90843.06;89136.98;89554.04;36.09;7.70;32.03;17.93;18.47;-3.210;STRONG_DOWN;-2;-75.8;-3;1
2026.01.20 12:00;91092.31;91221.66;89728.98;90545.72;32.23;8.89;31.62;19.50;19.71;-2.138;SOFT_DOWN;-1;-74.1;-3;1
2026.01.20 08:00;91038.09;91313.41;90544.17;91092.26;28.55;10.25;28.08;17.99;26.91;-1.547;SOFT_DOWN;-1;-75.3;-3;1
2026.01.20 04:00;92333.17;92365.68;90651.07;91038.80;25.79;11.83;30.26;21.65;33.24;-1.605;SOFT_DOWN;-1;-82.8;-3;0
2026.01.20 00:00;92523.73;92768.91;92151.62;92333.15;23.02;13.65;21.45;41.10;37.40;-0.206;NEUTRE;0;;;0
2026.01.19 20:00;93010.43;93251.19;92057.52;92524.56;23.15;15.75;24.75;36.97;32.13;-1.139;NEUTRE;0;-48.3;-2;0
2026.01.19 16:00;92970.60;93329.30;92835.69;93010.43;23.29;18.18;18.53;34.12;27.06;-0.620;NEUTRE;0;-37.4;-1;1
2026.01.19 12:00;93095.07;93138.80;92612.24;92970.58;26.72;15.03;21.38;25.29;20.48;-0.663;NEUTRE;0;-47.4;-2;1
2026.01.19 08:00;92752.84;93287.69;92607.69;93095.07;28.16;17.35;24.67;21.77;18.20;-0.530;NEUTRE;0;-52.5;-2;1
2026.01.19 04:00;92616.34;92774.47;92267.30;92752.84;29.81;8.41;28.47;14.39;19.65;-0.895;NEUTRE;0;-77.2;-3;0
2026.01.19 00:00;93590.71;93593.78;92089.16;92616.34;26.02;9.70;32.85;18.45;33.31;-1.041;NEUTRE;0;;;0
2026.01.18 20:00;95307.74;95452.09;93536.52;93589.30;21.65;11.19;23.10;26.10;38.72;-1.558;SOFT_DOWN;-1;-56.9;-2;0
2026.01.18 16:00;95039.93;95444.42;94994.28;95307.74;19.64;12.91;14.94;55.37;41.56;0.250;NEUTRE;0;17.1;0;0
2026.01.18 12:00;95089.32;95285.16;94828.94;95039.93;21.54;9.46;17.24;34.70;32.38;-0.032;NEUTRE;0;-3;0;0
2026.01.18 08:00;94957.19;95212.25;94952.36;95089.32;20.37;10.91;15.74;34.62;32.61;0.020;NEUTRE;0;2.8;0;0
2026.01.18 04:00;95117.45;95184.27;94954.77;94957.19;20.72;10.93;18.16;27.82;40.61;-0.119;NEUTRE;0;-30.4;-1;0
2026.01.18 00:00;95070.20;95163.65;94793.98;95117.47;20.08;11.23;20.95;35.37;55.95;0.050;NEUTRE;0;;;0
2026.01.17 20:00;95224.28;95340.93;94964.84;95070.20;18.53;12.96;17.06;58.63;67.55;-0.422;NEUTRE;0;-22.6;0;0
2026.01.17 16:00;95499.23;95502.01;95142.67;95224.28;19.27;14.95;12.41;73.83;69.50;-0.261;NEUTRE;0;-17.8;0;0
2026.01.17 12:00;95243.46;95569.51;95124.22;95499.18;20.81;17.25;14.32;70.18;67.49;0.027;NEUTRE;0;2.5;0;0
2026.01.17 08:00;95028.72;95246.04;94954.12;95243.46;22.58;8.73;16.52;64.48;65.68;-0.241;NEUTRE;0;-30.7;-1;0
2026.01.17 04:00;95284.60;95309.16;94980.23;95028.72;21.31;10.08;17.69;67.82;60.11;-0.466;NEUTRE;0;-66.5;-3;0
2026.01.17 00:00;95473.36;95504.70;95138.51;95284.59;20.37;11.63;13.01;64.75;45.95;-0.198;NEUTRE;0;;;0
2026.01.16 20:00;94914.41;95539.41;94588.61;95473.41;22.64;13.42;15.01;47.76;31.08;-0.067;NEUTRE;0;-3.8;0;0
2026.01.16 16:00;94497.62;95143.10;94416.93;94914.41;25.26;9.07;17.32;25.34;20.96;-0.652;NEUTRE;0;-38.8;-1;1
2026.01.16 12:00;95354.45;95749.56;94206.87;94497.62;24.34;10.46;19.98;20.14;19.15;-1.088;NEUTRE;0;-60.8;-2;1
2026.01.16 08:00;95586.56;95769.73;95184.50;95354.45;23.27;12.07;13.31;17.39;17.89;-0.191;NEUTRE;0;-25.2;-1;1
2026.01.16 04:00;95278.40;95755.91;95073.06;95586.56;26.10;13.57;15.36;19.91;22.60;0.052;NEUTRE;0;14.4;0;0
2026.01.16 00:00;95537.29;95794.43;95250.97;95278.40;29.17;15.65;13.71;16.36;27.97;-0.271;NEUTRE;0;;;0
2026.01.15 20:00;95428.78;95798.89;95053.60;95537.29;32.64;18.06;15.82;31.53;39.55;-1.421;SOFT_DOWN;-1;-54.5;-2;0
2026.01.15 16:00;96677.24;97000.21;95119.38;95428.45;36.64;20.84;16.90;36.02;44.60;-1.534;SOFT_DOWN;-1;-62.1;-2;1
2026.01.15 12:00;96528.60;97098.20;95377.63;96680.19;40.67;24.05;17.38;51.11;51.58;-0.242;NEUTRE;0;-21.7;0;1
2026.01.15 08:00;96580.05;97148.78;96237.19;96528.60;44.45;27.75;12.37;46.67;56.10;-0.398;NEUTRE;0;-44.4;-1;1
2026.01.15 04:00;95912.99;96717.39;95880.60;96576.16;45.40;24.73;14.28;56.96;67.61;-0.349;NEUTRE;0;-59.8;-2;0
2026.01.15 00:00;96914.69;96960.68;95713.28;95912.99;48.26;28.54;16.47;64.67;73.98;-1.034;NEUTRE;0;;;0
2026.01.14 20:00;97234.07;97899.33;96746.48;96916.72;51.56;32.93;6.27;81.19;77.34;1.646;SOFT_UP;1;58.3;2;0
2026.01.14 16:00;96739.77;97775.04;96218.14;97234.07;49.02;36.34;7.23;76.09;75.71;1.978;SOFT_UP;1;67.7;3;1
2026.01.14 12:00;94710.56;97030.55;94604.06;96741.19;46.29;34.57;8.34;74.74;78.35;1.461;SOFT_UP;1;67.4;3;1
2026.01.14 08:00;95154.23;95266.60;94650.32;94710.56;44.00;28.71;9.62;76.30;83.48;-0.668;NEUTRE;0;-58.7;-2;1
2026.01.14 04:00;95653.44;95732.96;94517.43;95154.23;43.12;33.12;11.11;84.02;88.96;-0.203;NEUTRE;0;-45;-2;0
2026.01.14 00:00;95347.70;95659.45;95062.12;95653.44;42.09;38.22;5.92;90.13;91.22;0.321;NEUTRE;0;;;0