time;open;high;low;close;adx14;plus_di;minus_di;stoch_k;stoch_d;intraday_change;intraday_level;intraday_force;theta_deg;theta_level;is_active
2026.07.14 18:00;1870.13;1875.50;1866.85;1873.43;33.51;26.49;16.04;73.07;81.49;5.601;STRONG_UP;2;76;3;1
2026.07.14 17:00;1872.12;1872.22;1860.06;1870.13;34.88;24.73;18.51;81.08;87.61;5.415;STRONG_UP;2;76.3;3;1
2026.07.14 16:00;1873.38;1875.48;1867.06;1872.12;38.03;28.54;12.50;90.33;91.95;5.527;STRONG_UP;2;77.3;3;1
2026.07.14 15:00;1879.09;1885.84;1871.13;1873.38;37.87;32.93;6.99;91.42;91.69;5.598;STRONG_UP;2;78.3;3;1
2026.07.14 14:00;1869.28;1880.41;1857.83;1879.09;33.70;32.32;8.06;94.09;90.79;5.920;STRONG_UP;2;79.6;3;1
2026.07.14 13:00;1858.72;1880.44;1852.46;1869.28;29.64;37.29;9.30;89.57;83.68;5.367;STRONG_UP;2;79.4;3;1
2026.07.14 12:00;1795.55;1862.59;1791.85;1858.37;24.96;33.21;10.73;88.71;76.02;4.752;STRONG_UP;2;78.9;3;1
2026.07.14 11:00;1797.80;1800.37;1793.17;1795.58;20.93;24.79;12.38;72.78;61.30;1.213;NEUTRE;0;54.9;2;1
2026.07.14 10:00;1783.70;1802.35;1783.59;1797.71;19.02;28.60;14.29;66.58;51.25;1.333;NEUTRE;0;59.8;2;1
2026.07.14 09:00;1783.45;1787.20;1780.40;1783.70;16.81;20.58;16.49;44.55;44.76;0.543;NEUTRE;0;37.9;1;1
2026.07.14 08:00;1778.19;1787.14;1776.30;1783.45;17.70;23.61;19.02;42.61;48.42;0.529;NEUTRE;0;40.4;1;1
2026.07.14 07:00;1780.48;1783.44;1776.53;1778.19;18.77;21.99;21.95;47.12;56.03;0.233;NEUTRE;0;23.2;0;1
2026.07.14 06:00;1784.44;1784.88;1779.14;1780.48;21.65;25.37;19.52;55.52;62.93;0.362;NEUTRE;0;37.9;1;0
2026.07.14 05:00;1783.30;1790.28;1782.05;1784.44;22.97;29.28;14.72;65.46;68.62;0.585;NEUTRE;0;56.4;2;0
2026.07.14 04:00;1781.16;1787.31;1779.85;1783.31;21.42;28.23;16.99;67.80;73.26;0.521;NEUTRE;0;59.2;2;0
2026.07.14 03:00;1780.30;1781.66;1772.25;1781.16;20.89;20.92;19.60;72.60;79.61;0.400;NEUTRE;0;59.8;2;0
2026.07.14 02:00;1782.50;1786.61;1772.79;1780.30;23.60;24.14;21.73;79.37;79.79;0.352;NEUTRE;0;66.2;3;0
2026.07.14 01:00;1783.70;1792.13;1780.75;1782.50;26.43;27.85;16.21;86.87;70.86;0.476;NEUTRE;0;;;0
2026.07.14 00:00;1774.06;1786.01;1770.89;1783.70;26.43;23.86;18.71;73.13;55.39;0.543;NEUTRE;0;;;0
2026.07.13 23:00;1755.45;1775.43;1753.69;1774.06;28.63;16.77;21.59;52.57;49.28;-1.723;NEUTRE;0;-44;-1;0
2026.07.13 22:00;1759.37;1766.21;1753.60;1755.46;31.10;12.82;24.91;40.46;49.33;-2.754;SOFT_DOWN;-1;-58.2;-2;0
2026.07.13 21:00;1765.15;1765.15;1750.73;1759.35;30.96;13.50;28.74;54.81;47.71;-2.538;SOFT_DOWN;-1;-57.3;-2;0
2026.07.13 20:00;1772.59;1774.84;1759.81;1765.15;30.17;15.58;23.47;52.71;37.57;-2.217;SOFT_DOWN;-1;-55;-2;0
2026.07.13 19:00;1762.66;1772.89;1762.11;1772.59;31.71;17.97;24.73;35.61;29.44;-1.805;NEUTRE;0;-50.7;-2;1
2026.07.13 18:00;1751.37;1765.10;1748.99;1762.66;34.15;9.62;28.54;24.39;36.92;-2.355;SOFT_DOWN;-1;-59.3;-2;1
2026.07.13 17:00;1769.82;1773.81;1751.13;1751.30;31.78;11.10;30.88;28.33;46.76;-2.984;SOFT_DOWN;-1;-66.1;-3;1
2026.07.13 16:00;1774.90;1778.83;1765.29;1769.82;29.42;12.81;26.03;58.04;50.52;-1.958;SOFT_DOWN;-1;-57.6;-2;1
2026.07.13 15:00;1779.60;1784.75;1773.50;1774.89;28.71;14.78;20.70;53.91;38.72;-1.677;NEUTRE;0;-55.2;-2;1
2026.07.13 14:00;1769.25;1779.95;1760.93;1779.60;30.56;10.49;23.89;39.62;27.24;-1.416;NEUTRE;0;-52.5;-2;1
2026.07.13 13:00;1770.15;1774.55;1761.61;1769.25;29.27;7.74;27.56;22.64;25.77;-1.990;SOFT_DOWN;-1;-63.1;-2;1
2026.07.13 12:00;1778.72;1781.67;1766.28;1770.15;25.13;8.93;26.25;19.47;36.42;-1.940;SOFT_DOWN;-1;-64.4;-2;1
2026.07.13 11:00;1777.65;1782.85;1777.65;1778.75;21.42;10.30;18.93;35.19;48.63;-1.464;NEUTRE;0;-59.7;-2;1
2026.07.13 10:00;1783.77;1784.83;1775.06;1777.65;20.18;11.89;21.84;54.62;48.36;-1.525;NEUTRE;0;-63;-2;1
2026.07.13 09:00;1788.30;1788.59;1782.99;1783.77;18.74;13.72;12.71;56.09;36.21;-1.185;NEUTRE;0;-59.5;-2;1
2026.07.13 08:00;1785.62;1791.58;1781.84;1788.30;21.04;15.83;14.66;34.39;20.33;-0.935;NEUTRE;0;-56.4;-2;1
2026.07.13 07:00;1775.95;1789.44;1774.57;1785.62;23.69;14.88;16.92;18.15;11.61;-1.083;NEUTRE;0;-63.4;-2;1
2026.07.13 06:00;1780.10;1781.99;1774.05;1775.95;26.35;9.46;19.52;8.46;8.80;-1.619;NEUTRE;0;-74;-3;0
2026.07.13 05:00;1777.20;1784.96;1772.78;1780.10;25.07;10.92;22.53;8.23;10.83;-1.389;NEUTRE;0;-74.4;-3;0
2026.07.13 04:00;1778.89;1783.47;1774.73;1777.20;23.58;12.60;23.53;9.70;19.39;-1.549;NEUTRE;0;-78.7;-3;0
2026.07.13 03:00;1805.34;1805.34;1773.76;1778.89;22.55;14.54;27.15;14.56;29.31;-1.456;NEUTRE;0;-80.9;-3;0
2026.07.13 02:00;1805.30;1813.11;1797.77;1805.38;21.37;16.77;19.64;33.90;39.69;0.012;NEUTRE;0;4.4;0;0
2026.07.13 01:00;1824.92;1828.44;1804.16;1805.24;23.44;19.35;16.26;39.48;37.41;0.004;NEUTRE;0;;;0
2026.07.13 00:00;1805.17;1842.46;1802.69;1824.89;25.71;22.33;18.76;45.70;34.52;1.092;NEUTRE;0;;;0
2026.07.12 23:00;1803.42;1807.32;1799.36;1805.17;28.33;12.17;21.65;27.06;33.25;1.057;NEUTRE;0;30.6;1;0
2026.07.12 22:00;1811.00;1811.00;1796.13;1803.42;28.38;14.05;24.98;30.79;47.69;0.959;NEUTRE;0;29.3;1;0
2026.07.12 21:00;1819.81;1822.12;1809.79;1811.01;28.44;16.21;14.70;41.89;60.18;1.384;NEUTRE;0;40.3;1;0
2026.07.12 20:00;1819.91;1822.30;1817.04;1819.81;32.06;18.70;7.91;70.40;71.03;1.877;NEUTRE;0;50.4;2;0
2026.07.12 19:00;1819.98;1821.79;1817.29;1819.91;30.76;20.08;9.13;68.24;73.02;1.882;NEUTRE;0;51.9;2;0
2026.07.12 18:00;1816.80;1820.83;1813.60;1819.98;29.72;19.89;10.53;74.45;78.35;1.886;NEUTRE;0;53.5;2;0
2026.07.12 17:00;1820.23;1820.78;1813.72;1816.80;29.56;22.95;11.90;76.37;81.27;1.708;NEUTRE;0;52.3;2;0
2026.07.12 16:00;1819.47;1822.73;1816.01;1820.23;29.22;26.48;8.74;84.25;83.85;1.900;SOFT_UP;1;56.8;2;0
2026.07.12 15:00;1817.90;1824.76;1814.97;1819.47;25.96;30.56;10.08;83.20;80.09;1.857;NEUTRE;0;57.9;2;0
2026.07.12 14:00;1804.41;1820.47;1802.65;1817.91;22.21;28.52;11.63;84.11;73.64;1.770;NEUTRE;0;58.5;2;0
2026.07.12 13:00;1805.54;1808.02;1803.81;1804.41;19.15;22.16;13.42;72.95;65.54;1.014;NEUTRE;0;45.1;2;0
2026.07.12 12:00;1802.09;1807.46;1801.39;1805.54;18.32;23.52;15.49;63.86;61.74;1.078;NEUTRE;0;49.2;2;0
2026.07.12 11:00;1797.89;1805.22;1795.01;1802.08;17.97;21.46;17.87;59.82;59.53;0.884;NEUTRE;0;46;2;0
2026.07.12 10:00;1800.88;1801.18;1797.41;1797.89;19.33;18.67;20.62;61.54;54.13;0.649;NEUTRE;0;39.9;1;0
2026.07.12 09:00;1803.45;1804.26;1795.14;1800.88;21.54;21.55;23.79;57.24;47.70;0.817;NEUTRE;0;49.5;2;0
2026.07.12 08:00;1797.24;1807.45;1797.01;1803.43;24.10;24.86;24.29;43.60;47.95;0.960;NEUTRE;0;57.1;2;0
2026.07.12 07:00;1793.52;1797.50;1792.62;1797.26;27.63;14.03;28.03;42.25;59.41;0.614;NEUTRE;0;48.5;2;0
2026.07.12 06:00;1801.60;1801.60;1788.11;1793.54;26.75;16.18;32.34;58.01;69.75;0.406;NEUTRE;0;41.1;1;0
2026.07.12 05:00;1804.23;1805.57;1799.67;1801.60;25.75;18.67;24.14;77.97;71.90;0.857;NEUTRE;0;65.6;3;0
2026.07.12 04:00;1809.92;1810.97;1803.15;1804.23;27.74;21.55;18.78;73.27;60.08;1.004;NEUTRE;0;72.8;3;0
2026.07.12 03:00;1803.38;1810.76;1801.03;1809.92;30.96;24.45;21.66;64.45;44.32;1.323;NEUTRE;0;80;3;0
2026.07.12 02:00;1805.10;1805.91;1801.49;1803.37;34.79;20.54;25.00;42.51;27.00;0.956;NEUTRE;0;80.8;3;0
2026.07.12 01:00;1787.44;1806.78;1786.54;1805.10;38.64;23.70;28.84;26.01;17.70;1.053;NEUTRE;0;;;0
2026.07.12 00:00;1786.29;1789.44;1778.39;1787.30;43.07;14.17;33.28;12.47;25.94;0.057;NEUTRE;0;;;0
2026.07.11 23:00;1812.25;1814.27;1785.22;1786.29;43.50;16.35;28.89;14.62;46.30;-0.499;NEUTRE;0;-15.6;0;0
2026.07.11 22:00;1822.29;1822.33;1808.38;1812.25;45.93;18.86;21.07;50.72;69.31;0.947;NEUTRE;0;29;1;0
2026.07.11 21:00;1824.42;1827.69;1821.15;1822.29;52.14;21.76;10.23;73.55;80.49;1.506;NEUTRE;0;42.7;1;0
2026.07.11 20:00;1823.00;1827.11;1822.35;1824.42;54.62;25.11;8.98;83.67;84.82;1.625;NEUTRE;0;46.3;2;0
2026.07.11 19:00;1824.71;1825.56;1817.46;1823.00;55.74;23.96;10.36;84.26;82.36;1.546;NEUTRE;0;46.3;2;0
2026.07.11 18:00;1822.88;1827.41;1822.12;1824.71;58.22;27.65;3.11;86.51;78.19;1.641;NEUTRE;0;49.6;2;0
2026.07.11 17:00;1821.61;1827.64;1816.57;1822.88;54.91;31.90;3.58;76.31;70.69;1.539;NEUTRE;0;49.4;2;0
2026.07.11 16:00;1813.01;1822.43;1809.25;1821.61;51.08;29.57;4.14;71.73;67.60;1.468;NEUTRE;0;49.8;2;0
2026.07.11 15:00;1808.93;1825.65;1807.02;1813.01;47.32;34.12;4.77;64.03;64.65;0.989;NEUTRE;0;40.3;1;0
2026.07.11 14:00;1800.81;1815.37;1800.59;1808.93;43.00;30.88;5.51;67.05;60.93;0.762;NEUTRE;0;35;1;0
2026.07.11 13:00;1798.24;1804.84;1796.95;1800.84;38.88;24.67;6.35;62.86;49.98;0.311;NEUTRE;0;17.1;0;0
2026.07.11 12:00;1798.47;1799.58;1796.41;1798.24;35.78;18.21;7.33;52.89;42.04;0.167;NEUTRE;0;10.2;0;0
2026.07.11 11:00;1796.31;1799.01;1795.06;1798.47;34.73;18.24;8.46;34.20;41.62;0.179;NEUTRE;0;11.8;0;0
2026.07.11 10:00;1793.52;1797.23;1793.41;1796.31;34.44;14.12;9.76;39.01;55.65;0.059;NEUTRE;0;4.3;0;0
2026.07.11 09:00;1799.75;1800.91;1793.22;1793.52;36.93;16.29;11.26;51.64;68.78;-0.096;NEUTRE;0;-7.8;0;0
2026.07.11 08:00;1798.17;1801.64;1797.65;1799.77;39.81;18.79;4.13;76.30;77.37;0.252;NEUTRE;0;22.1;0;0
2026.07.11 07:00;1797.48;1800.20;1796.42;1798.17;36.10;16.13;4.77;78.39;77.77;0.163;NEUTRE;0;16.7;0;0
2026.07.11 06:00;1797.57;1800.73;1793.38;1797.48;33.28;18.62;5.50;77.40;76.06;0.124;NEUTRE;0;14.9;0;0
2026.07.11 05:00;1794.78;1800.03;1793.36;1797.56;30.04;20.01;6.35;77.53;67.93;0.129;NEUTRE;0;18.4;0;0
2026.07.11 04:00;1794.81;1798.48;1793.97;1794.78;26.68;19.52;7.32;73.25;55.83;-0.026;NEUTRE;0;-4.8;0;0
2026.07.11 03:00;1793.87;1796.48;1791.48;1794.81;23.80;15.70;8.45;53.00;49.13;-0.025;NEUTRE;0;-6.1;0;0
2026.07.11 02:00;1787.46;1794.49;1785.85;1793.87;22.84;11.99;9.75;41.22;58.30;-0.077;NEUTRE;0;-26.4;-1;0
2026.07.11 01:00;1791.55;1797.22;1786.94;1787.46;24.77;13.84;9.31;53.17;72.40;-0.434;NEUTRE;0;;;0
2026.07.11 00:00;1795.25;1795.62;1788.36;1791.55;25.58;13.57;10.74;80.50;77.49;-0.206;NEUTRE;0;;;0
2026.07.10 23:00;1793.53;1796.22;1790.83;1795.27;27.72;15.66;7.16;83.53;70.87;2.975;SOFT_UP;1;59;2;0
2026.07.10 22:00;1792.55;1795.05;1791.15;1793.53;26.26;14.73;8.26;68.44;57.74;2.875;SOFT_UP;1;59.3;2;0
2026.07.10 21:00;1788.40;1795.03;1788.11;1792.55;25.98;16.91;9.54;60.64;47.79;2.819;SOFT_UP;1;60;2;0
2026.07.10 20:00;1791.06;1792.72;1787.62;1788.40;25.68;14.38;11.00;44.13;41.62;2.581;SOFT_UP;1;59;2;0
2026.07.10 19:00;1783.21;1795.34;1782.26;1790.99;27.59;16.59;12.70;38.61;42.00;2.729;SOFT_UP;1;61.6;2;1
2026.07.10 18:00;1786.41;1791.30;1779.79;1783.21;29.79;14.39;14.65;42.12;43.20;2.283;SOFT_UP;1;58.5;2;1
2026.07.10 17:00;1795.93;1797.58;1786.24;1786.39;34.23;16.61;8.28;45.27;44.46;2.465;SOFT_UP;1;61.8;2;1
2026.07.10 16:00;1789.35;1797.75;1784.11;1795.93;34.35;19.16;9.56;42.20;47.02;3.012;SOFT_UP;1;67.6;3;1
2026.07.10 15:00;1783.17;1794.94;1782.09;1789.35;34.49;18.94;11.03;45.92;59.01;2.635;SOFT_UP;1;66.2;3;1
2026.07.10 14:00;1802.34;1802.77;1774.84;1783.20;35.73;21.86;12.72;52.94;70.57;2.282;SOFT_UP;1;64.5;2;1
2026.07.10 13:00;1792.31;1809.56;1792.00;1802.34;37.16;25.22;5.23;78.17;83.12;3.380;SOFT_UP;1;73.4;3;1
2026.07.10 12:00;1799.64;1805.31;1791.25;1792.26;32.78;25.38;6.03;80.59;84.98;2.802;SOFT_UP;1;71.6;3;1
2026.07.10 11:00;1795.18;1800.70;1792.55;1799.64;28.34;24.24;6.96;90.59;83.27;3.225;SOFT_UP;1;75.2;3;1
2026.07.10 10:00;1790.95;1800.73;1787.80;1795.20;24.18;27.96;8.03;83.76;71.71;2.971;SOFT_UP;1;75.4;3;1
2026.07.10 09:00;1782.35;1793.07;1779.53;1790.95;19.38;23.15;9.26;75.45;68.97;2.727;SOFT_UP;1;75.6;3;1
2026.07.10 08:00;1771.93;1787.65;1770.98;1782.35;15.77;20.56;10.69;55.91;71.90;2.234;SOFT_UP;1;74.5;3;1
2026.07.10 07:00;1769.66;1776.11;1767.23;1771.93;13.34;13.07;12.33;75.56;83.89;1.636;NEUTRE;0;71.6;3;1
2026.07.10 06:00;1777.40;1778.40;1767.65;1769.65;14.95;15.08;13.50;84.24;88.37;1.505;NEUTRE;0;72.8;3;0
2026.07.10 05:00;1773.05;1777.70;1770.85;1777.40;16.40;17.40;11.00;91.86;88.74;1.950;SOFT_UP;1;78.7;3;0
2026.07.10 04:00;1774.30;1778.68;1770.40;1773.06;15.46;20.07;12.69;89.02;83.38;1.701;NEUTRE;0;79.7;3;0
2026.07.10 03:00;1771.05;1777.73;1767.60;1774.30;14.37;21.40;14.65;85.33;73.71;1.772;NEUTRE;0;82.5;3;0
2026.07.10 02:00;1765.79;1772.90;1762.74;1770.95;13.70;17.35;16.90;75.79;54.66;1.580;NEUTRE;0;84.4;3;0
2026.07.10 01:00;1741.24;1775.53;1736.27;1765.80;15.61;20.02;19.50;60.02;40.61;1.284;NEUTRE;0;;;0
2026.07.10 00:00;1743.41;1744.61;1735.95;1741.24;17.80;10.99;22.50;28.17;36.12;-0.124;NEUTRE;0;;;0
2026.07.09 23:00;1745.75;1747.53;1740.24;1743.41;15.25;12.68;18.34;33.65;45.73;0.107;NEUTRE;0;3.4;0;0
2026.07.09 22:00;1746.56;1749.34;1744.44;1745.75;14.79;14.63;12.30;46.53;55.85;0.242;NEUTRE;0;8.1;0;0
2026.07.09 21:00;1747.06;1749.31;1743.30;1746.56;15.74;16.79;14.19;57.01;63.61;0.288;NEUTRE;0;10;0;0
2026.07.09 20:00;1746.76;1748.76;1743.39;1747.06;16.87;17.96;16.37;64.01;65.85;0.317;NEUTRE;0;11.5;0;0
2026.07.09 19:00;1749.66;1751.10;1745.31;1746.70;18.75;20.72;13.39;69.80;61.38;0.296;NEUTRE;0;11.3;0;1
2026.07.09 18:00;1746.72;1757.78;1745.61;1749.61;18.33;23.91;14.65;63.74;50.18;0.463;NEUTRE;0;18.3;0;1
2026.07.09 17:00;1737.06;1750.39;1736.49;1746.72;17.45;18.25;16.91;50.59;42.88;0.297;NEUTRE;0;12.7;0;1
2026.07.09 16:00;1737.37;1741.91;1730.02;1737.06;19.55;11.67;19.51;36.21;39.24;-0.257;NEUTRE;0;-11.7;0;1
2026.07.09 15:00;1741.11;1747.20;1735.26;1737.37;18.69;13.47;15.73;41.83;37.69;-0.239;NEUTRE;0;-11.6;0;1
2026.07.09 14:00;1744.83;1747.66;1731.44;1741.09;20.38;15.54;18.15;39.69;29.92;-0.026;NEUTRE;0;-1.4;0;1
2026.07.09 13:00;1739.83;1749.87;1733.96;1744.87;22.32;17.93;18.55;31.55;29.06;0.191;NEUTRE;0;10.7;0;1
2026.07.09 12:00;1742.01;1745.42;1733.27;1739.83;25.49;16.39;21.41;18.52;38.90;-0.098;NEUTRE;0;-6;0;1
2026.07.09 11:00;1744.33;1746.56;1739.20;1741.96;27.37;18.91;17.19;37.10;58.53;0.024;NEUTRE;0;1.6;0;1
2026.07.09 10:00;1753.71;1755.63;1742.30;1744.33;30.85;21.81;13.36;61.08;74.46;0.160;NEUTRE;0;11.6;0;1
2026.07.09 09:00;1752.48;1754.51;1747.36;1753.71;31.89;25.17;9.57;77.42;82.85;0.699;NEUTRE;0;45;2;1
2026.07.09 08:00;1751.22;1756.78;1748.88;1752.49;29.89;29.04;7.78;84.87;84.03;0.629;NEUTRE;0;45.4;2;1
2026.07.09 07:00;1753.26;1759.63;1748.60;1751.22;25.60;33.51;8.97;86.26;74.54;0.556;NEUTRE;0;45.7;2;1
2026.07.09 06:00;1747.43;1753.54;1743.99;1753.28;20.66;30.17;10.35;80.96;56.87;0.674;NEUTRE;0;55.4;2;0
2026.07.09 05:00;1740.51;1747.56;1735.56;1747.43;16.31;25.18;11.94;56.39;34.97;0.338;NEUTRE;0;41.1;1;0
2026.07.09 04:00;1728.61;1741.54;1728.16;1740.51;13.33;21.34;13.78;33.25;21.84;-0.059;NEUTRE;0;-10.8;0;0
2026.07.09 03:00;1725.27;1732.50;1720.09;1728.61;12.08;14.22;15.90;15.26;23.79;-0.742;NEUTRE;0;-72.6;-3;0
2026.07.09 02:00;1729.85;1737.40;1721.41;1725.22;13.08;16.41;16.71;17.01;43.91;-0.937;NEUTRE;0;-80.6;-3;0
2026.07.09 01:00;1736.33;1753.36;1728.42;1729.85;14.95;18.94;12.54;39.10;62.71;-0.671;NEUTRE;0;;;0
2026.07.09 00:00;1741.54;1742.60;1735.06;1736.33;14.12;15.21;14.47;75.64;70.52;-0.299;NEUTRE;0;;;0
2026.07.08 23:00;1739.33;1742.71;1736.90;1741.54;15.91;17.56;12.94;73.38;68.14;-1.587;NEUTRE;0;-41.6;-1;0
2026.07.08 22:00;1736.32;1741.40;1734.89;1739.33;16.03;16.79;14.93;62.54;68.15;-1.712;NEUTRE;0;-45.1;-2;0
2026.07.08 21:00;1734.62;1738.25;1729.68;1736.34;17.59;11.93;17.23;68.48;71.49;-1.881;NEUTRE;0;-49.1;-2;0
2026.07.08 20:00;1739.43;1739.46;1732.72;1734.62;17.50;13.76;14.42;73.42;70.15;-1.978;SOFT_DOWN;-1;-51.9;-2;0
2026.07.08 19:00;1735.49;1739.74;1731.41;1739.35;19.83;15.88;16.64;72.57;61.78;-1.711;NEUTRE;0;-49.2;-2;1
2026.07.08 18:00;1731.29;1739.19;1727.97;1735.49;22.52;17.30;19.20;64.46;50.06;-1.929;SOFT_DOWN;-1;-54.1;-2;1
2026.07.08 17:00;1734.23;1744.56;1728.81;1731.22;25.19;19.97;21.00;48.31;37.45;-2.171;SOFT_DOWN;-1;-58.7;-2;1
2026.07.08 16:00;1720.74;1735.97;1720.57;1734.23;28.67;14.65;24.23;37.41;32.04;-2.000;SOFT_DOWN;-1;-58.2;-2;1
2026.07.08 15:00;1727.41;1728.42;1710.99;1720.74;29.29;9.36;27.96;26.63;35.80;-2.763;SOFT_DOWN;-1;-67.1;-3;1
2026.07.08 14:00;1735.41;1738.44;1721.25;1727.41;26.13;10.80;23.21;32.07;43.40;-2.386;SOFT_DOWN;-1;-65.5;-3;1
2026.07.08 13:00;1736.31;1742.07;1729.29;1735.41;24.54;12.46;19.58;48.70;48.26;-1.934;SOFT_DOWN;-1;-62.4;-2;1
2026.07.08 12:00;1746.00;1749.29;1736.10;1736.41;24.89;14.38;14.40;49.44;43.35;-1.877;NEUTRE;0;-63.6;-2;1
2026.07.08 11:00;1737.50;1748.93;1734.08;1746.00;28.71;16.17;16.61;46.65;39.24;-1.335;NEUTRE;0;-57.4;-2;1
2026.07.08 10:00;1734.07;1740.40;1730.59;1737.52;32.92;9.82;19.17;33.97;37.77;-1.815;NEUTRE;0;-66.8;-3;1
2026.07.08 09:00;1733.50;1738.73;1727.98;1734.07;33.02;8.71;22.11;37.10;40.55;-2.009;SOFT_DOWN;-1;-70.8;-3;1
2026.07.08 08:00;1754.83;1756.88;1723.45;1733.49;31.41;10.05;25.52;42.24;39.85;-2.042;SOFT_DOWN;-1;-73.1;-3;1
2026.07.08 07:00;1749.81;1755.59;1743.04;1754.83;29.56;11.60;20.43;42.32;35.45;-0.836;NEUTRE;0;-57;-2;1
2026.07.08 06:00;1752.21;1753.18;1744.44;1749.81;29.86;10.43;23.57;34.98;31.72;-1.120;NEUTRE;0;-67.4;-3;0
2026.07.08 05:00;1754.52;1757.86;1748.71;1752.21;28.51;12.03;19.68;29.03;28.40;-0.984;NEUTRE;0;-68.5;-3;0
2026.07.08 04:00;1749.81;1756.35;1747.53;1754.52;29.18;11.34;22.71;31.14;29.73;-0.854;NEUTRE;0;-70;-3;0
2026.07.08 03:00;1755.96;1761.69;1747.38;1749.81;28.54;13.09;26.20;25.03;28.50;-1.120;NEUTRE;0;-78.3;-3;0
2026.07.08 02:00;1754.26;1757.91;1740.11;1755.97;27.79;11.04;30.23;33.02;30.15;-0.772;NEUTRE;0;-78.6;-3;0
2026.07.08 01:00;1778.74;1779.25;1748.56;1754.26;24.91;12.73;27.58;27.45;24.38;-0.869;NEUTRE;0;;;0
2026.07.08 00:00;1769.63;1782.90;1768.36;1778.70;23.08;14.69;21.89;29.99;21.39;0.513;NEUTRE;0;;;0
2026.07.07 23:00;1773.77;1779.30;1766.63;1769.63;23.61;13.14;25.26;15.71;19.97;-1.580;NEUTRE;0;-41.5;-1;0
2026.07.07 22:00;1772.11;1777.00;1764.08;1773.77;22.38;12.37;29.15;18.46;28.58;-1.349;NEUTRE;0;-38.3;-1;0
2026.07.07 21:00;1782.47;1787.88;1769.94;1772.11;19.61;14.28;26.66;25.75;44.25;-1.442;NEUTRE;0;-41.5;-1;0
2026.07.07 20:00;1788.81;1791.55;1779.72;1782.47;17.98;16.47;22.37;41.54;60.92;-0.865;NEUTRE;0;-29.1;-1;0
2026.07.07 19:00;1784.70;1790.63;1771.86;1788.81;18.41;17.81;25.81;65.47;76.45;-0.513;NEUTRE;0;-19.2;0;1
2026.07.07 18:00;1808.62;1808.70;1784.12;1784.70;18.42;20.55;19.73;75.77;82.50;-0.741;NEUTRE;0;-27.9;-1;1
2026.07.07 17:00;1800.23;1808.69;1796.49;1808.66;20.94;23.71;15.03;88.11;78.84;0.591;NEUTRE;0;24.1;0;1
2026.07.07 16:00;1795.63;1810.21;1790.63;1800.20;20.71;27.36;17.34;83.62;66.25;0.121;NEUTRE;0;5.6;0;1
2026.07.07 15:00;1787.30;1801.18;1780.77;1795.63;20.44;24.48;20.00;64.78;51.75;-0.133;NEUTRE;0;-6.5;0;1
2026.07.07 14:00;1766.64;1790.78;1759.22;1787.33;22.04;20.40;23.08;50.36;49.99;-0.595;NEUTRE;0;-28.7;-1;1
2026.07.07 13:00;1779.84;1781.10;1763.83;1766.54;24.48;18.82;26.63;40.11;57.16;-1.751;NEUTRE;0;-60;-2;1
2026.07.07 12:00;1778.67;1792.44;1778.10;1779.84;25.61;21.72;18.02;59.50;64.92;-1.012;NEUTRE;0;-47.4;-2;1
2026.07.07 11:00;1773.85;1782.55;1769.68;1778.67;28.11;14.45;20.79;71.86;65.82;-1.077;NEUTRE;0;-51.6;-2;1
2026.07.07 10:00;1776.08;1782.23;1772.13;1773.85;29.67;16.67;21.06;63.41;60.12;-1.345;NEUTRE;0;-60;-2;1
2026.07.07 09:00;1768.64;1780.21;1766.54;1776.08;32.44;16.16;24.30;62.18;53.68;-1.221;NEUTRE;0;-60.2;-2;1
2026.07.07 08:00;1769.44;1773.63;1766.42;1768.64;34.34;11.24;28.04;54.77;42.61;-1.635;NEUTRE;0;-69.2;-3;1
2026.07.07 07:00;1777.25;1780.72;1769.20;1769.44;33.04;12.97;26.42;44.08;29.07;-1.590;NEUTRE;0;-71.1;-3;1
2026.07.07 06:00;1768.75;1780.58;1762.99;1777.25;32.87;14.78;30.49;28.97;16.39;-1.156;NEUTRE;0;-68.1;-3;0
2026.07.07 05:00;1764.69;1771.86;1756.04;1768.80;32.59;9.42;35.18;14.15;9.02;-1.626;NEUTRE;0;-76.6;-3;0
2026.07.07 04:00;1769.73;1772.03;1760.90;1764.69;28.71;10.87;35.86;6.05;10.10;-1.854;NEUTRE;0;-80.5;-3;0
2026.07.07 03:00;1776.73;1779.73;1767.19;1769.72;24.90;12.54;32.69;6.87;16.36;-1.575;NEUTRE;0;-81.6;-3;0
2026.07.07 02:00;1791.06;1792.87;1775.27;1776.73;21.88;14.47;27.80;17.38;25.94;-1.185;NEUTRE;0;-82.5;-3;0
2026.07.07 01:00;1801.99;1801.99;1786.44;1791.05;20.40;16.70;22.31;24.83;34.87;-0.388;NEUTRE;0;;;0
2026.07.07 00:00;1798.03;1808.45;1793.67;1801.98;21.33;19.27;18.59;35.61;43.69;0.220;NEUTRE;0;;;0
2026.07.06 23:00;1804.66;1808.52;1796.05;1798.00;24.33;22.23;18.98;44.17;53.76;0.803;NEUTRE;0;24.2;0;0
2026.07.06 22:00;1813.30;1815.04;1803.15;1804.66;26.86;25.65;13.14;51.30;63.58;1.176;NEUTRE;0;34.6;1;0
2026.07.06 21:00;1791.48;1830.60;1790.87;1813.28;26.03;29.60;15.16;65.80;72.57;1.659;NEUTRE;0;45.5;2;0
2026.07.06 20:00;1791.30;1794.84;1785.65;1791.48;25.07;20.31;17.49;73.63;77.48;0.437;NEUTRE;0;15.7;0;0
2026.07.06 19:00;1791.05;1797.49;1789.57;1791.15;27.78;23.43;13.62;78.29;81.53;0.419;NEUTRE;0;15.9;0;1
2026.07.06 18:00;1786.53;1794.50;1785.14;1791.05;27.98;21.23;15.72;80.51;82.00;0.413;NEUTRE;0;16.5;0;1
2026.07.06 17:00;1791.25;1798.47;1785.42;1786.53;29.99;24.50;17.67;85.80;76.30;0.160;NEUTRE;0;6.9;0;1
2026.07.06 16:00;1787.00;1803.52;1780.89;1791.25;32.12;28.26;20.39;79.68;58.11;0.424;NEUTRE;0;18.8;0;1
2026.07.06 15:00;1749.76;1787.50;1749.59;1786.90;34.57;21.72;23.53;63.43;38.73;0.181;NEUTRE;0;8.8;0;1
2026.07.06 14:00;1742.96;1760.68;1740.22;1749.81;39.27;14.18;27.15;31.23;26.83;-1.899;SOFT_DOWN;-1;-60.2;-2;1
2026.07.06 13:00;1738.70;1751.70;1728.10;1742.96;40.48;9.61;31.33;21.52;27.26;-2.283;SOFT_DOWN;-1;-66.2;-3;1
2026.07.06 12:00;1757.49;1758.55;1733.64;1738.72;38.55;11.09;32.54;27.74;30.46;-2.521;SOFT_DOWN;-1;-69.7;-3;1
2026.07.06 11:00;1769.00;1773.58;1757.49;1757.49;36.92;12.79;22.81;32.53;27.78;-1.468;NEUTRE;0;-59.8;-2;1
2026.07.06 10:00;1756.51;1771.90;1755.87;1769.00;38.27;13.15;26.32;31.12;24.10;-0.823;NEUTRE;0;-46.7;-2;1
2026.07.06 09:00;1763.55;1763.91;1753.71;1756.51;39.02;7.51;30.37;19.68;22.45;-1.523;NEUTRE;0;-65.4;-3;1
2026.07.06 08:00;1770.10;1776.04;1760.98;1763.55;35.74;8.66;24.08;21.49;23.32;-1.129;NEUTRE;0;-61.2;-2;1
2026.07.06 07:00;1767.39;1773.38;1764.82;1770.12;33.99;10.00;23.86;26.19;24.22;-0.760;NEUTRE;0;-54.4;-2;1
2026.07.06 06:00;1771.99;1773.09;1767.21;1767.42;32.92;11.53;23.23;22.28;23.55;-0.912;NEUTRE;0;-62.9;-2;0
2026.07.06 05:00;1775.90;1776.29;1762.87;1771.92;32.81;13.31;26.81;24.18;26.91;-0.659;NEUTRE;0;-59.5;-2;0
2026.07.06 04:00;1777.65;1782.45;1774.10;1775.90;32.68;15.36;18.06;24.20;33.90;-0.436;NEUTRE;0;-54.5;-2;0
2026.07.06 03:00;1781.54;1782.95;1770.26;1777.65;36.47;17.72;20.83;32.35;42.35;-0.338;NEUTRE;0;-55.4;-2;0
2026.07.06 02:00;1784.10;1788.20;1777.65;1781.54;40.83;20.44;15.08;45.14;49.23;-0.120;NEUTRE;0;-37.7;-1;0
2026.07.06 01:00;1791.37;1797.08;1783.10;1784.11;44.79;23.59;9.45;49.56;52.26;0.024;NEUTRE;0;;;0
2026.07.06 00:00;1783.68;1792.01;1772.81;1791.36;45.10;21.64;10.91;52.99;55.02;0.431;NEUTRE;0;;;0
2026.07.05 23:00;1787.88;1800.54;1780.65;1783.68;46.97;24.97;6.30;54.22;58.78;0.277;NEUTRE;0;8.8;0;0
2026.07.05 22:00;1784.80;1805.62;1782.12;1788.03;45.01;28.81;6.14;57.87;62.44;0.522;NEUTRE;0;17;0;0
2026.07.05 21:00;1775.20;1790.91;1767.48;1784.79;41.96;23.61;7.08;64.24;68.15;0.340;NEUTRE;0;11.8;0;0
2026.07.05 20:00;1779.42;1781.53;1774.27;1775.20;40.13;21.08;8.17;65.20;71.52;-0.200;NEUTRE;0;-7.3;0;0
2026.07.05 19:00;1779.25;1782.65;1775.80;1779.42;39.51;24.33;6.18;75.01;74.64;0.038;NEUTRE;0;1.5;0;0
2026.07.05 18:00;1777.54;1784.10;1775.90;1779.30;36.44;28.07;6.91;74.34;76.51;0.031;NEUTRE;0;1.3;0;0
2026.07.05 17:00;1770.89;1783.27;1770.89;1777.60;32.74;30.83;7.97;74.55;80.36;-0.065;NEUTRE;0;-2.8;0;0
2026.07.05 16:00;1772.68;1775.54;1768.27;1770.88;28.71;25.98;9.20;80.62;82.77;-0.442;NEUTRE;0;-19.6;0;0
2026.07.05 15:00;1770.55;1778.01;1768.50;1772.68;25.79;29.97;10.13;85.91;77.36;-0.341;NEUTRE;0;-16.3;0;0
2026.07.05 14:00;1764.43;1770.76;1762.94;1770.58;22.15;22.86;11.69;81.79;66.81;-0.459;NEUTRE;0;-22.9;0;0
2026.07.05 13:00;1763.10;1765.64;1759.63;1764.43;20.58;16.30;13.49;64.38;54.27;-0.805;NEUTRE;0;-38.6;-1;0
2026.07.05 12:00;1758.24;1767.53;1754.21;1763.10;22.30;18.81;15.56;54.25;48.44;-0.880;NEUTRE;0;-43.4;-1;0
2026.07.05 11:00;1759.56;1763.13;1756.83;1758.24;24.27;16.62;17.96;44.16;48.81;-1.153;NEUTRE;0;-53.5;-2;0
2026.07.05 10:00;1756.16;1760.02;1753.13;1759.56;27.41;11.58;20.72;46.92;55.13;-1.079;NEUTRE;0;-54.3;-2;0
2026.07.05 09:00;1765.57;1765.80;1747.86;1756.16;27.28;13.36;23.91;55.35;59.17;-1.270;NEUTRE;0;-61.2;-2;0
2026.07.05 08:00;1767.99;1770.79;1764.58;1765.56;27.12;15.42;13.25;63.11;56.23;-0.742;NEUTRE;0;-50.1;-2;0
2026.07.05 07:00;1762.66;1770.17;1759.84;1767.99;30.13;16.26;15.28;59.05;46.30;-0.605;NEUTRE;0;-48.1;-2;0
2026.07.05 06:00;1763.76;1765.98;1760.00;1762.66;34.29;12.52;17.64;46.53;33.83;-0.905;NEUTRE;0;-62.8;-2;0
2026.07.05 05:00;1765.52;1765.84;1758.51;1763.75;36.96;14.08;20.35;33.32;23.05;-0.843;NEUTRE;0;-65.3;-3;0
2026.07.05 04:00;1759.56;1770.60;1758.08;1765.52;39.84;16.25;23.48;21.65;16.11;-0.744;NEUTRE;0;-67.3;-3;0
2026.07.05 03:00;1758.82;1761.88;1755.92;1759.56;43.17;8.03;27.09;14.17;15.14;-1.079;NEUTRE;0;-77.8;-3;0
2026.07.05 02:00;1764.70;1765.74;1755.21;1758.85;41.47;9.27;31.26;12.50;16.17;-1.119;NEUTRE;0;-82.1;-3;0
2026.07.05 01:00;1770.64;1772.66;1759.35;1764.67;39.50;10.70;30.02;18.75;21.07;-0.792;NEUTRE;0;;;0
2026.07.05 00:00;1778.75;1778.89;1768.20;1770.64;38.27;12.34;24.41;17.24;23.65;-0.456;NEUTRE;0;;;0
2026.07.04 23:00;1782.71;1783.71;1770.80;1778.75;39.11;14.24;24.42;27.20;32.34;1.304;NEUTRE;0;36.1;1;0
2026.07.04 22:00;1787.37;1787.55;1780.30;1782.73;41.08;16.43;16.86;26.52;41.82;1.530;NEUTRE;0;41.9;1;0
2026.07.04 21:00;1785.23;1792.41;1784.42;1787.42;47.20;18.96;10.71;43.30;56.97;1.797;NEUTRE;0;47.8;2;0
2026.07.04 20:00;1790.84;1794.00;1781.92;1785.23;50.18;21.88;12.36;55.65;67.70;1.673;NEUTRE;0;47.1;2;0
2026.07.04 19:00;1791.80;1795.71;1786.62;1790.84;53.62;25.24;8.27;71.97;75.85;1.992;SOFT_UP;1;53.5;2;0
2026.07.04 18:00;1797.50;1803.94;1789.75;1791.80;54.09;29.12;4.25;75.50;77.69;2.047;SOFT_UP;1;55.7;2;0
2026.07.04 17:00;1785.09;1804.76;1777.06;1797.50;50.94;33.60;4.90;80.09;75.85;2.371;SOFT_UP;1;60.9;2;0
2026.07.04 16:00;1789.23;1790.02;1781.45;1785.09;47.31;30.59;5.66;77.50;70.05;1.665;NEUTRE;0;53.3;2;0
2026.07.04 15:00;1770.62;1796.16;1770.59;1789.23;44.01;35.29;6.53;69.96;61.35;1.900;SOFT_UP;1;58.5;2;0
2026.07.04 14:00;1762.17;1772.83;1761.99;1770.62;40.20;26.69;7.53;62.69;57.81;0.841;NEUTRE;0;37.7;1;0
2026.07.04 13:00;1762.48;1775.98;1759.90;1762.17;37.77;30.79;8.69;51.40;52.98;0.359;NEUTRE;0;19.6;0;0
2026.07.04 12:00;1756.10;1764.36;1756.10;1762.48;34.97;24.41;10.03;59.36;55.78;0.377;NEUTRE;0;22;0;0
2026.07.04 11:00;1757.12;1758.30;1754.20;1756.10;33.92;16.88;11.57;48.19;57.15;0.014;NEUTRE;0;0.9;0;0
2026.07.04 10:00;1756.09;1759.01;1754.99;1757.12;36.27;19.48;10.39;59.81;62.32;0.072;NEUTRE;0;5.3;0;0
2026.07.04 09:00;1760.31;1761.02;1752.85;1756.07;37.17;22.47;11.99;63.44;62.01;0.012;NEUTRE;0;1;0;0
2026.07.04 08:00;1756.31;1763.38;1755.45;1760.30;38.20;25.93;8.93;63.70;63.04;0.253;NEUTRE;0;22.2;0;0
2026.07.04 07:00;1752.76;1757.63;1750.76;1756.31;36.58;18.77;10.31;58.91;63.49;0.026;NEUTRE;0;2.7;0;0
2026.07.04 06:00;1754.15;1759.31;1749.57;1752.76;37.73;21.65;11.89;66.52;61.81;-0.177;NEUTRE;0;-20.8;0;0
2026.07.04 05:00;1759.70;1759.76;1751.11;1754.12;39.06;24.98;11.29;65.05;47.62;-0.099;NEUTRE;0;-14.3;0;0
2026.07.04 04:00;1751.69;1762.28;1749.95;1759.66;39.27;28.83;13.03;53.88;35.04;0.216;NEUTRE;0;34.8;1;0
2026.07.04 03:00;1747.22;1754.36;1745.15;1751.66;39.50;23.38;15.03;23.93;29.75;-0.239;NEUTRE;0;-45.7;-2;0
2026.07.04 02:00;1745.71;1748.93;1742.07;1747.21;42.24;17.91;17.35;27.32;39.25;-0.493;NEUTRE;0;-72.5;-3;0
2026.07.04 01:00;1756.59;1756.59;1743.91;1745.71;48.49;20.66;15.89;38.01;50.38;-0.578;NEUTRE;0;;;0
2026.07.04 00:00;1755.86;1761.96;1754.25;1756.59;53.94;23.84;5.79;52.43;61.50;0.042;NEUTRE;0;;;0
2026.07.03 23:00;1755.37;1759.76;1753.26;1755.86;52.86;23.12;6.68;60.70;69.78;3.393;SOFT_UP;1;62.2;2;0
2026.07.03 22:00;1761.29;1761.93;1753.76;1755.35;52.51;26.68;6.52;71.39;74.42;3.363;SOFT_UP;1;63.1;2;0
2026.07.03 21:00;1763.95;1773.20;1754.79;1761.24;51.25;30.78;5.59;77.26;69.14;3.710;SOFT_UP;1;66.3;3;0
2026.07.03 20:00;1743.26;1770.30;1741.41;1763.95;48.47;33.09;6.44;74.62;56.28;3.869;STRONG_UP;2;68.1;3;0
2026.07.03 19:00;1736.71;1750.39;1735.17;1743.26;45.56;27.58;7.44;55.54;39.58;2.651;SOFT_UP;1;60.9;2;1
2026.07.03 18:00;1736.04;1738.59;1734.13;1736.71;43.72;19.90;8.58;38.69;29.44;2.265;SOFT_UP;1;58.3;2;1
2026.07.03 17:00;1731.62;1739.54;1730.34;1736.04;44.33;22.96;9.90;24.53;33.59;2.226;SOFT_UP;1;59.3;2;1
2026.07.03 16:00;1728.91;1733.35;1725.84;1731.67;45.04;16.14;11.42;25.12;47.25;1.969;SOFT_UP;1;57.8;2;1
2026.07.03 15:00;1735.06;1743.03;1727.71;1728.91;49.34;18.62;9.35;51.11;64.51;1.806;NEUTRE;0;57.2;2;1
2026.07.03 14:00;1745.81;1745.81;1726.99;1735.03;51.83;21.49;10.79;65.52;72.47;2.166;SOFT_UP;1;63.4;2;1
2026.07.03 13:00;1734.03;1750.62;1733.53;1745.81;54.70;24.79;7.10;76.89;77.08;2.801;SOFT_UP;1;70.2;3;1
2026.07.03 12:00;1740.00;1742.78;1729.34;1734.04;54.59;21.55;8.20;75.01;75.09;2.108;SOFT_UP;1;66.2;3;1
2026.07.03 11:00;1739.81;1745.61;1735.41;1740.00;56.08;24.86;2.51;79.34;73.25;2.459;SOFT_UP;1;70.9;3;1
2026.07.03 10:00;1724.01;1746.65;1723.91;1739.81;52.14;28.69;2.89;70.93;70.11;2.448;SOFT_UP;1;72.4;3;1
2026.07.03 09:00;1717.48;1728.32;1714.82;1724.01;47.60;20.70;3.34;69.49;72.67;1.517;NEUTRE;0;65.3;3;1
2026.07.03 08:00;1715.52;1731.81;1713.43;1717.44;43.81;23.88;3.85;69.90;70.92;1.131;NEUTRE;0;61.2;2;1
2026.07.03 07:00;1713.69;1719.72;1711.52;1715.52;39.44;17.44;4.45;78.63;66.26;1.018;NEUTRE;0;61.9;2;1
2026.07.03 06:00;1712.49;1719.16;1710.57;1713.69;36.37;19.07;5.13;64.21;55.43;0.910;NEUTRE;0;62.9;2;0
2026.07.03 05:00;1700.89;1718.56;1699.95;1712.49;33.10;20.93;5.92;55.95;53.84;0.839;NEUTRE;0;65.2;3;0
2026.07.03 04:00;1704.02;1706.14;1700.02;1700.89;29.59;13.88;6.83;46.14;53.53;0.156;NEUTRE;0;26.7;1;0
2026.07.03 03:00;1702.27;1709.71;1697.02;1704.02;28.90;16.02;7.88;59.44;57.81;0.340;NEUTRE;0;55.6;2;0
2026.07.03 02:00;1709.96;1712.79;1693.85;1702.27;28.11;18.48;9.09;55.00;49.72;0.237;NEUTRE;0;56.8;2;0
2026.07.03 01:00;1694.31;1716.06;1692.90;1709.97;27.20;21.33;10.49;58.99;44.50;0.691;NEUTRE;0;;;0
2026.07.03 00:00;1698.24;1700.82;1692.40;1694.30;26.14;14.48;12.10;35.16;43.81;-0.232;NEUTRE;0;;;0
2026.07.02 23:00;1694.38;1699.26;1689.83;1698.27;28.79;13.86;13.97;39.35;55.30;5.644;STRONG_UP;2;72.4;3;0
2026.07.02 22:00;1698.03;1698.69;1692.36;1694.52;33.16;16.00;11.99;56.92;62.45;5.411;STRONG_UP;2;72.5;3;0
2026.07.02 21:00;1703.63;1703.89;1695.00;1698.03;36.05;18.46;7.42;69.62;61.13;5.629;STRONG_UP;2;73.8;3;0
2026.07.02 20:00;1698.11;1704.73;1694.01;1703.63;35.04;21.30;8.56;60.82;57.33;5.977;STRONG_UP;2;75.4;3;0
2026.07.02 19:00;1700.14;1703.62;1692.70;1698.12;33.86;22.98;9.87;52.94;58.36;5.635;STRONG_UP;2;75.3;3;1
2026.07.02 18:00;1693.86;1705.42;1693.37;1700.14;32.93;26.51;10.45;58.23;63.79;5.760;STRONG_UP;2;76.4;3;1
2026.07.02 17:00;1697.62;1703.37;1692.57;1693.86;31.31;27.98;12.06;63.92;70.89;5.370;STRONG_UP;2;76.2;3;1
2026.07.02 16:00;1694.82;1701.82;1684.72;1697.62;30.01;30.07;13.91;69.24;78.39;5.604;STRONG_UP;2;77.5;3;1
2026.07.02 15:00;1699.38;1701.32;1686.60;1694.82;28.98;34.70;14.36;79.51;86.34;5.429;STRONG_UP;2;77.9;3;1
2026.07.02 14:00;1708.41;1721.80;1690.96;1699.40;27.05;40.04;12.01;86.41;89.47;5.714;STRONG_UP;2;79.2;3;1
2026.07.02 13:00;1660.47;1711.52;1658.68;1708.39;22.93;41.07;13.86;93.10;89.12;6.274;STRONG_UP;2;80.9;3;1
2026.07.02 12:00;1648.13;1666.21;1645.38;1660.47;18.84;34.19;15.99;88.90;82.07;3.293;SOFT_UP;1;74.2;3;1
2026.07.02 11:00;1643.85;1652.32;1642.13;1648.26;16.16;29.20;18.45;85.36;67.53;2.533;SOFT_UP;1;71.4;3;1
2026.07.02 10:00;1640.67;1647.05;1638.74;1643.86;15.17;25.73;21.29;71.95;45.83;2.259;SOFT_UP;1;71;3;1
2026.07.02 09:00;1622.51;1648.52;1617.94;1640.67;16.06;29.69;24.56;45.28;32.37;2.061;SOFT_UP;1;71.3;3;1
2026.07.02 08:00;1613.62;1623.78;1612.68;1622.51;17.07;21.81;28.34;20.26;36.34;0.931;NEUTRE;0;56.3;2;1
2026.07.02 07:00;1616.78;1617.43;1612.05;1613.63;17.69;16.37;32.70;31.57;55.87;0.379;NEUTRE;0;34.9;1;1
2026.07.02 06:00;1624.43;1627.31;1615.06;1616.78;15.29;18.88;29.13;57.19;69.79;0.575;NEUTRE;0;51;2;0
2026.07.02 05:00;1630.51;1632.45;1622.94;1624.44;14.36;21.79;23.71;78.83;71.63;1.051;NEUTRE;0;69.7;3;0
2026.07.02 04:00;1637.17;1637.63;1628.65;1630.51;15.92;25.14;18.12;73.34;57.52;1.429;NEUTRE;0;77.7;3;0
2026.07.02 03:00;1618.56;1639.79;1615.99;1637.17;15.88;29.01;20.91;62.71;40.76;1.843;NEUTRE;0;82.8;3;0
2026.07.02 02:00;1618.10;1622.24;1612.49;1618.56;15.83;22.13;24.13;36.52;25.13;0.686;NEUTRE;0;77.2;3;0
2026.07.02 01:00;1601.44;1622.41;1600.54;1618.12;17.59;25.53;27.84;23.05;25.17;0.658;NEUTRE;0;;;0
2026.07.02 00:00;1607.54;1607.54;1595.05;1601.44;19.64;19.00;32.13;15.82;35.41;-0.379;NEUTRE;0;;;0
2026.07.01 23:00;1619.54;1619.55;1606.18;1607.59;18.71;21.92;23.41;36.65;51.63;2.450;SOFT_UP;1;53.9;2;0
2026.07.01 22:00;1630.21;1643.40;1618.37;1619.54;21.08;25.29;12.99;53.77;58.85;3.212;SOFT_UP;1;62;2;0
2026.07.01 21:00;1615.85;1635.73;1615.54;1630.21;19.37;24.47;14.99;64.46;65.28;3.892;STRONG_UP;2;67.3;3;0
2026.07.01 20:00;1616.25;1618.41;1608.24;1615.85;18.66;15.04;17.29;58.32;69.35;2.977;SOFT_UP;1;62.5;2;0
2026.07.01 19:00;1614.46;1622.08;1612.68;1616.25;20.45;17.35;13.24;73.07;77.16;3.002;SOFT_UP;1;63.8;2;1
2026.07.01 18:00;1620.84;1622.52;1609.89;1614.46;21.53;20.02;15.27;76.67;78.40;2.888;SOFT_UP;1;64.2;2;1
2026.07.01 17:00;1612.67;1622.90;1605.21;1620.84;22.78;23.10;17.62;81.74;80.22;3.295;SOFT_UP;1;68.2;3;1
2026.07.01 16:00;1618.24;1626.82;1610.60;1612.67;24.21;26.65;15.65;76.79;76.38;2.774;SOFT_UP;1;65.9;3;1
2026.07.01 15:00;1599.15;1628.97;1598.92;1618.24;23.94;30.75;18.06;82.14;69.49;3.129;SOFT_UP;1;69.6;3;1
2026.07.01 14:00;1595.17;1614.49;1588.99;1599.20;23.62;28.07;20.83;70.21;48.72;1.916;SOFT_UP;1;60.4;2;1
2026.07.01 13:00;1567.90;1595.80;1567.68;1595.17;24.97;21.12;24.04;56.12;34.40;1.659;NEUTRE;0;58.7;2;1
2026.07.01 12:00;1567.45;1570.13;1563.36;1567.90;27.82;10.32;27.74;19.82;27.19;-0.079;NEUTRE;0;-4.8;0;1
2026.07.01 11:00;1571.09;1573.52;1564.80;1567.45;25.06;11.91;28.73;27.27;31.90;-0.108;NEUTRE;0;-7.2;0;1
2026.07.01 10:00;1578.70;1579.27;1569.64;1571.09;22.54;13.74;24.61;34.47;31.53;0.124;NEUTRE;0;9.1;0;1
2026.07.01 09:00;1579.82;1582.61;1576.32;1578.69;21.65;15.85;17.73;33.96;35.11;0.609;NEUTRE;0;41.1;1;1
2026.07.01 08:00;1575.76;1579.82;1566.12;1579.82;24.12;11.47;20.46;26.17;46.64;0.681;NEUTRE;0;47.6;2;1
2026.07.01 07:00;1573.54;1578.67;1569.75;1575.77;23.50;13.23;19.53;45.20;66.99;0.423;NEUTRE;0;37.9;1;1
2026.07.01 06:00;1589.98;1590.40;1568.70;1573.59;24.16;15.27;22.53;68.57;82.43;0.284;NEUTRE;0;31.4;1;0
2026.07.01 05:00;1596.60;1598.07;1588.43;1589.91;24.92;17.62;12.01;87.21;88.41;1.324;NEUTRE;0;73.7;3;0
2026.07.01 04:00;1591.90;1600.52;1587.97;1596.61;25.84;20.33;13.86;91.52;85.21;1.751;NEUTRE;0;79.9;3;0
2026.07.01 03:00;1583.42;1595.99;1579.59;1591.90;26.90;17.90;15.99;86.48;74.57;1.450;NEUTRE;0;80.9;3;0
2026.07.01 02:00;1575.10;1586.59;1571.64;1583.43;30.17;11.84;18.45;77.63;56.32;0.911;NEUTRE;0;80.3;3;0
2026.07.01 01:00;1572.16;1583.31;1550.50;1575.10;31.46;10.28;21.29;59.60;37.47;0.380;NEUTRE;0;;;0
2026.07.01 00:00;1569.14;1573.85;1563.36;1572.16;30.94;11.87;18.53;31.73;29.49;0.192;NEUTRE;0;;;0
2026.06.30 23:00;1564.75;1569.81;1563.13;1569.13;32.32;7.77;21.38;21.06;41.83;-2.562;SOFT_DOWN;-1;-55.1;-2;0
2026.06.30 22:00;1568.97;1572.23;1564.04;1564.75;30.11;8.96;22.57;35.68;63.18;-2.833;SOFT_DOWN;-1;-58.9;-2;0
2026.06.30 21:00;1573.29;1574.40;1567.16;1568.97;28.10;10.34;20.19;68.74;80.06;-2.571;SOFT_DOWN;-1;-57.6;-2;0
2026.06.30 20:00;1577.84;1579.97;1571.08;1573.29;27.46;11.93;14.96;85.14;83.97;-2.303;SOFT_DOWN;-1;-56;-2;0
2026.06.30 19:00;1576.02;1578.82;1572.59;1577.81;29.95;13.76;14.65;86.31;76.31;-2.023;SOFT_DOWN;-1;-53.9;-2;1
2026.06.30 18:00;1568.24;1578.77;1566.76;1576.04;34.07;15.76;16.91;80.45;63.68;-2.132;SOFT_DOWN;-1;-56.8;-2;1
2026.06.30 17:00;1569.50;1574.21;1565.79;1568.24;38.78;12.34;19.51;62.17;50.19;-2.617;SOFT_DOWN;-1;-63.2;-2;1
2026.06.30 16:00;1561.92;1571.96;1558.93;1569.50;41.28;10.13;22.51;48.43;38.02;-2.539;SOFT_DOWN;-1;-63.9;-2;1
2026.06.30 15:00;1560.25;1573.24;1554.26;1561.92;41.80;11.69;25.97;39.98;28.46;-3.009;SOFT_DOWN;-1;-68.8;-3;1
2026.06.30 14:00;1564.52;1574.93;1558.00;1560.25;42.40;13.49;26.93;25.66;18.37;-3.113;SOFT_DOWN;-1;-70.8;-3;1
2026.06.30 13:00;1549.77;1564.69;1547.81;1564.52;43.80;6.26;31.08;19.74;18.29;-2.848;SOFT_DOWN;-1;-70.5;-3;1
2026.06.30 12:00;1575.59;1575.61;1549.54;1549.80;40.31;7.22;34.28;9.72;22.13;-3.762;STRONG_DOWN;-2;-76.1;-3;1
2026.06.30 11:00;1581.55;1583.34;1573.19;1575.59;36.48;8.33;25.60;25.40;34.64;-2.160;SOFT_DOWN;-1;-68.4;-3;1
2026.06.30 10:00;1582.63;1584.08;1579.32;1581.55;34.26;9.61;20.25;31.28;47.49;-1.790;NEUTRE;0;-66.6;-3;1
2026.06.30 09:00;1581.02;1584.21;1578.68;1582.63;34.05;11.09;23.36;47.23;61.47;-1.723;NEUTRE;0;-67.9;-3;1
2026.06.30 08:00;1589.53;1591.49;1576.62;1581.03;33.81;12.80;26.95;63.97;61.71;-1.823;NEUTRE;0;-71.2;-3;1
2026.06.30 07:00;1591.01;1592.98;1587.41;1589.53;33.54;14.76;19.94;73.20;48.68;-1.295;NEUTRE;0;-67.2;-3;1
2026.06.30 06:00;1588.72;1591.87;1586.04;1591.01;36.40;13.97;23.00;47.96;28.64;-1.203;NEUTRE;0;-68.8;-3;0
2026.06.30 05:00;1584.94;1589.14;1582.08;1588.72;38.25;8.92;26.54;24.88;15.94;-1.345;NEUTRE;0;-73.9;-3;0
2026.06.30 04:00;1584.19;1588.03;1576.75;1584.94;36.48;7.87;30.63;13.08;11.12;-1.580;NEUTRE;0;-78.9;-3;0
2026.06.30 03:00;1587.88;1593.15;1583.60;1584.19;33.00;9.08;26.00;9.87;11.31;-1.626;NEUTRE;0;-81.8;-3;0
2026.06.30 02:00;1591.28;1591.35;1583.80;1587.88;30.65;7.58;30.00;10.40;11.51;-1.397;NEUTRE;0;-83.7;-3;0
2026.06.30 01:00;1591.78;1597.24;1586.33;1591.28;26.19;8.74;29.45;13.65;23.54;-1.186;NEUTRE;0;;;0
2026.06.30 00:00;1610.38;1611.63;1590.09;1591.78;21.87;10.09;28.68;10.48;39.23;-1.155;NEUTRE;0;;;0
2026.06.29 23:00;1610.20;1611.34;1605.13;1610.37;17.86;11.64;22.35;46.51;60.87;2.632;SOFT_UP;1;55.8;2;0
2026.06.29 22:00;1617.30;1619.23;1609.98;1610.28;15.76;13.43;13.78;60.70;71.68;2.626;SOFT_UP;1;57;2;0
2026.06.29 21:00;1615.01;1620.29;1609.95;1617.30;17.98;15.49;15.90;75.39;79.69;3.074;SOFT_UP;1;62.1;2;0
2026.06.29 20:00;1622.74;1623.74;1614.67;1615.01;20.55;17.88;11.32;78.94;81.79;2.928;SOFT_UP;1;62.1;2;0
2026.06.29 19:00;1618.25;1624.57;1613.71;1622.72;20.26;20.63;13.06;84.72;80.89;3.419;SOFT_UP;1;66.7;3;1
2026.06.29 18:00;1625.12;1626.14;1615.87;1618.25;19.92;23.80;12.01;81.71;71.02;3.134;SOFT_UP;1;66;3;1
2026.06.29 17:00;1582.29;1633.95;1582.26;1625.12;17.92;27.46;13.86;76.24;57.35;3.572;SOFT_UP;1;69.7;3;1
2026.06.29 16:00;1576.94;1584.37;1570.91;1582.29;15.61;16.93;15.99;55.10;42.52;0.843;NEUTRE;0;34.2;1;1
2026.06.29 15:00;1569.76;1581.60;1558.41;1576.94;17.58;16.37;18.45;40.71;33.42;0.502;NEUTRE;0;23.3;0;1
2026.06.29 14:00;1569.80;1575.96;1554.69;1569.72;19.36;15.15;21.29;31.75;31.45;0.041;NEUTRE;0;2.2;0;1
2026.06.29 13:00;1573.47;1585.76;1562.02;1569.69;19.74;17.48;19.27;27.81;35.68;0.040;NEUTRE;0;2.3;0;1
2026.06.29 12:00;1572.17;1593.94;1564.10;1573.47;22.03;20.16;20.88;34.78;42.05;0.280;NEUTRE;0;16.7;0;1
2026.06.29 11:00;1575.85;1579.45;1567.55;1572.16;25.15;15.80;24.10;44.44;48.52;0.197;NEUTRE;0;13;0;1
2026.06.29 10:00;1573.56;1584.05;1573.56;1575.85;25.82;18.23;20.03;46.92;56.10;0.432;NEUTRE;0;29.1;1;1
2026.06.29 09:00;1570.31;1577.72;1567.91;1573.56;29.06;11.75;23.12;54.21;67.23;0.286;NEUTRE;0;22.3;0;1
2026.06.29 08:00;1577.48;1579.41;1567.39;1570.31;28.52;13.55;26.67;67.16;75.17;0.079;NEUTRE;0;7.2;0;1
2026.06.29 07:00;1580.12;1581.80;1575.05;1577.48;27.89;15.64;20.97;80.31;79.26;0.536;NEUTRE;0;44.6;1;1
2026.06.29 06:00;1580.14;1585.87;1576.86;1580.12;29.94;18.04;20.07;78.04;78.78;0.704;NEUTRE;0;56.5;2;0
2026.06.29 05:00;1572.59;1580.21;1559.42;1580.12;33.73;11.16;23.16;79.43;78.70;0.704;NEUTRE;0;61.1;2;0
2026.06.29 04:00;1581.72;1582.11;1571.64;1572.59;33.53;12.87;17.68;78.88;76.28;0.224;NEUTRE;0;35.8;1;0
2026.06.29 03:00;1573.65;1586.00;1573.65;1581.72;36.27;14.85;17.45;77.79;72.46;0.806;NEUTRE;0;73.9;3;0
2026.06.29 02:00;1565.64;1576.07;1547.80;1573.65;40.61;4.77;20.13;72.17;65.05;0.292;NEUTRE;0;62;2;0
2026.06.29 01:00;1570.36;1571.23;1557.27;1565.64;37.37;5.50;18.08;67.41;55.37;-0.219;NEUTRE;0;;;0
2026.06.29 00:00;1569.07;1571.85;1549.51;1570.55;34.91;6.35;20.86;55.58;45.98;0.094;NEUTRE;0;;;0
2026.06.28 23:00;1554.28;1577.29;1552.63;1569.07;32.08;7.32;21.92;43.13;41.23;-0.134;NEUTRE;0;-4.3;0;0
2026.06.28 22:00;1561.00;1578.86;1546.83;1554.28;29.33;8.45;25.29;39.22;40.85;-1.076;NEUTRE;0;-32.2;-1;0
2026.06.28 21:00;1570.42;1571.10;1556.45;1561.00;26.17;9.75;24.56;41.35;38.80;-0.648;NEUTRE;0;-21.7;0;0
2026.06.28 20:00;1561.83;1573.79;1561.53;1570.40;23.56;11.25;23.00;41.97;36.50;-0.050;NEUTRE;0;-1.8;0;0
2026.06.28 19:00;1568.97;1571.68;1554.20;1561.83;21.90;10.34;26.54;33.07;34.56;-0.595;NEUTRE;0;-22;0;0
2026.06.28 18:00;1569.50;1572.38;1566.44;1569.01;18.51;11.93;19.85;34.45;37.37;-0.138;NEUTRE;0;-5.6;0;0
2026.06.28 17:00;1570.21;1574.74;1560.96;1569.52;17.52;13.76;22.91;36.15;42.22;-0.106;NEUTRE;0;-4.6;0;0
2026.06.28 16:00;1578.18;1579.27;1564.01;1570.21;16.38;15.88;23.03;41.51;49.44;-0.062;NEUTRE;0;-2.9;0;0
2026.06.28 15:00;1578.63;1582.67;1574.58;1578.18;16.07;18.32;15.91;48.99;57.75;0.446;NEUTRE;0;21;0;0
2026.06.28 14:00;1576.94;1583.37;1575.38;1578.63;17.46;21.14;16.84;57.82;65.03;0.474;NEUTRE;0;23.6;0;0
2026.06.28 13:00;1581.01;1581.09;1572.40;1576.94;18.41;20.00;19.43;66.44;69.26;0.367;NEUTRE;0;20;0;0
2026.06.28 12:00;1580.26;1585.41;1575.61;1581.01;21.02;23.08;16.74;70.84;71.14;0.626;NEUTRE;0;33.9;1;0
2026.06.28 11:00;1574.58;1581.26;1573.25;1580.26;21.80;20.11;19.31;70.49;74.15;0.578;NEUTRE;0;34.1;1;0
2026.06.28 10:00;1576.36;1578.74;1569.88;1574.58;24.84;18.37;22.28;72.09;73.52;0.216;NEUTRE;0;15.5;0;0
2026.06.28 09:00;1578.67;1583.23;1575.84;1576.36;27.18;21.19;15.36;79.87;65.86;0.330;NEUTRE;0;25.3;1;0
2026.06.28 08:00;1573.19;1582.39;1570.82;1578.67;28.91;22.70;17.72;68.59;50.82;0.477;NEUTRE;0;37.5;1;0
2026.06.28 07:00;1567.09;1574.26;1567.09;1573.18;31.46;15.38;20.45;49.10;41.43;0.127;NEUTRE;0;13.2;0;0
2026.06.28 06:00;1566.47;1567.95;1559.97;1565.40;34.13;6.79;23.60;34.78;41.00;-0.368;NEUTRE;0;-38.3;-1;0
2026.06.28 05:00;1571.51;1571.76;1561.85;1566.47;30.87;7.84;23.60;40.41;46.40;-0.300;NEUTRE;0;-37.7;-1;0
2026.06.28 04:00;1572.40;1574.76;1568.11;1571.54;27.91;9.05;17.51;47.81;50.31;0.023;NEUTRE;0;4.2;0;0
2026.06.28 03:00;1569.42;1573.67;1569.37;1572.39;27.30;10.44;17.29;50.97;49.38;0.077;NEUTRE;0;18.3;0;0
2026.06.28 02:00;1572.53;1577.20;1566.56;1569.42;27.69;12.04;19.95;52.14;47.08;-0.112;NEUTRE;0;-35.8;-1;0
2026.06.28 01:00;1572.01;1574.25;1567.47;1572.54;28.15;9.63;23.02;45.02;39.35;0.087;NEUTRE;0;;;0
2026.06.28 00:00;1571.18;1575.49;1569.98;1572.02;26.17;11.11;20.87;44.09;33.01;0.053;NEUTRE;0;;;0
2026.06.27 23:00;1576.29;1578.75;1568.05;1571.19;25.51;12.82;24.08;28.96;23.22;-0.306;NEUTRE;0;-9.7;0;0
2026.06.27 22:00;1572.34;1576.92;1560.67;1576.29;24.74;12.16;27.79;25.98;20.10;0.018;NEUTRE;0;0.6;0;0
2026.06.27 21:00;1578.65;1582.29;1571.48;1572.34;22.52;14.03;21.83;14.73;17.85;-0.233;NEUTRE;0;-8.1;0;0
2026.06.27 20:00;1575.54;1580.09;1575.39;1578.65;22.65;16.19;19.62;19.60;28.77;0.168;NEUTRE;0;6.2;0;0
2026.06.27 19:00;1591.03;1592.38;1570.31;1575.54;24.66;18.69;22.64;19.23;44.57;-0.030;NEUTRE;0;-1.2;0;0
2026.06.27 18:00;1588.35;1591.84;1586.23;1591.03;26.98;21.56;15.02;47.49;66.06;0.953;NEUTRE;0;34.3;1;0
2026.06.27 17:00;1603.95;1604.16;1586.66;1588.34;28.38;24.88;16.16;66.99;78.57;0.782;NEUTRE;0;30.7;1;0
2026.06.27 16:00;1602.67;1604.77;1598.58;1603.95;29.48;28.70;8.16;83.70;85.43;1.773;NEUTRE;0;55;2;0
2026.06.27 15:00;1591.59;1607.91;1590.89;1602.67;25.44;33.12;9.42;85.01;86.66;1.692;NEUTRE;0;55.5;2;0
2026.06.27 14:00;1589.39;1595.56;1586.49;1591.60;20.79;27.05;10.87;87.59;85.02;0.989;NEUTRE;0;42.3;1;0
2026.06.27 13:00;1583.03;1589.98;1581.99;1589.39;17.42;21.75;12.54;87.38;79.85;0.849;NEUTRE;0;40.1;1;0
2026.06.27 12:00;1581.09;1583.58;1578.55;1583.04;15.96;12.77;14.47;80.10;76.03;0.446;NEUTRE;0;25.6;1;0
2026.06.27 11:00;1581.46;1582.35;1576.04;1581.09;17.46;10.98;16.69;72.08;76.05;0.322;NEUTRE;0;20.7;0;0
2026.06.27 10:00;1579.94;1582.21;1579.36;1581.46;16.97;12.66;11.17;75.91;78.36;0.346;NEUTRE;0;24;0;0
2026.06.27 09:00;1581.32;1581.87;1576.74;1579.94;18.61;12.78;12.89;80.15;74.25;0.249;NEUTRE;0;19.6;0;0
2026.06.27 08:00;1582.84;1583.21;1579.08;1581.36;21.41;14.74;7.85;79.02;64.50;0.339;NEUTRE;0;28.6;1;0
2026.06.27 07:00;1579.87;1583.63;1577.84;1582.89;20.01;17.01;9.06;63.59;54.68;0.437;NEUTRE;0;38.8;1;0
2026.06.27 06:00;1575.93;1581.66;1572.38;1579.87;18.40;14.39;10.45;50.90;54.75;0.245;NEUTRE;0;27.7;1;0
2026.06.27 05:00;1576.81;1578.45;1574.22;1575.92;18.79;11.29;12.06;49.54;59.61;-0.006;NEUTRE;0;-0.9;0;0
2026.06.27 04:00;1577.82;1582.48;1576.09;1576.81;21.17;13.02;7.11;63.80;65.21;0.051;NEUTRE;0;9.3;0;0
2026.06.27 03:00;1580.48;1582.20;1575.75;1577.83;19.91;14.35;8.21;65.49;64.55;0.115;NEUTRE;0;26.3;1;0
2026.06.27 02:00;1573.23;1584.17;1571.82;1580.48;18.78;16.56;9.47;66.33;63.20;0.284;NEUTRE;0;61.3;2;0
2026.06.27 01:00;1574.15;1575.00;1571.27;1573.23;17.48;7.68;10.93;61.83;58.34;-0.176;NEUTRE;0;;;0
2026.06.27 00:00;1576.01;1579.19;1568.87;1574.15;17.49;8.86;12.61;61.44;48.45;-0.118;NEUTRE;0;;;0
2026.06.26 23:00;1575.14;1578.18;1571.67;1575.99;17.50;10.23;10.37;51.75;39.40;0.704;NEUTRE;0;21.5;0;0
2026.06.26 22:00;1572.50;1576.58;1566.73;1575.14;20.08;8.02;11.97;32.15;35.52;0.649;NEUTRE;0;20.8;0;0
2026.06.26 21:00;1568.05;1576.37;1565.60;1572.50;20.13;8.93;13.81;34.30;47.05;0.481;NEUTRE;0;16.4;0;0
2026.06.26 20:00;1573.01;1579.93;1565.13;1568.24;19.93;10.30;15.94;40.11;60.39;0.208;NEUTRE;0;7.6;0;0
2026.06.26 19:00;1570.49;1581.23;1567.52;1573.64;19.69;11.88;15.90;66.74;74.84;0.553;NEUTRE;0;20.6;0;1
2026.06.26 18:00;1579.16;1582.88;1568.00;1570.49;20.49;13.71;17.81;74.33;79.21;0.352;NEUTRE;0;14.1;0;1
2026.06.26 17:00;1574.96;1585.85;1573.79;1579.16;21.64;15.82;14.56;83.44;82.91;0.906;NEUTRE;0;34.5;1;1
2026.06.26 16:00;1577.57;1590.40;1570.06;1574.96;24.34;18.26;16.80;79.85;75.04;0.638;NEUTRE;0;27.2;1;1
2026.06.26 15:00;1557.42;1585.36;1556.83;1577.57;27.44;17.25;19.39;85.43;61.81;0.804;NEUTRE;0;34.6;1;1
2026.06.26 14:00;1566.41;1572.54;1551.01;1557.42;30.77;12.99;22.37;59.83;37.25;-0.483;NEUTRE;0;-24;0;1
2026.06.26 13:00;1533.43;1567.98;1519.33;1566.43;31.42;11.74;25.81;40.17;21.76;0.093;NEUTRE;0;5.3;0;1
2026.06.26 12:00;1542.53;1557.40;1525.12;1533.43;30.49;10.20;29.79;11.75;17.82;-2.016;SOFT_DOWN;-1;-65.2;-3;1
2026.06.26 11:00;1545.70;1552.43;1538.62;1542.54;27.64;11.76;27.93;13.36;35.05;-1.434;NEUTRE;0;-59.2;-2;1
2026.06.26 10:00;1550.23;1553.13;1542.36;1545.70;25.63;13.57;28.07;28.37;58.73;-1.232;NEUTRE;0;-57.8;-2;1
2026.06.26 09:00;1563.78;1564.38;1546.76;1550.29;24.21;15.66;26.10;63.42;78.96;-0.939;NEUTRE;0;-53.4;-2;1
2026.06.26 08:00;1578.16;1579.53;1560.85;1563.78;24.09;18.07;17.81;84.40;84.07;-0.077;NEUTRE;0;-7.1;0;1
2026.06.26 07:00;1568.18;1583.25;1567.87;1578.16;27.69;20.85;14.77;89.05;78.96;0.842;NEUTRE;0;57.2;2;1
2026.06.26 06:00;1553.00;1571.21;1541.38;1568.19;29.32;12.02;17.04;78.74;64.64;0.205;NEUTRE;0;23.8;0;0
2026.06.26 05:00;1547.11;1556.54;1545.67;1553.00;31.17;6.30;19.66;69.09;49.90;-0.766;NEUTRE;0;-63.1;-2;0
2026.06.26 04:00;1555.15;1557.76;1544.95;1547.10;28.05;7.27;22.69;46.08;31.76;-1.143;NEUTRE;0;-74.8;-3;0
2026.06.26 03:00;1522.05;1560.59;1509.75;1555.15;24.44;8.39;26.18;34.53;26.64;-0.628;NEUTRE;0;-69.7;-3;0
2026.06.26 02:00;1557.47;1558.23;1517.24;1521.89;20.29;9.68;27.94;14.67;29.58;-2.753;SOFT_DOWN;-1;-86.8;-3;0
2026.06.26 01:00;1561.81;1565.80;1552.70;1557.37;15.94;11.17;18.93;30.71;45.95;-0.486;NEUTRE;0;;;0
2026.06.26 00:00;1564.98;1568.82;1561.07;1561.85;14.42;12.88;12.01;43.36;53.14;-0.200;NEUTRE;0;;;0
2026.06.25 23:00;1567.51;1577.00;1561.69;1564.97;16.10;14.86;12.63;63.78;53.43;-3.359;SOFT_DOWN;-1;-62;-2;0
2026.06.25 22:00;1577.88;1580.57;1563.74;1567.55;17.33;17.15;12.51;52.27;44.81;-3.199;SOFT_DOWN;-1;-61.9;-2;0
2026.06.25 21:00;1557.37;1579.93;1557.24;1577.88;17.59;19.21;14.44;44.25;41.41;-2.562;SOFT_DOWN;-1;-57.5;-2;0
2026.06.25 20:00;1556.69;1567.73;1553.87;1557.36;18.11;13.89;16.66;37.92;38.76;-3.829;STRONG_DOWN;-2;-67.9;-3;0
2026.06.25 19:00;1564.41;1565.05;1552.13;1556.52;19.50;13.05;19.22;42.07;36.83;-3.881;STRONG_DOWN;-2;-69.2;-3;1
2026.06.25 18:00;1572.13;1574.64;1557.91;1564.40;19.56;15.06;15.30;36.31;32.57;-3.394;SOFT_DOWN;-1;-67.6;-3;1
2026.06.25 17:00;1559.25;1572.49;1554.77;1572.08;22.45;15.40;17.65;32.12;27.72;-2.920;SOFT_DOWN;-1;-65.7;-3;1
2026.06.25 16:00;1567.27;1584.66;1555.47;1559.18;24.85;17.77;19.76;29.28;23.19;-3.716;STRONG_DOWN;-2;-71.5;-3;1
2026.06.25 15:00;1565.41;1570.27;1541.87;1567.28;27.86;12.91;22.80;21.77;17.06;-3.216;SOFT_DOWN;-1;-70.1;-3;1
2026.06.25 14:00;1535.06;1589.55;1535.06;1565.43;27.88;14.90;26.31;18.53;16.59;-3.330;SOFT_DOWN;-1;-71.9;-3;1
2026.06.25 13:00;1632.59;1637.05;1530.20;1534.87;27.91;17.19;30.36;10.87;19.69;-5.217;STRONG_DOWN;-2;-79.1;-3;1
2026.06.25 12:00;1630.30;1644.82;1621.86;1632.59;27.95;19.84;21.83;20.36;35.13;0.817;NEUTRE;0;41.3;1;1
2026.06.25 11:00;1633.76;1636.13;1625.27;1630.30;31.52;17.07;25.19;27.85;55.67;0.676;NEUTRE;0;38.4;1;1
2026.06.25 10:00;1645.83;1646.91;1631.00;1633.88;33.41;19.69;20.95;57.18;75.86;0.897;NEUTRE;0;49.1;2;1
2026.06.25 09:00;1650.03;1652.48;1643.75;1645.83;38.07;22.72;11.84;81.98;86.33;1.635;NEUTRE;0;66.9;3;1
2026.06.25 08:00;1654.28;1656.06;1648.06;1650.03;39.09;26.22;6.06;88.43;88.17;1.894;SOFT_UP;1;71.8;3;1
2026.06.25 07:00;1650.71;1656.80;1648.22;1654.23;35.50;30.25;6.69;88.57;85.45;2.153;SOFT_UP;1;75.8;3;1
2026.06.25 06:00;1642.65;1656.50;1641.08;1650.69;31.14;34.37;7.72;87.51;78.33;1.935;SOFT_UP;1;76.5;3;0
2026.06.25 05:00;1631.73;1648.56;1630.43;1642.65;26.19;31.74;8.91;80.27;67.26;1.438;NEUTRE;0;74.9;3;0
2026.06.25 04:00;1616.54;1632.82;1614.01;1631.73;21.58;23.26;10.28;67.21;63.76;0.764;NEUTRE;0;67.9;3;0
2026.06.25 03:00;1617.95;1621.04;1613.25;1616.54;18.95;17.21;11.86;54.29;68.44;-0.174;NEUTRE;0;-36.8;-1;0
2026.06.25 02:00;1617.78;1618.43;1611.91;1618.00;19.03;14.70;13.68;69.79;78.12;-0.084;NEUTRE;0;-28.4;-1;0
2026.06.25 01:00;1616.19;1621.11;1611.69;1617.78;21.41;16.96;15.79;81.23;84.69;-0.098;NEUTRE;0;;;0
2026.06.25 00:00;1619.36;1623.50;1613.99;1616.19;24.15;19.57;14.46;83.34;85.47;-0.196;NEUTRE;0;;;0
2026.06.24 23:00;1612.50;1620.20;1610.74;1619.36;25.55;17.24;16.68;89.49;79.05;-2.722;SOFT_DOWN;-1;-56.7;-2;0
2026.06.24 22:00;1618.37;1626.16;1610.61;1612.50;29.23;19.90;19.25;83.59;62.17;-3.134;SOFT_DOWN;-1;-61.4;-2;0
2026.06.24 21:00;1610.79;1618.84;1603.06;1618.37;33.47;15.71;22.21;64.07;40.27;-2.781;SOFT_DOWN;-1;-59.6;-2;0
2026.06.24 20:00;1582.03;1619.14;1577.07;1610.79;35.99;18.13;25.63;38.87;22.08;-3.237;SOFT_DOWN;-1;-64.4;-2;0
2026.06.24 19:00;1569.50;1582.42;1564.35;1582.06;38.89;7.49;29.57;17.88;10.60;-4.963;STRONG_DOWN;-2;-73.4;-3;1
2026.06.24 18:00;1557.84;1581.84;1554.39;1569.51;35.71;8.15;34.12;9.49;6.82;-5.716;STRONG_DOWN;-2;-76.3;-3;1
2026.06.24 17:00;1587.07;1594.84;1550.79;1557.98;31.75;9.41;39.37;4.44;6.32;-6.409;STRONG_DOWN;-2;-78.4;-3;1
2026.06.24 16:00;1615.40;1632.82;1582.76;1587.04;27.18;10.85;34.27;6.54;11.75;-4.663;STRONG_DOWN;-2;-75.1;-3;1
2026.06.24 15:00;1644.41;1648.36;1614.08;1615.42;23.38;12.52;29.91;7.97;21.60;-2.959;SOFT_DOWN;-1;-68.5;-3;1
2026.06.24 14:00;1642.41;1654.15;1635.46;1644.40;20.68;14.45;24.92;20.75;34.53;-1.218;NEUTRE;0;-48.3;-2;1
2026.06.24 13:00;1668.89;1669.59;1638.64;1642.41;19.77;16.67;26.14;36.09;41.01;-1.337;NEUTRE;0;-53;-2;1
2026.06.24 12:00;1676.75;1678.60;1667.90;1668.90;19.41;19.24;15.61;46.74;40.38;0.254;NEUTRE;0;15.3;0;1
2026.06.24 11:00;1661.00;1688.16;1653.13;1676.75;20.79;22.20;18.01;40.19;43.38;0.726;NEUTRE;0;40.4;1;1
2026.06.24 10:00;1664.33;1665.28;1660.42;1661.00;22.39;15.57;20.78;34.22;54.21;-0.220;NEUTRE;0;-15.8;0;1
2026.06.24 09:00;1670.63;1670.67;1662.47;1664.33;23.62;17.96;17.49;55.72;67.38;-0.020;NEUTRE;0;-1.6;0;1
2026.06.24 08:00;1670.28;1672.68;1666.57;1670.63;27.05;20.72;12.49;72.70;71.09;0.358;NEUTRE;0;30;1;1
2026.06.24 07:00;1672.21;1675.88;1668.14;1670.28;27.40;23.91;10.46;73.73;64.91;0.337;NEUTRE;0;31.8;1;1
2026.06.24 06:00;1671.81;1674.20;1667.94;1672.08;25.60;24.25;12.07;66.84;52.38;0.445;NEUTRE;0;43.7;1;0
2026.06.24 05:00;1666.32;1676.82;1665.19;1671.81;24.38;27.98;13.93;54.17;43.48;0.429;NEUTRE;0;47.9;2;0
2026.06.24 04:00;1664.17;1668.35;1655.61;1666.32;22.97;21.08;16.07;36.14;42.21;0.099;NEUTRE;0;17.7;0;0
2026.06.24 03:00;1661.30;1667.24;1655.43;1664.17;24.42;22.99;18.54;40.13;53.07;-0.030;NEUTRE;0;-7.3;0;0
2026.06.24 02:00;1670.25;1671.11;1660.95;1661.28;26.53;26.53;14.20;50.36;62.66;-0.204;NEUTRE;0;-52.7;-2;0
2026.06.24 01:00;1668.68;1677.59;1663.38;1670.25;25.96;30.61;12.71;68.71;70.49;0.335;NEUTRE;0;;;0
2026.06.24 00:00;1664.67;1671.70;1664.33;1668.67;23.59;28.94;14.66;68.90;71.11;0.240;NEUTRE;0;;;0
2026.06.23 23:00;1662.14;1666.75;1657.71;1664.67;22.19;23.06;16.92;73.86;70.60;-3.543;SOFT_DOWN;-1;-63.3;-2;0
2026.06.23 22:00;1664.23;1670.44;1660.42;1662.14;23.24;26.60;14.91;70.56;61.49;-3.690;SOFT_DOWN;-1;-65.2;-3;0
2026.06.23 21:00;1661.47;1665.73;1660.94;1664.23;22.48;23.46;17.20;67.38;51.27;-3.569;SOFT_DOWN;-1;-65.5;-3;0
2026.06.23 20:00;1660.43;1664.86;1659.02;1661.47;23.57;24.28;19.85;46.54;41.62;-3.729;STRONG_DOWN;-2;-67.4;-3;0
2026.06.23 19:00;1652.94;1661.40;1652.72;1660.43;25.65;18.90;22.90;39.90;41.90;-3.789;STRONG_DOWN;-2;-68.7;-3;1
2026.06.23 18:00;1654.30;1658.07;1647.16;1652.88;28.12;15.91;26.43;38.41;46.94;-4.226;STRONG_DOWN;-2;-71.7;-3;1
2026.06.23 17:00;1656.82;1662.36;1652.03;1654.30;28.63;18.35;23.63;47.38;56.54;-4.144;STRONG_DOWN;-2;-72.3;-3;1
2026.06.23 16:00;1657.18;1671.01;1655.22;1656.82;31.10;21.18;22.51;55.02;59.39;-3.998;STRONG_DOWN;-2;-72.7;-3;1
2026.06.23 15:00;1659.72;1660.94;1648.75;1657.18;35.42;14.62;25.97;67.23;56.82;-3.977;STRONG_DOWN;-2;-73.7;-3;1
2026.06.23 14:00;1660.41;1669.49;1655.60;1659.74;36.56;16.87;21.32;55.92;44.97;-3.829;STRONG_DOWN;-2;-74.2;-3;1
2026.06.23 13:00;1652.22;1661.72;1643.13;1660.41;40.40;10.86;24.60;47.31;34.56;-3.790;STRONG_DOWN;-2;-75.1;-3;1
2026.06.23 12:00;1658.48;1660.13;1651.28;1652.27;40.65;12.54;21.64;31.68;24.29;-4.262;STRONG_DOWN;-2;-77.7;-3;1
2026.06.23 11:00;1650.19;1661.18;1650.11;1658.48;42.81;14.46;24.97;24.70;17.70;-3.902;STRONG_DOWN;-2;-77.7;-3;1
2026.06.23 10:00;1648.51;1656.23;1646.72;1650.20;45.29;9.81;28.82;16.50;13.44;-4.382;STRONG_DOWN;-2;-80;-3;1
2026.06.23 09:00;1645.99;1651.98;1645.77;1648.43;44.69;4.44;33.25;11.91;11.74;-4.484;STRONG_DOWN;-2;-81.1;-3;1
2026.06.23 08:00;1680.45;1682.23;1634.12;1646.05;39.81;5.13;38.37;11.91;12.69;-4.622;STRONG_DOWN;-2;-82.3;-3;1
2026.06.23 07:00;1689.79;1693.81;1679.72;1680.45;34.18;5.92;29.69;11.39;16.12;-2.629;SOFT_DOWN;-1;-78.3;-3;1
2026.06.23 06:00;1711.03;1711.26;1679.23;1689.79;29.16;6.83;34.25;14.77;28.47;-2.088;SOFT_DOWN;-1;-77.4;-3;0
2026.06.23 05:00;1716.44;1718.96;1707.95;1711.02;23.38;7.88;25.73;22.20;46.62;-0.858;NEUTRE;0;-65.7;-3;0
2026.06.23 04:00;1727.35;1728.62;1715.87;1716.57;18.81;9.09;18.62;48.43;62.33;-0.536;NEUTRE;0;-59.9;-2;0
2026.06.23 03:00;1730.15;1730.54;1723.41;1727.37;16.41;10.49;12.39;69.22;65.89;0.090;NEUTRE;0;21.1;0;0
2026.06.23 02:00;1728.11;1732.45;1723.87;1730.15;17.66;12.10;13.30;69.34;57.08;0.251;NEUTRE;0;58.3;2;0
2026.06.23 01:00;1728.85;1733.82;1718.72;1728.11;19.65;13.96;15.34;59.10;44.73;0.133;NEUTRE;0;;;0
2026.06.23 00:00;1725.82;1728.95;1717.87;1728.85;21.95;11.15;17.70;42.80;33.55;0.176;NEUTRE;0;;;0
2026.06.22 23:00;1721.80;1727.74;1718.82;1725.82;21.83;11.19;20.43;32.29;27.32;1.245;NEUTRE;0;34.9;1;0
2026.06.22 22:00;1730.44;1733.56;1714.65;1721.80;20.69;12.91;23.57;25.56;21.55;1.009;NEUTRE;0;30.6;1;0
2026.06.22 21:00;1732.11;1735.09;1724.98;1730.47;19.38;14.89;18.79;24.11;18.05;1.518;NEUTRE;0;43;1;0
2026.06.22 20:00;1732.64;1737.28;1728.77;1732.11;20.58;17.18;15.92;14.97;14.61;1.614;NEUTRE;0;46.1;2;0
2026.06.22 19:00;1730.87;1734.52;1726.99;1732.66;23.16;14.84;18.37;15.07;14.24;1.646;NEUTRE;0;48.1;2;1
2026.06.22 18:00;1738.61;1745.37;1727.35;1730.84;25.09;17.12;20.46;13.79;14.29;1.539;NEUTRE;0;47.8;2;1
2026.06.22 17:00;1737.64;1740.68;1728.90;1738.61;27.58;15.75;23.60;13.86;23.68;1.995;SOFT_UP;1;56.5;2;1
2026.06.22 16:00;1742.37;1743.86;1731.20;1737.64;28.76;18.18;24.23;15.21;39.95;1.938;SOFT_UP;1;57.3;2;1
2026.06.22 15:00;1752.20;1755.73;1740.35;1742.36;30.98;20.97;16.84;41.95;62.12;2.215;SOFT_UP;1;62.3;2;1
2026.06.22 14:00;1775.17;1775.61;1748.59;1752.20;34.07;24.20;11.19;62.68;73.85;2.792;SOFT_UP;1;68.7;3;1
2026.06.22 13:00;1761.70;1777.15;1759.75;1775.08;33.65;27.92;6.56;81.73;79.47;4.135;STRONG_UP;2;76.3;3;1
2026.06.22 12:00;1765.46;1768.99;1759.08;1761.70;29.30;25.00;7.56;77.15;78.38;3.350;SOFT_UP;1;74.5;3;1
2026.06.22 11:00;1746.47;1772.28;1745.03;1765.46;25.57;28.85;8.73;79.55;78.54;3.570;SOFT_UP;1;76.5;3;1
2026.06.22 10:00;1743.74;1749.19;1742.84;1746.47;21.26;20.25;10.07;78.45;75.75;2.456;SOFT_UP;1;72.5;3;1
2026.06.22 09:00;1745.37;1748.20;1741.78;1743.74;19.37;20.97;11.62;77.62;66.91;2.296;SOFT_UP;1;73.1;3;1
2026.06.22 08:00;1744.00;1749.70;1741.20;1745.37;17.94;24.19;13.41;71.19;56.49;2.392;SOFT_UP;1;75.4;3;1
2026.06.22 07:00;1732.48;1749.08;1732.17;1744.00;16.29;26.79;15.47;51.92;48.28;2.311;SOFT_UP;1;76.8;3;1
2026.06.22 06:00;1734.41;1737.61;1730.62;1732.48;14.67;20.48;17.85;46.36;48.76;1.636;NEUTRE;0;74.1;3;0
2026.06.22 05:00;1732.71;1737.10;1731.47;1734.41;15.87;23.63;18.73;46.57;53.18;1.749;NEUTRE;0;77.5;3;0
2026.06.22 04:00;1727.50;1733.36;1725.11;1732.72;16.53;17.04;21.61;53.35;60.24;1.650;NEUTRE;0;79.3;3;0
2026.06.22 03:00;1734.53;1738.46;1724.07;1727.50;17.26;19.67;24.93;59.62;60.74;1.343;NEUTRE;0;80.2;3;0
2026.06.22 02:00;1741.21;1742.74;1734.70;1734.71;18.10;22.69;17.40;67.74;54.35;1.766;NEUTRE;0;85;3;0
2026.06.22 01:00;1724.40;1756.74;1722.07;1741.21;18.86;26.18;20.08;54.85;42.22;2.148;SOFT_UP;1;;;0
2026.06.22 00:00;1704.60;1729.64;1704.54;1724.33;19.73;18.19;23.17;40.47;35.92;1.157;NEUTRE;0;;;0
2026.06.21 23:00;1715.21;1715.25;1702.14;1704.66;20.91;12.16;26.74;31.35;36.26;-1.940;SOFT_DOWN;-1;-47.4;-2;0
2026.06.21 22:00;1715.97;1718.81;1706.24;1715.21;18.36;14.03;26.04;35.93;43.70;-1.333;NEUTRE;0;-38;-1;0
2026.06.21 21:00;1718.84;1721.59;1700.52;1715.97;16.58;16.19;30.04;41.50;55.37;-1.290;NEUTRE;0;-38.4;-1;0
2026.06.21 20:00;1731.66;1732.99;1714.85;1718.85;14.52;18.68;24.20;53.67;65.37;-1.124;NEUTRE;0;-35.9;-1;0
2026.06.21 19:00;1733.04;1736.97;1731.24;1731.66;14.78;21.56;14.02;70.94;70.46;-0.387;NEUTRE;0;-14.7;0;0
2026.06.21 18:00;1724.86;1735.46;1719.59;1733.11;13.79;20.82;16.18;71.51;69.56;-0.304;NEUTRE;0;-12.3;0;0
2026.06.21 17:00;1725.73;1729.06;1723.63;1724.95;13.98;17.82;18.67;68.93;64.92;-0.773;NEUTRE;0;-30.4;-1;0
2026.06.21 16:00;1728.38;1728.38;1719.69;1725.73;15.78;18.64;21.54;68.26;57.53;-0.728;NEUTRE;0;-30.4;-1;0
2026.06.21 15:00;1726.15;1730.20;1724.67;1728.38;17.09;21.50;16.04;57.58;48.03;-0.576;NEUTRE;0;-26.3;-1;0
2026.06.21 14:00;1722.61;1726.16;1719.31;1726.15;17.48;13.57;18.51;46.77;43.09;-0.704;NEUTRE;0;-32.9;-1;0
2026.06.21 13:00;1723.37;1725.47;1719.50;1722.60;17.80;14.11;21.36;39.74;43.42;-0.908;NEUTRE;0;-42;-1;0
2026.06.21 12:00;1723.02;1724.22;1714.87;1723.33;17.40;13.06;24.64;42.75;45.40;-0.866;NEUTRE;0;-42.9;-1;0
2026.06.21 11:00;1728.86;1732.19;1716.42;1722.96;15.34;15.07;25.89;47.77;43.19;-0.888;NEUTRE;0;-46.1;-2;0
2026.06.21 10:00;1730.21;1734.45;1728.37;1728.85;13.64;17.39;18.21;45.67;37.69;-0.549;NEUTRE;0;-35.3;-1;0
2026.06.21 09:00;1726.70;1731.89;1723.35;1730.21;15.38;13.58;21.01;36.14;32.45;-0.471;NEUTRE;0;-34;-1;0
2026.06.21 08:00;1729.64;1730.51;1721.62;1726.70;14.45;13.19;24.24;31.28;30.44;-0.672;NEUTRE;0;-47.3;-2;0
2026.06.21 07:00;1733.51;1733.76;1729.06;1729.63;12.12;15.21;15.10;29.93;28.75;-0.504;NEUTRE;0;-42.8;-1;0
2026.06.21 06:00;1730.81;1736.01;1729.83;1733.52;13.93;17.56;14.90;30.10;27.26;-0.280;NEUTRE;0;-31;-1;0
2026.06.21 05:00;1730.40;1733.68;1728.21;1730.81;14.82;14.46;17.19;26.21;29.02;-0.436;NEUTRE;0;-48.3;-2;0
2026.06.21 04:00;1735.31;1738.60;1729.23;1730.40;15.76;16.68;16.97;25.46;34.71;-0.460;NEUTRE;0;-56;-2;0
2026.06.21 03:00;1733.59;1738.58;1731.25;1735.31;18.06;19.25;16.26;35.38;46.11;-0.177;NEUTRE;0;-37.2;-1;0
2026.06.21 02:00;1734.41;1735.53;1733.04;1733.59;19.54;15.81;18.77;43.29;58.83;-0.276;NEUTRE;0;-60.6;-2;0
2026.06.21 01:00;1735.17;1737.45;1731.90;1734.45;21.23;18.24;21.65;59.68;71.85;-0.227;NEUTRE;0;;;0
2026.06.21 00:00;1738.39;1738.62;1733.61;1735.17;23.18;21.04;20.24;73.53;76.35;-0.185;NEUTRE;0;;;0
2026.06.20 23:00;1740.89;1741.34;1737.93;1738.39;26.45;24.28;10.09;82.33;68.18;1.719;NEUTRE;0;43.9;1;0
2026.06.20 22:00;1732.89;1743.61;1730.53;1740.93;24.17;28.02;11.65;73.19;54.08;1.867;NEUTRE;0;47.6;2;0
2026.06.20 21:00;1728.33;1735.35;1727.77;1732.89;21.54;22.61;13.44;49.00;43.02;1.397;NEUTRE;0;40.6;1;0
2026.06.20 20:00;1726.70;1728.81;1723.83;1728.33;20.94;12.82;15.50;40.03;43.40;1.130;NEUTRE;0;36;1;0
2026.06.20 19:00;1724.35;1727.64;1722.63;1726.70;22.70;11.17;17.89;40.03;50.55;1.035;NEUTRE;0;35.1;1;0
2026.06.20 18:00;1724.32;1729.11;1723.47;1724.35;22.63;12.89;18.06;50.13;60.35;0.897;NEUTRE;0;32.7;1;0
2026.06.20 17:00;1731.68;1731.72;1718.68;1724.31;23.54;14.87;20.84;61.49;65.02;0.895;NEUTRE;0;34.1;1;0
2026.06.20 16:00;1738.34;1738.63;1728.54;1731.64;24.59;17.16;12.42;69.43;62.53;1.324;NEUTRE;0;46.8;2;0
2026.06.20 15:00;1731.28;1747.12;1727.18;1738.26;25.91;19.80;14.33;64.13;53.40;1.711;NEUTRE;0;55.8;2;0
2026.06.20 14:00;1715.42;1743.05;1706.31;1731.21;27.42;19.71;16.53;54.04;52.76;1.298;NEUTRE;0;50.1;2;0
2026.06.20 13:00;1724.82;1725.19;1710.78;1715.42;30.29;15.26;19.07;42.03;59.25;0.374;NEUTRE;0;20.3;0;0
2026.06.20 12:00;1725.08;1728.38;1721.66;1724.82;33.25;17.61;10.39;62.22;69.06;0.925;NEUTRE;0;44.8;1;0
2026.06.20 11:00;1725.66;1729.12;1723.74;1725.08;34.39;20.32;7.23;73.49;72.80;0.940;NEUTRE;0;47.7;2;0
2026.06.20 10:00;1726.42;1727.48;1723.24;1725.66;32.37;18.76;8.34;71.48;73.33;0.974;NEUTRE;0;51.4;2;0
2026.06.20 09:00;1720.82;1728.08;1720.82;1726.42;31.44;21.64;9.62;73.42;76.00;1.018;NEUTRE;0;55.5;2;0
2026.06.20 08:00;1723.84;1724.88;1719.28;1720.84;30.36;18.19;11.10;75.09;77.76;0.692;NEUTRE;0;48.1;2;0
2026.06.20 07:00;1725.58;1726.45;1720.92;1723.80;31.31;20.99;8.30;79.48;74.19;0.865;NEUTRE;0;57.9;2;0
2026.06.20 06:00;1723.93;1727.73;1721.81;1725.58;29.46;24.22;7.11;78.71;61.30;0.969;NEUTRE;0;64.3;2;0
2026.06.20 05:00;1711.42;1730.21;1710.18;1723.92;25.59;27.95;8.20;64.36;47.66;0.872;NEUTRE;0;66;3;0
2026.06.20 04:00;1706.00;1713.40;1704.41;1711.42;21.12;19.33;9.46;40.82;41.26;0.140;NEUTRE;0;24.3;0;0
2026.06.20 03:00;1702.76;1707.26;1702.40;1706.00;19.10;11.80;10.92;37.80;48.28;-0.177;NEUTRE;0;-37.2;-1;0
2026.06.20 02:00;1707.89;1708.57;1701.88;1702.76;21.43;13.62;12.60;45.17;58.57;-0.366;NEUTRE;0;-67;-3;0
2026.06.20 01:00;1706.74;1711.44;1704.65;1707.90;24.13;15.71;8.16;61.86;66.75;-0.066;NEUTRE;0;;;0
2026.06.20 00:00;1709.02;1715.45;1706.27;1706.74;22.98;18.13;5.75;68.68;70.28;-0.133;NEUTRE;0;;;0
2026.06.19 23:00;1705.63;1712.66;1702.93;1709.03;18.54;16.24;6.63;69.71;67.11;0.023;NEUTRE;0;0.7;0;0
2026.06.19 22:00;1699.97;1707.94;1698.37;1705.63;14.93;11.28;7.65;72.44;63.10;-0.176;NEUTRE;0;-5.9;0;0
2026.06.19 21:00;1706.84;1706.84;1699.27;1699.97;14.29;11.24;8.83;59.19;57.28;-0.507;NEUTRE;0;-17.3;0;0
2026.06.19 20:00;1699.18;1707.18;1696.81;1706.86;14.64;12.97;10.19;57.68;56.87;-0.104;NEUTRE;0;-3.8;0;0
2026.06.19 19:00;1700.81;1702.74;1696.23;1699.14;15.04;8.38;11.76;54.97;61.08;-0.556;NEUTRE;0;-20.7;0;1
2026.06.19 18:00;1702.74;1703.47;1696.51;1700.81;14.78;9.67;12.90;57.96;68.02;-0.458;NEUTRE;0;-18.1;0;1
2026.06.19 17:00;1694.67;1704.28;1691.90;1702.74;14.85;11.16;14.89;70.30;76.44;-0.345;NEUTRE;0;-14.7;0;1
2026.06.19 16:00;1705.70;1709.68;1692.86;1694.69;14.93;12.87;15.99;75.80;79.91;-0.816;NEUTRE;0;-33.3;-1;1
2026.06.19 15:00;1704.93;1709.98;1696.10;1705.69;15.56;14.85;15.48;83.23;77.21;-0.173;NEUTRE;0;-8.5;0;1
2026.06.19 14:00;1701.23;1707.89;1694.40;1704.93;17.64;14.82;17.87;80.71;66.85;-0.217;NEUTRE;0;-11.3;0;1
2026.06.19 13:00;1693.30;1709.08;1685.63;1701.23;18.92;17.10;20.62;67.67;48.02;-0.434;NEUTRE;0;-23.3;0;1
2026.06.19 12:00;1689.75;1693.78;1677.00;1693.30;20.39;9.70;23.79;52.15;37.46;-0.898;NEUTRE;0;-44;-1;1
2026.06.19 11:00;1690.65;1692.18;1686.73;1689.75;17.06;11.19;18.53;24.23;34.66;-1.106;NEUTRE;0;-52.3;-2;1
2026.06.19 10:00;1687.17;1692.62;1685.08;1690.65;15.88;12.91;21.38;36.00;45.35;-1.053;NEUTRE;0;-53.6;-2;1
2026.06.19 09:00;1695.47;1697.66;1686.47;1687.14;14.53;14.90;21.83;43.75;49.64;-1.258;NEUTRE;0;-61;-2;1
2026.06.19 08:00;1693.61;1697.06;1691.69;1695.47;13.86;17.19;18.01;56.30;47.69;-0.771;NEUTRE;0;-51.2;-2;1
2026.06.19 07:00;1698.22;1699.13;1687.96;1693.61;15.63;19.83;20.78;48.86;40.24;-0.880;NEUTRE;0;-58.3;-2;1
2026.06.19 06:00;1695.39;1701.26;1693.99;1698.21;17.68;22.88;15.67;37.92;34.41;-0.610;NEUTRE;0;-52.6;-2;0
2026.06.19 05:00;1687.48;1695.61;1687.32;1695.38;17.52;14.45;18.08;33.94;37.43;-0.776;NEUTRE;0;-63.4;-2;0
2026.06.19 04:00;1695.34;1700.79;1684.54;1687.44;18.50;16.67;20.86;31.38;46.70;-1.241;NEUTRE;0;-76;-3;0
2026.06.19 03:00;1704.63;1705.84;1680.21;1695.34;19.62;19.23;24.07;46.96;62.72;-0.778;NEUTRE;0;-73.3;-3;0
2026.06.19 02:00;1711.26;1713.04;1698.88;1704.63;20.92;22.19;16.57;61.74;73.69;-0.235;NEUTRE;0;-56.5;-2;0
2026.06.19 01:00;1711.56;1717.07;1703.77;1711.26;21.91;25.61;13.81;79.45;79.74;0.153;NEUTRE;0;;;0
2026.06.19 00:00;1708.64;1713.88;1706.41;1711.56;20.68;25.86;15.93;79.87;80.32;0.171;NEUTRE;0;;;0
2026.06.18 23:00;1704.58;1710.19;1700.68;1708.63;20.20;22.24;18.38;79.91;76.67;-2.285;SOFT_DOWN;-1;-52;-2;0
2026.06.18 22:00;1705.85;1706.32;1697.81;1704.58;21.85;19.40;21.21;81.20;65.42;-2.516;SOFT_DOWN;-1;-55.8;-2;0
2026.06.18 21:00;1708.12;1709.54;1699.65;1705.85;24.53;22.38;21.15;68.91;46.54;-2.444;SOFT_DOWN;-1;-56.3;-2;0
2026.06.18 20:00;1702.98;1714.39;1702.98;1708.12;27.87;25.82;19.22;46.14;27.61;-2.314;SOFT_DOWN;-1;-56.1;-2;0
2026.06.18 19:00;1682.72;1705.16;1680.17;1702.98;29.90;17.35;22.18;24.57;14.60;-2.608;SOFT_DOWN;-1;-60.5;-2;1
2026.06.18 18:00;1676.63;1686.75;1673.78;1682.72;32.62;8.69;25.59;12.13;10.12;-3.766;STRONG_DOWN;-2;-69.6;-3;1
2026.06.18 17:00;1684.54;1685.17;1669.23;1676.63;30.05;8.15;29.53;7.10;11.30;-4.115;STRONG_DOWN;-2;-72.2;-3;1
2026.06.18 16:00;1679.77;1690.75;1678.31;1684.43;25.95;9.40;25.31;11.12;24.01;-3.669;SOFT_DOWN;-1;-71.3;-3;1
2026.06.18 15:00;1737.06;1737.46;1677.74;1679.79;22.89;10.85;29.20;15.69;36.47;-3.934;STRONG_DOWN;-2;-73.5;-3;1
2026.06.18 14:00;1734.21;1742.50;1726.86;1737.06;19.36;12.52;21.04;45.21;54.16;-0.659;NEUTRE;0;-31.2;-1;1
2026.06.18 13:00;1748.13;1750.16;1727.57;1734.24;18.43;14.44;23.58;48.50;62.62;-0.820;NEUTRE;0;-39.1;-1;1
2026.06.18 12:00;1741.15;1750.91;1739.53;1748.13;17.57;16.67;19.06;68.76;72.73;-0.026;NEUTRE;0;-1.6;0;1
2026.06.18 11:00;1744.99;1747.57;1737.17;1741.15;19.24;14.72;22.00;70.59;76.45;-0.425;NEUTRE;0;-26.5;-1;1
2026.06.18 10:00;1744.30;1749.99;1737.48;1744.99;19.15;16.98;24.92;78.85;74.48;-0.205;NEUTRE;0;-14.8;0;1
2026.06.18 09:00;1745.61;1749.96;1740.59;1744.30;19.18;19.59;24.93;79.90;62.78;-0.245;NEUTRE;0;-19.3;0;1
2026.06.18 08:00;1747.46;1751.34;1744.16;1745.61;20.29;22.61;22.90;64.69;42.83;-0.170;NEUTRE;0;-15.3;0;1
2026.06.18 07:00;1733.31;1751.02;1730.46;1747.46;23.31;25.40;26.43;43.76;25.75;-0.064;NEUTRE;0;-6.7;0;1
2026.06.18 06:00;1728.55;1734.45;1723.16;1733.31;26.59;16.91;30.49;20.05;23.36;-0.873;NEUTRE;0;-61.9;-2;0
2026.06.18 05:00;1728.30;1730.44;1720.23;1728.56;26.27;14.04;35.18;13.43;38.09;-1.145;NEUTRE;0;-71.3;-3;0
2026.06.18 04:00;1741.87;1743.57;1727.48;1728.30;23.70;16.20;29.67;36.61;60.11;-1.160;NEUTRE;0;-75;-3;0
2026.06.18 03:00;1753.53;1753.98;1739.14;1741.87;22.83;18.70;23.09;64.22;70.18;-0.384;NEUTRE;0;-58.8;-2;0
2026.06.18 02:00;1752.84;1756.92;1748.11;1753.56;24.73;21.57;17.34;79.51;63.73;0.285;NEUTRE;0;61.4;2;0
2026.06.18 01:00;1750.88;1760.94;1750.67;1752.84;26.86;24.89;15.54;66.82;46.18;0.244;NEUTRE;0;;;0
2026.06.18 00:00;1748.58;1757.32;1747.90;1750.92;27.43;23.30;17.93;44.85;30.98;0.134;NEUTRE;0;;;0
2026.06.17 23:00;1738.32;1749.43;1737.98;1748.56;29.65;14.00;20.69;26.87;21.63;-2.363;SOFT_DOWN;-1;-52.9;-2;0
2026.06.17 22:00;1736.92;1744.59;1724.14;1738.32;31.24;9.65;23.87;21.23;22.02;-2.934;SOFT_DOWN;-1;-59.8;-2;0
2026.06.17 21:00;1745.33;1746.00;1734.40;1736.94;29.52;11.13;19.83;16.77;30.52;-3.011;SOFT_DOWN;-1;-61.6;-2;0
2026.06.17 20:00;1733.38;1745.88;1731.36;1745.33;29.74;12.68;22.88;28.05;47.27;-2.543;SOFT_DOWN;-1;-58.6;-2;0
2026.06.17 19:00;1768.41;1773.73;1727.42;1733.44;29.90;14.64;26.40;46.74;64.00;-3.207;SOFT_DOWN;-1;-65.3;-3;1
2026.06.17 18:00;1786.94;1787.15;1744.95;1768.45;30.10;16.89;24.63;67.03;69.38;-1.252;NEUTRE;0;-41.9;-1;1
2026.06.17 17:00;1770.18;1793.90;1766.59;1786.94;31.86;19.49;20.53;78.22;67.32;-0.219;NEUTRE;0;-9.4;0;1
2026.06.17 16:00;1771.49;1789.75;1767.76;1770.18;36.36;20.15;23.69;62.87;55.55;-1.155;NEUTRE;0;-42.9;-1;1
2026.06.17 15:00;1753.13;1775.23;1749.20;1771.49;40.70;13.09;27.34;60.87;46.41;-1.082;NEUTRE;0;-42.9;-1;1
2026.06.17 14:00;1759.69;1763.84;1739.96;1753.13;41.54;8.37;31.54;42.91;34.56;-2.107;SOFT_DOWN;-1;-62.7;-2;1
2026.06.17 13:00;1757.52;1769.82;1752.67;1759.70;39.00;9.66;28.21;35.45;27.87;-1.740;NEUTRE;0;-59.9;-2;1
2026.06.17 12:00;1761.98;1763.91;1741.37;1757.52;37.47;5.84;32.55;25.32;23.24;-1.862;NEUTRE;0;-63.4;-2;1
2026.06.17 11:00;1766.33;1768.90;1757.55;1761.98;32.53;6.74;26.51;22.84;22.44;-1.613;NEUTRE;0;-62.1;-2;1
2026.06.17 10:00;1770.98;1774.06;1765.20;1766.33;28.38;7.78;20.22;21.55;20.46;-1.370;NEUTRE;0;-60.5;-2;1
2026.06.17 09:00;1763.17;1775.55;1762.90;1770.97;25.91;8.97;23.33;22.94;23.86;-1.111;NEUTRE;0;-57.8;-2;1
2026.06.17 08:00;1782.86;1784.14;1758.53;1763.17;23.06;10.35;26.92;16.90;29.09;-1.547;NEUTRE;0;-68.1;-3;1
2026.06.17 07:00;1788.28;1790.35;1776.79;1782.86;19.77;11.95;20.09;31.73;39.10;-0.447;NEUTRE;0;-39.4;-1;1
2026.06.17 06:00;1791.91;1795.04;1784.43;1788.16;18.90;13.78;14.51;38.63;44.75;-0.151;NEUTRE;0;-18;0;0
2026.06.17 05:00;1792.24;1797.25;1787.07;1791.91;21.41;15.90;12.92;46.92;51.40;0.058;NEUTRE;0;8.5;0;0
2026.06.17 04:00;1791.57;1798.76;1789.91;1792.18;23.11;18.35;10.61;48.70;56.37;0.073;NEUTRE;0;13.2;0;0
2026.06.17 03:00;1793.50;1794.95;1785.58;1791.57;22.55;14.55;12.25;58.59;59.86;0.039;NEUTRE;0;9.5;0;0
2026.06.17 02:00;1795.55;1807.65;1786.62;1793.49;24.70;16.79;12.42;61.82;51.83;0.146;NEUTRE;0;43.2;1;0
2026.06.17 01:00;1792.07;1797.00;1777.95;1795.53;26.20;11.58;14.33;59.16;46.59;0.260;NEUTRE;0;;;0
2026.06.17 00:00;1790.87;1796.95;1789.96;1792.09;28.60;13.36;6.84;34.52;46.41;0.068;NEUTRE;0;;;0
2026.06.16 23:00;1794.13;1796.80;1789.04;1790.87;28.03;15.09;7.89;46.09;56.45;-0.201;NEUTRE;0;-6.4;0;0
2026.06.16 22:00;1794.06;1797.26;1788.85;1794.13;27.53;17.41;9.11;58.61;64.99;-0.020;NEUTRE;0;-0.7;0;0
2026.06.16 21:00;1795.83;1798.33;1788.45;1794.05;26.95;20.09;10.51;64.64;67.76;-0.024;NEUTRE;0;-0.8;0;0
2026.06.16 20:00;1793.41;1796.39;1787.64;1795.83;26.27;20.16;12.12;71.71;61.83;0.075;NEUTRE;0;2.8;0;0
2026.06.16 19:00;1797.27;1799.27;1788.09;1793.39;26.49;23.26;13.20;66.94;48.45;-0.061;NEUTRE;0;-2.4;0;1
2026.06.16 18:00;1793.16;1806.37;1790.78;1797.27;26.32;26.84;11.53;46.84;33.48;0.155;NEUTRE;0;6.3;0;1
2026.06.16 17:00;1776.08;1797.55;1775.59;1793.16;24.23;22.26;13.30;31.57;25.40;-0.074;NEUTRE;0;-3.2;0;1
2026.06.16 16:00;1780.50;1783.40;1771.08;1776.08;24.08;15.77;15.35;22.04;26.64;-1.025;NEUTRE;0;-39.5;-1;1
2026.06.16 15:00;1778.52;1785.99;1772.98;1780.49;27.57;18.20;15.33;22.59;36.69;-0.780;NEUTRE;0;-33.8;-1;1
2026.06.16 14:00;1795.55;1803.60;1761.66;1778.52;30.50;21.00;17.69;35.27;52.07;-0.889;NEUTRE;0;-39.3;-1;1
2026.06.16 13:00;1812.81;1815.25;1790.02;1795.60;33.88;24.23;10.01;52.21;63.36;0.062;NEUTRE;0;3.5;0;1
2026.06.16 12:00;1797.83;1837.43;1794.84;1812.81;32.70;27.95;8.61;68.73;70.53;1.021;NEUTRE;0;47.6;2;1
2026.06.16 11:00;1792.22;1798.28;1789.28;1797.83;29.59;18.11;9.94;69.14;72.00;0.187;NEUTRE;0;12.4;0;1
2026.06.16 10:00;1787.90;1798.54;1786.92;1792.22;29.66;20.90;11.47;73.71;71.03;-0.126;NEUTRE;0;-9.2;0;1
2026.06.16 09:00;1801.34;1803.97;1785.28;1787.90;29.74;24.12;13.23;73.15;57.14;-0.367;NEUTRE;0;-27.7;-1;1
2026.06.16 08:00;1772.62;1806.15;1771.67;1801.11;29.84;27.83;15.27;66.23;37.88;0.369;NEUTRE;0;30.7;1;1
2026.06.16 07:00;1770.04;1775.02;1767.59;1772.62;29.94;18.22;17.61;32.02;21.34;-1.218;NEUTRE;0;-66;-3;1
2026.06.16 06:00;1760.63;1772.58;1760.57;1770.04;34.29;15.97;20.32;15.39;15.74;-1.362;NEUTRE;0;-71.1;-3;0
2026.06.16 05:00;1759.08;1764.55;1759.05;1760.63;37.72;8.14;23.45;16.63;17.72;-1.886;NEUTRE;0;-78.4;-3;0
2026.06.16 04:00;1777.63;1781.63;1757.28;1759.08;36.06;9.39;27.06;15.19;16.71;-1.973;SOFT_DOWN;-1;-81.1;-3;0
2026.06.16 03:00;1768.72;1779.05;1763.23;1777.63;34.15;10.83;27.46;21.33;18.44;-0.939;NEUTRE;0;-76.1;-3;0
2026.06.16 02:00;1790.62;1792.66;1765.89;1768.72;32.72;12.50;29.10;13.62;16.21;-1.436;NEUTRE;0;-83.8;-3;0
2026.06.16 01:00;1787.97;1795.77;1787.46;1790.62;31.62;14.42;21.18;20.36;15.89;-0.215;NEUTRE;0;;;0
2026.06.16 00:00;1794.48;1799.80;1787.39;1787.96;33.56;16.64;24.44;14.66;11.77;-0.363;NEUTRE;0;;;0
2026.06.15 23:00;1788.03;1795.24;1782.01;1794.48;35.81;13.55;28.20;12.64;11.87;4.069;STRONG_UP;2;66.3;3;0
2026.06.15 22:00;1809.88;1812.05;1785.49;1788.02;35.92;15.63;28.49;8.00;18.44;3.695;SOFT_UP;1;65.2;3;0
2026.06.15 21:00;1815.61;1820.45;1808.03;1809.88;36.96;18.04;19.82;14.98;34.40;4.963;STRONG_UP;2;71.8;3;0
2026.06.15 20:00;1819.61;1825.06;1813.98;1815.61;41.92;20.81;15.50;32.34;55.17;5.295;STRONG_UP;2;73.7;3;0
2026.06.15 19:00;1826.89;1833.28;1810.61;1819.61;46.12;24.02;17.89;55.89;74.08;5.527;STRONG_UP;2;75.1;3;1
2026.06.15 18:00;1827.84;1834.12;1824.43;1826.89;50.96;27.71;11.26;77.27;86.32;5.949;STRONG_UP;2;76.8;3;1
2026.06.15 17:00;1841.43;1841.43;1822.44;1827.84;52.31;31.98;12.99;89.10;90.99;6.004;STRONG_UP;2;77.6;3;1
2026.06.15 16:00;1844.02;1845.77;1836.18;1841.43;53.86;36.89;3.86;92.60;91.66;6.792;EXPLOSIVE_UP;3;79.6;3;1
2026.06.15 15:00;1812.79;1847.87;1811.69;1843.91;49.67;42.57;4.45;91.27;91.93;6.936;EXPLOSIVE_UP;3;80.5;3;1
2026.06.15 14:00;1812.69;1816.73;1802.94;1812.79;44.84;35.88;5.14;91.11;92.67;5.131;STRONG_UP;2;78;3;1
2026.06.15 13:00;1775.88;1825.57;1773.01;1812.70;40.21;41.40;5.93;93.43;89.72;5.126;STRONG_UP;2;78.9;3;1
2026.06.15 12:00;1763.26;1775.93;1758.95;1775.88;34.86;33.24;6.84;93.47;80.49;2.991;SOFT_UP;1;72.7;3;1
2026.06.15 11:00;1736.20;1765.78;1732.60;1763.26;30.09;29.15;7.89;82.24;61.80;2.259;SOFT_UP;1;69.3;3;1
2026.06.15 10:00;1716.94;1743.64;1716.53;1736.22;25.88;23.37;9.10;65.77;46.92;0.691;NEUTRE;0;41.7;1;1
2026.06.15 09:00;1718.83;1725.17;1710.77;1716.95;23.11;16.49;10.50;37.40;39.75;-0.427;NEUTRE;0;-31.4;-1;1
2026.06.15 08:00;1714.92;1720.36;1713.98;1718.83;23.25;13.89;12.12;37.60;42.44;-0.318;NEUTRE;0;-27.1;-1;1
2026.06.15 07:00;1718.48;1722.18;1714.79;1714.92;25.78;16.02;12.03;44.25;45.69;-0.545;NEUTRE;0;-45.1;-2;1
2026.06.15 06:00;1719.14;1721.79;1716.80;1718.48;27.56;18.49;9.70;45.47;43.71;-0.338;NEUTRE;0;-36;-1;0
2026.06.15 05:00;1715.68;1721.37;1714.58;1719.14;27.00;20.04;11.19;47.36;48.71;-0.300;NEUTRE;0;-37.7;-1;0
2026.06.15 04:00;1719.49;1719.49;1714.68;1715.68;26.79;18.86;12.91;38.29;57.14;-0.500;NEUTRE;0;-58.2;-2;0
2026.06.15 03:00;1715.52;1722.87;1714.29;1719.49;28.04;21.76;14.90;60.47;72.24;-0.280;NEUTRE;0;-50.2;-2;0
2026.06.15 02:00;1714.65;1725.50;1712.92;1715.51;29.47;25.11;17.19;72.65;81.25;-0.510;NEUTRE;0;-73.1;-3;0
2026.06.15 01:00;1719.50;1720.30;1708.40;1714.65;31.12;22.61;19.83;83.61;85.93;-0.560;NEUTRE;0;;;0
2026.06.15 00:00;1724.31;1730.58;1718.46;1719.49;34.90;26.09;9.88;87.49;86.03;-0.280;NEUTRE;0;;;0
2026.06.14 23:00;1721.09;1724.93;1715.49;1724.32;33.33;22.93;11.40;86.68;83.40;2.633;SOFT_UP;1;55.9;2;0
2026.06.14 22:00;1717.12;1727.57;1711.03;1721.09;33.29;26.46;13.15;83.92;75.17;2.441;SOFT_UP;1;55;2;0
2026.06.14 21:00;1668.95;1730.52;1668.47;1717.23;33.24;30.53;15.17;79.59;63.82;2.211;SOFT_UP;1;53.6;2;0
2026.06.14 20:00;1663.72;1672.10;1661.00;1668.95;33.19;20.75;17.51;61.99;50.58;-0.662;NEUTRE;0;-23.1;0;0
2026.06.14 19:00;1660.30;1666.40;1659.55;1663.72;36.99;16.04;20.20;49.89;42.39;-0.974;NEUTRE;0;-33.4;-1;0
2026.06.14 18:00;1660.59;1661.73;1657.42;1660.30;40.92;8.02;23.31;39.88;35.45;-1.177;NEUTRE;0;-40.1;-1;0
2026.06.14 17:00;1659.77;1665.03;1659.09;1660.57;39.70;9.25;20.93;37.40;30.24;-1.161;NEUTRE;0;-41.3;-1;0
2026.06.14 16:00;1661.62;1667.19;1657.90;1659.77;39.85;10.67;24.15;29.08;22.80;-1.209;NEUTRE;0;-44.2;-1;0
2026.06.14 15:00;1658.30;1663.40;1658.12;1661.62;40.03;6.04;27.87;24.23;19.73;-1.099;NEUTRE;0;-43.3;-1;0
2026.06.14 14:00;1664.98;1668.71;1653.62;1658.28;36.28;6.97;32.16;15.09;20.46;-1.298;NEUTRE;0;-50.1;-2;0
2026.06.14 13:00;1665.42;1667.60;1663.29;1665.01;31.95;8.04;27.25;19.89;31.35;-0.897;NEUTRE;0;-41.6;-1;0
2026.06.14 12:00;1672.23;1673.04;1664.22;1665.47;28.49;9.27;28.12;26.42;38.42;-0.870;NEUTRE;0;-43;-1;0
2026.06.14 11:00;1671.76;1675.52;1670.84;1672.23;25.12;10.70;20.90;47.76;42.87;-0.467;NEUTRE;0;-28.7;-1;0
2026.06.14 10:00;1676.83;1676.99;1671.68;1671.74;24.02;12.35;21.35;41.07;33.64;-0.496;NEUTRE;0;-32.6;-1;0
2026.06.14 09:00;1674.20;1677.36;1667.91;1676.68;23.60;14.25;24.64;39.77;27.40;-0.202;NEUTRE;0;-16.1;0;0
2026.06.14 08:00;1674.47;1677.22;1673.08;1674.20;23.12;16.44;20.01;20.09;20.50;-0.350;NEUTRE;0;-29.4;-1;0
2026.06.14 07:00;1675.13;1676.22;1672.45;1674.47;25.17;15.25;23.09;22.34;21.01;-0.334;NEUTRE;0;-31.6;-1;0
2026.06.14 06:00;1676.88;1680.90;1674.07;1675.13;25.89;17.60;20.03;19.07;21.66;-0.295;NEUTRE;0;-32.3;-1;0
2026.06.14 05:00;1676.73;1678.03;1672.82;1676.84;28.88;13.84;23.11;21.60;27.43;-0.193;NEUTRE;0;-26.4;-1;0
2026.06.14 04:00;1680.44;1681.41;1675.05;1676.66;29.46;15.97;20.08;24.31;32.48;-0.204;NEUTRE;0;-33.3;-1;0
2026.06.14 03:00;1681.13;1682.03;1678.55;1680.44;32.24;18.42;14.71;36.37;35.96;0.021;NEUTRE;0;5.2;0;0
2026.06.14 02:00;1682.66;1684.54;1680.26;1681.17;35.47;21.26;9.41;36.76;34.58;0.065;NEUTRE;0;22.7;0;0
2026.06.14 01:00;1680.88;1688.89;1679.02;1682.65;34.99;24.53;10.86;34.74;35.85;0.153;NEUTRE;0;;;0
2026.06.14 00:00;1680.08;1682.31;1677.60;1680.84;34.43;18.04;12.53;32.23;39.53;0.045;NEUTRE;0;;;0
2026.06.13 23:00;1680.38;1683.11;1677.05;1680.09;36.95;20.82;14.45;40.58;46.25;0.900;NEUTRE;0;26.8;1;0
2026.06.13 22:00;1685.21;1685.34;1680.37;1680.37;39.86;24.02;8.25;45.77;48.85;0.916;NEUTRE;0;28.2;1;0
2026.06.13 21:00;1675.32;1695.29;1673.69;1685.19;38.47;27.72;9.52;52.38;46.83;1.206;NEUTRE;0;36.5;1;0
2026.06.13 20:00;1677.27;1677.30;1673.85;1675.32;36.87;19.17;10.98;48.41;41.08;0.613;NEUTRE;0;21.5;0;0
2026.06.13 19:00;1677.15;1678.91;1674.68;1677.35;38.36;22.12;9.02;39.71;38.45;0.735;NEUTRE;0;26.5;1;0
2026.06.13 18:00;1672.91;1681.66;1672.72;1677.15;37.79;25.52;10.41;35.13;43.79;0.723;NEUTRE;0;27.4;1;0
2026.06.13 17:00;1675.24;1676.93;1671.77;1672.95;37.14;21.31;12.02;40.51;52.96;0.471;NEUTRE;0;19.6;0;0
2026.06.13 16:00;1680.66;1681.08;1669.92;1675.31;38.56;24.59;13.86;55.73;60.85;0.613;NEUTRE;0;26.3;1;0
2026.06.13 15:00;1678.47;1684.77;1677.03;1680.66;40.20;28.37;6.20;62.64;66.21;0.934;NEUTRE;0;38.7;1;0
2026.06.13 14:00;1676.64;1680.12;1676.17;1678.43;36.52;23.49;7.15;64.19;70.36;0.800;NEUTRE;0;36.4;1;0
2026.06.13 13:00;1679.11;1680.11;1675.17;1676.64;33.93;27.07;8.25;71.81;72.80;0.692;NEUTRE;0;34.4;1;0
2026.06.13 12:00;1676.89;1681.82;1675.45;1679.13;30.95;31.23;8.65;75.07;71.31;0.842;NEUTRE;0;42.1;1;0
2026.06.13 11:00;1672.66;1677.34;1671.79;1676.89;27.00;25.22;9.98;71.53;71.46;0.707;NEUTRE;0;39.6;1;0
2026.06.13 10:00;1672.15;1674.82;1671.34;1672.66;24.49;22.11;11.51;67.33;72.73;0.453;NEUTRE;0;30.3;1;0
2026.06.13 09:00;1673.07;1674.91;1671.54;1672.15;23.41;25.52;12.40;75.52;70.34;0.423;NEUTRE;0;31.2;1;0
2026.06.13 08:00;1674.81;1678.08;1672.03;1673.07;21.68;29.44;12.07;75.36;55.55;0.478;NEUTRE;0;37.6;1;0
2026.06.13 07:00;1668.33;1676.00;1666.90;1674.81;18.58;28.68;13.92;60.13;38.43;0.583;NEUTRE;0;47;2;0
2026.06.13 06:00;1663.94;1668.66;1662.43;1668.31;16.11;20.69;16.07;31.15;29.95;0.192;NEUTRE;0;22.4;0;0
2026.06.13 05:00;1663.18;1664.21;1660.87;1663.94;16.65;12.88;18.54;24.02;39.41;-0.070;NEUTRE;0;-10.2;0;0
2026.06.13 04:00;1663.82;1666.81;1662.19;1663.18;16.44;14.86;15.31;34.70;56.10;-0.116;NEUTRE;0;-20.5;0;0
2026.06.13 03:00;1666.61;1668.13;1661.92;1663.82;18.74;17.15;17.66;59.51;70.08;-0.077;NEUTRE;0;-18.3;0;0
2026.06.13 02:00;1672.65;1673.09;1664.09;1666.61;21.40;19.79;15.01;74.08;65.83;0.090;NEUTRE;0;30.1;1;0
2026.06.13 01:00;1666.06;1674.18;1665.30;1672.65;22.58;22.83;15.25;76.65;49.71;0.453;NEUTRE;0;;;0
2026.06.13 00:00;1665.11;1667.75;1663.93;1666.06;22.99;15.20;17.59;46.77;32.01;0.057;NEUTRE;0;;;0
2026.06.12 23:00;1661.15;1665.16;1658.16;1665.11;25.40;7.11;20.30;25.71;25.42;-0.378;NEUTRE;0;-12;0;0
2026.06.12 22:00;1662.83;1666.06;1660.06;1661.15;21.91;8.21;19.24;23.54;27.11;-0.615;NEUTRE;0;-19.8;0;0
2026.06.12 21:00;1663.58;1666.68;1661.77;1662.83;19.10;9.47;17.82;27.01;30.39;-0.515;NEUTRE;0;-17.5;0;0
2026.06.12 20:00;1664.36;1666.64;1660.58;1663.63;17.33;10.80;20.56;30.77;35.53;-0.467;NEUTRE;0;-16.7;0;0
2026.06.12 19:00;1665.30;1670.83;1663.32;1664.36;15.20;12.46;16.77;33.39;37.94;-0.423;NEUTRE;0;-16;0;1
2026.06.12 18:00;1667.39;1671.88;1662.05;1665.28;15.27;14.38;19.35;42.43;45.17;-0.368;NEUTRE;0;-14.8;0;1
2026.06.12 17:00;1671.46;1676.12;1665.83;1667.39;15.36;16.59;16.41;38.00;45.21;-0.242;NEUTRE;0;-10.4;0;1
2026.06.12 16:00;1658.38;1674.31;1655.73;1671.42;17.64;16.44;18.93;55.06;48.18;-0.001;NEUTRE;0;0;0;1
2026.06.12 15:00;1684.07;1689.32;1656.99;1658.38;19.26;18.97;20.80;42.56;40.22;-0.781;NEUTRE;0;-33.9;-1;1
2026.06.12 14:00;1655.12;1684.26;1654.48;1684.08;21.52;19.48;24.00;46.93;43.54;0.757;NEUTRE;0;34.9;1;1
2026.06.12 13:00;1664.30;1666.62;1651.27;1655.13;23.22;13.36;27.70;31.19;51.71;-0.975;NEUTRE;0;-44;-1;1
2026.06.12 12:00;1671.41;1671.41;1661.19;1664.30;21.42;15.41;22.01;52.51;66.38;-0.427;NEUTRE;0;-24.6;0;1
2026.06.12 11:00;1672.45;1676.15;1669.67;1671.40;22.01;17.79;12.64;71.42;70.43;-0.002;NEUTRE;0;-0.1;0;1
2026.06.12 10:00;1677.87;1680.94;1669.36;1672.46;22.79;20.52;14.58;75.22;60.45;0.062;NEUTRE;0;4.6;0;1
2026.06.12 09:00;1670.80;1683.10;1669.05;1677.87;23.69;23.68;16.82;64.64;42.87;0.385;NEUTRE;0;28.9;1;1
2026.06.12 08:00;1659.49;1675.35;1659.46;1670.80;24.73;18.84;19.41;41.49;32.74;-0.038;NEUTRE;0;-3.5;0;1
2026.06.12 07:00;1654.82;1662.21;1653.60;1659.48;28.30;9.01;22.40;22.50;36.19;-0.715;NEUTRE;0;-52.8;-2;1
2026.06.12 06:00;1661.44;1664.04;1649.61;1654.82;26.10;10.40;25.84;34.22;51.80;-0.994;NEUTRE;0;-64.9;-2;0
2026.06.12 05:00;1674.80;1675.16;1659.54;1661.45;23.56;12.00;19.23;51.86;57.17;-0.597;NEUTRE;0;-57;-2;0
2026.06.12 04:00;1670.44;1678.75;1666.47;1674.79;23.62;13.84;15.36;69.32;53.72;0.201;NEUTRE;0;32.9;1;0
2026.06.12 03:00;1673.08;1674.09;1666.03;1670.44;26.46;10.14;17.73;50.35;39.56;-0.059;NEUTRE;0;-14.2;0;0
2026.06.12 02:00;1664.73;1675.29;1664.43;1673.08;26.33;11.69;20.46;41.50;32.83;0.099;NEUTRE;0;32.5;1;0
2026.06.12 01:00;1670.52;1670.62;1658.97;1664.73;26.19;6.88;23.60;26.85;36.95;-0.401;NEUTRE;0;;;0
2026.06.12 00:00;1671.43;1675.63;1667.58;1670.52;21.78;7.94;15.86;30.15;49.35;-0.054;NEUTRE;0;;;0
2026.06.11 23:00;1674.06;1676.82;1667.95;1671.44;20.01;9.16;17.60;53.86;64.00;3.203;SOFT_UP;1;60.9;2;0
2026.06.11 22:00;1675.15;1681.06;1673.26;1674.05;18.23;10.57;11.10;64.05;71.94;3.364;SOFT_UP;1;63.1;2;0
2026.06.11 21:00;1670.29;1681.28;1670.18;1675.15;20.66;12.19;12.80;74.09;79.44;3.432;SOFT_UP;1;64.6;2;0
2026.06.11 20:00;1679.78;1681.09;1665.36;1670.29;23.46;13.80;14.77;77.70;79.02;3.132;SOFT_UP;1;63.6;2;0
2026.06.11 19:00;1681.70;1690.45;1673.88;1679.79;26.55;15.93;8.71;86.53;70.92;3.718;STRONG_UP;2;68.4;3;1
2026.06.11 18:00;1686.31;1689.63;1674.54;1681.68;26.13;17.62;10.05;72.83;47.44;3.835;STRONG_UP;2;70;3;1
2026.06.11 17:00;1637.23;1690.69;1630.44;1686.26;25.94;20.33;11.60;53.41;30.84;4.118;STRONG_UP;2;72.2;3;1
2026.06.11 16:00;1643.36;1647.33;1636.23;1637.23;25.72;12.38;13.38;16.10;21.03;1.090;NEUTRE;0;41.3;1;1
2026.06.11 15:00;1640.79;1648.23;1634.10;1643.36;29.08;14.29;15.44;23.03;29.64;1.469;NEUTRE;0;51.6;2;1
2026.06.11 14:00;1651.11;1653.24;1636.91;1640.83;32.96;16.48;14.76;23.97;39.92;1.313;NEUTRE;0;50.4;2;1
2026.06.11 13:00;1649.71;1657.47;1642.19;1651.08;37.18;19.02;12.05;41.93;56.37;1.946;SOFT_UP;1;62.6;2;1
2026.06.11 12:00;1664.75;1664.90;1641.21;1649.71;39.45;21.95;13.91;53.86;67.55;1.861;NEUTRE;0;63.4;2;1
2026.06.11 11:00;1656.83;1670.77;1654.48;1664.75;42.07;25.32;7.43;73.32;73.79;2.790;SOFT_UP;1;73;3;1
2026.06.11 10:00;1656.80;1659.67;1651.80;1656.83;40.14;18.73;8.57;75.47;73.66;2.301;SOFT_UP;1;71.4;3;1
2026.06.11 09:00;1657.48;1659.76;1654.05;1656.80;40.59;21.62;5.49;72.59;71.06;2.299;SOFT_UP;1;73.1;3;1
2026.06.11 08:00;1652.10;1661.31;1652.06;1657.48;37.68;24.94;6.34;72.90;72.26;2.341;SOFT_UP;1;75.1;3;1
2026.06.11 07:00;1652.37;1655.94;1649.35;1652.10;34.33;19.85;7.31;67.69;75.04;2.009;SOFT_UP;1;74.9;3;1
2026.06.11 06:00;1645.54;1660.71;1643.89;1652.37;32.51;22.90;8.44;76.19;81.45;2.025;SOFT_UP;1;77;3;0
2026.06.11 05:00;1654.34;1654.40;1645.21;1645.56;30.41;20.65;9.73;81.24;84.90;1.605;NEUTRE;0;76.4;3;0
2026.06.11 04:00;1651.33;1657.10;1647.58;1654.33;29.56;23.83;7.26;86.92;85.62;2.146;SOFT_UP;1;81.8;3;0
2026.06.11 03:00;1638.54;1657.93;1633.70;1651.31;25.91;27.50;8.38;86.55;81.45;1.960;SOFT_UP;1;83.2;3;0
2026.06.11 02:00;1640.87;1643.27;1628.45;1638.54;21.70;22.42;9.67;83.40;71.20;1.171;NEUTRE;0;82.4;3;0
2026.06.11 01:00;1626.50;1645.58;1626.45;1640.87;18.93;25.87;11.16;74.40;54.58;1.315;NEUTRE;0;;;0
2026.06.11 00:00;1619.57;1632.76;1619.57;1626.50;15.73;19.54;12.88;55.79;37.76;0.428;NEUTRE;0;;;0
2026.06.10 23:00;1614.77;1623.22;1607.37;1619.54;14.98;11.44;14.86;33.56;25.17;-1.130;NEUTRE;0;-32.3;-1;0
2026.06.10 22:00;1609.49;1620.61;1602.59;1614.77;15.29;10.67;17.14;23.94;20.49;-1.421;NEUTRE;0;-39.8;-1;0
2026.06.10 21:00;1628.53;1628.53;1602.99;1609.49;14.06;12.31;19.44;18.02;19.07;-1.744;NEUTRE;0;-46.9;-2;0
2026.06.10 20:00;1628.05;1634.28;1621.00;1628.50;12.77;14.20;11.58;19.52;23.61;-0.583;NEUTRE;0;-20.6;0;0
2026.06.10 19:00;1628.80;1631.58;1620.87;1628.12;13.17;13.26;13.36;19.67;34.95;-0.606;NEUTRE;0;-22.3;0;1
2026.06.10 18:00;1630.44;1634.19;1620.75;1628.80;15.14;15.30;15.42;31.65;50.19;-0.565;NEUTRE;0;-22;0;1
2026.06.10 17:00;1640.13;1645.77;1620.67;1630.44;17.41;17.66;17.79;53.52;63.99;-0.465;NEUTRE;0;-19.4;0;1
2026.06.10 16:00;1656.08;1656.94;1630.47;1640.13;20.03;20.37;14.52;65.41;69.53;0.127;NEUTRE;0;5.8;0;1
2026.06.10 15:00;1644.98;1662.51;1634.04;1656.09;20.53;23.51;14.68;73.05;69.12;1.101;NEUTRE;0;43.4;1;1
2026.06.10 14:00;1650.12;1653.79;1635.42;1644.98;20.13;22.41;16.94;70.13;63.79;0.423;NEUTRE;0;21.3;0;1
2026.06.10 13:00;1633.67;1665.88;1630.70;1650.12;21.09;25.86;19.55;64.17;56.20;0.737;NEUTRE;0;36.1;1;1
2026.06.10 12:00;1618.34;1643.47;1614.08;1633.76;22.20;20.04;22.55;57.06;49.29;-0.262;NEUTRE;0;-15.7;0;1
2026.06.10 11:00;1626.66;1628.64;1610.19;1618.34;24.70;15.36;26.02;47.36;47.10;-1.203;NEUTRE;0;-54.6;-2;1
2026.06.10 10:00;1622.06;1628.53;1616.30;1626.64;24.54;17.72;24.93;43.46;49.68;-0.697;NEUTRE;0;-41.9;-1;1
2026.06.10 09:00;1619.55;1624.35;1604.91;1622.05;25.71;15.19;28.77;50.47;55.49;-0.977;NEUTRE;0;-54.4;-2;1
2026.06.10 08:00;1638.53;1639.24;1616.39;1619.55;24.91;17.52;24.11;55.10;51.44;-1.129;NEUTRE;0;-61.2;-2;1
2026.06.10 07:00;1630.28;1641.72;1628.82;1638.53;26.31;20.22;19.45;60.90;43.34;0.029;NEUTRE;0;3.1;0;1
2026.06.10 06:00;1626.51;1632.52;1621.02;1630.26;30.06;12.36;22.44;38.33;29.32;-0.476;NEUTRE;0;-45.6;-2;0
2026.06.10 05:00;1624.34;1628.33;1614.67;1626.50;30.22;8.65;25.90;30.79;24.19;-0.705;NEUTRE;0;-61.2;-2;0
2026.06.10 04:00;1629.19;1631.35;1620.76;1624.34;27.19;9.98;23.02;18.84;23.28;-0.837;NEUTRE;0;-69.6;-3;0
2026.06.10 03:00;1622.69;1634.84;1621.95;1629.19;25.30;11.52;24.83;22.93;28.48;-0.541;NEUTRE;0;-66.7;-3;0
2026.06.10 02:00;1637.33;1641.02;1620.13;1622.69;23.56;13.29;28.65;28.08;30.15;-0.938;NEUTRE;0;-80.6;-3;0
2026.06.10 01:00;1644.21;1645.48;1631.98;1637.33;21.55;15.34;24.33;34.44;31.00;-0.044;NEUTRE;0;;;0
2026.06.10 00:00;1638.05;1645.23;1628.17;1644.24;21.37;17.41;28.08;27.91;40.16;0.378;NEUTRE;0;;;0
2026.06.09 23:00;1638.49;1641.29;1629.52;1638.03;21.05;16.54;32.40;30.64;59.50;-3.036;SOFT_DOWN;-1;-59.5;-2;0
2026.06.09 22:00;1648.30;1653.46;1637.98;1638.49;19.30;19.08;26.32;61.93;77.52;-3.008;SOFT_DOWN;-1;-60.4;-2;0
2026.06.09 21:00;1658.97;1660.12;1645.73;1648.30;19.82;22.02;22.67;85.93;78.68;-2.428;SOFT_DOWN;-1;-56.1;-2;0
2026.06.09 20:00;1655.69;1661.85;1653.47;1658.97;22.64;25.40;17.89;84.69;64.66;-1.796;NEUTRE;0;-49.2;-2;0
2026.06.09 19:00;1650.47;1656.83;1645.98;1655.68;23.45;20.10;20.64;65.42;45.23;-1.991;SOFT_DOWN;-1;-53.5;-2;1
2026.06.09 18:00;1641.32;1653.48;1638.23;1650.47;26.86;18.44;23.81;43.86;29.75;-2.299;SOFT_DOWN;-1;-58.7;-2;1
2026.06.09 17:00;1630.51;1647.80;1630.49;1641.32;29.03;15.54;27.47;26.41;19.78;-2.841;SOFT_DOWN;-1;-65.1;-3;1
2026.06.09 16:00;1634.74;1637.73;1612.55;1630.44;29.23;9.01;31.70;18.99;20.99;-3.485;SOFT_DOWN;-1;-70.4;-3;1
2026.06.09 15:00;1644.37;1652.02;1632.83;1634.92;25.16;10.40;24.19;13.94;25.56;-3.220;SOFT_DOWN;-1;-70.1;-3;1
2026.06.09 14:00;1665.28;1669.49;1632.74;1644.45;22.89;12.00;27.91;30.04;33.23;-2.656;SOFT_DOWN;-1;-67.7;-3;1
2026.06.09 13:00;1675.57;1679.19;1662.85;1665.28;20.28;13.84;19.60;32.71;31.29;-1.422;NEUTRE;0;-54.6;-2;1
2026.06.09 12:00;1670.51;1681.80;1669.94;1675.64;20.75;15.97;15.94;36.94;29.45;-0.809;NEUTRE;0;-41;-1;1
2026.06.09 11:00;1673.18;1674.07;1664.78;1670.54;23.93;8.40;18.39;24.21;28.40;-1.111;NEUTRE;0;-52.5;-2;1
2026.06.09 10:00;1669.17;1674.82;1666.24;1673.18;21.87;9.70;18.80;27.19;38.58;-0.955;NEUTRE;0;-50.9;-2;1
2026.06.09 09:00;1673.91;1678.98;1664.00;1669.16;20.32;11.19;21.69;33.82;52.83;-1.193;NEUTRE;0;-59.6;-2;1
2026.06.09 08:00;1678.68;1679.36;1667.56;1673.91;18.53;12.91;21.38;54.74;67.16;-0.912;NEUTRE;0;-55.7;-2;1
2026.06.09 07:00;1684.74;1690.26;1674.36;1678.68;17.59;14.89;15.80;69.93;67.36;-0.629;NEUTRE;0;-49.2;-2;1
2026.06.09 06:00;1687.01;1694.00;1682.64;1684.74;19.84;17.19;10.22;76.80;56.22;-0.271;NEUTRE;0;-30.2;-1;0
2026.06.09 05:00;1685.07;1693.82;1680.09;1687.01;18.98;19.59;11.79;55.34;37.79;-0.136;NEUTRE;0;-19.3;0;0
2026.06.09 04:00;1668.30;1694.96;1663.34;1685.07;18.08;22.60;13.60;36.52;24.45;-0.251;NEUTRE;0;-39;-1;0
2026.06.09 03:00;1666.91;1670.53;1662.64;1668.30;17.03;14.19;15.69;21.51;17.80;-1.244;NEUTRE;0;-79.4;-3;0
2026.06.09 02:00;1667.88;1671.26;1653.83;1666.91;18.88;16.37;18.11;15.33;21.02;-1.326;NEUTRE;0;-83.3;-3;0
2026.06.09 01:00;1662.15;1673.17;1657.89;1667.91;21.01;18.89;17.31;16.56;35.45;-1.267;NEUTRE;0;;;0
2026.06.09 00:00;1689.31;1695.69;1659.43;1662.25;23.57;21.80;18.42;31.18;51.81;-1.602;NEUTRE;0;;;0
2026.06.08 23:00;1702.43;1713.40;1686.03;1689.35;25.91;25.15;9.97;58.61;59.14;-0.004;NEUTRE;0;-0.1;0;0
2026.06.08 22:00;1702.84;1703.22;1687.53;1702.45;23.24;23.30;11.51;65.64;51.76;0.772;NEUTRE;0;24.3;0;0
2026.06.08 21:00;1688.86;1713.30;1688.86;1702.85;21.61;26.88;11.97;53.18;40.57;0.796;NEUTRE;0;26;1;0
2026.06.08 20:00;1683.79;1688.86;1678.24;1688.86;19.03;15.63;13.82;36.45;34.60;-0.033;NEUTRE;0;-1.2;0;0
2026.06.08 19:00;1683.56;1689.45;1680.07;1683.82;21.01;18.04;13.29;32.07;38.14;-0.331;NEUTRE;0;-12.6;0;1
2026.06.08 18:00;1685.61;1691.51;1677.39;1683.56;21.91;20.81;15.34;35.30;47.69;-0.346;NEUTRE;0;-13.9;0;1
2026.06.08 17:00;1681.41;1686.79;1674.80;1685.61;22.94;18.87;17.69;47.05;58.44;-0.225;NEUTRE;0;-9.7;0;1
2026.06.08 16:00;1690.44;1702.72;1681.26;1681.41;25.98;21.78;12.13;60.73;68.31;-0.474;NEUTRE;0;-20.9;0;1
2026.06.08 15:00;1690.26;1704.52;1687.53;1690.41;25.60;25.13;9.50;67.55;72.07;0.059;NEUTRE;0;2.9;0;1
2026.06.08 14:00;1680.07;1693.07;1675.09;1690.26;22.59;18.63;10.96;76.65;75.43;0.050;NEUTRE;0;2.6;0;1
2026.06.08 13:00;1692.70;1695.15;1677.05;1680.10;22.08;21.49;10.97;72.02;74.02;-0.551;NEUTRE;0;-28.6;-1;1
2026.06.08 12:00;1682.05;1696.65;1666.62;1692.31;20.49;24.80;12.66;77.61;71.41;0.172;NEUTRE;0;10.5;0;1
2026.06.08 11:00;1670.86;1695.12;1666.13;1681.99;18.65;27.83;14.60;72.43;65.37;-0.439;NEUTRE;0;-27.2;-1;1
2026.06.08 10:00;1669.43;1674.85;1661.90;1670.79;16.73;21.35;16.85;64.19;57.81;-1.102;NEUTRE;0;-54.8;-2;1
2026.06.08 09:00;1659.49;1670.51;1655.61;1669.39;17.49;19.48;19.44;59.50;49.21;-1.185;NEUTRE;0;-59.5;-2;1
2026.06.08 08:00;1671.91;1671.91;1657.51;1659.63;20.16;22.48;20.47;49.73;35.88;-1.763;NEUTRE;0;-70.6;-3;1
2026.06.08 07:00;1665.15;1677.13;1660.33;1671.82;22.55;25.94;20.61;38.40;23.37;-1.041;NEUTRE;0;-62.4;-2;1
2026.06.08 06:00;1652.23;1668.53;1651.33;1665.10;24.25;22.05;23.78;19.51;22.24;-1.439;NEUTRE;0;-72.1;-3;0
2026.06.08 05:00;1656.01;1658.78;1643.75;1652.23;27.40;16.72;27.44;12.22;34.57;-2.201;SOFT_DOWN;-1;-80;-3;0
2026.06.08 04:00;1678.49;1679.57;1654.89;1655.99;27.89;19.30;20.26;35.01;53.83;-1.978;SOFT_DOWN;-1;-81.1;-3;0
2026.06.08 03:00;1682.92;1691.50;1675.64;1678.49;31.80;22.27;10.44;56.47;66.94;-0.646;NEUTRE;0;-70.2;-3;0
2026.06.08 02:00;1686.17;1688.40;1677.09;1683.06;31.13;22.68;12.04;70.02;71.93;-0.376;NEUTRE;0;-67.6;-3;0
2026.06.08 01:00;1696.45;1699.05;1670.18;1686.17;31.21;26.17;13.90;74.33;71.92;-0.192;NEUTRE;0;;;0
2026.06.08 00:00;1689.41;1710.41;1682.32;1696.43;31.30;30.20;9.56;71.43;69.38;0.416;NEUTRE;0;;;0
2026.06.07 23:00;1671.41;1690.32;1669.53;1689.41;28.13;23.84;11.04;69.99;66.02;7.707;EXPLOSIVE_UP;3;77;3;0
2026.06.07 22:00;1633.40;1717.84;1627.88;1671.44;26.81;27.51;12.73;66.73;59.58;6.562;EXPLOSIVE_UP;3;75.4;3;0
2026.06.07 21:00;1627.09;1633.49;1622.68;1633.28;25.28;17.32;14.69;61.35;53.52;4.129;STRONG_UP;2;68.5;3;0
2026.06.07 20:00;1609.96;1630.42;1609.87;1627.09;27.91;15.62;16.95;50.66;54.70;3.734;STRONG_UP;2;67.4;3;0
2026.06.07 19:00;1629.36;1629.53;1603.42;1612.23;31.57;17.35;19.56;48.56;60.67;2.787;SOFT_UP;1;62.1;2;0
2026.06.07 18:00;1630.44;1635.68;1627.88;1629.27;35.50;20.02;8.16;64.87;66.88;3.873;STRONG_UP;2;70.2;3;0
2026.06.07 17:00;1627.62;1637.29;1626.80;1630.45;34.49;23.10;9.41;68.57;62.45;3.948;STRONG_UP;2;71.5;3;0
2026.06.07 16:00;1629.22;1632.76;1622.44;1627.60;33.32;20.01;10.86;67.18;52.60;3.767;STRONG_UP;2;71.8;3;0
2026.06.07 15:00;1627.01;1635.28;1619.89;1629.22;33.89;23.09;12.53;51.58;42.90;3.870;STRONG_UP;2;73.3;3;0
2026.06.07 14:00;1616.57;1638.66;1615.90;1627.13;34.54;26.64;14.46;39.03;41.84;3.737;STRONG_UP;2;73.8;3;0
2026.06.07 13:00;1619.12;1621.98;1612.36;1616.58;35.29;19.47;16.69;38.09;49.72;3.064;SOFT_UP;1;71.8;3;0
2026.06.07 12:00;1629.32;1630.24;1606.13;1619.12;39.54;22.46;19.25;48.41;62.67;3.226;SOFT_UP;1;73.9;3;0
2026.06.07 11:00;1624.61;1633.06;1621.57;1629.32;44.44;25.92;12.36;62.66;74.79;3.876;STRONG_UP;2;77.6;3;0
2026.06.07 10:00;1632.44;1634.72;1623.87;1624.66;45.83;29.90;11.19;76.95;82.49;3.579;SOFT_UP;1;77.8;3;0
2026.06.07 09:00;1640.26;1646.80;1628.33;1632.51;45.87;34.51;6.58;84.75;83.90;4.080;STRONG_UP;2;80.3;3;0
2026.06.07 08:00;1614.19;1641.02;1607.61;1640.29;42.48;35.00;7.60;85.78;83.91;4.576;STRONG_UP;2;82.3;3;0
2026.06.07 07:00;1611.24;1615.42;1606.38;1614.19;39.11;28.60;8.76;81.16;85.13;2.912;SOFT_UP;1;79.4;3;0
2026.06.07 06:00;1602.89;1622.06;1597.44;1611.28;36.97;33.00;10.11;84.78;88.15;2.726;SOFT_UP;1;80.3;3;0
2026.06.07 05:00;1595.93;1607.51;1592.20;1602.89;34.49;28.98;11.67;89.45;89.34;2.191;SOFT_UP;1;80;3;0
2026.06.07 04:00;1593.89;1598.04;1583.78;1596.19;33.24;23.92;13.46;90.21;87.62;1.764;NEUTRE;0;80;3;0
2026.06.07 03:00;1591.72;1599.29;1588.67;1593.88;34.05;27.60;10.26;88.36;85.39;1.617;NEUTRE;0;81.8;3;0
2026.06.07 02:00;1589.04;1593.23;1581.29;1591.72;32.24;23.07;11.84;84.28;80.15;1.479;NEUTRE;0;84;3;0
2026.06.07 01:00;1563.94;1595.42;1563.06;1589.03;32.25;26.62;13.66;83.52;75.33;1.308;NEUTRE;0;;;0
2026.06.07 00:00;1568.52;1571.29;1562.95;1563.94;32.26;19.24;15.76;72.64;65.67;-0.292;NEUTRE;0;;;0
2026.06.06 23:00;1557.25;1568.80;1555.64;1568.52;35.70;17.61;18.18;69.82;58.66;-0.880;NEUTRE;0;-26.2;-1;0
2026.06.06 22:00;1557.02;1560.90;1550.66;1557.25;40.94;11.08;20.98;54.55;52.20;-1.592;NEUTRE;0;-43;-1;0
2026.06.06 21:00;1556.58;1564.05;1556.48;1557.01;42.49;12.79;15.47;51.61;47.59;-1.607;NEUTRE;0;-44.6;-1;0
2026.06.06 20:00;1553.42;1558.97;1549.89;1556.58;47.56;4.43;17.85;50.43;46.34;-1.634;NEUTRE;0;-46.5;-2;0
2026.06.06 19:00;1555.58;1562.47;1552.32;1553.47;45.62;5.11;16.47;40.75;45.41;-1.831;NEUTRE;0;-51.1;-2;0
2026.06.06 18:00;1552.39;1565.01;1549.06;1555.58;44.54;5.90;19.01;47.86;50.59;-1.697;NEUTRE;0;-50.5;-2;0
2026.06.06 17:00;1562.59;1565.32;1546.00;1552.38;43.29;6.81;21.93;47.62;50.64;-1.900;SOFT_DOWN;-1;-55.2;-2;0
2026.06.06 16:00;1559.42;1564.65;1552.80;1562.59;41.85;7.85;19.89;56.30;52.38;-1.254;NEUTRE;0;-45.3;-2;0
2026.06.06 15:00;1556.70;1564.76;1544.24;1559.35;41.62;9.06;22.95;48.01;49.56;-1.459;NEUTRE;0;-51.4;-2;0
2026.06.06 14:00;1555.93;1565.61;1555.11;1556.70;41.34;10.46;18.33;52.83;47.49;-1.627;NEUTRE;0;-56.3;-2;0
2026.06.06 13:00;1570.03;1572.25;1552.74;1555.93;43.49;12.06;21.16;47.85;46.61;-1.675;NEUTRE;0;-58.9;-2;0
2026.06.06 12:00;1557.73;1573.91;1550.52;1570.03;45.98;13.92;24.41;41.79;52.97;-0.784;NEUTRE;0;-40.1;-1;0
2026.06.06 11:00;1547.56;1565.69;1546.21;1557.73;48.84;10.65;28.17;50.19;67.24;-1.562;NEUTRE;0;-61.3;-2;0
2026.06.06 10:00;1569.62;1569.62;1534.65;1547.55;49.41;12.29;32.50;66.92;78.02;-2.205;SOFT_DOWN;-1;-70.6;-3;0
2026.06.06 09:00;1581.46;1587.45;1564.96;1569.62;50.07;14.18;24.16;84.61;80.58;-0.810;NEUTRE;0;-49.2;-2;0
2026.06.06 08:00;1574.06;1591.57;1569.09;1581.46;53.77;16.37;25.06;82.52;68.44;-0.062;NEUTRE;0;-5.7;0;0
2026.06.06 07:00;1558.92;1578.97;1555.04;1574.09;58.82;10.26;28.91;74.61;52.48;-0.528;NEUTRE;0;-44.2;-1;0
2026.06.06 06:00;1565.53;1580.24;1555.21;1558.92;60.55;11.84;33.25;48.19;33.62;-1.486;NEUTRE;0;-72.6;-3;0
2026.06.06 05:00;1521.43;1567.09;1505.02;1565.58;62.56;5.58;38.36;34.63;27.06;-1.065;NEUTRE;0;-70;-3;0
2026.06.06 04:00;1562.45;1568.51;1509.96;1521.43;60.70;6.44;43.04;18.03;29.81;-3.855;STRONG_DOWN;-2;-85.4;-3;0
2026.06.06 03:00;1575.26;1575.34;1555.02;1562.45;58.66;7.43;37.82;28.52;40.64;-1.263;NEUTRE;0;-79.6;-3;0
2026.06.06 02:00;1582.25;1584.89;1565.88;1575.26;57.35;8.57;35.42;42.87;51.70;-0.454;NEUTRE;0;-71.1;-3;0
2026.06.06 01:00;1592.18;1595.93;1577.33;1582.25;56.79;9.89;31.60;50.52;61.29;-0.012;NEUTRE;0;;;0
2026.06.06 00:00;1582.44;1600.48;1581.96;1592.12;57.47;11.41;32.64;61.70;72.07;0.612;NEUTRE;0;;;0
2026.06.05 23:00;1596.56;1603.04;1560.32;1582.44;58.90;13.17;37.66;71.66;76.47;-10.510;EXPLOSIVE_DOWN;-3;-80.4;-3;0
2026.06.05 22:00;1609.21;1609.49;1590.16;1596.56;60.55;15.19;32.70;82.85;68.20;-9.712;EXPLOSIVE_DOWN;-3;-80;-3;0
2026.06.05 21:00;1603.13;1618.44;1601.60;1609.22;64.24;17.53;28.63;74.91;50.87;-8.996;EXPLOSIVE_DOWN;-3;-79.7;-3;0
2026.06.05 20:00;1572.82;1606.81;1556.39;1603.10;70.43;9.60;33.03;46.82;37.12;-9.342;EXPLOSIVE_DOWN;-3;-80.6;-3;0
2026.06.05 19:00;1551.68;1578.60;1539.53;1573.03;72.81;2.47;38.12;30.89;32.21;-11.042;EXPLOSIVE_DOWN;-3;-82.4;-3;1
2026.06.05 18:00;1592.70;1597.20;1545.31;1551.66;70.50;2.85;41.71;33.64;29.93;-12.251;EXPLOSIVE_DOWN;-3;-83.5;-3;1
2026.06.05 17:00;1607.16;1611.38;1586.45;1592.70;67.93;3.29;35.92;32.12;21.04;-9.930;EXPLOSIVE_DOWN;-3;-82.4;-3;1
2026.06.05 16:00;1582.38;1610.85;1546.59;1607.06;65.58;3.47;41.45;24.03;13.28;-9.118;EXPLOSIVE_DOWN;-3;-82.2;-3;1
2026.06.05 15:00;1599.52;1602.75;1570.94;1582.38;62.67;4.01;42.00;6.97;13.17;-10.514;EXPLOSIVE_DOWN;-3;-83.7;-3;1
2026.06.05 14:00;1613.35;1622.48;1592.31;1599.49;59.60;4.62;38.12;8.85;29.61;-9.546;EXPLOSIVE_DOWN;-3;-83.5;-3;1
2026.06.05 13:00;1655.45;1675.86;1612.77;1613.30;56.71;5.33;33.56;23.68;45.70;-8.765;EXPLOSIVE_DOWN;-3;-83.4;-3;1
2026.06.05 12:00;1661.54;1669.55;1644.67;1655.44;54.28;6.16;30.94;56.31;53.60;-6.382;STRONG_DOWN;-2;-81.7;-3;1
2026.06.05 11:00;1675.24;1679.89;1661.17;1661.60;52.35;7.10;25.50;57.10;48.31;-6.034;STRONG_DOWN;-2;-81.9;-3;1
2026.06.05 10:00;1681.04;1683.25;1670.48;1675.28;51.72;8.20;21.77;47.40;40.08;-5.260;STRONG_DOWN;-2;-81.6;-3;1
2026.06.05 09:00;1661.99;1687.67;1660.93;1681.04;52.71;9.46;25.12;40.42;32.84;-4.934;STRONG_DOWN;-2;-81.9;-3;1
2026.06.05 08:00;1677.33;1677.68;1657.44;1662.01;53.85;5.16;28.98;32.42;26.63;-6.010;STRONG_DOWN;-2;-84.1;-3;1
2026.06.05 07:00;1654.55;1678.07;1631.74;1677.34;51.40;5.96;33.44;25.69;21.94;-5.143;STRONG_DOWN;-2;-84;-3;1
2026.06.05 06:00;1682.19;1686.69;1624.81;1654.55;48.58;6.87;38.58;21.78;20.76;-6.432;STRONG_DOWN;-2;-85.9;-3;0
2026.06.05 05:00;1742.14;1745.17;1679.65;1682.17;45.32;7.93;30.89;18.37;17.27;-4.870;STRONG_DOWN;-2;-85.4;-3;0
2026.06.05 04:00;1727.22;1743.49;1716.56;1742.14;43.20;9.15;26.97;22.14;15.50;-1.479;NEUTRE;0;-78.1;-3;0
2026.06.05 03:00;1727.98;1737.21;1719.98;1727.22;42.25;6.97;31.12;11.31;18.22;-2.323;SOFT_DOWN;-1;-84.3;-3;0
2026.06.05 02:00;1750.89;1752.56;1725.41;1727.93;39.00;8.05;31.06;13.05;28.25;-2.282;SOFT_DOWN;-1;-86.1;-3;0
2026.06.05 01:00;1757.12;1761.65;1744.84;1750.89;35.95;9.28;24.83;30.30;37.61;-0.984;NEUTRE;0;;;0
2026.06.05 00:00;1768.29;1772.40;1756.09;1757.12;34.47;10.71;18.35;41.39;42.41;-0.632;NEUTRE;0;;;0
2026.06.04 23:00;1766.47;1774.57;1754.93;1768.29;35.73;12.36;21.17;41.12;45.01;-2.317;SOFT_DOWN;-1;-52.4;-2;0
2026.06.04 22:00;1758.96;1768.16;1750.63;1766.66;37.18;9.24;24.43;44.72;50.95;-2.407;SOFT_DOWN;-1;-54.6;-2;0
2026.06.04 21:00;1772.58;1780.85;1755.49;1758.96;35.96;10.66;23.92;49.18;52.28;-2.832;SOFT_DOWN;-1;-60.1;-2;0
2026.06.04 20:00;1774.03;1774.77;1761.95;1772.58;35.59;12.30;23.69;58.95;51.91;-2.080;SOFT_DOWN;-1;-53.3;-2;0
2026.06.04 19:00;1773.70;1784.06;1768.30;1774.17;36.20;14.19;19.71;48.71;50.91;-1.992;SOFT_DOWN;-1;-53.5;-2;1
2026.06.04 18:00;1765.35;1780.94;1757.47;1773.70;39.27;13.33;22.74;48.06;56.61;-2.018;SOFT_DOWN;-1;-55.3;-2;1
2026.06.04 17:00;1769.70;1773.66;1751.95;1765.35;41.30;10.61;26.24;55.95;66.30;-2.479;SOFT_DOWN;-1;-62;-2;1
2026.06.04 16:00;1774.50;1778.11;1763.82;1769.71;41.12;12.24;21.87;65.81;75.34;-2.238;SOFT_DOWN;-1;-61;-2;1
2026.06.04 15:00;1772.26;1789.11;1768.11;1774.52;43.11;14.13;20.61;77.14;77.19;-1.973;SOFT_DOWN;-1;-59.5;-2;1
2026.06.04 14:00;1783.34;1792.26;1764.35;1772.26;46.87;16.30;23.78;83.05;65.02;-2.098;SOFT_DOWN;-1;-62.6;-2;1
2026.06.04 13:00;1775.85;1787.79;1753.87;1783.09;51.21;16.34;27.44;71.38;45.79;-1.499;NEUTRE;0;-56.1;-2;1
2026.06.04 12:00;1749.08;1780.12;1741.92;1775.77;55.19;15.38;31.66;40.62;28.64;-1.904;SOFT_DOWN;-1;-63.9;-2;1
2026.06.04 11:00;1734.53;1752.37;1730.37;1749.02;58.36;6.57;36.54;25.37;23.41;-3.381;SOFT_DOWN;-1;-75.8;-3;1
2026.06.04 10:00;1763.85;1764.32;1728.13;1734.52;56.64;7.58;42.16;19.93;29.84;-4.182;STRONG_DOWN;-2;-79.5;-3;1
2026.06.04 09:00;1770.94;1771.35;1742.40;1763.89;54.66;8.75;42.58;24.93;42.92;-2.560;SOFT_DOWN;-1;-74.7;-3;1
2026.06.04 08:00;1775.09;1781.02;1761.83;1770.93;52.93;10.09;38.80;44.66;59.48;-2.171;SOFT_DOWN;-1;-74;-3;1
2026.06.04 07:00;1787.64;1788.58;1771.35;1775.06;52.04;11.65;37.14;59.17;70.51;-1.943;SOFT_DOWN;-1;-74.4;-3;1
2026.06.04 06:00;1781.93;1799.25;1779.87;1787.64;52.00;13.44;35.24;74.61;72.53;-1.248;NEUTRE;0;-69.5;-3;0
2026.06.04 05:00;1803.01;1803.10;1778.71;1781.93;53.11;15.50;40.66;77.74;61.71;-1.563;NEUTRE;0;-76.1;-3;0
2026.06.04 04:00;1806.61;1815.55;1800.44;1803.01;54.39;17.89;33.21;65.25;43.89;-0.399;NEUTRE;0;-52.1;-2;0
2026.06.04 03:00;1764.37;1809.84;1764.37;1806.61;58.14;14.83;38.32;42.13;31.03;-0.200;NEUTRE;0;-40.7;-1;0
2026.06.04 02:00;1757.26;1776.13;1716.22;1764.31;60.29;5.72;44.22;24.28;33.86;-2.537;SOFT_DOWN;-1;-86.5;-3;0
2026.06.04 01:00;1790.80;1798.05;1752.68;1757.21;57.70;6.60;41.66;26.69;50.60;-2.929;SOFT_DOWN;-1;;;0
2026.06.04 00:00;1810.23;1817.67;1780.00;1790.73;55.40;7.61;38.81;50.60;62.78;-1.077;NEUTRE;0;;;0
2026.06.03 23:00;1826.06;1827.89;1809.72;1810.24;53.59;8.78;32.64;74.50;60.76;-2.516;SOFT_DOWN;-1;-54.6;-2;0
2026.06.03 22:00;1846.66;1848.33;1820.25;1826.07;52.97;10.14;28.74;63.23;42.50;-1.663;NEUTRE;0;-44.2;-1;0
2026.06.03 21:00;1778.64;1846.81;1774.92;1846.65;53.76;10.86;33.16;44.54;29.31;-0.555;NEUTRE;0;-18.8;0;0
2026.06.03 20:00;1800.58;1810.05;1768.74;1778.79;54.24;4.67;38.27;19.73;24.55;-4.210;STRONG_DOWN;-2;-69.8;-3;0
2026.06.03 19:00;1829.51;1830.80;1793.79;1800.65;50.54;5.38;34.82;23.65;24.77;-3.032;SOFT_DOWN;-1;-64.1;-2;1
2026.06.03 18:00;1825.13;1831.79;1818.79;1829.49;47.05;6.21;29.79;30.27;22.65;-1.479;NEUTRE;0;-46.6;-2;1
2026.06.03 17:00;1829.61;1836.27;1815.38;1825.21;44.22;7.17;34.37;20.40;15.94;-1.710;NEUTRE;0;-52.3;-2;1
2026.06.03 16:00;1834.16;1840.85;1808.63;1829.61;40.94;8.27;39.66;17.28;16.14;-1.473;NEUTRE;0;-49.9;-2;1
2026.06.03 15:00;1855.44;1856.50;1833.32;1834.10;37.17;9.54;33.97;10.14;20.55;-1.231;NEUTRE;0;-46.6;-2;1
2026.06.03 14:00;1864.02;1865.25;1849.55;1855.44;34.25;11.01;28.43;21.00;33.25;-0.082;NEUTRE;0;-4.3;0;1
2026.06.03 13:00;1873.49;1876.59;1858.23;1864.02;32.73;12.71;24.30;30.51;47.27;0.380;NEUTRE;0;20.6;0;1
2026.06.03 12:00;1875.22;1877.07;1865.08;1873.49;32.94;14.66;22.30;48.23;64.43;0.890;NEUTRE;0;43.7;1;1
2026.06.03 11:00;1881.71;1884.90;1873.34;1875.22;34.83;16.92;15.13;63.07;77.74;0.983;NEUTRE;0;49;2;1
2026.06.03 10:00;1873.20;1889.51;1871.78;1881.71;39.33;19.52;17.45;81.98;86.24;1.333;NEUTRE;0;59.8;2;1
2026.06.03 09:00;1876.93;1882.41;1866.72;1873.21;44.52;16.36;20.14;88.18;88.74;0.875;NEUTRE;0;51.4;2;1
2026.06.03 08:00;1875.34;1880.31;1870.31;1876.93;49.78;18.88;19.72;88.58;85.71;1.075;NEUTRE;0;60;2;1
2026.06.03 07:00;1868.78;1877.31;1864.92;1875.33;57.11;17.17;22.75;89.47;75.56;0.989;NEUTRE;0;61.2;2;1
2026.06.03 06:00;1870.33;1880.87;1867.39;1868.78;63.74;19.81;23.18;79.08;56.34;0.637;NEUTRE;0;53.8;2;0
2026.06.03 05:00;1847.88;1872.81;1846.86;1870.33;72.34;13.66;26.75;58.12;38.31;0.720;NEUTRE;0;61.7;2;0
2026.06.03 04:00;1825.18;1848.99;1824.81;1847.88;78.49;1.64;30.87;31.81;28.97;-0.489;NEUTRE;0;-57.6;-2;0
2026.06.03 03:00;1851.30;1853.84;1814.50;1825.18;76.73;1.89;35.62;25.00;28.84;-1.711;NEUTRE;0;-82.2;-3;0
2026.06.03 02:00;1861.59;1861.74;1848.28;1851.25;74.71;2.19;27.88;30.09;28.39;-0.307;NEUTRE;0;-63.2;-2;0
2026.06.03 01:00;1864.28;1867.18;1847.09;1861.59;73.05;2.52;32.17;31.43;25.68;0.249;NEUTRE;0;;;0
2026.06.03 00:00;1856.96;1871.28;1851.80;1864.28;71.14;2.91;33.52;23.64;24.00;0.394;NEUTRE;0;;;0
2026.06.02 23:00;1865.57;1870.31;1837.11;1856.95;69.16;2.59;38.67;21.96;29.97;-7.311;EXPLOSIVE_DOWN;-3;-76.3;-3;0
2026.06.02 22:00;1897.15;1906.50;1860.52;1865.57;66.35;2.99;33.78;26.41;34.79;-6.880;EXPLOSIVE_DOWN;-3;-76.1;-3;0
2026.06.02 21:00;1903.55;1908.17;1893.84;1897.14;63.67;3.45;27.82;41.55;37.77;-5.304;STRONG_DOWN;-2;-72.9;-3;0
2026.06.02 20:00;1908.94;1915.31;1892.54;1903.55;61.48;3.98;32.10;36.41;34.23;-4.985;STRONG_DOWN;-2;-72.7;-3;0
2026.06.02 19:00;1909.72;1914.22;1880.46;1909.07;58.94;3.86;37.04;35.36;32.28;-4.709;STRONG_DOWN;-2;-72.6;-3;1
2026.06.02 18:00;1920.61;1924.30;1900.77;1909.64;55.53;4.45;33.49;30.93;29.68;-4.681;STRONG_DOWN;-2;-73.4;-3;1
2026.06.02 17:00;1917.03;1927.77;1915.92;1920.61;52.29;5.13;28.73;30.55;28.40;-4.133;STRONG_DOWN;-2;-72.3;-3;1
2026.06.02 16:00;1911.49;1939.10;1905.81;1917.00;49.62;5.92;33.15;27.56;29.13;-4.313;STRONG_DOWN;-2;-73.9;-3;1
2026.06.02 15:00;1937.27;1937.50;1888.62;1911.49;46.53;6.09;38.25;27.09;35.25;-4.588;STRONG_DOWN;-2;-75.8;-3;1
2026.06.02 14:00;1970.51;1971.08;1922.02;1937.28;42.53;7.03;33.63;32.72;44.79;-3.301;SOFT_DOWN;-1;-71.8;-3;1
2026.06.02 13:00;1972.71;1978.34;1968.20;1970.46;39.01;8.11;24.32;45.94;49.22;-1.645;NEUTRE;0;-58.5;-2;1
2026.06.02 12:00;1975.32;1979.58;1968.94;1972.71;37.33;9.36;26.94;55.69;45.17;-1.532;NEUTRE;0;-58.7;-2;1
2026.06.02 11:00;1980.02;1980.43;1972.62;1975.31;35.63;10.80;25.76;46.04;33.83;-1.403;NEUTRE;0;-58.7;-2;1
2026.06.02 10:00;1971.65;1980.55;1968.07;1980.03;34.81;12.47;29.73;33.77;28.47;-1.167;NEUTRE;0;-56.4;-2;1
2026.06.02 09:00;1975.83;1976.42;1963.14;1971.64;33.87;9.29;34.30;21.69;30.97;-1.586;NEUTRE;0;-66.2;-3;1
2026.06.02 08:00;1978.54;1985.46;1973.41;1975.83;30.26;10.72;27.68;29.95;42.88;-1.377;NEUTRE;0;-65.7;-3;1
2026.06.02 07:00;1978.97;1986.66;1970.73;1978.60;28.12;12.37;31.94;41.27;57.16;-1.238;NEUTRE;0;-66.3;-3;1
2026.06.02 06:00;1981.53;1985.33;1974.99;1978.97;25.66;14.27;32.73;57.41;70.30;-1.220;NEUTRE;0;-69.1;-3;0
2026.06.02 05:00;1993.45;1997.69;1981.28;1981.53;23.56;16.47;28.41;72.80;71.98;-1.092;NEUTRE;0;-70.4;-3;0
2026.06.02 04:00;2000.36;2002.94;1992.46;1993.47;23.09;19.00;22.30;80.68;63.18;-0.496;NEUTRE;0;-58;-2;0
2026.06.02 03:00;1993.51;2001.62;1991.64;2000.37;25.42;19.99;25.73;62.45;50.84;-0.152;NEUTRE;0;-33.1;-1;0
2026.06.02 02:00;1976.61;1993.42;1959.69;1993.42;27.39;10.43;29.69;46.40;54.59;-0.499;NEUTRE;0;-72.7;-3;0
2026.06.02 01:00;1993.31;1995.78;1976.33;1976.61;24.22;12.03;26.67;43.66;63.63;-1.338;NEUTRE;0;;;0
2026.06.02 00:00;2003.41;2003.66;1992.46;1993.31;22.13;13.88;18.01;73.71;75.50;-0.504;NEUTRE;0;;;0
2026.06.01 23:00;2001.07;2004.75;1994.71;2003.41;23.54;16.02;17.70;73.51;78.78;-0.008;NEUTRE;0;-0.3;0;0
2026.06.01 22:00;1991.12;2002.72;1981.41;2001.10;26.39;15.37;20.42;79.29;84.93;-0.123;NEUTRE;0;-4.1;0;0
2026.06.01 21:00;2002.57;2005.81;1989.28;1991.22;28.28;17.73;17.88;83.53;88.16;-0.616;NEUTRE;0;-20.7;0;0
2026.06.01 20:00;2001.44;2005.39;1997.87;2002.57;32.57;20.46;12.63;91.97;85.73;-0.050;NEUTRE;0;-1.8;0;0
2026.06.01 19:00;1989.67;2005.66;1988.96;2001.44;33.94;23.61;14.58;88.98;73.48;-0.106;NEUTRE;0;-4.1;0;1
2026.06.01 18:00;1987.64;1992.77;1980.03;1989.67;35.52;15.37;16.82;76.23;55.47;-0.694;NEUTRE;0;-26.4;-1;1
2026.06.01 17:00;1974.25;1993.58;1974.07;1987.64;40.29;17.73;19.41;55.24;39.64;-0.795;NEUTRE;0;-31.1;-1;1
2026.06.01 16:00;1964.72;1974.92;1955.05;1974.25;45.79;5.74;22.39;34.94;35.64;-1.463;NEUTRE;0;-49.7;-2;1
2026.06.01 15:00;1964.47;1976.37;1956.62;1964.72;43.74;6.63;24.62;28.73;41.89;-1.939;SOFT_DOWN;-1;-59;-2;1
2026.06.01 14:00;1967.70;1973.86;1961.17;1964.47;41.60;7.65;24.87;43.25;53.84;-1.952;SOFT_DOWN;-1;-60.9;-2;1
2026.06.01 13:00;1986.58;1987.33;1955.24;1967.64;39.86;8.82;28.69;53.68;57.58;-1.793;NEUTRE;0;-60.6;-2;1
2026.06.01 12:00;1978.80;1991.34;1966.06;1986.59;37.84;10.18;27.92;64.59;54.40;-0.847;NEUTRE;0;-42.3;-1;1
2026.06.01 11:00;1981.84;1984.00;1975.22;1978.81;36.50;11.75;26.64;54.45;42.27;-1.236;NEUTRE;0;-55.4;-2;1
2026.06.01 10:00;1984.89;1986.34;1978.36;1981.76;36.15;13.55;25.24;44.16;30.64;-1.089;NEUTRE;0;-54.5;-2;1
2026.06.01 09:00;1980.96;1987.12;1980.64;1984.79;37.07;15.64;24.72;28.18;20.53;-0.937;NEUTRE;0;-53.3;-2;1
2026.06.01 08:00;1973.23;1982.04;1968.88;1980.99;39.31;5.98;28.53;19.58;17.94;-1.127;NEUTRE;0;-61.1;-2;1
2026.06.01 07:00;1984.79;1987.35;1968.87;1973.23;35.31;6.90;32.91;13.82;22.55;-1.514;NEUTRE;0;-70.3;-3;1
2026.06.01 06:00;1991.55;1992.24;1977.18;1984.79;30.70;7.97;31.06;20.44;34.58;-0.937;NEUTRE;0;-63.6;-2;0
2026.06.01 05:00;1996.64;1998.18;1988.67;1991.47;26.31;9.19;24.10;33.40;41.75;-0.604;NEUTRE;0;-57.3;-2;0
2026.06.01 04:00;2005.99;2008.87;1990.71;1996.64;23.47;10.61;24.51;49.90;45.17;-0.346;NEUTRE;0;-48.1;-2;0
2026.06.01 03:00;2008.35;2014.54;2005.49;2005.99;20.99;12.24;15.76;41.95;40.55;0.121;NEUTRE;0;27.5;1;0
2026.06.01 02:00;1991.53;2014.31;1988.35;2008.35;22.29;13.73;18.18;43.66;48.15;0.239;NEUTRE;0;57;2;0
2026.06.01 01:00;2012.09;2013.52;1990.90;1991.53;23.57;15.84;19.47;36.04;57.33;-0.601;NEUTRE;0;;;0
2026.06.01 00:00;2003.57;2017.87;2002.54;2012.05;25.62;18.28;14.55;64.76;73.42;0.423;NEUTRE;0;;;0
2026.05.31 23:00;2009.09;2019.61;1996.55;2003.57;27.81;21.09;16.78;71.21;72.35;-0.772;NEUTRE;0;-23.4;0;0
2026.05.31 22:00;2008.95;2010.85;2001.44;2009.09;30.34;18.49;19.37;84.29;60.09;-0.499;NEUTRE;0;-16.3;0;0
2026.05.31 21:00;2003.79;2010.95;2001.69;2008.95;34.65;21.34;21.94;61.55;39.85;-0.506;NEUTRE;0;-17.2;0;0
2026.05.31 20:00;1996.33;2004.69;1996.33;2003.79;39.77;14.22;25.31;34.41;25.76;-0.761;NEUTRE;0;-26.1;-1;0
2026.05.31 19:00;1997.38;1999.37;1990.80;1996.33;41.57;6.62;29.21;23.58;21.52;-1.131;NEUTRE;0;-37.5;-1;0
2026.05.31 18:00;2002.66;2003.17;1995.73;1997.38;38.26;7.63;24.85;19.28;18.58;-1.079;NEUTRE;0;-37.7;-1;0
2026.05.31 17:00;1998.90;2004.62;1994.04;2002.66;35.99;8.81;28.67;21.71;19.12;-0.817;NEUTRE;0;-31.8;-1;0
2026.05.31 16:00;2007.15;2009.14;1995.27;1998.90;33.37;10.16;31.30;14.76;21.41;-1.003;NEUTRE;0;-38.9;-1;0
2026.05.31 15:00;2004.64;2011.89;2004.15;2007.15;30.66;11.73;26.26;20.89;32.14;-0.595;NEUTRE;0;-27.1;-1;0
2026.05.31 14:00;2016.98;2018.13;2002.65;2004.64;29.49;13.53;30.30;28.57;40.23;-0.719;NEUTRE;0;-33.5;-1;0
2026.05.31 13:00;2018.94;2023.04;2016.50;2016.98;28.15;15.61;21.20;46.95;42.02;-0.108;NEUTRE;0;-6.1;0;0
2026.05.31 12:00;2019.86;2021.81;2016.04;2018.94;30.14;15.12;24.46;45.15;36.16;-0.011;NEUTRE;0;-0.7;0;0
2026.05.31 11:00;2017.42;2020.79;2017.42;2019.86;31.15;17.45;24.54;33.95;28.20;0.035;NEUTRE;0;2.3;0;0
2026.05.31 10:00;2017.82;2018.27;2012.31;2017.42;33.34;8.63;28.32;29.39;24.68;-0.086;NEUTRE;0;-6.3;0;0
2026.05.31 09:00;2024.20;2024.96;2015.46;2017.79;30.27;9.95;24.55;21.27;21.41;-0.068;NEUTRE;0;-5.6;0;0
2026.05.31 08:00;2020.61;2025.78;2019.40;2024.20;28.42;11.48;21.94;23.40;30.52;0.250;NEUTRE;0;21.9;0;0
2026.05.31 07:00;2026.34;2026.34;2019.18;2020.61;27.98;13.25;25.32;19.57;44.38;0.072;NEUTRE;0;7.5;0;0
2026.05.31 06:00;2026.61;2027.53;2025.03;2026.34;27.47;15.29;16.64;48.60;63.62;0.356;NEUTRE;0;37.4;1;0
2026.05.31 05:00;2030.12;2030.36;2025.82;2026.61;31.04;17.64;14.34;64.96;71.99;0.369;NEUTRE;0;43.6;1;0
2026.05.31 04:00;2029.82;2031.46;2027.69;2030.12;34.23;20.36;10.21;77.29;73.54;0.543;NEUTRE;0;60.2;2;0
2026.05.31 03:00;2030.69;2033.28;2028.44;2029.83;34.39;23.49;8.72;73.72;64.31;0.528;NEUTRE;0;66.2;3;0
2026.05.31 02:00;2025.62;2034.11;2024.33;2030.69;32.62;27.10;10.06;69.60;51.70;0.571;NEUTRE;0;74.8;3;0
2026.05.31 01:00;2023.53;2030.67;2023.25;2025.62;30.59;25.86;11.61;49.61;42.21;0.320;NEUTRE;0;;;0
2026.05.31 00:00;2019.16;2024.32;2017.28;2023.53;29.44;16.67;13.39;35.88;44.67;0.216;NEUTRE;0;;;0
2026.05.30 23:00;2019.98;2022.91;2016.79;2019.16;32.29;16.16;15.46;41.15;56.88;0.394;NEUTRE;0;12.4;0;0
2026.05.30 22:00;2024.97;2024.98;2017.27;2019.98;36.92;18.64;16.63;56.99;66.04;0.435;NEUTRE;0;14.3;0;0
2026.05.30 21:00;2023.66;2027.93;2023.66;2024.97;41.72;21.51;6.43;72.52;69.68;0.683;NEUTRE;0;22.7;0;0
2026.05.30 20:00;2025.36;2026.19;2022.32;2023.66;39.84;18.55;7.42;68.63;67.31;0.618;NEUTRE;0;21.7;0;0
2026.05.30 19:00;2024.13;2025.66;2021.28;2025.36;39.38;19.30;8.57;67.90;66.56;0.703;NEUTRE;0;25.5;1;0
2026.05.30 18:00;2023.90;2026.91;2021.24;2024.13;39.51;22.27;9.88;65.39;66.66;0.641;NEUTRE;0;24.6;0;0
2026.05.30 17:00;2023.52;2025.69;2016.29;2023.90;39.67;22.38;11.40;66.37;68.69;0.630;NEUTRE;0;25.5;1;0
2026.05.30 16:00;2023.28;2025.00;2021.23;2023.52;40.77;25.82;5.07;68.21;71.33;0.611;NEUTRE;0;26.2;1;0
2026.05.30 15:00;2023.35;2028.67;2020.89;2023.28;36.71;29.80;5.85;71.49;70.27;0.599;NEUTRE;0;27.2;1;0
2026.05.30 14:00;2017.49;2027.37;2017.13;2023.35;32.03;31.81;6.75;74.28;65.69;0.603;NEUTRE;0;29;1;0
2026.05.30 13:00;2016.67;2019.37;2014.11;2017.49;26.96;24.69;7.79;65.05;60.47;0.311;NEUTRE;0;17.1;0;0
2026.05.30 12:00;2014.19;2017.14;2013.83;2016.67;23.11;21.96;8.99;57.72;60.59;0.270;NEUTRE;0;16.2;0;0
2026.05.30 11:00;2014.88;2015.90;2012.54;2014.19;20.22;19.58;10.38;58.64;63.82;0.147;NEUTRE;0;9.8;0;0
2026.05.30 10:00;2013.59;2018.92;2013.28;2014.90;18.60;22.59;8.58;65.41;67.01;0.182;NEUTRE;0;13.2;0;0
2026.05.30 09:00;2011.20;2014.17;2010.73;2013.59;14.55;13.11;9.91;67.39;67.69;0.117;NEUTRE;0;9.5;0;0
2026.05.30 08:00;2013.11;2013.11;2010.70;2011.20;14.65;10.38;11.43;68.22;64.89;-0.001;NEUTRE;0;-0.1;0;0
2026.05.30 07:00;2014.16;2014.74;2010.43;2013.12;16.16;11.98;13.19;67.45;60.41;0.094;NEUTRE;0;9.8;0;0
2026.05.30 06:00;2012.73;2017.28;2009.61;2014.13;17.91;13.82;15.22;58.99;58.85;0.144;NEUTRE;0;17.2;0;0
2026.05.30 05:00;2007.73;2015.70;2005.00;2012.73;19.93;12.78;17.56;54.79;64.57;0.075;NEUTRE;0;10.9;0;0
2026.05.30 04:00;2013.58;2015.33;1999.00;2007.73;20.57;14.21;20.26;62.76;70.05;-0.174;NEUTRE;0;-29.3;-1;0
2026.05.30 03:00;2018.00;2020.24;2011.70;2013.57;21.04;16.40;11.41;76.17;67.91;0.116;NEUTRE;0;26.5;1;0
2026.05.30 02:00;2016.26;2018.09;2013.77;2018.03;21.52;15.05;13.17;71.22;56.47;0.338;NEUTRE;0;65.3;3;0
2026.05.30 01:00;2011.53;2018.40;2010.27;2016.26;23.80;17.37;15.19;56.32;41.78;0.250;NEUTRE;0;;;0
2026.05.30 00:00;2011.23;2013.04;2007.45;2011.53;26.43;9.90;17.53;41.85;31.45;0.015;NEUTRE;0;;;0
2026.05.29 23:00;2010.67;2012.06;2003.69;2011.23;26.22;8.72;20.23;27.18;26.95;0.244;NEUTRE;0;7.8;0;0
2026.05.29 22:00;2006.44;2013.92;2004.68;2010.65;24.14;10.06;21.52;25.32;31.95;0.215;NEUTRE;0;7.2;0;0
2026.05.29 21:00;2014.78;2020.73;2005.20;2006.44;22.27;11.61;23.96;28.36;42.17;0.005;NEUTRE;0;0.2;0;0
2026.05.29 20:00;2013.56;2020.47;2012.04;2014.78;20.36;13.40;20.87;42.17;56.71;0.421;NEUTRE;0;15.2;0;0
2026.05.29 19:00;2008.20;2019.12;2001.76;2013.59;20.13;12.99;24.08;55.98;69.86;0.361;NEUTRE;0;13.8;0;1
2026.05.29 18:00;2024.88;2028.35;2003.22;2008.19;18.63;14.99;26.50;71.98;78.21;0.092;NEUTRE;0;3.8;0;1
2026.05.29 17:00;2036.98;2040.98;2022.69;2024.74;17.23;17.30;18.65;81.61;76.56;0.917;NEUTRE;0;34.8;1;1
2026.05.29 16:00;2028.09;2039.39;2018.69;2036.95;19.30;18.63;21.52;81.03;64.90;1.526;NEUTRE;0;50.9;2;1
2026.05.29 15:00;1998.35;2042.62;1995.76;2028.12;21.16;21.49;24.83;67.02;48.45;1.086;NEUTRE;0;43;1;1
2026.05.29 14:00;1996.12;2000.40;1973.65;1998.41;23.31;10.94;28.65;46.65;36.64;-0.395;NEUTRE;0;-20;0;1
2026.05.29 13:00;1996.53;2002.71;1985.11;1996.12;20.01;12.62;26.47;31.68;36.42;-0.509;NEUTRE;0;-26.8;-1;1
2026.05.29 12:00;2004.41;2004.41;1991.90;1996.53;17.63;14.56;24.61;31.59;41.15;-0.489;NEUTRE;0;-27.7;-1;1
2026.05.29 11:00;2007.88;2011.06;1999.21;2004.41;16.40;16.80;19.40;46.00;45.32;-0.096;NEUTRE;0;-6.4;0;1
2026.05.29 10:00;2011.32;2011.60;2006.41;2007.88;17.81;19.38;13.04;45.85;47.88;0.077;NEUTRE;0;5.7;0;1
2026.05.29 09:00;2002.70;2012.83;2002.45;2011.31;17.55;22.37;15.05;44.11;56.14;0.248;NEUTRE;0;19.5;0;1
2026.05.29 08:00;2004.14;2010.28;2001.82;2002.76;17.24;22.03;17.36;53.67;67.20;-0.178;NEUTRE;0;-16;0;1
2026.05.29 07:00;2014.67;2016.35;2000.05;2004.05;18.07;25.42;20.04;70.65;68.13;-0.114;NEUTRE;0;-11.8;0;1
2026.05.29 06:00;2010.98;2017.88;2008.84;2014.67;19.03;29.33;14.82;77.27;53.74;0.415;NEUTRE;0;41.7;1;0
2026.05.29 05:00;2005.05;2011.76;2004.72;2010.98;16.90;23.42;17.10;56.47;32.99;0.231;NEUTRE;0;30.8;1;0
2026.05.29 04:00;1999.41;2005.17;1995.02;2005.05;17.10;12.62;19.73;27.49;20.07;-0.064;NEUTRE;0;-11.6;0;0
2026.05.29 03:00;1995.89;2004.45;1995.89;1999.41;16.35;14.57;21.45;15.00;18.89;-0.345;NEUTRE;0;-56;-2;0
2026.05.29 02:00;2004.80;2007.06;1994.18;1995.89;15.93;16.81;24.75;17.72;19.87;-0.521;NEUTRE;0;-73.4;-3;0
2026.05.29 01:00;2008.98;2013.18;2002.56;2004.80;15.44;19.39;18.55;23.96;22.90;-0.077;NEUTRE;0;;;0
2026.05.29 00:00;2006.34;2013.81;2006.25;2008.98;17.47;22.38;16.06;17.92;30.38;0.132;NEUTRE;0;;;0
2026.05.28 23:00;2002.30;2008.24;2002.26;2006.34;17.63;14.49;18.53;26.81;45.79;-0.737;NEUTRE;0;-22.4;0;0
2026.05.28 22:00;2016.66;2019.71;2002.12;2002.30;18.45;16.71;21.38;46.41;62.29;-0.937;NEUTRE;0;-28.8;-1;0
2026.05.28 21:00;2010.52;2021.10;2009.90;2016.66;19.41;19.29;17.86;64.17;74.60;-0.226;NEUTRE;0;-7.9;0;0
2026.05.28 20:00;2011.03;2016.66;2003.01;2010.52;21.81;16.15;20.61;76.31;83.81;-0.530;NEUTRE;0;-18.8;0;0
2026.05.28 19:00;2021.56;2021.58;2010.45;2010.89;23.30;18.64;15.39;83.34;86.85;-0.512;NEUTRE;0;-19.1;0;1
2026.05.28 18:00;2015.90;2026.50;2014.59;2021.49;25.42;21.51;12.04;91.79;86.13;0.013;NEUTRE;0;0.5;0;1
2026.05.28 17:00;2009.54;2023.30;2005.28;2015.90;24.98;20.68;13.89;85.40;75.29;-0.264;NEUTRE;0;-11.3;0;1
2026.05.28 16:00;1986.69;2010.96;1981.04;2009.56;25.80;13.33;16.03;81.19;65.69;-0.577;NEUTRE;0;-24.9;0;1
2026.05.28 15:00;1989.74;1995.39;1979.83;1986.69;28.36;7.37;18.49;59.28;52.76;-1.709;NEUTRE;0;-55.7;-2;1
2026.05.28 14:00;1977.69;1998.35;1964.15;1989.74;26.11;8.51;21.34;56.61;53.05;-1.558;NEUTRE;0;-55.1;-2;1
2026.05.28 13:00;1988.13;1991.36;1971.54;1977.69;23.51;9.82;21.30;42.38;57.84;-2.154;SOFT_DOWN;-1;-64.9;-2;1
2026.05.28 12:00;1985.94;1990.43;1977.84;1988.13;21.45;11.33;19.68;60.14;69.23;-1.638;NEUTRE;0;-60.4;-2;1
2026.05.28 11:00;1986.49;1989.12;1982.82;1985.94;20.60;13.07;16.63;70.99;71.06;-1.746;NEUTRE;0;-63.9;-2;1
2026.05.28 10:00;1990.30;1994.71;1985.22;1986.50;21.93;15.08;13.32;76.55;63.01;-1.718;NEUTRE;0;-65.7;-3;1
2026.05.28 09:00;1984.55;1991.65;1980.84;1990.30;24.35;12.44;15.37;65.65;48.06;-1.530;NEUTRE;0;-65.5;-3;1
2026.05.28 08:00;1991.20;1992.17;1981.03;1984.55;26.47;14.35;17.47;46.83;33.81;-1.815;NEUTRE;0;-71.1;-3;1
2026.05.28 07:00;1980.06;1992.51;1978.57;1991.21;29.04;16.56;20.16;31.70;24.44;-1.485;NEUTRE;0;-69.9;-3;1
2026.05.28 06:00;1974.47;1980.69;1968.61;1980.13;32.00;6.06;23.26;22.89;20.46;-2.033;SOFT_DOWN;-1;-77.1;-3;0
2026.05.28 05:00;1978.23;1979.62;1971.56;1974.47;27.90;6.99;23.08;18.73;18.19;-2.313;SOFT_DOWN;-1;-80.5;-3;0
2026.05.28 04:00;1977.88;1982.84;1964.12;1978.23;23.96;8.07;26.63;19.74;18.45;-2.127;SOFT_DOWN;-1;-81.7;-3;0
2026.05.28 03:00;2013.91;2017.26;1968.45;1977.88;19.42;9.31;27.17;16.09;18.20;-2.145;SOFT_DOWN;-1;-83.8;-3;0
2026.05.28 02:00;2016.62;2018.24;2011.80;2013.91;14.88;10.74;17.68;19.53;19.75;-0.362;NEUTRE;0;-66.8;-3;0
2026.05.28 01:00;2024.47;2025.46;2009.52;2016.58;13.41;12.40;20.40;18.98;18.42;-0.230;NEUTRE;0;;;0
2026.05.28 00:00;2021.23;2025.35;2017.12;2024.47;11.72;14.30;16.21;20.75;20.70;0.160;NEUTRE;0;;;0
2026.05.27 23:00;2021.95;2026.67;2014.63;2021.24;12.56;16.50;18.70;15.55;24.50;-2.373;SOFT_DOWN;-1;-53;-2;0
2026.05.27 22:00;2017.54;2031.43;2012.72;2021.92;13.54;19.04;21.58;25.80;34.48;-2.341;SOFT_DOWN;-1;-53.9;-2;0
2026.05.27 21:00;2059.13;2059.16;2012.34;2017.54;14.66;21.97;24.90;32.15;36.24;-2.552;SOFT_DOWN;-1;-57.4;-2;0
2026.05.27 20:00;2053.05;2061.52;2052.57;2059.13;15.96;25.35;15.51;45.49;36.37;-0.543;NEUTRE;0;-19.3;0;0
2026.05.27 19:00;2052.25;2056.67;2049.78;2053.05;14.70;20.92;17.89;31.09;33.02;-0.837;NEUTRE;0;-29.6;-1;1
2026.05.27 18:00;2047.89;2052.56;2039.34;2052.25;15.77;14.96;20.65;32.55;34.65;-0.876;NEUTRE;0;-32.1;-1;1
2026.05.27 17:00;2066.16;2066.30;2041.26;2047.89;15.73;17.26;21.59;35.43;34.25;-1.086;NEUTRE;0;-39.5;-1;1
2026.05.27 16:00;2067.46;2070.17;2056.15;2066.16;16.44;19.91;15.76;35.96;30.46;-0.204;NEUTRE;0;-9.3;0;1
2026.05.27 15:00;2058.45;2074.94;2057.13;2067.46;17.18;22.98;17.11;31.36;26.34;-0.141;NEUTRE;0;-6.9;0;1
2026.05.27 14:00;2059.89;2067.33;2050.65;2058.47;17.57;19.94;19.74;24.06;22.75;-0.575;NEUTRE;0;-27.9;-1;1
2026.05.27 13:00;2075.12;2077.02;2047.65;2059.88;20.19;23.01;22.78;23.59;25.09;-0.507;NEUTRE;0;-26.7;-1;1
2026.05.27 12:00;2076.93;2093.20;2070.90;2075.13;23.22;26.55;14.10;20.61;34.47;0.229;NEUTRE;0;13.8;0;1
2026.05.27 11:00;2075.87;2081.97;2074.73;2076.69;22.09;22.88;16.27;31.07;51.77;0.305;NEUTRE;0;19.7;0;1
2026.05.27 10:00;2079.90;2084.26;2075.69;2075.87;22.89;26.41;16.74;51.72;69.65;0.265;NEUTRE;0;18.8;0;1
2026.05.27 09:00;2081.37;2084.23;2074.84;2079.90;22.96;30.41;19.31;72.53;81.93;0.460;NEUTRE;0;33.4;1;1
2026.05.27 08:00;2079.87;2093.05;2079.61;2081.37;23.06;35.09;14.47;84.71;82.47;0.531;NEUTRE;0;40.5;1;1
2026.05.27 07:00;2075.82;2080.49;2072.23;2079.87;20.20;26.11;16.69;88.56;71.85;0.458;NEUTRE;0;40.1;1;1
2026.05.27 06:00;2073.70;2077.63;2071.16;2075.82;19.93;24.81;19.26;74.14;56.74;0.263;NEUTRE;0;29.5;1;0
2026.05.27 05:00;2068.52;2075.02;2068.02;2073.70;21.06;22.42;22.23;52.84;44.58;0.160;NEUTRE;0;22.4;0;0
2026.05.27 04:00;2066.22;2069.47;2052.96;2068.52;24.23;13.67;25.64;43.23;48.90;-0.090;NEUTRE;0;-16.2;0;0
2026.05.27 03:00;2072.50;2076.48;2065.33;2066.23;23.27;15.77;18.06;37.67;57.55;-0.200;NEUTRE;0;-40.7;-1;0
2026.05.27 02:00;2070.94;2072.36;2065.40;2072.35;25.81;12.51;20.84;65.79;65.96;0.095;NEUTRE;0;31.5;1;0
2026.05.27 01:00;2079.82;2080.38;2068.17;2070.93;25.93;14.43;17.93;69.18;61.16;0.027;NEUTRE;0;;;0
2026.05.27 00:00;2070.38;2080.66;2070.17;2079.87;28.26;16.65;18.16;62.91;56.56;0.458;NEUTRE;0;;;0
2026.05.26 23:00;2065.27;2073.44;2065.27;2070.34;31.95;8.63;20.96;51.39;51.69;-1.897;SOFT_DOWN;-1;-46.7;-2;0
2026.05.26 22:00;2069.53;2073.17;2062.31;2065.29;30.45;9.45;24.18;55.38;44.61;-2.137;SOFT_DOWN;-1;-51.4;-2;0
2026.05.26 21:00;2074.76;2075.35;2065.95;2069.53;28.39;10.90;22.75;48.31;32.88;-1.936;SOFT_DOWN;-1;-49.9;-2;0
2026.05.26 20:00;2070.33;2075.11;2070.15;2074.76;27.35;12.58;19.37;30.15;21.53;-1.688;NEUTRE;0;-47.4;-2;0
2026.05.26 19:00;2064.79;2073.18;2061.66;2070.33;28.28;8.53;22.35;20.16;16.12;-1.898;SOFT_DOWN;-1;-52.2;-2;1
2026.05.26 18:00;2067.26;2077.10;2062.67;2064.76;25.74;9.84;24.44;14.26;15.05;-2.162;SOFT_DOWN;-1;-57.1;-2;1
2026.05.26 17:00;2076.54;2080.82;2052.12;2067.28;23.15;11.35;28.20;13.93;22.31;-2.042;SOFT_DOWN;-1;-57.1;-2;1
2026.05.26 16:00;2084.16;2086.85;2070.38;2076.55;20.16;13.10;22.75;16.96;37.39;-1.603;NEUTRE;0;-52.2;-2;1
2026.05.26 15:00;2106.29;2109.29;2075.57;2084.16;19.12;15.11;21.40;36.05;55.20;-1.242;NEUTRE;0;-46.8;-2;1
2026.05.26 14:00;2122.13;2137.62;2103.65;2106.29;19.41;17.44;11.89;59.16;67.44;-0.194;NEUTRE;0;-10.1;0;1
2026.05.26 13:00;2123.58;2127.77;2106.52;2122.16;19.48;15.66;13.71;70.37;70.20;0.558;NEUTRE;0;28.9;1;1
2026.05.26 12:00;2118.04;2124.01;2108.37;2123.58;21.46;15.35;15.82;72.78;68.82;0.625;NEUTRE;0;33.9;1;1
2026.05.26 11:00;2124.65;2127.67;2115.61;2118.04;24.52;17.71;11.14;67.44;60.95;0.363;NEUTRE;0;23;0;1
2026.05.26 10:00;2093.74;2134.30;2091.26;2124.65;24.79;20.43;12.85;66.24;60.05;0.676;NEUTRE;0;41.1;1;1
2026.05.26 09:00;2094.52;2096.98;2091.13;2093.74;25.10;10.24;14.83;49.16;62.81;-0.788;NEUTRE;0;-48.4;-2;1
2026.05.26 08:00;2092.61;2097.29;2092.07;2094.52;26.15;11.81;14.64;64.75;67.06;-0.752;NEUTRE;0;-50.5;-2;1
2026.05.26 07:00;2099.04;2099.90;2088.60;2092.57;28.53;13.63;16.89;74.53;60.00;-0.844;NEUTRE;0;-57.2;-2;1
2026.05.26 06:00;2098.16;2101.93;2092.71;2099.04;31.27;15.73;13.89;61.91;43.20;-0.537;NEUTRE;0;-49.1;-2;0
2026.05.26 05:00;2091.11;2100.94;2089.39;2098.16;35.13;16.49;16.03;43.55;30.58;-0.579;NEUTRE;0;-56.2;-2;0
2026.05.26 04:00;2090.64;2093.97;2086.16;2091.11;40.31;9.75;18.49;24.15;24.65;-0.913;NEUTRE;0;-71.2;-3;0
2026.05.26 03:00;2086.19;2091.13;2081.93;2090.64;41.75;5.65;21.34;24.03;28.08;-0.935;NEUTRE;0;-76;-3;0
2026.05.26 02:00;2091.87;2093.32;2082.29;2086.19;39.23;6.52;24.02;25.76;28.56;-1.146;NEUTRE;0;-82.3;-3;0
2026.05.26 01:00;2095.04;2097.77;2085.56;2091.87;36.45;7.52;23.16;34.45;25.50;-0.877;NEUTRE;0;;;0
2026.05.26 00:00;2110.38;2111.60;2082.58;2095.04;34.22;8.68;26.72;25.47;15.89;-0.727;NEUTRE;0;;;0
2026.05.25 23:00;2101.22;2111.44;2099.94;2110.37;31.65;10.02;21.62;16.58;10.72;0.653;NEUTRE;0;20.1;0;0
2026.05.25 22:00;2108.39;2113.17;2100.17;2101.24;30.88;11.56;24.64;5.62;11.92;0.218;NEUTRE;0;7.3;0;0
2026.05.25 21:00;2106.32;2110.78;2105.52;2108.39;30.07;13.34;22.10;9.96;22.92;0.559;NEUTRE;0;18.9;0;0
2026.05.25 20:00;2118.87;2120.67;2105.12;2106.32;30.89;15.39;25.50;20.16;39.59;0.460;NEUTRE;0;16.5;0;0
2026.05.25 19:00;2124.36;2124.66;2114.14;2118.87;31.83;17.76;20.50;38.64;54.44;1.059;NEUTRE;0;35.7;1;1
2026.05.25 18:00;2126.33;2131.44;2124.26;2124.36;35.63;20.49;8.86;59.98;66.77;1.321;NEUTRE;0;43.4;1;1
2026.05.25 17:00;2133.91;2138.23;2125.79;2126.20;35.01;23.64;6.94;64.70;67.92;1.408;NEUTRE;0;46.9;2;1
2026.05.25 16:00;2124.46;2139.24;2122.51;2133.91;32.00;27.28;8.01;75.64;67.10;1.776;NEUTRE;0;55;2;1
2026.05.25 15:00;2126.04;2135.16;2120.42;2124.46;28.52;27.72;9.24;63.43;56.92;1.325;NEUTRE;0;48.7;2;1
2026.05.25 14:00;2113.67;2127.76;2113.08;2126.03;25.22;24.27;10.67;62.23;55.64;1.400;NEUTRE;0;52.2;2;1
2026.05.25 13:00;2114.85;2117.55;2111.80;2113.67;23.11;17.30;12.31;45.09;56.80;0.811;NEUTRE;0;38.8;1;1
2026.05.25 12:00;2112.59;2117.22;2109.75;2114.85;24.07;19.08;14.20;59.60;68.22;0.867;NEUTRE;0;42.9;1;1
2026.05.25 11:00;2114.31;2117.97;2111.79;2112.59;25.52;22.01;12.18;65.72;77.47;0.759;NEUTRE;0;41.6;1;1
2026.05.25 10:00;2113.97;2118.57;2112.29;2114.33;25.02;25.40;12.81;79.35;86.17;0.842;NEUTRE;0;47.3;2;1
2026.05.25 09:00;2113.77;2121.37;2113.17;2113.97;23.81;29.31;12.63;87.35;88.35;0.825;NEUTRE;0;49.7;2;1
2026.05.25 08:00;2113.57;2114.97;2108.77;2113.77;21.35;21.81;14.57;91.82;84.18;0.816;NEUTRE;0;52.7;2;1
2026.05.25 07:00;2106.39;2114.58;2103.70;2113.57;21.58;24.19;16.81;85.88;71.28;0.806;NEUTRE;0;56;2;1
2026.05.25 06:00;2105.17;2108.27;2096.34;2106.32;22.13;18.99;19.40;74.84;60.39;0.460;NEUTRE;0;44.6;1;0
2026.05.25 05:00;2102.77;2108.68;2101.19;2105.22;25.37;21.91;16.13;53.13;54.49;0.408;NEUTRE;0;46.4;2;0
2026.05.25 04:00;2092.43;2105.14;2089.30;2102.77;26.94;18.01;18.61;53.19;61.82;0.291;NEUTRE;0;43.1;1;0
2026.05.25 03:00;2095.09;2096.90;2089.48;2092.43;30.83;12.78;21.48;57.16;71.18;-0.202;NEUTRE;0;-40.9;-1;0
2026.05.25 02:00;2091.25;2109.97;2091.25;2095.09;31.67;14.75;21.11;75.10;79.53;-0.075;NEUTRE;0;-25.8;-1;0
2026.05.25 01:00;2101.99;2105.08;2090.27;2091.25;33.81;13.00;24.36;81.27;73.51;-0.259;NEUTRE;0;;;0
2026.05.25 00:00;2096.67;2105.87;2096.64;2101.99;34.34;15.00;21.49;82.23;58.85;0.254;NEUTRE;0;;;0
2026.05.24 23:00;2089.21;2103.48;2088.39;2096.67;36.88;13.32;24.79;57.02;38.39;-0.851;NEUTRE;0;-25.5;-1;0
2026.05.24 22:00;2067.58;2096.34;2067.58;2089.21;37.93;8.09;28.61;37.28;33.96;-1.204;NEUTRE;0;-35.2;-1;0
2026.05.24 21:00;2089.88;2095.63;2060.03;2067.58;35.16;8.96;33.01;20.86;40.30;-2.226;SOFT_DOWN;-1;-53.8;-2;0
2026.05.24 20:00;2097.69;2098.80;2088.48;2089.88;31.76;10.34;25.79;43.73;51.73;-1.172;NEUTRE;0;-37;-1;0
2026.05.24 19:00;2096.73;2099.48;2092.98;2097.69;30.06;11.93;23.05;56.30;52.47;-0.802;NEUTRE;0;-28.5;-1;0
2026.05.24 18:00;2099.86;2101.81;2094.56;2096.73;29.80;13.77;22.86;55.15;46.92;-0.848;NEUTRE;0;-31.3;-1;0
2026.05.24 17:00;2100.31;2103.47;2098.24;2099.86;30.56;15.88;18.57;45.95;38.93;-0.700;NEUTRE;0;-27.9;-1;0
2026.05.24 16:00;2092.78;2105.53;2091.95;2100.31;34.06;18.33;21.43;39.66;33.10;-0.679;NEUTRE;0;-28.7;-1;0
2026.05.24 15:00;2094.98;2096.89;2090.99;2092.78;38.10;11.36;24.72;31.17;29.50;-1.035;NEUTRE;0;-41.6;-1;0
2026.05.24 14:00;2107.14;2109.16;2076.92;2094.98;38.27;13.10;28.52;28.48;32.39;-0.931;NEUTRE;0;-40.6;-1;0
2026.05.24 13:00;2116.97;2117.97;2102.96;2107.08;38.46;15.12;20.49;28.85;40.89;-0.358;NEUTRE;0;-19.5;0;0
2026.05.24 12:00;2123.17;2123.56;2114.32;2116.97;42.05;17.45;12.00;39.83;46.88;0.109;NEUTRE;0;6.7;0;0
2026.05.24 11:00;2119.25;2124.57;2119.09;2123.06;45.68;20.13;5.90;54.00;49.78;0.397;NEUTRE;0;24.9;0;0
2026.05.24 10:00;2120.35;2127.13;2116.30;2119.26;44.29;23.23;6.81;46.80;51.23;0.218;NEUTRE;0;15.7;0;0
2026.05.24 09:00;2117.28;2121.15;2115.93;2120.35;42.69;18.31;7.85;48.53;55.96;0.269;NEUTRE;0;21.1;0;0
2026.05.24 08:00;2118.01;2120.19;2116.21;2117.28;43.11;18.29;9.06;58.36;61.05;0.124;NEUTRE;0;11.3;0;0
2026.05.24 07:00;2125.06;2126.51;2116.43;2117.99;44.55;21.11;9.61;60.98;56.94;0.157;NEUTRE;0;16.1;0;0
2026.05.24 06:00;2116.77;2126.76;2114.41;2125.06;45.65;24.36;11.08;63.81;57.96;0.492;NEUTRE;0;46.6;2;0
2026.05.24 05:00;2117.09;2118.31;2110.79;2116.78;46.91;17.58;12.79;46.02;54.50;0.100;NEUTRE;0;14.4;0;0
2026.05.24 04:00;2115.58;2120.73;2115.58;2117.10;51.70;20.28;4.96;64.04;58.51;0.115;NEUTRE;0;20.3;0;0
2026.05.24 03:00;2119.38;2123.88;2113.77;2115.59;50.31;23.40;5.72;53.44;55.73;0.044;NEUTRE;0;10.7;0;0
2026.05.24 02:00;2119.31;2122.26;2115.01;2119.38;48.71;24.54;6.60;58.05;58.11;0.223;NEUTRE;0;55.2;2;0
2026.05.24 01:00;2116.30;2121.92;2115.11;2119.31;47.34;27.59;7.61;55.69;59.39;0.220;NEUTRE;0;;;0
2026.05.24 00:00;2114.66;2118.31;2109.89;2116.30;45.89;23.68;8.79;60.59;65.84;0.078;NEUTRE;0;;;0
2026.05.23 23:00;2113.49;2118.59;2111.25;2114.55;45.89;27.32;7.65;61.89;72.67;2.501;SOFT_UP;1;54.5;2;0
2026.05.23 22:00;2113.51;2117.09;2100.32;2113.49;44.30;28.38;8.83;75.04;82.09;2.450;SOFT_UP;1;55.1;2;0
2026.05.23 21:00;2142.94;2146.25;2103.26;2113.51;43.03;32.75;7.49;81.07;84.27;2.451;SOFT_UP;1;56.4;2;0
2026.05.23 20:00;2074.48;2143.57;2071.64;2142.94;39.99;36.83;8.64;90.17;84.75;3.877;STRONG_UP;2;68.2;3;0
2026.05.23 19:00;2071.15;2077.81;2066.88;2074.48;36.61;28.43;9.97;81.57;82.37;0.559;NEUTRE;0;20.8;0;0
2026.05.23 18:00;2060.96;2080.33;2060.67;2071.15;34.85;32.80;11.51;82.51;83.16;0.397;NEUTRE;0;15.9;0;0
2026.05.23 17:00;2058.58;2062.61;2056.18;2060.96;32.82;23.98;13.28;83.03;84.46;-0.096;NEUTRE;0;-4.2;0;0
2026.05.23 16:00;2057.31;2061.94;2054.24;2058.49;33.45;26.07;15.32;83.95;85.77;-0.216;NEUTRE;0;-9.9;0;0
2026.05.23 15:00;2058.54;2065.72;2052.58;2057.31;34.60;30.08;17.68;86.40;76.60;-0.273;NEUTRE;0;-13.2;0;0
2026.05.23 14:00;2041.94;2062.31;2038.11;2058.54;35.93;30.71;20.40;86.98;61.69;-0.214;NEUTRE;0;-11.1;0;0
2026.05.23 13:00;2028.34;2043.15;2028.33;2041.94;38.35;23.26;23.53;56.42;44.19;-1.018;NEUTRE;0;-45.3;-2;0
2026.05.23 12:00;2028.69;2029.31;2024.32;2028.34;44.16;12.47;27.16;41.68;36.07;-1.678;NEUTRE;0;-61;-2;0
2026.05.23 11:00;2028.78;2032.66;2027.89;2028.74;45.25;14.39;20.33;34.46;31.93;-1.658;NEUTRE;0;-62.8;-2;0
2026.05.23 10:00;2024.49;2030.63;2024.20;2028.63;49.58;10.05;23.45;32.08;29.80;-1.664;NEUTRE;0;-65;-2;0
2026.05.23 09:00;2027.38;2028.01;2024.30;2024.49;51.05;5.33;27.06;29.26;27.71;-1.864;NEUTRE;0;-69.5;-3;0
2026.05.23 08:00;2025.63;2029.32;2018.31;2027.38;48.58;6.15;31.23;28.08;32.60;-1.724;NEUTRE;0;-70.2;-3;0
2026.05.23 07:00;2058.79;2060.16;2008.68;2025.63;45.74;7.10;36.03;25.80;45.86;-1.809;NEUTRE;0;-73.3;-3;0
2026.05.23 06:00;2062.00;2062.90;2057.67;2058.79;42.45;8.19;26.93;43.92;62.33;-0.202;NEUTRE;0;-23.4;0;0
2026.05.23 05:00;2064.24;2064.96;2058.99;2062.00;40.78;9.45;27.19;67.87;72.45;-0.046;NEUTRE;0;-6.8;0;0
2026.05.23 04:00;2067.83;2067.95;2062.54;2064.24;39.60;10.90;22.23;75.20;69.78;0.063;NEUTRE;0;11.5;0;0
2026.05.23 03:00;2065.51;2069.02;2065.04;2067.83;40.43;12.58;18.54;74.28;56.91;0.237;NEUTRE;0;45.5;2;0
2026.05.23 02:00;2065.92;2066.55;2062.21;2065.52;43.71;4.97;21.39;59.87;40.43;0.125;NEUTRE;0;38.8;1;0
2026.05.23 01:00;2061.56;2066.78;2059.54;2065.91;40.84;5.73;24.68;36.57;27.38;0.143;NEUTRE;0;;;0
2026.05.23 00:00;2062.95;2067.64;2051.12;2061.56;37.54;6.61;28.48;24.84;22.39;-0.067;NEUTRE;0;;;0
2026.05.22 23:00;2068.81;2071.58;2054.95;2062.93;33.73;7.63;29.29;20.74;19.96;-3.212;SOFT_DOWN;-1;-60.9;-2;0
2026.05.22 22:00;2069.65;2069.65;2069.65;2069.65;29.90;8.80;20.20;21.60;19.68;-2.896;SOFT_DOWN;-1;-59.5;-2;0
2026.05.22 21:00;2070.30;2071.99;2069.39;2069.65;28.45;10.16;23.30;17.54;19.45;-2.896;SOFT_DOWN;-1;-60.6;-2;0
2026.05.22 20:00;2062.69;2075.98;2061.41;2070.34;26.79;11.72;26.89;19.90;24.99;-2.864;SOFT_DOWN;-1;-61.5;-2;0
2026.05.22 19:00;2097.00;2100.18;2054.86;2062.68;24.86;13.53;31.03;20.90;29.31;-3.223;SOFT_DOWN;-1;-65.4;-3;1
2026.05.22 18:00;2116.71;2118.72;2082.60;2096.99;22.65;15.61;26.38;34.16;31.74;-1.614;NEUTRE;0;-49.1;-2;1
2026.05.22 17:00;2120.11;2127.23;2116.28;2116.72;22.18;18.01;16.10;32.86;30.86;-0.688;NEUTRE;0;-27.5;-1;1
2026.05.22 16:00;2116.59;2121.28;2115.08;2120.11;24.73;12.42;18.57;28.19;36.22;-0.529;NEUTRE;0;-23.1;0;1
2026.05.22 15:00;2113.96;2122.62;2109.66;2116.59;25.48;14.33;21.43;31.52;51.41;-0.694;NEUTRE;0;-30.8;-1;1
2026.05.22 14:00;2127.11;2127.11;2109.63;2113.96;26.35;16.53;24.73;48.96;63.21;-0.817;NEUTRE;0;-36.9;-1;1
2026.05.22 13:00;2132.23;2132.81;2120.84;2127.11;27.34;19.08;18.67;73.74;61.97;-0.200;NEUTRE;0;-11.2;0;1
2026.05.22 12:00;2127.91;2135.37;2126.46;2132.23;31.38;22.01;14.31;66.92;44.26;0.040;NEUTRE;0;2.5;0;1
2026.05.22 11:00;2120.17;2128.09;2117.16;2127.91;32.95;12.83;16.52;45.23;29.65;-0.163;NEUTRE;0;-10.8;0;1
2026.05.22 10:00;2120.95;2122.38;2117.78;2120.17;36.09;6.76;19.06;20.63;20.51;-0.526;NEUTRE;0;-34.1;-1;1
2026.05.22 09:00;2119.35;2122.30;2116.10;2120.95;34.31;7.54;21.99;23.09;21.11;-0.489;NEUTRE;0;-35;-1;1
2026.05.22 08:00;2125.77;2130.38;2117.35;2119.34;32.06;8.70;22.27;17.81;22.49;-0.565;NEUTRE;0;-42.3;-1;1
2026.05.22 07:00;2122.77;2129.85;2119.19;2125.77;30.25;10.03;23.53;22.43;33.53;-0.263;NEUTRE;0;-25.8;-1;1
2026.05.22 06:00;2126.50;2128.08;2120.91;2122.78;28.71;9.02;27.14;27.23;49.87;-0.403;NEUTRE;0;-40.9;-1;0
2026.05.22 05:00;2131.14;2133.37;2124.51;2126.50;25.42;10.41;23.60;50.92;66.56;-0.229;NEUTRE;0;-30.5;-1;0
2026.05.22 04:00;2135.45;2138.68;2129.90;2131.14;23.37;12.01;17.87;71.47;67.56;-0.011;NEUTRE;0;-2;0;0
2026.05.22 03:00;2135.28;2138.70;2132.56;2135.46;23.95;13.86;15.96;77.28;56.97;0.191;NEUTRE;0;39.4;1;0
2026.05.22 02:00;2133.44;2137.51;2131.67;2135.28;26.55;13.01;18.41;53.92;41.92;0.183;NEUTRE;0;49.7;2;0
2026.05.22 01:00;2126.73;2134.47;2123.08;2133.44;27.99;7.00;21.24;39.69;37.43;0.097;NEUTRE;0;;;0
2026.05.22 00:00;2131.38;2132.63;2126.60;2126.75;24.54;8.08;19.76;32.15;39.17;-0.217;NEUTRE;0;;;0
2026.05.21 23:00;2129.27;2134.32;2124.64;2131.38;21.87;9.32;22.79;40.46;46.78;0.209;NEUTRE;0;6.7;0;0
2026.05.21 22:00;2132.76;2134.39;2128.27;2129.27;18.78;10.76;20.53;44.92;50.55;0.110;NEUTRE;0;3.7;0;0
2026.05.21 21:00;2135.88;2138.24;2131.52;2132.76;16.86;12.41;15.52;54.98;57.10;0.274;NEUTRE;0;9.5;0;0
2026.05.21 20:00;2140.30;2140.80;2134.47;2135.88;17.74;14.32;11.16;51.74;60.27;0.420;NEUTRE;0;15.1;0;0
2026.05.21 19:00;2124.17;2143.10;2123.73;2140.30;18.56;16.53;12.87;64.59;69.63;0.628;NEUTRE;0;23.1;0;1
2026.05.21 18:00;2144.04;2145.59;2119.09;2124.23;19.50;19.07;14.85;64.47;72.64;-0.127;NEUTRE;0;-5.2;0;1
2026.05.21 17:00;2125.06;2151.08;2123.08;2144.04;20.59;22.00;14.82;79.84;72.37;0.804;NEUTRE;0;31.4;1;1
2026.05.21 16:00;2129.86;2134.04;2120.09;2125.06;20.76;16.02;17.10;73.62;59.06;-0.088;NEUTRE;0;-4.1;0;1
2026.05.21 15:00;2119.37;2135.52;2116.66;2129.86;23.45;18.49;19.73;63.65;42.81;0.137;NEUTRE;0;6.7;0;1
2026.05.21 14:00;2117.83;2123.12;2108.01;2119.39;26.56;11.22;22.77;39.91;26.56;-0.355;NEUTRE;0;-18.1;0;1
2026.05.21 13:00;2114.47;2121.58;2102.42;2117.85;25.42;11.38;26.27;24.86;17.76;-0.427;NEUTRE;0;-22.9;0;1
2026.05.21 12:00;2112.50;2117.20;2109.31;2114.45;23.24;13.13;24.78;14.91;17.90;-0.587;NEUTRE;0;-32.2;-1;1
2026.05.21 11:00;2111.63;2117.27;2109.60;2112.50;22.09;15.15;28.03;13.51;25.77;-0.679;NEUTRE;0;-38.5;-1;1
2026.05.21 10:00;2125.24;2127.30;2107.09;2111.63;20.90;17.48;32.34;25.27;33.41;-0.720;NEUTRE;0;-42.8;-1;1
2026.05.21 09:00;2135.42;2138.46;2125.11;2125.36;19.53;20.17;23.59;38.54;32.22;-0.074;NEUTRE;0;-6;0;1
2026.05.21 08:00;2132.40;2145.79;2132.33;2135.42;21.33;23.27;18.90;36.42;28.75;0.399;NEUTRE;0;32.7;1;1
2026.05.21 07:00;2126.13;2134.37;2121.58;2132.40;23.01;13.80;21.81;21.70;33.06;0.257;NEUTRE;0;25.3;1;1
2026.05.21 06:00;2133.89;2136.20;2124.92;2126.13;23.09;15.92;21.15;28.12;46.52;-0.038;NEUTRE;0;-4.7;0;0
2026.05.21 05:00;2142.31;2145.80;2130.74;2133.89;24.47;18.37;16.47;49.36;57.85;0.327;NEUTRE;0;40.1;1;0
2026.05.21 04:00;2143.30;2146.37;2140.18;2142.31;27.40;21.19;9.36;62.08;64.06;0.723;NEUTRE;0;66.8;3;0
2026.05.21 03:00;2139.24;2144.75;2138.25;2143.30;25.65;20.43;10.80;62.12;65.39;0.769;NEUTRE;0;73.2;3;0
2026.05.21 02:00;2138.51;2145.58;2136.85;2139.24;24.85;23.57;12.46;68.00;65.60;0.578;NEUTRE;0;75;3;0
2026.05.21 01:00;2140.52;2154.44;2136.58;2138.51;23.93;27.19;14.37;66.04;54.37;0.544;NEUTRE;0;;;0
2026.05.21 00:00;2126.94;2142.70;2125.97;2140.52;22.87;21.27;16.58;62.76;43.96;0.638;NEUTRE;0;;;0
2026.05.20 23:00;2125.85;2127.68;2120.08;2126.94;24.48;10.73;19.14;34.31;36.80;0.823;NEUTRE;0;24.7;0;0
2026.05.20 22:00;2127.99;2127.99;2115.83;2125.85;23.91;12.38;22.08;34.81;43.16;0.771;NEUTRE;0;24.3;0;0
2026.05.20 21:00;2133.29;2136.11;2127.82;2127.99;23.26;14.28;10.31;41.27;52.51;0.873;NEUTRE;0;28.2;1;0
2026.05.20 20:00;2136.65;2138.22;2126.93;2133.57;24.35;16.48;11.89;53.38;59.65;1.137;NEUTRE;0;36.2;1;0
2026.05.20 19:00;2129.56;2138.90;2126.47;2136.69;25.61;19.01;13.72;62.89;64.24;1.285;NEUTRE;0;41.1;1;1
2026.05.20 18:00;2138.01;2138.71;2128.52;2129.56;27.07;21.94;13.29;62.69;66.15;0.947;NEUTRE;0;34.1;1;1
2026.05.20 17:00;2132.80;2146.34;2129.70;2138.01;27.46;25.31;13.56;67.14;64.62;1.348;NEUTRE;0;45.6;2;1
2026.05.20 16:00;2134.22;2138.01;2121.52;2132.80;27.03;21.50;15.64;68.60;60.84;1.101;NEUTRE;0;41.6;1;1
2026.05.20 15:00;2133.17;2146.47;2126.52;2134.22;28.76;24.81;13.39;58.10;49.61;1.168;NEUTRE;0;45.1;2;1
2026.05.20 14:00;2118.11;2137.13;2111.59;2133.17;28.59;21.43;15.45;55.83;45.44;1.118;NEUTRE;0;45.8;2;1
2026.05.20 13:00;2131.57;2133.28;2113.30;2118.11;30.49;22.40;17.82;34.91;43.28;0.404;NEUTRE;0;21.8;0;1
2026.05.20 12:00;2125.50;2137.19;2124.41;2131.57;33.43;25.85;12.01;45.58;54.10;1.042;NEUTRE;0;48.2;2;1
2026.05.20 11:00;2128.16;2129.66;2121.66;2125.50;32.95;20.76;13.86;49.34;63.86;0.755;NEUTRE;0;41.5;1;1
2026.05.20 10:00;2126.72;2134.36;2126.67;2128.16;34.95;23.96;6.36;67.37;75.81;0.881;NEUTRE;0;48.6;2;1
2026.05.20 09:00;2129.09;2130.34;2125.00;2126.72;31.39;19.60;7.33;74.86;82.07;0.812;NEUTRE;0;49.3;2;1
2026.05.20 08:00;2127.14;2135.41;2125.95;2129.09;29.22;22.61;5.72;85.20;85.39;0.925;NEUTRE;0;56.1;2;1
2026.05.20 07:00;2131.41;2133.76;2125.68;2127.14;24.54;23.41;6.60;86.14;80.14;0.832;NEUTRE;0;56.9;2;1
2026.05.20 06:00;2122.89;2131.74;2122.83;2131.40;19.70;23.16;7.62;84.82;68.95;1.034;NEUTRE;0;65.8;3;0
2026.05.20 05:00;2110.74;2127.84;2110.71;2122.89;14.97;19.99;8.79;69.45;58.92;0.631;NEUTRE;0;58.4;2;0
2026.05.20 04:00;2108.92;2112.17;2104.47;2110.74;11.28;9.00;10.15;52.57;53.49;0.055;NEUTRE;0;10;0;0
2026.05.20 03:00;2106.66;2113.63;2103.35;2108.92;12.10;10.38;11.71;54.75;53.97;-0.031;NEUTRE;0;-7.6;0;0
2026.05.20 02:00;2112.59;2114.71;2103.75;2106.66;13.04;11.98;12.91;53.16;48.10;-0.138;NEUTRE;0;-41.6;-1;0
2026.05.20 01:00;2108.96;2116.23;2100.73;2112.59;14.47;13.82;14.89;54.01;42.20;0.143;NEUTRE;0;;;0
2026.05.20 00:00;2109.58;2113.23;2101.14;2108.90;16.12;12.97;17.19;37.13;37.72;-0.032;NEUTRE;0;;;0
2026.05.19 23:00;2103.89;2116.22;2102.16;2109.58;16.45;14.97;18.53;35.47;42.09;-0.865;NEUTRE;0;-25.8;-1;0
2026.05.19 22:00;2114.61;2114.61;2100.07;2103.89;17.34;15.51;21.38;40.56;49.77;-1.133;NEUTRE;0;-33.6;-1;0
2026.05.19 21:00;2116.13;2118.27;2114.31;2114.59;17.55;17.89;9.61;50.24;56.22;-0.630;NEUTRE;0;-21.1;0;0
2026.05.19 20:00;2110.96;2116.64;2110.20;2116.10;15.62;14.31;11.08;58.52;63.11;-0.559;NEUTRE;0;-19.8;0;0
2026.05.19 19:00;2112.82;2120.81;2107.86;2110.84;16.07;16.51;12.79;59.90;65.07;-0.806;NEUTRE;0;-28.7;-1;1
2026.05.19 18:00;2113.35;2117.37;2108.46;2112.82;16.58;14.97;14.76;70.91;63.43;-0.713;NEUTRE;0;-27;-1;1
2026.05.19 17:00;2118.88;2122.93;2110.37;2113.35;19.02;17.27;13.73;64.41;53.92;-0.688;NEUTRE;0;-27.5;-1;1
2026.05.19 16:00;2107.89;2120.31;2104.75;2118.88;20.19;16.72;15.84;54.96;44.91;-0.428;NEUTRE;0;-19;0;1
2026.05.19 15:00;2104.24;2110.88;2101.40;2107.89;22.88;9.97;18.28;42.38;35.69;-0.945;NEUTRE;0;-39.1;-1;1
2026.05.19 14:00;2116.62;2121.20;2092.66;2104.24;21.88;11.50;21.09;37.37;29.61;-1.116;NEUTRE;0;-45.8;-2;1
2026.05.19 13:00;2116.09;2124.82;2104.99;2116.62;20.72;13.27;17.69;27.33;22.73;-0.534;NEUTRE;0;-27.9;-1;1
2026.05.19 12:00;2108.38;2117.21;2106.04;2116.09;21.71;9.41;20.41;24.13;22.37;-0.559;NEUTRE;0;-31;-1;1
2026.05.19 11:00;2115.99;2118.01;2106.84;2108.26;19.37;10.86;22.45;16.73;27.98;-0.927;NEUTRE;0;-47.4;-2;1
2026.05.19 10:00;2112.21;2119.60;2104.46;2116.00;17.00;12.53;25.90;26.24;46.36;-0.563;NEUTRE;0;-36;-1;1
2026.05.19 09:00;2131.28;2132.09;2109.00;2112.20;14.26;14.45;25.27;40.98;65.54;-0.742;NEUTRE;0;-46.7;-2;1
2026.05.19 08:00;2138.86;2139.32;2128.82;2131.28;12.27;16.68;15.96;71.85;75.89;0.155;NEUTRE;0;14;0;1
2026.05.19 07:00;2135.25;2142.91;2133.18;2138.86;13.81;19.24;12.02;83.81;71.15;0.511;NEUTRE;0;43.2;1;1
2026.05.19 06:00;2132.99;2138.00;2130.46;2135.25;12.39;14.44;13.87;72.02;55.59;0.341;NEUTRE;0;36.2;1;0
2026.05.19 05:00;2131.76;2135.34;2121.38;2132.99;13.98;11.24;16.01;57.63;41.62;0.235;NEUTRE;0;31.2;1;0
2026.05.19 04:00;2129.26;2134.49;2125.97;2131.76;13.44;12.96;13.41;37.12;35.42;0.177;NEUTRE;0;29.7;1;0
2026.05.19 03:00;2120.89;2132.35;2119.75;2129.26;15.24;11.09;15.48;30.13;44.76;0.060;NEUTRE;0;14.4;0;0
2026.05.19 02:00;2122.68;2133.61;2117.23;2120.88;15.05;12.80;17.86;39.03;61.94;-0.334;NEUTRE;0;-65.1;-3;0
2026.05.19 01:00;2133.98;2136.41;2121.48;2122.68;14.83;14.77;16.61;65.13;78.09;-0.250;NEUTRE;0;;;0
2026.05.19 00:00;2127.99;2144.36;2126.46;2133.98;16.21;17.04;14.04;81.67;85.06;0.281;NEUTRE;0;;;0
2026.05.18 23:00;2133.71;2137.09;2125.58;2127.99;17.22;13.42;16.20;87.46;86.63;-0.058;NEUTRE;0;-1.9;0;0
2026.05.18 22:00;2135.03;2140.16;2128.27;2133.71;18.42;15.48;15.09;86.05;76.25;0.210;NEUTRE;0;7;0;0
2026.05.18 21:00;2115.32;2140.19;2112.38;2135.03;21.06;17.86;17.41;86.37;60.91;0.272;NEUTRE;0;9.5;0;0
2026.05.18 20:00;2122.51;2128.69;2112.97;2115.32;24.10;14.25;20.09;56.32;37.03;-0.653;NEUTRE;0;-22.8;0;0
2026.05.18 19:00;2079.11;2126.55;2077.23;2122.51;25.20;14.35;23.18;40.05;24.77;-0.316;NEUTRE;0;-12.1;0;1
2026.05.18 18:00;2105.77;2106.99;2076.60;2079.09;25.45;10.45;26.75;14.74;16.85;-2.355;SOFT_DOWN;-1;-59.3;-2;1
2026.05.18 17:00;2095.44;2108.04;2093.02;2105.77;22.63;12.06;22.55;19.52;20.71;-1.102;NEUTRE;0;-39.9;-1;1
2026.05.18 16:00;2105.20;2109.14;2088.48;2095.43;21.45;13.92;26.02;16.30;30.04;-1.587;NEUTRE;0;-52;-2;1
2026.05.18 15:00;2108.40;2109.46;2091.85;2105.20;20.08;16.06;27.52;26.32;47.66;-1.129;NEUTRE;0;-44.1;-1;1
2026.05.18 14:00;2129.19;2129.26;2097.89;2108.40;19.13;18.53;26.47;47.49;64.47;-0.978;NEUTRE;0;-42;-1;1
2026.05.18 13:00;2149.74;2149.89;2118.84;2129.19;19.36;21.38;20.27;69.16;68.53;-0.002;NEUTRE;0;-0.1;0;1
2026.05.18 12:00;2132.28;2155.76;2132.28;2149.74;21.92;24.67;16.73;76.76;62.01;0.963;NEUTRE;0;46;2;1
2026.05.18 11:00;2112.82;2137.81;2108.57;2132.28;22.35;16.70;19.30;59.66;56.59;0.143;NEUTRE;0;9.5;0;1
2026.05.18 10:00;2115.46;2115.98;2110.59;2112.80;24.67;7.79;22.27;49.59;58.15;-0.772;NEUTRE;0;-44.8;-1;1
2026.05.18 09:00;2119.59;2120.13;2114.06;2115.47;21.05;8.99;15.80;60.51;62.13;-0.646;NEUTRE;0;-42.8;-1;1
2026.05.18 08:00;2118.94;2122.19;2115.38;2119.59;20.07;10.37;14.88;64.35;63.79;-0.453;NEUTRE;0;-36.1;-1;1
2026.05.18 07:00;2117.31;2121.75;2110.22;2118.94;20.40;10.97;17.17;61.54;56.55;-0.483;NEUTRE;0;-41.6;-1;1
2026.05.18 06:00;2116.84;2119.62;2108.50;2117.28;20.15;9.82;19.81;65.49;46.62;-0.561;NEUTRE;0;-50.3;-2;0
2026.05.18 05:00;2123.18;2124.20;2115.41;2116.84;18.06;11.33;13.30;42.63;33.06;-0.582;NEUTRE;0;-56.3;-2;0
2026.05.18 04:00;2116.71;2124.08;2112.65;2123.17;19.61;12.86;15.35;31.75;26.39;-0.285;NEUTRE;0;-42.5;-1;0
2026.05.18 03:00;2114.90;2122.16;2114.13;2116.71;21.27;12.25;17.71;24.81;24.84;-0.588;NEUTRE;0;-68.4;-3;0
2026.05.18 02:00;2115.91;2122.36;2110.97;2114.90;21.74;14.14;20.43;22.60;26.15;-0.673;NEUTRE;0;-77;-3;0
2026.05.18 01:00;2113.90;2119.60;2104.79;2115.91;22.28;12.58;23.58;27.10;32.31;-0.626;NEUTRE;0;;;0
2026.05.18 00:00;2129.23;2130.33;2103.32;2113.90;21.03;14.52;27.20;28.74;43.02;-0.720;NEUTRE;0;;;0
2026.05.17 23:00;2177.94;2177.98;2092.30;2129.23;19.59;16.75;31.39;41.08;61.10;-2.300;SOFT_DOWN;-1;-52.2;-2;0
2026.05.17 22:00;2190.20;2190.20;2172.33;2177.92;17.92;19.33;21.85;59.23;74.03;-0.066;NEUTRE;0;-2.2;0;0
2026.05.17 21:00;2187.71;2193.35;2185.57;2190.20;19.74;22.30;13.81;82.97;76.66;0.498;NEUTRE;0;17;0;0
2026.05.17 20:00;2190.71;2192.12;2185.27;2187.71;19.16;23.30;15.93;79.88;62.90;0.384;NEUTRE;0;13.9;0;0
2026.05.17 19:00;2186.74;2192.07;2185.73;2190.71;19.22;26.89;17.35;67.14;46.87;0.521;NEUTRE;0;19.5;0;0
2026.05.17 18:00;2182.15;2186.93;2177.55;2186.74;18.85;18.55;20.02;41.70;35.29;0.339;NEUTRE;0;13.6;0;0
2026.05.17 17:00;2180.94;2183.51;2175.05;2182.15;21.17;15.80;23.10;31.78;35.50;0.128;NEUTRE;0;5.5;0;0
2026.05.17 16:00;2184.79;2187.38;2180.61;2180.94;21.54;18.23;16.54;32.40;44.74;0.073;NEUTRE;0;3.4;0;0
2026.05.17 15:00;2185.16;2187.19;2180.42;2184.80;24.11;20.60;19.09;42.31;57.05;0.250;NEUTRE;0;12.1;0;0
2026.05.17 14:00;2190.64;2191.05;2177.36;2185.16;27.23;23.77;22.03;59.49;68.58;0.267;NEUTRE;0;13.8;0;0
2026.05.17 13:00;2188.16;2193.34;2187.61;2190.64;30.83;27.43;13.89;69.33;71.93;0.518;NEUTRE;0;27.2;1;0
2026.05.17 12:00;2190.76;2196.72;2189.87;2195.29;30.54;31.65;11.51;76.91;69.38;0.731;NEUTRE;0;38.1;1;0
2026.05.17 11:00;2192.81;2193.31;2186.62;2190.76;28.06;28.86;13.28;69.53;62.26;0.524;NEUTRE;0;31.5;1;0
2026.05.17 10:00;2188.77;2196.51;2188.67;2192.80;26.68;33.30;10.60;61.70;57.73;0.617;NEUTRE;0;38.5;1;0
2026.05.17 09:00;2184.43;2190.05;2184.20;2188.77;22.84;25.74;12.23;55.56;58.50;0.432;NEUTRE;0;31.7;1;0
2026.05.17 08:00;2184.88;2185.75;2181.52;2184.43;20.88;18.39;14.12;55.95;64.19;0.233;NEUTRE;0;20.6;0;0
2026.05.17 07:00;2183.52;2186.87;2180.99;2184.87;22.06;21.22;16.29;63.99;71.33;0.253;NEUTRE;0;25;0;0
2026.05.17 06:00;2184.53;2186.52;2180.07;2183.52;23.43;23.57;18.80;72.63;72.95;0.191;NEUTRE;0;22.3;0;0
2026.05.17 05:00;2185.82;2192.98;2184.10;2184.53;25.30;27.20;12.07;77.38;62.35;0.238;NEUTRE;0;31.5;1;0
2026.05.17 04:00;2179.86;2188.04;2179.33;2185.82;23.27;22.83;13.93;68.85;45.00;0.297;NEUTRE;0;43.7;1;0
2026.05.17 03:00;2172.84;2182.51;2172.58;2179.90;23.13;16.57;16.08;40.81;29.30;0.025;NEUTRE;0;6.1;0;0
2026.05.17 02:00;2168.17;2174.69;2167.74;2172.84;26.46;7.00;18.55;25.34;28.77;-0.299;NEUTRE;0;-62.6;-2;0
2026.05.17 01:00;2176.11;2182.09;2166.36;2168.17;23.58;8.08;21.40;21.75;40.59;-0.513;NEUTRE;0;;;0
2026.05.17 00:00;2179.35;2184.19;2172.37;2176.11;20.25;9.32;18.82;39.24;56.56;-0.149;NEUTRE;0;;;0
2026.05.16 23:00;2178.84;2181.52;2177.70;2179.35;18.18;10.76;14.77;60.79;67.57;-1.953;SOFT_DOWN;-1;-47.6;-2;0
2026.05.16 22:00;2180.93;2181.61;2178.15;2178.84;18.56;12.41;15.23;69.65;69.56;-1.976;SOFT_DOWN;-1;-49.2;-2;0
2026.05.16 21:00;2179.73;2181.95;2179.56;2180.93;19.84;14.32;11.31;72.27;65.41;-1.882;NEUTRE;0;-49.1;-2;0
2026.05.16 20:00;2178.14;2181.36;2178.12;2179.74;21.08;12.73;13.05;66.75;55.73;-1.935;SOFT_DOWN;-1;-51.3;-2;0
2026.05.16 19:00;2179.86;2181.23;2177.48;2178.14;24.14;14.07;15.06;57.19;46.27;-2.007;SOFT_DOWN;-1;-53.7;-2;0
2026.05.16 18:00;2177.31;2183.18;2174.75;2179.86;27.33;16.24;17.37;43.25;43.41;-1.930;SOFT_DOWN;-1;-54.1;-2;0
2026.05.16 17:00;2172.77;2179.40;2172.64;2177.30;31.02;11.84;20.04;38.35;47.18;-2.045;SOFT_DOWN;-1;-57.2;-2;0
2026.05.16 16:00;2178.32;2181.83;2169.10;2172.77;31.83;13.66;23.13;48.62;51.19;-2.249;SOFT_DOWN;-1;-61.1;-2;0
2026.05.16 15:00;2178.43;2182.18;2175.52;2178.32;32.77;15.76;18.93;54.56;46.82;-1.999;SOFT_DOWN;-1;-59.8;-2;0
2026.05.16 14:00;2175.71;2186.54;2172.07;2178.43;36.40;18.18;21.84;50.39;37.20;-1.994;SOFT_DOWN;-1;-61.4;-2;0
2026.05.16 13:00;2174.92;2178.22;2170.76;2175.71;40.60;12.13;25.20;35.51;26.85;-2.117;SOFT_DOWN;-1;-64.5;-2;0
2026.05.16 12:00;2174.70;2177.85;2172.36;2174.92;41.46;14.00;25.78;25.70;21.15;-2.152;SOFT_DOWN;-1;-66.6;-3;0
2026.05.16 11:00;2172.68;2179.37;2172.66;2174.70;43.28;16.16;28.90;19.34;19.49;-2.162;SOFT_DOWN;-1;-68.4;-3;0
2026.05.16 10:00;2171.86;2173.47;2161.18;2172.68;45.59;5.11;33.35;18.40;21.31;-2.253;SOFT_DOWN;-1;-71;-3;0
2026.05.16 09:00;2191.50;2192.14;2162.04;2171.86;41.31;5.90;37.40;20.73;25.30;-2.290;SOFT_DOWN;-1;-73;-3;0
2026.05.16 08:00;2193.08;2195.20;2190.34;2191.50;36.47;6.81;28.69;24.81;32.72;-1.406;NEUTRE;0;-66.2;-3;0
2026.05.16 07:00;2213.67;2213.90;2180.91;2193.08;32.60;7.86;33.11;30.38;43.83;-1.335;NEUTRE;0;-67.9;-3;0
2026.05.16 06:00;2223.71;2225.26;2207.80;2213.68;28.13;9.06;25.66;42.99;57.57;-0.409;NEUTRE;0;-41.3;-1;0
2026.05.16 05:00;2224.20;2225.34;2220.91;2223.71;25.10;10.46;18.06;58.14;70.88;0.043;NEUTRE;0;6.3;0;0
2026.05.16 04:00;2226.12;2226.93;2216.87;2224.20;24.87;12.07;20.83;71.58;79.33;0.065;NEUTRE;0;11.8;0;0
2026.05.16 03:00;2227.81;2228.78;2225.26;2226.12;24.59;13.92;11.21;82.92;81.53;0.151;NEUTRE;0;33;1;0
2026.05.16 02:00;2227.62;2229.37;2225.04;2227.81;26.72;16.07;12.93;83.50;74.92;0.227;NEUTRE;0;55.6;2;0
2026.05.16 01:00;2225.12;2229.02;2221.36;2227.62;29.16;17.29;14.92;78.17;60.67;0.219;NEUTRE;0;;;0
2026.05.16 00:00;2222.76;2229.44;2221.61;2225.12;32.52;19.96;16.71;63.08;43.44;0.106;NEUTRE;0;;;0
2026.05.15 23:00;2221.86;2224.37;2220.54;2222.76;36.16;13.06;19.29;40.76;33.15;-2.618;SOFT_DOWN;-1;-55.7;-2;0
2026.05.15 22:00;2215.13;2222.48;2215.05;2221.86;38.76;7.48;22.25;26.48;39.08;-2.658;SOFT_DOWN;-1;-57.3;-2;0
2026.05.15 21:00;2218.29;2223.41;2213.09;2215.13;37.08;8.63;25.68;32.22;50.32;-2.952;SOFT_DOWN;-1;-61.1;-2;0
2026.05.15 20:00;2221.44;2224.14;2215.09;2218.29;35.14;9.96;26.65;58.54;56.25;-2.814;SOFT_DOWN;-1;-61.1;-2;0
2026.05.15 19:00;2226.38;2226.74;2220.33;2221.44;33.54;11.49;21.84;60.19;49.18;-2.676;SOFT_DOWN;-1;-61.1;-2;1
2026.05.15 18:00;2227.77;2231.39;2223.15;2226.35;33.92;13.26;18.43;50.03;37.77;-2.461;SOFT_DOWN;-1;-60.4;-2;1
2026.05.15 17:00;2222.93;2231.15;2222.42;2227.77;36.63;14.85;21.26;37.33;26.49;-2.399;SOFT_DOWN;-1;-61.2;-2;1
2026.05.15 16:00;2221.13;2229.43;2217.09;2223.01;39.54;14.11;24.54;25.94;17.79;-2.607;SOFT_DOWN;-1;-64.5;-2;1
2026.05.15 15:00;2211.63;2222.64;2207.99;2221.13;41.47;7.81;28.31;16.21;14.20;-2.690;SOFT_DOWN;-1;-66.6;-3;1
2026.05.15 14:00;2211.21;2222.16;2203.33;2211.62;39.12;8.51;32.67;11.22;24.51;-3.106;SOFT_DOWN;-1;-70.7;-3;1
2026.05.15 13:00;2253.06;2253.07;2208.99;2211.21;36.11;9.82;33.07;15.15;38.17;-3.124;SOFT_DOWN;-1;-72.1;-3;1
2026.05.15 12:00;2256.43;2259.74;2249.97;2253.06;33.33;11.33;23.85;47.16;52.07;-1.291;NEUTRE;0;-54.2;-2;1
2026.05.15 11:00;2261.46;2263.07;2256.26;2256.43;32.98;13.07;17.62;52.19;55.45;-1.143;NEUTRE;0;-53.2;-2;1
2026.05.15 10:00;2253.51;2263.60;2251.34;2261.46;35.78;15.08;20.33;56.86;56.03;-0.923;NEUTRE;0;-49.9;-2;1
2026.05.15 09:00;2256.59;2259.04;2249.80;2253.51;39.01;11.68;23.45;57.30;49.44;-1.271;NEUTRE;0;-61.2;-2;1
2026.05.15 08:00;2264.12;2264.40;2248.94;2256.49;39.85;13.48;27.06;53.92;36.94;-1.140;NEUTRE;0;-61.4;-2;1
2026.05.15 07:00;2254.29;2270.16;2252.54;2264.12;40.83;15.55;27.64;37.09;24.57;-0.806;NEUTRE;0;-56;-2;1
2026.05.15 06:00;2244.26;2256.01;2242.93;2254.29;42.81;5.59;31.90;19.81;20.91;-1.237;NEUTRE;0;-69.4;-3;0
2026.05.15 05:00;2262.10;2265.98;2236.87;2244.26;38.60;6.45;36.80;16.80;23.52;-1.676;NEUTRE;0;-77;-3;0
2026.05.15 04:00;2272.38;2272.71;2261.54;2262.05;33.74;7.45;29.43;26.13;28.21;-0.897;NEUTRE;0;-70.9;-3;0
2026.05.15 03:00;2275.42;2278.57;2267.06;2272.38;29.76;8.59;26.35;27.64;25.46;-0.444;NEUTRE;0;-62.3;-2;0
2026.05.15 02:00;2274.68;2278.48;2259.42;2275.47;26.52;9.79;30.41;30.87;25.62;-0.309;NEUTRE;0;-63.3;-2;0
2026.05.15 01:00;2290.32;2293.82;2273.83;2274.68;22.71;11.30;23.45;17.89;22.93;-0.343;NEUTRE;0;;;0
2026.05.15 00:00;2282.52;2299.32;2281.02;2290.27;20.82;13.04;21.53;28.09;27.11;0.340;NEUTRE;0;;;0
2026.05.14 23:00;2297.32;2297.32;2279.61;2282.52;20.25;13.36;24.84;22.79;29.54;1.116;NEUTRE;0;32;1;0
2026.05.14 22:00;2296.37;2300.70;2294.35;2297.32;18.74;15.42;15.85;30.44;43.07;1.772;NEUTRE;0;46.1;2;0
2026.05.14 21:00;2297.35;2299.46;2289.26;2296.37;21.41;14.78;18.29;35.38;58.71;1.729;NEUTRE;0;46.7;2;0
2026.05.14 20:00;2297.49;2300.75;2287.78;2297.32;23.07;17.06;21.11;63.40;76.76;1.772;NEUTRE;0;48.8;2;0
2026.05.14 19:00;2309.21;2312.20;2296.88;2297.49;24.99;19.68;13.56;77.36;86.53;1.779;NEUTRE;0;50.3;2;1
2026.05.14 18:00;2307.81;2316.31;2302.38;2309.21;26.00;22.71;10.12;89.51;93.03;2.298;SOFT_UP;1;58.7;2;1
2026.05.14 17:00;2315.50;2318.97;2295.70;2307.81;24.10;26.20;11.68;92.71;90.43;2.236;SOFT_UP;1;59.5;2;1
2026.05.14 16:00;2297.56;2317.79;2293.34;2315.55;21.91;29.46;13.48;96.88;81.28;2.579;SOFT_UP;1;64.3;2;1
2026.05.14 15:00;2285.96;2298.78;2279.63;2297.56;19.56;22.03;15.55;81.69;57.76;1.782;NEUTRE;0;56.8;2;1
2026.05.14 14:00;2248.31;2287.79;2244.99;2285.96;19.92;16.59;17.95;65.26;43.05;1.268;NEUTRE;0;49.4;2;1
2026.05.14 13:00;2260.05;2264.02;2247.35;2248.36;22.38;10.59;20.71;26.33;29.57;-0.397;NEUTRE;0;-21.5;0;1
2026.05.14 12:00;2252.33;2262.02;2246.81;2260.06;20.85;10.38;23.89;37.56;38.07;0.121;NEUTRE;0;7.4;0;1
2026.05.14 11:00;2260.59;2262.63;2250.99;2252.34;17.99;11.97;23.34;24.83;46.44;-0.221;NEUTRE;0;-14.5;0;1
2026.05.14 10:00;2256.23;2264.24;2254.15;2260.59;15.81;13.82;22.75;51.81;63.77;0.144;NEUTRE;0;10.5;0;1
2026.05.14 09:00;2265.02;2266.62;2251.25;2256.23;14.48;15.94;26.25;62.68;73.04;-0.049;NEUTRE;0;-4;0;1
2026.05.14 08:00;2264.03;2269.66;2260.62;2265.02;12.94;18.39;20.91;76.82;77.22;0.341;NEUTRE;0;28.8;1;1
2026.05.14 07:00;2266.27;2269.42;2262.45;2264.03;13.95;21.22;21.02;79.63;69.28;0.297;NEUTRE;0;28.7;1;1
2026.05.14 06:00;2266.89;2273.47;2265.44;2266.27;16.02;24.49;17.65;75.22;52.86;0.396;NEUTRE;0;40.4;1;0
2026.05.14 05:00;2255.18;2272.17;2253.95;2266.89;15.99;25.77;20.37;53.00;37.77;0.424;NEUTRE;0;47.5;2;0
2026.05.14 04:00;2240.66;2256.76;2237.87;2255.14;16.65;16.72;23.50;30.37;39.01;-0.097;NEUTRE;0;-17.3;0;0
2026.05.14 03:00;2249.95;2253.60;2237.16;2240.66;16.62;16.72;27.11;29.95;53.51;-0.738;NEUTRE;0;-72.5;-3;0
2026.05.14 02:00;2263.32;2265.30;2246.06;2249.95;15.52;19.29;22.96;56.70;65.10;-0.327;NEUTRE;0;-64.6;-2;0
2026.05.14 01:00;2265.02;2267.78;2258.39;2263.32;16.57;22.26;16.63;73.87;61.13;0.265;NEUTRE;0;;;0
2026.05.14 00:00;2257.33;2267.97;2256.74;2265.02;16.90;25.68;19.19;64.74;57.21;0.341;NEUTRE;0;;;0
2026.05.13 23:00;2257.88;2260.35;2253.08;2257.33;17.27;19.19;22.14;44.77;57.11;-0.723;NEUTRE;0;-22;0;0
2026.05.13 22:00;2254.38;2259.03;2249.34;2257.88;18.83;19.35;25.55;62.12;66.11;-0.699;NEUTRE;0;-22.3;0;0
2026.05.13 21:00;2262.32;2262.64;2252.34;2254.38;19.61;22.33;24.71;64.45;64.19;-0.853;NEUTRE;0;-27.6;-1;0
2026.05.13 20:00;2254.89;2263.05;2254.65;2262.32;21.84;25.76;25.07;71.75;56.05;-0.504;NEUTRE;0;-18;0;0
2026.05.13 19:00;2258.00;2259.37;2249.49;2254.88;24.99;22.99;28.92;56.38;39.15;-0.831;NEUTRE;0;-29.4;-1;1
2026.05.13 18:00;2256.90;2266.75;2256.82;2258.05;27.08;26.52;21.96;40.03;25.62;-0.692;NEUTRE;0;-26.3;-1;1
2026.05.13 17:00;2249.06;2260.25;2249.06;2256.90;29.80;20.54;25.34;21.06;15.66;-0.742;NEUTRE;0;-29.3;-1;1
2026.05.13 16:00;2234.95;2251.83;2234.08;2249.04;32.77;12.14;29.23;15.76;14.52;-1.088;NEUTRE;0;-41.2;-1;1
2026.05.13 15:00;2266.13;2268.78;2232.78;2234.98;31.45;14.01;33.73;10.16;14.35;-1.706;NEUTRE;0;-55.7;-2;1
2026.05.13 14:00;2260.96;2269.49;2250.17;2266.10;29.94;16.16;31.49;17.64;20.50;-0.338;NEUTRE;0;-17.3;0;1
2026.05.13 13:00;2282.93;2286.88;2257.82;2260.96;29.59;18.65;30.24;15.25;31.79;-0.564;NEUTRE;0;-29.2;-1;1
2026.05.13 12:00;2300.27;2305.99;2268.89;2282.93;30.49;21.52;29.04;28.60;52.26;0.402;NEUTRE;0;23.3;0;1
2026.05.13 11:00;2307.16;2307.63;2297.64;2300.37;32.90;24.83;21.58;51.52;71.00;1.169;NEUTRE;0;53.9;2;1
2026.05.13 10:00;2319.75;2320.30;2304.72;2307.16;36.88;28.65;14.00;76.65;79.19;1.468;NEUTRE;0;62.1;2;1
2026.05.13 09:00;2315.49;2322.14;2313.04;2319.75;37.27;33.05;7.94;84.84;74.42;2.022;SOFT_UP;1;70.9;3;1
2026.05.13 08:00;2299.83;2315.71;2299.39;2315.49;33.58;27.27;9.16;76.09;72.20;1.834;NEUTRE;0;71.3;3;1
2026.05.13 07:00;2300.57;2301.60;2295.57;2299.83;31.10;18.16;10.57;62.34;75.23;1.146;NEUTRE;0;64.6;2;1
2026.05.13 06:00;2296.57;2304.10;2296.28;2300.57;31.81;20.96;10.38;78.17;84.43;1.178;NEUTRE;0;68.4;3;0
2026.05.13 05:00;2305.80;2306.57;2294.55;2296.57;31.51;24.18;11.98;85.17;85.95;1.002;NEUTRE;0;68.8;3;0
2026.05.13 04:00;2300.79;2307.00;2297.53;2305.80;31.17;27.90;10.00;89.94;80.25;1.408;NEUTRE;0;77.6;3;0
2026.05.13 03:00;2292.88;2302.86;2291.23;2300.79;28.70;25.47;11.54;82.74;65.31;1.188;NEUTRE;0;78.9;3;0
2026.05.13 02:00;2288.97;2298.87;2286.12;2292.90;27.33;24.11;13.32;68.07;48.72;0.841;NEUTRE;0;79.5;3;0
2026.05.13 01:00;2280.55;2294.65;2279.85;2288.97;27.10;22.72;15.37;45.11;43.58;0.668;NEUTRE;0;;;0
2026.05.13 00:00;2273.78;2285.40;2272.30;2280.55;28.30;16.60;17.73;32.97;55.54;0.298;NEUTRE;0;;;0
2026.05.12 23:00;2281.48;2283.23;2272.62;2273.83;32.15;16.61;20.46;52.66;74.98;-2.780;SOFT_DOWN;-1;-57.3;-2;0
2026.05.12 22:00;2284.35;2290.25;2281.29;2281.48;35.49;19.16;11.04;80.99;86.93;-2.453;SOFT_DOWN;-1;-55.2;-2;0
2026.05.12 21:00;2284.05;2286.67;2281.92;2284.35;36.82;15.96;12.74;91.28;85.04;-2.330;SOFT_DOWN;-1;-55;-2;0
2026.05.12 20:00;2284.10;2286.62;2280.37;2284.05;40.75;18.26;14.69;88.52;71.24;-2.343;SOFT_DOWN;-1;-56.5;-2;0
2026.05.12 19:00;2278.25;2286.53;2277.84;2283.86;45.36;20.84;16.96;75.32;51.52;-2.351;SOFT_DOWN;-1;-57.9;-2;1
2026.05.12 18:00;2275.53;2283.44;2273.78;2278.25;50.75;18.58;19.56;49.88;32.26;-2.591;SOFT_DOWN;-1;-61.7;-2;1
2026.05.12 17:00;2262.66;2276.65;2262.66;2275.53;58.16;10.63;22.57;29.35;20.59;-2.707;SOFT_DOWN;-1;-64;-2;1
2026.05.12 16:00;2260.36;2270.01;2255.24;2262.66;61.57;4.96;26.05;17.55;19.45;-3.258;SOFT_DOWN;-1;-69.1;-3;1
2026.05.12 15:00;2267.67;2273.18;2255.61;2260.36;60.58;5.72;29.67;14.86;23.74;-3.356;SOFT_DOWN;-1;-70.9;-3;1
2026.05.12 14:00;2270.24;2280.41;2261.22;2267.67;59.49;6.60;29.32;25.95;29.04;-3.043;SOFT_DOWN;-1;-70.3;-3;1
2026.05.12 13:00;2287.74;2291.24;2267.32;2270.24;58.92;7.62;28.94;30.43;29.35;-2.933;SOFT_DOWN;-1;-71;-3;1
2026.05.12 12:00;2285.68;2292.72;2279.82;2287.73;59.01;8.79;25.35;30.74;27.12;-2.186;SOFT_DOWN;-1;-66.9;-3;1
2026.05.12 11:00;2284.88;2286.05;2277.61;2285.68;60.62;2.19;29.26;26.88;24.69;-2.273;SOFT_DOWN;-1;-69.4;-3;1
2026.05.12 10:00;2291.18;2292.45;2281.15;2284.88;56.70;2.52;27.30;23.75;20.75;-2.308;SOFT_DOWN;-1;-71.4;-3;1
2026.05.12 09:00;2286.72;2293.76;2279.88;2291.18;52.65;2.91;31.50;23.44;20.51;-2.038;SOFT_DOWN;-1;-71.1;-3;1
2026.05.12 08:00;2293.56;2294.77;2279.70;2286.73;47.96;3.36;36.35;15.05;22.83;-2.228;SOFT_DOWN;-1;-74.4;-3;1
2026.05.12 07:00;2302.45;2303.39;2290.43;2293.56;42.56;3.88;30.99;23.05;28.68;-1.936;SOFT_DOWN;-1;-74.3;-3;1
2026.05.12 06:00;2309.09;2312.78;2301.48;2302.43;37.15;4.47;22.64;30.38;32.37;-1.557;NEUTRE;0;-73.3;-3;0
2026.05.12 05:00;2309.58;2312.83;2308.29;2309.09;32.55;5.16;16.85;32.60;33.35;-1.272;NEUTRE;0;-73;-3;0
2026.05.12 04:00;2308.20;2313.24;2304.52;2309.61;29.39;5.96;19.44;34.13;33.23;-1.250;NEUTRE;0;-76.1;-3;0
2026.05.12 03:00;2314.56;2316.09;2306.20;2308.23;25.74;6.87;19.47;33.32;32.54;-1.309;NEUTRE;0;-79.9;-3;0
2026.05.12 02:00;2310.07;2316.04;2306.23;2314.56;22.35;7.85;22.47;32.23;36.68;-1.039;NEUTRE;0;-81.5;-3;0
2026.05.12 01:00;2332.43;2334.58;2294.69;2310.07;18.37;9.06;25.92;32.06;49.22;-1.231;NEUTRE;0;;;0
2026.05.12 00:00;2338.85;2339.84;2331.05;2332.43;13.78;10.45;15.89;45.74;62.35;-0.274;NEUTRE;0;;;0
2026.05.11 23:00;2340.24;2341.13;2333.88;2338.85;12.72;12.06;13.38;69.86;73.42;-1.333;NEUTRE;0;-36.7;-1;0
2026.05.11 22:00;2339.67;2344.69;2335.75;2340.24;13.88;13.92;11.47;71.44;76.41;-1.274;NEUTRE;0;-36.7;-1;0
2026.05.11 21:00;2337.08;2341.59;2335.40;2339.67;14.54;10.72;13.23;78.97;80.04;-1.298;NEUTRE;0;-38.5;-1;0
2026.05.11 20:00;2339.39;2344.44;2335.14;2337.08;15.16;12.37;15.27;78.81;79.27;-1.407;NEUTRE;0;-42.2;-1;0
2026.05.11 19:00;2334.39;2343.06;2330.73;2339.39;15.88;11.99;17.62;82.35;79.08;-1.310;NEUTRE;0;-41.6;-1;1
2026.05.11 18:00;2335.46;2343.16;2333.56;2334.39;15.40;13.84;16.79;76.64;72.23;-1.521;NEUTRE;0;-47.4;-2;1
2026.05.11 17:00;2328.59;2342.75;2322.39;2335.55;16.29;15.31;19.38;78.23;63.42;-1.472;NEUTRE;0;-48.1;-2;1
2026.05.11 16:00;2332.31;2340.10;2325.96;2328.58;16.99;17.67;19.66;61.81;46.99;-1.766;NEUTRE;0;-54.9;-2;1
2026.05.11 15:00;2314.66;2334.59;2311.67;2332.31;18.78;14.39;22.69;50.23;38.47;-1.609;NEUTRE;0;-54.1;-2;1
2026.05.11 14:00;2320.61;2327.71;2302.77;2314.66;18.22;11.98;26.18;28.94;33.64;-2.353;SOFT_DOWN;-1;-65.2;-3;1
2026.05.11 13:00;2328.16;2331.58;2313.31;2320.61;15.30;13.83;23.70;36.24;40.55;-2.102;SOFT_DOWN;-1;-64.4;-2;1
2026.05.11 12:00;2334.76;2338.11;2327.43;2328.15;13.61;15.95;15.46;35.76;40.47;-1.784;NEUTRE;0;-62.4;-2;1
2026.05.11 11:00;2328.89;2334.98;2326.38;2334.73;15.46;13.90;17.84;49.66;42.55;-1.506;NEUTRE;0;-60.4;-2;1
2026.05.11 10:00;2334.71;2338.88;2328.84;2328.89;15.93;16.04;16.18;36.00;37.30;-1.753;NEUTRE;0;-66.1;-3;1
2026.05.11 09:00;2329.37;2337.72;2329.01;2334.71;18.31;16.73;18.67;41.98;36.74;-1.507;NEUTRE;0;-65.1;-3;1
2026.05.11 08:00;2329.61;2333.61;2325.67;2329.37;20.29;12.04;21.54;33.92;32.34;-1.733;NEUTRE;0;-70.3;-3;1
2026.05.11 07:00;2332.66;2332.66;2327.05;2329.61;19.05;13.89;22.18;34.33;28.68;-1.722;NEUTRE;0;-72.5;-3;1
2026.05.11 06:00;2333.94;2340.53;2329.23;2332.66;18.45;16.03;19.62;28.78;25.03;-1.594;NEUTRE;0;-73.7;-3;0
2026.05.11 05:00;2331.91;2339.31;2330.96;2333.94;19.74;18.50;20.28;22.93;27.22;-1.540;NEUTRE;0;-75.9;-3;0
2026.05.11 04:00;2329.38;2335.01;2325.53;2331.91;22.07;13.42;23.40;23.38;36.34;-1.625;NEUTRE;0;-79.2;-3;0
2026.05.11 03:00;2344.70;2344.70;2319.29;2329.38;21.30;15.49;27.00;35.33;50.96;-1.732;NEUTRE;0;-82.3;-3;0
2026.05.11 02:00;2357.76;2360.05;2342.39;2344.70;20.40;17.87;17.17;50.31;65.23;-1.086;NEUTRE;0;-81.9;-3;0
2026.05.11 01:00;2351.86;2364.80;2344.47;2357.76;23.23;20.62;18.00;67.24;72.43;-0.535;NEUTRE;0;;;0
2026.05.11 00:00;2370.44;2374.22;2344.21;2351.82;25.77;23.79;20.77;78.12;67.81;-0.786;NEUTRE;0;;;0
2026.05.10 23:00;2373.03;2381.75;2367.36;2370.57;28.69;27.45;12.10;71.94;57.08;1.939;SOFT_UP;1;47.4;2;0
2026.05.10 22:00;2330.08;2376.93;2327.21;2373.03;27.13;26.52;13.96;53.38;53.52;2.044;SOFT_UP;1;50.1;2;0
2026.05.10 21:00;2328.01;2336.38;2323.38;2330.08;26.53;18.05;16.11;45.91;65.02;0.197;NEUTRE;0;6.9;0;0
2026.05.10 20:00;2364.97;2369.20;2311.57;2328.01;29.74;20.83;18.59;61.26;79.02;0.108;NEUTRE;0;4;0;0
2026.05.10 19:00;2357.77;2365.89;2350.46;2364.97;33.44;24.04;11.06;87.88;89.46;1.698;NEUTRE;0;49;2;0
2026.05.10 18:00;2363.34;2365.92;2355.67;2357.77;32.90;27.73;7.57;87.91;90.06;1.388;NEUTRE;0;44.8;1;0
2026.05.10 17:00;2349.06;2366.96;2344.58;2363.34;29.17;32.00;8.74;92.60;88.54;1.628;NEUTRE;0;51;2;0
2026.05.10 16:00;2347.02;2350.01;2339.36;2349.04;24.87;25.27;10.08;89.66;78.92;1.013;NEUTRE;0;39.2;1;0
2026.05.10 15:00;2330.28;2350.18;2330.06;2347.02;22.09;29.16;11.63;83.35;64.51;0.926;NEUTRE;0;38.5;1;0
2026.05.10 14:00;2329.23;2334.11;2326.29;2330.28;18.88;21.36;13.42;63.76;46.40;0.206;NEUTRE;0;10.7;0;0
2026.05.10 13:00;2323.51;2331.43;2322.44;2329.23;18.27;19.37;15.49;46.43;33.25;0.161;NEUTRE;0;9.1;0;0
2026.05.10 12:00;2321.64;2324.59;2319.98;2323.52;19.37;10.64;17.87;29.03;29.30;-0.085;NEUTRE;0;-5.2;0;0
2026.05.10 11:00;2324.55;2326.96;2317.92;2321.71;18.45;12.28;20.62;24.29;33.79;-0.163;NEUTRE;0;-10.8;0;0
2026.05.10 10:00;2327.36;2328.07;2322.26;2324.55;17.39;14.17;16.40;34.59;45.78;-0.040;NEUTRE;0;-2.9;0;0
2026.05.10 09:00;2329.33;2332.78;2326.02;2327.36;18.95;16.35;8.97;42.49;53.92;0.080;NEUTRE;0;6.5;0;0
2026.05.10 08:00;2326.47;2331.14;2325.51;2329.33;17.38;15.13;10.35;60.25;61.79;0.165;NEUTRE;0;14.9;0;0
2026.05.10 07:00;2328.50;2331.26;2326.44;2326.47;17.16;17.46;9.40;59.02;62.86;0.042;NEUTRE;0;4.4;0;0
2026.05.10 06:00;2326.36;2329.53;2325.83;2328.50;15.19;14.63;10.85;66.09;64.35;0.129;NEUTRE;0;15.5;0;0
2026.05.10 05:00;2327.30;2329.39;2325.75;2326.36;15.24;16.30;12.52;63.46;59.85;0.037;NEUTRE;0;5.4;0;0
2026.05.10 04:00;2326.79;2330.09;2325.23;2327.30;15.57;18.80;14.44;63.49;51.72;0.078;NEUTRE;0;14.1;0;0
2026.05.10 03:00;2326.79;2332.14;2322.80;2326.79;15.94;21.70;16.66;52.59;38.95;0.056;NEUTRE;0;13.5;0;0
2026.05.10 02:00;2322.80;2327.15;2319.23;2326.79;16.38;16.81;19.23;39.07;28.64;0.056;NEUTRE;0;19.8;0;0
2026.05.10 01:00;2323.12;2323.99;2317.57;2322.81;17.87;13.26;22.19;25.18;29.41;-0.115;NEUTRE;0;;;0
2026.05.10 00:00;2325.49;2329.01;2321.11;2323.12;16.74;15.30;17.12;21.67;38.97;-0.102;NEUTRE;0;;;0
2026.05.09 23:00;2329.08;2331.04;2323.66;2325.49;18.46;17.66;14.78;41.39;55.85;0.827;NEUTRE;0;24.9;0;0
2026.05.09 22:00;2330.21;2332.80;2326.48;2329.08;19.94;20.37;11.18;53.84;67.73;0.982;NEUTRE;0;29.9;1;0
2026.05.09 21:00;2328.46;2330.98;2327.92;2330.21;18.52;19.08;12.90;72.33;77.62;1.031;NEUTRE;0;32.3;1;0
2026.05.09 20:00;2331.37;2332.12;2326.50;2328.46;18.40;22.01;14.88;77.02;80.99;0.956;NEUTRE;0;31.6;1;0
2026.05.09 19:00;2329.33;2332.30;2325.94;2331.37;18.25;25.40;17.17;83.51;84.38;1.082;NEUTRE;0;36.3;1;0
2026.05.09 18:00;2328.76;2337.32;2328.07;2329.33;18.09;29.31;14.66;82.45;80.43;0.993;NEUTRE;0;35.4;1;0
2026.05.09 17:00;2319.18;2332.97;2319.18;2328.76;15.75;26.58;16.92;87.18;73.63;0.969;NEUTRE;0;36.3;1;0
2026.05.09 16:00;2316.75;2323.95;2314.39;2319.17;14.76;20.61;19.52;71.66;58.81;0.553;NEUTRE;0;24;0;0
2026.05.09 15:00;2307.36;2316.82;2299.17;2316.75;16.61;12.31;22.53;62.05;52.70;0.448;NEUTRE;0;21;0;0
2026.05.09 14:00;2313.73;2314.52;2304.61;2307.36;14.65;14.21;21.25;42.72;46.57;0.041;NEUTRE;0;2.2;0;0
2026.05.09 13:00;2315.68;2315.79;2311.00;2313.73;13.85;16.39;14.60;53.33;42.56;0.317;NEUTRE;0;17.4;0;0
2026.05.09 12:00;2313.85;2317.64;2312.43;2315.68;15.09;18.91;12.25;43.67;35.35;0.401;NEUTRE;0;23.3;0;0
2026.05.09 11:00;2311.77;2314.76;2311.50;2313.85;14.12;13.32;14.14;30.70;31.19;0.322;NEUTRE;0;20.7;0;0
2026.05.09 10:00;2312.39;2314.26;2309.40;2311.77;15.84;13.01;16.31;31.69;31.15;0.232;NEUTRE;0;16.6;0;0
2026.05.09 09:00;2316.33;2316.86;2310.54;2312.42;16.54;15.01;15.21;31.18;30.44;0.260;NEUTRE;0;20.4;0;0
2026.05.09 08:00;2313.77;2319.40;2313.40;2316.33;18.98;17.32;10.59;30.58;31.85;0.430;NEUTRE;0;34.7;1;0
2026.05.09 07:00;2313.71;2317.81;2310.48;2313.77;18.19;15.90;12.22;29.56;38.12;0.319;NEUTRE;0;30.4;1;0
2026.05.09 06:00;2314.02;2318.39;2311.93;2313.71;18.97;18.35;11.06;35.41;49.10;0.316;NEUTRE;0;34.2;1;0
2026.05.09 05:00;2312.10;2317.88;2310.31;2314.02;18.08;19.96;12.76;49.38;62.05;0.330;NEUTRE;0;40.4;1;0
2026.05.09 04:00;2314.66;2324.35;2310.64;2312.10;17.47;23.03;14.05;62.52;66.50;0.246;NEUTRE;0;38.4;1;0
2026.05.09 03:00;2316.40;2319.77;2312.03;2314.67;16.44;21.43;16.21;74.25;59.70;0.358;NEUTRE;0;57;2;0
2026.05.09 02:00;2313.66;2319.76;2313.33;2316.40;16.83;24.73;16.12;62.74;45.63;0.433;NEUTRE;0;70.3;3;0
2026.05.09 01:00;2307.86;2317.72;2307.64;2313.66;16.18;23.66;18.60;42.12;42.73;0.314;NEUTRE;0;;;0
2026.05.09 00:00;2306.42;2311.50;2303.67;2307.86;16.82;17.80;21.46;32.03;49.50;0.062;NEUTRE;0;;;0
2026.05.08 23:00;2310.12;2310.30;2302.48;2306.41;17.98;18.18;24.77;54.05;64.33;0.707;NEUTRE;0;21.6;0;0
2026.05.08 22:00;2313.75;2318.13;2309.94;2310.26;18.39;20.98;13.90;62.43;72.56;0.875;NEUTRE;0;27.1;1;0
2026.05.08 21:00;2306.35;2314.24;2303.53;2313.75;18.09;16.90;16.04;76.51;79.49;1.027;NEUTRE;0;32.2;1;0
2026.05.08 20:00;2315.22;2316.11;2304.53;2306.03;20.47;19.50;17.07;78.76;79.43;0.690;NEUTRE;0;24;0;0
2026.05.08 19:00;2312.98;2319.83;2311.83;2315.22;22.60;22.50;10.00;83.21;77.24;1.092;NEUTRE;0;36.5;1;1
2026.05.08 18:00;2304.39;2320.61;2304.39;2313.00;20.16;25.96;11.54;76.32;70.39;0.995;NEUTRE;0;35.5;1;1
2026.05.08 17:00;2288.87;2314.96;2288.38;2304.39;17.34;24.60;13.31;72.19;61.03;0.619;NEUTRE;0;25.1;1;1
2026.05.08 16:00;2292.24;2293.37;2285.30;2288.87;15.43;15.89;15.36;62.65;47.66;-0.059;NEUTRE;0;-2.7;0;1
2026.05.08 15:00;2284.80;2293.44;2273.95;2292.12;17.54;18.33;17.72;48.25;42.67;0.083;NEUTRE;0;4.1;0;1
2026.05.08 14:00;2275.37;2291.44;2272.76;2284.86;19.98;19.57;20.45;32.07;50.16;-0.234;NEUTRE;0;-12.2;0;1
2026.05.08 13:00;2283.85;2286.18;2269.07;2275.39;22.71;18.25;23.59;47.69;67.23;-0.648;NEUTRE;0;-32.7;-1;1
2026.05.08 12:00;2294.65;2300.27;2282.10;2283.78;24.24;21.06;15.51;70.73;76.59;-0.281;NEUTRE;0;-16.8;0;1
2026.05.08 11:00;2286.98;2296.28;2286.98;2294.63;25.64;24.30;13.76;83.26;77.78;0.193;NEUTRE;0;12.7;0;1
2026.05.08 10:00;2283.38;2289.87;2280.21;2286.98;25.32;17.44;15.88;75.79;72.59;-0.141;NEUTRE;0;-10.3;0;1
2026.05.08 09:00;2282.67;2290.96;2279.37;2283.38;28.50;20.12;18.32;74.29;66.24;-0.299;NEUTRE;0;-23.2;0;1
2026.05.08 08:00;2280.39;2288.29;2279.08;2282.68;32.16;19.67;21.14;67.70;58.22;-0.329;NEUTRE;0;-27.9;-1;1
2026.05.08 07:00;2274.42;2281.53;2266.43;2280.37;36.56;11.41;24.39;56.72;52.18;-0.430;NEUTRE;0;-38.4;-1;1
2026.05.08 06:00;2275.47;2277.72;2268.05;2274.44;36.60;9.28;28.15;50.25;49.37;-0.689;NEUTRE;0;-55.9;-2;0
2026.05.08 05:00;2281.12;2283.32;2275.39;2275.47;34.47;10.71;20.80;49.56;46.52;-0.644;NEUTRE;0;-58.9;-2;0
2026.05.08 04:00;2278.20;2284.00;2275.63;2281.06;34.85;12.35;23.53;48.29;41.41;-0.400;NEUTRE;0;-52.2;-2;0
2026.05.08 03:00;2278.08;2280.73;2264.97;2278.20;35.42;8.24;27.16;41.70;37.30;-0.525;NEUTRE;0;-66.1;-3;0
2026.05.08 02:00;2284.19;2284.82;2267.37;2278.08;32.65;9.51;28.99;34.25;34.51;-0.530;NEUTRE;0;-73.7;-3;0
2026.05.08 01:00;2286.00;2288.45;2279.71;2284.19;29.89;10.97;22.57;35.96;34.58;-0.263;NEUTRE;0;;;0
2026.05.08 00:00;2290.22;2293.40;2282.81;2285.86;29.17;12.66;20.59;33.32;33.17;-0.190;NEUTRE;0;;;0
2026.05.07 23:00;2286.31;2292.52;2285.23;2290.22;29.99;14.61;20.24;34.47;36.76;-2.545;SOFT_DOWN;-1;-54.9;-2;0
2026.05.07 22:00;2286.92;2289.54;2280.02;2286.31;32.12;10.57;23.35;31.70;40.95;-2.711;SOFT_DOWN;-1;-57.8;-2;0
2026.05.07 21:00;2288.49;2293.32;2280.47;2286.90;31.26;12.20;26.22;44.11;45.30;-2.686;SOFT_DOWN;-1;-58.7;-2;0
2026.05.07 20:00;2295.10;2301.71;2287.33;2288.49;30.46;14.07;22.04;47.04;40.54;-2.619;SOFT_DOWN;-1;-59.3;-2;0
2026.05.07 19:00;2295.67;2296.31;2287.59;2295.10;31.75;10.46;25.43;44.76;32.32;-2.337;SOFT_DOWN;-1;-57.7;-2;1
2026.05.07 18:00;2299.30;2303.65;2290.73;2295.67;30.22;12.07;23.80;29.82;22.85;-2.313;SOFT_DOWN;-1;-58.9;-2;1
2026.05.07 17:00;2290.92;2300.84;2279.41;2299.32;29.83;10.58;27.46;22.39;19.86;-2.158;SOFT_DOWN;-1;-58.6;-2;1
2026.05.07 16:00;2293.43;2297.38;2284.50;2290.95;27.60;12.21;28.03;16.34;22.95;-2.514;SOFT_DOWN;-1;-63.7;-2;1
2026.05.07 15:00;2298.42;2304.06;2284.77;2293.33;25.80;14.09;32.02;20.85;31.31;-2.413;SOFT_DOWN;-1;-64.2;-2;1
2026.05.07 14:00;2313.48;2317.75;2288.84;2298.41;23.78;16.25;33.70;31.66;38.60;-2.197;SOFT_DOWN;-1;-63.7;-2;1
2026.05.07 13:00;2332.29;2332.29;2304.27;2313.42;22.07;18.75;30.67;41.41;40.00;-1.558;NEUTRE;0;-57.1;-2;1
2026.05.07 12:00;2329.40;2336.19;2328.13;2332.29;21.75;21.64;22.29;42.74;39.45;-0.755;NEUTRE;0;-39;-1;1
2026.05.07 11:00;2325.92;2330.78;2324.42;2329.40;24.87;14.64;25.72;35.85;45.68;-0.878;NEUTRE;0;-45.8;-2;1
2026.05.07 10:00;2327.95;2330.75;2316.50;2325.85;24.47;16.82;29.68;39.76;60.60;-1.029;NEUTRE;0;-53;-2;1
2026.05.07 09:00;2333.03;2336.34;2326.02;2327.94;23.98;19.41;23.97;61.41;77.57;-0.940;NEUTRE;0;-53.4;-2;1
2026.05.07 08:00;2343.77;2346.09;2331.40;2333.03;26.06;22.40;19.63;80.63;78.59;-0.723;NEUTRE;0;-49.3;-2;1
2026.05.07 07:00;2336.57;2346.21;2335.96;2343.77;29.06;25.84;17.88;90.65;64.93;-0.266;NEUTRE;0;-26.1;-1;1
2026.05.07 06:00;2330.51;2337.42;2319.21;2336.58;30.72;16.63;20.63;64.49;43.07;-0.572;NEUTRE;0;-50.8;-2;0
2026.05.07 05:00;2326.72;2333.18;2326.27;2330.50;33.80;19.18;17.84;39.63;29.50;-0.831;NEUTRE;0;-65;-2;0
2026.05.07 04:00;2321.42;2326.81;2316.91;2326.72;38.44;7.95;20.58;25.10;22.62;-0.992;NEUTRE;0;-72.6;-3;0
2026.05.07 03:00;2321.27;2325.12;2314.68;2321.42;37.54;6.55;23.75;23.78;23.84;-1.217;NEUTRE;0;-79.2;-3;0
2026.05.07 02:00;2326.56;2327.17;2313.26;2321.26;34.59;7.56;27.40;19.00;27.10;-1.224;NEUTRE;0;-82.8;-3;0
2026.05.07 01:00;2328.81;2334.40;2313.62;2326.56;31.17;8.72;31.22;28.73;41.88;-0.999;NEUTRE;0;;;0
2026.05.07 00:00;2350.03;2351.72;2328.34;2328.69;27.31;10.06;25.13;33.56;50.74;-0.908;NEUTRE;0;;;0
2026.05.06 23:00;2346.48;2350.80;2337.45;2350.03;24.92;11.61;23.00;63.34;56.35;-0.420;NEUTRE;0;-13.2;0;0
2026.05.06 22:00;2354.04;2354.35;2344.32;2346.48;23.69;13.40;18.62;55.32;46.32;-0.570;NEUTRE;0;-18.5;0;0
2026.05.06 21:00;2350.07;2356.46;2345.02;2354.04;24.83;15.46;20.41;50.39;33.57;-0.250;NEUTRE;0;-8.7;0;0
2026.05.06 20:00;2347.67;2356.49;2344.36;2350.07;26.53;17.84;23.55;33.26;21.21;-0.418;NEUTRE;0;-15.1;0;0
2026.05.06 19:00;2344.25;2349.29;2341.12;2347.66;28.49;11.45;27.17;17.07;14.43;-0.520;NEUTRE;0;-19.4;0;1
2026.05.06 18:00;2349.14;2351.50;2337.05;2344.25;26.61;13.21;31.35;13.31;14.11;-0.664;NEUTRE;0;-25.4;-1;1
2026.05.06 17:00;2357.15;2360.14;2346.78;2349.14;24.44;15.25;25.81;12.91;14.06;-0.457;NEUTRE;0;-19.1;0;1
2026.05.06 16:00;2358.11;2365.81;2349.48;2357.15;24.24;17.59;26.68;16.12;18.85;-0.118;NEUTRE;0;-5.4;0;1
2026.05.06 15:00;2358.64;2365.19;2353.58;2358.04;24.82;20.30;26.92;13.16;29.51;-0.080;NEUTRE;0;-3.9;0;1
2026.05.06 14:00;2367.53;2372.23;2346.08;2358.64;26.48;23.42;31.06;27.26;50.50;-0.055;NEUTRE;0;-2.9;0;1
2026.05.06 13:00;2404.37;2404.37;2364.04;2367.54;28.39;27.02;25.27;48.10;69.55;0.322;NEUTRE;0;17.7;0;1
2026.05.06 12:00;2409.53;2412.92;2399.95;2404.37;32.25;31.18;15.46;76.14;83.60;1.883;NEUTRE;0;63.7;2;1
2026.05.06 11:00;2409.60;2423.05;2407.63;2409.53;32.02;35.98;8.73;84.39;87.22;2.102;SOFT_UP;1;67.9;3;1
2026.05.06 10:00;2411.11;2413.70;2405.19;2409.64;27.57;32.18;10.07;90.27;84.95;2.106;SOFT_UP;1;69.8;3;1
2026.05.06 09:00;2393.56;2417.39;2383.96;2411.11;23.76;37.13;11.62;87.01;73.27;2.169;SOFT_UP;1;72.1;3;1
2026.05.06 08:00;2370.83;2395.36;2368.48;2393.56;19.36;32.71;13.41;77.58;60.35;1.425;NEUTRE;0;66.5;3;1
2026.05.06 07:00;2369.58;2374.23;2367.63;2370.83;15.90;25.65;15.47;55.21;53.29;0.462;NEUTRE;0;40.4;1;1
2026.05.06 06:00;2364.03;2370.43;2359.92;2369.58;14.54;20.73;17.85;48.26;55.37;0.409;NEUTRE;0;41.3;1;0
2026.05.06 05:00;2365.26;2366.27;2353.78;2364.03;15.63;17.84;20.59;56.40;60.62;0.174;NEUTRE;0;24.1;0;0
2026.05.06 04:00;2375.79;2378.48;2361.14;2365.27;16.93;20.58;14.70;61.45;57.13;0.226;NEUTRE;0;36;1;0
2026.05.06 03:00;2368.70;2379.80;2366.82;2375.84;16.97;23.75;11.92;64.02;48.02;0.674;NEUTRE;0;70.9;3;0
2026.05.06 02:00;2372.36;2372.64;2359.06;2368.68;14.47;18.91;13.75;45.91;36.06;0.371;NEUTRE;0;67.3;3;0
2026.05.06 01:00;2363.51;2375.35;2361.54;2372.36;14.27;21.82;13.06;34.14;32.75;0.527;NEUTRE;0;;;0
2026.05.06 00:00;2359.93;2366.46;2353.52;2363.51;12.60;15.28;15.07;28.14;40.46;0.152;NEUTRE;0;;;0
2026.05.05 23:00;2366.82;2369.22;2353.95;2359.93;14.43;17.63;16.88;35.98;51.12;0.577;NEUTRE;0;17.9;0;0
2026.05.05 22:00;2374.85;2381.08;2354.31;2366.81;16.32;20.34;19.11;57.25;56.97;0.871;NEUTRE;0;27;1;0
2026.05.05 21:00;2381.62;2387.65;2368.07;2374.85;18.35;23.47;14.14;60.14;47.14;1.213;NEUTRE;0;36.7;1;0
2026.05.05 20:00;2370.98;2386.28;2370.48;2381.62;17.36;27.08;14.42;53.53;33.24;1.502;NEUTRE;0;44.1;1;0
2026.05.05 19:00;2371.63;2375.66;2368.34;2370.95;15.34;20.90;16.64;27.76;21.53;1.047;NEUTRE;0;35.4;1;1
2026.05.05 18:00;2362.21;2374.14;2362.12;2371.63;15.96;20.92;19.20;18.42;21.70;1.076;NEUTRE;0;37.6;1;1
2026.05.05 17:00;2364.98;2368.99;2358.84;2362.21;17.75;17.55;22.16;18.42;31.66;0.675;NEUTRE;0;27.1;1;1
2026.05.05 16:00;2381.02;2383.07;2360.48;2364.96;18.70;20.25;23.08;28.27;46.42;0.792;NEUTRE;0;32.5;1;1
2026.05.05 15:00;2378.27;2387.23;2374.93;2381.02;20.57;23.36;16.79;48.30;61.35;1.476;NEUTRE;0;51.7;2;1
2026.05.05 14:00;2388.25;2392.08;2368.78;2378.25;21.21;26.96;19.37;62.68;68.67;1.358;NEUTRE;0;51.3;2;1
2026.05.05 13:00;2388.05;2399.06;2383.14;2388.25;21.96;31.10;12.87;73.08;61.56;1.784;NEUTRE;0;60.5;2;1
2026.05.05 12:00;2379.16;2389.81;2375.47;2388.05;18.96;26.95;14.85;70.26;48.80;1.776;NEUTRE;0;62.3;2;1
2026.05.05 11:00;2378.00;2382.57;2372.19;2379.16;17.42;23.33;17.13;41.34;38.20;1.397;NEUTRE;0;58.6;2;1
2026.05.05 10:00;2368.74;2378.81;2366.22;2378.00;17.74;21.35;19.77;34.81;42.88;1.348;NEUTRE;0;60.1;2;1
2026.05.05 09:00;2376.02;2376.07;2366.13;2368.78;19.88;21.28;22.81;38.46;52.93;0.955;NEUTRE;0;53.8;2;1
2026.05.05 08:00;2379.90;2383.71;2371.98;2376.02;22.41;24.56;17.27;55.37;64.22;1.263;NEUTRE;0;63.8;2;1
2026.05.05 07:00;2377.86;2387.61;2374.88;2379.85;23.17;28.33;16.12;64.94;72.25;1.426;NEUTRE;0;69.1;3;1
2026.05.05 06:00;2379.29;2380.75;2366.82;2377.86;22.51;24.40;18.60;72.33;77.20;1.342;NEUTRE;0;70.9;3;0
2026.05.05 05:00;2380.18;2389.81;2376.44;2379.29;23.90;28.16;10.84;79.48;79.59;1.403;NEUTRE;0;74.5;3;0
2026.05.05 04:00;2381.47;2385.08;2375.43;2380.18;20.74;27.05;12.50;79.78;77.48;1.441;NEUTRE;0;77.8;3;0
2026.05.05 03:00;2366.81;2388.32;2363.71;2381.47;18.27;31.21;14.43;79.51;68.96;1.495;NEUTRE;0;81.1;3;0
2026.05.05 02:00;2361.10;2376.38;2358.90;2366.81;15.43;28.54;16.64;73.15;53.92;0.871;NEUTRE;0;79.9;3;0
2026.05.05 01:00;2358.04;2363.81;2354.32;2361.11;13.75;21.87;19.21;54.22;39.05;0.628;NEUTRE;0;;;0
2026.05.05 00:00;2346.38;2358.35;2344.09;2358.04;14.87;16.39;22.16;34.39;31.94;0.497;NEUTRE;0;;;0
2026.05.04 23:00;2353.60;2353.60;2343.73;2346.38;14.85;13.78;25.57;28.54;33.64;1.054;NEUTRE;0;30.6;1;0
2026.05.04 22:00;2359.96;2364.84;2352.89;2353.66;12.53;15.90;15.31;32.89;40.09;1.367;NEUTRE;0;38.7;1;0
2026.05.04 21:00;2349.13;2363.57;2349.10;2359.97;14.16;16.72;17.67;39.48;50.47;1.639;NEUTRE;0;45.2;2;0
2026.05.04 20:00;2355.31;2358.16;2346.61;2349.13;15.91;13.53;20.39;47.91;58.92;1.172;NEUTRE;0;37;1;0
2026.05.04 19:00;2360.63;2363.44;2352.88;2355.32;15.26;15.62;15.17;64.01;62.41;1.439;NEUTRE;0;44.3;1;1
2026.05.04 18:00;2369.55;2374.20;2356.10;2360.63;17.38;18.02;12.81;64.84;61.66;1.668;NEUTRE;0;50;2;1
2026.05.04 17:00;2354.39;2378.70;2352.98;2369.28;17.45;20.79;14.78;58.37;59.28;2.040;SOFT_UP;1;57.1;2;1
2026.05.04 16:00;2349.09;2364.51;2335.80;2354.39;17.54;15.50;17.06;61.77;58.54;1.399;NEUTRE;0;48.4;2;1
2026.05.04 15:00;2370.53;2373.78;2335.25;2349.09;19.50;17.89;19.68;57.70;51.07;1.171;NEUTRE;0;45.2;2;1
2026.05.04 14:00;2335.81;2380.96;2326.64;2370.53;21.77;20.64;22.71;56.15;44.71;2.094;SOFT_UP;1;62.6;2;1
2026.05.04 13:00;2335.06;2344.11;2324.81;2335.85;24.39;13.38;26.20;39.38;38.86;0.600;NEUTRE;0;30.7;1;1
2026.05.04 12:00;2336.76;2343.31;2332.28;2335.06;23.15;15.44;24.28;38.60;35.84;0.566;NEUTRE;0;31.3;1;1
2026.05.04 11:00;2337.36;2343.06;2332.10;2336.76;23.29;17.46;28.02;38.60;30.52;0.640;NEUTRE;0;36.9;1;1
2026.05.04 10:00;2367.63;2368.94;2313.10;2337.36;23.30;20.15;32.33;30.31;26.30;0.665;NEUTRE;0;40.6;1;1
2026.05.04 09:00;2359.06;2370.13;2356.81;2367.63;23.31;23.25;25.26;22.66;33.30;1.969;SOFT_UP;1;70.5;3;1
2026.05.04 08:00;2361.72;2364.02;2356.45;2359.06;26.26;19.77;29.14;25.93;50.06;1.600;NEUTRE;0;68.8;3;1
2026.05.04 07:00;2367.35;2372.67;2361.47;2361.86;27.36;22.81;23.42;51.30;69.89;1.721;NEUTRE;0;72.5;3;1
2026.05.04 06:00;2375.25;2377.53;2353.28;2367.35;31.36;26.32;27.03;72.94;82.37;1.957;SOFT_UP;1;76.6;3;0
2026.05.04 05:00;2389.45;2390.60;2374.26;2375.25;35.98;30.37;17.88;85.43;87.39;2.297;SOFT_UP;1;80.4;3;0
2026.05.04 04:00;2384.28;2397.98;2383.54;2389.45;37.53;35.04;11.89;88.76;81.45;2.909;SOFT_UP;1;83.9;3;0
2026.05.04 03:00;2373.50;2390.41;2370.89;2384.13;35.72;32.37;13.72;87.99;66.40;2.680;SOFT_UP;1;85;3;0
2026.05.04 02:00;2350.16;2386.84;2344.71;2373.50;34.99;34.53;15.83;67.60;48.85;2.222;SOFT_UP;1;86;3;0
2026.05.04 01:00;2318.15;2353.19;2312.22;2350.16;34.66;27.56;18.26;43.62;39.75;1.217;NEUTRE;0;;;0
2026.05.04 00:00;2321.91;2321.91;2308.29;2318.15;36.87;20.05;21.07;35.34;41.54;-0.162;NEUTRE;0;;;0
2026.05.03 23:00;2343.02;2346.64;2319.27;2321.90;42.16;23.13;11.91;40.29;44.92;0.247;NEUTRE;0;7.9;0;0
2026.05.03 22:00;2323.56;2355.51;2323.56;2343.02;43.72;26.69;11.34;48.99;51.51;1.158;NEUTRE;0;34.1;1;0
2026.05.03 21:00;2329.04;2333.43;2314.58;2323.44;44.23;20.21;13.08;45.47;61.16;0.313;NEUTRE;0;10.9;0;0
2026.05.03 20:00;2335.15;2343.46;2327.66;2329.04;47.74;23.32;4.42;60.05;68.65;0.555;NEUTRE;0;19.7;0;0
2026.05.03 19:00;2330.29;2337.23;2327.55;2335.11;44.60;20.84;5.10;77.96;72.63;0.817;NEUTRE;0;29;1;0
2026.05.03 18:00;2331.33;2332.90;2327.55;2330.31;42.12;17.16;5.88;67.94;71.22;0.610;NEUTRE;0;23.6;0;0
2026.05.03 17:00;2327.63;2334.77;2323.59;2331.33;41.07;19.80;6.78;72.00;72.36;0.654;NEUTRE;0;26.4;1;0
2026.05.03 16:00;2327.35;2333.99;2321.26;2327.63;39.86;21.78;7.83;73.71;71.59;0.494;NEUTRE;0;21.7;0;0
2026.05.03 15:00;2327.32;2332.35;2323.89;2327.35;38.74;25.13;5.85;71.37;68.92;0.482;NEUTRE;0;22.5;0;0
2026.05.03 14:00;2321.13;2328.52;2320.37;2327.30;35.13;22.03;6.75;69.69;66.81;0.480;NEUTRE;0;23.8;0;0
2026.05.03 13:00;2324.84;2327.73;2319.68;2321.05;32.37;23.92;7.79;65.71;65.70;0.210;NEUTRE;0;11.8;0;0
2026.05.03 12:00;2319.00;2331.68;2319.00;2324.84;29.53;27.60;8.99;65.04;65.68;0.373;NEUTRE;0;21.8;0;0
2026.05.03 11:00;2310.62;2326.61;2309.57;2319.00;26.25;25.70;10.38;66.36;68.08;0.121;NEUTRE;0;8.1;0;0
2026.05.03 10:00;2315.77;2315.95;2310.36;2310.62;23.76;20.03;11.97;65.64;69.20;-0.240;NEUTRE;0;-17.2;0;0
2026.05.03 09:00;2307.40;2320.58;2306.69;2315.77;23.54;23.11;13.82;72.25;67.05;-0.018;NEUTRE;0;-1.5;0;0
2026.05.03 08:00;2308.61;2311.78;2306.78;2307.40;23.28;16.92;15.94;69.70;55.35;-0.380;NEUTRE;0;-31.5;-1;0
2026.05.03 07:00;2303.54;2313.14;2303.45;2308.61;26.41;19.52;18.39;59.20;38.74;-0.327;NEUTRE;0;-31;-1;0
2026.05.03 06:00;2303.27;2305.59;2298.90;2303.54;30.01;10.54;21.22;37.15;23.47;-0.546;NEUTRE;0;-49.5;-2;0
2026.05.03 05:00;2300.70;2304.09;2300.43;2303.27;29.46;12.16;20.97;19.86;13.53;-0.558;NEUTRE;0;-55.2;-2;0
2026.05.03 04:00;2301.06;2303.57;2296.81;2300.70;29.90;11.85;24.20;13.40;9.86;-0.669;NEUTRE;0;-65.1;-3;0
2026.05.03 03:00;2302.53;2303.33;2299.07;2301.06;29.23;13.67;22.77;7.32;9.55;-0.653;NEUTRE;0;-70.4;-3;0
2026.05.03 02:00;2303.13;2305.93;2298.61;2302.53;29.88;15.77;26.28;8.86;18.45;-0.590;NEUTRE;0;-75.3;-3;0
2026.05.03 01:00;2313.16;2313.57;2302.54;2303.13;30.63;18.20;22.06;12.46;31.49;-0.564;NEUTRE;0;;;0
2026.05.03 00:00;2316.19;2316.90;2308.83;2313.16;33.87;21.00;16.68;34.01;47.57;-0.131;NEUTRE;0;;;0
2026.05.02 23:00;2326.16;2326.22;2313.81;2316.19;37.31;24.23;9.76;48.01;57.26;0.935;NEUTRE;0;27.6;1;0
2026.05.02 22:00;2324.80;2327.48;2316.92;2326.16;36.50;27.96;7.40;60.69;65.01;1.369;NEUTRE;0;38.7;1;0
2026.05.02 21:00;2310.92;2341.11;2310.17;2324.79;33.17;32.26;8.54;63.09;62.18;1.310;NEUTRE;0;38.8;1;0
2026.05.02 20:00;2310.36;2311.22;2308.85;2310.92;29.33;22.36;9.85;71.25;58.29;0.705;NEUTRE;0;24.4;0;0
2026.05.02 19:00;2309.24;2311.95;2308.18;2310.36;27.87;25.80;11.37;52.21;53.74;0.681;NEUTRE;0;24.8;0;0
2026.05.02 18:00;2305.23;2310.46;2303.54;2309.24;26.19;23.68;13.12;51.41;58.28;0.632;NEUTRE;0;24.3;0;0
2026.05.02 17:00;2308.54;2309.18;2304.68;2305.22;25.80;24.48;15.14;57.60;63.51;0.457;NEUTRE;0;19.1;0;0
2026.05.02 16:00;2308.38;2312.85;2307.02;2308.57;26.14;28.25;9.46;65.84;64.15;0.603;NEUTRE;0;25.9;1;0
2026.05.02 15:00;2305.72;2309.11;2304.49;2308.38;22.50;22.73;10.92;67.09;60.51;0.594;NEUTRE;0;27;1;0
2026.05.02 14:00;2307.48;2307.90;2304.26;2305.70;20.57;22.19;12.60;59.53;55.00;0.478;NEUTRE;0;23.7;0;0
2026.05.02 13:00;2302.74;2311.07;2302.74;2307.48;19.49;25.61;14.54;54.90;54.96;0.555;NEUTRE;0;28.8;1;0
2026.05.02 12:00;2301.37;2304.83;2300.33;2302.74;18.25;18.02;16.78;50.58;59.67;0.349;NEUTRE;0;20.5;0;0
2026.05.02 11:00;2302.67;2304.21;2299.27;2301.37;20.50;18.67;19.36;59.40;62.99;0.289;NEUTRE;0;18.7;0;0
2026.05.02 10:00;2304.39;2305.22;2301.56;2302.67;23.38;21.55;15.20;69.02;63.75;0.346;NEUTRE;0;24;0;0
2026.05.02 09:00;2302.59;2306.93;2302.48;2304.39;24.32;24.86;13.67;60.56;57.09;0.421;NEUTRE;0;31.1;1;0
2026.05.02 08:00;2300.20;2303.60;2298.04;2302.61;23.60;17.17;15.78;61.67;54.99;0.343;NEUTRE;0;28.9;1;0
2026.05.02 07:00;2304.55;2305.42;2299.98;2300.21;26.57;19.82;12.84;49.04;53.72;0.238;NEUTRE;0;23.7;0;0
2026.05.02 06:00;2298.63;2305.04;2296.36;2304.55;27.37;21.79;14.81;54.25;61.08;0.427;NEUTRE;0;42.5;1;0
2026.05.02 05:00;2300.39;2300.76;2295.95;2298.63;28.65;17.56;17.09;57.88;70.17;0.170;NEUTRE;0;23.7;0;0
2026.05.02 04:00;2303.37;2304.16;2298.86;2300.39;32.85;20.26;10.41;71.12;76.64;0.246;NEUTRE;0;38.4;1;0
2026.05.02 03:00;2302.62;2307.47;2299.98;2303.37;32.97;23.37;8.76;81.50;75.96;0.376;NEUTRE;0;58.2;2;0
2026.05.02 02:00;2297.92;2306.81;2294.57;2302.62;31.05;25.61;10.11;77.30;67.21;0.343;NEUTRE;0;65.6;3;0
2026.05.02 01:00;2296.83;2299.76;2294.93;2297.92;29.15;20.69;11.67;69.08;56.66;0.139;NEUTRE;0;;;0
2026.05.02 00:00;2294.74;2298.64;2292.09;2296.83;29.34;20.31;13.46;55.25;44.53;0.091;NEUTRE;0;;;0
2026.05.01 23:00;2292.46;2295.18;2288.22;2294.74;30.74;15.31;15.53;45.65;36.09;1.704;NEUTRE;0;43.7;1;0
2026.05.01 22:00;2291.83;2298.85;2290.13;2292.59;35.35;17.66;13.70;32.71;28.90;1.608;NEUTRE;0;43.3;1;0
2026.05.01 21:00;2284.35;2293.42;2282.84;2291.98;38.85;10.80;15.81;29.91;30.47;1.581;NEUTRE;0;44.1;1;0
2026.05.01 20:00;2304.11;2304.86;2278.43;2284.39;41.93;12.46;18.24;24.09;33.79;1.245;NEUTRE;0;38.7;1;0
2026.05.01 19:00;2303.82;2307.16;2301.38;2304.10;45.48;14.38;7.69;37.40;42.87;2.119;SOFT_UP;1;55.2;2;1
2026.05.01 18:00;2311.12;2311.73;2302.64;2303.82;47.81;16.59;5.52;39.88;49.04;2.106;SOFT_UP;1;56.4;2;1
2026.05.01 17:00;2300.90;2312.83;2297.72;2311.12;47.46;19.14;6.37;51.32;59.24;2.430;SOFT_UP;1;61.5;2;1
2026.05.01 16:00;2306.84;2313.67;2297.05;2300.90;47.06;22.09;7.34;55.92;66.86;1.977;SOFT_UP;1;57.9;2;1
2026.05.01 15:00;2307.07;2316.21;2298.70;2306.84;46.59;25.48;6.95;70.49;74.23;2.240;SOFT_UP;1;62.5;2;1
2026.05.01 14:00;2317.47;2324.76;2300.94;2307.07;44.97;29.41;6.05;74.16;73.40;2.250;SOFT_UP;1;64.2;2;1
2026.05.01 13:00;2300.28;2323.30;2300.24;2317.47;41.75;32.99;6.98;78.05;69.93;2.711;SOFT_UP;1;69.6;3;1
2026.05.01 12:00;2285.60;2310.51;2282.97;2300.28;38.16;29.53;8.05;67.99;67.37;1.949;SOFT_UP;1;64.5;2;1
2026.05.01 11:00;2281.31;2291.89;2280.41;2285.60;35.24;23.67;9.29;63.77;65.27;1.299;NEUTRE;0;56.7;2;1
2026.05.01 10:00;2280.83;2284.77;2275.99;2281.31;33.95;17.77;10.72;70.35;62.09;1.108;NEUTRE;0;55;2;1
2026.05.01 09:00;2285.72;2285.98;2278.81;2280.83;35.36;20.50;7.43;61.68;56.26;1.087;NEUTRE;0;57.3;2;1
2026.05.01 08:00;2278.38;2287.47;2276.09;2285.72;33.60;23.66;8.57;54.22;54.78;1.304;NEUTRE;0;64.5;2;1
2026.05.01 07:00;2276.13;2279.79;2271.92;2278.39;31.57;16.91;9.89;52.88;58.74;0.979;NEUTRE;0;61;2;1
2026.05.01 06:00;2282.11;2285.41;2271.11;2276.13;32.39;19.52;11.41;57.24;63.93;0.879;NEUTRE;0;62.1;2;0
2026.05.01 05:00;2278.72;2285.29;2277.36;2282.11;33.34;22.52;6.44;66.11;70.17;1.144;NEUTRE;0;71.3;3;0
2026.05.01 04:00;2281.47;2284.43;2276.34;2278.72;29.93;24.32;7.43;68.43;72.56;0.994;NEUTRE;0;72.7;3;0
2026.05.01 03:00;2265.58;2293.66;2264.63;2281.47;26.35;28.06;8.58;75.97;69.33;1.116;NEUTRE;0;78.2;3;0
2026.05.01 02:00;2266.28;2268.69;2263.58;2265.58;22.23;19.14;9.89;73.28;55.18;0.411;NEUTRE;0;69.3;3;0
2026.05.01 01:00;2258.71;2269.17;2258.64;2266.28;20.75;22.08;11.42;58.75;39.65;0.442;NEUTRE;0;;;0
2026.05.01 00:00;2256.30;2264.61;2255.82;2258.71;19.04;18.82;13.17;33.50;34.12;0.107;NEUTRE;0;;;0
2026.04.30 23:00;2253.04;2257.78;2252.39;2256.30;19.25;9.76;15.20;26.72;40.14;0.216;NEUTRE;0;6.9;0;0
2026.04.30 22:00;2254.92;2260.05;2250.96;2253.04;18.86;11.26;17.54;42.14;49.37;0.071;NEUTRE;0;2.4;0;0
2026.04.30 21:00;2262.87;2263.34;2252.87;2254.92;18.41;13.00;17.00;51.55;50.00;0.155;NEUTRE;0;5.4;0;0
2026.04.30 20:00;2261.03;2265.97;2259.17;2262.87;19.19;14.99;10.36;54.42;46.40;0.508;NEUTRE;0;18.1;0;0
2026.04.30 19:00;2258.64;2266.10;2256.98;2261.03;19.33;17.30;11.96;44.03;44.10;0.426;NEUTRE;0;16.1;0;1
2026.04.30 18:00;2256.53;2264.05;2252.98;2258.64;19.50;16.50;13.80;40.77;47.40;0.320;NEUTRE;0;12.9;0;1
2026.04.30 17:00;2255.60;2259.02;2249.93;2256.53;21.12;12.05;15.92;47.51;54.14;0.226;NEUTRE;0;9.7;0;1
2026.04.30 16:00;2264.44;2265.91;2253.96;2255.60;22.25;13.91;11.55;53.91;57.92;0.185;NEUTRE;0;8.5;0;1
2026.04.30 15:00;2260.87;2273.90;2256.05;2264.44;24.24;16.05;10.63;61.00;58.26;0.577;NEUTRE;0;26.4;1;1
2026.04.30 14:00;2262.51;2269.73;2245.24;2260.87;24.85;14.92;12.27;58.84;57.74;0.419;NEUTRE;0;21.1;0;1
2026.04.30 13:00;2263.93;2271.01;2253.13;2262.51;27.17;17.22;9.20;54.94;59.99;0.492;NEUTRE;0;26;1;1
2026.04.30 12:00;2256.88;2269.63;2256.23;2263.95;26.68;19.87;7.95;59.43;66.68;0.556;NEUTRE;0;30.8;1;1
2026.04.30 11:00;2260.32;2271.74;2251.11;2256.88;24.19;22.92;9.17;65.60;74.58;0.242;NEUTRE;0;15.8;0;1
2026.04.30 10:00;2260.62;2264.39;2255.27;2260.32;21.32;20.97;10.58;75.02;75.31;0.394;NEUTRE;0;26.9;1;1
2026.04.30 09:00;2255.12;2270.07;2254.54;2260.62;19.53;24.20;12.21;83.13;65.88;0.408;NEUTRE;0;30.3;1;1
2026.04.30 08:00;2259.02;2260.94;2253.87;2255.12;17.47;18.87;14.09;67.77;45.71;0.163;NEUTRE;0;14.7;0;1
2026.04.30 07:00;2246.46;2260.78;2242.25;2259.02;17.92;21.43;16.25;46.75;30.79;0.337;NEUTRE;0;31.8;1;1
2026.04.30 06:00;2241.35;2251.18;2240.33;2246.46;18.56;16.75;18.75;22.61;22.55;-0.221;NEUTRE;0;-25.4;-1;0
2026.04.30 05:00;2237.44;2246.74;2230.29;2241.35;20.55;13.04;21.64;23.01;29.92;-0.448;NEUTRE;0;-49.1;-2;0
2026.04.30 04:00;2251.73;2252.79;2235.16;2237.44;19.90;15.04;20.41;22.04;43.61;-0.622;NEUTRE;0;-63.5;-2;0
2026.04.30 03:00;2243.52;2255.43;2242.17;2251.75;20.63;17.36;17.44;44.70;63.26;0.014;NEUTRE;0;3.4;0;0
2026.04.30 02:00;2268.10;2272.04;2234.78;2243.56;23.77;20.03;20.12;64.10;72.36;-0.350;NEUTRE;0;-66.1;-3;0
2026.04.30 01:00;2271.41;2277.75;2265.52;2268.04;27.39;23.11;10.52;80.99;70.12;0.737;NEUTRE;0;;;0
2026.04.30 00:00;2251.44;2273.47;2248.46;2271.41;25.85;21.28;12.14;72.01;58.42;0.887;NEUTRE;0;;;0
2026.04.29 23:00;2256.31;2259.16;2248.88;2251.44;25.62;15.75;14.01;57.38;44.69;-1.619;NEUTRE;0;-42.2;-1;0
2026.04.29 22:00;2251.57;2257.55;2248.62;2256.31;28.66;15.76;16.16;45.87;32.87;-1.406;NEUTRE;0;-39.5;-1;0
2026.04.29 21:00;2239.11;2263.38;2237.28;2251.62;32.87;18.19;18.65;30.82;25.18;-1.611;NEUTRE;0;-44.7;-1;0
2026.04.29 20:00;2232.16;2247.24;2228.89;2239.11;37.74;11.47;21.52;21.93;21.55;-2.157;SOFT_DOWN;-1;-54.3;-2;0
2026.04.29 19:00;2237.99;2241.03;2223.72;2232.16;38.86;8.03;24.83;22.78;19.70;-2.461;SOFT_DOWN;-1;-59.1;-2;1
2026.04.29 18:00;2281.19;2283.97;2219.39;2237.99;36.98;9.27;28.65;19.95;15.83;-2.206;SOFT_DOWN;-1;-57.7;-2;1
2026.04.29 17:00;2265.82;2281.30;2264.69;2281.30;34.80;10.69;22.27;16.38;14.75;-0.314;NEUTRE;0;-13.4;0;1
2026.04.29 16:00;2271.25;2278.53;2261.61;2265.82;34.76;9.77;25.69;11.18;15.97;-0.990;NEUTRE;0;-38.6;-1;1
2026.04.29 15:00;2298.27;2300.22;2262.44;2271.03;33.20;11.28;28.89;16.70;20.87;-0.763;NEUTRE;0;-33.2;-1;1
2026.04.29 14:00;2301.83;2306.94;2292.63;2298.24;31.56;13.01;21.04;20.03;26.71;0.426;NEUTRE;0;21.4;0;1
2026.04.29 13:00;2315.23;2317.40;2288.68;2301.85;32.79;15.02;24.28;25.90;38.07;0.584;NEUTRE;0;30.1;1;1
2026.04.29 12:00;2330.71;2331.35;2307.20;2315.23;34.21;17.33;18.09;34.20;48.02;1.169;NEUTRE;0;51.5;2;1
2026.04.29 11:00;2332.68;2335.32;2327.91;2330.70;39.14;19.99;7.68;54.10;57.28;1.845;NEUTRE;0;65.2;3;1
2026.04.29 10:00;2339.08;2346.04;2329.49;2332.70;38.32;23.07;5.58;55.75;60.14;1.932;SOFT_UP;1;68.1;3;1
2026.04.29 09:00;2324.46;2345.85;2321.83;2339.08;34.82;26.44;6.44;61.99;65.25;2.211;SOFT_UP;1;72.5;3;1
2026.04.29 08:00;2322.77;2328.10;2320.33;2324.46;30.82;19.14;7.43;62.68;69.36;1.572;NEUTRE;0;68.4;3;1
2026.04.29 07:00;2323.83;2329.55;2320.71;2322.77;28.78;22.08;7.82;71.10;74.90;1.498;NEUTRE;0;70.1;3;1
2026.04.29 06:00;2328.01;2335.25;2320.18;2323.83;25.87;25.48;9.02;74.30;76.59;1.545;NEUTRE;0;73.2;3;0
2026.04.29 05:00;2326.21;2331.35;2321.77;2328.01;22.52;25.42;10.41;79.29;77.35;1.727;NEUTRE;0;77.3;3;0
2026.04.29 04:00;2311.07;2341.94;2308.53;2326.21;19.54;29.33;12.01;76.17;69.29;1.649;NEUTRE;0;79.3;3;0
2026.04.29 03:00;2288.07;2315.45;2286.80;2310.92;16.10;21.64;13.86;76.57;58.62;0.981;NEUTRE;0;76.6;3;0
2026.04.29 02:00;2291.87;2294.93;2283.77;2288.07;15.20;13.95;15.99;55.11;40.68;-0.018;NEUTRE;0;-6.6;0;0
2026.04.29 01:00;2291.56;2296.27;2278.07;2291.87;16.49;16.10;18.45;44.19;30.93;0.148;NEUTRE;0;;;0
2026.04.29 00:00;2288.48;2293.12;2284.41;2291.56;17.98;18.58;15.93;22.74;30.51;0.135;NEUTRE;0;;;0
2026.04.28 23:00;2285.67;2289.35;2283.37;2288.47;19.57;14.78;18.38;25.86;45.85;-0.626;NEUTRE;0;-19.3;0;0
2026.04.28 22:00;2289.44;2294.02;2284.61;2285.67;20.91;17.05;18.02;42.92;65.67;-0.748;NEUTRE;0;-23.7;0;0
2026.04.28 21:00;2294.52;2296.47;2285.41;2289.44;23.69;19.67;19.49;68.78;82.21;-0.584;NEUTRE;0;-19.7;0;0
2026.04.28 20:00;2300.92;2304.82;2294.48;2294.48;27.27;22.70;9.87;85.32;90.58;-0.365;NEUTRE;0;-13.2;0;0
2026.04.28 19:00;2296.32;2304.80;2289.42;2300.95;25.40;26.16;11.39;92.53;91.37;-0.084;NEUTRE;0;-3.3;0;1
2026.04.28 18:00;2289.77;2297.57;2286.94;2296.32;23.25;22.95;13.14;93.89;85.26;-0.285;NEUTRE;0;-11.5;0;1
2026.04.28 17:00;2285.42;2292.80;2277.85;2289.77;22.65;19.58;15.16;87.68;74.89;-0.570;NEUTRE;0;-23.4;0;1
2026.04.28 16:00;2278.85;2287.39;2273.39;2285.42;24.18;17.02;17.49;74.21;62.78;-0.759;NEUTRE;0;-31.4;-1;1
2026.04.28 15:00;2272.71;2279.87;2268.49;2278.85;27.69;11.38;20.18;62.79;52.34;-1.044;NEUTRE;0;-41.9;-1;1
2026.04.28 14:00;2275.85;2276.08;2260.12;2272.65;27.66;8.01;23.29;51.33;45.48;-1.313;NEUTRE;0;-50.4;-2;1
2026.04.28 13:00;2277.53;2285.23;2257.68;2275.84;24.40;9.24;26.87;42.90;43.21;-1.175;NEUTRE;0;-49.3;-2;1
2026.04.28 12:00;2274.41;2280.08;2270.63;2277.53;20.64;10.66;23.77;42.23;47.89;-1.101;NEUTRE;0;-49.8;-2;1
2026.04.28 11:00;2283.62;2284.52;2269.33;2274.41;17.96;12.30;27.43;44.50;52.93;-1.237;NEUTRE;0;-55.4;-2;1
2026.04.28 10:00;2281.68;2286.50;2279.97;2283.62;14.86;14.19;20.87;56.95;54.55;-0.837;NEUTRE;0;-47.2;-2;1
2026.04.28 09:00;2286.41;2287.79;2275.78;2281.68;14.22;16.38;24.08;57.36;48.09;-0.921;NEUTRE;0;-52.8;-2;1
2026.04.28 08:00;2287.12;2290.92;2282.90;2286.41;13.47;18.89;18.67;49.33;37.45;-0.716;NEUTRE;0;-49.1;-2;1
2026.04.28 07:00;2277.12;2287.60;2269.91;2287.12;15.45;15.43;21.54;37.59;30.43;-0.685;NEUTRE;0;-51.6;-2;1
2026.04.28 06:00;2287.55;2290.42;2269.71;2277.12;15.29;17.81;24.85;25.44;27.33;-1.119;NEUTRE;0;-67.4;-3;0
2026.04.28 05:00;2288.05;2296.49;2286.15;2287.55;15.10;20.55;16.46;28.27;31.10;-0.666;NEUTRE;0;-59.8;-2;0
2026.04.28 04:00;2290.01;2293.63;2282.60;2288.09;15.73;19.45;19.00;28.29;39.49;-0.643;NEUTRE;0;-64.2;-2;0
2026.04.28 03:00;2288.12;2290.30;2281.60;2290.01;17.96;17.80;21.92;36.75;55.19;-0.559;NEUTRE;0;-67.4;-3;0
2026.04.28 02:00;2298.12;2300.31;2280.22;2288.13;19.13;20.54;25.29;53.45;71.81;-0.641;NEUTRE;0;-76.4;-3;0
2026.04.28 01:00;2306.23;2308.37;2297.12;2298.12;20.48;23.70;16.24;75.39;80.38;-0.207;NEUTRE;0;;;0
2026.04.28 00:00;2302.89;2310.35;2298.65;2306.23;20.76;27.35;16.65;86.60;80.82;0.145;NEUTRE;0;;;0
2026.04.27 23:00;2293.84;2307.70;2290.44;2302.91;20.21;28.07;19.21;79.16;71.33;-2.823;SOFT_DOWN;-1;-57.7;-2;0
2026.04.27 22:00;2286.69;2295.23;2283.99;2293.83;20.44;21.27;22.16;76.69;60.87;-3.206;SOFT_DOWN;-1;-62;-2;0
2026.04.27 21:00;2290.68;2291.80;2285.97;2286.69;23.26;19.85;25.57;58.13;47.77;-3.507;SOFT_DOWN;-1;-65.1;-3;0
2026.04.27 20:00;2288.55;2295.74;2288.42;2290.68;24.91;22.90;23.04;47.80;37.97;-3.339;SOFT_DOWN;-1;-65.1;-3;0
2026.04.27 19:00;2287.97;2290.46;2274.53;2288.55;28.69;15.33;26.59;37.38;29.22;-3.429;SOFT_DOWN;-1;-66.7;-3;1
2026.04.27 18:00;2286.28;2291.45;2283.62;2287.97;28.97;17.69;21.90;28.74;23.68;-3.453;SOFT_DOWN;-1;-68;-3;1
2026.04.27 17:00;2277.38;2292.10;2277.38;2286.28;31.79;20.41;25.27;21.55;22.76;-3.525;SOFT_DOWN;-1;-69.5;-3;1
2026.04.27 16:00;2274.29;2279.93;2269.43;2277.38;35.05;10.83;29.15;20.75;28.55;-3.900;STRONG_DOWN;-2;-72.3;-3;1
2026.04.27 15:00;2314.52;2314.99;2265.66;2274.29;33.39;12.49;33.64;25.98;36.72;-4.031;STRONG_DOWN;-2;-73.9;-3;1
2026.04.27 14:00;2312.00;2329.04;2308.22;2314.52;31.47;14.42;25.54;38.93;44.99;-2.333;SOFT_DOWN;-1;-65;-3;1
2026.04.27 13:00;2313.52;2320.02;2303.20;2312.07;32.03;9.97;29.47;45.25;42.41;-2.436;SOFT_DOWN;-1;-67.5;-3;1
2026.04.27 12:00;2319.84;2320.82;2311.95;2313.52;29.35;11.50;26.00;50.80;33.52;-2.375;SOFT_DOWN;-1;-68.6;-3;1
2026.04.27 11:00;2319.74;2322.53;2316.57;2319.84;27.92;13.27;21.99;31.18;20.00;-2.109;SOFT_DOWN;-1;-68;-3;1
2026.04.27 10:00;2321.61;2323.64;2318.24;2319.74;28.41;15.31;21.06;18.58;12.23;-2.113;SOFT_DOWN;-1;-69.8;-3;1
2026.04.27 09:00;2319.22;2324.93;2315.14;2321.61;30.35;17.67;24.30;10.26;7.84;-2.034;SOFT_DOWN;-1;-71;-3;1
2026.04.27 08:00;2315.69;2319.45;2308.98;2319.22;32.59;11.77;28.03;7.87;9.75;-2.135;SOFT_DOWN;-1;-73.8;-3;1
2026.04.27 07:00;2320.75;2323.09;2314.84;2315.69;31.32;13.59;23.74;5.39;19.34;-2.284;SOFT_DOWN;-1;-76.6;-3;1
2026.04.27 06:00;2322.74;2328.58;2313.03;2320.75;31.96;15.68;27.39;16.00;40.93;-2.070;SOFT_DOWN;-1;-77.3;-3;0
2026.04.27 05:00;2382.84;2383.28;2319.11;2322.74;32.69;18.09;25.59;36.62;62.25;-1.986;SOFT_DOWN;-1;-78.9;-3;0
2026.04.27 04:00;2394.71;2396.09;2380.46;2382.84;35.08;20.87;14.81;70.18;78.15;0.550;NEUTRE;0;60.6;2;0
2026.04.27 03:00;2392.49;2400.53;2390.83;2394.71;37.87;24.08;6.89;79.96;82.44;1.051;NEUTRE;0;77.5;3;0
2026.04.27 02:00;2394.70;2397.39;2387.42;2392.49;35.15;22.81;7.95;84.31;79.53;0.957;NEUTRE;0;80.8;3;0
2026.04.27 01:00;2389.60;2404.17;2377.50;2394.70;33.12;26.32;9.17;83.06;71.43;1.050;NEUTRE;0;;;0
2026.04.27 00:00;2369.81;2391.54;2359.41;2389.47;30.78;23.08;10.58;71.22;63.58;0.830;NEUTRE;0;;;0
2026.04.26 23:00;2361.85;2378.63;2356.92;2369.78;29.81;20.45;12.21;60.01;63.17;2.173;SOFT_UP;1;50.6;2;0
2026.04.26 22:00;2364.75;2380.01;2353.78;2361.85;30.51;23.59;14.08;59.50;67.69;1.831;NEUTRE;0;47;2;0
2026.04.26 21:00;2362.98;2370.36;2349.07;2364.96;31.32;21.56;16.25;70.01;74.88;1.965;SOFT_UP;1;50.3;2;0
2026.04.26 20:00;2367.93;2373.11;2363.25;2363.53;33.98;24.88;8.51;73.55;77.47;1.904;SOFT_UP;1;50.8;2;0
2026.04.26 19:00;2361.99;2376.15;2359.72;2367.93;31.66;28.71;9.81;81.09;79.63;2.093;SOFT_UP;1;54.8;2;0
2026.04.26 18:00;2349.79;2369.41;2347.58;2361.96;28.99;26.81;11.32;77.78;78.01;1.836;NEUTRE;0;52.7;2;0
2026.04.26 17:00;2342.76;2350.37;2340.55;2349.79;27.20;17.52;13.07;80.02;79.23;1.311;NEUTRE;0;44.8;1;0
2026.04.26 16:00;2348.47;2349.67;2342.76;2342.76;29.14;20.21;11.61;76.23;74.67;1.008;NEUTRE;0;39.1;1;0
2026.04.26 15:00;2346.22;2348.96;2344.22;2348.47;29.47;23.32;10.15;81.46;69.89;1.254;NEUTRE;0;47.1;2;0
2026.04.26 14:00;2335.36;2352.18;2333.64;2346.22;27.95;26.91;11.71;66.33;59.95;1.157;NEUTRE;0;46.8;2;0
2026.04.26 13:00;2329.06;2335.97;2328.06;2335.36;26.19;17.60;13.51;61.88;62.89;0.689;NEUTRE;0;34.3;1;0
2026.04.26 12:00;2336.33;2336.70;2325.41;2329.03;28.20;20.31;15.59;51.62;67.97;0.416;NEUTRE;0;24.1;0;0
2026.04.26 11:00;2332.97;2337.94;2332.83;2336.36;30.52;23.43;7.88;75.15;78.72;0.732;NEUTRE;0;40.6;1;0
2026.04.26 10:00;2334.55;2336.49;2331.76;2332.97;27.57;22.67;9.09;77.13;81.40;0.586;NEUTRE;0;37;1;0
2026.04.26 09:00;2332.56;2335.61;2329.76;2334.52;25.24;23.30;10.49;83.88;82.60;0.653;NEUTRE;0;43.1;1;0
2026.04.26 08:00;2331.54;2337.86;2330.56;2332.56;23.29;26.88;10.00;83.18;80.96;0.568;NEUTRE;0;42.4;1;0
2026.04.26 07:00;2330.21;2332.61;2328.71;2331.54;19.83;19.96;11.54;80.73;74.82;0.524;NEUTRE;0;44;1;0
2026.04.26 06:00;2328.06;2333.66;2327.83;2330.14;18.76;23.03;13.31;78.95;64.31;0.464;NEUTRE;0;44.9;1;0
2026.04.26 05:00;2317.69;2335.47;2317.64;2328.06;17.54;26.57;15.36;64.77;46.37;0.374;NEUTRE;0;43.9;1;0
2026.04.26 04:00;2309.90;2319.88;2308.96;2317.69;16.13;17.20;17.73;49.22;37.36;-0.073;NEUTRE;0;-13.2;0;0
2026.04.26 03:00;2315.15;2316.67;2306.63;2309.90;18.38;15.33;20.45;25.12;41.12;-0.409;NEUTRE;0;-60.3;-2;0
2026.04.26 02:00;2313.98;2318.57;2313.62;2315.15;19.00;17.69;12.89;37.74;58.13;-0.182;NEUTRE;0;-49.5;-2;0
2026.04.26 01:00;2315.21;2318.09;2313.41;2313.98;19.51;18.92;14.87;60.51;73.96;-0.233;NEUTRE;0;;;0
2026.04.26 00:00;2319.38;2319.70;2312.52;2315.21;20.67;21.83;17.16;76.15;82.61;-0.180;NEUTRE;0;;;0
2026.04.25 23:00;2317.92;2319.75;2316.88;2319.38;22.01;25.18;10.46;85.21;81.65;0.180;NEUTRE;0;5.8;0;0
2026.04.25 22:00;2315.83;2320.61;2315.17;2317.92;19.04;29.06;12.06;86.47;75.00;0.117;NEUTRE;0;3.9;0;0
2026.04.25 21:00;2313.32;2317.47;2313.04;2315.83;15.61;24.65;13.92;73.27;63.25;0.026;NEUTRE;0;0.9;0;0
2026.04.25 20:00;2309.92;2313.52;2308.70;2313.32;13.73;14.72;16.06;65.26;55.54;-0.082;NEUTRE;0;-3;0;0
2026.04.25 19:00;2311.49;2312.32;2307.03;2309.92;15.17;13.16;18.53;51.23;46.66;-0.229;NEUTRE;0;-8.8;0;0
2026.04.25 18:00;2309.07;2314.01;2308.28;2311.49;14.89;15.18;17.75;50.14;41.83;-0.161;NEUTRE;0;-6.6;0;0
2026.04.25 17:00;2309.59;2313.45;2307.25;2309.07;15.99;16.01;20.48;38.61;36.24;-0.266;NEUTRE;0;-11.4;0;0
2026.04.25 16:00;2308.17;2311.01;2300.93;2309.59;16.56;12.42;23.63;36.76;34.68;-0.243;NEUTRE;0;-11.1;0;0
2026.04.25 15:00;2315.97;2318.60;2305.01;2308.20;14.33;14.33;21.04;33.36;31.58;-0.303;NEUTRE;0;-14.6;0;0
2026.04.25 14:00;2316.27;2319.12;2315.12;2315.97;13.61;16.54;12.83;33.92;31.57;0.032;NEUTRE;0;1.7;0;0
2026.04.25 13:00;2313.47;2317.98;2313.47;2316.27;13.77;14.70;14.81;27.47;35.92;0.045;NEUTRE;0;2.6;0;0
2026.04.25 12:00;2313.77;2317.26;2311.67;2313.47;15.83;14.50;17.08;33.32;49.39;-0.076;NEUTRE;0;-4.7;0;0
2026.04.25 11:00;2320.41;2320.41;2311.18;2313.77;17.01;16.73;19.71;46.97;59.10;-0.063;NEUTRE;0;-4.2;0;0
2026.04.25 10:00;2319.11;2322.86;2318.71;2320.41;18.36;19.31;10.19;67.88;62.32;0.224;NEUTRE;0;16.1;0;0
2026.04.25 09:00;2319.40;2323.28;2317.07;2319.11;16.44;22.28;11.76;62.44;53.50;0.168;NEUTRE;0;13.5;0;0
2026.04.25 08:00;2316.42;2320.98;2315.80;2319.40;14.21;20.01;13.57;56.65;47.37;0.181;NEUTRE;0;16.2;0;0
2026.04.25 07:00;2315.96;2318.58;2314.20;2316.70;13.45;15.96;15.66;41.41;47.15;0.064;NEUTRE;0;6.7;0;0
2026.04.25 06:00;2316.20;2317.69;2314.68;2315.96;15.37;15.29;18.07;44.05;55.91;0.032;NEUTRE;0;3.9;0;0
2026.04.25 05:00;2316.74;2316.75;2313.25;2316.20;16.45;12.83;20.85;55.99;62.44;0.042;NEUTRE;0;6.2;0;0
2026.04.25 04:00;2318.70;2319.49;2316.13;2316.73;15.33;14.81;11.39;67.70;61.38;0.065;NEUTRE;0;11.8;0;0
2026.04.25 03:00;2317.58;2320.25;2315.55;2318.70;15.68;17.09;13.15;63.62;53.10;0.150;NEUTRE;0;32.8;1;0
2026.04.25 02:00;2318.21;2319.46;2314.78;2317.58;16.09;17.13;15.17;52.82;42.86;0.102;NEUTRE;0;33.3;1;0
2026.04.25 01:00;2315.97;2321.25;2315.69;2318.21;17.63;19.77;14.51;42.86;35.46;0.129;NEUTRE;0;;;0
2026.04.25 00:00;2315.22;2316.26;2311.48;2315.96;17.98;9.00;16.75;32.89;37.33;0.032;NEUTRE;0;;;0
2026.04.24 23:00;2312.23;2316.25;2312.23;2315.22;16.12;10.38;16.91;30.63;48.25;-0.658;NEUTRE;0;-20.2;0;0
2026.04.24 22:00;2315.27;2316.35;2307.54;2312.18;14.92;11.98;19.51;48.46;62.58;-0.788;NEUTRE;0;-24.8;0;0
2026.04.24 21:00;2326.82;2327.96;2313.20;2315.27;13.54;13.82;12.63;65.66;68.02;-0.656;NEUTRE;0;-21.9;0;0
2026.04.24 20:00;2321.55;2328.56;2315.42;2326.82;14.92;15.95;12.25;73.61;65.32;-0.160;NEUTRE;0;-5.9;0;0
2026.04.24 19:00;2319.89;2325.39;2319.16;2321.55;15.20;18.41;9.76;64.80;60.77;-0.386;NEUTRE;0;-14.7;0;1
2026.04.24 18:00;2319.86;2321.76;2309.93;2319.89;12.82;12.27;11.26;57.55;56.42;-0.457;NEUTRE;0;-18.1;0;1
2026.04.24 17:00;2316.81;2321.58;2308.60;2319.86;14.14;13.93;13.00;59.96;54.10;-0.459;NEUTRE;0;-19.2;0;1
2026.04.24 16:00;2324.06;2324.57;2310.10;2316.81;15.78;16.07;13.22;51.75;51.01;-0.590;NEUTRE;0;-25.4;-1;1
2026.04.24 15:00;2313.91;2329.98;2301.58;2324.06;16.71;18.54;15.25;50.58;56.13;-0.278;NEUTRE;0;-13.4;0;1
2026.04.24 14:00;2317.27;2318.61;2303.92;2313.97;17.78;15.23;17.60;50.71;64.05;-0.711;NEUTRE;0;-33.2;-1;1
2026.04.24 13:00;2325.43;2332.06;2310.88;2317.27;19.41;17.58;13.02;67.10;68.78;-0.570;NEUTRE;0;-29.5;-1;1
2026.04.24 12:00;2328.42;2332.75;2318.64;2325.43;20.10;20.28;9.38;74.34;65.41;-0.220;NEUTRE;0;-13.3;0;1
2026.04.24 11:00;2316.13;2333.31;2316.13;2328.42;17.54;23.40;10.82;64.89;58.70;-0.091;NEUTRE;0;-6.1;0;1
2026.04.24 10:00;2310.20;2319.19;2305.96;2316.13;14.58;14.36;12.49;57.01;52.03;-0.619;NEUTRE;0;-38.6;-1;1
2026.04.24 09:00;2315.37;2316.03;2304.12;2310.20;15.76;12.89;14.41;54.21;45.88;-0.873;NEUTRE;0;-51.3;-2;1
2026.04.24 08:00;2312.01;2323.25;2307.42;2315.37;17.32;14.88;12.37;44.87;36.99;-0.651;NEUTRE;0;-46.4;-2;1
2026.04.24 07:00;2309.35;2316.86;2308.81;2312.01;18.57;10.96;14.27;38.54;30.57;-0.796;NEUTRE;0;-55.7;-2;1
2026.04.24 06:00;2314.93;2317.26;2308.83;2309.35;19.41;12.64;16.42;27.56;23.78;-0.910;NEUTRE;0;-62.9;-2;0
2026.04.24 05:00;2306.41;2317.08;2300.19;2315.01;20.39;14.26;18.95;25.62;25.46;-0.667;NEUTRE;0;-59.8;-2;0
2026.04.24 04:00;2308.65;2311.92;2300.67;2306.41;21.36;11.75;21.87;18.15;35.28;-1.036;NEUTRE;0;-73.3;-3;0
2026.04.24 03:00;2320.06;2322.34;2301.30;2308.65;20.01;13.56;24.37;32.61;54.40;-0.940;NEUTRE;0;-76.1;-3;0
2026.04.24 02:00;2333.03;2335.56;2315.57;2320.06;18.71;15.65;17.69;55.10;69.88;-0.450;NEUTRE;0;-71;-3;0
2026.04.24 01:00;2332.60;2334.31;2318.85;2333.02;20.64;18.05;17.88;75.50;78.94;0.106;NEUTRE;0;;;0
2026.04.24 00:00;2330.55;2337.77;2327.01;2332.59;23.74;20.83;12.51;79.05;81.16;0.088;NEUTRE;0;;;0
2026.04.23 23:00;2332.21;2333.57;2324.53;2330.50;23.56;18.03;14.44;82.28;77.81;-1.857;NEUTRE;0;-46.1;-2;0
2026.04.23 22:00;2323.40;2338.86;2321.84;2332.21;25.48;20.80;16.66;82.14;67.89;-1.785;NEUTRE;0;-46.3;-2;0
2026.04.23 21:00;2325.31;2329.04;2321.01;2323.40;27.70;15.13;19.22;69.00;54.43;-2.156;SOFT_DOWN;-1;-52.9;-2;0
2026.04.23 20:00;2313.32;2329.12;2313.32;2325.31;30.13;17.46;22.18;52.52;44.42;-2.075;SOFT_DOWN;-1;-53.2;-2;0
2026.04.23 19:00;2305.40;2319.47;2300.85;2313.22;32.93;10.80;25.59;41.78;42.99;-2.584;SOFT_DOWN;-1;-60.3;-2;1
2026.04.23 18:00;2310.52;2319.38;2305.45;2305.45;31.75;12.47;25.73;38.97;51.73;-2.912;SOFT_DOWN;-1;-64.4;-2;1
2026.04.23 17:00;2326.62;2329.71;2285.43;2310.52;31.29;14.38;29.69;48.21;60.90;-2.698;SOFT_DOWN;-1;-63.9;-2;1
2026.04.23 16:00;2333.86;2336.09;2323.62;2326.62;30.76;16.60;20.98;68.01;66.15;-2.020;SOFT_DOWN;-1;-58.4;-2;1
2026.04.23 15:00;2334.74;2343.59;2324.24;2333.86;33.70;19.15;23.45;66.47;59.65;-1.715;NEUTRE;0;-55.8;-2;1
2026.04.23 14:00;2319.71;2335.64;2316.31;2334.79;37.33;15.78;27.05;63.98;50.27;-1.676;NEUTRE;0;-57;-2;1
2026.04.23 13:00;2329.61;2333.04;2315.43;2319.84;39.02;16.13;31.22;48.52;36.41;-2.306;SOFT_DOWN;-1;-66.4;-3;1
2026.04.23 12:00;2329.37;2335.93;2322.18;2329.61;40.13;18.62;30.12;38.33;24.35;-1.894;SOFT_DOWN;-1;-63.8;-2;1
2026.04.23 11:00;2314.50;2332.23;2314.50;2329.32;42.67;17.34;34.76;22.38;18.32;-1.906;SOFT_DOWN;-1;-65.9;-3;1
2026.04.23 10:00;2316.42;2319.55;2306.16;2314.45;44.09;9.04;40.10;12.33;26.51;-2.533;SOFT_DOWN;-1;-73;-3;1
2026.04.23 09:00;2340.08;2340.08;2314.62;2316.42;41.15;10.43;36.55;20.26;39.43;-2.450;SOFT_DOWN;-1;-74.1;-3;1
2026.04.23 08:00;2344.67;2345.26;2335.18;2340.03;38.92;12.03;29.75;46.95;47.50;-1.455;NEUTRE;0;-66.9;-3;1
2026.04.23 07:00;2354.81;2357.41;2341.42;2344.67;38.39;13.88;24.80;51.07;40.59;-1.260;NEUTRE;0;-66.7;-3;1
2026.04.23 06:00;2349.30;2359.04;2349.30;2354.81;39.95;16.02;21.04;44.47;29.59;-0.833;NEUTRE;0;-60.8;-2;0
2026.04.23 05:00;2348.01;2352.94;2340.75;2349.16;44.01;8.98;24.28;26.23;21.45;-1.071;NEUTRE;0;-70.1;-3;0
2026.04.23 04:00;2340.67;2349.14;2337.10;2348.01;43.71;5.57;28.01;18.08;23.11;-1.119;NEUTRE;0;-74.5;-3;0
2026.04.23 03:00;2352.01;2353.34;2332.01;2340.67;40.15;6.43;32.32;20.04;27.74;-1.428;NEUTRE;0;-80.7;-3;0
2026.04.23 02:00;2366.95;2366.97;2344.21;2352.02;36.05;7.42;28.49;31.20;32.63;-0.950;NEUTRE;0;-80.7;-3;0
2026.04.23 01:00;2373.01;2373.03;2360.97;2366.95;32.57;8.56;21.55;31.99;35.01;-0.322;NEUTRE;0;;;0
2026.04.23 00:00;2374.59;2381.85;2345.10;2372.86;30.94;9.88;24.86;34.69;41.06;-0.073;NEUTRE;0;;;0
2026.04.22 23:00;2400.28;2400.53;2374.31;2374.59;29.06;11.39;16.46;38.36;44.56;2.023;SOFT_UP;1;48.6;2;0
2026.04.22 22:00;2402.56;2405.45;2394.19;2400.21;30.74;13.15;7.33;50.14;42.79;3.124;SOFT_UP;1;61.3;2;0
2026.04.22 21:00;2391.84;2406.51;2391.60;2402.56;31.09;15.17;8.46;45.18;38.44;3.224;SOFT_UP;1;63.2;2;0
2026.04.22 20:00;2397.34;2402.74;2390.75;2391.72;31.50;13.61;9.76;33.07;31.60;2.759;SOFT_UP;1;60.6;2;0
2026.04.22 19:00;2397.07;2407.44;2389.09;2397.34;33.81;15.71;11.26;37.08;30.29;3.000;SOFT_UP;1;63.8;2;1
2026.04.22 18:00;2399.21;2404.82;2394.93;2397.05;36.47;18.13;8.09;24.64;28.72;2.988;SOFT_UP;1;64.9;2;1
2026.04.22 17:00;2386.13;2402.91;2385.98;2399.21;36.20;17.94;9.34;29.15;40.52;3.081;SOFT_UP;1;66.8;3;1
2026.04.22 16:00;2404.02;2414.44;2384.40;2386.10;36.91;20.70;10.77;32.38;55.10;2.517;SOFT_UP;1;63.7;2;1
2026.04.22 15:00;2403.11;2414.09;2391.13;2404.02;37.74;23.89;8.99;60.04;73.95;3.287;SOFT_UP;1;70.5;3;1
2026.04.22 14:00;2418.12;2423.85;2392.15;2403.20;36.57;27.56;9.68;72.89;81.17;3.252;SOFT_UP;1;71.5;3;1
2026.04.22 13:00;2405.37;2423.20;2401.74;2417.85;34.81;31.80;6.52;88.93;76.79;3.881;STRONG_UP;2;75.4;3;1
2026.04.22 12:00;2399.01;2407.03;2396.22;2405.39;30.02;25.11;7.52;81.68;64.81;3.346;SOFT_UP;1;74.4;3;1
2026.04.22 11:00;2390.14;2401.02;2386.71;2399.02;26.35;20.41;8.68;59.76;55.86;3.072;SOFT_UP;1;74.5;3;1
2026.04.22 10:00;2387.50;2394.03;2384.75;2390.14;24.19;16.04;10.02;52.98;58.12;2.691;SOFT_UP;1;73.9;3;1
2026.04.22 09:00;2387.81;2394.30;2384.80;2387.50;24.36;18.51;11.47;54.83;65.77;2.577;SOFT_UP;1;74.8;3;1
2026.04.22 08:00;2389.67;2393.39;2382.64;2387.81;24.50;19.88;13.24;66.55;74.04;2.591;SOFT_UP;1;76.5;3;1
2026.04.22 07:00;2392.39;2396.96;2384.15;2389.67;25.18;22.94;13.11;75.92;78.32;2.671;SOFT_UP;1;78.5;3;1
2026.04.22 06:00;2395.78;2396.18;2388.82;2392.39;24.86;26.47;9.52;79.66;80.58;2.788;SOFT_UP;1;80.5;3;0
2026.04.22 05:00;2363.45;2412.35;2361.37;2395.78;21.44;30.54;10.99;79.38;81.85;2.933;SOFT_UP;1;82.5;3;0
2026.04.22 04:00;2363.62;2368.90;2358.11;2363.45;17.50;22.13;12.68;82.71;84.44;1.544;NEUTRE;0;78.6;3;0
2026.04.22 03:00;2370.75;2379.35;2358.00;2363.61;16.01;25.53;14.63;83.46;84.87;1.551;NEUTRE;0;81.5;3;0
2026.04.22 02:00;2322.59;2374.93;2320.08;2370.75;14.30;26.28;16.88;87.14;82.57;1.858;NEUTRE;0;85.2;3;0
2026.04.22 01:00;2325.51;2329.06;2313.11;2322.61;13.15;17.45;19.48;84.02;76.27;-0.211;NEUTRE;0;;;0
2026.04.22 00:00;2327.51;2330.71;2322.49;2325.51;14.33;20.14;13.43;76.56;68.42;-0.086;NEUTRE;0;;;0
2026.04.21 23:00;2311.56;2329.77;2311.05;2327.51;13.46;21.48;15.49;68.23;59.91;0.574;NEUTRE;0;17.8;0;0
2026.04.21 22:00;2312.50;2316.90;2302.25;2311.56;13.04;14.20;17.88;60.47;54.76;-0.115;NEUTRE;0;-3.9;0;0
2026.04.21 21:00;2316.06;2318.22;2309.92;2312.50;13.28;16.39;12.57;51.03;50.03;-0.074;NEUTRE;0;-2.6;0;0
2026.04.21 20:00;2298.19;2325.70;2295.93;2316.62;13.30;18.91;14.51;52.78;50.80;0.104;NEUTRE;0;3.8;0;0
2026.04.21 19:00;2313.09;2331.39;2287.11;2298.19;13.31;21.82;16.74;46.29;49.08;-0.693;NEUTRE;0;-25.2;-1;1
2026.04.21 18:00;2306.42;2313.74;2301.07;2313.11;13.33;19.04;19.31;53.33;45.26;-0.048;NEUTRE;0;-2;0;1
2026.04.21 17:00;2307.75;2318.88;2285.88;2306.41;15.28;21.97;22.28;47.63;38.97;-0.337;NEUTRE;0;-14.3;0;1
2026.04.21 16:00;2310.54;2325.00;2306.66;2307.75;17.52;25.36;16.02;34.82;32.91;-0.280;NEUTRE;0;-12.7;0;1
2026.04.21 15:00;2299.83;2311.25;2290.64;2310.51;16.75;17.72;18.49;34.47;33.43;-0.160;NEUTRE;0;-7.8;0;1
2026.04.21 14:00;2313.17;2328.01;2295.72;2299.83;19.00;20.45;17.54;29.44;37.10;-0.622;NEUTRE;0;-29.8;-1;1
2026.04.21 13:00;2308.72;2317.64;2301.23;2313.09;20.75;18.65;20.24;36.39;46.09;-0.049;NEUTRE;0;-2.8;0;1
2026.04.21 12:00;2320.30;2323.92;2294.39;2308.72;23.31;21.52;23.35;45.46;55.12;-0.238;NEUTRE;0;-14.3;0;1
2026.04.21 11:00;2331.42;2331.89;2316.33;2320.30;26.27;24.84;15.52;56.43;60.30;0.263;NEUTRE;0;17.1;0;1
2026.04.21 10:00;2325.87;2337.61;2325.21;2331.44;26.76;28.66;9.12;63.48;62.58;0.744;NEUTRE;0;43.8;1;1
2026.04.21 09:00;2323.78;2328.09;2318.47;2325.87;22.92;21.25;10.53;61.01;62.25;0.503;NEUTRE;0;35.8;1;1
2026.04.21 08:00;2318.80;2338.63;2314.12;2323.78;21.25;24.52;12.15;63.27;61.01;0.413;NEUTRE;0;33.6;1;1
2026.04.21 07:00;2317.64;2325.14;2311.70;2318.85;19.33;19.83;14.01;62.48;56.51;0.200;NEUTRE;0;20.2;0;1
2026.04.21 06:00;2314.23;2326.96;2308.17;2317.62;19.66;22.88;16.17;57.27;47.84;0.147;NEUTRE;0;17.5;0;0
2026.04.21 05:00;2314.66;2321.11;2313.02;2314.27;20.04;21.61;18.66;49.78;36.61;0.002;NEUTRE;0;0.3;0;0
2026.04.21 04:00;2311.60;2315.61;2304.26;2314.66;22.00;14.47;21.53;36.49;27.90;0.019;NEUTRE;0;3.5;0;0
2026.04.21 03:00;2308.53;2313.16;2300.18;2311.60;22.37;13.38;24.84;23.56;23.80;-0.113;NEUTRE;0;-25.9;-1;0
2026.04.21 02:00;2315.42;2316.12;2306.77;2308.53;21.19;15.44;20.85;23.67;23.49;-0.246;NEUTRE;0;-57.7;-2;0
2026.04.21 01:00;2322.21;2326.96;2312.88;2315.45;22.16;17.81;14.01;24.18;25.02;0.053;NEUTRE;0;;;0
2026.04.21 00:00;2314.22;2324.79;2311.78;2322.30;23.73;18.18;16.16;22.62;34.60;0.349;NEUTRE;0;;;0
2026.04.20 23:00;2319.61;2319.78;2307.81;2314.23;26.47;15.06;18.65;28.25;51.11;2.266;SOFT_UP;1;51.8;2;0
2026.04.20 22:00;2321.53;2329.02;2317.07;2319.61;28.91;17.37;9.61;52.94;69.53;2.504;SOFT_UP;1;55.7;2;0
2026.04.20 21:00;2338.01;2347.16;2315.58;2321.53;28.93;20.04;11.09;72.16;79.31;2.589;SOFT_UP;1;57.8;2;0
2026.04.20 20:00;2332.12;2340.36;2326.06;2338.01;28.96;23.13;7.69;83.49;79.20;3.317;SOFT_UP;1;64.9;2;0
2026.04.20 19:00;2334.66;2336.53;2327.51;2332.12;25.71;22.57;8.88;82.28;73.62;3.057;SOFT_UP;1;64.2;2;1
2026.04.20 18:00;2317.44;2344.76;2317.43;2334.66;22.97;26.04;10.24;71.83;61.72;3.169;SOFT_UP;1;66.2;3;1
2026.04.20 17:00;2300.23;2323.08;2298.08;2317.44;19.81;17.84;11.82;66.76;54.16;2.408;SOFT_UP;1;61.3;2;1
2026.04.20 16:00;2314.32;2315.12;2298.67;2300.25;19.73;15.68;13.64;46.57;48.57;1.648;NEUTRE;0;53;2;1
2026.04.20 15:00;2290.82;2318.92;2278.81;2314.32;21.70;18.10;15.74;49.15;53.97;2.270;SOFT_UP;1;62.8;2;1
2026.04.20 14:00;2311.17;2321.61;2283.48;2291.02;23.96;20.88;16.37;50.00;58.06;1.240;NEUTRE;0;48.8;2;1
2026.04.20 13:00;2319.38;2326.53;2302.27;2311.17;25.78;24.09;11.30;62.75;60.96;2.131;SOFT_UP;1;64.7;2;1
2026.04.20 12:00;2308.36;2323.48;2304.32;2319.38;24.19;25.87;13.04;61.44;58.62;2.494;SOFT_UP;1;69.5;3;1
2026.04.20 11:00;2303.61;2312.67;2300.12;2308.38;22.84;21.17;15.05;58.68;56.29;2.008;SOFT_UP;1;67;3;1
2026.04.20 10:00;2309.43;2320.70;2303.38;2303.61;23.75;24.42;13.37;55.73;54.93;1.797;NEUTRE;0;66.6;3;1
2026.04.20 09:00;2294.17;2313.99;2293.26;2309.48;22.91;22.22;15.43;54.47;53.63;2.056;SOFT_UP;1;71.2;3;1
2026.04.20 08:00;2298.62;2308.45;2289.86;2294.31;23.66;21.53;17.80;54.58;54.95;1.386;NEUTRE;0;65.9;3;1
2026.04.20 07:00;2286.51;2331.97;2283.28;2298.62;25.84;24.84;20.54;51.85;56.10;1.576;NEUTRE;0;71;3;1
2026.04.20 06:00;2270.39;2289.12;2268.94;2286.32;28.35;15.12;23.70;58.42;61.73;1.033;NEUTRE;0;65.7;3;0
2026.04.20 05:00;2283.57;2283.57;2263.52;2270.44;29.32;13.22;27.34;58.05;66.62;0.331;NEUTRE;0;40.5;1;0
2026.04.20 04:00;2286.56;2286.57;2278.78;2283.57;28.47;15.25;19.84;68.71;69.31;0.911;NEUTRE;0;71.2;3;0
2026.04.20 03:00;2278.02;2288.48;2276.27;2286.56;30.84;17.60;22.89;73.11;63.23;1.043;NEUTRE;0;77.4;3;0
2026.04.20 02:00;2286.54;2287.46;2272.43;2278.02;33.57;19.02;26.41;66.10;50.93;0.666;NEUTRE;0;76.9;3;0
2026.04.20 01:00;2280.36;2294.49;2278.42;2286.56;36.23;21.95;24.35;50.47;35.66;1.043;NEUTRE;0;;;0
2026.04.20 00:00;2262.95;2283.47;2260.23;2280.36;41.01;14.77;28.09;36.23;24.72;0.769;NEUTRE;0;;;0
2026.04.19 23:00;2270.29;2270.29;2257.46;2262.95;42.54;8.32;32.41;20.28;17.25;-3.733;STRONG_DOWN;-2;-64.4;-2;0
2026.04.19 22:00;2276.15;2276.15;2252.89;2270.29;39.98;9.60;37.40;17.66;15.88;-3.420;SOFT_DOWN;-1;-63.5;-2;0
2026.04.19 21:00;2280.82;2290.62;2275.11;2276.33;37.03;11.08;28.57;13.81;14.37;-3.163;SOFT_DOWN;-1;-62.7;-2;0
2026.04.19 20:00;2299.90;2300.20;2273.72;2280.91;35.94;12.78;32.96;16.18;13.42;-2.968;SOFT_DOWN;-1;-62.4;-2;0
2026.04.19 19:00;2296.36;2305.05;2294.50;2299.90;34.68;14.75;25.96;13.14;13.89;-2.161;SOFT_DOWN;-1;-55.7;-2;0
2026.04.19 18:00;2296.45;2301.57;2288.18;2296.36;35.78;11.94;29.96;10.94;24.09;-2.311;SOFT_DOWN;-1;-58.8;-2;0
2026.04.19 17:00;2312.14;2317.68;2294.65;2296.45;34.66;13.78;27.13;17.59;42.30;-2.307;SOFT_DOWN;-1;-60.2;-2;0
2026.04.19 16:00;2331.19;2331.66;2304.95;2312.08;34.98;15.90;24.43;43.74;61.74;-1.642;NEUTRE;0;-52.9;-2;0
2026.04.19 15:00;2338.60;2342.16;2316.47;2331.21;37.10;18.34;21.55;65.56;74.74;-0.829;NEUTRE;0;-35.4;-1;0
2026.04.19 14:00;2339.28;2343.74;2327.43;2338.60;41.57;21.16;18.30;75.94;78.31;-0.514;NEUTRE;0;-25.3;-1;0
2026.04.19 13:00;2331.85;2350.20;2331.37;2339.28;46.85;24.42;17.40;82.74;71.79;-0.485;NEUTRE;0;-25.7;-1;0
2026.04.19 12:00;2329.71;2337.72;2325.22;2331.85;51.48;17.98;20.07;76.27;57.65;-0.801;NEUTRE;0;-40.7;-1;0
2026.04.19 11:00;2318.15;2331.32;2317.42;2329.71;58.55;12.87;23.16;56.35;43.90;-0.893;NEUTRE;0;-46.3;-2;0
2026.04.19 10:00;2310.24;2320.21;2307.06;2318.14;63.16;2.55;26.73;40.34;36.54;-1.385;NEUTRE;0;-60.7;-2;0
2026.04.19 09:00;2319.05;2319.91;2306.54;2310.24;60.18;2.60;30.84;35.03;33.57;-1.721;NEUTRE;0;-67.9;-3;0
2026.04.19 08:00;2316.29;2321.14;2311.75;2319.05;56.44;3.00;29.59;34.27;32.12;-1.346;NEUTRE;0;-65.2;-3;0
2026.04.19 07:00;2327.66;2327.89;2299.57;2316.29;52.57;3.46;34.14;31.42;31.64;-1.463;NEUTRE;0;-69.6;-3;0
2026.04.19 06:00;2333.09;2333.69;2322.43;2327.66;48.10;3.99;26.97;30.68;30.31;-0.980;NEUTRE;0;-64.6;-2;0
2026.04.19 05:00;2333.91;2339.08;2329.46;2333.12;44.08;4.60;21.52;32.82;28.64;-0.747;NEUTRE;0;-62.5;-2;0
2026.04.19 04:00;2340.22;2346.72;2322.08;2333.91;40.90;5.31;24.83;27.43;26.54;-0.714;NEUTRE;0;-66.5;-3;0
2026.04.19 03:00;2338.68;2344.48;2332.88;2340.21;37.23;6.13;21.91;25.68;28.97;-0.446;NEUTRE;0;-62.4;-2;0
2026.04.19 02:00;2348.20;2349.70;2334.16;2338.68;34.30;7.07;23.58;26.52;37.37;-0.511;NEUTRE;0;-73.1;-3;0
2026.04.19 01:00;2349.54;2353.41;2341.99;2348.20;31.29;8.16;19.45;34.72;48.62;-0.106;NEUTRE;0;;;0
2026.04.19 00:00;2350.69;2355.87;2344.77;2349.54;29.81;9.41;18.70;50.86;55.28;-0.049;NEUTRE;0;;;0
2026.04.18 23:00;2357.01;2359.79;2350.28;2350.63;29.31;10.86;13.94;60.28;51.63;-2.834;SOFT_DOWN;-1;-57.8;-2;0
2026.04.18 22:00;2355.95;2359.73;2349.08;2357.01;31.91;12.43;16.09;54.70;40.96;-2.571;SOFT_DOWN;-1;-56.4;-2;0
2026.04.18 21:00;2353.04;2355.97;2348.06;2355.94;34.84;8.91;18.56;39.89;33.78;-2.615;SOFT_DOWN;-1;-58.1;-2;0
2026.04.18 20:00;2348.84;2355.40;2345.12;2352.97;34.80;9.18;21.42;28.28;34.45;-2.738;SOFT_DOWN;-1;-60.4;-2;0
2026.04.18 19:00;2347.62;2355.98;2346.74;2348.84;34.00;10.59;22.29;33.16;45.20;-2.908;SOFT_DOWN;-1;-63.1;-2;0
2026.04.18 18:00;2361.88;2364.06;2339.90;2347.62;33.76;12.22;25.72;41.91;55.52;-2.959;SOFT_DOWN;-1;-64.7;-2;0
2026.04.18 17:00;2360.83;2365.20;2354.40;2361.88;33.48;14.10;20.44;60.53;59.78;-2.369;SOFT_DOWN;-1;-60.9;-2;0
2026.04.18 16:00;2363.81;2374.94;2356.15;2360.83;35.80;16.27;21.09;64.12;51.46;-2.413;SOFT_DOWN;-1;-62.8;-2;0
2026.04.18 15:00;2365.35;2370.03;2359.01;2363.81;39.32;14.75;24.34;54.70;37.03;-2.290;SOFT_DOWN;-1;-63;-2;0
2026.04.18 14:00;2355.47;2365.55;2350.04;2365.35;41.60;10.76;28.08;35.58;23.83;-2.226;SOFT_DOWN;-1;-64;-2;0
2026.04.18 13:00;2358.18;2360.48;2345.56;2355.36;41.14;7.39;32.40;20.81;16.24;-2.639;SOFT_DOWN;-1;-69.1;-3;0
2026.04.18 12:00;2353.40;2362.48;2352.08;2358.18;37.80;8.53;30.66;15.10;14.90;-2.522;SOFT_DOWN;-1;-69.7;-3;0
2026.04.18 11:00;2359.58;2360.73;2344.19;2353.40;34.93;7.25;35.38;12.80;16.98;-2.720;SOFT_DOWN;-1;-72.6;-3;0
2026.04.18 10:00;2376.38;2376.38;2354.74;2359.58;30.15;8.37;31.01;16.81;22.16;-2.464;SOFT_DOWN;-1;-72.5;-3;0
2026.04.18 09:00;2381.02;2381.14;2370.19;2376.38;25.94;9.65;24.80;21.33;26.78;-1.770;NEUTRE;0;-68.5;-3;0
2026.04.18 08:00;2403.77;2405.25;2368.67;2381.02;23.17;11.14;28.61;28.36;30.54;-1.578;NEUTRE;0;-68.5;-3;0
2026.04.18 07:00;2409.99;2411.33;2401.89;2403.77;19.97;12.85;19.04;30.66;29.14;-0.638;NEUTRE;0;-49.6;-2;0
2026.04.18 06:00;2409.24;2412.29;2405.69;2409.99;20.06;14.83;15.78;32.60;26.60;-0.381;NEUTRE;0;-39.3;-1;0
2026.04.18 05:00;2407.73;2413.98;2406.06;2409.32;22.67;17.11;17.34;24.15;24.23;-0.408;NEUTRE;0;-46.4;-2;0
2026.04.18 04:00;2405.56;2410.66;2400.33;2407.80;26.05;13.29;20.01;23.05;26.70;-0.471;NEUTRE;0;-56.6;-2;0
2026.04.18 03:00;2419.65;2419.87;2400.76;2405.56;26.96;15.34;22.45;25.48;28.03;-0.564;NEUTRE;0;-67.6;-3;0
2026.04.18 02:00;2421.44;2425.23;2417.22;2419.65;28.21;17.70;12.65;31.57;31.72;0.019;NEUTRE;0;7;0;0
2026.04.18 01:00;2421.26;2427.94;2417.09;2421.44;29.99;20.42;14.60;27.04;34.02;0.093;NEUTRE;0;;;0
2026.04.18 00:00;2419.20;2423.88;2410.64;2421.01;32.04;17.81;16.84;36.56;37.73;0.075;NEUTRE;0;;;0
2026.04.17 23:00;2433.57;2433.59;2415.99;2419.23;36.54;20.55;13.22;38.46;34.99;3.030;SOFT_UP;1;59.5;2;0
2026.04.17 22:00;2429.74;2442.51;2423.07;2433.57;38.82;23.71;9.06;38.17;28.78;3.640;SOFT_UP;1;64.9;2;0
2026.04.17 21:00;2427.49;2433.78;2419.49;2429.74;37.92;20.45;10.45;28.36;31.43;3.477;SOFT_UP;1;64.9;2;0
2026.04.17 20:00;2428.50;2436.30;2417.24;2427.49;38.78;23.59;12.06;19.80;44.82;3.381;SOFT_UP;1;65.3;3;0
2026.04.17 19:00;2420.49;2433.26;2417.74;2428.50;39.77;24.77;13.92;46.14;66.16;3.424;SOFT_UP;1;66.7;3;1
2026.04.17 18:00;2440.82;2443.53;2415.63;2420.49;41.58;28.58;16.06;68.52;80.48;3.083;SOFT_UP;1;65.6;3;1
2026.04.17 17:00;2451.88;2452.97;2423.92;2440.85;43.66;32.98;13.96;83.80;88.21;3.950;STRONG_UP;2;71.5;3;1
2026.04.17 16:00;2442.79;2465.44;2441.92;2451.94;44.14;38.05;6.57;89.10;90.85;4.423;STRONG_UP;2;74.3;3;1
2026.04.17 15:00;2448.24;2450.55;2434.53;2442.76;40.08;34.16;7.59;91.72;88.69;4.032;STRONG_UP;2;73.9;3;1
2026.04.17 14:00;2437.93;2457.95;2426.75;2448.24;36.45;39.42;8.75;91.72;77.65;4.265;STRONG_UP;2;75.7;3;1
2026.04.17 13:00;2372.28;2441.45;2367.35;2438.07;32.27;37.35;10.10;82.63;65.86;3.832;STRONG_UP;2;75.2;3;1
2026.04.17 12:00;2355.10;2382.05;2349.56;2372.28;28.40;30.76;11.65;58.61;60.31;1.030;NEUTRE;0;47.9;2;1
2026.04.17 11:00;2344.02;2357.16;2342.97;2355.10;25.84;23.71;13.45;56.34;66.17;0.299;NEUTRE;0;19.3;0;1
2026.04.17 10:00;2359.15;2361.25;2336.36;2344.07;25.57;27.35;15.52;65.98;73.23;-0.171;NEUTRE;0;-12.4;0;1
2026.04.17 09:00;2355.07;2376.89;2348.27;2359.15;25.25;31.56;10.54;76.20;64.92;0.471;NEUTRE;0;34;1;1
2026.04.17 08:00;2333.94;2359.12;2332.80;2355.07;21.46;26.86;12.16;77.51;48.00;0.297;NEUTRE;0;25.6;1;1
2026.04.17 07:00;2331.34;2342.08;2330.03;2333.95;18.96;21.04;14.03;41.07;24.99;-0.602;NEUTRE;0;-47.9;-2;1
2026.04.17 06:00;2319.23;2332.43;2317.46;2331.34;18.81;11.95;16.19;25.42;16.23;-0.713;NEUTRE;0;-56.8;-2;0
2026.04.17 05:00;2328.84;2329.28;2317.75;2319.23;19.38;10.55;18.68;8.47;13.66;-1.229;NEUTRE;0;-72.5;-3;0
2026.04.17 04:00;2325.21;2333.44;2323.83;2328.84;18.08;12.18;13.45;14.79;19.68;-0.820;NEUTRE;0;-69.3;-3;0
2026.04.17 03:00;2331.99;2332.08;2324.13;2325.21;20.10;11.87;15.51;17.72;26.07;-0.974;NEUTRE;0;-76.6;-3;0
2026.04.17 02:00;2335.20;2338.89;2325.13;2331.99;21.15;13.70;15.97;26.53;34.53;-0.686;NEUTRE;0;-77.2;-3;0
2026.04.17 01:00;2344.45;2349.25;2327.24;2335.20;23.23;15.81;16.06;33.97;43.14;-0.549;NEUTRE;0;;;0
2026.04.17 00:00;2348.09;2351.03;2340.80;2344.57;26.68;18.24;9.06;43.10;52.29;-0.150;NEUTRE;0;;;0
2026.04.16 23:00;2342.35;2354.81;2341.40;2348.09;25.61;21.04;9.55;52.34;63.23;-0.511;NEUTRE;0;-16;0;0
2026.04.16 22:00;2341.15;2350.65;2339.23;2342.35;23.77;19.51;11.02;61.43;74.93;-0.755;NEUTRE;0;-23.9;0;0
2026.04.16 21:00;2349.99;2356.59;2336.31;2341.15;23.14;22.51;12.71;75.93;81.73;-0.805;NEUTRE;0;-26.3;-1;0
2026.04.16 20:00;2360.00;2364.29;2341.26;2349.99;22.42;25.97;10.91;87.42;78.46;-0.431;NEUTRE;0;-15.5;0;0
2026.04.16 19:00;2343.21;2361.85;2334.83;2360.00;19.59;28.34;12.59;81.84;70.41;-0.007;NEUTRE;0;-0.3;0;1
2026.04.16 18:00;2325.26;2346.89;2320.04;2343.21;16.68;24.18;14.53;66.14;61.64;-0.718;NEUTRE;0;-27.2;-1;1
2026.04.16 17:00;2316.27;2329.18;2309.43;2325.26;15.41;17.75;16.76;63.26;56.08;-1.479;NEUTRE;0;-48.3;-2;1
2026.04.16 16:00;2339.16;2348.71;2309.62;2316.22;17.33;20.49;19.19;55.51;47.07;-1.862;NEUTRE;0;-56.3;-2;1
2026.04.16 15:00;2309.82;2348.73;2308.32;2339.16;19.50;23.64;22.14;49.47;39.44;-0.890;NEUTRE;0;-37.4;-1;1
2026.04.16 14:00;2307.65;2316.29;2284.88;2309.82;21.99;14.92;25.55;36.22;32.42;-2.133;SOFT_DOWN;-1;-63;-2;1
2026.04.16 13:00;2340.26;2351.27;2291.92;2307.75;21.34;17.22;26.03;32.63;25.83;-2.221;SOFT_DOWN;-1;-65.6;-3;1
2026.04.16 12:00;2335.69;2348.01;2334.92;2340.26;21.49;19.87;18.89;28.41;19.25;-0.843;NEUTRE;0;-42.1;-1;1
2026.04.16 11:00;2331.80;2335.95;2329.34;2335.69;24.41;8.75;21.80;16.45;14.87;-1.037;NEUTRE;0;-50.5;-2;1
2026.04.16 10:00;2338.05;2340.12;2328.16;2331.83;21.59;10.10;25.15;12.88;16.43;-1.200;NEUTRE;0;-57.1;-2;1
2026.04.16 09:00;2338.94;2348.37;2337.54;2338.05;18.34;11.65;16.95;15.27;22.57;-0.937;NEUTRE;0;-53.3;-2;1
2026.04.16 08:00;2341.25;2345.82;2334.54;2338.94;18.31;9.82;19.56;21.14;30.27;-0.899;NEUTRE;0;-55.4;-2;1
2026.04.16 07:00;2356.16;2357.27;2335.80;2341.25;16.03;11.33;20.85;31.31;37.68;-0.801;NEUTRE;0;-55.8;-2;1
2026.04.16 06:00;2357.03;2360.86;2349.82;2356.16;13.95;13.08;14.01;38.37;39.84;-0.169;NEUTRE;0;-19.9;0;0
2026.04.16 05:00;2354.35;2362.14;2350.06;2356.77;15.56;15.09;15.84;43.35;37.36;-0.144;NEUTRE;0;-20.4;0;0
2026.04.16 04:00;2357.88;2364.16;2348.97;2354.21;17.59;17.41;18.27;37.79;32.37;-0.252;NEUTRE;0;-39.1;-1;0
2026.04.16 03:00;2356.81;2366.10;2356.01;2357.89;19.92;20.09;13.95;30.93;29.18;-0.096;NEUTRE;0;-22.4;0;0
2026.04.16 02:00;2351.87;2369.67;2350.13;2356.79;20.21;23.18;16.10;28.40;31.34;-0.143;NEUTRE;0;-42.6;-1;0
2026.04.16 01:00;2360.43;2360.45;2346.05;2351.87;20.55;19.49;18.58;28.21;35.46;-0.351;NEUTRE;0;;;0
2026.04.16 00:00;2360.16;2363.76;2350.24;2360.45;23.34;22.49;16.96;37.41;42.98;0.012;NEUTRE;0;;;0
2026.04.15 23:00;2363.78;2363.85;2350.08;2360.16;24.78;25.94;19.57;40.75;52.15;1.600;NEUTRE;0;41.9;1;0
2026.04.15 22:00;2361.09;2380.15;2360.05;2363.75;26.43;29.94;11.44;50.79;64.53;1.755;NEUTRE;0;45.8;2;0
2026.04.15 21:00;2363.10;2363.81;2348.71;2361.09;23.62;22.03;13.20;64.91;75.93;1.640;NEUTRE;0;45.2;2;0
2026.04.15 20:00;2375.24;2376.87;2354.20;2363.10;23.40;25.42;9.64;77.89;81.90;1.727;NEUTRE;0;48;2;0
2026.04.15 19:00;2358.73;2386.02;2357.33;2374.90;20.07;29.34;9.00;84.98;78.32;2.235;SOFT_UP;1;56.6;2;1
2026.04.15 18:00;2348.88;2360.40;2346.39;2358.77;15.00;20.11;10.38;82.83;72.31;1.540;NEUTRE;0;47.8;2;1
2026.04.15 17:00;2341.12;2357.91;2339.66;2348.86;12.39;20.47;11.98;67.16;64.89;1.114;NEUTRE;0;40.2;1;1
2026.04.15 16:00;2332.01;2349.79;2329.53;2341.21;10.27;16.77;13.82;66.95;65.73;0.784;NEUTRE;0;32.3;1;1
2026.04.15 15:00;2338.53;2349.24;2320.80;2332.31;10.36;18.94;15.94;60.56;68.59;0.401;NEUTRE;0;19;0;1
2026.04.15 14:00;2326.92;2345.05;2322.05;2338.28;10.64;19.58;18.40;69.68;71.75;0.658;NEUTRE;0;31.2;1;1
2026.04.15 13:00;2332.99;2334.81;2317.58;2326.95;11.79;15.75;21.23;75.52;67.23;0.170;NEUTRE;0;9.6;0;1
2026.04.15 12:00;2337.53;2339.99;2329.87;2333.08;11.33;18.17;13.52;70.05;56.84;0.434;NEUTRE;0;25;0;1
2026.04.15 11:00;2316.77;2338.16;2316.53;2337.59;10.81;18.18;15.60;56.11;47.45;0.629;NEUTRE;0;36.4;1;1
2026.04.15 10:00;2319.94;2328.63;2312.30;2316.77;11.30;14.20;18.00;44.36;40.35;-0.268;NEUTRE;0;-19;0;1
2026.04.15 09:00;2328.21;2330.21;2318.57;2319.94;11.23;16.39;14.86;41.88;31.62;-0.131;NEUTRE;0;-10.6;0;1
2026.04.15 08:00;2316.96;2333.10;2314.12;2328.21;12.20;18.91;17.15;34.82;27.54;0.225;NEUTRE;0;19.9;0;1
2026.04.15 07:00;2317.42;2324.15;2309.73;2316.96;13.33;14.57;19.79;18.17;29.98;-0.260;NEUTRE;0;-25.6;-1;1
2026.04.15 06:00;2319.84;2321.33;2315.67;2317.42;13.04;16.81;16.49;29.63;40.47;-0.240;NEUTRE;0;-27.3;-1;0
2026.04.15 05:00;2333.73;2338.32;2314.92;2319.84;14.90;19.39;19.03;42.14;49.14;-0.136;NEUTRE;0;-19.3;0;0
2026.04.15 04:00;2329.11;2334.79;2328.29;2333.61;17.04;22.38;13.17;49.63;56.28;0.457;NEUTRE;0;55.8;2;0
2026.04.15 03:00;2325.06;2329.85;2320.75;2329.11;15.68;14.13;15.19;55.65;63.81;0.263;NEUTRE;0;48.5;2;0
2026.04.15 02:00;2336.31;2338.75;2318.02;2325.06;17.53;16.30;17.53;63.57;63.05;0.089;NEUTRE;0;29.8;1;0
2026.04.15 01:00;2334.31;2343.13;2331.59;2336.31;19.67;18.81;10.16;72.22;57.05;0.573;NEUTRE;0;;;0
2026.04.15 00:00;2322.99;2343.63;2322.24;2334.31;18.10;21.70;11.72;53.37;42.59;0.487;NEUTRE;0;;;0
2026.04.14 23:00;2315.62;2327.30;2314.79;2322.99;16.29;13.29;13.52;45.55;32.58;-1.961;SOFT_DOWN;-1;-47.7;-2;0
2026.04.14 22:00;2324.22;2332.44;2312.49;2315.63;18.67;15.34;15.60;28.85;20.95;-2.271;SOFT_DOWN;-1;-53.1;-2;0
2026.04.14 21:00;2315.66;2326.62;2315.49;2324.22;21.41;13.21;18.00;23.33;14.95;-1.909;SOFT_DOWN;-1;-49.5;-2;0
2026.04.14 20:00;2313.65;2323.34;2309.27;2315.66;22.34;10.71;20.77;10.67;9.98;-2.270;SOFT_DOWN;-1;-55.6;-2;0
2026.04.14 19:00;2314.82;2323.64;2304.02;2313.65;20.86;12.36;23.96;10.85;12.84;-2.355;SOFT_DOWN;-1;-57.9;-2;1
2026.04.14 18:00;2338.87;2345.46;2310.27;2314.77;19.15;14.26;22.75;8.41;14.34;-2.308;SOFT_DOWN;-1;-58.8;-2;1
2026.04.14 17:00;2334.60;2345.63;2324.18;2338.87;18.57;16.45;20.17;19.25;22.30;-1.291;NEUTRE;0;-44.4;-1;1
2026.04.14 16:00;2365.05;2371.60;2330.15;2334.74;19.86;18.98;18.99;15.35;24.73;-1.465;NEUTRE;0;-49.7;-2;1
2026.04.14 15:00;2353.84;2372.58;2334.61;2365.05;22.92;21.90;20.26;32.31;34.72;-0.186;NEUTRE;0;-9.1;0;1
2026.04.14 14:00;2392.62;2415.75;2354.21;2354.21;25.84;25.27;15.43;26.54;35.33;-0.643;NEUTRE;0;-30.6;-1;1
2026.04.14 13:00;2374.08;2396.43;2372.58;2392.65;26.10;24.33;17.81;45.31;44.61;0.979;NEUTRE;0;44.1;1;1
2026.04.14 12:00;2374.46;2377.95;2368.71;2374.05;27.73;16.15;20.55;34.14;53.01;0.194;NEUTRE;0;11.8;0;1
2026.04.14 11:00;2375.15;2377.68;2367.71;2374.46;30.16;18.19;23.71;54.39;67.37;0.211;NEUTRE;0;13.9;0;1
2026.04.14 10:00;2387.38;2388.28;2373.27;2375.15;32.77;20.99;18.77;70.49;74.85;0.241;NEUTRE;0;17.2;0;1
2026.04.14 09:00;2388.13;2395.10;2384.88;2387.38;36.96;24.21;9.76;77.23;69.28;0.757;NEUTRE;0;47.3;2;1
2026.04.14 08:00;2378.50;2395.32;2374.80;2387.98;36.10;27.94;11.26;76.84;57.73;0.782;NEUTRE;0;51.5;2;1
2026.04.14 07:00;2373.65;2389.46;2371.29;2378.50;35.11;27.84;13.00;53.76;43.92;0.382;NEUTRE;0;35.1;1;1
2026.04.14 06:00;2355.94;2376.70;2355.94;2373.65;34.92;21.32;15.00;42.59;48.57;0.177;NEUTRE;0;20.8;0;0
2026.04.14 05:00;2364.42;2369.15;2354.95;2355.94;37.61;19.01;17.30;35.42;59.74;-0.570;NEUTRE;0;-55.7;-2;0
2026.04.14 04:00;2365.85;2368.50;2362.43;2364.42;42.68;21.93;11.86;67.70;74.71;-0.212;NEUTRE;0;-34.3;-1;0
2026.04.14 03:00;2367.92;2370.75;2362.38;2365.77;44.66;25.31;13.69;76.09;79.50;-0.155;NEUTRE;0;-33.6;-1;0
2026.04.14 02:00;2368.99;2378.04;2366.88;2367.90;46.94;29.20;7.52;80.33;82.60;-0.065;NEUTRE;0;-22.7;0;0
2026.04.14 01:00;2361.16;2373.95;2354.65;2368.99;45.08;28.05;8.68;82.07;85.19;-0.019;NEUTRE;0;;;0
2026.04.14 00:00;2369.45;2375.34;2360.19;2361.28;43.91;32.37;5.60;85.40;86.80;-0.345;NEUTRE;0;;;0
2026.04.13 23:00;2353.12;2393.81;2341.86;2369.51;39.81;37.35;6.46;88.11;86.22;8.141;EXPLOSIVE_UP;3;77.6;3;0
2026.04.13 22:00;2260.21;2362.78;2259.93;2353.06;35.09;33.91;7.45;86.88;84.39;7.390;EXPLOSIVE_UP;3;77;3;0
2026.04.13 21:00;2252.95;2266.28;2250.20;2260.21;30.65;24.69;8.60;83.66;82.54;3.152;SOFT_UP;1;62.7;2;0
2026.04.13 20:00;2262.96;2263.88;2247.96;2252.96;27.93;26.19;9.92;82.61;80.58;2.821;SOFT_UP;1;61.2;2;0
2026.04.13 19:00;2232.79;2269.00;2227.99;2262.96;25.30;30.22;11.45;81.34;76.50;3.278;SOFT_UP;1;65.8;3;1
2026.04.13 18:00;2225.41;2234.19;2218.74;2232.79;22.26;21.81;13.21;77.80;75.77;1.901;SOFT_UP;1;53.7;2;1
2026.04.13 17:00;2226.30;2242.26;2222.77;2225.41;21.90;25.17;11.23;70.37;77.37;1.564;NEUTRE;0;49.8;2;1
2026.04.13 16:00;2209.43;2234.58;2199.87;2226.32;19.38;22.98;12.96;79.14;85.27;1.606;NEUTRE;0;52.3;2;1
2026.04.13 15:00;2234.59;2236.72;2199.46;2209.43;18.08;26.51;14.95;82.61;84.47;0.835;NEUTRE;0;35.6;1;1
2026.04.13 14:00;2215.40;2235.41;2203.57;2234.87;16.57;30.59;15.56;94.06;71.35;1.996;SOFT_UP;1;61.4;2;1
2026.04.13 13:00;2192.06;2215.80;2181.21;2215.40;14.11;25.82;17.95;76.73;50.07;1.107;NEUTRE;0;47.6;2;1
2026.04.13 12:00;2187.05;2198.46;2175.20;2192.03;13.51;22.08;20.71;43.27;32.92;0.041;NEUTRE;0;2.5;0;1
2026.04.13 11:00;2182.84;2190.81;2182.14;2187.05;15.10;20.42;23.90;30.21;27.53;-0.187;NEUTRE;0;-12.4;0;1
2026.04.13 10:00;2187.56;2188.57;2178.93;2182.79;16.21;19.59;27.58;25.29;30.81;-0.381;NEUTRE;0;-26.1;-1;1
2026.04.13 09:00;2185.03;2195.06;2185.03;2187.56;16.10;22.60;22.08;27.10;36.69;-0.163;NEUTRE;0;-13.1;0;1
2026.04.13 08:00;2186.30;2189.41;2180.07;2185.04;18.40;17.41;25.48;40.04;40.93;-0.278;NEUTRE;0;-24.1;0;1
2026.04.13 07:00;2198.49;2199.98;2182.96;2186.30;18.34;20.09;24.64;42.93;37.04;-0.221;NEUTRE;0;-22.1;0;1
2026.04.13 06:00;2191.20;2201.20;2190.40;2198.49;19.59;23.18;21.71;39.81;32.43;0.335;NEUTRE;0;35.7;1;0
2026.04.13 05:00;2190.13;2191.26;2182.14;2191.26;22.10;12.59;25.05;28.39;33.90;0.005;NEUTRE;0;0.7;0;0
2026.04.13 04:00;2193.82;2199.08;2187.32;2190.13;20.41;14.53;20.16;29.10;41.97;-0.046;NEUTRE;0;-8.4;0;0
2026.04.13 03:00;2193.87;2195.57;2190.08;2193.84;21.05;12.17;23.27;44.21;47.83;0.123;NEUTRE;0;27.8;1;0
2026.04.13 02:00;2203.29;2205.59;2192.24;2193.87;19.47;14.05;20.79;52.61;47.28;0.125;NEUTRE;0;38.8;1;0
2026.04.13 01:00;2205.03;2208.65;2200.17;2203.29;19.49;16.21;14.85;46.67;45.47;0.555;NEUTRE;0;;;0
2026.04.13 00:00;2191.14;2207.97;2187.15;2205.02;21.82;17.47;17.14;42.57;53.34;0.633;NEUTRE;0;;;0
2026.04.12 23:00;2199.17;2199.20;2185.83;2191.14;25.03;13.67;19.77;47.18;65.90;-4.117;STRONG_DOWN;-2;-66.6;-3;0
2026.04.12 22:00;2211.73;2211.73;2183.85;2199.18;26.07;15.78;22.82;70.27;76.95;-3.765;STRONG_DOWN;-2;-65.6;-3;0
2026.04.12 21:00;2213.84;2217.91;2205.20;2211.82;27.28;18.20;14.58;80.26;80.57;-3.212;SOFT_DOWN;-1;-63.1;-2;0
2026.04.12 20:00;2198.89;2218.14;2193.59;2213.84;29.78;21.00;16.83;80.33;76.51;-3.124;SOFT_DOWN;-1;-63.6;-2;0
2026.04.12 19:00;2200.92;2205.56;2197.80;2198.89;32.66;16.35;19.41;81.12;67.21;-3.778;STRONG_DOWN;-2;-68.7;-3;0
2026.04.12 18:00;2203.06;2207.24;2200.20;2200.88;36.37;18.87;17.64;68.07;48.00;-3.691;SOFT_DOWN;-1;-69.3;-3;0
2026.04.12 17:00;2187.75;2205.54;2187.75;2203.06;41.44;18.05;20.36;52.43;29.88;-3.595;SOFT_DOWN;-1;-69.8;-3;0
2026.04.12 16:00;2187.05;2190.75;2183.34;2187.75;46.90;8.04;23.49;23.49;15.03;-4.265;STRONG_DOWN;-2;-73.8;-3;0
2026.04.12 15:00;2181.07;2188.23;2176.32;2187.05;46.58;4.05;27.10;13.71;13.41;-4.296;STRONG_DOWN;-2;-74.8;-3;0
2026.04.12 14:00;2187.28;2193.96;2179.06;2181.05;42.36;4.67;27.73;7.89;17.84;-4.558;STRONG_DOWN;-2;-76.6;-3;0
2026.04.12 13:00;2194.89;2199.37;2185.90;2187.27;37.92;5.39;24.94;18.62;26.93;-4.286;STRONG_DOWN;-2;-76.8;-3;0
2026.04.12 12:00;2204.90;2208.34;2190.44;2194.94;33.84;6.22;23.59;27.03;32.50;-3.951;STRONG_DOWN;-2;-76.7;-3;0
2026.04.12 11:00;2201.92;2207.69;2197.85;2204.94;30.08;7.17;20.85;35.14;39.23;-3.513;SOFT_DOWN;-1;-76.3;-3;0
2026.04.12 10:00;2214.35;2217.84;2194.59;2201.92;27.20;8.28;24.05;35.33;41.64;-3.645;SOFT_DOWN;-1;-78;-3;0
2026.04.12 09:00;2214.59;2216.50;2211.74;2214.35;23.87;9.55;16.41;47.22;37.46;-3.101;SOFT_DOWN;-1;-77.3;-3;0
2026.04.12 08:00;2218.58;2219.38;2212.44;2214.59;23.48;11.02;16.67;42.37;25.97;-3.091;SOFT_DOWN;-1;-78.6;-3;0
2026.04.12 07:00;2216.47;2220.84;2213.01;2218.58;23.95;12.71;17.97;22.81;14.71;-2.916;SOFT_DOWN;-1;-79.4;-3;0
2026.04.12 06:00;2217.58;2221.47;2215.00;2216.47;25.00;14.67;16.82;12.75;10.54;-3.008;SOFT_DOWN;-1;-81.2;-3;0
2026.04.12 05:00;2212.34;2220.24;2208.97;2217.59;27.80;14.00;19.41;8.57;10.12;-2.959;SOFT_DOWN;-1;-82.5;-3;0
2026.04.12 04:00;2213.99;2216.76;2210.34;2212.34;29.59;11.41;22.40;10.30;12.24;-3.189;SOFT_DOWN;-1;-84.4;-3;0
2026.04.12 03:00;2223.93;2227.62;2213.19;2213.99;29.13;13.16;19.02;11.48;13.59;-3.117;SOFT_DOWN;-1;-85.7;-3;0
2026.04.12 02:00;2219.41;2233.58;2207.42;2223.93;30.82;15.19;21.94;14.92;21.24;-2.682;SOFT_DOWN;-1;-86.7;-3;0
2026.04.12 01:00;2286.09;2289.02;2209.34;2219.41;32.76;17.52;24.19;14.38;31.77;-2.880;SOFT_DOWN;-1;;;0
2026.04.12 00:00;2285.22;2288.71;2278.02;2286.09;35.34;20.22;14.65;34.42;46.73;0.038;NEUTRE;0;;;0
2026.04.11 23:00;2297.02;2297.02;2276.90;2285.22;38.32;23.33;16.90;46.51;58.53;1.762;NEUTRE;0;44.6;1;0
2026.04.11 22:00;2299.57;2307.97;2289.76;2297.02;41.76;26.92;9.67;59.27;69.61;2.287;SOFT_UP;1;53.3;2;0
2026.04.11 21:00;2298.52;2304.52;2292.84;2299.57;40.93;28.15;11.16;69.80;77.94;2.401;SOFT_UP;1;55.8;2;0
2026.04.11 20:00;2316.42;2317.41;2288.68;2298.52;40.58;32.48;12.87;79.75;80.80;2.354;SOFT_UP;1;56.6;2;0
2026.04.11 19:00;2305.34;2329.58;2305.34;2316.42;40.17;37.47;5.93;84.26;76.51;3.151;SOFT_UP;1;64.9;2;0
2026.04.11 18:00;2260.23;2310.08;2257.71;2305.34;35.17;30.86;6.85;78.40;70.51;2.658;SOFT_UP;1;62.3;2;0
2026.04.11 17:00;2259.25;2265.84;2254.23;2260.23;30.79;22.61;7.90;66.87;64.68;0.649;NEUTRE;0;26.2;1;0
2026.04.11 16:00;2249.98;2273.58;2246.91;2259.25;28.11;26.09;9.12;66.26;62.58;0.605;NEUTRE;0;26;1;0
2026.04.11 15:00;2242.54;2255.44;2241.78;2249.98;25.01;19.64;10.52;60.90;63.30;0.192;NEUTRE;0;9.4;0;0
2026.04.11 14:00;2240.28;2244.58;2238.79;2242.54;24.21;10.43;12.14;60.58;66.72;-0.139;NEUTRE;0;-7.3;0;0
2026.04.11 13:00;2245.83;2245.83;2234.19;2240.28;26.77;12.04;14.00;68.44;69.93;-0.240;NEUTRE;0;-13.4;0;0
2026.04.11 12:00;2246.88;2247.38;2241.83;2245.83;29.73;13.89;6.06;71.15;65.22;0.008;NEUTRE;0;0.5;0;0
2026.04.11 11:00;2240.97;2247.80;2239.25;2246.88;28.26;16.03;6.99;70.19;54.72;0.054;NEUTRE;0;3.6;0;0
2026.04.11 10:00;2244.39;2245.90;2238.28;2240.97;26.57;15.07;8.07;54.30;39.55;-0.209;NEUTRE;0;-15.1;0;0
2026.04.11 09:00;2233.24;2249.89;2232.76;2244.39;26.00;17.39;9.31;39.65;28.64;-0.057;NEUTRE;0;-4.7;0;0
2026.04.11 08:00;2233.34;2236.24;2232.61;2233.23;25.35;7.81;10.74;24.70;24.51;-0.554;NEUTRE;0;-41.7;-1;0
2026.04.11 07:00;2236.49;2237.28;2231.45;2233.34;26.81;9.01;12.39;21.58;23.66;-0.549;NEUTRE;0;-45.3;-2;0
2026.04.11 06:00;2233.24;2237.24;2230.18;2236.49;28.51;10.29;14.30;27.24;30.37;-0.408;NEUTRE;0;-41.2;-1;0
2026.04.11 05:00;2241.40;2242.24;2229.56;2233.24;30.38;11.87;16.50;22.16;35.95;-0.553;NEUTRE;0;-54.9;-2;0
2026.04.11 04:00;2237.85;2243.46;2236.04;2241.40;32.55;13.70;11.18;41.72;42.36;-0.190;NEUTRE;0;-31.5;-1;0
2026.04.11 03:00;2249.09;2251.52;2236.27;2237.84;35.99;15.81;12.42;43.99;39.56;-0.348;NEUTRE;0;-56.2;-2;0
2026.04.11 02:00;2244.63;2251.92;2242.46;2249.10;39.69;18.24;8.09;41.37;34.33;0.153;NEUTRE;0;44.6;1;0
2026.04.11 01:00;2239.25;2247.13;2235.30;2244.63;39.86;13.25;9.33;33.34;37.71;-0.046;NEUTRE;0;;;0
2026.04.11 00:00;2245.66;2245.71;2236.24;2239.25;43.32;13.45;10.77;28.27;51.62;-0.285;NEUTRE;0;;;0
2026.04.10 23:00;2242.85;2246.13;2239.57;2245.66;48.28;15.52;7.01;51.50;72.77;2.564;SOFT_UP;1;55.1;2;0
2026.04.10 22:00;2255.43;2255.85;2236.83;2242.85;49.90;17.90;8.09;75.07;84.93;2.435;SOFT_UP;1;55;2;0
2026.04.10 21:00;2255.90;2256.49;2244.13;2255.39;51.77;20.66;3.43;91.73;87.77;3.008;SOFT_UP;1;61.5;2;0
2026.04.10 20:00;2253.63;2257.69;2243.47;2255.94;48.74;23.83;3.96;88.00;83.56;3.033;SOFT_UP;1;62.9;2;0
2026.04.10 19:00;2249.62;2256.40;2243.89;2254.03;45.23;26.11;4.57;83.59;76.26;2.946;SOFT_UP;1;63.4;2;1
2026.04.10 18:00;2248.80;2251.52;2239.26;2249.62;41.39;24.12;5.27;79.10;70.93;2.744;SOFT_UP;1;63;2;1
2026.04.10 17:00;2245.87;2249.77;2239.45;2248.81;37.89;25.64;6.08;66.10;68.01;2.707;SOFT_UP;1;64;2;1
2026.04.10 16:00;2223.93;2247.17;2221.21;2245.87;34.24;25.70;7.02;67.59;73.99;2.573;SOFT_UP;1;64.2;2;1
2026.04.10 15:00;2242.97;2257.59;2220.49;2223.91;30.72;29.66;8.10;70.33;79.50;1.570;NEUTRE;0;53.4;2;1
2026.04.10 14:00;2222.95;2253.76;2220.73;2242.97;26.67;32.63;9.35;84.05;84.23;2.441;SOFT_UP;1;66;3;1
2026.04.10 13:00;2218.84;2225.43;2208.04;2223.19;22.23;24.46;10.78;84.12;83.86;1.537;NEUTRE;0;56.7;2;1
2026.04.10 12:00;2215.64;2228.17;2208.29;2218.80;19.69;28.22;12.22;84.52;77.95;1.337;NEUTRE;0;55.1;2;1
2026.04.10 11:00;2197.07;2223.95;2196.86;2215.64;16.63;29.30;14.10;82.94;63.27;1.192;NEUTRE;0;54.4;2;1
2026.04.10 10:00;2195.69;2198.34;2190.67;2197.07;13.80;19.26;16.27;66.38;43.00;0.344;NEUTRE;0;23.9;0;1
2026.04.10 09:00;2185.35;2197.41;2185.32;2195.66;14.63;20.36;18.78;40.48;32.58;0.280;NEUTRE;0;21.8;0;1
2026.04.10 08:00;2179.05;2189.63;2176.45;2185.39;16.26;13.59;21.66;22.14;37.52;-0.189;NEUTRE;0;-16.9;0;1
2026.04.10 07:00;2185.84;2188.07;2175.79;2179.05;15.24;13.86;25.00;35.10;49.20;-0.479;NEUTRE;0;-41.4;-1;1
2026.04.10 06:00;2196.65;2198.10;2183.65;2185.84;13.17;15.99;19.00;55.32;47.92;-0.169;NEUTRE;0;-19.9;0;0
2026.04.10 05:00;2195.57;2202.74;2192.15;2196.65;13.88;18.45;12.87;57.19;37.03;0.325;NEUTRE;0;39.9;1;0
2026.04.10 04:00;2185.95;2198.54;2185.52;2195.48;13.27;15.19;14.85;31.26;24.92;0.272;NEUTRE;0;41.2;1;0
2026.04.10 03:00;2188.91;2192.22;2182.22;2185.94;15.14;10.06;17.13;22.63;20.80;-0.164;NEUTRE;0;-35.2;-1;0
2026.04.10 02:00;2194.36;2198.25;2186.80;2188.91;13.46;11.61;12.72;20.88;17.06;-0.028;NEUTRE;0;-10.2;0;0
2026.04.10 01:00;2194.86;2203.98;2177.61;2194.36;14.83;13.39;14.68;18.89;14.14;0.221;NEUTRE;0;;;0
2026.04.10 00:00;2189.53;2196.78;2181.67;2194.87;16.40;11.25;16.94;11.41;17.11;0.244;NEUTRE;0;;;0
2026.04.09 23:00;2197.44;2200.92;2183.22;2189.53;15.82;12.98;17.96;12.13;34.55;-0.006;NEUTRE;0;-0.2;0;0
2026.04.09 22:00;2210.50;2244.82;2197.33;2197.47;15.78;14.98;8.46;27.79;53.81;0.356;NEUTRE;0;11.8;0;0
2026.04.09 21:00;2212.98;2226.07;2207.54;2210.50;13.93;11.21;9.76;63.73;71.20;0.951;NEUTRE;0;30.3;1;0
2026.04.09 20:00;2216.02;2221.99;2210.86;2212.98;15.01;9.54;11.27;69.89;75.77;1.065;NEUTRE;0;34.4;1;0
2026.04.09 19:00;2206.53;2224.17;2203.96;2216.02;16.05;11.01;13.00;79.99;80.55;1.203;NEUTRE;0;39.2;1;1
2026.04.09 18:00;2222.64;2223.69;2200.63;2206.49;17.25;12.34;15.00;77.43;78.67;0.768;NEUTRE;0;28.8;1;1
2026.04.09 17:00;2208.04;2225.44;2206.31;2222.64;18.41;14.24;13.52;84.23;73.09;1.506;NEUTRE;0;48.8;2;1
2026.04.09 16:00;2217.77;2228.62;2192.75;2207.99;20.84;16.43;15.60;74.35;57.09;0.837;NEUTRE;0;34;1;1
2026.04.09 15:00;2177.25;2224.58;2169.15;2217.77;23.64;17.23;18.00;60.70;40.05;1.283;NEUTRE;0;47.8;2;1
2026.04.09 14:00;2164.46;2181.75;2156.65;2177.28;26.94;7.99;20.77;36.22;34.36;-0.566;NEUTRE;0;-27.5;-1;1
2026.04.09 13:00;2182.95;2185.82;2158.31;2164.46;24.25;9.22;22.95;23.21;42.25;-1.151;NEUTRE;0;-48.8;-2;1
2026.04.09 12:00;2179.60;2186.31;2173.81;2182.95;21.42;10.64;17.81;43.63;60.47;-0.307;NEUTRE;0;-18.2;0;1
2026.04.09 11:00;2190.32;2192.73;2177.85;2179.60;20.84;12.27;15.57;59.92;69.47;-0.460;NEUTRE;0;-28.3;-1;1
2026.04.09 10:00;2193.75;2195.75;2187.54;2190.32;22.22;14.16;7.95;77.87;67.99;0.030;NEUTRE;0;2.2;0;1
2026.04.09 09:00;2185.86;2196.09;2179.06;2193.75;21.31;16.34;9.18;70.62;62.26;0.186;NEUTRE;0;14.9;0;1
2026.04.09 08:00;2180.92;2190.30;2176.37;2185.86;20.27;13.63;10.59;55.49;58.38;-0.174;NEUTRE;0;-15.7;0;1
2026.04.09 07:00;2181.46;2185.72;2179.70;2180.92;21.46;10.66;12.22;60.67;60.39;-0.400;NEUTRE;0;-36.4;-1;1
2026.04.09 06:00;2182.00;2185.94;2175.29;2181.46;23.72;12.30;14.10;58.97;55.84;-0.375;NEUTRE;0;-38.8;-1;0
2026.04.09 05:00;2177.61;2188.62;2175.24;2182.00;26.32;14.20;16.26;61.54;48.93;-0.350;NEUTRE;0;-42;-1;0
2026.04.09 04:00;2182.18;2182.36;2176.32;2177.61;29.33;9.18;18.77;47.02;36.71;-0.551;NEUTRE;0;-60.6;-2;0
2026.04.09 03:00;2181.41;2183.75;2175.75;2182.18;28.57;10.60;21.65;38.24;27.77;-0.342;NEUTRE;0;-55.7;-2;0
2026.04.09 02:00;2178.55;2184.99;2173.70;2181.41;27.69;12.23;24.98;24.85;18.87;-0.377;NEUTRE;0;-67.6;-3;0
2026.04.09 01:00;2182.66;2185.17;2162.31;2178.55;26.67;14.11;28.83;20.23;18.12;-0.508;NEUTRE;0;;;0
2026.04.09 00:00;2189.67;2193.57;2179.19;2182.66;25.50;16.28;21.90;11.52;19.67;-0.320;NEUTRE;0;;;0
2026.04.08 23:00;2189.48;2193.89;2179.78;2189.67;27.15;18.78;24.64;22.61;28.41;-2.212;SOFT_DOWN;-1;-51.1;-2;0
2026.04.08 22:00;2214.55;2214.88;2187.80;2189.49;29.25;21.67;19.69;24.89;31.64;-2.220;SOFT_DOWN;-1;-52.4;-2;0
2026.04.08 21:00;2209.55;2222.54;2207.59;2214.55;33.02;25.00;11.47;37.73;37.55;-1.101;NEUTRE;0;-34;-1;0
2026.04.08 20:00;2211.34;2216.60;2205.50;2209.54;32.39;22.74;13.24;32.30;39.09;-1.325;NEUTRE;0;-40.5;-1;0
2026.04.08 19:00;2200.82;2211.60;2196.94;2211.34;33.32;19.31;15.28;42.61;42.65;-1.245;NEUTRE;0;-40.2;-1;1
2026.04.08 18:00;2231.56;2232.38;2198.73;2200.82;36.65;22.28;15.75;42.37;37.88;-1.714;NEUTRE;0;-50.8;-2;1
2026.04.08 17:00;2220.64;2238.73;2212.83;2231.56;39.65;25.70;11.73;42.97;30.54;-0.342;NEUTRE;0;-14.5;0;1
2026.04.08 16:00;2215.02;2224.70;2210.95;2220.64;40.00;21.32;13.53;28.30;23.13;-0.829;NEUTRE;0;-33.7;-1;1
2026.04.08 15:00;2194.55;2217.42;2192.61;2215.02;42.72;16.46;15.61;20.36;25.53;-1.080;NEUTRE;0;-42.8;-1;1
2026.04.08 14:00;2235.77;2240.44;2186.26;2194.55;48.88;18.99;18.01;20.72;33.32;-1.994;SOFT_DOWN;-1;-61.4;-2;1
2026.04.08 13:00;2255.41;2270.39;2231.15;2236.35;55.99;21.91;8.04;35.50;39.12;-0.128;NEUTRE;0;-7.2;0;1
2026.04.08 12:00;2247.06;2258.66;2241.95;2255.41;57.48;20.68;9.27;43.74;45.19;0.723;NEUTRE;0;37.8;1;1
2026.04.08 11:00;2242.18;2254.46;2238.38;2247.06;60.47;20.00;10.70;38.13;54.27;0.351;NEUTRE;0;22.3;0;1
2026.04.08 10:00;2249.13;2253.23;2242.12;2242.18;65.11;23.08;8.77;53.68;67.12;0.133;NEUTRE;0;9.7;0;1
2026.04.08 09:00;2255.94;2262.30;2245.66;2249.13;68.21;26.63;5.22;71.00;70.90;0.443;NEUTRE;0;32.4;1;1
2026.04.08 08:00;2253.33;2259.12;2249.69;2255.97;68.36;30.72;2.29;76.68;66.76;0.748;NEUTRE;0;50.3;2;1
2026.04.08 07:00;2245.25;2260.01;2243.79;2253.43;65.63;35.45;2.64;65.02;55.42;0.635;NEUTRE;0;49.4;2;1
2026.04.08 06:00;2239.96;2252.65;2235.04;2245.22;62.48;33.92;3.05;58.57;53.75;0.268;NEUTRE;0;29.9;1;0
2026.04.08 05:00;2242.33;2244.58;2237.81;2239.96;59.25;32.09;3.52;42.65;56.52;0.033;NEUTRE;0;4.9;0;0
2026.04.08 04:00;2233.93;2251.68;2233.93;2242.33;56.02;37.03;4.06;60.02;67.26;0.139;NEUTRE;0;24.1;0;0
2026.04.08 03:00;2236.40;2238.77;2231.32;2233.93;52.30;31.53;4.69;66.88;73.41;-0.236;NEUTRE;0;-45.4;-2;0
2026.04.08 02:00;2233.02;2246.18;2230.01;2236.40;48.94;36.38;5.41;74.89;79.65;-0.125;NEUTRE;0;-38.8;-1;0
2026.04.08 01:00;2235.21;2241.83;2229.45;2233.07;45.07;37.84;6.24;78.47;84.62;-0.274;NEUTRE;0;;;0
2026.04.08 00:00;2239.21;2249.46;2227.76;2235.08;40.98;43.66;7.20;85.59;89.51;-0.184;NEUTRE;0;;;0
2026.04.07 23:00;2218.71;2272.31;2214.79;2239.21;36.25;50.38;8.31;89.79;90.46;6.283;STRONG_UP;2;74.1;3;0
2026.04.07 22:00;2144.56;2218.29;2144.55;2218.29;30.80;43.68;9.59;93.14;85.28;5.290;STRONG_UP;2;72.1;3;0
2026.04.07 21:00;2114.92;2152.20;2114.85;2144.56;25.69;36.62;11.06;88.45;78.42;1.790;NEUTRE;0;47.7;2;0
2026.04.07 20:00;2113.38;2125.08;2110.02;2114.97;21.40;31.08;12.76;74.24;70.07;0.386;NEUTRE;0;14;0;0
2026.04.07 19:00;2085.42;2115.67;2083.22;2113.38;18.26;26.25;14.73;72.55;68.31;0.310;NEUTRE;0;11.9;0;1
2026.04.07 18:00;2098.62;2100.92;2081.46;2085.42;16.75;23.29;16.99;63.42;56.51;-1.017;NEUTRE;0;-36;-1;1
2026.04.07 17:00;2082.97;2112.25;2078.93;2098.61;16.92;26.88;19.61;68.95;41.27;-0.391;NEUTRE;0;-16.5;0;1
2026.04.07 16:00;2079.37;2089.78;2076.58;2082.97;17.12;20.63;22.63;37.15;22.21;-1.133;NEUTRE;0;-42.4;-1;1
2026.04.07 15:00;2068.65;2082.73;2063.88;2079.46;19.05;15.59;26.11;17.72;13.98;-1.300;NEUTRE;0;-48.2;-2;1
2026.04.07 14:00;2074.14;2079.88;2060.25;2068.54;18.10;15.67;30.12;11.76;12.89;-1.818;NEUTRE;0;-59.1;-2;1
2026.04.07 13:00;2086.11;2092.24;2073.67;2074.77;16.02;18.08;24.24;12.47;19.24;-1.522;NEUTRE;0;-56.5;-2;1
2026.04.07 12:00;2088.63;2090.89;2073.44;2086.15;16.25;19.74;27.97;14.44;31.55;-0.982;NEUTRE;0;-46.5;-2;1
2026.04.07 11:00;2088.38;2092.70;2081.39;2088.63;16.09;22.77;25.26;30.81;49.81;-0.864;NEUTRE;0;-45.3;-2;1
2026.04.07 10:00;2127.78;2131.00;2085.48;2088.43;17.77;26.28;23.58;49.40;56.36;-0.874;NEUTRE;0;-48.4;-2;1
2026.04.07 09:00;2114.36;2132.97;2113.52;2127.77;19.68;30.32;17.74;69.23;53.25;0.993;NEUTRE;0;54.9;2;1
2026.04.07 08:00;2103.15;2116.75;2102.40;2114.36;18.67;22.16;20.46;50.44;48.80;0.357;NEUTRE;0;29.9;1;1
2026.04.07 07:00;2103.57;2105.56;2098.30;2103.15;20.94;13.57;23.61;40.08;53.01;-0.175;NEUTRE;0;-17.9;0;1
2026.04.07 06:00;2105.18;2105.46;2096.07;2103.57;20.00;15.44;27.25;55.88;57.37;-0.155;NEUTRE;0;-18.4;0;0
2026.04.07 05:00;2113.77;2114.31;2103.28;2105.18;18.82;17.82;19.62;63.06;49.94;-0.079;NEUTRE;0;-11.5;0;0
2026.04.07 04:00;2107.67;2118.84;2102.80;2113.82;20.98;20.56;22.64;53.18;38.72;0.331;NEUTRE;0;46.8;2;0
2026.04.07 03:00;2106.08;2109.35;2103.05;2107.67;23.47;14.62;26.13;33.57;30.24;0.039;NEUTRE;0;9.5;0;0
2026.04.07 02:00;2098.88;2111.17;2092.87;2106.07;22.73;16.87;30.15;29.43;26.87;-0.037;NEUTRE;0;-13.4;0;0
2026.04.07 01:00;2112.10;2119.20;2097.49;2098.88;21.88;19.47;30.90;27.71;24.92;-0.378;NEUTRE;0;;;0
2026.04.07 00:00;2106.84;2119.24;2105.19;2112.10;21.76;22.46;30.20;23.47;26.72;0.250;NEUTRE;0;;;0
2026.04.06 23:00;2105.12;2109.93;2088.00;2106.84;22.85;15.72;34.84;23.59;35.84;-0.103;NEUTRE;0;-3.3;0;0
2026.04.06 22:00;2139.09;2140.76;2105.12;2105.12;20.54;18.14;28.19;33.10;44.47;-0.185;NEUTRE;0;-6.2;0;0
2026.04.06 21:00;2148.82;2148.82;2137.39;2139.09;20.37;20.93;18.60;50.81;46.31;1.426;NEUTRE;0;41.2;1;0
2026.04.06 20:00;2144.06;2154.70;2139.45;2148.83;22.59;24.15;18.69;49.51;38.95;1.888;NEUTRE;0;50.6;2;0
2026.04.06 19:00;2144.77;2145.55;2135.55;2143.81;24.11;18.64;21.57;38.61;34.97;1.650;NEUTRE;0;48.2;2;1
2026.04.06 18:00;2134.22;2148.53;2130.79;2144.77;26.70;21.51;24.89;28.75;40.17;1.695;NEUTRE;0;50.5;2;1
2026.04.06 17:00;2140.21;2140.78;2123.02;2134.22;29.68;18.09;28.72;37.57;49.74;1.195;NEUTRE;0;42.2;1;1
2026.04.06 16:00;2164.60;2168.28;2140.14;2140.23;30.75;20.88;18.30;54.18;49.29;1.480;NEUTRE;0;50;2;1
2026.04.06 15:00;2156.51;2169.42;2155.28;2164.67;34.48;24.09;12.84;57.46;43.64;2.639;SOFT_UP;1;66.2;3;1
2026.04.06 14:00;2145.64;2164.56;2137.25;2156.51;35.10;22.51;14.82;36.24;41.17;2.252;SOFT_UP;1;64.2;2;1
2026.04.06 13:00;2142.90;2149.11;2137.72;2145.63;37.33;17.27;17.10;37.22;48.75;1.736;NEUTRE;0;59.8;2;1
2026.04.06 12:00;2151.11;2154.22;2141.59;2142.90;43.00;19.92;14.50;50.05;56.94;1.606;NEUTRE;0;59.9;2;1
2026.04.06 11:00;2152.85;2153.35;2146.52;2151.11;47.19;22.99;10.73;58.99;61.59;1.996;SOFT_UP;1;66.8;3;1
2026.04.06 10:00;2150.45;2157.14;2149.10;2152.84;48.86;26.52;6.57;61.80;61.74;2.078;SOFT_UP;1;69.5;3;1
2026.04.06 09:00;2137.96;2173.38;2137.54;2150.46;47.09;30.60;7.58;63.99;59.62;1.965;SOFT_UP;1;70.4;3;1
2026.04.06 08:00;2134.19;2146.51;2132.58;2137.96;45.06;23.78;8.74;59.44;55.87;1.372;NEUTRE;0;65.6;3;1
2026.04.06 07:00;2126.33;2139.45;2121.80;2134.11;44.88;19.64;10.09;55.42;57.94;1.190;NEUTRE;0;65.5;3;1
2026.04.06 06:00;2130.26;2137.96;2119.04;2126.33;46.84;21.36;11.64;52.74;65.40;0.821;NEUTRE;0;60.4;2;0
2026.04.06 05:00;2129.80;2133.55;2127.34;2130.29;49.52;24.65;6.68;65.67;74.59;1.009;NEUTRE;0;69;3;0
2026.04.06 04:00;2128.18;2133.50;2123.85;2129.79;48.32;28.31;7.71;77.79;80.46;0.985;NEUTRE;0;72.5;3;0
2026.04.06 03:00;2132.38;2136.10;2125.51;2128.18;46.95;32.67;6.25;80.30;81.71;0.908;NEUTRE;0;75.6;3;0
2026.04.06 02:00;2113.99;2144.55;2113.27;2132.43;43.73;37.70;7.21;83.31;83.66;1.110;NEUTRE;0;82;3;0
2026.04.06 01:00;2120.96;2123.36;2111.40;2113.99;40.01;33.07;8.32;81.54;82.09;0.236;NEUTRE;0;;;0
2026.04.06 00:00;2109.02;2133.54;2109.02;2120.98;36.97;38.16;9.60;86.14;79.92;0.567;NEUTRE;0;;;0
2026.04.05 23:00;2084.54;2121.50;2081.01;2108.96;33.46;36.50;11.08;78.59;73.79;2.145;SOFT_UP;1;50.2;2;0
2026.04.05 22:00;2059.17;2086.44;2048.90;2084.54;30.39;28.79;12.78;75.03;74.05;0.962;NEUTRE;0;29.4;1;0
2026.04.05 21:00;2068.14;2068.33;2055.71;2059.17;29.14;25.80;14.75;67.76;76.16;-0.267;NEUTRE;0;-9.3;0;0
2026.04.05 20:00;2061.40;2073.88;2060.83;2068.14;29.43;29.77;10.78;79.36;78.75;0.168;NEUTRE;0;6.2;0;0
2026.04.05 19:00;2061.95;2068.86;2057.09;2061.12;26.75;28.43;12.43;81.37;76.02;-0.172;NEUTRE;0;-6.7;0;0
2026.04.05 18:00;2061.19;2065.46;2056.09;2061.88;24.84;28.36;14.35;75.52;69.75;-0.136;NEUTRE;0;-5.6;0;0
2026.04.05 17:00;2051.03;2061.25;2047.89;2061.19;23.62;25.81;16.55;71.19;63.87;-0.169;NEUTRE;0;-7.3;0;0
2026.04.05 16:00;2052.93;2058.15;2049.18;2051.03;23.89;26.21;19.10;62.54;53.59;-0.661;NEUTRE;0;-28;-1;0
2026.04.05 15:00;2037.49;2068.29;2033.39;2052.93;25.16;30.24;22.04;57.87;44.67;-0.569;NEUTRE;0;-26;-1;0
2026.04.05 14:00;2035.49;2042.18;2034.18;2037.49;26.61;23.38;25.43;40.36;39.43;-1.317;NEUTRE;0;-50.5;-2;0
2026.04.05 13:00;2027.30;2036.30;2024.60;2035.49;30.06;15.67;29.34;35.79;45.09;-1.414;NEUTRE;0;-54.5;-2;0
2026.04.05 12:00;2041.09;2041.14;2021.21;2027.30;30.01;18.08;33.86;42.15;50.94;-1.810;NEUTRE;0;-62.8;-2;0
2026.04.05 11:00;2043.67;2044.85;2039.29;2041.09;29.96;20.86;25.11;57.33;50.47;-1.143;NEUTRE;0;-53.2;-2;0
2026.04.05 10:00;2043.34;2051.48;2041.68;2043.67;33.14;24.07;22.36;53.33;42.29;-1.018;NEUTRE;0;-52.7;-2;0
2026.04.05 09:00;2038.12;2045.08;2037.75;2043.35;37.68;17.73;25.80;40.75;33.40;-1.033;NEUTRE;0;-55.9;-2;0
2026.04.05 08:00;2036.34;2038.67;2034.81;2038.17;40.62;7.00;29.77;32.78;27.03;-1.284;NEUTRE;0;-64.2;-2;0
2026.04.05 07:00;2037.14;2041.62;2033.28;2036.34;37.34;8.08;34.35;26.66;19.99;-1.373;NEUTRE;0;-68.4;-3;0
2026.04.05 06:00;2047.76;2048.22;2026.69;2037.14;33.56;9.32;39.63;21.67;17.73;-1.334;NEUTRE;0;-70.8;-3;0
2026.04.05 05:00;2054.10;2056.00;2046.16;2047.75;29.20;10.75;31.82;11.65;16.04;-0.820;NEUTRE;0;-64.7;-2;0
2026.04.05 04:00;2055.69;2057.19;2053.08;2054.10;26.07;12.41;25.89;19.87;18.10;-0.512;NEUTRE;0;-58.8;-2;0
2026.04.05 03:00;2058.89;2059.61;2054.24;2055.69;24.67;14.32;25.54;16.60;19.21;-0.435;NEUTRE;0;-61.8;-2;0
2026.04.05 02:00;2056.48;2059.13;2053.37;2058.89;24.13;15.14;29.47;17.83;26.59;-0.280;NEUTRE;0;-61;-2;0
2026.04.05 01:00;2061.40;2061.69;2056.43;2056.48;22.90;17.47;25.83;23.20;35.85;-0.397;NEUTRE;0;;;0
2026.04.05 00:00;2064.68;2064.90;2059.58;2061.40;23.46;20.16;20.59;38.75;42.80;-0.159;NEUTRE;0;;;0
2026.04.04 23:00;2068.25;2068.35;2061.79;2064.68;26.91;23.26;17.36;45.61;43.51;0.569;NEUTRE;0;17.7;0;0
2026.04.04 22:00;2067.86;2071.17;2067.38;2068.26;28.81;26.84;6.92;44.03;42.05;0.743;NEUTRE;0;23.5;0;0
2026.04.04 21:00;2062.15;2070.68;2061.89;2067.86;24.17;28.98;7.99;40.88;44.98;0.724;NEUTRE;0;23.9;0;0
2026.04.04 20:00;2063.90;2064.13;2059.00;2062.15;19.15;21.98;9.22;41.23;52.88;0.446;NEUTRE;0;16;0;0
2026.04.04 19:00;2054.33;2082.96;2054.22;2063.88;15.81;25.36;10.63;52.81;61.71;0.530;NEUTRE;0;19.8;0;0
2026.04.04 18:00;2055.99;2057.66;2054.07;2054.33;11.94;15.72;12.27;64.59;67.41;0.065;NEUTRE;0;2.7;0;0
2026.04.04 17:00;2055.00;2057.44;2052.19;2055.99;11.89;17.19;14.16;67.73;70.64;0.146;NEUTRE;0;6.3;0;0
2026.04.04 16:00;2055.56;2061.30;2052.48;2055.00;12.23;19.84;15.49;69.91;69.63;0.097;NEUTRE;0;4.5;0;0
2026.04.04 15:00;2052.28;2060.68;2051.48;2055.56;12.21;21.81;17.87;74.29;63.22;0.125;NEUTRE;0;6.1;0;0
2026.04.04 14:00;2052.61;2054.12;2043.81;2052.28;12.56;14.19;20.62;64.69;54.61;-0.035;NEUTRE;0;-1.8;0;0
2026.04.04 13:00;2049.33;2054.13;2048.88;2052.61;11.66;16.38;16.22;50.67;47.15;-0.019;NEUTRE;0;-1.1;0;0
2026.04.04 12:00;2051.13;2052.64;2047.38;2049.33;13.38;14.53;18.72;48.47;41.89;-0.179;NEUTRE;0;-10.9;0;0
2026.04.04 11:00;2053.36;2054.38;2050.32;2051.13;13.50;16.76;13.00;42.32;36.44;-0.091;NEUTRE;0;-6.1;0;0
2026.04.04 10:00;2049.62;2054.08;2046.85;2053.41;13.63;18.21;15.00;34.87;40.83;0.020;NEUTRE;0;1.5;0;0
2026.04.04 09:00;2049.79;2050.96;2048.40;2049.62;14.24;14.37;17.31;32.13;54.04;-0.165;NEUTRE;0;-13.3;0;0
2026.04.04 08:00;2053.12;2054.58;2048.81;2049.78;15.00;16.58;17.51;55.51;68.53;-0.157;NEUTRE;0;-14.2;0;0
2026.04.04 07:00;2055.58;2056.30;2050.67;2053.12;16.89;19.13;15.24;74.49;69.19;0.006;NEUTRE;0;0.6;0;0
2026.04.04 06:00;2052.93;2057.15;2051.96;2055.58;17.75;22.07;14.06;75.59;54.84;0.126;NEUTRE;0;15.1;0;0
2026.04.04 05:00;2050.31;2054.10;2049.72;2052.93;17.06;16.43;16.22;57.48;37.06;-0.003;NEUTRE;0;-0.4;0;0
2026.04.04 04:00;2049.28;2050.88;2047.58;2050.31;19.59;7.64;18.72;31.45;25.20;-0.131;NEUTRE;0;-22.9;0;0
2026.04.04 03:00;2049.42;2051.28;2048.92;2049.28;16.15;8.82;15.35;22.26;26.46;-0.181;NEUTRE;0;-37.9;-1;0
2026.04.04 02:00;2050.55;2052.66;2047.14;2049.42;14.47;10.18;17.71;21.90;33.16;-0.174;NEUTRE;0;-48.3;-2;0
2026.04.04 01:00;2051.56;2053.19;2048.92;2050.55;12.54;11.74;15.48;35.23;46.72;-0.119;NEUTRE;0;;;0
2026.04.04 00:00;2053.00;2053.19;2050.59;2051.56;12.36;13.55;11.84;42.35;57.59;-0.070;NEUTRE;0;;;0
2026.04.03 23:00;2051.32;2053.44;2048.42;2053.02;13.22;15.63;13.66;62.59;68.60;-0.163;NEUTRE;0;-5.2;0;0
2026.04.03 22:00;2057.86;2058.92;2048.99;2051.32;14.22;18.04;14.02;67.83;66.80;-0.246;NEUTRE;0;-8.2;0;0
2026.04.03 21:00;2052.23;2059.77;2051.97;2057.86;14.48;20.81;11.56;75.39;61.39;0.072;NEUTRE;0;2.5;0;0
2026.04.03 20:00;2051.94;2054.24;2051.28;2052.23;12.32;13.11;13.34;57.19;49.30;-0.202;NEUTRE;0;-7.4;0;0
2026.04.03 19:00;2048.53;2053.58;2045.14;2052.19;14.08;11.69;15.39;51.59;41.35;-0.204;NEUTRE;0;-7.9;0;1
2026.04.03 18:00;2049.57;2052.92;2047.13;2048.53;14.14;13.49;14.13;39.11;34.33;-0.382;NEUTRE;0;-15.3;0;1
2026.04.03 17:00;2053.92;2054.78;2043.29;2049.56;15.96;15.57;16.30;33.33;29.55;-0.332;NEUTRE;0;-14.1;0;1
2026.04.03 16:00;2050.49;2055.95;2048.97;2053.92;18.06;17.96;11.21;30.56;25.51;-0.120;NEUTRE;0;-5.5;0;1
2026.04.03 15:00;2053.65;2057.14;2048.52;2050.44;17.27;20.72;12.93;24.76;22.54;-0.289;NEUTRE;0;-13.9;0;1
2026.04.03 14:00;2047.37;2056.28;2044.52;2053.65;16.37;22.38;14.92;21.20;23.14;-0.133;NEUTRE;0;-7;0;1
2026.04.03 13:00;2049.39;2050.79;2041.17;2047.37;15.81;18.64;17.21;21.67;29.99;-0.438;NEUTRE;0;-23.5;0;1
2026.04.03 12:00;2062.26;2078.80;2044.94;2049.39;17.63;21.50;13.83;26.54;37.30;-0.340;NEUTRE;0;-20.1;0;1
2026.04.03 11:00;2059.26;2064.25;2057.20;2062.26;17.01;18.20;15.96;41.75;46.69;0.286;NEUTRE;0;18.5;0;1
2026.04.03 10:00;2060.43;2060.44;2052.69;2059.23;18.61;12.69;18.42;43.61;55.07;0.139;NEUTRE;0;10.2;0;1
2026.04.03 09:00;2060.19;2063.56;2056.34;2060.43;18.64;14.64;14.00;54.71;65.32;0.197;NEUTRE;0;15.7;0;1
2026.04.03 08:00;2065.12;2071.30;2058.11;2060.24;21.17;16.89;12.39;66.91;71.73;0.188;NEUTRE;0;16.8;0;1
2026.04.03 07:00;2063.09;2074.49;2061.46;2065.12;22.06;19.49;10.38;74.34;70.82;0.425;NEUTRE;0;38;1;1
2026.04.03 06:00;2056.50;2066.28;2054.63;2063.09;20.77;12.79;11.98;73.94;64.68;0.326;NEUTRE;0;35;1;0
2026.04.03 05:00;2053.80;2063.45;2046.76;2056.50;23.46;11.02;13.83;64.19;53.79;0.006;NEUTRE;0;0.9;0;0
2026.04.03 04:00;2053.38;2057.19;2048.58;2053.80;25.33;6.95;15.95;55.92;41.08;-0.125;NEUTRE;0;-21.9;0;0
2026.04.03 03:00;2051.66;2056.59;2049.27;2053.41;23.18;8.02;17.17;41.26;27.82;-0.144;NEUTRE;0;-31.7;-1;0
2026.04.03 02:00;2049.86;2059.13;2040.72;2051.67;21.16;9.25;19.82;26.05;24.03;-0.229;NEUTRE;0;-55.9;-2;0
2026.04.03 01:00;2052.39;2061.72;2044.58;2049.86;18.82;10.68;19.64;16.14;31.29;-0.317;NEUTRE;0;;;0
2026.04.03 00:00;2056.38;2059.03;2049.51;2052.39;17.17;12.32;18.24;29.89;47.64;-0.194;NEUTRE;0;;;0
2026.04.02 23:00;2059.57;2061.03;2053.20;2056.38;16.83;14.21;15.08;47.85;61.04;-3.886;STRONG_DOWN;-2;-65.3;-3;0
2026.04.02 22:00;2062.59;2064.38;2053.30;2059.52;18.96;16.40;17.20;65.19;67.84;-3.739;STRONG_DOWN;-2;-65.5;-3;0
2026.04.02 21:00;2067.86;2070.01;2055.38;2062.56;21.51;18.92;16.96;70.08;65.68;-3.597;SOFT_DOWN;-1;-65.6;-3;0
2026.04.02 20:00;2064.70;2073.78;2060.33;2067.64;23.98;21.84;14.36;68.26;63.71;-3.360;SOFT_DOWN;-1;-65.2;-3;0
2026.04.02 19:00;2057.84;2066.50;2054.23;2064.70;24.49;16.87;16.57;58.69;64.03;-3.497;SOFT_DOWN;-1;-67.1;-3;1
2026.04.02 18:00;2046.31;2061.38;2042.96;2057.83;28.13;13.04;19.12;64.19;71.34;-3.818;STRONG_DOWN;-2;-69.9;-3;1
2026.04.02 17:00;2062.28;2071.22;2044.18;2046.31;29.55;15.05;21.05;69.20;76.29;-4.357;STRONG_DOWN;-2;-73.1;-3;1
2026.04.02 16:00;2058.66;2074.65;2051.27;2062.36;31.54;17.37;20.25;80.62;73.48;-3.606;SOFT_DOWN;-1;-71;-3;1
2026.04.02 15:00;2063.21;2066.88;2047.60;2058.66;35.21;14.92;23.37;79.03;57.93;-3.779;STRONG_DOWN;-2;-72.9;-3;1
2026.04.02 14:00;2037.82;2071.17;2031.60;2063.21;37.23;17.22;26.96;60.78;37.79;-3.567;SOFT_DOWN;-1;-73.1;-3;1
2026.04.02 13:00;2025.79;2038.35;2015.97;2037.87;39.57;7.11;31.11;33.99;25.96;-4.751;STRONG_DOWN;-2;-78;-3;1
2026.04.02 12:00;2031.84;2032.19;2023.11;2025.79;35.99;8.20;30.99;18.61;24.48;-5.316;STRONG_DOWN;-2;-80.1;-3;1
2026.04.02 11:00;2037.57;2039.29;2024.58;2031.97;32.58;9.46;33.26;25.28;31.17;-5.027;STRONG_DOWN;-2;-80.4;-3;1
2026.04.02 10:00;2042.97;2043.97;2031.41;2037.57;29.03;10.92;31.24;29.56;32.65;-4.765;STRONG_DOWN;-2;-80.7;-3;1
2026.04.02 09:00;2045.10;2047.08;2038.97;2042.97;26.08;12.60;26.78;38.66;28.89;-4.513;STRONG_DOWN;-2;-81.2;-3;1
2026.04.02 08:00;2054.97;2054.97;2044.80;2045.10;24.55;14.54;19.85;29.74;18.87;-4.413;STRONG_DOWN;-2;-82;-3;1
2026.04.02 07:00;2049.28;2055.67;2043.39;2054.98;25.95;16.78;22.90;18.28;11.20;-3.951;STRONG_DOWN;-2;-82.2;-3;1
2026.04.02 06:00;2049.20;2052.95;2044.74;2049.28;27.57;15.95;26.42;8.58;7.19;-4.218;STRONG_DOWN;-2;-83.7;-3;0
2026.04.02 05:00;2043.58;2050.35;2038.08;2049.48;28.01;13.53;30.49;6.73;7.60;-4.208;STRONG_DOWN;-2;-84.7;-3;0
2026.04.02 04:00;2055.23;2057.36;2040.78;2043.58;26.40;15.61;31.79;6.27;12.55;-4.484;STRONG_DOWN;-2;-86;-3;0
2026.04.02 03:00;2072.91;2075.74;2046.12;2055.28;25.21;18.01;31.73;9.79;21.39;-3.937;STRONG_DOWN;-2;-86.6;-3;0
2026.04.02 02:00;2099.21;2099.24;2064.54;2072.91;24.84;20.79;27.04;21.58;34.12;-3.113;SOFT_DOWN;-1;-87.1;-3;0
2026.04.02 01:00;2155.31;2155.31;2089.17;2099.21;26.65;23.98;20.28;32.78;43.82;-1.884;NEUTRE;0;;;0
2026.04.02 00:00;2139.52;2158.48;2135.52;2155.31;29.46;27.67;12.62;48.00;50.87;0.738;NEUTRE;0;;;0
2026.04.01 23:00;2139.38;2145.35;2134.91;2139.51;28.25;23.13;14.56;50.68;52.99;1.730;NEUTRE;0;44.1;1;0
2026.04.01 22:00;2156.21;2157.90;2137.10;2139.14;29.10;26.69;13.58;53.93;48.83;1.712;NEUTRE;0;45.1;2;0
2026.04.01 21:00;2142.97;2164.39;2142.36;2156.21;28.57;30.80;11.77;54.36;44.16;2.524;SOFT_UP;1;57.1;2;0
2026.04.01 20:00;2140.29;2146.72;2129.73;2143.04;26.09;23.20;13.59;38.22;43.58;1.898;SOFT_UP;1;50.7;2;0
2026.04.01 19:00;2128.17;2144.35;2126.78;2140.26;26.08;24.62;15.68;39.91;53.20;1.765;NEUTRE;0;50.1;2;1
2026.04.01 18:00;2136.52;2137.00;2122.79;2128.17;26.68;21.97;18.09;52.61;63.40;1.191;NEUTRE;0;40.4;1;1
2026.04.01 17:00;2145.41;2166.91;2132.80;2136.52;29.29;25.35;10.03;67.07;62.25;1.588;NEUTRE;0;50.3;2;1
2026.04.01 16:00;2134.27;2150.08;2123.86;2145.41;27.13;21.66;11.58;70.52;52.27;2.010;SOFT_UP;1;58.3;2;1
2026.04.01 15:00;2125.60;2136.70;2121.01;2134.27;26.64;17.14;13.36;49.16;39.25;1.481;NEUTRE;0;51.8;2;1
2026.04.01 14:00;2117.67;2129.56;2112.46;2125.60;28.83;12.78;15.41;37.14;33.79;1.068;NEUTRE;0;44.5;1;1
2026.04.01 13:00;2129.33;2133.60;2107.86;2118.01;31.83;14.74;17.78;31.44;36.16;0.708;NEUTRE;0;35.1;1;1
2026.04.01 12:00;2134.27;2144.68;2120.85;2129.16;35.29;17.01;12.75;32.80;44.04;1.238;NEUTRE;0;53;2;1
2026.04.01 11:00;2131.24;2137.71;2129.44;2134.27;38.52;19.63;9.17;44.24;54.01;1.481;NEUTRE;0;60;2;1
2026.04.01 10:00;2135.01;2136.91;2125.00;2131.24;38.85;21.16;10.58;55.08;64.20;1.337;NEUTRE;0;59.9;2;1
2026.04.01 09:00;2135.56;2139.01;2126.91;2135.01;39.70;24.41;9.74;62.72;71.93;1.516;NEUTRE;0;65.3;3;1
2026.04.01 08:00;2129.46;2141.30;2123.66;2135.56;39.20;28.17;11.24;74.81;79.89;1.542;NEUTRE;0;68.1;3;1
2026.04.01 07:00;2149.46;2155.47;2128.56;2129.46;38.63;32.50;8.70;78.26;79.74;1.252;NEUTRE;0;66.5;3;1
2026.04.01 06:00;2120.53;2153.88;2120.41;2149.46;35.68;36.59;10.03;86.59;71.50;2.203;SOFT_UP;1;78.1;3;0
2026.04.01 05:00;2109.17;2132.25;2104.18;2120.53;32.41;32.28;11.58;74.36;52.88;0.827;NEUTRE;0;64.9;2;0
2026.04.01 04:00;2100.47;2114.22;2098.02;2109.17;30.13;27.37;13.36;53.56;41.22;0.287;NEUTRE;0;42.7;1;0
2026.04.01 03:00;2086.17;2104.47;2086.17;2100.47;29.47;22.32;15.41;30.71;43.54;-0.126;NEUTRE;0;-28.4;-1;0
2026.04.01 02:00;2090.64;2094.07;2080.77;2086.17;31.19;17.01;17.79;39.40;55.53;-0.806;NEUTRE;0;-79.1;-3;0
2026.04.01 01:00;2112.37;2113.51;2089.40;2090.61;35.65;19.62;10.54;60.51;57.82;-0.595;NEUTRE;0;;;0
2026.04.01 00:00;2103.13;2113.99;2094.62;2112.37;36.50;22.64;8.83;66.67;56.95;0.439;NEUTRE;0;;;0
2026.03.31 23:00;2094.12;2106.02;2090.82;2103.19;35.36;19.80;10.19;46.28;56.74;3.894;STRONG_UP;2;65.4;3;0
2026.03.31 22:00;2100.14;2101.99;2087.02;2094.12;35.87;18.76;11.75;57.92;65.45;3.446;SOFT_UP;1;63.6;2;0
2026.03.31 21:00;2105.25;2106.11;2091.46;2100.14;37.86;21.65;9.00;66.02;68.95;3.743;STRONG_UP;2;66.5;3;0
2026.03.31 20:00;2094.40;2107.63;2094.27;2105.23;37.33;24.98;7.43;72.40;70.79;3.994;STRONG_UP;2;68.8;3;0
2026.03.31 19:00;2097.51;2101.88;2089.88;2094.92;34.75;22.20;8.58;68.42;67.76;3.485;SOFT_UP;1;67.1;3;1
2026.03.31 18:00;2090.83;2112.37;2090.74;2097.52;33.29;25.62;8.79;71.54;62.99;3.613;SOFT_UP;1;68.9;3;1
2026.03.31 17:00;2089.27;2120.45;2086.37;2090.80;30.89;29.56;10.15;63.32;58.64;3.282;SOFT_UP;1;68.1;3;1
2026.03.31 16:00;2052.53;2105.71;2052.08;2089.27;28.12;27.45;11.71;54.10;59.90;3.206;SOFT_UP;1;68.8;3;1
2026.03.31 15:00;2043.66;2075.58;2043.18;2052.53;26.26;23.03;13.51;58.49;67.43;1.391;NEUTRE;0;50.1;2;1
2026.03.31 14:00;2072.88;2089.47;2035.40;2043.63;26.30;26.57;15.59;67.09;65.21;0.951;NEUTRE;0;41.2;1;1
2026.03.31 13:00;2045.45;2078.20;2045.34;2073.12;26.33;27.45;17.99;76.69;52.85;2.408;SOFT_UP;1;67.3;3;1
2026.03.31 12:00;2038.80;2055.78;2033.28;2045.45;27.18;21.18;20.76;51.84;32.57;1.041;NEUTRE;0;48.2;2;1
2026.03.31 11:00;2024.11;2041.94;2020.59;2038.80;31.21;14.98;23.95;30.01;21.17;0.713;NEUTRE;0;39.9;1;1
2026.03.31 10:00;2016.04;2027.95;2014.60;2024.11;32.46;7.20;27.63;15.87;19.41;-0.013;NEUTRE;0;-1;0;1
2026.03.31 09:00;2037.48;2041.27;2010.28;2015.78;28.43;8.31;31.88;17.62;28.69;-0.424;NEUTRE;0;-31.3;-1;1
2026.03.31 08:00;2053.61;2056.84;2033.78;2037.46;23.78;9.58;25.12;24.72;40.16;0.647;NEUTRE;0;46.2;2;1
2026.03.31 07:00;2060.03;2060.78;2040.53;2053.61;20.55;11.06;24.48;43.71;52.37;1.444;NEUTRE;0;69.4;3;1
2026.03.31 06:00;2062.13;2062.76;2052.88;2060.03;17.90;12.76;18.87;52.04;60.49;1.762;NEUTRE;0;75.2;3;0
2026.03.31 05:00;2058.52;2066.74;2052.79;2062.13;17.68;14.72;21.77;61.35;67.70;1.865;NEUTRE;0;78.2;3;0
2026.03.31 04:00;2064.68;2069.82;2054.98;2058.52;17.43;16.99;22.71;68.08;72.01;1.687;NEUTRE;0;79.6;3;0
2026.03.31 03:00;2070.55;2074.33;2059.58;2064.71;17.89;19.60;21.43;73.67;70.80;1.993;SOFT_UP;1;83.3;3;0
2026.03.31 02:00;2070.78;2080.04;2064.93;2070.55;19.96;22.61;19.15;74.28;63.86;2.281;SOFT_UP;1;86.1;3;0
2026.03.31 01:00;2034.59;2089.01;2029.94;2070.78;21.75;26.09;22.09;64.44;53.36;2.293;SOFT_UP;1;;;0
2026.03.31 00:00;2024.37;2038.63;2013.98;2034.60;23.82;16.99;25.49;52.86;42.99;0.505;NEUTRE;0;;;0
2026.03.30 23:00;2031.02;2031.02;2011.79;2024.40;24.40;14.85;29.41;42.78;32.94;2.102;SOFT_UP;1;49.7;2;0
2026.03.30 22:00;2033.72;2042.22;2027.67;2031.02;23.10;17.14;21.23;33.34;23.26;2.436;SOFT_UP;1;55;2;0
2026.03.30 21:00;2021.10;2046.59;2018.89;2033.72;25.01;19.77;24.50;22.72;16.72;2.572;SOFT_UP;1;57.6;2;0
2026.03.30 20:00;2021.32;2025.78;2018.89;2021.10;27.21;11.26;28.27;13.71;17.25;1.935;SOFT_UP;1;51.3;2;0
2026.03.30 19:00;2030.51;2030.51;2011.22;2021.57;24.78;12.99;32.62;13.75;28.15;1.959;SOFT_UP;1;53;2;1
2026.03.30 18:00;2039.36;2041.85;2025.86;2030.51;21.97;14.99;25.96;24.31;45.83;2.410;SOFT_UP;1;59.9;2;1
2026.03.30 17:00;2064.29;2070.18;2030.91;2039.36;21.22;17.29;25.09;46.38;57.94;2.856;SOFT_UP;1;65.2;3;1
2026.03.30 16:00;2072.94;2073.39;2057.04;2064.29;21.66;19.95;18.72;66.81;63.00;4.114;STRONG_UP;2;73.2;3;1
2026.03.30 15:00;2069.89;2078.20;2060.02;2072.94;24.50;23.02;18.79;60.64;62.43;4.550;STRONG_UP;2;75.6;3;1
2026.03.30 14:00;2058.77;2073.66;2042.57;2069.89;26.71;22.72;21.68;61.56;65.99;4.396;STRONG_UP;2;76.1;3;1
2026.03.30 13:00;2072.74;2082.19;2056.20;2058.80;30.46;26.22;18.28;65.08;64.73;3.837;STRONG_UP;2;75.3;3;1
2026.03.30 12:00;2069.32;2077.04;2067.29;2072.75;32.40;30.25;14.52;71.32;61.17;4.540;STRONG_UP;2;78.4;3;1
2026.03.30 11:00;2055.83;2077.25;2055.67;2069.32;31.98;34.90;16.76;57.80;59.43;4.367;STRONG_UP;2;78.9;3;1
2026.03.30 10:00;2053.00;2056.30;2047.25;2055.79;31.50;25.34;19.33;54.39;64.59;3.685;SOFT_UP;1;78.1;3;1
2026.03.30 09:00;2060.40;2061.33;2051.89;2053.00;34.27;29.24;14.42;66.10;72.48;3.544;SOFT_UP;1;78.8;3;1
2026.03.30 08:00;2057.40;2072.07;2056.03;2060.36;34.33;33.73;9.89;73.28;78.26;3.915;STRONG_UP;2;81;3;1
2026.03.30 07:00;2040.25;2063.43;2039.61;2057.40;31.20;30.64;11.41;78.07;83.61;3.766;STRONG_UP;2;81.8;3;1
2026.03.30 06:00;2045.70;2049.93;2039.90;2040.25;28.97;26.63;13.17;83.44;87.58;2.901;SOFT_UP;1;80.9;3;0
2026.03.30 05:00;2046.09;2056.34;2044.43;2045.64;28.22;30.73;8.25;89.31;88.78;3.173;SOFT_UP;1;83;3;0
2026.03.30 04:00;2033.82;2049.79;2033.82;2046.18;23.69;27.00;9.52;90.00;86.00;3.200;SOFT_UP;1;84.5;3;0
2026.03.30 03:00;2027.60;2039.77;2025.55;2033.83;19.97;21.50;10.98;87.03;80.57;2.577;SOFT_UP;1;84.8;3;0
2026.03.30 02:00;2008.32;2041.17;2005.88;2027.62;18.06;24.80;12.67;80.98;72.21;2.264;SOFT_UP;1;86.1;3;0
2026.03.30 01:00;1995.02;2014.22;1995.02;2008.12;15.86;16.87;14.62;73.69;65.68;1.281;NEUTRE;0;;;0
2026.03.30 00:00;1982.73;2020.51;1978.01;1995.02;17.20;19.47;16.87;61.97;61.31;0.620;NEUTRE;0;;;0
2026.03.29 23:00;1971.93;1992.42;1971.78;1982.60;18.74;12.29;19.46;61.40;64.36;-0.499;NEUTRE;0;-15.6;0;0
2026.03.29 22:00;2004.15;2004.15;1937.26;1971.98;18.15;14.18;22.46;60.56;65.18;-1.032;NEUTRE;0;-31.1;-1;0
2026.03.29 21:00;2000.45;2005.13;1999.43;2004.15;17.47;16.36;11.62;71.12;64.58;0.583;NEUTRE;0;19.7;0;0
2026.03.29 20:00;1993.70;2006.84;1993.54;2000.45;17.54;18.88;13.40;63.86;61.60;0.397;NEUTRE;0;14.3;0;0
2026.03.29 19:00;1995.21;1998.00;1992.20;1993.70;17.63;11.56;15.46;58.76;57.26;0.058;NEUTRE;0;2.3;0;0
2026.03.29 18:00;1993.03;1999.15;1989.33;1995.21;18.12;13.34;17.84;62.18;53.02;0.134;NEUTRE;0;5.5;0;0
2026.03.29 17:00;1995.69;1998.05;1985.92;1992.95;18.69;13.67;20.59;50.82;42.11;0.021;NEUTRE;0;0.9;0;0
2026.03.29 16:00;1990.78;2001.56;1989.91;1995.69;18.46;15.77;18.70;46.06;37.01;0.158;NEUTRE;0;7.2;0;0
2026.03.29 15:00;1992.01;1996.83;1984.74;1990.78;19.99;11.95;21.57;29.44;36.19;-0.088;NEUTRE;0;-4.3;0;0
2026.03.29 14:00;1985.20;2000.04;1982.30;1992.01;18.66;13.79;24.89;35.54;43.51;-0.027;NEUTRE;0;-1.4;0;0
2026.03.29 13:00;1999.84;2000.29;1982.36;1985.20;17.11;15.91;28.67;43.60;44.83;-0.368;NEUTRE;0;-20;0;0
2026.03.29 12:00;2001.92;2003.20;1995.99;1999.84;15.34;18.36;21.38;51.39;40.13;0.366;NEUTRE;0;21.5;0;0
2026.03.29 11:00;1993.95;2006.13;1993.49;2001.89;16.53;21.19;24.67;39.50;34.66;0.469;NEUTRE;0;28.8;1;0
2026.03.29 10:00;1996.91;1996.91;1989.60;1993.95;17.91;13.22;28.47;29.52;34.13;0.071;NEUTRE;0;5.2;0;0
2026.03.29 09:00;2002.19;2003.55;1994.15;1996.91;15.04;15.26;23.27;34.98;36.10;0.219;NEUTRE;0;17.4;0;0
2026.03.29 08:00;2003.87;2005.39;2000.61;2002.19;14.15;17.61;16.28;37.88;38.22;0.484;NEUTRE;0;37.9;1;0
2026.03.29 07:00;2002.92;2007.49;1997.97;2003.85;15.73;20.32;18.79;35.45;43.77;0.568;NEUTRE;0;46.3;2;0
2026.03.29 06:00;2003.08;2006.31;1997.90;2003.02;17.55;21.53;21.68;41.33;54.66;0.526;NEUTRE;0;48.5;2;0
2026.03.29 05:00;2003.30;2005.24;1995.56;2003.08;20.19;22.89;25.01;54.54;61.70;0.529;NEUTRE;0;53.7;2;0
2026.03.29 04:00;2009.13;2010.88;2002.51;2004.24;22.62;26.41;17.81;68.10;58.64;0.587;NEUTRE;0;62.1;2;0
2026.03.29 03:00;2007.09;2017.44;2004.99;2009.02;23.11;30.48;16.00;62.46;44.78;0.827;NEUTRE;0;74.3;3;0
2026.03.29 02:00;2003.06;2008.49;2000.40;2007.09;21.87;24.10;18.46;45.34;31.09;0.730;NEUTRE;0;78;3;0
2026.03.29 01:00;1997.00;2004.49;1995.79;2003.06;23.19;20.21;21.30;26.54;21.72;0.528;NEUTRE;0;;;0
2026.03.29 00:00;1992.54;1997.88;1989.65;1997.07;26.36;11.63;24.57;21.39;22.78;0.227;NEUTRE;0;;;0
2026.03.28 23:00;2009.76;2009.76;1987.96;1992.67;24.91;13.41;28.36;17.24;23.76;0.077;NEUTRE;0;2.5;0;0
2026.03.28 22:00;2007.49;2011.13;2003.45;2009.76;23.24;15.48;21.79;29.71;27.48;0.936;NEUTRE;0;28.7;1;0
2026.03.28 21:00;2022.64;2023.83;2005.12;2007.49;24.21;17.86;21.79;24.34;29.12;0.822;NEUTRE;0;26.8;1;0
2026.03.28 20:00;2018.68;2024.50;2018.61;2022.61;26.41;20.61;14.05;28.40;37.77;1.581;NEUTRE;0;45.5;2;0
2026.03.28 19:00;2019.73;2020.97;2015.42;2018.65;27.56;14.56;16.21;34.62;48.42;1.382;NEUTRE;0;43.1;1;0
2026.03.28 18:00;2019.03;2022.86;2018.43;2019.73;30.97;16.80;10.37;50.29;57.54;1.436;NEUTRE;0;45.8;2;0
2026.03.28 17:00;2022.59;2025.19;2015.13;2019.03;32.09;19.38;11.96;60.33;61.89;1.401;NEUTRE;0;46.7;2;0
2026.03.28 16:00;2024.82;2028.41;2019.89;2022.59;33.39;22.36;6.52;61.98;61.48;1.580;NEUTRE;0;51.8;2;0
2026.03.28 15:00;2018.88;2036.72;2016.51;2024.82;30.09;25.80;7.52;63.34;59.39;1.692;NEUTRE;0;55.5;2;0
2026.03.28 14:00;2024.66;2027.36;2014.52;2018.88;26.28;22.65;8.68;59.10;49.29;1.394;NEUTRE;0;52.1;2;0
2026.03.28 13:00;1997.81;2041.39;1997.35;2024.66;23.46;26.13;10.02;55.71;42.42;1.684;NEUTRE;0;59.1;2;0
2026.03.28 12:00;1995.70;2002.11;1990.64;1997.81;20.22;16.43;11.56;33.04;39.72;0.335;NEUTRE;0;19.8;0;0
2026.03.28 11:00;1994.80;1998.95;1993.80;1995.70;20.65;18.95;13.34;38.49;51.76;0.230;NEUTRE;0;15.1;0;0
2026.03.28 10:00;1997.66;2002.81;1991.05;1994.79;21.15;21.87;15.39;47.63;64.20;0.184;NEUTRE;0;13.3;0;0
2026.03.28 09:00;1997.47;1998.12;1993.73;1997.72;21.72;19.10;17.75;69.16;77.28;0.331;NEUTRE;0;25.4;1;0
2026.03.28 08:00;2005.20;2006.61;1996.42;1997.42;24.50;22.04;11.06;75.81;80.10;0.316;NEUTRE;0;27;1;0
2026.03.28 07:00;1999.07;2006.57;1998.64;2005.20;23.17;25.43;9.41;86.89;78.52;0.707;NEUTRE;0;52.5;2;0
2026.03.28 06:00;1992.45;2004.51;1991.30;1999.07;19.66;25.34;10.86;77.62;68.25;0.399;NEUTRE;0;40.6;1;0
2026.03.28 05:00;1988.93;1993.09;1986.32;1992.45;16.53;15.94;12.53;71.06;61.66;0.066;NEUTRE;0;9.7;0;0
2026.03.28 04:00;1987.40;1990.69;1985.37;1988.93;17.22;12.94;14.45;56.08;59.38;-0.110;NEUTRE;0;-19.5;0;0
2026.03.28 03:00;1985.70;1989.48;1985.04;1987.40;19.03;11.43;16.68;57.84;65.31;-0.187;NEUTRE;0;-38.8;-1;0
2026.03.28 02:00;1988.62;1991.94;1981.15;1985.70;19.08;13.19;19.24;64.23;67.77;-0.273;NEUTRE;0;-60.4;-2;0
2026.03.28 01:00;1990.72;1990.98;1982.91;1988.60;19.15;15.22;19.69;73.86;65.19;-0.127;NEUTRE;0;;;0
2026.03.28 00:00;1991.13;1993.52;1987.85;1990.73;20.13;17.57;13.31;65.24;56.67;-0.020;NEUTRE;0;;;0
2026.03.27 23:00;1983.49;1992.12;1978.61;1991.13;21.10;16.47;15.35;56.47;50.99;-3.273;SOFT_DOWN;-1;-61.4;-2;0
2026.03.27 22:00;1983.80;1985.09;1979.75;1983.49;23.81;11.00;17.71;48.31;45.95;-3.644;SOFT_DOWN;-1;-64.9;-2;0
2026.03.27 21:00;1983.48;1989.10;1982.26;1983.80;23.87;12.69;13.21;48.18;40.05;-3.629;SOFT_DOWN;-1;-65.8;-3;0
2026.03.27 20:00;1989.61;1994.25;1979.06;1983.47;27.24;14.64;15.24;41.35;33.31;-3.645;SOFT_DOWN;-1;-66.9;-3;0
2026.03.27 19:00;1982.21;1995.48;1977.11;1989.61;31.12;16.90;17.59;30.60;30.96;-3.347;SOFT_DOWN;-1;-66.2;-3;1
2026.03.27 18:00;1975.35;1984.36;1972.36;1982.12;35.60;10.18;20.29;27.97;32.31;-3.710;SOFT_DOWN;-1;-69.4;-3;1
2026.03.27 17:00;1985.06;1995.66;1972.67;1975.35;35.97;11.75;23.01;34.30;30.64;-4.039;STRONG_DOWN;-2;-71.9;-3;1
2026.03.27 16:00;1989.49;1990.42;1978.37;1985.06;36.52;13.56;22.74;34.66;23.66;-3.568;SOFT_DOWN;-1;-70.8;-3;1
2026.03.27 15:00;1987.65;2008.36;1981.42;1989.38;38.24;15.64;22.35;22.96;15.20;-3.358;SOFT_DOWN;-1;-70.9;-3;1
2026.03.27 14:00;1977.53;1987.97;1970.16;1987.65;41.41;6.40;25.78;13.35;10.21;-3.442;SOFT_DOWN;-1;-72.5;-3;1
2026.03.27 13:00;1987.95;1996.05;1970.88;1977.73;38.52;7.39;29.13;9.29;8.87;-3.924;STRONG_DOWN;-2;-75.6;-3;1
2026.03.27 12:00;1990.19;1992.51;1980.47;1987.95;35.29;8.53;27.75;7.98;10.65;-3.427;SOFT_DOWN;-1;-74.8;-3;1
2026.03.27 11:00;1989.65;1996.70;1980.85;1990.19;32.56;9.84;31.53;9.34;21.55;-3.318;SOFT_DOWN;-1;-75.6;-3;1
2026.03.27 10:00;2039.29;2042.68;1985.85;1989.78;29.50;11.35;31.53;14.64;36.79;-3.338;SOFT_DOWN;-1;-76.9;-3;1
2026.03.27 09:00;2045.80;2049.89;2035.11;2039.32;26.80;13.10;23.04;40.68;52.61;-0.932;NEUTRE;0;-53.1;-2;1
2026.03.27 08:00;2064.09;2067.28;2032.97;2045.80;26.69;15.11;26.59;55.05;54.41;-0.617;NEUTRE;0;-44.8;-1;1
2026.03.27 07:00;2060.85;2069.89;2058.24;2063.97;26.56;17.44;19.35;62.09;48.33;0.266;NEUTRE;0;26.1;1;1
2026.03.27 06:00;2059.38;2066.02;2056.67;2060.85;29.85;15.01;22.33;46.08;39.70;0.114;NEUTRE;0;13.8;0;0
2026.03.27 05:00;2051.15;2064.51;2050.19;2059.38;31.43;14.83;25.76;36.83;43.65;0.043;NEUTRE;0;6.3;0;0
2026.03.27 04:00;2059.73;2060.29;2041.61;2051.15;32.12;12.58;29.72;36.19;53.57;-0.357;NEUTRE;0;-49;-2;0
2026.03.27 03:00;2066.44;2067.33;2057.50;2059.74;30.83;14.52;21.21;57.94;62.26;0.060;NEUTRE;0;14.4;0;0
2026.03.27 02:00;2072.09;2075.28;2065.44;2066.44;32.69;16.75;12.05;66.58;63.09;0.386;NEUTRE;0;68.1;3;0
2026.03.27 01:00;2063.18;2072.82;2061.60;2072.08;35.20;15.48;13.90;62.27;63.07;0.660;NEUTRE;0;;;0
2026.03.27 00:00;2058.50;2066.01;2054.96;2063.18;39.79;8.52;16.04;60.42;66.00;0.227;NEUTRE;0;;;0
2026.03.26 23:00;2063.95;2067.77;2054.65;2058.47;41.20;9.83;18.50;66.53;65.74;-5.033;STRONG_DOWN;-2;-70.5;-3;0
2026.03.26 22:00;2066.39;2071.21;2053.56;2063.93;42.84;11.35;21.35;71.07;57.32;-4.781;STRONG_DOWN;-2;-70.3;-3;0
2026.03.26 21:00;2062.90;2074.19;2058.28;2066.39;44.72;13.09;20.52;59.61;40.54;-4.667;STRONG_DOWN;-2;-70.7;-3;0
2026.03.26 20:00;2047.06;2077.43;2044.38;2062.90;48.20;15.11;23.68;41.27;25.80;-4.828;STRONG_DOWN;-2;-72.2;-3;0
2026.03.26 19:00;2044.87;2051.92;2037.49;2047.08;52.21;5.56;27.32;20.74;18.68;-5.558;STRONG_DOWN;-2;-75.1;-3;1
2026.03.26 18:00;2047.30;2053.85;2032.42;2044.87;50.06;6.41;31.52;15.39;22.44;-5.660;STRONG_DOWN;-2;-76.1;-3;1
2026.03.26 17:00;2059.07;2068.77;2045.18;2047.30;47.58;7.40;27.21;19.92;29.06;-5.548;STRONG_DOWN;-2;-76.6;-3;1
2026.03.26 16:00;2068.62;2069.23;2058.03;2059.03;46.09;8.54;23.02;32.02;30.74;-5.007;STRONG_DOWN;-2;-76.1;-3;1
2026.03.26 15:00;2074.63;2075.11;2052.47;2068.62;46.12;9.85;26.56;35.25;25.44;-4.565;STRONG_DOWN;-2;-75.7;-3;1
2026.03.26 14:00;2079.54;2084.25;2069.69;2074.65;46.16;11.36;18.95;24.96;17.11;-4.286;STRONG_DOWN;-2;-75.8;-3;1
2026.03.26 13:00;2072.23;2091.58;2068.25;2079.59;49.41;13.11;21.86;16.12;11.61;-4.058;STRONG_DOWN;-2;-76;-3;1
2026.03.26 12:00;2067.02;2073.94;2064.48;2072.23;53.16;3.50;25.22;10.25;10.14;-4.398;STRONG_DOWN;-2;-78;-3;1
2026.03.26 11:00;2076.99;2079.94;2063.24;2067.02;49.70;4.04;29.10;8.48;12.14;-4.638;STRONG_DOWN;-2;-79.6;-3;1
2026.03.26 10:00;2080.85;2082.17;2071.63;2076.99;45.71;4.66;25.85;11.70;16.22;-4.178;STRONG_DOWN;-2;-79.5;-3;1
2026.03.26 09:00;2118.22;2120.37;2073.83;2080.85;42.06;5.37;26.62;16.25;18.26;-4.000;STRONG_DOWN;-2;-80.1;-3;1
2026.03.26 08:00;2122.11;2125.01;2112.85;2118.22;38.31;6.20;17.82;20.72;17.86;-2.276;SOFT_DOWN;-1;-74.7;-3;1
2026.03.26 07:00;2120.34;2123.12;2111.74;2122.11;36.76;4.76;20.56;17.82;16.60;-2.097;SOFT_DOWN;-1;-75.5;-3;1
2026.03.26 06:00;2117.91;2123.47;2110.57;2120.34;32.82;5.49;23.72;15.04;17.10;-2.178;SOFT_DOWN;-1;-77.9;-3;0
2026.03.26 05:00;2147.82;2149.31;2112.00;2118.02;28.27;6.34;25.66;16.94;18.81;-2.286;SOFT_DOWN;-1;-80.4;-3;0
2026.03.26 04:00;2151.78;2152.87;2146.10;2147.82;23.33;7.32;15.55;19.33;19.89;-0.911;NEUTRE;0;-71.2;-3;0
2026.03.26 03:00;2148.31;2154.11;2143.23;2151.78;21.38;8.44;17.94;20.16;23.59;-0.728;NEUTRE;0;-72.3;-3;0
2026.03.26 02:00;2163.34;2164.50;2142.90;2148.33;19.13;9.74;20.70;20.18;32.31;-0.887;NEUTRE;0;-80.1;-3;0
2026.03.26 01:00;2164.95;2167.86;2158.67;2163.34;16.53;11.24;12.66;30.45;41.65;-0.195;NEUTRE;0;;;0
2026.03.26 00:00;2167.56;2170.84;2160.80;2165.01;18.16;12.97;11.04;46.32;46.90;-0.118;NEUTRE;0;;;0
2026.03.25 23:00;2173.28;2176.09;2163.21;2167.57;19.72;14.96;9.04;48.18;47.96;0.584;NEUTRE;0;18.1;0;0
2026.03.25 22:00;2162.81;2181.26;2160.45;2173.28;18.96;17.26;10.43;46.20;47.65;0.849;NEUTRE;0;26.4;1;0
2026.03.25 21:00;2165.51;2168.47;2160.97;2162.81;18.08;10.46;12.04;49.51;46.70;0.363;NEUTRE;0;12.6;0;0
2026.03.25 20:00;2171.52;2171.85;2158.15;2165.51;19.79;12.07;13.89;47.23;43.54;0.489;NEUTRE;0;17.5;0;0
2026.03.25 19:00;2161.00;2175.35;2158.17;2171.54;21.76;13.93;16.01;43.36;40.22;0.768;NEUTRE;0;27.5;1;1
2026.03.25 18:00;2162.82;2172.42;2156.84;2161.05;24.04;13.45;18.47;40.04;37.91;0.282;NEUTRE;0;11.4;0;1
2026.03.25 17:00;2172.90;2175.38;2159.44;2162.81;25.32;15.52;18.74;37.27;36.50;0.363;NEUTRE;0;15.4;0;1
2026.03.25 16:00;2161.36;2183.36;2154.95;2172.90;27.77;17.91;21.63;36.44;39.32;0.832;NEUTRE;0;33.8;1;1
2026.03.25 15:00;2172.92;2175.88;2146.65;2161.36;30.59;16.61;24.95;35.78;47.01;0.296;NEUTRE;0;14.3;0;1
2026.03.25 14:00;2183.54;2187.07;2172.05;2172.97;32.21;19.17;15.42;45.74;57.47;0.835;NEUTRE;0;37.5;1;1
2026.03.25 13:00;2182.48;2197.39;2178.73;2183.54;35.50;22.12;10.95;59.50;68.12;1.325;NEUTRE;0;52.7;2;1
2026.03.25 12:00;2185.52;2193.07;2164.03;2182.48;35.77;21.96;12.64;67.17;73.41;1.276;NEUTRE;0;53.9;2;1
2026.03.25 11:00;2184.40;2198.44;2179.98;2185.29;37.13;25.34;6.13;77.70;73.15;1.407;NEUTRE;0;58.7;2;1
2026.03.25 10:00;2185.81;2188.12;2180.30;2184.43;33.45;20.63;7.08;75.37;65.63;1.367;NEUTRE;0;60.4;2;1
2026.03.25 09:00;2175.28;2188.30;2173.87;2185.82;31.07;23.81;8.17;66.39;59.84;1.431;NEUTRE;0;64;2;1
2026.03.25 08:00;2163.70;2189.75;2163.45;2175.45;28.32;27.47;9.42;55.14;60.01;0.950;NEUTRE;0;56.8;2;1
2026.03.25 07:00;2162.51;2176.23;2159.16;2163.70;25.15;23.79;10.87;58.00;65.22;0.405;NEUTRE;0;36.7;1;1
2026.03.25 06:00;2167.67;2171.93;2162.32;2162.51;23.29;23.57;12.54;66.90;67.80;0.349;NEUTRE;0;36.8;1;0
2026.03.25 05:00;2165.03;2178.21;2163.10;2167.61;22.17;27.20;13.22;70.77;64.41;0.586;NEUTRE;0;56.5;2;0
2026.03.25 04:00;2157.14;2166.15;2155.32;2165.08;20.26;19.11;15.26;65.73;64.40;0.469;NEUTRE;0;56.5;2;0
2026.03.25 03:00;2154.28;2159.24;2145.82;2157.12;21.66;12.23;17.61;56.73;69.10;0.099;NEUTRE;0;23;0;0
2026.03.25 02:00;2155.46;2160.24;2152.07;2154.28;22.21;14.11;13.15;70.75;78.08;-0.032;NEUTRE;0;-11.6;0;0
2026.03.25 01:00;2160.21;2165.88;2155.28;2155.46;25.09;16.28;9.13;79.83;82.61;0.022;NEUTRE;0;;;0
2026.03.25 00:00;2154.98;2167.35;2145.96;2160.21;24.62;18.79;10.53;83.67;84.56;0.243;NEUTRE;0;;;0
2026.03.24 23:00;2143.95;2162.48;2142.24;2154.98;24.07;18.17;12.15;84.34;80.32;0.181;NEUTRE;0;5.8;0;0
2026.03.24 22:00;2147.15;2154.38;2139.38;2143.94;24.72;14.81;14.02;85.67;69.77;-0.332;NEUTRE;0;-11;0;0
2026.03.24 21:00;2147.21;2150.39;2139.11;2147.17;28.11;13.00;16.18;70.94;48.79;-0.182;NEUTRE;0;-6.4;0;0
2026.03.24 20:00;2114.90;2152.89;2113.82;2147.21;30.75;15.00;18.67;52.71;31.12;-0.180;NEUTRE;0;-6.6;0;0
2026.03.24 19:00;2117.58;2126.27;2112.73;2115.14;33.81;6.82;21.54;22.72;19.02;-1.671;NEUTRE;0;-48.6;-2;1
2026.03.24 18:00;2107.62;2126.41;2104.11;2117.58;31.03;7.87;24.85;17.93;18.74;-1.557;NEUTRE;0;-48.1;-2;1
2026.03.24 17:00;2126.13;2127.60;2101.84;2107.62;27.82;9.08;28.68;16.42;20.51;-2.020;SOFT_DOWN;-1;-56.8;-2;1
2026.03.24 16:00;2133.71;2139.58;2119.64;2126.16;24.12;10.48;22.46;21.88;24.54;-1.158;NEUTRE;0;-43;-1;1
2026.03.24 15:00;2132.49;2146.34;2130.03;2134.13;22.23;12.10;17.90;23.23;31.62;-0.788;NEUTRE;0;-34.1;-1;1
2026.03.24 14:00;2137.53;2147.47;2119.18;2132.49;22.68;13.96;20.65;28.50;46.41;-0.864;NEUTRE;0;-38.5;-1;1
2026.03.24 13:00;2161.60;2164.98;2129.36;2137.35;23.19;16.10;18.29;43.13;62.82;-0.638;NEUTRE;0;-32.3;-1;1
2026.03.24 12:00;2164.91;2169.40;2157.77;2161.60;25.77;18.58;8.84;67.59;73.24;0.489;NEUTRE;0;27.7;1;1
2026.03.24 11:00;2160.49;2174.60;2151.27;2164.91;24.27;21.44;10.20;77.73;76.83;0.643;NEUTRE;0;37;1;1
2026.03.24 10:00;2163.95;2164.07;2154.17;2160.49;22.54;17.79;11.77;74.40;75.63;0.437;NEUTRE;0;29.4;1;1
2026.03.24 09:00;2153.76;2166.41;2146.08;2163.98;22.87;20.53;13.58;78.36;73.35;0.600;NEUTRE;0;40.7;1;1
2026.03.24 08:00;2164.64;2166.65;2151.16;2153.76;23.25;23.69;11.82;74.14;62.01;0.125;NEUTRE;0;11.4;0;1
2026.03.24 07:00;2144.12;2170.01;2142.97;2164.71;21.69;27.33;13.64;67.55;50.57;0.634;NEUTRE;0;49.4;2;1
2026.03.24 06:00;2132.55;2145.41;2130.78;2144.21;19.88;17.54;15.74;44.35;40.93;-0.319;NEUTRE;0;-34.4;-1;0
2026.03.24 05:00;2135.11;2137.51;2127.52;2132.55;22.10;11.93;18.16;39.82;38.55;-0.861;NEUTRE;0;-65.7;-3;0
2026.03.24 04:00;2140.51;2150.61;2130.54;2135.01;22.32;13.77;16.30;38.63;35.82;-0.747;NEUTRE;0;-67.4;-3;0
2026.03.24 03:00;2134.71;2141.96;2129.53;2140.46;24.46;9.26;18.81;37.20;33.57;-0.494;NEUTRE;0;-64.8;-2;0
2026.03.24 02:00;2136.66;2144.46;2131.36;2134.71;22.99;10.68;19.44;31.64;31.24;-0.761;NEUTRE;0;-78.5;-3;0
2026.03.24 01:00;2142.00;2148.91;2124.48;2136.66;22.05;12.33;22.43;31.86;35.20;-0.670;NEUTRE;0;;;0
2026.03.24 00:00;2151.08;2154.84;2130.22;2142.00;20.98;14.22;22.26;30.21;44.28;-0.422;NEUTRE;0;;;0
2026.03.23 23:00;2151.78;2153.65;2140.02;2151.08;20.81;16.41;19.56;43.53;55.04;4.785;STRONG_UP;2;69.5;3;0
2026.03.23 22:00;2157.03;2158.86;2142.99;2151.78;22.67;18.94;19.22;59.10;61.97;4.819;STRONG_UP;2;70.5;3;0
2026.03.23 21:00;2160.65;2162.94;2153.58;2157.03;26.04;21.85;11.91;62.48;60.88;5.074;STRONG_UP;2;72.2;3;0
2026.03.23 20:00;2153.41;2165.45;2149.52;2160.65;25.52;25.21;13.74;64.34;56.25;5.251;STRONG_UP;2;73.5;3;0
2026.03.23 19:00;2167.79;2176.24;2151.19;2153.41;24.92;29.09;14.24;55.81;50.20;4.898;STRONG_UP;2;73.2;3;1
2026.03.23 18:00;2151.81;2169.66;2144.67;2167.79;23.48;29.52;16.44;48.61;52.78;5.599;STRONG_UP;2;76;3;1
2026.03.23 17:00;2135.13;2157.19;2123.83;2151.81;22.71;26.39;18.96;46.19;63.02;4.820;STRONG_UP;2;74.7;3;1
2026.03.23 16:00;2127.37;2141.64;2117.00;2135.12;23.69;23.28;21.88;63.55;75.40;4.007;STRONG_UP;2;72.8;3;1
2026.03.23 15:00;2180.21;2186.63;2123.94;2127.37;26.86;26.86;20.91;79.32;79.14;3.630;SOFT_UP;1;72.2;3;1
2026.03.23 14:00;2184.60;2191.50;2168.49;2180.24;29.07;30.99;13.20;83.33;74.28;6.205;STRONG_UP;2;80.1;3;1
2026.03.23 13:00;2143.13;2187.34;2139.14;2184.60;27.35;32.98;15.23;74.76;65.96;6.417;STRONG_UP;2;81.1;3;1
2026.03.23 12:00;2133.59;2146.87;2107.41;2143.12;25.90;25.13;17.57;64.74;57.44;4.397;STRONG_UP;2;78;3;1
2026.03.23 11:00;2047.79;2196.85;2047.77;2133.50;27.16;29.00;20.28;58.37;50.91;3.928;STRONG_UP;2;77.7;3;1
2026.03.23 10:00;2042.41;2053.17;2039.19;2047.79;28.61;18.63;23.40;49.21;44.30;-0.247;NEUTRE;0;-17.7;0;1
2026.03.23 09:00;2046.91;2048.07;2028.00;2042.41;31.27;15.89;27.00;45.14;43.69;-0.509;NEUTRE;0;-36.1;-1;1
2026.03.23 08:00;2043.34;2057.90;2043.34;2046.91;32.10;18.33;19.39;38.54;48.76;-0.290;NEUTRE;0;-25;-1;1
2026.03.23 07:00;2036.14;2048.80;2022.09;2043.35;36.60;11.53;22.37;47.38;59.69;-0.463;NEUTRE;0;-40.4;-1;1
2026.03.23 06:00;2068.07;2068.07;2027.50;2036.07;37.31;13.31;22.70;60.35;66.23;-0.818;NEUTRE;0;-60.3;-2;0
2026.03.23 05:00;2064.67;2071.08;2059.70;2068.17;39.04;15.36;14.01;71.34;64.28;0.746;NEUTRE;0;62.5;2;0
2026.03.23 04:00;2051.47;2064.73;2049.78;2064.54;44.34;9.13;16.17;67.00;57.52;0.569;NEUTRE;0;61.4;2;0
2026.03.23 03:00;2062.25;2071.20;2050.64;2051.47;46.89;10.54;17.77;54.51;50.78;-0.068;NEUTRE;0;-16.3;0;0
2026.03.23 02:00;2046.60;2068.49;2045.41;2062.20;50.17;10.13;20.50;51.05;50.85;0.455;NEUTRE;0;71.2;3;0
2026.03.23 01:00;2042.51;2061.46;2038.56;2046.60;52.69;7.01;23.66;46.78;51.35;-0.305;NEUTRE;0;;;0
2026.03.23 00:00;2052.86;2062.17;2034.49;2042.51;52.44;8.08;27.30;54.72;49.89;-0.504;NEUTRE;0;;;0
2026.03.22 23:00;2061.89;2072.57;2050.17;2052.86;52.15;9.33;22.78;52.56;40.81;-1.496;NEUTRE;0;-40;-1;0
2026.03.22 22:00;2045.35;2064.91;2031.81;2061.93;53.72;5.50;26.29;42.39;33.39;-1.060;NEUTRE;0;-31.8;-1;0
2026.03.22 21:00;2057.90;2059.94;2025.13;2045.35;51.93;4.04;30.33;27.47;32.34;-1.856;NEUTRE;0;-48.7;-2;0
2026.03.22 20:00;2062.40;2071.38;2055.46;2057.90;48.15;4.66;21.59;30.32;40.03;-1.254;NEUTRE;0;-38.9;-1;0
2026.03.22 19:00;2071.35;2072.16;2053.83;2062.40;45.63;5.37;24.91;39.22;48.43;-1.038;NEUTRE;0;-35.1;-1;0
2026.03.22 18:00;2079.03;2079.94;2057.35;2071.35;42.72;6.20;25.79;50.56;54.12;-0.608;NEUTRE;0;-23.5;0;0
2026.03.22 17:00;2081.56;2084.13;2076.98;2079.03;39.87;7.15;16.39;55.50;53.91;-0.240;NEUTRE;0;-10.3;0;0
2026.03.22 16:00;2082.53;2083.95;2077.18;2081.56;39.97;8.25;18.48;56.28;50.95;-0.119;NEUTRE;0;-5.5;0;0
2026.03.22 15:00;2077.49;2083.53;2075.28;2082.53;40.24;8.57;21.33;49.95;41.92;-0.072;NEUTRE;0;-3.5;0;0
2026.03.22 14:00;2078.16;2084.62;2071.16;2077.48;39.86;9.89;24.61;46.62;32.65;-0.314;NEUTRE;0;-16.1;0;0
2026.03.22 13:00;2081.66;2091.20;2072.30;2078.16;39.43;11.41;27.09;29.18;22.34;-0.282;NEUTRE;0;-15.6;0;0
2026.03.22 12:00;2069.18;2087.01;2067.55;2081.66;39.23;9.76;31.26;22.16;20.08;-0.114;NEUTRE;0;-7;0;0
2026.03.22 11:00;2080.40;2083.05;2066.39;2069.05;37.20;8.13;36.07;15.70;18.81;-0.719;NEUTRE;0;-40.1;-1;0
2026.03.22 10:00;2084.23;2086.15;2076.48;2080.40;33.20;9.38;32.30;22.39;22.78;-0.174;NEUTRE;0;-12.6;0;0
2026.03.22 09:00;2085.63;2094.85;2078.88;2084.23;29.84;10.82;33.45;18.35;30.15;0.010;NEUTRE;0;0.8;0;0
2026.03.22 08:00;2092.68;2094.91;2073.44;2085.63;26.57;12.48;38.59;27.60;49.12;0.077;NEUTRE;0;7.1;0;0
2026.03.22 07:00;2107.73;2111.19;2092.07;2092.67;22.79;14.40;31.18;44.50;64.55;0.415;NEUTRE;0;37.4;1;0
2026.03.22 06:00;2112.08;2112.45;2106.43;2107.73;20.63;16.62;24.42;75.27;71.63;1.137;NEUTRE;0;67.7;3;0
2026.03.22 05:00;2118.43;2119.66;2111.69;2112.08;20.88;19.17;14.74;73.87;63.25;1.346;NEUTRE;0;73.9;3;0
2026.03.22 04:00;2113.00;2121.92;2106.19;2118.43;22.08;22.12;17.01;65.74;52.19;1.651;NEUTRE;0;79.3;3;0
2026.03.22 03:00;2101.53;2125.86;2097.57;2113.00;23.47;25.53;19.62;50.15;40.39;1.390;NEUTRE;0;80.5;3;0
2026.03.22 02:00;2090.49;2108.23;2087.13;2101.53;25.07;19.87;22.64;40.68;32.30;0.840;NEUTRE;0;79.5;3;0
2026.03.22 01:00;2086.81;2093.54;2081.08;2090.49;27.92;12.21;26.13;30.33;26.84;0.310;NEUTRE;0;;;0
2026.03.22 00:00;2084.03;2094.51;2050.26;2086.81;26.63;14.09;30.14;25.90;39.68;0.133;NEUTRE;0;;;0
2026.03.21 23:00;2148.91;2149.07;2070.33;2083.95;25.15;16.26;27.80;24.28;56.87;-2.863;SOFT_DOWN;-1;-58.1;-2;0
2026.03.21 22:00;2152.91;2152.98;2148.50;2148.91;24.99;18.76;16.81;68.86;67.97;0.165;NEUTRE;0;5.5;0;0
2026.03.21 21:00;2154.90;2156.30;2151.59;2152.91;27.99;21.65;8.78;77.47;57.22;0.351;NEUTRE;0;12.2;0;0
2026.03.21 20:00;2151.49;2155.90;2149.65;2154.90;25.79;23.67;10.14;57.59;38.79;0.444;NEUTRE;0;16;0;0
2026.03.21 19:00;2150.62;2152.39;2148.32;2151.49;23.60;18.68;11.69;36.59;27.39;0.285;NEUTRE;0;10.9;0;0
2026.03.21 18:00;2147.64;2154.88;2146.91;2150.62;23.69;21.55;13.49;22.18;21.75;0.244;NEUTRE;0;9.9;0;0
2026.03.21 17:00;2145.88;2149.82;2141.88;2147.64;23.80;15.10;15.57;23.40;23.77;0.105;NEUTRE;0;4.5;0;0
2026.03.21 16:00;2154.45;2154.82;2143.90;2145.88;27.22;17.42;14.05;19.67;27.73;0.023;NEUTRE;0;1.1;0;0
2026.03.21 15:00;2151.41;2156.89;2145.70;2154.45;29.76;20.10;13.68;28.24;42.01;0.423;NEUTRE;0;20;0;0
2026.03.21 14:00;2155.04;2167.32;2149.84;2151.41;31.42;23.19;10.09;35.26;52.82;0.281;NEUTRE;0;14.5;0;0
2026.03.21 13:00;2157.07;2159.06;2154.11;2155.02;30.19;19.49;11.64;62.54;61.73;0.449;NEUTRE;0;24;0;0
2026.03.21 12:00;2156.53;2159.75;2155.86;2157.07;30.96;22.49;7.99;60.66;58.34;0.545;NEUTRE;0;30.3;1;0
2026.03.21 11:00;2153.54;2156.89;2152.15;2156.53;28.40;14.64;9.22;61.98;56.58;0.520;NEUTRE;0;31.3;1;0
2026.03.21 10:00;2157.93;2158.69;2152.26;2153.54;29.28;16.89;10.29;52.39;54.59;0.380;NEUTRE;0;26.1;1;0
2026.03.21 09:00;2153.19;2158.24;2153.04;2157.93;30.04;19.49;10.00;55.38;57.36;0.585;NEUTRE;0;39.9;1;0
2026.03.21 08:00;2154.90;2156.45;2148.81;2153.19;29.71;17.20;11.54;56.00;58.58;0.364;NEUTRE;0;30.4;1;0
2026.03.21 07:00;2154.79;2160.41;2152.88;2154.90;31.26;19.84;5.12;60.70;58.12;0.444;NEUTRE;0;39.3;1;0
2026.03.21 06:00;2152.43;2155.40;2151.36;2154.79;26.99;12.66;5.91;59.03;55.13;0.439;NEUTRE;0;43.3;1;0
2026.03.21 05:00;2150.81;2156.95;2150.81;2152.43;25.55;14.60;6.82;54.63;51.88;0.329;NEUTRE;0;40.3;1;0
2026.03.21 04:00;2152.51;2157.31;2149.52;2150.81;23.89;16.85;7.87;51.73;51.91;0.253;NEUTRE;0;39.2;1;0
2026.03.21 03:00;2153.92;2154.97;2149.97;2152.51;21.97;14.82;9.08;49.27;53.75;0.332;NEUTRE;0;55;2;0
2026.03.21 02:00;2146.57;2155.39;2145.14;2153.87;21.65;17.10;10.47;54.72;59.43;0.396;NEUTRE;0;68.6;3;0
2026.03.21 01:00;2152.42;2158.85;2146.41;2146.57;21.28;19.73;10.18;57.26;64.15;0.055;NEUTRE;0;;;0
2026.03.21 00:00;2145.38;2155.69;2143.29;2152.43;19.64;18.86;11.74;66.31;68.77;0.329;NEUTRE;0;;;0
2026.03.20 23:00;2153.86;2154.88;2142.27;2145.39;19.08;20.76;13.55;68.89;68.35;0.383;NEUTRE;0;12.1;0;0
2026.03.20 22:00;2146.80;2166.89;2146.80;2153.86;18.78;23.95;10.11;71.11;59.96;0.779;NEUTRE;0;24.5;0;0
2026.03.20 21:00;2132.95;2156.35;2129.87;2146.80;15.42;19.57;11.66;65.06;50.56;0.449;NEUTRE;0;15.4;0;0
2026.03.20 20:00;2131.91;2135.80;2122.96;2132.31;13.89;10.64;13.45;43.71;43.34;-0.229;NEUTRE;0;-8.4;0;0
2026.03.20 19:00;2122.33;2134.05;2116.15;2131.81;14.23;10.18;15.52;42.92;44.88;-0.253;NEUTRE;0;-9.7;0;1
2026.03.20 18:00;2135.80;2136.66;2116.37;2122.32;13.22;11.74;17.72;43.39;43.68;-0.697;NEUTRE;0;-26.5;-1;1
2026.03.20 17:00;2136.47;2140.49;2118.55;2135.80;12.14;13.55;18.80;48.33;37.50;-0.066;NEUTRE;0;-2.9;0;1
2026.03.20 16:00;2133.15;2144.06;2129.62;2136.47;11.51;15.64;13.93;39.31;27.81;-0.035;NEUTRE;0;-1.6;0;1
2026.03.20 15:00;2128.39;2138.11;2119.53;2133.15;12.39;11.70;16.07;24.85;22.58;-0.190;NEUTRE;0;-9.3;0;1
2026.03.20 14:00;2126.36;2146.96;2117.60;2128.36;11.88;13.50;18.54;19.27;26.33;-0.414;NEUTRE;0;-20.9;0;1
2026.03.20 13:00;2140.46;2151.86;2122.45;2126.36;11.29;15.58;18.85;23.63;33.20;-0.508;NEUTRE;0;-26.7;-1;1
2026.03.20 12:00;2140.85;2151.90;2134.58;2140.46;11.56;17.98;15.41;36.10;43.17;0.152;NEUTRE;0;9.3;0;1
2026.03.20 11:00;2147.69;2157.91;2134.11;2140.87;12.16;20.74;17.78;39.86;51.62;0.171;NEUTRE;0;11.3;0;1
2026.03.20 10:00;2140.52;2150.07;2130.72;2147.69;12.84;18.87;20.51;53.55;59.49;0.490;NEUTRE;0;32.3;1;1
2026.03.20 09:00;2163.44;2163.46;2134.18;2140.52;14.17;21.77;20.92;61.46;56.33;0.155;NEUTRE;0;12.5;0;1
2026.03.20 08:00;2149.86;2176.07;2145.94;2163.44;16.05;25.12;17.95;63.45;46.83;1.227;NEUTRE;0;63.2;2;1
2026.03.20 07:00;2136.00;2152.82;2121.13;2149.86;15.96;17.11;20.72;44.07;42.43;0.592;NEUTRE;0;47.5;2;1
2026.03.20 06:00;2139.55;2141.09;2131.47;2136.00;16.94;14.05;23.90;32.98;46.52;-0.057;NEUTRE;0;-7;0;0
2026.03.20 05:00;2147.64;2150.89;2137.08;2139.55;15.56;16.21;18.61;50.24;55.65;0.109;NEUTRE;0;15.7;0;0
2026.03.20 04:00;2150.66;2158.38;2139.15;2147.64;16.89;18.70;19.17;56.35;58.03;0.488;NEUTRE;0;57.5;2;0
2026.03.20 03:00;2144.07;2156.58;2143.11;2150.66;19.30;21.58;18.95;60.36;57.55;0.629;NEUTRE;0;69.7;3;0
2026.03.20 02:00;2150.42;2151.17;2132.16;2143.98;21.27;18.72;21.86;57.39;55.38;0.317;NEUTRE;0;63.9;2;0
2026.03.20 01:00;2145.11;2160.24;2144.54;2150.42;23.35;21.60;15.21;54.91;58.33;0.618;NEUTRE;0;;;0
2026.03.20 00:00;2137.21;2148.48;2134.29;2145.03;24.27;13.40;17.55;53.83;65.61;0.366;NEUTRE;0;;;0
2026.03.19 23:00;2139.70;2146.99;2130.25;2137.21;25.94;13.85;20.25;66.26;74.08;-2.983;SOFT_DOWN;-1;-59.1;-2;0
2026.03.19 22:00;2149.53;2151.92;2132.64;2139.70;27.05;15.98;21.16;76.73;74.99;-2.870;SOFT_DOWN;-1;-59.2;-2;0
2026.03.19 21:00;2145.83;2155.10;2145.08;2149.53;29.06;18.44;14.49;79.27;69.99;-2.424;SOFT_DOWN;-1;-56.1;-2;0
2026.03.19 20:00;2140.44;2152.28;2138.64;2145.83;31.69;16.94;16.72;68.97;57.61;-2.592;SOFT_DOWN;-1;-59.1;-2;0
2026.03.19 19:00;2124.49;2156.54;2124.40;2140.44;36.46;19.55;19.30;61.73;45.84;-2.837;SOFT_DOWN;-1;-62.5;-2;1
2026.03.19 18:00;2126.43;2128.74;2113.37;2124.49;41.97;9.25;22.27;42.13;33.20;-3.561;SOFT_DOWN;-1;-68.6;-3;1
2026.03.19 17:00;2114.39;2130.77;2103.88;2126.43;42.08;10.67;25.69;33.65;28.12;-3.473;SOFT_DOWN;-1;-69.2;-3;1
2026.03.19 16:00;2118.13;2121.42;2105.71;2114.55;42.20;6.97;29.64;23.82;23.77;-4.012;STRONG_DOWN;-2;-72.8;-3;1
2026.03.19 15:00;2120.82;2136.24;2098.73;2118.09;39.16;8.04;34.20;26.91;24.91;-3.851;STRONG_DOWN;-2;-73.2;-3;1
2026.03.19 14:00;2137.08;2146.91;2101.53;2120.81;35.66;9.28;38.32;20.60;28.32;-3.728;STRONG_DOWN;-2;-73.7;-3;1
2026.03.19 13:00;2131.94;2142.65;2110.76;2137.04;31.76;10.70;41.08;27.22;43.63;-2.991;SOFT_DOWN;-1;-71.4;-3;1
2026.03.19 12:00;2166.31;2166.82;2129.62;2131.97;27.62;12.35;38.31;37.15;52.94;-3.221;SOFT_DOWN;-1;-73.9;-3;1
2026.03.19 11:00;2167.23;2169.33;2165.22;2166.31;23.98;14.25;29.48;66.53;53.93;-1.662;NEUTRE;0;-62.8;-2;1
2026.03.19 10:00;2188.99;2191.49;2176.02;2177.58;22.32;16.44;20.57;55.15;38.44;-1.151;NEUTRE;0;-56;-2;1
2026.03.19 09:00;2160.31;2190.69;2159.96;2188.45;24.04;18.18;23.73;40.11;24.98;-0.657;NEUTRE;0;-43.2;-1;1
2026.03.19 08:00;2166.27;2170.75;2157.72;2160.32;25.69;10.99;27.38;20.07;14.14;-1.934;SOFT_DOWN;-1;-72.2;-3;1
2026.03.19 07:00;2180.04;2181.45;2142.90;2166.23;23.08;12.68;31.60;14.74;15.49;-1.666;NEUTRE;0;-71.9;-3;1
2026.03.19 06:00;2188.64;2195.12;2177.44;2180.04;20.05;14.63;22.67;7.60;22.59;-1.039;NEUTRE;0;-65.9;-3;0
2026.03.19 05:00;2193.02;2197.87;2186.02;2188.59;19.82;16.88;18.69;24.11;37.26;-0.651;NEUTRE;0;-59.2;-2;0
2026.03.19 04:00;2211.84;2212.77;2190.29;2193.02;22.09;19.48;16.03;36.05;50.13;-0.450;NEUTRE;0;-55.4;-2;0
2026.03.19 03:00;2196.44;2233.22;2196.44;2211.84;23.99;22.48;14.28;51.61;64.05;0.404;NEUTRE;0;60;2;0
2026.03.19 02:00;2196.41;2204.77;2188.48;2196.47;24.25;14.04;16.48;62.73;71.85;-0.293;NEUTRE;0;-62.1;-2;0
2026.03.19 01:00;2192.79;2201.54;2186.84;2196.41;26.75;13.15;19.02;77.79;75.96;-0.296;NEUTRE;0;;;0
2026.03.19 00:00;2202.93;2207.28;2190.31;2192.79;28.06;15.17;18.31;75.02;70.79;-0.460;NEUTRE;0;;;0
2026.03.18 23:00;2194.00;2206.09;2188.26;2202.93;30.94;16.42;21.13;75.08;64.04;-4.943;STRONG_DOWN;-2;-70.1;-3;0
2026.03.18 22:00;2202.15;2203.05;2187.05;2194.00;33.77;16.33;24.38;62.27;50.67;-5.328;STRONG_DOWN;-2;-72.2;-3;0
2026.03.18 21:00;2187.03;2206.50;2185.11;2202.15;35.92;18.84;28.13;54.77;41.29;-4.977;STRONG_DOWN;-2;-71.9;-3;0
2026.03.18 20:00;2185.45;2192.82;2152.84;2187.13;38.40;11.90;32.46;34.96;31.49;-5.625;STRONG_DOWN;-2;-74.6;-3;0
2026.03.18 19:00;2180.64;2196.11;2178.66;2185.42;37.18;13.73;27.51;34.14;26.66;-5.698;STRONG_DOWN;-2;-75.5;-3;1
2026.03.18 18:00;2203.51;2219.62;2175.45;2180.64;37.76;15.84;31.75;25.36;18.09;-5.905;STRONG_DOWN;-2;-76.7;-3;1
2026.03.18 17:00;2180.76;2210.98;2176.55;2203.51;38.43;15.27;36.63;20.48;12.24;-4.918;STRONG_DOWN;-2;-75;-3;1
2026.03.18 16:00;2187.25;2190.59;2167.12;2180.76;38.01;8.51;42.26;8.42;6.92;-5.900;STRONG_DOWN;-2;-78.1;-3;1
2026.03.18 15:00;2190.02;2195.77;2169.76;2187.22;33.63;9.82;47.04;7.82;6.49;-5.621;STRONG_DOWN;-2;-78.3;-3;1
2026.03.18 14:00;2235.47;2236.94;2187.53;2189.80;28.73;11.33;43.76;4.53;5.91;-5.509;STRONG_DOWN;-2;-78.8;-3;1
2026.03.18 13:00;2237.44;2244.59;2223.64;2235.42;24.09;13.07;39.25;7.13;12.10;-3.541;SOFT_DOWN;-1;-74.1;-3;1
2026.03.18 12:00;2269.23;2270.43;2235.47;2237.38;20.09;15.08;36.60;6.08;23.34;-3.456;SOFT_DOWN;-1;-74.9;-3;1
2026.03.18 11:00;2312.63;2318.53;2263.03;2269.23;16.78;17.40;30.11;23.09;33.69;-2.082;SOFT_DOWN;-1;-67.7;-3;1
2026.03.18 10:00;2329.19;2331.88;2308.97;2312.63;15.24;20.07;22.00;40.85;33.88;-0.209;NEUTRE;0;-15.1;0;1
2026.03.18 09:00;2322.49;2333.69;2321.70;2329.13;16.88;23.16;16.84;37.15;25.84;0.503;NEUTRE;0;35.8;1;1
2026.03.18 08:00;2317.62;2325.34;2317.18;2322.49;17.05;16.01;19.43;23.65;23.08;0.216;NEUTRE;0;19.2;0;1
2026.03.18 07:00;2322.67;2323.35;2311.95;2317.62;18.19;14.72;22.42;16.72;31.26;0.006;NEUTRE;0;0.6;0;1
2026.03.18 06:00;2318.60;2331.25;2318.22;2322.67;17.80;16.99;17.41;28.86;47.45;0.224;NEUTRE;0;25.7;1;0
2026.03.18 05:00;2327.61;2331.29;2314.40;2318.60;20.35;19.60;20.08;48.19;59.88;0.048;NEUTRE;0;7.1;0;0
2026.03.18 04:00;2340.90;2342.31;2326.67;2327.61;23.29;22.62;12.00;65.31;61.90;0.437;NEUTRE;0;54.6;2;0
2026.03.18 03:00;2331.77;2349.74;2328.70;2340.91;22.16;26.10;11.85;66.13;51.72;1.011;NEUTRE;0;77;3;0
2026.03.18 02:00;2325.13;2341.36;2324.68;2331.77;19.79;23.98;13.67;54.26;40.69;0.617;NEUTRE;0;75.9;3;0
2026.03.18 01:00;2324.54;2335.36;2323.22;2325.13;18.62;22.14;15.77;34.78;36.65;0.330;NEUTRE;0;;;0
2026.03.18 00:00;2317.48;2325.98;2307.48;2324.54;18.90;13.66;18.20;33.04;44.45;0.305;NEUTRE;0;;;0
2026.03.17 23:00;2329.66;2333.28;2316.75;2317.45;19.61;15.76;13.29;42.12;49.21;-1.486;NEUTRE;0;-39.8;-1;0
2026.03.17 22:00;2338.38;2342.16;2318.48;2329.66;21.32;18.19;13.72;58.20;49.72;-0.967;NEUTRE;0;-29.5;-1;0
2026.03.17 21:00;2327.86;2344.51;2327.80;2338.38;22.45;20.98;9.78;47.30;46.99;-0.596;NEUTRE;0;-20.1;0;0
2026.03.17 20:00;2319.95;2330.16;2317.37;2327.86;20.30;11.00;11.28;43.67;49.32;-1.043;NEUTRE;0;-33.9;-1;0
2026.03.17 19:00;2332.89;2339.97;2316.89;2319.83;23.23;12.69;13.02;50.01;49.34;-1.385;NEUTRE;0;-43.2;-1;1
2026.03.17 18:00;2340.08;2342.66;2327.89;2332.89;26.61;14.65;7.69;54.29;48.82;-0.829;NEUTRE;0;-30.7;-1;1
2026.03.17 17:00;2326.74;2342.70;2320.50;2340.07;25.91;16.90;8.88;43.71;48.48;-0.524;NEUTRE;0;-21.7;0;1
2026.03.17 16:00;2315.81;2336.91;2312.24;2326.74;25.10;15.49;10.24;48.46;54.93;-1.091;NEUTRE;0;-41.3;-1;1
2026.03.17 15:00;2343.64;2357.82;2304.03;2315.81;25.83;17.87;11.82;53.29;56.63;-1.555;NEUTRE;0;-53.2;-2;1
2026.03.17 14:00;2328.40;2348.68;2318.56;2343.64;26.67;20.62;9.48;63.03;54.26;-0.372;NEUTRE;0;-18.9;0;1
2026.03.17 13:00;2315.19;2346.50;2313.04;2328.34;25.07;22.68;10.94;53.55;49.53;-1.023;NEUTRE;0;-45.4;-2;1
2026.03.17 12:00;2326.64;2334.88;2312.82;2315.19;23.56;20.82;12.62;46.19;47.45;-1.582;NEUTRE;0;-59.5;-2;1
2026.03.17 11:00;2312.74;2332.62;2311.43;2326.64;23.41;22.45;14.56;48.84;49.49;-1.095;NEUTRE;0;-52.1;-2;1
2026.03.17 10:00;2315.62;2316.85;2304.68;2312.74;23.73;14.46;16.80;47.32;48.19;-1.686;NEUTRE;0;-65.3;-3;1
2026.03.17 09:00;2320.35;2328.50;2307.23;2315.62;26.22;16.68;16.16;52.32;42.48;-1.564;NEUTRE;0;-65.9;-3;1
2026.03.17 08:00;2327.37;2334.88;2316.30;2320.36;30.01;19.25;12.09;44.93;31.76;-1.362;NEUTRE;0;-65.5;-3;1
2026.03.17 07:00;2315.00;2337.47;2314.93;2327.37;31.12;22.21;13.95;30.19;22.38;-1.064;NEUTRE;0;-62.9;-2;1
2026.03.17 06:00;2307.01;2323.40;2297.78;2315.00;32.39;16.02;16.09;20.17;20.20;-1.590;NEUTRE;0;-73.7;-3;0
2026.03.17 05:00;2311.03;2317.57;2297.73;2307.01;37.34;14.98;18.57;16.77;25.40;-1.930;SOFT_DOWN;-1;-78.6;-3;0
2026.03.17 04:00;2319.71;2329.60;2295.99;2311.03;41.44;17.29;21.42;23.64;36.54;-1.759;NEUTRE;0;-80;-3;0
2026.03.17 03:00;2350.90;2355.53;2307.90;2319.69;46.17;19.95;19.27;35.79;46.78;-1.390;NEUTRE;0;-80.5;-3;0
2026.03.17 02:00;2360.66;2361.36;2344.35;2350.90;53.01;23.02;10.46;50.21;53.68;-0.064;NEUTRE;0;-22.4;0;0
2026.03.17 01:00;2357.15;2374.50;2346.33;2360.66;55.39;26.56;10.28;54.35;58.98;0.351;NEUTRE;0;;;0
2026.03.17 00:00;2352.40;2375.51;2340.11;2357.18;57.11;30.65;11.86;56.47;67.70;0.203;NEUTRE;0;;;0
2026.03.16 23:00;2357.33;2360.84;2330.07;2352.40;59.10;28.99;13.68;66.10;77.29;8.001;EXPLOSIVE_UP;3;77.4;3;0
2026.03.16 22:00;2360.39;2384.58;2354.72;2357.26;62.67;33.45;3.46;80.51;82.56;8.225;EXPLOSIVE_UP;3;78.3;3;0
2026.03.16 21:00;2345.06;2375.65;2343.45;2360.39;59.82;33.99;4.00;85.26;82.03;8.368;EXPLOSIVE_UP;3;79;3;0
2026.03.16 20:00;2330.33;2347.14;2322.90;2345.05;56.88;25.60;4.61;81.90;80.02;7.664;EXPLOSIVE_UP;3;78.5;3;0
2026.03.16 19:00;2321.05;2347.65;2317.85;2330.34;54.94;29.54;5.32;78.94;75.71;6.989;EXPLOSIVE_UP;3;78.1;3;1
2026.03.16 18:00;2314.39;2345.78;2313.36;2321.05;52.70;33.11;6.14;79.22;68.80;6.562;EXPLOSIVE_UP;3;78;3;1
2026.03.16 17:00;2296.66;2321.87;2293.04;2314.39;50.24;26.86;7.09;68.95;61.51;6.256;STRONG_UP;2;78.1;3;1
2026.03.16 16:00;2273.47;2300.06;2269.63;2296.64;49.01;19.36;8.18;58.22;60.72;5.441;STRONG_UP;2;77.1;3;1
2026.03.16 15:00;2287.82;2299.01;2269.90;2273.47;50.30;21.80;9.43;57.37;64.93;4.378;STRONG_UP;2;75.1;3;1
2026.03.16 14:00;2288.63;2304.62;2255.25;2287.86;51.95;25.16;10.88;66.58;71.48;5.038;STRONG_UP;2;77.8;3;1
2026.03.16 13:00;2278.86;2308.05;2272.11;2288.60;53.85;29.03;7.31;70.83;73.19;5.072;STRONG_UP;2;78.7;3;1
2026.03.16 12:00;2269.70;2302.16;2269.62;2278.86;52.93;30.97;8.43;77.02;66.30;4.625;STRONG_UP;2;78.6;3;1
2026.03.16 11:00;2277.78;2279.39;2265.49;2269.70;52.28;24.97;9.73;71.73;56.79;4.205;STRONG_UP;2;78.5;3;1
2026.03.16 10:00;2259.87;2278.30;2255.76;2277.78;53.56;27.61;11.22;50.16;53.17;4.576;STRONG_UP;2;80.4;3;1
2026.03.16 09:00;2243.04;2264.94;2239.55;2259.97;55.31;22.73;12.95;48.46;62.87;3.758;STRONG_UP;2;79.5;3;1
2026.03.16 08:00;2248.49;2258.55;2235.14;2243.04;59.60;22.36;14.94;60.87;75.53;2.981;SOFT_UP;1;78.2;3;1
2026.03.16 07:00;2261.07;2268.45;2245.45;2248.49;65.71;25.80;10.46;79.26;84.60;3.231;SOFT_UP;1;80.5;3;1
2026.03.16 06:00;2279.99;2280.87;2260.52;2261.07;69.31;29.77;1.99;86.46;85.10;3.808;STRONG_UP;2;83;3;0
2026.03.16 05:00;2262.98;2287.40;2257.74;2279.97;66.52;34.35;2.30;88.08;81.94;4.676;STRONG_UP;2;85.3;3;0
2026.03.16 04:00;2235.46;2276.91;2235.46;2262.98;63.30;34.19;2.66;80.75;76.43;3.896;STRONG_UP;2;85.4;3;0
2026.03.16 03:00;2180.31;2252.55;2177.12;2235.46;59.87;30.41;3.06;76.97;74.09;2.633;SOFT_UP;1;84.9;3;0
2026.03.16 02:00;2185.82;2189.12;2169.83;2180.31;56.52;22.15;3.54;71.56;74.56;0.101;NEUTRE;0;33;1;0
2026.03.16 01:00;2171.08;2190.04;2164.78;2185.82;54.06;25.56;4.08;73.73;79.12;0.354;NEUTRE;0;;;0
2026.03.16 00:00;2178.12;2186.90;2164.80;2170.88;51.23;27.58;4.71;78.37;84.02;-0.332;NEUTRE;0;;;0
2026.03.15 23:00;2184.19;2202.60;2165.75;2178.12;48.21;31.82;4.77;85.24;86.26;3.914;STRONG_UP;2;65.5;3;0
2026.03.15 22:00;2138.97;2192.11;2125.52;2184.18;44.26;32.34;5.50;88.45;81.20;4.203;STRONG_UP;2;67.9;3;0
2026.03.15 21:00;2128.91;2144.52;2123.55;2138.95;40.15;26.32;6.35;85.09;73.97;2.045;SOFT_UP;1;51.4;2;0
2026.03.15 20:00;2113.29;2138.67;2109.81;2128.90;36.93;26.08;7.33;70.07;60.01;1.566;NEUTRE;0;45.2;2;0
2026.03.15 19:00;2098.88;2114.22;2096.61;2113.29;33.97;17.06;8.45;66.74;48.78;0.821;NEUTRE;0;29.1;1;0
2026.03.15 18:00;2110.64;2113.15;2094.36;2098.88;34.01;18.75;9.76;43.21;33.80;0.134;NEUTRE;0;5.5;0;0
2026.03.15 17:00;2091.30;2117.76;2090.94;2110.53;34.39;21.63;11.26;36.39;28.26;0.689;NEUTRE;0;27.6;1;0
2026.03.15 16:00;2093.57;2098.61;2088.57;2091.30;34.83;13.97;12.99;21.79;25.45;-0.228;NEUTRE;0;-10.4;0;0
2026.03.15 15:00;2096.75;2096.92;2089.78;2093.57;39.62;13.53;14.99;26.60;32.04;-0.120;NEUTRE;0;-5.9;0;0
2026.03.15 14:00;2097.15;2098.69;2086.39;2096.75;44.94;15.62;17.29;27.97;44.04;0.032;NEUTRE;0;1.7;0;0
2026.03.15 13:00;2109.45;2112.37;2086.49;2097.20;51.07;18.02;19.83;41.55;60.53;0.053;NEUTRE;0;3;0;0
2026.03.15 12:00;2119.54;2119.78;2108.13;2109.45;58.19;20.79;10.01;62.60;72.92;0.638;NEUTRE;0;34.4;1;0
2026.03.15 11:00;2118.89;2121.20;2114.98;2119.54;61.76;23.99;2.51;77.44;75.55;1.119;NEUTRE;0;52.7;2;0
2026.03.15 10:00;2117.08;2121.20;2114.10;2118.89;58.78;27.68;2.89;78.71;73.22;1.088;NEUTRE;0;54.5;2;0
2026.03.15 09:00;2112.75;2123.09;2112.75;2117.08;55.35;31.94;3.34;70.49;69.93;1.002;NEUTRE;0;55.1;2;0
2026.03.15 08:00;2105.67;2112.89;2105.67;2112.75;51.39;21.68;3.85;70.45;72.12;0.795;NEUTRE;0;52;2;0
2026.03.15 07:00;2107.64;2113.45;2103.41;2105.67;48.56;25.01;4.44;68.86;72.47;0.458;NEUTRE;0;40.1;1;0
2026.03.15 06:00;2107.69;2111.10;2103.00;2107.64;45.28;25.26;5.13;77.05;73.30;0.552;NEUTRE;0;49.8;2;0
2026.03.15 05:00;2104.04;2115.47;2101.88;2107.69;42.06;29.14;5.92;71.50;66.82;0.554;NEUTRE;0;55;2;0
2026.03.15 04:00;2096.03;2104.04;2096.03;2104.04;38.34;20.69;6.83;71.35;62.11;0.380;NEUTRE;0;50.7;2;0
2026.03.15 03:00;2101.84;2104.82;2093.33;2096.03;36.48;23.87;7.88;57.59;58.85;-0.002;NEUTRE;0;-0.5;0;0
2026.03.15 02:00;2088.20;2107.68;2088.18;2101.84;34.34;27.54;9.09;57.40;63.25;0.275;NEUTRE;0;60.6;2;0
2026.03.15 01:00;2087.82;2091.00;2083.29;2088.20;31.87;18.62;10.48;61.56;71.78;-0.376;NEUTRE;0;;;0
2026.03.15 00:00;2096.08;2096.65;2086.58;2087.82;32.48;21.49;5.53;70.80;79.21;-0.394;NEUTRE;0;;;0
2026.03.14 23:00;2084.33;2098.93;2083.97;2096.08;28.39;24.79;6.38;82.99;84.82;0.190;NEUTRE;0;6.1;0;0
2026.03.14 22:00;2086.61;2088.36;2082.70;2084.33;23.68;17.73;7.37;83.86;84.80;-0.372;NEUTRE;0;-12.3;0;0
2026.03.14 21:00;2085.89;2088.89;2081.76;2086.61;20.96;20.46;8.50;87.62;79.23;-0.263;NEUTRE;0;-9.2;0;0
2026.03.14 20:00;2077.42;2087.28;2076.10;2085.89;17.84;20.14;9.81;82.92;71.60;-0.297;NEUTRE;0;-10.8;0;0
2026.03.14 19:00;2076.81;2079.31;2074.70;2077.42;15.27;12.27;11.32;67.14;64.43;-0.702;NEUTRE;0;-25.5;-1;0
2026.03.14 18:00;2075.02;2078.04;2072.53;2076.81;17.00;9.92;13.06;64.74;61.67;-0.731;NEUTRE;0;-27.6;-1;0
2026.03.14 17:00;2077.37;2077.95;2073.31;2075.02;17.51;11.44;12.89;61.41;62.25;-0.817;NEUTRE;0;-31.8;-1;0
2026.03.14 16:00;2074.41;2078.44;2069.02;2077.37;19.29;13.20;14.87;58.88;65.19;-0.705;NEUTRE;0;-29.6;-1;0
2026.03.14 15:00;2070.95;2077.53;2069.90;2074.41;21.35;13.75;17.16;66.48;70.37;-0.846;NEUTRE;0;-36;-1;0
2026.03.14 14:00;2078.23;2080.34;2069.55;2070.95;22.93;15.86;19.80;70.21;62.87;-1.011;NEUTRE;0;-42.9;-1;0
2026.03.14 13:00;2075.32;2080.46;2072.82;2078.28;24.76;18.30;18.18;74.43;47.80;-0.661;NEUTRE;0;-33.2;-1;0
2026.03.14 12:00;2073.54;2077.49;2069.87;2075.32;28.52;15.14;20.98;43.97;27.62;-0.803;NEUTRE;0;-40.8;-1;0
2026.03.14 11:00;2065.91;2076.45;2065.56;2073.54;30.42;15.37;24.21;24.99;18.66;-0.888;NEUTRE;0;-46.1;-2;0
2026.03.14 10:00;2067.05;2068.72;2061.45;2065.91;31.67;6.81;27.93;13.90;17.41;-1.252;NEUTRE;0;-58.2;-2;0
2026.03.14 09:00;2074.11;2077.51;2063.45;2067.05;27.19;7.86;28.00;17.10;22.56;-1.198;NEUTRE;0;-59.8;-2;0
2026.03.14 08:00;2077.18;2080.69;2072.54;2074.11;22.73;9.07;22.36;21.25;28.17;-0.860;NEUTRE;0;-54.2;-2;0
2026.03.14 07:00;2077.80;2080.13;2075.37;2077.18;19.72;10.46;20.46;29.35;39.83;-0.714;NEUTRE;0;-52.7;-2;0
2026.03.14 06:00;2092.15;2092.15;2068.48;2077.79;17.78;12.07;23.60;33.92;49.63;-0.684;NEUTRE;0;-55.7;-2;0
2026.03.14 05:00;2090.14;2094.15;2085.55;2092.17;15.54;13.93;16.15;56.23;56.75;0.003;NEUTRE;0;0.4;0;0
2026.03.14 04:00;2100.97;2105.57;2087.55;2090.14;16.80;16.07;15.05;58.75;49.26;-0.094;NEUTRE;0;-16.8;0;0
2026.03.14 03:00;2092.28;2102.84;2092.28;2100.97;18.88;18.55;13.33;55.26;39.81;0.423;NEUTRE;0;61.2;2;0
2026.03.14 02:00;2092.28;2095.50;2089.53;2092.13;19.27;10.86;15.38;33.79;30.45;0.001;NEUTRE;0;0.4;0;0
2026.03.14 01:00;2085.16;2095.19;2081.28;2092.28;19.58;11.73;17.75;30.38;28.77;0.008;NEUTRE;0;;;0
2026.03.14 00:00;2092.11;2094.90;2082.64;2085.16;19.45;13.53;18.98;27.18;28.82;-0.332;NEUTRE;0;;;0
2026.03.13 23:00;2088.65;2093.66;2085.34;2092.23;19.86;15.61;18.51;28.76;28.05;0.921;NEUTRE;0;27.3;1;0
2026.03.13 22:00;2102.78;2104.57;2078.33;2088.63;21.61;18.01;21.36;30.51;24.16;0.748;NEUTRE;0;23.7;0;0
2026.03.13 21:00;2111.03;2116.38;2101.29;2102.76;23.63;20.79;11.18;24.89;17.54;1.429;NEUTRE;0;41.2;1;0
2026.03.13 20:00;2102.07;2113.81;2100.77;2111.13;22.64;21.36;12.90;17.09;13.68;1.833;NEUTRE;0;49.7;2;0
2026.03.13 19:00;2100.46;2105.82;2095.94;2102.01;22.32;15.22;14.88;10.65;12.78;1.393;NEUTRE;0;43.4;1;1
2026.03.13 18:00;2102.29;2108.30;2091.15;2100.47;25.58;17.57;17.17;13.29;17.39;1.319;NEUTRE;0;43.3;1;1
2026.03.13 17:00;2133.81;2141.19;2090.50;2102.29;29.35;20.27;19.82;14.40;28.62;1.407;NEUTRE;0;46.8;2;1
2026.03.13 16:00;2127.68;2143.32;2110.95;2133.82;33.69;23.39;16.66;24.47;47.16;2.927;SOFT_UP;1;67;3;1
2026.03.13 15:00;2150.45;2165.41;2124.84;2127.68;36.28;26.98;12.62;47.00;67.28;2.631;SOFT_UP;1;66.1;3;1
2026.03.13 14:00;2185.68;2209.24;2145.65;2150.13;36.28;31.14;6.67;70.01;79.54;3.714;STRONG_UP;2;73.7;3;1
2026.03.13 13:00;2146.59;2199.30;2141.71;2185.68;31.91;33.52;7.69;84.84;83.17;5.429;STRONG_UP;2;79.5;3;1
2026.03.13 12:00;2120.78;2152.12;2120.26;2146.59;27.18;26.07;8.88;83.76;78.57;3.543;SOFT_UP;1;75.3;3;1
2026.03.13 11:00;2126.80;2130.07;2117.95;2120.78;23.79;19.44;10.24;80.92;66.66;2.298;SOFT_UP;1;69.6;3;1
2026.03.13 10:00;2113.48;2132.92;2112.72;2126.81;22.68;22.43;11.82;71.01;48.17;2.589;SOFT_UP;1;73.3;3;1
2026.03.13 09:00;2099.83;2116.69;2096.00;2113.48;21.41;13.52;13.64;48.04;32.51;1.946;SOFT_UP;1;70.3;3;1
2026.03.13 08:00;2098.96;2116.59;2091.00;2099.83;24.63;15.52;15.73;25.46;29.38;1.288;NEUTRE;0;64.3;2;1
2026.03.13 07:00;2095.50;2104.39;2092.22;2098.96;28.32;10.58;18.16;24.02;39.07;1.246;NEUTRE;0;66.4;3;1
2026.03.13 06:00;2110.06;2112.42;2089.52;2095.50;28.61;12.20;20.95;38.68;50.09;1.079;NEUTRE;0;66.7;3;0
2026.03.13 05:00;2111.16;2114.85;2103.03;2110.06;28.96;14.08;15.10;54.52;58.63;1.781;NEUTRE;0;77.7;3;0
2026.03.13 04:00;2118.38;2119.72;2109.34;2111.16;32.88;16.25;9.20;57.07;62.33;1.834;NEUTRE;0;80.4;3;0
2026.03.13 03:00;2105.19;2123.13;2101.63;2118.38;33.68;18.75;10.62;64.30;66.29;2.183;SOFT_UP;1;83.9;3;0
2026.03.13 02:00;2124.32;2126.77;2102.03;2105.19;34.60;21.63;11.97;65.64;66.89;1.546;NEUTRE;0;84.3;3;0
2026.03.13 01:00;2118.81;2130.08;2111.56;2124.32;35.50;24.96;7.88;68.92;65.54;2.469;SOFT_UP;1;;;0
2026.03.13 00:00;2073.13;2148.12;2069.91;2118.86;32.97;28.80;9.10;66.11;62.56;2.206;SOFT_UP;1;;;0
2026.03.12 23:00;2064.92;2092.89;2064.10;2073.13;30.04;22.36;10.50;61.59;61.19;1.047;NEUTRE;0;30.4;1;0
2026.03.12 22:00;2062.27;2067.19;2055.01;2064.92;29.11;12.07;12.11;59.98;55.45;0.647;NEUTRE;0;20.7;0;0
2026.03.12 21:00;2062.33;2068.79;2057.08;2062.27;33.56;13.93;11.36;62.00;48.56;0.518;NEUTRE;0;17.6;0;0
2026.03.12 20:00;2069.56;2073.48;2060.03;2062.33;37.16;16.07;9.23;44.38;40.03;0.521;NEUTRE;0;18.6;0;0
2026.03.12 19:00;2048.35;2073.07;2044.80;2069.58;38.72;18.07;10.65;39.29;41.98;0.874;NEUTRE;0;30.7;1;1
2026.03.12 18:00;2057.96;2060.95;2046.35;2048.35;40.70;14.26;12.29;36.42;43.12;-0.160;NEUTRE;0;-6.5;0;1
2026.03.12 17:00;2069.31;2075.06;2054.80;2057.96;45.83;16.45;5.28;50.22;45.68;0.308;NEUTRE;0;13.1;0;1
2026.03.12 16:00;2072.06;2077.75;2055.83;2069.27;44.96;18.98;5.31;42.72;43.88;0.859;NEUTRE;0;34.7;1;1
2026.03.12 15:00;2045.08;2081.85;2038.53;2072.06;43.22;21.90;6.12;44.11;52.85;0.995;NEUTRE;0;40.5;1;1
2026.03.12 14:00;2065.23;2094.95;2037.66;2045.08;41.21;25.27;7.07;44.80;64.14;-0.320;NEUTRE;0;-16.4;0;1
2026.03.12 13:00;2065.26;2079.76;2051.23;2065.29;38.89;25.08;8.15;69.65;75.90;0.665;NEUTRE;0;33.4;1;1
2026.03.12 12:00;2062.63;2070.92;2057.65;2065.26;37.04;24.17;9.41;77.96;80.78;0.664;NEUTRE;0;35.5;1;1
2026.03.12 11:00;2069.71;2076.81;2058.66;2062.87;35.97;27.89;9.68;80.09;82.92;0.547;NEUTRE;0;32.6;1;1
2026.03.12 10:00;2055.18;2075.36;2051.99;2069.71;34.05;30.95;11.17;84.29;80.57;0.881;NEUTRE;0;48.6;2;1
2026.03.12 09:00;2047.52;2065.24;2038.26;2055.18;32.07;29.05;12.89;84.39;68.43;0.173;NEUTRE;0;13.9;0;1
2026.03.12 08:00;2040.44;2052.38;2038.12;2047.52;31.07;26.18;14.88;73.04;48.41;-0.201;NEUTRE;0;-17.9;0;1
2026.03.12 07:00;2030.00;2041.79;2025.35;2040.49;31.62;18.79;17.16;47.87;29.23;-0.543;NEUTRE;0;-45;-1;1
2026.03.12 06:00;2026.56;2031.53;2024.19;2030.00;35.79;12.08;19.81;24.34;16.23;-1.055;NEUTRE;0;-66.2;-3;0
2026.03.12 05:00;2022.69;2027.49;2018.93;2026.56;37.56;5.47;22.85;15.48;10.59;-1.222;NEUTRE;0;-72.4;-3;0
2026.03.12 04:00;2023.04;2029.49;2020.93;2022.69;33.90;6.31;22.77;8.87;9.06;-1.411;NEUTRE;0;-77.6;-3;0
2026.03.12 03:00;2024.36;2034.04;2017.66;2023.11;30.40;7.28;26.28;7.42;11.38;-1.391;NEUTRE;0;-80.5;-3;0
2026.03.12 02:00;2045.78;2047.38;2021.63;2024.36;26.36;8.40;26.59;10.87;14.93;-1.330;NEUTRE;0;-83.3;-3;0
2026.03.12 01:00;2055.44;2055.88;2042.74;2045.68;22.42;9.69;18.07;15.84;20.00;-0.290;NEUTRE;0;;;0
2026.03.12 00:00;2051.64;2057.67;2047.95;2055.44;21.23;11.18;14.75;18.08;29.08;0.185;NEUTRE;0;;;0
2026.03.11 23:00;2061.36;2064.59;2045.81;2051.70;22.37;12.90;17.02;26.09;45.58;0.756;NEUTRE;0;22.9;0;0
2026.03.11 22:00;2072.75;2083.63;2058.70;2061.36;23.70;14.88;9.08;43.06;62.20;1.231;NEUTRE;0;35.8;1;0
2026.03.11 21:00;2068.24;2074.59;2063.32;2072.75;23.61;11.60;10.47;67.59;74.28;1.790;NEUTRE;0;47.7;2;0
2026.03.11 20:00;2076.08;2076.22;2065.43;2068.24;26.46;13.38;9.20;75.95;77.75;1.569;NEUTRE;0;45.3;2;0
2026.03.11 19:00;2076.37;2077.84;2068.45;2076.03;27.69;15.44;6.31;79.31;75.17;1.951;SOFT_UP;1;52.9;2;1
2026.03.11 18:00;2068.04;2079.67;2064.14;2076.37;25.50;17.81;7.29;78.00;71.41;1.968;SOFT_UP;1;54.6;2;1
2026.03.11 17:00;2067.14;2085.65;2057.62;2068.12;22.97;20.55;8.41;68.20;65.43;1.563;NEUTRE;0;49.8;2;1
2026.03.11 16:00;2049.74;2072.34;2046.26;2067.14;20.05;16.41;9.70;68.02;63.24;1.515;NEUTRE;0;50.7;2;1
2026.03.11 15:00;2062.50;2065.35;2029.85;2049.76;19.18;14.81;11.19;60.08;57.48;0.661;NEUTRE;0;29.6;1;1
2026.03.11 14:00;2050.51;2077.04;2042.35;2062.50;19.99;17.09;7.50;61.63;57.18;1.287;NEUTRE;0;49.8;2;1
2026.03.11 13:00;2022.61;2082.16;2021.20;2050.49;17.07;19.72;8.65;50.73;53.28;0.697;NEUTRE;0;34.6;1;1
2026.03.11 12:00;2017.04;2034.90;2012.25;2022.63;13.69;10.83;9.98;59.18;53.95;-0.671;NEUTRE;0;-35.8;-1;1
2026.03.11 11:00;2028.41;2033.57;2014.82;2017.01;15.18;12.49;9.77;49.94;44.80;-0.947;NEUTRE;0;-48;-2;1
2026.03.11 10:00;2017.39;2030.99;2016.69;2028.28;15.63;12.30;11.28;52.73;39.77;-0.394;NEUTRE;0;-26.9;-1;1
2026.03.11 09:00;2023.24;2026.87;2014.01;2017.39;17.37;9.76;13.01;31.72;29.34;-0.929;NEUTRE;0;-53.1;-2;1
2026.03.11 08:00;2011.92;2025.34;2008.96;2023.34;17.84;9.43;15.01;34.85;33.22;-0.636;NEUTRE;0;-45.7;-2;1
2026.03.11 07:00;2023.90;2025.37;2006.62;2011.88;17.07;10.88;17.32;21.44;33.12;-1.199;NEUTRE;0;-65.6;-3;1
2026.03.11 06:00;2014.11;2025.53;2013.30;2023.90;16.18;12.55;14.51;43.37;41.09;-0.609;NEUTRE;0;-52.6;-2;0
2026.03.11 05:00;2038.74;2041.04;2011.64;2014.11;17.56;14.48;16.74;34.56;38.90;-1.090;NEUTRE;0;-70.4;-3;0
2026.03.11 04:00;2020.68;2040.89;2017.83;2038.74;19.15;16.71;16.07;45.35;45.36;0.120;NEUTRE;0;21.1;0;0
2026.03.11 03:00;2026.36;2029.01;2017.62;2020.68;21.80;11.35;18.55;36.79;50.71;-0.767;NEUTRE;0;-73.1;-3;0
2026.03.11 02:00;2035.83;2038.43;2018.55;2026.41;21.45;13.10;20.14;53.95;51.63;-0.486;NEUTRE;0;-72.3;-3;0
2026.03.11 01:00;2037.57;2040.73;2028.31;2035.83;21.49;15.12;15.69;61.40;41.56;-0.023;NEUTRE;0;;;0
2026.03.11 00:00;2036.30;2041.48;2028.57;2037.57;24.51;17.44;17.78;39.55;27.25;0.062;NEUTRE;0;;;0
2026.03.10 23:00;2027.20;2037.08;2027.03;2036.32;28.13;14.88;20.52;23.74;20.29;2.192;SOFT_UP;1;50.8;2;0
2026.03.10 22:00;2028.87;2032.16;2020.53;2027.20;30.01;9.64;23.67;18.46;21.68;1.734;NEUTRE;0;45.4;2;0
2026.03.10 21:00;2042.13;2047.61;2019.02;2028.87;28.14;11.12;27.32;18.69;31.29;1.818;NEUTRE;0;48.1;2;0
2026.03.10 20:00;2036.42;2046.78;2035.16;2042.13;25.99;12.83;22.83;27.90;48.30;2.484;SOFT_UP;1;58;2;0
2026.03.10 19:00;2039.32;2043.95;2026.64;2036.58;25.67;11.06;26.35;47.27;68.08;2.205;SOFT_UP;1;56.2;2;1
2026.03.10 18:00;2071.65;2073.18;2035.36;2039.32;23.34;12.76;22.65;69.73;82.90;2.343;SOFT_UP;1;59.2;2;1
2026.03.10 17:00;2080.63;2085.11;2057.99;2071.65;22.63;14.72;16.93;87.23;84.34;3.965;STRONG_UP;2;71.6;3;1
2026.03.10 16:00;2079.35;2088.00;2069.49;2080.63;25.04;16.99;13.01;91.72;73.07;4.416;STRONG_UP;2;74.3;3;1
2026.03.10 15:00;2075.24;2085.90;2060.76;2079.35;26.85;17.86;15.01;74.08;52.71;4.352;STRONG_UP;2;75;3;1
2026.03.10 14:00;2033.62;2080.32;2008.26;2075.24;29.65;17.19;17.32;53.43;45.32;4.145;STRONG_UP;2;75.3;3;1
2026.03.10 13:00;2049.74;2060.27;2023.97;2033.50;34.15;15.55;19.99;30.61;52.02;2.051;SOFT_UP;1;63.8;2;1
2026.03.10 12:00;2061.43;2061.87;2047.23;2049.74;37.49;17.95;13.20;51.93;66.73;2.866;SOFT_UP;1;72;3;1
2026.03.10 11:00;2062.56;2067.53;2056.18;2061.38;40.91;20.71;5.83;73.52;75.02;3.450;SOFT_UP;1;76.1;3;1
2026.03.10 10:00;2067.84;2069.00;2055.15;2062.63;38.58;23.89;6.73;74.75;74.99;3.512;SOFT_UP;1;77.5;3;1
2026.03.10 09:00;2056.89;2073.52;2055.35;2067.80;35.89;27.57;7.54;76.80;75.72;3.772;STRONG_UP;2;79.5;3;1
2026.03.10 08:00;2050.73;2070.45;2050.73;2056.89;32.63;29.21;8.70;73.43;77.10;3.224;SOFT_UP;1;79.1;3;1
2026.03.10 07:00;2043.31;2059.02;2039.92;2050.72;29.32;24.79;10.04;76.94;77.28;2.915;SOFT_UP;1;79.4;3;1
2026.03.10 06:00;2043.70;2048.83;2036.04;2043.31;27.32;20.40;11.58;80.92;76.77;2.543;SOFT_UP;1;79.6;3;0
2026.03.10 05:00;2045.22;2053.70;2039.46;2043.67;27.27;23.54;9.25;73.97;72.65;2.561;SOFT_UP;1;81.4;3;0
2026.03.10 04:00;2026.33;2046.76;2025.91;2045.22;24.76;19.66;10.67;75.42;70.87;2.639;SOFT_UP;1;83.3;3;0
2026.03.10 03:00;2041.96;2047.53;2022.15;2026.33;24.01;22.69;12.31;68.55;58.23;1.691;NEUTRE;0;82.2;3;0
2026.03.10 02:00;2018.93;2053.54;2013.74;2041.96;23.14;26.18;14.21;68.63;41.92;2.475;SOFT_UP;1;86.4;3;0
2026.03.10 01:00;2015.12;2024.53;2005.99;2018.93;22.14;18.99;16.39;37.51;24.88;1.319;NEUTRE;0;;;0
2026.03.10 00:00;1992.64;2022.35;1990.59;2015.12;24.42;20.11;18.91;19.63;22.58;1.128;NEUTRE;0;;;0
2026.03.09 23:00;2002.12;2007.10;1989.19;1992.63;27.70;15.81;21.82;17.51;32.56;2.900;SOFT_UP;1;58.4;2;0
2026.03.09 22:00;2027.63;2030.77;1998.90;2002.12;29.51;18.25;16.84;30.60;40.89;3.390;SOFT_UP;1;63.3;2;0
2026.03.09 21:00;2025.60;2035.03;2021.53;2027.80;33.43;21.05;8.50;49.56;44.72;4.716;STRONG_UP;2;70.9;3;0
2026.03.09 20:00;2033.70;2037.00;2018.55;2025.61;32.04;24.29;9.81;42.49;44.38;4.603;STRONG_UP;2;71.4;3;0
2026.03.09 19:00;2011.49;2053.14;2009.58;2033.79;30.44;28.03;11.32;42.12;52.86;5.025;STRONG_UP;2;73.6;3;1
2026.03.09 18:00;2016.19;2022.26;2005.87;2011.49;28.59;21.44;13.06;48.52;65.06;3.874;STRONG_UP;2;70.2;3;1
2026.03.09 17:00;2027.05;2032.01;2005.41;2016.22;29.25;24.73;15.07;67.96;75.11;4.118;STRONG_UP;2;72.2;3;1
2026.03.09 16:00;2022.21;2038.58;2018.56;2027.05;30.02;28.54;9.79;78.70;76.08;4.677;STRONG_UP;2;75.1;3;1
2026.03.09 15:00;2021.67;2029.08;2014.43;2022.21;27.11;25.63;11.29;78.69;69.59;4.427;STRONG_UP;2;75.3;3;1
2026.03.09 14:00;2017.47;2032.33;2007.12;2021.72;25.31;29.57;13.03;70.84;60.79;4.402;STRONG_UP;2;76.1;3;1
2026.03.09 13:00;2001.49;2029.32;2000.62;2017.41;23.23;32.29;15.04;59.23;56.41;4.179;STRONG_UP;2;76.4;3;1
2026.03.09 12:00;1991.25;2012.65;1991.25;2001.49;21.20;28.32;17.35;52.31;57.67;3.357;SOFT_UP;1;74.5;3;1
2026.03.09 11:00;1994.46;1998.95;1980.28;1991.25;20.76;22.82;20.02;57.70;60.18;2.828;SOFT_UP;1;73.2;3;1
2026.03.09 10:00;2003.67;2005.97;1991.54;1994.46;22.95;26.34;13.82;62.99;60.02;2.994;SOFT_UP;1;75.5;3;1
2026.03.09 09:00;1995.66;2020.91;1985.92;2003.66;21.68;30.39;15.94;59.86;62.16;3.469;SOFT_UP;1;78.6;3;1
2026.03.09 08:00;1982.92;1999.04;1978.16;1995.66;20.22;25.45;18.40;57.23;66.65;3.056;SOFT_UP;1;78.5;3;1
2026.03.09 07:00;1984.20;1984.86;1963.10;1982.87;20.86;18.91;21.23;69.39;72.24;2.396;SOFT_UP;1;77.2;3;1
2026.03.09 06:00;2009.87;2011.73;1982.90;1984.15;23.18;21.82;10.49;73.34;72.25;2.462;SOFT_UP;1;79.3;3;0
2026.03.09 05:00;1976.61;2013.35;1975.55;2009.87;21.36;25.18;12.11;73.98;71.00;3.790;STRONG_UP;2;84.2;3;0
2026.03.09 04:00;1976.77;1988.72;1972.74;1976.61;19.25;19.03;13.97;69.42;69.87;2.072;SOFT_UP;1;81.5;3;0
2026.03.09 03:00;1959.13;2004.33;1958.44;1976.77;19.85;21.96;16.12;69.60;64.91;2.081;SOFT_UP;1;83.6;3;0
2026.03.09 02:00;1945.15;1962.62;1937.62;1959.03;20.55;11.35;18.60;70.58;58.81;1.164;NEUTRE;0;82.4;3;0
2026.03.09 01:00;1950.40;1962.60;1942.32;1945.19;19.99;13.10;18.57;54.56;51.58;0.450;NEUTRE;0;;;0
2026.03.09 00:00;1936.48;1965.35;1929.27;1950.40;20.41;15.11;21.43;51.30;53.07;0.719;NEUTRE;0;;;0
2026.03.08 23:00;1942.62;1954.73;1934.88;1936.48;20.89;12.91;24.73;48.89;60.03;-1.662;NEUTRE;0;-43;-1;0
2026.03.08 22:00;1953.23;1953.25;1914.01;1942.62;19.27;13.75;28.53;59.02;65.14;-1.350;NEUTRE;0;-38.3;-1;0
2026.03.08 21:00;1958.05;1961.61;1944.21;1953.23;16.86;15.87;21.08;72.17;63.80;-0.811;NEUTRE;0;-26.5;-1;0
2026.03.08 20:00;1964.27;1970.85;1953.19;1957.94;17.28;18.31;16.38;64.21;50.22;-0.572;NEUTRE;0;-20.2;0;0
2026.03.08 19:00;1929.62;1969.49;1927.57;1964.27;19.09;19.94;18.90;55.01;41.75;-0.250;NEUTRE;0;-9.6;0;0
2026.03.08 18:00;1935.26;1936.28;1927.58;1929.62;21.61;10.82;21.81;31.43;35.94;-2.010;SOFT_DOWN;-1;-55.2;-2;0
2026.03.08 17:00;1936.28;1945.91;1932.60;1935.26;19.76;12.48;16.29;38.82;37.56;-1.724;NEUTRE;0;-52.6;-2;0
2026.03.08 16:00;1942.74;1944.38;1933.88;1936.28;20.76;12.63;18.79;37.57;36.75;-1.672;NEUTRE;0;-53.4;-2;0
2026.03.08 15:00;1944.93;1947.04;1936.92;1942.74;20.94;14.58;17.23;36.29;34.81;-1.344;NEUTRE;0;-49.1;-2;0
2026.03.08 14:00;1943.70;1950.01;1937.08;1944.93;22.88;16.82;19.64;36.38;38.03;-1.232;NEUTRE;0;-48.6;-2;0
2026.03.08 13:00;1945.68;1947.50;1924.66;1943.70;25.21;16.42;22.66;31.75;46.19;-1.295;NEUTRE;0;-52.1;-2;0
2026.03.08 12:00;1950.88;1954.07;1925.92;1945.68;26.63;18.95;25.29;45.95;64.52;-1.194;NEUTRE;0;-52;-2;0
2026.03.08 11:00;1973.58;1973.72;1944.40;1950.88;28.52;21.86;19.09;60.87;77.97;-0.930;NEUTRE;0;-47.4;-2;0
2026.03.08 10:00;1962.94;1979.20;1962.76;1973.69;31.87;25.22;12.39;86.73;81.73;0.228;NEUTRE;0;16.4;0;0
2026.03.08 09:00;1959.14;1969.49;1956.19;1962.94;31.52;20.02;14.29;86.32;71.30;-0.318;NEUTRE;0;-24.5;0;0
2026.03.08 08:00;1954.84;1960.20;1948.72;1959.14;33.80;12.35;16.49;72.12;54.24;-0.511;NEUTRE;0;-39.4;-1;0
2026.03.08 07:00;1947.66;1959.89;1946.80;1954.84;36.79;13.84;19.03;55.46;40.21;-0.729;NEUTRE;0;-53.3;-2;0
2026.03.08 06:00;1948.61;1951.93;1942.68;1947.66;40.02;6.61;21.96;35.15;28.56;-1.094;NEUTRE;0;-66.9;-3;0
2026.03.08 05:00;1938.01;1952.14;1937.62;1948.61;37.92;7.63;25.34;30.03;26.33;-1.046;NEUTRE;0;-69.6;-3;0
2026.03.08 04:00;1947.29;1952.80;1929.70;1938.01;35.49;8.80;29.24;20.49;28.93;-1.584;NEUTRE;0;-78.9;-3;0
2026.03.08 03:00;1941.94;1951.28;1941.15;1947.29;32.68;10.16;26.11;28.46;44.99;-1.113;NEUTRE;0;-78.2;-3;0
2026.03.08 02:00;1968.55;1969.59;1935.54;1941.94;30.94;11.72;30.12;37.83;58.50;-1.384;NEUTRE;0;-83.6;-3;0
2026.03.08 01:00;1968.52;1971.43;1963.21;1968.55;28.93;13.52;22.26;68.67;68.63;-0.033;NEUTRE;0;;;0
2026.03.08 00:00;1969.20;1976.63;1966.20;1968.52;29.63;15.60;20.08;69.01;65.30;-0.035;NEUTRE;0;;;0
2026.03.07 23:00;1966.07;1973.88;1965.09;1969.20;32.26;13.95;23.17;68.21;56.66;-0.459;NEUTRE;0;-14.4;0;0
2026.03.07 22:00;1970.23;1970.65;1958.01;1966.07;33.39;10.44;26.74;58.69;44.16;-0.618;NEUTRE;0;-19.9;0;0
2026.03.07 21:00;1966.02;1971.33;1963.58;1970.23;31.78;12.04;24.07;43.09;32.35;-0.407;NEUTRE;0;-14;0;0
2026.03.07 20:00;1954.82;1968.30;1954.50;1966.02;31.55;7.88;27.78;30.70;27.95;-0.620;NEUTRE;0;-21.8;0;0
2026.03.07 19:00;1970.83;1970.83;1948.02;1954.82;27.82;9.09;32.05;23.25;30.34;-1.186;NEUTRE;0;-38.8;-1;0
2026.03.07 18:00;1977.19;1977.19;1965.39;1970.83;23.52;10.49;25.27;29.89;38.93;-0.377;NEUTRE;0;-15.1;0;0
2026.03.07 17:00;1976.87;1983.07;1975.83;1977.19;20.78;12.11;15.54;37.88;45.39;-0.056;NEUTRE;0;-2.4;0;0
2026.03.07 16:00;1980.64;1980.64;1974.09;1976.87;22.07;8.81;17.93;49.01;48.65;-0.072;NEUTRE;0;-3.3;0;0
2026.03.07 15:00;1986.61;1987.02;1975.83;1980.64;20.21;10.16;16.60;49.27;50.05;0.119;NEUTRE;0;5.8;0;0
2026.03.07 14:00;1981.44;1989.85;1970.08;1986.61;19.62;11.73;19.16;47.67;55.81;0.421;NEUTRE;0;21.2;0;0
2026.03.07 13:00;1982.12;1983.79;1977.25;1981.44;18.94;13.53;16.53;53.21;66.79;0.159;NEUTRE;0;9;0;0
2026.03.07 12:00;1988.52;1990.55;1979.44;1982.12;20.31;15.61;13.92;66.55;73.65;0.194;NEUTRE;0;11.8;0;0
2026.03.07 11:00;1983.97;1994.41;1981.83;1988.52;22.56;18.01;12.75;80.61;73.62;0.517;NEUTRE;0;31.2;1;0
2026.03.07 10:00;1985.95;1988.25;1982.93;1983.97;23.39;13.25;14.71;73.79;61.86;0.287;NEUTRE;0;20.3;0;0
2026.03.07 09:00;1977.63;1989.04;1974.99;1985.95;26.19;15.29;16.97;66.46;51.37;0.387;NEUTRE;0;29;1;0
2026.03.07 08:00;1982.57;1987.22;1975.24;1977.63;29.42;15.65;19.58;45.33;40.64;-0.033;NEUTRE;0;-3;0;0
2026.03.07 07:00;1971.37;1983.79;1966.68;1982.57;32.23;13.65;22.60;42.33;38.17;0.216;NEUTRE;0;21.7;0;0
2026.03.07 06:00;1978.62;1978.62;1968.73;1971.37;33.39;11.10;26.07;34.26;37.56;-0.350;NEUTRE;0;-36.9;-1;0
2026.03.07 05:00;1974.96;1979.47;1972.60;1978.62;32.33;12.81;24.06;37.93;41.72;0.017;NEUTRE;0;2.5;0;0
2026.03.07 04:00;1979.82;1979.82;1964.22;1974.96;32.60;14.78;27.77;40.50;48.10;-0.168;NEUTRE;0;-28.4;-1;0
2026.03.07 03:00;1983.13;1995.64;1979.44;1979.82;32.93;17.05;17.03;46.72;50.98;0.077;NEUTRE;0;18.3;0;0
2026.03.07 02:00;1980.28;1984.23;1972.25;1983.13;37.98;8.84;19.65;57.07;55.52;0.245;NEUTRE;0;57.6;2;0
2026.03.07 01:00;1981.06;1983.30;1975.85;1980.28;37.99;10.20;18.05;49.13;58.93;0.101;NEUTRE;0;;;0
2026.03.07 00:00;1978.29;1982.79;1976.58;1981.06;39.56;11.77;19.32;60.34;66.60;0.140;NEUTRE;0;;;0
2026.03.06 23:00;1986.86;1987.35;1976.64;1978.29;41.91;13.58;22.14;67.31;69.26;-4.543;STRONG_DOWN;-2;-68.5;-3;0
2026.03.06 22:00;1983.16;1989.51;1981.28;1986.75;44.68;15.67;18.88;72.16;62.62;-4.135;STRONG_DOWN;-2;-67.6;-3;0
2026.03.06 21:00;1978.05;1984.25;1971.17;1983.16;50.12;8.25;21.78;68.32;47.38;-4.308;STRONG_DOWN;-2;-69.3;-3;0
2026.03.06 20:00;1983.35;1988.29;1969.06;1978.67;50.90;9.52;25.14;47.38;28.86;-4.525;STRONG_DOWN;-2;-71.1;-3;0
2026.03.06 19:00;1974.22;1992.02;1974.22;1983.40;51.81;10.99;24.87;26.45;16.11;-4.296;STRONG_DOWN;-2;-71.1;-3;1
2026.03.06 18:00;1966.36;1983.06;1966.21;1974.21;53.82;4.94;28.70;12.76;10.29;-4.740;STRONG_DOWN;-2;-73.6;-3;1
2026.03.06 17:00;1970.89;1981.11;1955.57;1966.36;51.23;3.92;33.12;9.11;8.84;-5.119;STRONG_DOWN;-2;-75.5;-3;1
2026.03.06 16:00;1977.61;1984.67;1965.97;1970.89;46.98;4.52;31.95;9.01;9.21;-4.900;STRONG_DOWN;-2;-75.8;-3;1
2026.03.06 15:00;1981.30;1997.60;1965.85;1977.61;42.64;5.22;36.86;8.40;9.93;-4.576;STRONG_DOWN;-2;-75.7;-3;1
2026.03.06 14:00;2019.99;2023.92;1971.61;1981.30;37.63;6.02;39.74;10.24;15.87;-4.398;STRONG_DOWN;-2;-76.1;-3;1
2026.03.06 13:00;2048.10;2061.65;2019.82;2019.82;32.08;6.94;31.68;11.16;22.33;-2.539;SOFT_DOWN;-1;-68.3;-3;1
2026.03.06 12:00;2050.61;2054.58;2037.42;2048.10;27.16;8.01;30.08;26.20;33.07;-1.174;NEUTRE;0;-51.6;-2;1
2026.03.06 11:00;2062.79;2066.92;2049.44;2050.61;22.43;9.24;23.93;29.62;42.54;-1.053;NEUTRE;0;-51;-2;1
2026.03.06 10:00;2059.38;2068.80;2058.07;2062.79;19.07;10.67;20.01;43.38;52.62;-0.466;NEUTRE;0;-31;-1;1
2026.03.06 09:00;2075.34;2076.88;2045.29;2059.38;17.32;12.31;23.09;54.63;54.49;-0.630;NEUTRE;0;-42;-1;1
2026.03.06 08:00;2082.19;2082.19;2073.72;2075.34;15.29;14.20;12.80;59.85;48.07;0.140;NEUTRE;0;12.7;0;1
2026.03.06 07:00;2073.64;2086.83;2068.36;2082.19;16.85;16.39;14.77;48.98;42.53;0.470;NEUTRE;0;40.9;1;1
2026.03.06 06:00;2068.31;2080.11;2062.97;2073.57;18.64;13.31;17.04;35.37;45.24;0.055;NEUTRE;0;6.7;0;0
2026.03.06 05:00;2070.45;2073.77;2058.94;2068.31;19.62;9.67;19.66;43.25;56.51;-0.199;NEUTRE;0;-27.1;-1;0
2026.03.06 04:00;2083.38;2085.45;2058.67;2070.45;17.39;11.15;22.69;57.11;60.20;-0.096;NEUTRE;0;-17.2;0;0
2026.03.06 03:00;2083.47;2088.33;2075.05;2083.47;14.82;12.87;16.77;69.18;53.16;0.532;NEUTRE;0;66.4;3;0
2026.03.06 02:00;2087.24;2092.90;2080.24;2083.47;15.08;14.85;13.34;54.32;40.56;0.532;NEUTRE;0;73.7;3;0
2026.03.06 01:00;2074.61;2090.68;2061.86;2087.24;16.57;14.44;15.39;35.97;37.13;0.714;NEUTRE;0;;;0
2026.03.06 00:00;2072.44;2079.96;2067.54;2074.61;18.63;10.93;17.76;31.39;47.23;0.105;NEUTRE;0;;;0
2026.03.05 23:00;2079.68;2084.02;2069.77;2072.44;17.84;12.62;17.73;44.05;54.55;-2.567;SOFT_DOWN;-1;-55.2;-2;0
2026.03.05 22:00;2080.39;2084.57;2077.35;2079.68;17.99;14.56;12.27;66.24;53.82;-2.227;SOFT_DOWN;-1;-52.5;-2;0
2026.03.05 21:00;2091.97;2098.94;2075.57;2080.39;19.44;16.80;14.16;53.34;38.40;-2.193;SOFT_DOWN;-1;-53.4;-2;0
2026.03.05 20:00;2073.95;2098.06;2070.13;2092.29;21.13;18.80;16.34;41.88;27.31;-1.634;NEUTRE;0;-46.5;-2;0
2026.03.05 19:00;2076.18;2092.30;2071.95;2073.95;23.30;18.52;18.85;19.97;19.38;-2.496;SOFT_DOWN;-1;-59.4;-2;1
2026.03.05 18:00;2059.67;2077.97;2057.36;2076.18;26.74;10.54;21.75;20.09;21.52;-2.391;SOFT_DOWN;-1;-59.7;-2;1
2026.03.05 17:00;2079.95;2093.40;2054.74;2059.68;25.52;12.16;25.10;18.10;22.57;-3.167;SOFT_DOWN;-1;-67.4;-3;1
2026.03.05 16:00;2086.79;2087.31;2056.61;2079.95;24.10;11.61;28.96;26.37;29.57;-2.214;SOFT_DOWN;-1;-60.7;-2;1
2026.03.05 15:00;2118.92;2121.71;2067.35;2086.63;21.23;13.39;28.03;23.23;37.43;-1.900;SOFT_DOWN;-1;-58.5;-2;1
2026.03.05 14:00;2117.39;2131.16;2096.76;2118.64;19.06;15.45;24.02;39.11;53.70;-0.395;NEUTRE;0;-20;0;1
2026.03.05 13:00;2138.03;2139.67;2109.12;2117.39;18.65;17.83;22.19;49.95;65.53;-0.454;NEUTRE;0;-24.2;0;1
2026.03.05 12:00;2137.70;2142.74;2123.37;2138.03;19.85;20.58;18.43;72.04;72.60;0.517;NEUTRE;0;29;1;1
2026.03.05 11:00;2155.93;2159.10;2133.79;2137.70;22.05;23.74;12.99;74.61;63.56;0.501;NEUTRE;0;30.4;1;1
2026.03.05 10:00;2125.26;2163.44;2120.07;2155.93;20.94;27.39;14.98;71.15;51.88;1.358;NEUTRE;0;60.2;2;1
2026.03.05 09:00;2117.43;2137.49;2116.34;2125.26;19.66;22.40;17.29;44.93;39.62;-0.084;NEUTRE;0;-6.9;0;1
2026.03.05 08:00;2104.64;2118.22;2093.50;2117.43;20.70;11.83;19.95;39.57;43.55;-0.452;NEUTRE;0;-36;-1;1
2026.03.05 07:00;2127.80;2132.10;2095.29;2104.64;19.95;13.65;21.90;34.36;47.22;-1.053;NEUTRE;0;-62.7;-2;1
2026.03.05 06:00;2119.44;2130.49;2109.84;2127.80;19.45;15.75;19.19;56.73;50.47;0.036;NEUTRE;0;4.4;0;0
2026.03.05 05:00;2137.14;2139.10;2113.83;2119.45;20.93;18.18;19.17;50.57;38.94;-0.357;NEUTRE;0;-42.6;-1;0
2026.03.05 04:00;2119.94;2143.98;2118.39;2137.14;23.74;20.97;19.35;44.12;28.05;0.475;NEUTRE;0;56.8;2;0
2026.03.05 03:00;2121.63;2125.85;2107.35;2119.94;26.77;13.30;22.32;22.15;17.95;-0.334;NEUTRE;0;-55.1;-2;0
2026.03.05 02:00;2113.73;2134.08;2112.72;2121.63;27.00;15.35;21.29;17.88;14.60;-0.254;NEUTRE;0;-58.6;-2;0
2026.03.05 01:00;2128.13;2141.83;2107.58;2113.73;28.65;17.71;24.57;13.81;13.72;-0.626;NEUTRE;0;;;0
2026.03.05 00:00;2127.04;2135.68;2121.29;2128.13;30.56;20.43;22.19;12.10;16.37;0.051;NEUTRE;0;;;0
2026.03.04 23:00;2131.71;2136.40;2116.69;2127.09;34.63;23.57;25.60;15.26;30.42;7.309;EXPLOSIVE_UP;3;76.3;3;0
2026.03.04 22:00;2150.07;2164.37;2127.21;2131.71;39.32;27.20;21.33;21.77;50.58;7.542;EXPLOSIVE_UP;3;77.2;3;0
2026.03.04 21:00;2150.01;2155.98;2142.47;2150.07;43.51;31.39;18.29;54.22;72.44;8.468;EXPLOSIVE_UP;3;79.1;3;0
2026.03.04 20:00;2177.95;2180.09;2151.12;2151.29;46.15;36.21;11.26;75.76;83.44;8.530;EXPLOSIVE_UP;3;79.7;3;0
2026.03.04 19:00;2163.40;2199.11;2161.23;2177.95;45.17;41.79;7.62;87.34;87.04;9.875;EXPLOSIVE_UP;3;81.5;3;1
2026.03.04 18:00;2146.07;2164.57;2138.40;2163.40;41.48;34.19;8.79;87.23;85.13;9.141;EXPLOSIVE_UP;3;81.3;3;1
2026.03.04 17:00;2142.61;2156.54;2131.03;2146.07;38.77;34.73;10.14;86.54;80.77;8.267;EXPLOSIVE_UP;3;80.9;3;1
2026.03.04 16:00;2150.24;2165.43;2129.13;2142.61;36.30;40.07;11.71;81.63;70.78;8.092;EXPLOSIVE_UP;3;81.3;3;1
2026.03.04 15:00;2079.38;2157.09;2079.38;2150.24;33.46;42.70;13.51;74.16;63.88;8.477;EXPLOSIVE_UP;3;82.2;3;1
2026.03.04 14:00;2063.87;2109.30;2062.21;2079.38;30.62;39.80;15.58;56.55;63.04;4.902;STRONG_UP;2;77.5;3;1
2026.03.04 13:00;2053.72;2067.91;2052.18;2063.87;28.60;32.41;17.98;60.92;71.22;4.120;STRONG_UP;2;76.2;3;1
2026.03.04 12:00;2054.36;2058.41;2035.81;2053.72;28.59;28.10;20.75;71.64;80.98;3.608;SOFT_UP;1;75.5;3;1
2026.03.04 11:00;2071.71;2077.61;2046.15;2054.36;30.68;32.42;16.90;81.11;88.31;3.640;SOFT_UP;1;76.8;3;1
2026.03.04 10:00;2074.62;2091.94;2066.75;2071.63;30.56;37.41;9.43;90.18;92.78;4.511;STRONG_UP;2;80.2;3;1
2026.03.04 09:00;2063.20;2088.62;2054.77;2074.62;26.07;41.14;10.88;93.64;88.31;4.662;STRONG_UP;2;81.5;3;1
2026.03.04 08:00;2006.14;2066.05;2000.15;2063.20;21.13;37.21;12.55;94.53;74.13;4.086;STRONG_UP;2;81.4;3;1
2026.03.04 07:00;1979.74;2009.27;1974.05;2006.14;16.75;29.68;14.48;76.78;54.12;1.207;NEUTRE;0;65.8;3;1
2026.03.04 06:00;1970.55;1985.90;1962.74;1979.74;14.04;24.04;16.71;51.10;39.23;-0.125;NEUTRE;0;-15;0;0
2026.03.04 05:00;1959.66;1976.77;1955.21;1970.55;13.43;21.67;19.28;34.48;35.59;-0.588;NEUTRE;0;-56.6;-2;0
2026.03.04 04:00;1960.30;1964.06;1950.07;1959.60;14.60;15.94;22.25;32.10;39.48;-1.141;NEUTRE;0;-74.8;-3;0
2026.03.04 03:00;1978.84;1979.78;1944.70;1960.30;14.30;18.39;25.67;40.20;45.41;-1.105;NEUTRE;0;-78.1;-3;0
2026.03.04 02:00;1981.23;1982.34;1968.89;1978.84;13.96;21.22;19.01;46.14;49.23;-0.170;NEUTRE;0;-47.6;-2;0
2026.03.04 01:00;1976.09;1998.26;1969.77;1981.23;15.27;24.48;20.93;49.89;49.07;-0.049;NEUTRE;0;;;0
2026.03.04 00:00;1982.21;1986.19;1961.32;1976.09;16.41;21.73;24.15;51.67;45.27;-0.309;NEUTRE;0;;;0
2026.03.03 23:00;1982.71;2001.02;1980.63;1982.21;18.13;25.07;15.92;45.65;43.57;-2.197;SOFT_DOWN;-1;-50.9;-2;0
2026.03.03 22:00;1967.87;1987.33;1967.66;1982.71;17.48;18.60;18.37;38.49;48.29;-2.172;SOFT_DOWN;-1;-51.8;-2;0
2026.03.03 21:00;1977.75;1977.84;1958.76;1967.87;20.08;14.04;21.20;46.58;57.27;-2.905;SOFT_DOWN;-1;-60.7;-2;0
2026.03.03 20:00;1985.43;1989.02;1969.54;1977.75;20.04;16.20;15.77;59.81;63.40;-2.417;SOFT_DOWN;-1;-57.3;-2;0
2026.03.03 19:00;1987.61;1993.70;1976.38;1985.43;22.91;18.69;12.79;65.42;64.56;-2.038;SOFT_DOWN;-1;-54.1;-2;1
2026.03.03 18:00;1980.00;1999.52;1969.11;1987.62;23.56;21.56;14.76;64.96;60.14;-1.930;SOFT_DOWN;-1;-54.1;-2;1
2026.03.03 17:00;1983.38;1984.95;1958.79;1980.00;24.30;17.51;17.03;63.29;51.16;-2.306;SOFT_DOWN;-1;-60.2;-2;1
2026.03.03 16:00;1968.37;2013.38;1958.19;1983.38;27.82;20.20;19.65;52.17;40.51;-2.139;SOFT_DOWN;-1;-59.9;-2;1
2026.03.03 15:00;1941.80;1971.72;1931.08;1968.13;31.89;11.70;22.67;38.03;35.02;-2.892;SOFT_DOWN;-1;-68.1;-3;1
2026.03.03 14:00;1951.16;1976.14;1928.59;1941.80;31.88;13.50;26.16;31.32;34.48;-4.191;STRONG_DOWN;-2;-75.5;-3;1
2026.03.03 13:00;1966.59;1967.82;1942.76;1951.16;31.88;15.58;25.60;35.71;32.56;-3.729;STRONG_DOWN;-2;-74.9;-3;1
2026.03.03 12:00;1960.49;1989.27;1960.07;1966.59;33.04;17.97;18.91;36.41;26.26;-2.968;SOFT_DOWN;-1;-72.6;-3;1
2026.03.03 11:00;1957.28;1966.17;1951.33;1960.49;37.73;8.57;21.82;25.57;18.90;-3.269;SOFT_DOWN;-1;-75.4;-3;1
2026.03.03 10:00;1950.80;1963.28;1944.43;1957.28;36.82;6.89;25.18;16.81;16.55;-3.427;SOFT_DOWN;-1;-77.2;-3;1
2026.03.03 09:00;1952.31;1968.02;1938.41;1950.80;33.71;7.95;29.05;14.31;18.23;-3.747;STRONG_DOWN;-2;-79.4;-3;1
2026.03.03 08:00;1995.53;1999.73;1947.33;1952.31;30.12;9.17;28.89;18.52;18.29;-3.672;SOFT_DOWN;-1;-80.4;-3;1
2026.03.03 07:00;1998.45;2002.68;1992.63;1995.53;26.79;10.58;20.03;21.85;16.00;-1.540;NEUTRE;0;-70.6;-3;1
2026.03.03 06:00;1992.56;2000.82;1987.05;1998.45;26.16;9.37;23.11;14.49;14.43;-1.396;NEUTRE;0;-71.5;-3;0
2026.03.03 05:00;1999.02;2018.50;1986.70;1992.56;23.68;10.81;26.67;11.67;15.38;-1.686;NEUTRE;0;-77;-3;0
2026.03.03 04:00;2008.07;2012.85;1997.70;1999.02;20.81;12.47;25.45;17.14;19.38;-1.368;NEUTRE;0;-77.2;-3;0
2026.03.03 03:00;2012.87;2015.07;2004.70;2008.07;18.74;14.39;22.26;17.31;21.18;-0.921;NEUTRE;0;-75.8;-3;0
2026.03.03 02:00;2019.41;2021.73;1997.41;2012.87;18.32;16.60;25.68;23.69;32.41;-0.684;NEUTRE;0;-77.2;-3;0
2026.03.03 01:00;2034.66;2040.87;2018.93;2019.41;17.83;19.15;16.02;22.55;42.65;-0.362;NEUTRE;0;;;0
2026.03.03 00:00;2026.74;2038.12;2018.16;2034.66;19.20;20.17;18.49;50.98;51.53;0.391;NEUTRE;0;;;0
2026.03.02 23:00;2053.21;2055.13;2023.89;2026.74;21.49;23.28;16.91;54.41;50.52;4.522;STRONG_UP;2;68.5;3;0
2026.03.02 22:00;2042.60;2057.97;2040.80;2053.21;22.36;26.86;11.19;49.19;50.78;5.887;STRONG_UP;2;73.8;3;0
2026.03.02 21:00;2035.26;2047.45;2029.15;2042.60;19.46;21.56;12.91;47.98;56.37;5.340;STRONG_UP;2;73;3;0
2026.03.02 20:00;2043.36;2057.34;2024.78;2035.26;18.59;24.88;14.89;55.19;64.93;4.961;STRONG_UP;2;72.6;3;0
2026.03.02 19:00;2029.20;2049.02;2017.39;2043.36;17.59;24.78;17.19;65.95;73.54;5.379;STRONG_UP;2;74.7;3;1
2026.03.02 18:00;2040.60;2040.71;2023.88;2029.20;17.51;24.55;19.83;73.65;80.58;4.649;STRONG_UP;2;73.3;3;1
2026.03.02 17:00;2064.27;2065.58;2025.18;2040.60;18.57;28.32;21.69;81.01;81.00;5.237;STRONG_UP;2;75.9;3;1
2026.03.02 16:00;2046.71;2089.03;2042.75;2064.27;19.39;32.68;18.34;87.08;71.45;6.457;STRONG_UP;2;79.1;3;1
2026.03.02 15:00;1978.76;2064.81;1973.55;2046.71;18.05;29.66;21.16;74.91;54.68;5.552;STRONG_UP;2;78.2;3;1
2026.03.02 14:00;1926.74;1984.48;1920.74;1978.76;18.25;20.68;24.41;52.36;47.60;2.047;SOFT_UP;1;62;2;1
2026.03.02 13:00;1937.43;1943.62;1921.59;1926.74;19.78;13.99;28.17;36.76;48.20;-0.635;NEUTRE;0;-32.2;-1;1
2026.03.02 12:00;1947.03;1948.19;1930.29;1937.56;17.66;16.15;26.43;53.67;52.66;-0.077;NEUTRE;0;-4.7;0;1
2026.03.02 11:00;1951.52;1953.50;1935.10;1947.03;16.66;18.63;26.36;54.17;47.94;0.411;NEUTRE;0;25.7;1;1
2026.03.02 10:00;1947.20;1955.46;1943.52;1951.52;16.58;21.50;23.38;50.13;40.04;0.643;NEUTRE;0;39.6;1;1
2026.03.02 09:00;1948.75;1966.26;1946.27;1947.20;18.48;24.81;23.43;39.52;34.80;0.420;NEUTRE;0;31;1;1
2026.03.02 08:00;1940.82;1950.43;1919.45;1948.75;20.89;16.44;27.03;30.47;38.02;0.500;NEUTRE;0;38.8;1;1
2026.03.02 07:00;1942.72;1944.41;1925.12;1940.82;20.35;15.98;31.19;34.40;51.14;0.091;NEUTRE;0;9.5;0;1
2026.03.02 06:00;1970.50;1970.72;1936.97;1942.72;18.52;18.44;26.54;49.18;61.61;0.189;NEUTRE;0;22.1;0;0
2026.03.02 05:00;1972.36;1982.70;1962.33;1970.50;18.60;21.27;19.06;69.82;67.07;1.621;NEUTRE;0;76.5;3;0
2026.03.02 04:00;1971.71;1979.72;1967.91;1972.36;20.62;24.55;17.78;65.83;66.43;1.717;NEUTRE;0;79.7;3;0
2026.03.02 03:00;1955.04;1979.21;1947.77;1971.71;21.33;27.66;20.52;65.56;66.36;1.684;NEUTRE;0;82.1;3;0
2026.03.02 02:00;1963.31;1965.77;1939.40;1955.04;22.33;25.34;23.67;67.90;59.98;0.824;NEUTRE;0;79.3;3;0
2026.03.02 01:00;1960.47;1988.84;1959.38;1963.31;25.24;29.23;15.66;65.61;46.88;1.251;NEUTRE;0;;;0
2026.03.02 00:00;1939.06;1967.06;1936.83;1960.47;24.48;22.36;18.07;46.44;30.41;1.104;NEUTRE;0;;;0
2026.03.01 23:00;1924.27;1947.57;1918.13;1939.06;26.61;15.88;20.85;28.58;19.43;-1.278;NEUTRE;0;-35.6;-1;0
2026.03.01 22:00;1928.59;1969.89;1914.27;1924.27;28.62;18.32;24.06;16.22;14.77;-2.031;SOFT_DOWN;-1;-49.9;-2;0
2026.03.01 21:00;1913.69;1931.70;1912.09;1928.59;30.94;10.58;27.76;13.49;14.97;-1.811;NEUTRE;0;-48;-2;0
2026.03.01 20:00;1953.31;1954.42;1907.01;1913.69;28.81;12.20;32.03;14.59;17.12;-2.570;SOFT_DOWN;-1;-58.9;-2;0
2026.03.01 19:00;1975.22;1975.78;1946.45;1953.31;26.34;14.08;24.16;16.83;19.82;-0.552;NEUTRE;0;-20.5;0;0
2026.03.01 18:00;1960.61;1996.66;1960.45;1975.22;26.34;16.25;20.53;19.94;26.99;0.563;NEUTRE;0;21.9;0;0
2026.03.01 17:00;1973.37;1975.33;1953.11;1960.61;28.60;9.69;23.69;22.71;38.69;-0.181;NEUTRE;0;-7.8;0;0
2026.03.01 16:00;1992.78;2008.41;1960.29;1973.37;26.55;11.18;22.36;38.32;47.81;0.469;NEUTRE;0;20.7;0;0
2026.03.01 15:00;2000.94;2015.66;1991.72;1992.75;25.50;12.90;15.75;55.03;48.80;1.456;NEUTRE;0;51.4;2;0
2026.03.01 14:00;2005.93;2026.88;1992.57;2000.94;27.89;14.88;17.63;50.09;38.65;1.873;NEUTRE;0;59.9;2;0
2026.03.01 13:00;1977.51;2023.70;1968.11;2005.92;30.88;15.74;20.34;41.26;29.40;2.126;SOFT_UP;1;64.6;2;0
2026.03.01 12:00;1982.69;1987.40;1975.64;1977.51;33.67;8.12;23.47;24.61;21.13;0.680;NEUTRE;0;36.1;1;0
2026.03.01 11:00;1984.21;1989.00;1981.41;1982.69;31.37;9.37;19.54;22.34;19.41;0.943;NEUTRE;0;47.8;2;0
2026.03.01 10:00;1980.26;1992.46;1971.98;1984.21;30.79;10.81;22.54;16.45;18.63;1.021;NEUTRE;0;52.8;2;0
2026.03.01 09:00;1985.53;1995.06;1975.22;1980.26;30.11;12.47;23.58;19.44;27.13;0.820;NEUTRE;0;49.6;2;0
2026.03.01 08:00;2006.81;2009.68;1980.70;1985.83;30.01;14.39;22.95;20.00;37.91;1.103;NEUTRE;0;60.6;2;0
2026.03.01 07:00;1998.08;2008.78;1992.61;2006.81;31.09;16.60;20.16;41.96;54.15;2.171;SOFT_UP;1;75.9;3;0
2026.03.01 06:00;2010.80;2012.27;1988.57;1998.08;34.39;19.16;23.26;51.78;65.73;1.727;NEUTRE;0;74.9;3;0
2026.03.01 05:00;2015.30;2022.49;2009.34;2010.80;38.19;22.11;13.36;68.70;76.46;2.375;SOFT_UP;1;80.7;3;0
2026.03.01 04:00;2022.60;2029.31;1998.34;2015.30;40.27;25.51;15.42;76.72;81.37;2.604;SOFT_UP;1;83.2;3;0
2026.03.01 03:00;2032.57;2038.80;2016.69;2022.60;42.68;29.43;8.67;83.97;82.27;2.975;SOFT_UP;1;85.5;3;0
2026.03.01 02:00;2011.99;2054.14;2008.12;2032.57;40.86;33.96;10.01;83.43;78.61;3.483;SOFT_UP;1;87.4;3;0
2026.03.01 01:00;1962.29;2022.11;1943.57;2011.99;38.76;28.48;11.55;79.40;76.71;2.435;SOFT_UP;1;;;0
2026.03.01 00:00;1964.16;1968.83;1954.29;1962.29;38.22;22.42;13.32;72.99;78.42;-0.095;NEUTRE;0;;;0
2026.02.28 23:00;1965.13;1969.56;1911.97;1964.16;40.19;25.87;15.37;77.73;83.74;1.813;NEUTRE;0;45.4;2;0
2026.02.28 22:00;1957.34;1984.43;1955.37;1965.13;42.45;29.85;6.14;84.54;87.72;1.863;NEUTRE;0;47.5;2;0
2026.02.28 21:00;1965.55;1967.42;1944.94;1957.34;38.85;25.44;7.09;88.95;88.34;1.460;NEUTRE;0;41.8;1;0
2026.02.28 20:00;1946.57;1971.31;1938.27;1965.55;36.15;29.35;8.18;89.67;86.01;1.885;NEUTRE;0;50.5;2;0
2026.02.28 19:00;1935.55;1954.48;1920.07;1946.59;33.03;26.03;9.44;86.40;81.43;0.902;NEUTRE;0;31.4;1;0
2026.02.28 18:00;1906.50;1946.53;1900.92;1935.55;30.92;26.48;10.89;81.97;75.02;0.330;NEUTRE;0;13.3;0;0
2026.02.28 17:00;1903.50;1910.81;1886.82;1906.50;29.25;18.50;12.56;75.92;72.11;-1.176;NEUTRE;0;-41.7;-1;0
2026.02.28 16:00;1898.33;1909.61;1891.19;1903.50;30.81;21.35;11.70;67.19;71.18;-1.331;NEUTRE;0;-47;-2;0
2026.02.28 15:00;1887.36;1902.83;1873.53;1898.33;31.06;18.97;13.49;73.23;73.77;-1.599;NEUTRE;0;-53.9;-2;0
2026.02.28 14:00;1905.10;1915.45;1882.72;1887.36;33.24;21.89;10.75;73.10;65.39;-2.168;SOFT_DOWN;-1;-63.4;-2;0
2026.02.28 13:00;1868.22;1909.68;1864.88;1905.10;33.10;22.54;12.40;74.98;52.46;-1.248;NEUTRE;0;-51;-2;0
2026.02.28 12:00;1862.96;1873.88;1862.23;1868.22;33.73;13.72;14.31;48.08;35.56;-3.160;SOFT_DOWN;-1;-73.6;-3;0
2026.02.28 11:00;1864.63;1880.74;1861.35;1862.96;38.60;15.83;16.51;34.31;27.51;-3.433;SOFT_DOWN;-1;-76;-3;0
2026.02.28 10:00;1854.60;1867.58;1848.57;1864.63;44.21;7.82;19.05;24.30;22.42;-3.346;SOFT_DOWN;-1;-76.9;-3;0
2026.02.28 09:00;1851.92;1862.80;1844.64;1854.62;44.59;5.16;21.98;23.92;20.99;-3.865;STRONG_DOWN;-2;-79.8;-3;0
2026.02.28 08:00;1866.12;1868.05;1848.58;1851.92;41.92;5.95;22.02;19.03;18.20;-4.005;STRONG_DOWN;-2;-81.2;-3;0
2026.02.28 07:00;1841.88;1883.24;1834.96;1866.26;39.53;6.87;25.41;20.03;22.74;-3.261;SOFT_DOWN;-1;-80.5;-3;0
2026.02.28 06:00;1919.25;1919.56;1835.27;1841.83;36.77;7.93;29.22;15.54;37.82;-4.528;STRONG_DOWN;-2;-84.1;-3;0
2026.02.28 05:00;1924.56;1927.49;1914.42;1919.24;33.61;9.14;19.26;32.65;56.97;-0.515;NEUTRE;0;-53;-2;0
2026.02.28 04:00;1923.70;1930.64;1914.31;1924.56;33.30;10.55;22.23;65.28;74.21;-0.239;NEUTRE;0;-37.6;-1;0
2026.02.28 03:00;1929.80;1930.70;1920.18;1923.70;32.94;12.17;20.12;72.99;81.11;-0.284;NEUTRE;0;-50.6;-2;0
2026.02.28 02:00;1923.93;1931.92;1922.11;1929.80;34.23;14.05;20.39;84.37;85.36;0.032;NEUTRE;0;11.6;0;0
2026.02.28 01:00;1931.87;1935.58;1919.71;1923.93;36.66;16.21;23.53;85.97;82.35;-0.272;NEUTRE;0;;;0
2026.02.28 00:00;1929.18;1936.29;1923.84;1931.87;39.47;18.70;23.14;85.74;71.95;0.139;NEUTRE;0;;;0
2026.02.27 23:00;1920.61;1932.27;1919.17;1929.18;43.91;16.61;26.70;75.34;54.71;-4.841;STRONG_DOWN;-2;-69.8;-3;0
2026.02.27 22:00;1920.57;1926.83;1886.66;1920.61;47.08;12.78;30.81;54.76;37.99;-5.264;STRONG_DOWN;-2;-72;-3;0
2026.02.27 21:00;1922.62;1932.80;1916.58;1920.57;47.95;14.75;24.09;34.03;29.03;-5.266;STRONG_DOWN;-2;-72.8;-3;0
2026.02.27 20:00;1920.30;1926.07;1919.48;1922.42;51.63;10.63;27.80;25.19;25.39;-5.175;STRONG_DOWN;-2;-73.3;-3;0
2026.02.27 19:00;1917.15;1922.67;1911.47;1920.30;52.70;4.33;32.08;27.87;25.05;-5.279;STRONG_DOWN;-2;-74.4;-3;1
2026.02.27 18:00;1931.75;1932.50;1914.93;1917.15;49.08;5.00;32.26;23.12;18.76;-5.435;STRONG_DOWN;-2;-75.6;-3;1
2026.02.27 17:00;1926.67;1934.20;1907.09;1931.75;45.37;5.76;37.22;24.15;16.44;-4.715;STRONG_DOWN;-2;-74.4;-3;1
2026.02.27 16:00;1948.14;1948.45;1924.09;1926.70;41.09;6.65;33.30;9.02;12.94;-4.964;STRONG_DOWN;-2;-76;-3;1
2026.02.27 15:00;1942.61;1962.11;1940.07;1948.10;37.15;7.67;28.34;16.16;14.83;-3.908;STRONG_DOWN;-2;-73.4;-3;1
2026.02.27 14:00;1962.99;1963.97;1939.62;1942.75;34.04;8.85;32.70;13.64;12.18;-4.172;STRONG_DOWN;-2;-75.4;-3;1
2026.02.27 13:00;1959.70;1967.18;1939.39;1962.99;30.45;10.22;37.73;14.71;9.63;-3.174;SOFT_DOWN;-1;-72.4;-3;1
2026.02.27 12:00;1961.99;1968.57;1949.63;1959.72;26.30;11.79;37.86;8.20;8.01;-3.335;SOFT_DOWN;-1;-74.4;-3;1
2026.02.27 11:00;1980.46;1983.82;1953.14;1962.06;22.27;13.60;40.83;5.97;12.02;-3.220;SOFT_DOWN;-1;-75.1;-3;1
2026.02.27 10:00;2009.53;2013.23;1978.66;1980.46;18.00;15.69;34.32;9.86;20.54;-2.312;SOFT_DOWN;-1;-71.4;-3;1
2026.02.27 09:00;2033.33;2041.84;2008.38;2009.53;15.04;18.11;26.37;20.24;32.67;-0.878;NEUTRE;0;-51.5;-2;1
2026.02.27 08:00;2031.79;2045.04;2027.67;2033.33;14.50;20.90;21.56;31.52;45.35;0.296;NEUTRE;0;25.5;1;1
2026.02.27 07:00;2035.53;2040.74;2021.64;2031.79;16.49;20.30;24.88;46.24;59.12;0.220;NEUTRE;0;22;0;1
2026.02.27 06:00;2041.15;2042.30;2028.03;2035.53;17.47;23.42;23.56;58.30;68.76;0.404;NEUTRE;0;40.9;1;0
2026.02.27 05:00;2042.30;2048.86;2038.14;2041.15;20.11;27.03;16.28;72.81;74.03;0.682;NEUTRE;0;60.4;2;0
2026.02.27 04:00;2044.87;2063.24;2039.55;2042.30;19.39;31.19;16.76;75.18;66.04;0.738;NEUTRE;0;67.2;3;0
2026.02.27 03:00;2025.63;2049.14;2019.08;2044.87;17.74;26.83;19.34;74.12;56.68;0.865;NEUTRE;0;74.9;3;0
2026.02.27 02:00;2021.37;2034.18;2018.94;2025.63;17.98;23.30;22.32;48.81;53.15;-0.084;NEUTRE;0;-28.4;-1;0
2026.02.27 01:00;2014.13;2022.21;2000.56;2021.37;20.41;14.80;25.75;47.13;63.42;-0.294;NEUTRE;0;;;0
2026.02.27 00:00;2027.33;2030.25;2007.82;2014.13;19.40;17.08;24.56;63.51;74.51;-0.651;NEUTRE;0;;;0
2026.02.26 23:00;2032.85;2033.22;2023.71;2027.33;19.62;19.70;17.43;79.64;78.22;-1.446;NEUTRE;0;-39;-1;0
2026.02.26 22:00;2029.87;2037.11;2026.86;2032.85;21.70;22.74;15.02;80.38;69.39;-1.178;NEUTRE;0;-34.6;-1;0
2026.02.26 21:00;2023.12;2034.35;2017.75;2029.87;21.89;22.09;17.33;74.64;53.64;-1.323;NEUTRE;0;-39.1;-1;0
2026.02.26 20:00;2029.52;2041.65;2021.12;2023.12;23.40;25.49;16.87;53.16;33.51;-1.651;NEUTRE;0;-46.8;-2;0
2026.02.26 19:00;2003.68;2033.50;2003.13;2029.52;23.88;23.30;19.47;33.12;20.36;-1.340;NEUTRE;0;-42.3;-1;1
2026.02.26 18:00;1987.84;2008.78;1975.22;2003.68;26.17;14.37;22.47;14.25;16.04;-2.596;SOFT_DOWN;-1;-61.7;-2;1
2026.02.26 17:00;1983.38;1998.45;1981.72;1987.84;26.81;11.84;25.92;13.72;22.86;-3.366;SOFT_DOWN;-1;-68.6;-3;1
2026.02.26 16:00;2032.99;2037.54;1978.47;1983.36;25.20;13.66;29.91;20.16;33.49;-3.584;SOFT_DOWN;-1;-70.9;-3;1
2026.02.26 15:00;2050.51;2052.50;2011.05;2032.99;23.34;15.77;26.03;34.72;42.26;-1.171;NEUTRE;0;-45.2;-2;1
2026.02.26 14:00;2064.62;2077.30;2034.26;2050.50;23.16;18.19;21.42;45.59;47.49;-0.320;NEUTRE;0;-16.4;0;1
2026.02.26 13:00;2069.40;2073.27;2060.54;2064.62;25.47;20.99;15.32;46.49;51.58;0.367;NEUTRE;0;20;0;1
2026.02.26 12:00;2056.80;2070.92;2054.71;2069.40;26.98;21.38;17.68;50.40;54.57;0.599;NEUTRE;0;32.7;1;1
2026.02.26 11:00;2064.84;2066.92;2052.99;2056.93;29.67;20.87;20.39;57.87;52.27;-0.007;NEUTRE;0;-0.5;0;1
2026.02.26 10:00;2074.50;2082.85;2061.70;2064.84;34.06;24.08;13.91;55.44;44.10;0.377;NEUTRE;0;25.9;1;1
2026.02.26 09:00;2053.95;2076.73;2052.33;2074.50;35.18;23.34;16.05;43.51;40.94;0.847;NEUTRE;0;50.5;2;1
2026.02.26 08:00;2053.02;2058.50;2044.29;2053.95;37.75;15.43;18.52;33.36;48.42;-0.152;NEUTRE;0;-13.8;0;1
2026.02.26 07:00;2062.05;2067.74;2051.52;2053.02;42.15;17.81;13.54;45.95;57.06;-0.197;NEUTRE;0;-19.9;0;1
2026.02.26 06:00;2065.78;2075.75;2059.06;2062.05;46.55;20.54;8.48;65.94;55.75;0.242;NEUTRE;0;27.5;1;0
2026.02.26 05:00;2074.74;2075.15;2056.41;2065.78;47.31;23.15;9.78;59.30;42.23;0.423;NEUTRE;0;47.5;2;0
2026.02.26 04:00;2054.13;2082.28;2051.45;2074.74;48.34;26.71;11.28;42.02;30.10;0.858;NEUTRE;0;70.1;3;0
2026.02.26 03:00;2052.68;2058.96;2046.82;2054.13;49.54;19.19;13.02;25.39;23.44;-0.143;NEUTRE;0;-31.6;-1;0
2026.02.26 02:00;2058.07;2058.81;2038.96;2052.68;54.21;21.95;15.02;22.90;23.09;-0.214;NEUTRE;0;-54;-2;0
2026.02.26 01:00;2061.87;2066.62;2049.30;2058.07;59.67;25.33;9.32;22.02;26.90;0.048;NEUTRE;0;;;0
2026.02.26 00:00;2057.08;2076.26;2047.30;2061.87;61.74;29.22;10.76;24.35;37.76;0.233;NEUTRE;0;;;0
2026.02.25 23:00;2083.22;2086.90;2033.97;2057.08;64.14;33.72;12.41;34.32;54.52;11.100;EXPLOSIVE_UP;3;80.9;3;0
2026.02.25 22:00;2100.20;2115.39;2073.63;2083.22;66.90;38.90;2.79;54.61;72.79;12.512;EXPLOSIVE_UP;3;82.2;3;0
2026.02.25 21:00;2075.21;2147.66;2065.97;2100.20;63.87;44.89;3.22;74.62;84.77;13.429;SPIKE_UP;4;83.1;3;0
2026.02.25 20:00;2070.84;2083.77;2057.98;2075.33;60.37;39.76;3.72;89.14;91.21;12.086;EXPLOSIVE_UP;3;82.7;3;0
2026.02.25 19:00;2073.87;2074.84;2060.01;2070.84;56.90;40.55;4.29;90.55;92.47;11.844;EXPLOSIVE_UP;3;82.9;3;1
2026.02.25 18:00;2073.64;2080.81;2056.72;2073.88;53.22;46.79;4.95;93.95;93.66;12.008;EXPLOSIVE_UP;3;83.4;3;1
2026.02.25 17:00;2046.15;2083.86;2044.03;2073.64;48.96;53.99;5.71;92.91;92.21;11.995;EXPLOSIVE_UP;3;83.7;3;1
2026.02.25 16:00;2013.22;2048.95;2013.10;2046.10;44.05;48.81;6.59;94.12;91.86;10.507;EXPLOSIVE_UP;3;83.3;3;1
2026.02.25 15:00;1997.26;2027.07;1986.35;2013.28;39.11;46.93;7.60;89.61;90.69;8.735;EXPLOSIVE_UP;3;82.4;3;1
2026.02.25 14:00;1964.12;2000.60;1961.91;1997.26;34.03;44.15;8.77;91.86;90.88;7.870;EXPLOSIVE_UP;3;82.1;3;1
2026.02.25 13:00;1952.88;1976.29;1951.90;1964.12;28.98;41.28;10.12;90.60;89.83;6.080;STRONG_UP;2;80.6;3;1
2026.02.25 12:00;1925.76;1955.99;1921.68;1952.88;24.11;34.83;11.68;90.19;88.28;5.473;STRONG_UP;2;80.3;3;1
2026.02.25 11:00;1912.07;1927.64;1907.52;1925.85;20.17;27.47;13.48;88.71;81.63;4.013;STRONG_UP;2;78;3;1
2026.02.25 10:00;1914.69;1922.14;1909.78;1912.07;18.01;27.49;15.55;85.93;64.45;3.269;SOFT_UP;1;76.6;3;1
2026.02.25 09:00;1909.75;1917.02;1907.02;1914.69;16.51;25.35;17.94;70.24;45.55;3.410;SOFT_UP;1;78.4;3;1
2026.02.25 08:00;1892.70;1912.99;1889.62;1909.75;16.42;23.05;20.71;37.16;35.68;3.143;SOFT_UP;1;78.8;3;1
2026.02.25 07:00;1884.47;1894.86;1881.78;1892.70;18.13;14.66;23.89;29.26;41.43;2.222;SOFT_UP;1;76.3;3;1
2026.02.25 06:00;1887.28;1895.58;1884.21;1884.47;17.23;16.92;24.71;40.62;53.83;1.778;NEUTRE;0;75.3;3;0
2026.02.25 05:00;1905.62;1907.73;1877.51;1887.28;17.00;19.52;28.51;54.42;65.56;1.930;SOFT_UP;1;78.6;3;0
2026.02.25 04:00;1905.43;1913.67;1894.36;1905.62;16.74;22.52;24.32;66.44;73.82;2.920;SOFT_UP;1;83.9;3;0
2026.02.25 03:00;1920.45;1922.29;1902.85;1905.43;18.72;25.99;21.29;75.83;76.39;2.910;SOFT_UP;1;85.4;3;0
2026.02.25 02:00;1917.85;1942.95;1917.66;1920.45;20.08;29.99;12.85;79.19;67.97;3.721;STRONG_UP;2;87.6;3;0
2026.02.25 01:00;1851.49;1923.55;1849.98;1917.87;17.01;22.80;14.83;74.15;59.36;3.582;SOFT_UP;1;;;0
2026.02.25 00:00;1851.55;1856.35;1846.26;1851.49;16.37;12.25;17.11;50.56;57.20;-0.003;NEUTRE;0;;;0
2026.02.24 23:00;1860.15;1860.17;1851.11;1851.55;16.34;14.14;12.34;53.38;61.47;-0.168;NEUTRE;0;-5.4;0;0
2026.02.24 22:00;1853.59;1863.60;1852.41;1860.15;17.82;16.31;12.04;67.65;69.09;0.296;NEUTRE;0;9.8;0;0
2026.02.24 21:00;1858.15;1858.15;1845.11;1853.59;18.24;11.33;13.89;63.37;73.06;-0.058;NEUTRE;0;-2;0;0
2026.02.24 20:00;1852.01;1861.92;1848.92;1858.26;19.48;13.07;11.57;76.25;80.38;0.194;NEUTRE;0;7.1;0;0
2026.02.24 19:00;1854.52;1862.25;1846.54;1852.01;21.54;15.08;13.34;79.55;84.53;-0.143;NEUTRE;0;-5.5;0;1
2026.02.24 18:00;1854.87;1859.99;1844.73;1854.52;23.91;15.19;15.40;85.35;86.48;-0.008;NEUTRE;0;-0.3;0;1
2026.02.24 17:00;1855.89;1864.92;1848.99;1854.87;27.48;17.53;13.47;88.69;82.51;0.011;NEUTRE;0;0.5;0;1
2026.02.24 16:00;1847.06;1862.95;1837.70;1855.80;29.70;18.32;15.54;85.39;72.00;0.061;NEUTRE;0;2.8;0;1
2026.02.24 15:00;1834.28;1849.69;1827.97;1847.06;33.01;13.06;17.94;73.44;59.63;-0.410;NEUTRE;0;-19.4;0;1
2026.02.24 14:00;1814.98;1847.53;1802.90;1834.24;35.67;13.54;20.70;57.15;52.61;-1.101;NEUTRE;0;-45.4;-2;1
2026.02.24 13:00;1823.20;1826.80;1800.74;1814.98;37.94;8.47;23.88;48.30;51.53;-2.139;SOFT_DOWN;-1;-64.7;-2;1
2026.02.24 12:00;1825.87;1829.22;1820.25;1823.20;36.45;9.78;16.04;52.39;54.60;-1.696;NEUTRE;0;-61.2;-2;1
2026.02.24 11:00;1825.06;1826.61;1817.29;1825.87;38.33;6.81;18.50;53.89;54.44;-1.552;NEUTRE;0;-61.2;-2;1
2026.02.24 10:00;1825.77;1828.89;1819.75;1825.06;37.11;7.85;17.29;57.52;49.02;-1.596;NEUTRE;0;-64.1;-2;1
2026.02.24 09:00;1830.01;1833.08;1813.65;1825.77;37.05;9.06;19.95;51.92;38.54;-1.558;NEUTRE;0;-65.8;-3;1
2026.02.24 08:00;1824.01;1834.76;1817.06;1830.01;36.97;10.45;20.32;37.62;29.90;-1.329;NEUTRE;0;-65;-2;1
2026.02.24 07:00;1819.22;1830.30;1813.65;1824.01;37.73;8.19;23.44;26.07;27.71;-1.653;NEUTRE;0;-71.8;-3;1
2026.02.24 06:00;1824.56;1829.64;1816.34;1819.22;36.12;9.45;24.56;26.00;32.59;-1.911;SOFT_DOWN;-1;-76.3;-3;0
2026.02.24 05:00;1829.14;1838.61;1812.67;1824.56;34.83;10.90;28.34;31.07;39.41;-1.623;NEUTRE;0;-76.6;-3;0
2026.02.24 04:00;1830.29;1832.19;1812.36;1829.14;33.35;8.77;32.70;40.71;48.66;-1.376;NEUTRE;0;-77.3;-3;0
2026.02.24 03:00;1841.83;1841.83;1821.74;1830.29;29.61;10.12;30.46;46.45;54.20;-1.314;NEUTRE;0;-80;-3;0
2026.02.24 02:00;1839.21;1852.76;1835.44;1841.83;26.45;11.67;24.65;58.83;58.50;-0.692;NEUTRE;0;-77.4;-3;0
2026.02.24 01:00;1866.32;1866.40;1810.21;1839.20;25.02;13.47;28.45;57.32;54.95;-0.834;NEUTRE;0;;;0
2026.02.24 00:00;1854.66;1867.98;1853.80;1866.32;23.38;15.54;20.89;59.36;50.61;0.629;NEUTRE;0;;;0
2026.02.23 23:00;1858.39;1865.22;1849.46;1854.66;24.72;14.94;24.10;48.19;43.00;-5.180;STRONG_DOWN;-2;-71;-3;0
2026.02.23 22:00;1862.09;1868.18;1858.05;1858.39;24.91;17.24;19.42;44.29;36.24;-4.989;STRONG_DOWN;-2;-71.1;-3;0
2026.02.23 21:00;1859.29;1867.76;1857.07;1862.09;27.82;19.25;22.41;36.51;29.94;-4.800;STRONG_DOWN;-2;-71.2;-3;0
2026.02.23 20:00;1855.93;1860.94;1845.20;1859.30;30.94;12.40;25.86;27.92;24.73;-4.942;STRONG_DOWN;-2;-72.6;-3;0
2026.02.23 19:00;1856.61;1863.49;1846.07;1855.93;30.29;14.31;28.99;25.38;20.97;-5.115;STRONG_DOWN;-2;-73.9;-3;1
2026.02.23 18:00;1862.59;1872.98;1853.89;1856.61;29.73;16.51;26.54;20.88;16.83;-5.080;STRONG_DOWN;-2;-74.6;-3;1
2026.02.23 17:00;1883.35;1886.18;1836.19;1862.59;30.72;19.05;30.62;16.66;23.33;-4.774;STRONG_DOWN;-2;-74.5;-3;1
2026.02.23 16:00;1894.07;1898.85;1879.79;1883.35;31.86;21.98;21.91;12.97;39.70;-3.713;STRONG_DOWN;-2;-71.5;-3;1
2026.02.23 15:00;1905.55;1911.82;1891.35;1894.07;36.74;25.36;15.96;40.36;61.51;-3.165;SOFT_DOWN;-1;-69.8;-3;1
2026.02.23 14:00;1920.90;1924.50;1893.85;1905.53;38.89;29.26;16.53;65.78;74.48;-2.579;SOFT_DOWN;-1;-67.2;-3;1
2026.02.23 13:00;1918.80;1934.50;1917.74;1920.90;40.59;33.76;7.08;78.40;80.62;-1.793;NEUTRE;0;-60.6;-2;1
2026.02.23 12:00;1914.02;1925.35;1904.73;1918.80;36.79;30.56;8.17;79.26;82.73;-1.900;SOFT_DOWN;-1;-63.9;-2;1
2026.02.23 11:00;1912.69;1919.23;1909.89;1914.02;33.56;30.69;9.43;84.19;86.19;-2.145;SOFT_DOWN;-1;-68.3;-3;1
2026.02.23 10:00;1916.59;1926.71;1910.95;1912.69;30.57;35.41;9.14;84.73;86.26;-2.213;SOFT_DOWN;-1;-70.7;-3;1
2026.02.23 09:00;1879.12;1917.46;1879.12;1916.59;26.20;31.83;10.54;89.67;75.51;-2.013;SOFT_DOWN;-1;-70.9;-3;1
2026.02.23 08:00;1884.00;1888.45;1875.23;1879.12;22.50;25.09;12.16;84.40;54.27;-3.929;STRONG_DOWN;-2;-81;-3;1
2026.02.23 07:00;1878.14;1887.11;1875.46;1884.00;20.62;27.39;14.03;52.48;30.99;-3.680;SOFT_DOWN;-1;-81.6;-3;1
2026.02.23 06:00;1864.48;1881.51;1862.71;1878.13;18.83;24.21;16.19;25.94;17.62;-3.980;STRONG_DOWN;-2;-83.3;-3;0
2026.02.23 05:00;1858.67;1869.20;1858.51;1864.48;18.68;17.86;18.68;14.55;12.74;-4.677;STRONG_DOWN;-2;-85.3;-3;0
2026.02.23 04:00;1861.43;1863.47;1852.83;1858.67;21.20;12.36;21.56;12.35;11.03;-4.975;STRONG_DOWN;-2;-86.4;-3;0
2026.02.23 03:00;1861.74;1869.67;1854.50;1861.43;20.29;14.26;22.46;11.30;12.36;-4.833;STRONG_DOWN;-2;-87.2;-3;0
2026.02.23 02:00;1855.43;1867.21;1850.03;1861.73;19.98;13.96;25.91;9.42;25.56;-4.818;STRONG_DOWN;-2;-88.2;-3;0
2026.02.23 01:00;1927.62;1927.65;1846.83;1855.47;18.44;16.10;29.90;16.36;50.98;-5.138;STRONG_DOWN;-2;;;0
2026.02.23 00:00;1955.97;1956.51;1926.91;1927.61;16.66;18.58;19.26;50.90;67.90;-1.450;NEUTRE;0;;;0
2026.02.22 23:00;1956.85;1959.30;1946.59;1955.97;18.95;21.44;11.99;85.69;66.73;-0.803;NEUTRE;0;-24.2;0;0
2026.02.22 22:00;1948.56;1958.97;1944.78;1956.85;17.51;24.34;13.84;67.11;49.22;-0.759;NEUTRE;0;-24;0;0
2026.02.22 21:00;1939.28;1950.39;1939.02;1948.56;15.98;18.78;15.97;47.39;35.86;-1.179;NEUTRE;0;-35.9;-1;0
2026.02.22 20:00;1942.02;1944.04;1938.15;1939.28;17.19;13.08;18.42;33.16;27.87;-1.650;NEUTRE;0;-46.7;-2;0
2026.02.22 19:00;1941.31;1944.04;1938.70;1942.02;17.22;15.09;19.82;27.02;24.28;-1.511;NEUTRE;0;-45.7;-2;0
2026.02.22 18:00;1938.67;1942.51;1936.87;1941.31;17.79;13.01;22.87;23.42;22.86;-1.547;NEUTRE;0;-47.9;-2;0
2026.02.22 17:00;1950.89;1951.96;1933.36;1938.65;16.30;15.01;26.39;22.41;21.61;-1.682;NEUTRE;0;-51.9;-2;0
2026.02.22 16:00;1952.32;1953.90;1946.09;1950.89;14.57;17.32;19.92;22.74;19.91;-1.061;NEUTRE;0;-40.5;-1;0
2026.02.22 15:00;1948.79;1957.06;1944.21;1952.32;15.74;19.98;22.98;19.70;21.71;-0.988;NEUTRE;0;-40.3;-1;0
2026.02.22 14:00;1949.32;1952.66;1941.77;1948.79;17.09;17.79;26.52;17.29;31.84;-1.167;NEUTRE;0;-47;-2;0
2026.02.22 13:00;1964.63;1967.00;1943.89;1949.32;16.69;20.52;27.60;28.16;50.24;-1.141;NEUTRE;0;-48.5;-2;0
2026.02.22 12:00;1979.09;1979.89;1960.05;1964.63;16.99;23.68;21.09;50.08;59.14;-0.364;NEUTRE;0;-21.3;0;0
2026.02.22 11:00;1975.93;1981.40;1975.93;1979.09;18.72;27.33;12.02;72.47;60.94;0.369;NEUTRE;0;23.4;0;0
2026.02.22 10:00;1974.14;1978.28;1973.33;1975.93;15.61;22.75;13.87;54.87;55.26;0.209;NEUTRE;0;15.1;0;0
2026.02.22 09:00;1971.79;1974.63;1970.11;1974.14;14.28;14.91;16.00;55.47;56.30;0.118;NEUTRE;0;9.6;0;0
2026.02.22 08:00;1974.36;1975.56;1969.05;1971.79;15.93;17.20;18.47;55.43;54.07;-0.001;NEUTRE;0;-0.1;0;0
2026.02.22 07:00;1974.52;1977.30;1972.93;1974.36;17.84;19.85;12.14;58.00;50.83;0.129;NEUTRE;0;13.4;0;0
2026.02.22 06:00;1973.29;1977.84;1972.62;1974.52;16.88;22.91;14.00;48.78;44.55;0.137;NEUTRE;0;16.4;0;0
2026.02.22 05:00;1972.03;1973.43;1969.33;1973.29;15.76;13.43;16.16;45.70;43.82;0.075;NEUTRE;0;10.9;0;0
2026.02.22 04:00;1973.09;1974.52;1969.41;1972.03;16.77;15.50;18.34;39.18;40.52;0.011;NEUTRE;0;2;0;0
2026.02.22 03:00;1970.64;1974.57;1965.71;1973.09;18.06;17.88;21.17;46.59;36.91;0.065;NEUTRE;0;15.6;0;0
2026.02.22 02:00;1975.78;1981.23;1970.57;1970.64;19.54;20.63;15.98;35.78;26.98;-0.059;NEUTRE;0;-20.8;0;0
2026.02.22 01:00;1971.29;1978.19;1970.98;1975.78;20.59;19.42;18.44;28.36;23.51;0.201;NEUTRE;0;;;0
2026.02.22 00:00;1971.81;1973.76;1966.32;1971.29;23.36;12.96;21.28;16.79;21.50;-0.026;NEUTRE;0;;;0
2026.02.21 23:00;1972.81;1976.23;1969.60;1971.81;23.22;14.95;17.77;25.38;28.16;0.241;NEUTRE;0;7.7;0;0
2026.02.21 22:00;1980.54;1981.27;1970.42;1972.81;25.46;17.25;18.60;22.33;35.41;0.292;NEUTRE;0;9.7;0;0
2026.02.21 21:00;1972.65;1980.95;1968.78;1980.54;28.80;19.45;21.47;36.76;52.22;0.685;NEUTRE;0;22.8;0;0
2026.02.21 20:00;1986.84;1988.83;1972.51;1972.65;32.47;22.44;20.05;47.13;64.15;0.284;NEUTRE;0;10.4;0;0
2026.02.21 19:00;1990.45;1992.89;1986.30;1986.84;36.60;25.89;10.14;72.77;71.71;1.005;NEUTRE;0;34.3;1;0
2026.02.21 18:00;1987.33;1993.80;1986.23;1990.45;35.51;29.88;11.70;72.56;70.45;1.189;NEUTRE;0;40.4;1;0
2026.02.21 17:00;1984.67;1990.39;1982.54;1987.33;34.24;27.54;13.50;69.81;69.33;1.030;NEUTRE;0;38;1;0
2026.02.21 16:00;1986.37;1987.94;1974.69;1984.68;34.24;26.98;15.57;68.97;66.87;0.895;NEUTRE;0;35.8;1;0
2026.02.21 15:00;1985.73;1991.24;1982.43;1986.37;35.39;31.13;8.98;69.21;63.59;0.981;NEUTRE;0;40.1;1;0
2026.02.21 14:00;1979.41;1993.60;1976.93;1985.73;32.34;35.92;10.37;62.41;61.41;0.949;NEUTRE;0;41.1;1;0
2026.02.21 13:00;1974.33;1979.60;1970.94;1979.41;28.82;28.52;11.96;59.14;62.47;0.627;NEUTRE;0;31.9;1;0
2026.02.21 12:00;1975.33;1976.60;1967.80;1974.33;26.96;27.58;13.80;62.69;67.61;0.369;NEUTRE;0;21.6;0;0
2026.02.21 11:00;1972.58;1986.74;1972.26;1975.33;25.99;31.82;8.13;65.57;70.04;0.420;NEUTRE;0;26.2;1;0
2026.02.21 10:00;1968.56;1973.35;1968.26;1972.58;20.86;22.49;9.38;74.58;69.13;0.280;NEUTRE;0;19.8;0;0
2026.02.21 09:00;1967.37;1975.89;1965.48;1968.56;17.74;25.95;10.82;69.98;60.27;0.076;NEUTRE;0;6.2;0;0
2026.02.21 08:00;1961.06;1969.59;1960.34;1967.37;14.13;20.64;12.48;62.82;51.04;0.015;NEUTRE;0;1.4;0;0
2026.02.21 07:00;1959.71;1963.22;1958.16;1961.06;12.52;13.22;14.40;48.01;41.70;-0.306;NEUTRE;0;-29.4;-1;0
2026.02.21 06:00;1961.05;1964.44;1958.91;1959.71;13.78;15.25;14.34;42.28;35.85;-0.374;NEUTRE;0;-38.8;-1;0
2026.02.21 05:00;1960.72;1962.69;1959.61;1961.05;15.43;12.73;16.55;34.80;30.96;-0.306;NEUTRE;0;-38.3;-1;0
2026.02.21 04:00;1957.34;1961.70;1954.45;1960.72;15.80;9.74;19.09;30.47;28.37;-0.323;NEUTRE;0;-46.1;-2;0
2026.02.21 03:00;1963.88;1963.88;1954.24;1957.34;13.24;11.24;22.03;27.62;28.59;-0.495;NEUTRE;0;-64.8;-2;0
2026.02.21 02:00;1964.65;1969.03;1963.13;1963.88;10.29;12.97;11.23;27.03;32.38;-0.162;NEUTRE;0;-46.2;-2;0
2026.02.21 01:00;1961.52;1967.44;1961.20;1964.60;10.76;10.82;12.96;31.13;45.64;-0.126;NEUTRE;0;;;0
2026.02.21 00:00;1967.07;1967.66;1959.63;1961.52;11.04;12.48;14.95;38.99;60.03;-0.282;NEUTRE;0;;;0
2026.02.20 23:00;1969.72;1971.76;1961.64;1967.07;11.35;14.40;13.40;66.80;71.43;1.019;NEUTRE;0;29.7;1;0
2026.02.20 22:00;1972.71;1972.71;1962.59;1969.72;12.54;16.62;14.02;74.31;74.30;1.155;NEUTRE;0;34.1;1;0
2026.02.20 21:00;1969.35;1973.64;1965.40;1972.71;13.16;19.17;11.90;73.17;74.72;1.309;NEUTRE;0;38.8;1;0
2026.02.20 20:00;1961.97;1969.67;1959.99;1969.36;11.59;14.71;13.73;75.41;77.33;1.136;NEUTRE;0;36.2;1;0
2026.02.20 19:00;1974.17;1976.95;1959.90;1961.97;12.84;16.97;15.84;75.57;77.45;0.757;NEUTRE;0;27.2;1;1
2026.02.20 18:00;1965.04;1979.67;1958.36;1974.19;14.29;19.58;18.28;80.99;73.91;1.385;NEUTRE;0;44.7;1;1
2026.02.20 17:00;1967.11;1969.56;1937.34;1965.04;15.96;15.30;21.09;75.79;62.25;0.915;NEUTRE;0;34.7;1;1
2026.02.20 16:00;1962.61;1971.70;1952.15;1967.11;15.96;17.65;17.27;64.96;47.18;1.021;NEUTRE;0;39.4;1;1
2026.02.20 15:00;1941.92;1978.86;1933.98;1962.61;18.25;20.37;19.92;46.01;32.37;0.790;NEUTRE;0;34.2;1;1
2026.02.20 14:00;1932.54;1952.87;1931.48;1941.91;20.89;14.59;22.99;30.58;24.60;-0.273;NEUTRE;0;-14.1;0;1
2026.02.20 13:00;1948.09;1948.16;1921.27;1932.54;20.66;13.45;26.53;20.53;29.83;-0.754;NEUTRE;0;-36.8;-1;1
2026.02.20 12:00;1942.21;1950.15;1940.59;1948.09;18.81;15.52;19.55;22.69;46.41;0.044;NEUTRE;0;2.7;0;1
2026.02.20 11:00;1955.78;1955.79;1938.72;1942.21;19.93;17.90;22.56;46.27;66.06;-0.258;NEUTRE;0;-16.8;0;1
2026.02.20 10:00;1966.46;1972.08;1954.84;1955.78;21.22;20.66;11.50;70.28;76.80;0.439;NEUTRE;0;29.5;1;1
2026.02.20 09:00;1958.26;1970.25;1958.15;1966.46;20.11;23.84;10.32;81.62;78.91;0.988;NEUTRE;0;54.7;2;1
2026.02.20 08:00;1959.16;1964.65;1955.52;1958.26;17.12;20.38;11.91;78.50;71.20;0.566;NEUTRE;0;42.3;1;1
2026.02.20 07:00;1956.92;1966.86;1955.29;1959.14;15.71;23.52;13.74;76.61;61.72;0.612;NEUTRE;0;48.4;2;1
2026.02.20 06:00;1953.82;1958.45;1948.05;1956.92;14.09;15.96;15.85;58.48;49.71;0.498;NEUTRE;0;46.9;2;0
2026.02.20 05:00;1937.67;1963.73;1934.65;1953.82;16.20;18.41;18.29;50.07;48.58;0.338;NEUTRE;0;41.1;1;0
2026.02.20 04:00;1953.12;1954.42;1929.95;1937.67;18.65;16.32;21.11;40.57;52.57;-0.491;NEUTRE;0;-57.7;-2;0
2026.02.20 03:00;1947.77;1958.68;1947.77;1953.10;19.55;18.83;13.15;55.11;63.77;0.301;NEUTRE;0;52.3;2;0
2026.02.20 02:00;1951.91;1954.79;1946.28;1947.80;19.82;16.24;15.17;62.02;71.62;0.029;NEUTRE;0;10.6;0;0
2026.02.20 01:00;1955.64;1959.86;1948.17;1951.82;22.35;18.74;14.09;74.18;78.86;0.236;NEUTRE;0;;;0
2026.02.20 00:00;1947.23;1962.52;1945.44;1955.63;23.61;21.62;16.26;78.68;83.38;0.431;NEUTRE;0;;;0
2026.02.19 23:00;1942.15;1949.52;1940.39;1947.23;25.06;13.24;18.76;83.74;87.24;-0.349;NEUTRE;0;-11.1;0;0
2026.02.19 22:00;1946.62;1947.10;1934.78;1942.15;26.27;11.19;21.64;87.73;88.36;-0.608;NEUTRE;0;-19.6;0;0
2026.02.19 21:00;1948.18;1950.92;1943.76;1946.62;25.41;12.92;13.76;90.25;81.15;-0.380;NEUTRE;0;-13.1;0;0
2026.02.19 20:00;1939.66;1950.41;1932.93;1948.33;28.83;13.81;15.87;87.09;66.82;-0.292;NEUTRE;0;-10.7;0;0
2026.02.19 19:00;1938.13;1945.79;1925.84;1939.66;32.20;11.87;18.32;66.11;47.97;-0.736;NEUTRE;0;-26.5;-1;1
2026.02.19 18:00;1918.87;1942.78;1914.85;1938.13;33.86;11.37;21.14;47.26;37.56;-0.814;NEUTRE;0;-30.2;-1;1
2026.02.19 17:00;1920.30;1942.66;1908.99;1918.87;34.45;13.05;24.39;30.56;31.07;-1.800;NEUTRE;0;-53.8;-2;1
2026.02.19 16:00;1924.45;1928.15;1904.93;1920.30;35.09;8.43;28.14;34.88;28.53;-1.727;NEUTRE;0;-54.3;-2;1
2026.02.19 15:00;1935.48;1945.79;1911.67;1924.45;32.20;9.73;28.00;27.79;19.78;-1.514;NEUTRE;0;-52.4;-2;1
2026.02.19 14:00;1919.43;1946.42;1911.02;1935.43;29.71;11.22;32.31;22.92;12.00;-0.952;NEUTRE;0;-41.2;-1;1
2026.02.19 13:00;1945.36;1946.21;1910.04;1919.50;26.82;12.86;37.28;8.64;5.91;-1.768;NEUTRE;0;-60.3;-2;1
2026.02.19 12:00;1947.41;1954.23;1942.91;1945.36;23.46;14.84;29.03;4.45;7.34;-0.444;NEUTRE;0;-25.5;-1;1
2026.02.19 11:00;1957.65;1962.33;1946.78;1947.41;22.09;17.12;28.24;4.65;18.18;-0.339;NEUTRE;0;-21.7;0;1
2026.02.19 10:00;1961.79;1966.64;1956.00;1957.65;21.72;19.76;23.47;12.92;38.29;0.185;NEUTRE;0;13.4;0;1
2026.02.19 09:00;1968.73;1978.42;1959.67;1961.79;23.74;22.79;21.77;36.97;59.49;0.397;NEUTRE;0;29.6;1;1
2026.02.19 08:00;1979.89;1980.69;1964.29;1968.73;27.03;26.30;21.33;64.97;71.38;0.752;NEUTRE;0;50.5;2;1
2026.02.19 07:00;1981.38;1985.68;1977.12;1979.89;29.59;30.35;12.57;76.53;74.83;1.323;NEUTRE;0;67.7;3;1
2026.02.19 06:00;1968.51;1983.38;1968.15;1981.38;27.77;30.88;14.51;72.63;76.38;1.399;NEUTRE;0;71.6;3;0
2026.02.19 05:00;1967.67;1970.81;1962.28;1968.51;26.49;22.94;16.74;75.33;80.61;0.741;NEUTRE;0;62.4;2;0
2026.02.19 04:00;1970.53;1977.13;1967.39;1967.67;28.16;26.47;10.10;81.17;82.81;0.698;NEUTRE;0;66;3;0
2026.02.19 03:00;1966.17;1971.41;1961.11;1970.53;25.60;21.50;11.65;85.31;83.51;0.844;NEUTRE;0;74.6;3;0
2026.02.19 02:00;1965.13;1971.20;1960.73;1966.17;24.97;24.50;13.44;81.94;77.16;0.621;NEUTRE;0;76;3;0
2026.02.19 01:00;1954.63;1972.33;1954.43;1965.13;24.33;28.26;15.51;83.27;65.83;0.568;NEUTRE;0;;;0
2026.02.19 00:00;1954.04;1959.15;1949.12;1954.63;23.59;21.29;17.90;66.27;48.72;0.030;NEUTRE;0;;;0
2026.02.18 23:00;1946.12;1954.76;1942.45;1954.04;25.89;17.83;20.65;47.94;34.55;-1.799;NEUTRE;0;-45.2;-2;0
2026.02.18 22:00;1939.90;1948.16;1937.71;1946.12;28.74;12.32;23.83;31.96;24.28;-2.197;SOFT_DOWN;-1;-52.1;-2;0
2026.02.18 21:00;1937.64;1946.28;1933.60;1939.90;28.27;11.45;27.49;23.75;20.29;-2.510;SOFT_DOWN;-1;-57;-2;0
2026.02.18 20:00;1938.99;1950.82;1933.51;1937.64;26.28;13.21;31.72;17.13;20.28;-2.623;SOFT_DOWN;-1;-59.4;-2;0
2026.02.18 19:00;1950.26;1959.37;1921.80;1938.95;23.98;15.24;36.60;19.98;28.20;-2.557;SOFT_DOWN;-1;-60;-2;1
2026.02.18 18:00;1972.46;1975.81;1947.10;1950.51;21.33;17.59;31.87;23.73;34.63;-1.977;SOFT_DOWN;-1;-54.7;-2;1
2026.02.18 17:00;1969.71;1985.95;1968.82;1972.42;20.17;20.29;25.14;40.90;37.93;-0.875;NEUTRE;0;-33.5;-1;1
2026.02.18 16:00;1983.42;1983.81;1962.80;1969.71;21.63;21.49;29.01;39.25;31.35;-1.012;NEUTRE;0;-39.2;-1;1
2026.02.18 15:00;1972.72;2008.61;1971.69;1983.42;22.67;24.80;26.96;33.64;22.64;-0.323;NEUTRE;0;-15.5;0;1
2026.02.18 14:00;1968.85;1974.73;1952.05;1972.74;25.52;14.50;31.11;21.16;14.82;-0.859;NEUTRE;0;-38.3;-1;1
2026.02.18 13:00;1980.66;1989.91;1959.52;1968.85;23.84;16.73;30.83;13.11;14.05;-1.055;NEUTRE;0;-46.3;-2;1
2026.02.18 12:00;1979.55;1987.48;1969.79;1980.66;22.94;19.30;30.37;10.20;22.43;-0.461;NEUTRE;0;-26.3;-1;1
2026.02.18 11:00;1995.40;1996.41;1974.68;1979.55;23.05;22.27;30.79;18.84;40.34;-0.517;NEUTRE;0;-31.2;-1;1
2026.02.18 10:00;2014.85;2016.57;1993.46;1995.40;24.12;25.69;22.23;38.25;58.82;0.279;NEUTRE;0;19.8;0;1
2026.02.18 09:00;2018.99;2020.94;2014.09;2014.85;26.72;29.65;11.92;63.92;73.73;1.257;NEUTRE;0;60.9;2;1
2026.02.18 08:00;2016.30;2037.13;2015.42;2018.99;24.27;34.21;10.76;74.28;80.57;1.465;NEUTRE;0;67;3;1
2026.02.18 07:00;2000.34;2021.31;1994.72;2016.30;19.98;28.26;12.42;82.98;84.80;1.330;NEUTRE;0;67.8;3;1
2026.02.18 06:00;1994.40;2006.31;1993.45;2000.34;17.06;23.93;14.33;84.44;82.87;0.528;NEUTRE;0;48.6;2;0
2026.02.18 05:00;1997.55;2000.74;1994.07;1994.40;15.83;20.94;16.53;86.97;73.08;0.229;NEUTRE;0;30.5;1;0
2026.02.18 04:00;1994.96;2000.71;1991.45;1997.55;16.45;24.10;19.08;77.19;54.24;0.387;NEUTRE;0;51.3;2;0
2026.02.18 03:00;1985.72;1998.55;1984.75;1994.96;17.19;24.22;22.01;55.09;33.70;0.257;NEUTRE;0;47.8;2;0
2026.02.18 02:00;1975.86;1990.98;1975.31;1985.72;19.10;19.50;25.40;30.44;26.83;-0.207;NEUTRE;0;-53.1;-2;0
2026.02.18 01:00;1979.45;1982.15;1966.51;1975.86;20.02;13.83;29.30;15.56;35.61;-0.703;NEUTRE;0;;;0
2026.02.18 00:00;1989.84;1996.14;1979.27;1979.45;17.58;15.96;21.26;34.49;52.64;-0.522;NEUTRE;0;;;0
2026.02.17 23:00;1991.81;1996.58;1987.70;1989.84;18.10;18.42;16.84;56.77;65.24;-0.323;NEUTRE;0;-10.3;0;0
2026.02.17 22:00;1997.77;2002.23;1990.80;1991.81;20.19;21.25;14.06;66.67;71.44;-0.224;NEUTRE;0;-7.5;0;0
2026.02.17 21:00;1992.81;2000.96;1990.44;1997.77;20.17;22.81;16.23;72.26;70.99;0.074;NEUTRE;0;2.6;0;0
2026.02.17 20:00;1996.22;1999.56;1985.86;1992.81;20.68;24.27;18.72;75.38;66.37;-0.174;NEUTRE;0;-6.4;0;0
2026.02.17 19:00;1996.92;2014.00;1993.25;1996.22;21.88;28.01;13.31;65.33;56.45;-0.004;NEUTRE;0;-0.2;0;1
2026.02.17 18:00;1964.34;2005.29;1959.58;1996.91;19.77;25.86;15.35;58.41;47.05;0.031;NEUTRE;0;1.3;0;1
2026.02.17 17:00;1978.39;1982.17;1951.79;1964.34;18.88;22.05;17.71;45.62;40.33;-1.600;NEUTRE;0;-50.5;-2;1
2026.02.17 16:00;1966.72;2008.69;1965.89;1978.36;20.11;25.45;13.30;37.11;36.12;-0.898;NEUTRE;0;-35.9;-1;1
2026.02.17 15:00;1946.22;1967.86;1939.40;1966.82;18.38;14.69;15.35;38.26;39.12;-1.476;NEUTRE;0;-51.7;-2;1
2026.02.17 14:00;1988.51;2000.99;1942.23;1946.22;20.87;16.95;16.18;32.99;34.28;-2.508;SOFT_DOWN;-1;-66.6;-3;1
2026.02.17 13:00;1967.70;1997.62;1962.26;1988.51;23.73;19.55;13.42;46.10;32.51;-0.390;NEUTRE;0;-21.1;0;1
2026.02.17 12:00;1966.41;1975.17;1964.91;1967.70;24.51;12.79;15.49;23.76;27.86;-1.432;NEUTRE;0;-57;-2;1
2026.02.17 11:00;1964.56;1970.21;1961.81;1966.41;26.82;7.32;17.87;27.68;35.71;-1.497;NEUTRE;0;-60.3;-2;1
2026.02.17 10:00;1973.91;1975.56;1959.16;1964.56;24.51;8.45;20.62;32.13;41.39;-1.589;NEUTRE;0;-64;-2;1
2026.02.17 09:00;1975.10;1978.07;1967.91;1973.91;21.84;9.75;15.58;47.33;43.92;-1.121;NEUTRE;0;-58.1;-2;1
2026.02.17 08:00;1984.01;1988.89;1971.88;1975.10;21.66;11.25;11.97;44.69;38.72;-1.061;NEUTRE;0;-59.7;-2;1
2026.02.17 07:00;1979.18;1986.45;1971.29;1984.01;24.52;10.78;13.81;39.74;32.44;-0.615;NEUTRE;0;-48.5;-2;1
2026.02.17 06:00;1973.60;1982.89;1973.53;1979.18;26.39;8.82;15.93;31.72;32.54;-0.857;NEUTRE;0;-61.5;-2;0
2026.02.17 05:00;1987.45;1988.90;1962.91;1973.60;26.03;10.18;18.38;25.85;35.12;-1.137;NEUTRE;0;-71.2;-3;0
2026.02.17 04:00;1983.60;1996.16;1980.15;1987.45;25.62;11.74;11.00;40.05;47.15;-0.443;NEUTRE;0;-55;-2;0
2026.02.17 03:00;1996.80;1997.24;1982.65;1983.60;29.06;13.55;10.30;39.47;57.04;-0.636;NEUTRE;0;-69.9;-3;0
2026.02.17 02:00;1989.72;2006.22;1977.97;1996.80;31.43;15.63;11.88;61.92;69.21;0.026;NEUTRE;0;9.5;0;0
2026.02.17 01:00;1996.55;2005.89;1989.09;1989.72;34.17;18.04;7.65;69.73;74.84;-0.329;NEUTRE;0;;;0
2026.02.17 00:00;1996.29;2003.64;1991.53;1996.55;33.20;20.81;6.59;75.96;79.20;0.013;NEUTRE;0;;;0
2026.02.16 23:00;1988.15;2000.33;1986.70;1996.29;30.33;19.81;7.61;78.83;81.97;1.617;NEUTRE;0;42.2;1;0
2026.02.16 22:00;1996.93;2000.64;1982.75;1988.15;28.15;22.86;8.78;82.81;80.79;1.203;NEUTRE;0;35.2;1;0
2026.02.16 21:00;1991.23;2001.92;1984.35;1996.93;25.63;26.38;8.75;84.28;72.68;1.650;NEUTRE;0;45.3;2;0
2026.02.16 20:00;1972.26;1992.19;1969.20;1991.12;21.86;21.92;10.10;75.29;60.92;1.354;NEUTRE;0;41.1;1;0
2026.02.16 19:00;1967.05;1977.66;1964.05;1972.26;19.54;15.56;11.65;58.46;48.32;0.394;NEUTRE;0;15;0;1
2026.02.16 18:00;1976.91;1983.77;1965.26;1967.05;20.34;17.96;12.08;49.02;38.95;0.129;NEUTRE;0;5.3;0;1
2026.02.16 17:00;1971.70;1986.35;1962.46;1976.91;20.46;20.72;13.94;37.47;29.73;0.631;NEUTRE;0;25.6;1;1
2026.02.16 16:00;1954.49;1977.92;1954.17;1971.70;20.59;18.48;16.08;30.36;31.06;0.365;NEUTRE;0;16.4;0;1
2026.02.16 15:00;1970.91;1983.99;1935.63;1954.49;22.69;21.32;18.56;21.35;37.91;-0.511;NEUTRE;0;-23.7;0;1
2026.02.16 14:00;1965.79;1980.89;1953.25;1970.91;25.12;24.60;15.80;41.48;55.06;0.325;NEUTRE;0;16.6;0;1
2026.02.16 13:00;2004.41;2021.21;1959.06;1965.79;25.63;28.39;15.00;50.91;63.73;0.065;NEUTRE;0;3.7;0;1
2026.02.16 12:00;1974.24;2007.09;1970.70;2004.41;24.83;29.26;17.31;72.79;73.28;2.031;SOFT_UP;1;65.4;3;1
2026.02.16 11:00;1977.01;1981.62;1955.51;1974.24;24.70;22.99;19.97;67.49;77.39;0.495;NEUTRE;0;30.1;1;1
2026.02.16 10:00;1985.60;1986.86;1975.59;1977.01;27.42;26.53;11.21;79.55;81.57;0.636;NEUTRE;0;39.3;1;1
2026.02.16 09:00;1975.20;1991.25;1974.09;1985.60;25.39;30.61;12.94;85.13;73.77;1.073;NEUTRE;0;56.9;2;1
2026.02.16 08:00;1969.07;1976.45;1967.69;1975.20;23.06;22.05;14.93;80.03;64.21;0.544;NEUTRE;0;41.2;1;1
2026.02.16 07:00;1964.70;1976.35;1962.26;1969.07;23.64;25.27;17.23;56.13;53.06;0.232;NEUTRE;0;23.1;0;1
2026.02.16 06:00;1955.87;1965.52;1953.86;1964.70;24.37;17.33;19.88;56.47;50.29;0.009;NEUTRE;0;1.1;0;0
2026.02.16 05:00;1970.99;1972.20;1950.86;1955.87;27.06;20.00;22.94;46.57;45.01;-0.440;NEUTRE;0;-48.6;-2;0
2026.02.16 04:00;1956.91;1971.17;1956.49;1970.99;30.18;23.08;22.41;47.84;48.00;0.329;NEUTRE;0;46.7;2;0
2026.02.16 03:00;1955.02;1957.77;1946.94;1956.91;34.59;12.59;25.85;40.63;55.92;-0.387;NEUTRE;0;-59;-2;0
2026.02.16 02:00;1960.99;1964.73;1950.45;1955.02;34.60;14.52;24.84;55.54;68.98;-0.484;NEUTRE;0;-72.2;-3;0
2026.02.16 01:00;1967.23;1979.24;1954.94;1960.99;35.89;16.76;23.83;71.60;70.79;-0.180;NEUTRE;0;;;0
2026.02.16 00:00;1964.52;1977.07;1961.33;1967.23;38.73;19.33;23.45;79.81;61.22;0.138;NEUTRE;0;;;0
2026.02.15 23:00;1968.30;1968.66;1942.86;1964.52;43.21;14.09;27.06;60.96;43.21;-5.753;STRONG_DOWN;-2;-72.8;-3;0
2026.02.15 22:00;1956.50;1972.43;1954.56;1968.30;45.01;16.25;24.24;42.90;28.67;-5.571;STRONG_DOWN;-2;-73;-3;0
2026.02.15 21:00;1948.30;1963.16;1947.95;1956.59;48.90;10.77;27.97;25.77;19.26;-6.133;STRONG_DOWN;-2;-75.1;-3;0
2026.02.15 20:00;1940.18;1955.87;1932.17;1948.30;49.59;5.06;32.28;17.33;15.73;-6.531;STRONG_DOWN;-2;-76.6;-3;0
2026.02.15 19:00;1957.55;1959.86;1926.97;1940.18;46.01;5.84;37.24;14.68;16.60;-6.920;EXPLOSIVE_DOWN;-3;-78;-3;0
2026.02.15 18:00;1969.25;1979.37;1952.26;1957.55;41.87;6.74;31.14;15.18;18.68;-6.087;STRONG_DOWN;-2;-77.1;-3;0
2026.02.15 17:00;2004.30;2007.10;1955.84;1969.25;38.40;7.77;33.90;19.94;19.65;-5.526;STRONG_DOWN;-2;-76.6;-3;0
2026.02.15 16:00;2009.53;2009.56;1992.88;2004.30;34.66;8.97;28.00;20.90;16.36;-3.844;STRONG_DOWN;-2;-72.1;-3;0
2026.02.15 15:00;2008.66;2013.22;2000.82;2009.54;32.07;10.35;24.98;18.11;11.71;-3.593;SOFT_DOWN;-1;-72;-3;0
2026.02.15 14:00;2000.48;2010.35;1991.83;2008.66;30.64;8.38;28.83;10.07;8.19;-3.635;SOFT_DOWN;-1;-73.4;-3;0
2026.02.15 13:00;2008.94;2025.96;1992.48;2000.48;26.89;9.67;32.72;6.94;10.96;-4.027;STRONG_DOWN;-2;-75.9;-3;0
2026.02.15 12:00;2059.96;2066.05;2008.97;2008.97;22.66;11.15;30.18;7.55;16.22;-3.620;SOFT_DOWN;-1;-75.6;-3;0
2026.02.15 11:00;2059.43;2065.01;2056.66;2059.96;19.07;12.87;21.97;18.37;30.43;-1.174;NEUTRE;0;-54;-2;0
2026.02.15 10:00;2066.73;2068.32;2052.79;2059.43;17.98;14.85;25.35;22.73;46.93;-1.199;NEUTRE;0;-57.1;-2;0
2026.02.15 09:00;2067.23;2076.62;2064.17;2066.73;16.73;17.13;17.97;50.19;67.45;-0.849;NEUTRE;0;-50.5;-2;0
2026.02.15 08:00;2089.42;2094.82;2054.06;2067.23;18.94;19.77;20.74;67.88;78.17;-0.825;NEUTRE;0;-53;-2;0
2026.02.15 07:00;2084.14;2101.27;2081.07;2089.42;21.49;22.81;13.73;84.27;78.31;0.239;NEUTRE;0;23.7;0;0
2026.02.15 06:00;2086.76;2092.73;2080.84;2084.14;20.97;19.82;15.84;82.38;66.39;-0.014;NEUTRE;0;-1.7;0;0
2026.02.15 05:00;2074.80;2094.24;2073.38;2086.76;22.48;22.87;18.28;68.28;49.33;0.112;NEUTRE;0;16.1;0;0
2026.02.15 04:00;2057.40;2085.28;2057.40;2074.80;24.23;19.78;21.10;48.52;35.18;-0.462;NEUTRE;0;-56.1;-2;0
2026.02.15 03:00;2057.70;2061.52;2034.21;2057.40;27.46;9.71;24.34;31.20;28.35;-1.297;NEUTRE;0;-79.8;-3;0
2026.02.15 02:00;2062.19;2070.29;2044.70;2057.70;25.07;11.20;22.18;25.81;31.47;-1.282;NEUTRE;0;-83.1;-3;0
2026.02.15 01:00;2077.94;2082.90;2051.73;2062.19;23.87;12.92;21.36;28.03;38.13;-1.067;NEUTRE;0;;;0
2026.02.15 00:00;2084.43;2087.83;2070.77;2077.94;23.76;14.91;15.25;40.58;50.05;-0.311;NEUTRE;0;;;0
2026.02.14 23:00;2088.29;2090.93;2081.72;2084.43;27.24;17.21;7.72;45.79;60.16;1.845;NEUTRE;0;45.9;2;0
2026.02.14 22:00;2083.96;2092.60;2081.68;2088.36;25.58;19.85;8.91;63.77;71.09;2.037;SOFT_UP;1;50;2;0
2026.02.14 21:00;2087.79;2096.64;2076.78;2083.96;23.66;22.91;10.28;70.92;71.98;1.822;NEUTRE;0;48.2;2;0
2026.02.14 20:00;2086.65;2090.67;2079.35;2087.79;21.44;21.81;11.86;78.57;67.37;2.009;SOFT_UP;1;52.3;2;0
2026.02.14 19:00;2083.71;2088.54;2076.60;2086.65;20.20;22.27;13.69;66.44;58.89;1.953;SOFT_UP;1;52.9;2;0
2026.02.14 18:00;2078.25;2084.69;2076.90;2083.71;19.63;20.73;15.79;57.11;53.93;1.810;NEUTRE;0;52.3;2;0
2026.02.14 17:00;2080.96;2087.29;2075.53;2078.25;20.57;23.92;18.22;53.13;48.16;1.543;NEUTRE;0;49.5;2;0
2026.02.14 16:00;2085.69;2086.18;2066.01;2081.05;21.65;26.15;21.02;51.56;40.67;1.680;NEUTRE;0;53.5;2;0
2026.02.14 15:00;2083.48;2091.94;2079.24;2085.69;23.31;30.17;14.17;39.79;38.94;1.907;SOFT_UP;1;58.6;2;0
2026.02.14 14:00;2069.85;2087.07;2067.75;2083.48;21.35;28.92;16.35;30.66;46.24;1.799;NEUTRE;0;58.9;2;0
2026.02.14 13:00;2068.68;2074.23;2062.71;2069.85;20.36;23.14;18.86;46.37;61.92;1.133;NEUTRE;0;48.3;2;0
2026.02.14 12:00;2097.20;2097.87;2066.36;2068.68;21.93;26.70;16.89;61.69;71.73;1.075;NEUTRE;0;49.1;2;0
2026.02.14 11:00;2075.25;2105.34;2075.20;2097.20;21.84;30.81;15.17;77.70;76.90;2.469;SOFT_UP;1;70.9;3;0
2026.02.14 10:00;2076.24;2076.24;2070.51;2075.25;19.96;20.69;17.51;75.78;76.48;1.396;NEUTRE;0;60.9;2;0
2026.02.14 09:00;2080.16;2086.59;2073.83;2076.24;21.75;23.88;11.29;77.21;69.36;1.445;NEUTRE;0;64.2;2;0
2026.02.14 08:00;2055.02;2087.10;2055.02;2080.16;19.59;27.55;13.02;76.46;62.10;1.636;NEUTRE;0;69.2;3;0
2026.02.14 07:00;2051.62;2058.62;2048.57;2055.02;17.10;18.13;15.03;54.39;57.85;0.408;NEUTRE;0;36.9;1;0
2026.02.14 06:00;2048.97;2052.75;2046.30;2051.62;18.29;11.93;17.34;55.46;61.18;0.242;NEUTRE;0;27.5;1;0
2026.02.14 05:00;2051.44;2054.22;2048.76;2048.97;18.26;13.77;14.14;63.68;64.23;0.112;NEUTRE;0;16.1;0;0
2026.02.14 04:00;2052.52;2056.02;2050.72;2051.44;20.87;15.89;10.79;64.39;65.21;0.233;NEUTRE;0;36.9;1;0
2026.02.14 03:00;2048.12;2054.33;2046.37;2052.52;21.14;13.43;12.45;64.62;64.74;0.286;NEUTRE;0;50.8;2;0
2026.02.14 02:00;2052.18;2052.52;2045.68;2048.12;23.81;12.00;14.37;66.60;63.09;0.071;NEUTRE;0;24.6;0;0
2026.02.14 01:00;2053.22;2055.62;2048.48;2052.18;26.09;13.84;10.28;62.99;57.86;0.269;NEUTRE;0;;;0
2026.02.14 00:00;2046.67;2054.12;2040.71;2053.42;27.83;12.74;11.86;59.68;52.15;0.330;NEUTRE;0;;;0
2026.02.13 23:00;2052.25;2052.32;2044.52;2046.67;31.56;14.70;9.31;50.92;53.55;5.219;STRONG_UP;2;71.1;3;0
2026.02.13 22:00;2051.60;2057.00;2043.15;2052.25;32.97;16.96;10.75;45.86;61.87;5.505;STRONG_UP;2;72.8;3;0
2026.02.13 21:00;2043.36;2056.41;2042.82;2051.60;34.59;18.91;12.40;63.86;75.28;5.472;STRONG_UP;2;73.4;3;0
2026.02.13 20:00;2055.59;2057.39;2037.07;2043.36;36.71;21.82;14.31;75.90;83.50;5.048;STRONG_UP;2;72.9;3;0
2026.02.13 19:00;2055.68;2059.87;2050.17;2055.60;39.16;25.18;6.59;86.08;87.56;5.678;STRONG_UP;2;75.4;3;1
2026.02.13 18:00;2056.99;2062.87;2048.11;2055.68;36.19;29.05;7.61;88.52;87.72;5.682;STRONG_UP;2;76.2;3;1
2026.02.13 17:00;2059.18;2065.67;2046.61;2056.99;32.75;33.52;8.78;88.09;85.24;5.749;STRONG_UP;2;77.1;3;1
2026.02.13 16:00;2032.79;2070.60;2029.08;2059.22;28.79;38.68;10.13;86.56;81.49;5.864;STRONG_UP;2;78;3;1
2026.02.13 15:00;1988.71;2048.69;1984.90;2032.84;24.22;36.51;11.68;81.07;77.43;4.508;STRONG_UP;2;75.5;3;1
2026.02.13 14:00;1967.96;1999.27;1960.66;1988.72;20.02;30.21;13.48;76.85;76.15;2.239;SOFT_UP;1;64.1;2;1
2026.02.13 13:00;1958.47;1978.53;1953.45;1967.96;17.21;26.60;15.56;74.36;77.66;1.172;NEUTRE;0;49.3;2;1
2026.02.13 12:00;1957.71;1962.12;1949.91;1958.47;15.83;20.62;17.95;77.25;81.28;0.684;NEUTRE;0;36.3;1;1
2026.02.13 11:00;1956.79;1959.42;1943.73;1957.71;17.20;20.39;20.71;81.37;79.74;0.645;NEUTRE;0;37.1;1;1
2026.02.13 10:00;1959.70;1966.41;1954.06;1956.79;19.72;23.53;13.77;85.22;70.72;0.598;NEUTRE;0;37.6;1;1
2026.02.13 09:00;1956.52;1964.12;1950.52;1959.70;18.73;24.30;15.89;72.62;51.08;0.747;NEUTRE;0;46.9;2;1
2026.02.13 08:00;1933.24;1960.88;1931.24;1956.52;18.39;24.37;18.33;54.32;38.23;0.584;NEUTRE;0;43.2;1;1
2026.02.13 07:00;1934.25;1946.11;1930.24;1933.24;19.05;20.45;21.15;26.31;37.22;-0.613;NEUTRE;0;-48.4;-2;1
2026.02.13 06:00;1931.53;1936.64;1922.31;1934.25;21.72;14.42;24.40;34.06;53.45;-0.561;NEUTRE;0;-50.3;-2;0
2026.02.13 05:00;1942.12;1944.22;1930.80;1931.53;21.10;16.64;19.04;51.29;68.82;-0.701;NEUTRE;0;-61;-2;0
2026.02.13 04:00;1950.92;1952.97;1941.08;1942.12;23.31;19.19;10.19;75.01;74.63;-0.156;NEUTRE;0;-26.7;-1;0
2026.02.13 03:00;1945.72;1955.57;1941.97;1950.92;22.18;22.15;10.60;80.16;73.56;0.296;NEUTRE;0;51.8;2;0
2026.02.13 02:00;1941.00;1949.37;1938.62;1945.72;20.17;18.54;12.24;68.73;72.93;0.029;NEUTRE;0;10.6;0;0
2026.02.13 01:00;1930.43;1947.42;1930.23;1941.00;20.12;18.60;14.12;71.80;76.71;-0.214;NEUTRE;0;;;0
2026.02.13 00:00;1945.16;1951.40;1924.98;1930.43;21.11;21.47;16.29;78.25;72.36;-0.757;NEUTRE;0;;;0
2026.02.12 23:00;1939.87;1949.72;1936.14;1945.16;22.25;24.77;12.30;80.07;58.63;0.329;NEUTRE;0;10.4;0;0
2026.02.12 22:00;1920.83;1942.70;1917.44;1939.87;20.50;20.63;14.19;58.76;41.17;0.056;NEUTRE;0;1.9;0;0
2026.02.12 21:00;1913.20;1924.88;1911.45;1920.83;20.81;12.95;16.37;37.05;28.70;-0.926;NEUTRE;0;-29.6;-1;0
2026.02.12 20:00;1922.96;1929.84;1906.84;1913.16;22.21;14.94;18.89;27.71;21.39;-1.321;NEUTRE;0;-40.4;-1;0
2026.02.12 19:00;1916.54;1938.22;1909.38;1923.03;23.83;17.24;20.10;21.33;15.73;-0.812;NEUTRE;0;-28.8;-1;1
2026.02.12 18:00;1907.77;1922.89;1899.72;1916.54;26.31;11.71;23.19;15.13;12.21;-1.147;NEUTRE;0;-39.4;-1;1
2026.02.12 17:00;1906.99;1925.14;1900.19;1907.77;25.30;13.51;26.45;10.71;18.28;-1.599;NEUTRE;0;-50.5;-2;1
2026.02.12 16:00;1946.72;1948.36;1895.46;1907.03;24.21;15.59;30.51;10.80;33.23;-1.638;NEUTRE;0;-52.8;-2;1
2026.02.12 15:00;1976.42;1983.21;1943.39;1946.72;22.96;17.99;21.27;33.33;52.86;0.410;NEUTRE;0;19.4;0;1
2026.02.12 14:00;1993.24;1994.25;1971.61;1976.40;25.20;20.75;13.64;55.56;66.16;1.940;SOFT_UP;1;60.7;2;1
2026.02.12 13:00;1978.84;1994.65;1973.47;1993.22;25.90;23.95;14.47;69.69;75.10;2.808;SOFT_UP;1;70.2;3;1
2026.02.12 12:00;1986.88;1988.80;1973.04;1978.84;26.09;23.38;16.70;73.23;76.95;2.066;SOFT_UP;1;65.7;3;1
2026.02.12 11:00;1991.83;1999.04;1981.64;1986.86;27.54;26.98;10.88;82.38;72.36;2.480;SOFT_UP;1;71;3;1
2026.02.12 10:00;1980.00;1993.35;1975.25;1991.94;25.23;26.10;12.55;75.25;63.51;2.742;SOFT_UP;1;74.2;3;1
2026.02.12 09:00;1963.22;1987.40;1960.95;1980.00;23.72;25.06;14.48;59.45;60.07;2.126;SOFT_UP;1;71.8;3;1
2026.02.12 08:00;1965.80;1971.62;1955.07;1963.22;23.25;19.73;16.71;55.82;63.66;1.261;NEUTRE;0;63.8;2;1
2026.02.12 07:00;1972.60;1975.64;1963.68;1965.80;25.55;22.77;11.27;64.95;69.52;1.394;NEUTRE;0;68.7;3;1
2026.02.12 06:00;1968.16;1980.42;1963.08;1972.60;24.28;26.27;13.01;70.22;70.64;1.744;NEUTRE;0;75;3;0
2026.02.12 05:00;1963.24;1969.42;1950.51;1968.16;22.82;20.56;15.01;73.40;69.18;1.515;NEUTRE;0;75.6;3;0
2026.02.12 04:00;1966.35;1972.96;1957.94;1963.26;23.93;23.72;11.27;68.30;63.18;1.263;NEUTRE;0;76.2;3;0
2026.02.12 03:00;1956.15;1966.85;1954.64;1966.35;22.14;21.11;13.01;65.85;54.30;1.422;NEUTRE;0;80.7;3;0
2026.02.12 02:00;1963.53;1969.41;1953.27;1956.15;21.90;24.36;15.01;55.40;45.32;0.896;NEUTRE;0;80.2;3;0
2026.02.12 01:00;1956.47;1975.42;1956.47;1963.53;21.61;28.10;14.27;41.64;43.91;1.277;NEUTRE;0;;;0
2026.02.12 00:00;1938.78;1961.18;1938.78;1956.47;19.91;20.87;16.46;38.91;53.47;0.912;NEUTRE;0;;;0
2026.02.11 23:00;1948.78;1954.39;1929.86;1938.73;21.16;19.42;18.99;51.18;68.33;-4.047;STRONG_DOWN;-2;-66.2;-3;0
2026.02.11 22:00;1967.70;1970.56;1945.74;1948.76;24.24;22.41;11.96;70.31;71.67;-3.550;SOFT_DOWN;-1;-64.3;-2;0
2026.02.11 21:00;1951.53;1985.21;1948.36;1967.70;23.29;25.86;12.17;83.50;61.97;-2.613;SOFT_DOWN;-1;-58;-2;0
2026.02.11 20:00;1949.81;1956.41;1937.86;1951.53;21.34;17.82;14.05;61.20;41.95;-3.413;SOFT_DOWN;-1;-65.5;-3;0
2026.02.11 19:00;1941.67;1957.13;1935.95;1949.81;22.80;20.56;16.21;41.19;27.97;-3.498;SOFT_DOWN;-1;-67.1;-3;1
2026.02.11 18:00;1927.63;1946.20;1913.11;1941.67;24.49;15.78;18.70;23.45;19.60;-3.901;STRONG_DOWN;-2;-70.3;-3;1
2026.02.11 17:00;1913.08;1940.17;1906.92;1927.64;26.95;15.40;21.58;19.27;21.25;-4.595;STRONG_DOWN;-2;-74;-3;1
2026.02.11 16:00;1927.58;1954.28;1908.47;1913.23;28.53;17.77;24.18;16.06;27.71;-5.309;STRONG_DOWN;-2;-76.8;-3;1
2026.02.11 15:00;1941.34;1948.76;1901.15;1927.58;30.57;18.65;27.90;28.40;46.58;-4.598;STRONG_DOWN;-2;-75.8;-3;1
2026.02.11 14:00;1958.81;2013.57;1935.69;1941.31;32.22;21.52;21.03;38.67;52.52;-3.919;STRONG_DOWN;-2;-74.5;-3;1
2026.02.11 13:00;1950.41;1966.67;1941.06;1958.81;37.00;15.57;24.26;72.65;50.77;-3.053;SOFT_DOWN;-1;-71.7;-3;1
2026.02.11 12:00;1951.79;1964.70;1947.23;1950.41;39.33;17.97;24.29;46.22;32.65;-3.468;SOFT_DOWN;-1;-75;-3;1
2026.02.11 11:00;1937.21;1954.51;1935.34;1951.79;43.08;11.76;28.03;33.43;22.93;-3.400;SOFT_DOWN;-1;-75.9;-3;1
2026.02.11 10:00;1944.93;1944.93;1930.33;1937.21;43.42;5.88;32.34;18.29;16.21;-4.122;STRONG_DOWN;-2;-79.3;-3;1
2026.02.11 09:00;1948.12;1952.40;1941.30;1944.93;39.45;6.78;25.75;17.06;14.31;-3.740;STRONG_DOWN;-2;-79.4;-3;1
2026.02.11 08:00;1948.36;1951.23;1935.12;1948.12;36.55;6.20;29.72;13.27;12.54;-3.582;SOFT_DOWN;-1;-80.2;-3;1
2026.02.11 07:00;1945.87;1956.00;1942.93;1948.36;32.10;7.16;26.83;12.61;13.89;-3.570;SOFT_DOWN;-1;-81.3;-3;1
2026.02.11 06:00;1972.04;1975.04;1937.11;1945.85;28.13;8.26;30.96;11.74;17.40;-3.694;SOFT_DOWN;-1;-82.8;-3;0
2026.02.11 05:00;1968.89;1978.87;1968.77;1972.04;23.56;9.53;22.88;17.30;31.19;-2.398;SOFT_DOWN;-1;-80.8;-3;0
2026.02.11 04:00;2007.27;2008.97;1961.35;1968.89;20.85;11.00;26.40;23.15;49.56;-2.554;SOFT_DOWN;-1;-83.1;-3;0
2026.02.11 03:00;2015.64;2019.15;1995.93;2007.27;17.72;12.69;19.29;53.13;70.30;-0.654;NEUTRE;0;-70.4;-3;0
2026.02.11 02:00;2022.12;2029.84;2012.36;2015.44;17.27;14.64;11.37;72.41;76.37;-0.250;NEUTRE;0;-58.2;-2;0
2026.02.11 01:00;2023.05;2028.67;2014.29;2022.14;17.99;16.89;11.42;85.37;68.19;0.082;NEUTRE;0;;;0
2026.02.11 00:00;2020.49;2027.35;2017.10;2023.05;17.79;19.49;10.17;71.34;50.97;0.127;NEUTRE;0;;;0
2026.02.10 23:00;2015.76;2020.71;2010.45;2020.49;15.69;12.53;11.74;47.86;38.00;-3.913;STRONG_DOWN;-2;-65.5;-3;0
2026.02.10 22:00;2006.26;2018.27;2004.82;2015.76;17.60;10.80;13.54;33.70;33.97;-4.138;STRONG_DOWN;-2;-67.6;-3;0
2026.02.10 21:00;2009.68;2016.00;1994.80;2006.26;18.57;9.86;15.63;32.43;41.07;-4.590;STRONG_DOWN;-2;-70.4;-3;0
2026.02.10 20:00;2015.91;2019.46;2002.86;2009.68;17.95;11.38;12.18;35.79;51.67;-4.427;STRONG_DOWN;-2;-70.7;-3;0
2026.02.10 19:00;2007.51;2023.59;2001.80;2015.91;20.18;13.13;14.06;55.01;64.95;-4.131;STRONG_DOWN;-2;-70.4;-3;1
2026.02.10 18:00;2037.39;2038.71;1994.16;2007.51;22.76;15.15;16.22;64.23;66.33;-4.530;STRONG_DOWN;-2;-72.9;-3;1
2026.02.10 17:00;2024.26;2044.91;2018.23;2037.39;25.74;17.48;10.40;75.62;64.32;-3.109;SOFT_DOWN;-1;-67;-3;1
2026.02.10 16:00;2020.63;2035.67;2010.28;2024.26;25.79;14.84;12.00;59.15;55.29;-3.734;STRONG_DOWN;-2;-71.6;-3;1
2026.02.10 15:00;2007.44;2027.78;2001.37;2020.63;28.14;12.34;13.85;58.18;50.24;-3.906;STRONG_DOWN;-2;-73.4;-3;1
2026.02.10 14:00;2020.18;2037.68;1988.14;2007.44;31.58;14.24;15.98;48.52;40.59;-4.534;STRONG_DOWN;-2;-76.5;-3;1
2026.02.10 13:00;2005.55;2025.23;1996.76;2020.18;35.55;12.56;18.44;44.03;33.40;-3.928;STRONG_DOWN;-2;-75.6;-3;1
2026.02.10 12:00;2000.45;2014.92;2000.12;2005.55;38.11;8.92;21.27;29.23;27.63;-4.623;STRONG_DOWN;-2;-78.6;-3;1
2026.02.10 11:00;2011.55;2019.75;1998.53;2000.45;37.68;10.30;24.55;26.95;23.98;-4.866;STRONG_DOWN;-2;-80;-3;1
2026.02.10 10:00;2014.14;2019.36;2006.85;2011.53;37.18;11.88;22.29;26.71;19.13;-4.339;STRONG_DOWN;-2;-79.9;-3;1
2026.02.10 09:00;2012.06;2026.95;2007.45;2014.14;38.21;13.71;24.98;18.27;13.16;-4.215;STRONG_DOWN;-2;-80.6;-3;1
2026.02.10 08:00;2004.62;2014.59;1993.21;2012.06;39.61;6.07;28.83;12.42;11.41;-4.314;STRONG_DOWN;-2;-81.8;-3;1
2026.02.10 07:00;2006.56;2016.10;1997.72;2004.69;35.66;7.00;30.02;8.78;12.72;-4.664;STRONG_DOWN;-2;-83.4;-3;1
2026.02.10 06:00;2050.84;2055.40;1995.43;2006.56;31.58;8.08;34.63;13.04;17.65;-4.575;STRONG_DOWN;-2;-84.2;-3;0
2026.02.10 05:00;2068.23;2069.79;2043.46;2050.84;26.88;9.32;27.64;16.33;25.51;-2.470;SOFT_DOWN;-1;-81.1;-3;0
2026.02.10 04:00;2062.51;2071.97;2060.48;2068.23;23.38;10.75;21.95;23.58;32.55;-1.643;NEUTRE;0;-79.3;-3;0
2026.02.10 03:00;2105.97;2108.53;2050.94;2062.51;21.71;12.41;25.33;36.60;35.77;-1.915;SOFT_DOWN;-1;-83.1;-3;0
2026.02.10 02:00;2115.08;2119.54;2100.46;2105.97;19.79;14.31;15.99;37.47;33.13;0.152;NEUTRE;0;44.4;1;0
2026.02.10 01:00;2094.59;2122.40;2094.21;2115.07;21.98;16.52;18.45;33.24;36.15;0.585;NEUTRE;0;;;0
2026.02.10 00:00;2102.77;2110.62;2094.26;2094.59;24.51;12.63;21.29;28.67;46.88;-0.389;NEUTRE;0;;;0
2026.02.09 23:00;2113.09;2120.37;2099.86;2102.77;24.34;14.57;19.30;46.55;63.75;0.740;NEUTRE;0;22.5;0;0
2026.02.09 22:00;2119.88;2123.52;2109.24;2113.09;25.94;16.81;15.24;65.42;77.19;1.234;NEUTRE;0;35.9;1;0
2026.02.09 21:00;2123.50;2126.84;2086.89;2119.86;29.18;19.40;17.58;79.28;85.78;1.558;NEUTRE;0;43.7;1;0
2026.02.09 20:00;2129.36;2144.77;2116.12;2123.42;32.91;22.38;9.03;86.88;89.05;1.729;NEUTRE;0;48.1;2;0
2026.02.09 19:00;2128.23;2136.03;2116.94;2129.41;31.43;21.13;10.42;91.19;89.03;2.016;SOFT_UP;1;53.8;2;1
2026.02.09 18:00;2125.08;2140.62;2107.17;2128.23;31.04;24.39;12.02;89.09;86.26;1.959;SOFT_UP;1;54.5;2;1
2026.02.09 17:00;2089.40;2134.22;2076.09;2125.13;30.59;25.19;13.87;86.81;78.35;1.811;NEUTRE;0;53.9;2;1
2026.02.09 16:00;2060.17;2107.42;2045.92;2089.40;30.84;21.98;16.01;82.89;65.11;0.099;NEUTRE;0;4.6;0;1
2026.02.09 15:00;2042.19;2071.77;2030.82;2060.20;33.17;16.44;18.47;65.36;46.28;-1.300;NEUTRE;0;-48.2;-2;1
2026.02.09 14:00;2020.16;2048.03;2006.73;2042.19;37.38;10.05;21.31;47.09;31.67;-2.163;SOFT_DOWN;-1;-63.3;-2;1
2026.02.09 13:00;2032.92;2047.82;2020.16;2020.16;37.60;11.60;19.58;26.40;20.77;-3.218;SOFT_DOWN;-1;-72.6;-3;1
2026.02.09 12:00;2025.43;2036.65;2024.64;2032.92;39.44;7.17;22.60;21.52;17.02;-2.607;SOFT_DOWN;-1;-70.3;-3;1
2026.02.09 11:00;2019.87;2033.94;2018.13;2025.43;37.54;4.80;26.07;14.38;14.64;-2.966;SOFT_DOWN;-1;-73.9;-3;1
2026.02.09 10:00;2039.63;2044.52;2010.70;2019.87;32.71;5.54;30.09;15.16;17.35;-3.232;SOFT_DOWN;-1;-76.5;-3;1
2026.02.09 09:00;2047.63;2054.89;2031.91;2039.63;27.14;6.39;25.07;14.37;27.85;-2.285;SOFT_DOWN;-1;-73;-3;1
2026.02.09 08:00;2063.28;2067.79;2032.28;2047.63;22.18;7.37;28.67;22.53;46.05;-1.902;SOFT_DOWN;-1;-71.9;-3;1
2026.02.09 07:00;2079.04;2085.21;2062.18;2063.28;16.50;8.50;20.13;46.67;59.58;-1.152;NEUTRE;0;-64.7;-2;1
2026.02.09 06:00;2093.44;2093.44;2070.05;2079.04;12.79;9.81;17.97;68.96;58.82;-0.397;NEUTRE;0;-40.4;-1;0
2026.02.09 05:00;2087.78;2094.56;2081.32;2093.46;10.24;11.32;13.33;63.12;45.94;0.294;NEUTRE;0;37.1;1;0
2026.02.09 04:00;2097.75;2099.56;2084.22;2087.78;10.56;13.06;12.01;44.40;31.57;0.022;NEUTRE;0;4.1;0;0
2026.02.09 03:00;2079.10;2100.43;2079.00;2097.75;11.54;15.07;13.86;30.29;22.69;0.499;NEUTRE;0;65;2;0
2026.02.09 02:00;2068.66;2093.26;2063.37;2079.11;12.67;12.25;15.99;20.00;20.65;-0.394;NEUTRE;0;-68.5;-3;0
2026.02.09 01:00;2082.08;2098.72;2052.91;2068.66;12.58;14.13;18.45;17.78;24.24;-0.894;NEUTRE;0;;;0
2026.02.09 00:00;2087.33;2094.91;2074.00;2082.08;12.47;16.30;14.21;24.16;33.43;-0.252;NEUTRE;0;;;0
2026.02.08 23:00;2106.04;2148.41;2070.18;2087.33;13.34;18.81;16.39;30.78;46.00;0.126;NEUTRE;0;4;0;0
2026.02.08 22:00;2093.54;2109.20;2091.22;2105.87;14.33;14.00;18.91;45.34;59.31;1.015;NEUTRE;0;30.7;1;0
2026.02.08 21:00;2102.10;2112.20;2087.56;2093.54;14.24;16.15;21.82;61.87;64.07;0.424;NEUTRE;0;14.6;0;0
2026.02.08 20:00;2124.18;2124.66;2097.98;2102.10;14.13;18.63;18.68;70.74;54.22;0.834;NEUTRE;0;28.2;1;0
2026.02.08 19:00;2106.76;2127.12;2105.06;2124.07;16.28;21.50;17.47;59.61;37.93;1.888;NEUTRE;0;52;2;0
2026.02.08 18:00;2089.51;2119.12;2088.08;2106.76;17.20;19.23;20.15;32.33;30.27;1.058;NEUTRE;0;37.1;1;0
2026.02.08 17:00;2078.40;2096.39;2077.46;2089.51;19.48;10.92;23.25;21.86;39.14;0.230;NEUTRE;0;9.9;0;0
2026.02.08 16:00;2105.99;2113.46;2070.26;2078.52;16.92;12.60;26.83;36.63;56.69;-0.297;NEUTRE;0;-13.4;0;0
2026.02.08 15:00;2125.97;2128.17;2094.93;2105.99;13.97;14.54;22.17;58.95;71.55;1.021;NEUTRE;0;41.2;1;0
2026.02.08 14:00;2124.15;2126.93;2113.74;2125.97;12.93;16.78;16.88;74.50;77.15;1.979;SOFT_UP;1;61.2;2;0
2026.02.08 13:00;2128.77;2138.25;2115.95;2123.98;14.87;19.36;16.90;81.20;75.23;1.884;NEUTRE;0;61.8;2;0
2026.02.08 12:00;2129.69;2142.36;2122.78;2128.77;16.11;22.34;14.79;75.75;69.77;2.113;SOFT_UP;1;66.2;3;0
2026.02.08 11:00;2093.46;2134.90;2091.84;2129.69;15.46;19.91;17.06;68.75;68.20;2.158;SOFT_UP;1;68.4;3;0
2026.02.08 10:00;2097.70;2111.22;2080.98;2093.46;16.65;14.51;19.69;64.80;66.60;0.420;NEUTRE;0;28.4;1;0
2026.02.08 09:00;2113.17;2119.99;2093.19;2097.70;16.89;16.74;16.50;71.05;60.02;0.623;NEUTRE;0;41.7;1;0
2026.02.08 08:00;2081.80;2121.29;2075.44;2113.17;19.38;19.32;19.04;63.95;50.51;1.365;NEUTRE;0;65.5;3;0
2026.02.08 07:00;2076.70;2081.80;2065.42;2081.80;22.25;9.04;21.97;45.07;42.11;-0.140;NEUTRE;0;-14.4;0;0
2026.02.08 06:00;2082.19;2086.48;2074.59;2076.70;19.25;10.43;16.74;42.51;39.94;-0.384;NEUTRE;0;-39.5;-1;0
2026.02.08 05:00;2084.97;2085.84;2076.17;2082.15;18.65;12.04;17.27;38.75;39.69;-0.123;NEUTRE;0;-17.6;0;0
2026.02.08 04:00;2076.21;2086.29;2063.87;2085.07;18.77;13.89;19.93;38.57;41.77;0.017;NEUTRE;0;3.1;0;0
2026.02.08 03:00;2086.30;2090.63;2074.41;2076.21;18.91;16.03;15.76;41.75;42.84;-0.408;NEUTRE;0;-60.3;-2;0
2026.02.08 02:00;2093.81;2104.89;2079.94;2086.18;21.69;18.50;12.94;44.98;42.77;0.071;NEUTRE;0;24.6;0;0
2026.02.08 01:00;2082.05;2095.29;2079.70;2093.76;22.31;15.42;14.93;41.77;49.26;0.434;NEUTRE;0;;;0
2026.02.08 00:00;2084.71;2092.20;2074.46;2082.05;25.50;14.74;17.23;41.57;61.79;-0.128;NEUTRE;0;;;0
2026.02.07 23:00;2086.20;2093.21;2070.62;2084.75;28.22;17.01;19.88;64.44;75.26;1.156;NEUTRE;0;32.9;1;0
2026.02.07 22:00;2098.11;2105.13;2085.22;2086.20;31.37;19.63;13.00;79.38;80.62;1.227;NEUTRE;0;35.7;1;0
2026.02.07 21:00;2102.69;2107.92;2095.22;2098.13;33.07;22.65;7.27;81.96;76.52;1.806;NEUTRE;0;47.9;2;0
2026.02.07 20:00;2088.76;2110.26;2082.07;2102.69;30.25;26.13;8.39;80.52;67.40;2.027;SOFT_UP;1;52.6;2;0
2026.02.07 19:00;2094.54;2098.44;2081.25;2088.83;26.99;23.70;9.68;67.09;56.49;1.354;NEUTRE;0;42.6;1;0
2026.02.07 18:00;2058.79;2106.99;2056.43;2094.50;24.69;27.35;11.17;54.59;48.05;1.629;NEUTRE;0;49.4;2;0
2026.02.07 17:00;2047.86;2070.52;2030.23;2058.76;22.02;20.46;12.89;47.79;46.03;-0.105;NEUTRE;0;-4.5;0;0
2026.02.07 16:00;2049.62;2116.54;2007.77;2047.86;21.92;23.61;14.87;41.78;45.13;-0.634;NEUTRE;0;-27;-1;0
2026.02.07 15:00;2017.34;2060.53;2011.26;2049.62;21.80;19.32;17.16;48.54;47.83;-0.548;NEUTRE;0;-25.2;-1;0
2026.02.07 14:00;2038.37;2046.34;2007.54;2017.34;24.24;17.86;19.80;45.09;43.09;-2.115;SOFT_DOWN;-1;-62.8;-2;0
2026.02.07 13:00;2038.66;2047.28;2025.33;2038.37;27.18;20.61;15.79;49.87;35.44;-1.094;NEUTRE;0;-47.3;-2;0
2026.02.07 12:00;2016.25;2072.51;2014.51;2038.28;29.32;23.78;18.22;34.32;24.88;-1.099;NEUTRE;0;-49.7;-2;0
2026.02.07 11:00;2008.53;2018.39;2004.47;2016.25;31.80;13.08;21.03;22.12;20.59;-2.167;SOFT_DOWN;-1;-68.5;-3;0
2026.02.07 10:00;2012.14;2017.34;1997.52;2008.70;33.11;13.93;24.26;18.20;19.18;-2.534;SOFT_DOWN;-1;-73;-3;0
2026.02.07 09:00;2017.90;2027.70;2002.98;2012.21;34.04;16.08;23.76;21.45;23.02;-2.364;SOFT_DOWN;-1;-73.5;-3;0
2026.02.07 08:00;2024.96;2030.10;2013.38;2017.17;36.31;18.55;20.94;17.87;30.37;-2.123;SOFT_DOWN;-1;-73.7;-3;0
2026.02.07 07:00;2045.87;2053.73;1992.58;2024.96;40.97;21.41;24.16;29.72;47.01;-1.745;NEUTRE;0;-72.7;-3;0
2026.02.07 06:00;2081.62;2091.11;2045.41;2045.52;46.34;24.70;14.59;43.50;59.15;-0.747;NEUTRE;0;-58.1;-2;0
2026.02.07 05:00;2085.10;2101.49;2075.50;2081.62;49.51;28.50;6.70;67.80;65.81;1.004;NEUTRE;0;68.9;3;0
2026.02.07 04:00;2078.50;2116.65;2076.61;2085.14;47.60;32.88;7.08;66.15;55.84;1.175;NEUTRE;0;75.2;3;0
2026.02.07 03:00;2057.02;2083.36;2056.74;2078.50;44.99;25.15;8.17;63.48;46.72;0.853;NEUTRE;0;74.7;3;0
2026.02.07 02:00;2059.84;2063.00;2046.49;2057.02;44.07;17.25;9.42;37.87;40.64;-0.189;NEUTRE;0;-50.6;-2;0
2026.02.07 01:00;2041.14;2064.46;2030.43;2059.89;46.33;19.91;10.87;38.80;45.66;-0.050;NEUTRE;0;;;0
2026.02.07 00:00;2060.92;2061.91;2034.45;2041.14;48.95;22.97;10.73;45.24;52.97;-0.960;NEUTRE;0;;;0
2026.02.06 23:00;2072.31;2085.10;2048.23;2060.92;50.89;26.50;4.66;52.95;60.19;13.080;EXPLOSIVE_UP;3;82.2;3;0
2026.02.06 22:00;2051.18;2082.43;2043.32;2072.31;47.93;29.47;5.38;60.73;66.82;13.705;SPIKE_UP;4;82.9;3;0
2026.02.06 21:00;2051.71;2059.58;2039.46;2051.18;44.67;25.01;6.20;66.89;73.01;12.546;EXPLOSIVE_UP;3;82.6;3;0
2026.02.06 20:00;2063.09;2090.79;2041.17;2051.71;42.27;28.86;5.85;72.85;78.27;12.575;EXPLOSIVE_UP;3;83;3;0
2026.02.06 19:00;2042.17;2069.40;2030.66;2063.09;38.58;26.67;6.75;79.30;82.70;13.199;EXPLOSIVE_UP;3;83.6;3;1
2026.02.06 18:00;2064.88;2067.96;2028.30;2042.16;35.34;30.20;7.79;82.68;83.85;12.051;EXPLOSIVE_UP;3;83.4;3;1
2026.02.06 17:00;2034.39;2088.38;2026.46;2064.88;31.70;34.84;8.99;86.13;82.81;13.297;EXPLOSIVE_UP;3;84.3;3;1
2026.02.06 16:00;1979.32;2045.03;1970.19;2034.47;27.50;29.43;10.37;82.74;80.57;11.629;EXPLOSIVE_UP;3;83.9;3;1
2026.02.06 15:00;1976.99;1996.14;1959.28;1979.32;24.37;23.91;11.96;79.57;81.24;8.603;EXPLOSIVE_UP;3;82.3;3;1
2026.02.06 14:00;1947.48;2000.00;1930.82;1976.77;22.99;27.59;13.80;79.41;79.31;8.463;EXPLOSIVE_UP;3;82.7;3;1
2026.02.06 13:00;1917.78;1959.32;1916.10;1947.37;21.40;22.79;15.93;84.75;74.01;6.850;EXPLOSIVE_UP;3;81.6;3;1
2026.02.06 12:00;1929.24;1929.24;1911.35;1917.78;21.97;15.59;18.38;73.76;58.47;5.226;STRONG_UP;2;79.9;3;1
2026.02.06 11:00;1923.41;1935.60;1916.43;1929.26;24.09;17.99;16.84;63.52;42.46;5.856;STRONG_UP;2;81.7;3;1
2026.02.06 10:00;1915.72;1931.22;1906.74;1923.41;27.29;17.24;19.43;38.13;27.62;5.535;STRONG_UP;2;82;3;1
2026.02.06 09:00;1871.39;1925.89;1867.78;1915.64;30.56;16.54;22.42;25.73;30.33;5.109;STRONG_UP;2;82.2;3;1
2026.02.06 08:00;1895.75;1903.59;1862.98;1871.40;32.94;13.18;25.87;19.01;45.00;2.681;SOFT_UP;1;77;3;1
2026.02.06 07:00;1905.23;1911.73;1884.21;1895.75;33.01;15.21;21.81;46.25;64.73;4.017;STRONG_UP;2;82.3;3;1
2026.02.06 06:00;1955.32;1963.81;1904.06;1905.23;35.35;17.55;14.07;69.75;75.24;4.538;STRONG_UP;2;84.1;3;0
2026.02.06 05:00;1905.95;1971.90;1903.26;1955.10;39.10;20.25;16.23;78.19;79.49;7.274;EXPLOSIVE_UP;3;86.9;3;0
2026.02.06 04:00;1888.51;1914.97;1882.76;1905.95;43.42;10.61;18.73;77.77;80.01;4.577;STRONG_UP;2;86.1;3;0
2026.02.06 03:00;1903.96;1914.25;1876.15;1888.51;45.84;11.90;21.61;82.52;74.36;3.620;SOFT_UP;1;86.3;3;0
2026.02.06 02:00;1928.50;1944.21;1887.98;1903.96;48.43;13.73;20.16;79.73;59.73;4.468;STRONG_UP;2;88;3;0
2026.02.06 01:00;1866.80;1936.62;1866.43;1928.40;52.95;13.76;23.26;60.83;39.32;5.809;STRONG_UP;2;;;0
2026.02.06 00:00;1822.53;1888.67;1743.00;1866.83;57.15;5.37;26.84;38.63;26.70;2.431;SOFT_UP;1;;;0
2026.02.05 23:00;1866.25;1902.46;1816.09;1822.53;55.69;6.19;23.25;18.50;19.07;-14.930;SPIKE_DOWN;-4;-83.2;-3;0
2026.02.05 22:00;1845.38;1885.73;1813.64;1866.25;55.34;4.17;26.83;22.98;18.71;-12.889;EXPLOSIVE_DOWN;-3;-82.5;-3;0
2026.02.05 21:00;1864.26;1907.08;1835.63;1845.38;52.61;4.81;26.26;15.75;15.97;-13.863;SPIKE_DOWN;-4;-83.3;-3;0
2026.02.05 20:00;1923.60;1937.90;1821.76;1864.45;50.08;5.55;30.30;17.40;18.82;-12.973;EXPLOSIVE_DOWN;-3;-83.2;-3;0
2026.02.05 19:00;1944.99;1948.09;1912.96;1923.58;47.16;6.40;22.89;14.78;21.24;-10.213;EXPLOSIVE_DOWN;-3;-81.8;-3;1
2026.02.05 18:00;1949.84;1964.05;1910.13;1945.00;45.75;7.38;26.41;24.27;24.27;-9.213;EXPLOSIVE_DOWN;-3;-81.4;-3;1
2026.02.05 17:00;1994.30;1997.11;1939.57;1949.84;44.13;8.52;22.07;24.67;20.71;-8.987;EXPLOSIVE_DOWN;-3;-81.6;-3;1
2026.02.05 16:00;1956.77;2013.43;1940.45;1994.29;44.11;9.83;25.23;23.88;16.58;-6.912;EXPLOSIVE_DOWN;-3;-79.8;-3;1
2026.02.05 15:00;2041.81;2049.68;1922.73;1956.69;44.14;11.34;29.11;13.57;14.43;-8.667;EXPLOSIVE_DOWN;-3;-82.3;-3;1
2026.02.05 14:00;2053.65;2101.91;2038.61;2041.81;44.17;13.09;19.55;12.30;17.97;-4.694;STRONG_DOWN;-2;-77;-3;1
2026.02.05 13:00;2059.10;2075.85;2044.52;2053.65;47.93;8.77;22.55;17.44;28.78;-4.142;STRONG_DOWN;-2;-76.3;-3;1
2026.02.05 12:00;2075.01;2087.98;2039.09;2059.10;48.53;10.12;26.02;24.18;43.87;-3.887;STRONG_DOWN;-2;-76.5;-3;1
2026.02.05 11:00;2093.00;2100.46;2057.88;2075.01;49.23;11.68;24.11;44.71;56.90;-3.145;SOFT_DOWN;-1;-74.8;-3;1
2026.02.05 10:00;2128.83;2135.59;2082.08;2093.00;51.46;13.47;19.08;62.72;54.55;-2.305;SOFT_DOWN;-1;-71.4;-3;1
2026.02.05 09:00;2106.58;2144.19;2106.07;2128.83;56.72;15.54;15.12;63.26;41.77;-0.632;NEUTRE;0;-42.1;-1;1
2026.02.05 08:00;2085.60;2115.56;2085.60;2106.59;65.23;6.38;17.44;37.65;28.41;-1.671;NEUTRE;0;-69.6;-3;1
2026.02.05 07:00;2082.34;2118.79;2080.51;2085.55;68.13;7.36;20.12;24.40;23.35;-2.653;SOFT_DOWN;-1;-78.4;-3;1
2026.02.05 06:00;2095.85;2101.99;2064.60;2082.34;71.47;1.74;23.22;23.17;24.68;-2.802;SOFT_DOWN;-1;-80.6;-3;0
2026.02.05 05:00;2098.46;2118.67;2072.56;2095.85;69.23;2.01;23.52;22.49;31.19;-2.172;SOFT_DOWN;-1;-79.9;-3;0
2026.02.05 04:00;2104.89;2120.04;2074.36;2098.50;66.92;2.32;26.54;28.40;42.34;-2.048;SOFT_DOWN;-1;-81.4;-3;0
2026.02.05 03:00;2118.49;2130.59;2093.20;2104.89;64.30;2.68;24.27;42.68;52.89;-1.750;NEUTRE;0;-82.4;-3;0
2026.02.05 02:00;2141.97;2157.47;2107.52;2118.54;61.87;3.09;22.12;55.95;55.47;-1.113;NEUTRE;0;-82.1;-3;0
2026.02.05 01:00;2144.24;2167.67;2117.59;2141.97;59.78;3.57;22.42;60.04;52.07;-0.019;NEUTRE;0;;;0
2026.02.05 00:00;2142.38;2158.09;2131.07;2144.29;57.82;4.12;21.72;50.42;50.13;0.089;NEUTRE;0;;;0
2026.02.04 23:00;2114.23;2160.00;2109.84;2142.38;56.23;4.75;25.07;45.76;57.58;-3.902;STRONG_DOWN;-2;-65.4;-3;0
2026.02.04 22:00;2123.94;2161.60;2082.56;2114.83;54.40;5.48;28.92;54.22;66.05;-5.137;STRONG_DOWN;-2;-71.6;-3;0
2026.02.04 21:00;2166.05;2173.89;2102.40;2123.79;52.28;6.32;29.51;72.76;64.75;-4.735;STRONG_DOWN;-2;-71;-3;0
2026.02.04 20:00;2182.69;2186.93;2155.99;2166.05;50.37;7.30;22.52;71.17;49.97;-2.840;SOFT_DOWN;-1;-61.3;-2;0
2026.02.04 19:00;2142.16;2188.28;2127.67;2182.69;50.27;8.42;25.98;50.30;31.93;-2.093;SOFT_DOWN;-1;-54.8;-2;1
2026.02.04 18:00;2119.98;2178.21;2071.66;2142.11;50.15;7.16;29.98;28.44;19.11;-3.914;STRONG_DOWN;-2;-70.4;-3;1
2026.02.04 17:00;2130.50;2149.32;2087.55;2119.93;48.41;4.09;34.59;17.04;11.60;-4.909;STRONG_DOWN;-2;-75;-3;1
2026.02.04 16:00;2147.29;2156.41;2102.24;2130.50;43.73;4.72;36.25;11.83;8.82;-4.434;STRONG_DOWN;-2;-74.4;-3;1
2026.02.04 15:00;2167.40;2192.40;2132.57;2147.11;38.61;5.44;33.22;5.91;12.29;-3.689;SOFT_DOWN;-1;-72.5;-3;1
2026.02.04 14:00;2194.21;2221.91;2164.61;2167.40;33.50;6.28;30.09;8.73;21.30;-2.779;SOFT_DOWN;-1;-68.6;-3;1
2026.02.04 13:00;2239.68;2241.69;2193.15;2194.21;28.59;7.25;27.05;22.22;28.88;-1.577;NEUTRE;0;-57.4;-2;1
2026.02.04 12:00;2250.55;2258.79;2226.87;2239.68;24.10;8.36;20.53;32.96;33.31;0.463;NEUTRE;0;26.4;1;1
2026.02.04 11:00;2256.33;2262.96;2222.59;2250.55;21.33;9.65;23.69;31.47;40.31;0.950;NEUTRE;0;48.1;2;1
2026.02.04 10:00;2256.29;2259.91;2246.19;2256.33;18.14;11.13;18.34;35.50;52.65;1.210;NEUTRE;0;57.3;2;1
2026.02.04 09:00;2275.62;2275.62;2247.25;2256.29;17.17;12.85;19.97;53.96;61.16;1.208;NEUTRE;0;60;2;1
2026.02.04 08:00;2279.40;2281.61;2262.18;2275.62;16.47;14.82;14.95;68.50;63.54;2.075;SOFT_UP;1;73.3;3;1
2026.02.04 07:00;2273.48;2288.61;2259.81;2279.40;18.94;17.10;17.25;61.03;63.80;2.245;SOFT_UP;1;76.4;3;1
2026.02.04 06:00;2261.31;2280.36;2254.32;2273.48;21.79;15.33;19.90;61.08;66.75;1.979;SOFT_UP;1;76.8;3;0
2026.02.04 05:00;2269.79;2276.85;2252.09;2261.31;23.15;15.61;22.96;69.29;66.04;1.433;NEUTRE;0;74.8;3;0
2026.02.04 04:00;2279.23;2285.83;2266.67;2269.73;23.78;18.02;17.43;69.89;56.88;1.811;NEUTRE;0;80.3;3;0
2026.02.04 03:00;2247.59;2291.42;2244.77;2279.21;27.18;20.79;20.12;58.93;48.59;2.236;SOFT_UP;1;84.1;3;0
2026.02.04 02:00;2264.51;2272.23;2238.25;2247.57;31.11;17.66;23.21;41.81;45.11;0.817;NEUTRE;0;79.2;3;0
2026.02.04 01:00;2237.09;2277.76;2237.09;2264.51;33.81;20.37;26.78;45.01;51.32;1.577;NEUTRE;0;;;0
2026.02.04 00:00;2229.36;2252.70;2219.74;2237.09;36.92;14.03;30.90;48.49;59.67;0.347;NEUTRE;0;;;0
2026.02.03 23:00;2232.44;2244.63;2208.99;2229.36;36.82;12.42;35.66;60.44;66.34;-4.885;STRONG_DOWN;-2;-69.9;-3;0
2026.02.03 22:00;2279.73;2282.08;2225.10;2232.44;35.05;14.33;34.19;70.08;61.49;-4.753;STRONG_DOWN;-2;-70.2;-3;0
2026.02.03 21:00;2295.43;2332.29;2276.65;2279.74;34.15;16.53;25.53;68.49;44.78;-2.735;SOFT_DOWN;-1;-59.2;-2;0
2026.02.03 20:00;2201.71;2338.67;2184.68;2295.43;36.11;19.08;29.45;45.89;23.31;-2.066;SOFT_DOWN;-1;-53.1;-2;0
2026.02.03 19:00;2117.39;2214.72;2109.15;2201.76;38.37;9.63;33.99;19.97;14.97;-6.062;STRONG_DOWN;-2;-76.3;-3;1
2026.02.03 18:00;2191.68;2203.21;2106.52;2117.39;35.69;9.43;39.21;4.06;17.55;-9.662;EXPLOSIVE_DOWN;-3;-81.8;-3;1
2026.02.03 17:00;2237.64;2241.53;2190.59;2191.18;31.76;10.88;31.87;20.88;34.72;-6.514;STRONG_DOWN;-2;-78.5;-3;1
2026.02.03 16:00;2300.24;2300.41;2232.36;2237.64;29.09;12.56;24.16;27.73;43.45;-4.531;STRONG_DOWN;-2;-74.7;-3;1
2026.02.03 15:00;2253.93;2309.97;2249.74;2300.24;28.71;14.49;23.95;55.56;51.14;-1.861;NEUTRE;0;-58;-2;1
2026.02.03 14:00;2309.06;2313.78;2251.83;2253.93;29.34;16.72;27.10;47.06;43.53;-3.836;STRONG_DOWN;-2;-74.2;-3;1
2026.02.03 13:00;2297.65;2314.23;2293.08;2308.98;30.21;19.29;21.02;50.81;36.81;-1.488;NEUTRE;0;-55.9;-2;1
2026.02.03 12:00;2273.17;2302.29;2268.68;2297.65;34.20;13.58;24.26;32.71;30.09;-1.971;SOFT_DOWN;-1;-64.7;-2;1
2026.02.03 11:00;2278.62;2284.95;2267.24;2273.17;35.12;7.73;27.99;26.90;32.54;-3.016;SOFT_DOWN;-1;-74.2;-3;1
2026.02.03 10:00;2289.06;2296.37;2273.25;2278.62;31.80;8.92;27.07;30.66;38.82;-2.783;SOFT_DOWN;-1;-74.4;-3;1
2026.02.03 09:00;2312.55;2315.57;2260.45;2289.06;28.93;10.29;31.24;40.04;44.69;-2.338;SOFT_DOWN;-1;-73.4;-3;1
2026.02.03 08:00;2319.72;2329.56;2306.55;2312.55;25.62;11.87;23.18;45.76;50.49;-1.335;NEUTRE;0;-65.1;-3;1
2026.02.03 07:00;2316.90;2329.98;2309.53;2319.72;24.60;13.70;24.75;48.26;57.49;-1.030;NEUTRE;0;-62.2;-2;1
2026.02.03 06:00;2312.80;2325.15;2295.75;2316.90;23.96;12.17;28.56;57.45;60.30;-1.150;NEUTRE;0;-68;-3;0
2026.02.03 05:00;2342.22;2342.54;2311.81;2312.80;21.46;14.04;24.54;66.76;59.01;-1.325;NEUTRE;0;-73.7;-3;0
2026.02.03 04:00;2340.43;2351.51;2329.94;2342.22;20.58;16.21;19.24;56.69;54.49;-0.070;NEUTRE;0;-12.7;0;0
2026.02.03 03:00;2295.38;2341.51;2282.16;2340.43;22.43;11.57;22.21;53.58;64.84;-0.146;NEUTRE;0;-32.1;-1;0
2026.02.03 02:00;2351.50;2351.75;2293.81;2295.38;21.03;13.35;22.60;53.21;75.50;-2.068;SOFT_DOWN;-1;-85.7;-3;0
2026.02.03 01:00;2350.99;2356.54;2334.73;2351.50;20.30;15.40;15.21;87.75;78.92;0.326;NEUTRE;0;;;0
2026.02.03 00:00;2343.85;2352.62;2322.08;2350.99;23.33;15.00;17.55;85.54;62.75;0.305;NEUTRE;0;;;0
2026.02.02 23:00;2348.18;2352.38;2336.85;2343.85;25.72;17.31;12.81;63.47;41.50;3.385;SOFT_UP;1;62.2;2;0
2026.02.02 22:00;2339.08;2351.74;2332.73;2348.18;27.38;19.34;14.78;39.23;29.10;3.576;SOFT_UP;1;64.5;2;0
2026.02.02 21:00;2318.69;2341.86;2316.35;2339.08;29.53;14.32;17.06;21.80;30.13;3.175;SOFT_UP;1;62.8;2;0
2026.02.02 20:00;2328.92;2337.61;2310.57;2318.69;32.74;13.96;19.68;26.27;42.29;2.276;SOFT_UP;1;55.7;2;0
2026.02.02 19:00;2342.20;2347.74;2324.61;2329.06;35.15;16.11;14.72;42.32;56.81;2.733;SOFT_UP;1;61.6;2;1
2026.02.02 18:00;2354.04;2356.83;2331.40;2342.20;39.87;18.58;12.47;58.27;66.01;3.313;SOFT_UP;1;67.1;3;1
2026.02.02 17:00;2355.98;2379.12;2343.62;2354.04;42.98;21.44;7.00;69.85;72.53;3.835;STRONG_UP;2;71;3;1
2026.02.02 16:00;2370.31;2385.00;2347.49;2355.98;41.78;24.74;6.40;69.92;76.33;3.920;STRONG_UP;2;72.4;3;1
2026.02.02 15:00;2326.13;2393.92;2317.95;2370.31;39.14;28.55;7.38;77.81;80.60;4.553;STRONG_UP;2;75.7;3;1
2026.02.02 14:00;2324.69;2364.94;2296.27;2326.20;36.10;27.07;8.52;81.25;80.17;2.607;SOFT_UP;1;67.4;3;1
2026.02.02 13:00;2308.47;2332.45;2299.13;2324.66;33.64;23.96;9.83;82.73;78.32;2.539;SOFT_UP;1;68.3;3;1
2026.02.02 12:00;2279.16;2314.85;2278.81;2308.47;32.38;19.52;11.34;76.54;77.48;1.825;NEUTRE;0;63;2;1
2026.02.02 11:00;2274.46;2294.55;2270.29;2279.16;33.28;13.86;13.09;75.69;77.93;0.532;NEUTRE;0;31.9;1;1
2026.02.02 10:00;2288.11;2296.35;2270.64;2274.46;37.96;15.99;14.88;80.21;74.01;0.325;NEUTRE;0;22.7;0;1
2026.02.02 09:00;2245.67;2314.69;2234.59;2288.11;43.25;18.45;17.17;77.90;61.46;0.927;NEUTRE;0;53;2;1
2026.02.02 08:00;2225.24;2254.62;2225.24;2245.67;49.35;9.75;19.81;63.93;48.42;-0.945;NEUTRE;0;-56.7;-2;1
2026.02.02 07:00;2223.68;2248.97;2214.44;2225.24;51.71;8.29;22.86;42.56;39.83;-1.846;NEUTRE;0;-73.6;-3;1
2026.02.02 06:00;2194.55;2236.80;2154.35;2223.68;52.47;4.14;26.37;38.77;40.15;-1.915;SOFT_DOWN;-1;-76.3;-3;0
2026.02.02 05:00;2236.92;2239.17;2181.38;2194.55;49.34;4.78;25.39;38.15;43.00;-3.200;SOFT_DOWN;-1;-83.1;-3;0
2026.02.02 04:00;2235.10;2264.01;2204.12;2236.92;46.42;5.52;23.24;43.52;47.35;-1.331;NEUTRE;0;-76.9;-3;0
2026.02.02 03:00;2258.77;2264.30;2162.65;2235.10;44.08;6.37;26.81;47.32;49.68;-1.411;NEUTRE;0;-80.6;-3;0
2026.02.02 02:00;2287.75;2296.93;2256.12;2258.77;41.38;7.35;16.79;51.20;48.63;-0.367;NEUTRE;0;-67.1;-3;0
2026.02.02 01:00;2290.30;2314.56;2246.64;2287.91;41.72;8.48;19.38;50.51;41.36;0.918;NEUTRE;0;;;0
2026.02.02 00:00;2267.10;2320.78;2239.43;2290.30;42.12;9.78;22.36;44.19;33.75;1.023;NEUTRE;0;;;0
2026.02.01 23:00;2315.64;2318.04;2218.78;2267.10;42.58;10.77;25.80;29.39;28.02;-7.398;EXPLOSIVE_DOWN;-3;-76.4;-3;0
2026.02.01 22:00;2286.47;2331.56;2283.45;2315.63;42.81;12.42;19.74;27.67;33.52;-5.416;STRONG_DOWN;-2;-72.5;-3;0
2026.02.01 21:00;2312.83;2316.27;2276.71;2286.47;45.89;9.44;22.78;27.01;37.88;-6.607;EXPLOSIVE_DOWN;-3;-76.1;-3;0
2026.02.01 20:00;2317.22;2346.02;2295.66;2312.83;46.58;10.90;18.91;45.87;39.61;-5.530;STRONG_DOWN;-2;-74.3;-3;0
2026.02.01 19:00;2347.81;2352.85;2303.73;2317.22;49.61;12.57;19.36;40.76;30.97;-5.351;STRONG_DOWN;-2;-74.6;-3;0
2026.02.01 18:00;2311.27;2374.70;2310.44;2347.82;53.98;14.51;20.24;32.21;25.66;-4.101;STRONG_DOWN;-2;-71.2;-3;0
2026.02.01 17:00;2300.87;2318.52;2294.13;2311.27;59.74;3.29;23.35;19.93;23.91;-5.594;STRONG_DOWN;-2;-76.7;-3;0
2026.02.01 16:00;2312.34;2329.73;2281.50;2300.87;57.35;3.80;26.94;24.85;27.80;-6.019;STRONG_DOWN;-2;-78.3;-3;0
2026.02.01 15:00;2369.80;2369.80;2283.48;2312.19;54.59;4.38;30.45;26.95;31.10;-5.556;STRONG_DOWN;-2;-78.2;-3;0
2026.02.01 14:00;2378.09;2385.86;2324.45;2369.79;51.47;5.05;27.84;31.61;32.89;-3.204;SOFT_DOWN;-1;-71.3;-3;0
2026.02.01 13:00;2392.86;2407.34;2366.92;2378.09;48.73;5.83;21.48;34.74;36.98;-2.865;SOFT_DOWN;-1;-70.6;-3;0
2026.02.01 12:00;2408.89;2409.74;2380.92;2392.86;47.41;6.73;19.46;32.31;37.09;-2.261;SOFT_DOWN;-1;-67.6;-3;0
2026.02.01 11:00;2377.61;2420.05;2377.61;2408.89;47.22;7.76;22.45;43.89;40.43;-1.606;NEUTRE;0;-62;-2;0
2026.02.01 10:00;2428.76;2435.53;2372.72;2377.61;47.01;8.96;25.90;35.09;34.58;-2.884;SOFT_DOWN;-1;-74.9;-3;0
2026.02.01 09:00;2409.20;2434.43;2403.15;2428.76;46.76;10.33;22.43;42.30;30.10;-0.795;NEUTRE;0;-48.7;-2;0
2026.02.01 08:00;2407.39;2424.21;2392.90;2409.20;48.28;6.90;25.88;26.35;24.15;-1.594;NEUTRE;0;-68.7;-3;0
2026.02.01 07:00;2414.67;2433.99;2389.77;2407.39;46.79;7.96;29.87;21.64;27.64;-1.668;NEUTRE;0;-72;-3;0
2026.02.01 06:00;2426.90;2436.53;2405.17;2414.67;45.08;9.18;29.10;24.46;38.04;-1.370;NEUTRE;0;-71.2;-3;0
2026.02.01 05:00;2444.30;2445.55;2420.98;2426.90;44.01;10.60;25.83;36.80;50.89;-0.871;NEUTRE;0;-66;-3;0
2026.02.01 04:00;2441.71;2450.61;2437.88;2444.30;44.35;12.23;19.22;52.85;63.02;-0.160;NEUTRE;0;-27.3;-1;0
2026.02.01 03:00;2448.86;2452.90;2434.59;2441.71;47.75;14.11;22.17;63.02;71.29;-0.266;NEUTRE;0;-48.8;-2;0
2026.02.01 02:00;2440.82;2457.84;2436.61;2448.85;51.67;16.28;23.89;73.19;79.08;0.026;NEUTRE;0;9.5;0;0
2026.02.01 01:00;2448.91;2452.62;2426.52;2440.74;56.71;15.00;27.56;77.64;81.47;-0.306;NEUTRE;0;;;0
2026.02.01 00:00;2448.22;2472.70;2442.22;2448.89;60.89;17.30;22.55;86.39;77.44;0.027;NEUTRE;0;;;0
2026.01.31 23:00;2415.39;2469.73;2412.81;2448.22;68.23;18.47;26.02;80.37;65.99;-9.380;EXPLOSIVE_DOWN;-3;-79.2;-3;0
2026.01.31 22:00;2414.64;2420.48;2402.21;2415.39;76.12;8.00;30.02;65.55;52.81;-10.595;EXPLOSIVE_DOWN;-3;-80.8;-3;0
2026.01.31 21:00;2377.72;2418.78;2368.34;2414.64;78.92;7.80;34.64;52.03;41.47;-10.623;EXPLOSIVE_DOWN;-3;-81.3;-3;0
2026.01.31 20:00;2377.89;2401.63;2350.55;2377.72;81.33;3.76;39.97;40.85;31.35;-11.990;EXPLOSIVE_DOWN;-3;-82.6;-3;0
2026.01.31 19:00;2375.96;2428.50;2368.02;2377.89;81.11;4.34;40.85;31.51;21.62;-11.983;EXPLOSIVE_DOWN;-3;-83;-3;0
2026.01.31 18:00;2398.47;2412.24;2240.40;2375.96;81.16;0.88;47.14;21.68;15.84;-12.055;EXPLOSIVE_DOWN;-3;-83.4;-3;0
2026.01.31 17:00;2477.73;2489.16;2368.16;2398.47;78.82;1.01;42.95;11.66;15.02;-11.222;EXPLOSIVE_DOWN;-3;-83.3;-3;0
2026.01.31 16:00;2529.00;2545.77;2464.19;2477.73;76.27;1.17;37.35;14.19;19.25;-8.288;EXPLOSIVE_DOWN;-3;-81.5;-3;0
2026.01.31 15:00;2533.60;2549.26;2521.64;2529.03;73.55;1.35;32.26;19.22;25.59;-6.389;STRONG_DOWN;-2;-79.7;-3;0
2026.01.31 14:00;2623.74;2630.74;2505.55;2533.60;70.72;1.55;37.23;24.34;32.17;-6.220;STRONG_DOWN;-2;-80.1;-3;0
2026.01.31 13:00;2627.94;2631.58;2612.64;2623.74;67.44;1.79;29.79;33.20;37.90;-2.883;SOFT_DOWN;-1;-70.7;-3;0
2026.01.31 12:00;2634.93;2637.86;2623.05;2627.94;64.18;2.07;25.92;38.96;40.55;-2.728;SOFT_DOWN;-1;-71.1;-3;0
2026.01.31 11:00;2645.95;2645.95;2628.93;2634.93;60.94;2.39;23.80;41.54;40.04;-2.469;SOFT_DOWN;-1;-70.9;-3;0
2026.01.31 10:00;2642.72;2649.97;2630.92;2645.95;57.74;2.75;25.67;41.16;37.78;-2.061;SOFT_DOWN;-1;-69.4;-3;0
2026.01.31 09:00;2638.48;2653.76;2628.06;2642.72;54.21;3.18;29.61;37.43;36.12;-2.181;SOFT_DOWN;-1;-72.2;-3;0
2026.01.31 08:00;2674.14;2677.52;2604.04;2638.48;50.15;3.67;34.17;34.76;36.39;-2.338;SOFT_DOWN;-1;-75.1;-3;0
2026.01.31 07:00;2686.83;2687.89;2662.52;2674.14;45.46;4.23;27.18;36.16;37.69;-1.018;NEUTRE;0;-61.9;-2;0
2026.01.31 06:00;2691.83;2694.91;2678.31;2686.83;41.22;4.88;21.79;38.25;39.95;-0.548;NEUTRE;0;-49.6;-2;0
2026.01.31 05:00;2689.35;2697.70;2684.45;2691.83;37.80;5.63;19.45;38.65;44.44;-0.363;NEUTRE;0;-43.1;-1;0
2026.01.31 04:00;2689.87;2698.95;2686.85;2689.35;35.14;6.50;19.66;42.94;50.00;-0.455;NEUTRE;0;-55.7;-2;0
2026.01.31 03:00;2695.88;2700.36;2688.56;2689.87;32.81;7.50;20.51;51.74;52.28;-0.436;NEUTRE;0;-61.9;-2;0
2026.01.31 02:00;2693.94;2702.58;2678.65;2695.88;30.71;8.65;23.66;55.34;52.42;-0.213;NEUTRE;0;-53.9;-2;0
2026.01.31 01:00;2700.59;2708.69;2692.85;2693.94;28.28;9.98;18.17;49.77;51.91;-0.285;NEUTRE;0;;;0
2026.01.31 00:00;2701.64;2709.04;2697.53;2700.59;28.16;11.52;16.42;52.13;52.03;-0.039;NEUTRE;0;;;0
2026.01.30 23:00;2704.37;2706.29;2688.90;2701.64;29.79;9.61;18.95;53.82;54.25;-4.077;STRONG_DOWN;-2;-66.4;-3;0
2026.01.30 22:00;2702.81;2704.37;2687.34;2704.37;29.34;9.39;21.86;50.12;58.54;-3.980;STRONG_DOWN;-2;-66.8;-3;0
2026.01.30 21:00;2674.85;2708.61;2671.55;2702.81;27.72;10.84;25.23;58.82;65.13;-4.036;STRONG_DOWN;-2;-68;-3;0
2026.01.30 20:00;2737.03;2737.59;2659.35;2674.79;25.84;12.50;29.11;66.67;64.34;-5.030;STRONG_DOWN;-2;-72.8;-3;0
2026.01.30 19:00;2734.51;2756.42;2729.52;2737.03;23.68;14.43;19.79;69.91;55.12;-2.821;SOFT_DOWN;-1;-62.4;-2;1
2026.01.30 18:00;2706.83;2744.25;2631.25;2734.45;24.91;9.69;22.84;56.43;47.03;-2.912;SOFT_DOWN;-1;-64.4;-2;1
2026.01.30 17:00;2721.19;2735.39;2700.98;2706.83;22.52;11.18;16.85;39.02;42.36;-3.893;STRONG_DOWN;-2;-71.3;-3;1
2026.01.30 16:00;2723.96;2738.88;2700.67;2721.19;22.87;12.90;19.45;45.64;43.81;-3.383;SOFT_DOWN;-1;-69.8;-3;1
2026.01.30 15:00;2731.68;2747.11;2689.33;2724.16;23.28;14.88;22.44;42.41;47.41;-3.278;SOFT_DOWN;-1;-70.4;-3;1
2026.01.30 14:00;2724.49;2759.68;2719.65;2731.68;23.74;17.17;17.82;43.37;56.31;-3.011;SOFT_DOWN;-1;-70.2;-3;1
2026.01.30 13:00;2734.68;2745.38;2714.15;2724.49;27.11;14.32;20.56;56.45;63.19;-3.266;SOFT_DOWN;-1;-72.8;-3;1
2026.01.30 12:00;2753.97;2760.89;2732.09;2734.68;28.53;16.52;14.89;69.13;61.98;-2.904;SOFT_DOWN;-1;-72.2;-3;1
2026.01.30 11:00;2730.45;2763.20;2728.97;2754.01;32.12;19.06;17.18;64.00;55.22;-2.218;SOFT_DOWN;-1;-68.9;-3;1
2026.01.30 10:00;2716.37;2731.31;2705.81;2730.45;36.26;7.66;19.82;52.81;48.73;-3.054;SOFT_DOWN;-1;-75.7;-3;1
2026.01.30 09:00;2731.60;2738.29;2704.71;2716.37;35.03;8.84;22.87;48.86;45.84;-3.554;SOFT_DOWN;-1;-78.9;-3;1
2026.01.30 08:00;2734.41;2742.29;2717.02;2731.60;33.61;10.20;20.75;44.53;43.81;-3.013;SOFT_DOWN;-1;-78.4;-3;1
2026.01.30 07:00;2713.11;2745.23;2712.83;2734.41;33.54;11.77;23.94;44.14;43.66;-2.914;SOFT_DOWN;-1;-79.4;-3;1
2026.01.30 06:00;2741.64;2743.15;2692.20;2713.11;33.46;12.59;27.62;42.76;42.27;-3.670;SOFT_DOWN;-1;-82.8;-3;0
2026.01.30 05:00;2747.51;2755.23;2741.46;2741.64;32.85;14.53;17.00;44.08;40.87;-2.657;SOFT_DOWN;-1;-81.7;-3;0
2026.01.30 04:00;2735.48;2768.94;2732.62;2747.51;36.71;16.77;19.61;39.98;39.12;-2.448;SOFT_DOWN;-1;-82.8;-3;0
2026.01.30 03:00;2731.15;2742.05;2728.42;2735.48;41.15;7.95;22.63;38.55;44.38;-2.876;SOFT_DOWN;-1;-85.4;-3;0
2026.01.30 02:00;2741.39;2745.15;2693.81;2731.15;40.10;9.18;26.11;38.83;57.07;-3.029;SOFT_DOWN;-1;-87.1;-3;0
2026.01.30 01:00;2798.72;2807.42;2681.38;2741.39;38.89;10.59;30.12;55.78;69.52;-2.666;SOFT_DOWN;-1;;;0
2026.01.30 00:00;2816.47;2823.10;2796.61;2798.72;37.49;12.22;20.69;76.61;71.57;-0.630;NEUTRE;0;;;0
2026.01.29 23:00;2814.15;2821.82;2807.12;2816.47;39.29;14.10;17.77;76.16;61.69;-6.271;STRONG_DOWN;-2;-74.1;-3;0
2026.01.29 22:00;2814.04;2819.28;2804.92;2814.15;43.57;13.61;20.51;61.95;44.47;-6.348;STRONG_DOWN;-2;-74.9;-3;0
2026.01.29 21:00;2799.61;2819.34;2798.88;2813.75;47.16;15.70;23.66;46.97;29.63;-6.362;STRONG_DOWN;-2;-75.6;-3;0
2026.01.29 20:00;2791.15;2806.13;2782.80;2799.61;51.30;8.19;27.30;24.47;19.32;-6.832;EXPLOSIVE_DOWN;-3;-77.2;-3;0
2026.01.29 19:00;2757.66;2805.24;2751.82;2791.15;50.91;8.86;31.50;17.44;18.40;-7.114;EXPLOSIVE_DOWN;-3;-78.3;-3;1
2026.01.29 18:00;2818.67;2828.77;2749.42;2757.71;50.11;10.22;36.35;16.05;18.68;-8.227;EXPLOSIVE_DOWN;-3;-80.4;-3;1
2026.01.29 17:00;2829.43;2854.42;2813.58;2818.67;49.19;11.79;29.50;21.72;18.64;-6.198;STRONG_DOWN;-2;-78;-3;1
2026.01.29 16:00;2818.25;2831.12;2795.59;2829.43;50.16;4.83;34.04;18.27;17.02;-5.840;STRONG_DOWN;-2;-78;-3;1
2026.01.29 15:00;2870.33;2872.05;2790.76;2818.25;46.31;5.57;39.28;15.94;19.26;-6.212;STRONG_DOWN;-2;-79.4;-3;1
2026.01.29 14:00;2930.31;2931.28;2870.03;2870.33;41.88;6.43;30.32;16.87;19.81;-4.479;STRONG_DOWN;-2;-76.4;-3;1
2026.01.29 13:00;2930.36;2933.06;2925.47;2930.31;38.32;7.42;21.06;24.97;17.00;-2.483;SOFT_DOWN;-1;-67.9;-3;1
2026.01.29 12:00;2923.57;2932.43;2919.67;2930.36;36.85;7.29;24.30;17.58;15.49;-2.481;SOFT_DOWN;-1;-69.4;-3;1
2026.01.29 11:00;2938.32;2939.24;2917.78;2923.57;34.23;8.41;28.04;8.46;23.53;-2.707;SOFT_DOWN;-1;-72.5;-3;1
2026.01.29 10:00;2936.50;2943.04;2935.49;2938.32;31.21;9.70;19.65;20.44;35.71;-2.216;SOFT_DOWN;-1;-70.7;-3;1
2026.01.29 09:00;2946.69;2949.29;2936.50;2936.50;30.80;11.19;20.62;41.70;40.01;-2.277;SOFT_DOWN;-1;-72.9;-3;1
2026.01.29 08:00;2955.78;2963.89;2937.70;2946.69;30.98;12.92;22.35;45.00;34.69;-1.937;SOFT_DOWN;-1;-72.2;-3;1
2026.01.29 07:00;2950.20;2959.15;2949.52;2955.78;31.63;14.90;18.84;33.34;26.10;-1.635;NEUTRE;0;-71.6;-3;1
2026.01.29 06:00;2945.60;2953.58;2944.15;2950.20;34.70;8.30;21.74;25.75;21.25;-1.821;NEUTRE;0;-75.7;-3;0
2026.01.29 05:00;2953.42;2959.69;2942.01;2945.60;33.15;9.57;25.09;19.20;17.36;-1.974;SOFT_DOWN;-1;-78.9;-3;0
2026.01.29 04:00;2946.59;2954.63;2931.50;2953.42;31.37;6.64;28.94;18.79;17.73;-1.714;NEUTRE;0;-79.7;-3;0
2026.01.29 03:00;2953.40;2966.37;2941.53;2946.59;26.55;7.66;26.73;14.10;20.32;-1.941;SOFT_DOWN;-1;-83.2;-3;0
2026.01.29 02:00;2986.99;2993.52;2938.66;2953.39;22.11;8.84;30.84;20.30;28.65;-1.715;NEUTRE;0;-84.8;-3;0
2026.01.29 01:00;3003.69;3005.84;2981.28;2986.99;16.98;10.20;23.63;26.55;39.02;-0.596;NEUTRE;0;;;0
2026.01.29 00:00;3004.91;3007.65;2990.67;3003.69;13.49;11.77;21.38;39.09;48.42;-0.041;NEUTRE;0;;;0
2026.01.28 23:00;3012.77;3017.06;3002.32;3004.91;11.11;13.59;14.12;51.42;55.36;-0.530;NEUTRE;0;-16.5;0;0
2026.01.28 22:00;3016.22;3021.38;3002.85;3012.77;12.52;15.68;15.74;54.74;57.73;-0.270;NEUTRE;0;-9;0;0
2026.01.28 21:00;3006.38;3017.71;2990.63;3016.14;14.42;15.04;18.16;59.93;59.26;-0.159;NEUTRE;0;-5.6;0;0
2026.01.28 20:00;3011.33;3032.82;3002.67;3006.38;15.19;17.35;14.11;58.53;54.31;-0.482;NEUTRE;0;-17.2;0;0
2026.01.28 19:00;3009.78;3018.92;2991.42;3011.33;15.95;12.93;16.28;59.32;47.70;-0.318;NEUTRE;0;-12.2;0;1
2026.01.28 18:00;3009.47;3019.28;2994.81;3009.79;16.64;14.92;16.89;45.08;37.46;-0.369;NEUTRE;0;-14.8;0;1
2026.01.28 17:00;2994.36;3026.65;2984.13;3009.47;18.24;17.22;19.49;38.69;38.84;-0.379;NEUTRE;0;-16;0;1
2026.01.28 16:00;3002.77;3013.05;2990.58;2994.36;20.10;14.94;22.49;28.60;47.03;-0.880;NEUTRE;0;-35.3;-1;1
2026.01.28 15:00;3007.70;3016.08;2978.20;3002.77;20.09;17.24;25.95;49.23;65.11;-0.601;NEUTRE;0;-27.3;-1;1
2026.01.28 14:00;3029.65;3029.65;3001.87;3007.70;20.08;19.90;20.32;63.26;75.59;-0.438;NEUTRE;0;-22;0;1
2026.01.28 13:00;3026.35;3040.11;3024.31;3029.65;23.01;22.96;11.02;82.84;83.33;0.289;NEUTRE;0;16;0;1
2026.01.28 12:00;3034.92;3035.59;3018.83;3026.35;21.14;22.09;12.72;80.67;77.00;0.179;NEUTRE;0;10.9;0;1
2026.01.28 11:00;3020.72;3040.48;3009.98;3034.92;20.26;25.49;14.68;86.49;67.80;0.463;NEUTRE;0;28.5;1;1
2026.01.28 10:00;3012.33;3034.18;3007.67;3020.72;19.23;26.23;16.93;63.83;54.04;-0.007;NEUTRE;0;-0.5;0;1
2026.01.28 09:00;2985.38;3012.33;2981.21;3012.33;18.88;17.59;19.54;53.07;50.73;-0.285;NEUTRE;0;-22.2;0;1
2026.01.28 08:00;3000.04;3001.32;2983.28;2985.38;20.97;14.85;22.55;45.22;46.88;-1.177;NEUTRE;0;-62.2;-2;1
2026.01.28 07:00;3009.17;3010.14;2996.46;3000.04;21.03;17.13;14.77;53.89;39.88;-0.692;NEUTRE;0;-51.9;-2;1
2026.01.28 06:00;2999.10;3012.73;2998.47;3009.17;23.13;19.77;14.79;41.53;28.44;-0.389;NEUTRE;0;-39.9;-1;0
2026.01.28 05:00;2994.36;3003.80;2991.15;2999.10;24.47;13.18;17.06;24.23;23.68;-0.723;NEUTRE;0;-61.8;-2;0
2026.01.28 04:00;2999.55;3001.49;2987.52;2994.36;26.25;12.39;19.69;19.56;33.81;-0.880;NEUTRE;0;-70.6;-3;0
2026.01.28 03:00;3005.24;3006.72;2991.39;2999.55;26.80;14.30;18.45;27.24;52.57;-0.708;NEUTRE;0;-71.8;-3;0
2026.01.28 02:00;3012.81;3013.06;3000.14;3005.24;28.97;16.50;12.51;54.63;72.33;-0.519;NEUTRE;0;-73.3;-3;0
2026.01.28 01:00;3018.82;3021.67;3002.26;3012.81;31.31;19.04;11.91;75.85;83.43;-0.269;NEUTRE;0;;;0
2026.01.28 00:00;3020.93;3024.31;3010.03;3018.82;32.58;21.97;7.59;86.51;88.33;-0.070;NEUTRE;0;;;0
2026.01.27 23:00;3014.49;3030.16;3005.80;3020.93;30.11;25.35;8.75;87.93;88.59;3.262;SOFT_UP;1;61.3;2;0
2026.01.27 22:00;3010.26;3017.96;2999.46;3014.49;27.25;21.54;10.10;90.54;87.35;3.042;SOFT_UP;1;60.7;2;0
2026.01.27 21:00;3016.89;3024.95;3000.71;3010.26;25.88;24.86;10.61;87.28;77.24;2.897;SOFT_UP;1;60.6;2;0
2026.01.27 20:00;2975.13;3022.57;2973.41;3017.03;23.69;27.17;12.25;84.22;69.85;3.128;SOFT_UP;1;63.6;2;0
2026.01.27 19:00;2973.01;2986.88;2960.56;2975.13;21.51;20.18;14.13;60.22;63.25;1.696;NEUTRE;0;49;2;1
2026.01.27 18:00;2925.63;2984.05;2921.22;2973.01;22.10;21.63;16.30;65.12;69.39;1.624;NEUTRE;0;49.3;2;1
2026.01.27 17:00;2986.06;2989.76;2913.34;2925.63;23.34;24.96;18.81;64.41;67.53;0.004;NEUTRE;0;0.2;0;1
2026.01.27 16:00;2932.78;2994.02;2929.92;2986.06;24.78;28.80;18.37;78.64;61.61;2.070;SOFT_UP;1;59;2;1
2026.01.27 15:00;2913.52;2936.73;2907.34;2932.78;25.19;19.48;21.20;59.53;51.15;0.249;NEUTRE;0;12.1;0;1
2026.01.27 14:00;2907.02;2938.38;2902.02;2913.52;28.41;22.48;24.46;46.65;42.01;-0.410;NEUTRE;0;-20.7;0;1
2026.01.27 13:00;2913.20;2914.14;2900.45;2907.02;32.13;15.68;28.22;47.26;31.84;-0.632;NEUTRE;0;-32.1;-1;1
2026.01.27 12:00;2911.42;2922.49;2910.09;2913.20;32.68;18.09;21.73;32.13;17.65;-0.421;NEUTRE;0;-24.3;0;1
2026.01.27 11:00;2897.97;2916.59;2895.25;2911.45;36.31;13.55;25.07;16.14;9.63;-0.481;NEUTRE;0;-29.4;-1;1
2026.01.27 10:00;2902.62;2909.37;2896.39;2897.97;37.30;10.43;28.93;4.69;8.30;-0.941;NEUTRE;0;-50.5;-2;1
2026.01.27 09:00;2917.79;2917.79;2901.93;2902.62;35.81;12.04;26.81;8.06;17.84;-0.782;NEUTRE;0;-48.2;-2;1
2026.01.27 08:00;2923.98;2927.75;2914.73;2917.79;35.47;13.89;18.52;12.17;31.66;-0.264;NEUTRE;0;-23;0;1
2026.01.27 07:00;2923.85;2932.68;2922.38;2923.98;38.73;16.03;12.33;33.31;49.97;-0.052;NEUTRE;0;-5.5;0;1
2026.01.27 06:00;2934.43;2937.68;2919.31;2923.85;42.69;18.49;14.22;49.49;64.77;-0.057;NEUTRE;0;-7;0;0
2026.01.27 05:00;2935.58;2937.08;2928.38;2934.43;47.25;21.34;8.82;67.10;75.38;0.305;NEUTRE;0;38.2;1;0
2026.01.27 04:00;2936.01;2951.40;2931.49;2935.58;48.13;24.62;4.67;77.71;76.64;0.344;NEUTRE;0;47.9;2;0
2026.01.27 03:00;2940.20;2943.87;2931.24;2936.01;45.06;22.59;5.39;81.34;72.32;0.359;NEUTRE;0;57;2;0
2026.01.27 02:00;2927.81;2941.95;2927.53;2940.20;42.53;23.73;6.22;70.86;65.85;0.502;NEUTRE;0;72.8;3;0
2026.01.27 01:00;2916.36;2935.10;2907.71;2927.81;40.08;20.07;7.18;64.76;65.59;0.079;NEUTRE;0;;;0
2026.01.27 00:00;2925.51;2926.43;2913.23;2916.40;38.97;18.29;8.28;61.92;63.10;-0.311;NEUTRE;0;;;0
2026.01.26 23:00;2922.62;2940.45;2913.62;2925.51;39.18;21.10;9.10;70.08;60.71;4.018;STRONG_UP;2;66;3;0
2026.01.26 22:00;2924.14;2932.32;2915.08;2922.62;39.09;19.68;10.50;57.29;56.26;3.915;STRONG_UP;2;66.4;3;0
2026.01.26 21:00;2896.75;2938.80;2891.61;2924.14;40.43;22.71;12.12;54.74;56.74;3.969;STRONG_UP;2;67.7;3;0
2026.01.26 20:00;2918.54;2924.74;2893.81;2896.76;41.97;21.62;13.99;56.76;55.47;2.996;SOFT_UP;1;62.6;2;0
2026.01.26 19:00;2927.63;2931.73;2914.15;2918.54;45.13;24.95;6.02;58.72;48.70;3.770;STRONG_UP;2;68.6;3;1
2026.01.26 18:00;2905.00;2928.39;2903.41;2927.63;42.67;25.87;6.95;50.95;44.45;4.093;STRONG_UP;2;71.2;3;1
2026.01.26 17:00;2896.82;2911.33;2881.81;2905.00;40.36;19.34;8.02;36.45;47.35;3.289;SOFT_UP;1;68.1;3;1
2026.01.26 16:00;2894.99;2913.23;2887.10;2896.82;40.20;22.31;6.49;45.96;57.68;2.998;SOFT_UP;1;67.5;3;1
2026.01.26 15:00;2918.41;2946.64;2883.22;2894.98;37.94;25.75;7.49;59.65;57.01;2.932;SOFT_UP;1;68.3;3;1
2026.01.26 14:00;2905.40;2929.24;2871.57;2918.41;35.32;25.49;8.64;67.44;49.13;3.765;STRONG_UP;2;73.9;3;1
2026.01.26 13:00;2897.91;2907.12;2892.63;2905.40;33.17;23.51;9.97;43.94;38.14;3.303;SOFT_UP;1;73;3;1
2026.01.26 12:00;2887.60;2909.86;2887.60;2897.91;32.05;27.12;11.51;36.03;41.01;3.036;SOFT_UP;1;72.9;3;1
2026.01.26 11:00;2891.60;2896.20;2883.55;2887.60;30.76;21.85;13.28;34.45;51.11;2.670;SOFT_UP;1;72.3;3;1
2026.01.26 10:00;2881.13;2897.05;2880.08;2891.60;31.73;25.22;15.32;52.55;68.22;2.812;SOFT_UP;1;74.6;3;1
2026.01.26 09:00;2907.63;2908.69;2876.68;2881.13;32.86;29.10;17.68;66.34;77.30;2.440;SOFT_UP;1;74;3;1
2026.01.26 08:00;2899.24;2929.36;2892.52;2907.63;34.16;33.57;12.78;85.78;77.98;3.382;SOFT_UP;1;79.6;3;1
2026.01.26 07:00;2886.62;2906.51;2881.27;2899.24;32.51;29.20;14.75;79.77;68.46;3.084;SOFT_UP;1;80;3;1
2026.01.26 06:00;2864.63;2886.98;2861.25;2886.62;32.46;21.78;17.02;68.41;62.90;2.635;SOFT_UP;1;80;3;0
2026.01.26 05:00;2861.02;2868.35;2855.26;2864.63;35.56;14.00;19.64;57.20;63.77;1.853;NEUTRE;0;78.2;3;0
2026.01.26 04:00;2845.51;2870.30;2844.55;2861.02;38.45;16.15;22.66;63.10;71.66;1.725;NEUTRE;0;79.8;3;0
2026.01.26 03:00;2860.82;2867.41;2835.95;2845.51;41.79;16.91;26.14;71.01;75.92;1.173;NEUTRE;0;78.8;3;0
2026.01.26 02:00;2878.01;2880.56;2858.33;2860.82;44.92;19.51;19.22;80.88;67.63;1.718;NEUTRE;0;84.8;3;0
2026.01.26 01:00;2837.15;2893.71;2833.83;2878.01;51.71;22.51;22.18;75.88;50.48;2.329;SOFT_UP;1;;;0
2026.01.26 00:00;2812.51;2842.65;2807.96;2837.15;59.55;12.85;25.59;46.14;32.25;0.876;NEUTRE;0;;;0
2026.01.25 23:00;2802.75;2816.47;2782.41;2812.51;63.62;3.22;29.52;29.41;22.92;-4.566;STRONG_DOWN;-2;-68.6;-3;0
2026.01.25 22:00;2814.15;2814.98;2785.45;2802.75;61.05;3.72;32.69;21.20;18.09;-4.897;STRONG_DOWN;-2;-70.8;-3;0
2026.01.25 21:00;2805.45;2821.40;2798.11;2814.15;58.19;4.29;31.13;18.14;15.59;-4.510;STRONG_DOWN;-2;-70.1;-3;0
2026.01.25 20:00;2808.67;2819.66;2782.69;2805.47;55.49;3.80;35.92;14.93;15.99;-4.805;STRONG_DOWN;-2;-72.1;-3;0
2026.01.25 19:00;2842.73;2848.67;2792.73;2808.67;51.58;4.38;37.26;13.71;17.99;-4.696;STRONG_DOWN;-2;-72.6;-3;0
2026.01.25 18:00;2878.94;2883.55;2823.28;2842.84;47.37;5.06;34.59;19.34;22.91;-3.537;SOFT_DOWN;-1;-68.4;-3;0
2026.01.25 17:00;2891.30;2893.08;2873.91;2878.94;43.20;5.83;26.99;20.93;29.97;-2.312;SOFT_DOWN;-1;-60.3;-2;0
2026.01.25 16:00;2920.91;2921.84;2870.55;2891.30;39.93;6.73;31.14;28.46;43.91;-1.892;SOFT_DOWN;-1;-56.7;-2;0
2026.01.25 15:00;2926.56;2930.16;2916.09;2920.91;36.15;7.77;22.28;40.51;58.12;-0.888;NEUTRE;0;-37.3;-1;0
2026.01.25 14:00;2936.04;2937.08;2919.08;2926.56;34.28;8.96;22.43;62.76;70.19;-0.696;NEUTRE;0;-32.6;-1;0
2026.01.25 13:00;2936.75;2939.53;2929.51;2936.04;32.95;10.34;16.97;71.09;71.70;-0.374;NEUTRE;0;-20.3;0;0
2026.01.25 12:00;2931.32;2938.73;2926.59;2936.75;34.29;10.70;19.58;76.71;66.69;-0.350;NEUTRE;0;-20.6;0;0
2026.01.25 11:00;2938.99;2940.38;2926.28;2931.32;35.05;12.35;22.59;67.29;53.12;-0.534;NEUTRE;0;-32;-1;0
2026.01.25 10:00;2929.63;2941.95;2929.54;2938.97;35.93;14.25;22.51;56.06;41.00;-0.275;NEUTRE;0;-19.5;0;0
2026.01.25 09:00;2922.88;2933.14;2920.58;2929.63;38.00;5.52;25.98;36.02;34.59;-0.592;NEUTRE;0;-40.3;-1;0
2026.01.25 08:00;2933.48;2938.94;2915.03;2922.88;33.86;6.37;29.97;30.93;35.82;-0.821;NEUTRE;0;-52.9;-2;0
2026.01.25 07:00;2938.18;2938.18;2932.48;2933.48;29.07;7.35;23.36;36.82;36.02;-0.461;NEUTRE;0;-40.3;-1;0
2026.01.25 06:00;2941.27;2941.42;2928.98;2938.18;25.52;8.48;26.95;39.72;32.15;-0.302;NEUTRE;0;-33;-1;0
2026.01.25 05:00;2939.17;2942.67;2936.13;2941.27;21.43;9.78;22.25;31.53;26.99;-0.197;NEUTRE;0;-26.9;-1;0
2026.01.25 04:00;2936.48;2943.22;2934.38;2939.17;18.73;11.29;25.68;25.19;29.90;-0.268;NEUTRE;0;-40.8;-1;0
2026.01.25 03:00;2947.03;2947.97;2931.38;2936.48;15.63;13.02;29.63;24.24;35.13;-0.359;NEUTRE;0;-57;-2;0
2026.01.25 02:00;2948.67;2951.47;2947.03;2947.03;12.04;15.03;19.67;40.26;45.19;-0.001;NEUTRE;0;-0.4;0;0
2026.01.25 01:00;2952.77;2953.97;2943.67;2948.67;11.83;17.34;22.70;40.87;48.28;0.054;NEUTRE;0;;;0
2026.01.25 00:00;2947.07;2952.77;2946.27;2952.77;11.59;20.01;22.31;54.43;51.09;0.193;NEUTRE;0;;;0
2026.01.24 23:00;2957.07;2958.45;2946.37;2947.07;12.54;23.08;25.50;49.53;42.66;-0.133;NEUTRE;0;-4.3;0;0
2026.01.24 22:00;2952.33;2958.52;2952.27;2957.07;13.70;26.63;21.91;49.30;41.00;0.206;NEUTRE;0;6.9;0;0
2026.01.24 21:00;2950.32;2952.37;2943.27;2952.33;14.31;15.59;25.29;29.14;45.72;0.045;NEUTRE;0;1.6;0;0
2026.01.24 20:00;2947.88;2952.87;2947.70;2950.32;12.87;17.99;21.69;44.56;60.85;-0.023;NEUTRE;0;-0.8;0;0
2026.01.24 19:00;2957.65;2958.27;2946.77;2947.88;13.41;20.76;25.02;63.45;67.95;-0.105;NEUTRE;0;-4.1;0;0
2026.01.24 18:00;2958.04;2962.56;2955.95;2957.65;14.05;23.95;16.59;74.55;67.69;0.226;NEUTRE;0;9.2;0;0
2026.01.24 17:00;2952.73;2960.06;2951.78;2958.04;13.41;21.82;19.14;65.84;58.59;0.239;NEUTRE;0;10.3;0;0
2026.01.24 16:00;2951.07;2955.56;2945.99;2952.73;14.47;16.82;22.09;62.68;53.59;0.059;NEUTRE;0;2.7;0;0
2026.01.24 15:00;2953.76;2962.07;2949.51;2951.07;14.61;19.40;19.83;47.26;46.27;0.003;NEUTRE;0;0.1;0;0
2026.01.24 14:00;2943.26;2953.85;2938.29;2953.76;16.69;12.32;22.88;50.85;54.53;0.094;NEUTRE;0;4.9;0;0
2026.01.24 13:00;2956.87;2957.97;2943.14;2943.26;14.65;14.22;21.60;40.71;58.54;-0.262;NEUTRE;0;-14.6;0;0
2026.01.24 12:00;2955.12;2958.84;2953.24;2956.87;13.73;16.40;14.45;72.04;66.29;0.199;NEUTRE;0;12.1;0;0
2026.01.24 11:00;2955.87;2958.80;2954.52;2955.12;14.86;18.93;13.16;62.85;56.68;0.140;NEUTRE;0;9.3;0;0
2026.01.24 10:00;2954.92;2956.43;2952.85;2955.87;14.38;13.32;15.18;63.98;49.15;0.165;NEUTRE;0;12;0;0
2026.01.24 09:00;2957.07;2958.70;2954.04;2954.92;15.59;15.37;12.40;43.19;41.20;0.133;NEUTRE;0;10.8;0;0
2026.01.24 08:00;2951.15;2957.11;2949.05;2957.07;16.35;12.48;14.31;40.27;45.84;0.206;NEUTRE;0;18.4;0;0
2026.01.24 07:00;2955.71;2956.06;2948.48;2951.15;17.81;12.40;16.51;40.12;53.28;0.005;NEUTRE;0;0.5;0;0
2026.01.24 06:00;2956.00;2958.22;2953.07;2955.71;18.37;14.31;9.74;57.13;63.44;0.160;NEUTRE;0;19;0;0
2026.01.24 05:00;2958.07;2960.51;2951.77;2956.00;18.27;16.51;11.23;62.59;68.61;0.170;NEUTRE;0;23.7;0;0
2026.01.24 04:00;2956.92;2961.27;2954.10;2958.07;18.15;19.05;8.86;70.61;71.06;0.240;NEUTRE;0;37.7;1;0
2026.01.24 03:00;2953.82;2964.64;2951.47;2956.92;15.33;21.98;10.23;72.64;65.70;0.201;NEUTRE;0;40.8;1;0
2026.01.24 02:00;2950.75;2956.78;2949.02;2953.82;12.07;16.18;11.80;69.92;56.21;0.096;NEUTRE;0;31.7;1;0
2026.01.24 01:00;2945.54;2953.97;2944.55;2950.77;11.52;13.10;13.61;54.55;43.02;-0.007;NEUTRE;0;;;0
2026.01.24 00:00;2950.99;2953.55;2944.04;2945.54;13.00;14.43;15.71;44.17;31.63;-0.185;NEUTRE;0;;;0
2026.01.23 23:00;2954.97;2954.97;2945.77;2950.99;14.34;16.64;15.33;30.33;26.20;0.105;NEUTRE;0;3.4;0;0
2026.01.23 22:00;2939.02;2957.07;2938.59;2954.97;15.91;19.21;17.68;20.38;32.58;0.241;NEUTRE;0;8;0;0
2026.01.23 21:00;2934.92;2948.07;2933.03;2939.02;17.73;14.67;20.40;27.90;48.27;-0.301;NEUTRE;0;-10.5;0;0
2026.01.23 20:00;2954.65;2958.69;2925.74;2934.89;17.94;16.92;23.54;49.47;65.07;-0.441;NEUTRE;0;-15.9;0;0
2026.01.23 19:00;2983.67;2983.86;2941.64;2954.65;18.18;19.53;19.74;67.46;75.49;0.230;NEUTRE;0;8.9;0;1
2026.01.23 18:00;2982.60;3002.82;2973.54;2983.67;20.89;22.53;11.15;78.28;77.87;1.214;NEUTRE;0;41;1;1
2026.01.23 17:00;2963.09;3013.96;2955.12;2982.60;18.91;26.00;12.87;80.72;73.05;1.178;NEUTRE;0;41.8;1;1
2026.01.23 16:00;2947.39;2975.19;2934.44;2963.09;16.63;19.86;14.85;74.59;62.56;0.516;NEUTRE;0;22.6;0;1
2026.01.23 15:00;2910.74;2958.81;2894.53;2947.43;16.96;16.73;17.13;63.84;57.69;-0.015;NEUTRE;0;-0.7;0;1
2026.01.23 14:00;2926.33;2937.75;2887.84;2910.69;19.39;14.27;19.77;49.24;51.82;-1.262;NEUTRE;0;-49.3;-2;1
2026.01.23 13:00;2929.39;2939.43;2921.78;2926.33;19.89;16.46;12.35;59.98;45.32;-0.731;NEUTRE;0;-35.9;-1;1
2026.01.23 12:00;2935.41;2935.41;2923.57;2929.39;20.75;15.49;14.25;46.24;30.15;-0.627;NEUTRE;0;-33.9;-1;1
2026.01.23 11:00;2925.63;2940.92;2923.10;2935.41;23.30;17.87;16.44;29.75;19.34;-0.423;NEUTRE;0;-26.4;-1;1
2026.01.23 10:00;2915.76;2929.45;2909.55;2925.63;26.24;10.72;18.97;14.47;13.69;-0.755;NEUTRE;0;-44.2;-1;1
2026.01.23 09:00;2922.04;2929.53;2909.87;2915.76;26.01;12.37;21.64;13.78;17.05;-1.090;NEUTRE;0;-57.3;-2;1
2026.01.23 08:00;2943.13;2945.88;2916.95;2922.04;25.81;14.27;19.43;12.83;26.66;-0.877;NEUTRE;0;-54.7;-2;1
2026.01.23 07:00;2934.56;2946.02;2929.85;2943.13;27.43;16.47;15.56;24.54;45.75;-0.161;NEUTRE;0;-16.5;0;1
2026.01.23 06:00;2963.37;2970.36;2932.42;2934.56;31.21;19.00;15.51;42.59;59.74;-0.452;NEUTRE;0;-44.1;-1;0
2026.01.23 05:00;2973.02;2973.34;2959.32;2963.37;34.46;21.93;6.99;70.12;69.28;0.525;NEUTRE;0;53.5;2;0
2026.01.23 04:00;2959.54;2979.68;2957.94;2973.17;31.82;25.30;8.07;66.50;69.98;0.858;NEUTRE;0;70.1;3;0
2026.01.23 03:00;2947.79;2960.76;2946.92;2959.54;28.76;15.80;9.31;71.21;75.11;0.396;NEUTRE;0;59.5;2;0
2026.01.23 02:00;2964.12;2967.33;2947.79;2947.79;29.21;18.23;9.77;72.21;72.99;-0.003;NEUTRE;0;-1.1;0;0
2026.01.23 01:00;2948.69;2965.24;2948.52;2964.11;29.06;19.39;11.28;81.90;66.49;0.551;NEUTRE;0;;;0
2026.01.23 00:00;2947.88;2952.51;2941.36;2948.53;29.46;10.66;13.01;64.84;52.72;0.022;NEUTRE;0;;;0
2026.01.22 23:00;2947.18;2951.37;2935.98;2947.88;32.46;10.73;15.01;52.74;47.88;-1.012;NEUTRE;0;-29.5;-1;0
2026.01.22 22:00;2941.55;2954.47;2938.96;2947.18;34.90;12.38;14.34;40.57;46.96;-1.035;NEUTRE;0;-31.2;-1;0
2026.01.22 21:00;2934.23;2946.91;2929.08;2941.55;39.13;6.79;16.55;50.33;51.92;-1.224;NEUTRE;0;-36.9;-1;0
2026.01.22 20:00;2949.66;2953.58;2926.21;2934.23;38.72;7.83;19.10;49.99;50.29;-1.470;NEUTRE;0;-43.4;-1;0
2026.01.22 19:00;2934.95;2958.82;2923.73;2949.66;38.24;9.03;22.03;55.44;47.74;-0.952;NEUTRE;0;-32.8;-1;1
2026.01.22 18:00;2957.32;2968.21;2933.83;2934.95;37.68;10.42;20.99;45.44;38.84;-1.446;NEUTRE;0;-46;-2;1
2026.01.22 17:00;2941.94;2959.47;2930.54;2957.32;38.31;8.12;24.22;42.36;31.14;-0.695;NEUTRE;0;-27.8;-1;1
2026.01.22 16:00;2937.84;2954.24;2919.74;2941.94;36.54;6.58;27.95;28.73;22.80;-1.211;NEUTRE;0;-44.3;-1;1
2026.01.22 15:00;2937.01;2964.07;2901.74;2937.84;32.64;7.60;32.25;22.34;21.09;-1.349;NEUTRE;0;-49.2;-2;1
2026.01.22 14:00;2968.62;2978.08;2930.85;2937.01;28.14;8.77;30.03;17.33;22.66;-1.377;NEUTRE;0;-51.7;-2;1
2026.01.22 13:00;2986.22;3005.52;2957.92;2968.68;24.04;10.12;25.83;23.61;28.56;-0.313;NEUTRE;0;-17.2;0;1
2026.01.22 12:00;2982.03;2993.70;2973.69;2986.22;21.02;11.67;24.71;27.04;34.78;0.276;NEUTRE;0;16.5;0;1
2026.01.22 11:00;2998.25;3002.23;2973.28;2982.03;18.74;13.47;28.51;35.05;37.51;0.135;NEUTRE;0;9;0;1
2026.01.22 10:00;3009.17;3010.27;2995.47;2998.25;16.11;15.54;21.10;42.25;36.65;0.680;NEUTRE;0;41.2;1;1
2026.01.22 09:00;3001.09;3012.04;2998.53;3009.17;16.25;17.93;21.17;35.24;35.17;1.046;NEUTRE;0;56.3;2;1
2026.01.22 08:00;2996.65;3003.56;2987.91;3001.09;17.47;11.03;24.42;32.45;43.51;0.775;NEUTRE;0;51.3;2;1
2026.01.22 07:00;3014.64;3017.84;2995.75;2996.65;14.35;12.73;20.47;37.81;53.80;0.626;NEUTRE;0;49;2;1
2026.01.22 06:00;3015.24;3023.06;3004.34;3014.64;12.97;14.69;17.64;60.28;62.84;1.230;NEUTRE;0;69.3;3;0
2026.01.22 05:00;3018.26;3023.33;3010.06;3015.24;13.56;16.95;15.65;63.32;64.99;1.250;NEUTRE;0;72.8;3;0
2026.01.22 04:00;3008.94;3020.44;3006.83;3018.26;15.04;16.20;18.06;64.92;63.07;1.352;NEUTRE;0;77.1;3;0
2026.01.22 03:00;3013.14;3026.33;2995.13;3008.94;16.52;18.70;20.84;66.72;57.94;1.039;NEUTRE;0;77.4;3;0
2026.01.22 02:00;3023.93;3033.93;3010.60;3013.14;18.22;21.57;16.42;57.57;53.29;1.180;NEUTRE;0;82.5;3;0
2026.01.22 01:00;3001.04;3029.38;2998.38;3023.93;18.94;21.89;18.95;49.52;56.08;1.542;NEUTRE;0;;;0
2026.01.22 00:00;2978.01;3006.74;2976.46;3001.04;20.74;14.02;21.86;52.78;65.32;0.773;NEUTRE;0;;;0
2026.01.21 23:00;3006.41;3020.97;2968.39;2978.01;20.57;16.18;25.22;65.94;76.18;1.472;NEUTRE;0;39.5;1;0
2026.01.21 22:00;3027.37;3041.16;3005.05;3006.41;20.38;18.67;18.38;77.24;78.67;2.440;SOFT_UP;1;55;2;0
2026.01.21 21:00;3027.23;3039.50;3016.93;3027.37;23.39;21.54;16.14;85.38;71.22;3.154;SOFT_UP;1;62.7;2;0
2026.01.21 20:00;3051.06;3053.78;2999.19;3027.23;24.79;24.85;18.63;73.41;50.28;3.149;SOFT_UP;1;63.8;2;0
2026.01.21 19:00;2923.14;3064.81;2912.39;3051.06;26.40;28.68;21.49;54.88;37.10;3.961;STRONG_UP;2;69.6;3;1
2026.01.21 18:00;2899.28;2929.56;2883.43;2923.14;28.26;19.44;24.80;22.54;36.15;-0.398;NEUTRE;0;-15.9;0;1
2026.01.21 17:00;2887.90;2910.13;2862.45;2899.14;30.74;15.95;28.61;33.88;52.38;-1.215;NEUTRE;0;-42.6;-1;1
2026.01.21 16:00;2998.69;3001.53;2881.88;2887.90;31.09;18.40;26.75;52.03;59.91;-1.598;NEUTRE;0;-52.1;-2;1
2026.01.21 15:00;2976.61;3021.81;2970.79;2998.70;33.03;21.23;19.43;71.22;52.87;2.177;SOFT_UP;1;61.9;2;1
2026.01.21 14:00;2923.93;2990.32;2920.18;2976.61;37.43;15.00;22.42;56.49;38.68;1.424;NEUTRE;0;52.7;2;1
2026.01.21 13:00;2927.00;2941.07;2915.99;2923.93;40.15;6.51;25.87;30.92;24.80;-0.371;NEUTRE;0;-20.2;0;1
2026.01.21 12:00;2938.51;2941.86;2898.07;2927.00;37.12;7.51;29.85;28.62;20.56;-0.266;NEUTRE;0;-15.9;0;1
2026.01.21 11:00;2958.86;2966.75;2934.53;2938.51;33.64;8.67;21.63;14.85;16.31;0.126;NEUTRE;0;8.4;0;1
2026.01.21 10:00;2949.21;2965.21;2947.52;2958.86;32.23;10.00;18.75;18.19;21.80;0.819;NEUTRE;0;46.5;2;1
2026.01.21 09:00;2960.41;2969.96;2945.54;2949.21;32.50;11.54;21.64;15.88;33.49;0.491;NEUTRE;0;35.1;1;1
2026.01.21 08:00;2965.67;2969.69;2951.92;2960.41;32.82;13.31;20.95;31.31;53.65;0.872;NEUTRE;0;54.5;2;1
2026.01.21 07:00;2975.51;2980.85;2960.81;2965.67;34.44;15.36;16.47;53.29;73.10;1.052;NEUTRE;0;62.7;2;1
2026.01.21 06:00;2988.25;2988.85;2970.71;2975.51;39.20;17.72;11.41;76.35;81.24;1.387;NEUTRE;0;71.4;3;0
2026.01.21 05:00;2974.29;2997.10;2972.72;2988.25;41.90;20.45;11.46;89.65;77.31;1.821;NEUTRE;0;78;3;0
2026.01.21 04:00;2976.54;2980.50;2969.63;2974.29;44.01;13.12;13.22;77.72;64.28;1.345;NEUTRE;0;77;3;0
2026.01.21 03:00;2956.72;2979.43;2955.93;2976.54;50.72;13.63;15.25;64.57;51.88;1.422;NEUTRE;0;80.7;3;0
2026.01.21 02:00;2960.11;2970.28;2952.84;2956.72;57.66;9.73;17.60;50.54;41.97;0.747;NEUTRE;0;78.3;3;0
2026.01.21 01:00;2954.73;2969.02;2950.08;2960.11;62.10;10.12;20.31;40.53;34.86;0.862;NEUTRE;0;;;0
2026.01.21 00:00;2934.81;2964.12;2916.78;2954.73;66.50;7.70;23.43;34.84;33.24;0.679;NEUTRE;0;;;0
2026.01.20 23:00;2946.17;2947.27;2925.22;2934.81;68.95;3.40;27.04;29.21;31.80;-7.881;EXPLOSIVE_DOWN;-3;-77.2;-3;0
2026.01.20 22:00;2987.69;2993.25;2914.82;2946.17;67.62;3.93;31.20;35.66;28.79;-7.524;EXPLOSIVE_DOWN;-3;-77.2;-3;0
2026.01.20 21:00;3000.78;3001.34;2984.32;2987.69;66.08;4.53;22.37;30.54;20.96;-6.221;STRONG_DOWN;-2;-75.3;-3;0
2026.01.20 20:00;2990.55;3001.13;2980.15;3000.78;66.04;5.04;25.81;20.15;14.06;-5.810;STRONG_DOWN;-2;-75;-3;0
2026.01.20 19:00;2986.32;2998.13;2974.98;2990.55;65.84;3.61;29.78;12.20;13.22;-6.131;STRONG_DOWN;-2;-76.5;-3;1
2026.01.20 18:00;2994.70;3003.69;2982.45;2986.35;63.92;4.17;29.40;9.83;15.73;-6.263;STRONG_DOWN;-2;-77.4;-3;1
2026.01.20 17:00;3004.54;3018.86;2979.77;2994.70;62.19;4.81;33.92;17.64;19.99;-6.001;STRONG_DOWN;-2;-77.6;-3;1
2026.01.20 16:00;3027.99;3038.13;2993.68;3004.54;60.19;5.55;33.66;19.73;23.39;-5.692;STRONG_DOWN;-2;-77.7;-3;1
2026.01.20 15:00;3042.72;3045.01;2991.35;3027.99;58.42;6.41;38.84;22.59;31.89;-4.956;STRONG_DOWN;-2;-76.8;-3;1
2026.01.20 14:00;3074.53;3084.53;3029.75;3042.72;56.38;7.39;33.81;27.84;37.89;-4.494;STRONG_DOWN;-2;-76.4;-3;1
2026.01.20 13:00;3106.94;3108.99;3070.01;3074.53;55.20;8.53;27.70;45.24;36.31;-3.495;SOFT_DOWN;-1;-73.9;-3;1
2026.01.20 12:00;3105.09;3110.26;3097.64;3106.94;55.55;9.84;21.06;40.59;26.89;-2.478;SOFT_DOWN;-1;-69.4;-3;1
2026.01.20 11:00;3098.20;3108.44;3098.16;3105.09;58.51;9.14;24.30;23.12;18.45;-2.536;SOFT_DOWN;-1;-71.4;-3;1
2026.01.20 10:00;3089.10;3103.69;3086.20;3098.20;60.53;3.43;28.03;16.95;15.60;-2.752;SOFT_DOWN;-1;-74.2;-3;1
2026.01.20 09:00;3101.35;3102.62;3083.31;3089.10;57.82;3.02;32.35;15.28;15.70;-3.038;SOFT_DOWN;-1;-77;-3;1
2026.01.20 08:00;3118.04;3118.19;3080.24;3101.35;53.95;3.48;37.32;14.55;16.38;-2.654;SOFT_DOWN;-1;-76.8;-3;1
2026.01.20 07:00;3111.83;3125.98;3107.02;3117.99;49.50;4.02;32.21;17.26;24.60;-2.131;SOFT_DOWN;-1;-75.7;-3;1
2026.01.20 06:00;3166.84;3167.80;3104.97;3111.89;45.14;4.64;37.16;17.34;33.95;-2.323;SOFT_DOWN;-1;-78.7;-3;0
2026.01.20 05:00;3168.59;3170.47;3147.88;3166.84;40.11;5.35;32.37;39.19;46.27;-0.598;NEUTRE;0;-57;-2;0
2026.01.20 04:00;3184.53;3185.19;3164.80;3168.59;35.27;6.18;25.83;45.32;47.57;-0.543;NEUTRE;0;-60.2;-2;0
2026.01.20 03:00;3188.65;3191.05;3179.76;3184.53;31.24;7.13;18.52;54.29;45.41;-0.043;NEUTRE;0;-10.5;0;0
2026.01.20 02:00;3189.31;3196.10;3175.27;3188.65;29.22;8.22;21.36;43.12;36.44;0.087;NEUTRE;0;29.3;1;0
2026.01.20 01:00;3180.13;3195.60;3171.89;3189.28;26.88;9.12;24.65;38.82;30.72;0.106;NEUTRE;0;;;0
2026.01.20 00:00;3185.89;3196.56;3172.87;3180.13;23.93;10.52;27.81;27.40;23.27;-0.181;NEUTRE;0;;;0
2026.01.19 23:00;3185.34;3194.38;3162.64;3185.89;20.68;10.72;32.09;25.94;26.95;-2.896;SOFT_DOWN;-1;-58.3;-2;0
2026.01.19 22:00;3209.42;3211.02;3182.90;3185.34;16.18;12.37;27.20;16.46;33.71;-2.913;SOFT_DOWN;-1;-59.6;-2;0
2026.01.19 21:00;3210.62;3217.65;3206.90;3209.42;12.90;14.28;18.26;38.46;47.96;-2.179;SOFT_DOWN;-1;-53.2;-2;0
2026.01.19 20:00;3216.25;3221.93;3208.41;3210.62;13.01;16.47;18.91;46.20;55.11;-2.142;SOFT_DOWN;-1;-54.1;-2;0
2026.01.19 19:00;3211.36;3221.02;3211.34;3216.25;13.95;19.01;18.48;59.22;58.27;-1.971;SOFT_DOWN;-1;-53.2;-2;1
2026.01.19 18:00;3216.46;3217.54;3205.04;3211.35;15.88;16.40;21.32;59.90;53.10;-2.120;SOFT_DOWN;-1;-56.6;-2;1
2026.01.19 17:00;3219.77;3222.63;3213.44;3216.46;16.31;18.92;14.26;55.67;45.42;-1.964;SOFT_DOWN;-1;-56.1;-2;1
2026.01.19 16:00;3212.77;3223.77;3209.33;3219.77;16.66;21.83;16.46;43.73;43.16;-1.864;NEUTRE;0;-56.3;-2;1
2026.01.19 15:00;3209.57;3217.59;3206.97;3212.76;17.07;18.61;18.99;36.87;50.26;-2.077;SOFT_DOWN;-1;-60.7;-2;1
2026.01.19 14:00;3214.57;3216.02;3199.72;3209.57;19.54;19.20;21.91;48.88;63.48;-2.174;SOFT_DOWN;-1;-63.4;-2;1
2026.01.19 13:00;3221.46;3221.55;3209.38;3214.57;21.53;22.15;16.17;65.02;71.77;-2.022;SOFT_DOWN;-1;-63.5;-2;1
2026.01.19 12:00;3220.35;3232.45;3215.80;3221.46;22.44;25.56;10.54;76.54;74.27;-1.812;NEUTRE;0;-62.8;-2;1
2026.01.19 11:00;3212.07;3227.84;3209.67;3220.35;19.49;25.23;12.16;73.74;71.23;-1.846;NEUTRE;0;-65.2;-3;1
2026.01.19 10:00;3205.99;3212.88;3202.16;3212.07;17.11;16.44;14.03;72.53;65.20;-2.098;SOFT_DOWN;-1;-69.7;-3;1
2026.01.19 09:00;3210.55;3211.60;3202.18;3205.99;18.52;17.14;16.19;67.41;54.49;-2.284;SOFT_DOWN;-1;-73;-3;1
2026.01.19 08:00;3204.10;3218.69;3194.24;3210.55;20.94;19.77;18.68;55.66;42.22;-2.145;SOFT_DOWN;-1;-73.9;-3;1
2026.01.19 07:00;3192.39;3206.05;3192.39;3204.10;23.72;14.86;21.55;40.39;31.97;-2.341;SOFT_DOWN;-1;-76.9;-3;1
2026.01.19 06:00;3199.73;3201.52;3185.37;3192.39;24.54;12.04;24.87;30.61;25.30;-2.698;SOFT_DOWN;-1;-80.2;-3;0
2026.01.19 05:00;3209.59;3212.12;3193.05;3199.73;22.97;13.90;21.38;24.92;20.58;-2.474;SOFT_DOWN;-1;-81.1;-3;0
2026.01.19 04:00;3209.14;3214.46;3201.99;3209.59;23.24;16.04;17.45;20.37;17.70;-2.174;SOFT_DOWN;-1;-81.9;-3;0
2026.01.19 03:00;3201.29;3209.94;3192.38;3209.14;26.17;12.93;20.14;16.45;15.91;-2.188;SOFT_DOWN;-1;-83.9;-3;0
2026.01.19 02:00;3203.54;3213.10;3190.85;3201.29;26.83;14.91;23.24;16.29;16.31;-2.427;SOFT_DOWN;-1;-86.3;-3;0
2026.01.19 01:00;3209.19;3218.41;3191.45;3203.54;27.61;17.21;26.40;15.00;17.00;-2.358;SOFT_DOWN;-1;;;0
2026.01.19 00:00;3280.91;3281.46;3175.80;3209.19;28.61;19.86;30.46;17.64;22.66;-2.186;SOFT_DOWN;-1;;;0
2026.01.18 23:00;3347.59;3347.59;3275.76;3280.91;29.77;22.91;20.59;18.35;29.70;-0.801;NEUTRE;0;-24.2;0;0
2026.01.18 22:00;3338.77;3353.07;3336.88;3347.59;33.53;26.44;10.67;31.99;43.25;1.215;NEUTRE;0;35.4;1;0
2026.01.18 21:00;3337.98;3342.47;3333.78;3338.77;32.15;20.43;12.31;38.75;57.99;0.948;NEUTRE;0;30.2;1;0
2026.01.18 20:00;3343.92;3349.67;3335.08;3337.98;33.28;23.57;11.90;59.01;71.66;0.924;NEUTRE;0;30.8;1;0
2026.01.18 19:00;3358.90;3363.03;3341.57;3343.91;33.34;27.20;6.89;76.20;75.21;1.104;NEUTRE;0;36.8;1;0
2026.01.18 18:00;3341.92;3365.96;3333.99;3358.90;29.31;31.39;7.95;79.77;66.27;1.557;NEUTRE;0;48.1;2;0
2026.01.18 17:00;3330.69;3342.82;3329.03;3341.92;24.65;25.08;9.17;69.65;56.50;1.043;NEUTRE;0;38.3;1;0
2026.01.18 16:00;3330.91;3334.98;3326.94;3330.69;21.30;20.19;10.59;49.40;52.09;0.704;NEUTRE;0;29.5;1;0
2026.01.18 15:00;3321.85;3332.50;3315.83;3330.91;19.78;18.55;12.22;50.46;61.89;0.711;NEUTRE;0;31.4;1;0
2026.01.18 14:00;3322.88;3344.53;3319.51;3321.85;19.65;21.40;10.70;56.42;73.86;0.437;NEUTRE;0;21.9;0;0
2026.01.18 13:00;3319.45;3327.11;3311.50;3322.88;17.54;13.99;12.34;78.77;85.06;0.468;NEUTRE;0;24.9;0;0
2026.01.18 12:00;3318.88;3324.12;3315.59;3319.45;19.28;16.14;10.21;86.37;89.12;0.364;NEUTRE;0;21.3;0;0
2026.01.18 11:00;3322.72;3322.72;3315.99;3318.88;18.79;16.10;11.78;90.04;83.32;0.347;NEUTRE;0;22.1;0;0
2026.01.18 10:00;3320.06;3323.18;3315.49;3322.72;19.30;18.57;13.60;90.96;75.78;0.463;NEUTRE;0;30.8;1;0
2026.01.18 09:00;3312.32;3321.98;3311.36;3320.06;19.89;19.03;15.69;68.98;69.51;0.382;NEUTRE;0;28.7;1;0
2026.01.18 08:00;3304.60;3313.89;3300.43;3312.32;21.47;10.24;18.10;67.42;73.64;0.148;NEUTRE;0;13.4;0;0
2026.01.18 07:00;3312.89;3312.97;3303.36;3304.60;20.51;11.81;17.54;72.13;78.38;-0.085;NEUTRE;0;-8.9;0;0
2026.01.18 06:00;3313.19;3314.99;3308.83;3312.89;20.66;13.63;11.48;81.37;76.68;0.166;NEUTRE;0;19.6;0;0
2026.01.18 05:00;3308.90;3315.29;3307.83;3313.20;22.52;15.72;13.24;81.65;66.69;0.175;NEUTRE;0;24.3;0;0
2026.01.18 04:00;3313.01;3314.89;3306.76;3308.90;24.67;17.32;15.28;67.02;49.81;0.045;NEUTRE;0;8.2;0;0
2026.01.18 03:00;3300.30;3315.87;3300.19;3313.01;27.50;19.98;17.63;51.39;39.85;0.169;NEUTRE;0;36;1;0
2026.01.18 02:00;3298.29;3302.98;3293.56;3300.30;30.77;10.41;20.34;31.03;34.39;-0.215;NEUTRE;0;-54.2;-2;0
2026.01.18 01:00;3301.45;3303.96;3293.16;3298.29;30.54;12.01;23.47;37.13;35.33;-0.276;NEUTRE;0;;;0
2026.01.18 00:00;3307.41;3311.50;3299.96;3301.52;30.26;13.86;17.40;35.00;31.16;-0.178;NEUTRE;0;;;0
2026.01.17 23:00;3298.91;3307.63;3298.19;3307.41;33.18;10.83;20.08;33.87;30.10;0.433;NEUTRE;0;13.6;0;0
2026.01.17 22:00;3309.85;3309.99;3294.32;3298.91;33.68;12.50;23.17;24.60;33.42;0.175;NEUTRE;0;5.9;0;0
2026.01.17 21:00;3314.39;3314.61;3304.22;3309.85;34.26;14.42;17.01;31.82;43.58;0.507;NEUTRE;0;17.3;0;0
2026.01.17 20:00;3313.52;3317.27;3312.13;3314.39;38.26;16.64;7.91;43.84;53.76;0.645;NEUTRE;0;22.6;0;0
2026.01.17 19:00;3314.84;3318.39;3311.74;3313.52;38.68;19.20;9.13;55.10;65.14;0.618;NEUTRE;0;22.7;0;0
2026.01.17 18:00;3316.48;3317.92;3311.86;3314.84;39.16;21.06;10.54;62.34;75.33;0.658;NEUTRE;0;25.2;1;0
2026.01.17 17:00;3316.22;3324.90;3314.46;3316.48;40.06;24.30;5.56;77.99;85.99;0.708;NEUTRE;0;28.2;1;0
2026.01.17 16:00;3326.79;3327.02;3309.22;3316.22;36.57;28.04;6.41;85.67;88.51;0.700;NEUTRE;0;29.4;1;0
2026.01.17 15:00;3307.39;3327.05;3305.09;3326.79;32.54;32.36;7.40;94.30;87.39;1.021;NEUTRE;0;41.2;1;0
2026.01.17 14:00;3301.01;3308.85;3298.49;3307.39;27.88;24.58;8.54;85.55;80.53;0.432;NEUTRE;0;21.7;0;0
2026.01.17 13:00;3299.81;3301.87;3296.71;3301.01;24.72;18.00;9.85;82.33;75.53;0.238;NEUTRE;0;13.3;0;0
2026.01.17 12:00;3299.58;3303.35;3297.44;3299.81;24.02;20.77;9.19;73.73;72.00;0.202;NEUTRE;0;12.2;0;0
2026.01.17 11:00;3293.49;3302.44;3289.33;3299.58;21.77;21.60;10.60;70.55;73.62;0.195;NEUTRE;0;12.9;0;0
2026.01.17 10:00;3295.75;3298.06;3292.20;3293.49;19.86;19.78;12.23;71.72;77.31;0.010;NEUTRE;0;0.7;0;0
2026.01.17 09:00;3293.60;3300.78;3290.50;3295.75;19.29;22.82;14.11;78.59;75.97;0.079;NEUTRE;0;6.5;0;0
2026.01.17 08:00;3288.64;3293.76;3286.10;3293.61;18.63;15.83;16.29;81.61;71.29;0.014;NEUTRE;0;1.3;0;0
2026.01.17 07:00;3288.28;3289.85;3284.26;3288.64;21.28;10.41;18.79;67.70;60.96;-0.137;NEUTRE;0;-14.2;0;0
2026.01.17 06:00;3288.43;3290.27;3284.10;3288.28;20.13;12.01;21.68;64.57;54.74;-0.148;NEUTRE;0;-17.6;0;0
2026.01.17 05:00;3289.01;3291.05;3286.60;3288.43;18.82;13.86;18.78;50.61;48.16;-0.144;NEUTRE;0;-20.4;0;0
2026.01.17 04:00;3286.20;3289.76;3283.02;3289.01;19.39;11.53;21.67;49.03;53.21;-0.126;NEUTRE;0;-22.1;0;0
2026.01.17 03:00;3289.12;3289.22;3284.48;3286.20;17.68;13.31;21.68;44.84;62.73;-0.211;NEUTRE;0;-42.2;-1;0
2026.01.17 02:00;3287.68;3289.74;3280.84;3289.12;16.72;15.36;25.01;65.75;76.08;-0.123;NEUTRE;0;-38.4;-1;0
2026.01.17 01:00;3289.85;3293.10;3284.90;3287.68;15.61;17.72;21.84;77.60;82.85;-0.166;NEUTRE;0;;;0
2026.01.17 00:00;3293.16;3294.30;3286.66;3289.85;16.41;20.44;21.90;84.87;86.50;-0.101;NEUTRE;0;;;0
2026.01.16 23:00;3291.00;3296.85;3289.40;3293.16;18.40;23.59;19.75;86.06;80.79;-0.690;NEUTRE;0;-21.1;0;0
2026.01.16 22:00;3290.84;3291.92;3279.88;3290.99;19.87;17.04;22.79;88.58;69.46;-0.755;NEUTRE;0;-23.9;0;0
2026.01.16 21:00;3290.33;3296.52;3285.65;3290.84;20.71;19.66;18.92;67.74;53.98;-0.760;NEUTRE;0;-25;0;0
2026.01.16 20:00;3273.50;3291.24;3261.00;3290.39;23.60;15.21;21.83;52.06;45.39;-0.774;NEUTRE;0;-26.5;-1;0
2026.01.16 19:00;3275.35;3276.22;3265.74;3273.50;24.48;9.91;25.19;42.16;39.63;-1.283;NEUTRE;0;-41;-1;1
2026.01.16 18:00;3281.09;3285.40;3274.71;3275.35;21.55;11.43;15.90;41.96;34.11;-1.227;NEUTRE;0;-41.3;-1;1
2026.01.16 17:00;3276.51;3283.42;3263.42;3281.00;22.35;10.34;18.35;34.76;28.36;-1.057;NEUTRE;0;-38.7;-1;1
2026.01.16 16:00;3261.24;3285.18;3256.69;3276.22;21.50;11.94;21.17;25.59;31.03;-1.201;NEUTRE;0;-44;-1;1
2026.01.16 15:00;3291.10;3308.54;3249.76;3261.07;20.52;13.77;24.43;24.72;39.27;-1.658;NEUTRE;0;-54.9;-2;1
2026.01.16 14:00;3304.84;3315.93;3287.80;3291.10;19.38;15.89;18.23;42.76;42.60;-0.752;NEUTRE;0;-34.7;-1;1
2026.01.16 13:00;3306.11;3307.79;3293.13;3304.84;21.31;13.88;21.03;50.33;41.52;-0.338;NEUTRE;0;-18.5;0;1
2026.01.16 12:00;3298.99;3311.61;3297.50;3306.11;21.44;16.02;19.68;34.70;44.53;-0.299;NEUTRE;0;-17.8;0;1
2026.01.16 11:00;3294.70;3303.47;3290.39;3298.99;23.16;9.61;22.71;39.53;58.56;-0.514;NEUTRE;0;-31;-1;1
2026.01.16 10:00;3304.44;3305.79;3291.37;3294.70;20.48;11.09;25.05;59.36;73.94;-0.644;NEUTRE;0;-39.7;-1;1
2026.01.16 09:00;3310.29;3313.64;3304.09;3304.44;17.69;12.79;15.34;76.80;81.27;-0.350;NEUTRE;0;-26.6;-1;1
2026.01.16 08:00;3306.73;3317.28;3305.98;3310.29;19.02;14.76;14.65;85.66;75.46;-0.173;NEUTRE;0;-15.6;0;1
2026.01.16 07:00;3311.36;3313.05;3299.61;3306.73;21.89;11.27;16.90;81.34;58.72;-0.281;NEUTRE;0;-27.3;-1;1
2026.01.16 06:00;3306.43;3314.24;3299.59;3311.36;22.18;13.01;19.51;59.40;38.74;-0.141;NEUTRE;0;-16.8;0;0
2026.01.16 05:00;3285.55;3313.60;3281.26;3306.43;22.52;14.34;22.51;35.44;32.07;-0.290;NEUTRE;0;-36.8;-1;0
2026.01.16 04:00;3292.30;3302.06;3274.85;3285.55;22.57;11.05;25.97;21.39;41.53;-0.919;NEUTRE;0;-71.3;-3;0
2026.01.16 03:00;3300.79;3305.19;3292.30;3292.30;19.85;12.75;20.10;39.38;61.22;-0.716;NEUTRE;0;-72;-3;0
2026.01.16 02:00;3311.09;3311.09;3289.20;3300.79;19.46;14.72;23.19;63.82;75.68;-0.460;NEUTRE;0;-71.4;-3;0
2026.01.16 01:00;3314.29;3318.98;3299.39;3311.09;19.02;16.98;19.60;80.47;76.34;-0.149;NEUTRE;0;;;0
2026.01.16 00:00;3316.04;3323.98;3313.09;3314.29;20.84;19.59;11.85;82.74;63.79;-0.053;NEUTRE;0;;;0
2026.01.15 23:00;3306.39;3320.34;3299.49;3316.04;20.26;17.46;13.67;65.81;45.63;-1.104;NEUTRE;0;-31.7;-1;0
2026.01.15 22:00;3296.72;3316.59;3293.62;3306.39;21.51;17.38;15.78;42.83;30.05;-1.392;NEUTRE;0;-39.2;-1;0
2026.01.15 21:00;3285.45;3303.09;3281.76;3296.72;24.07;11.01;18.20;28.26;21.60;-1.681;NEUTRE;0;-45.9;-2;0
2026.01.15 20:00;3292.72;3303.91;3274.47;3285.40;23.99;12.71;21.01;19.07;20.36;-2.018;SOFT_DOWN;-1;-52.4;-2;0
2026.01.15 19:00;3286.20;3298.61;3274.90;3292.39;23.90;11.89;24.24;17.46;26.01;-1.810;NEUTRE;0;-50.8;-2;1
2026.01.15 18:00;3298.67;3304.83;3271.81;3286.20;22.32;13.72;27.97;24.54;34.41;-1.994;SOFT_DOWN;-1;-55;-2;1
2026.01.15 17:00;3327.88;3334.73;3294.37;3298.67;20.49;15.84;21.76;36.03;42.80;-1.622;NEUTRE;0;-50.9;-2;1
2026.01.15 16:00;3328.99;3332.71;3306.86;3327.88;21.22;18.27;20.34;42.67;51.74;-0.751;NEUTRE;0;-31.2;-1;1
2026.01.15 15:00;3339.32;3355.02;3282.90;3329.01;23.66;21.08;23.47;49.69;61.23;-0.718;NEUTRE;0;-31.7;-1;1
2026.01.15 14:00;3368.74;3380.31;3319.48;3339.32;26.48;24.33;19.28;62.86;68.91;-0.410;NEUTRE;0;-20.7;0;1
2026.01.15 13:00;3366.66;3381.76;3354.37;3368.74;28.77;28.07;13.42;71.12;73.04;0.467;NEUTRE;0;24.8;0;1
2026.01.15 12:00;3347.46;3368.50;3341.57;3366.66;27.77;24.94;15.49;72.74;78.49;0.405;NEUTRE;0;23.5;0;1
2026.01.15 11:00;3361.80;3363.59;3344.88;3347.46;28.45;25.97;17.87;75.26;84.79;-0.167;NEUTRE;0;-11.1;0;1
2026.01.15 10:00;3363.86;3375.99;3355.44;3361.80;29.98;29.97;11.94;87.47;88.20;0.260;NEUTRE;0;18.5;0;1
2026.01.15 09:00;3334.37;3371.75;3327.81;3363.86;27.97;31.40;13.77;91.64;82.35;0.322;NEUTRE;0;24.7;0;1
2026.01.15 08:00;3327.97;3336.79;3317.75;3334.37;26.27;24.00;15.89;85.50;68.44;-0.558;NEUTRE;0;-41.9;-1;1
2026.01.15 07:00;3313.54;3333.09;3311.99;3327.97;27.19;24.70;18.34;69.91;49.72;-0.749;NEUTRE;0;-54;-2;1
2026.01.15 06:00;3309.26;3321.23;3307.31;3313.54;29.10;19.85;21.16;49.92;32.47;-1.179;NEUTRE;0;-68.4;-3;0
2026.01.15 05:00;3302.74;3313.14;3299.84;3309.26;33.08;13.96;24.42;29.34;19.27;-1.307;NEUTRE;0;-73.5;-3;0
2026.01.15 04:00;3283.55;3306.09;3281.85;3302.74;33.98;7.95;28.17;18.16;13.01;-1.501;NEUTRE;0;-78.3;-3;0
2026.01.15 03:00;3311.79;3319.14;3275.28;3283.55;30.60;9.18;32.51;10.30;12.96;-2.073;SOFT_DOWN;-1;-83.6;-3;0
2026.01.15 02:00;3322.88;3330.33;3303.79;3311.79;26.70;10.59;27.51;10.58;19.08;-1.231;NEUTRE;0;-82.8;-3;0
2026.01.15 01:00;3329.63;3341.12;3315.58;3322.88;23.98;12.22;24.90;18.00;31.62;-0.900;NEUTRE;0;;;0
2026.01.15 00:00;3353.07;3354.12;3323.43;3329.63;22.41;14.10;24.01;28.65;46.43;-0.699;NEUTRE;0;;;0
2026.01.14 23:00;3347.60;3368.17;3347.55;3353.07;21.86;16.27;15.61;48.22;59.75;0.915;NEUTRE;0;27.1;1;0
2026.01.14 22:00;3371.14;3372.86;3346.10;3347.60;24.90;18.77;18.01;62.41;62.87;0.750;NEUTRE;0;23.7;0;0
2026.01.14 21:00;3382.07;3382.36;3355.86;3371.14;28.41;21.66;15.17;68.63;57.93;1.459;NEUTRE;0;41.8;1;0
2026.01.14 20:00;3365.53;3390.81;3360.12;3382.07;30.07;24.99;15.03;57.55;53.13;1.788;NEUTRE;0;49;2;0
2026.01.14 19:00;3337.73;3398.14;3330.18;3365.22;30.87;28.84;17.34;47.61;55.98;1.281;NEUTRE;0;41;1;1
2026.01.14 18:00;3340.27;3352.64;3313.73;3337.73;31.79;22.97;20.01;54.24;66.76;0.453;NEUTRE;0;18;0;1
2026.01.14 17:00;3368.65;3379.95;3336.60;3340.23;35.62;26.51;14.05;66.09;73.14;0.528;NEUTRE;0;21.8;0;1
2026.01.14 16:00;3344.06;3400.65;3343.62;3368.65;36.37;30.59;13.72;79.95;69.48;1.384;NEUTRE;0;48.1;2;1
2026.01.14 15:00;3347.15;3360.47;3325.22;3344.06;36.11;24.45;15.83;73.37;50.64;0.644;NEUTRE;0;28.9;1;1
2026.01.14 14:00;3299.89;3355.63;3299.04;3346.97;38.37;26.10;18.26;55.13;31.79;0.731;NEUTRE;0;33.9;1;1
2026.01.14 13:00;3293.30;3304.26;3286.10;3299.89;41.55;16.15;21.07;23.42;18.27;-0.686;NEUTRE;0;-34.2;-1;1
2026.01.14 12:00;3282.63;3295.78;3277.36;3293.30;45.91;11.46;24.31;16.82;16.94;-0.884;NEUTRE;0;-43.5;-1;1
2026.01.14 11:00;3309.94;3310.60;3279.30;3282.63;47.44;13.22;26.43;14.57;19.72;-1.205;NEUTRE;0;-54.7;-2;1
2026.01.14 10:00;3325.33;3330.58;3302.09;3309.94;49.62;15.25;19.30;19.43;23.78;-0.383;NEUTRE;0;-26.3;-1;1
2026.01.14 09:00;3324.47;3332.48;3321.78;3325.33;55.45;17.60;11.64;25.16;27.25;0.080;NEUTRE;0;6.5;0;1
2026.01.14 08:00;3332.74;3340.01;3324.44;3324.46;60.84;20.30;9.60;26.76;30.61;0.054;NEUTRE;0;5;0;1
2026.01.14 07:00;3331.44;3339.31;3324.74;3332.74;64.69;22.74;11.08;29.82;39.24;0.303;NEUTRE;0;29.1;1;1
2026.01.14 06:00;3327.35;3332.56;3319.09;3331.44;69.34;19.11;12.78;35.26;53.01;0.264;NEUTRE;0;29.5;1;0
2026.01.14 05:00;3335.57;3336.06;3322.45;3327.35;76.96;22.05;10.91;52.65;67.37;0.141;NEUTRE;0;20;0;0
2026.01.14 04:00;3348.43;3360.39;3332.93;3335.57;83.60;25.44;0.74;71.14;75.29;0.388;NEUTRE;0;51.3;2;0
2026.01.14 03:00;3323.77;3348.66;3318.04;3348.43;81.95;22.78;0.86;78.32;77.28;0.775;NEUTRE;0;73.3;3;0
2026.01.14 02:00;3333.21;3353.79;3317.70;3323.77;80.29;26.29;0.99;76.42;76.92;0.033;NEUTRE;0;12;0;0
2026.01.14 01:00;3321.09;3341.39;3317.79;3333.21;78.38;25.04;1.14;77.10;77.55;0.317;NEUTRE;0;;;0
2026.01.14 00:00;3322.67;3333.94;3311.68;3321.09;76.40;24.04;1.32;77.25;77.87;-0.048;NEUTRE;0;;;0