time;open;high;low;close;adx14;plus_di;minus_di;stoch_k;stoch_d;intraday_change;intraday_level;intraday_force;theta_deg;theta_level;is_active
2026.07.14 18:00;10510.5;10512.5;10502.0;10505.5;22.08;15.66;15.55;29.00;43.19;0.138;NEUTRE;0;23.2;0;1
2026.07.14 17:00;10517.0;10524.0;10505.0;10510.5;25.42;18.07;13.54;43.06;57.52;0.186;NEUTRE;0;31.5;1;1
2026.07.14 16:00;10514.0;10526.0;10506.0;10517.0;27.12;20.85;14.82;57.52;70.42;0.248;NEUTRE;0;40.9;1;1
2026.07.14 15:00;10533.0;10543.0;10511.5;10514.0;28.69;24.06;12.87;71.98;79.22;0.219;NEUTRE;0;39.2;1;1
2026.07.14 14:00;10547.5;10566.5;10525.5;10533.0;28.44;27.76;8.01;81.76;76.85;0.400;NEUTRE;0;58;2;1
2026.07.14 13:00;10508.0;10556.5;10500.5;10547.5;24.33;28.28;9.24;83.93;65.97;0.539;SOFT_UP;1;66.7;3;1
2026.07.14 12:00;10487.5;10524.5;10462.5;10508.0;20.26;23.84;10.66;64.85;46.92;0.162;NEUTRE;0;37.1;1;1
2026.07.14 11:00;10468.5;10496.0;10459.0;10487.5;17.50;20.43;12.30;49.12;32.49;-0.033;NEUTRE;0;-9.5;0;1
2026.07.14 10:00;10466.0;10475.5;10459.5;10469.0;16.37;15.05;14.20;26.79;23.71;-0.210;NEUTRE;0;-49.6;-2;1
2026.07.14 09:00;10435.5;10471.5;10432.5;10466.0;18.44;13.52;16.38;21.56;31.66;-0.238;NEUTRE;0;-55.9;-2;1
2026.07.14 08:00;10458.0;10472.5;10434.5;10435.5;19.81;15.60;18.11;22.76;46.87;-0.529;SOFT_DOWN;-1;-74.9;-3;1
2026.07.14 07:00;10481.5;10509.0;10435.5;10457.5;21.71;18.01;20.49;50.66;61.33;-0.319;NEUTRE;0;-68.6;-3;1
2026.07.14 06:00;10506.0;10521.5;10478.5;10481.5;24.06;20.78;14.65;67.21;60.26;-0.091;NEUTRE;0;-40.3;-1;0
2026.07.14 05:00;10492.0;10514.5;10490.0;10505.5;25.10;23.97;12.78;66.13;47.27;0.138;NEUTRE;0;57.1;2;0
2026.07.14 04:00;10472.5;10495.0;10465.0;10492.0;24.28;15.41;14.75;47.44;32.30;0.010;NEUTRE;0;8;0;0
2026.07.14 03:00;10463.5;10473.0;10448.5;10472.5;27.68;6.50;17.02;28.23;26.03;-0.176;NEUTRE;0;-73.1;-3;0
2026.07.14 02:00;10452.0;10475.5;10450.5;10463.5;25.06;7.51;18.38;21.22;31.65;-0.262;NEUTRE;0;-82.2;-3;0
2026.07.14 01:00;10458.0;10483.0;10444.5;10451.0;22.45;8.66;21.21;28.64;45.52;-0.381;NEUTRE;0;;;0
2026.07.14 00:00;10491.0;10514.0;10440.5;10457.5;19.44;9.99;24.47;45.07;53.27;-0.319;NEUTRE;0;;;0
2026.07.13 19:00;10511.5;10515.5;10503.0;10514.0;15.96;11.53;15.16;62.86;54.96;0.062;NEUTRE;0;10.3;0;1
2026.07.13 18:00;10512.0;10516.5;10502.0;10511.5;16.33;13.30;17.49;51.86;52.59;0.038;NEUTRE;0;6.7;0;1
2026.07.13 17:00;10503.5;10521.5;10503.0;10512.0;16.75;15.35;19.12;50.15;59.24;0.043;NEUTRE;0;8.1;0;1
2026.07.13 16:00;10508.5;10516.5;10484.5;10503.0;17.64;13.55;22.06;55.75;66.17;-0.043;NEUTRE;0;-8.6;0;1
2026.07.13 15:00;10519.5;10520.5;10499.5;10508.5;16.68;15.64;18.24;71.84;63.84;0.010;NEUTRE;0;2.1;0;1
2026.07.13 14:00;10530.5;10532.0;10482.5;10519.5;18.07;18.04;21.05;70.93;48.29;0.114;NEUTRE;0;24.5;0;1
2026.07.13 13:00;10506.0;10536.0;10489.0;10531.0;19.67;20.82;22.26;48.75;34.78;0.224;NEUTRE;0;43.9;1;1
2026.07.13 12:00;10490.5;10506.5;10478.0;10505.5;22.18;14.37;25.69;25.20;36.20;-0.019;NEUTRE;0;-5.1;0;1
2026.07.13 11:00;10494.5;10515.0;10487.5;10490.0;21.24;16.58;24.51;30.39;47.41;-0.167;NEUTRE;0;-40.3;-1;1
2026.07.13 10:00;10511.0;10512.0;10483.0;10494.5;21.53;17.45;28.29;53.00;59.66;-0.124;NEUTRE;0;-34.7;-1;1
2026.07.13 09:00;10531.0;10534.0;10504.5;10511.0;21.20;20.13;21.23;58.84;61.03;0.033;NEUTRE;0;11.6;0;1
2026.07.13 08:00;10502.0;10531.0;10489.5;10530.5;24.06;21.67;24.50;67.13;56.17;0.219;NEUTRE;0;56.9;2;1
2026.07.13 07:00;10514.5;10548.5;10492.5;10501.5;26.81;25.00;27.15;57.14;38.93;-0.057;NEUTRE;0;-24.5;0;1
2026.07.13 06:00;10488.0;10517.0;10481.5;10510.5;30.30;20.19;31.33;44.23;20.76;0.029;NEUTRE;0;15.1;0;0
2026.07.13 05:00;10479.0;10493.5;10465.5;10488.5;31.64;13.11;36.15;15.41;7.60;-0.181;NEUTRE;0;-63.7;-2;0
2026.07.13 04:00;10487.0;10492.5;10478.0;10479.0;29.31;15.13;34.85;2.64;4.17;-0.271;NEUTRE;0;-75.2;-3;0
2026.07.13 03:00;10493.5;10494.5;10482.5;10487.0;27.75;17.46;35.43;4.76;13.63;-0.195;NEUTRE;0;-74.6;-3;0
2026.07.13 02:00;10500.5;10508.0;10493.5;10493.5;26.79;20.15;26.78;5.09;34.03;-0.133;NEUTRE;0;-75;-3;0
2026.07.13 01:00;10512.0;10513.0;10494.5;10500.5;28.74;23.25;29.84;31.05;62.58;-0.067;NEUTRE;0;;;0
2026.07.13 00:00;10507.5;10535.0;10507.5;10511.5;31.25;26.82;23.62;65.94;84.64;0.038;NEUTRE;0;;;0
2026.07.10 19:00;10561.0;10563.0;10546.0;10549.0;35.08;30.95;12.98;90.73;95.42;0.764;STRONG_UP;2;66;3;1
2026.07.10 18:00;10556.0;10564.0;10554.5;10561.0;34.19;35.71;7.29;97.23;94.86;0.879;STRONG_UP;2;69.9;3;1
2026.07.10 17:00;10544.5;10559.0;10544.5;10555.5;29.28;33.11;8.41;98.30;90.35;0.826;STRONG_UP;2;69.8;3;1
2026.07.10 16:00;10534.5;10544.5;10529.0;10544.5;24.63;22.81;9.70;89.04;83.03;0.721;SOFT_UP;1;68.4;3;1
2026.07.10 15:00;10512.0;10534.5;10500.0;10534.5;22.21;16.40;11.19;83.72;74.79;0.626;SOFT_UP;1;66.8;3;1
2026.07.10 14:00;10516.5;10531.5;10477.5;10512.0;22.73;17.58;12.92;76.32;61.56;0.411;NEUTRE;0;58.7;2;1
2026.07.10 13:00;10510.5;10522.0;10498.5;10517.0;23.87;20.29;8.92;64.34;46.83;0.458;SOFT_UP;1;63.1;2;1
2026.07.10 12:00;10489.5;10515.0;10482.5;10510.5;21.55;18.83;10.29;44.02;34.95;0.396;NEUTRE;0;61.6;2;1
2026.07.10 11:00;10490.5;10502.0;10483.5;10489.5;20.36;15.57;11.88;32.12;30.01;0.196;NEUTRE;0;44.9;1;1
2026.07.10 10:00;10497.5;10505.5;10487.0;10491.0;21.42;17.97;10.79;28.72;32.33;0.210;NEUTRE;0;49.6;2;1
2026.07.10 09:00;10486.0;10502.5;10482.5;10497.5;20.88;18.24;12.45;29.20;41.51;0.272;NEUTRE;0;59.4;2;1
2026.07.10 08:00;10494.5;10517.5;10478.0;10486.0;21.19;21.04;14.37;39.06;55.33;0.162;NEUTRE;0;48.6;2;1
2026.07.10 07:00;10517.0;10521.0;10482.0;10494.5;21.55;24.28;15.02;56.28;66.34;0.244;NEUTRE;0;62.9;2;1
2026.07.10 06:00;10490.5;10525.0;10490.5;10516.5;21.24;28.01;13.98;70.64;73.62;0.454;SOFT_UP;1;76.7;3;0
2026.07.10 05:00;10490.5;10494.0;10487.0;10490.5;19.37;18.50;16.13;72.09;75.88;0.205;NEUTRE;0;66.4;3;0
2026.07.10 04:00;10495.5;10495.5;10488.0;10490.0;21.30;21.34;16.41;78.14;70.73;0.201;NEUTRE;0;70.4;3;0
2026.07.10 03:00;10495.0;10502.0;10491.0;10495.5;22.57;24.63;12.78;77.42;58.62;0.253;NEUTRE;0;78;3;0
2026.07.10 02:00;10490.0;10497.0;10488.0;10495.0;21.17;21.42;14.75;56.62;46.41;0.248;NEUTRE;0;81.8;3;0
2026.07.10 01:00;10473.5;10494.0;10467.5;10490.0;21.59;19.59;17.02;41.83;50.64;0.201;NEUTRE;0;;;0
2026.07.10 00:00;10469.0;10483.5;10465.5;10473.5;23.83;16.51;19.64;40.79;63.94;0.043;NEUTRE;0;;;0
2026.07.09 19:00;10483.0;10487.0;10475.5;10485.0;26.16;19.05;14.77;69.31;78.85;-0.309;NEUTRE;0;-42.3;-1;1
2026.07.09 18:00;10498.5;10500.0;10478.5;10483.0;28.24;21.98;13.03;81.71;84.92;-0.328;NEUTRE;0;-45.6;-2;1
2026.07.09 17:00;10489.0;10503.0;10488.0;10498.5;28.65;25.36;8.24;85.51;87.80;-0.181;NEUTRE;0;-30.8;-1;1
2026.07.09 16:00;10478.0;10495.0;10478.0;10489.0;25.22;21.06;9.50;87.53;88.62;-0.271;NEUTRE;0;-43.5;-1;1
2026.07.09 15:00;10490.0;10496.5;10474.0;10478.5;23.28;24.30;10.97;90.37;80.35;-0.371;NEUTRE;0;-54.1;-2;1
2026.07.09 14:00;10467.5;10492.5;10455.5;10490.0;21.05;25.30;12.65;87.96;59.88;-0.261;NEUTRE;0;-46.2;-2;1
2026.07.09 13:00;10441.0;10467.0;10441.0;10466.5;19.16;18.59;14.60;62.72;37.06;-0.485;SOFT_DOWN;-1;-64.4;-2;1
2026.07.09 12:00;10439.0;10455.0;10431.0;10440.5;20.26;14.49;16.85;28.94;20.33;-0.732;SOFT_DOWN;-1;-73.7;-3;1
2026.07.09 11:00;10422.5;10448.5;10417.0;10439.0;22.22;12.55;19.44;19.52;14.70;-0.746;SOFT_DOWN;-1;-75.2;-3;1
2026.07.09 10:00;10431.0;10442.5;10413.0;10422.5;22.32;11.55;22.43;12.53;10.27;-0.903;STRONG_DOWN;-2;-78.8;-3;1
2026.07.09 09:00;10451.5;10458.5;10408.0;10431.0;20.83;13.32;25.88;12.05;12.97;-0.822;STRONG_DOWN;-2;-78.9;-3;1
2026.07.09 08:00;10451.5;10460.5;10443.0;10451.5;19.10;15.37;19.20;6.23;23.17;-0.628;SOFT_DOWN;-1;-77.2;-3;1
2026.07.09 07:00;10467.0;10491.0;10443.0;10451.5;20.34;17.74;22.15;20.62;46.35;-0.628;SOFT_DOWN;-1;-78.7;-3;1
2026.07.09 06:00;10541.5;10542.0;10467.0;10467.0;21.77;20.47;17.87;42.67;58.70;-0.480;SOFT_DOWN;-1;-77.4;-3;0
2026.07.09 05:00;10529.0;10541.5;10515.5;10541.5;24.07;23.62;10.67;75.76;65.40;0.228;NEUTRE;0;68.6;3;0
2026.07.09 04:00;10523.0;10531.0;10520.0;10529.0;21.97;21.04;12.31;57.68;62.91;0.109;NEUTRE;0;56.7;2;0
2026.07.09 03:00;10511.5;10525.5;10508.5;10523.0;21.32;16.58;14.20;62.77;71.85;0.052;NEUTRE;0;44.1;1;0
2026.07.09 02:00;10525.5;10540.0;10511.0;10511.5;23.41;19.13;14.12;68.27;68.29;-0.057;NEUTRE;0;-57.9;-2;0
2026.07.09 01:00;10514.0;10531.5;10507.0;10526.0;24.69;17.56;16.30;84.52;55.68;0.081;NEUTRE;0;;;0
2026.07.09 00:00;10517.5;10522.0;10499.5;10513.0;27.92;14.30;18.80;52.09;35.36;-0.043;NEUTRE;0;;;0
2026.07.08 19:00;10504.0;10521.5;10501.0;10516.5;30.12;16.50;20.67;30.42;23.99;-1.489;EXPLOSIVE_DOWN;-3;-77.2;-3;1
2026.07.08 18:00;10491.5;10509.0;10487.5;10504.0;33.03;9.66;23.85;23.57;20.99;-1.606;EXPLOSIVE_DOWN;-3;-78.7;-3;1
2026.07.08 17:00;10516.0;10516.5;10488.5;10491.5;31.59;11.15;26.81;17.99;24.12;-1.724;EXPLOSIVE_DOWN;-3;-80;-3;1
2026.07.08 16:00;10489.0;10517.0;10483.0;10516.0;30.11;12.86;30.93;21.40;37.60;-1.494;EXPLOSIVE_DOWN;-3;-79.2;-3;1
2026.07.08 15:00;10514.0;10515.5;10478.5;10489.0;28.39;14.16;35.69;32.97;49.66;-1.747;EXPLOSIVE_DOWN;-3;-81.3;-3;1
2026.07.08 14:00;10562.5;10576.0;10511.5;10513.5;26.11;16.34;27.46;58.43;51.57;-1.517;EXPLOSIVE_DOWN;-3;-80.6;-3;1
2026.07.08 13:00;10578.5;10589.5;10547.5;10562.5;26.22;18.85;23.10;57.58;37.96;-1.058;STRONG_DOWN;-2;-77.6;-3;1
2026.07.08 12:00;10550.0;10592.5;10542.0;10579.0;28.70;21.75;26.65;38.70;21.31;-0.904;STRONG_DOWN;-2;-76.7;-3;1
2026.07.08 11:00;10526.0;10570.0;10519.0;10550.0;31.56;18.24;30.75;17.62;9.41;-1.176;STRONG_DOWN;-2;-80.5;-3;1
2026.07.08 10:00;10499.0;10533.0;10491.0;10528.0;32.49;9.89;35.48;7.62;5.46;-1.382;EXPLOSIVE_DOWN;-3;-82.6;-3;1
2026.07.08 09:00;10512.0;10526.0;10494.5;10499.0;28.81;8.85;40.94;2.99;9.01;-1.653;EXPLOSIVE_DOWN;-3;-84.4;-3;1
2026.07.08 08:00;10597.0;10599.5;10508.5;10512.0;23.32;10.21;40.40;5.76;27.77;-1.532;EXPLOSIVE_DOWN;-3;-84.7;-3;1
2026.07.08 07:00;10658.0;10660.5;10590.0;10597.0;17.73;11.78;32.83;18.28;54.69;-0.735;SOFT_DOWN;-1;-80.3;-3;1
2026.07.08 06:00;10687.0;10688.5;10648.5;10658.0;13.20;13.59;25.12;59.26;76.99;-0.164;NEUTRE;0;-56.8;-2;0
2026.07.08 05:00;10692.0;10698.0;10681.0;10687.0;10.64;15.68;16.48;86.52;85.93;0.108;NEUTRE;0;50.4;2;0
2026.07.08 04:00;10691.0;10696.5;10684.0;10692.5;11.90;18.09;16.31;85.20;82.79;0.159;NEUTRE;0;65.8;3;0
2026.07.08 03:00;10676.5;10695.0;10676.5;10691.0;12.93;19.03;18.81;86.07;75.12;0.145;NEUTRE;0;69.7;3;0
2026.07.08 02:00;10690.0;10691.5;10670.0;10676.0;14.83;19.12;21.71;77.10;57.44;0.005;NEUTRE;0;8;0;0
2026.07.08 01:00;10672.0;10692.5;10669.5;10690.5;16.13;22.06;25.05;62.21;35.75;0.141;NEUTRE;0;;;0
2026.07.08 00:00;10675.5;10675.5;10639.5;10671.5;17.64;14.09;28.90;33.01;17.47;-0.037;NEUTRE;0;;;0
2026.07.07 19:00;10681.0;10686.0;10665.5;10675.5;15.05;16.26;22.24;12.03;8.10;0.056;NEUTRE;0;9.4;0;1
2026.07.07 18:00;10676.5;10688.5;10674.0;10681.5;14.98;18.76;19.28;7.38;8.60;0.112;NEUTRE;0;19.2;0;1
2026.07.07 17:00;10676.5;10683.0;10672.0;10676.5;17.07;15.81;22.25;4.90;16.41;0.066;NEUTRE;0;12.3;0;1
2026.07.07 16:00;10678.5;10686.0;10672.5;10676.5;17.10;18.24;24.97;13.52;32.10;0.066;NEUTRE;0;13;0;1
2026.07.07 15:00;10712.0;10713.0;10673.5;10678.5;17.33;21.04;27.67;30.80;48.03;0.084;NEUTRE;0;17.4;0;1
2026.07.07 14:00;10731.0;10731.5;10699.5;10711.5;17.90;24.28;21.80;51.99;54.96;0.394;NEUTRE;0;57.6;2;1
2026.07.07 13:00;10730.5;10764.5;10723.0;10730.5;19.83;28.02;13.86;61.30;55.03;0.572;SOFT_UP;1;67.9;3;1
2026.07.07 12:00;10710.5;10752.0;10708.5;10730.5;17.68;27.69;15.99;51.58;53.09;0.572;SOFT_UP;1;69.4;3;1
2026.07.07 11:00;10687.0;10712.0;10686.0;10710.5;16.27;17.81;18.45;52.20;61.02;0.384;NEUTRE;0;62.9;2;1
2026.07.07 10:00;10713.0;10719.0;10685.0;10687.0;18.51;20.55;21.29;55.49;69.60;0.164;NEUTRE;0;42.5;1;1
2026.07.07 09:00;10715.0;10724.5;10711.0;10713.0;21.08;23.71;12.80;75.38;77.63;0.408;NEUTRE;0;68.5;3;1
2026.07.07 08:00;10715.5;10741.5;10713.0;10715.0;19.73;27.36;12.49;77.93;68.87;0.426;SOFT_UP;1;71.4;3;1
2026.07.07 07:00;10683.0;10717.5;10664.5;10716.0;17.02;18.61;14.41;79.58;54.59;0.436;SOFT_UP;1;74;3;1
2026.07.07 06:00;10685.0;10687.5;10666.0;10683.0;17.68;12.76;16.63;49.11;34.26;0.127;NEUTRE;0;49.8;2;0
2026.07.07 05:00;10670.5;10688.0;10657.0;10685.0;18.38;14.73;19.18;35.10;32.43;0.145;NEUTRE;0;58.4;2;0
2026.07.07 04:00;10677.0;10680.5;10669.5;10670.5;19.19;16.99;15.93;18.58;40.26;0.009;NEUTRE;0;7.2;0;0
2026.07.07 03:00;10678.0;10683.5;10671.0;10677.0;21.64;19.61;16.29;43.62;60.70;0.070;NEUTRE;0;52.5;2;0
2026.07.07 02:00;10692.0;10695.5;10676.5;10678.0;23.55;22.62;12.02;58.57;74.32;0.080;NEUTRE;0;65.9;3;0
2026.07.07 01:00;10676.0;10700.0;10672.5;10692.0;22.46;26.10;13.87;79.91;84.40;0.211;NEUTRE;0;;;0
2026.07.07 00:00;10669.5;10688.5;10669.5;10676.0;21.21;23.69;16.01;84.47;85.36;0.061;NEUTRE;0;;;0
2026.07.06 19:00;10677.5;10689.5;10671.0;10687.5;21.50;27.33;17.25;88.81;79.67;0.145;NEUTRE;0;23.1;0;1
2026.07.06 18:00;10675.0;10679.5;10671.5;10677.5;21.33;23.22;19.91;82.80;67.09;0.052;NEUTRE;0;9.2;0;1
2026.07.06 17:00;10668.0;10682.5;10667.0;10674.0;23.43;26.79;22.97;67.41;48.36;0.019;NEUTRE;0;3.6;0;1
2026.07.06 16:00;10653.0;10668.5;10648.0;10667.5;25.85;17.02;26.51;51.06;33.05;-0.042;NEUTRE;0;-8.4;0;1
2026.07.06 15:00;10655.0;10670.5;10647.0;10653.0;26.48;19.64;30.58;26.61;19.84;-0.178;NEUTRE;0;-33.6;-1;1
2026.07.06 14:00;10650.5;10655.5;10634.5;10655.0;27.20;12.84;35.29;21.48;13.99;-0.159;NEUTRE;0;-32.4;-1;1
2026.07.06 13:00;10672.5;10678.0;10644.0;10650.5;24.20;14.81;33.76;11.45;8.67;-0.201;NEUTRE;0;-40.9;-1;1
2026.07.06 12:00;10653.0;10674.0;10652.0;10672.5;21.92;17.09;35.33;9.04;12.47;0.005;NEUTRE;0;1.3;0;1
2026.07.06 11:00;10672.0;10674.5;10650.0;10653.0;19.94;19.72;40.77;5.51;27.77;-0.178;NEUTRE;0;-42.2;-1;1
2026.07.06 10:00;10685.5;10688.5;10671.5;10672.0;17.66;22.75;33.54;22.85;52.30;0.000;NEUTRE;0;0;0;1
2026.07.06 09:00;10716.5;10717.5;10685.0;10685.5;17.43;26.25;26.48;54.94;73.09;0.126;NEUTRE;0;38.1;1;1
2026.07.06 08:00;10746.0;10753.0;10717.0;10717.5;20.04;30.29;15.41;79.12;76.14;0.426;SOFT_UP;1;71.4;3;1
2026.07.06 07:00;10697.5;10748.0;10690.0;10746.0;18.11;32.82;17.78;85.21;66.68;0.693;SOFT_UP;1;79.8;3;1
2026.07.06 06:00;10680.5;10699.5;10674.5;10699.0;16.33;25.00;20.51;64.07;58.97;0.253;NEUTRE;0;67;3;0
2026.07.06 05:00;10684.0;10691.0;10679.5;10680.5;17.32;23.61;23.67;50.76;60.88;0.080;NEUTRE;0;41.8;1;0
2026.07.06 04:00;10678.0;10684.0;10676.0;10684.0;19.97;17.88;27.31;62.07;69.85;0.112;NEUTRE;0;57.4;2;0
2026.07.06 03:00;10685.0;10686.5;10672.0;10678.0;19.83;20.63;31.51;69.80;67.94;0.056;NEUTRE;0;46.2;2;0
2026.07.06 02:00;10689.5;10692.5;10680.5;10685.0;19.67;23.81;27.34;77.69;55.64;0.122;NEUTRE;0;73.7;3;0
2026.07.06 01:00;10686.5;10697.0;10678.0;10689.5;21.64;27.47;31.55;56.32;36.71;0.164;NEUTRE;0;;;0
2026.07.06 00:00;10672.0;10688.5;10666.0;10686.5;23.90;24.82;36.40;32.92;31.82;0.136;NEUTRE;0;;;0
2026.07.03 19:00;10671.0;10673.0;10654.5;10661.0;24.67;19.96;42.00;20.90;43.66;-0.327;NEUTRE;0;-43.9;-1;1
2026.07.03 18:00;10676.5;10677.5;10670.0;10671.0;22.99;23.03;35.57;41.63;64.34;-0.234;NEUTRE;0;-36;-1;1
2026.07.03 17:00;10682.5;10682.5;10676.0;10677.5;23.24;26.58;28.74;68.45;81.27;-0.173;NEUTRE;0;-29.7;-1;1
2026.07.03 16:00;10690.0;10695.0;10682.5;10682.5;26.21;30.66;17.77;82.94;87.41;-0.126;NEUTRE;0;-23.8;0;1
2026.07.03 15:00;10695.0;10702.0;10683.5;10690.0;26.15;35.38;19.28;92.41;78.94;-0.056;NEUTRE;0;-11.8;0;1
2026.07.03 14:00;10685.0;10700.0;10674.0;10695.0;25.64;39.16;22.24;86.86;58.77;-0.009;NEUTRE;0;-2.1;0;1
2026.07.03 13:00;10661.5;10685.0;10659.5;10685.0;25.35;36.31;25.66;57.55;36.79;-0.103;NEUTRE;0;-23.9;0;1
2026.07.03 12:00;10648.0;10662.0;10648.0;10661.5;26.60;28.02;29.61;31.89;22.20;-0.323;NEUTRE;0;-56.4;-2;1
2026.07.03 11:00;10638.5;10648.5;10621.0;10648.0;30.27;17.50;34.17;20.92;14.84;-0.449;SOFT_DOWN;-1;-66.4;-3;1
2026.07.03 10:00;10640.5;10650.5;10634.0;10638.5;29.96;20.19;32.15;13.78;12.75;-0.538;SOFT_DOWN;-1;-71.6;-3;1
2026.07.03 09:00;10640.0;10642.0;10621.0;10640.5;31.06;15.37;37.10;9.83;19.69;-0.519;SOFT_DOWN;-1;-72.8;-3;1
2026.07.03 08:00;10683.0;10683.5;10636.0;10639.5;29.46;17.74;31.82;14.63;37.08;-0.528;SOFT_DOWN;-1;-74.8;-3;1
2026.07.03 07:00;10720.0;10723.0;10682.5;10683.0;29.62;20.46;21.65;34.60;57.33;-0.122;NEUTRE;0;-44.3;-1;1
2026.07.03 06:00;10709.0;10722.5;10706.5;10719.5;33.75;23.61;15.87;62.03;74.79;0.220;NEUTRE;0;64;2;0
2026.07.03 05:00;10715.5;10717.0;10699.0;10708.5;35.92;21.96;18.31;75.38;85.03;0.117;NEUTRE;0;52.6;2;0
2026.07.03 04:00;10723.5;10726.0;10715.5;10715.5;40.05;25.34;7.02;86.96;88.83;0.182;NEUTRE;0;68.6;3;0
2026.07.03 03:00;10717.0;10729.5;10715.5;10723.5;37.51;29.23;8.10;92.75;86.48;0.257;NEUTRE;0;78.2;3;0
2026.07.03 02:00;10719.5;10723.0;10711.5;10717.0;34.57;26.59;9.35;86.78;74.70;0.196;NEUTRE;0;79.7;3;0
2026.07.03 01:00;10688.5;10724.0;10688.5;10719.5;32.51;30.68;10.78;79.91;62.27;0.220;NEUTRE;0;;;0
2026.07.03 00:00;10696.0;10706.5;10682.5;10688.0;30.13;27.92;12.44;57.41;53.83;-0.075;NEUTRE;0;;;0
2026.07.02 19:00;10666.5;10699.5;10651.0;10697.0;28.86;27.73;14.36;49.48;56.44;2.095;EXPLOSIVE_UP;3;80.8;3;1
2026.07.02 18:00;10646.0;10668.0;10642.5;10666.5;28.41;22.00;16.57;54.59;67.14;1.804;EXPLOSIVE_UP;3;79.9;3;1
2026.07.02 17:00;10670.0;10672.5;10644.5;10646.0;30.62;25.39;17.91;65.25;78.33;1.608;EXPLOSIVE_UP;3;79.3;3;1
2026.07.02 16:00;10671.5;10687.0;10663.5;10670.0;32.67;29.29;10.23;81.58;87.64;1.837;EXPLOSIVE_UP;3;81.2;3;1
2026.07.02 15:00;10709.5;10718.5;10667.5;10671.5;30.28;33.80;9.18;88.15;90.67;1.852;EXPLOSIVE_UP;3;81.8;3;1
2026.07.02 14:00;10672.5;10709.0;10655.5;10709.0;26.12;36.13;10.59;93.17;91.93;2.209;EXPLOSIVE_UP;3;83.5;3;1
2026.07.02 13:00;10584.0;10684.5;10581.5;10672.5;21.73;34.65;12.22;90.68;92.91;1.861;EXPLOSIVE_UP;3;82.9;3;1
2026.07.02 12:00;10552.5;10599.0;10550.5;10584.0;17.71;27.21;14.10;91.94;93.99;1.016;STRONG_UP;2;78.1;3;1
2026.07.02 11:00;10551.5;10555.5;10540.0;10552.5;15.56;17.59;16.27;96.11;94.30;0.716;SOFT_UP;1;74.6;3;1
2026.07.02 10:00;10551.5;10554.0;10537.0;10551.5;17.35;18.81;18.77;93.91;85.45;0.706;SOFT_UP;1;75.8;3;1
2026.07.02 09:00;10546.0;10553.0;10540.0;10551.0;20.01;21.70;18.95;92.90;69.17;0.702;SOFT_UP;1;77.1;3;1
2026.07.02 08:00;10523.0;10555.5;10523.0;10546.0;22.04;25.04;21.86;69.56;46.30;0.654;SOFT_UP;1;77.7;3;1
2026.07.02 07:00;10465.5;10527.5;10457.0;10522.5;24.39;15.84;25.23;45.06;42.74;0.429;SOFT_UP;1;73.7;3;1
2026.07.02 06:00;10491.0;10494.5;10464.0;10466.0;24.63;11.08;29.11;24.29;52.46;-0.110;NEUTRE;0;-45.7;-2;0
2026.07.02 05:00;10498.5;10507.0;10485.5;10491.0;21.51;12.78;22.74;58.87;72.66;0.129;NEUTRE;0;55.3;2;0
2026.07.02 04:00;10519.0;10520.0;10493.0;10499.0;20.51;14.75;20.87;74.23;76.16;0.205;NEUTRE;0;70.8;3;0
2026.07.02 03:00;10508.0;10520.0;10505.0;10518.5;21.02;17.02;17.25;84.88;71.56;0.391;NEUTRE;0;82.2;3;0
2026.07.02 02:00;10514.5;10516.5;10506.0;10508.0;24.15;16.05;19.90;69.36;60.85;0.291;NEUTRE;0;83;3;0
2026.07.02 01:00;10498.0;10521.0;10496.0;10514.5;26.22;18.52;22.96;60.44;58.09;0.353;NEUTRE;0;;;0
2026.07.02 00:00;10477.5;10501.5;10472.5;10498.0;28.60;9.36;26.49;52.74;60.62;0.196;NEUTRE;0;;;0
2026.07.01 19:00;10498.0;10503.5;10489.0;10494.0;25.65;10.80;21.82;61.10;69.37;-0.332;NEUTRE;0;-44.3;-1;1
2026.07.01 18:00;10505.5;10510.0;10495.0;10498.0;24.40;12.47;18.81;68.02;72.62;-0.294;NEUTRE;0;-42.4;-1;1
2026.07.01 17:00;10502.0;10509.0;10496.5;10505.5;25.04;14.38;20.16;79.01;70.97;-0.223;NEUTRE;0;-36.3;-1;1
2026.07.01 16:00;10519.0;10524.0;10500.5;10501.5;26.32;16.60;18.34;70.82;55.86;-0.261;NEUTRE;0;-42.4;-1;1
2026.07.01 15:00;10466.0;10524.0;10466.0;10518.5;29.60;19.15;21.16;63.09;39.79;-0.100;NEUTRE;0;-20.5;0;1
2026.07.01 14:00;10480.0;10485.5;10460.0;10466.0;33.38;11.88;24.42;33.67;23.52;-0.598;SOFT_DOWN;-1;-67.3;-3;1
2026.07.01 13:00;10463.5;10494.5;10454.5;10480.0;33.20;13.71;28.18;22.62;19.48;-0.465;SOFT_DOWN;-1;-63.4;-2;1
2026.07.01 12:00;10458.0;10474.0;10448.0;10464.5;33.00;7.94;32.51;14.29;26.79;-0.613;SOFT_DOWN;-1;-70.7;-3;1
2026.07.01 11:00;10477.0;10488.5;10456.0;10458.5;28.73;9.16;32.78;21.55;45.38;-0.670;SOFT_DOWN;-1;-73.6;-3;1
2026.07.01 10:00;10494.0;10496.5;10471.5;10477.5;24.49;10.57;30.48;44.53;65.74;-0.489;SOFT_DOWN;-1;-69.9;-3;1
2026.07.01 09:00;10512.0;10514.5;10488.5;10494.0;20.79;12.19;24.71;70.07;78.10;-0.332;NEUTRE;0;-64.1;-2;1
2026.07.01 08:00;10530.0;10530.5;10503.0;10512.0;18.77;14.07;19.94;82.63;75.78;-0.161;NEUTRE;0;-48.4;-2;1
2026.07.01 07:00;10513.5;10532.5;10464.0;10530.0;19.01;16.24;23.00;81.60;64.53;0.009;NEUTRE;0;4.1;0;1
2026.07.01 06:00;10514.0;10522.0;10502.0;10514.0;19.28;18.73;18.01;63.12;49.92;-0.142;NEUTRE;0;-52.9;-2;0
2026.07.01 05:00;10508.5;10514.5;10503.0;10514.0;21.94;15.85;20.78;48.87;36.94;-0.142;NEUTRE;0;-57.8;-2;0
2026.07.01 04:00;10505.5;10514.0;10501.0;10508.5;23.24;17.62;23.97;37.76;27.68;-0.195;NEUTRE;0;-69.9;-3;0
2026.07.01 03:00;10500.0;10508.5;10498.5;10505.5;24.47;13.82;27.66;24.20;24.16;-0.223;NEUTRE;0;-76.5;-3;0
2026.07.01 02:00;10497.5;10507.0;10480.5;10500.0;23.10;13.63;31.92;21.07;32.07;-0.275;NEUTRE;0;-82.6;-3;0
2026.07.01 01:00;10531.0;10533.5;10496.5;10497.5;20.48;15.73;27.54;27.20;37.46;-0.299;NEUTRE;0;;;0
2026.07.01 00:00;10529.0;10536.5;10526.0;10530.0;19.43;18.15;19.51;47.93;34.41;0.009;NEUTRE;0;;;0
2026.06.30 19:00;10545.0;10548.5;10531.0;10539.5;21.86;20.95;16.81;37.24;20.63;0.014;NEUTRE;0;2.4;0;1
2026.06.30 18:00;10534.0;10546.5;10532.0;10545.5;23.54;22.41;19.40;18.07;8.84;0.071;NEUTRE;0;12.4;0;1
2026.06.30 17:00;10522.5;10534.5;10519.0;10534.0;26.06;13.13;22.39;6.59;4.52;-0.038;NEUTRE;0;-7.1;0;1
2026.06.30 16:00;10524.0;10533.0;10520.5;10523.0;26.06;15.14;25.83;1.85;9.81;-0.142;NEUTRE;0;-26.4;-1;1
2026.06.30 15:00;10528.5;10557.0;10521.0;10524.0;26.05;17.47;29.19;5.12;28.48;-0.133;NEUTRE;0;-26.4;-1;1
2026.06.30 14:00;10568.0;10572.5;10527.5;10528.5;26.20;20.16;30.90;22.46;53.60;-0.090;NEUTRE;0;-19.8;0;1
2026.06.30 13:00;10593.0;10594.0;10558.5;10568.0;27.00;23.27;25.06;57.86;77.37;0.285;NEUTRE;0;50.8;2;1
2026.06.30 12:00;10635.0;10635.5;10587.5;10593.0;30.58;26.84;16.34;80.47;88.55;0.522;SOFT_UP;1;67.7;3;1
2026.06.30 11:00;10630.0;10642.0;10625.5;10635.0;31.54;30.97;6.68;93.78;88.96;0.920;STRONG_UP;2;77.9;3;1
2026.06.30 10:00;10608.5;10640.0;10606.0;10630.0;26.47;33.88;7.70;91.39;80.03;0.873;STRONG_UP;2;78.4;3;1
2026.06.30 09:00;10556.5;10611.5;10555.5;10608.5;20.86;26.19;8.89;81.71;70.11;0.669;SOFT_UP;1;76.5;3;1
2026.06.30 08:00;10542.0;10564.5;10538.0;10556.5;16.48;17.31;10.26;67.00;68.25;0.176;NEUTRE;0;50.9;2;1
2026.06.30 07:00;10541.5;10560.0;10524.0;10541.0;15.08;17.36;11.84;61.63;68.42;0.028;NEUTRE;0;12.6;0;1
2026.06.30 06:00;10542.5;10549.5;10529.0;10543.5;14.49;15.54;13.66;76.13;65.45;0.052;NEUTRE;0;25.9;1;0
2026.06.30 05:00;10545.5;10550.0;10538.5;10542.5;15.72;17.93;8.63;67.50;54.62;0.043;NEUTRE;0;25.7;1;0
2026.06.30 04:00;10536.5;10549.5;10535.0;10545.0;12.75;20.02;9.95;52.73;43.84;0.066;NEUTRE;0;42.7;1;0
2026.06.30 03:00;10529.0;10539.5;10528.5;10535.5;9.54;12.49;11.49;43.64;48.04;-0.024;NEUTRE;0;-24.1;0;0
2026.06.30 02:00;10537.5;10537.5;10525.0;10529.0;10.36;11.62;13.25;35.15;59.31;-0.085;NEUTRE;0;-67.2;-3;0
2026.06.30 01:00;10528.5;10544.5;10525.0;10537.5;10.95;13.41;15.29;65.35;76.58;-0.005;NEUTRE;0;;;0
2026.06.30 00:00;10538.0;10542.0;10522.0;10528.5;11.62;13.50;17.64;77.45;81.23;-0.090;NEUTRE;0;;;0
2026.06.29 19:00;10544.0;10549.5;10535.5;10547.5;11.36;15.57;12.21;86.96;77.75;0.199;NEUTRE;0;30.4;1;1
2026.06.29 18:00;10539.0;10547.5;10538.0;10544.0;11.25;17.97;11.35;79.29;64.84;0.166;NEUTRE;0;27.3;1;1
2026.06.29 17:00;10538.5;10544.0;10532.5;10539.0;9.50;15.06;13.09;67.01;53.48;0.119;NEUTRE;0;21.4;0;1
2026.06.29 16:00;10529.5;10541.0;10527.0;10538.5;9.89;13.37;15.11;48.21;44.65;0.114;NEUTRE;0;21.7;0;1
2026.06.29 15:00;10514.0;10541.0;10503.5;10529.5;10.47;15.42;17.43;45.22;46.94;0.028;NEUTRE;0;6;0;1
2026.06.29 14:00;10537.0;10543.5;10508.0;10514.0;11.14;17.80;18.27;40.50;46.55;-0.119;NEUTRE;0;-25.4;-1;1
2026.06.29 13:00;10528.5;10551.5;10528.0;10536.5;12.65;20.54;12.41;55.10;43.47;0.095;NEUTRE;0;22.2;0;1
2026.06.29 12:00;10539.0;10542.5;10524.0;10528.5;10.81;17.80;14.32;44.04;29.60;0.019;NEUTRE;0;5.1;0;1
2026.06.29 11:00;10527.5;10540.0;10509.0;10538.5;10.80;18.46;16.52;31.27;19.68;0.114;NEUTRE;0;30.1;1;1
2026.06.29 10:00;10513.0;10530.0;10507.5;10527.5;11.61;16.34;19.06;13.49;16.58;0.009;NEUTRE;0;2.9;0;1
2026.06.29 09:00;10516.5;10526.5;10510.5;10512.5;12.21;16.46;21.99;14.29;29.83;-0.133;NEUTRE;0;-39.6;-1;1
2026.06.29 08:00;10540.0;10559.0;10515.5;10516.5;11.87;18.99;20.57;21.98;45.04;-0.095;NEUTRE;0;-33.6;-1;1
2026.06.29 07:00;10542.5;10547.5;10520.5;10540.0;13.09;17.85;23.73;53.23;65.61;0.128;NEUTRE;0;45.7;2;1
2026.06.29 06:00;10561.0;10568.0;10539.5;10541.0;12.92;20.59;16.56;59.91;76.33;0.138;NEUTRE;0;52.1;2;0
2026.06.29 05:00;10547.0;10564.0;10543.0;10561.0;13.24;21.60;19.11;83.70;85.45;0.328;NEUTRE;0;74.8;3;0
2026.06.29 04:00;10560.0;10560.5;10544.5;10547.0;14.34;22.36;22.05;85.39;83.27;0.195;NEUTRE;0;69.9;3;0
2026.06.29 03:00;10558.5;10563.5;10552.0;10560.5;16.43;25.80;18.23;87.27;71.83;0.323;NEUTRE;0;80.6;3;0
2026.06.29 02:00;10537.0;10561.0;10531.5;10558.0;16.31;26.43;21.03;77.14;56.77;0.299;NEUTRE;0;83.2;3;0
2026.06.29 01:00;10541.5;10544.5;10524.0;10537.0;17.08;21.89;24.27;51.08;49.41;0.100;NEUTRE;0;;;0
2026.06.29 00:00;10526.5;10550.0;10526.5;10541.5;18.91;25.26;26.12;42.09;55.97;0.142;NEUTRE;0;;;0
2026.06.26 19:00;10523.0;10526.5;10505.0;10519.5;21.56;17.29;30.14;55.06;70.14;-0.104;NEUTRE;0;-17;0;1
2026.06.26 18:00;10540.0;10542.5;10519.0;10523.0;20.71;19.95;24.76;70.76;81.71;-0.071;NEUTRE;0;-12.4;0;1
2026.06.26 17:00;10541.0;10551.5;10539.0;10540.0;22.23;23.01;15.48;84.59;89.03;0.090;NEUTRE;0;16.5;0;1
2026.06.26 16:00;10559.5;10560.0;10527.0;10541.0;22.64;26.56;17.86;89.77;80.90;0.100;NEUTRE;0;19.3;0;1
2026.06.26 15:00;10533.0;10566.0;10523.5;10559.0;23.11;30.64;20.61;92.73;59.58;0.271;NEUTRE;0;45.3;2;1
2026.06.26 14:00;10498.0;10536.5;10495.5;10533.0;23.66;24.68;23.78;60.19;30.21;0.024;NEUTRE;0;5.5;0;1
2026.06.26 13:00;10451.0;10500.5;10440.5;10497.5;27.01;14.96;27.44;25.82;13.32;-0.313;NEUTRE;0;-53.4;-2;1
2026.06.26 12:00;10470.0;10478.0;10445.0;10450.5;26.64;11.50;31.66;4.62;10.79;-0.760;STRONG_DOWN;-2;-74.2;-3;1
2026.06.26 11:00;10485.5;10493.0;10469.5;10470.0;23.56;13.27;25.11;9.51;23.65;-0.575;SOFT_DOWN;-1;-71.1;-3;1
2026.06.26 10:00;10496.5;10497.5;10479.5;10485.0;22.43;15.31;22.43;18.23;42.41;-0.432;SOFT_DOWN;-1;-67.5;-3;1
2026.06.26 09:00;10504.0;10508.0;10481.0;10496.5;22.98;17.66;24.59;43.21;59.87;-0.323;NEUTRE;0;-63.5;-2;1
2026.06.26 08:00;10530.0;10539.0;10494.5;10504.0;23.99;20.38;20.69;65.80;63.67;-0.252;NEUTRE;0;-60.4;-2;1
2026.06.26 07:00;10537.5;10552.0;10516.0;10530.0;27.57;23.51;16.43;70.59;53.68;-0.005;NEUTRE;0;-2.3;0;1
2026.06.26 06:00;10511.5;10548.0;10498.5;10539.0;29.08;25.42;18.96;54.63;37.49;0.081;NEUTRE;0;37.1;1;0
2026.06.26 05:00;10494.5;10520.5;10494.5;10512.0;31.32;20.79;21.88;35.82;25.01;-0.176;NEUTRE;0;-63.1;-2;0
2026.06.26 04:00;10496.0;10499.5;10487.0;10494.5;35.74;11.56;25.25;22.03;17.79;-0.342;NEUTRE;0;-78.2;-3;0
2026.06.26 03:00;10487.5;10496.5;10467.0;10495.5;35.52;9.65;29.13;17.20;17.22;-0.332;NEUTRE;0;-80.8;-3;0
2026.06.26 02:00;10535.0;10536.0;10480.0;10487.0;33.26;11.13;26.83;14.15;18.20;-0.413;NEUTRE;0;-85.1;-3;0
2026.06.26 01:00;10549.0;10556.0;10530.0;10535.0;32.01;12.84;17.23;20.31;19.61;0.043;NEUTRE;0;;;0
2026.06.26 00:00;10530.5;10561.5;10530.5;10547.5;34.69;14.82;19.58;20.16;18.94;0.161;NEUTRE;0;;;0
2026.06.25 19:00;10558.0;10565.5;10552.5;10559.0;37.90;17.10;11.67;18.36;24.23;0.711;SOFT_UP;1;64.5;2;1
2026.06.25 18:00;10569.0;10573.0;10548.0;10558.0;40.83;19.73;13.47;18.30;36.84;0.701;SOFT_UP;1;65.3;3;1
2026.06.25 17:00;10569.0;10574.0;10557.0;10568.5;44.21;22.76;10.00;36.03;52.61;0.801;STRONG_UP;2;69.2;3;1
2026.06.25 16:00;10586.0;10598.5;10561.0;10569.0;45.02;26.26;7.92;56.20;65.91;0.806;STRONG_UP;2;70.5;3;1
2026.06.25 15:00;10596.5;10598.5;10565.0;10586.0;43.69;30.30;7.50;65.61;75.11;0.968;STRONG_UP;2;74.5;3;1
2026.06.25 14:00;10566.0;10618.0;10566.0;10596.5;41.13;34.97;8.19;75.92;84.41;1.068;STRONG_UP;2;76.8;3;1
2026.06.25 13:00;10589.5;10596.5;10556.0;10566.0;37.91;33.99;9.45;83.78;89.75;0.777;STRONG_UP;2;73.3;3;1
2026.06.25 12:00;10566.5;10599.5;10563.0;10589.0;35.06;39.21;8.25;93.53;92.07;0.997;STRONG_UP;2;77.9;3;1
2026.06.25 11:00;10538.5;10570.5;10538.0;10566.5;30.41;33.02;9.52;91.94;90.27;0.782;STRONG_UP;2;75.9;3;1
2026.06.25 10:00;10529.0;10541.5;10526.0;10538.5;26.59;24.38;10.98;90.74;88.86;0.515;SOFT_UP;1;70.9;3;1
2026.06.25 09:00;10527.5;10544.0;10518.5;10529.0;24.86;28.13;12.67;88.13;81.81;0.424;SOFT_UP;1;69.2;3;1
2026.06.25 08:00;10505.5;10532.0;10500.5;10527.5;22.85;25.21;14.62;87.72;65.55;0.410;NEUTRE;0;70.8;3;1
2026.06.25 07:00;10469.5;10514.0;10454.5;10505.0;22.28;20.30;16.87;69.60;44.81;0.196;NEUTRE;0;57.4;2;1
2026.06.25 06:00;10465.5;10473.5;10450.0;10467.5;24.29;12.95;19.47;39.34;29.02;-0.162;NEUTRE;0;-56.5;-2;0
2026.06.25 05:00;10461.0;10475.0;10458.0;10466.0;24.93;14.95;17.23;25.51;25.51;-0.176;NEUTRE;0;-63.1;-2;0
2026.06.25 04:00;10460.5;10463.5;10451.5;10461.0;27.68;6.84;19.88;22.22;30.39;-0.224;NEUTRE;0;-72.3;-3;0
2026.06.25 03:00;10465.5;10470.0;10453.5;10460.5;24.43;7.89;20.37;28.79;41.17;-0.229;NEUTRE;0;-76.8;-3;0
2026.06.25 02:00;10471.0;10473.0;10453.0;10465.0;21.40;9.11;23.51;40.15;49.33;-0.186;NEUTRE;0;-79.1;-3;0
2026.06.25 01:00;10479.0;10487.5;10468.5;10471.0;17.89;10.51;15.20;54.58;49.82;-0.129;NEUTRE;0;;;0
2026.06.25 00:00;10484.5;10496.0;10473.0;10478.0;17.84;12.12;13.89;53.27;44.26;-0.062;NEUTRE;0;;;0
2026.06.24 19:00;10475.0;10492.5;10464.0;10489.0;19.54;11.65;16.03;41.61;43.95;0.282;NEUTRE;0;39.7;1;1
2026.06.24 18:00;10460.0;10487.5;10457.5;10475.0;20.10;10.74;18.50;37.91;53.67;0.148;NEUTRE;0;24.7;0;1
2026.06.24 17:00;10482.0;10485.5;10453.5;10460.0;19.12;11.37;21.34;52.34;69.30;0.005;NEUTRE;0;0.9;0;1
2026.06.24 16:00;10497.5;10502.5;10481.5;10482.0;17.36;13.11;11.16;70.76;78.25;0.215;NEUTRE;0;36.9;1;1
2026.06.24 15:00;10491.5;10504.0;10474.0;10497.5;18.80;15.13;12.88;84.80;82.16;0.363;NEUTRE;0;53.5;2;1
2026.06.24 14:00;10499.5;10507.0;10487.0;10491.5;20.46;17.46;8.20;79.18;77.73;0.306;NEUTRE;0;50.7;2;1
2026.06.24 13:00;10468.5;10499.5;10450.0;10499.5;18.05;14.38;9.46;82.51;75.64;0.382;NEUTRE;0;58.7;2;1
2026.06.24 12:00;10473.5;10483.5;10466.0;10468.5;17.65;16.59;10.91;71.49;72.71;0.086;NEUTRE;0;21.8;0;1
2026.06.24 11:00;10467.5;10481.0;10462.0;10473.0;17.19;16.94;12.59;72.91;71.17;0.129;NEUTRE;0;33.3;1;1
2026.06.24 10:00;10462.5;10479.0;10457.0;10467.5;17.57;17.93;14.53;73.74;70.91;0.076;NEUTRE;0;23;0;1
2026.06.24 09:00;10464.0;10471.5;10449.0;10462.5;18.66;15.44;16.76;66.86;68.68;0.029;NEUTRE;0;10.2;0;1
2026.06.24 08:00;10447.0;10470.0;10444.5;10464.0;20.90;16.80;19.34;72.15;66.37;0.043;NEUTRE;0;16.7;0;1
2026.06.24 07:00;10461.0;10477.0;10439.0;10447.0;23.03;19.38;22.32;67.03;53.82;-0.120;NEUTRE;0;-43.8;-1;1
2026.06.24 06:00;10452.0;10470.5;10440.5;10461.0;25.49;19.73;25.75;59.95;35.76;0.014;NEUTRE;0;7.4;0;0
2026.06.24 05:00;10436.0;10465.5;10433.5;10452.0;27.37;20.20;29.72;34.48;18.49;-0.072;NEUTRE;0;-38.9;-1;0
2026.06.24 04:00;10434.0;10440.0;10412.0;10436.0;28.65;11.05;34.29;12.85;11.96;-0.225;NEUTRE;0;-72.4;-3;0
2026.06.24 03:00;10434.5;10455.5;10433.0;10434.0;25.17;12.75;28.02;8.13;14.69;-0.244;NEUTRE;0;-77.6;-3;0
2026.06.24 02:00;10465.5;10466.0;10434.5;10434.5;23.28;14.71;31.31;14.91;20.40;-0.239;NEUTRE;0;-81.5;-3;0
2026.06.24 01:00;10465.5;10473.5;10460.5;10465.5;21.31;16.97;23.43;21.04;33.78;0.057;NEUTRE;0;;;0
2026.06.24 00:00;10459.5;10480.5;10451.5;10465.0;22.13;19.58;27.03;25.25;53.78;0.053;NEUTRE;0;;;0
2026.06.23 19:00;10484.0;10491.5;10463.0;10470.0;23.07;22.60;25.09;55.06;75.33;0.273;NEUTRE;0;38.8;1;1
2026.06.23 18:00;10496.0;10502.0;10477.0;10484.0;25.82;26.07;21.39;81.04;88.22;0.407;NEUTRE;0;51.7;2;1
2026.06.23 17:00;10502.0;10510.0;10495.0;10496.0;28.27;30.08;13.61;89.90;91.83;0.522;SOFT_UP;1;59.8;2;1
2026.06.23 16:00;10490.0;10502.0;10488.0;10502.0;26.82;26.51;15.70;93.72;90.65;0.579;SOFT_UP;1;63.7;2;1
2026.06.23 15:00;10495.0;10501.0;10467.0;10489.5;27.01;29.49;18.12;91.86;84.98;0.460;SOFT_UP;1;59.8;2;1
2026.06.23 14:00;10482.0;10499.0;10477.0;10495.0;27.49;34.02;16.38;86.38;77.35;0.512;SOFT_UP;1;64;2;1
2026.06.23 13:00;10434.5;10486.5;10422.0;10482.5;26.33;30.52;18.90;76.71;74.01;0.393;NEUTRE;0;59.4;2;1
2026.06.23 12:00;10430.0;10445.0;10423.0;10434.5;26.77;25.31;21.81;68.95;76.43;-0.067;NEUTRE;0;-17.3;0;1
2026.06.23 11:00;10427.0;10437.0;10416.5;10430.0;29.74;23.61;25.16;76.38;78.83;-0.110;NEUTRE;0;-29.2;-1;1
2026.06.23 10:00;10442.5;10460.0;10425.5;10427.0;33.83;27.25;22.28;83.97;67.48;-0.139;NEUTRE;0;-37.9;-1;1
2026.06.23 09:00;10415.0;10445.5;10414.0;10442.0;37.49;24.97;25.71;76.14;43.63;0.005;NEUTRE;0;1.8;0;1
2026.06.23 08:00;10375.5;10415.0;10369.0;10414.5;43.03;13.92;29.66;42.33;21.35;-0.259;NEUTRE;0;-61.1;-2;1
2026.06.23 07:00;10368.0;10418.0;10368.0;10375.5;44.09;16.06;34.22;12.42;11.44;-0.632;SOFT_DOWN;-1;-78.8;-3;1
2026.06.23 06:00;10369.5;10381.5;10358.0;10369.5;45.32;7.30;39.49;9.30;12.05;-0.690;SOFT_DOWN;-1;-81.2;-3;0
2026.06.23 05:00;10390.0;10392.0;10369.0;10369.0;41.71;8.42;38.36;12.61;13.55;-0.694;SOFT_DOWN;-1;-82.7;-3;0
2026.06.23 04:00;10399.0;10404.0;10385.0;10390.0;38.27;9.71;33.56;14.23;14.25;-0.493;SOFT_DOWN;-1;-81.7;-3;0
2026.06.23 03:00;10409.0;10409.5;10377.0;10398.5;35.68;11.21;38.73;13.82;18.09;-0.412;NEUTRE;0;-82.6;-3;0
2026.06.23 02:00;10437.5;10440.0;10407.5;10408.5;32.70;12.93;30.25;14.71;25.02;-0.316;NEUTRE;0;-83.5;-3;0
2026.06.23 01:00;10459.0;10460.5;10430.5;10437.5;31.56;14.92;24.01;25.75;33.51;-0.038;NEUTRE;0;;;0
2026.06.23 00:00;10441.5;10467.0;10441.5;10458.0;32.82;17.22;22.07;34.60;44.70;0.158;NEUTRE;0;;;0
2026.06.22 19:00;10463.5;10469.0;10453.0;10464.0;35.97;19.87;18.52;40.18;59.18;0.960;STRONG_UP;2;70.5;3;1
2026.06.22 18:00;10470.0;10475.0;10462.0;10463.0;40.97;22.93;12.72;59.31;76.01;0.950;STRONG_UP;2;71.3;3;1
2026.06.22 17:00;10484.0;10484.5;10463.5;10470.0;42.87;26.45;12.90;78.07;85.29;1.018;STRONG_UP;2;73.4;3;1
2026.06.22 16:00;10481.0;10486.5;10473.5;10484.0;44.16;30.52;7.56;90.66;89.02;1.153;STRONG_UP;2;76.1;3;1
2026.06.22 15:00;10472.5;10488.0;10465.0;10480.5;41.68;35.22;8.72;87.13;88.98;1.119;STRONG_UP;2;76.5;3;1
2026.06.22 14:00;10460.5;10475.0;10449.5;10472.5;38.82;31.94;10.06;89.27;91.34;1.042;STRONG_UP;2;76.5;3;1
2026.06.22 13:00;10461.0;10478.0;10455.0;10460.5;36.78;36.85;8.29;90.54;85.24;0.926;STRONG_UP;2;75.9;3;1
2026.06.22 12:00;10457.0;10466.0;10449.5;10461.0;32.70;34.50;9.57;94.20;67.25;0.931;STRONG_UP;2;77;3;1
2026.06.22 11:00;10431.0;10458.0;10430.5;10457.0;29.03;32.35;11.04;70.99;41.20;0.892;STRONG_UP;2;77.6;3;1
2026.06.22 10:00;10392.0;10435.0;10392.0;10430.5;25.94;24.45;12.74;36.57;28.50;0.637;SOFT_UP;1;74.3;3;1
2026.06.22 09:00;10389.0;10411.0;10384.5;10392.0;25.09;19.63;14.70;16.05;34.20;0.265;NEUTRE;0;58.7;2;1
2026.06.22 08:00;10402.5;10406.0;10386.0;10389.0;26.74;19.75;16.96;32.87;52.03;0.236;NEUTRE;0;58.8;2;1
2026.06.22 07:00;10420.5;10426.0;10390.5;10403.0;29.69;22.79;16.11;53.69;63.34;0.371;NEUTRE;0;71.4;3;1
2026.06.22 06:00;10410.5;10436.5;10407.0;10420.5;31.62;26.29;11.44;69.53;65.88;0.540;SOFT_UP;1;78.8;3;0
2026.06.22 05:00;10402.0;10415.5;10395.5;10410.5;30.43;19.38;13.20;66.79;61.05;0.444;SOFT_UP;1;78.6;3;0
2026.06.22 04:00;10396.0;10404.0;10391.5;10401.5;32.19;13.52;15.23;61.32;59.83;0.357;NEUTRE;0;78.7;3;0
2026.06.22 03:00;10393.5;10397.0;10389.5;10396.0;36.22;6.98;17.57;55.03;59.65;0.304;NEUTRE;0;80;3;0
2026.06.22 02:00;10391.5;10398.5;10389.5;10393.5;35.16;8.06;20.28;63.14;60.76;0.280;NEUTRE;0;82.7;3;0
2026.06.22 01:00;10413.0;10417.5;10389.5;10391.5;33.94;9.30;23.40;60.78;51.92;0.261;NEUTRE;0;;;0
2026.06.22 00:00;10364.5;10414.5;10364.5;10413.0;32.53;9.08;26.99;58.36;42.35;0.468;SOFT_UP;1;;;0
2026.06.19 19:00;10399.5;10403.5;10386.5;10401.0;29.89;10.48;24.38;36.61;37.15;-0.335;NEUTRE;0;-44.6;-1;1
2026.06.19 18:00;10396.5;10401.0;10396.5;10399.5;28.36;12.09;19.08;32.08;38.33;-0.350;NEUTRE;0;-47.4;-2;1
2026.06.19 17:00;10397.0;10400.0;10394.0;10396.5;29.27;10.53;22.01;42.75;41.64;-0.378;NEUTRE;0;-51.2;-2;1
2026.06.19 16:00;10415.5;10424.0;10394.5;10397.0;28.35;12.15;24.12;40.16;39.37;-0.374;NEUTRE;0;-52.6;-2;1
2026.06.19 15:00;10400.5;10418.0;10383.5;10416.0;27.63;10.89;27.83;42.01;36.81;-0.192;NEUTRE;0;-35.6;-1;1
2026.06.19 14:00;10418.0;10420.0;10399.5;10400.0;25.15;12.57;24.98;35.95;31.86;-0.345;NEUTRE;0;-54;-2;1
2026.06.19 13:00;10426.5;10429.5;10410.0;10418.0;23.94;14.50;20.94;32.47;28.03;-0.172;NEUTRE;0;-36.5;-1;1
2026.06.19 12:00;10408.5;10429.5;10395.0;10426.5;24.83;16.73;24.16;27.17;33.83;-0.091;NEUTRE;0;-23;0;1
2026.06.19 11:00;10417.5;10419.0;10400.5;10408.5;25.86;14.63;27.88;24.44;49.20;-0.264;NEUTRE;0;-53.3;-2;1
2026.06.19 10:00;10424.0;10430.0;10408.0;10418.5;25.04;16.88;25.93;49.86;70.62;-0.168;NEUTRE;0;-43.2;-1;1
2026.06.19 09:00;10453.0;10458.0;10415.5;10424.5;25.64;19.47;24.67;73.30;79.80;-0.110;NEUTRE;0;-34.4;-1;1
2026.06.19 08:00;10457.5;10462.5;10440.0;10453.0;27.77;22.47;19.60;88.69;68.12;0.163;NEUTRE;0;48.7;2;1
2026.06.19 07:00;10430.5;10461.0;10423.5;10457.5;30.99;24.90;22.62;77.41;44.00;0.206;NEUTRE;0;58.7;2;1
2026.06.19 06:00;10412.5;10434.0;10412.5;10428.5;35.02;17.65;26.10;38.27;21.35;-0.072;NEUTRE;0;-33.9;-1;0
2026.06.19 05:00;10399.5;10414.5;10399.0;10412.5;37.44;6.42;30.11;16.31;11.87;-0.225;NEUTRE;0;-68.3;-3;0
2026.06.19 04:00;10415.5;10416.5;10398.0;10399.5;33.22;7.40;34.74;9.46;9.52;-0.350;NEUTRE;0;-78.5;-3;0
2026.06.19 03:00;10421.5;10424.0;10408.5;10415.5;28.35;8.54;31.36;9.84;14.42;-0.196;NEUTRE;0;-74.7;-3;0
2026.06.19 02:00;10426.5;10427.0;10415.0;10421.5;23.91;9.86;29.73;9.25;28.27;-0.139;NEUTRE;0;-75.6;-3;0
2026.06.19 01:00;10430.0;10434.0;10426.0;10426.5;19.87;11.37;20.20;24.18;51.00;-0.091;NEUTRE;0;;;0
2026.06.19 00:00;10436.0;10447.5;10425.0;10430.0;18.62;13.12;23.31;51.37;67.14;-0.057;NEUTRE;0;;;0
2026.06.18 19:00;10457.0;10464.0;10447.5;10456.5;17.19;15.14;15.90;77.44;70.74;-0.419;SOFT_DOWN;-1;-51;-2;1
2026.06.18 18:00;10462.0;10468.5;10455.0;10457.0;19.46;17.47;11.36;72.61;63.52;-0.414;NEUTRE;0;-52.1;-2;1
2026.06.18 17:00;10449.5;10463.0;10442.5;10462.0;19.19;13.89;13.10;62.18;52.33;-0.367;NEUTRE;0;-50.4;-2;1
2026.06.18 16:00;10444.0;10460.0;10444.0;10449.5;21.69;13.78;15.12;55.76;46.20;-0.486;SOFT_DOWN;-1;-59.5;-2;1
2026.06.18 15:00;10455.5;10456.5;10433.5;10444.0;24.31;12.53;17.45;39.05;36.60;-0.538;SOFT_DOWN;-1;-63.5;-2;1
2026.06.18 14:00;10424.5;10454.5;10419.5;10454.5;25.53;13.12;20.13;43.79;31.75;-0.438;SOFT_DOWN;-1;-60.3;-2;1
2026.06.18 13:00;10465.0;10468.5;10422.5;10424.5;26.21;15.14;21.91;26.97;23.33;-0.724;SOFT_DOWN;-1;-72.2;-3;1
2026.06.18 12:00;10446.0;10473.0;10444.0;10465.5;27.44;17.47;18.09;24.50;18.53;-0.333;NEUTRE;0;-57.2;-2;1
2026.06.18 11:00;10437.5;10446.5;10428.5;10446.0;31.39;6.10;20.87;18.53;17.17;-0.519;SOFT_DOWN;-1;-69.3;-3;1
2026.06.18 10:00;10457.5;10460.0;10434.5;10437.5;27.79;7.04;18.95;12.57;19.70;-0.600;SOFT_DOWN;-1;-73.4;-3;1
2026.06.18 09:00;10436.0;10462.5;10430.5;10457.5;25.01;8.12;21.87;20.43;34.05;-0.410;NEUTRE;0;-68.6;-3;1
2026.06.18 08:00;10489.0;10493.5;10436.0;10436.0;21.81;9.37;22.59;26.11;44.72;-0.614;SOFT_DOWN;-1;-76.9;-3;1
2026.06.18 07:00;10507.0;10522.5;10468.5;10489.0;18.80;10.81;17.37;55.60;50.85;-0.110;NEUTRE;0;-41.3;-1;1
2026.06.18 06:00;10507.0;10512.0;10483.5;10507.0;18.11;12.47;15.77;52.45;43.46;0.062;NEUTRE;0;30;1;0
2026.06.18 05:00;10501.0;10520.0;10493.0;10507.0;19.10;14.39;13.07;44.51;35.91;0.062;NEUTRE;0;34.7;1;0
2026.06.18 04:00;10501.5;10510.0;10491.5;10500.5;21.29;10.91;15.08;33.42;28.05;0.000;NEUTRE;0;0;0;0
2026.06.18 03:00;10494.5;10506.5;10480.5;10504.0;22.10;9.68;17.39;29.80;22.15;0.033;NEUTRE;0;31.6;1;0
2026.06.18 02:00;10492.5;10505.0;10487.5;10495.0;21.12;11.16;15.93;20.95;19.71;-0.052;NEUTRE;0;-55.5;-2;0
2026.06.18 01:00;10487.0;10503.0;10479.5;10492.5;21.66;11.12;18.38;15.69;23.75;-0.076;NEUTRE;0;;;0
2026.06.18 00:00;10500.5;10542.5;10484.0;10487.0;21.21;12.83;18.26;22.49;34.54;-0.129;NEUTRE;0;;;0
2026.06.17 19:00;10524.0;10536.0;10477.5;10486.5;21.78;13.10;21.07;33.07;45.52;-0.133;NEUTRE;0;-21.4;0;1
2026.06.17 18:00;10535.5;10544.0;10495.0;10523.5;21.55;15.11;19.71;48.05;53.68;0.219;NEUTRE;0;34.2;1;1
2026.06.17 17:00;10532.0;10538.5;10518.5;10535.5;22.83;17.44;15.36;55.43;58.29;0.333;NEUTRE;0;47.6;2;1
2026.06.17 16:00;10542.0;10545.0;10529.0;10532.0;25.37;20.12;9.65;57.54;57.89;0.300;NEUTRE;0;46.4;2;1
2026.06.17 15:00;10531.5;10557.0;10526.0;10542.0;23.86;23.22;11.13;61.88;56.93;0.395;NEUTRE;0;55.8;2;1
2026.06.17 14:00;10529.5;10545.0;10514.5;10531.5;22.12;20.84;12.85;54.25;57.57;0.295;NEUTRE;0;49.7;2;1
2026.06.17 13:00;10521.5;10531.0;10511.0;10528.5;21.87;16.98;14.82;54.67;61.20;0.267;NEUTRE;0;49;2;1
2026.06.17 12:00;10526.5;10535.0;10516.5;10521.5;24.20;19.59;12.87;63.79;61.81;0.200;NEUTRE;0;43;1;1
2026.06.17 11:00;10535.5;10535.5;10523.0;10526.5;24.73;22.61;9.45;65.15;51.46;0.248;NEUTRE;0;51.6;2;1
2026.06.17 10:00;10522.5;10542.5;10520.5;10535.5;22.23;26.08;10.90;56.49;41.03;0.333;NEUTRE;0;61.8;2;1
2026.06.17 09:00;10515.0;10526.5;10512.0;10522.5;19.33;18.91;12.58;32.74;37.48;0.210;NEUTRE;0;52.5;2;1
2026.06.17 08:00;10510.5;10520.5;10502.0;10515.5;19.21;15.45;14.51;33.87;51.17;0.143;NEUTRE;0;45;2;1
2026.06.17 07:00;10526.0;10541.5;10507.5;10510.5;21.69;17.83;12.17;45.83;65.94;0.095;NEUTRE;0;37.2;1;1
2026.06.17 06:00;10517.5;10531.0;10517.0;10526.5;22.12;15.82;14.05;73.81;75.93;0.248;NEUTRE;0;66.6;3;0
2026.06.17 05:00;10519.5;10527.5;10517.0;10517.5;24.61;14.41;16.21;78.17;75.66;0.162;NEUTRE;0;61.1;2;0
2026.06.17 04:00;10523.5;10526.0;10514.5;10520.0;27.49;14.43;18.70;75.81;66.08;0.186;NEUTRE;0;69;3;0
2026.06.17 03:00;10518.5;10526.0;10511.5;10523.5;29.74;16.64;21.58;73.00;51.68;0.219;NEUTRE;0;76.2;3;0
2026.06.17 02:00;10525.0;10527.5;10516.0;10518.5;32.33;19.21;20.12;49.43;30.58;0.171;NEUTRE;0;78.2;3;0
2026.06.17 01:00;10502.0;10525.0;10497.0;10525.0;36.94;18.82;23.22;32.61;18.35;0.233;NEUTRE;0;;;0
2026.06.17 00:00;10500.5;10506.5;10493.5;10502.0;41.01;11.54;26.79;9.71;15.45;0.014;NEUTRE;0;;;0
2026.06.16 19:00;10513.0;10513.0;10498.0;10503.0;41.21;13.32;25.59;12.74;24.86;0.632;SOFT_UP;1;61.7;2;1
2026.06.16 18:00;10533.0;10533.0;10513.0;10513.0;42.70;15.37;14.14;23.89;33.80;0.728;SOFT_UP;1;66.2;3;1
2026.06.16 17:00;10537.0;10538.5;10526.5;10533.0;48.62;17.74;5.93;37.96;42.69;0.920;STRONG_UP;2;71.7;3;1
2026.06.16 16:00;10531.0;10540.5;10527.5;10537.0;48.43;20.46;5.56;39.54;53.42;0.958;STRONG_UP;2;73.4;3;1
2026.06.16 15:00;10529.5;10544.0;10521.5;10531.0;47.07;23.61;6.41;50.57;68.62;0.901;STRONG_UP;2;73.4;3;1
2026.06.16 14:00;10544.5;10559.0;10524.0;10529.5;45.50;27.24;5.69;70.13;80.09;0.886;STRONG_UP;2;74.2;3;1
2026.06.16 13:00;10532.5;10551.5;10526.5;10544.5;42.43;28.14;6.57;85.15;86.11;1.030;STRONG_UP;2;77.3;3;1
2026.06.16 12:00;10529.0;10535.0;10519.0;10532.5;39.39;22.31;7.58;84.99;87.36;0.915;STRONG_UP;2;76.8;3;1
2026.06.16 11:00;10525.5;10530.5;10514.0;10529.0;37.87;21.42;8.74;88.19;87.91;0.881;STRONG_UP;2;77.4;3;1
2026.06.16 10:00;10533.0;10540.5;10512.5;10526.0;37.23;24.72;10.09;88.91;86.08;0.853;STRONG_UP;2;78.2;3;1
2026.06.16 09:00;10522.5;10536.0;10520.5;10533.0;36.49;28.52;7.25;86.63;80.47;0.920;STRONG_UP;2;80.1;3;1
2026.06.16 08:00;10478.0;10533.0;10477.0;10522.5;32.95;29.93;8.36;82.70;78.14;0.819;STRONG_UP;2;80.1;3;1
2026.06.16 07:00;10478.0;10492.5;10464.5;10478.0;29.36;23.41;9.65;72.08;73.58;0.393;NEUTRE;0;72.3;3;1
2026.06.16 06:00;10459.5;10479.5;10453.5;10477.0;27.47;19.86;11.13;79.63;71.71;0.383;NEUTRE;0;74.4;3;0
2026.06.16 05:00;10460.0;10470.0;10453.5;10459.5;27.36;17.30;12.84;69.03;64.85;0.216;NEUTRE;0;67.5;3;0
2026.06.16 04:00;10453.5;10461.5;10450.0;10460.0;29.29;12.04;14.82;66.47;61.92;0.220;NEUTRE;0;72;3;0
2026.06.16 03:00;10449.0;10462.0;10448.5;10453.5;32.20;13.89;17.10;59.06;55.75;0.158;NEUTRE;0;71.3;3;0
2026.06.16 02:00;10453.0;10457.0;10447.5;10449.0;35.56;10.33;19.73;60.22;47.73;0.115;NEUTRE;0;72.7;3;0
2026.06.16 01:00;10459.0;10463.5;10448.5;10453.0;36.22;11.91;21.14;47.98;32.48;0.153;NEUTRE;0;;;0
2026.06.16 00:00;10437.0;10463.0;10437.0;10459.0;37.50;13.23;24.40;35.00;19.50;0.211;NEUTRE;0;;;0
2026.06.15 19:00;10445.0;10453.0;10435.0;10446.5;38.71;9.35;28.15;14.46;11.55;-0.807;STRONG_DOWN;-2;-67.2;-3;1
2026.06.15 18:00;10447.0;10450.5;10435.0;10445.0;36.95;8.66;32.48;9.04;12.32;-0.821;STRONG_DOWN;-2;-68.6;-3;1
2026.06.15 17:00;10457.0;10460.0;10444.5;10447.0;33.72;9.99;28.05;11.14;14.36;-0.802;STRONG_DOWN;-2;-69.2;-3;1
2026.06.15 16:00;10470.0;10471.0;10455.0;10458.0;31.61;11.52;21.94;16.79;14.52;-0.698;SOFT_DOWN;-1;-67.7;-3;1
2026.06.15 15:00;10469.5;10482.0;10453.5;10470.0;31.68;13.30;25.32;15.15;10.75;-0.584;SOFT_DOWN;-1;-65.3;-3;1
2026.06.15 14:00;10462.0;10476.0;10455.5;10469.5;31.76;12.10;29.21;11.63;8.04;-0.589;SOFT_DOWN;-1;-67;-3;1
2026.06.15 13:00;10514.5;10516.5;10460.5;10462.5;30.28;13.97;29.96;5.47;6.59;-0.655;SOFT_DOWN;-1;-70.5;-3;1
2026.06.15 12:00;10513.0;10522.5;10507.0;10514.5;29.33;16.11;21.79;7.01;7.58;-0.161;NEUTRE;0;-36.9;-1;1
2026.06.15 11:00;10517.5;10523.5;10511.0;10513.0;31.54;18.59;21.17;7.29;8.02;-0.176;NEUTRE;0;-41.8;-1;1
2026.06.15 10:00;10521.0;10525.0;10513.0;10517.0;35.40;21.45;21.97;8.43;14.36;-0.138;NEUTRE;0;-37.7;-1;1
2026.06.15 09:00;10535.5;10535.5;10510.0;10521.0;40.66;24.75;25.35;8.33;27.43;-0.100;NEUTRE;0;-31.9;-1;1
2026.06.15 08:00;10558.0;10564.5;10531.0;10535.5;46.74;28.56;16.58;26.32;52.38;0.038;NEUTRE;0;14.9;0;1
2026.06.15 07:00;10589.0;10606.0;10555.0;10558.0;49.84;32.96;8.11;47.64;73.50;0.252;NEUTRE;0;63.6;2;1
2026.06.15 06:00;10572.5;10597.5;10570.5;10590.0;48.20;38.03;4.68;83.20;88.66;0.555;SOFT_UP;1;79.1;3;0
2026.06.15 05:00;10573.5;10583.5;10568.5;10572.5;43.60;35.90;5.40;89.66;90.82;0.389;NEUTRE;0;77.1;3;0
2026.06.15 04:00;10567.5;10575.5;10566.5;10573.5;38.94;33.22;6.23;93.12;90.15;0.399;NEUTRE;0;79.8;3;0
2026.06.15 03:00;10563.5;10570.5;10562.0;10567.5;34.41;29.78;7.19;89.69;86.17;0.342;NEUTRE;0;81.1;3;0
2026.06.15 02:00;10556.0;10565.5;10552.5;10564.0;30.30;25.31;8.29;87.64;82.57;0.309;NEUTRE;0;83.4;3;0
2026.06.15 01:00;10559.0;10564.0;10553.0;10556.0;27.17;27.43;9.57;81.19;78.78;0.233;NEUTRE;0;;;0
2026.06.15 00:00;10531.5;10574.0;10529.5;10559.0;23.92;31.65;11.04;78.87;79.13;0.261;NEUTRE;0;;;0
2026.06.12 19:00;10473.0;10489.0;10462.5;10470.0;20.17;23.95;12.74;76.27;79.80;0.925;STRONG_UP;2;69.8;3;1
2026.06.12 18:00;10472.5;10481.0;10469.5;10473.5;18.58;22.99;14.70;82.25;82.14;0.959;STRONG_UP;2;71.5;3;1
2026.06.12 17:00;10466.5;10479.0;10465.0;10472.5;18.05;23.85;16.96;80.87;82.10;0.949;STRONG_UP;2;72.2;3;1
2026.06.12 16:00;10461.5;10482.5;10449.0;10466.5;18.23;27.52;19.57;83.30;74.08;0.892;STRONG_UP;2;72.2;3;1
2026.06.12 15:00;10468.5;10484.5;10458.5;10461.5;18.44;31.75;18.22;82.14;59.43;0.843;STRONG_UP;2;72.4;3;1
2026.06.12 14:00;10438.0;10472.0;10436.5;10468.0;17.10;29.24;21.02;56.80;43.51;0.906;STRONG_UP;2;74.6;3;1
2026.06.12 13:00;10395.5;10444.5;10395.5;10437.5;17.22;21.82;24.25;39.36;41.11;0.612;SOFT_UP;1;69.2;3;1
2026.06.12 12:00;10418.0;10420.5;10390.5;10395.5;19.06;17.64;27.98;34.37;46.92;0.207;NEUTRE;0;44;1;1
2026.06.12 11:00;10419.5;10441.5;10415.5;10418.0;18.50;20.35;19.47;49.59;58.41;0.424;SOFT_UP;1;65.1;3;1
2026.06.12 10:00;10429.5;10435.0;10402.5;10420.0;21.00;19.64;22.46;56.80;62.19;0.443;SOFT_UP;1;68;3;1
2026.06.12 09:00;10440.0;10453.0;10429.5;10430.0;23.20;22.66;13.14;68.83;58.19;0.540;SOFT_UP;1;73.4;3;1
2026.06.12 08:00;10436.5;10474.5;10432.0;10440.0;22.68;26.15;13.52;60.96;44.04;0.636;SOFT_UP;1;77.3;3;1
2026.06.12 07:00;10372.5;10443.0;10372.0;10435.5;21.27;18.77;15.60;44.79;38.29;0.593;SOFT_UP;1;78.1;3;1
2026.06.12 06:00;10379.5;10399.0;10371.5;10372.5;23.12;12.12;18.00;26.36;43.77;-0.014;NEUTRE;0;-7.4;0;0
2026.06.12 05:00;10400.5;10406.0;10373.5;10379.5;23.68;13.99;19.65;43.70;60.61;0.053;NEUTRE;0;30.7;1;0
2026.06.12 04:00;10400.0;10403.5;10391.5;10401.0;24.73;16.14;14.15;61.26;74.18;0.260;NEUTRE;0;74.6;3;0
2026.06.12 03:00;10405.5;10406.5;10394.0;10400.0;27.53;18.62;13.12;76.88;83.70;0.251;NEUTRE;0;77.9;3;0
2026.06.12 02:00;10412.0;10416.0;10398.5;10405.5;29.10;21.49;9.60;84.40;87.49;0.304;NEUTRE;0;83.3;3;0
2026.06.12 01:00;10404.5;10414.5;10387.0;10412.5;27.69;23.47;11.08;89.82;88.65;0.371;NEUTRE;0;;;0
2026.06.12 00:00;10374.0;10412.0;10374.0;10405.5;26.44;25.69;12.79;88.24;80.53;0.304;NEUTRE;0;;;0
2026.06.11 19:00;10386.0;10424.5;10386.0;10415.5;25.35;29.64;10.31;87.90;66.64;2.298;EXPLOSIVE_UP;3;81.6;3;1
2026.06.11 18:00;10384.5;10390.0;10366.0;10386.0;21.80;20.41;11.89;65.45;45.84;2.009;EXPLOSIVE_UP;3;80.9;3;1
2026.06.11 17:00;10307.0;10401.5;10293.5;10384.0;21.10;23.55;13.72;46.58;39.91;1.989;EXPLOSIVE_UP;3;81.3;3;1
2026.06.11 16:00;10318.0;10335.5;10307.0;10307.0;20.29;17.77;15.83;25.49;43.39;1.233;STRONG_UP;2;76.9;3;1
2026.06.11 15:00;10319.0;10339.5;10302.0;10318.0;22.52;20.51;18.27;47.65;62.71;1.341;EXPLOSIVE_UP;3;78.7;3;1
2026.06.11 14:00;10364.0;10373.0;10316.5;10319.0;25.09;23.66;15.13;57.03;75.55;1.350;EXPLOSIVE_UP;3;79.5;3;1
2026.06.11 13:00;10336.5;10378.0;10323.0;10363.5;25.57;27.30;15.69;83.45;88.57;1.788;EXPLOSIVE_UP;3;82.6;3;1
2026.06.11 12:00;10367.0;10368.5;10293.0;10336.5;25.35;28.84;18.10;86.17;91.82;1.522;EXPLOSIVE_UP;3;82;3;1
2026.06.11 11:00;10340.0;10368.0;10333.5;10367.0;25.72;33.28;12.63;96.08;92.95;1.822;EXPLOSIVE_UP;3;83.8;3;1
2026.06.11 10:00;10345.5;10354.5;10339.0;10339.5;22.76;32.38;14.57;93.21;90.15;1.552;EXPLOSIVE_UP;3;83.4;3;1
2026.06.11 09:00;10317.0;10346.0;10310.5;10346.0;20.43;28.93;16.82;89.57;88.21;1.616;EXPLOSIVE_UP;3;84.3;3;1
2026.06.11 08:00;10297.5;10329.5;10297.5;10317.0;19.50;26.23;19.40;87.67;90.23;1.331;EXPLOSIVE_UP;3;83.9;3;1
2026.06.11 07:00;10243.0;10329.0;10241.5;10298.0;20.20;30.02;22.39;87.38;91.13;1.144;STRONG_UP;2;83.8;3;1
2026.06.11 06:00;10225.0;10245.5;10209.5;10244.0;21.06;19.96;25.83;95.65;83.82;0.614;SOFT_UP;1;80.1;3;0
2026.06.11 05:00;10230.0;10232.5;10223.0;10225.5;22.33;23.03;24.04;90.35;67.45;0.432;SOFT_UP;1;78.3;3;0
2026.06.11 04:00;10213.0;10231.5;10206.0;10230.0;25.43;24.95;27.73;65.45;47.95;0.476;SOFT_UP;1;81.5;3;0
2026.06.11 03:00;10182.0;10213.5;10172.0;10212.5;28.53;17.93;32.00;46.53;34.47;0.304;NEUTRE;0;80;3;0
2026.06.11 02:00;10195.0;10205.5;10161.0;10182.5;28.59;17.72;36.92;31.86;24.27;0.010;NEUTRE;0;15.6;0;0
2026.06.11 01:00;10189.0;10219.5;10189.0;10195.0;27.58;20.45;32.92;25.00;19.09;0.133;NEUTRE;0;;;0
2026.06.11 00:00;10181.5;10194.5;10157.5;10189.0;28.23;10.98;37.99;15.95;25.40;0.074;NEUTRE;0;;;0
2026.06.10 19:00;10221.5;10224.5;10199.5;10200.0;24.09;12.67;28.63;16.32;44.41;-1.000;STRONG_DOWN;-2;-71.2;-3;1
2026.06.10 18:00;10240.5;10249.5;10214.5;10221.5;21.85;14.62;23.80;43.91;67.24;-0.791;STRONG_DOWN;-2;-67.9;-3;1
2026.06.10 17:00;10244.5;10251.0;10221.5;10240.5;21.54;16.87;24.39;72.99;83.62;-0.607;SOFT_DOWN;-1;-63.4;-2;1
2026.06.10 16:00;10260.5;10267.0;10238.0;10244.0;22.05;19.47;19.54;84.80;89.18;-0.573;SOFT_DOWN;-1;-63.5;-2;1
2026.06.10 15:00;10260.0;10274.5;10235.5;10260.0;25.41;22.47;22.54;93.07;84.60;-0.417;SOFT_DOWN;-1;-57.3;-2;1
2026.06.10 14:00;10251.0;10272.0;10230.0;10260.0;29.30;24.94;26.01;89.67;69.92;-0.417;SOFT_DOWN;-1;-59;-2;1
2026.06.10 13:00;10227.0;10252.0;10216.5;10250.5;33.48;21.45;30.01;71.05;49.37;-0.510;SOFT_DOWN;-1;-65.5;-3;1
2026.06.10 12:00;10187.0;10234.5;10183.0;10227.0;36.07;17.16;34.63;49.03;31.16;-0.738;SOFT_DOWN;-1;-73.8;-3;1
2026.06.10 11:00;10194.5;10203.0;10131.5;10187.0;36.43;10.39;39.96;28.02;20.60;-1.126;STRONG_DOWN;-2;-80.1;-3;1
2026.06.10 10:00;10187.0;10197.5;10168.5;10194.5;33.00;11.99;38.14;16.45;21.58;-1.053;STRONG_DOWN;-2;-80.4;-3;1
2026.06.10 09:00;10208.0;10208.5;10174.0;10186.5;30.05;13.83;41.09;17.32;27.63;-1.131;STRONG_DOWN;-2;-81.9;-3;1
2026.06.10 08:00;10247.0;10253.0;10203.0;10208.0;27.04;15.96;34.48;30.97;29.23;-0.922;STRONG_DOWN;-2;-81.2;-3;1
2026.06.10 07:00;10256.0;10269.5;10233.0;10247.0;25.55;18.42;30.56;34.62;22.57;-0.544;SOFT_DOWN;-1;-77;-3;1
2026.06.10 06:00;10245.0;10270.0;10245.0;10256.5;25.67;21.25;30.20;22.12;12.47;-0.451;SOFT_DOWN;-1;-76.6;-3;0
2026.06.10 05:00;10238.0;10248.0;10227.0;10245.0;26.94;10.98;34.85;10.98;16.82;-0.563;SOFT_DOWN;-1;-81;-3;0
2026.06.10 04:00;10265.5;10268.0;10237.5;10238.0;23.08;12.67;32.52;4.31;35.77;-0.631;SOFT_DOWN;-1;-83.5;-3;0
2026.06.10 03:00;10269.0;10280.5;10260.5;10265.5;19.87;14.62;25.92;35.16;63.51;-0.364;NEUTRE;0;-81.6;-3;0
2026.06.10 02:00;10280.0;10282.5;10269.0;10269.0;18.64;16.87;23.37;67.84;79.96;-0.330;NEUTRE;0;-83.8;-3;0
2026.06.10 01:00;10300.0;10313.0;10275.0;10280.0;19.03;19.47;20.12;87.52;79.74;-0.223;NEUTRE;0;;;0
2026.06.10 00:00;10303.0;10304.5;10273.5;10300.5;21.70;19.02;23.22;84.52;65.05;-0.024;NEUTRE;0;;;0
2026.06.09 19:00;10299.5;10305.5;10279.0;10303.0;23.51;21.95;24.06;67.18;44.38;-0.310;NEUTRE;0;-42.4;-1;1
2026.06.09 18:00;10270.5;10301.0;10267.0;10299.5;26.42;22.71;27.76;43.46;26.04;-0.343;NEUTRE;0;-46.8;-2;1
2026.06.09 17:00;10221.0;10279.0;10219.5;10270.5;28.95;16.25;32.04;22.50;14.78;-0.624;SOFT_DOWN;-1;-64;-2;1
2026.06.09 16:00;10225.0;10244.0;10190.0;10221.0;28.37;9.70;36.96;12.15;13.92;-1.103;STRONG_DOWN;-2;-75.5;-3;1
2026.06.09 15:00;10295.5;10300.5;10225.0;10225.0;23.75;11.19;32.68;9.68;23.49;-1.064;STRONG_DOWN;-2;-75.9;-3;1
2026.06.09 14:00;10339.5;10353.0;10274.0;10294.5;19.87;12.92;27.72;19.95;39.61;-0.392;NEUTRE;0;-57.4;-2;1
2026.06.09 13:00;10341.5;10362.5;10334.0;10339.5;17.32;14.90;20.30;40.85;53.87;0.044;NEUTRE;0;10.7;0;1
2026.06.09 12:00;10360.5;10363.0;10331.5;10340.5;17.62;17.20;23.43;58.04;58.10;0.053;NEUTRE;0;13.9;0;1
2026.06.09 11:00;10362.0;10375.0;10354.5;10361.0;17.98;19.84;15.80;62.71;51.83;0.252;NEUTRE;0;52;2;1
2026.06.09 10:00;10348.5;10365.5;10337.5;10362.0;19.00;15.77;18.23;53.53;43.10;0.261;NEUTRE;0;55.6;2;1
2026.06.09 09:00;10348.0;10357.0;10338.0;10348.0;20.80;13.52;21.03;39.25;41.21;0.126;NEUTRE;0;38.1;1;1
2026.06.09 08:00;10337.0;10360.0;10331.5;10348.5;20.66;15.60;24.27;36.51;52.43;0.131;NEUTRE;0;42.5;1;1
2026.06.09 07:00;10361.0;10362.5;10320.0;10336.5;20.49;18.00;28.00;47.89;69.46;0.015;NEUTRE;0;6.8;0;1
2026.06.09 06:00;10374.5;10380.0;10361.0;10361.0;20.30;20.77;17.47;72.90;81.59;0.252;NEUTRE;0;66.9;3;0
2026.06.09 05:00;10374.5;10382.0;10370.5;10374.5;22.10;23.97;12.46;87.59;83.27;0.382;NEUTRE;0;76.8;3;0
2026.06.09 04:00;10371.0;10381.5;10366.5;10374.5;20.64;26.98;14.38;84.29;69.35;0.382;NEUTRE;0;79.4;3;0
2026.06.09 03:00;10356.0;10374.0;10354.5;10371.0;19.12;23.44;16.59;77.92;55.26;0.348;NEUTRE;0;81.2;3;0
2026.06.09 02:00;10354.5;10360.0;10348.5;10356.0;19.43;16.00;19.14;45.85;42.54;0.203;NEUTRE;0;80;3;0
2026.06.09 01:00;10339.5;10365.0;10335.5;10354.5;21.05;18.47;22.09;42.00;40.24;0.189;NEUTRE;0;;;0
2026.06.09 00:00;10335.0;10349.0;10330.5;10339.0;22.91;12.96;25.49;39.77;36.02;0.039;NEUTRE;0;;;0
2026.06.08 19:00;10361.5;10363.0;10339.0;10362.0;21.43;14.96;25.26;38.95;32.88;0.242;NEUTRE;0;35.5;1;1
2026.06.08 18:00;10341.5;10366.5;10341.5;10361.5;20.78;17.26;27.54;29.33;33.84;0.237;NEUTRE;0;36.4;1;1
2026.06.08 17:00;10357.0;10357.0;10331.5;10341.5;20.45;14.07;31.78;30.35;41.16;0.044;NEUTRE;0;8.2;0;1
2026.06.08 16:00;10383.0;10385.0;10354.5;10357.0;17.65;16.23;22.79;41.84;49.84;0.193;NEUTRE;0;34;1;1
2026.06.08 15:00;10383.0;10391.0;10371.5;10383.0;17.78;18.73;17.72;51.29;56.89;0.445;SOFT_UP;1;58.9;2;1
2026.06.08 14:00;10382.0;10387.0;10347.0;10383.0;20.09;18.45;20.45;56.39;62.75;0.445;SOFT_UP;1;60.6;2;1
2026.06.08 13:00;10385.5;10393.5;10360.5;10382.0;22.39;21.29;18.40;63.00;70.29;0.435;SOFT_UP;1;61.9;2;1
2026.06.08 12:00;10388.5;10396.0;10379.0;10385.5;24.71;24.57;12.60;68.85;74.88;0.469;SOFT_UP;1;65.4;3;1
2026.06.08 11:00;10378.0;10420.5;10369.0;10388.0;23.56;28.35;14.54;79.03;75.82;0.493;SOFT_UP;1;68.3;3;1
2026.06.08 10:00;10377.0;10409.5;10364.0;10379.5;22.24;29.42;16.78;76.76;64.67;0.411;NEUTRE;0;66.5;3;1
2026.06.08 09:00;10336.0;10377.0;10334.5;10377.0;21.45;22.96;19.36;71.68;49.57;0.387;NEUTRE;0;67.4;3;1
2026.06.08 08:00;10342.5;10350.0;10325.5;10336.0;23.44;16.72;22.34;45.57;33.35;-0.010;NEUTRE;0;-4;0;1
2026.06.08 07:00;10318.0;10367.0;10315.0;10342.5;24.84;19.29;25.78;31.46;30.61;0.053;NEUTRE;0;23;0;1
2026.06.08 06:00;10309.0;10328.0;10297.0;10318.0;26.44;10.72;29.74;23.01;41.03;-0.184;NEUTRE;0;-59.8;-2;0
2026.06.08 05:00;10325.0;10338.5;10303.0;10309.5;23.28;12.37;31.34;37.37;57.52;-0.266;NEUTRE;0;-71.4;-3;0
2026.06.08 04:00;10354.5;10360.5;10323.5;10325.5;20.18;14.27;27.28;62.70;66.86;-0.111;NEUTRE;0;-57.2;-2;0
2026.06.08 03:00;10374.5;10376.5;10353.5;10354.5;18.47;16.47;19.00;72.48;61.16;0.169;NEUTRE;0;72.4;3;0
2026.06.08 02:00;10355.5;10379.0;10348.5;10374.5;20.21;19.00;21.93;65.39;45.56;0.363;NEUTRE;0;84.4;3;0
2026.06.08 01:00;10351.0;10362.0;10300.5;10355.5;22.21;13.35;25.30;45.61;32.47;0.179;NEUTRE;0;;;0
2026.06.08 00:00;10337.0;10364.0;10330.0;10351.0;20.87;15.40;21.81;25.67;24.80;0.135;NEUTRE;0;;;0
2026.06.05 19:00;10356.5;10358.0;10326.0;10352.5;21.43;15.06;25.17;26.15;23.51;-0.356;NEUTRE;0;-46.3;-2;1
2026.06.05 18:00;10384.5;10387.5;10355.5;10357.0;20.86;17.37;14.86;22.57;21.60;-0.313;NEUTRE;0;-44.2;-1;1
2026.06.05 17:00;10372.0;10385.5;10360.5;10384.5;22.87;20.04;14.74;21.81;20.30;-0.048;NEUTRE;0;-9;0;1
2026.06.05 16:00;10361.0;10373.5;10355.5;10371.5;24.05;15.74;17.01;20.43;33.54;-0.173;NEUTRE;0;-31.2;-1;1
2026.06.05 15:00;10405.0;10411.0;10359.0;10361.0;27.15;18.17;16.63;18.67;51.28;-0.274;NEUTRE;0;-45.6;-2;1
2026.06.05 14:00;10397.5;10415.5;10385.0;10405.0;30.65;20.96;11.50;61.51;73.65;0.149;NEUTRE;0;30.8;1;1
2026.06.05 13:00;10418.5;10428.5;10391.5;10397.5;30.88;24.18;9.99;73.66;79.99;0.077;NEUTRE;0;18.3;0;1
2026.06.05 12:00;10410.0;10423.0;10393.5;10417.5;29.24;25.62;11.52;85.77;82.50;0.270;NEUTRE;0;51.5;2;1
2026.06.05 11:00;10410.0;10418.0;10396.5;10410.0;27.90;26.95;13.30;80.54;75.61;0.197;NEUTRE;0;45.1;2;1
2026.06.05 10:00;10404.5;10414.0;10393.0;10410.5;26.98;28.24;15.34;81.19;70.25;0.202;NEUTRE;0;48.5;2;1
2026.06.05 09:00;10399.0;10424.0;10398.5;10404.5;26.58;32.58;13.68;65.08;60.07;0.144;NEUTRE;0;41.8;1;1
2026.06.05 08:00;10364.0;10401.0;10346.0;10399.0;24.38;23.72;15.78;64.47;57.04;0.091;NEUTRE;0;32.5;1;1
2026.06.05 07:00;10394.5;10399.5;10343.5;10364.0;25.04;26.95;18.21;50.65;42.66;-0.245;NEUTRE;0;-62.9;-2;1
2026.06.05 06:00;10359.0;10408.5;10359.0;10395.0;25.91;31.09;16.75;55.98;32.27;0.053;NEUTRE;0;26.3;1;0
2026.06.05 05:00;10363.5;10368.0;10356.0;10358.5;25.29;23.41;19.33;21.35;19.77;-0.298;NEUTRE;0;-73.3;-3;0
2026.06.05 04:00;10350.5;10366.0;10349.5;10363.5;27.70;24.45;22.30;19.47;19.91;-0.250;NEUTRE;0;-74;-3;0
2026.06.05 03:00;10363.0;10366.0;10348.5;10350.5;31.26;28.21;25.73;18.49;28.11;-0.375;NEUTRE;0;-81.9;-3;0
2026.06.05 02:00;10366.0;10376.0;10362.5;10363.0;35.36;32.55;17.38;21.77;44.91;-0.255;NEUTRE;0;-82;-3;0
2026.06.05 01:00;10361.5;10368.0;10348.0;10366.0;36.12;28.44;20.05;44.05;68.41;-0.226;NEUTRE;0;;;0
2026.06.05 00:00;10389.5;10389.5;10354.0;10361.5;39.02;32.82;18.52;68.90;84.53;-0.270;NEUTRE;0;;;0
2026.06.04 19:00;10405.5;10412.0;10399.5;10405.0;40.74;37.87;7.65;92.27;92.74;0.961;STRONG_UP;2;70.5;3;1
2026.06.04 18:00;10390.0;10406.0;10384.5;10405.5;36.79;36.31;8.83;92.43;92.51;0.965;STRONG_UP;2;71.6;3;1
2026.06.04 17:00;10388.5;10392.5;10383.5;10390.0;33.08;32.24;10.18;93.53;92.43;0.815;STRONG_UP;2;69.6;3;1
2026.06.04 16:00;10380.5;10397.5;10380.5;10388.5;30.18;37.20;11.75;91.57;89.61;0.801;STRONG_UP;2;70.4;3;1
2026.06.04 15:00;10349.5;10382.5;10349.0;10380.5;26.82;29.35;13.56;92.18;83.82;0.723;SOFT_UP;1;69.7;3;1
2026.06.04 14:00;10355.0;10367.0;10340.5;10349.5;25.28;26.74;15.64;85.07;68.10;0.422;SOFT_UP;1;59.3;2;1
2026.06.04 13:00;10338.0;10363.0;10332.0;10354.5;25.15;28.53;18.05;74.22;49.65;0.471;SOFT_UP;1;63.7;2;1
2026.06.04 12:00;10316.5;10341.0;10304.0;10338.0;25.55;22.01;20.83;45.01;29.80;0.310;NEUTRE;0;55.3;2;1
2026.06.04 11:00;10256.5;10322.5;10255.5;10316.5;29.06;17.70;24.03;29.71;28.83;0.102;NEUTRE;0;27.4;1;1
2026.06.04 10:00;10306.0;10308.5;10249.5;10256.5;31.20;17.21;27.73;14.67;37.31;-0.480;SOFT_DOWN;-1;-69.6;-3;1
2026.06.04 09:00;10299.5;10313.0;10280.0;10307.0;32.39;19.85;24.04;42.12;57.05;0.010;NEUTRE;0;3.6;0;1
2026.06.04 08:00;10361.5;10363.5;10295.5;10299.5;35.91;22.91;20.51;55.15;58.46;-0.063;NEUTRE;0;-23.8;0;1
2026.06.04 07:00;10314.0;10373.0;10314.0;10362.0;40.59;26.43;19.48;73.88;48.92;0.543;SOFT_UP;1;77;3;1
2026.06.04 06:00;10300.0;10316.0;10298.0;10314.0;44.50;15.64;22.48;46.35;34.32;0.078;NEUTRE;0;36;1;0
2026.06.04 05:00;10300.0;10301.5;10289.5;10300.0;48.59;5.65;25.94;26.52;29.38;-0.058;NEUTRE;0;-33;-1;0
2026.06.04 04:00;10301.0;10305.0;10295.5;10300.0;46.18;6.52;22.24;30.08;32.58;-0.058;NEUTRE;0;-39;-1;0
2026.06.04 03:00;10308.0;10314.0;10294.5;10301.0;44.87;7.52;25.66;31.53;30.94;-0.049;NEUTRE;0;-42.4;-1;0
2026.06.04 02:00;10308.0;10316.5;10297.5;10309.0;43.37;8.68;27.24;36.13;26.92;0.029;NEUTRE;0;39;1;0
2026.06.04 01:00;10310.5;10324.5;10300.5;10308.0;42.09;10.01;29.00;25.17;18.20;0.019;NEUTRE;0;;;0
2026.06.04 00:00;10306.0;10314.5;10290.5;10310.5;41.08;5.14;33.47;19.45;15.26;0.044;NEUTRE;0;;;0
2026.06.03 19:00;10336.5;10336.5;10317.0;10317.0;36.11;5.94;23.23;9.97;15.54;-0.750;STRONG_DOWN;-2;-65.6;-3;1
2026.06.03 18:00;10334.0;10338.5;10329.5;10336.5;32.55;6.85;16.94;16.35;21.99;-0.563;SOFT_DOWN;-1;-60.3;-2;1
2026.06.03 17:00;10339.0;10344.0;10329.5;10334.0;31.03;7.90;19.55;20.32;33.49;-0.587;SOFT_DOWN;-1;-62.6;-2;1
2026.06.03 16:00;10343.0;10344.0;10332.5;10339.0;29.28;9.12;19.37;29.32;48.65;-0.539;SOFT_DOWN;-1;-62;-2;1
2026.06.03 15:00;10351.0;10359.0;10328.0;10343.0;28.24;10.52;22.35;50.84;59.57;-0.500;SOFT_DOWN;-1;-61.8;-2;1
2026.06.03 14:00;10374.0;10379.0;10343.5;10351.0;27.05;12.14;18.10;65.80;57.20;-0.423;SOFT_DOWN;-1;-59.4;-2;1
2026.06.03 13:00;10359.5;10380.5;10355.5;10374.0;28.18;14.01;15.68;62.08;46.11;-0.202;NEUTRE;0;-41;-1;1
2026.06.03 12:00;10355.0;10368.0;10342.0;10359.5;31.65;8.47;18.10;43.73;37.82;-0.342;NEUTRE;0;-57.9;-2;1
2026.06.03 11:00;10353.0;10363.0;10345.5;10355.0;30.94;6.82;20.88;32.52;35.21;-0.385;NEUTRE;0;-62.9;-2;1
2026.06.03 10:00;10352.5;10369.5;10332.0;10353.0;27.89;7.86;24.09;37.22;36.36;-0.404;NEUTRE;0;-66.1;-3;1
2026.06.03 09:00;10366.0;10368.5;10351.0;10352.5;24.37;9.07;20.01;35.90;32.50;-0.409;NEUTRE;0;-68.5;-3;1
2026.06.03 08:00;10353.5;10369.0;10344.5;10366.5;22.34;10.47;23.08;35.96;28.45;-0.274;NEUTRE;0;-62.4;-2;1
2026.06.03 07:00;10364.0;10395.0;10336.5;10353.5;19.99;12.08;26.63;25.65;24.80;-0.399;NEUTRE;0;-72.6;-3;1
2026.06.03 06:00;10382.5;10386.5;10352.5;10362.5;17.28;13.94;26.52;23.75;27.76;-0.313;NEUTRE;0;-71.1;-3;0
2026.06.03 05:00;10386.5;10394.0;10379.5;10382.0;15.16;16.09;18.39;25.00;36.99;-0.125;NEUTRE;0;-54.4;-2;0
2026.06.03 04:00;10387.0;10393.5;10386.0;10387.0;16.46;18.56;14.32;34.52;50.30;-0.077;NEUTRE;0;-47.1;-2;0
2026.06.03 03:00;10382.5;10392.0;10382.5;10387.0;17.01;18.34;16.52;51.44;65.62;-0.077;NEUTRE;0;-55.1;-2;0
2026.06.03 02:00;10391.5;10393.5;10380.5;10383.0;18.83;21.16;19.07;64.92;76.89;-0.115;NEUTRE;0;-72.7;-3;0
2026.06.03 01:00;10394.0;10394.5;10384.0;10391.5;20.92;24.42;17.86;80.49;79.58;-0.034;NEUTRE;0;;;0
2026.06.03 00:00;10395.0;10404.0;10387.5;10394.0;21.75;28.17;15.48;85.26;73.21;-0.010;NEUTRE;0;;;0
2026.06.02 19:00;10387.5;10396.5;10383.0;10395.0;20.63;25.51;17.86;73.00;64.10;0.707;SOFT_UP;1;64.3;2;1
2026.06.02 18:00;10367.5;10389.5;10367.0;10387.5;21.08;21.46;20.60;61.38;62.95;0.635;SOFT_UP;1;63.1;2;1
2026.06.02 17:00;10372.0;10373.5;10360.5;10367.5;24.01;13.82;23.77;57.91;61.70;0.441;SOFT_UP;1;55.4;2;1
2026.06.02 16:00;10381.0;10383.0;10365.5;10372.5;23.64;15.95;21.51;69.57;56.11;0.489;SOFT_UP;1;59.7;2;1
2026.06.02 15:00;10385.5;10394.5;10376.5;10381.0;24.99;18.40;15.15;57.62;40.98;0.572;SOFT_UP;1;64.9;2;1
2026.06.02 14:00;10355.5;10392.5;10348.5;10385.5;27.34;19.52;17.49;41.16;32.57;0.615;SOFT_UP;1;67.9;3;1
2026.06.02 13:00;10369.5;10374.0;10345.0;10355.5;30.70;16.06;20.18;24.16;34.28;0.325;NEUTRE;0;54.4;2;1
2026.06.02 12:00;10379.0;10383.5;10356.5;10369.5;33.68;18.53;17.18;32.39;47.09;0.460;SOFT_UP;1;65;3;1
2026.06.02 11:00;10386.5;10393.0;10378.0;10379.0;38.27;21.38;7.57;46.29;62.74;0.552;SOFT_UP;1;70.4;3;1
2026.06.02 10:00;10389.5;10395.5;10378.0;10387.0;36.83;24.67;8.74;62.58;75.78;0.630;SOFT_UP;1;74.2;3;1
2026.06.02 09:00;10394.0;10396.0;10374.0;10389.5;35.15;28.47;10.08;79.37;85.66;0.654;SOFT_UP;1;76.2;3;1
2026.06.02 08:00;10404.5;10410.5;10377.5;10394.0;33.22;32.84;9.18;85.40;89.17;0.698;SOFT_UP;1;78.4;3;1
2026.06.02 07:00;10372.5;10406.5;10366.5;10405.0;29.67;36.03;10.60;92.21;90.90;0.804;STRONG_UP;2;81.2;3;1
2026.06.02 06:00;10372.5;10386.5;10368.0;10374.5;25.85;33.88;12.23;89.89;86.37;0.509;SOFT_UP;1;78.1;3;0
2026.06.02 05:00;10357.0;10374.5;10357.0;10372.5;22.60;29.12;14.11;90.60;72.33;0.489;SOFT_UP;1;79.6;3;0
2026.06.02 04:00;10354.5;10361.0;10345.0;10357.0;20.73;21.73;16.28;78.62;49.79;0.339;NEUTRE;0;78.1;3;0
2026.06.02 03:00;10344.0;10354.5;10336.5;10354.5;21.71;18.82;18.78;47.76;32.18;0.315;NEUTRE;0;80.3;3;0
2026.06.02 02:00;10317.5;10345.0;10316.5;10344.0;25.04;13.60;21.67;22.99;32.74;0.213;NEUTRE;0;80.5;3;0
2026.06.02 01:00;10315.5;10341.0;10315.5;10317.5;25.37;13.53;25.01;25.79;45.56;-0.044;NEUTRE;0;;;0
2026.06.02 00:00;10322.0;10335.5;10312.0;10316.0;24.69;12.29;28.85;49.43;54.88;-0.058;NEUTRE;0;;;0
2026.06.01 19:00;10360.0;10363.5;10337.5;10343.5;22.30;14.19;20.84;61.46;51.23;-0.491;SOFT_DOWN;-1;-55.3;-2;1
2026.06.01 18:00;10356.0;10362.5;10352.5;10360.0;22.81;16.37;15.17;53.75;37.93;-0.332;NEUTRE;0;-45.9;-2;1
2026.06.01 17:00;10341.5;10376.5;10337.0;10356.0;25.73;18.89;17.50;38.47;23.40;-0.370;NEUTRE;0;-50.6;-2;1
2026.06.01 16:00;10333.5;10345.0;10321.0;10341.5;29.10;9.52;20.20;21.55;12.80;-0.510;SOFT_DOWN;-1;-60.7;-2;1
2026.06.01 15:00;10304.0;10361.0;10300.0;10333.5;28.06;10.99;23.30;10.17;13.23;-0.587;SOFT_DOWN;-1;-65.5;-3;1
2026.06.01 14:00;10320.5;10349.0;10303.0;10304.5;26.85;9.65;26.89;6.67;29.06;-0.866;STRONG_DOWN;-2;-73.9;-3;1
2026.06.01 13:00;10401.5;10406.5;10320.0;10320.5;23.72;11.14;25.34;22.87;47.71;-0.712;SOFT_DOWN;-1;-71.9;-3;1
2026.06.01 12:00;10409.5;10410.0;10386.5;10402.0;21.39;12.85;17.41;57.66;60.49;0.072;NEUTRE;0;18.6;0;1
2026.06.01 11:00;10404.0;10424.0;10395.5;10409.5;22.36;14.83;14.20;62.62;61.11;0.144;NEUTRE;0;36.2;1;1
2026.06.01 10:00;10401.5;10414.0;10398.0;10404.5;25.46;11.71;16.38;61.19;53.97;0.096;NEUTRE;0;28.2;1;1
2026.06.01 09:00;10401.5;10413.0;10394.5;10400.0;26.82;12.55;18.90;59.52;47.26;0.053;NEUTRE;0;18.2;0;1
2026.06.01 08:00;10405.5;10415.0;10390.5;10401.5;27.85;14.48;21.81;41.20;41.59;0.067;NEUTRE;0;25.1;1;1
2026.06.01 07:00;10386.0;10408.5;10384.0;10405.5;29.03;12.63;25.16;41.04;45.61;0.106;NEUTRE;0;40.3;1;1
2026.06.01 06:00;10402.5;10404.5;10381.5;10385.5;28.39;12.06;29.04;42.52;52.84;-0.087;NEUTRE;0;-39;-1;0
2026.06.01 05:00;10407.0;10407.5;10399.5;10402.5;26.40;13.92;21.46;53.27;60.93;0.077;NEUTRE;0;40.7;1;0
2026.06.01 04:00;10397.0;10413.0;10396.0;10407.0;27.19;16.06;24.76;62.75;61.85;0.120;NEUTRE;0;59.2;2;0
2026.06.01 03:00;10417.0;10419.5;10395.0;10398.5;28.09;18.53;28.57;66.78;48.82;0.038;NEUTRE;0;35.3;1;0
2026.06.01 02:00;10413.5;10426.5;10412.0;10417.0;29.13;21.38;22.29;56.03;28.13;0.216;NEUTRE;0;80.6;3;0
2026.06.01 01:00;10382.5;10415.0;10375.5;10413.5;33.29;12.47;25.72;23.66;10.71;0.183;NEUTRE;0;;;0
2026.06.01 00:00;10394.5;10394.5;10376.0;10382.5;33.07;6.40;29.68;4.70;6.84;-0.115;NEUTRE;0;;;0
2026.05.29 19:00;10393.0;10399.0;10385.5;10387.5;28.24;7.39;26.35;3.77;11.04;-0.374;NEUTRE;0;-47.8;-2;1
2026.05.29 18:00;10402.5;10408.0;10390.5;10393.0;23.93;8.53;24.70;12.06;22.13;-0.321;NEUTRE;0;-44.9;-1;1
2026.05.29 17:00;10420.0;10427.0;10402.5;10403.0;20.13;9.84;17.95;17.28;29.41;-0.225;NEUTRE;0;-36.5;-1;1
2026.05.29 16:00;10413.0;10427.0;10412.5;10420.0;18.73;11.35;14.44;37.06;41.10;-0.062;NEUTRE;0;-12.2;0;1
2026.05.29 15:00;10469.5;10479.5;10397.5;10412.0;19.77;13.10;16.66;33.88;44.27;-0.139;NEUTRE;0;-27.4;-1;1
2026.05.29 14:00;10433.5;10476.0;10428.5;10469.5;20.97;15.11;13.41;52.34;58.90;0.412;NEUTRE;0;58.7;2;1
2026.05.29 13:00;10470.0;10471.0;10427.0;10432.0;23.27;15.82;15.47;46.58;67.30;0.053;NEUTRE;0;12.8;0;1
2026.05.29 12:00;10468.0;10473.5;10450.5;10470.0;26.68;18.25;9.63;77.78;75.71;0.417;SOFT_UP;1;62.8;2;1
2026.05.29 11:00;10470.5;10477.5;10454.0;10468.0;26.03;21.06;8.77;77.55;74.82;0.398;NEUTRE;0;63.7;2;1
2026.05.29 10:00;10466.5;10472.0;10454.0;10470.5;23.70;20.70;10.12;71.79;73.66;0.422;SOFT_UP;1;67;3;1
2026.05.29 09:00;10455.0;10477.5;10451.5;10466.5;22.07;23.88;11.68;75.12;77.84;0.384;NEUTRE;0;67.3;3;1
2026.05.29 08:00;10465.5;10470.0;10455.0;10455.0;20.18;23.12;13.47;74.07;81.00;0.273;NEUTRE;0;62.4;2;1
2026.05.29 07:00;10452.0;10464.0;10438.0;10463.5;19.23;20.52;15.55;84.31;86.56;0.355;NEUTRE;0;70.6;3;1
2026.05.29 06:00;10455.0;10457.5;10436.0;10452.5;20.07;19.83;17.94;84.62;84.63;0.249;NEUTRE;0;66.7;3;0
2026.05.29 05:00;10459.0;10461.0;10449.5;10455.0;22.39;22.88;11.04;90.76;75.98;0.273;NEUTRE;0;71.9;3;0
2026.05.29 04:00;10449.0;10461.5;10449.0;10459.0;20.46;26.40;12.74;78.51;57.34;0.312;NEUTRE;0;77.1;3;0
2026.05.29 03:00;10433.0;10452.5;10433.0;10450.0;18.23;19.39;14.70;58.66;39.84;0.225;NEUTRE;0;76.6;3;0
2026.05.29 02:00;10438.5;10442.5;10432.0;10432.5;18.92;14.68;16.96;34.86;29.34;0.058;NEUTRE;0;58.4;2;0
2026.05.29 01:00;10424.5;10442.5;10420.0;10438.5;20.72;16.93;19.57;25.99;34.02;0.115;NEUTRE;0;;;0
2026.05.29 00:00;10426.5;10434.0;10415.5;10425.0;22.80;13.73;22.58;27.16;49.80;-0.014;NEUTRE;0;;;0
2026.05.28 19:00;10429.0;10431.5;10419.5;10426.5;22.56;15.84;22.72;48.91;68.24;-0.672;SOFT_DOWN;-1;-63.2;-2;1
2026.05.28 18:00;10453.5;10453.5;10423.5;10429.0;23.29;18.28;21.09;73.33;76.63;-0.648;SOFT_DOWN;-1;-63.6;-2;1
2026.05.28 17:00;10466.5;10467.5;10448.5;10453.5;25.77;21.09;11.52;82.47;69.54;-0.414;NEUTRE;0;-53.7;-2;1
2026.05.28 16:00;10445.5;10467.5;10439.5;10466.0;25.22;24.33;13.29;74.07;58.12;-0.295;NEUTRE;0;-45.9;-2;1
2026.05.28 15:00;10435.0;10452.0;10429.0;10445.5;24.58;19.56;15.33;52.08;44.99;-0.491;SOFT_DOWN;-1;-61.4;-2;1
2026.05.28 14:00;10414.0;10465.5;10400.0;10434.5;26.50;22.57;17.69;48.21;37.03;-0.595;SOFT_DOWN;-1;-67.2;-3;1
2026.05.28 13:00;10433.0;10448.5;10411.0;10414.0;28.71;22.05;20.41;34.68;30.46;-0.791;STRONG_DOWN;-2;-73.6;-3;1
2026.05.28 12:00;10407.0;10434.0;10401.0;10433.0;32.53;19.49;23.55;28.21;30.20;-0.610;SOFT_DOWN;-1;-70.6;-3;1
2026.05.28 11:00;10407.5;10414.5;10398.0;10407.0;36.09;13.40;27.18;28.49;35.90;-0.857;STRONG_DOWN;-2;-77.1;-3;1
2026.05.28 10:00;10442.5;10444.0;10401.0;10407.5;36.42;15.46;28.56;33.90;41.89;-0.853;STRONG_DOWN;-2;-78.2;-3;1
2026.05.28 09:00;10425.0;10455.0;10425.0;10442.5;37.44;17.84;24.37;45.32;48.41;-0.519;SOFT_DOWN;-1;-72.8;-3;1
2026.05.28 08:00;10431.0;10437.0;10412.0;10425.0;40.82;11.35;28.12;46.46;47.86;-0.686;SOFT_DOWN;-1;-78.2;-3;1
2026.05.28 07:00;10452.0;10457.0;10407.0;10431.0;40.57;13.10;32.44;53.44;42.55;-0.629;SOFT_DOWN;-1;-78.7;-3;1
2026.05.28 06:00;10457.0;10464.0;10444.5;10453.5;40.28;15.12;25.90;43.68;29.66;-0.414;NEUTRE;0;-75.5;-3;0
2026.05.28 05:00;10424.5;10459.5;10419.5;10457.0;42.43;13.89;29.88;30.53;19.82;-0.381;NEUTRE;0;-76.8;-3;0
2026.05.28 04:00;10426.5;10430.5;10413.0;10424.5;43.34;4.87;34.48;14.79;16.81;-0.691;SOFT_DOWN;-1;-84.1;-3;0
2026.05.28 03:00;10444.5;10446.5;10407.0;10426.5;38.43;5.62;39.78;14.14;24.06;-0.672;SOFT_DOWN;-1;-85.4;-3;0
2026.05.28 02:00;10481.5;10483.5;10443.5;10444.5;32.77;6.49;31.68;21.51;36.22;-0.500;SOFT_DOWN;-1;-85.9;-3;0
2026.05.28 01:00;10495.5;10499.0;10474.0;10481.5;27.66;7.49;24.83;36.54;44.53;-0.148;NEUTRE;0;;;0
2026.05.28 00:00;10497.0;10499.5;10476.5;10496.5;23.66;8.64;27.11;50.61;49.42;-0.005;NEUTRE;0;;;0
2026.05.27 19:00;10503.5;10507.5;10496.5;10499.0;19.35;9.97;17.90;46.43;48.21;-0.181;NEUTRE;0;-28.1;-1;1
2026.05.27 18:00;10495.0;10506.5;10488.5;10503.5;17.95;10.11;20.65;51.20;49.81;-0.138;NEUTRE;0;-23.2;0;1
2026.05.27 17:00;10502.5;10505.0;10495.0;10495.0;15.44;11.66;18.28;47.01;50.39;-0.219;NEUTRE;0;-35.8;-1;1
2026.05.27 16:00;10500.5;10511.5;10496.5;10502.5;14.41;13.45;18.78;51.22;52.83;-0.147;NEUTRE;0;-27.2;-1;1
2026.05.27 15:00;10507.0;10524.0;10498.5;10501.0;14.09;15.52;19.62;52.94;54.32;-0.162;NEUTRE;0;-31.1;-1;1
2026.05.27 14:00;10518.0;10518.0;10472.0;10507.0;14.46;14.29;22.64;54.32;58.09;-0.105;NEUTRE;0;-22.8;0;1
2026.05.27 13:00;10503.0;10524.5;10497.5;10516.5;13.21;16.49;17.59;55.69;65.24;-0.014;NEUTRE;0;-3.4;0;1
2026.05.27 12:00;10509.0;10533.5;10495.0;10503.0;14.75;19.03;20.30;64.25;72.57;-0.143;NEUTRE;0;-33.7;-1;1
2026.05.27 11:00;10522.0;10526.0;10506.0;10509.0;16.52;21.95;19.03;75.78;71.80;-0.086;NEUTRE;0;-23.6;0;1
2026.05.27 10:00;10516.5;10533.5;10516.0;10522.0;17.96;25.33;14.26;77.67;62.22;0.038;NEUTRE;0;12;0;1
2026.05.27 09:00;10495.5;10523.0;10495.5;10516.5;16.42;20.00;16.45;61.94;50.40;-0.014;NEUTRE;0;-5;0;1
2026.05.27 08:00;10488.0;10503.5;10471.5;10496.0;17.45;12.17;18.98;47.06;44.76;-0.209;NEUTRE;0;-55.6;-2;1
2026.05.27 07:00;10498.5;10512.5;10483.0;10488.5;16.77;14.04;16.38;42.21;38.32;-0.280;NEUTRE;0;-65.9;-3;1
2026.05.27 06:00;10500.0;10511.5;10483.0;10498.0;18.16;15.68;18.90;45.02;30.35;-0.190;NEUTRE;0;-60.6;-2;0
2026.05.27 05:00;10498.5;10501.5;10490.0;10500.0;19.53;12.69;21.80;27.73;18.63;-0.171;NEUTRE;0;-62.4;-2;0
2026.05.27 04:00;10486.0;10500.5;10481.5;10498.5;18.47;13.31;25.16;18.29;21.67;-0.185;NEUTRE;0;-68.9;-3;0
2026.05.27 03:00;10500.5;10504.0;10486.0;10486.0;16.57;15.35;25.38;9.87;33.95;-0.304;NEUTRE;0;-80;-3;0
2026.05.27 02:00;10498.5;10504.5;10497.5;10500.5;15.33;17.71;19.46;36.84;47.39;-0.166;NEUTRE;0;-77.8;-3;0
2026.05.27 01:00;10520.0;10520.0;10496.5;10498.5;16.96;20.44;22.45;55.14;43.47;-0.185;NEUTRE;0;;;0
2026.05.27 00:00;10518.0;10528.5;10510.5;10520.5;18.85;23.58;16.94;50.19;29.03;0.024;NEUTRE;0;;;0
2026.05.26 19:00;10507.0;10519.5;10504.5;10519.0;19.22;19.52;19.54;25.07;15.83;-0.109;NEUTRE;0;-17.8;0;1
2026.05.26 18:00;10497.5;10508.0;10495.0;10507.0;22.17;10.73;22.55;11.83;11.65;-0.223;NEUTRE;0;-34.7;-1;1
2026.05.26 17:00;10504.0;10507.5;10493.0;10497.5;20.12;11.79;26.02;10.60;15.91;-0.313;NEUTRE;0;-45.8;-2;1
2026.05.26 16:00;10509.5;10516.0;10503.0;10504.5;17.42;13.60;19.41;12.53;24.88;-0.247;NEUTRE;0;-40.8;-1;1
2026.05.26 15:00;10522.5;10529.0;10497.5;10510.0;17.39;15.69;22.39;24.59;35.25;-0.195;NEUTRE;0;-36;-1;1
2026.05.26 14:00;10543.5;10556.0;10518.0;10522.0;17.36;18.11;15.83;37.50;47.18;-0.081;NEUTRE;0;-17.9;0;1
2026.05.26 13:00;10541.0;10571.5;10537.5;10543.0;19.00;20.89;10.37;43.64;56.02;0.119;NEUTRE;0;27.1;1;1
2026.05.26 12:00;10527.0;10542.5;10523.0;10541.5;16.74;10.98;11.96;60.38;66.37;0.104;NEUTRE;0;25.9;1;1
2026.05.26 11:00;10552.5;10554.0;10516.0;10527.0;18.66;12.67;13.80;64.04;70.81;-0.033;NEUTRE;0;-9.5;0;1
2026.05.26 10:00;10539.5;10561.0;10535.5;10552.5;20.88;14.62;8.03;74.69;76.59;0.209;NEUTRE;0;49.5;2;1
2026.05.26 09:00;10540.5;10560.0;10536.0;10539.5;19.62;16.27;9.27;73.68;77.07;0.085;NEUTRE;0;27.9;1;1
2026.05.26 08:00;10551.0;10556.0;10540.0;10540.5;18.41;18.77;10.69;81.40;67.89;0.095;NEUTRE;0;33.6;1;1
2026.05.26 07:00;10543.0;10561.0;10528.0;10550.5;17.03;21.66;12.34;76.12;54.21;0.190;NEUTRE;0;56.6;2;1
2026.05.26 06:00;10504.0;10547.0;10494.5;10543.5;15.43;18.47;14.23;46.15;44.83;0.123;NEUTRE;0;48.9;2;0
2026.05.26 05:00;10504.5;10509.0;10499.5;10504.0;15.81;10.17;16.42;40.34;49.24;-0.252;NEUTRE;0;-70.5;-3;0
2026.05.26 04:00;10512.5;10514.0;10502.0;10505.0;14.63;11.74;14.90;47.99;56.38;-0.242;NEUTRE;0;-73.5;-3;0
2026.05.26 03:00;10506.0;10516.0;10501.5;10512.5;15.05;13.54;17.20;59.39;59.26;-0.171;NEUTRE;0;-72.6;-3;0
2026.05.26 02:00;10514.5;10516.0;10502.0;10506.0;15.53;15.62;19.31;61.76;56.55;-0.233;NEUTRE;0;-81.3;-3;0
2026.05.26 01:00;10520.0;10524.5;10499.0;10514.5;16.30;18.03;22.28;56.63;47.16;-0.152;NEUTRE;0;;;0
2026.05.26 00:00;10530.5;10551.0;10508.5;10519.5;17.18;20.80;19.98;51.25;37.72;-0.104;NEUTRE;0;;;0
2026.05.22 19:00;10472.0;10473.0;10452.5;10458.0;19.52;11.10;23.05;33.59;26.29;-0.570;SOFT_DOWN;-1;-59.2;-2;1
2026.05.22 18:00;10471.0;10476.0;10466.5;10472.0;17.14;12.81;16.09;28.32;20.65;-0.437;SOFT_DOWN;-1;-53.6;-2;1
2026.05.22 17:00;10459.5;10482.0;10452.5;10471.0;18.02;14.78;18.57;16.96;21.19;-0.447;SOFT_DOWN;-1;-55.8;-2;1
2026.05.22 16:00;10467.5;10472.0;10458.0;10459.5;19.05;11.83;21.42;16.67;31.30;-0.556;SOFT_DOWN;-1;-62.8;-2;1
2026.05.22 15:00;10481.0;10493.0;10464.0;10467.5;17.54;13.66;18.12;29.96;41.16;-0.480;SOFT_DOWN;-1;-60.8;-2;1
2026.05.22 14:00;10488.5;10488.5;10463.0;10481.0;18.08;13.37;20.91;47.27;43.11;-0.352;NEUTRE;0;-54.6;-2;1
2026.05.22 13:00;10498.0;10501.0;10478.0;10488.5;17.48;15.43;15.08;46.25;37.37;-0.280;NEUTRE;0;-50.3;-2;1
2026.05.22 12:00;10484.0;10508.5;10480.0;10496.0;19.99;17.80;16.06;35.82;30.98;-0.209;NEUTRE;0;-44.3;-1;1
2026.05.22 11:00;10484.5;10493.0;10471.0;10484.0;22.28;12.17;18.53;30.03;29.74;-0.323;NEUTRE;0;-58.7;-2;1
2026.05.22 10:00;10498.0;10511.0;10480.0;10484.5;22.51;14.04;15.09;27.09;29.20;-0.319;NEUTRE;0;-60.7;-2;1
2026.05.22 09:00;10489.0;10500.5;10480.0;10497.0;25.43;10.99;17.41;32.09;28.57;-0.200;NEUTRE;0;-51.2;-2;1
2026.05.22 08:00;10500.5;10506.0;10474.5;10489.0;25.86;12.68;20.09;28.43;28.01;-0.276;NEUTRE;0;-62.6;-2;1
2026.05.22 07:00;10510.0;10510.0;10481.5;10500.5;26.36;14.64;19.76;25.20;33.93;-0.166;NEUTRE;0;-53;-2;1
2026.05.22 06:00;10503.5;10528.5;10501.0;10510.5;28.12;16.89;12.46;30.39;45.61;-0.071;NEUTRE;0;-33.5;-1;0
2026.05.22 05:00;10524.5;10532.0;10500.5;10503.5;30.13;19.48;14.38;46.20;55.93;-0.138;NEUTRE;0;-57.1;-2;0
2026.05.22 04:00;10526.5;10536.5;10521.0;10524.5;32.44;22.48;6.57;60.23;60.35;0.062;NEUTRE;0;40.9;1;0
2026.05.22 03:00;10517.5;10528.0;10513.0;10526.0;29.01;17.50;7.59;61.37;61.81;0.076;NEUTRE;0;54.8;2;0
2026.05.22 02:00;10514.5;10521.5;10509.0;10518.0;27.39;13.53;8.75;59.44;63.74;0.000;NEUTRE;0;0;0;0
2026.05.22 01:00;10511.5;10521.0;10506.5;10514.5;28.31;15.00;10.10;64.61;70.30;-0.033;NEUTRE;0;;;0
2026.05.22 00:00;10518.0;10526.0;10510.5;10511.5;29.66;17.30;7.41;67.17;77.59;-0.062;NEUTRE;0;;;0
2026.05.21 19:00;10512.5;10530.5;10504.5;10509.0;28.06;19.97;8.55;79.12;84.68;1.034;STRONG_UP;2;71.8;3;1
2026.05.21 18:00;10525.5;10536.5;10505.5;10512.5;26.22;23.04;9.27;86.49;88.05;1.067;STRONG_UP;2;73.2;3;1
2026.05.21 17:00;10480.5;10536.5;10478.0;10526.0;23.70;26.58;10.70;88.41;89.86;1.197;STRONG_UP;2;75.8;3;1
2026.05.21 16:00;10466.0;10486.5;10465.5;10480.5;20.79;17.52;12.35;89.24;88.86;0.760;STRONG_UP;2;69.4;3;1
2026.05.21 15:00;10478.5;10487.0;10455.5;10466.0;21.32;20.22;14.24;91.93;82.65;0.620;SOFT_UP;1;66.6;3;1
2026.05.21 14:00;10480.5;10485.5;10461.5;10479.0;21.94;23.33;13.51;85.39;66.79;0.745;SOFT_UP;1;71.4;3;1
2026.05.21 13:00;10414.0;10481.0;10401.5;10480.5;21.21;24.03;15.58;70.64;55.75;0.760;STRONG_UP;2;73;3;1
2026.05.21 12:00;10409.0;10421.0;10399.5;10414.5;21.19;16.12;17.98;44.33;52.20;0.125;NEUTRE;0;30.2;1;1
2026.05.21 11:00;10386.0;10418.0;10381.5;10409.0;23.61;16.45;20.75;52.28;59.99;0.072;NEUTRE;0;20.1;0;1
2026.05.21 10:00;10446.0;10454.5;10362.5;10389.0;25.47;18.99;23.94;60.00;56.20;-0.120;NEUTRE;0;-33.9;-1;1
2026.05.21 09:00;10431.5;10456.5;10428.5;10446.0;27.61;21.91;16.58;67.68;42.79;0.428;SOFT_UP;1;69.4;3;1
2026.05.21 08:00;10399.5;10447.5;10398.5;10431.5;29.73;20.33;19.14;40.91;29.70;0.288;NEUTRE;0;63.6;2;1
2026.05.21 07:00;10389.0;10414.0;10383.0;10400.0;33.84;12.94;22.08;19.76;27.85;-0.014;NEUTRE;0;-6.4;0;1
2026.05.21 06:00;10406.5;10414.5;10381.5;10389.5;35.03;14.93;25.48;28.44;35.69;-0.115;NEUTRE;0;-47;-2;0
2026.05.21 05:00;10432.0;10437.0;10399.0;10406.0;36.41;17.23;21.24;35.35;40.25;0.043;NEUTRE;0;25.7;1;0
2026.05.21 04:00;10419.0;10434.0;10419.0;10432.0;40.40;19.88;16.41;43.27;45.89;0.293;NEUTRE;0;76.3;3;0
2026.05.21 03:00;10427.0;10432.5;10418.0;10419.5;45.15;21.40;18.93;42.13;52.23;0.173;NEUTRE;0;72.8;3;0
2026.05.21 02:00;10437.5;10447.0;10424.5;10427.0;51.15;24.69;14.95;52.27;64.25;0.245;NEUTRE;0;81.7;3;0
2026.05.21 01:00;10438.5;10447.5;10431.5;10437.0;55.24;28.49;12.46;62.29;74.58;0.341;NEUTRE;0;;;0
2026.05.21 00:00;10401.5;10442.5;10401.5;10438.5;57.72;28.07;14.38;78.19;81.86;0.356;NEUTRE;0;;;0
2026.05.20 19:00;10458.5;10464.0;10446.0;10453.5;61.64;32.39;3.43;83.27;82.57;1.495;EXPLOSIVE_UP;3;77.2;3;1
2026.05.20 18:00;10446.0;10461.0;10441.5;10458.5;58.68;34.80;3.95;84.11;82.99;1.544;EXPLOSIVE_UP;3;78.2;3;1
2026.05.20 17:00;10445.0;10458.5;10438.0;10446.0;55.46;38.19;4.56;80.32;84.36;1.422;EXPLOSIVE_UP;3;77.9;3;1
2026.05.20 16:00;10440.5;10448.5;10431.5;10444.5;51.89;36.56;5.26;84.54;88.52;1.408;EXPLOSIVE_UP;3;78.5;3;1
2026.05.20 15:00;10414.5;10468.5;10414.5;10441.5;48.37;42.18;6.07;88.23;89.18;1.379;EXPLOSIVE_UP;3;79;3;1
2026.05.20 14:00;10392.5;10416.5;10353.5;10415.0;44.30;33.85;7.01;92.80;87.55;1.121;STRONG_UP;2;77.4;3;1
2026.05.20 13:00;10357.0;10399.0;10355.5;10393.0;41.00;34.79;8.09;86.51;85.02;0.908;STRONG_UP;2;75.6;3;1
2026.05.20 12:00;10345.5;10367.0;10343.0;10357.0;37.73;28.82;9.33;83.33;86.17;0.558;SOFT_UP;1;69;3;1
2026.05.20 11:00;10342.0;10362.0;10335.5;10345.5;35.68;30.05;10.77;85.22;86.63;0.447;SOFT_UP;1;66.3;3;1
2026.05.20 10:00;10336.0;10357.0;10335.5;10341.5;33.90;31.77;12.42;89.96;83.93;0.408;NEUTRE;0;66.3;3;1
2026.05.20 09:00;10328.0;10340.5;10320.0;10336.0;32.38;24.85;14.33;84.70;75.28;0.354;NEUTRE;0;65.6;3;1
2026.05.20 08:00;10287.0;10333.0;10284.0;10329.0;33.23;23.05;16.54;77.11;65.60;0.286;NEUTRE;0;63.4;2;1
2026.05.20 07:00;10284.5;10311.5;10283.0;10286.5;35.81;19.84;19.08;64.01;52.46;-0.126;NEUTRE;0;-45.2;-2;1
2026.05.20 06:00;10270.5;10301.5;10267.0;10284.5;41.02;17.50;22.02;55.68;38.32;-0.146;NEUTRE;0;-53.7;-2;0
2026.05.20 05:00;10268.0;10283.0;10262.5;10270.0;45.57;11.94;25.41;37.68;25.71;-0.286;NEUTRE;0;-72.6;-3;0
2026.05.20 04:00;10263.0;10276.5;10262.0;10268.0;47.04;8.90;29.32;21.60;17.67;-0.306;NEUTRE;0;-76.8;-3;0
2026.05.20 03:00;10255.0;10271.5;10241.5;10263.0;46.05;4.97;33.83;17.86;15.34;-0.354;NEUTRE;0;-81.4;-3;0
2026.05.20 02:00;10283.5;10289.0;10253.0;10255.0;41.69;5.73;33.14;13.56;11.79;-0.432;SOFT_DOWN;-1;-85.3;-3;0
2026.05.20 01:00;10282.0;10293.5;10259.5;10283.5;37.26;6.61;35.46;14.60;9.63;-0.155;NEUTRE;0;;;0
2026.05.20 00:00;10299.5;10305.5;10272.0;10282.0;32.44;7.63;35.25;7.22;12.22;-0.170;NEUTRE;0;;;0
2026.05.19 19:00;10314.5;10328.5;10297.0;10299.0;27.52;8.80;29.20;7.06;17.19;-0.584;SOFT_DOWN;-1;-59.8;-2;1
2026.05.19 18:00;10332.0;10333.5;10312.5;10314.5;23.50;10.15;26.12;22.39;21.32;-0.434;SOFT_DOWN;-1;-53.4;-2;1
2026.05.19 17:00;10356.5;10358.0;10331.0;10332.0;20.34;11.72;16.58;22.10;17.36;-0.265;NEUTRE;0;-41.1;-1;1
2026.05.19 16:00;10334.0;10358.5;10323.5;10357.0;20.82;13.52;19.13;19.46;16.19;-0.024;NEUTRE;0;-4.8;0;1
2026.05.19 15:00;10331.5;10354.5;10328.0;10333.5;21.38;15.60;20.10;10.51;19.17;-0.251;NEUTRE;0;-43.1;-1;1
2026.05.19 14:00;10343.0;10355.5;10324.0;10331.5;22.73;18.00;23.19;18.60;34.54;-0.270;NEUTRE;0;-47.2;-2;1
2026.05.19 13:00;10393.0;10393.0;10332.0;10343.0;24.29;20.77;22.85;28.40;51.16;-0.159;NEUTRE;0;-34.4;-1;1
2026.05.19 12:00;10374.0;10404.5;10367.5;10393.0;27.29;23.96;17.42;56.61;69.36;0.323;NEUTRE;0;56.4;2;1
2026.05.19 11:00;10399.5;10406.5;10373.0;10374.0;29.06;27.65;17.81;68.48;80.13;0.140;NEUTRE;0;35.5;1;1
2026.05.19 10:00;10396.0;10420.0;10391.5;10399.5;30.20;31.91;12.05;82.98;87.10;0.386;NEUTRE;0;65.2;3;1
2026.05.19 09:00;10399.0;10406.0;10378.0;10396.0;27.89;29.26;13.91;88.94;86.47;0.352;NEUTRE;0;65.4;3;1
2026.05.19 08:00;10401.5;10413.5;10381.5;10399.0;26.72;33.76;14.12;89.38;72.80;0.381;NEUTRE;0;69.4;3;1
2026.05.19 07:00;10351.0;10404.5;10351.0;10401.5;24.52;34.62;16.30;81.09;52.69;0.405;NEUTRE;0;72.8;3;1
2026.05.19 06:00;10326.5;10362.5;10326.0;10351.0;22.75;27.87;18.80;47.95;33.00;-0.082;NEUTRE;0;-37.4;-1;0
2026.05.19 05:00;10317.5;10331.5;10310.0;10326.5;23.26;19.09;21.70;29.05;25.97;-0.319;NEUTRE;0;-74.3;-3;0
2026.05.19 04:00;10321.0;10321.5;10302.5;10317.5;25.86;14.88;25.03;22.02;27.85;-0.405;NEUTRE;0;-80;-3;0
2026.05.19 03:00;10317.5;10335.0;10311.0;10321.0;25.92;17.16;22.00;26.83;39.84;-0.372;NEUTRE;0;-81.8;-3;0
2026.05.19 02:00;10328.0;10332.5;10315.5;10318.0;28.01;19.81;22.50;34.70;48.06;-0.401;NEUTRE;0;-84.9;-3;0
2026.05.19 01:00;10337.0;10352.0;10326.0;10328.0;31.34;22.85;16.46;57.99;56.95;-0.304;NEUTRE;0;;;0
2026.05.19 00:00;10359.5;10375.5;10336.0;10337.5;33.66;26.37;13.08;51.49;58.69;-0.212;NEUTRE;0;;;0
2026.05.18 19:00;10305.0;10360.0;10303.5;10360.0;33.66;24.39;15.09;61.36;70.80;1.823;EXPLOSIVE_UP;3;79.4;3;1
2026.05.18 18:00;10340.5;10342.0;10302.5;10305.0;35.21;23.24;17.41;63.22;81.31;1.283;STRONG_UP;2;75.9;3;1
2026.05.18 17:00;10339.5;10356.5;10329.5;10340.0;38.42;26.81;9.58;87.82;92.20;1.627;EXPLOSIVE_UP;3;79.4;3;1
2026.05.18 16:00;10342.5;10355.0;10329.0;10339.5;37.05;30.08;11.05;92.90;95.14;1.622;EXPLOSIVE_UP;3;80;3;1
2026.05.18 15:00;10342.0;10344.5;10302.5;10342.0;35.63;28.50;12.75;95.87;94.64;1.646;EXPLOSIVE_UP;3;80.7;3;1
2026.05.18 14:00;10338.0;10348.5;10317.0;10342.5;35.24;32.88;9.40;96.66;92.42;1.651;EXPLOSIVE_UP;3;81.4;3;1
2026.05.18 13:00;10307.5;10343.0;10292.0;10338.0;32.12;35.26;10.85;91.39;90.15;1.607;EXPLOSIVE_UP;3;81.8;3;1
2026.05.18 12:00;10254.0;10308.0;10246.5;10306.0;28.91;30.12;12.52;89.22;91.50;1.292;STRONG_UP;2;80.6;3;1
2026.05.18 11:00;10226.5;10279.0;10205.5;10254.0;27.01;27.50;14.44;89.83;93.13;0.781;STRONG_UP;2;75.9;3;1
2026.05.18 10:00;10235.0;10238.0;10211.0;10227.0;26.37;23.15;16.66;95.45;91.16;0.516;SOFT_UP;1;70.9;3;1
2026.05.18 09:00;10222.5;10235.0;10209.0;10234.5;27.92;25.01;19.23;94.09;79.51;0.590;SOFT_UP;1;74.7;3;1
2026.05.18 08:00;10203.5;10226.5;10199.0;10222.5;30.21;23.82;22.19;83.93;61.81;0.472;SOFT_UP;1;73.1;3;1
2026.05.18 07:00;10157.0;10218.5;10154.0;10204.0;34.30;23.01;25.60;60.53;43.73;0.290;NEUTRE;0;66.7;3;1
2026.05.18 06:00;10155.5;10157.0;10119.5;10156.5;38.76;11.88;29.54;40.97;31.03;-0.177;NEUTRE;0;-58.8;-2;0
2026.05.18 05:00;10166.5;10181.0;10154.5;10155.5;38.17;13.71;19.72;29.71;23.40;-0.187;NEUTRE;0;-64.5;-2;0
2026.05.18 04:00;10157.0;10178.5;10154.0;10166.0;41.28;14.37;22.76;22.41;23.11;-0.084;NEUTRE;0;-49.6;-2;0
2026.05.18 03:00;10145.5;10163.5;10139.0;10157.0;44.15;7.16;26.26;18.09;33.93;-0.172;NEUTRE;0;-72.7;-3;0
2026.05.18 02:00;10165.0;10168.5;10144.0;10145.5;42.16;8.26;27.16;28.82;54.88;-0.285;NEUTRE;0;-82.9;-3;0
2026.05.18 01:00;10202.0;10206.5;10147.5;10165.0;40.44;9.54;29.14;54.88;71.56;-0.093;NEUTRE;0;;;0
2026.05.18 00:00;10174.5;10203.0;10171.0;10202.0;38.86;11.00;27.49;80.93;75.31;0.270;NEUTRE;0;;;0
2026.05.15 19:00;10209.0;10211.0;10200.0;10202.0;38.25;12.70;17.78;78.87;60.92;-1.544;EXPLOSIVE_DOWN;-3;-77.6;-3;1
2026.05.15 18:00;10208.0;10212.0;10199.5;10209.0;41.57;14.65;20.51;66.12;43.21;-1.477;EXPLOSIVE_DOWN;-3;-77.7;-3;1
2026.05.15 17:00;10191.5;10209.5;10190.0;10208.0;45.40;13.83;23.67;37.78;29.28;-1.486;EXPLOSIVE_DOWN;-3;-78.4;-3;1
2026.05.15 16:00;10185.0;10199.5;10174.5;10191.5;48.34;8.06;27.31;25.74;23.94;-1.645;EXPLOSIVE_DOWN;-3;-80.1;-3;1
2026.05.15 15:00;10197.0;10204.5;10169.0;10184.0;47.41;9.30;31.51;24.31;20.56;-1.718;EXPLOSIVE_DOWN;-3;-81.1;-3;1
2026.05.15 14:00;10200.5;10213.5;10185.0;10197.0;46.33;10.74;29.43;21.77;17.67;-1.592;EXPLOSIVE_DOWN;-3;-81.1;-3;1
2026.05.15 13:00;10190.0;10223.5;10182.5;10201.0;46.30;12.39;33.95;15.58;15.23;-1.554;EXPLOSIVE_DOWN;-3;-81.5;-3;1
2026.05.15 12:00;10208.0;10208.0;10173.5;10190.0;46.27;8.48;39.18;15.66;15.50;-1.660;EXPLOSIVE_DOWN;-3;-82.6;-3;1
2026.05.15 11:00;10254.0;10262.5;10200.0;10210.0;43.47;9.78;34.03;14.44;16.41;-1.467;EXPLOSIVE_DOWN;-3;-82.4;-3;1
2026.05.15 10:00;10233.5;10259.5;10226.0;10255.0;41.65;11.28;32.87;16.40;25.21;-1.033;STRONG_DOWN;-2;-80.2;-3;1
2026.05.15 09:00;10251.5;10253.0;10225.5;10233.0;40.53;10.04;37.93;18.38;32.01;-1.245;STRONG_DOWN;-2;-82.6;-3;1
2026.05.15 08:00;10301.0;10305.5;10242.0;10251.5;37.82;11.58;34.53;40.86;33.36;-1.066;STRONG_DOWN;-2;-82.4;-3;1
2026.05.15 07:00;10315.5;10325.5;10292.0;10301.0;35.98;13.36;27.73;36.79;22.45;-0.589;SOFT_DOWN;-1;-78;-3;1
2026.05.15 06:00;10279.5;10315.5;10278.0;10315.5;36.14;10.82;32.00;22.43;13.54;-0.449;SOFT_DOWN;-1;-76.6;-3;0
2026.05.15 05:00;10306.0;10307.0;10275.0;10279.5;34.09;9.00;36.92;8.13;8.90;-0.796;STRONG_DOWN;-2;-83.6;-3;0
2026.05.15 04:00;10320.0;10320.5;10302.0;10306.0;29.99;10.39;29.62;10.06;9.55;-0.540;SOFT_DOWN;-1;-82.5;-3;0
2026.05.15 03:00;10318.5;10324.0;10313.5;10320.0;27.20;11.99;24.61;8.51;9.72;-0.405;NEUTRE;0;-82.5;-3;0
2026.05.15 02:00;10311.0;10327.0;10308.0;10319.0;26.08;13.83;28.40;10.07;21.07;-0.415;SOFT_DOWN;-1;-85.1;-3;0
2026.05.15 01:00;10365.5;10365.5;10308.0;10310.5;24.79;15.96;32.76;10.56;39.29;-0.497;SOFT_DOWN;-1;;;0
2026.05.15 00:00;10362.0;10378.0;10351.0;10365.5;23.30;18.41;26.30;42.57;61.88;0.034;NEUTRE;0;;;0
2026.05.14 19:00;10393.5;10393.5;10367.5;10370.0;24.17;21.25;20.94;64.73;75.65;0.034;NEUTRE;0;5.7;0;1
2026.05.14 18:00;10402.0;10415.0;10389.0;10393.5;27.77;24.51;11.44;78.35;80.66;0.260;NEUTRE;0;38.9;1;1
2026.05.14 17:00;10389.0;10414.5;10389.0;10402.0;26.46;27.99;13.21;83.86;75.76;0.342;NEUTRE;0;48.4;2;1
2026.05.14 16:00;10394.5;10410.0;10381.0;10389.0;25.00;29.58;15.24;79.76;68.68;0.217;NEUTRE;0;37.2;1;1
2026.05.14 15:00;10371.5;10399.5;10363.5;10394.5;23.93;28.56;17.58;63.66;63.72;0.270;NEUTRE;0;45.2;2;1
2026.05.14 14:00;10345.0;10373.5;10328.5;10371.5;23.95;21.84;20.29;62.61;71.37;0.048;NEUTRE;0;10.9;0;1
2026.05.14 13:00;10382.0;10384.0;10342.0;10346.0;27.06;25.21;18.79;64.88;77.82;-0.198;NEUTRE;0;-40.4;-1;1
2026.05.14 12:00;10372.5;10384.5;10368.0;10382.0;28.98;29.08;12.16;86.62;85.31;0.150;NEUTRE;0;35;1;1
2026.05.14 11:00;10373.5;10388.5;10372.0;10372.0;27.13;33.56;10.30;81.97;77.42;0.053;NEUTRE;0;15.1;0;1
2026.05.14 10:00;10354.5;10376.5;10353.0;10373.0;23.14;27.53;11.88;87.34;69.87;0.063;NEUTRE;0;19.4;0;1
2026.05.14 09:00;10359.5;10366.5;10349.0;10354.5;20.60;25.22;13.71;62.96;52.12;-0.116;NEUTRE;0;-35.8;-1;1
2026.05.14 08:00;10322.0;10363.5;10318.5;10359.5;19.22;26.46;15.82;59.31;41.00;-0.068;NEUTRE;0;-25.4;-1;1
2026.05.14 07:00;10336.0;10356.0;10321.0;10322.0;18.31;27.97;18.26;34.08;25.52;-0.429;SOFT_DOWN;-1;-73.7;-3;1
2026.05.14 06:00;10329.0;10347.0;10327.0;10338.0;17.89;28.32;21.07;29.60;16.48;-0.275;NEUTRE;0;-68.7;-3;0
2026.05.14 05:00;10321.0;10329.5;10317.0;10329.0;18.38;19.21;24.31;12.88;9.76;-0.362;NEUTRE;0;-76.1;-3;0
2026.05.14 04:00;10320.0;10328.0;10317.0;10321.0;19.41;20.32;28.05;6.95;16.17;-0.439;SOFT_DOWN;-1;-80.7;-3;0
2026.05.14 03:00;10327.0;10329.0;10317.0;10320.0;19.94;23.45;32.36;9.44;36.07;-0.449;SOFT_DOWN;-1;-83.2;-3;0
2026.05.14 02:00;10332.0;10337.0;10323.5;10327.0;20.55;27.06;29.01;32.10;59.38;-0.381;NEUTRE;0;-84.6;-3;0
2026.05.14 01:00;10357.5;10359.5;10330.5;10332.0;23.18;31.22;25.49;66.67;76.47;-0.333;NEUTRE;0;;;0
2026.05.14 00:00;10366.5;10369.5;10355.0;10357.5;25.19;36.02;16.42;79.36;82.48;-0.087;NEUTRE;0;;;0
2026.05.13 19:00;10332.0;10353.0;10330.0;10352.5;23.31;26.63;18.94;83.37;86.34;0.715;SOFT_UP;1;64.6;2;1
2026.05.13 18:00;10340.0;10342.5;10325.0;10332.0;24.30;23.70;21.86;84.71;87.76;0.516;SOFT_UP;1;58.1;2;1
2026.05.13 17:00;10344.5;10354.0;10339.5;10340.0;27.42;27.35;12.47;90.95;87.37;0.593;SOFT_UP;1;62.9;2;1
2026.05.13 16:00;10327.5;10351.0;10324.5;10344.5;25.89;28.38;14.39;87.60;75.63;0.637;SOFT_UP;1;65.8;3;1
2026.05.13 15:00;10294.5;10335.5;10290.5;10327.5;24.84;23.74;16.61;83.55;58.95;0.472;SOFT_UP;1;60.4;2;1
2026.05.13 14:00;10303.0;10317.0;10292.0;10294.5;25.94;21.07;19.16;55.72;35.98;0.151;NEUTRE;0;31.1;1;1
2026.05.13 13:00;10258.5;10308.0;10255.5;10304.0;29.20;18.77;22.11;37.57;21.09;0.243;NEUTRE;0;46.3;2;1
2026.05.13 12:00;10275.0;10280.5;10235.0;10257.5;32.44;13.60;25.51;14.64;12.57;-0.209;NEUTRE;0;-44.3;-1;1
2026.05.13 11:00;10268.5;10276.0;10258.5;10275.0;32.74;15.70;21.49;11.07;18.72;-0.039;NEUTRE;0;-11.2;0;1
2026.05.13 10:00;10292.0;10303.5;10262.0;10267.0;35.39;18.11;21.72;12.01;32.37;-0.117;NEUTRE;0;-33.2;-1;1
2026.05.13 09:00;10310.5;10317.0;10284.0;10292.0;39.44;20.90;16.90;33.08;52.57;0.126;NEUTRE;0;38.1;1;1
2026.05.13 08:00;10337.0;10342.0;10305.5;10310.5;43.88;24.11;9.48;52.01;69.21;0.306;NEUTRE;0;65;2;1
2026.05.13 07:00;10314.5;10357.0;10311.5;10337.0;43.92;27.82;8.41;72.61;80.42;0.564;SOFT_UP;1;77.5;3;1
2026.05.13 06:00;10307.0;10320.0;10296.0;10315.0;42.44;19.59;9.70;83.00;84.56;0.350;NEUTRE;0;73;3;0
2026.05.13 05:00;10308.0;10313.5;10302.5;10307.0;43.77;22.61;11.19;85.66;85.38;0.272;NEUTRE;0;71.8;3;0
2026.05.13 04:00;10308.0;10313.0;10306.5;10308.0;45.31;26.09;7.32;85.04;84.82;0.282;NEUTRE;0;75.8;3;0
2026.05.13 03:00;10298.0;10313.5;10294.5;10308.0;43.64;30.10;8.45;85.45;84.11;0.282;NEUTRE;0;79.2;3;0
2026.05.13 02:00;10303.0;10308.0;10297.0;10298.5;41.71;30.28;9.75;83.98;83.22;0.190;NEUTRE;0;79.3;3;0
2026.05.13 01:00;10286.5;10308.0;10286.5;10303.5;40.24;34.94;11.25;82.89;83.87;0.238;NEUTRE;0;;;0
2026.05.13 00:00;10279.0;10286.5;10266.0;10286.5;38.54;24.93;12.98;82.80;85.83;0.073;NEUTRE;0;;;0
2026.05.12 19:00;10283.0;10293.0;10277.0;10278.5;39.62;28.76;6.72;85.93;87.47;0.489;SOFT_UP;1;55.2;2;1
2026.05.12 18:00;10275.5;10291.5;10274.0;10283.0;36.16;31.74;7.75;88.75;86.09;0.533;SOFT_UP;1;58.9;2;1
2026.05.12 17:00;10265.5;10280.0;10263.5;10275.5;32.38;26.52;8.95;87.73;82.88;0.460;SOFT_UP;1;56.6;2;1
2026.05.12 16:00;10264.5;10266.5;10251.5;10265.5;29.74;18.01;10.32;81.79;79.25;0.362;NEUTRE;0;51.7;2;1
2026.05.12 15:00;10235.5;10274.5;10230.0;10264.5;30.14;20.78;11.91;79.12;77.86;0.352;NEUTRE;0;52.7;2;1
2026.05.12 14:00;10231.5;10246.5;10224.5;10235.0;30.60;14.30;13.74;76.83;79.36;0.064;NEUTRE;0;14.3;0;1
2026.05.12 13:00;10232.0;10237.5;10214.5;10231.5;35.00;10.20;15.86;77.62;80.32;0.029;NEUTRE;0;7.1;0;1
2026.05.12 12:00;10218.0;10241.0;10211.5;10232.0;37.05;11.77;18.30;83.63;81.42;0.034;NEUTRE;0;9;0;1
2026.05.12 11:00;10230.5;10240.0;10216.5;10218.0;39.41;13.58;18.51;79.70;78.68;-0.103;NEUTRE;0;-27.6;-1;1
2026.05.12 10:00;10205.0;10236.0;10205.0;10230.0;43.12;13.06;21.35;80.93;75.81;0.015;NEUTRE;0;4.8;0;1
2026.05.12 09:00;10212.5;10219.5;10197.0;10205.0;46.04;6.88;24.64;75.41;71.53;-0.230;NEUTRE;0;-55;-2;1
2026.05.12 08:00;10206.0;10231.0;10201.0;10214.0;44.45;7.93;25.69;71.09;66.30;-0.142;NEUTRE;0;-44.8;-1;1
2026.05.12 07:00;10192.0;10223.0;10147.0;10206.0;43.17;5.05;29.65;68.10;63.06;-0.220;NEUTRE;0;-60.4;-2;1
2026.05.12 06:00;10214.5;10214.5;10168.5;10192.5;38.90;5.83;29.85;59.71;59.33;-0.352;NEUTRE;0;-73.1;-3;0
2026.05.12 05:00;10206.5;10214.0;10203.5;10214.0;34.53;6.72;22.74;61.38;55.10;-0.142;NEUTRE;0;-57.8;-2;0
2026.05.12 04:00;10209.5;10218.5;10206.0;10206.5;31.48;7.76;22.58;56.91;48.28;-0.215;NEUTRE;0;-71.6;-3;0
2026.05.12 03:00;10215.5;10218.5;10207.5;10209.5;28.80;8.95;24.21;47.02;38.95;-0.186;NEUTRE;0;-73.9;-3;0
2026.05.12 02:00;10191.0;10219.5;10189.5;10215.5;26.16;10.33;27.93;40.91;32.37;-0.127;NEUTRE;0;-74.3;-3;0
2026.05.12 01:00;10228.5;10229.5;10170.0;10191.5;23.11;11.92;32.23;28.92;27.62;-0.362;NEUTRE;0;;;0
2026.05.12 00:00;10228.5;10234.5;10223.5;10228.5;19.59;13.75;23.35;27.27;24.02;0.000;NEUTRE;0;;;0
2026.05.11 19:00;10236.5;10241.5;10219.0;10236.0;18.62;15.87;26.94;26.67;21.53;-0.068;NEUTRE;0;-11.3;0;1
2026.05.11 18:00;10238.5;10247.5;10236.5;10236.5;17.51;18.31;19.12;18.13;22.32;-0.063;NEUTRE;0;-11.1;0;1
2026.05.11 17:00;10227.0;10241.5;10221.0;10238.5;19.87;12.74;22.06;19.79;36.70;-0.044;NEUTRE;0;-8.2;0;1
2026.05.11 16:00;10242.5;10251.0;10225.5;10226.5;18.80;14.70;22.08;29.03;52.83;-0.161;NEUTRE;0;-29.4;-1;1
2026.05.11 15:00;10258.5;10275.5;10241.5;10242.5;18.60;16.96;15.83;61.29;60.82;-0.005;NEUTRE;0;-1.1;0;1
2026.05.11 14:00;10286.5;10286.5;10257.0;10258.5;20.93;19.57;11.25;68.17;46.85;0.151;NEUTRE;0;31.1;1;1
2026.05.11 13:00;10242.0;10286.5;10240.5;10286.5;20.00;22.58;12.98;53.01;29.32;0.425;SOFT_UP;1;61.3;2;1
2026.05.11 12:00;10233.0;10242.0;10224.5;10242.0;18.92;11.17;14.97;19.37;18.01;-0.010;NEUTRE;0;-2.7;0;1
2026.05.11 11:00;10237.5;10244.0;10224.5;10233.0;19.59;12.89;17.28;15.60;22.67;-0.098;NEUTRE;0;-26.5;-1;1
2026.05.11 10:00;10249.5;10253.5;10232.5;10237.0;20.37;14.87;13.62;19.08;33.10;-0.059;NEUTRE;0;-18.3;0;1
2026.05.11 09:00;10248.0;10264.0;10241.0;10250.0;22.83;17.15;9.49;33.33;49.27;0.068;NEUTRE;0;22.9;0;1
2026.05.11 08:00;10256.0;10267.0;10237.5;10248.0;21.92;19.79;10.95;46.90;62.32;0.049;NEUTRE;0;18.9;0;1
2026.05.11 07:00;10257.5;10286.0;10244.5;10256.0;20.87;22.84;8.99;67.58;67.06;0.127;NEUTRE;0;45.4;2;1
2026.05.11 06:00;10259.0;10266.0;10248.0;10257.0;17.38;18.94;10.37;72.49;55.21;0.137;NEUTRE;0;51.9;2;0
2026.05.11 05:00;10238.0;10261.5;10237.5;10259.0;15.55;18.01;11.96;61.11;42.38;0.156;NEUTRE;0;60.2;2;0
2026.05.11 04:00;10243.5;10248.0;10236.0;10238.0;14.85;12.12;13.80;32.02;31.91;-0.049;NEUTRE;0;-34.4;-1;0
2026.05.11 03:00;10233.5;10246.0;10228.5;10243.5;16.13;11.42;15.93;34.02;41.82;0.005;NEUTRE;0;5.3;0;0
2026.05.11 02:00;10243.5;10252.5;10231.5;10233.5;16.08;13.18;15.74;29.69;51.67;-0.093;NEUTRE;0;-69;-3;0
2026.05.11 01:00;10239.0;10251.5;10233.5;10243.5;17.19;15.21;16.70;61.75;63.71;0.005;NEUTRE;0;;;0
2026.05.11 00:00;10243.0;10252.0;10229.5;10240.0;19.12;17.55;19.27;63.57;59.18;-0.029;NEUTRE;0;;;0
2026.05.08 19:00;10246.0;10261.5;10244.0;10259.5;21.34;20.25;14.79;65.82;51.37;0.485;SOFT_UP;1;55;2;1
2026.05.08 18:00;10249.5;10260.0;10241.0;10246.0;22.23;22.05;17.07;48.14;38.12;0.353;NEUTRE;0;47.7;2;1
2026.05.08 17:00;10239.5;10251.5;10237.0;10249.5;23.70;18.55;19.70;40.16;38.04;0.387;NEUTRE;0;51.9;2;1
2026.05.08 16:00;10235.5;10248.5;10234.5;10239.5;26.88;18.23;22.73;26.06;47.37;0.289;NEUTRE;0;45.3;2;1
2026.05.08 15:00;10236.5;10239.0;10217.0;10235.5;29.33;10.59;26.22;47.90;67.37;0.250;NEUTRE;0;43;1;1
2026.05.08 14:00;10268.5;10269.5;10235.0;10237.0;27.30;12.22;17.67;68.16;81.05;0.264;NEUTRE;0;46.5;2;1
2026.05.08 13:00;10263.0;10278.0;10246.5;10268.5;28.70;14.10;15.26;86.06;86.98;0.573;SOFT_UP;1;67.9;3;1
2026.05.08 12:00;10259.5;10276.5;10257.5;10263.0;32.51;16.27;12.24;88.93;84.58;0.519;SOFT_UP;1;67.5;3;1
2026.05.08 11:00;10266.0;10270.5;10245.0;10259.0;35.33;13.91;14.12;85.93;79.91;0.480;SOFT_UP;1;67.7;3;1
2026.05.08 10:00;10241.0;10270.0;10235.5;10266.0;40.65;15.75;16.29;78.87;71.77;0.548;SOFT_UP;1;71.9;3;1
2026.05.08 09:00;10204.5;10262.0;10203.5;10241.0;46.65;14.61;18.80;74.92;67.22;0.304;NEUTRE;0;62.1;2;1
2026.05.08 08:00;10222.0;10224.0;10193.0;10204.0;51.90;6.86;21.69;61.51;56.14;-0.059;NEUTRE;0;-22.4;0;1
2026.05.08 07:00;10196.5;10222.5;10181.0;10222.0;51.89;7.17;25.03;65.22;50.84;0.118;NEUTRE;0;43.3;1;1
2026.05.08 06:00;10214.0;10217.5;10187.0;10196.5;51.35;8.28;26.65;41.71;40.36;-0.132;NEUTRE;0;-50.9;-2;0
2026.05.08 05:00;10215.0;10222.0;10211.0;10217.0;51.15;9.55;18.65;45.59;34.43;0.069;NEUTRE;0;37.7;1;0
2026.05.08 04:00;10214.5;10219.5;10206.5;10215.0;54.06;7.52;21.52;33.78;26.54;0.049;NEUTRE;0;34.4;1;0
2026.05.08 03:00;10209.5;10217.0;10203.0;10214.5;54.96;5.72;24.83;23.93;19.62;0.044;NEUTRE;0;39.4;1;0
2026.05.08 02:00;10209.0;10215.0;10200.0;10208.5;53.80;4.41;28.65;21.91;16.33;-0.015;NEUTRE;0;-22.8;0;0
2026.05.08 01:00;10217.5;10227.0;10208.0;10208.5;50.79;5.08;24.85;13.01;12.56;-0.015;NEUTRE;0;;;0
2026.05.08 00:00;10210.0;10237.5;10208.5;10217.5;48.45;5.87;28.27;14.08;11.49;0.073;NEUTRE;0;;;0
2026.05.07 19:00;10222.0;10236.0;10207.5;10210.0;45.81;5.97;32.61;10.60;8.80;-2.062;EXPLOSIVE_DOWN;-3;-80.6;-3;1
2026.05.07 18:00;10230.5;10237.5;10203.5;10222.5;42.23;6.89;37.63;9.78;7.27;-1.942;EXPLOSIVE_DOWN;-3;-80.6;-3;1
2026.05.07 17:00;10234.0;10245.5;10211.0;10229.0;38.11;7.95;40.03;6.03;6.41;-1.880;EXPLOSIVE_DOWN;-3;-80.8;-3;1
2026.05.07 16:00;10243.0;10249.5;10224.5;10233.0;33.69;9.18;40.17;6.00;11.48;-1.842;EXPLOSIVE_DOWN;-3;-81.2;-3;1
2026.05.07 15:00;10306.0;10311.5;10238.5;10241.5;29.21;10.59;37.73;7.21;17.17;-1.760;EXPLOSIVE_DOWN;-3;-81.3;-3;1
2026.05.07 14:00;10329.5;10330.0;10293.5;10306.5;25.06;12.22;31.94;21.24;21.00;-1.137;STRONG_DOWN;-2;-77.6;-3;1
2026.05.07 13:00;10385.5;10387.0;10323.0;10329.5;22.04;14.10;24.42;23.06;17.54;-0.916;STRONG_DOWN;-2;-75.8;-3;1
2026.05.07 12:00;10377.5;10386.5;10368.5;10385.0;21.31;16.26;17.24;18.71;11.86;-0.384;NEUTRE;0;-60.8;-2;1
2026.05.07 11:00;10367.0;10389.0;10367.0;10377.5;24.13;18.77;19.90;10.86;7.58;-0.456;SOFT_DOWN;-1;-66.7;-3;1
2026.05.07 10:00;10374.5;10376.5;10360.0;10367.0;27.40;12.91;22.96;6.02;7.14;-0.556;SOFT_DOWN;-1;-72.2;-3;1
2026.05.07 09:00;10372.5;10377.0;10363.0;10374.5;27.30;14.90;23.69;5.87;11.69;-0.484;SOFT_DOWN;-1;-71.6;-3;1
2026.05.07 08:00;10382.5;10408.0;10370.5;10372.5;28.00;17.19;19.10;9.52;30.17;-0.504;SOFT_DOWN;-1;-74.2;-3;1
2026.05.07 07:00;10458.5;10458.5;10377.0;10382.5;31.50;19.84;19.37;19.67;52.38;-0.408;NEUTRE;0;-73;-3;1
2026.05.07 06:00;10452.0;10478.0;10445.0;10460.5;36.16;22.89;9.82;61.31;73.92;0.341;NEUTRE;0;72.5;3;0
2026.05.07 05:00;10453.0;10457.0;10449.5;10452.5;35.58;16.62;11.33;76.16;82.34;0.264;NEUTRE;0;71.3;3;0
2026.05.07 04:00;10454.0;10456.5;10449.0;10452.5;38.14;18.15;13.07;84.29;86.70;0.264;NEUTRE;0;74.8;3;0
2026.05.07 03:00;10456.0;10459.0;10452.0;10454.5;41.50;20.94;8.93;86.57;88.03;0.283;NEUTRE;0;79.3;3;0
2026.05.07 02:00;10453.0;10460.0;10452.0;10456.5;41.70;24.16;10.30;89.25;84.90;0.302;NEUTRE;0;83.2;3;0
2026.05.07 01:00;10452.0;10459.0;10444.0;10453.5;41.93;25.96;11.89;88.26;73.17;0.273;NEUTRE;0;;;0
2026.05.07 00:00;10425.0;10454.0;10425.0;10452.5;42.67;24.82;13.72;77.18;52.24;0.264;NEUTRE;0;;;0
2026.05.06 19:00;10439.0;10455.0;10438.0;10451.0;44.80;28.64;8.93;54.07;31.00;1.787;EXPLOSIVE_UP;3;79.2;3;1
2026.05.06 18:00;10429.5;10440.0;10429.0;10439.0;43.62;19.47;10.31;25.48;18.15;1.670;EXPLOSIVE_UP;3;79.1;3;1
2026.05.06 17:00;10428.0;10437.0;10421.0;10429.5;45.60;18.27;11.89;13.46;14.97;1.578;EXPLOSIVE_UP;3;79.1;3;1
2026.05.06 16:00;10429.0;10440.0;10424.0;10428.5;49.36;21.09;10.84;15.52;23.50;1.568;EXPLOSIVE_UP;3;79.7;3;1
2026.05.06 15:00;10439.0;10455.5;10426.5;10429.0;52.01;24.33;10.10;15.92;41.34;1.573;EXPLOSIVE_UP;3;80.3;3;1
2026.05.06 14:00;10435.0;10455.0;10422.0;10439.0;53.66;27.81;11.66;39.06;64.46;1.670;EXPLOSIVE_UP;3;81.5;3;1
2026.05.06 13:00;10449.0;10456.5;10426.5;10434.5;55.61;32.09;11.35;69.03;81.44;1.626;EXPLOSIVE_UP;3;81.9;3;1
2026.05.06 12:00;10481.0;10481.5;10431.5;10449.0;56.83;37.02;10.53;85.28;87.93;1.768;EXPLOSIVE_UP;3;83.1;3;1
2026.05.06 11:00;10458.5;10490.5;10450.5;10481.0;57.00;42.72;6.31;90.00;89.11;2.079;EXPLOSIVE_UP;3;84.6;3;1
2026.05.06 10:00;10435.0;10471.0;10432.5;10458.5;54.34;41.79;7.28;88.52;88.64;1.860;EXPLOSIVE_UP;3;84.5;3;1
2026.05.06 09:00;10446.0;10456.5;10434.0;10435.0;51.88;42.43;8.40;88.81;87.40;1.631;EXPLOSIVE_UP;3;84.4;3;1
2026.05.06 08:00;10383.5;10459.0;10378.5;10446.0;49.56;48.95;9.69;88.61;84.39;1.738;EXPLOSIVE_UP;3;85.3;3;1
2026.05.06 07:00;10335.0;10386.5;10321.0;10383.5;46.89;42.63;11.18;84.78;83.73;1.130;STRONG_UP;2;83.7;3;1
2026.05.06 06:00;10334.0;10347.5;10328.5;10334.5;45.11;40.03;12.90;79.79;83.85;0.653;SOFT_UP;1;80.7;3;0
2026.05.06 05:00;10331.0;10338.0;10318.5;10334.5;44.16;38.49;14.89;86.63;86.93;0.653;SOFT_UP;1;82.2;3;0
2026.05.06 04:00;10324.5;10340.5;10324.5;10331.0;44.15;44.41;12.44;85.12;88.99;0.618;SOFT_UP;1;83.4;3;0
2026.05.06 03:00;10317.0;10326.0;10310.0;10324.5;42.30;37.30;14.36;89.05;93.22;0.555;SOFT_UP;1;84.5;3;0
2026.05.06 02:00;10325.5;10333.0;10316.0;10317.0;41.97;43.04;10.80;92.79;96.35;0.482;SOFT_UP;1;85.8;3;0
2026.05.06 01:00;10311.5;10328.0;10311.0;10325.5;39.21;45.14;12.46;97.82;98.29;0.565;SOFT_UP;1;;;0
2026.05.06 00:00;10267.5;10312.5;10267.5;10312.0;36.51;38.06;14.37;98.43;98.48;0.433;SOFT_UP;1;;;0
2026.05.05 19:00;10264.5;10270.5;10257.0;10267.5;35.18;29.56;16.58;98.62;94.72;-0.383;NEUTRE;0;-48.4;-2;1
2026.05.05 18:00;10257.5;10265.5;10253.5;10264.5;36.27;28.40;19.14;98.40;80.75;-0.412;NEUTRE;0;-52;-2;1
2026.05.05 17:00;10242.5;10257.5;10237.0;10257.5;38.85;22.52;22.08;87.16;59.40;-0.480;SOFT_DOWN;-1;-57.7;-2;1
2026.05.05 16:00;10225.0;10246.0;10219.5;10242.5;44.67;17.35;25.48;56.70;35.62;-0.626;SOFT_DOWN;-1;-65.4;-3;1
2026.05.05 15:00;10183.5;10232.0;10179.5;10225.0;48.63;11.89;29.40;34.34;19.96;-0.796;STRONG_DOWN;-2;-71.4;-3;1
2026.05.05 14:00;10199.0;10200.5;10162.5;10183.0;49.59;4.49;33.92;15.83;11.64;-1.203;STRONG_DOWN;-2;-78.2;-3;1
2026.05.05 13:00;10216.0;10231.0;10179.5;10198.5;45.43;5.18;32.25;9.72;12.04;-1.053;STRONG_DOWN;-2;-77.6;-3;1
2026.05.05 12:00;10220.5;10239.5;10210.0;10216.0;41.30;5.98;28.11;9.37;19.05;-0.883;STRONG_DOWN;-2;-76.3;-3;1
2026.05.05 11:00;10254.5;10256.5;10219.5;10220.5;37.66;6.90;27.47;17.03;26.80;-0.839;STRONG_DOWN;-2;-76.8;-3;1
2026.05.05 10:00;10261.0;10272.5;10246.5;10254.5;34.25;7.96;20.47;30.75;35.59;-0.509;SOFT_DOWN;-1;-70.6;-3;1
2026.05.05 09:00;10266.5;10271.5;10255.0;10261.0;32.75;9.19;18.60;32.63;40.76;-0.446;SOFT_DOWN;-1;-70.2;-3;1
2026.05.05 08:00;10258.5;10294.5;10256.5;10265.5;32.58;10.60;20.06;43.38;46.61;-0.403;NEUTRE;0;-70.5;-3;1
2026.05.05 07:00;10296.5;10309.5;10238.5;10258.5;32.85;12.23;23.14;46.27;38.20;-0.471;SOFT_DOWN;-1;-75.1;-3;1
2026.05.05 06:00;10277.0;10309.5;10259.0;10295.5;33.15;14.11;22.26;50.18;25.90;-0.112;NEUTRE;0;-46.2;-2;0
2026.05.05 05:00;10280.0;10282.5;10259.0;10277.0;34.81;8.06;25.69;18.16;10.55;-0.291;NEUTRE;0;-72.9;-3;0
2026.05.05 04:00;10273.5;10283.0;10265.0;10280.5;32.13;9.30;25.71;9.36;6.26;-0.257;NEUTRE;0;-74.5;-3;0
2026.05.05 03:00;10276.5;10280.0;10271.5;10273.5;29.86;10.73;24.11;4.12;4.91;-0.325;NEUTRE;0;-80.6;-3;0
2026.05.05 02:00;10271.5;10289.5;10271.5;10276.0;28.54;12.38;27.82;5.30;11.69;-0.301;NEUTRE;0;-83.2;-3;0
2026.05.05 01:00;10298.0;10298.5;10268.5;10271.5;27.03;14.29;32.10;5.29;33.22;-0.344;NEUTRE;0;;;0
2026.05.05 00:00;10307.0;10314.5;10289.5;10298.0;25.28;16.48;26.27;24.46;58.73;-0.087;NEUTRE;0;;;0
2026.05.01 19:00;10381.5;10391.5;10362.5;10365.0;25.64;19.02;15.43;69.91;79.18;0.126;NEUTRE;0;20.4;0;1
2026.05.01 18:00;10384.0;10395.0;10377.0;10381.5;27.99;21.94;10.12;81.82;84.40;0.285;NEUTRE;0;41.5;1;1
2026.05.01 17:00;10368.5;10387.5;10366.0;10384.0;26.62;18.91;11.67;85.80;87.38;0.309;NEUTRE;0;45.5;2;1
2026.05.01 16:00;10378.5;10384.5;10367.0;10368.5;27.07;19.67;13.47;85.59;86.55;0.159;NEUTRE;0;29.1;1;1
2026.05.01 15:00;10374.0;10388.5;10366.5;10378.5;28.36;22.70;15.54;90.73;79.10;0.256;NEUTRE;0;43.7;1;1
2026.05.01 14:00;10359.0;10378.5;10347.0;10374.5;29.84;19.20;17.93;83.33;62.74;0.217;NEUTRE;0;40.9;1;1
2026.05.01 13:00;10310.5;10367.0;10309.5;10359.5;33.91;16.54;20.69;63.24;47.02;0.072;NEUTRE;0;17.2;0;1
2026.05.01 12:00;10314.0;10331.0;10306.5;10310.5;37.41;9.45;23.87;41.65;34.51;-0.401;NEUTRE;0;-61.9;-2;1
2026.05.01 11:00;10323.5;10327.0;10311.0;10314.0;36.50;10.90;24.72;36.16;25.51;-0.367;NEUTRE;0;-61.8;-2;1
2026.05.01 10:00;10317.0;10324.0;10308.0;10323.5;36.15;9.69;28.52;25.73;16.89;-0.275;NEUTRE;0;-57;-2;1
2026.05.01 09:00;10302.5;10325.5;10289.0;10317.0;34.13;11.19;32.91;14.65;19.08;-0.338;NEUTRE;0;-64.5;-2;1
2026.05.01 08:00;10318.0;10328.5;10299.5;10303.0;31.80;12.91;33.55;10.30;35.90;-0.473;SOFT_DOWN;-1;-73.2;-3;1
2026.05.01 07:00;10354.0;10354.0;10314.5;10317.5;29.86;14.89;30.75;32.30;59.51;-0.333;NEUTRE;0;-69.4;-3;1
2026.05.01 06:00;10372.0;10376.5;10342.5;10355.0;29.11;17.18;24.85;65.10;75.47;0.029;NEUTRE;0;15.1;0;0
2026.05.01 05:00;10371.5;10378.5;10367.0;10372.0;30.78;19.83;17.58;81.12;79.70;0.193;NEUTRE;0;65.2;3;0
2026.05.01 04:00;10378.0;10379.0;10371.0;10371.5;34.59;22.88;14.94;80.19;72.00;0.188;NEUTRE;0;69.2;3;0
2026.05.01 03:00;10373.5;10381.0;10373.0;10378.0;36.68;26.40;13.39;77.78;61.64;0.251;NEUTRE;0;77.9;3;0
2026.05.01 02:00;10372.5;10377.0;10372.5;10373.5;37.30;22.77;15.45;58.02;47.39;0.208;NEUTRE;0;80.2;3;0
2026.05.01 01:00;10346.0;10377.5;10340.5;10372.0;40.09;26.27;17.83;49.12;39.06;0.193;NEUTRE;0;;;0
2026.05.01 00:00;10352.0;10370.5;10332.5;10346.0;43.32;27.40;20.57;35.02;32.74;-0.058;NEUTRE;0;;;0
2026.04.30 19:00;10367.0;10386.5;10367.0;10371.0;47.79;31.61;9.95;33.05;34.58;1.667;EXPLOSIVE_UP;3;78.5;3;1
2026.04.30 18:00;10356.0;10373.0;10354.5;10367.0;47.12;25.83;11.48;30.15;44.80;1.627;EXPLOSIVE_UP;3;78.8;3;1
2026.04.30 17:00;10364.5;10368.5;10355.5;10356.0;48.46;26.06;13.25;40.52;59.47;1.519;EXPLOSIVE_UP;3;78.7;3;1
2026.04.30 16:00;10367.5;10369.5;10360.0;10364.5;50.90;30.07;9.96;63.73;73.58;1.603;EXPLOSIVE_UP;3;79.9;3;1
2026.04.30 15:00;10376.5;10388.0;10362.5;10367.5;51.00;34.69;7.44;74.17;81.79;1.632;EXPLOSIVE_UP;3;80.7;3;1
2026.04.30 14:00;10364.0;10393.0;10352.0;10377.0;48.90;40.03;8.59;82.85;88.41;1.725;EXPLOSIVE_UP;3;81.7;3;1
2026.04.30 13:00;10373.5;10383.0;10348.0;10362.5;46.47;42.43;9.91;88.36;92.55;1.583;EXPLOSIVE_UP;3;81.6;3;1
2026.04.30 12:00;10359.5;10391.0;10355.5;10373.5;44.06;48.96;8.14;94.02;94.61;1.691;EXPLOSIVE_UP;3;82.8;3;1
2026.04.30 11:00;10330.0;10364.0;10330.0;10359.5;39.84;44.79;9.39;95.26;94.69;1.554;EXPLOSIVE_UP;3;82.8;3;1
2026.04.30 10:00;10309.5;10333.0;10308.0;10327.5;35.92;38.62;10.83;94.54;91.50;1.240;STRONG_UP;2;81.8;3;1
2026.04.30 09:00;10268.0;10321.0;10268.0;10310.0;32.80;37.18;12.50;94.25;83.11;1.069;STRONG_UP;2;81.4;3;1
2026.04.30 08:00;10241.0;10272.0;10237.5;10268.0;30.20;28.67;14.42;85.71;64.38;0.657;SOFT_UP;1;77.7;3;1
2026.04.30 07:00;10213.5;10243.0;10206.5;10241.5;29.76;20.15;16.64;69.37;44.76;0.397;NEUTRE;0;72.5;3;1
2026.04.30 06:00;10209.5;10223.0;10184.0;10212.0;32.87;14.82;19.20;38.05;31.88;0.108;NEUTRE;0;45.2;2;0
2026.04.30 05:00;10186.5;10217.0;10186.5;10209.5;35.95;14.74;22.16;26.85;40.33;0.083;NEUTRE;0;42.9;1;0
2026.04.30 04:00;10201.5;10203.0;10182.5;10186.5;38.39;9.94;25.56;30.74;58.99;-0.142;NEUTRE;0;-63.3;-2;0
2026.04.30 03:00;10211.5;10213.5;10197.5;10201.5;37.52;11.47;18.24;63.41;76.07;0.005;NEUTRE;0;5.3;0;0
2026.04.30 02:00;10234.0;10235.5;10199.5;10211.5;39.79;13.24;19.12;82.82;74.40;0.103;NEUTRE;0;70.9;3;0
2026.04.30 01:00;10220.5;10234.0;10212.5;10234.0;43.11;15.27;16.51;81.97;57.18;0.323;NEUTRE;0;;;0
2026.04.30 00:00;10201.0;10224.5;10201.0;10220.5;49.14;10.82;19.05;58.42;37.50;0.191;NEUTRE;0;;;0
2026.04.29 19:00;10198.0;10210.0;10192.5;10201.5;52.47;3.00;21.98;31.15;23.41;-1.091;STRONG_DOWN;-2;-72.7;-3;1
2026.04.29 18:00;10204.0;10215.5;10177.0;10197.5;48.84;3.46;25.36;22.93;17.44;-1.130;STRONG_DOWN;-2;-74.1;-3;1
2026.04.29 17:00;10209.5;10215.0;10191.0;10203.0;44.66;3.99;23.67;16.16;14.26;-1.076;STRONG_DOWN;-2;-74.2;-3;1
2026.04.29 16:00;10203.0;10218.5;10201.0;10209.5;40.59;4.60;20.90;13.22;16.96;-1.013;STRONG_DOWN;-2;-74.2;-3;1
2026.04.29 15:00;10209.0;10225.0;10193.5;10203.0;37.00;5.31;24.12;13.39;20.59;-1.076;STRONG_DOWN;-2;-76;-3;1
2026.04.29 14:00;10221.0;10233.0;10203.5;10209.0;32.86;6.13;22.94;24.26;22.58;-1.018;STRONG_DOWN;-2;-76.2;-3;1
2026.04.29 13:00;10265.0;10270.0;10204.0;10221.0;29.01;7.07;26.21;24.12;17.50;-0.902;STRONG_DOWN;-2;-75.6;-3;1
2026.04.29 12:00;10256.0;10267.5;10234.5;10265.0;24.63;8.16;23.14;19.37;13.24;-0.475;SOFT_DOWN;-1;-65.7;-3;1
2026.04.29 11:00;10257.5;10266.5;10249.5;10257.0;21.05;9.41;19.70;9.01;11.10;-0.553;SOFT_DOWN;-1;-70.4;-3;1
2026.04.29 10:00;10259.0;10285.0;10252.5;10258.0;18.86;10.86;20.02;11.35;13.45;-0.543;SOFT_DOWN;-1;-71.8;-3;1
2026.04.29 09:00;10278.0;10284.0;10250.0;10259.0;17.19;12.06;23.10;12.94;20.90;-0.533;SOFT_DOWN;-1;-73.2;-3;1
2026.04.29 08:00;10277.5;10290.5;10266.0;10278.0;15.01;13.91;19.41;16.06;38.75;-0.349;NEUTRE;0;-67.7;-3;1
2026.04.29 07:00;10313.5;10340.5;10266.0;10276.0;14.78;16.05;22.40;33.71;59.44;-0.368;NEUTRE;0;-71.2;-3;1
2026.04.29 06:00;10328.5;10335.0;10306.5;10313.0;14.51;18.52;17.48;66.48;69.34;-0.010;NEUTRE;0;-5.3;0;0
2026.04.29 05:00;10325.0;10331.0;10320.5;10329.0;16.30;21.37;12.61;78.14;66.67;0.145;NEUTRE;0;58.4;2;0
2026.04.29 04:00;10318.5;10329.5;10318.5;10325.0;14.84;22.46;14.55;63.39;57.38;0.107;NEUTRE;0;56.2;2;0
2026.04.29 03:00;10316.0;10322.0;10314.5;10319.0;13.84;15.43;16.79;58.47;49.20;0.048;NEUTRE;0;41.8;1;0
2026.04.29 02:00;10320.5;10329.0;10315.5;10315.5;15.32;17.80;17.33;50.28;37.74;0.015;NEUTRE;0;22.8;0;0
2026.04.29 01:00;10318.5;10324.0;10300.5;10320.5;17.47;14.84;19.99;38.86;29.69;0.063;NEUTRE;0;;;0
2026.04.29 00:00;10314.0;10331.0;10314.0;10318.5;17.88;17.13;14.23;24.07;27.89;0.044;NEUTRE;0;;;0
2026.04.28 19:00;10311.0;10319.5;10308.0;10315.0;19.21;9.35;16.42;26.14;33.47;-0.169;NEUTRE;0;-26.5;-1;1
2026.04.28 18:00;10318.5;10325.5;10309.5;10311.0;17.95;10.79;16.94;33.46;36.32;-0.208;NEUTRE;0;-32.9;-1;1
2026.04.28 17:00;10316.5;10326.0;10310.0;10318.5;17.30;12.45;19.06;40.80;34.84;-0.135;NEUTRE;0;-24;0;1
2026.04.28 16:00;10337.0;10337.5;10315.0;10316.5;16.73;14.37;17.19;34.71;31.26;-0.155;NEUTRE;0;-28.5;-1;1
2026.04.28 15:00;10320.0;10344.5;10320.0;10337.0;17.94;16.58;16.41;29.02;29.80;0.044;NEUTRE;0;9.3;0;1
2026.04.28 14:00;10317.0;10330.0;10302.5;10320.0;20.62;10.03;18.94;30.05;38.14;-0.121;NEUTRE;0;-25.8;-1;1
2026.04.28 13:00;10340.0;10341.0;10308.0;10316.5;19.06;11.57;18.77;30.32;50.79;-0.155;NEUTRE;0;-33.7;-1;1
2026.04.28 12:00;10329.5;10345.5;10296.5;10340.0;18.33;13.35;21.66;54.05;71.39;0.073;NEUTRE;0;18.8;0;1
2026.04.28 11:00;10385.0;10393.0;10321.5;10329.5;17.50;15.40;17.14;67.98;83.62;-0.029;NEUTRE;0;-8.4;0;1
2026.04.28 10:00;10376.0;10387.5;10367.5;10385.0;19.37;17.77;9.88;92.12;87.58;0.508;SOFT_UP;1;70.6;3;1
2026.04.28 09:00;10359.0;10387.0;10352.5;10376.0;17.97;20.12;11.40;90.76;75.79;0.421;SOFT_UP;1;69.1;3;1
2026.04.28 08:00;10357.0;10362.0;10332.5;10359.0;16.47;12.07;13.16;79.86;57.89;0.256;NEUTRE;0;60.8;2;1
2026.04.28 07:00;10331.5;10362.0;10309.0;10359.0;18.34;13.93;15.18;56.75;47.27;0.256;NEUTRE;0;64;2;1
2026.04.28 06:00;10327.5;10338.5;10326.5;10332.0;20.50;9.25;17.52;37.06;48.68;-0.005;NEUTRE;0;-2.7;0;0
2026.04.28 05:00;10346.0;10347.5;10319.0;10327.5;18.90;10.67;20.21;48.02;57.67;-0.048;NEUTRE;0;-28.2;-1;0
2026.04.28 04:00;10350.0;10353.0;10345.0;10346.0;17.06;12.31;9.29;60.98;61.55;0.131;NEUTRE;0;61.4;2;0
2026.04.28 03:00;10341.5;10353.5;10339.5;10350.0;17.53;14.21;10.72;64.00;58.08;0.169;NEUTRE;0;72.4;3;0
2026.04.28 02:00;10346.5;10354.5;10339.5;10341.5;18.07;16.39;12.37;59.67;48.45;0.087;NEUTRE;0;67.7;3;0
2026.04.28 01:00;10342.5;10356.5;10339.5;10346.5;18.70;18.91;14.27;50.57;34.39;0.135;NEUTRE;0;;;0
2026.04.28 00:00;10332.5;10348.0;10331.0;10342.5;19.42;14.13;16.46;35.11;22.11;0.097;NEUTRE;0;;;0
2026.04.27 19:00;10341.5;10354.0;10331.0;10332.0;21.24;16.30;19.00;17.48;14.24;-0.462;SOFT_DOWN;-1;-53.7;-2;1
2026.04.27 18:00;10327.5;10343.5;10325.5;10341.5;23.33;11.79;21.92;13.75;11.68;-0.371;NEUTRE;0;-49.1;-2;1
2026.04.27 17:00;10336.5;10339.5;10325.5;10328.0;22.30;10.18;25.29;11.48;13.75;-0.501;SOFT_DOWN;-1;-58.8;-2;1
2026.04.27 16:00;10344.0;10345.0;10332.0;10336.5;19.17;11.75;22.04;9.81;15.47;-0.419;SOFT_DOWN;-1;-55.7;-2;1
2026.04.27 15:00;10339.0;10347.0;10327.5;10343.5;17.44;13.56;25.43;19.96;26.39;-0.352;NEUTRE;0;-52.7;-2;1
2026.04.27 14:00;10379.5;10381.0;10338.0;10339.0;15.44;15.64;21.06;16.63;38.12;-0.395;NEUTRE;0;-57.6;-2;1
2026.04.27 13:00;10349.5;10384.5;10344.0;10378.5;15.55;18.05;22.15;42.57;61.97;-0.014;NEUTRE;0;-3.4;0;1
2026.04.27 12:00;10412.0;10413.0;10345.0;10349.5;16.37;20.83;25.18;55.17;78.07;-0.294;NEUTRE;0;-53.9;-2;1
2026.04.27 11:00;10408.5;10422.5;10405.5;10412.0;17.43;24.03;15.36;88.18;83.39;0.308;NEUTRE;0;57.4;2;1
2026.04.27 10:00;10402.0;10416.0;10398.5;10408.5;16.73;21.85;17.72;90.85;69.54;0.275;NEUTRE;0;57;2;1
2026.04.27 09:00;10398.0;10404.5;10388.0;10402.0;17.70;15.10;20.45;71.14;45.40;0.212;NEUTRE;0;52.8;2;1
2026.04.27 08:00;10372.0;10399.0;10356.5;10398.0;18.11;12.29;23.60;46.63;33.11;0.173;NEUTRE;0;50.4;2;1
2026.04.27 07:00;10384.5;10398.5;10372.5;10373.0;16.05;14.18;21.44;18.44;32.74;-0.067;NEUTRE;0;-28.2;-1;1
2026.04.27 06:00;10387.0;10401.5;10380.5;10384.0;15.39;16.37;20.00;34.27;44.79;0.039;NEUTRE;0;20;0;0
2026.04.27 05:00;10394.0;10395.0;10377.5;10387.0;16.22;14.12;23.08;45.51;55.97;0.067;NEUTRE;0;36.9;1;0
2026.04.27 04:00;10395.5;10402.0;10391.0;10394.0;15.01;16.30;14.76;54.60;61.47;0.135;NEUTRE;0;62.1;2;0
2026.04.27 03:00;10396.0;10400.0;10391.0;10396.0;16.56;16.00;17.03;67.82;59.06;0.154;NEUTRE;0;70.8;3;0
2026.04.27 02:00;10405.5;10406.5;10395.5;10396.0;18.63;18.47;11.96;62.01;44.02;0.154;NEUTRE;0;76.9;3;0
2026.04.27 01:00;10392.5;10408.5;10390.0;10405.5;18.20;21.31;13.80;47.35;29.70;0.246;NEUTRE;0;;;0
2026.04.27 00:00;10380.0;10393.5;10379.5;10392.5;17.71;12.11;15.92;22.71;19.92;0.120;NEUTRE;0;;;0
2026.04.24 19:00;10386.0;10398.0;10386.0;10397.0;18.34;13.98;12.65;19.05;20.32;-0.235;NEUTRE;0;-34.7;-1;1
2026.04.24 18:00;10394.5;10395.0;10383.0;10386.0;20.40;12.28;14.60;17.99;22.26;-0.341;NEUTRE;0;-46.7;-2;1
2026.04.24 17:00;10397.5;10403.5;10387.5;10394.5;22.21;14.17;11.08;23.91;26.44;-0.259;NEUTRE;0;-40.4;-1;1
2026.04.24 16:00;10402.0;10411.0;10386.5;10397.5;23.74;16.35;12.78;24.88;30.72;-0.230;NEUTRE;0;-38.8;-1;1
2026.04.24 15:00;10411.0;10435.0;10382.5;10402.0;25.51;18.86;14.75;30.53;39.66;-0.187;NEUTRE;0;-34.9;-1;1
2026.04.24 14:00;10410.5;10427.5;10402.0;10410.5;27.55;21.77;11.30;36.75;47.99;-0.106;NEUTRE;0;-23;0;1
2026.04.24 13:00;10411.0;10427.0;10395.0;10410.5;26.93;24.81;13.04;51.68;53.83;-0.106;NEUTRE;0;-24.5;0;1
2026.04.24 12:00;10437.0;10447.0;10403.0;10411.0;26.29;28.63;11.20;55.53;47.06;-0.101;NEUTRE;0;-25.2;-1;1
2026.04.24 11:00;10404.0;10460.0;10403.0;10436.5;23.60;33.04;12.93;54.28;44.21;0.144;NEUTRE;0;36.2;1;1
2026.04.24 10:00;10394.0;10414.0;10393.0;10404.0;20.50;25.70;14.92;31.37;47.90;-0.168;NEUTRE;0;-43.2;-1;1
2026.04.24 09:00;10381.5;10401.0;10378.5;10394.0;19.57;20.13;17.21;46.98;68.48;-0.264;NEUTRE;0;-58.6;-2;1
2026.04.24 08:00;10429.5;10432.0;10374.5;10381.5;21.37;23.23;19.86;65.35;78.67;-0.384;NEUTRE;0;-69.6;-3;1
2026.04.24 07:00;10413.0;10434.0;10409.0;10430.0;23.46;26.81;13.68;93.12;73.07;0.082;NEUTRE;0;33.2;1;1
2026.04.24 06:00;10399.0;10413.0;10388.5;10412.5;22.08;18.01;15.79;77.56;50.92;-0.086;NEUTRE;0;-38.7;-1;0
2026.04.24 05:00;10400.0;10404.0;10391.0;10399.0;24.47;15.12;18.22;48.54;33.03;-0.216;NEUTRE;0;-67.5;-3;0
2026.04.24 04:00;10380.5;10402.5;10378.0;10400.0;26.80;15.68;21.02;26.65;27.61;-0.206;NEUTRE;0;-70.9;-3;0
2026.04.24 03:00;10378.0;10387.0;10371.0;10380.5;28.69;8.35;24.25;23.89;33.26;-0.393;NEUTRE;0;-82.2;-3;0
2026.04.24 02:00;10391.0;10391.5;10372.0;10378.0;25.60;9.64;27.02;32.30;40.73;-0.417;SOFT_DOWN;-1;-85.1;-3;0
2026.04.24 01:00;10402.0;10403.5;10383.0;10391.0;22.24;11.12;22.50;43.59;44.85;-0.293;NEUTRE;0;;;0
2026.04.24 00:00;10421.5;10423.0;10397.0;10402.0;20.46;12.83;15.46;46.31;45.77;-0.187;NEUTRE;0;;;0
2026.04.23 19:00;10410.0;10422.5;10397.5;10421.0;22.18;14.81;17.84;44.66;49.65;-0.373;NEUTRE;0;-47.7;-2;1
2026.04.23 18:00;10403.0;10435.0;10399.5;10410.0;24.17;17.09;19.35;46.35;63.11;-0.478;SOFT_DOWN;-1;-56.1;-2;1
2026.04.23 17:00;10462.0;10463.5;10352.5;10402.0;26.93;19.72;22.33;57.94;77.68;-0.554;SOFT_DOWN;-1;-61.3;-2;1
2026.04.23 16:00;10466.0;10469.5;10456.0;10462.0;30.12;22.75;11.42;85.04;89.90;0.019;NEUTRE;0;3.8;0;1
2026.04.23 15:00;10479.0;10483.5;10448.5;10466.0;29.65;26.25;13.17;90.07;88.69;0.057;NEUTRE;0;12;0;1
2026.04.23 14:00;10456.0;10480.0;10444.0;10479.5;29.11;28.75;15.20;94.59;81.34;0.186;NEUTRE;0;36.6;1;1
2026.04.23 13:00;10443.0;10466.5;10434.5;10455.5;28.84;27.40;17.54;81.41;63.29;-0.043;NEUTRE;0;-10.5;0;1
2026.04.23 12:00;10424.0;10445.5;10416.5;10442.0;29.90;21.52;20.24;68.02;43.44;-0.172;NEUTRE;0;-38.7;-1;1
2026.04.23 11:00;10415.5;10427.0;10395.0;10425.0;34.03;15.02;23.35;40.44;29.60;-0.335;NEUTRE;0;-59.6;-2;1
2026.04.23 10:00;10386.0;10417.5;10371.5;10415.5;35.92;12.76;26.94;21.87;34.22;-0.425;SOFT_DOWN;-1;-67.2;-3;1
2026.04.23 09:00;10401.5;10410.0;10382.5;10385.5;35.95;14.73;27.41;26.49;52.25;-0.712;SOFT_DOWN;-1;-77.3;-3;1
2026.04.23 08:00;10444.0;10445.5;10400.5;10401.5;36.86;16.99;21.56;54.29;63.54;-0.559;SOFT_DOWN;-1;-75.7;-3;1
2026.04.23 07:00;10437.5;10458.0;10421.5;10445.5;40.70;19.61;17.69;75.95;58.50;-0.139;NEUTRE;0;-48;-2;1
2026.04.23 06:00;10440.5;10444.5;10426.0;10439.0;46.18;16.93;20.42;60.38;41.72;-0.201;NEUTRE;0;-61.9;-2;0
2026.04.23 05:00;10428.0;10442.0;10427.5;10440.5;51.85;17.46;23.56;39.16;30.56;-0.186;NEUTRE;0;-64.3;-2;0
2026.04.23 04:00;10415.5;10431.5;10409.5;10428.0;57.54;9.00;27.18;25.61;32.29;-0.306;NEUTRE;0;-76.8;-3;0
2026.04.23 03:00;10416.5;10420.0;10398.5;10415.5;58.66;2.35;31.36;26.90;43.60;-0.425;SOFT_DOWN;-1;-82.8;-3;0
2026.04.23 02:00;10435.5;10436.0;10413.0;10416.5;54.45;2.71;25.81;44.36;54.88;-0.416;SOFT_DOWN;-1;-85.1;-3;0
2026.04.23 01:00;10462.0;10463.5;10429.5;10435.5;50.36;3.13;18.74;59.55;54.15;-0.234;NEUTRE;0;;;0
2026.04.23 00:00;10460.0;10473.0;10400.0;10462.0;47.12;3.61;21.63;60.73;40.34;0.019;NEUTRE;0;;;0
2026.04.22 19:00;10472.0;10485.0;10459.5;10482.0;43.38;4.16;13.79;42.18;26.65;0.393;NEUTRE;0;49.2;2;1
2026.04.22 18:00;10479.5;10480.0;10464.5;10472.0;41.81;4.80;15.92;18.11;17.78;0.297;NEUTRE;0;42.7;1;1
2026.04.22 17:00;10466.0;10481.5;10465.0;10479.5;39.99;5.54;17.87;19.65;20.37;0.369;NEUTRE;0;50.5;2;1
2026.04.22 16:00;10478.5;10487.0;10465.0;10466.0;38.04;6.39;20.62;15.57;21.68;0.239;NEUTRE;0;39.9;1;1
2026.04.22 15:00;10482.5;10489.0;10466.0;10478.5;35.79;7.38;23.09;25.88;28.67;0.359;NEUTRE;0;53.2;2;1
2026.04.22 14:00;10493.5;10499.5;10473.5;10482.5;33.36;8.51;21.62;23.60;36.71;0.397;NEUTRE;0;57.8;2;1
2026.04.22 13:00;10491.5;10506.0;10484.5;10494.0;31.80;9.82;18.44;36.54;48.18;0.508;SOFT_UP;1;65.4;3;1
2026.04.22 12:00;10509.5;10516.0;10490.0;10491.5;32.00;11.33;17.34;50.00;56.40;0.484;SOFT_UP;1;66.1;3;1
2026.04.22 11:00;10512.0;10516.5;10499.5;10509.5;33.70;13.08;14.39;58.00;62.08;0.656;SOFT_UP;1;73.3;3;1
2026.04.22 10:00;10497.0;10514.5;10482.5;10511.5;38.15;13.28;16.60;61.20;68.68;0.675;SOFT_UP;1;75.2;3;1
2026.04.22 09:00;10509.0;10516.5;10487.5;10497.0;42.31;15.32;16.75;67.03;76.93;0.536;SOFT_UP;1;73.3;3;1
2026.04.22 08:00;10514.0;10530.5;10495.0;10508.5;48.13;17.68;15.35;77.81;78.31;0.646;SOFT_UP;1;77.5;3;1
2026.04.22 07:00;10491.5;10519.0;10484.0;10514.0;54.45;15.42;17.72;85.96;74.30;0.699;SOFT_UP;1;79.9;3;1
2026.04.22 06:00;10492.0;10498.0;10468.5;10491.5;61.76;8.56;20.44;71.17;68.09;0.484;SOFT_UP;1;77.5;3;0
2026.04.22 05:00;10467.5;10497.0;10465.5;10492.0;64.96;9.35;23.59;65.78;67.64;0.488;SOFT_UP;1;79.6;3;0
2026.04.22 04:00;10474.0;10479.5;10467.5;10467.5;68.30;2.24;27.21;67.32;68.02;0.254;NEUTRE;0;74.3;3;0
2026.04.22 03:00;10483.5;10486.5;10471.0;10474.0;65.77;2.59;26.91;69.81;58.26;0.316;NEUTRE;0;80.4;3;0
2026.04.22 02:00;10475.0;10485.5;10474.5;10483.5;63.20;2.99;27.58;66.94;42.92;0.407;NEUTRE;0;85;3;0
2026.04.22 01:00;10484.5;10487.5;10470.0;10475.0;60.54;3.45;31.82;38.01;23.59;0.326;NEUTRE;0;;;0
2026.04.22 00:00;10441.0;10488.0;10441.0;10484.5;57.48;3.98;36.72;23.81;13.60;0.417;SOFT_UP;1;;;0
2026.04.21 19:00;10478.5;10493.5;10440.5;10440.5;53.94;4.59;42.37;8.94;7.52;-1.570;EXPLOSIVE_DOWN;-3;-77.8;-3;1
2026.04.21 18:00;10473.0;10488.5;10468.5;10478.5;49.86;5.29;40.76;8.05;5.63;-1.211;STRONG_DOWN;-2;-75.1;-3;1
2026.04.21 17:00;10482.0;10490.0;10462.5;10473.0;45.69;6.11;47.03;5.56;4.33;-1.263;STRONG_DOWN;-2;-76.5;-3;1
2026.04.21 16:00;10501.5;10516.0;10481.5;10482.5;40.87;7.05;43.64;3.28;3.58;-1.174;STRONG_DOWN;-2;-76.3;-3;1
2026.04.21 15:00;10511.5;10518.5;10491.5;10501.5;36.05;8.13;45.89;4.16;3.81;-0.995;STRONG_DOWN;-2;-74.9;-3;1
2026.04.21 14:00;10560.0;10561.0;10510.0;10512.0;30.84;9.38;42.41;3.31;7.47;-0.896;STRONG_DOWN;-2;-74.4;-3;1
2026.04.21 13:00;10579.0;10582.5;10557.0;10560.0;25.77;10.82;34.76;3.97;18.98;-0.443;SOFT_DOWN;-1;-62.3;-2;1
2026.04.21 12:00;10601.0;10604.5;10574.5;10579.0;21.66;12.49;29.54;15.12;41.36;-0.264;NEUTRE;0;-50.9;-2;1
2026.04.21 11:00;10630.0;10635.5;10600.5;10601.0;18.75;14.41;20.76;37.85;64.00;-0.057;NEUTRE;0;-16.2;0;1
2026.04.21 10:00;10636.0;10639.5;10620.0;10630.0;18.86;16.63;15.38;71.11;76.12;0.217;NEUTRE;0;50.5;2;1
2026.04.21 09:00;10637.0;10644.5;10628.0;10636.0;21.16;19.19;11.43;83.04;74.40;0.273;NEUTRE;0;59.5;2;1
2026.04.21 08:00;10637.0;10639.5;10619.0;10637.0;20.51;17.48;13.19;74.19;67.87;0.283;NEUTRE;0;63.2;2;1
2026.04.21 07:00;10625.5;10640.0;10613.0;10637.0;21.52;20.17;15.22;65.96;66.43;0.283;NEUTRE;0;66.1;3;1
2026.04.21 06:00;10632.5;10632.5;10615.5;10625.0;22.68;18.99;17.56;63.45;68.00;0.170;NEUTRE;0;57.8;2;0
2026.04.21 05:00;10630.5;10639.0;10629.5;10632.0;25.57;21.92;7.60;69.87;69.46;0.236;NEUTRE;0;69.3;3;0
2026.04.21 04:00;10625.0;10632.5;10623.0;10630.5;22.04;14.76;8.76;70.69;71.03;0.222;NEUTRE;0;72.1;3;0
2026.04.21 03:00;10627.0;10628.5;10619.0;10625.0;21.51;10.55;10.11;67.82;74.02;0.170;NEUTRE;0;72.5;3;0
2026.04.21 02:00;10628.0;10629.5;10622.0;10627.0;24.49;12.18;6.81;74.59;77.36;0.189;NEUTRE;0;79.3;3;0
2026.04.21 01:00;10630.5;10632.0;10623.0;10628.0;23.90;14.05;5.81;79.67;73.17;0.198;NEUTRE;0;;;0
2026.04.21 00:00;10607.0;10636.0;10607.0;10630.0;21.19;16.21;6.70;77.83;62.07;0.217;NEUTRE;0;;;0
2026.04.20 19:00;10622.0;10624.0;10612.5;10619.5;18.06;12.34;7.73;62.01;50.05;0.014;NEUTRE;0;2.4;0;1
2026.04.20 18:00;10612.5;10623.5;10608.5;10622.0;17.31;13.57;8.92;46.36;42.51;0.038;NEUTRE;0;6.7;0;1
2026.04.20 17:00;10609.0;10621.0;10608.0;10613.0;16.78;13.10;10.29;41.79;45.99;-0.047;NEUTRE;0;-8.8;0;1
2026.04.20 16:00;10616.5;10617.0;10603.5;10609.0;17.52;10.38;11.87;39.37;49.23;-0.085;NEUTRE;0;-16.6;0;1
2026.04.20 15:00;10608.0;10622.5;10594.5;10616.5;19.18;11.97;13.70;56.80;53.43;-0.014;NEUTRE;0;-3;0;1
2026.04.20 14:00;10632.5;10634.0;10596.5;10607.5;21.10;13.82;14.71;51.50;42.52;-0.099;NEUTRE;0;-21.6;0;1
2026.04.20 13:00;10601.5;10640.0;10594.5;10632.5;23.86;15.94;16.97;51.99;30.94;0.137;NEUTRE;0;30.5;1;1
2026.04.20 12:00;10611.0;10617.5;10599.5;10601.5;27.05;10.79;19.58;24.06;16.39;-0.155;NEUTRE;0;-35.9;-1;1
2026.04.20 11:00;10603.5;10612.0;10591.0;10611.0;26.76;7.74;22.60;16.79;13.23;-0.066;NEUTRE;0;-18.6;0;1
2026.04.20 10:00;10606.0;10619.0;10602.0;10603.5;23.34;8.94;18.01;8.33;16.01;-0.137;NEUTRE;0;-37.5;-1;1
2026.04.20 09:00;10612.0;10625.5;10603.5;10605.5;21.75;10.31;19.43;14.58;22.81;-0.118;NEUTRE;0;-36.3;-1;1
2026.04.20 08:00;10616.5;10626.0;10605.0;10612.0;20.38;11.90;21.37;25.12;34.62;-0.057;NEUTRE;0;-21.7;0;1
2026.04.20 07:00;10628.0;10645.5;10608.0;10616.5;19.13;13.73;22.46;28.73;39.18;-0.014;NEUTRE;0;-6.4;0;1
2026.04.20 06:00;10627.0;10641.5;10621.0;10629.5;18.37;15.84;20.58;50.00;41.91;0.108;NEUTRE;0;45.2;2;0
2026.04.20 05:00;10638.5;10639.0;10619.5;10627.0;19.19;16.40;23.74;38.81;34.67;0.085;NEUTRE;0;43.6;1;0
2026.04.20 04:00;10639.0;10641.0;10632.0;10638.5;19.33;18.92;17.53;36.92;31.11;0.193;NEUTRE;0;69.7;3;0
2026.04.20 03:00;10639.5;10642.5;10635.5;10639.0;21.72;21.83;14.25;28.28;32.83;0.198;NEUTRE;0;74.8;3;0
2026.04.20 02:00;10635.0;10643.0;10634.0;10640.0;21.82;25.19;16.44;28.11;43.09;0.207;NEUTRE;0;80.2;3;0
2026.04.20 01:00;10638.5;10649.0;10634.5;10635.0;21.95;29.07;18.12;42.08;60.81;0.160;NEUTRE;0;;;0
2026.04.20 00:00;10618.0;10639.5;10610.0;10638.5;21.75;23.46;20.90;59.06;75.82;0.193;NEUTRE;0;;;0
2026.04.17 19:00;10693.0;10709.0;10686.5;10709.0;24.21;27.07;12.23;81.30;87.04;1.019;STRONG_UP;2;71.6;3;1
2026.04.17 18:00;10691.0;10698.0;10683.5;10692.5;22.13;23.71;14.11;87.11;91.75;0.863;STRONG_UP;2;69.6;3;1
2026.04.17 17:00;10706.5;10709.0;10678.5;10691.0;21.63;27.36;16.28;92.70;93.09;0.849;STRONG_UP;2;70.3;3;1
2026.04.17 16:00;10692.5;10707.0;10687.0;10706.5;21.05;31.57;14.50;95.44;92.32;0.995;STRONG_UP;2;74;3;1
2026.04.17 15:00;10664.5;10699.0;10657.5;10692.0;18.59;30.27;16.73;91.13;86.47;0.858;STRONG_UP;2;72.6;3;1
2026.04.17 14:00;10660.0;10675.0;10647.0;10664.5;17.02;26.03;19.31;90.40;74.53;0.599;SOFT_UP;1;67.3;3;1
2026.04.17 13:00;10649.5;10675.0;10638.0;10659.5;17.35;30.04;22.28;77.88;51.89;0.552;SOFT_UP;1;67.2;3;1
2026.04.17 12:00;10574.0;10655.0;10568.5;10649.5;17.74;26.34;25.70;55.32;34.85;0.458;SOFT_UP;1;64.9;2;1
2026.04.17 11:00;10572.5;10578.5;10559.0;10574.0;20.28;16.79;29.66;22.46;26.30;-0.255;NEUTRE;0;-52.4;-2;1
2026.04.17 10:00;10592.5;10592.5;10571.0;10572.0;19.14;19.37;24.75;26.77;27.11;-0.274;NEUTRE;0;-56.9;-2;1
2026.04.17 09:00;10596.0;10608.0;10586.5;10593.0;20.21;22.35;17.72;29.67;26.57;-0.075;NEUTRE;0;-25;0;1
2026.04.17 08:00;10582.5;10597.0;10578.0;10596.0;21.54;17.92;20.45;24.88;32.95;-0.047;NEUTRE;0;-18.2;0;1
2026.04.17 07:00;10603.0;10611.5;10579.5;10583.0;23.84;20.67;22.38;25.15;44.85;-0.170;NEUTRE;0;-53.6;-2;1
2026.04.17 06:00;10615.0;10615.0;10594.5;10599.5;26.89;23.85;18.61;48.82;57.88;-0.014;NEUTRE;0;-7.4;0;0
2026.04.17 05:00;10610.5;10619.5;10606.5;10615.0;29.13;27.52;12.47;60.58;68.12;0.132;NEUTRE;0;55.9;2;0
2026.04.17 04:00;10604.0;10612.5;10603.0;10610.5;27.82;23.48;14.38;64.24;78.73;0.090;NEUTRE;0;51.5;2;0
2026.04.17 03:00;10611.5;10611.5;10603.5;10604.0;28.41;25.47;16.60;79.52;86.15;0.028;NEUTRE;0;27.6;1;0
2026.04.17 02:00;10612.0;10618.5;10608.0;10611.5;29.53;29.39;10.50;92.44;80.62;0.099;NEUTRE;0;70.1;3;0
2026.04.17 01:00;10609.5;10612.0;10603.0;10612.0;26.79;24.38;12.11;86.50;63.10;0.104;NEUTRE;0;;;0
2026.04.17 00:00;10601.0;10611.5;10596.5;10609.5;25.73;27.28;13.97;62.94;41.63;0.080;NEUTRE;0;;;0
2026.04.16 19:00;10592.5;10600.5;10588.5;10599.5;24.73;20.19;16.12;39.85;25.03;0.289;NEUTRE;0;40.4;1;1
2026.04.16 18:00;10592.5;10602.0;10588.0;10592.0;26.81;23.30;18.60;22.09;13.85;0.218;NEUTRE;0;34.1;1;1
2026.04.16 17:00;10575.0;10593.5;10567.5;10592.5;29.21;17.54;21.47;13.16;15.65;0.222;NEUTRE;0;36.2;1;1
2026.04.16 16:00;10596.0;10598.0;10571.0;10575.5;32.16;20.24;22.70;6.32;30.59;0.062;NEUTRE;0;12.2;0;1
2026.04.16 15:00;10599.5;10616.0;10593.5;10596.0;36.23;23.36;13.37;27.46;56.78;0.255;NEUTRE;0;43.6;1;1
2026.04.16 14:00;10628.5;10631.5;10593.0;10599.5;37.62;26.95;15.43;57.98;80.12;0.289;NEUTRE;0;49.1;2;1
2026.04.16 13:00;10651.5;10659.5;10610.5;10628.5;39.22;31.10;10.81;84.89;93.59;0.563;SOFT_UP;1;67.6;3;1
2026.04.16 12:00;10650.5;10654.0;10629.5;10651.5;37.81;35.88;6.50;97.48;94.03;0.781;STRONG_UP;2;74.6;3;1
2026.04.16 11:00;10630.5;10652.5;10629.0;10650.5;32.96;40.46;7.50;98.40;87.92;0.771;STRONG_UP;2;75.7;3;1
2026.04.16 10:00;10613.5;10631.5;10613.0;10630.5;27.46;32.94;8.66;86.21;76.21;0.582;SOFT_UP;1;72.9;3;1
2026.04.16 09:00;10585.0;10613.5;10579.5;10613.5;22.71;23.04;9.99;79.15;72.48;0.421;SOFT_UP;1;69.1;3;1
2026.04.16 08:00;10598.0;10598.5;10578.0;10585.0;20.12;19.79;11.53;63.28;66.82;0.151;NEUTRE;0;46.6;2;1
2026.04.16 07:00;10575.5;10604.0;10573.5;10598.5;19.16;22.84;13.30;75.00;66.14;0.279;NEUTRE;0;65.8;3;1
2026.04.16 06:00;10578.5;10583.0;10568.0;10575.5;18.05;15.76;15.35;62.18;62.33;0.062;NEUTRE;0;30;1;0
2026.04.16 05:00;10574.5;10582.0;10571.5;10578.5;20.62;18.18;14.12;61.24;61.03;0.090;NEUTRE;0;45.2;2;0
2026.04.16 04:00;10573.0;10577.5;10569.5;10574.0;21.86;14.39;16.29;63.57;62.70;0.047;NEUTRE;0;33.3;1;0
2026.04.16 03:00;10577.0;10583.5;10571.5;10573.0;24.27;16.60;14.95;58.28;57.03;0.038;NEUTRE;0;35.3;1;0
2026.04.16 02:00;10567.0;10579.0;10567.0;10577.0;27.20;13.39;17.25;66.26;51.25;0.076;NEUTRE;0;64.8;2;0
2026.04.16 01:00;10575.5;10575.5;10562.0;10567.0;29.44;10.96;19.91;46.56;36.22;-0.019;NEUTRE;0;;;0
2026.04.16 00:00;10569.0;10582.5;10566.0;10576.0;29.51;12.64;18.57;40.94;25.15;0.066;NEUTRE;0;;;0
2026.04.15 19:00;10574.5;10579.5;10564.0;10566.5;31.12;11.79;21.43;21.14;13.09;-0.681;SOFT_DOWN;-1;-63.5;-2;1
2026.04.15 18:00;10561.0;10576.5;10555.5;10574.5;31.45;10.63;24.73;13.35;7.98;-0.606;SOFT_DOWN;-1;-62;-2;1
2026.04.15 17:00;10559.0;10571.0;10557.0;10561.0;30.15;8.23;28.53;4.79;6.90;-0.733;SOFT_DOWN;-1;-67.5;-3;1
2026.04.15 16:00;10564.0;10571.5;10555.0;10559.0;26.30;9.50;32.92;5.81;12.70;-0.752;STRONG_DOWN;-2;-69.2;-3;1
2026.04.15 15:00;10593.0;10595.0;10562.0;10564.0;21.85;10.96;31.46;10.10;25.17;-0.705;SOFT_DOWN;-1;-69.2;-3;1
2026.04.15 14:00;10613.0;10614.5;10585.0;10593.0;17.77;12.65;25.58;22.19;39.45;-0.432;SOFT_DOWN;-1;-59.9;-2;1
2026.04.15 13:00;10625.5;10630.5;10603.0;10613.5;15.30;14.59;20.13;43.23;48.84;-0.240;NEUTRE;0;-45.9;-2;1
2026.04.15 12:00;10640.5;10641.0;10621.0;10625.5;15.21;16.84;13.15;52.92;48.58;-0.127;NEUTRE;0;-30.6;-1;1
2026.04.15 11:00;10631.0;10651.0;10624.5;10640.5;15.66;19.43;12.49;50.38;43.38;0.014;NEUTRE;0;4.1;0;1
2026.04.15 10:00;10622.0;10640.5;10613.5;10630.5;14.72;16.32;14.41;42.44;42.97;-0.080;NEUTRE;0;-24.1;0;1
2026.04.15 09:00;10628.5;10632.5;10614.5;10622.0;16.02;14.28;16.62;37.32;44.02;-0.160;NEUTRE;0;-44.8;-1;1
2026.04.15 08:00;10623.0;10630.5;10609.5;10628.5;17.32;14.76;19.18;49.16;44.79;-0.099;NEUTRE;0;-34.7;-1;1
2026.04.15 07:00;10627.0;10653.0;10619.0;10622.0;17.98;17.04;15.17;45.59;33.01;-0.160;NEUTRE;0;-52;-2;1
2026.04.15 06:00;10618.0;10634.0;10613.5;10629.0;19.86;11.06;17.51;39.63;20.55;-0.094;NEUTRE;0;-41.2;-1;0
2026.04.15 05:00;10620.5;10630.0;10607.0;10616.5;19.44;9.76;20.20;13.81;12.12;-0.211;NEUTRE;0;-67;-3;0
2026.04.15 04:00;10623.5;10627.5;10619.5;10620.5;17.07;11.26;14.95;8.21;17.20;-0.174;NEUTRE;0;-67.7;-3;0
2026.04.15 03:00;10626.0;10626.5;10621.5;10623.5;17.53;12.99;13.40;14.35;31.08;-0.146;NEUTRE;0;-69.8;-3;0
2026.04.15 02:00;10626.0;10629.5;10622.0;10626.0;19.99;14.99;13.92;29.06;50.56;-0.122;NEUTRE;0;-73.7;-3;0
2026.04.15 01:00;10636.0;10636.0;10621.5;10626.0;22.50;17.30;16.07;49.82;66.24;-0.122;NEUTRE;0;;;0
2026.04.15 00:00;10639.0;10645.5;10631.5;10636.0;25.39;19.96;7.93;72.79;74.15;-0.028;NEUTRE;0;;;0
2026.04.14 19:00;10644.5;10657.0;10633.0;10639.0;22.66;23.03;7.50;76.11;74.57;0.075;NEUTRE;0;12.5;0;1
2026.04.14 18:00;10621.0;10646.0;10621.0;10645.0;18.32;19.52;8.65;73.54;71.94;0.132;NEUTRE;0;22.3;0;1
2026.04.14 17:00;10619.0;10631.5;10617.0;10620.0;15.20;13.95;9.98;74.06;71.62;-0.103;NEUTRE;0;-18.7;0;1
2026.04.14 16:00;10633.0;10636.0;10616.0;10619.0;14.99;16.09;11.52;68.23;63.81;-0.113;NEUTRE;0;-21.6;0;1
2026.04.14 15:00;10603.5;10635.0;10598.5;10633.5;14.75;17.80;13.29;72.57;56.87;0.024;NEUTRE;0;5.1;0;1
2026.04.14 14:00;10616.5;10623.0;10599.0;10603.5;14.79;15.48;15.34;50.64;41.55;-0.259;NEUTRE;0;-46;-2;1
2026.04.14 13:00;10607.5;10619.0;10595.5;10616.5;16.99;15.30;17.69;47.41;33.79;-0.136;NEUTRE;0;-30.3;-1;1
2026.04.14 12:00;10608.5;10629.0;10601.0;10608.0;18.49;17.65;16.82;26.60;29.59;-0.216;NEUTRE;0;-45.2;-2;1
2026.04.14 11:00;10587.0;10617.0;10583.0;10607.0;20.96;13.78;19.40;27.37;42.27;-0.226;NEUTRE;0;-49;-2;1
2026.04.14 10:00;10612.0;10613.0;10587.0;10588.0;21.57;15.89;22.39;34.81;58.21;-0.404;NEUTRE;0;-66.1;-3;1
2026.04.14 09:00;10623.0;10627.5;10596.5;10612.0;22.28;18.34;20.21;64.64;73.28;-0.179;NEUTRE;0;-48.1;-2;1
2026.04.14 08:00;10635.5;10647.0;10616.0;10623.0;24.96;21.16;13.64;75.19;64.02;-0.075;NEUTRE;0;-27.7;-1;1
2026.04.14 07:00;10602.5;10638.0;10591.0;10636.0;25.48;19.95;15.74;80.00;44.07;0.047;NEUTRE;0;20.6;0;1
2026.04.14 06:00;10596.5;10607.5;10587.0;10600.5;27.58;13.04;18.16;36.88;19.74;-0.287;NEUTRE;0;-69.5;-3;0
2026.04.14 05:00;10597.0;10601.0;10586.5;10597.0;29.30;10.16;20.96;15.35;8.68;-0.320;NEUTRE;0;-74.4;-3;0
2026.04.14 04:00;10592.0;10599.0;10592.0;10597.0;28.47;11.73;18.35;7.00;10.07;-0.320;NEUTRE;0;-77.4;-3;0
2026.04.14 03:00;10597.0;10597.0;10592.0;10592.0;29.46;9.14;21.17;3.69;23.44;-0.367;NEUTRE;0;-81.7;-3;0
2026.04.14 02:00;10595.5;10603.5;10593.5;10597.0;27.89;10.54;19.81;19.53;46.20;-0.320;NEUTRE;0;-83.6;-3;0
2026.04.14 01:00;10606.5;10606.5;10594.5;10595.5;27.48;12.16;21.32;47.10;68.10;-0.334;NEUTRE;0;;;0
2026.04.14 00:00;10631.0;10631.0;10604.5;10606.5;27.50;14.03;11.78;71.96;80.99;-0.230;NEUTRE;0;;;0
2026.04.13 19:00;10625.0;10634.0;10618.0;10627.0;30.38;16.19;5.76;85.25;84.14;1.104;STRONG_UP;2;72.9;3;1
2026.04.13 18:00;10620.0;10632.0;10620.0;10625.0;27.74;18.69;6.64;85.75;82.62;1.085;STRONG_UP;2;73.5;3;1
2026.04.13 17:00;10620.0;10629.0;10617.0;10620.0;24.70;17.71;7.66;81.43;80.97;1.037;STRONG_UP;2;73.7;3;1
2026.04.13 16:00;10590.0;10631.0;10586.0;10619.5;22.40;20.44;8.84;80.68;81.25;1.032;STRONG_UP;2;74.5;3;1
2026.04.13 15:00;10597.0;10602.5;10583.5;10590.0;19.76;13.84;10.20;80.81;75.33;0.752;STRONG_UP;2;70.4;3;1
2026.04.13 14:00;10600.0;10609.0;10582.5;10597.0;20.47;15.97;11.77;82.25;66.23;0.818;STRONG_UP;2;73;3;1
2026.04.13 13:00;10576.0;10609.0;10561.5;10602.0;21.29;18.43;13.58;62.94;55.48;0.866;STRONG_UP;2;75;3;1
2026.04.13 12:00;10550.0;10576.0;10543.0;10576.0;22.24;10.57;15.67;53.51;59.44;0.618;SOFT_UP;1;70.9;3;1
2026.04.13 11:00;10576.5;10584.0;10549.0;10550.0;22.67;12.20;15.29;50.00;67.15;0.371;NEUTRE;0;62.1;2;1
2026.04.13 10:00;10571.5;10585.0;10568.0;10576.5;24.43;14.08;9.29;74.81;79.42;0.623;SOFT_UP;1;74;3;1
2026.04.13 09:00;10577.0;10588.5;10567.0;10571.5;25.03;16.24;10.72;76.64;76.77;0.576;SOFT_UP;1;74.4;3;1
2026.04.13 08:00;10571.5;10580.5;10562.0;10577.0;25.73;13.01;12.37;86.83;72.40;0.628;SOFT_UP;1;77.2;3;1
2026.04.13 07:00;10565.0;10579.5;10543.5;10571.5;29.30;14.19;14.27;66.84;57.89;0.576;SOFT_UP;1;77.7;3;1
2026.04.13 06:00;10552.5;10567.0;10544.5;10565.0;33.76;11.03;16.46;63.52;50.31;0.514;SOFT_UP;1;78.2;3;0
2026.04.13 05:00;10554.5;10559.0;10548.0;10552.5;35.91;7.25;19.00;43.32;42.09;0.395;NEUTRE;0;77.3;3;0
2026.04.13 04:00;10544.5;10559.0;10541.5;10554.0;34.55;8.37;21.92;44.08;43.29;0.409;NEUTRE;0;80.1;3;0
2026.04.13 03:00;10555.5;10558.0;10541.5;10544.5;32.98;8.78;25.29;38.86;45.71;0.319;NEUTRE;0;80.5;3;0
2026.04.13 02:00;10556.0;10559.5;10545.5;10555.5;30.60;10.13;25.45;46.92;49.23;0.423;SOFT_UP;1;85.2;3;0
2026.04.13 01:00;10570.5;10574.5;10549.5;10556.0;28.68;11.68;24.97;51.36;44.46;0.428;SOFT_UP;1;;;0
2026.04.13 00:00;10511.0;10574.5;10511.0;10570.0;27.52;13.48;28.81;49.41;34.63;0.561;SOFT_UP;1;;;0
2026.04.10 19:00;10602.0;10616.5;10599.5;10613.0;26.17;15.55;19.90;32.61;22.98;0.108;NEUTRE;0;17.6;0;1
2026.04.10 18:00;10600.0;10605.0;10592.0;10602.0;28.31;7.54;22.96;21.89;15.68;0.005;NEUTRE;0;0.9;0;1
2026.04.10 17:00;10605.0;10605.0;10585.0;10600.0;24.89;8.70;26.49;14.44;13.03;-0.014;NEUTRE;0;-2.6;0;1
2026.04.10 16:00;10603.5;10607.5;10589.5;10605.0;20.95;10.04;27.10;10.71;20.18;0.033;NEUTRE;0;6.6;0;1
2026.04.10 15:00;10621.0;10631.0;10601.5;10603.5;17.10;11.58;21.02;13.92;35.37;0.019;NEUTRE;0;4.1;0;1
2026.04.10 14:00;10637.5;10644.0;10619.5;10622.0;15.28;13.37;14.86;35.91;52.95;0.193;NEUTRE;0;37.6;1;1
2026.04.10 13:00;10656.0;10664.0;10618.5;10637.5;16.81;15.42;17.15;56.28;63.88;0.340;NEUTRE;0;55.6;2;1
2026.04.10 12:00;10652.0;10668.5;10647.0;10656.0;18.58;17.79;10.15;66.67;66.96;0.514;SOFT_UP;1;67.3;3;1
2026.04.10 11:00;10650.5;10663.0;10647.0;10652.0;17.23;16.60;11.71;68.69;68.07;0.476;SOFT_UP;1;67.6;3;1
2026.04.10 10:00;10653.0;10666.5;10638.0;10650.0;17.23;19.15;13.51;65.53;68.56;0.457;SOFT_UP;1;68.6;3;1
2026.04.10 09:00;10623.5;10677.5;10623.5;10653.0;17.23;22.10;15.59;70.00;72.21;0.486;SOFT_UP;1;71.7;3;1
2026.04.10 08:00;10635.0;10647.5;10618.0;10623.5;17.23;16.95;17.99;70.16;72.37;0.208;NEUTRE;0;55.5;2;1
2026.04.10 07:00;10613.5;10642.0;10597.0;10635.0;19.42;16.69;20.76;76.47;66.84;0.316;NEUTRE;0;68.4;3;1
2026.04.10 06:00;10615.5;10619.5;10594.0;10614.0;20.73;11.56;23.96;70.47;57.00;0.118;NEUTRE;0;47.7;2;0
2026.04.10 05:00;10616.0;10621.5;10610.0;10615.5;18.55;13.34;17.99;53.57;45.81;0.132;NEUTRE;0;55.9;2;0
2026.04.10 04:00;10614.0;10620.5;10613.5;10616.0;19.12;15.39;16.07;46.95;39.64;0.137;NEUTRE;0;62.4;2;0
2026.04.10 03:00;10613.5;10620.0;10610.5;10614.0;21.73;16.66;18.55;36.92;37.38;0.118;NEUTRE;0;65.6;3;0
2026.04.10 02:00;10614.5;10616.0;10605.0;10613.5;24.25;12.75;21.40;35.04;42.84;0.113;NEUTRE;0;72.4;3;0
2026.04.10 01:00;10614.5;10623.0;10606.5;10614.5;24.08;14.71;22.59;40.19;53.38;0.123;NEUTRE;0;;;0
2026.04.10 00:00;10601.5;10615.5;10594.0;10615.5;24.54;9.98;26.07;53.29;65.99;0.132;NEUTRE;0;;;0
2026.04.09 19:00;10632.5;10645.0;10610.0;10612.5;21.44;11.51;18.63;66.67;76.80;-0.155;NEUTRE;0;-24.5;0;1
2026.04.09 18:00;10639.5;10639.5;10620.5;10632.5;21.11;13.28;16.88;78.03;80.12;0.033;NEUTRE;0;5.9;0;1
2026.04.09 17:00;10643.0;10654.5;10633.0;10639.5;22.53;15.33;9.36;85.71;77.64;0.099;NEUTRE;0;18;0;1
2026.04.09 16:00;10642.0;10658.0;10633.0;10643.0;22.27;17.69;10.79;76.63;62.97;0.132;NEUTRE;0;24.8;0;1
2026.04.09 15:00;10584.5;10645.0;10568.5;10642.0;21.97;12.41;12.46;70.59;49.65;0.122;NEUTRE;0;24.5;0;1
2026.04.09 14:00;10603.0;10606.0;10573.5;10584.5;25.32;6.47;14.37;41.70;33.07;-0.419;SOFT_DOWN;-1;-59.2;-2;1
2026.04.09 13:00;10597.5;10615.0;10580.0;10603.5;23.39;7.47;13.51;36.65;25.38;-0.240;NEUTRE;0;-45.9;-2;1
2026.04.09 12:00;10604.0;10611.5;10588.0;10597.5;22.56;8.62;12.07;20.85;16.69;-0.296;NEUTRE;0;-54.1;-2;1
2026.04.09 11:00;10590.5;10609.5;10584.5;10604.0;23.47;8.64;13.92;18.63;15.80;-0.235;NEUTRE;0;-50.1;-2;1
2026.04.09 10:00;10601.0;10607.0;10584.0;10591.5;23.47;8.43;16.07;10.60;17.71;-0.353;NEUTRE;0;-63.1;-2;1
2026.04.09 09:00;10588.0;10606.5;10583.0;10601.0;22.28;9.39;18.54;18.18;29.66;-0.263;NEUTRE;0;-58.5;-2;1
2026.04.09 08:00;10621.5;10624.0;10588.0;10588.0;20.67;10.83;18.12;24.36;40.63;-0.386;NEUTRE;0;-69.7;-3;1
2026.04.09 07:00;10656.0;10668.0;10596.5;10621.5;19.98;12.50;17.27;46.44;45.45;-0.071;NEUTRE;0;-29.6;-1;1
2026.04.09 06:00;10650.5;10663.0;10638.0;10656.0;20.59;14.42;11.00;51.08;40.72;0.254;NEUTRE;0;67.1;3;0
2026.04.09 05:00;10646.0;10661.0;10643.5;10650.5;21.68;16.64;9.31;38.85;34.18;0.202;NEUTRE;0;66.1;3;0
2026.04.09 04:00;10650.0;10651.5;10640.5;10646.0;20.67;10.85;10.74;32.25;32.34;0.160;NEUTRE;0;65.9;3;0
2026.04.09 03:00;10645.5;10652.5;10643.0;10650.0;23.77;12.52;8.89;31.45;42.67;0.198;NEUTRE;0;74.8;3;0
2026.04.09 02:00;10650.0;10653.0;10638.0;10645.5;24.83;14.44;10.26;33.33;53.76;0.155;NEUTRE;0;77;3;0
2026.04.09 01:00;10654.0;10660.0;10640.0;10650.0;26.04;16.67;9.79;63.22;66.45;0.198;NEUTRE;0;;;0
2026.04.09 00:00;10629.0;10674.0;10629.0;10653.5;26.05;19.23;11.30;64.73;63.96;0.231;NEUTRE;0;;;0
2026.04.08 19:00;10631.5;10691.0;10630.0;10689.5;26.06;22.19;12.78;71.40;60.81;2.660;SPIKE_UP;4;82.7;3;1
2026.04.08 18:00;10657.5;10666.0;10631.0;10631.5;25.93;19.30;14.75;55.76;50.17;2.103;EXPLOSIVE_UP;3;81.3;3;1
2026.04.08 17:00;10653.5;10663.5;10644.5;10657.5;27.86;22.26;11.08;55.27;45.11;2.353;EXPLOSIVE_UP;3;82.6;3;1
2026.04.08 16:00;10644.0;10657.5;10636.5;10653.5;26.99;20.83;12.78;39.46;45.20;2.315;EXPLOSIVE_UP;3;83;3;1
2026.04.08 15:00;10620.5;10649.5;10597.5;10644.0;27.46;18.18;14.75;40.58;56.94;2.223;EXPLOSIVE_UP;3;83.1;3;1
2026.04.08 14:00;10651.5;10674.5;10606.0;10620.0;30.09;20.97;14.51;55.56;68.75;1.993;EXPLOSIVE_UP;3;82.8;3;1
2026.04.08 13:00;10683.0;10687.5;10620.5;10650.0;31.91;24.20;13.48;74.68;69.36;2.281;EXPLOSIVE_UP;3;84.2;3;1
2026.04.08 12:00;10672.0;10699.5;10643.0;10682.5;32.44;27.92;10.39;76.02;55.85;2.593;EXPLOSIVE_UP;3;85.3;3;1
2026.04.08 11:00;10655.0;10693.5;10646.5;10672.0;30.39;30.58;11.99;57.38;35.86;2.492;EXPLOSIVE_UP;3;85.5;3;1
2026.04.08 10:00;10618.0;10662.5;10604.5;10655.0;28.35;25.14;13.83;34.15;20.35;2.329;EXPLOSIVE_UP;3;85.6;3;1
2026.04.08 09:00;10591.5;10635.0;10586.0;10617.5;28.25;21.71;15.96;16.04;17.33;1.969;EXPLOSIVE_UP;3;85.3;3;1
2026.04.08 08:00;10592.5;10625.0;10579.5;10591.5;30.24;21.91;18.41;10.84;33.12;1.719;EXPLOSIVE_UP;3;85.2;3;1
2026.04.08 07:00;10644.5;10693.0;10585.5;10593.5;33.56;25.28;19.22;25.11;55.36;1.738;EXPLOSIVE_UP;3;85.9;3;1
2026.04.08 06:00;10659.0;10702.0;10635.0;10651.0;36.63;29.17;15.09;63.39;75.43;2.291;EXPLOSIVE_UP;3;87.3;3;0
2026.04.08 05:00;10677.0;10677.0;10646.5;10658.5;37.37;27.92;17.41;77.59;84.20;2.363;EXPLOSIVE_UP;3;87.8;3;0
2026.04.08 04:00;10668.0;10684.5;10668.0;10677.0;39.55;32.22;9.24;85.29;89.52;2.540;EXPLOSIVE_UP;3;88.4;3;0
2026.04.08 03:00;10687.0;10688.5;10665.0;10668.0;37.11;37.17;10.67;89.71;92.23;2.454;EXPLOSIVE_UP;3;88.7;3;0
2026.04.08 02:00;10650.0;10728.0;10650.0;10687.0;34.29;42.89;12.31;93.57;90.93;2.636;SPIKE_UP;4;89.2;3;0
2026.04.08 01:00;10604.5;10652.0;10597.0;10650.0;31.04;34.50;14.20;93.42;83.58;2.281;EXPLOSIVE_UP;3;;;0
2026.04.08 00:00;10412.5;10619.5;10412.5;10604.5;29.41;30.72;16.39;85.81;70.66;1.844;EXPLOSIVE_UP;3;;;0
2026.04.07 19:00;10385.0;10437.5;10369.0;10412.0;29.25;21.95;18.91;71.51;55.18;-0.663;SOFT_DOWN;-1;-62.9;-2;1
2026.04.07 18:00;10392.5;10399.5;10376.0;10385.0;32.60;16.80;21.82;54.66;38.65;-0.921;STRONG_DOWN;-2;-70.7;-3;1
2026.04.07 17:00;10374.0;10405.0;10370.0;10392.5;35.62;19.38;25.17;39.35;24.54;-0.849;STRONG_DOWN;-2;-70.3;-3;1
2026.04.07 16:00;10361.0;10388.5;10359.5;10374.0;39.10;15.11;29.05;21.93;13.47;-1.026;STRONG_DOWN;-2;-74.4;-3;1
2026.04.07 15:00;10365.5;10366.5;10335.0;10360.5;40.26;5.76;33.51;12.34;10.02;-1.154;STRONG_DOWN;-2;-76.9;-3;1
2026.04.07 14:00;10378.5;10406.0;10351.5;10365.5;35.58;6.65;30.61;6.14;12.62;-1.107;STRONG_DOWN;-2;-77.3;-3;1
2026.04.07 13:00;10404.5;10419.5;10373.5;10378.5;31.16;7.67;29.11;11.57;25.80;-0.983;STRONG_DOWN;-2;-76.7;-3;1
2026.04.07 12:00;10432.0;10447.5;10402.5;10404.5;26.98;8.85;23.89;20.14;41.90;-0.735;SOFT_DOWN;-1;-73.7;-3;1
2026.04.07 11:00;10432.0;10448.0;10415.5;10432.0;24.06;10.21;23.12;45.70;56.67;-0.472;SOFT_DOWN;-1;-67.4;-3;1
2026.04.07 10:00;10478.5;10484.0;10424.5;10430.5;21.81;11.78;22.42;59.86;59.40;-0.487;SOFT_DOWN;-1;-69.8;-3;1
2026.04.07 09:00;10471.5;10488.5;10468.0;10477.0;20.38;13.59;14.62;64.44;49.35;-0.043;NEUTRE;0;-15;0;1
2026.04.07 08:00;10427.5;10497.0;10426.5;10471.5;22.95;15.69;16.87;53.91;34.30;-0.095;NEUTRE;0;-33.6;-1;1
2026.04.07 07:00;10464.0;10470.0;10404.0;10427.5;25.92;12.21;19.47;29.70;20.48;-0.515;SOFT_DOWN;-1;-76.3;-3;1
2026.04.07 06:00;10462.5;10472.5;10451.0;10463.5;26.39;14.09;11.50;19.28;15.09;-0.172;NEUTRE;0;-58.1;-2;0
2026.04.07 05:00;10463.5;10469.0;10453.5;10462.5;28.89;13.75;13.27;12.47;13.98;-0.181;NEUTRE;0;-63.7;-2;0
2026.04.07 04:00;10463.0;10468.0;10457.5;10463.5;33.07;15.86;11.35;13.53;20.66;-0.172;NEUTRE;0;-67.4;-3;0
2026.04.07 03:00;10471.5;10472.5;10455.5;10462.5;35.60;18.30;13.09;15.93;30.00;-0.181;NEUTRE;0;-73.5;-3;0
2026.04.07 02:00;10470.5;10481.5;10465.0;10471.5;38.53;21.12;6.51;32.53;45.62;-0.095;NEUTRE;0;-69.4;-3;0
2026.04.07 01:00;10492.5;10506.0;10466.5;10471.0;36.32;24.37;6.11;41.54;60.35;-0.100;NEUTRE;0;;;0
2026.04.07 00:00;10481.5;10525.5;10458.5;10494.0;32.69;28.12;7.05;62.78;73.97;0.119;NEUTRE;0;;;0
2026.04.03 18:00;10463.0;10463.0;10463.0;10463.0;28.51;18.09;8.14;76.72;82.04;0.000;NEUTRE;0;0;0;1
2026.04.03 05:00;10463.0;10463.0;10463.0;10463.0;27.05;20.88;9.39;82.39;85.05;0.000;NEUTRE;0;0;0;0
2026.04.03 00:00;10463.0;10463.0;10463.0;10463.0;25.38;24.09;10.83;87.00;85.20;0.000;NEUTRE;0;;;0
2026.04.02 19:00;10467.0;10472.0;10452.0;10463.5;23.44;27.79;12.50;85.76;82.48;0.379;NEUTRE;0;48.1;2;1
2026.04.02 18:00;10450.0;10469.5;10450.0;10467.0;21.21;30.15;14.42;82.85;81.56;0.413;NEUTRE;0;52.1;2;1
2026.04.02 17:00;10437.0;10461.5;10434.5;10450.0;19.04;28.47;16.64;78.84;83.28;0.249;NEUTRE;0;39.3;1;1
2026.04.02 16:00;10430.5;10448.5;10415.5;10437.0;17.94;25.45;19.20;82.97;84.50;0.125;NEUTRE;0;23.6;0;1
2026.04.02 15:00;10468.5;10470.5;10424.0;10430.5;18.55;29.36;18.19;88.03;76.01;0.062;NEUTRE;0;13;0;1
2026.04.02 14:00;10382.5;10477.0;10378.5;10468.5;17.79;33.88;20.99;82.51;63.92;0.427;SOFT_UP;1;59.6;2;1
2026.04.02 13:00;10322.0;10382.5;10312.5;10382.0;16.91;24.33;24.22;57.49;59.57;-0.403;NEUTRE;0;-60;-2;1
2026.04.02 12:00;10318.5;10334.0;10291.0;10322.0;19.48;17.41;27.95;51.77;69.82;-0.979;STRONG_DOWN;-2;-77.6;-3;1
2026.04.02 11:00;10352.5;10363.5;10316.5;10318.0;18.91;20.09;23.13;69.47;84.24;-1.017;STRONG_DOWN;-2;-79.1;-3;1
2026.04.02 10:00;10364.0;10367.5;10339.0;10353.0;20.74;23.18;19.32;88.22;88.94;-0.681;SOFT_DOWN;-1;-75.3;-3;1
2026.04.02 09:00;10373.0;10376.5;10343.5;10364.0;22.53;26.75;19.86;95.02;71.94;-0.576;SOFT_DOWN;-1;-74.4;-3;1
2026.04.02 08:00;10362.0;10376.0;10339.5;10373.0;23.72;30.63;22.92;83.57;43.01;-0.489;SOFT_DOWN;-1;-73.7;-3;1
2026.04.02 07:00;10289.5;10362.5;10286.5;10362.0;25.15;29.66;26.44;37.21;15.76;-0.595;SOFT_DOWN;-1;-78.1;-3;1
2026.04.02 06:00;10269.0;10293.0;10269.0;10290.0;28.14;20.15;30.51;8.24;4.32;-1.285;STRONG_DOWN;-2;-85.2;-3;0
2026.04.02 05:00;10273.0;10280.0;10264.5;10269.5;29.32;14.92;35.21;1.83;3.09;-1.482;EXPLOSIVE_DOWN;-3;-86.5;-3;0
2026.04.02 04:00;10284.0;10291.0;10268.5;10273.0;27.61;17.21;36.65;2.87;11.04;-1.449;EXPLOSIVE_DOWN;-3;-87.2;-3;0
2026.04.02 03:00;10311.0;10314.5;10284.0;10284.0;26.30;19.86;31.69;4.56;29.10;-1.343;EXPLOSIVE_DOWN;-3;-87.7;-3;0
2026.04.02 02:00;10327.0;10332.0;10301.5;10311.0;26.81;22.91;27.74;25.68;55.89;-1.084;STRONG_DOWN;-2;-88.1;-3;0
2026.04.02 01:00;10442.5;10443.0;10316.5;10327.0;29.47;26.44;24.44;57.07;75.33;-0.931;STRONG_DOWN;-2;;;0
2026.04.02 00:00;10424.0;10447.0;10417.0;10442.5;33.40;30.51;15.98;84.91;83.78;0.177;NEUTRE;0;;;0
2026.04.01 19:00;10382.0;10433.0;10379.5;10433.0;33.74;28.02;18.44;84.02;85.68;1.444;EXPLOSIVE_UP;3;76.8;3;1
2026.04.01 18:00;10405.0;10406.0;10372.5;10381.5;35.76;24.57;21.28;82.40;82.82;0.943;STRONG_UP;2;71.2;3;1
2026.04.01 17:00;10403.0;10418.5;10401.5;10405.0;40.15;28.35;11.23;90.61;72.53;1.172;STRONG_UP;2;75.5;3;1
2026.04.01 16:00;10404.5;10410.5;10386.5;10403.5;39.68;25.47;12.96;75.45;53.00;1.157;STRONG_UP;2;76.1;3;1
2026.04.01 15:00;10350.5;10407.5;10348.0;10404.5;40.78;27.46;14.96;51.53;43.01;1.167;STRONG_UP;2;77.1;3;1
2026.04.01 14:00;10334.5;10366.5;10303.0;10350.0;42.51;21.09;17.26;32.00;50.07;0.637;SOFT_UP;1;68.6;3;1
2026.04.01 13:00;10350.5;10374.0;10323.5;10334.5;47.52;24.33;14.95;45.49;69.10;0.486;SOFT_UP;1;64.4;2;1
2026.04.01 12:00;10389.0;10413.0;10347.0;10350.5;51.15;28.07;10.09;72.71;82.70;0.642;SOFT_UP;1;71.5;3;1
2026.04.01 11:00;10378.5;10399.5;10378.5;10389.5;51.77;32.39;4.30;89.11;81.24;1.021;STRONG_UP;2;79.1;3;1
2026.04.01 10:00;10370.0;10384.0;10348.5;10380.5;47.95;26.02;4.96;86.27;74.71;0.933;STRONG_UP;2;79.2;3;1
2026.04.01 09:00;10358.5;10385.5;10339.0;10370.0;44.87;30.02;5.72;68.35;67.12;0.831;STRONG_UP;2;79;3;1
2026.04.01 08:00;10319.5;10365.5;10312.5;10358.0;41.31;28.03;6.60;69.52;69.90;0.715;SOFT_UP;1;78.7;3;1
2026.04.01 07:00;10350.5;10376.5;10315.5;10319.5;38.14;32.34;6.74;63.50;69.13;0.340;NEUTRE;0;69.8;3;1
2026.04.01 06:00;10292.5;10354.5;10289.0;10348.0;33.94;31.77;7.78;76.69;71.50;0.617;SOFT_UP;1;80.1;3;0
2026.04.01 05:00;10291.0;10301.5;10289.0;10292.5;29.83;24.20;8.98;67.21;71.63;0.078;NEUTRE;0;41.1;1;0
2026.04.01 04:00;10288.0;10296.5;10285.5;10291.0;27.36;21.77;10.36;70.59;77.95;0.063;NEUTRE;0;41.4;1;0
2026.04.01 03:00;10278.0;10295.0;10276.5;10288.0;26.10;23.03;11.95;77.09;85.07;0.034;NEUTRE;0;32.4;1;0
2026.04.01 02:00;10284.5;10292.0;10277.0;10278.0;25.24;24.07;13.79;86.17;87.30;-0.063;NEUTRE;0;-60.4;-2;0
2026.04.01 01:00;10301.0;10304.0;10284.5;10284.5;24.95;27.78;8.22;91.95;80.67;0.000;NEUTRE;0;;;0
2026.04.01 00:00;10284.5;10301.5;10283.0;10301.0;20.43;30.08;9.48;83.78;67.92;0.160;NEUTRE;0;;;0
2026.03.31 19:00;10241.0;10288.0;10235.5;10284.5;15.56;23.48;10.94;66.28;53.66;2.537;EXPLOSIVE_UP;3;82.4;3;1
2026.03.31 18:00;10226.0;10244.5;10213.0;10241.0;12.35;14.34;12.63;53.69;43.29;2.104;EXPLOSIVE_UP;3;81.3;3;1
2026.03.31 17:00;10235.0;10251.5;10195.0;10225.5;13.27;16.55;14.57;41.00;35.92;1.949;EXPLOSIVE_UP;3;81.1;3;1
2026.03.31 16:00;10177.0;10294.5;10169.0;10235.0;14.34;19.10;16.81;35.16;37.46;2.044;EXPLOSIVE_UP;3;82;3;1
2026.03.31 15:00;10196.0;10226.0;10163.5;10177.0;15.56;13.64;19.40;31.60;48.02;1.466;EXPLOSIVE_UP;3;79.6;3;1
2026.03.31 14:00;10216.0;10234.5;10186.5;10196.0;15.27;15.74;16.72;45.60;62.71;1.655;EXPLOSIVE_UP;3;81.4;3;1
2026.03.31 13:00;10220.5;10227.0;10195.5;10216.5;17.16;18.16;16.41;66.87;74.95;1.859;EXPLOSIVE_UP;3;82.9;3;1
2026.03.31 12:00;10234.0;10246.5;10204.5;10219.0;19.02;20.95;14.54;75.65;79.87;1.884;EXPLOSIVE_UP;3;83.5;3;1
2026.03.31 11:00;10204.0;10260.0;10200.0;10234.0;19.16;24.17;16.77;82.33;83.88;2.034;EXPLOSIVE_UP;3;84.5;3;1
2026.03.31 10:00;10206.5;10224.0;10169.0;10204.0;19.33;18.66;19.35;81.65;82.29;1.735;EXPLOSIVE_UP;3;84.1;3;1
2026.03.31 09:00;10203.5;10216.5;10194.5;10206.5;22.03;21.53;15.20;87.66;79.14;1.760;EXPLOSIVE_UP;3;84.8;3;1
2026.03.31 08:00;10225.5;10231.0;10195.0;10203.5;22.76;24.85;17.19;77.56;67.52;1.730;EXPLOSIVE_UP;3;85.3;3;1
2026.03.31 07:00;10108.5;10226.0;10108.5;10225.5;23.46;26.53;19.83;72.20;63.33;1.949;EXPLOSIVE_UP;3;86.3;3;1
2026.03.31 06:00;10131.0;10131.5;10087.5;10106.5;24.84;18.45;22.88;52.80;63.03;0.763;STRONG_UP;2;82;3;0
2026.03.31 05:00;10107.0;10143.5;10091.0;10131.0;27.01;21.28;25.18;64.98;72.95;1.007;STRONG_UP;2;84.9;3;0
2026.03.31 04:00;10120.5;10124.0;10107.0;10107.5;29.88;18.84;29.05;71.32;77.25;0.773;STRONG_UP;2;84.7;3;0
2026.03.31 03:00;10137.5;10150.5;10120.0;10121.0;31.20;21.74;21.75;82.56;73.45;0.907;STRONG_UP;2;86.6;3;0
2026.03.31 02:00;10151.0;10157.5;10137.5;10137.5;36.00;25.09;16.27;77.86;56.76;1.072;STRONG_UP;2;88.1;3;0
2026.03.31 01:00;10107.5;10159.0;10081.5;10151.0;38.26;28.95;18.78;59.92;37.76;1.206;STRONG_UP;2;;;0
2026.03.31 00:00;10030.0;10120.5;10030.0;10107.5;40.86;25.76;21.67;32.49;29.40;0.773;STRONG_UP;2;;;0
2026.03.30 19:00;10084.5;10087.5;10056.0;10082.5;45.82;24.11;25.00;20.86;40.55;2.262;EXPLOSIVE_UP;3;81.5;3;1
2026.03.30 18:00;10106.0;10110.0;10080.0;10084.5;52.59;27.82;17.13;34.86;62.37;2.282;EXPLOSIVE_UP;3;82;3;1
2026.03.30 17:00;10127.0;10136.5;10093.5;10106.0;57.02;32.10;12.84;65.93;82.11;2.500;EXPLOSIVE_UP;3;83.1;3;1
2026.03.30 16:00;10162.0;10165.0;10124.5;10127.0;59.20;37.04;3.72;86.33;90.27;2.713;SPIKE_UP;4;84;3;1
2026.03.30 15:00;10134.0;10167.5;10118.5;10162.0;55.73;42.74;4.29;94.07;88.16;3.068;SPIKE_UP;4;85;3;1
2026.03.30 14:00;10090.0;10134.0;10089.0;10134.0;51.73;38.80;4.95;90.42;83.98;2.784;SPIKE_UP;4;84.9;3;1
2026.03.30 13:00;10088.0;10102.5;10076.5;10089.5;47.79;34.00;5.72;80.00;79.41;2.333;EXPLOSIVE_UP;3;84.3;3;1
2026.03.30 12:00;10069.5;10093.0;10062.0;10088.0;44.19;33.61;6.59;81.52;80.87;2.318;EXPLOSIVE_UP;3;84.7;3;1
2026.03.30 11:00;10049.0;10102.5;10048.5;10068.5;40.65;38.78;7.61;76.71;82.82;2.120;EXPLOSIVE_UP;3;84.7;3;1
2026.03.30 10:00;10026.5;10051.5;10022.0;10049.0;36.56;30.21;8.78;84.38;88.43;1.922;EXPLOSIVE_UP;3;84.7;3;1
2026.03.30 09:00;10062.5;10065.5;10021.5;10026.5;33.73;34.86;10.13;87.39;89.03;1.694;EXPLOSIVE_UP;3;84.6;3;1
2026.03.30 08:00;10018.5;10066.0;10008.5;10062.5;30.46;40.22;11.69;93.52;87.33;2.059;EXPLOSIVE_UP;3;86;3;1
2026.03.30 07:00;9970.0;10019.5;9970.0;10019.0;26.69;33.97;13.49;86.17;84.30;1.618;EXPLOSIVE_UP;3;85.6;3;1
2026.03.30 06:00;9941.0;9989.5;9938.0;9974.0;24.16;29.87;15.56;82.30;83.38;1.161;STRONG_UP;2;84.7;3;0
2026.03.30 05:00;9944.5;9959.5;9940.0;9941.0;23.03;25.51;17.96;84.43;79.31;0.827;STRONG_UP;2;83.8;3;0
2026.03.30 04:00;9941.5;9956.0;9939.5;9944.5;23.90;26.67;20.72;83.42;65.73;0.862;STRONG_UP;2;85.3;3;0
2026.03.30 03:00;9931.5;9947.0;9930.5;9941.5;25.65;22.38;23.91;70.07;45.91;0.832;STRONG_UP;2;86.3;3;0
2026.03.30 02:00;9915.5;9937.0;9905.5;9931.5;29.09;16.50;27.59;43.71;27.62;0.730;SOFT_UP;1;87.2;3;0
2026.03.30 01:00;9885.0;9919.5;9883.0;9915.0;29.70;10.49;31.83;23.95;17.78;0.563;SOFT_UP;1;;;0
2026.03.30 00:00;9859.5;9920.5;9859.5;9885.0;26.51;12.11;36.73;15.20;21.26;0.259;NEUTRE;0;;;0
2026.03.27 20:00;9947.5;9953.0;9913.0;9914.5;22.83;13.97;28.88;14.19;34.69;-0.487;SOFT_DOWN;-1;-53.7;-2;0
2026.03.27 19:00;9953.5;9956.0;9927.0;9947.5;20.99;16.12;27.94;34.40;54.23;-0.156;NEUTRE;0;-24.7;0;1
2026.03.27 18:00;9966.5;9968.5;9944.0;9953.5;20.09;18.60;23.22;55.48;70.88;-0.095;NEUTRE;0;-16.4;0;1
2026.03.27 17:00;9991.5;10004.0;9967.0;9967.0;21.48;21.46;12.35;72.81;79.27;0.040;NEUTRE;0;7.5;0;1
2026.03.27 16:00;9978.5;9994.5;9960.0;9991.5;20.64;20.81;14.25;84.35;75.91;0.286;NEUTRE;0;45;2;1
2026.03.27 15:00;9971.5;10003.5;9963.0;9978.0;20.94;24.02;15.11;80.65;62.45;0.151;NEUTRE;0;29.4;1;1
2026.03.27 14:00;9949.5;9977.5;9943.0;9971.5;20.66;17.83;17.43;62.74;44.13;0.085;NEUTRE;0;18.8;0;1
2026.03.27 13:00;9952.0;9971.5;9922.5;9949.5;23.66;17.90;20.12;43.97;28.39;-0.136;NEUTRE;0;-30.3;-1;1
2026.03.27 12:00;9940.5;9962.0;9925.5;9952.0;26.41;17.67;23.21;25.67;15.22;-0.110;NEUTRE;0;-27.1;-1;1
2026.03.27 11:00;9913.0;9949.0;9892.0;9940.5;28.39;14.91;26.78;15.52;12.24;-0.226;NEUTRE;0;-49;-2;1
2026.03.27 10:00;9927.5;9953.0;9910.5;9912.0;28.38;17.21;25.91;4.48;15.10;-0.512;SOFT_DOWN;-1;-70.8;-3;1
2026.03.27 09:00;9944.0;9957.0;9914.5;9927.5;29.64;19.86;28.45;16.73;34.27;-0.356;NEUTRE;0;-65.7;-3;1
2026.03.27 08:00;10020.0;10041.0;9940.5;9942.0;31.46;22.91;23.41;24.09;53.56;-0.211;NEUTRE;0;-55.9;-2;1
2026.03.27 07:00;10002.5;10023.0;10000.0;10021.5;36.13;26.43;17.90;61.99;75.91;0.587;SOFT_UP;1;78;3;1
2026.03.27 06:00;10023.0;10026.5;10001.0;10002.5;38.73;30.50;19.99;74.61;84.17;0.396;NEUTRE;0;74.8;3;0
2026.03.27 05:00;10022.0;10040.5;10022.0;10023.0;41.49;35.19;10.39;91.13;83.60;0.602;SOFT_UP;1;81.6;3;0
2026.03.27 04:00;10017.0;10023.5;10012.0;10022.0;39.50;26.47;11.99;86.78;69.79;0.592;SOFT_UP;1;83.1;3;0
2026.03.27 03:00;9993.5;10019.5;9989.5;10017.0;39.79;25.19;13.84;72.90;51.30;0.542;SOFT_UP;1;84.3;3;0
2026.03.27 02:00;9986.5;10001.0;9986.5;9993.5;41.44;19.58;15.97;49.68;35.82;0.306;NEUTRE;0;83.3;3;0
2026.03.27 01:00;9963.0;9989.0;9949.5;9986.5;46.25;9.86;18.42;31.32;25.14;0.236;NEUTRE;0;;;0
2026.03.26 20:00;9947.0;10020.0;9944.0;9963.0;48.70;11.38;21.26;26.47;21.00;-1.391;EXPLOSIVE_DOWN;-3;-75.6;-3;0
2026.03.26 19:00;9986.0;9986.5;9942.5;9948.0;51.54;6.35;24.53;17.62;16.46;-1.539;EXPLOSIVE_DOWN;-3;-77.6;-3;1
2026.03.26 18:00;9951.0;9987.5;9951.0;9986.0;50.41;7.33;25.33;18.92;21.08;-1.163;STRONG_DOWN;-2;-74.5;-3;1
2026.03.26 17:00;9976.0;9987.5;9949.0;9951.0;49.68;8.45;29.23;12.84;32.14;-1.509;EXPLOSIVE_DOWN;-3;-78.6;-3;1
2026.03.26 16:00;9985.5;10003.5;9966.0;9976.0;48.84;9.75;26.93;31.47;45.02;-1.262;STRONG_DOWN;-2;-77.2;-3;1
2026.03.26 15:00;10008.0;10011.0;9979.0;9985.5;49.15;11.25;25.74;52.10;45.04;-1.168;STRONG_DOWN;-2;-77.1;-3;1
2026.03.26 14:00;10024.0;10041.0;9995.0;10008.0;50.69;12.98;22.01;51.50;34.42;-0.945;STRONG_DOWN;-2;-75.2;-3;1
2026.03.26 13:00;9996.5;10026.5;9979.5;10024.0;54.52;10.13;25.39;31.53;22.75;-0.787;STRONG_DOWN;-2;-73.5;-3;1
2026.03.26 12:00;9978.5;10001.5;9966.5;9996.5;56.30;3.51;29.30;20.24;20.86;-1.059;STRONG_DOWN;-2;-78.5;-3;1
2026.03.26 11:00;10016.5;10019.0;9977.0;9977.0;52.87;4.05;29.19;16.47;21.11;-1.252;STRONG_DOWN;-2;-81.1;-3;1
2026.03.26 10:00;10002.5;10033.0;9990.5;10014.0;49.36;4.67;28.74;25.89;26.20;-0.886;STRONG_DOWN;-2;-78.6;-3;1
2026.03.26 09:00;10038.0;10044.0;9984.0;10002.5;45.87;5.39;33.16;20.97;24.53;-1.000;STRONG_DOWN;-2;-80.9;-3;1
2026.03.26 08:00;10059.5;10065.0;10021.0;10038.0;41.85;6.22;28.78;31.72;25.07;-0.648;SOFT_DOWN;-1;-77.6;-3;1
2026.03.26 07:00;10076.5;10078.5;10052.0;10057.5;38.37;7.17;22.36;20.91;19.83;-0.455;SOFT_DOWN;-1;-74.6;-3;1
2026.03.26 06:00;10057.0;10080.5;10053.0;10076.5;36.36;8.28;25.22;22.59;18.46;-0.267;NEUTRE;0;-68.1;-3;0
2026.03.26 05:00;10073.0;10078.0;10056.0;10057.0;34.17;9.55;27.43;16.00;15.27;-0.460;SOFT_DOWN;-1;-79;-3;0
2026.03.26 04:00;10075.5;10081.0;10071.5;10073.0;31.99;11.02;20.81;16.79;18.03;-0.302;NEUTRE;0;-76.7;-3;0
2026.03.26 03:00;10064.0;10091.0;10063.0;10076.0;32.18;12.72;24.01;13.02;30.83;-0.272;NEUTRE;0;-78.8;-3;0
2026.03.26 02:00;10094.5;10099.0;10060.0;10064.0;32.40;14.67;27.70;24.29;50.11;-0.391;NEUTRE;0;-84.8;-3;0
2026.03.26 01:00;10103.5;10114.5;10091.0;10094.5;32.66;16.93;19.73;55.19;67.57;-0.089;NEUTRE;0;;;0
2026.03.25 20:00;10117.0;10121.5;10107.0;10109.5;36.50;19.53;12.30;70.87;75.49;1.004;STRONG_UP;2;70.4;3;0
2026.03.25 19:00;10112.5;10127.5;10104.5;10117.0;38.62;22.54;14.19;76.67;75.75;1.079;STRONG_UP;2;72.5;3;1
2026.03.25 18:00;10116.5;10122.5;10098.5;10112.5;41.07;22.66;16.37;78.93;72.63;1.034;STRONG_UP;2;72.7;3;1
2026.03.25 17:00;10116.0;10136.5;10113.5;10117.0;44.90;26.15;9.27;71.66;64.27;1.079;STRONG_UP;2;74.3;3;1
2026.03.25 16:00;10086.0;10127.5;10074.5;10116.0;44.48;24.15;10.70;67.32;60.56;1.069;STRONG_UP;2;75;3;1
2026.03.25 15:00;10102.5;10104.0;10046.5;10086.0;45.39;21.05;12.35;53.83;62.60;0.769;STRONG_UP;2;70.8;3;1
2026.03.25 14:00;10081.5;10121.5;10071.5;10102.0;48.36;24.28;7.56;60.55;73.37;0.929;STRONG_UP;2;74.9;3;1
2026.03.25 13:00;10093.5;10111.5;10072.0;10081.5;47.72;24.94;8.72;73.42;82.52;0.724;SOFT_UP;1;72.2;3;1
2026.03.25 12:00;10115.0;10126.0;10055.5;10093.5;47.65;28.78;10.06;86.13;84.80;0.844;STRONG_UP;2;75.7;3;1
2026.03.25 11:00;10087.0;10119.0;10083.5;10116.0;47.56;33.21;5.50;88.00;82.16;1.069;STRONG_UP;2;79.6;3;1
2026.03.25 10:00;10062.0;10094.0;10060.0;10087.0;43.87;27.48;6.34;80.28;78.25;0.779;STRONG_UP;2;77.1;3;1
2026.03.25 09:00;10066.5;10083.0;10041.0;10060.5;41.00;26.73;7.32;78.22;72.71;0.515;SOFT_UP;1;72.7;3;1
2026.03.25 08:00;10043.0;10085.0;10025.5;10066.5;38.54;30.84;8.45;76.27;68.67;0.574;SOFT_UP;1;76;3;1
2026.03.25 07:00;10026.0;10042.5;10003.5;10041.5;35.70;24.60;9.75;63.64;66.06;0.325;NEUTRE;0;68.9;3;1
2026.03.25 06:00;10029.5;10030.5;10012.0;10026.0;34.54;23.65;11.25;66.09;68.17;0.170;NEUTRE;0;57.8;2;0
2026.03.25 05:00;10032.5;10037.0;10016.5;10029.5;34.38;27.29;9.23;68.44;70.99;0.205;NEUTRE;0;66.4;3;0
2026.03.25 04:00;10019.0;10035.0;10018.0;10032.5;32.07;29.99;10.65;69.97;74.00;0.235;NEUTRE;0;73.1;3;0
2026.03.25 03:00;10014.0;10021.5;10006.5;10018.5;29.68;22.38;12.29;74.56;74.75;0.095;NEUTRE;0;60.6;2;0
2026.03.25 02:00;10044.0;10044.0;10012.0;10014.0;29.77;25.83;8.54;77.49;71.49;0.050;NEUTRE;0;54.4;2;0
2026.03.25 01:00;10009.0;10056.5;10009.0;10044.0;26.62;29.80;9.86;72.22;67.64;0.350;NEUTRE;0;;;0
2026.03.24 20:00;9943.0;10035.5;9940.5;10009.0;22.97;27.58;11.37;64.76;70.41;0.563;SOFT_UP;1;57.6;2;0
2026.03.24 19:00;9960.5;9992.0;9941.0;9943.5;20.11;24.78;13.12;65.93;74.54;-0.095;NEUTRE;0;-15.6;0;1
2026.03.24 18:00;9949.5;9981.5;9942.5;9961.0;18.47;25.43;15.14;80.53;79.53;0.080;NEUTRE;0;14;0;1
2026.03.24 17:00;9962.0;9965.0;9923.0;9949.5;17.41;22.83;17.47;77.16;76.76;-0.035;NEUTRE;0;-6.6;0;1
2026.03.24 16:00;9937.0;9976.5;9930.0;9962.0;18.04;26.35;17.60;80.91;70.78;0.090;NEUTRE;0;17.5;0;1
2026.03.24 15:00;9948.5;9980.5;9937.0;9937.5;17.75;30.40;17.99;72.20;62.56;-0.156;NEUTRE;0;-30.2;-1;1
2026.03.24 14:00;9892.5;9960.5;9892.0;9948.5;16.54;28.00;20.75;59.23;58.72;-0.045;NEUTRE;0;-10.2;0;1
2026.03.24 13:00;9866.5;9894.0;9845.5;9892.5;16.79;17.37;23.95;56.26;63.19;-0.608;SOFT_DOWN;-1;-69.1;-3;1
2026.03.24 12:00;9926.5;9932.5;9863.5;9868.0;16.93;20.05;21.92;60.68;64.46;-0.854;STRONG_DOWN;-2;-75.9;-3;1
2026.03.24 11:00;9913.0;9933.0;9887.5;9926.5;18.85;23.13;19.94;72.63;64.89;-0.266;NEUTRE;0;-53.5;-2;1
2026.03.24 10:00;9904.0;9924.0;9883.0;9911.5;20.61;23.65;23.01;60.06;63.87;-0.417;SOFT_DOWN;-1;-66.8;-3;1
2026.03.24 09:00;9884.5;9910.5;9839.5;9903.0;23.57;22.22;26.55;61.99;63.42;-0.502;SOFT_DOWN;-1;-72.2;-3;1
2026.03.24 08:00;9907.5;9942.5;9882.0;9884.0;25.83;25.64;21.43;69.57;56.00;-0.693;SOFT_DOWN;-1;-78.3;-3;1
2026.03.24 07:00;9898.5;9929.5;9896.5;9907.0;28.42;29.58;21.03;58.71;40.99;-0.462;SOFT_DOWN;-1;-74.8;-3;1
2026.03.24 06:00;9860.0;9901.5;9855.5;9898.5;30.20;21.08;24.27;39.71;27.91;-0.548;SOFT_DOWN;-1;-78.9;-3;0
2026.03.24 05:00;9862.5;9865.5;9832.5;9860.0;33.76;12.28;28.00;24.55;19.48;-0.934;STRONG_DOWN;-2;-84.5;-3;0
2026.03.24 04:00;9869.0;9876.0;9858.0;9862.5;32.95;14.17;20.43;19.47;18.51;-0.909;STRONG_DOWN;-2;-85.5;-3;0
2026.03.24 03:00;9848.5;9869.0;9839.5;9869.0;35.24;10.37;23.57;14.42;22.65;-0.844;STRONG_DOWN;-2;-86.4;-3;0
2026.03.24 02:00;9847.0;9866.0;9833.5;9848.5;34.68;10.40;27.19;21.64;34.31;-1.050;STRONG_DOWN;-2;-88;-3;0
2026.03.24 01:00;9953.0;9953.0;9832.0;9846.5;33.14;12.00;31.38;31.88;42.61;-1.070;STRONG_DOWN;-2;;;0
2026.03.23 20:00;9947.5;9955.5;9937.5;9953.0;31.37;13.85;22.79;49.40;46.31;1.644;EXPLOSIVE_UP;3;77.7;3;0
2026.03.23 19:00;9976.0;9976.5;9945.5;9949.0;32.44;15.98;19.46;46.54;47.36;1.603;EXPLOSIVE_UP;3;78;3;1
2026.03.23 18:00;9965.0;9995.5;9936.5;9976.0;35.92;18.44;22.45;42.97;55.54;1.879;EXPLOSIVE_UP;3;80.3;3;1
2026.03.23 17:00;9922.0;9986.0;9908.0;9965.0;39.93;18.79;25.91;52.55;69.74;1.767;EXPLOSIVE_UP;3;80.2;3;1
2026.03.23 16:00;9929.5;9943.5;9890.5;9922.0;43.63;13.30;29.89;71.10;84.00;1.328;EXPLOSIVE_UP;3;77.8;3;1
2026.03.23 15:00;10017.5;10047.0;9928.0;9929.0;44.44;15.35;23.61;85.56;89.14;1.399;EXPLOSIVE_UP;3;79.2;3;1
2026.03.23 14:00;9980.5;10029.0;9965.5;10017.5;48.01;17.71;22.39;95.34;83.99;2.303;EXPLOSIVE_UP;3;83.8;3;1
2026.03.23 13:00;9983.5;9995.5;9930.0;9980.5;53.60;12.32;25.83;86.51;66.41;1.925;EXPLOSIVE_UP;3;83.1;3;1
2026.03.23 12:00;9902.0;9993.0;9872.5;9983.5;56.40;13.63;29.81;70.13;40.36;1.956;EXPLOSIVE_UP;3;83.7;3;1
2026.03.23 11:00;9693.0;9999.5;9693.0;9904.0;59.35;15.73;34.39;42.57;20.47;1.144;STRONG_UP;2;80.2;3;1
2026.03.23 10:00;9716.0;9730.5;9677.0;9693.0;62.75;4.64;39.69;8.38;10.65;-1.011;STRONG_DOWN;-2;-80;-3;1
2026.03.23 09:00;9756.0;9777.0;9712.5;9716.0;60.24;5.36;35.58;10.45;14.98;-0.776;STRONG_DOWN;-2;-78.3;-3;1
2026.03.23 08:00;9779.5;9801.5;9747.0;9756.0;58.15;6.18;32.83;13.13;20.88;-0.368;NEUTRE;0;-68.8;-3;1
2026.03.23 07:00;9784.5;9803.5;9764.5;9780.0;56.59;7.13;32.94;21.35;27.34;-0.123;NEUTRE;0;-44.5;-1;1
2026.03.23 06:00;9808.0;9815.5;9781.5;9787.0;55.39;8.23;31.30;28.17;31.60;-0.051;NEUTRE;0;-25.4;-1;0
2026.03.23 05:00;9816.5;9830.5;9795.5;9808.0;54.93;9.50;29.78;32.49;34.98;0.163;NEUTRE;0;61.3;2;0
2026.03.23 04:00;9798.5;9816.5;9796.5;9816.5;55.43;4.80;34.36;34.14;36.47;0.250;NEUTRE;0;74;3;0
2026.03.23 03:00;9824.0;9831.0;9794.0;9798.5;52.35;5.54;39.65;38.30;37.11;0.066;NEUTRE;0;50.9;2;0
2026.03.23 02:00;9848.5;9860.0;9821.0;9824.0;48.79;6.39;34.52;36.97;30.81;0.327;NEUTRE;0;83.8;3;0
2026.03.23 01:00;9792.0;9864.5;9780.0;9848.5;45.72;7.38;39.83;36.06;23.09;0.577;SOFT_UP;1;;;0
2026.03.20 20:00;9856.0;9865.5;9838.0;9843.0;42.18;8.51;35.40;19.41;13.64;-2.274;EXPLOSIVE_DOWN;-3;-81.1;-3;0
2026.03.20 19:00;9843.0;9863.0;9801.5;9857.0;39.25;8.42;40.84;13.80;10.80;-2.135;EXPLOSIVE_DOWN;-3;-81;-3;1
2026.03.20 18:00;9894.5;9899.0;9835.5;9843.0;35.17;9.72;38.62;7.70;9.51;-2.274;EXPLOSIVE_DOWN;-3;-81.9;-3;1
2026.03.20 17:00;9907.0;9917.5;9873.0;9894.5;31.38;11.22;35.48;10.89;12.49;-1.762;EXPLOSIVE_DOWN;-3;-80.2;-3;1
2026.03.20 16:00;9948.0;9961.5;9883.5;9906.5;28.21;12.94;37.31;9.94;20.82;-1.643;EXPLOSIVE_DOWN;-3;-80.1;-3;1
2026.03.20 15:00;9947.0;9963.0;9922.5;9948.0;25.10;14.93;35.36;16.65;37.62;-1.231;STRONG_DOWN;-2;-77.7;-3;1
2026.03.20 14:00;10051.5;10052.5;9938.0;9947.0;22.71;17.23;34.91;35.87;51.38;-1.241;STRONG_DOWN;-2;-78.6;-3;1
2026.03.20 13:00;10104.0;10107.0;10051.0;10052.5;20.99;19.88;25.09;60.35;53.17;-0.194;NEUTRE;0;-39.9;-1;1
2026.03.20 12:00;10093.0;10107.5;10077.5;10104.0;22.43;22.94;21.67;57.91;46.68;0.318;NEUTRE;0;56;2;1
2026.03.20 11:00;10049.5;10101.0;10049.0;10093.5;25.45;23.14;25.01;41.26;47.17;0.213;NEUTRE;0;47.3;2;1
2026.03.20 10:00;10064.5;10069.0;10008.5;10049.5;28.76;17.23;28.86;40.87;57.69;-0.223;NEUTRE;0;-51.3;-2;1
2026.03.20 09:00;10117.0;10125.5;10052.5;10065.0;29.31;19.88;22.11;59.36;63.51;-0.069;NEUTRE;0;-23.2;0;1
2026.03.20 08:00;10109.0;10136.0;10100.0;10117.0;33.00;22.94;15.50;72.83;52.09;0.447;SOFT_UP;1;72.3;3;1
2026.03.20 07:00;10063.5;10114.5;10050.5;10109.0;35.10;17.28;17.88;58.33;41.46;0.367;NEUTRE;0;71.2;3;1
2026.03.20 06:00;10075.0;10084.5;10061.5;10063.0;40.23;12.72;20.63;25.10;40.47;-0.089;NEUTRE;0;-39.7;-1;0
2026.03.20 05:00;10065.5;10077.5;10058.0;10075.0;42.77;10.00;23.81;40.95;55.52;0.030;NEUTRE;0;18.6;0;0
2026.03.20 04:00;10075.5;10080.0;10063.0;10065.5;43.07;11.54;23.52;55.37;66.97;-0.065;NEUTRE;0;-42.3;-1;0
2026.03.20 03:00;10076.5;10081.0;10069.5;10075.5;44.44;13.31;21.26;70.24;72.14;0.035;NEUTRE;0;33.1;1;0
2026.03.20 02:00;10082.0;10087.0;10075.5;10076.5;47.74;15.36;16.50;75.32;67.65;0.045;NEUTRE;0;51.5;2;0
2026.03.20 01:00;10072.0;10103.0;10068.0;10082.0;54.53;17.72;19.04;70.87;55.41;0.099;NEUTRE;0;;;0
2026.03.19 20:00;10062.0;10085.5;10057.5;10079.0;62.36;12.76;21.97;56.75;44.36;-1.394;EXPLOSIVE_DOWN;-3;-75.6;-3;0
2026.03.19 19:00;10036.5;10099.0;10036.0;10061.5;67.87;14.72;25.35;38.61;40.95;-1.565;EXPLOSIVE_DOWN;-3;-77.8;-3;1
2026.03.19 18:00;10024.5;10040.0;10010.5;10036.0;74.23;2.58;29.25;37.72;43.21;-1.815;EXPLOSIVE_DOWN;-3;-79.9;-3;1
2026.03.19 17:00;10053.5;10055.0;10016.0;10024.5;72.76;2.97;30.89;46.52;45.43;-1.927;EXPLOSIVE_DOWN;-3;-81;-3;1
2026.03.19 16:00;10069.0;10089.0;10036.0;10053.0;71.27;3.43;27.75;45.40;38.95;-1.648;EXPLOSIVE_DOWN;-3;-80.2;-3;1
2026.03.19 15:00;10050.5;10087.0;10039.0;10070.0;70.23;3.96;31.15;44.35;30.73;-1.482;EXPLOSIVE_DOWN;-3;-79.7;-3;1
2026.03.19 14:00;10079.5;10085.0;10044.5;10050.5;69.12;4.57;34.18;27.10;18.20;-1.673;EXPLOSIVE_DOWN;-3;-81.5;-3;1
2026.03.19 13:00;10028.5;10079.0;10003.5;10078.5;67.99;2.99;39.44;20.74;15.20;-1.399;EXPLOSIVE_DOWN;-3;-80.6;-3;1
2026.03.19 12:00;10094.0;10094.0;10018.0;10028.5;65.24;3.45;42.55;6.76;14.21;-1.888;EXPLOSIVE_DOWN;-3;-83.5;-3;1
2026.03.19 11:00;10112.0;10122.0;10081.0;10094.0;62.19;3.98;36.34;18.12;19.23;-1.247;STRONG_DOWN;-2;-81;-3;1
2026.03.19 10:00;10153.5;10153.5;10106.5;10112.0;59.41;4.59;32.36;17.76;17.21;-1.071;STRONG_DOWN;-2;-80.5;-3;1
2026.03.19 09:00;10134.0;10160.0;10107.5;10153.5;56.99;5.30;37.01;21.82;15.56;-0.665;SOFT_DOWN;-1;-76.4;-3;1
2026.03.19 08:00;10186.0;10200.5;10126.0;10134.0;54.23;6.11;37.29;12.06;12.18;-0.856;STRONG_DOWN;-2;-80.5;-3;1
2026.03.19 07:00;10202.0;10217.0;10173.0;10186.0;51.52;7.05;33.32;12.80;14.16;-0.347;NEUTRE;0;-70.2;-3;1
2026.03.19 06:00;10194.5;10215.5;10194.5;10202.0;49.44;8.14;30.93;11.68;20.28;-0.191;NEUTRE;0;-60.7;-2;0
2026.03.19 05:00;10209.0;10213.0;10190.5;10195.0;48.07;7.56;35.68;17.98;27.47;-0.259;NEUTRE;0;-71;-3;0
2026.03.19 04:00;10240.5;10241.0;10201.0;10209.0;45.45;8.72;33.99;31.18;28.85;-0.122;NEUTRE;0;-59.6;-2;0
2026.03.19 03:00;10250.0;10255.5;10240.5;10241.0;43.34;10.06;24.03;33.25;23.27;0.191;NEUTRE;0;74.3;3;0
2026.03.19 02:00;10241.0;10262.5;10230.0;10250.0;43.71;11.61;27.73;22.11;14.60;0.279;NEUTRE;0;82.7;3;0
2026.03.19 01:00;10221.5;10250.5;10221.5;10241.0;44.13;7.72;32.00;14.44;10.44;0.191;NEUTRE;0;;;0
2026.03.18 20:00;10248.0;10248.0;10220.5;10227.0;41.51;7.58;36.92;7.25;9.65;-1.469;EXPLOSIVE_DOWN;-3;-76.3;-3;0
2026.03.18 19:00;10261.0;10270.5;10236.0;10248.0;37.75;8.74;33.93;9.61;11.15;-1.267;STRONG_DOWN;-2;-75;-3;1
2026.03.18 18:00;10290.5;10295.0;10260.5;10261.0;34.48;10.09;28.22;12.08;11.74;-1.142;STRONG_DOWN;-2;-74.3;-3;1
2026.03.18 17:00;10306.0;10308.0;10285.5;10290.5;32.50;11.64;21.41;11.76;10.51;-0.857;STRONG_DOWN;-2;-70.5;-3;1
2026.03.18 16:00;10290.5;10314.0;10279.5;10306.0;32.95;13.43;24.71;11.39;9.21;-0.708;SOFT_DOWN;-1;-68;-3;1
2026.03.18 15:00;10300.5;10325.0;10284.0;10290.5;33.46;15.49;26.50;8.38;10.60;-0.857;STRONG_DOWN;-2;-72.6;-3;1
2026.03.18 14:00;10325.0;10340.0;10280.0;10300.5;34.58;17.88;30.58;7.87;19.20;-0.761;STRONG_DOWN;-2;-71.8;-3;1
2026.03.18 13:00;10353.0;10355.5;10315.5;10325.0;35.87;20.63;26.18;15.54;41.99;-0.525;SOFT_DOWN;-1;-66.1;-3;1
2026.03.18 12:00;10437.0;10438.5;10350.5;10353.0;39.56;23.80;16.75;34.19;63.38;-0.255;NEUTRE;0;-49.9;-2;1
2026.03.18 11:00;10434.0;10453.0;10423.0;10436.5;42.97;27.46;6.65;76.24;78.41;0.549;SOFT_UP;1;70.3;3;1
2026.03.18 10:00;10440.5;10444.0;10427.5;10434.5;40.19;27.07;7.68;79.70;79.99;0.530;SOFT_UP;1;71.4;3;1
2026.03.18 09:00;10428.5;10446.0;10422.5;10440.5;37.79;31.24;8.86;79.28;82.83;0.588;SOFT_UP;1;74.7;3;1
2026.03.18 08:00;10415.5;10438.5;10406.5;10428.5;35.02;31.14;10.22;80.99;86.97;0.472;SOFT_UP;1;73.1;3;1
2026.03.18 07:00;10425.0;10427.5;10403.5;10417.0;32.62;30.64;11.79;88.21;90.17;0.361;NEUTRE;0;70.9;3;1
2026.03.18 06:00;10413.5;10427.5;10410.0;10425.0;30.81;35.35;9.44;91.70;89.96;0.438;SOFT_UP;1;76.2;3;0
2026.03.18 05:00;10398.5;10414.0;10397.0;10413.5;26.65;28.92;10.89;90.61;82.96;0.328;NEUTRE;0;74.8;3;0
2026.03.18 04:00;10401.0;10404.5;10397.0;10398.0;23.78;24.77;12.57;87.56;65.24;0.178;NEUTRE;0;68.1;3;0
2026.03.18 03:00;10394.0;10404.5;10392.5;10401.5;22.41;28.58;14.50;70.70;41.71;0.212;NEUTRE;0;75.8;3;0
2026.03.18 02:00;10384.5;10395.0;10383.0;10394.0;20.82;20.80;16.73;37.45;21.41;0.140;NEUTRE;0;75.7;3;0
2026.03.18 01:00;10379.5;10393.0;10379.0;10384.5;22.36;21.44;19.31;16.97;12.38;0.048;NEUTRE;0;;;0
2026.03.17 20:00;10375.5;10381.0;10369.5;10372.5;24.99;15.73;22.28;9.81;10.45;0.402;NEUTRE;0;48.4;2;0
2026.03.17 19:00;10382.0;10383.0;10368.0;10375.0;26.19;18.15;25.70;10.34;18.51;0.426;SOFT_UP;1;51.4;2;1
2026.03.17 18:00;10391.5;10397.0;10375.0;10382.0;27.57;20.94;22.48;11.18;36.13;0.494;SOFT_UP;1;56.9;2;1
2026.03.17 17:00;10397.0;10410.0;10386.0;10391.5;31.27;24.17;18.24;34.02;61.50;0.586;SOFT_UP;1;62.6;2;1
2026.03.17 16:00;10420.5;10422.5;10395.0;10397.0;33.93;27.89;15.28;63.19;81.19;0.639;SOFT_UP;1;65.9;3;1
2026.03.17 15:00;10433.5;10436.5;10399.5;10420.5;34.66;32.18;15.11;87.30;91.15;0.866;STRONG_UP;2;72.8;3;1
2026.03.17 14:00;10423.5;10440.5;10419.0;10433.5;34.44;37.13;9.33;93.10;91.65;0.992;STRONG_UP;2;75.8;3;1
2026.03.17 13:00;10400.0;10424.5;10395.5;10423.5;30.53;31.39;10.77;93.05;91.09;0.895;STRONG_UP;2;75.4;3;1
2026.03.17 12:00;10392.0;10409.5;10390.5;10400.0;27.71;28.26;12.42;88.79;90.18;0.668;SOFT_UP;1;72.2;3;1
2026.03.17 11:00;10377.5;10399.0;10374.5;10390.5;25.98;24.10;14.33;91.43;87.74;0.576;SOFT_UP;1;71.2;3;1
2026.03.17 10:00;10389.0;10389.0;10365.0;10376.5;26.07;21.53;16.54;90.32;74.06;0.440;SOFT_UP;1;67.9;3;1
2026.03.17 09:00;10345.5;10390.0;10345.5;10389.0;28.06;24.85;19.08;81.48;51.16;0.561;SOFT_UP;1;74;3;1
2026.03.17 08:00;10319.5;10352.5;10310.5;10345.5;30.36;15.70;22.02;50.38;29.42;0.140;NEUTRE;0;44.4;1;1
2026.03.17 07:00;10314.5;10323.0;10303.5;10319.0;32.45;7.31;25.41;21.62;17.11;-0.116;NEUTRE;0;-42.8;-1;1
2026.03.17 06:00;10318.5;10319.5;10307.0;10315.0;28.94;8.44;29.32;16.27;16.26;-0.155;NEUTRE;0;-55.3;-2;0
2026.03.17 05:00;10334.0;10338.5;10318.0;10318.5;24.88;9.74;20.29;13.43;20.80;-0.121;NEUTRE;0;-53.5;-2;0
2026.03.17 04:00;10330.0;10339.5;10326.0;10334.0;23.30;11.24;17.40;19.07;32.15;0.029;NEUTRE;0;22.1;0;0
2026.03.17 03:00;10333.0;10343.5;10328.0;10330.0;23.58;12.96;17.80;29.91;47.60;-0.010;NEUTRE;0;-10.6;0;0
2026.03.17 02:00;10346.0;10348.0;10332.5;10333.0;24.78;14.96;16.07;47.46;58.41;0.019;NEUTRE;0;28;1;0
2026.03.17 01:00;10331.0;10348.0;10325.5;10346.0;28.04;17.26;18.55;65.43;59.49;0.145;NEUTRE;0;;;0
2026.03.16 20:00;10359.0;10359.0;10342.5;10346.5;31.81;19.92;9.78;62.34;49.55;0.608;SOFT_UP;1;59.5;2;0
2026.03.16 19:00;10351.5;10362.5;10334.5;10359.0;31.45;22.98;11.28;50.71;41.50;0.729;SOFT_UP;1;65;3;1
2026.03.16 18:00;10337.5;10356.0;10337.5;10351.5;31.03;22.94;13.02;35.60;45.97;0.656;SOFT_UP;1;63.9;2;1
2026.03.16 17:00;10331.0;10352.0;10324.5;10337.5;31.56;23.15;15.02;38.19;62.54;0.520;SOFT_UP;1;59.7;2;1
2026.03.16 16:00;10345.0;10353.5;10319.5;10331.0;33.13;26.71;17.33;64.11;80.58;0.457;SOFT_UP;1;58;2;1
2026.03.16 15:00;10371.0;10373.0;10345.0;10345.0;34.96;30.82;8.46;85.31;89.88;0.593;SOFT_UP;1;65.7;3;1
2026.03.16 14:00;10373.5;10381.0;10343.5;10371.0;31.58;35.56;9.76;92.32;89.32;0.846;STRONG_UP;2;73.5;3;1
2026.03.16 13:00;10326.5;10374.0;10322.0;10373.5;27.67;38.16;11.26;92.00;78.68;0.870;STRONG_UP;2;75;3;1
2026.03.16 12:00;10313.5;10339.5;10313.0;10325.5;23.56;33.82;12.99;83.65;60.49;0.404;NEUTRE;0;62;2;1
2026.03.16 11:00;10306.0;10320.0;10301.0;10313.5;20.34;27.70;14.99;60.37;38.70;0.287;NEUTRE;0;55.6;2;1
2026.03.16 10:00;10265.0;10308.0;10261.5;10306.0;18.89;22.25;17.30;37.43;33.52;0.214;NEUTRE;0;50.1;2;1
2026.03.16 09:00;10275.5;10289.0;10257.0;10265.0;19.87;19.39;19.96;18.30;44.22;-0.185;NEUTRE;0;-49;-2;1
2026.03.16 08:00;10283.5;10319.5;10265.5;10275.5;22.70;22.37;18.94;44.84;65.63;-0.083;NEUTRE;0;-30.1;-1;1
2026.03.16 07:00;10312.0;10313.0;10279.5;10283.5;24.91;25.81;17.87;69.53;77.62;-0.005;NEUTRE;0;-2.3;0;1
2026.03.16 06:00;10306.0;10314.5;10305.5;10312.0;25.95;29.78;8.68;82.52;77.82;0.272;NEUTRE;0;68.5;3;0
2026.03.16 05:00;10291.0;10307.5;10290.5;10306.0;21.50;22.40;10.01;80.82;73.52;0.214;NEUTRE;0;67.3;3;0
2026.03.16 04:00;10300.5;10303.5;10291.0;10291.0;18.93;22.22;11.55;70.13;63.37;0.068;NEUTRE;0;43.6;1;0
2026.03.16 03:00;10274.5;10300.5;10272.5;10300.0;16.98;21.95;13.33;69.61;54.31;0.156;NEUTRE;0;71;3;0
2026.03.16 02:00;10289.5;10290.5;10270.0;10274.5;15.84;19.83;15.38;50.38;40.26;-0.092;NEUTRE;0;-68.8;-3;0
2026.03.16 01:00;10284.0;10311.5;10274.0;10289.5;16.33;22.89;14.75;42.94;29.95;0.053;NEUTRE;0;;;0
2026.03.13 20:00;10251.0;10252.5;10234.5;10237.0;15.52;14.22;17.02;27.46;20.20;-0.641;SOFT_DOWN;-1;-60.9;-2;0
2026.03.13 19:00;10272.0;10273.0;10234.5;10251.5;16.53;16.41;19.63;19.44;12.16;-0.500;SOFT_DOWN;-1;-55.8;-2;1
2026.03.13 18:00;10236.5;10276.0;10235.5;10272.0;17.69;18.93;22.26;13.69;8.40;-0.301;NEUTRE;0;-43.1;-1;1
2026.03.13 17:00;10249.5;10267.5;10233.5;10236.5;19.17;18.62;25.68;3.35;15.85;-0.645;SOFT_DOWN;-1;-64.8;-2;1
2026.03.13 16:00;10243.0;10268.0;10240.5;10249.5;19.67;21.48;26.46;8.18;37.75;-0.519;SOFT_DOWN;-1;-61.1;-2;1
2026.03.13 15:00;10278.0;10293.5;10243.0;10243.5;21.10;24.79;29.14;36.02;65.34;-0.578;SOFT_DOWN;-1;-65.1;-3;1
2026.03.13 14:00;10343.0;10349.5;10276.5;10277.5;23.11;28.60;23.41;69.07;82.86;-0.248;NEUTRE;0;-44.7;-1;1
2026.03.13 13:00;10326.5;10363.5;10315.0;10343.0;25.12;33.00;18.90;90.92;85.43;0.388;NEUTRE;0;59.1;2;1
2026.03.13 12:00;10316.5;10338.5;10305.5;10327.0;24.81;30.15;21.81;88.60;74.16;0.233;NEUTRE;0;47.4;2;1
2026.03.13 11:00;10283.5;10321.5;10279.0;10316.5;26.16;26.86;25.16;76.76;58.19;0.131;NEUTRE;0;33.7;1;1
2026.03.13 10:00;10263.5;10296.0;10258.5;10285.5;29.68;21.76;29.03;57.12;41.63;-0.170;NEUTRE;0;-43.6;-1;1
2026.03.13 09:00;10247.0;10267.5;10235.0;10263.5;32.04;13.42;33.50;40.69;28.44;-0.383;NEUTRE;0;-67.2;-3;1
2026.03.13 08:00;10244.5;10254.0;10190.5;10247.0;30.39;9.09;38.66;27.07;24.55;-0.544;SOFT_DOWN;-1;-75.3;-3;1
2026.03.13 07:00;10282.5;10289.0;10221.5;10246.0;25.54;10.49;37.09;17.57;34.69;-0.553;SOFT_DOWN;-1;-77.3;-3;1
2026.03.13 06:00;10311.5;10315.0;10280.0;10282.5;20.87;12.11;29.47;29.01;52.79;-0.199;NEUTRE;0;-61.7;-2;0
2026.03.13 05:00;10314.5;10318.0;10308.5;10311.5;17.66;13.97;21.47;57.49;69.41;0.083;NEUTRE;0;42.9;1;0
2026.03.13 04:00;10325.0;10331.5;10309.5;10314.5;17.12;16.12;23.16;71.87;70.61;0.112;NEUTRE;0;57.4;2;0
2026.03.13 03:00;10326.5;10329.5;10316.0;10325.5;17.00;18.60;22.17;78.88;64.26;0.218;NEUTRE;0;76.2;3;0
2026.03.13 02:00;10324.0;10337.5;10324.0;10326.5;18.26;21.46;16.47;61.09;55.88;0.228;NEUTRE;0;81.1;3;0
2026.03.13 01:00;10303.0;10335.0;10303.0;10324.0;19.05;21.92;19.00;52.80;57.31;0.204;NEUTRE;0;;;0
2026.03.12 20:00;10293.0;10294.0;10283.0;10286.5;20.88;12.28;21.92;53.76;63.47;0.156;NEUTRE;0;23.6;0;0
2026.03.12 19:00;10307.5;10315.0;10289.5;10293.0;19.76;14.17;16.20;65.38;66.28;0.219;NEUTRE;0;32.8;1;1
2026.03.12 18:00;10304.5;10320.5;10304.0;10307.5;21.77;16.35;9.95;71.27;62.16;0.360;NEUTRE;0;48.2;2;1
2026.03.12 17:00;10305.5;10328.5;10298.5;10304.5;21.37;18.87;11.48;62.20;50.49;0.331;NEUTRE;0;47.4;2;1
2026.03.12 16:00;10295.5;10320.0;10270.5;10306.0;20.91;17.41;13.25;53.00;42.69;0.346;NEUTRE;0;50.4;2;1
2026.03.12 15:00;10294.5;10297.5;10251.0;10295.5;22.04;13.10;15.28;36.27;40.79;0.243;NEUTRE;0;42.2;1;1
2026.03.12 14:00;10283.5;10314.0;10261.5;10294.5;24.25;15.11;14.16;38.79;50.75;0.234;NEUTRE;0;43.1;1;1
2026.03.12 13:00;10314.5;10327.5;10272.5;10283.5;27.48;17.43;13.12;47.32;63.59;0.127;NEUTRE;0;28.7;1;1
2026.03.12 12:00;10314.0;10320.5;10293.0;10314.5;29.53;20.12;9.40;66.13;77.55;0.428;SOFT_UP;1;63.4;2;1
2026.03.12 11:00;10306.5;10343.0;10296.5;10313.0;28.49;23.21;8.89;77.33;86.88;0.414;NEUTRE;0;64.6;2;1
2026.03.12 10:00;10317.5;10322.5;10300.5;10308.0;26.01;20.00;10.26;89.20;91.94;0.365;NEUTRE;0;63.9;2;1
2026.03.12 09:00;10310.5;10320.5;10276.0;10317.5;25.05;21.68;11.83;94.12;87.96;0.458;SOFT_UP;1;70.6;3;1
2026.03.12 08:00;10306.5;10314.0;10272.0;10310.5;24.39;22.77;13.66;92.49;70.83;0.389;NEUTRE;0;69.8;3;1
2026.03.12 07:00;10281.0;10310.0;10260.5;10304.5;24.29;24.80;15.76;77.26;47.30;0.331;NEUTRE;0;69.3;3;1
2026.03.12 06:00;10271.0;10284.5;10265.0;10281.0;24.60;20.69;18.18;42.73;25.16;0.102;NEUTRE;0;43.6;1;0
2026.03.12 05:00;10256.0;10277.5;10255.5;10271.0;27.39;18.35;20.98;21.92;15.80;0.005;NEUTRE;0;3.2;0;0
2026.03.12 04:00;10248.5;10260.0;10246.5;10256.0;30.58;8.94;24.20;10.85;17.18;-0.141;NEUTRE;0;-63.1;-2;0
2026.03.12 03:00;10250.5;10257.5;10238.5;10249.0;28.20;7.47;27.93;14.65;31.54;-0.209;NEUTRE;0;-75.6;-3;0
2026.03.12 02:00;10285.0;10286.0;10244.5;10250.5;23.64;8.62;27.37;26.06;49.34;-0.195;NEUTRE;0;-79.6;-3;0
2026.03.12 01:00;10270.5;10302.0;10258.0;10285.0;19.26;9.94;26.57;53.91;63.73;0.141;NEUTRE;0;;;0
2026.03.11 20:00;10344.0;10344.0;10312.5;10312.5;15.22;11.47;15.28;68.05;69.03;-0.583;SOFT_DOWN;-1;-58.5;-2;0
2026.03.11 19:00;10333.0;10345.5;10324.5;10344.0;15.37;13.24;11.76;69.23;64.57;-0.280;NEUTRE;0;-39.5;-1;1
2026.03.11 18:00;10323.5;10340.5;10312.0;10333.0;16.83;11.61;13.57;69.80;63.96;-0.386;NEUTRE;0;-50.2;-2;1
2026.03.11 17:00;10345.0;10347.0;10301.5;10323.5;18.22;13.40;15.66;54.67;60.76;-0.477;SOFT_DOWN;-1;-57.5;-2;1
2026.03.11 16:00;10292.0;10347.0;10278.0;10345.0;19.82;15.46;18.07;67.42;65.07;-0.270;NEUTRE;0;-43.4;-1;1
2026.03.11 15:00;10354.0;10356.5;10288.5;10292.0;21.67;17.83;18.51;60.20;57.21;-0.781;STRONG_DOWN;-2;-71.1;-3;1
2026.03.11 14:00;10309.5;10359.0;10294.0;10354.0;24.72;20.58;20.11;67.58;52.25;-0.183;NEUTRE;0;-36.2;-1;1
2026.03.11 13:00;10292.5;10312.5;10284.0;10309.5;28.35;12.74;23.21;43.84;41.03;-0.612;SOFT_DOWN;-1;-69.2;-3;1
2026.03.11 12:00;10299.5;10317.5;10271.0;10293.0;28.23;14.70;26.78;45.33;34.55;-0.771;STRONG_DOWN;-2;-74.5;-3;1
2026.03.11 11:00;10328.0;10337.0;10288.5;10298.5;28.09;16.96;25.11;33.92;23.08;-0.718;SOFT_DOWN;-1;-74.7;-3;1
2026.03.11 10:00;10277.0;10331.0;10274.5;10328.5;29.43;17.66;28.97;24.38;16.01;-0.429;SOFT_DOWN;-1;-67.4;-3;1
2026.03.11 09:00;10278.5;10294.5;10263.0;10277.0;30.22;10.44;33.43;10.95;13.33;-0.925;STRONG_DOWN;-2;-80.1;-3;1
2026.03.11 08:00;10331.0;10335.0;10274.0;10278.5;26.81;12.05;33.20;12.70;20.92;-0.911;STRONG_DOWN;-2;-81.1;-3;1
2026.03.11 07:00;10357.0;10370.5;10318.0;10333.0;23.74;13.90;27.21;16.33;34.10;-0.386;NEUTRE;0;-72;-3;1
2026.03.11 06:00;10354.0;10361.0;10348.5;10357.0;22.42;16.04;22.46;33.74;46.27;-0.154;NEUTRE;0;-55.1;-2;0
2026.03.11 05:00;10385.5;10387.0;10353.0;10354.0;23.30;18.51;20.38;52.22;48.39;-0.183;NEUTRE;0;-64;-2;0
2026.03.11 04:00;10382.5;10385.5;10376.0;10385.5;26.15;21.36;13.11;52.86;39.01;0.121;NEUTRE;0;59.4;2;0
2026.03.11 03:00;10368.0;10384.5;10364.0;10382.5;26.48;23.02;15.12;40.08;28.28;0.092;NEUTRE;0;59.8;2;0
2026.03.11 02:00;10379.5;10380.5;10367.0;10368.0;27.37;23.56;17.45;24.10;21.47;-0.048;NEUTRE;0;-53.3;-2;0
2026.03.11 01:00;10373.0;10395.5;10371.0;10379.5;29.29;27.19;15.58;20.67;27.85;0.063;NEUTRE;0;;;0
2026.03.10 20:00;10362.5;10366.0;10353.5;10357.5;29.62;19.43;17.97;19.63;42.84;0.666;SOFT_UP;1;61.8;2;0
2026.03.10 19:00;10365.0;10385.0;10345.0;10362.5;33.57;22.42;20.74;43.24;62.61;0.714;SOFT_UP;1;64.6;2;1
2026.03.10 18:00;10426.5;10427.5;10354.5;10365.0;38.14;25.87;20.27;65.65;76.03;0.739;SOFT_UP;1;66.5;3;1
2026.03.10 17:00;10417.5;10449.0;10414.0;10426.5;42.14;29.85;10.85;78.95;73.01;1.336;EXPLOSIVE_UP;3;77.2;3;1
2026.03.10 16:00;10389.0;10420.5;10367.5;10417.5;41.44;21.91;12.52;83.49;64.80;1.249;STRONG_UP;2;77.1;3;1
2026.03.10 15:00;10417.5;10424.0;10388.0;10389.0;43.62;25.28;8.50;56.59;52.63;0.972;STRONG_UP;2;74.6;3;1
2026.03.10 14:00;10344.0;10416.5;10331.0;10414.0;42.69;25.97;9.80;54.32;57.77;1.215;STRONG_UP;2;78.4;3;1
2026.03.10 13:00;10383.0;10387.5;10339.0;10344.0;42.31;24.74;11.31;46.98;66.10;0.535;SOFT_UP;1;66.5;3;1
2026.03.10 12:00;10371.5;10384.0;10339.5;10383.5;43.08;27.44;13.05;72.01;78.86;0.918;STRONG_UP;2;76.8;3;1
2026.03.10 11:00;10400.5;10417.5;10364.0;10371.5;44.24;31.66;6.59;79.30;83.31;0.802;STRONG_UP;2;76.2;3;1
2026.03.10 10:00;10393.0;10404.0;10375.5;10400.5;40.97;32.65;7.60;85.27;85.47;1.084;STRONG_UP;2;80.6;3;1
2026.03.10 09:00;10382.0;10416.5;10375.0;10393.0;37.70;37.67;8.77;85.38;84.87;1.011;STRONG_UP;2;81;3;1
2026.03.10 08:00;10364.0;10405.5;10356.0;10381.5;33.93;39.39;10.12;85.76;75.50;0.899;STRONG_UP;2;81;3;1
2026.03.10 07:00;10302.0;10379.0;10284.5;10364.0;30.05;37.22;11.68;83.47;57.84;0.729;SOFT_UP;1;80.3;3;1
2026.03.10 06:00;10292.5;10311.5;10291.5;10302.0;26.64;31.95;13.48;57.29;40.61;0.126;NEUTRE;0;49.6;2;0
2026.03.10 05:00;10269.0;10294.0;10268.5;10292.5;24.48;23.41;15.55;32.76;36.69;0.034;NEUTRE;0;20.8;0;0
2026.03.10 04:00;10260.0;10274.0;10254.5;10269.0;25.15;14.94;17.95;31.77;45.75;-0.194;NEUTRE;0;-69.8;-3;0
2026.03.10 03:00;10272.5;10283.5;10250.5;10260.0;27.61;17.24;20.71;45.53;58.67;-0.282;NEUTRE;0;-79.2;-3;0
2026.03.10 02:00;10305.0;10308.0;10267.5;10272.5;30.46;19.89;15.97;59.94;69.22;-0.160;NEUTRE;0;-77.4;-3;0
2026.03.10 01:00;10289.0;10309.0;10281.0;10305.0;33.46;22.95;13.29;70.55;74.26;0.156;NEUTRE;0;;;0
2026.03.09 20:00;10319.5;10326.5;10295.5;10309.5;34.50;26.49;7.51;77.17;77.70;1.999;EXPLOSIVE_UP;3;79.9;3;0
2026.03.09 19:00;10241.0;10361.5;10235.0;10319.5;31.23;30.56;8.67;75.05;79.42;2.097;EXPLOSIVE_UP;3;80.8;3;1
2026.03.09 18:00;10201.5;10250.5;10200.5;10241.0;27.45;21.76;10.00;80.89;85.84;1.321;EXPLOSIVE_UP;3;76.3;3;1
2026.03.09 17:00;10251.5;10251.5;10195.5;10201.5;25.97;25.11;11.54;82.33;87.56;0.930;STRONG_UP;2;71.9;3;1
2026.03.09 16:00;10220.5;10260.0;10213.5;10251.5;24.27;28.97;8.37;94.30;85.23;1.425;EXPLOSIVE_UP;3;78.7;3;1
2026.03.09 15:00;10196.0;10227.0;10182.5;10219.5;19.52;22.51;9.66;86.06;77.25;1.108;STRONG_UP;2;76.4;3;1
2026.03.09 14:00;10146.0;10201.5;10110.0;10196.0;16.37;17.16;11.15;75.32;70.20;0.876;STRONG_UP;2;74.1;3;1
2026.03.09 13:00;10123.0;10183.0;10120.5;10146.5;15.62;16.69;12.86;70.38;67.23;0.386;NEUTRE;0;59;2;1
2026.03.09 12:00;10138.5;10166.0;10112.5;10122.0;16.03;15.07;14.84;64.90;60.08;0.143;NEUTRE;0;33.7;1;1
2026.03.09 11:00;10126.0;10153.5;10105.5;10138.0;18.38;13.80;17.12;66.40;53.64;0.302;NEUTRE;0;56.9;2;1
2026.03.09 10:00;10139.0;10149.0;10096.0;10126.0;19.55;14.48;19.75;48.93;46.01;0.183;NEUTRE;0;45.7;2;1
2026.03.09 09:00;10084.0;10162.5;10055.0;10139.0;20.19;16.71;22.79;45.58;52.40;0.312;NEUTRE;0;62.7;2;1
2026.03.09 08:00;10136.0;10136.0;10051.0;10082.5;20.92;15.49;26.30;43.52;51.24;-0.247;NEUTRE;0;-59.9;-2;1
2026.03.09 07:00;10142.0;10158.5;10110.5;10132.0;20.16;17.87;19.58;68.09;45.50;0.242;NEUTRE;0;62.7;2;1
2026.03.09 06:00;10157.0;10183.5;10138.5;10142.0;22.56;20.62;13.62;42.12;28.05;0.341;NEUTRE;0;72.5;3;0
2026.03.09 05:00;10097.5;10161.0;10086.5;10157.0;22.88;16.10;15.71;26.28;18.00;0.490;SOFT_UP;1;79.7;3;0
2026.03.09 04:00;10103.5;10129.5;10097.0;10097.5;26.22;12.07;18.13;15.75;15.46;-0.099;NEUTRE;0;-54.2;-2;0
2026.03.09 03:00;10119.5;10127.5;10092.0;10103.5;27.16;12.98;20.92;11.97;21.85;-0.040;NEUTRE;0;-36.7;-1;0
2026.03.09 02:00;10071.0;10129.5;10069.5;10119.5;27.74;14.98;24.13;18.66;46.28;0.119;NEUTRE;0;73.3;3;0
2026.03.09 01:00;10107.5;10116.5;10068.0;10069.5;28.40;13.95;27.85;34.92;64.15;-0.376;NEUTRE;0;;;0
2026.03.06 20:00;10307.0;10314.5;10280.5;10292.5;27.65;16.09;17.57;85.27;70.98;-0.867;STRONG_DOWN;-2;-67.6;-3;0
2026.03.06 19:00;10296.0;10314.0;10285.5;10307.0;31.23;18.57;18.01;72.25;54.94;-0.727;SOFT_DOWN;-1;-65;-2;1
2026.03.06 18:00;10265.0;10307.5;10265.0;10296.0;35.80;17.91;20.78;55.43;38.58;-0.833;STRONG_DOWN;-2;-68.9;-3;1
2026.03.06 17:00;10261.5;10274.0;10243.0;10265.0;40.17;8.54;23.98;37.14;24.32;-1.132;STRONG_DOWN;-2;-75;-3;1
2026.03.06 16:00;10260.5;10279.5;10239.5;10261.5;39.05;9.86;27.66;23.17;13.68;-1.165;STRONG_DOWN;-2;-76.2;-3;1
2026.03.06 15:00;10219.5;10287.5;10214.5;10260.5;37.76;11.37;31.92;12.65;7.67;-1.175;STRONG_DOWN;-2;-77.1;-3;1
2026.03.06 14:00;10244.5;10260.0;10207.0;10219.5;36.27;7.33;36.83;5.22;5.43;-1.570;EXPLOSIVE_DOWN;-3;-80.9;-3;1
2026.03.06 13:00;10311.5;10338.5;10236.0;10245.5;31.57;8.46;34.08;5.15;6.82;-1.320;EXPLOSIVE_DOWN;-3;-80;-3;1
2026.03.06 12:00;10322.5;10335.0;10305.0;10312.5;27.16;9.76;28.97;5.93;14.53;-0.674;SOFT_DOWN;-1;-72.3;-3;1
2026.03.06 11:00;10388.0;10391.0;10313.5;10322.5;23.70;11.26;29.06;9.39;25.43;-0.578;SOFT_DOWN;-1;-71.2;-3;1
2026.03.06 10:00;10396.0;10411.5;10388.0;10388.5;20.56;12.99;18.75;28.26;44.00;0.058;NEUTRE;0;18;0;1
2026.03.06 09:00;10439.5;10444.5;10383.0;10396.0;20.93;14.99;21.63;38.65;58.61;0.130;NEUTRE;0;38.9;1;1
2026.03.06 08:00;10422.5;10457.5;10399.5;10439.5;21.36;17.29;20.83;65.08;73.89;0.549;SOFT_UP;1;75.4;3;1
2026.03.06 07:00;10427.5;10443.5;10416.5;10423.0;23.22;19.96;19.53;72.09;82.38;0.390;NEUTRE;0;72.2;3;1
2026.03.06 06:00;10426.5;10439.0;10426.5;10433.5;26.62;23.03;16.83;84.50;88.33;0.491;SOFT_UP;1;77.7;3;0
2026.03.06 05:00;10421.0;10435.0;10418.0;10426.5;28.33;21.65;19.42;90.54;90.63;0.424;SOFT_UP;1;78.1;3;0
2026.03.06 04:00;10434.5;10436.5;10413.0;10421.0;31.85;24.98;22.41;89.96;84.18;0.371;NEUTRE;0;79.1;3;0
2026.03.06 03:00;10416.0;10436.0;10416.0;10435.0;35.92;28.82;23.90;91.40;67.81;0.506;SOFT_UP;1;84;3;0
2026.03.06 02:00;10402.0;10433.0;10401.5;10416.0;40.01;30.94;27.57;71.17;44.29;0.323;NEUTRE;0;83.7;3;0
2026.03.06 01:00;10382.5;10407.5;10375.5;10402.0;45.28;23.25;31.81;40.85;23.33;0.188;NEUTRE;0;;;0
2026.03.05 20:00;10340.5;10379.0;10335.0;10377.0;49.85;13.12;36.71;20.86;12.68;-2.011;EXPLOSIVE_DOWN;-3;-79.9;-3;0
2026.03.05 19:00;10346.5;10352.5;10318.5;10340.5;50.24;5.88;42.36;8.30;8.14;-2.356;EXPLOSIVE_DOWN;-3;-81.8;-3;1
2026.03.05 18:00;10345.0;10358.0;10326.5;10346.0;46.33;6.78;45.25;8.89;10.18;-2.304;EXPLOSIVE_DOWN;-3;-82.1;-3;1
2026.03.05 17:00;10401.0;10412.0;10341.0;10345.0;42.08;7.83;45.13;7.22;11.02;-2.314;EXPLOSIVE_DOWN;-3;-82.5;-3;1
2026.03.05 16:00;10440.0;10447.0;10375.0;10401.0;37.72;9.03;44.71;14.42;15.10;-1.785;EXPLOSIVE_DOWN;-3;-80.9;-3;1
2026.03.05 15:00;10489.0;10498.0;10431.0;10440.0;33.31;10.42;39.62;11.41;19.34;-1.416;EXPLOSIVE_DOWN;-3;-79.3;-3;1
2026.03.05 14:00;10488.5;10494.5;10453.0;10488.0;29.46;12.02;40.66;19.48;31.37;-0.963;STRONG_DOWN;-2;-75.4;-3;1
2026.03.05 13:00;10537.5;10538.5;10484.0;10489.0;25.63;13.87;35.43;27.13;45.47;-0.954;STRONG_DOWN;-2;-76.3;-3;1
2026.03.05 12:00;10559.0;10562.5;10535.0;10538.0;22.84;16.01;26.48;47.49;59.23;-0.491;SOFT_DOWN;-1;-66.4;-3;1
2026.03.05 11:00;10571.5;10586.0;10558.0;10559.0;22.56;18.47;17.69;61.80;66.73;-0.293;NEUTRE;0;-56.1;-2;1
2026.03.05 10:00;10586.5;10596.0;10565.5;10571.5;25.70;21.31;16.29;68.39;65.78;-0.175;NEUTRE;0;-44.4;-1;1
2026.03.05 09:00;10555.0;10615.5;10550.5;10586.5;27.60;24.59;18.79;70.00;55.32;-0.033;NEUTRE;0;-11.6;0;1
2026.03.05 08:00;10551.0;10558.5;10502.5;10555.0;29.79;14.88;21.68;58.95;41.96;-0.331;NEUTRE;0;-66.6;-3;1
2026.03.05 07:00;10538.5;10560.0;10522.5;10551.5;31.51;17.17;19.53;37.02;28.54;-0.364;NEUTRE;0;-71;-3;1
2026.03.05 06:00;10541.5;10544.5;10509.5;10538.5;35.37;13.45;22.53;29.92;25.67;-0.486;SOFT_DOWN;-1;-77.6;-3;0
2026.03.05 05:00;10574.0;10577.0;10541.0;10542.0;36.93;15.52;12.15;18.70;23.16;-0.453;SOFT_DOWN;-1;-78.8;-3;0
2026.03.05 04:00;10555.0;10576.5;10553.0;10574.0;40.74;17.91;8.89;28.41;34.89;-0.151;NEUTRE;0;-64.7;-2;0
2026.03.05 03:00;10568.5;10575.0;10548.5;10555.0;41.83;19.68;10.26;22.38;49.38;-0.331;NEUTRE;0;-80.8;-3;0
2026.03.05 02:00;10557.0;10576.5;10553.0;10568.5;43.42;22.71;9.22;53.90;72.61;-0.203;NEUTRE;0;-80;-3;0
2026.03.05 01:00;10590.0;10600.5;10551.5;10557.0;43.61;26.20;10.64;71.86;85.82;-0.312;NEUTRE;0;;;0
2026.03.04 20:00;10586.0;10607.0;10575.0;10598.0;43.82;30.23;4.90;92.08;90.48;0.967;STRONG_UP;2;69.7;3;0
2026.03.04 19:00;10578.5;10592.0;10575.5;10586.0;39.47;27.67;5.66;93.53;88.23;0.853;STRONG_UP;2;68.3;3;1
2026.03.04 18:00;10565.5;10582.0;10557.0;10578.5;35.39;22.60;6.53;85.83;80.45;0.781;STRONG_UP;2;67.6;3;1
2026.03.04 17:00;10543.0;10569.0;10540.0;10565.5;32.34;18.08;7.53;85.32;80.01;0.657;SOFT_UP;1;65.2;3;1
2026.03.04 16:00;10555.5;10563.0;10518.0;10543.0;30.98;17.68;8.69;70.20;79.36;0.443;SOFT_UP;1;57.2;2;1
2026.03.04 15:00;10519.5;10558.0;10517.0;10555.0;30.50;18.69;10.03;84.52;86.48;0.557;SOFT_UP;1;64.3;2;1
2026.03.04 14:00;10550.5;10556.0;10512.5;10518.5;30.56;20.81;11.57;83.36;87.86;0.210;NEUTRE;0;40;1;1
2026.03.04 13:00;10522.5;10553.5;10521.0;10550.5;30.87;24.02;10.35;91.56;90.74;0.514;SOFT_UP;1;65.7;3;1
2026.03.04 12:00;10524.0;10541.0;10498.5;10523.0;29.49;21.79;11.94;88.67;83.47;0.252;NEUTRE;0;49.6;2;1
2026.03.04 11:00;10507.5;10535.5;10507.0;10523.0;29.53;25.15;10.70;91.99;71.18;0.252;NEUTRE;0;52;2;1
2026.03.04 10:00;10489.0;10518.5;10477.0;10508.0;27.88;19.84;12.34;69.74;50.25;0.110;NEUTRE;0;31.6;1;1
2026.03.04 09:00;10419.5;10491.0;10411.0;10489.0;28.58;12.70;14.24;51.82;37.24;-0.071;NEUTRE;0;-23.8;0;1
2026.03.04 08:00;10446.0;10484.0;10417.0;10419.5;32.09;13.31;16.43;29.19;26.77;-0.734;SOFT_DOWN;-1;-79;-3;1
2026.03.04 07:00;10452.5;10460.0;10425.5;10444.5;35.41;9.84;18.96;30.70;22.46;-0.495;SOFT_DOWN;-1;-75.8;-3;1
2026.03.04 06:00;10444.5;10470.5;10430.0;10455.5;35.99;11.36;19.87;20.42;17.69;-0.391;NEUTRE;0;-74.7;-3;0
2026.03.04 05:00;10449.5;10461.5;10436.5;10444.5;37.33;9.68;22.93;16.25;16.91;-0.495;SOFT_DOWN;-1;-79.8;-3;0
2026.03.04 04:00;10464.5;10466.5;10439.0;10449.5;36.83;11.17;24.92;16.39;25.27;-0.448;SOFT_DOWN;-1;-80.9;-3;0
2026.03.04 03:00;10461.0;10465.0;10440.5;10464.5;36.64;12.89;28.75;18.09;43.05;-0.305;NEUTRE;0;-80;-3;0
2026.03.04 02:00;10470.5;10479.0;10451.5;10461.0;36.42;14.88;26.26;41.33;65.64;-0.338;NEUTRE;0;-84;-3;0
2026.03.04 01:00;10496.5;10513.5;10457.5;10470.5;37.76;17.16;26.95;69.74;81.33;-0.248;NEUTRE;0;;;0
2026.03.03 20:00;10522.0;10528.5;10484.5;10502.5;40.16;19.80;23.68;85.84;86.49;-2.429;EXPLOSIVE_DOWN;-3;-81.6;-3;0
2026.03.03 19:00;10509.0;10535.5;10496.0;10522.0;44.96;22.85;23.30;88.40;80.48;-2.248;EXPLOSIVE_DOWN;-3;-81.4;-3;1
2026.03.03 18:00;10474.0;10524.5;10474.0;10509.0;51.73;22.08;26.88;85.22;65.55;-2.369;EXPLOSIVE_DOWN;-3;-82.3;-3;1
2026.03.03 17:00;10471.5;10493.5;10458.5;10473.5;58.18;16.13;31.02;67.82;45.12;-2.699;SPIKE_DOWN;-4;-83.6;-3;1
2026.03.03 16:00;10421.5;10479.5;10403.5;10471.5;62.27;12.46;35.79;43.60;29.39;-2.717;SPIKE_DOWN;-4;-84;-3;1
2026.03.03 15:00;10409.0;10429.0;10377.0;10421.0;64.41;4.15;41.30;23.93;22.31;-3.187;SPIKE_DOWN;-4;-85.2;-3;1
2026.03.03 14:00;10449.0;10456.0;10404.5;10409.0;61.75;4.79;39.51;20.63;21.19;-3.298;SPIKE_DOWN;-4;-85.7;-3;1
2026.03.03 13:00;10482.0;10486.0;10448.0;10449.0;59.19;5.52;32.60;22.36;19.33;-2.926;SPIKE_DOWN;-4;-85.5;-3;1
2026.03.03 12:00;10467.5;10492.0;10455.0;10480.5;57.37;6.37;34.78;20.59;15.16;-2.634;SPIKE_DOWN;-4;-85.3;-3;1
2026.03.03 11:00;10471.0;10484.5;10445.0;10468.0;55.57;4.24;40.13;15.04;10.35;-2.750;SPIKE_DOWN;-4;-85.9;-3;1
2026.03.03 10:00;10489.5;10502.5;10416.5;10471.0;51.68;4.89;46.30;9.84;7.86;-2.722;SPIKE_DOWN;-4;-86.2;-3;1
2026.03.03 09:00;10510.5;10542.0;10473.0;10489.0;47.18;5.64;43.32;6.17;8.81;-2.555;EXPLOSIVE_DOWN;-3;-86.4;-3;1
2026.03.03 08:00;10661.0;10682.5;10505.5;10510.5;42.60;6.51;42.74;7.58;10.97;-2.355;EXPLOSIVE_DOWN;-3;-86.5;-3;1
2026.03.03 07:00;10681.0;10687.0;10646.5;10661.0;37.84;7.51;37.06;12.68;14.19;-0.957;STRONG_DOWN;-2;-82.6;-3;1
2026.03.03 06:00;10698.0;10705.5;10671.5;10682.0;33.46;8.66;33.26;12.67;18.71;-0.762;STRONG_DOWN;-2;-82;-3;0
2026.03.03 05:00;10715.5;10724.5;10692.5;10698.0;29.58;10.00;28.88;17.23;21.66;-0.613;SOFT_DOWN;-1;-81.7;-3;0
2026.03.03 04:00;10728.0;10732.5;10712.0;10715.5;26.66;11.54;23.95;26.23;26.11;-0.451;SOFT_DOWN;-1;-81;-3;0
2026.03.03 03:00;10737.5;10743.5;10720.5;10728.0;25.38;13.31;21.25;21.51;31.90;-0.334;NEUTRE;0;-80.9;-3;0
2026.03.03 02:00;10714.0;10741.0;10703.0;10737.5;25.75;13.69;24.52;30.60;49.22;-0.246;NEUTRE;0;-81.7;-3;0
2026.03.03 01:00;10764.0;10764.0;10713.5;10714.0;25.34;15.79;24.04;43.60;65.66;-0.465;SOFT_DOWN;-1;;;0
2026.03.02 20:00;10781.0;10784.5;10749.5;10773.5;26.05;18.22;18.51;73.47;78.98;-0.370;NEUTRE;0;-46;-2;0
2026.03.02 19:00;10767.0;10799.5;10764.5;10781.0;29.94;21.02;14.77;79.91;76.62;-0.301;NEUTRE;0;-41.5;-1;1
2026.03.02 18:00;10767.5;10776.0;10761.0;10767.0;31.86;13.93;17.04;83.55;63.94;-0.430;SOFT_DOWN;-1;-53.2;-2;1
2026.03.02 17:00;10771.0;10776.5;10756.0;10767.5;35.21;16.07;19.66;66.39;41.72;-0.425;SOFT_DOWN;-1;-54.4;-2;1
2026.03.02 16:00;10734.5;10781.0;10732.0;10771.0;39.09;18.54;22.68;41.88;22.36;-0.393;NEUTRE;0;-54;-2;1
2026.03.02 15:00;10723.0;10750.5;10722.5;10734.5;43.56;11.82;26.17;16.88;9.95;-0.731;SOFT_DOWN;-1;-69.9;-3;1
2026.03.02 14:00;10714.5;10735.0;10705.0;10723.0;44.45;5.12;30.20;8.31;7.78;-0.837;STRONG_DOWN;-2;-73.4;-3;1
2026.03.02 13:00;10731.5;10747.5;10710.0;10714.5;40.36;5.91;32.28;4.65;12.46;-0.916;STRONG_DOWN;-2;-75.8;-3;1
2026.03.02 12:00;10774.0;10778.5;10727.0;10731.5;35.95;6.82;30.27;10.39;19.72;-0.758;STRONG_DOWN;-2;-74.2;-3;1
2026.03.02 11:00;10785.5;10791.0;10771.5;10774.0;31.75;7.87;21.64;22.34;25.79;-0.365;NEUTRE;0;-61.7;-2;1
2026.03.02 10:00;10794.5;10814.0;10772.5;10785.5;29.46;9.08;24.18;26.43;28.49;-0.259;NEUTRE;0;-55.4;-2;1
2026.03.02 09:00;10785.0;10823.0;10776.0;10794.5;27.01;10.48;26.60;28.61;32.32;-0.176;NEUTRE;0;-47.6;-2;1
2026.03.02 08:00;10816.0;10830.0;10770.0;10785.5;24.48;12.09;30.69;30.43;36.82;-0.259;NEUTRE;0;-61.1;-2;1
2026.03.02 07:00;10826.0;10833.5;10801.5;10816.0;21.55;13.95;27.33;37.90;40.77;0.023;NEUTRE;0;10.4;0;1
2026.03.02 06:00;10820.5;10834.5;10816.0;10826.0;19.88;16.09;24.57;42.12;40.86;0.116;NEUTRE;0;47.2;2;0
2026.03.02 05:00;10836.0;10839.0;10820.5;10820.5;19.73;18.57;24.60;42.30;36.36;0.065;NEUTRE;0;36;1;0
2026.03.02 04:00;10840.0;10846.5;10836.0;10836.0;20.62;21.43;15.50;38.15;29.13;0.208;NEUTRE;0;71;3;0
2026.03.02 03:00;10824.0;10842.5;10821.0;10840.0;21.32;18.86;17.88;28.64;20.79;0.245;NEUTRE;0;77.7;3;0
2026.03.02 02:00;10825.0;10828.5;10807.0;10825.5;24.19;11.75;20.64;20.59;17.47;0.111;NEUTRE;0;72.1;3;0
2026.03.02 01:00;10813.5;10840.5;10813.5;10825.0;23.69;13.55;19.16;13.13;16.03;0.106;NEUTRE;0;;;0
2026.02.27 20:00;10850.5;10874.0;10850.0;10863.5;24.70;15.64;10.88;18.68;20.75;0.346;NEUTRE;0;44.1;1;0
2026.02.27 19:00;10871.0;10879.0;10850.0;10850.5;25.73;18.05;12.55;16.27;28.84;0.226;NEUTRE;0;33.6;1;1
2026.02.27 18:00;10858.5;10872.5;10854.5;10871.0;26.93;17.37;14.48;27.29;40.09;0.416;SOFT_UP;1;52.3;2;1
2026.02.27 17:00;10873.5;10889.5;10848.5;10858.0;29.67;20.05;16.71;42.96;50.08;0.296;NEUTRE;0;44.2;1;1
2026.02.27 16:00;10898.0;10919.0;10872.0;10873.5;32.84;23.13;10.46;50.00;54.61;0.439;SOFT_UP;1;56.9;2;1
2026.02.27 15:00;10858.5;10905.0;10857.0;10898.0;32.09;22.11;12.07;57.29;60.49;0.665;SOFT_UP;1;68;3;1
2026.02.27 14:00;10871.5;10887.5;10855.5;10858.5;32.51;19.90;13.93;56.54;64.06;0.300;NEUTRE;0;50.2;2;1
2026.02.27 13:00;10884.0;10892.0;10848.0;10872.0;34.80;22.96;16.07;67.64;66.37;0.425;SOFT_UP;1;61.3;2;1
2026.02.27 12:00;10872.5;10885.5;10868.0;10884.0;37.43;26.49;11.55;68.00;66.90;0.536;SOFT_UP;1;68.2;3;1
2026.02.27 11:00;10867.5;10875.0;10860.5;10872.0;37.15;21.34;13.32;63.47;66.12;0.425;SOFT_UP;1;65.2;3;1
2026.02.27 10:00;10875.5;10885.0;10863.5;10867.5;39.30;24.62;12.19;69.23;68.16;0.383;NEUTRE;0;65;2;1
2026.02.27 09:00;10882.0;10894.5;10871.5;10875.5;40.16;28.41;8.34;65.66;67.20;0.457;SOFT_UP;1;70.6;3;1
2026.02.27 08:00;10849.0;10889.0;10832.0;10879.0;37.94;29.10;9.63;69.58;74.00;0.490;SOFT_UP;1;73.7;3;1
2026.02.27 07:00;10862.0;10871.5;10847.0;10849.5;36.04;28.85;11.11;66.35;78.94;0.217;NEUTRE;0;60;2;1
2026.02.27 06:00;10856.0;10866.5;10852.5;10862.0;34.75;33.29;9.36;86.06;84.75;0.333;NEUTRE;0;72.1;3;0
2026.02.27 05:00;10850.5;10864.5;10850.5;10856.0;31.46;36.22;10.80;84.42;78.34;0.277;NEUTRE;0;72.1;3;0
2026.02.27 04:00;10848.0;10852.5;10842.5;10851.0;27.99;28.60;12.46;83.78;71.27;0.231;NEUTRE;0;72.8;3;0
2026.02.27 03:00;10846.0;10851.0;10844.0;10847.5;26.25;33.00;14.38;66.83;66.14;0.199;NEUTRE;0;74.9;3;0
2026.02.27 02:00;10833.0;10846.0;10832.5;10846.0;24.24;27.09;16.60;63.20;70.46;0.185;NEUTRE;0;79.1;3;0
2026.02.27 01:00;10826.0;10834.0;10823.5;10833.0;24.27;17.59;19.15;68.39;76.24;0.065;NEUTRE;0;;;0
2026.02.26 20:00;10839.5;10851.0;10837.5;10840.5;27.35;20.29;9.42;79.79;78.38;0.557;SOFT_UP;1;57.3;2;0
2026.02.26 19:00;10844.0;10853.0;10838.5;10839.5;25.93;23.41;9.73;80.54;76.91;0.547;SOFT_UP;1;58.2;2;1
2026.02.26 18:00;10823.5;10854.0;10820.0;10844.0;23.57;27.01;11.23;74.80;70.48;0.589;SOFT_UP;1;61.4;2;1
2026.02.26 17:00;10816.5;10829.5;10813.5;10823.5;20.85;20.08;12.96;75.38;65.68;0.399;NEUTRE;0;52.7;2;1
2026.02.26 16:00;10825.5;10839.0;10813.0;10816.5;20.74;23.17;14.95;61.25;56.68;0.334;NEUTRE;0;49.4;2;1
2026.02.26 15:00;10785.0;10828.0;10780.5;10825.5;20.61;20.23;17.26;60.41;57.90;0.417;SOFT_UP;1;57.3;2;1
2026.02.26 14:00;10803.5;10805.5;10783.0;10785.0;22.56;16.06;19.91;48.37;61.14;0.042;NEUTRE;0;9.5;0;1
2026.02.26 13:00;10806.5;10812.0;10801.0;10803.5;24.39;18.53;10.67;64.93;68.37;0.213;NEUTRE;0;42.5;1;1
2026.02.26 12:00;10800.5;10811.5;10797.5;10806.5;24.00;20.68;12.31;70.11;71.46;0.241;NEUTRE;0;48.3;2;1
2026.02.26 11:00;10806.5;10812.5;10796.5;10800.5;23.78;23.86;14.20;70.07;70.65;0.186;NEUTRE;0;43.4;1;1
2026.02.26 10:00;10804.0;10808.5;10795.5;10806.5;23.54;23.68;16.38;74.20;67.91;0.241;NEUTRE;0;53.4;2;1
2026.02.26 09:00;10805.0;10811.5;10791.0;10804.5;24.35;27.33;18.90;67.66;55.30;0.223;NEUTRE;0;54.2;2;1
2026.02.26 08:00;10780.0;10817.5;10776.5;10805.0;25.30;31.53;21.81;61.88;38.25;0.227;NEUTRE;0;57.8;2;1
2026.02.26 07:00;10774.5;10792.5;10774.5;10780.0;26.39;27.00;25.17;36.36;20.64;-0.005;NEUTRE;0;-2.3;0;1
2026.02.26 06:00;10773.5;10779.0;10771.0;10774.5;29.91;19.62;29.04;16.52;10.54;-0.056;NEUTRE;0;-27.6;-1;0
2026.02.26 05:00;10774.0;10774.0;10770.0;10773.5;31.53;13.02;33.51;9.03;7.14;-0.065;NEUTRE;0;-36;-1;0
2026.02.26 04:00;10776.5;10777.5;10772.5;10774.0;29.60;15.02;29.05;6.08;13.84;-0.060;NEUTRE;0;-40;-1;0
2026.02.26 03:00;10776.5;10780.0;10775.5;10776.5;29.26;17.33;24.29;6.32;35.07;-0.037;NEUTRE;0;-34.6;-1;0
2026.02.26 02:00;10779.0;10779.5;10774.5;10776.5;31.19;18.29;28.02;29.12;63.42;-0.037;NEUTRE;0;-46;-2;0
2026.02.26 01:00;10780.5;10787.0;10777.5;10779.0;32.76;21.10;23.10;69.77;86.29;-0.014;NEUTRE;0;;;0
2026.02.25 20:00;10802.0;10803.0;10792.5;10793.5;37.11;24.35;12.23;91.37;95.54;0.912;STRONG_UP;2;68.6;3;0
2026.02.25 19:00;10801.5;10804.5;10797.0;10802.0;37.72;28.10;7.52;97.73;97.46;0.991;STRONG_UP;2;71.1;3;1
2026.02.25 18:00;10799.5;10802.5;10793.0;10801.5;34.63;28.32;8.68;97.53;89.56;0.986;STRONG_UP;2;71.9;3;1
2026.02.25 17:00;10786.5;10800.5;10782.5;10799.5;31.80;29.44;10.01;97.12;80.20;0.968;STRONG_UP;2;72.6;3;1
2026.02.25 16:00;10774.5;10789.0;10770.5;10786.5;29.11;24.13;11.55;74.02;71.53;0.846;STRONG_UP;2;71.3;3;1
2026.02.25 15:00;10743.5;10776.0;10736.5;10775.0;28.17;17.04;13.33;69.48;76.47;0.739;SOFT_UP;1;70.1;3;1
2026.02.25 14:00;10771.0;10773.0;10738.0;10743.5;30.63;18.49;15.38;71.10;82.71;0.444;SOFT_UP;1;60.6;2;1
2026.02.25 13:00;10758.5;10773.0;10755.5;10771.0;33.93;21.33;10.06;88.83;89.26;0.701;SOFT_UP;1;71.7;3;1
2026.02.25 12:00;10760.5;10770.5;10750.0;10758.5;33.62;22.42;11.60;88.21;88.75;0.584;SOFT_UP;1;69.8;3;1
2026.02.25 11:00;10759.0;10769.5;10752.0;10761.0;33.90;25.87;11.89;90.75;83.13;0.608;SOFT_UP;1;72.1;3;1
2026.02.25 10:00;10760.0;10768.5;10749.5;10759.0;33.42;28.97;13.72;87.30;74.22;0.589;SOFT_UP;1;73.1;3;1
2026.02.25 09:00;10743.5;10766.5;10741.0;10761.0;33.07;31.80;15.83;71.36;66.48;0.608;SOFT_UP;1;75.2;3;1
2026.02.25 08:00;10690.0;10759.5;10687.0;10743.5;32.99;32.47;18.26;64.00;72.38;0.444;SOFT_UP;1;72.1;3;1
2026.02.25 07:00;10721.0;10722.5;10683.5;10690.5;33.76;29.62;21.07;64.09;78.82;-0.051;NEUTRE;0;-22.2;0;1
2026.02.25 06:00;10723.0;10726.0;10718.5;10721.0;36.36;34.18;10.51;89.04;82.13;0.234;NEUTRE;0;65.4;3;0
2026.02.25 05:00;10710.0;10727.0;10710.0;10723.0;33.81;39.43;12.13;83.33;72.87;0.252;NEUTRE;0;70.5;3;0
2026.02.25 04:00;10699.5;10712.0;10697.0;10709.5;30.86;32.31;13.99;74.03;67.50;0.126;NEUTRE;0;60.4;2;0
2026.02.25 03:00;10701.0;10702.0;10684.0;10699.5;29.52;27.03;16.14;61.24;67.37;0.033;NEUTRE;0;31.6;1;0
2026.02.25 02:00;10692.0;10701.5;10690.0;10701.0;30.18;31.19;13.50;67.24;74.14;0.047;NEUTRE;0;52.7;2;0
2026.02.25 01:00;10696.0;10696.0;10687.5;10692.0;28.74;28.63;15.58;73.63;77.93;-0.037;NEUTRE;0;;;0
2026.02.24 20:00;10695.5;10709.0;10691.5;10696.0;28.62;33.03;10.73;81.56;73.87;0.169;NEUTRE;0;25.3;1;0
2026.02.24 19:00;10694.5;10696.0;10686.5;10695.5;25.18;26.68;12.38;78.60;64.73;0.164;NEUTRE;0;25.8;1;1
2026.02.24 18:00;10685.5;10700.5;10685.0;10694.5;23.43;30.79;14.29;61.45;59.40;0.155;NEUTRE;0;25.7;1;1
2026.02.24 17:00;10671.0;10689.0;10669.0;10685.5;21.40;24.11;16.49;54.13;65.16;0.070;NEUTRE;0;13;0;1
2026.02.24 16:00;10678.0;10679.5;10657.0;10671.5;21.80;20.51;19.02;62.61;74.88;-0.061;NEUTRE;0;-12;0;1
2026.02.24 15:00;10689.0;10701.5;10676.0;10678.0;24.57;23.67;8.96;78.73;81.03;0.000;NEUTRE;0;0;0;1
2026.02.24 14:00;10690.0;10696.0;10666.0;10689.0;21.42;23.99;10.34;83.28;76.09;0.103;NEUTRE;0;22.4;0;1
2026.02.24 13:00;10658.5;10697.0;10655.0;10690.0;18.60;27.69;11.93;81.06;67.13;0.112;NEUTRE;0;25.7;1;1
2026.02.24 12:00;10665.0;10669.0;10655.0;10658.5;15.34;21.69;13.76;63.91;52.81;-0.183;NEUTRE;0;-40.5;-1;1
2026.02.24 11:00;10648.5;10667.0;10643.0;10665.5;14.26;22.83;15.88;56.41;46.00;-0.117;NEUTRE;0;-30.8;-1;1
2026.02.24 10:00;10650.5;10660.0;10637.5;10648.0;13.69;21.85;18.33;38.10;42.56;-0.281;NEUTRE;0;-57.5;-2;1
2026.02.24 09:00;10640.5;10655.0;10634.0;10650.5;14.45;21.80;21.14;43.50;50.59;-0.258;NEUTRE;0;-58.1;-2;1
2026.02.24 08:00;10669.5;10671.0;10629.0;10640.5;16.44;25.15;24.40;46.07;58.26;-0.351;NEUTRE;0;-67.8;-3;1
2026.02.24 07:00;10659.0;10674.5;10658.5;10669.5;18.73;29.02;17.35;62.21;63.89;-0.080;NEUTRE;0;-32.6;-1;1
2026.02.24 06:00;10663.0;10663.0;10654.0;10659.0;17.74;22.42;20.01;66.50;61.36;-0.178;NEUTRE;0;-58.9;-2;0
2026.02.24 05:00;10671.5;10671.5;10660.0;10663.0;19.60;25.87;12.84;62.96;49.80;-0.140;NEUTRE;0;-57.4;-2;0
2026.02.24 04:00;10659.5;10671.5;10659.0;10671.5;17.43;29.85;14.81;54.63;41.16;-0.061;NEUTRE;0;-40.5;-1;0
2026.02.24 03:00;10656.5;10659.5;10655.0;10659.5;14.93;19.68;17.09;31.80;35.94;-0.173;NEUTRE;0;-72.8;-3;0
2026.02.24 02:00;10647.5;10658.0;10642.0;10657.0;16.14;17.58;19.72;37.05;39.20;-0.197;NEUTRE;0;-79.7;-3;0
2026.02.24 01:00;10678.0;10678.0;10646.0;10647.0;17.74;20.28;18.91;38.98;36.89;-0.290;NEUTRE;0;;;0
2026.02.23 20:00;10667.5;10678.0;10662.0;10667.5;19.93;23.40;14.12;41.58;31.92;-0.023;NEUTRE;0;-3.7;0;0
2026.02.23 19:00;10669.0;10671.5;10659.0;10667.5;19.20;20.75;16.30;30.11;22.84;-0.023;NEUTRE;0;-3.9;0;1
2026.02.23 18:00;10658.5;10683.5;10658.5;10668.5;20.30;23.95;18.80;24.08;22.91;-0.014;NEUTRE;0;-2.5;0;1
2026.02.23 17:00;10665.0;10669.5;10641.5;10658.5;21.57;19.01;21.70;14.32;30.44;-0.108;NEUTRE;0;-19.6;0;1
2026.02.23 16:00;10663.0;10672.0;10650.0;10665.0;23.88;21.94;20.36;30.32;49.76;-0.047;NEUTRE;0;-9.3;0;1
2026.02.23 15:00;10700.0;10705.0;10663.0;10663.0;26.98;25.31;14.40;46.67;67.75;-0.066;NEUTRE;0;-13.8;0;1
2026.02.23 14:00;10686.0;10726.0;10685.0;10699.5;26.90;29.21;8.56;72.29;81.33;0.276;NEUTRE;0;47.8;2;1
2026.02.23 13:00;10685.0;10692.5;10680.5;10686.0;22.63;21.13;9.88;84.30;86.42;0.150;NEUTRE;0;32.8;1;1
2026.02.23 12:00;10693.5;10696.5;10677.0;10685.0;20.53;24.38;11.40;87.41;84.44;0.141;NEUTRE;0;33.3;1;1
2026.02.23 11:00;10675.0;10694.5;10674.0;10693.5;18.11;26.56;13.15;87.55;81.75;0.220;NEUTRE;0;48.2;2;1
2026.02.23 10:00;10670.0;10678.5;10649.0;10675.0;15.70;18.64;15.18;78.37;75.48;0.047;NEUTRE;0;14.7;0;1
2026.02.23 09:00;10667.0;10679.5;10659.0;10670.0;16.54;21.50;12.30;79.33;67.54;0.000;NEUTRE;0;0;0;1
2026.02.23 08:00;10662.5;10675.5;10646.0;10667.0;14.90;21.81;14.19;68.75;48.21;-0.028;NEUTRE;0;-11.1;0;1
2026.02.23 07:00;10648.5;10665.0;10648.5;10664.5;13.93;19.69;16.37;54.55;30.75;-0.052;NEUTRE;0;-22.6;0;1
2026.02.23 06:00;10653.5;10654.0;10643.5;10648.5;14.66;12.46;18.89;21.33;17.06;-0.201;NEUTRE;0;-61.9;-2;0
2026.02.23 05:00;10653.0;10655.0;10644.5;10654.0;13.76;14.38;20.33;16.36;14.11;-0.150;NEUTRE;0;-59.2;-2;0
2026.02.23 04:00;10651.5;10655.5;10648.5;10653.0;13.24;16.59;17.60;13.48;21.01;-0.159;NEUTRE;0;-65.8;-3;0
2026.02.23 03:00;10655.5;10658.5;10646.0;10651.5;14.82;19.14;20.31;12.50;32.78;-0.173;NEUTRE;0;-72.8;-3;0
2026.02.23 02:00;10651.0;10662.0;10648.0;10655.0;16.65;22.09;20.97;37.05;50.18;-0.141;NEUTRE;0;-75.8;-3;0
2026.02.23 01:00;10670.0;10670.0;10644.0;10651.0;18.81;25.48;24.19;48.79;52.92;-0.178;NEUTRE;0;;;0
2026.02.20 20:00;10695.5;10712.0;10695.5;10708.5;21.31;29.40;15.63;64.71;48.81;0.460;SOFT_UP;1;52.1;2;0
2026.02.20 19:00;10704.5;10705.5;10691.5;10695.5;19.88;27.87;18.04;45.27;39.08;0.338;NEUTRE;0;44.9;1;1
2026.02.20 18:00;10675.5;10707.0;10673.0;10704.0;19.64;32.16;20.81;36.45;38.55;0.417;SOFT_UP;1;52.3;2;1
2026.02.20 17:00;10671.0;10679.0;10655.0;10675.5;19.37;24.43;24.02;35.50;41.33;0.150;NEUTRE;0;26.3;1;1
2026.02.20 16:00;10700.0;10700.0;10667.0;10672.0;22.22;28.19;20.02;43.68;43.46;0.117;NEUTRE;0;22.2;0;1
2026.02.20 15:00;10687.0;10737.0;10675.0;10700.0;23.03;32.53;19.37;44.81;43.79;0.380;NEUTRE;0;54.8;2;1
2026.02.20 14:00;10662.0;10690.0;10658.5;10684.0;22.67;25.87;22.35;41.90;48.21;0.230;NEUTRE;0;42.6;1;1
2026.02.20 13:00;10668.0;10677.5;10652.5;10662.0;25.03;23.75;25.79;44.65;58.03;0.023;NEUTRE;0;5.7;0;1
2026.02.20 12:00;10675.5;10677.5;10661.5;10668.0;28.25;27.40;24.21;58.08;69.91;0.080;NEUTRE;0;20.5;0;1
2026.02.20 11:00;10681.0;10688.5;10674.0;10675.5;31.65;31.61;15.92;71.36;80.90;0.150;NEUTRE;0;37.3;1;1
2026.02.20 10:00;10680.5;10709.0;10679.0;10681.0;31.44;36.48;13.06;80.30;84.64;0.202;NEUTRE;0;48.5;2;1
2026.02.20 09:00;10655.5;10681.0;10655.0;10680.5;29.00;27.73;15.07;91.03;83.96;0.197;NEUTRE;0;50.8;2;1
2026.02.20 08:00;10653.5;10660.0;10627.5;10655.5;28.91;19.57;17.39;82.58;76.22;-0.038;NEUTRE;0;-14.9;0;1
2026.02.20 07:00;10654.5;10656.0;10633.0;10653.5;32.45;22.58;17.46;78.26;70.09;-0.056;NEUTRE;0;-24.1;0;1
2026.02.20 06:00;10657.0;10658.5;10652.5;10654.5;35.48;26.06;7.11;67.83;66.22;-0.047;NEUTRE;0;-23.7;0;0
2026.02.20 05:00;10650.0;10657.5;10650.0;10657.0;32.15;27.50;8.20;64.17;67.76;-0.023;NEUTRE;0;-14.4;0;0
2026.02.20 04:00;10648.0;10651.0;10646.5;10650.0;28.78;18.40;9.46;66.67;73.48;-0.089;NEUTRE;0;-51.2;-2;0
2026.02.20 03:00;10643.5;10652.0;10643.0;10648.5;28.27;21.23;10.92;72.45;80.66;-0.103;NEUTRE;0;-62.5;-2;0
2026.02.20 02:00;10646.5;10655.0;10639.0;10644.0;27.69;24.50;12.60;81.33;88.43;-0.145;NEUTRE;0;-76.1;-3;0
2026.02.20 01:00;10659.5;10663.0;10644.5;10646.5;27.01;28.27;9.25;88.20;88.43;-0.122;NEUTRE;0;;;0
2026.02.19 20:00;10635.0;10656.5;10635.0;10654.0;23.37;27.21;10.67;95.74;83.24;-0.150;NEUTRE;0;-22.8;0;0
2026.02.19 19:00;10631.5;10638.0;10621.5;10635.0;20.24;18.16;12.31;81.34;71.43;-0.328;NEUTRE;0;-44;-1;1
2026.02.19 18:00;10604.0;10633.0;10593.0;10631.5;20.41;16.29;14.21;72.62;61.44;-0.361;NEUTRE;0;-48.3;-2;1
2026.02.19 17:00;10613.5;10624.5;10601.5;10604.0;22.50;18.79;16.39;60.32;53.44;-0.619;SOFT_DOWN;-1;-63.9;-2;1
2026.02.19 16:00;10610.5;10619.5;10599.5;10613.5;24.91;18.34;18.92;51.37;45.80;-0.530;SOFT_DOWN;-1;-61.6;-2;1
2026.02.19 15:00;10592.0;10610.5;10585.0;10610.5;28.51;14.24;21.83;48.62;37.45;-0.558;SOFT_DOWN;-1;-64.3;-2;1
2026.02.19 14:00;10618.5;10626.0;10586.5;10592.0;29.66;16.43;24.28;37.40;25.28;-0.731;SOFT_DOWN;-1;-71.1;-3;1
2026.02.19 13:00;10613.5;10619.0;10592.0;10618.5;31.25;16.23;28.01;26.32;13.93;-0.483;SOFT_DOWN;-1;-64.3;-2;1
2026.02.19 12:00;10587.5;10614.5;10583.5;10613.5;31.96;16.17;32.32;12.13;7.03;-0.530;SOFT_DOWN;-1;-68;-3;1
2026.02.19 11:00;10598.0;10603.5;10585.0;10587.5;31.76;13.19;37.30;3.33;7.06;-0.773;STRONG_DOWN;-2;-75.7;-3;1
2026.02.19 10:00;10615.5;10618.0;10595.5;10598.0;29.30;15.22;34.30;5.63;14.86;-0.675;SOFT_DOWN;-1;-75.2;-3;1
2026.02.19 09:00;10639.5;10643.5;10612.0;10616.0;27.88;17.57;28.30;12.20;24.78;-0.506;SOFT_DOWN;-1;-72.4;-3;1
2026.02.19 08:00;10677.0;10677.5;10633.0;10639.0;28.57;20.27;22.39;26.74;35.95;-0.291;NEUTRE;0;-63.8;-2;1
2026.02.19 07:00;10684.0;10687.5;10670.0;10678.0;32.20;23.39;13.19;35.38;45.65;0.075;NEUTRE;0;30.9;1;1
2026.02.19 06:00;10673.5;10682.0;10671.5;10681.5;32.86;22.15;15.22;45.73;57.58;0.108;NEUTRE;0;45.2;2;0
2026.02.19 05:00;10674.5;10676.5;10670.5;10674.0;35.06;17.50;17.56;55.84;68.61;0.037;NEUTRE;0;22.5;0;0
2026.02.19 04:00;10678.5;10680.5;10672.0;10674.5;40.43;20.19;16.42;71.18;77.27;0.042;NEUTRE;0;30.4;1;0
2026.02.19 03:00;10686.0;10686.5;10673.5;10679.0;45.06;23.30;16.23;78.81;74.32;0.084;NEUTRE;0;57.4;2;0
2026.02.19 02:00;10686.0;10692.0;10683.0;10685.5;49.24;26.88;7.48;81.82;64.48;0.145;NEUTRE;0;76.1;3;0
2026.02.19 01:00;10670.0;10696.0;10670.0;10686.0;48.13;31.02;8.63;62.33;53.52;0.150;NEUTRE;0;;;0
2026.02.18 20:00;10646.0;10674.0;10644.0;10670.0;46.85;22.77;9.96;49.30;50.33;1.325;EXPLOSIVE_UP;3;74.9;3;0
2026.02.18 19:00;10655.0;10662.5;10637.0;10646.0;48.03;20.38;11.49;48.92;55.83;1.097;STRONG_UP;2;72.8;3;1
2026.02.18 18:00;10663.5;10668.5;10644.0;10655.0;51.13;23.51;9.04;52.78;64.52;1.182;STRONG_UP;2;74.8;3;1
2026.02.18 17:00;10643.5;10668.5;10639.0;10663.5;52.16;27.13;10.43;65.78;76.13;1.263;STRONG_UP;2;76.5;3;1
2026.02.18 16:00;10676.0;10678.5;10641.5;10644.0;53.34;31.30;10.73;75.00;84.75;1.078;STRONG_UP;2;75.1;3;1
2026.02.18 15:00;10666.5;10682.5;10662.0;10676.0;54.01;36.12;3.85;87.60;89.31;1.382;EXPLOSIVE_UP;3;79;3;1
2026.02.18 14:00;10626.5;10667.5;10626.5;10666.5;49.90;30.42;4.44;91.65;91.56;1.291;STRONG_UP;2;79;3;1
2026.02.18 13:00;10639.5;10641.5;10621.5;10626.5;46.12;25.34;5.13;88.68;91.57;0.912;STRONG_UP;2;75.7;3;1
2026.02.18 12:00;10628.0;10641.5;10619.5;10639.5;43.00;29.24;5.92;94.36;93.69;1.035;STRONG_UP;2;78.3;3;1
2026.02.18 11:00;10637.0;10641.5;10620.0;10628.0;39.41;33.74;6.48;91.67;93.59;0.926;STRONG_UP;2;78;3;1
2026.02.18 10:00;10609.5;10639.5;10609.5;10637.0;35.05;37.50;7.47;95.05;94.32;1.011;STRONG_UP;2;80;3;1
2026.02.18 09:00;10600.0;10619.5;10581.0;10609.5;30.17;33.01;8.62;94.07;88.34;0.750;STRONG_UP;2;77.9;3;1
2026.02.18 08:00;10547.5;10601.0;10544.5;10600.0;25.79;30.70;9.95;93.83;77.48;0.660;SOFT_UP;1;77.8;3;1
2026.02.18 07:00;10535.5;10546.5;10529.5;10546.5;21.91;20.58;11.48;77.12;60.12;0.152;NEUTRE;0;50.5;2;1
2026.02.18 06:00;10534.5;10539.5;10533.5;10535.5;20.91;17.41;13.25;61.48;47.78;0.047;NEUTRE;0;23.7;0;0
2026.02.18 05:00;10538.5;10539.0;10532.5;10534.0;22.04;18.81;15.28;41.78;42.83;0.033;NEUTRE;0;20.3;0;0
2026.02.18 04:00;10528.5;10541.5;10528.5;10538.5;23.84;21.70;17.64;40.10;50.25;0.076;NEUTRE;0;46.7;2;0
2026.02.18 03:00;10527.0;10530.0;10523.5;10528.5;25.92;11.43;20.35;46.62;62.44;-0.019;NEUTRE;0;-19.5;0;0
2026.02.18 02:00;10530.5;10532.0;10525.0;10526.5;25.59;13.19;19.93;64.04;75.85;-0.038;NEUTRE;0;-46.7;-2;0
2026.02.18 01:00;10530.5;10536.0;10527.5;10530.5;26.40;15.22;17.50;76.66;83.14;0.000;NEUTRE;0;;;0
2026.02.17 20:00;10540.5;10548.5;10532.5;10535.0;29.39;17.56;11.14;86.84;86.81;0.997;STRONG_UP;2;70.3;3;0
2026.02.17 19:00;10549.5;10553.5;10539.5;10540.5;30.46;20.27;6.13;85.90;83.28;1.050;STRONG_UP;2;72.1;3;1
2026.02.17 18:00;10509.0;10553.0;10505.0;10549.5;26.91;22.83;7.07;87.68;78.15;1.136;STRONG_UP;2;74.2;3;1
2026.02.17 17:00;10523.0;10525.0;10491.5;10509.0;22.94;17.37;8.16;76.25;62.97;0.748;SOFT_UP;1;67.9;3;1
2026.02.17 16:00;10478.0;10529.5;10473.5;10523.0;20.91;20.05;9.41;70.54;48.83;0.882;STRONG_UP;2;72;3;1
2026.02.17 15:00;10472.0;10498.5;10462.0;10478.0;18.58;14.61;10.86;42.12;43.56;0.451;SOFT_UP;1;59.3;2;1
2026.02.17 14:00;10459.0;10492.0;10458.5;10472.0;19.17;14.12;12.53;33.83;49.35;0.393;NEUTRE;0;57.5;2;1
2026.02.17 13:00;10465.0;10487.0;10453.0;10459.0;21.20;14.00;14.46;54.74;64.00;0.268;NEUTRE;0;49.1;2;1
2026.02.17 12:00;10487.5;10490.0;10461.5;10464.5;24.21;16.15;12.84;59.49;71.68;0.321;NEUTRE;0;56.2;2;1
2026.02.17 11:00;10453.0;10492.5;10451.5;10487.5;26.17;18.64;14.81;77.78;81.75;0.542;SOFT_UP;1;70.1;3;1
2026.02.17 10:00;10491.5;10494.5;10450.0;10453.0;28.44;21.51;17.09;77.76;82.59;0.211;NEUTRE;0;49.7;2;1
2026.02.17 09:00;10480.0;10495.0;10476.0;10491.5;31.05;24.81;10.73;89.71;75.95;0.580;SOFT_UP;1;74.5;3;1
2026.02.17 08:00;10456.0;10489.0;10454.5;10480.0;29.73;23.77;12.38;80.31;58.25;0.470;SOFT_UP;1;73.1;3;1
2026.02.17 07:00;10421.5;10466.5;10421.5;10456.0;29.46;17.40;14.28;57.83;40.20;0.240;NEUTRE;0;62.5;2;1
2026.02.17 06:00;10416.0;10425.5;10416.0;10421.5;32.48;6.06;16.48;36.63;32.03;-0.091;NEUTRE;0;-40.3;-1;0
2026.02.17 05:00;10425.0;10425.5;10409.0;10416.0;30.36;6.99;19.02;26.14;26.53;-0.144;NEUTRE;0;-58.2;-2;0
2026.02.17 04:00;10418.5;10425.0;10413.0;10425.0;27.92;8.06;18.21;33.33;25.55;-0.058;NEUTRE;0;-39;-1;0
2026.02.17 03:00;10429.5;10430.0;10414.5;10418.5;26.27;9.30;19.09;20.11;20.24;-0.120;NEUTRE;0;-65.9;-3;0
2026.02.17 02:00;10422.0;10434.0;10418.0;10429.5;25.01;10.74;18.56;23.20;22.45;-0.014;NEUTRE;0;-21.4;0;0
2026.02.17 01:00;10431.0;10441.5;10420.5;10422.5;24.75;12.39;19.01;17.39;28.05;-0.081;NEUTRE;0;;;0
2026.02.16 20:00;10432.0;10435.5;10423.5;10431.0;25.31;9.90;21.93;26.74;39.74;0.187;NEUTRE;0;27.6;1;0
2026.02.16 19:00;10436.0;10437.0;10425.5;10432.0;23.38;11.42;22.74;40.00;48.82;0.197;NEUTRE;0;30.1;1;1
2026.02.16 18:00;10445.0;10445.0;10436.0;10436.0;21.88;13.18;12.20;52.47;55.14;0.235;NEUTRE;0;36.1;1;1
2026.02.16 17:00;10443.0;10453.5;10438.0;10444.5;24.65;15.20;10.65;53.99;58.44;0.317;NEUTRE;0;46.2;2;1
2026.02.16 16:00;10437.5;10454.0;10430.5;10443.0;25.74;17.54;12.29;58.96;61.85;0.303;NEUTRE;0;46.7;2;1
2026.02.16 15:00;10446.5;10450.5;10435.0;10437.0;26.99;20.24;11.24;62.37;60.54;0.245;NEUTRE;0;42.4;1;1
2026.02.16 14:00;10447.5;10450.0;10427.0;10446.5;26.74;22.86;12.97;64.22;55.72;0.336;NEUTRE;0;53.3;2;1
2026.02.16 13:00;10440.0;10454.0;10432.5;10447.5;26.61;26.38;11.28;55.04;50.14;0.346;NEUTRE;0;56.1;2;1
2026.02.16 12:00;10437.5;10446.0;10434.5;10440.0;24.54;24.71;13.02;47.89;51.32;0.274;NEUTRE;0;51.9;2;1
2026.02.16 11:00;10433.5;10445.0;10426.5;10437.5;23.54;27.17;15.02;47.50;59.69;0.250;NEUTRE;0;51.8;2;1
2026.02.16 10:00;10434.5;10439.0;10422.0;10433.0;22.73;26.36;17.33;58.56;68.53;0.207;NEUTRE;0;49.2;2;1
2026.02.16 09:00;10441.0;10459.5;10427.0;10434.5;23.05;30.42;15.47;73.01;67.82;0.221;NEUTRE;0;53.9;2;1
2026.02.16 08:00;10438.0;10444.0;10420.0;10441.0;21.58;27.76;17.85;74.03;63.14;0.283;NEUTRE;0;63.2;2;1
2026.02.16 07:00;10419.0;10441.0;10417.5;10438.5;21.56;30.11;20.60;56.42;64.48;0.259;NEUTRE;0;64.2;2;1
2026.02.16 06:00;10418.5;10421.0;10410.5;10419.0;21.99;21.65;23.77;58.96;73.71;0.072;NEUTRE;0;33.9;1;0
2026.02.16 05:00;10430.0;10430.0;10417.0;10418.5;24.66;24.98;17.90;78.06;80.06;0.067;NEUTRE;0;36.9;1;0
2026.02.16 04:00;10429.0;10437.0;10427.5;10430.0;25.91;28.82;8.23;84.11;76.78;0.178;NEUTRE;0;68.1;3;0
2026.02.16 03:00;10420.0;10428.5;10417.5;10428.5;21.35;19.49;9.49;78.00;67.06;0.163;NEUTRE;0;71.8;3;0
2026.02.16 02:00;10419.5;10422.0;10411.5;10420.0;19.32;13.40;10.95;68.22;61.88;0.082;NEUTRE;0;66.4;3;0
2026.02.16 01:00;10411.5;10419.5;10404.5;10419.0;20.75;11.80;12.64;54.97;62.69;0.072;NEUTRE;0;;;0
2026.02.13 20:00;10393.0;10429.0;10390.0;10419.0;23.41;13.61;14.58;62.47;72.38;0.192;NEUTRE;0;28.2;1;0
2026.02.13 19:00;10415.5;10429.0;10391.5;10393.0;26.49;15.71;16.23;70.63;80.46;-0.058;NEUTRE;0;-9.7;0;1
2026.02.13 18:00;10421.0;10433.0;10412.5;10415.5;30.31;18.12;10.12;84.06;82.14;0.159;NEUTRE;0;26.3;1;1
2026.02.13 17:00;10412.0;10431.5;10409.0;10421.0;30.61;19.79;11.67;86.71;72.87;0.212;NEUTRE;0;34.9;1;1
2026.02.13 16:00;10408.5;10422.5;10396.5;10412.0;31.35;16.68;13.47;75.64;53.96;0.125;NEUTRE;0;23.6;0;1
2026.02.13 15:00;10368.5;10418.0;10368.0;10408.5;34.53;16.58;15.54;56.27;38.86;0.091;NEUTRE;0;18.7;0;1
2026.02.13 14:00;10360.5;10384.0;10350.5;10369.5;39.35;8.67;17.93;29.97;29.57;-0.284;NEUTRE;0;-48.6;-2;1
2026.02.13 13:00;10362.5;10379.5;10347.5;10361.0;40.04;7.93;20.69;30.33;32.16;-0.365;NEUTRE;0;-57.5;-2;1
2026.02.13 12:00;10378.0;10387.0;10347.5;10362.5;39.35;9.15;23.87;28.42;36.29;-0.351;NEUTRE;0;-58.6;-2;1
2026.02.13 11:00;10373.0;10380.5;10351.0;10378.0;38.55;8.03;27.55;37.72;47.01;-0.202;NEUTRE;0;-45.8;-2;1
2026.02.13 10:00;10389.5;10397.0;10368.0;10373.5;36.04;9.27;22.92;42.72;52.24;-0.245;NEUTRE;0;-53.9;-2;1
2026.02.13 09:00;10393.5;10399.0;10373.5;10389.5;35.06;10.69;23.53;60.57;50.89;-0.091;NEUTRE;0;-29.5;-1;1
2026.02.13 08:00;10400.5;10415.0;10363.5;10393.5;34.68;12.34;27.15;53.41;37.91;-0.053;NEUTRE;0;-20.3;0;1
2026.02.13 07:00;10379.5;10406.0;10379.5;10400.0;34.25;14.24;26.54;38.69;28.54;0.010;NEUTRE;0;4.6;0;1
2026.02.13 06:00;10384.5;10393.0;10371.5;10379.5;34.87;8.88;30.63;21.62;31.24;-0.188;NEUTRE;0;-60.3;-2;0
2026.02.13 05:00;10397.5;10399.0;10382.5;10384.5;31.77;10.25;27.47;25.31;43.10;-0.139;NEUTRE;0;-57.3;-2;0
2026.02.13 04:00;10398.5;10404.5;10395.5;10397.5;29.63;11.82;19.57;46.80;55.89;-0.014;NEUTRE;0;-11.1;0;0
2026.02.13 03:00;10403.0;10408.0;10398.0;10398.5;30.39;13.64;18.31;57.21;63.19;-0.005;NEUTRE;0;-5.3;0;0
2026.02.13 02:00;10401.0;10406.0;10399.5;10403.0;32.82;12.66;21.12;63.67;65.79;0.038;NEUTRE;0;46.7;2;0
2026.02.13 01:00;10399.0;10409.0;10383.5;10401.0;34.02;14.61;24.37;68.70;59.18;0.019;NEUTRE;0;;;0
2026.02.12 20:00;10423.5;10431.5;10388.0;10399.5;35.40;16.86;25.41;65.00;43.71;-0.815;STRONG_DOWN;-2;-66.3;-3;0
2026.02.12 19:00;10403.0;10431.5;10398.5;10423.5;37.74;19.45;25.60;43.83;24.01;-0.587;SOFT_DOWN;-1;-59.9;-2;1
2026.02.12 18:00;10354.5;10410.0;10348.0;10403.0;41.44;12.42;29.54;22.29;12.24;-0.782;STRONG_DOWN;-2;-67.6;-3;1
2026.02.12 17:00;10371.5;10381.0;10353.5;10354.5;41.54;7.14;34.09;5.90;7.19;-1.245;STRONG_DOWN;-2;-76.3;-3;1
2026.02.12 16:00;10420.5;10423.5;10358.0;10371.0;37.87;8.23;36.81;8.51;8.46;-1.087;STRONG_DOWN;-2;-75.3;-3;1
2026.02.12 15:00;10428.5;10443.0;10419.0;10420.5;33.93;9.50;28.15;7.16;9.87;-0.615;SOFT_DOWN;-1;-66.4;-3;1
2026.02.12 14:00;10444.5;10449.5;10425.0;10428.5;31.53;10.96;28.64;9.71;14.13;-0.539;SOFT_DOWN;-1;-65.1;-3;1
2026.02.12 13:00;10457.0;10457.0;10438.0;10445.0;29.52;12.65;24.88;12.73;19.40;-0.381;NEUTRE;0;-58.6;-2;1
2026.02.12 12:00;10461.0;10462.5;10450.5;10457.0;29.04;14.59;18.58;19.95;26.95;-0.267;NEUTRE;0;-51.2;-2;1
2026.02.12 11:00;10473.0;10473.5;10450.5;10461.0;31.66;16.84;21.44;25.51;35.70;-0.229;NEUTRE;0;-49.3;-2;1
2026.02.12 10:00;10469.5;10477.5;10458.0;10473.0;34.68;19.43;19.72;35.38;46.22;-0.114;NEUTRE;0;-32.5;-1;1
2026.02.12 09:00;10481.0;10498.5;10468.0;10469.5;39.90;22.42;14.87;46.20;57.87;-0.148;NEUTRE;0;-42.6;-1;1
2026.02.12 08:00;10507.0;10512.5;10451.5;10481.0;42.93;25.87;17.16;57.09;65.13;-0.038;NEUTRE;0;-14.9;0;1
2026.02.12 07:00;10486.5;10516.5;10486.5;10507.0;46.41;29.85;10.97;70.33;69.08;0.210;NEUTRE;0;59.2;2;1
2026.02.12 06:00;10491.5;10495.0;10484.0;10486.5;46.44;23.41;12.66;67.97;65.89;0.014;NEUTRE;0;7.4;0;0
2026.02.12 05:00;10492.5;10494.0;10488.0;10492.0;49.00;27.01;9.01;68.94;64.81;0.067;NEUTRE;0;36.9;1;0
2026.02.12 04:00;10488.0;10497.5;10487.5;10492.5;48.85;31.17;10.40;60.77;65.14;0.072;NEUTRE;0;45.2;2;0
2026.02.12 03:00;10477.0;10489.0;10475.5;10488.0;48.67;22.89;12.00;64.71;74.12;0.029;NEUTRE;0;28.4;1;0
2026.02.12 02:00;10488.5;10490.0;10473.0;10477.0;51.36;26.41;13.84;69.94;83.50;-0.076;NEUTRE;0;-64.8;-2;0
2026.02.12 01:00;10485.0;10498.5;10485.0;10488.5;54.46;30.47;5.11;87.71;91.55;0.033;NEUTRE;0;;;0
2026.02.11 20:00;10495.5;10499.5;10478.0;10485.5;51.87;35.16;5.90;92.84;91.10;1.275;STRONG_UP;2;74.3;3;0
2026.02.11 19:00;10473.5;10496.5;10471.0;10495.5;48.88;38.42;6.80;94.10;88.70;1.372;EXPLOSIVE_UP;3;76.1;3;1
2026.02.11 18:00;10458.5;10476.0;10450.0;10473.5;45.65;31.96;7.85;86.35;85.83;1.159;STRONG_UP;2;74.5;3;1
2026.02.11 17:00;10451.0;10470.5;10451.0;10458.5;43.35;33.63;9.06;85.65;87.73;1.014;STRONG_UP;2;73.3;3;1
2026.02.11 16:00;10442.0;10468.5;10440.5;10451.0;41.17;37.22;10.45;85.50;89.36;0.942;STRONG_UP;2;73.1;3;1
2026.02.11 15:00;10427.5;10443.5;10393.5;10442.5;38.86;29.21;12.06;92.05;91.42;0.860;STRONG_UP;2;72.7;3;1
2026.02.11 14:00;10432.0;10443.0;10417.0;10427.5;38.45;33.71;6.68;90.53;89.35;0.715;SOFT_UP;1;70.7;3;1
2026.02.11 13:00;10406.5;10435.5;10401.5;10432.0;34.07;34.46;7.71;91.68;80.62;0.758;STRONG_UP;2;73;3;1
2026.02.11 12:00;10399.0;10412.5;10396.0;10406.5;29.55;29.35;8.90;85.82;62.99;0.512;SOFT_UP;1;67.3;3;1
2026.02.11 11:00;10383.0;10409.0;10383.0;10399.0;25.87;30.60;10.27;64.35;42.16;0.439;SOFT_UP;1;65.9;3;1
2026.02.11 10:00;10352.5;10384.0;10344.0;10382.5;22.20;20.80;11.85;38.79;27.57;0.280;NEUTRE;0;57.4;2;1
2026.02.11 09:00;10347.5;10369.5;10343.5;10352.5;21.40;18.42;13.67;23.36;23.19;-0.010;NEUTRE;0;-3.6;0;1
2026.02.11 08:00;10361.0;10394.5;10339.5;10347.5;22.42;21.25;15.77;20.56;29.12;-0.058;NEUTRE;0;-22.1;0;1
2026.02.11 07:00;10355.0;10365.0;10350.0;10361.0;23.59;16.27;18.20;25.66;45.53;0.072;NEUTRE;0;29.9;1;1
2026.02.11 06:00;10361.0;10364.0;10352.0;10355.0;26.36;18.77;18.95;41.14;65.86;0.014;NEUTRE;0;7.4;0;0
2026.02.11 05:00;10366.0;10368.5;10358.0;10358.5;30.34;21.66;14.17;69.80;81.60;0.048;NEUTRE;0;28.2;1;0
2026.02.11 04:00;10376.0;10376.5;10363.0;10366.0;31.79;24.99;9.03;86.64;79.77;0.121;NEUTRE;0;59.4;2;0
2026.02.11 03:00;10367.5;10377.0;10364.5;10376.0;29.47;28.84;8.71;88.37;74.43;0.217;NEUTRE;0;76.1;3;0
2026.02.11 02:00;10361.0;10368.5;10360.0;10367.5;25.75;22.81;10.05;64.32;69.12;0.135;NEUTRE;0;75.2;3;0
2026.02.11 01:00;10353.5;10365.5;10353.0;10361.0;23.74;20.89;11.59;70.61;77.28;0.072;NEUTRE;0;;;0
2026.02.10 20:00;10365.5;10370.0;10338.5;10338.5;22.99;24.11;13.38;72.43;82.57;-0.183;NEUTRE;0;-27.1;-1;0
2026.02.10 19:00;10354.0;10366.0;10351.0;10365.5;22.12;27.81;9.33;88.82;83.85;0.077;NEUTRE;0;12.8;0;1
2026.02.10 18:00;10355.5;10355.5;10343.0;10353.5;17.87;21.32;10.77;86.46;73.94;-0.039;NEUTRE;0;-6.9;0;1
2026.02.10 17:00;10341.0;10363.0;10332.5;10355.5;15.55;24.61;12.42;76.28;60.12;-0.019;NEUTRE;0;-3.6;0;1
2026.02.10 16:00;10324.5;10342.5;10318.5;10341.0;12.88;18.05;14.33;59.09;44.08;-0.159;NEUTRE;0;-29.1;-1;1
2026.02.10 15:00;10322.5;10343.5;10315.5;10324.5;13.10;20.83;16.54;44.98;34.64;-0.319;NEUTRE;0;-50;-2;1
2026.02.10 14:00;10325.5;10339.0;10314.5;10322.5;13.35;21.56;19.08;28.16;29.23;-0.338;NEUTRE;0;-53.5;-2;1
2026.02.10 13:00;10311.0;10325.5;10305.5;10325.5;14.47;16.40;22.02;30.79;30.43;-0.309;NEUTRE;0;-53.1;-2;1
2026.02.10 12:00;10342.5;10343.5;10309.0;10311.0;14.44;18.92;22.71;28.73;27.25;-0.449;SOFT_DOWN;-1;-64.5;-2;1
2026.02.10 11:00;10336.0;10347.0;10333.0;10342.5;15.26;21.83;15.51;31.78;24.65;-0.145;NEUTRE;0;-36.4;-1;1
2026.02.10 10:00;10327.0;10345.5;10315.5;10336.0;15.01;23.54;17.89;21.24;23.13;-0.208;NEUTRE;0;-49.3;-2;1
2026.02.10 09:00;10312.0;10335.5;10310.5;10327.0;15.22;22.04;20.64;20.92;35.74;-0.294;NEUTRE;0;-61.3;-2;1
2026.02.10 08:00;10375.5;10376.0;10304.5;10312.0;17.05;25.43;23.82;27.22;54.44;-0.439;SOFT_DOWN;-1;-72;-3;1
2026.02.10 07:00;10370.5;10401.0;10369.0;10375.0;19.18;29.34;13.61;59.09;62.65;0.169;NEUTRE;0;53.5;2;1
2026.02.10 06:00;10365.0;10370.5;10359.0;10370.5;16.49;19.19;15.70;77.00;59.73;0.126;NEUTRE;0;49.6;2;0
2026.02.10 05:00;10368.0;10370.5;10360.5;10365.0;17.49;22.14;16.11;51.85;52.98;0.072;NEUTRE;0;38.9;1;0
2026.02.10 04:00;10359.5;10368.5;10358.5;10368.0;17.75;22.47;18.59;50.35;60.31;0.101;NEUTRE;0;54.7;2;0
2026.02.10 03:00;10359.0;10361.5;10355.0;10359.5;19.03;15.16;21.45;56.73;73.48;0.019;NEUTRE;0;19.5;0;0
2026.02.10 02:00;10366.5;10367.0;10358.5;10359.0;19.31;17.49;16.46;73.87;84.65;0.014;NEUTRE;0;21.4;0;0
2026.02.10 01:00;10357.5;10368.0;10356.0;10366.5;21.82;20.18;18.99;89.84;88.65;0.087;NEUTRE;0;;;0
2026.02.09 20:00;10369.0;10374.0;10362.5;10370.5;24.71;23.28;15.02;90.23;85.57;-0.106;NEUTRE;0;-16.5;0;0
2026.02.09 19:00;10358.0;10371.0;10354.5;10369.0;25.19;22.85;17.33;85.88;83.37;-0.120;NEUTRE;0;-19.5;0;1
2026.02.09 18:00;10352.0;10362.0;10341.0;10358.0;26.95;17.98;20.00;80.59;76.81;-0.226;NEUTRE;0;-35.1;-1;1
2026.02.09 17:00;10353.5;10358.5;10347.5;10352.0;30.28;20.74;18.31;83.65;61.93;-0.284;NEUTRE;0;-43.1;-1;1
2026.02.09 16:00;10343.5;10369.5;10340.5;10352.5;33.98;23.93;21.13;66.18;38.61;-0.279;NEUTRE;0;-44.3;-1;1
2026.02.09 15:00;10311.5;10343.5;10309.5;10343.5;38.25;13.82;24.38;35.95;18.96;-0.366;NEUTRE;0;-53.8;-2;1
2026.02.09 14:00;10302.0;10327.5;10290.5;10311.5;39.89;8.71;28.13;13.70;10.96;-0.674;SOFT_DOWN;-1;-69.6;-3;1
2026.02.09 13:00;10329.0;10332.0;10300.5;10302.0;37.91;10.05;28.30;7.22;9.48;-0.766;STRONG_DOWN;-2;-73.1;-3;1
2026.02.09 12:00;10333.0;10341.5;10319.5;10329.0;36.43;11.60;23.37;11.94;12.20;-0.506;SOFT_DOWN;-1;-67;-3;1
2026.02.09 11:00;10338.0;10339.5;10328.0;10333.0;36.85;13.38;21.02;9.28;14.33;-0.467;SOFT_DOWN;-1;-67.2;-3;1
2026.02.09 10:00;10360.5;10364.0;10327.5;10338.0;39.10;15.44;24.25;15.38;23.36;-0.419;SOFT_DOWN;-1;-66.9;-3;1
2026.02.09 09:00;10374.5;10384.0;10360.5;10360.5;41.70;17.81;14.08;18.33;31.26;-0.202;NEUTRE;0;-51.5;-2;1
2026.02.09 08:00;10378.5;10396.0;10363.5;10374.0;46.31;20.55;14.28;36.36;37.75;-0.072;NEUTRE;0;-26.7;-1;1
2026.02.09 07:00;10385.5;10394.5;10372.5;10378.5;50.67;23.72;12.21;39.10;39.05;-0.029;NEUTRE;0;-13;0;1
2026.02.09 06:00;10384.5;10394.0;10375.5;10387.0;53.54;27.36;12.00;37.78;45.04;0.053;NEUTRE;0;26.3;1;0
2026.02.09 05:00;10380.5;10386.0;10376.0;10384.5;55.77;24.92;13.84;40.27;57.22;0.029;NEUTRE;0;18;0;0
2026.02.09 04:00;10384.5;10385.5;10379.5;10380.5;59.95;28.76;10.59;57.07;73.00;-0.010;NEUTRE;0;-8;0;0
2026.02.09 03:00;10389.5;10391.0;10383.0;10384.5;62.07;33.18;3.24;74.34;84.80;0.029;NEUTRE;0;28.4;1;0
2026.02.09 02:00;10383.5;10398.0;10382.0;10389.5;58.97;38.28;3.74;87.59;91.97;0.077;NEUTRE;0;65.1;3;0
2026.02.09 01:00;10381.5;10390.5;10379.5;10383.5;55.39;36.96;4.32;92.46;94.14;0.019;NEUTRE;0;;;0
2026.02.06 20:00;10376.5;10388.5;10375.0;10387.5;51.75;39.85;4.98;95.85;94.04;1.604;EXPLOSIVE_UP;3;77.4;3;0
2026.02.06 19:00;10370.0;10380.0;10368.5;10376.5;47.74;36.29;5.74;94.10;92.86;1.497;EXPLOSIVE_UP;3;77.2;3;1
2026.02.06 18:00;10360.0;10374.0;10358.5;10370.5;43.91;33.85;6.63;92.17;91.50;1.438;EXPLOSIVE_UP;3;77.4;3;1
2026.02.06 17:00;10349.0;10366.0;10346.5;10360.0;40.32;31.12;7.65;92.31;88.68;1.335;EXPLOSIVE_UP;3;77.2;3;1
2026.02.06 16:00;10350.0;10357.5;10339.0;10349.0;37.21;29.20;8.83;90.03;83.24;1.228;STRONG_UP;2;76.9;3;1
2026.02.06 15:00;10331.0;10351.5;10321.0;10350.0;34.69;28.70;10.18;83.72;80.41;1.237;STRONG_UP;2;77.8;3;1
2026.02.06 14:00;10295.0;10338.0;10289.5;10328.5;32.69;26.31;11.75;75.98;82.38;1.027;STRONG_UP;2;76.3;3;1
2026.02.06 13:00;10291.5;10310.5;10289.0;10295.0;31.84;21.63;13.56;81.54;88.43;0.699;SOFT_UP;1;71.6;3;1
2026.02.06 12:00;10309.5;10309.5;10290.5;10291.5;33.21;24.96;14.57;89.62;91.47;0.665;SOFT_UP;1;72.1;3;1
2026.02.06 11:00;10294.5;10316.0;10291.0;10310.0;34.27;28.80;16.42;94.13;86.47;0.846;STRONG_UP;2;76.9;3;1
2026.02.06 10:00;10280.5;10295.5;10273.5;10294.5;35.33;20.62;18.94;90.65;75.69;0.694;SOFT_UP;1;75.6;3;1
2026.02.06 09:00;10252.0;10291.0;10246.5;10280.5;40.11;20.65;21.86;74.63;67.66;0.558;SOFT_UP;1;73.9;3;1
2026.02.06 08:00;10223.5;10264.0;10221.0;10252.5;45.84;14.49;25.22;61.80;61.46;0.284;NEUTRE;0;63.3;2;1
2026.02.06 07:00;10232.5;10241.5;10201.5;10223.0;48.74;8.67;29.10;66.56;58.77;-0.005;NEUTRE;0;-2.3;0;1
2026.02.06 06:00;10250.5;10252.5;10225.5;10232.0;47.91;10.00;24.34;56.01;50.44;0.083;NEUTRE;0;37.7;1;0
2026.02.06 05:00;10215.5;10251.5;10212.5;10251.0;48.86;10.97;28.09;53.73;47.01;0.269;NEUTRE;0;71.6;3;0
2026.02.06 04:00;10235.0;10237.0;10205.0;10215.5;49.63;6.94;32.41;41.57;40.19;-0.078;NEUTRE;0;-47.5;-2;0
2026.02.06 03:00;10238.0;10241.0;10225.5;10235.0;47.30;8.00;27.54;45.74;34.22;0.112;NEUTRE;0;64.4;2;0
2026.02.06 02:00;10241.0;10249.5;10231.5;10239.0;46.12;9.23;25.82;33.27;21.76;0.152;NEUTRE;0;76.8;3;0
2026.02.06 01:00;10223.5;10242.0;10199.0;10241.0;45.94;4.24;29.80;23.64;14.19;0.171;NEUTRE;0;;;0
2026.02.05 20:00;10253.0;10269.5;10233.0;10237.0;41.45;4.90;22.22;8.38;12.02;-1.600;EXPLOSIVE_DOWN;-3;-77.4;-3;0
2026.02.05 19:00;10241.5;10270.5;10236.0;10253.0;38.00;5.65;24.37;10.54;15.54;-1.447;EXPLOSIVE_DOWN;-3;-76.8;-3;1
2026.02.05 18:00;10274.0;10279.5;10240.0;10241.5;34.26;6.52;26.34;17.13;21.36;-1.557;EXPLOSIVE_DOWN;-3;-78.3;-3;1
2026.02.05 17:00;10304.0;10305.0;10270.5;10274.0;30.25;7.52;18.51;18.95;21.94;-1.245;STRONG_DOWN;-2;-76.3;-3;1
2026.02.05 16:00;10278.5;10305.0;10262.0;10303.5;28.41;8.68;21.36;27.98;23.79;-0.961;STRONG_DOWN;-2;-73.4;-3;1
2026.02.05 15:00;10319.5;10324.5;10270.5;10278.5;26.28;10.01;21.60;18.87;19.18;-1.202;STRONG_DOWN;-2;-77.4;-3;1
2026.02.05 14:00;10303.0;10348.0;10274.0;10319.5;24.69;11.55;23.93;24.50;24.11;-0.807;STRONG_DOWN;-2;-72.8;-3;1
2026.02.05 13:00;10334.0;10355.0;10299.5;10303.0;23.12;13.33;22.31;14.15;28.04;-0.966;STRONG_DOWN;-2;-76.5;-3;1
2026.02.05 12:00;10335.5;10382.0;10326.0;10334.0;22.80;15.38;18.39;33.67;34.88;-0.668;SOFT_DOWN;-1;-72.2;-3;1
2026.02.05 11:00;10362.0;10365.0;10324.5;10335.5;24.94;13.08;21.22;36.30;30.35;-0.654;SOFT_DOWN;-1;-73.3;-3;1
2026.02.05 10:00;10342.5;10363.0;10329.5;10362.0;25.12;15.09;22.59;34.68;26.81;-0.399;NEUTRE;0;-65.9;-3;1
2026.02.05 09:00;10339.5;10347.0;10321.5;10342.5;25.93;10.06;26.06;20.06;26.51;-0.586;SOFT_DOWN;-1;-74.6;-3;1
2026.02.05 08:00;10359.0;10373.5;10332.5;10339.5;23.10;11.61;23.44;25.68;32.73;-0.615;SOFT_DOWN;-1;-76.9;-3;1
2026.02.05 07:00;10378.0;10390.5;10354.5;10359.5;21.47;13.40;18.79;33.79;30.79;-0.423;SOFT_DOWN;-1;-73.5;-3;1
2026.02.05 06:00;10379.5;10391.0;10374.0;10389.5;22.20;15.46;13.34;38.72;25.52;-0.135;NEUTRE;0;-51.5;-2;0
2026.02.05 05:00;10382.0;10390.0;10374.5;10379.5;24.48;16.93;15.40;19.84;24.25;-0.231;NEUTRE;0;-68.8;-3;0
2026.02.05 04:00;10370.0;10385.0;10370.0;10382.0;27.51;14.58;17.76;17.99;32.72;-0.207;NEUTRE;0;-70.9;-3;0
2026.02.05 03:00;10374.5;10386.5;10368.5;10369.5;30.23;16.82;20.50;34.92;43.83;-0.327;NEUTRE;0;-80.7;-3;0
2026.02.05 02:00;10400.5;10402.0;10373.0;10373.5;33.36;19.41;19.80;45.24;44.08;-0.288;NEUTRE;0;-82.9;-3;0
2026.02.05 01:00;10403.5;10408.0;10395.5;10400.0;38.34;22.39;10.91;51.33;38.91;-0.034;NEUTRE;0;;;0
2026.02.04 20:00;10408.0;10413.0;10383.5;10388.0;38.94;25.84;12.59;35.66;29.23;1.026;STRONG_UP;2;70.8;3;0
2026.02.04 19:00;10383.5;10408.5;10374.0;10408.0;39.63;27.47;14.53;29.73;26.58;1.221;STRONG_UP;2;74.5;3;1
2026.02.04 18:00;10382.0;10391.5;10363.0;10383.5;40.98;24.11;16.77;22.30;32.76;0.982;STRONG_UP;2;71.9;3;1
2026.02.04 17:00;10395.5;10403.5;10360.0;10382.0;44.52;27.82;19.34;27.72;50.11;0.968;STRONG_UP;2;72.6;3;1
2026.02.04 16:00;10427.5;10430.5;10373.0;10395.5;48.61;32.10;17.72;48.27;68.51;1.099;STRONG_UP;2;75.4;3;1
2026.02.04 15:00;10448.0;10462.5;10417.5;10427.5;51.65;37.04;8.54;74.36;82.37;1.410;EXPLOSIVE_UP;3;79.2;3;1
2026.02.04 14:00;10436.5;10466.0;10427.0;10448.0;49.97;42.74;6.61;82.90;88.11;1.610;EXPLOSIVE_UP;3;81.2;3;1
2026.02.04 13:00;10415.5;10437.0;10412.0;10436.5;46.40;37.88;7.63;89.85;93.26;1.498;EXPLOSIVE_UP;3;81.2;3;1
2026.02.04 12:00;10443.0;10445.0;10414.0;10415.5;43.31;43.70;7.57;91.59;95.13;1.293;STRONG_UP;2;80.6;3;1
2026.02.04 11:00;10403.0;10444.5;10398.0;10443.0;39.13;50.18;8.73;98.33;95.95;1.561;EXPLOSIVE_UP;3;82.8;3;1
2026.02.04 10:00;10383.5;10405.5;10381.5;10402.5;34.33;44.99;10.08;95.47;91.81;1.167;STRONG_UP;2;81.3;3;1
2026.02.04 09:00;10355.0;10385.0;10344.0;10383.5;29.86;38.78;11.63;94.06;86.80;0.982;STRONG_UP;2;80.7;3;1
2026.02.04 08:00;10309.0;10363.5;10303.0;10355.0;26.17;36.67;13.42;85.90;81.72;0.705;SOFT_UP;1;78.5;3;1
2026.02.04 07:00;10299.5;10310.0;10298.5;10308.5;23.05;28.71;15.48;80.45;83.23;0.253;NEUTRE;0;63.7;2;1
2026.02.04 06:00;10301.5;10301.5;10289.0;10300.0;21.99;21.76;17.86;78.82;86.90;0.170;NEUTRE;0;57.8;2;0
2026.02.04 05:00;10296.5;10301.5;10294.0;10301.5;23.86;25.10;14.46;90.42;92.28;0.185;NEUTRE;0;64.2;2;0
2026.02.04 04:00;10305.5;10306.5;10293.5;10296.5;23.39;28.97;16.68;91.46;92.39;0.136;NEUTRE;0;62.3;2;0
2026.02.04 03:00;10293.0;10306.5;10287.0;10305.5;22.85;33.42;19.25;94.97;87.02;0.224;NEUTRE;0;76.5;3;0
2026.02.04 02:00;10292.5;10301.0;10289.5;10293.0;22.23;34.22;22.21;90.75;72.03;0.102;NEUTRE;0;70.7;3;0
2026.02.04 01:00;10282.5;10295.5;10282.5;10292.5;22.37;32.13;25.63;75.34;53.58;0.097;NEUTRE;0;;;0
2026.02.03 20:00;10253.5;10285.5;10248.5;10285.0;24.08;25.24;29.57;50.00;43.94;-0.368;NEUTRE;0;-45.8;-2;0
2026.02.03 19:00;10230.5;10257.5;10221.5;10253.5;26.57;17.48;34.12;35.40;48.96;-0.673;SOFT_DOWN;-1;-63.2;-2;1
2026.02.03 18:00;10244.0;10252.5;10225.0;10231.0;25.70;18.03;39.37;46.43;58.43;-0.891;STRONG_DOWN;-2;-70.1;-3;1
2026.02.03 17:00;10274.5;10276.5;10243.0;10244.5;23.93;20.81;35.36;65.05;55.80;-0.760;STRONG_DOWN;-2;-68.2;-3;1
2026.02.03 16:00;10282.0;10295.0;10271.0;10274.5;23.63;24.01;27.94;63.81;40.17;-0.470;SOFT_DOWN;-1;-58.7;-2;1
2026.02.03 15:00;10259.5;10291.0;10257.0;10281.5;26.10;25.14;32.23;38.53;20.88;-0.402;NEUTRE;0;-56.3;-2;1
2026.02.03 14:00;10228.5;10263.5;10211.0;10259.5;28.21;16.56;37.19;18.17;9.59;-0.615;SOFT_DOWN;-1;-67.9;-3;1
2026.02.03 13:00;10265.5;10273.0;10221.5;10228.5;26.65;19.11;39.84;5.94;5.86;-0.915;STRONG_DOWN;-2;-75.8;-3;1
2026.02.03 12:00;10279.5;10283.0;10260.5;10265.5;25.34;22.05;34.32;4.65;13.46;-0.557;SOFT_DOWN;-1;-68.9;-3;1
2026.02.03 11:00;10297.5;10300.5;10273.5;10279.5;25.89;25.45;30.71;6.98;31.82;-0.421;SOFT_DOWN;-1;-65;-2;1
2026.02.03 10:00;10311.0;10323.5;10297.5;10297.5;28.43;29.36;21.76;28.75;56.70;-0.247;NEUTRE;0;-54.1;-2;1
2026.02.03 09:00;10343.0;10346.5;10304.5;10311.0;30.52;33.88;20.96;59.73;73.48;-0.116;NEUTRE;0;-35.8;-1;1
2026.02.03 08:00;10340.0;10356.0;10330.0;10343.0;31.59;39.09;14.85;81.63;77.44;0.194;NEUTRE;0;53.6;2;1
2026.02.03 07:00;10318.5;10341.0;10317.5;10340.0;29.54;36.23;17.13;79.08;72.02;0.165;NEUTRE;0;52.8;2;1
2026.02.03 06:00;10315.5;10327.0;10311.5;10318.5;28.57;32.63;19.77;71.59;61.50;-0.044;NEUTRE;0;-22.3;0;0
2026.02.03 05:00;10321.0;10321.0;10303.5;10315.5;29.19;31.70;22.81;65.38;49.68;-0.073;NEUTRE;0;-39.2;-1;0
2026.02.03 04:00;10311.5;10322.0;10311.5;10321.0;31.17;36.58;19.28;47.51;39.50;-0.019;NEUTRE;0;-14.9;0;0
2026.02.03 03:00;10305.0;10311.5;10299.5;10311.5;31.21;26.82;22.25;36.13;34.03;-0.111;NEUTRE;0;-64.2;-2;0
2026.02.03 02:00;10318.0;10318.0;10298.5;10305.0;34.57;30.94;25.67;34.86;31.82;-0.174;NEUTRE;0;-78.4;-3;0
2026.02.03 01:00;10323.0;10326.5;10310.5;10318.0;38.46;35.71;20.15;31.09;36.94;-0.048;NEUTRE;0;;;0
2026.02.02 20:00;10299.0;10321.5;10295.0;10319.0;40.09;36.39;23.25;29.51;52.72;1.107;STRONG_UP;2;72.1;3;0
2026.02.02 19:00;10311.5;10314.0;10297.0;10299.0;42.87;37.64;26.83;50.23;73.26;0.911;STRONG_UP;2;69.6;3;1
2026.02.02 18:00;10339.5;10342.5;10310.5;10312.0;46.89;43.43;18.74;78.42;85.69;1.039;STRONG_UP;2;72.8;3;1
2026.02.02 17:00;10342.0;10353.0;10339.0;10339.5;47.99;50.11;7.92;91.14;88.92;1.308;EXPLOSIVE_UP;3;76.9;3;1
2026.02.02 16:00;10311.0;10342.0;10308.0;10342.0;44.19;45.73;9.14;87.52;88.41;1.333;EXPLOSIVE_UP;3;77.9;3;1
2026.02.02 15:00;10296.5;10320.0;10290.5;10311.0;40.73;42.81;10.55;88.09;91.22;1.029;STRONG_UP;2;75.4;3;1
2026.02.02 14:00;10295.0;10324.0;10293.5;10296.5;37.70;49.39;10.61;89.62;92.72;0.887;STRONG_UP;2;74.2;3;1
2026.02.02 13:00;10272.5;10296.0;10260.0;10295.0;33.55;42.87;12.24;95.93;93.93;0.872;STRONG_UP;2;75.1;3;1
2026.02.02 12:00;10245.0;10285.0;10245.0;10272.5;30.16;44.76;14.12;92.61;92.57;0.652;SOFT_UP;1;71.8;3;1
2026.02.02 11:00;10216.5;10248.5;10215.0;10245.0;26.80;37.61;16.29;93.23;89.54;0.382;NEUTRE;0;62.8;2;1
2026.02.02 10:00;10206.0;10229.5;10205.5;10214.5;24.83;34.80;18.80;91.87;76.89;0.083;NEUTRE;0;24.9;0;1
2026.02.02 09:00;10183.0;10212.5;10175.0;10206.0;24.06;29.26;21.69;83.51;52.06;0.000;NEUTRE;0;0;0;1
2026.02.02 08:00;10132.0;10186.5;10129.5;10183.0;25.48;23.09;25.03;55.30;28.39;-0.225;NEUTRE;0;-57.6;-2;1
2026.02.02 07:00;10116.5;10141.5;10107.0;10132.0;28.78;14.50;28.88;17.37;13.29;-0.725;SOFT_DOWN;-1;-80.2;-3;1
2026.02.02 06:00;10125.5;10132.5;10111.0;10119.5;28.11;12.72;33.32;12.50;10.86;-0.848;STRONG_DOWN;-2;-82.8;-3;0
2026.02.02 05:00;10140.5;10151.5;10121.0;10125.5;25.55;14.67;31.29;9.98;10.38;-0.789;STRONG_DOWN;-2;-83.5;-3;0
2026.02.02 04:00;10137.0;10142.0;10120.0;10140.5;23.91;12.14;36.11;10.09;19.85;-0.642;SOFT_DOWN;-1;-83.6;-3;0
2026.02.02 03:00;10155.5;10161.5;10132.5;10137.0;19.95;14.00;32.92;11.06;37.55;-0.676;SOFT_DOWN;-1;-85.5;-3;0
2026.02.02 02:00;10173.0;10175.0;10153.5;10155.5;16.81;16.16;26.85;38.39;58.13;-0.495;SOFT_DOWN;-1;-85.9;-3;0
2026.02.02 01:00;10206.0;10226.0;10169.0;10172.5;15.58;18.64;19.89;63.19;62.69;-0.328;NEUTRE;0;;;0
2026.01.30 20:00;10208.5;10219.5;10198.5;10214.5;17.48;21.51;14.98;72.79;53.28;0.196;NEUTRE;0;28.7;1;0
2026.01.30 19:00;10189.0;10224.5;10189.0;10208.5;17.41;24.82;17.29;52.08;39.81;0.137;NEUTRE;0;22;0;1
2026.01.30 18:00;10180.0;10196.0;10153.0;10188.5;17.34;16.46;19.95;34.98;39.66;-0.059;NEUTRE;0;-10.4;0;1
2026.01.30 17:00;10191.5;10204.0;10179.5;10180.0;18.53;18.99;13.54;32.36;45.70;-0.142;NEUTRE;0;-25;-1;1
2026.01.30 16:00;10194.0;10217.5;10177.0;10191.5;18.80;21.92;15.62;51.62;57.79;-0.029;NEUTRE;0;-5.8;0;1
2026.01.30 15:00;10199.5;10207.5;10184.5;10194.0;19.12;21.49;18.02;53.12;67.14;-0.005;NEUTRE;0;-1.1;0;1
2026.01.30 14:00;10182.5;10219.5;10180.5;10198.5;20.71;24.79;20.79;68.63;78.35;0.039;NEUTRE;0;8.9;0;1
2026.01.30 13:00;10202.5;10208.0;10181.0;10183.0;22.54;24.07;23.99;79.66;82.56;-0.113;NEUTRE;0;-25.9;-1;1
2026.01.30 12:00;10200.0;10215.5;10198.0;10202.5;25.98;27.78;18.00;86.76;82.13;0.078;NEUTRE;0;20;0;1
2026.01.30 11:00;10168.5;10202.5;10167.0;10200.0;26.69;20.62;20.76;81.25;70.80;0.054;NEUTRE;0;15.4;0;1
2026.01.30 10:00;10164.5;10176.5;10160.5;10169.0;30.75;12.52;23.96;78.37;55.25;-0.250;NEUTRE;0;-54.4;-2;1
2026.01.30 09:00;10178.5;10186.0;10158.5;10165.0;30.66;14.45;27.65;52.78;29.94;-0.289;NEUTRE;0;-60.9;-2;1
2026.01.30 08:00;10126.0;10182.0;10119.5;10178.5;30.55;14.44;31.90;34.59;15.60;-0.157;NEUTRE;0;-47.7;-2;1
2026.01.30 07:00;10152.0;10160.5;10124.0;10124.0;29.45;11.37;36.81;2.45;10.10;-0.692;SOFT_DOWN;-1;-79.8;-3;1
2026.01.30 06:00;10164.5;10164.5;10151.5;10152.0;25.86;13.11;30.88;9.77;22.65;-0.417;SOFT_DOWN;-1;-75.6;-3;0
2026.01.30 05:00;10175.5;10179.5;10161.0;10164.0;23.62;15.13;24.39;18.09;38.21;-0.299;NEUTRE;0;-73.4;-3;0
2026.01.30 04:00;10176.5;10183.0;10171.5;10175.5;23.66;17.46;19.41;40.09;58.42;-0.186;NEUTRE;0;-69;-3;0
2026.01.30 03:00;10183.0;10192.0;10176.0;10176.5;26.48;20.15;16.37;56.46;68.50;-0.177;NEUTRE;0;-73.1;-3;0
2026.01.30 02:00;10184.5;10187.5;10168.5;10183.0;28.97;18.92;18.89;78.72;66.92;-0.113;NEUTRE;0;-72.4;-3;0
2026.01.30 01:00;10194.5;10195.5;10178.0;10184.5;33.41;21.83;14.10;70.32;50.71;-0.098;NEUTRE;0;;;0
2026.01.29 20:00;10185.0;10201.0;10183.5;10200.5;35.24;25.19;12.51;51.72;32.98;0.498;SOFT_UP;1;54.3;2;0
2026.01.29 19:00;10176.0;10200.5;10171.0;10185.0;35.49;28.62;14.44;30.10;18.79;0.345;NEUTRE;0;45.4;2;1
2026.01.29 18:00;10159.0;10188.5;10152.5;10176.0;35.89;26.77;16.66;17.13;14.44;0.256;NEUTRE;0;38.5;1;1
2026.01.29 17:00;10147.0;10182.0;10146.5;10160.0;37.82;28.11;19.22;9.14;23.43;0.099;NEUTRE;0;18;0;1
2026.01.29 16:00;10163.5;10177.0;10139.5;10147.0;40.75;30.27;22.18;17.05;44.69;-0.030;NEUTRE;0;-6;0;1
2026.01.29 15:00;10216.0;10229.0;10160.5;10165.0;44.65;34.92;16.97;44.10;70.49;0.148;NEUTRE;0;28.9;1;1
2026.01.29 14:00;10244.5;10265.0;10214.5;10215.5;46.20;40.29;7.46;72.92;79.97;0.645;SOFT_UP;1;68.8;3;1
2026.01.29 13:00;10215.0;10246.5;10210.5;10244.5;42.73;40.86;8.61;94.46;74.64;0.931;STRONG_UP;2;76;3;1
2026.01.29 12:00;10211.0;10222.0;10209.5;10215.0;39.27;36.67;9.93;72.54;58.51;0.640;SOFT_UP;1;71.5;3;1
2026.01.29 11:00;10176.0;10211.5;10172.5;10211.0;36.49;29.39;11.46;56.93;56.37;0.601;SOFT_UP;1;71.9;3;1
2026.01.29 10:00;10181.0;10186.5;10174.0;10176.5;35.34;24.05;13.22;46.07;64.23;0.261;NEUTRE;0;55.6;2;1
2026.01.29 09:00;10194.5;10205.0;10178.5;10181.0;36.31;27.75;9.72;66.11;77.59;0.305;NEUTRE;0;62.2;2;1
2026.01.29 08:00;10190.0;10208.0;10176.0;10194.5;34.49;32.02;11.21;80.51;84.60;0.438;SOFT_UP;1;71.9;3;1
2026.01.29 07:00;10179.0;10189.0;10163.5;10189.0;32.39;27.81;12.93;86.17;88.01;0.384;NEUTRE;0;72;3;1
2026.01.29 06:00;10171.5;10188.5;10171.5;10179.0;31.75;32.09;10.10;87.12;90.16;0.286;NEUTRE;0;69.4;3;0
2026.01.29 05:00;10177.5;10180.5;10168.0;10172.5;28.62;29.79;11.65;90.76;88.70;0.222;NEUTRE;0;68.1;3;0
2026.01.29 04:00;10169.0;10179.0;10167.0;10177.5;26.29;32.53;13.44;92.59;83.01;0.271;NEUTRE;0;75.2;3;0
2026.01.29 03:00;10158.5;10173.0;10158.5;10168.5;23.94;29.84;15.51;82.76;68.28;0.182;NEUTRE;0;73.6;3;0
2026.01.29 02:00;10147.0;10162.5;10145.5;10158.5;22.77;23.29;17.90;73.68;52.52;0.084;NEUTRE;0;66.9;3;0
2026.01.29 01:00;10150.0;10150.0;10127.5;10147.0;24.26;15.56;20.65;48.40;33.68;-0.030;NEUTRE;0;;;0
2026.01.28 20:00;10134.5;10158.5;10134.0;10149.5;25.82;17.96;19.38;35.47;21.85;-0.329;NEUTRE;0;-42.6;-1;0
2026.01.28 19:00;10137.5;10144.5;10126.0;10134.5;29.21;11.93;22.37;17.15;19.81;-0.476;SOFT_DOWN;-1;-54.5;-2;1
2026.01.28 18:00;10132.0;10142.0;10127.5;10137.0;29.02;11.68;25.81;12.93;31.97;-0.452;SOFT_DOWN;-1;-54.6;-2;1
2026.01.28 17:00;10132.5;10146.0;10132.0;10132.0;27.69;13.48;25.00;29.33;48.24;-0.501;SOFT_DOWN;-1;-58.8;-2;1
2026.01.28 16:00;10158.5;10161.5;10129.5;10132.5;27.34;15.56;28.85;53.64;48.43;-0.496;SOFT_DOWN;-1;-60;-2;1
2026.01.28 15:00;10159.5;10167.5;10146.5;10158.5;26.94;17.95;25.12;61.75;34.54;-0.241;NEUTRE;0;-42;-1;1
2026.01.28 14:00;10152.5;10166.5;10148.0;10159.5;28.53;20.71;27.88;29.91;14.40;-0.231;NEUTRE;0;-42.7;-1;1
2026.01.28 13:00;10134.0;10153.0;10131.0;10152.5;30.65;12.67;32.17;11.95;5.18;-0.300;NEUTRE;0;-52.2;-2;1
2026.01.28 12:00;10147.0;10151.5;10133.0;10134.0;28.67;14.62;35.72;1.34;2.06;-0.481;SOFT_DOWN;-1;-66;-3;1
2026.01.28 11:00;10147.5;10157.0;10144.5;10146.5;26.63;16.87;31.65;2.24;6.71;-0.358;NEUTRE;0;-61.2;-2;1
2026.01.28 10:00;10162.5;10166.5;10148.0;10148.0;26.04;19.46;32.22;2.60;20.21;-0.344;NEUTRE;0;-62.5;-2;1
2026.01.28 09:00;10180.5;10184.5;10161.0;10163.5;26.25;22.46;26.36;15.30;42.45;-0.191;NEUTRE;0;-49.9;-2;1
2026.01.28 08:00;10203.0;10214.5;10178.0;10180.0;29.06;25.91;19.29;42.74;64.69;-0.029;NEUTRE;0;-11.5;0;1
2026.01.28 07:00;10208.0;10208.0;10187.0;10203.0;31.27;29.90;18.46;69.33;79.39;0.196;NEUTRE;0;57.4;2;1
2026.01.28 06:00;10208.0;10220.0;10204.5;10208.0;32.45;34.50;8.48;82.01;83.62;0.246;NEUTRE;0;66.4;3;0
2026.01.28 05:00;10201.5;10214.5;10200.5;10207.0;28.13;34.35;9.79;86.83;77.49;0.236;NEUTRE;0;69.3;3;0
2026.01.28 04:00;10194.5;10203.5;10193.0;10201.5;23.89;27.54;11.29;82.01;62.69;0.182;NEUTRE;0;68.6;3;0
2026.01.28 03:00;10187.0;10198.5;10187.0;10194.5;21.13;24.45;13.03;63.64;47.87;0.113;NEUTRE;0;64.6;2;0
2026.01.28 02:00;10179.0;10189.5;10174.5;10187.0;19.69;16.18;15.03;42.41;38.22;0.039;NEUTRE;0;47.5;2;0
2026.01.28 01:00;10183.0;10192.0;10174.0;10179.0;22.16;18.66;17.35;37.55;33.03;-0.039;NEUTRE;0;;;0
2026.01.27 20:00;10187.0;10198.0;10170.0;10178.0;25.00;21.53;20.01;34.71;25.93;0.306;NEUTRE;0;40.6;1;0
2026.01.27 19:00;10182.0;10191.0;10180.0;10187.0;28.28;24.85;17.60;26.83;25.60;0.394;NEUTRE;0;49.2;2;1
2026.01.27 18:00;10172.5;10183.5;10165.5;10182.0;30.01;18.18;20.31;16.25;33.93;0.345;NEUTRE;0;47;2;1
2026.01.27 17:00;10177.5;10185.0;10172.0;10172.5;33.78;20.98;17.88;33.70;55.62;0.251;NEUTRE;0;39.6;1;1
2026.01.27 16:00;10211.0;10212.5;10178.0;10178.0;37.74;24.21;13.52;51.82;69.41;0.306;NEUTRE;0;46.9;2;1
2026.01.27 15:00;10196.0;10212.5;10174.0;10211.0;39.19;27.93;15.61;81.33;77.50;0.631;SOFT_UP;1;67;3;1
2026.01.27 14:00;10213.0;10217.0;10192.0;10196.0;40.87;32.23;10.81;75.08;74.31;0.483;SOFT_UP;1;62.6;2;1
2026.01.27 13:00;10182.5;10214.0;10182.0;10213.0;39.50;35.34;12.48;76.09;72.87;0.650;SOFT_UP;1;70.3;3;1
2026.01.27 12:00;10178.5;10184.0;10172.0;10182.5;38.22;26.35;14.40;71.76;68.45;0.350;NEUTRE;0;58.5;2;1
2026.01.27 11:00;10190.5;10199.5;10177.0;10179.0;39.59;30.41;10.20;70.76;63.22;0.315;NEUTRE;0;58;2;1
2026.01.27 10:00;10171.0;10195.5;10170.0;10190.5;38.03;32.35;11.77;62.85;59.32;0.429;SOFT_UP;1;67.4;3;1
2026.01.27 09:00;10160.5;10177.5;10156.0;10172.5;36.70;26.47;13.58;56.05;66.86;0.251;NEUTRE;0;57.3;2;1
2026.01.27 08:00;10177.5;10181.5;10148.0;10160.5;37.40;30.54;15.67;59.07;77.92;0.133;NEUTRE;0;42.9;1;1
2026.01.27 07:00;10178.0;10187.5;10171.5;10180.5;38.20;35.24;7.29;85.47;88.88;0.330;NEUTRE;0;69.2;3;1
2026.01.27 06:00;10176.0;10179.5;10172.0;10174.0;33.97;32.96;8.41;89.24;90.42;0.266;NEUTRE;0;68;3;0
2026.01.27 05:00;10166.0;10176.0;10163.0;10176.0;30.06;30.86;9.71;91.95;89.70;0.286;NEUTRE;0;72.6;3;0
2026.01.27 04:00;10160.5;10169.0;10158.5;10166.0;26.67;27.32;11.20;90.08;83.29;0.187;NEUTRE;0;69.1;3;0
2026.01.27 03:00;10163.0;10163.5;10155.0;10160.5;24.33;23.46;12.92;87.07;69.17;0.133;NEUTRE;0;68;3;0
2026.01.27 02:00;10156.5;10163.5;10156.5;10163.0;23.61;27.07;12.19;72.73;55.48;0.158;NEUTRE;0;77.3;3;0
2026.01.27 01:00;10147.0;10158.0;10147.0;10156.5;21.42;19.15;14.07;47.70;47.26;0.094;NEUTRE;0;;;0
2026.01.26 20:00;10145.5;10154.5;10143.5;10147.0;22.36;17.20;16.23;46.02;47.27;0.346;NEUTRE;0;44.1;1;0
2026.01.26 19:00;10157.0;10160.0;10144.5;10145.5;25.35;19.85;17.33;48.06;46.97;0.331;NEUTRE;0;44.3;1;1
2026.01.26 18:00;10157.0;10160.0;10151.0;10157.0;28.21;22.90;13.55;47.73;49.32;0.445;SOFT_UP;1;54.1;2;1
2026.01.26 17:00;10146.5;10160.5;10142.5;10157.0;28.61;26.43;15.63;45.11;57.20;0.445;SOFT_UP;1;55.7;2;1
2026.01.26 16:00;10153.0;10156.0;10132.5;10146.5;29.06;26.65;18.04;55.12;68.77;0.341;NEUTRE;0;50;2;1
2026.01.26 15:00;10166.5;10173.5;10142.0;10153.0;30.57;30.75;14.59;71.38;74.72;0.405;NEUTRE;0;56.5;2;1
2026.01.26 14:00;10151.0;10176.5;10151.0;10166.5;29.79;35.48;12.44;79.80;69.73;0.539;SOFT_UP;1;65.1;3;1
2026.01.26 13:00;10153.0;10155.0;10139.5;10151.0;26.98;27.96;14.36;72.97;56.06;0.386;NEUTRE;0;59;2;1
2026.01.26 12:00;10146.0;10158.0;10144.0;10153.0;26.18;32.26;12.10;56.41;40.18;0.405;NEUTRE;0;62.1;2;1
2026.01.26 11:00;10131.5;10147.5;10131.5;10146.0;23.22;25.69;13.96;38.78;34.60;0.336;NEUTRE;0;59.7;2;1
2026.01.26 10:00;10125.5;10150.5;10124.0;10131.0;22.24;29.64;16.11;25.34;41.15;0.188;NEUTRE;0;46.4;2;1
2026.01.26 09:00;10131.0;10137.0;10114.0;10125.5;21.11;26.36;18.59;39.69;60.55;0.134;NEUTRE;0;39.8;1;1
2026.01.26 08:00;10148.0;10166.0;10128.0;10131.0;21.69;30.42;12.08;58.42;69.68;0.188;NEUTRE;0;52.7;2;1
2026.01.26 07:00;10132.0;10150.0;10122.0;10148.0;18.40;28.62;13.94;83.55;68.95;0.356;NEUTRE;0;70.6;3;1
2026.01.26 06:00;10125.0;10134.5;10124.5;10132.0;15.92;24.51;16.09;67.08;55.43;0.198;NEUTRE;0;61.6;2;0
2026.01.26 05:00;10128.5;10129.5;10123.0;10125.0;15.18;20.59;18.56;56.22;45.23;0.129;NEUTRE;0;55.3;2;0
2026.01.26 04:00;10126.5;10132.5;10125.0;10129.0;16.72;23.76;16.69;42.98;42.23;0.168;NEUTRE;0;66.9;3;0
2026.01.26 03:00;10117.5;10127.0;10117.5;10126.5;16.60;16.13;19.25;36.48;49.85;0.143;NEUTRE;0;69.4;3;0
2026.01.26 02:00;10122.0;10125.0;10116.0;10117.5;17.79;15.37;22.21;47.23;61.48;0.054;NEUTRE;0;56.5;2;0
2026.01.26 01:00;10112.0;10133.0;10108.0;10121.5;17.73;17.73;25.63;65.82;60.51;0.094;NEUTRE;0;;;0
2026.01.23 20:00;10139.0;10145.0;10131.5;10138.5;17.66;20.46;17.72;71.37;47.27;-0.010;NEUTRE;0;-1.6;0;0
2026.01.23 19:00;10134.5;10146.5;10133.5;10139.0;19.27;23.61;18.17;44.33;27.30;-0.005;NEUTRE;0;-0.8;0;1
2026.01.23 18:00;10110.0;10134.5;10110.0;10134.5;20.23;13.04;20.96;26.10;19.06;-0.049;NEUTRE;0;-8.7;0;1
2026.01.23 17:00;10125.0;10129.5;10107.0;10110.0;19.76;11.91;24.19;11.48;20.81;-0.291;NEUTRE;0;-43.8;-1;1
2026.01.23 16:00;10131.5;10140.0;10117.0;10125.0;17.56;13.74;21.07;19.58;33.40;-0.143;NEUTRE;0;-26.6;-1;1
2026.01.23 15:00;10135.5;10140.0;10128.0;10131.5;17.03;15.86;16.96;31.36;46.27;-0.079;NEUTRE;0;-16.4;0;1
2026.01.23 14:00;10146.5;10155.5;10127.0;10136.0;19.13;18.30;19.57;49.25;54.01;-0.035;NEUTRE;0;-8;0;1
2026.01.23 13:00;10158.0;10160.0;10138.0;10146.5;21.56;21.11;16.64;58.22;51.49;0.069;NEUTRE;0;16.5;0;1
2026.01.23 12:00;10155.5;10163.0;10144.0;10158.0;23.05;24.36;15.00;54.58;43.32;0.182;NEUTRE;0;40.3;1;1
2026.01.23 11:00;10145.0;10158.5;10140.0;10155.5;22.94;24.46;17.31;41.67;38.15;0.158;NEUTRE;0;38.8;1;1
2026.01.23 10:00;10143.0;10145.5;10125.0;10145.0;23.84;17.41;19.97;33.70;41.03;0.054;NEUTRE;0;16.8;0;1
2026.01.23 09:00;10150.5;10169.0;10140.5;10143.5;26.45;20.09;11.41;39.07;53.25;0.039;NEUTRE;0;13.6;0;1
2026.01.23 08:00;10151.0;10176.0;10134.0;10150.0;26.28;23.19;13.17;50.31;65.05;0.104;NEUTRE;0;36;1;1
2026.01.23 07:00;10150.0;10151.5;10134.0;10150.5;26.09;17.78;15.19;70.37;74.95;0.108;NEUTRE;0;40.8;1;1
2026.01.23 06:00;10152.5;10157.5;10146.5;10150.0;28.90;20.51;6.54;74.47;73.71;0.104;NEUTRE;0;44.1;1;0
2026.01.23 05:00;10148.5;10154.0;10148.0;10152.5;25.40;18.77;7.55;80.00;69.43;0.128;NEUTRE;0;55.1;2;0
2026.01.23 04:00;10145.5;10151.5;10144.5;10148.5;22.74;15.25;8.71;66.67;55.68;0.089;NEUTRE;0;51.2;2;0
2026.01.23 03:00;10142.5;10148.5;10142.5;10146.0;22.04;11.00;10.05;61.62;41.38;0.064;NEUTRE;0;50;2;0
2026.01.23 02:00;10145.5;10147.5;10141.5;10142.5;24.74;10.13;11.60;38.76;24.68;0.030;NEUTRE;0;40;1;0
2026.01.23 01:00;10139.5;10151.0;10139.5;10145.5;27.51;11.69;13.38;23.75;16.36;0.059;NEUTRE;0;;;0
2026.01.22 20:00;10136.5;10145.5;10135.0;10140.5;30.70;6.13;15.44;11.52;12.13;-0.695;SOFT_DOWN;-1;-62.8;-2;0
2026.01.22 19:00;10142.0;10149.5;10134.5;10136.5;28.79;7.08;17.82;13.79;14.57;-0.734;SOFT_DOWN;-1;-65.2;-3;1
2026.01.22 18:00;10149.0;10149.5;10137.5;10142.0;26.58;8.17;17.48;11.06;16.74;-0.681;SOFT_DOWN;-1;-64.7;-2;1
2026.01.22 17:00;10136.5;10149.5;10134.5;10149.0;25.08;9.42;20.17;18.87;25.31;-0.612;SOFT_DOWN;-1;-63.6;-2;1
2026.01.22 16:00;10159.0;10166.0;10135.0;10136.5;23.36;10.87;22.76;20.28;30.66;-0.734;SOFT_DOWN;-1;-68.7;-3;1
2026.01.22 15:00;10166.0;10166.5;10135.0;10159.0;21.51;12.54;26.26;36.78;34.03;-0.514;SOFT_DOWN;-1;-62.5;-2;1
2026.01.22 14:00;10186.5;10205.5;10162.0;10166.5;19.38;14.47;17.11;34.92;27.67;-0.441;SOFT_DOWN;-1;-60.4;-2;1
2026.01.22 13:00;10169.5;10191.0;10163.0;10186.5;21.08;11.57;19.75;30.39;25.11;-0.245;NEUTRE;0;-46.5;-2;1
2026.01.22 12:00;10156.0;10186.5;10150.5;10169.5;20.30;10.88;22.78;17.71;30.25;-0.411;NEUTRE;0;-62.4;-2;1
2026.01.22 11:00;10196.0;10202.0;10148.5;10156.5;17.99;12.55;26.29;27.24;42.51;-0.539;SOFT_DOWN;-1;-70;-3;1
2026.01.22 10:00;10219.0;10222.0;10194.0;10196.0;15.31;14.48;17.25;45.81;46.61;-0.152;NEUTRE;0;-40.4;-1;1
2026.01.22 09:00;10202.5;10221.0;10199.5;10219.0;16.33;16.71;16.88;54.48;44.73;0.073;NEUTRE;0;24.4;0;1
2026.01.22 08:00;10200.0;10214.5;10194.0;10202.5;18.76;14.63;19.48;39.53;49.38;-0.088;NEUTRE;0;-31.6;-1;1
2026.01.22 07:00;10209.0;10209.0;10194.0;10200.0;19.46;12.76;22.48;40.18;66.00;-0.113;NEUTRE;0;-42.1;-1;1
2026.01.22 06:00;10208.5;10213.0;10198.0;10209.0;18.21;14.72;21.83;68.42;83.91;-0.024;NEUTRE;0;-12.6;0;0
2026.01.22 05:00;10216.5;10216.5;10206.5;10208.5;18.02;16.98;16.47;89.40;92.73;-0.029;NEUTRE;0;-18;0;0
2026.01.22 04:00;10216.5;10216.5;10210.5;10216.5;20.56;19.60;12.85;93.92;93.59;0.049;NEUTRE;0;34.4;1;0
2026.01.22 03:00;10209.5;10217.0;10209.0;10216.5;20.52;22.61;14.83;94.88;93.78;0.049;NEUTRE;0;42.4;1;0
2026.01.22 02:00;10213.5;10213.5;10203.0;10209.5;20.49;19.36;17.11;91.98;93.51;-0.020;NEUTRE;0;-29.2;-1;0
2026.01.22 01:00;10211.5;10217.0;10208.5;10213.5;22.69;22.34;11.69;94.48;93.22;0.020;NEUTRE;0;;;0
2026.01.21 20:00;10216.0;10218.0;10194.0;10204.5;21.36;25.77;13.48;94.07;84.98;0.970;STRONG_UP;2;69.8;3;0
2026.01.21 19:00;10157.0;10217.5;10147.5;10216.0;19.84;29.42;15.56;91.12;75.93;1.083;STRONG_UP;2;72.6;3;1
2026.01.21 18:00;10141.0;10159.5;10123.5;10157.0;18.15;21.20;17.95;69.76;70.26;0.500;SOFT_UP;1;57.2;2;1
2026.01.21 17:00;10120.5;10142.0;10100.0;10141.0;19.67;16.98;20.72;66.92;74.03;0.341;NEUTRE;0;48.3;2;1
2026.01.21 16:00;10146.5;10146.5;10118.0;10120.5;21.17;19.59;17.31;74.11;73.95;0.139;NEUTRE;0;25.9;1;1
2026.01.21 15:00;10152.5;10158.0;10136.0;10146.5;23.47;22.60;10.25;81.07;60.36;0.396;NEUTRE;0;55.9;2;1
2026.01.21 14:00;10115.5;10158.0;10108.5;10152.5;21.30;26.08;11.83;66.67;40.78;0.455;SOFT_UP;1;61.2;2;1
2026.01.21 13:00;10103.5;10118.5;10098.5;10115.5;18.79;17.82;13.65;33.33;24.17;0.089;NEUTRE;0;21;0;1
2026.01.21 12:00;10090.0;10106.5;10088.5;10103.5;19.65;11.33;15.75;22.35;25.07;-0.030;NEUTRE;0;-8;0;1
2026.01.21 11:00;10110.0;10115.0;10087.5;10090.0;20.16;13.07;18.18;16.81;31.33;-0.163;NEUTRE;0;-39.7;-1;1
2026.01.21 10:00;10108.5;10122.0;10099.5;10109.5;20.75;15.08;14.26;36.04;40.22;0.030;NEUTRE;0;9.5;0;1
2026.01.21 09:00;10121.0;10134.0;10106.0;10108.5;23.51;17.40;12.01;41.15;42.36;0.020;NEUTRE;0;7.1;0;1
2026.01.21 08:00;10115.0;10134.0;10110.0;10121.0;24.30;20.08;11.66;43.48;46.19;0.143;NEUTRE;0;45;2;1
2026.01.21 07:00;10103.5;10134.0;10103.5;10116.0;23.96;23.17;13.45;42.45;55.95;0.094;NEUTRE;0;36.9;1;1
2026.01.21 06:00;10110.5;10112.5;10102.0;10104.0;23.56;15.89;15.52;52.63;64.84;-0.025;NEUTRE;0;-13.1;0;0
2026.01.21 05:00;10109.0;10116.5;10108.5;10111.0;27.01;18.33;8.39;72.78;68.09;0.045;NEUTRE;0;26.7;1;0
2026.01.21 04:00;10114.0;10116.0;10108.5;10109.0;25.44;20.19;9.68;69.10;57.50;0.025;NEUTRE;0;19.3;0;0
2026.01.21 03:00;10107.0;10118.5;10105.5;10114.0;23.94;23.30;11.17;62.37;46.92;0.074;NEUTRE;0;54.1;2;0
2026.01.21 02:00;10108.5;10109.5;10104.0;10107.0;22.20;16.23;12.88;41.04;39.19;0.005;NEUTRE;0;8;0;0
2026.01.21 01:00;10106.5;10113.5;10097.5;10108.0;23.85;18.73;14.87;37.34;42.67;0.015;NEUTRE;0;;;0
2026.01.20 20:00;10101.0;10103.0;10089.5;10097.0;25.75;11.82;17.15;39.19;53.18;-0.786;STRONG_DOWN;-2;-65.5;-3;0
2026.01.20 19:00;10101.5;10106.5;10090.0;10101.0;26.88;13.64;19.22;51.49;67.18;-0.747;SOFT_DOWN;-1;-65.6;-3;1
2026.01.20 18:00;10106.5;10120.5;10096.0;10101.5;28.40;15.74;16.59;68.87;77.31;-0.742;SOFT_DOWN;-1;-66.6;-3;1
2026.01.20 17:00;10125.0;10126.5;10101.0;10106.5;32.37;18.16;16.00;81.19;76.41;-0.693;SOFT_DOWN;-1;-66.3;-3;1
2026.01.20 16:00;10109.0;10127.5;10104.0;10125.0;36.37;20.95;16.65;81.88;69.79;-0.511;SOFT_DOWN;-1;-60.8;-2;1
2026.01.20 15:00;10086.0;10114.0;10082.0;10109.0;40.21;15.34;19.21;66.17;59.17;-0.668;SOFT_DOWN;-1;-68.1;-3;1
2026.01.20 14:00;10076.5;10101.0;10074.5;10085.5;44.67;11.45;22.17;61.34;49.70;-0.899;STRONG_DOWN;-2;-74.4;-3;1
2026.01.20 13:00;10103.5;10106.5;10075.0;10076.5;46.64;13.21;25.29;50.00;35.43;-0.988;STRONG_DOWN;-2;-76.8;-3;1
2026.01.20 12:00;10083.0;10107.0;10077.0;10103.0;48.99;15.24;28.20;37.76;21.81;-0.727;SOFT_DOWN;-1;-73.6;-3;1
2026.01.20 11:00;10069.5;10088.5;10068.5;10083.5;51.93;8.10;32.54;18.52;11.43;-0.919;STRONG_DOWN;-2;-77.9;-3;1
2026.01.20 10:00;10050.5;10081.5;10045.5;10069.5;50.67;3.96;37.54;9.14;9.43;-1.056;STRONG_DOWN;-2;-80.4;-3;1
2026.01.20 09:00;10078.0;10081.0;10046.0;10050.5;46.02;4.57;43.32;6.63;12.89;-1.243;STRONG_DOWN;-2;-82.6;-3;1
2026.01.20 08:00;10130.0;10132.0;10074.0;10078.0;40.65;5.27;37.68;12.53;17.05;-0.973;STRONG_DOWN;-2;-81.6;-3;1
2026.01.20 07:00;10146.5;10150.5;10119.5;10130.0;35.29;6.08;31.41;19.52;20.00;-0.462;SOFT_DOWN;-1;-74.8;-3;1
2026.01.20 06:00;10170.5;10170.5;10135.0;10146.5;30.33;7.02;28.54;19.10;22.86;-0.300;NEUTRE;0;-70.3;-3;0
2026.01.20 05:00;10170.5;10175.0;10168.5;10170.5;25.68;8.10;18.42;21.37;28.31;-0.064;NEUTRE;0;-35.6;-1;0
2026.01.20 04:00;10175.0;10175.5;10169.5;10171.0;23.65;9.35;18.88;28.10;28.17;-0.059;NEUTRE;0;-39.5;-1;0
2026.01.20 03:00;10175.0;10175.5;10169.5;10175.0;22.09;10.78;21.79;35.45;22.14;-0.020;NEUTRE;0;-20.5;0;0
2026.01.20 02:00;10183.0;10185.0;10168.0;10175.0;20.29;12.44;25.14;20.97;12.12;-0.020;NEUTRE;0;-29.2;-1;0
2026.01.20 01:00;10177.0;10187.5;10177.0;10182.5;18.21;14.36;20.87;10.00;8.44;0.054;NEUTRE;0;;;0
2026.01.19 20:00;10181.5;10182.5;10179.0;10179.5;18.17;9.24;24.08;5.41;14.61;0.394;NEUTRE;0;47.8;2;0
2026.01.19 19:00;10186.0;10186.0;10181.5;10182.0;14.11;10.66;16.79;9.93;31.09;0.419;SOFT_UP;1;51;2;1
2026.01.19 18:00;10186.5;10189.5;10183.0;10186.0;12.85;12.30;14.25;28.48;52.75;0.459;SOFT_UP;1;55;2;1
2026.01.19 17:00;10187.0;10191.0;10183.0;10186.5;13.70;14.19;16.44;54.85;69.19;0.464;SOFT_UP;1;56.8;2;1
2026.01.19 16:00;10198.5;10205.5;10185.5;10186.5;14.68;16.38;14.16;74.90;71.26;0.464;SOFT_UP;1;58.4;2;1
2026.01.19 15:00;10202.0;10206.0;10193.0;10198.5;15.82;18.89;10.57;77.82;60.92;0.582;SOFT_UP;1;65.3;3;1
2026.01.19 14:00;10197.5;10206.0;10186.5;10202.0;13.90;21.80;12.19;61.08;44.04;0.616;SOFT_UP;1;67.9;3;1
2026.01.19 13:00;10190.0;10202.5;10185.0;10197.5;11.69;22.39;14.07;43.88;31.42;0.572;SOFT_UP;1;67.9;3;1
2026.01.19 12:00;10182.0;10191.5;10169.5;10190.0;9.98;16.17;16.23;27.17;29.29;0.498;SOFT_UP;1;66.7;3;1
2026.01.19 11:00;10165.5;10188.0;10162.5;10182.0;11.49;16.21;18.73;23.22;38.06;0.419;SOFT_UP;1;64.9;2;1
2026.01.19 10:00;10178.5;10188.0;10163.5;10165.5;12.14;18.70;21.01;37.47;51.83;0.256;NEUTRE;0;55.1;2;1
2026.01.19 09:00;10213.0;10217.5;10169.5;10178.5;13.12;21.58;20.47;53.50;62.01;0.385;NEUTRE;0;67.3;3;1
2026.01.19 08:00;10179.5;10231.0;10177.0;10213.0;14.73;24.90;21.22;64.53;61.35;0.725;SOFT_UP;1;78.8;3;1
2026.01.19 07:00;10175.5;10184.5;10158.5;10179.5;15.77;15.48;24.48;68.00;56.13;0.394;NEUTRE;0;72.4;3;1
2026.01.19 06:00;10185.0;10189.5;10174.5;10175.5;14.73;17.87;18.78;51.52;46.96;0.355;NEUTRE;0;73.2;3;0
2026.01.19 05:00;10186.0;10187.5;10172.5;10185.0;16.61;18.56;21.67;48.88;41.32;0.449;SOFT_UP;1;78.7;3;0
2026.01.19 04:00;10189.5;10191.0;10183.0;10186.0;17.98;21.42;14.24;40.48;37.86;0.459;SOFT_UP;1;81.1;3;0
2026.01.19 03:00;10187.0;10192.0;10181.0;10189.5;17.64;24.71;16.43;34.59;40.45;0.493;SOFT_UP;1;83.8;3;0
2026.01.19 02:00;10165.5;10187.5;10165.5;10187.5;17.26;22.22;18.96;38.52;58.56;0.473;SOFT_UP;1;85.7;3;0
2026.01.19 01:00;10139.5;10176.0;10139.5;10165.0;18.69;17.78;21.87;48.23;75.94;0.251;NEUTRE;0;;;0
2026.01.16 20:00;10255.0;10258.5;10247.5;10253.0;19.98;20.51;10.60;88.94;89.67;0.249;NEUTRE;0;34.9;1;0
2026.01.16 19:00;10252.5;10258.5;10243.5;10255.0;18.15;23.67;12.23;90.65;80.02;0.269;NEUTRE;0;38.4;1;1
2026.01.16 18:00;10243.5;10256.5;10243.0;10252.5;16.04;25.26;14.11;89.42;59.40;0.244;NEUTRE;0;37.2;1;1
2026.01.16 17:00;10242.5;10245.5;10236.0;10243.5;14.16;16.61;16.28;60.00;32.55;0.156;NEUTRE;0;27.2;1;1
2026.01.16 16:00;10225.0;10246.0;10220.0;10242.5;16.18;19.17;18.79;28.77;18.63;0.147;NEUTRE;0;27.2;1;1
2026.01.16 15:00;10218.5;10230.5;10218.0;10225.0;18.52;12.94;21.68;8.87;19.99;-0.024;NEUTRE;0;-5.1;0;1
2026.01.16 14:00;10222.5;10236.5;10218.5;10218.5;17.48;14.94;24.40;18.25;34.00;-0.088;NEUTRE;0;-19.4;0;1
2026.01.16 13:00;10234.5;10235.5;10221.0;10222.5;16.47;17.23;26.01;32.84;49.07;-0.049;NEUTRE;0;-11.9;0;1
2026.01.16 12:00;10235.5;10243.0;10232.0;10234.5;15.88;19.88;18.35;50.90;58.03;0.068;NEUTRE;0;17.6;0;1
2026.01.16 11:00;10245.0;10257.0;10234.0;10235.0;17.71;22.94;18.37;63.49;56.60;0.073;NEUTRE;0;20.4;0;1
2026.01.16 10:00;10240.0;10261.0;10237.5;10245.0;18.73;26.47;18.86;59.70;45.50;0.171;NEUTRE;0;43.7;1;1
2026.01.16 09:00;10218.5;10242.0;10218.5;10240.0;19.03;18.11;21.76;46.62;44.35;0.122;NEUTRE;0;37.2;1;1
2026.01.16 08:00;10226.5;10230.0;10214.5;10218.5;20.54;13.04;25.10;30.17;56.46;-0.088;NEUTRE;0;-31.6;-1;1
2026.01.16 07:00;10237.5;10241.0;10221.0;10226.0;18.84;15.04;22.52;56.25;67.94;-0.015;NEUTRE;0;-6.8;0;1
2026.01.16 06:00;10237.0;10238.5;10231.0;10237.5;18.68;17.36;18.29;82.95;64.55;0.098;NEUTRE;0;42.4;1;0
2026.01.16 05:00;10238.0;10240.5;10236.0;10237.5;21.15;20.03;10.84;64.60;48.47;0.098;NEUTRE;0;47.6;2;0
2026.01.16 04:00;10232.0;10238.5;10230.0;10238.0;19.82;16.27;12.51;46.09;35.53;0.103;NEUTRE;0;55.2;2;0
2026.01.16 03:00;10230.5;10238.0;10229.0;10232.0;20.86;17.87;14.44;34.72;29.83;0.044;NEUTRE;0;39.4;1;0
2026.01.16 02:00;10233.5;10234.0;10229.5;10230.0;22.44;13.78;16.66;25.79;28.76;0.024;NEUTRE;0;33.9;1;0
2026.01.16 01:00;10227.5;10239.5;10224.0;10233.5;24.44;15.90;19.22;28.99;30.46;0.059;NEUTRE;0;;;0
2026.01.15 20:00;10237.0;10237.0;10223.5;10227.5;26.74;15.87;22.18;31.49;31.54;0.117;NEUTRE;0;18.1;0;0
2026.01.15 19:00;10240.0;10247.5;10236.5;10237.0;28.31;18.31;10.78;30.90;36.04;0.210;NEUTRE;0;31.7;1;1
2026.01.15 18:00;10228.0;10246.0;10227.0;10239.5;28.68;19.03;12.43;32.22;50.45;0.235;NEUTRE;0;36.1;1;1
2026.01.15 17:00;10237.5;10242.0;10226.5;10228.5;29.86;18.72;14.35;45.00;69.29;0.127;NEUTRE;0;22.7;0;1
2026.01.15 16:00;10251.0;10255.0;10234.5;10237.5;32.43;21.60;8.61;74.14;83.13;0.215;NEUTRE;0;36.9;1;1
2026.01.15 15:00;10249.5;10255.5;10234.5;10251.0;30.80;24.92;9.94;88.73;85.90;0.348;NEUTRE;0;52.4;2;1
2026.01.15 14:00;10239.5;10249.5;10225.5;10249.5;28.93;24.36;11.47;86.53;84.10;0.333;NEUTRE;0;53.1;2;1
2026.01.15 13:00;10234.5;10240.0;10227.5;10239.5;27.84;22.02;13.23;82.43;83.65;0.235;NEUTRE;0;45.3;2;1
2026.01.15 12:00;10232.5;10243.0;10227.5;10234.5;28.29;25.40;15.27;83.33;80.42;0.186;NEUTRE;0;40.9;1;1
2026.01.15 11:00;10237.5;10239.0;10226.0;10233.0;28.81;25.34;17.62;85.19;70.19;0.171;NEUTRE;0;41;1;1
2026.01.15 10:00;10227.0;10247.0;10222.5;10237.5;30.48;29.24;20.33;72.75;52.59;0.215;NEUTRE;0;50.3;2;1
2026.01.15 09:00;10198.0;10232.0;10197.5;10227.0;32.40;24.32;23.45;52.63;38.42;0.113;NEUTRE;0;35.1;1;1
2026.01.15 08:00;10206.5;10208.0;10175.0;10198.0;37.11;17.36;27.06;32.38;40.72;-0.171;NEUTRE;0;-50.1;-2;1
2026.01.15 07:00;10223.5;10224.0;10208.0;10208.0;39.45;20.03;15.84;30.23;49.88;-0.073;NEUTRE;0;-30.3;-1;1
2026.01.15 06:00;10224.0;10230.5;10212.5;10223.5;43.73;23.11;13.95;59.54;64.80;0.078;NEUTRE;0;36;1;0
2026.01.15 05:00;10225.5;10233.5;10222.5;10224.0;46.65;26.66;7.55;59.86;73.47;0.083;NEUTRE;0;42.9;1;0
2026.01.15 04:00;10220.5;10228.0;10219.5;10225.5;45.23;23.07;8.71;75.00;84.79;0.098;NEUTRE;0;53.9;2;0
2026.01.15 03:00;10225.5;10228.5;10216.5;10220.5;45.24;26.62;10.05;85.56;92.29;0.049;NEUTRE;0;42.4;1;0
2026.01.15 02:00;10231.5;10232.5;10221.5;10225.0;45.25;30.72;5.19;93.81;96.25;0.093;NEUTRE;0;69;3;0
2026.01.15 01:00;10215.5;10232.0;10215.5;10231.5;41.27;34.75;5.99;97.51;96.95;0.157;NEUTRE;0;;;0
2026.01.14 20:00;10220.0;10224.5;10206.0;10222.0;36.76;33.10;6.91;97.44;93.74;0.724;SOFT_UP;1;63.7;2;0
2026.01.14 19:00;10210.0;10221.5;10208.5;10220.0;32.34;35.70;7.97;95.89;86.21;0.705;SOFT_UP;1;64.3;2;1
2026.01.14 18:00;10180.5;10210.5;10179.5;10210.0;27.55;28.17;9.19;87.91;72.97;0.606;SOFT_UP;1;62;2;1
2026.01.14 17:00;10174.5;10185.0;10173.0;10181.0;23.97;19.85;10.61;74.84;58.02;0.320;NEUTRE;0;46.5;2;1
2026.01.14 16:00;10175.0;10183.0;10167.0;10174.5;22.99;20.34;12.24;56.16;50.92;0.256;NEUTRE;0;41.8;1;1
2026.01.14 15:00;10166.5;10176.5;10157.0;10175.0;22.71;17.22;14.12;43.07;55.34;0.261;NEUTRE;0;44.2;1;1
2026.01.14 14:00;10167.0;10180.0;10161.0;10166.5;24.68;19.87;13.14;53.52;68.96;0.177;NEUTRE;0;35.3;1;1
2026.01.14 13:00;10181.0;10181.5;10166.0;10167.0;25.34;22.93;11.12;69.43;77.15;0.182;NEUTRE;0;38.1;1;1
2026.01.14 12:00;10172.0;10182.5;10165.5;10181.0;23.90;26.45;12.83;83.94;80.68;0.320;NEUTRE;0;56.2;2;1
2026.01.14 11:00;10173.0;10175.0;10161.0;10172.5;22.24;23.73;14.80;78.10;79.74;0.236;NEUTRE;0;50.2;2;1
2026.01.14 10:00;10167.5;10179.5;10165.0;10172.5;22.10;27.39;12.68;80.00;79.75;0.236;NEUTRE;0;52.9;2;1
2026.01.14 09:00;10170.0;10171.0;10161.0;10167.5;19.85;22.58;14.63;81.12;71.92;0.187;NEUTRE;0;49.3;2;1
2026.01.14 08:00;10159.5;10176.5;10154.5;10170.0;19.62;26.05;16.88;78.13;59.07;0.212;NEUTRE;0;56;2;1
2026.01.14 07:00;10150.5;10165.0;10150.5;10162.0;19.35;22.02;19.48;56.52;51.51;0.133;NEUTRE;0;46.7;2;1
2026.01.14 06:00;10145.5;10151.0;10140.0;10150.5;21.38;10.55;22.47;42.57;57.22;0.020;NEUTRE;0;10.6;0;0
2026.01.14 05:00;10152.5;10153.5;10145.5;10145.5;19.12;12.18;18.24;55.45;68.25;-0.030;NEUTRE;0;-18.6;0;0
2026.01.14 04:00;10158.0;10158.5;10150.5;10152.5;18.99;14.05;11.43;73.64;72.95;0.039;NEUTRE;0;28.6;1;0
2026.01.14 03:00;10153.5;10158.5;10153.0;10158.0;20.33;16.21;8.38;75.68;75.89;0.094;NEUTRE;0;60.3;2;0
2026.01.14 02:00;10153.5;10156.0;10148.5;10153.5;18.56;11.72;9.67;69.53;78.22;0.049;NEUTRE;0;53.9;2;0
2026.01.14 01:00;10148.5;10159.5;10148.5;10153.5;19.95;13.52;11.16;82.46;82.91;0.049;NEUTRE;0;;;0