time;open;high;low;close;adx14;plus_di;minus_di;stoch_k;stoch_d;intraday_change;intraday_level;intraday_force;theta_deg;theta_level;is_active
2026.07.14 18:00;162.186;162.282;162.157;162.214;31.22;21.08;11.12;84.46;79.53;-0.124;NEUTRE;0;-29.9;-1;1
2026.07.14 17:00;162.109;162.231;162.108;162.186;31.27;18.04;12.83;82.58;71.55;-0.142;NEUTRE;0;-34.9;-1;1
2026.07.14 16:00;162.137;162.196;162.102;162.109;33.48;16.44;14.81;71.56;59.45;-0.189;NEUTRE;0;-44.6;-1;1
2026.07.14 15:00;161.965;162.165;161.871;162.139;37.83;13.90;17.09;60.50;49.92;-0.171;NEUTRE;0;-43.6;-1;1
2026.07.14 14:00;161.922;162.011;161.820;161.965;42.07;7.98;19.71;46.30;44.83;-0.278;SOFT_DOWN;-1;-58.9;-2;1
2026.07.14 13:00;161.905;161.973;161.827;161.921;42.02;6.14;22.75;42.97;45.56;-0.305;SOFT_DOWN;-1;-63;-2;1
2026.07.14 12:00;162.193;162.229;161.603;161.905;39.64;7.09;26.25;45.23;49.92;-0.315;SOFT_DOWN;-1;-65.5;-3;1
2026.07.14 11:00;162.250;162.271;162.180;162.193;36.90;8.18;16.10;48.48;54.21;-0.137;NEUTRE;0;-46.2;-2;1
2026.07.14 10:00;162.178;162.258;162.153;162.250;37.55;7.24;18.58;56.05;60.89;-0.102;NEUTRE;0;-40.5;-1;1
2026.07.14 09:00;162.271;162.277;162.152;162.179;36.57;8.35;21.44;58.10;60.65;-0.146;NEUTRE;0;-53.6;-2;1
2026.07.14 08:00;162.336;162.382;162.043;162.270;35.44;9.64;24.74;68.52;55.56;-0.090;NEUTRE;0;-43.3;-1;1
2026.07.14 07:00;162.338;162.367;162.290;162.338;34.13;11.12;17.34;55.34;43.18;-0.048;NEUTRE;0;-29.8;-1;1
2026.07.14 06:00;162.284;162.365;162.270;162.340;36.02;12.43;20.00;42.83;36.07;-0.047;NEUTRE;0;-33.2;-1;0
2026.07.14 05:00;162.314;162.314;162.237;162.284;37.97;6.08;23.08;31.36;36.47;-0.081;NEUTRE;0;-53.6;-2;0
2026.07.14 04:00;162.285;162.334;162.258;162.314;34.84;7.02;22.44;34.03;44.54;-0.063;NEUTRE;0;-52.8;-2;0
2026.07.14 03:00;162.320;162.367;162.224;162.286;32.15;8.10;25.89;44.03;54.41;-0.080;NEUTRE;0;-65.8;-3;0
2026.07.14 02:00;162.390;162.409;162.301;162.321;29.04;9.34;21.59;55.56;61.94;-0.058;NEUTRE;0;-67.6;-3;0
2026.07.14 01:00;162.379;162.420;162.320;162.390;27.42;10.78;22.20;63.65;68.71;-0.016;NEUTRE;0;;;0
2026.07.14 00:00;162.416;162.464;162.228;162.378;26.32;12.44;25.62;66.61;75.40;-0.023;NEUTRE;0;;;0
2026.07.13 23:00;162.442;162.451;162.385;162.417;25.04;14.36;19.32;75.87;81.57;0.330;SOFT_UP;1;50.2;2;0
2026.07.13 22:00;162.452;162.468;162.413;162.444;26.62;16.56;15.77;83.73;80.59;0.347;SOFT_UP;1;52.8;2;0
2026.07.13 21:00;162.357;162.464;162.314;162.452;30.34;17.99;18.19;85.10;80.01;0.352;SOFT_UP;1;54.5;2;0
2026.07.13 20:00;162.446;162.477;162.422;162.454;34.92;20.76;9.92;72.93;80.60;0.353;SOFT_UP;1;55.9;2;0
2026.07.13 19:00;162.354;162.461;162.349;162.447;34.85;19.48;11.44;82.02;86.55;0.349;SOFT_UP;1;56.9;2;1
2026.07.13 18:00;162.456;162.475;162.351;162.353;36.22;22.48;12.93;86.86;87.89;0.291;SOFT_UP;1;53.5;2;1
2026.07.13 17:00;162.442;162.463;162.420;162.458;37.64;25.94;6.36;90.78;87.21;0.356;SOFT_UP;1;60.3;2;1
2026.07.13 16:00;162.319;162.462;162.305;162.447;34.10;29.57;7.33;86.04;84.50;0.349;SOFT_UP;1;61.3;2;1
2026.07.13 15:00;162.342;162.377;162.300;162.319;30.08;25.79;8.46;84.82;79.99;0.270;SOFT_UP;1;56.4;2;1
2026.07.13 14:00;162.219;162.407;162.183;162.343;26.92;29.75;9.76;82.66;70.00;0.285;SOFT_UP;1;59.6;2;1
2026.07.13 13:00;162.107;162.226;162.068;162.218;23.28;21.90;11.27;72.48;57.55;0.208;NEUTRE;0;53.2;2;1
2026.07.13 12:00;162.117;162.190;162.095;162.108;21.93;21.76;13.00;54.87;46.89;0.140;NEUTRE;0;44.3;1;1
2026.07.13 11:00;162.062;162.140;162.025;162.115;21.43;17.02;15.00;45.29;42.95;0.144;NEUTRE;0;47.6;2;1
2026.07.13 10:00;161.992;162.119;161.987;162.063;23.76;16.82;17.31;40.50;46.42;0.112;NEUTRE;0;43.1;1;1
2026.07.13 09:00;162.075;162.097;161.974;161.991;27.19;16.85;19.97;43.06;55.37;0.067;NEUTRE;0;31.9;1;1
2026.07.13 08:00;162.097;162.138;162.015;162.075;30.07;19.44;17.91;55.69;63.41;0.119;NEUTRE;0;51.2;2;1
2026.07.13 07:00;162.234;162.276;161.832;162.103;34.07;22.43;20.67;67.37;66.36;0.137;NEUTRE;0;58.6;2;1
2026.07.13 06:00;162.265;162.353;162.193;162.235;38.68;25.88;11.34;67.18;65.61;0.218;NEUTRE;0;71.8;3;0
2026.07.13 05:00;161.992;162.333;161.937;162.266;38.62;27.94;13.09;64.52;66.56;0.237;NEUTRE;0;75.8;3;0
2026.07.13 04:00;162.065;162.090;161.957;161.990;39.00;22.80;15.10;65.12;71.66;0.067;NEUTRE;0;54.5;2;0
2026.07.13 03:00;162.071;162.121;162.061;162.064;41.87;26.31;5.39;70.04;74.21;0.112;NEUTRE;0;72.2;3;0
2026.07.13 02:00;161.968;162.088;161.956;162.071;38.16;21.89;6.22;79.82;78.45;0.117;NEUTRE;0;78.4;3;0
2026.07.13 01:00;162.090;162.167;161.952;161.972;35.46;25.26;7.18;72.77;77.82;0.056;NEUTRE;0;;;0
2026.07.13 00:00;161.882;162.097;161.876;162.089;32.34;24.14;8.28;82.76;81.92;0.128;NEUTRE;0;;;0
2026.07.12 23:00;162.025;162.062;161.880;161.882;29.79;25.42;9.56;77.93;81.38;0.129;NEUTRE;0;25.1;1;0
2026.07.12 22:00;161.671;162.063;161.671;162.025;27.40;29.33;11.03;85.06;80.59;0.217;NEUTRE;0;39.5;1;0
2026.07.12 21:00;161.674;161.744;161.639;161.727;24.63;21.32;12.73;81.14;75.82;0.033;NEUTRE;0;7.5;0;0
2026.07.10 20:00;161.732;161.757;161.647;161.651;24.54;24.60;13.51;75.57;67.49;-0.437;SOFT_DOWN;-1;-61.3;-2;0
2026.07.10 19:00;161.683;161.743;161.672;161.731;23.84;28.39;12.09;70.75;53.99;-0.388;SOFT_DOWN;-1;-59.6;-2;1
2026.07.10 18:00;161.642;161.728;161.628;161.683;21.32;29.50;13.95;56.15;39.95;-0.418;SOFT_DOWN;-1;-62.8;-2;1
2026.07.10 17:00;161.504;161.648;161.488;161.642;19.09;21.73;16.10;35.08;30.74;-0.443;SOFT_DOWN;-1;-65.3;-3;1
2026.07.10 16:00;161.314;161.507;161.296;161.505;19.74;11.52;18.58;28.62;40.39;-0.527;SOFT_DOWN;-1;-70;-3;1
2026.07.10 15:00;161.822;161.839;161.275;161.315;19.17;13.29;21.44;28.53;54.97;-0.644;STRONG_DOWN;-2;-74.4;-3;1
2026.07.10 14:00;161.760;161.863;161.741;161.822;18.51;15.34;12.02;64.00;72.22;-0.332;SOFT_DOWN;-1;-63.2;-2;1
2026.07.10 13:00;161.791;161.855;161.717;161.761;19.49;16.69;13.87;72.36;79.96;-0.370;SOFT_DOWN;-1;-67.2;-3;1
2026.07.10 12:00;161.844;161.889;161.681;161.791;21.08;19.25;16.01;80.28;83.63;-0.351;SOFT_DOWN;-1;-67.8;-3;1
2026.07.10 11:00;161.764;161.879;161.743;161.843;22.90;22.22;13.89;87.24;84.91;-0.319;SOFT_DOWN;-1;-67.6;-3;1
2026.07.10 10:00;161.821;161.821;161.693;161.763;22.88;19.07;16.02;83.39;80.18;-0.368;SOFT_DOWN;-1;-72;-3;1
2026.07.10 09:00;161.681;161.855;161.635;161.824;25.06;22.01;18.49;84.11;70.64;-0.331;SOFT_DOWN;-1;-72;-3;1
2026.07.10 08:00;161.691;161.742;161.537;161.681;27.58;17.49;21.33;73.05;55.50;-0.419;SOFT_DOWN;-1;-77.1;-3;1
2026.07.10 07:00;161.576;161.769;161.570;161.691;30.30;20.18;22.14;54.75;40.61;-0.413;SOFT_DOWN;-1;-78.5;-3;1
2026.07.10 06:00;161.578;161.610;161.403;161.576;34.25;10.99;25.54;38.72;29.65;-0.483;SOFT_DOWN;-1;-81.6;-3;0
2026.07.10 05:00;161.628;161.661;161.471;161.578;33.39;12.68;24.42;28.35;22.22;-0.482;SOFT_DOWN;-1;-82.9;-3;0
2026.07.10 04:00;161.515;161.704;161.515;161.629;33.67;14.64;24.61;21.89;18.60;-0.451;SOFT_DOWN;-1;-83.9;-3;0
2026.07.10 03:00;161.448;161.570;161.347;161.515;34.94;5.98;28.40;16.42;19.08;-0.521;SOFT_DOWN;-1;-86.1;-3;0
2026.07.10 02:00;161.730;161.748;161.282;161.449;30.28;6.90;32.77;17.48;26.20;-0.562;STRONG_DOWN;-2;-87.6;-3;0
2026.07.10 01:00;162.051;162.100;161.628;161.732;24.90;7.96;26.38;23.32;38.27;-0.387;SOFT_DOWN;-1;;;0
2026.07.10 00:00;162.361;162.418;161.891;162.051;20.48;9.19;21.87;37.78;51.76;-0.191;NEUTRE;0;;;0
2026.07.09 23:00;162.348;162.382;162.336;162.362;17.35;10.60;12.24;53.72;64.15;-0.107;NEUTRE;0;-21.3;0;0
2026.07.09 22:00;162.312;162.422;162.312;162.349;18.91;12.23;14.13;63.78;70.05;-0.115;NEUTRE;0;-23.6;0;0
2026.07.09 21:00;162.370;162.419;162.285;162.353;20.71;13.69;16.30;74.95;64.31;-0.113;NEUTRE;0;-24.2;0;0
2026.07.09 20:00;162.400;162.400;162.354;162.385;22.56;15.80;10.89;71.43;49.11;-0.093;NEUTRE;0;-21.2;0;0
2026.07.09 19:00;162.330;162.409;162.317;162.382;23.20;18.23;12.56;46.56;31.55;-0.095;NEUTRE;0;-22.7;0;1
2026.07.09 18:00;162.282;162.371;162.280;162.330;23.94;14.68;14.49;29.35;24.33;-0.127;NEUTRE;0;-30.5;-1;1
2026.07.09 17:00;162.311;162.324;162.268;162.282;27.53;8.99;16.72;18.72;22.13;-0.156;NEUTRE;0;-37.5;-1;1
2026.07.09 16:00;162.283;162.321;162.252;162.310;27.13;9.55;19.30;24.93;29.56;-0.139;NEUTRE;0;-36;-1;1
2026.07.09 15:00;162.361;162.409;162.250;162.284;26.11;11.02;22.27;22.75;40.29;-0.155;NEUTRE;0;-40.8;-1;1
2026.07.09 14:00;162.335;162.417;162.281;162.361;24.93;12.71;22.69;40.99;59.95;-0.108;NEUTRE;0;-32.8;-1;1
2026.07.09 13:00;162.439;162.448;162.291;162.334;24.43;14.67;25.05;57.12;74.29;-0.124;NEUTRE;0;-38.6;-1;1
2026.07.09 12:00;162.471;162.471;162.340;162.437;24.17;16.93;24.10;81.74;81.53;-0.061;NEUTRE;0;-23;0;1
2026.07.09 11:00;162.481;162.504;162.447;162.470;25.19;19.53;15.25;84.00;74.13;-0.041;NEUTRE;0;-17.3;0;1
2026.07.09 10:00;162.395;162.502;162.395;162.479;27.17;22.00;17.59;78.85;59.85;-0.035;NEUTRE;0;-16.3;0;1
2026.07.09 09:00;162.390;162.446;162.376;162.395;29.64;17.33;20.30;59.52;41.62;-0.087;NEUTRE;0;-39;-1;1
2026.07.09 08:00;162.343;162.398;162.296;162.389;32.99;9.45;23.42;41.16;28.86;-0.090;NEUTRE;0;-43.3;-1;1
2026.07.09 07:00;162.293;162.393;162.293;162.342;31.52;10.15;27.03;24.18;24.63;-0.119;NEUTRE;0;-54.9;-2;1
2026.07.09 06:00;162.369;162.369;162.242;162.293;29.39;8.01;31.18;21.23;29.80;-0.150;NEUTRE;0;-64.4;-2;0
2026.07.09 05:00;162.427;162.432;162.339;162.366;24.82;9.25;24.23;28.48;36.05;-0.105;NEUTRE;0;-60.3;-2;0
2026.07.09 04:00;162.447;162.459;162.406;162.426;21.75;10.67;16.88;39.68;38.49;-0.068;NEUTRE;0;-54.9;-2;0
2026.07.09 03:00;162.468;162.493;162.404;162.447;21.63;12.31;19.47;39.97;38.07;-0.055;NEUTRE;0;-56.9;-2;0
2026.07.09 02:00;162.440;162.498;162.433;162.466;21.49;14.21;17.45;35.83;40.61;-0.043;NEUTRE;0;-60.9;-2;0
2026.07.09 01:00;162.439;162.568;162.410;162.444;23.22;16.39;20.14;38.41;48.78;-0.057;NEUTRE;0;;;0
2026.07.09 00:00;162.536;162.536;162.356;162.440;25.21;15.80;23.24;47.58;59.97;-0.059;NEUTRE;0;;;0
2026.07.08 23:00;162.562;162.575;162.529;162.537;26.16;18.23;12.11;60.36;62.29;0.108;NEUTRE;0;21.4;0;0
2026.07.08 22:00;162.549;162.608;162.537;162.561;27.08;21.03;11.30;71.96;55.61;0.123;NEUTRE;0;25.1;1;0
2026.07.08 21:00;162.508;162.591;162.463;162.555;26.61;20.58;13.03;54.56;39.81;0.119;NEUTRE;0;25.4;1;0
2026.07.08 20:00;162.471;162.639;162.465;162.632;27.25;23.75;14.86;40.31;31.38;0.167;NEUTRE;0;34.9;1;0
2026.07.08 19:00;162.471;162.550;162.419;162.471;27.90;19.54;17.14;24.57;35.26;0.068;NEUTRE;0;16.7;0;1
2026.07.08 18:00;162.480;162.554;162.439;162.471;31.19;22.54;17.43;29.25;50.77;0.068;NEUTRE;0;17.5;0;1
2026.07.08 17:00;162.530;162.547;162.413;162.510;34.02;25.07;20.11;51.98;71.22;0.092;NEUTRE;0;24.3;0;1
2026.07.08 16:00;162.665;162.666;162.500;162.530;37.56;28.93;13.22;71.09;84.37;0.104;NEUTRE;0;28.5;1;1
2026.07.08 15:00;162.606;162.702;162.589;162.665;37.61;33.38;7.00;90.61;91.43;0.187;NEUTRE;0;46.2;2;1
2026.07.08 14:00;162.535;162.617;162.508;162.606;33.34;26.94;8.08;91.42;90.96;0.151;NEUTRE;0;42;1;1
2026.07.08 13:00;162.515;162.563;162.479;162.535;30.19;23.47;9.32;92.27;89.15;0.107;NEUTRE;0;34.5;1;1
2026.07.08 12:00;162.534;162.541;162.439;162.516;28.19;23.05;10.76;89.19;87.40;0.095;NEUTRE;0;33.5;1;1
2026.07.08 11:00;162.472;162.552;162.419;162.536;26.94;26.60;12.41;85.98;83.27;0.108;NEUTRE;0;39.4;1;1
2026.07.08 10:00;162.457;162.473;162.402;162.473;25.49;21.55;14.32;87.01;75.33;0.069;NEUTRE;0;30;1;1
2026.07.08 09:00;162.484;162.551;162.252;162.458;26.31;24.86;16.53;76.81;59.33;0.060;NEUTRE;0;29.1;1;1
2026.07.08 08:00;162.217;162.492;162.204;162.484;27.26;25.65;19.07;62.17;47.33;0.076;NEUTRE;0;38.5;1;1
2026.07.08 07:00;162.200;162.285;162.176;162.218;29.19;18.54;22.00;39.00;43.28;-0.088;NEUTRE;0;-46.4;-2;1
2026.07.08 06:00;162.295;162.304;162.072;162.201;32.37;21.40;25.39;40.83;50.71;-0.099;NEUTRE;0;-54.1;-2;0
2026.07.08 05:00;162.363;162.372;162.201;162.293;36.03;24.69;20.74;50.00;60.20;-0.042;NEUTRE;0;-35.1;-1;0
2026.07.08 04:00;162.338;162.402;162.332;162.363;40.24;28.49;12.14;61.31;69.28;0.001;NEUTRE;0;1.2;0;0
2026.07.08 03:00;162.340;162.348;162.286;162.337;40.24;21.00;14.01;69.29;77.99;-0.015;NEUTRE;0;-22.7;0;0
2026.07.08 02:00;162.357;162.427;162.332;162.341;43.36;24.23;4.75;77.24;86.00;-0.012;NEUTRE;0;-26.6;-1;0
2026.07.08 01:00;162.342;162.457;162.278;162.353;39.69;27.96;5.48;87.44;92.83;-0.005;NEUTRE;0;;;0
2026.07.08 00:00;162.361;162.399;162.250;162.342;35.46;27.27;6.33;93.32;95.46;-0.012;NEUTRE;0;;;0
2026.07.07 23:00;162.178;162.360;162.164;162.358;31.32;27.44;7.30;97.72;94.29;0.164;NEUTRE;0;30.8;1;0
2026.07.07 22:00;162.167;162.198;162.104;162.178;27.22;18.95;8.42;95.34;86.91;0.053;NEUTRE;0;11.4;0;0
2026.07.07 21:00;162.031;162.169;161.996;162.166;25.49;17.12;9.72;89.81;73.87;0.046;NEUTRE;0;10.4;0;0
2026.07.07 20:00;162.071;162.122;162.046;162.115;25.17;19.75;6.77;75.58;61.19;0.014;NEUTRE;0;3.4;0;0
2026.07.07 19:00;161.927;162.136;161.926;162.070;21.51;22.79;7.81;56.21;54.59;-0.014;NEUTRE;0;-3.5;0;1
2026.07.07 18:00;161.886;161.966;161.853;161.925;17.29;13.90;9.01;51.79;56.46;-0.103;NEUTRE;0;-25.6;-1;1
2026.07.07 17:00;161.929;161.937;161.873;161.886;16.66;12.09;10.39;55.78;59.51;-0.127;NEUTRE;0;-32;-1;1
2026.07.07 16:00;161.907;161.953;161.863;161.930;18.07;13.95;11.99;61.80;59.21;-0.100;NEUTRE;0;-27.6;-1;1
2026.07.07 15:00;161.908;161.940;161.852;161.906;19.68;13.88;13.84;60.94;57.36;-0.115;NEUTRE;0;-32.7;-1;1
2026.07.07 14:00;161.890;162.017;161.851;161.909;22.69;16.01;15.97;54.90;56.35;-0.113;NEUTRE;0;-34;-1;1
2026.07.07 13:00;161.833;161.897;161.807;161.889;26.16;7.35;18.42;56.23;59.34;-0.125;NEUTRE;0;-38.8;-1;1
2026.07.07 12:00;161.912;161.923;161.750;161.833;23.58;8.48;21.26;57.92;61.45;-0.160;NEUTRE;0;-48.1;-2;1
2026.07.07 11:00;161.931;161.950;161.839;161.912;20.60;9.79;16.62;63.86;63.68;-0.111;NEUTRE;0;-40.2;-1;1
2026.07.07 10:00;161.933;161.957;161.870;161.932;19.79;11.29;14.87;62.58;66.85;-0.099;NEUTRE;0;-39.6;-1;1
2026.07.07 09:00;161.897;161.961;161.808;161.933;20.73;13.03;17.16;64.58;68.27;-0.098;NEUTRE;0;-42.3;-1;1
2026.07.07 08:00;161.958;161.966;161.822;161.896;21.82;15.04;18.40;73.39;63.07;-0.121;NEUTRE;0;-51.7;-2;1
2026.07.07 07:00;162.019;162.076;161.660;161.957;23.63;17.35;21.23;66.83;49.75;-0.083;NEUTRE;0;-44.8;-1;1
2026.07.07 06:00;161.859;162.038;161.857;162.019;25.72;20.02;17.21;48.99;39.25;-0.045;NEUTRE;0;-32.1;-1;0
2026.07.07 05:00;161.793;161.887;161.744;161.866;28.51;10.27;19.85;33.42;36.21;-0.139;NEUTRE;0;-66.7;-3;0
2026.07.07 04:00;161.867;161.881;161.675;161.792;28.00;11.20;22.91;35.34;40.55;-0.185;NEUTRE;0;-75.5;-3;0
2026.07.07 03:00;161.915;161.921;161.788;161.867;27.03;12.92;17.99;39.88;44.96;-0.139;NEUTRE;0;-75.5;-3;0
2026.07.07 02:00;161.868;161.921;161.788;161.915;28.66;14.91;20.76;46.43;49.74;-0.109;NEUTRE;0;-77.6;-3;0
2026.07.07 01:00;162.126;162.141;161.688;161.867;30.55;17.21;23.95;48.57;47.36;-0.139;NEUTRE;0;;;0
2026.07.07 00:00;162.092;162.177;162.077;162.127;32.73;19.85;14.43;54.21;40.93;0.022;NEUTRE;0;;;0
2026.07.06 23:00;162.064;162.103;161.994;162.090;35.33;11.52;16.65;39.29;29.98;0.394;SOFT_UP;1;55.1;2;0
2026.07.06 22:00;162.080;162.112;162.012;162.066;37.96;13.29;16.67;29.28;21.38;0.379;SOFT_UP;1;55.2;2;0
2026.07.06 21:00;162.026;162.162;162.026;162.096;42.07;15.34;17.08;21.37;14.68;0.398;SOFT_UP;1;57.7;2;0
2026.07.06 20:00;162.048;162.108;162.026;162.088;47.72;11.59;19.71;13.50;10.59;0.393;SOFT_UP;1;58.7;2;0
2026.07.06 19:00;162.042;162.110;162.026;162.048;51.07;13.37;22.74;9.18;9.29;0.368;SOFT_UP;1;58.3;2;1
2026.07.06 18:00;162.169;162.183;162.013;162.040;54.94;15.43;26.24;9.08;14.97;0.363;SOFT_UP;1;59.3;2;1
2026.07.06 17:00;162.254;162.267;162.139;162.168;59.40;17.81;18.87;9.61;24.72;0.442;SOFT_UP;1;65.3;3;1
2026.07.06 16:00;162.279;162.312;162.236;162.255;68.09;20.55;10.12;26.22;43.94;0.496;SOFT_UP;1;68.9;3;1
2026.07.06 15:00;162.353;162.363;162.267;162.278;73.33;23.71;5.40;38.31;58.64;0.510;SOFT_UP;1;70.6;3;1
2026.07.06 14:00;162.310;162.379;162.269;162.353;74.94;27.35;5.91;67.30;71.83;0.557;SOFT_UP;1;73.3;3;1
2026.07.06 13:00;162.391;162.414;162.305;162.310;76.54;31.56;1.78;70.31;77.01;0.530;SOFT_UP;1;73.7;3;1
2026.07.06 12:00;162.328;162.421;162.297;162.392;74.58;36.42;2.05;77.88;82.38;0.581;STRONG_UP;2;76.1;3;1
2026.07.06 11:00;162.303;162.350;162.277;162.328;72.31;33.21;2.37;82.86;84.48;0.541;SOFT_UP;1;76.3;3;1
2026.07.06 10:00;162.325;162.400;162.249;162.303;70.10;38.32;2.74;86.41;84.45;0.526;SOFT_UP;1;77.2;3;1
2026.07.06 09:00;162.242;162.343;162.225;162.325;67.55;38.41;3.16;84.16;84.66;0.539;SOFT_UP;1;78.7;3;1
2026.07.06 08:00;162.154;162.287;162.153;162.241;64.89;37.01;3.64;82.79;88.48;0.487;SOFT_UP;1;78.9;3;1
2026.07.06 07:00;162.247;162.309;162.150;162.154;62.25;42.71;4.20;87.03;93.44;0.434;SOFT_UP;1;79.1;3;1
2026.07.06 06:00;162.074;162.302;162.023;162.247;59.20;48.60;4.85;95.64;95.43;0.491;SOFT_UP;1;81.7;3;0
2026.07.06 05:00;161.933;162.080;161.879;162.074;55.71;43.84;5.59;97.65;94.81;0.384;SOFT_UP;1;81.1;3;0
2026.07.06 04:00;161.840;161.942;161.803;161.933;52.38;40.02;6.45;92.99;92.35;0.297;SOFT_UP;1;80.9;3;0
2026.07.06 03:00;161.769;161.857;161.758;161.837;49.32;36.77;7.45;93.79;91.47;0.237;NEUTRE;0;81.4;3;0
2026.07.06 02:00;161.808;161.847;161.744;161.768;46.71;40.87;8.59;90.26;87.34;0.194;NEUTRE;0;83;3;0
2026.07.06 01:00;161.527;161.811;161.524;161.807;43.86;41.78;9.92;90.37;80.85;0.219;NEUTRE;0;;;0
2026.07.06 00:00;161.454;161.601;161.451;161.527;41.12;36.95;11.44;81.39;69.89;0.045;NEUTRE;0;;;0
2026.07.05 23:00;161.412;161.502;161.412;161.454;39.34;32.49;13.20;70.79;59.57;0.112;NEUTRE;0;22.2;0;0
2026.07.05 22:00;161.291;161.470;161.243;161.412;38.89;32.01;15.23;57.51;57.83;0.086;NEUTRE;0;18.1;0;0
2026.07.05 21:00;161.274;161.330;161.202;161.295;39.41;27.45;17.58;50.41;62.17;0.013;NEUTRE;0;3;0;0
2026.07.03 20:00;161.359;161.418;161.312;161.333;42.10;31.67;7.36;65.56;70.53;-0.074;NEUTRE;0;-17.2;0;0
2026.07.03 19:00;161.349;161.374;161.335;161.358;39.00;30.16;8.49;70.52;75.42;-0.059;NEUTRE;0;-14.6;0;1
2026.07.03 18:00;161.293;161.353;161.287;161.349;36.37;26.52;9.80;75.50;82.27;-0.064;NEUTRE;0;-16.6;0;1
2026.07.03 17:00;161.343;161.353;161.276;161.302;34.88;30.60;11.31;80.25;88.51;-0.094;NEUTRE;0;-24.8;0;1
2026.07.03 16:00;161.315;161.389;161.300;161.343;33.17;35.30;8.25;91.05;94.28;-0.068;NEUTRE;0;-19.6;0;1
2026.07.03 15:00;161.288;161.339;161.265;161.313;28.72;32.09;9.52;94.22;95.16;-0.087;NEUTRE;0;-25.9;-1;1
2026.07.03 14:00;161.249;161.289;161.202;161.288;24.79;26.63;10.99;97.56;94.39;-0.102;NEUTRE;0;-31.4;-1;1
2026.07.03 13:00;161.166;161.269;161.164;161.248;22.20;27.20;12.68;93.71;92.02;-0.127;NEUTRE;0;-39.2;-1;1
2026.07.03 12:00;161.113;161.167;161.095;161.166;20.02;16.43;14.63;91.92;89.38;-0.178;NEUTRE;0;-51.1;-2;1
2026.07.03 11:00;161.092;161.155;161.053;161.112;22.20;16.40;16.88;90.44;82.06;-0.211;NEUTRE;0;-58.1;-2;1
2026.07.03 10:00;161.123;161.163;161.069;161.091;25.40;18.92;17.06;85.78;70.68;-0.224;NEUTRE;0;-61.9;-2;1
2026.07.03 09:00;161.030;161.124;160.960;161.122;28.51;15.45;19.68;69.98;59.11;-0.205;NEUTRE;0;-62.3;-2;1
2026.07.03 08:00;160.797;161.032;160.769;161.030;31.04;9.20;22.71;56.29;52.03;-0.262;NEUTRE;0;-69.9;-3;1
2026.07.03 07:00;160.865;160.992;160.710;160.796;29.30;8.27;26.21;51.05;48.36;-0.407;SOFT_DOWN;-1;-78.4;-3;1
2026.07.03 06:00;161.158;161.160;160.480;160.866;25.80;9.54;30.24;48.75;44.51;-0.364;SOFT_DOWN;-1;-78.8;-3;0
2026.07.03 05:00;161.123;161.174;160.975;161.158;21.77;11.01;23.69;45.26;43.36;-0.183;NEUTRE;0;-71.9;-3;0
2026.07.03 04:00;161.167;161.205;161.123;161.123;19.50;12.71;15.89;39.51;43.36;-0.204;NEUTRE;0;-76.8;-3;0
2026.07.03 03:00;161.168;161.216;161.138;161.168;20.78;14.66;15.52;45.31;51.04;-0.177;NEUTRE;0;-78.5;-3;0
2026.07.03 02:00;161.229;161.243;161.117;161.167;23.54;16.92;17.91;45.25;60.42;-0.177;NEUTRE;0;-82.3;-3;0
2026.07.03 01:00;161.181;161.268;160.914;161.228;26.72;19.52;20.67;62.57;74.40;-0.139;NEUTRE;0;;;0
2026.07.03 00:00;161.453;161.518;161.181;161.185;30.39;22.52;12.24;73.44;79.84;-0.166;NEUTRE;0;;;0
2026.07.02 23:00;161.258;161.463;161.229;161.453;30.52;23.48;14.13;87.21;81.88;-0.669;STRONG_DOWN;-2;-67.7;-3;0
2026.07.02 22:00;161.066;161.298;160.998;161.259;31.39;16.24;16.30;78.87;80.67;-0.789;STRONG_DOWN;-2;-71.6;-3;0
2026.07.02 21:00;161.033;161.128;160.947;161.077;36.19;10.02;18.81;79.54;81.79;-0.901;STRONG_DOWN;-2;-74.4;-3;0
2026.07.02 20:00;161.120;161.135;161.062;161.116;37.07;11.56;11.93;83.58;73.27;-0.877;STRONG_DOWN;-2;-74.7;-3;0
2026.07.02 19:00;161.043;161.167;161.042;161.121;42.53;13.34;13.76;82.26;58.53;-0.874;STRONG_DOWN;-2;-75.4;-3;1
2026.07.02 18:00;161.066;161.099;161.013;161.043;48.84;7.02;15.88;53.98;42.71;-0.922;STRONG_DOWN;-2;-76.9;-3;1
2026.07.02 17:00;160.980;161.120;160.980;161.067;50.40;8.11;18.33;39.35;34.91;-0.907;STRONG_DOWN;-2;-77.4;-3;1
2026.07.02 16:00;160.904;161.088;160.886;160.980;52.21;5.84;21.15;34.81;33.28;-0.960;STRONG_DOWN;-2;-78.7;-3;1
2026.07.02 15:00;161.036;161.075;160.754;160.904;51.51;5.74;24.40;30.59;34.78;-1.007;EXPLOSIVE_DOWN;-3;-79.9;-3;1
2026.07.02 14:00;160.849;161.114;160.825;161.037;49.91;6.63;24.75;34.45;38.27;-0.925;STRONG_DOWN;-2;-79.7;-3;1
2026.07.02 13:00;161.022;161.153;160.850;160.851;48.71;7.65;27.23;39.30;37.85;-1.040;EXPLOSIVE_DOWN;-3;-81.5;-3;1
2026.07.02 12:00;161.474;161.638;160.619;161.022;47.56;8.82;31.42;41.06;31.23;-0.935;STRONG_DOWN;-2;-81.3;-3;1
2026.07.02 11:00;161.354;161.496;161.319;161.475;46.24;10.18;25.68;33.20;23.02;-0.656;STRONG_DOWN;-2;-78.7;-3;1
2026.07.02 10:00;161.196;161.484;161.193;161.354;46.70;10.70;29.63;19.42;20.64;-0.730;STRONG_DOWN;-2;-80.7;-3;1
2026.07.02 09:00;161.021;161.334;161.019;161.196;46.67;4.42;34.19;16.43;25.25;-0.827;STRONG_DOWN;-2;-82.6;-3;1
2026.07.02 08:00;161.432;161.455;160.898;161.022;41.99;5.10;39.45;26.05;33.41;-0.935;STRONG_DOWN;-2;-84.2;-3;1
2026.07.02 07:00;161.819;161.944;161.367;161.431;36.58;5.88;32.56;33.28;30.27;-0.683;STRONG_DOWN;-2;-83;-3;1
2026.07.02 06:00;162.328;162.330;161.111;161.819;31.54;6.79;37.57;40.91;28.51;-0.444;SOFT_DOWN;-1;-80.8;-3;0
2026.07.02 05:00;162.428;162.429;162.314;162.328;25.71;7.83;28.17;16.62;25.52;-0.131;NEUTRE;0;-65.5;-3;0
2026.07.02 04:00;162.455;162.455;162.356;162.428;20.98;9.04;26.89;28.00;36.48;-0.070;NEUTRE;0;-55.7;-2;0
2026.07.02 03:00;162.521;162.539;162.430;162.455;16.57;10.43;19.52;31.95;44.67;-0.053;NEUTRE;0;-55.9;-2;0
2026.07.02 02:00;162.528;162.548;162.492;162.521;14.44;12.03;13.78;49.48;51.47;-0.012;NEUTRE;0;-26.6;-1;0
2026.07.02 01:00;162.557;162.580;162.501;162.527;15.63;13.89;13.42;52.58;53.53;-0.009;NEUTRE;0;;;0
2026.07.02 00:00;162.541;162.594;162.476;162.557;17.77;16.02;15.49;52.35;60.61;0.010;NEUTRE;0;;;0
2026.07.01 23:00;162.536;162.581;162.512;162.543;20.24;18.49;13.18;55.65;72.03;-0.053;NEUTRE;0;-10.9;0;0
2026.07.01 22:00;162.547;162.569;162.471;162.536;20.78;18.66;15.21;73.83;83.03;-0.058;NEUTRE;0;-12.4;0;0
2026.07.01 21:00;162.581;162.581;162.488;162.548;22.41;21.53;14.88;86.62;82.15;-0.050;NEUTRE;0;-11.3;0;0
2026.07.01 20:00;162.568;162.613;162.545;162.599;23.04;24.84;9.26;88.65;70.77;-0.019;NEUTRE;0;-4.5;0;0
2026.07.01 19:00;162.518;162.578;162.504;162.567;19.56;20.74;10.69;71.19;53.90;-0.039;NEUTRE;0;-9.7;0;1
2026.07.01 18:00;162.527;162.579;162.508;162.517;17.65;23.93;11.50;52.49;39.36;-0.069;NEUTRE;0;-17.8;0;1
2026.07.01 17:00;162.452;162.541;162.419;162.527;14.97;19.38;13.27;38.03;28.92;-0.063;NEUTRE;0;-17.2;0;1
2026.07.01 16:00;162.407;162.457;162.353;162.451;14.40;11.77;15.31;27.57;23.52;-0.110;NEUTRE;0;-29.9;-1;1
2026.07.01 15:00;162.390;162.471;162.368;162.409;14.60;13.58;15.45;21.17;24.04;-0.136;NEUTRE;0;-37.2;-1;1
2026.07.01 14:00;162.320;162.446;162.290;162.390;15.85;11.93;17.83;21.83;34.53;-0.148;NEUTRE;0;-41.5;-1;1
2026.07.01 13:00;162.690;162.729;162.286;162.360;15.25;13.77;20.57;29.11;49.14;-0.166;NEUTRE;0;-46.9;-2;1
2026.07.01 12:00;162.690;162.760;162.667;162.685;14.55;15.89;10.50;52.66;57.90;0.034;NEUTRE;0;13.3;0;1
2026.07.01 11:00;162.684;162.730;162.677;162.690;13.64;13.37;12.12;65.66;56.96;0.037;NEUTRE;0;15.7;0;1
2026.07.01 10:00;162.730;162.741;162.669;162.682;14.99;15.43;13.98;55.37;48.82;0.032;NEUTRE;0;15;0;1
2026.07.01 09:00;162.658;162.738;162.645;162.729;16.54;17.16;16.13;49.85;45.47;0.061;NEUTRE;0;29.5;1;1
2026.07.01 08:00;162.668;162.698;162.627;162.659;18.61;13.18;18.62;41.23;46.13;0.018;NEUTRE;0;10.7;0;1
2026.07.01 07:00;162.672;162.715;162.606;162.667;18.84;15.21;21.48;45.31;54.84;0.023;NEUTRE;0;15.4;0;1
2026.07.01 06:00;162.707;162.752;162.651;162.672;19.11;17.55;18.43;51.84;66.00;0.026;NEUTRE;0;19.9;0;0
2026.07.01 05:00;162.724;162.756;162.681;162.705;21.68;20.25;16.70;67.35;76.06;0.046;NEUTRE;0;37.6;1;0
2026.07.01 04:00;162.792;162.807;162.554;162.722;23.53;23.37;19.27;78.81;79.37;0.057;NEUTRE;0;50;2;0
2026.07.01 03:00;162.744;162.835;162.728;162.793;25.67;26.96;11.65;82.01;78.78;0.100;NEUTRE;0;70.3;3;0
2026.07.01 02:00;162.677;162.786;162.655;162.745;23.52;24.07;13.45;77.30;78.69;0.071;NEUTRE;0;71.4;3;0
2026.07.01 01:00;162.680;162.729;162.583;162.680;22.78;21.08;15.51;77.04;77.97;0.031;NEUTRE;0;;;0
2026.07.01 00:00;162.630;162.772;162.629;162.680;23.95;24.32;13.05;81.74;70.97;0.031;NEUTRE;0;;;0
2026.06.30 23:00;162.601;162.643;162.524;162.630;23.00;14.18;15.06;75.13;58.67;0.439;SOFT_UP;1;57.9;2;0
2026.06.30 22:00;162.533;162.620;162.453;162.601;26.07;13.39;17.38;56.04;54.72;0.421;SOFT_UP;1;58;2;0
2026.06.30 21:00;162.487;162.614;162.443;162.536;28.09;14.90;20.05;44.83;60.52;0.381;SOFT_UP;1;56.6;2;0
2026.06.30 20:00;162.576;162.608;162.544;162.576;30.14;17.19;14.05;63.28;74.71;0.406;SOFT_UP;1;59.5;2;0
2026.06.30 19:00;162.613;162.626;162.568;162.575;33.23;19.83;10.44;73.46;83.71;0.405;SOFT_UP;1;60.7;2;1
2026.06.30 18:00;162.579;162.615;162.554;162.612;33.57;19.97;12.05;87.41;90.58;0.428;SOFT_UP;1;63.3;2;1
2026.06.30 17:00;162.642;162.643;162.552;162.579;34.93;23.04;13.90;90.27;92.26;0.408;SOFT_UP;1;63.5;2;1
2026.06.30 16:00;162.610;162.666;162.596;162.641;36.51;26.58;8.61;94.06;91.42;0.446;SOFT_UP;1;66.8;3;1
2026.06.30 15:00;162.508;162.656;162.466;162.609;34.26;28.48;9.93;92.44;89.25;0.426;SOFT_UP;1;67.2;3;1
2026.06.30 14:00;162.461;162.545;162.348;162.510;32.10;23.87;11.46;87.78;85.23;0.365;SOFT_UP;1;65.4;3;1
2026.06.30 13:00;162.399;162.471;162.310;162.463;31.64;21.76;13.22;87.53;80.83;0.336;SOFT_UP;1;65.2;3;1
2026.06.30 12:00;162.409;162.505;162.022;162.400;32.75;25.11;15.25;80.39;73.20;0.297;SOFT_UP;1;64.2;2;1
2026.06.30 11:00;162.310;162.422;162.307;162.410;34.03;28.97;8.52;74.58;66.85;0.303;SOFT_UP;1;66.5;3;1
2026.06.30 10:00;162.285;162.351;162.285;162.311;30.87;23.93;9.83;64.63;60.59;0.242;NEUTRE;0;63.7;2;1
2026.06.30 09:00;162.312;162.342;162.263;162.287;29.20;25.52;11.35;61.35;59.89;0.227;NEUTRE;0;64.6;2;1
2026.06.30 08:00;162.252;162.406;162.220;162.311;27.78;29.44;13.09;55.78;60.05;0.242;NEUTRE;0;68.4;3;1
2026.06.30 07:00;162.196;162.262;162.113;162.252;26.14;22.06;15.11;62.54;62.73;0.206;NEUTRE;0;67.9;3;1
2026.06.30 06:00;162.291;162.407;162.198;162.199;27.28;25.45;8.65;61.84;60.29;0.173;NEUTRE;0;67.5;3;0
2026.06.30 05:00;162.196;162.286;162.148;162.285;23.90;20.46;9.98;63.80;58.56;0.226;NEUTRE;0;75.2;3;0
2026.06.30 04:00;162.169;162.196;162.144;162.196;22.28;13.58;11.52;55.23;56.06;0.171;NEUTRE;0;74.4;3;0
2026.06.30 03:00;162.141;162.238;162.035;162.169;24.45;15.67;13.29;56.65;57.03;0.154;NEUTRE;0;76.9;3;0
2026.06.30 02:00;162.178;162.194;162.104;162.141;26.95;18.08;10.11;56.29;56.89;0.137;NEUTRE;0;80.1;3;0
2026.06.30 01:00;162.127;162.300;162.047;162.179;26.74;20.86;11.66;58.16;57.45;0.161;NEUTRE;0;;;0
2026.06.30 00:00;161.919;162.400;161.918;162.130;26.51;24.07;13.46;56.21;56.42;0.130;NEUTRE;0;;;0
2026.06.29 23:00;161.918;161.924;161.904;161.920;26.24;12.57;15.53;57.97;54.35;0.081;NEUTRE;0;16.4;0;0
2026.06.29 22:00;161.894;161.938;161.828;161.918;28.66;14.51;17.92;55.08;59.53;0.080;NEUTRE;0;16.9;0;0
2026.06.29 21:00;161.885;161.930;161.836;161.905;31.45;16.74;19.56;50.00;67.49;0.072;NEUTRE;0;16;0;0
2026.06.29 20:00;161.937;161.964;161.923;161.949;35.10;19.32;10.72;73.51;79.62;0.099;NEUTRE;0;22.5;0;0
2026.06.29 19:00;161.965;161.965;161.902;161.936;36.09;22.29;12.37;78.95;82.41;0.091;NEUTRE;0;21.8;0;1
2026.06.29 18:00;161.930;161.980;161.922;161.966;37.24;25.72;9.46;86.40;82.83;0.109;NEUTRE;0;26.9;1;1
2026.06.29 17:00;161.936;161.955;161.912;161.930;35.86;23.04;10.92;81.87;81.71;0.087;NEUTRE;0;23.2;0;1
2026.06.29 16:00;161.926;161.940;161.913;161.936;35.89;21.22;12.60;80.21;83.17;0.091;NEUTRE;0;25.4;1;1
2026.06.29 15:00;161.921;161.947;161.915;161.927;37.49;24.49;13.40;83.05;82.20;0.085;NEUTRE;0;25.4;1;1
2026.06.29 14:00;161.951;161.951;161.800;161.922;38.75;28.25;15.46;86.27;76.19;0.082;NEUTRE;0;26.1;1;1
2026.06.29 13:00;161.887;161.960;161.881;161.951;40.21;32.60;9.59;77.30;69.29;0.100;NEUTRE;0;32.8;1;1
2026.06.29 12:00;161.832;161.898;161.828;161.888;38.00;25.54;11.06;65.01;70.29;0.061;NEUTRE;0;23;0;1
2026.06.29 11:00;161.851;161.857;161.808;161.831;37.76;20.46;12.76;65.56;76.42;0.026;NEUTRE;0;11.2;0;1
2026.06.29 10:00;161.880;161.896;161.841;161.851;40.01;23.61;4.37;80.30;76.79;0.038;NEUTRE;0;17.6;0;1
2026.06.29 09:00;161.845;161.894;161.826;161.879;35.58;26.68;5.04;83.39;71.33;0.056;NEUTRE;0;27.5;1;1
2026.06.29 08:00;161.818;161.853;161.795;161.848;30.56;21.51;5.81;66.67;68.28;0.036;NEUTRE;0;20.6;0;1
2026.06.29 07:00;161.786;161.826;161.781;161.819;26.42;17.66;6.71;63.93;75.95;0.019;NEUTRE;0;12.8;0;1
2026.06.29 06:00;161.797;161.846;161.771;161.785;23.57;20.37;7.74;74.25;80.93;-0.002;NEUTRE;0;-1.6;0;0
2026.06.29 05:00;161.808;161.810;161.778;161.797;20.28;16.12;8.93;89.67;78.84;0.005;NEUTRE;0;4.8;0;0
2026.06.29 04:00;161.793;161.810;161.781;161.807;18.98;18.61;8.86;78.88;67.19;0.011;NEUTRE;0;13;0;0
2026.06.29 03:00;161.781;161.793;161.768;161.792;16.44;12.45;10.22;67.97;59.72;0.002;NEUTRE;0;3.2;0;0
2026.06.29 02:00;161.785;161.786;161.727;161.782;17.45;10.06;11.79;54.73;56.05;-0.004;NEUTRE;0;-9.5;0;0
2026.06.29 01:00;161.755;161.788;161.730;161.785;18.91;11.60;12.83;56.47;60.87;-0.002;NEUTRE;0;;;0
2026.06.29 00:00;161.789;161.791;161.713;161.756;21.05;13.39;14.80;56.97;66.65;-0.020;NEUTRE;0;;;0
2026.06.28 23:00;161.774;161.804;161.767;161.789;23.52;15.45;6.43;69.19;75.04;0.046;NEUTRE;0;9.5;0;0
2026.06.28 22:00;161.785;161.835;161.701;161.787;20.80;17.83;7.42;73.80;79.18;0.045;NEUTRE;0;9.7;0;0
2026.06.28 21:00;161.714;161.807;161.711;161.787;17.65;17.35;8.56;82.14;83.92;0.045;NEUTRE;0;10.2;0;0
2026.06.26 20:00;161.751;161.775;161.726;161.750;15.14;14.89;9.87;81.60;86.51;-0.032;NEUTRE;0;-7.6;0;0
2026.06.26 19:00;161.730;161.758;161.705;161.751;14.35;11.85;11.39;88.03;87.14;-0.031;NEUTRE;0;-7.8;0;1
2026.06.26 18:00;161.765;161.771;161.706;161.731;16.26;13.67;12.85;89.90;84.76;-0.043;NEUTRE;0;-11.3;0;1
2026.06.26 17:00;161.748;161.771;161.725;161.766;18.28;15.78;10.33;83.48;76.74;-0.022;NEUTRE;0;-6.2;0;1
2026.06.26 16:00;161.666;161.765;161.656;161.750;17.89;16.20;11.92;80.90;72.47;-0.032;NEUTRE;0;-9.5;0;1
2026.06.26 15:00;161.721;161.740;161.628;161.667;18.31;15.16;13.76;65.85;66.63;-0.083;NEUTRE;0;-24.8;0;1
2026.06.26 14:00;161.622;161.735;161.571;161.721;20.38;16.80;15.88;70.68;64.30;-0.049;NEUTRE;0;-16.3;0;1
2026.06.26 13:00;161.650;161.718;161.616;161.624;23.08;19.39;14.10;63.36;56.42;-0.109;NEUTRE;0;-35;-1;1
2026.06.26 12:00;161.659;161.699;161.632;161.651;24.20;19.51;16.27;58.86;46.57;-0.093;NEUTRE;0;-32.9;-1;1
2026.06.26 11:00;161.612;161.676;161.602;161.660;26.53;17.23;18.77;47.05;38.09;-0.087;NEUTRE;0;-33.5;-1;1
2026.06.26 10:00;161.604;161.637;161.564;161.613;29.95;11.77;21.66;33.79;37.41;-0.116;NEUTRE;0;-44.1;-1;1
2026.06.26 09:00;161.581;161.619;161.528;161.602;30.00;9.78;24.99;33.43;37.45;-0.123;NEUTRE;0;-48.8;-2;1
2026.06.26 08:00;161.622;161.650;161.532;161.583;27.89;11.29;28.16;45.01;35.96;-0.135;NEUTRE;0;-54.7;-2;1
2026.06.26 07:00;161.713;161.721;161.615;161.621;25.61;13.03;21.67;33.92;24.97;-0.111;NEUTRE;0;-53;-2;1
2026.06.26 06:00;161.538;161.743;161.526;161.712;25.72;15.03;25.00;28.94;19.67;-0.055;NEUTRE;0;-37.5;-1;0
2026.06.26 05:00;161.623;161.637;161.532;161.538;25.84;9.83;28.84;12.03;24.87;-0.163;NEUTRE;0;-69.9;-3;0
2026.06.26 04:00;161.646;161.679;161.561;161.624;22.25;11.34;29.03;18.03;46.94;-0.109;NEUTRE;0;-66.3;-3;0
2026.06.26 03:00;161.770;161.774;161.616;161.646;18.94;13.08;26.33;44.56;70.93;-0.096;NEUTRE;0;-69.5;-3;0
2026.06.26 02:00;161.799;161.812;161.766;161.771;16.68;15.10;15.77;78.23;85.53;-0.019;NEUTRE;0;-38.5;-1;0
2026.06.26 01:00;161.826;161.844;161.786;161.799;18.91;17.42;11.51;89.99;87.18;-0.001;NEUTRE;0;;;0
2026.06.26 00:00;161.801;161.836;161.787;161.826;18.67;17.98;13.28;88.38;83.50;0.015;NEUTRE;0;;;0
2026.06.25 23:00;161.782;161.814;161.758;161.801;19.24;13.84;15.33;83.17;80.35;0.022;NEUTRE;0;4.6;0;0
2026.06.25 22:00;161.790;161.807;161.756;161.782;21.41;14.04;17.68;78.94;79.23;0.010;NEUTRE;0;2.2;0;0
2026.06.25 21:00;161.763;161.813;161.590;161.790;22.94;16.20;20.40;78.94;78.88;0.015;NEUTRE;0;3.4;0;0
2026.06.25 20:00;161.786;161.809;161.771;161.799;24.70;18.70;11.06;79.80;76.46;0.020;NEUTRE;0;4.8;0;0
2026.06.25 19:00;161.787;161.819;161.741;161.786;24.55;21.57;12.76;77.89;67.41;0.012;NEUTRE;0;3;0;1
2026.06.25 18:00;161.773;161.838;161.758;161.788;24.38;24.89;11.37;71.69;54.54;0.014;NEUTRE;0;3.7;0;1
2026.06.25 17:00;161.762;161.803;161.725;161.773;22.39;21.99;13.12;52.66;39.51;0.004;NEUTRE;0;1.1;0;1
2026.06.25 16:00;161.668;161.761;161.655;161.761;21.95;17.09;15.13;39.27;31.61;-0.003;NEUTRE;0;-0.9;0;1
2026.06.25 15:00;161.672;161.720;161.609;161.667;24.39;13.77;17.46;26.60;30.86;-0.061;NEUTRE;0;-18.8;0;1
2026.06.25 14:00;161.737;161.756;161.552;161.671;26.32;15.89;20.15;28.97;41.72;-0.059;NEUTRE;0;-19.4;0;1
2026.06.25 13:00;161.830;161.851;161.698;161.738;28.55;18.33;12.24;37.01;52.96;-0.017;NEUTRE;0;-6.2;0;1
2026.06.25 12:00;161.863;161.896;161.760;161.832;29.88;21.15;7.88;59.18;60.24;0.041;NEUTRE;0;15.9;0;1
2026.06.25 11:00;161.870;161.944;161.750;161.862;27.44;24.40;9.10;62.70;57.83;0.059;NEUTRE;0;24.2;0;1
2026.06.25 10:00;161.810;161.891;161.800;161.870;24.64;23.96;10.50;58.86;59.87;0.064;NEUTRE;0;28.2;1;1
2026.06.25 09:00;161.793;161.834;161.783;161.809;22.42;18.00;12.11;51.94;69.04;0.027;NEUTRE;0;14.1;0;1
2026.06.25 08:00;161.807;161.830;161.768;161.794;22.86;19.57;13.98;68.81;83.91;0.017;NEUTRE;0;10.1;0;1
2026.06.25 07:00;161.877;161.894;161.749;161.807;23.81;22.58;16.13;86.36;90.47;0.025;NEUTRE;0;16.6;0;1
2026.06.25 06:00;161.817;161.885;161.781;161.878;24.90;26.05;15.21;96.55;87.33;0.069;NEUTRE;0;43.9;1;0
2026.06.25 05:00;161.760;161.825;161.722;161.823;24.69;21.18;17.55;88.49;78.02;0.035;NEUTRE;0;30.3;1;0
2026.06.25 04:00;161.719;161.769;161.703;161.760;27.05;16.08;20.25;76.96;66.76;-0.004;NEUTRE;0;-4.8;0;0
2026.06.25 03:00;161.708;161.748;161.691;161.719;29.44;13.66;23.37;68.61;56.32;-0.029;NEUTRE;0;-39;-1;0
2026.06.25 02:00;161.712;161.724;161.657;161.708;29.94;9.28;26.96;54.73;43.60;-0.036;NEUTRE;0;-56.4;-2;0
2026.06.25 01:00;161.707;161.738;161.552;161.712;27.04;10.71;31.11;45.64;38.05;-0.033;NEUTRE;0;;;0
2026.06.25 00:00;161.766;161.776;161.694;161.708;23.69;12.35;24.15;30.42;40.41;-0.036;NEUTRE;0;;;0
2026.06.24 23:00;161.765;161.785;161.747;161.765;22.37;14.25;17.92;38.10;53.29;0.105;NEUTRE;0;20.9;0;0
2026.06.24 22:00;161.762;161.777;161.714;161.764;24.05;13.21;20.68;52.71;64.88;0.105;NEUTRE;0;21.8;0;0
2026.06.24 21:00;161.747;161.790;161.726;161.761;24.36;15.24;20.93;69.06;73.41;0.103;NEUTRE;0;22.3;0;0
2026.06.24 20:00;161.818;161.826;161.791;161.803;25.69;17.59;11.16;72.87;73.99;0.129;NEUTRE;0;28.3;1;0
2026.06.24 19:00;161.756;161.837;161.742;161.818;26.21;20.29;12.88;78.30;74.96;0.138;NEUTRE;0;31.3;1;1
2026.06.24 18:00;161.810;161.824;161.756;161.756;26.80;23.41;12.59;70.80;73.94;0.100;NEUTRE;0;24.9;0;1
2026.06.24 17:00;161.751;161.815;161.730;161.810;26.30;24.98;14.53;75.79;76.99;0.133;NEUTRE;0;33.2;1;1
2026.06.24 16:00;161.752;161.764;161.684;161.752;26.28;19.59;16.77;75.22;79.95;0.097;NEUTRE;0;26.9;1;1
2026.06.24 15:00;161.787;161.807;161.728;161.753;29.13;22.60;10.89;79.96;75.38;0.098;NEUTRE;0;28.6;1;1
2026.06.24 14:00;161.736;161.811;161.701;161.788;28.23;26.08;12.56;84.66;66.05;0.119;NEUTRE;0;35.4;1;1
2026.06.24 13:00;161.748;161.760;161.692;161.747;27.18;22.96;14.49;61.51;56.68;0.094;NEUTRE;0;31.2;1;1
2026.06.24 12:00;161.649;161.747;161.630;161.747;27.89;23.55;16.72;51.99;62.92;0.094;NEUTRE;0;33.2;1;1
2026.06.24 11:00;161.685;161.712;161.619;161.649;29.57;22.58;19.30;56.55;75.79;0.033;NEUTRE;0;14.1;0;1
2026.06.24 10:00;161.736;161.746;161.677;161.685;32.91;26.05;12.67;80.21;88.56;0.056;NEUTRE;0;25.1;1;1
2026.06.24 09:00;161.749;161.774;161.705;161.736;32.66;30.06;8.37;90.60;92.07;0.087;NEUTRE;0;39;1;1
2026.06.24 08:00;161.710;161.751;161.676;161.749;29.00;29.55;9.66;94.88;86.78;0.095;NEUTRE;0;44.8;1;1
2026.06.24 07:00;161.706;161.734;161.660;161.711;25.66;30.61;11.15;90.73;69.32;0.072;NEUTRE;0;40.7;1;1
2026.06.24 06:00;161.606;161.712;161.582;161.705;22.44;30.75;12.87;74.74;45.96;0.068;NEUTRE;0;43.5;1;0
2026.06.24 05:00;161.554;161.612;161.541;161.606;19.59;23.64;14.84;42.48;33.15;0.007;NEUTRE;0;6.7;0;0
2026.06.24 04:00;161.547;161.559;161.524;161.554;19.09;15.79;17.13;20.65;39.82;-0.025;NEUTRE;0;-27.6;-1;0
2026.06.24 03:00;161.544;161.598;161.541;161.546;21.40;18.22;12.29;36.31;60.24;-0.030;NEUTRE;0;-39.9;-1;0
2026.06.24 02:00;161.565;161.582;161.528;161.544;21.70;16.71;14.18;62.50;76.53;-0.032;NEUTRE;0;-53.2;-2;0
2026.06.24 01:00;161.619;161.622;161.544;161.565;23.78;19.28;11.81;81.91;78.41;-0.019;NEUTRE;0;;;0
2026.06.24 00:00;161.595;161.630;161.544;161.619;23.74;22.25;13.62;85.17;70.28;0.015;NEUTRE;0;;;0
2026.06.23 23:00;161.558;161.603;161.530;161.596;23.69;20.84;15.72;68.14;60.34;0.015;NEUTRE;0;3.1;0;0
2026.06.23 22:00;161.529;161.601;161.529;161.559;25.18;23.62;18.14;57.54;58.08;-0.008;NEUTRE;0;-1.7;0;0
2026.06.23 21:00;161.467;161.568;161.465;161.533;27.03;20.21;20.93;55.35;59.16;-0.024;NEUTRE;0;-5.5;0;0
2026.06.23 20:00;161.571;161.605;161.567;161.574;30.92;23.32;9.75;61.34;64.82;0.001;NEUTRE;0;0.2;0;0
2026.06.23 19:00;161.562;161.571;161.507;161.571;29.36;13.14;11.25;60.79;68.47;-0.001;NEUTRE;0;-0.3;0;1
2026.06.23 18:00;161.553;161.590;161.540;161.562;32.69;15.16;5.04;72.32;73.27;-0.006;NEUTRE;0;-1.6;0;1
2026.06.23 17:00;161.593;161.615;161.540;161.554;30.01;17.49;5.82;72.29;71.79;-0.011;NEUTRE;0;-3.1;0;1
2026.06.23 16:00;161.545;161.594;161.535;161.592;26.93;15.87;6.72;75.21;72.62;0.012;NEUTRE;0;3.6;0;1
2026.06.23 15:00;161.538;161.581;161.499;161.544;24.84;14.93;7.75;67.87;73.66;-0.017;NEUTRE;0;-5.4;0;1
2026.06.23 14:00;161.520;161.581;161.482;161.537;23.79;17.22;8.94;74.77;72.96;-0.022;NEUTRE;0;-7.5;0;1
2026.06.23 13:00;161.552;161.575;161.461;161.520;22.58;18.94;10.32;78.35;63.62;-0.032;NEUTRE;0;-11.6;0;1
2026.06.23 12:00;161.584;161.602;161.441;161.552;21.52;21.85;11.91;65.76;48.57;-0.012;NEUTRE;0;-4.8;0;1
2026.06.23 11:00;161.448;161.611;161.428;161.585;20.30;25.22;13.74;46.75;37.06;0.008;NEUTRE;0;3.5;0;1
2026.06.23 10:00;161.379;161.474;161.346;161.448;18.89;17.58;15.85;33.19;34.43;-0.077;NEUTRE;0;-32.8;-1;1
2026.06.23 09:00;161.430;161.463;161.337;161.379;21.00;18.96;18.29;31.23;39.72;-0.119;NEUTRE;0;-47.9;-2;1
2026.06.23 08:00;161.456;161.479;161.262;161.430;23.95;21.88;21.10;38.88;52.23;-0.088;NEUTRE;0;-42.6;-1;1
2026.06.23 07:00;161.638;161.655;161.320;161.460;27.36;25.24;20.24;49.06;60.86;-0.069;NEUTRE;0;-39.5;-1;1
2026.06.23 06:00;161.645;161.735;161.636;161.639;29.87;29.13;8.84;68.76;62.21;0.041;NEUTRE;0;29.7;1;0
2026.06.23 05:00;161.606;161.681;161.584;161.646;26.24;25.22;10.20;64.77;56.48;0.046;NEUTRE;0;37.6;1;0
2026.06.23 04:00;161.549;161.612;161.546;161.605;23.76;18.15;11.77;53.10;55.24;0.020;NEUTRE;0;22.7;0;0
2026.06.23 03:00;161.577;161.600;161.533;161.550;24.13;18.15;13.58;51.56;58.20;-0.014;NEUTRE;0;-21.3;0;0
2026.06.23 02:00;161.584;161.593;161.517;161.576;25.62;19.33;15.67;61.07;61.32;0.002;NEUTRE;0;4.8;0;0
2026.06.23 01:00;161.573;161.602;161.550;161.584;27.95;22.31;11.40;61.96;60.48;0.007;NEUTRE;0;;;0
2026.06.23 00:00;161.572;161.628;161.519;161.575;27.27;25.74;13.15;60.92;60.97;0.002;NEUTRE;0;;;0
2026.06.22 23:00;161.579;161.583;161.550;161.572;26.49;23.35;15.17;58.56;65.07;0.085;NEUTRE;0;17.2;0;0
2026.06.22 22:00;161.553;161.634;161.536;161.576;27.30;26.94;17.51;63.44;65.46;0.087;NEUTRE;0;18.3;0;0
2026.06.22 21:00;161.478;161.554;161.478;161.553;28.23;18.53;20.20;73.21;62.43;0.073;NEUTRE;0;16.2;0;0
2026.06.22 20:00;161.598;161.609;161.556;161.606;31.91;21.38;13.93;59.74;54.41;0.106;NEUTRE;0;23.9;0;0
2026.06.22 19:00;161.415;161.684;161.415;161.598;33.58;24.67;16.08;54.36;52.02;0.101;NEUTRE;0;24;0;1
2026.06.22 18:00;161.494;161.519;161.395;161.414;35.50;19.06;18.55;49.12;49.22;-0.013;NEUTRE;0;-3.5;0;1
2026.06.22 17:00;161.549;161.559;161.480;161.495;40.75;21.99;10.86;52.59;48.77;0.037;NEUTRE;0;10.3;0;1
2026.06.22 16:00;161.502;161.643;161.471;161.549;41.81;25.37;12.53;45.94;47.93;0.071;NEUTRE;0;20.4;0;1
2026.06.22 15:00;161.325;161.542;161.161;161.503;43.03;20.24;14.46;47.79;63.28;0.042;NEUTRE;0;13.2;0;1
2026.06.22 14:00;161.893;161.922;161.065;161.324;47.08;23.36;16.68;50.08;73.64;-0.069;NEUTRE;0;-22.4;0;1
2026.06.22 13:00;161.770;161.903;161.730;161.893;51.76;26.95;7.31;91.97;81.68;0.284;SOFT_UP;1;61.3;2;1
2026.06.22 12:00;161.759;161.779;161.720;161.770;50.90;20.07;8.43;78.88;76.97;0.208;NEUTRE;0;55.4;2;1
2026.06.22 11:00;161.719;161.781;161.670;161.762;52.44;23.16;9.73;74.18;79.22;0.203;NEUTRE;0;57.1;2;1
2026.06.22 10:00;161.740;161.745;161.650;161.720;54.23;21.73;11.23;77.86;83.78;0.177;NEUTRE;0;56;2;1
2026.06.22 09:00;161.765;161.769;161.703;161.738;57.67;25.08;4.37;85.62;88.20;0.188;NEUTRE;0;60.2;2;1
2026.06.22 08:00;161.733;161.782;161.700;161.766;55.72;28.93;5.04;87.85;90.32;0.205;NEUTRE;0;65;2;1
2026.06.22 07:00;161.675;161.762;161.644;161.734;53.48;29.63;5.82;91.12;92.33;0.185;NEUTRE;0;65.7;3;1
2026.06.22 06:00;161.694;161.710;161.607;161.677;51.37;27.41;6.71;91.99;90.56;0.150;NEUTRE;0;64.4;2;0
2026.06.22 05:00;161.662;161.697;161.635;161.696;49.95;31.63;3.57;93.87;88.74;0.162;NEUTRE;0;69.7;3;0
2026.06.22 04:00;161.582;161.687;161.581;161.662;45.36;34.02;4.11;85.83;85.34;0.141;NEUTRE;0;71.3;3;0
2026.06.22 03:00;161.529;161.601;161.526;161.582;40.28;26.77;4.75;86.51;84.37;0.091;NEUTRE;0;68.5;3;0
2026.06.22 02:00;161.532;161.594;161.513;161.532;35.72;29.45;5.48;83.68;83.27;0.060;NEUTRE;0;68.3;3;0
2026.06.22 01:00;161.490;161.543;161.432;161.530;30.66;24.29;6.32;82.91;84.07;0.059;NEUTRE;0;;;0
2026.06.22 00:00;161.435;161.563;161.412;161.491;26.34;28.03;7.29;83.23;84.35;0.035;NEUTRE;0;;;0
2026.06.21 23:00;161.444;161.512;161.407;161.435;21.36;27.15;8.41;86.07;81.16;0.137;NEUTRE;0;26.5;1;0
2026.06.21 22:00;161.322;161.458;161.315;161.446;16.54;23.41;9.71;83.77;74.38;0.144;NEUTRE;0;28.7;1;0
2026.06.21 21:00;161.214;161.335;161.191;161.322;12.72;13.78;11.20;73.64;69.64;0.067;NEUTRE;0;14.9;0;0
2026.06.19 20:00;161.285;161.312;161.210;161.273;13.09;13.44;12.92;65.75;70.67;-0.014;NEUTRE;0;-3.4;0;0
2026.06.19 19:00;161.256;161.291;161.225;161.284;14.80;12.34;14.91;69.54;77.15;-0.007;NEUTRE;0;-1.8;0;1
2026.06.19 18:00;161.267;161.277;161.231;161.262;15.63;10.98;17.21;76.71;76.31;-0.021;NEUTRE;0;-5.6;0;1
2026.06.19 17:00;161.330;161.330;161.259;161.268;14.64;12.67;10.49;85.20;70.52;-0.017;NEUTRE;0;-4.8;0;1
2026.06.19 16:00;161.300;161.335;161.260;161.329;15.44;14.62;11.89;67.01;52.42;0.020;NEUTRE;0;6;0;1
2026.06.19 15:00;161.164;161.303;161.126;161.299;16.23;10.30;13.72;59.35;42.47;0.002;NEUTRE;0;0.6;0;1
2026.06.19 14:00;161.290;161.316;161.144;161.158;16.54;11.89;14.26;30.91;28.41;-0.086;NEUTRE;0;-27.2;-1;1
2026.06.19 13:00;161.162;161.295;161.149;161.289;17.69;11.84;16.46;37.15;24.41;-0.004;NEUTRE;0;-1.5;0;1
2026.06.19 12:00;161.252;161.277;161.151;161.163;17.90;11.76;18.99;17.17;18.54;-0.082;NEUTRE;0;-29.7;-1;1
2026.06.19 11:00;161.274;161.304;161.230;161.252;17.04;13.57;12.26;18.90;21.86;-0.027;NEUTRE;0;-11.6;0;1
2026.06.19 10:00;161.258;161.327;161.236;161.273;18.88;15.66;12.90;19.54;28.95;-0.014;NEUTRE;0;-6.7;0;1
2026.06.19 09:00;161.280;161.323;161.229;161.258;20.30;17.39;14.89;27.16;42.11;-0.024;NEUTRE;0;-12.6;0;1
2026.06.19 08:00;161.313;161.320;161.236;161.281;22.23;20.07;16.03;40.15;57.42;-0.009;NEUTRE;0;-5.4;0;1
2026.06.19 07:00;161.269;161.346;161.235;161.313;23.92;23.15;18.50;59.02;72.96;0.011;NEUTRE;0;7.5;0;1
2026.06.19 06:00;161.332;161.396;161.262;161.270;25.88;26.72;17.60;73.08;79.89;-0.016;NEUTRE;0;-12.6;0;0
2026.06.19 05:00;161.371;161.453;161.327;161.333;26.70;30.83;12.84;86.77;76.93;0.023;NEUTRE;0;21;0;0
2026.06.19 04:00;161.341;161.406;161.332;161.372;24.47;29.83;14.82;79.82;61.54;0.047;NEUTRE;0;44.5;1;0
2026.06.19 03:00;161.225;161.341;161.199;161.340;23.07;20.91;17.10;64.19;47.67;0.027;NEUTRE;0;37;1;0
2026.06.19 02:00;161.191;161.238;161.098;161.224;25.08;12.96;19.73;40.61;38.74;-0.045;NEUTRE;0;-62;-2;0
2026.06.19 01:00;161.101;161.204;160.981;161.191;25.75;11.22;22.77;38.21;39.59;-0.065;NEUTRE;0;;;0
2026.06.19 00:00;161.296;161.297;161.010;161.100;24.48;12.95;24.27;37.39;42.47;-0.122;NEUTRE;0;;;0
2026.06.18 23:00;161.273;161.354;161.245;161.292;23.57;14.94;15.41;43.18;47.90;0.430;SOFT_UP;1;57.4;2;0
2026.06.18 22:00;161.329;161.427;161.170;161.273;26.96;17.24;17.78;46.83;56.98;0.418;SOFT_UP;1;57.8;2;0
2026.06.18 21:00;161.368;161.415;161.316;161.323;30.87;19.89;11.77;53.69;69.34;0.449;SOFT_UP;1;60.8;2;0
2026.06.18 20:00;161.425;161.455;161.327;161.390;31.68;22.95;11.87;70.42;84.08;0.491;SOFT_UP;1;64;2;0
2026.06.18 19:00;161.672;161.804;160.910;161.427;31.66;26.48;13.70;83.89;93.19;0.514;SOFT_UP;1;66.2;3;1
2026.06.18 18:00;161.441;161.682;161.401;161.674;31.63;30.55;7.36;97.92;95.65;0.667;STRONG_UP;2;72.1;3;1
2026.06.18 17:00;161.424;161.452;161.332;161.440;27.09;22.66;8.49;97.77;91.97;0.522;SOFT_UP;1;68.7;3;1
2026.06.18 16:00;161.365;161.448;161.193;161.423;24.25;25.64;9.79;91.25;85.82;0.511;SOFT_UP;1;69.5;3;1
2026.06.18 15:00;160.850;161.367;160.845;161.362;21.10;24.69;11.30;86.88;84.88;0.473;SOFT_UP;1;69.2;3;1
2026.06.18 14:00;160.882;160.909;160.834;160.851;18.63;14.99;13.04;79.34;86.30;0.155;NEUTRE;0;42.8;1;1
2026.06.18 13:00;160.867;160.922;160.794;160.882;20.42;17.30;15.05;88.42;91.63;0.174;NEUTRE;0;48.2;2;1
2026.06.18 12:00;160.925;160.939;160.828;160.867;22.49;19.96;13.27;91.15;94.19;0.165;NEUTRE;0;49;2;1
2026.06.18 11:00;160.918;160.946;160.862;160.924;22.85;23.04;10.60;95.31;91.97;0.200;NEUTRE;0;56.7;2;1
2026.06.18 10:00;160.788;160.945;160.744;160.920;20.68;26.40;12.23;96.12;83.32;0.198;NEUTRE;0;58.9;2;1
2026.06.18 09:00;160.771;160.800;160.471;160.787;18.22;19.36;14.12;84.50;67.76;0.115;NEUTRE;0;46.9;2;1
2026.06.18 08:00;160.591;160.770;160.586;160.769;18.62;22.34;10.91;69.34;54.79;0.104;NEUTRE;0;47.4;2;1
2026.06.18 07:00;160.629;160.677;160.567;160.591;16.19;18.00;12.59;49.46;42.89;-0.007;NEUTRE;0;-4.8;0;1
2026.06.18 06:00;160.638;160.677;160.587;160.630;15.97;20.77;11.73;45.57;34.36;0.017;NEUTRE;0;13.3;0;0
2026.06.18 05:00;160.589;160.646;160.577;160.639;14.14;18.66;13.53;33.63;31.20;0.023;NEUTRE;0;21;0;0
2026.06.18 04:00;160.579;160.617;160.571;160.589;13.87;15.07;15.62;23.88;38.49;-0.008;NEUTRE;0;-9.5;0;0
2026.06.18 03:00;160.575;160.610;160.564;160.579;15.73;15.04;18.02;36.09;49.89;-0.014;NEUTRE;0;-21.3;0;0
2026.06.18 02:00;160.632;160.659;160.556;160.576;16.76;17.36;20.79;55.50;59.48;-0.016;NEUTRE;0;-33.8;-1;0
2026.06.18 01:00;160.694;160.694;160.620;160.632;17.96;20.03;14.43;58.09;62.24;0.019;NEUTRE;0;;;0
2026.06.18 00:00;160.602;160.745;160.530;160.694;18.22;23.11;16.65;64.85;67.15;0.057;NEUTRE;0;;;0
2026.06.17 23:00;160.604;160.619;160.536;160.595;18.52;17.65;19.21;63.80;71.89;0.108;NEUTRE;0;21.4;0;0
2026.06.17 22:00;160.581;160.654;160.552;160.603;20.72;20.36;19.20;72.82;79.49;0.113;NEUTRE;0;23.2;0;0
2026.06.17 21:00;160.637;160.637;160.474;160.584;23.46;20.93;22.16;79.07;81.26;0.102;NEUTRE;0;22.1;0;0
2026.06.17 20:00;160.724;160.752;160.650;160.654;26.63;24.15;10.52;86.60;71.94;0.145;NEUTRE;0;31.2;1;0
2026.06.17 19:00;160.489;160.792;160.463;160.726;24.68;27.87;12.14;78.11;46.25;0.190;NEUTRE;0;39.9;1;1
2026.06.17 18:00;160.136;160.510;160.136;160.488;22.43;18.97;14.01;51.12;32.78;0.042;NEUTRE;0;11;0;1
2026.06.17 17:00;160.194;160.235;160.169;160.169;23.56;10.57;16.16;9.52;29.39;-0.157;NEUTRE;0;-37.7;-1;1
2026.06.17 16:00;160.216;160.231;160.193;160.194;23.97;12.20;13.06;37.70;44.26;-0.142;NEUTRE;0;-36.6;-1;1
2026.06.17 15:00;160.316;160.331;160.188;160.216;27.14;14.08;15.06;40.95;51.31;-0.128;NEUTRE;0;-35.5;-1;1
2026.06.17 14:00;160.190;160.345;160.189;160.316;30.79;16.24;17.27;54.14;60.32;-0.065;NEUTRE;0;-21.2;0;1
2026.06.17 13:00;160.242;160.295;160.181;160.190;35.06;13.81;19.93;58.84;61.67;-0.144;NEUTRE;0;-42.8;-1;1
2026.06.17 12:00;160.304;160.319;160.226;160.242;37.66;15.94;16.92;67.99;56.11;-0.112;NEUTRE;0;-38;-1;1
2026.06.17 11:00;160.233;160.329;160.226;160.306;42.99;18.39;19.53;58.17;42.56;-0.072;NEUTRE;0;-28.7;-1;1
2026.06.17 10:00;160.180;160.238;160.177;160.232;49.14;7.62;22.53;42.16;30.38;-0.118;NEUTRE;0;-44.6;-1;1
2026.06.17 09:00;160.202;160.220;160.158;160.179;49.10;4.26;26.00;27.36;23.75;-0.151;NEUTRE;0;-54.5;-2;1
2026.06.17 08:00;160.184;160.249;160.112;160.202;45.60;4.91;30.00;21.63;22.00;-0.137;NEUTRE;0;-55.1;-2;1
2026.06.17 07:00;160.247;160.300;160.173;160.184;41.56;5.67;27.76;22.25;21.86;-0.148;NEUTRE;0;-60.5;-2;1
2026.06.17 06:00;160.313;160.331;160.240;160.248;37.78;6.54;23.92;22.14;17.39;-0.108;NEUTRE;0;-56.4;-2;0
2026.06.17 05:00;160.262;160.324;160.258;160.322;34.82;7.55;24.56;21.20;17.24;-0.062;NEUTRE;0;-46;-2;0
2026.06.17 04:00;160.315;160.319;160.252;160.261;32.02;7.54;28.33;8.82;20.33;-0.100;NEUTRE;0;-64.4;-2;0
2026.06.17 03:00;160.325;160.349;160.309;160.316;28.03;8.70;19.60;21.70;33.63;-0.065;NEUTRE;0;-61.1;-2;0
2026.06.17 02:00;160.342;160.348;160.307;160.327;26.42;9.66;22.62;30.47;45.05;-0.059;NEUTRE;0;-67.9;-3;0
2026.06.17 01:00;160.346;160.367;160.307;160.343;24.30;11.14;26.10;48.74;57.80;-0.049;NEUTRE;0;;;0
2026.06.17 00:00;160.421;160.421;160.341;160.346;21.86;12.85;21.40;55.95;66.52;-0.047;NEUTRE;0;;;0
2026.06.16 23:00;160.398;160.438;160.390;160.421;21.38;14.83;15.27;68.71;76.27;0.116;NEUTRE;0;22.9;0;0
2026.06.16 22:00;160.420;160.438;160.356;160.402;24.45;17.11;17.62;74.91;82.91;0.104;NEUTRE;0;21.6;0;0
2026.06.16 21:00;160.355;160.442;160.280;160.421;27.99;19.75;20.33;85.19;85.62;0.116;NEUTRE;0;24.8;0;0
2026.06.16 20:00;160.462;160.476;160.455;160.470;32.07;22.78;9.28;88.63;80.34;0.147;NEUTRE;0;31.6;1;0
2026.06.16 19:00;160.430;160.473;160.392;160.462;30.53;24.09;10.71;83.05;71.71;0.142;NEUTRE;0;32;1;1
2026.06.16 18:00;160.431;160.457;160.414;160.430;29.32;27.80;8.18;69.34;63.60;0.122;NEUTRE;0;29.5;1;1
2026.06.16 17:00;160.391;160.439;160.382;160.432;25.44;25.64;9.44;62.74;63.38;0.123;NEUTRE;0;31.2;1;1
2026.06.16 16:00;160.387;160.403;160.330;160.391;22.25;19.86;10.89;58.71;66.53;0.097;NEUTRE;0;26.9;1;1
2026.06.16 15:00;160.393;160.456;160.329;160.386;21.18;22.92;12.57;68.70;75.33;0.094;NEUTRE;0;27.7;1;1
2026.06.16 14:00;160.391;160.461;160.366;160.395;19.96;26.44;10.02;72.19;77.98;0.100;NEUTRE;0;30.9;1;1
2026.06.16 13:00;160.319;160.404;160.318;160.391;16.10;21.28;11.56;85.11;82.09;0.097;NEUTRE;0;32;1;1
2026.06.16 12:00;160.355;160.373;160.312;160.321;14.02;19.01;13.34;76.65;80.66;0.054;NEUTRE;0;20.6;0;1
2026.06.16 11:00;160.286;160.356;160.286;160.354;13.48;17.65;15.39;84.52;80.77;0.074;NEUTRE;0;29.4;1;1
2026.06.16 10:00;160.338;160.340;160.274;160.285;14.51;16.90;17.76;80.80;74.13;0.031;NEUTRE;0;14.5;0;1
2026.06.16 09:00;160.316;160.355;160.301;160.336;16.36;19.50;14.20;76.98;69.10;0.063;NEUTRE;0;30.3;1;1
2026.06.16 08:00;160.228;160.327;160.219;160.316;16.46;14.52;16.39;64.63;65.95;0.051;NEUTRE;0;28.1;1;1
2026.06.16 07:00;160.205;160.340;160.190;160.231;18.06;16.75;18.91;65.69;67.50;-0.002;NEUTRE;0;-1.4;0;1
2026.06.16 06:00;160.291;160.292;160.144;160.205;19.90;14.41;21.82;67.54;61.72;-0.019;NEUTRE;0;-14.8;0;0
2026.06.16 05:00;160.249;160.298;160.226;160.289;19.82;16.62;16.65;69.27;50.02;0.034;NEUTRE;0;29.6;1;0
2026.06.16 04:00;160.205;160.347;160.186;160.248;22.86;19.18;19.21;48.34;33.05;0.008;NEUTRE;0;9.5;0;0
2026.06.16 03:00;160.134;160.246;160.040;160.203;26.36;12.48;22.17;32.45;23.14;-0.020;NEUTRE;0;-29.1;-1;0
2026.06.16 02:00;160.155;160.192;160.097;160.133;26.12;14.40;21.32;18.35;21.10;-0.064;NEUTRE;0;-69.5;-3;0
2026.06.16 01:00;160.193;160.210;160.097;160.155;27.15;16.61;24.60;18.63;30.54;-0.050;NEUTRE;0;;;0
2026.06.16 00:00;160.235;160.270;160.150;160.194;28.35;19.17;21.17;26.33;48.26;-0.026;NEUTRE;0;;;0
2026.06.15 23:00;160.320;160.321;160.218;160.241;31.95;22.12;15.71;46.65;68.14;0.177;NEUTRE;0;32.8;1;0
2026.06.15 22:00;160.334;160.351;160.239;160.321;34.26;25.52;14.98;71.79;83.43;0.227;NEUTRE;0;40.8;1;0
2026.06.15 21:00;160.248;160.354;160.245;160.340;35.52;29.45;16.47;85.96;91.76;0.239;NEUTRE;0;43.6;1;0
2026.06.15 20:00;160.384;160.391;160.325;160.347;36.64;33.98;7.71;92.55;94.40;0.243;NEUTRE;0;45.5;2;0
2026.06.15 19:00;160.301;160.386;160.278;160.383;32.58;38.04;8.89;96.77;94.86;0.266;SOFT_UP;1;49.5;2;1
2026.06.15 18:00;160.267;160.315;160.249;160.302;28.04;33.78;10.26;93.89;89.98;0.215;NEUTRE;0;45;1;1
2026.06.15 17:00;160.213;160.276;160.208;160.266;24.14;29.89;11.84;93.91;77.55;0.193;NEUTRE;0;43.5;1;1
2026.06.15 16:00;160.196;160.237;160.141;160.214;21.20;25.66;13.66;82.16;58.95;0.160;NEUTRE;0;39.9;1;1
2026.06.15 15:00;160.130;160.201;160.121;160.196;19.76;23.84;15.76;56.59;47.54;0.149;NEUTRE;0;39.7;1;1
2026.06.15 14:00;160.057;160.133;160.025;160.130;19.67;14.43;18.19;38.12;51.87;0.108;NEUTRE;0;32.8;1;1
2026.06.15 13:00;160.134;160.149;160.063;160.066;20.92;16.65;15.57;47.92;65.45;0.068;NEUTRE;0;23.6;0;1
2026.06.15 12:00;160.181;160.186;160.114;160.134;23.62;19.21;8.85;69.59;75.56;0.110;NEUTRE;0;37.5;1;1
2026.06.15 11:00;160.122;160.202;160.108;160.181;21.57;22.17;10.21;78.85;78.25;0.139;NEUTRE;0;46.6;2;1
2026.06.15 10:00;160.117;160.141;160.086;160.121;19.21;15.59;11.78;78.23;75.24;0.102;NEUTRE;0;40.5;1;1
2026.06.15 09:00;160.130;160.141;160.085;160.118;20.02;17.99;13.59;77.65;65.70;0.100;NEUTRE;0;42.9;1;1
2026.06.15 08:00;160.106;160.143;160.072;160.131;20.96;20.76;15.68;69.85;54.70;0.108;NEUTRE;0;48.5;2;1
2026.06.15 07:00;160.124;160.135;160.039;160.106;22.04;22.22;18.09;49.62;45.78;0.093;NEUTRE;0;48;2;1
2026.06.15 06:00;160.046;160.157;160.040;160.125;23.85;25.64;20.72;44.63;50.35;0.104;NEUTRE;0;55.4;2;0
2026.06.15 05:00;160.046;160.052;159.984;160.046;25.89;15.78;23.90;43.10;62.09;0.055;NEUTRE;0;42.6;1;0
2026.06.15 04:00;160.052;160.090;160.009;160.045;26.72;18.21;21.93;63.32;76.17;0.054;NEUTRE;0;48.5;2;0
2026.06.15 03:00;160.139;160.140;160.043;160.052;29.40;21.01;18.84;79.85;79.29;0.059;NEUTRE;0;58.7;2;0
2026.06.15 02:00;160.201;160.225;160.118;160.139;33.09;24.24;9.84;85.33;70.72;0.113;NEUTRE;0;78;3;0
2026.06.15 01:00;160.106;160.212;160.091;160.201;31.69;26.10;11.36;72.69;53.21;0.152;NEUTRE;0;;;0
2026.06.15 00:00;159.958;160.123;159.878;160.106;30.51;18.80;13.11;54.13;37.89;0.093;NEUTRE;0;;;0
2026.06.14 23:00;159.936;159.974;159.893;159.958;32.45;12.33;15.12;32.80;25.65;-0.095;NEUTRE;0;-19.1;0;0
2026.06.14 22:00;159.803;159.956;159.722;159.934;35.88;10.81;17.45;26.72;29.10;-0.110;NEUTRE;0;-22.7;0;0
2026.06.14 21:00;160.110;160.184;159.761;159.807;37.79;12.47;17.57;17.42;32.18;-0.189;NEUTRE;0;-37;-1;0
2026.06.12 20:00;160.201;160.229;160.191;160.210;41.00;14.39;5.54;43.15;38.68;0.048;NEUTRE;0;11.3;0;0
2026.06.12 19:00;160.231;160.237;160.193;160.201;40.47;16.61;5.58;35.98;38.51;0.042;NEUTRE;0;10.5;0;1
2026.06.12 18:00;160.195;160.236;160.187;160.230;39.05;18.81;6.44;36.90;45.68;0.061;NEUTRE;0;15.8;0;1
2026.06.12 17:00;160.225;160.232;160.177;160.195;37.52;20.45;7.43;42.65;57.17;0.039;NEUTRE;0;10.9;0;1
2026.06.12 16:00;160.240;160.275;160.177;160.226;36.10;23.60;8.57;57.49;69.11;0.058;NEUTRE;0;16.9;0;1
2026.06.12 15:00;160.233;160.244;160.160;160.241;34.47;22.36;9.89;71.38;73.97;0.067;NEUTRE;0;20.5;0;1
2026.06.12 14:00;160.271;160.286;160.156;160.235;33.83;25.80;11.41;78.46;68.60;0.064;NEUTRE;0;20.9;0;1
2026.06.12 13:00;160.249;160.339;160.186;160.270;33.08;29.77;9.62;72.07;54.88;0.086;NEUTRE;0;29;1;1
2026.06.12 12:00;160.175;160.303;160.168;160.250;30.30;30.73;11.10;55.29;41.20;0.073;NEUTRE;0;27;1;1
2026.06.12 11:00;160.086;160.179;160.086;160.167;27.74;21.43;12.81;37.27;33.49;0.021;NEUTRE;0;9.1;0;1
2026.06.12 10:00;160.063;160.188;160.034;160.091;28.14;24.73;14.78;31.05;35.60;-0.026;NEUTRE;0;-12.3;0;1
2026.06.12 09:00;160.087;160.106;159.950;160.059;28.59;20.34;17.05;32.15;49.70;-0.046;NEUTRE;0;-23.1;0;1
2026.06.12 08:00;160.278;160.289;159.948;160.088;31.64;23.47;19.67;43.61;66.33;-0.028;NEUTRE;0;-16.3;0;1
2026.06.12 07:00;160.312;160.371;160.263;160.280;35.15;27.08;8.49;73.35;79.20;0.092;NEUTRE;0;47.7;2;1
2026.06.12 06:00;160.339;160.354;160.247;160.313;32.51;28.82;9.79;82.04;83.09;0.112;NEUTRE;0;57.4;2;0
2026.06.12 05:00;160.252;160.345;160.236;160.340;29.93;31.96;11.30;82.21;86.39;0.129;NEUTRE;0;65.1;3;0
2026.06.12 04:00;160.227;160.265;160.223;160.252;27.19;25.59;13.04;85.02;90.54;0.074;NEUTRE;0;57.1;2;0
2026.06.12 03:00;160.285;160.291;160.206;160.228;26.37;29.53;15.04;91.94;94.07;0.059;NEUTRE;0;58.7;2;0
2026.06.12 02:00;160.260;160.301;160.239;160.285;25.43;34.07;11.38;94.68;90.70;0.095;NEUTRE;0;75.9;3;0
2026.06.12 01:00;160.164;160.261;160.144;160.260;21.66;29.39;13.14;95.61;79.98;0.079;NEUTRE;0;;;0
2026.06.12 00:00;160.133;160.215;160.121;160.165;19.12;27.86;15.16;81.82;63.66;0.020;NEUTRE;0;;;0
2026.06.11 23:00;160.011;160.145;159.968;160.132;17.52;20.69;17.49;62.51;48.10;-0.245;NEUTRE;0;-41.7;-1;0
2026.06.11 22:00;159.916;160.083;159.893;160.012;18.92;18.48;20.18;46.67;37.32;-0.320;SOFT_DOWN;-1;-50.6;-2;0
2026.06.11 21:00;159.907;159.973;159.886;159.942;21.16;12.42;23.28;35.13;29.19;-0.363;SOFT_DOWN;-1;-55.3;-2;0
2026.06.11 20:00;159.788;159.961;159.739;159.948;19.73;12.21;26.87;30.16;25.29;-0.359;SOFT_DOWN;-1;-56.3;-2;0
2026.06.11 19:00;160.072;160.077;159.538;159.788;16.99;14.08;31.00;22.27;24.16;-0.459;SOFT_DOWN;-1;-63.7;-2;1
2026.06.11 18:00;160.118;160.281;159.935;160.071;13.83;16.25;24.44;23.45;30.23;-0.283;SOFT_DOWN;-1;-52.7;-2;1
2026.06.11 17:00;160.523;160.543;160.025;160.119;12.87;18.75;24.19;26.77;32.76;-0.253;NEUTRE;0;-51.2;-2;1
2026.06.11 16:00;160.503;160.550;160.500;160.523;12.90;21.63;13.81;40.46;33.61;-0.001;NEUTRE;0;-0.3;0;1
2026.06.11 15:00;160.502;160.515;160.465;160.504;11.48;14.19;15.93;31.03;31.59;-0.013;NEUTRE;0;-4.1;0;1
2026.06.11 14:00;160.481;160.546;160.467;160.502;12.36;16.38;17.77;29.34;35.37;-0.014;NEUTRE;0;-4.8;0;1
2026.06.11 13:00;160.527;160.553;160.451;160.482;13.64;18.90;20.50;34.41;40.56;-0.027;NEUTRE;0;-9.9;0;1
2026.06.11 12:00;160.531;160.596;160.500;160.527;15.11;21.80;16.26;42.37;42.29;0.001;NEUTRE;0;0.4;0;1
2026.06.11 11:00;160.522;160.531;160.502;160.531;15.19;14.74;18.77;44.92;38.82;0.004;NEUTRE;0;1.7;0;1
2026.06.11 10:00;160.525;160.549;160.518;160.523;15.68;17.01;13.17;39.58;38.93;-0.001;NEUTRE;0;-0.5;0;1
2026.06.11 09:00;160.529;160.545;160.508;160.525;16.14;17.64;15.19;31.94;47.30;0.000;NEUTRE;0;0;0;1
2026.06.11 08:00;160.502;160.537;160.494;160.530;17.47;17.03;17.53;45.28;62.69;0.003;NEUTRE;0;1.8;0;1
2026.06.11 07:00;160.552;160.552;160.488;160.501;19.94;19.65;20.23;64.67;72.25;-0.015;NEUTRE;0;-10.2;0;1
2026.06.11 06:00;160.542;160.584;160.530;160.553;22.78;22.67;13.40;78.12;71.95;0.017;NEUTRE;0;13.3;0;0
2026.06.11 05:00;160.500;160.544;160.488;160.540;22.33;14.76;15.46;73.96;65.03;0.009;NEUTRE;0;8.6;0;0
2026.06.11 04:00;160.507;160.526;160.490;160.500;25.41;12.09;17.84;63.77;59.52;-0.016;NEUTRE;0;-18.5;0;0
2026.06.11 03:00;160.510;160.531;160.504;160.507;26.37;13.95;14.60;57.35;58.20;-0.011;NEUTRE;0;-17;0;0
2026.06.11 02:00;160.482;160.531;160.469;160.510;30.07;16.09;16.84;57.44;62.98;-0.009;NEUTRE;0;-20.6;0;0
2026.06.11 01:00;160.513;160.541;160.421;160.482;34.35;18.57;19.43;59.82;65.60;-0.027;NEUTRE;0;;;0
2026.06.11 00:00;160.525;160.544;160.487;160.513;39.29;21.43;13.96;71.68;70.13;-0.007;NEUTRE;0;;;0
2026.06.10 23:00;160.542;160.559;160.509;160.527;42.08;24.72;10.17;65.31;71.42;0.088;NEUTRE;0;17.7;0;0
2026.06.10 22:00;160.442;160.560;160.418;160.543;42.14;28.53;11.74;73.40;78.39;0.098;NEUTRE;0;20.4;0;0
2026.06.10 21:00;160.479;160.523;160.436;160.490;42.21;28.91;13.54;75.54;80.89;0.065;NEUTRE;0;14.5;0;0
2026.06.10 20:00;160.533;160.571;160.517;160.568;43.13;33.35;6.18;86.24;81.88;0.113;NEUTRE;0;25.3;1;0
2026.06.10 19:00;160.491;160.535;160.488;160.532;39.20;28.23;7.14;80.88;79.30;0.091;NEUTRE;0;21.8;0;1
2026.06.10 18:00;160.499;160.500;160.449;160.491;36.05;21.12;8.23;78.51;78.31;0.065;NEUTRE;0;16.8;0;1
2026.06.10 17:00;160.481;160.538;160.454;160.500;34.85;24.37;7.99;78.52;72.87;0.071;NEUTRE;0;19.3;0;1
2026.06.10 16:00;160.469;160.505;160.438;160.482;32.42;22.07;9.22;77.90;65.52;0.060;NEUTRE;0;17.4;0;1
2026.06.10 15:00;160.479;160.524;160.439;160.469;31.09;25.47;10.41;62.19;58.29;0.052;NEUTRE;0;16.2;0;1
2026.06.10 14:00;160.378;160.489;160.364;160.480;29.42;23.05;12.01;56.48;62.62;0.059;NEUTRE;0;19.4;0;1
2026.06.10 13:00;160.432;160.452;160.336;160.381;29.10;22.04;13.86;56.19;71.68;-0.003;NEUTRE;0;-1.1;0;1
2026.06.10 12:00;160.493;160.511;160.309;160.432;30.07;25.43;15.99;75.18;81.78;0.029;NEUTRE;0;11.4;0;1
2026.06.10 11:00;160.461;160.525;160.453;160.493;31.19;29.34;7.49;83.67;85.14;0.067;NEUTRE;0;27;1;1
2026.06.10 10:00;160.438;160.472;160.438;160.462;26.86;22.53;8.64;86.47;88.12;0.047;NEUTRE;0;21.5;0;1
2026.06.10 09:00;160.418;160.474;160.401;160.438;24.14;26.00;9.97;85.29;86.03;0.032;NEUTRE;0;16.6;0;1
2026.06.10 08:00;160.388;160.426;160.379;160.418;20.99;19.88;11.50;92.59;81.44;0.020;NEUTRE;0;11.8;0;1
2026.06.10 07:00;160.380;160.393;160.343;160.388;20.11;12.14;13.27;80.20;72.38;0.001;NEUTRE;0;0.7;0;1
2026.06.10 06:00;160.340;160.384;160.320;160.379;22.52;11.24;15.31;71.53;66.97;-0.004;NEUTRE;0;-3.2;0;0
2026.06.10 05:00;160.365;160.372;160.324;160.341;23.63;10.08;17.66;65.40;65.07;-0.028;NEUTRE;0;-25.1;-1;0
2026.06.10 04:00;160.354;160.366;160.343;160.365;23.06;11.63;14.29;63.97;65.87;-0.013;NEUTRE;0;-15.2;0;0
2026.06.10 03:00;160.360;160.367;160.335;160.354;25.03;13.42;16.49;65.82;68.57;-0.020;NEUTRE;0;-29.1;-1;0
2026.06.10 02:00;160.376;160.378;160.334;160.360;27.30;15.49;19.03;67.81;72.18;-0.016;NEUTRE;0;-33.8;-1;0
2026.06.10 01:00;160.377;160.389;160.233;160.376;29.93;17.87;21.95;72.08;70.91;-0.006;NEUTRE;0;;;0
2026.06.10 00:00;160.386;160.431;160.350;160.378;32.95;20.62;13.79;76.65;67.23;-0.005;NEUTRE;0;;;0
2026.06.09 23:00;160.400;160.415;160.371;160.385;34.97;23.79;11.93;64.01;63.13;0.130;NEUTRE;0;25.3;1;0
2026.06.09 22:00;160.342;160.401;160.271;160.398;35.24;22.56;13.76;61.04;66.49;0.139;NEUTRE;0;27.8;1;0
2026.06.09 21:00;160.327;160.364;160.273;160.313;36.94;21.65;15.88;64.34;71.15;0.086;NEUTRE;0;18.9;0;0
2026.06.09 20:00;160.408;160.418;160.347;160.361;40.25;24.98;5.81;74.10;74.94;0.115;NEUTRE;0;25.7;1;0
2026.06.09 19:00;160.354;160.415;160.352;160.407;36.87;28.83;5.62;75.00;74.37;0.144;NEUTRE;0;32.4;1;1
2026.06.09 18:00;160.348;160.371;160.327;160.354;32.17;22.52;6.49;75.70;75.23;0.111;NEUTRE;0;27.3;1;1
2026.06.09 17:00;160.397;160.400;160.280;160.351;28.62;25.98;7.48;72.41;71.91;0.109;NEUTRE;0;28.2;1;1
2026.06.09 16:00;160.221;160.439;160.210;160.396;24.52;29.98;8.64;77.57;71.39;0.137;NEUTRE;0;35.6;1;1
2026.06.09 15:00;160.247;160.299;160.210;160.222;19.79;25.19;9.96;65.74;60.12;0.029;NEUTRE;0;9.2;0;1
2026.06.09 14:00;160.195;160.256;160.144;160.247;16.17;21.63;11.50;70.86;55.99;0.044;NEUTRE;0;14.7;0;1
2026.06.09 13:00;160.184;160.221;160.143;160.184;13.96;20.15;13.27;43.75;53.85;0.005;NEUTRE;0;1.8;0;1
2026.06.09 12:00;160.155;160.193;160.141;160.183;12.94;17.72;15.31;53.35;62.43;0.004;NEUTRE;0;1.6;0;1
2026.06.09 11:00;160.164;160.175;160.139;160.155;13.80;15.12;17.66;64.44;68.17;-0.013;NEUTRE;0;-5.6;0;1
2026.06.09 10:00;160.187;160.209;160.142;160.163;14.73;17.45;19.10;69.49;67.55;-0.008;NEUTRE;0;-3.8;0;1
2026.06.09 09:00;160.172;160.196;160.140;160.187;16.31;17.15;22.04;70.59;62.50;0.007;NEUTRE;0;3.7;0;1
2026.06.09 08:00;160.193;160.218;160.165;160.172;16.90;19.79;18.56;62.58;53.39;-0.002;NEUTRE;0;-1.2;0;1
2026.06.09 07:00;160.167;160.213;160.148;160.193;19.00;21.38;21.41;54.32;49.35;0.011;NEUTRE;0;7.5;0;1
2026.06.09 06:00;160.148;160.175;160.048;160.162;21.91;15.68;24.71;43.29;51.62;-0.009;NEUTRE;0;-7.1;0;0
2026.06.09 05:00;160.188;160.203;160.104;160.147;21.85;18.09;21.73;50.45;59.09;-0.018;NEUTRE;0;-16.8;0;0
2026.06.09 04:00;160.251;160.252;160.180;160.188;23.80;20.87;13.26;61.12;64.29;0.007;NEUTRE;0;8.3;0;0
2026.06.09 03:00;160.217;160.252;160.200;160.250;24.03;24.09;11.02;65.68;65.22;0.046;NEUTRE;0;52;2;0
2026.06.09 02:00;160.187;160.219;160.181;160.217;22.01;18.03;12.72;66.08;64.17;0.026;NEUTRE;0;47.4;2;0
2026.06.09 01:00;160.232;160.246;160.171;160.187;22.74;20.80;14.68;63.90;58.55;0.007;NEUTRE;0;;;0
2026.06.09 00:00;160.176;160.276;160.129;160.231;23.58;24.00;16.94;62.52;53.06;0.034;NEUTRE;0;;;0
2026.06.08 23:00;160.170;160.223;160.157;160.176;24.55;22.15;19.54;49.24;51.00;-0.098;NEUTRE;0;-19.6;0;0
2026.06.08 22:00;160.139;160.182;160.125;160.171;27.37;16.00;22.55;47.41;59.80;-0.101;NEUTRE;0;-21;0;0
2026.06.08 21:00;160.115;160.185;160.067;160.145;28.96;18.46;26.02;56.35;72.59;-0.117;NEUTRE;0;-25;0;0
2026.06.08 20:00;160.208;160.219;160.159;160.171;30.80;21.30;18.02;75.65;83.38;-0.101;NEUTRE;0;-22.9;0;0
2026.06.08 19:00;160.258;160.264;160.203;160.208;34.26;24.57;9.51;85.77;85.29;-0.078;NEUTRE;0;-18.9;0;1
2026.06.08 18:00;160.161;160.264;160.135;160.253;32.73;28.36;10.98;88.72;80.91;-0.050;NEUTRE;0;-13.1;0;1
2026.06.08 17:00;160.156;160.199;160.117;160.161;30.97;24.97;12.67;81.37;74.44;-0.107;NEUTRE;0;-27.8;-1;1
2026.06.08 16:00;160.114;160.164;160.078;160.156;30.71;22.24;14.62;72.65;64.02;-0.110;NEUTRE;0;-29.9;-1;1
2026.06.08 15:00;160.069;160.134;160.033;160.113;32.25;20.29;16.86;69.30;52.68;-0.137;NEUTRE;0;-37.4;-1;1
2026.06.08 14:00;160.029;160.197;160.024;160.069;35.80;23.42;19.46;50.11;39.72;-0.165;NEUTRE;0;-44.6;-1;1
2026.06.08 13:00;159.955;160.033;159.932;160.029;39.88;12.44;22.45;38.65;33.58;-0.190;NEUTRE;0;-50.7;-2;1
2026.06.08 12:00;159.966;159.978;159.906;159.955;41.60;5.97;25.91;30.41;31.82;-0.236;NEUTRE;0;-58.7;-2;1
2026.06.08 11:00;160.001;160.007;159.880;159.966;38.38;6.89;29.89;31.69;32.89;-0.229;NEUTRE;0;-60.1;-2;1
2026.06.08 10:00;160.004;160.070;159.924;160.001;34.66;7.95;29.16;33.36;33.63;-0.207;NEUTRE;0;-60;-2;1
2026.06.08 09:00;160.020;160.070;159.976;160.005;31.20;9.17;28.17;33.63;33.32;-0.205;NEUTRE;0;-62.3;-2;1
2026.06.08 08:00;160.223;160.236;159.841;160.020;28.18;10.58;32.50;33.90;36.23;-0.195;NEUTRE;0;-63.9;-2;1
2026.06.08 07:00;160.258;160.260;160.145;160.223;24.68;12.21;25.66;32.43;42.63;-0.069;NEUTRE;0;-39.5;-1;1
2026.06.08 06:00;160.256;160.339;160.223;160.258;23.02;14.09;19.18;42.35;57.12;-0.047;NEUTRE;0;-33.2;-1;0
2026.06.08 05:00;160.338;160.341;160.195;160.257;24.20;16.26;22.13;53.12;70.87;-0.047;NEUTRE;0;-38.2;-1;0
2026.06.08 04:00;160.333;160.351;160.283;160.337;25.57;18.76;16.26;75.90;82.70;0.002;NEUTRE;0;2.4;0;0
2026.06.08 03:00;160.369;160.387;160.333;160.334;28.41;21.64;7.45;83.60;86.75;0.001;NEUTRE;0;1.6;0;0
2026.06.08 02:00;160.327;160.373;160.321;160.369;25.27;20.99;8.59;88.58;88.65;0.022;NEUTRE;0;42.6;1;0
2026.06.08 01:00;160.318;160.347;160.261;160.328;22.72;16.52;9.91;88.06;88.00;-0.003;NEUTRE;0;;;0
2026.06.08 00:00;160.333;160.341;160.235;160.318;22.37;17.99;11.44;89.31;87.32;-0.009;NEUTRE;0;;;0
2026.06.07 23:00;160.330;160.339;160.234;160.333;22.38;20.47;13.20;86.61;80.17;0.101;NEUTRE;0;20.2;0;0
2026.06.07 22:00;160.277;160.352;160.250;160.329;22.51;23.62;12.89;86.05;69.30;0.099;NEUTRE;0;20.6;0;0
2026.06.07 21:00;160.171;160.287;160.150;160.277;21.45;17.45;14.87;67.85;63.62;0.066;NEUTRE;0;14.7;0;0
2026.06.05 20:00;160.175;160.329;160.167;160.312;23.52;20.13;15.54;54.00;68.58;0.201;NEUTRE;0;40;1;0
2026.06.05 19:00;160.159;160.201;160.111;160.178;25.16;11.07;17.93;69.02;81.71;0.118;NEUTRE;0;27.4;1;1
2026.06.05 18:00;160.317;160.337;160.084;160.159;25.39;12.77;20.69;82.73;89.94;0.106;NEUTRE;0;26.2;1;1
2026.06.05 17:00;160.272;160.335;160.265;160.318;25.66;14.74;12.87;93.40;92.39;0.205;NEUTRE;0;45.2;2;1
2026.06.05 16:00;160.259;160.337;160.236;160.273;28.56;17.01;14.85;93.68;91.53;0.177;NEUTRE;0;42.8;1;1
2026.06.05 15:00;160.265;160.295;160.203;160.259;31.91;13.22;17.13;90.08;86.01;0.168;NEUTRE;0;43.1;1;1
2026.06.05 14:00;160.141;160.275;160.056;160.265;34.84;11.91;19.77;90.82;79.02;0.172;NEUTRE;0;45.8;2;1
2026.06.05 13:00;160.214;160.259;159.722;160.140;36.39;12.62;22.81;77.13;58.14;0.094;NEUTRE;0;31.2;1;1
2026.06.05 12:00;159.838;160.217;159.830;160.210;37.56;14.56;23.23;69.10;48.06;0.138;NEUTRE;0;43.9;1;1
2026.06.05 11:00;159.906;159.925;159.825;159.838;39.82;5.20;26.80;28.18;44.03;-0.095;NEUTRE;0;-35.8;-1;1
2026.06.05 10:00;159.938;159.944;159.899;159.905;35.56;6.00;19.54;46.90;49.81;-0.053;NEUTRE;0;-23.9;0;1
2026.06.05 09:00;159.942;159.954;159.887;159.938;32.87;6.92;22.54;57.02;51.17;-0.033;NEUTRE;0;-17;0;1
2026.06.05 08:00;159.945;159.948;159.918;159.941;29.77;7.98;18.89;45.50;50.20;-0.031;NEUTRE;0;-18;0;1
2026.06.05 07:00;159.934;159.947;159.904;159.946;28.10;8.70;21.80;50.99;54.79;-0.028;NEUTRE;0;-18.5;0;1
2026.06.05 06:00;159.957;159.968;159.921;159.934;25.82;10.04;19.07;54.12;57.77;-0.035;NEUTRE;0;-26;-1;0
2026.06.05 05:00;159.956;159.965;159.912;159.957;25.02;10.60;22.00;59.25;59.60;-0.021;NEUTRE;0;-19.4;0;0
2026.06.05 04:00;159.951;159.965;159.939;159.956;23.48;12.23;17.55;59.95;59.17;-0.021;NEUTRE;0;-23.7;0;0
2026.06.05 03:00;159.971;159.987;159.939;159.952;24.35;14.11;20.25;59.61;59.06;-0.024;NEUTRE;0;-33.8;-1;0
2026.06.05 02:00;159.955;159.972;159.934;159.969;25.35;11.48;23.37;57.94;60.82;-0.013;NEUTRE;0;-28.5;-1;0
2026.06.05 01:00;159.954;159.966;159.892;159.956;24.00;10.81;26.96;59.63;60.75;-0.021;NEUTRE;0;;;0
2026.06.05 00:00;159.990;160.001;159.939;159.955;21.11;12.48;21.34;64.90;60.33;-0.022;NEUTRE;0;;;0
2026.06.04 23:00;160.001;160.007;159.967;159.990;20.33;14.40;17.68;57.73;57.36;0.029;NEUTRE;0;6;0;0
2026.06.04 22:00;159.870;160.018;159.870;159.996;21.88;16.61;20.40;58.35;67.13;0.033;NEUTRE;0;7.1;0;0
2026.06.04 21:00;159.999;160.018;159.914;159.937;23.68;19.17;18.96;56.00;76.28;-0.004;NEUTRE;0;-0.9;0;0
2026.06.04 20:00;160.010;160.040;160.002;160.020;27.23;22.12;9.10;87.04;85.33;0.048;NEUTRE;0;11.3;0;0
2026.06.04 19:00;160.023;160.028;160.001;160.009;25.01;20.66;10.50;85.81;82.60;0.041;NEUTRE;0;10.2;0;1
2026.06.04 18:00;159.990;160.029;159.964;160.023;23.84;23.84;12.12;83.14;81.64;0.050;NEUTRE;0;13.1;0;1
2026.06.04 17:00;159.962;159.996;159.962;159.989;22.50;19.70;13.98;78.84;83.49;0.029;NEUTRE;0;8.1;0;1
2026.06.04 16:00;159.967;159.989;159.935;159.963;23.35;19.56;16.14;82.94;86.40;0.013;NEUTRE;0;3.9;0;1
2026.06.04 15:00;159.981;160.025;159.953;159.966;25.47;22.57;13.49;88.68;78.14;0.014;NEUTRE;0;4.5;0;1
2026.06.04 14:00;159.908;159.998;159.873;159.981;25.51;20.27;15.57;87.58;62.49;0.024;NEUTRE;0;8.2;0;1
2026.06.04 13:00;159.865;159.916;159.838;159.912;27.42;13.30;17.96;58.16;42.24;-0.019;NEUTRE;0;-7;0;1
2026.06.04 12:00;159.763;159.872;159.751;159.861;29.34;6.67;20.72;41.72;43.07;-0.051;NEUTRE;0;-19.6;0;1
2026.06.04 11:00;159.870;159.872;159.744;159.762;25.96;7.69;23.91;26.85;52.29;-0.113;NEUTRE;0;-40.7;-1;1
2026.06.04 10:00;159.853;159.892;159.851;159.873;22.06;8.87;14.83;60.62;68.58;-0.044;NEUTRE;0;-20.2;0;1
2026.06.04 09:00;159.870;159.891;159.837;159.852;21.58;9.86;17.11;69.38;73.93;-0.057;NEUTRE;0;-27.9;-1;1
2026.06.04 08:00;159.899;159.914;159.839;159.870;20.77;11.38;19.17;75.75;75.36;-0.046;NEUTRE;0;-25.7;-1;1
2026.06.04 07:00;159.898;159.923;159.859;159.899;20.04;13.13;18.02;76.67;74.54;-0.028;NEUTRE;0;-18.5;0;1
2026.06.04 06:00;159.881;159.915;159.819;159.898;20.71;13.23;20.79;73.67;68.28;-0.028;NEUTRE;0;-21.3;0;0
2026.06.04 05:00;159.863;159.927;159.851;159.881;20.48;15.27;18.87;73.28;55.61;-0.039;NEUTRE;0;-33.1;-1;0
2026.06.04 04:00;159.967;159.986;159.586;159.863;22.00;17.61;21.77;57.89;39.91;-0.050;NEUTRE;0;-46.3;-2;0
2026.06.04 03:00;159.892;159.983;159.890;159.966;23.77;20.32;13.42;35.66;31.48;0.014;NEUTRE;0;21.3;0;0
2026.06.04 02:00;159.876;159.907;159.869;159.892;24.28;10.88;15.49;26.18;31.90;-0.032;NEUTRE;0;-53.2;-2;0
2026.06.04 01:00;159.903;159.926;159.866;159.878;25.32;12.55;17.87;32.60;37.67;-0.041;NEUTRE;0;;;0
2026.06.04 00:00;159.943;159.962;159.884;159.904;26.53;14.48;16.01;36.92;45.69;-0.024;NEUTRE;0;;;0
2026.06.03 23:00;159.915;159.975;159.888;159.944;29.84;16.71;17.68;43.48;61.36;-0.021;NEUTRE;0;-4.4;0;0
2026.06.03 22:00;160.023;160.075;159.825;159.915;34.00;19.28;20.40;56.67;77.65;-0.039;NEUTRE;0;-8.4;0;0
2026.06.03 21:00;160.044;160.063;159.993;160.023;38.79;22.25;13.20;83.92;89.64;0.029;NEUTRE;0;6.6;0;0
2026.06.03 20:00;160.070;160.085;160.049;160.083;40.84;25.67;5.66;92.36;89.49;0.066;NEUTRE;0;15.4;0;0
2026.06.03 19:00;160.027;160.075;159.998;160.071;37.29;25.35;6.53;92.64;86.76;0.059;NEUTRE;0;14.6;0;1
2026.06.03 18:00;160.043;160.054;160.013;160.026;33.95;25.05;7.54;83.48;83.00;0.031;NEUTRE;0;8.2;0;1
2026.06.03 17:00;159.979;160.045;159.945;160.043;30.90;25.53;8.69;84.14;83.77;0.041;NEUTRE;0;11.4;0;1
2026.06.03 16:00;159.964;160.042;159.947;159.980;28.09;29.00;10.03;81.36;86.22;0.002;NEUTRE;0;0.6;0;1
2026.06.03 15:00;159.940;159.999;159.932;159.965;24.93;26.49;11.58;85.81;87.79;-0.008;NEUTRE;0;-2.6;0;1
2026.06.03 14:00;159.940;159.993;159.892;159.941;22.74;29.19;13.36;91.48;85.61;-0.023;NEUTRE;0;-7.8;0;1
2026.06.03 13:00;159.909;159.978;159.888;159.940;20.51;31.40;15.41;86.07;78.36;-0.023;NEUTRE;0;-8.4;0;1
2026.06.03 12:00;159.834;159.925;159.804;159.912;18.42;27.17;17.78;79.29;71.44;-0.041;NEUTRE;0;-15.9;0;1
2026.06.03 11:00;159.789;159.834;159.776;159.833;18.04;19.78;20.52;69.71;63.77;-0.090;NEUTRE;0;-34.4;-1;1
2026.06.03 10:00;159.784;159.849;159.660;159.788;20.53;22.82;23.67;65.33;59.03;-0.118;NEUTRE;0;-44.6;-1;1
2026.06.03 09:00;159.750;159.878;159.750;159.785;23.40;26.33;19.99;56.26;55.80;-0.120;NEUTRE;0;-48.1;-2;1
2026.06.03 08:00;159.692;159.811;159.367;159.751;24.90;22.33;23.07;55.49;61.08;-0.141;NEUTRE;0;-55.8;-2;1
2026.06.03 07:00;159.973;159.991;159.545;159.696;28.48;25.76;20.45;55.66;60.05;-0.176;NEUTRE;0;-64.6;-2;1
2026.06.03 06:00;159.921;159.980;159.899;159.972;31.09;29.73;11.38;72.10;53.84;-0.003;NEUTRE;0;-2.4;0;0
2026.06.03 05:00;159.882;159.927;159.866;159.921;29.01;24.23;13.13;52.40;40.25;-0.035;NEUTRE;0;-30.3;-1;0
2026.06.03 04:00;159.881;159.891;159.862;159.882;28.90;18.88;15.15;37.03;35.91;-0.059;NEUTRE;0;-51;-2;0
2026.06.03 03:00;159.867;159.897;159.862;159.881;31.66;21.79;17.48;31.31;43.26;-0.060;NEUTRE;0;-59.1;-2;0
2026.06.03 02:00;159.855;159.875;159.830;159.867;34.85;15.47;20.17;39.39;59.08;-0.069;NEUTRE;0;-70.9;-3;0
2026.06.03 01:00;159.933;159.939;159.811;159.855;38.18;17.85;23.28;59.06;69.86;-0.076;NEUTRE;0;;;0
2026.06.03 00:00;159.977;159.981;159.889;159.934;42.02;20.59;17.48;78.78;69.89;-0.027;NEUTRE;0;;;0
2026.06.02 23:00;159.955;159.992;159.945;159.977;47.23;23.76;10.81;71.73;60.01;0.210;NEUTRE;0;37.4;1;0
2026.06.02 22:00;159.904;159.976;159.826;159.953;48.73;22.18;12.47;59.16;54.73;0.195;NEUTRE;0;36.5;1;0
2026.06.02 21:00;159.860;159.935;159.834;159.896;51.92;21.38;14.39;49.14;58.99;0.160;NEUTRE;0;32.5;1;0
2026.06.02 20:00;159.923;159.945;159.913;159.927;56.89;24.67;4.57;55.90;68.83;0.179;NEUTRE;0;36.8;1;0
2026.06.02 19:00;159.899;159.948;159.886;159.923;55.07;28.47;5.27;71.93;79.60;0.177;NEUTRE;0;37.9;1;1
2026.06.02 18:00;159.958;159.984;159.898;159.900;52.97;32.85;3.11;78.68;84.54;0.162;NEUTRE;0;37;1;1
2026.06.02 17:00;159.902;159.964;159.887;159.958;48.39;34.33;3.59;88.21;87.62;0.199;NEUTRE;0;44.4;1;1
2026.06.02 16:00;159.873;159.943;159.861;159.901;43.36;35.41;4.14;86.73;88.47;0.163;NEUTRE;0;40.4;1;1
2026.06.02 15:00;159.860;159.896;159.852;159.873;37.87;32.04;4.77;87.93;89.52;0.145;NEUTRE;0;39;1;1
2026.06.02 14:00;159.781;159.869;159.781;159.859;32.30;27.53;5.51;90.76;89.76;0.137;NEUTRE;0;39.3;1;1
2026.06.02 13:00;159.776;159.829;159.761;159.803;27.02;24.77;6.36;89.86;88.13;0.101;NEUTRE;0;33;1;1
2026.06.02 12:00;159.740;159.780;159.730;159.776;22.07;17.50;7.33;88.65;87.04;0.085;NEUTRE;0;30.6;1;1
2026.06.02 11:00;159.722;159.746;159.710;159.741;19.17;9.73;8.46;85.86;81.92;0.063;NEUTRE;0;25.6;1;1
2026.06.02 10:00;159.734;159.748;159.703;159.722;21.05;11.23;9.76;86.62;71.34;0.051;NEUTRE;0;23.1;0;1
2026.06.02 09:00;159.737;159.744;159.692;159.736;23.21;11.58;11.27;73.28;61.66;0.060;NEUTRE;0;29.1;1;1
2026.06.02 08:00;159.688;159.741;159.650;159.738;26.57;12.48;13.00;54.13;64.86;0.061;NEUTRE;0;32.5;1;1
2026.06.02 07:00;159.700;159.722;159.687;159.688;30.34;14.40;8.74;57.58;79.28;0.029;NEUTRE;0;19.1;0;1
2026.06.02 06:00;159.735;159.742;159.681;159.700;31.25;16.61;10.09;82.89;91.94;0.037;NEUTRE;0;27.3;1;0
2026.06.02 05:00;159.723;159.737;159.709;159.735;32.30;19.17;4.58;97.38;94.99;0.059;NEUTRE;0;44.6;1;0
2026.06.02 04:00;159.714;159.724;159.706;159.723;27.82;14.98;5.28;95.55;89.18;0.051;NEUTRE;0;46.8;2;0
2026.06.02 03:00;159.708;159.718;159.686;159.714;24.74;12.15;6.10;92.05;77.15;0.046;NEUTRE;0;52;2;0
2026.06.02 02:00;159.702;159.717;159.677;159.710;23.45;13.54;7.04;79.95;61.74;0.043;NEUTRE;0;60.9;2;0
2026.06.02 01:00;159.658;159.718;159.632;159.702;22.19;15.63;8.12;59.45;45.77;0.038;NEUTRE;0;;;0
2026.06.02 00:00;159.641;159.719;159.631;159.659;20.74;18.03;9.37;45.83;38.52;0.011;NEUTRE;0;;;0
2026.06.01 23:00;159.655;159.655;159.612;159.641;19.07;9.61;10.81;32.02;38.02;0.178;NEUTRE;0;32.9;1;0
2026.06.01 22:00;159.602;159.664;159.582;159.655;21.10;11.09;12.47;37.72;51.45;0.187;NEUTRE;0;35.4;1;0
2026.06.01 21:00;159.605;159.696;159.573;159.597;23.44;12.80;14.39;44.31;62.23;0.151;NEUTRE;0;31;1;0
2026.06.01 20:00;159.688;159.699;159.650;159.667;26.15;14.77;6.97;72.31;68.74;0.195;NEUTRE;0;39.2;1;0
2026.06.01 19:00;159.753;159.757;159.646;159.687;24.66;17.04;8.05;70.06;63.97;0.207;NEUTRE;0;42.3;1;1
2026.06.01 18:00;159.629;159.758;159.614;159.758;22.94;19.66;9.28;63.84;63.65;0.252;NEUTRE;0;49.5;2;1
2026.06.01 17:00;159.598;159.678;159.568;159.629;20.95;14.14;10.71;58.01;69.69;0.171;NEUTRE;0;40.1;1;1
2026.06.01 16:00;159.655;159.705;159.563;159.597;22.05;16.32;12.36;69.10;79.83;0.151;NEUTRE;0;38.3;1;1
2026.06.01 15:00;159.718;159.731;159.576;159.655;23.32;18.83;12.85;81.96;86.93;0.187;NEUTRE;0;46.2;2;1
2026.06.01 14:00;159.710;159.758;159.651;159.717;24.01;21.72;7.39;88.45;84.26;0.226;NEUTRE;0;53.5;2;1
2026.06.01 13:00;159.480;159.741;159.480;159.710;20.12;22.62;8.52;90.39;76.26;0.222;NEUTRE;0;55;2;1
2026.06.01 12:00;159.483;159.489;159.429;159.480;16.25;11.25;9.83;73.95;62.31;0.077;NEUTRE;0;28.2;1;1
2026.06.01 11:00;159.447;159.489;159.440;159.485;17.72;12.98;8.53;64.44;55.66;0.080;NEUTRE;0;31.3;1;1
2026.06.01 10:00;159.452;159.473;159.435;159.446;17.27;9.95;9.84;48.55;47.95;0.056;NEUTRE;0;25.1;1;1
2026.06.01 09:00;159.446;159.477;159.438;159.452;19.84;11.48;10.14;53.99;44.72;0.060;NEUTRE;0;29.1;1;1
2026.06.01 08:00;159.460;159.469;159.434;159.445;21.94;10.09;11.70;41.33;42.35;0.055;NEUTRE;0;29.9;1;1
2026.06.01 07:00;159.421;159.480;159.403;159.461;24.18;11.64;13.50;38.84;53.88;0.065;NEUTRE;0;37.8;1;1
2026.06.01 06:00;159.455;159.495;159.408;159.420;26.76;13.43;14.57;46.88;68.49;0.040;NEUTRE;0;29.1;1;0
2026.06.01 05:00;159.455;159.475;159.431;159.455;30.25;15.50;12.75;75.93;82.50;0.061;NEUTRE;0;45.6;2;0
2026.06.01 04:00;159.475;159.476;159.451;159.455;33.40;17.88;7.72;82.66;87.41;0.061;NEUTRE;0;51.9;2;0
2026.06.01 03:00;159.459;159.482;159.435;159.475;32.43;20.63;8.90;88.91;88.65;0.074;NEUTRE;0;64.1;2;0
2026.06.01 02:00;159.482;159.493;159.446;159.458;31.31;23.81;6.67;90.65;86.68;0.063;NEUTRE;0;69.2;3;0
2026.06.01 01:00;159.449;159.494;159.441;159.481;27.48;27.47;7.70;86.41;81.65;0.078;NEUTRE;0;;;0
2026.06.01 00:00;159.357;159.465;159.356;159.448;23.06;23.28;8.88;82.99;76.80;0.057;NEUTRE;0;;;0
2026.05.31 23:00;159.382;159.396;159.292;159.357;19.72;17.12;10.25;75.55;72.56;0.013;NEUTRE;0;2.7;0;0
2026.05.31 22:00;159.332;159.431;159.292;159.383;18.90;19.75;11.83;71.86;69.60;0.029;NEUTRE;0;6.3;0;0
2026.05.31 21:00;159.337;159.376;159.285;159.320;17.94;16.70;13.65;70.28;69.45;-0.011;NEUTRE;0;-2.5;0;0
2026.05.29 20:00;159.258;159.286;159.170;159.236;19.15;9.38;15.75;66.67;65.48;-0.019;NEUTRE;0;-4.5;0;0
2026.05.29 19:00;159.258;159.269;159.211;159.258;18.20;10.83;12.73;71.41;61.39;-0.005;NEUTRE;0;-1.3;0;1
2026.05.29 18:00;159.280;159.300;159.218;159.258;19.76;12.49;12.83;58.37;49.94;-0.005;NEUTRE;0;-1.3;0;1
2026.05.29 17:00;159.193;159.282;159.179;159.279;22.60;11.04;14.81;54.41;44.53;0.008;NEUTRE;0;2.3;0;1
2026.05.29 16:00;159.226;159.247;159.178;159.193;23.83;7.51;17.08;37.05;38.47;-0.046;NEUTRE;0;-13.5;0;1
2026.05.29 15:00;159.184;159.241;159.091;159.227;21.51;7.33;19.71;42.14;43.43;-0.024;NEUTRE;0;-7.6;0;1
2026.05.29 14:00;159.296;159.352;159.156;159.184;17.77;8.46;16.08;36.22;46.46;-0.051;NEUTRE;0;-16.9;0;1
2026.05.29 13:00;159.253;159.304;159.237;159.296;15.73;9.76;12.19;51.91;54.78;0.019;NEUTRE;0;7;0;1
2026.05.29 12:00;159.247;159.302;159.247;159.254;16.44;11.26;11.77;51.24;58.60;-0.008;NEUTRE;0;-3.2;0;1
2026.05.29 11:00;159.282;159.296;159.243;159.247;18.62;11.31;13.58;61.20;58.97;-0.012;NEUTRE;0;-5.2;0;1
2026.05.29 10:00;159.292;159.316;159.258;159.281;20.08;13.05;11.32;63.37;49.12;0.009;NEUTRE;0;4.3;0;1
2026.05.29 09:00;159.290;159.295;159.232;159.293;22.08;9.49;13.06;52.34;37.25;0.017;NEUTRE;0;9;0;1
2026.05.29 08:00;159.256;159.313;159.204;159.290;23.04;10.95;15.07;31.66;29.48;0.015;NEUTRE;0;8.9;0;1
2026.05.29 07:00;159.210;159.312;159.198;159.256;24.14;12.49;17.39;27.74;39.82;-0.006;NEUTRE;0;-4.1;0;1
2026.05.29 06:00;159.304;159.327;159.194;159.206;25.34;14.41;20.07;29.03;56.24;-0.038;NEUTRE;0;-27.9;-1;0
2026.05.29 05:00;159.296;159.327;159.279;159.308;26.71;16.63;13.32;62.69;77.31;0.026;NEUTRE;0;23.5;0;0
2026.05.29 04:00;159.356;159.373;159.295;159.297;29.12;19.19;10.24;77.01;85.66;0.019;NEUTRE;0;21.7;0;0
2026.05.29 03:00;159.308;159.364;159.306;159.355;28.92;22.14;9.65;92.24;88.75;0.056;NEUTRE;0;57.4;2;0
2026.05.29 02:00;159.317;159.318;159.268;159.309;27.33;13.34;11.13;87.73;85.49;0.027;NEUTRE;0;48.5;2;0
2026.05.29 01:00;159.285;159.324;159.248;159.311;30.14;15.40;12.84;86.29;80.88;0.028;NEUTRE;0;;;0
2026.05.29 00:00;159.266;159.319;159.243;159.286;33.39;16.75;14.82;82.45;73.78;0.013;NEUTRE;0;;;0
2026.05.28 23:00;159.259;159.287;159.217;159.268;37.58;12.85;17.10;73.89;66.20;-0.186;NEUTRE;0;-34.1;-1;0
2026.05.28 22:00;159.221;159.275;159.166;159.259;41.18;12.19;19.73;65.00;58.57;-0.191;NEUTRE;0;-36;-1;0
2026.05.28 21:00;159.179;159.220;159.152;159.220;43.89;6.31;22.77;59.70;49.57;-0.216;NEUTRE;0;-40.7;-1;0
2026.05.28 20:00;159.244;159.270;159.232;159.245;41.93;7.28;13.04;51.01;38.23;-0.200;NEUTRE;0;-39.9;-1;0
2026.05.28 19:00;159.255;159.283;159.203;159.243;44.02;8.40;15.04;37.99;29.25;-0.201;NEUTRE;0;-41.5;-1;1
2026.05.28 18:00;159.193;159.279;159.169;159.253;46.43;8.92;17.36;25.67;23.84;-0.195;NEUTRE;0;-42.2;-1;1
2026.05.28 17:00;159.160;159.233;159.143;159.194;48.63;3.86;20.03;24.07;28.15;-0.232;NEUTRE;0;-48.8;-2;1
2026.05.28 16:00;159.287;159.333;159.104;159.160;45.69;4.45;23.11;21.76;31.88;-0.253;NEUTRE;0;-52.9;-2;1
2026.05.28 15:00;159.221;159.289;159.179;159.287;42.31;5.14;21.62;38.62;42.24;-0.174;NEUTRE;0;-44.1;-1;1
2026.05.28 14:00;159.449;159.487;159.173;159.223;39.34;5.93;24.95;35.25;42.54;-0.214;NEUTRE;0;-52;-2;1
2026.05.28 13:00;159.362;159.453;159.316;159.449;35.91;6.84;21.78;52.84;43.16;-0.072;NEUTRE;0;-24.9;0;1
2026.05.28 12:00;159.455;159.455;159.311;159.362;33.40;7.89;25.13;39.53;33.39;-0.127;NEUTRE;0;-41.5;-1;1
2026.05.28 11:00;159.460;159.463;159.411;159.455;30.51;9.10;18.32;37.11;25.05;-0.068;NEUTRE;0;-27.3;-1;1
2026.05.28 10:00;159.411;159.460;159.374;159.459;30.03;9.62;21.13;23.55;16.78;-0.066;NEUTRE;0;-28.9;-1;1
2026.05.28 09:00;159.452;159.465;159.376;159.410;28.89;11.09;24.03;14.48;14.64;-0.097;NEUTRE;0;-42;-1;1
2026.05.28 08:00;159.470;159.521;159.443;159.452;27.67;12.80;16.14;12.32;17.86;-0.070;NEUTRE;0;-36.2;-1;1
2026.05.28 07:00;159.477;159.517;159.437;159.473;30.15;13.98;18.63;17.12;30.58;-0.057;NEUTRE;0;-34.3;-1;1
2026.05.28 06:00;159.550;159.566;159.466;159.485;32.60;16.13;15.91;24.15;45.97;-0.050;NEUTRE;0;-34.9;-1;0
2026.05.28 05:00;159.571;159.576;159.526;159.552;37.51;18.62;9.13;50.48;65.22;-0.008;NEUTRE;0;-7.6;0;0
2026.05.28 04:00;159.612;159.614;159.519;159.571;38.02;21.48;10.54;63.29;75.84;0.004;NEUTRE;0;4.8;0;0
2026.05.28 03:00;159.553;159.647;159.533;159.612;38.61;24.78;9.89;81.87;84.63;0.030;NEUTRE;0;39.9;1;0
2026.05.28 02:00;159.583;159.598;159.518;159.553;37.94;21.98;11.41;82.34;84.73;-0.007;NEUTRE;0;-16.3;0;0
2026.05.28 01:00;159.556;159.586;159.533;159.583;38.91;25.37;10.28;89.67;81.65;0.012;NEUTRE;0;;;0
2026.05.28 00:00;159.564;159.596;159.539;159.553;38.39;29.27;10.12;82.19;71.20;-0.007;NEUTRE;0;;;0
2026.05.27 23:00;159.501;159.574;159.489;159.565;36.82;27.83;11.68;73.08;63.46;0.200;NEUTRE;0;36;1;0
2026.05.27 22:00;159.480;159.512;159.460;159.499;36.20;20.89;13.48;58.32;60.40;0.159;NEUTRE;0;31.1;1;0
2026.05.27 21:00;159.456;159.483;159.379;159.483;38.44;15.53;15.55;58.97;64.57;0.149;NEUTRE;0;30.7;1;0
2026.05.27 20:00;159.536;159.537;159.494;159.517;44.35;17.92;5.13;63.91;70.46;0.170;NEUTRE;0;35.4;1;0
2026.05.27 19:00;159.502;159.546;159.495;159.536;42.63;20.67;5.56;70.84;75.98;0.182;NEUTRE;0;38.7;1;1
2026.05.27 18:00;159.522;159.551;159.489;159.500;40.32;23.86;6.41;76.63;81.63;0.160;NEUTRE;0;36.6;1;1
2026.05.27 17:00;159.492;159.573;159.489;159.520;37.66;27.53;7.40;80.46;83.73;0.172;NEUTRE;0;40.2;1;1
2026.05.27 16:00;159.468;159.519;159.464;159.492;34.58;21.87;8.54;87.80;85.30;0.154;NEUTRE;0;38.8;1;1
2026.05.27 15:00;159.504;159.531;159.430;159.469;33.16;25.23;9.85;82.94;82.53;0.140;NEUTRE;0;38;1;1
2026.05.27 14:00;159.375;159.505;159.365;159.503;31.51;25.16;11.36;85.18;80.96;0.161;NEUTRE;0;43.9;1;1
2026.05.27 13:00;159.412;159.431;159.378;159.378;30.55;20.89;13.11;79.49;75.21;0.083;NEUTRE;0;28.1;1;1
2026.05.27 12:00;159.426;159.443;159.241;159.411;31.73;24.11;15.13;78.21;71.23;0.104;NEUTRE;0;35.9;1;1
2026.05.27 11:00;159.379;159.443;159.369;159.428;33.09;27.82;7.71;67.93;70.31;0.114;NEUTRE;0;40.9;1;1
2026.05.27 10:00;159.350;159.386;159.342;159.379;29.47;20.25;8.89;67.55;75.77;0.084;NEUTRE;0;35.1;1;1
2026.05.27 09:00;159.387;159.393;159.313;159.353;28.01;23.36;10.26;75.46;83.55;0.067;NEUTRE;0;31.9;1;1
2026.05.27 08:00;159.352;159.439;159.313;159.388;26.32;26.96;11.84;84.31;85.16;0.089;NEUTRE;0;42.9;1;1
2026.05.27 07:00;159.347;159.360;159.301;159.351;24.38;21.46;13.66;90.88;76.70;0.066;NEUTRE;0;38.3;1;1
2026.05.27 06:00;159.344;159.374;159.292;159.349;24.71;24.76;15.76;80.28;58.17;0.065;NEUTRE;0;42.2;1;0
2026.05.27 05:00;159.238;159.346;159.226;159.344;25.10;23.32;18.19;58.94;47.83;0.062;NEUTRE;0;46;2;0
2026.05.27 04:00;159.199;159.240;159.192;159.237;27.06;13.31;20.99;35.29;49.71;-0.006;NEUTRE;0;-7.1;0;0
2026.05.27 03:00;159.220;159.227;159.182;159.200;27.79;11.19;24.22;49.26;59.18;-0.029;NEUTRE;0;-39;-1;0
2026.05.27 02:00;159.292;159.298;159.218;159.220;26.40;12.92;15.64;64.57;56.33;-0.016;NEUTRE;0;-33.8;-1;0
2026.05.27 01:00;159.274;159.299;159.211;159.294;29.00;14.90;18.04;63.72;43.02;0.030;NEUTRE;0;;;0
2026.05.27 00:00;159.246;159.307;159.171;159.276;32.00;17.20;20.82;40.69;28.66;0.019;NEUTRE;0;;;0
2026.05.26 23:00;159.255;159.269;159.193;159.246;35.45;15.54;24.02;24.64;24.34;0.187;NEUTRE;0;34.2;1;0
2026.05.26 22:00;159.268;159.298;159.253;159.257;37.61;17.94;15.57;20.66;32.12;0.194;NEUTRE;0;36.4;1;0
2026.05.26 21:00;159.275;159.306;159.238;159.268;42.31;20.69;17.96;27.71;47.92;0.201;NEUTRE;0;38.7;1;0
2026.05.26 20:00;159.312;159.328;159.293;159.303;47.73;23.88;8.28;48.00;62.79;0.223;NEUTRE;0;43;1;0
2026.05.26 19:00;159.328;159.341;159.296;159.313;47.62;27.55;8.24;68.06;74.01;0.229;NEUTRE;0;45.2;2;1
2026.05.26 18:00;159.357;159.368;159.296;159.328;46.64;31.79;9.51;72.31;79.94;0.238;NEUTRE;0;47.9;2;1
2026.05.26 17:00;159.305;159.374;159.280;159.357;45.52;36.68;10.97;81.65;86.89;0.257;NEUTRE;0;51.7;2;1
2026.05.26 16:00;159.357;159.357;159.277;159.304;44.22;39.54;12.66;85.87;90.86;0.223;NEUTRE;0;49.4;2;1
2026.05.26 15:00;159.318;159.376;159.296;159.358;43.10;45.63;11.00;93.16;90.05;0.257;NEUTRE;0;55.1;2;1
2026.05.26 14:00;159.270;159.320;159.222;159.317;40.32;41.88;12.69;93.55;82.38;0.232;NEUTRE;0;54.2;2;1
2026.05.26 13:00;159.226;159.296;159.223;159.272;38.30;44.55;14.64;83.44;72.92;0.203;NEUTRE;0;52.6;2;1
2026.05.26 12:00;159.187;159.226;159.182;159.225;36.42;36.65;16.89;70.14;70.02;0.174;NEUTRE;0;50.5;2;1
2026.05.26 11:00;159.137;159.209;159.130;159.188;36.34;36.35;19.49;65.17;75.74;0.150;NEUTRE;0;48.8;2;1
2026.05.26 10:00;159.154;159.174;159.102;159.140;37.29;35.12;22.49;74.75;85.07;0.120;NEUTRE;0;45.1;2;1
2026.05.26 09:00;159.206;159.219;159.152;159.154;39.65;40.53;15.27;87.31;91.60;0.129;NEUTRE;0;50.2;2;1
2026.05.26 08:00;159.193;159.233;159.189;159.206;38.79;46.76;9.12;93.14;92.36;0.162;NEUTRE;0;59.4;2;1
2026.05.26 07:00;159.093;159.196;159.093;159.193;34.39;41.02;10.52;94.35;85.78;0.154;NEUTRE;0;61.5;2;1
2026.05.26 06:00;159.022;159.115;159.015;159.090;30.58;35.57;12.14;89.58;74.53;0.089;NEUTRE;0;51.1;2;0
2026.05.26 05:00;158.996;159.029;158.968;159.022;27.73;27.82;14.01;73.42;65.15;0.046;NEUTRE;0;37.6;1;0
2026.05.26 04:00;158.934;159.009;158.928;158.996;26.92;27.05;16.17;60.58;65.79;0.030;NEUTRE;0;32.1;1;0
2026.05.26 03:00;158.938;158.940;158.907;158.934;27.19;18.11;18.65;61.46;73.93;-0.009;NEUTRE;0;-14.1;0;0
2026.05.26 02:00;158.963;158.979;158.931;158.939;31.14;20.90;10.34;75.32;81.02;-0.006;NEUTRE;0;-14.1;0;0
2026.05.26 01:00;158.965;158.998;158.941;158.963;30.73;24.11;8.72;85.02;77.56;0.009;NEUTRE;0;;;0
2026.05.26 00:00;158.949;158.987;158.928;158.964;28.24;24.85;10.06;82.73;67.05;0.009;NEUTRE;0;;;0
2026.05.25 23:00;158.923;158.962;158.906;158.952;26.07;22.15;11.61;64.93;53.70;0.001;NEUTRE;0;0.2;0;0
2026.05.25 22:00;158.870;158.961;158.847;158.922;25.28;25.29;13.40;53.50;48.37;-0.018;NEUTRE;0;-3.9;0;0
2026.05.25 21:00;158.846;158.885;158.831;158.856;24.44;18.92;15.46;42.67;42.29;-0.060;NEUTRE;0;-13.4;0;0
2026.05.25 20:00;158.909;158.935;158.903;158.920;26.65;21.83;5.39;48.95;37.28;-0.020;NEUTRE;0;-4.8;0;0
2026.05.25 19:00;158.898;158.914;158.888;158.910;21.45;15.10;6.22;35.27;29.29;-0.026;NEUTRE;0;-6.5;0;1
2026.05.25 18:00;158.892;158.900;158.884;158.898;18.35;9.13;7.17;27.62;28.74;-0.033;NEUTRE;0;-8.7;0;1
2026.05.25 17:00;158.891;158.901;158.883;158.893;19.32;10.54;8.28;25.00;33.06;-0.036;NEUTRE;0;-10;0;1
2026.05.25 16:00;158.892;158.918;158.886;158.892;20.44;12.16;6.99;33.61;37.11;-0.037;NEUTRE;0;-10.9;0;1
2026.05.25 15:00;158.913;158.945;158.876;158.893;19.43;14.03;8.06;40.56;36.25;-0.036;NEUTRE;0;-11.3;0;1
2026.05.25 14:00;158.917;158.919;158.884;158.914;18.27;10.39;9.30;37.14;32.61;-0.023;NEUTRE;0;-7.8;0;1
2026.05.25 13:00;158.897;158.920;158.879;158.913;20.23;11.99;10.74;31.03;32.43;-0.024;NEUTRE;0;-8.8;0;1
2026.05.25 12:00;158.931;158.937;158.873;158.896;22.49;13.84;12.39;29.64;34.88;-0.035;NEUTRE;0;-13.7;0;1
2026.05.25 11:00;158.942;158.956;158.885;158.930;25.09;15.97;11.41;36.62;41.28;-0.013;NEUTRE;0;-5.6;0;1
2026.05.25 10:00;158.922;158.946;158.914;158.941;26.39;18.42;6.88;38.38;47.63;-0.006;NEUTRE;0;-2.9;0;1
2026.05.25 09:00;158.911;158.937;158.888;158.922;23.43;16.93;7.94;48.83;60.56;-0.018;NEUTRE;0;-9.5;0;1
2026.05.25 08:00;158.961;158.987;158.891;158.911;21.47;19.54;8.22;55.69;67.68;-0.025;NEUTRE;0;-14.6;0;1
2026.05.25 07:00;158.898;159.036;158.894;158.968;18.50;22.54;9.00;77.17;71.66;0.011;NEUTRE;0;7.5;0;1
2026.05.25 06:00;158.921;158.934;158.886;158.901;14.74;14.96;10.38;70.18;62.52;-0.031;NEUTRE;0;-23.4;0;0
2026.05.25 05:00;158.856;158.933;158.840;158.921;14.23;16.94;11.98;67.62;56.57;-0.019;NEUTRE;0;-17.6;0;0
2026.05.25 04:00;158.880;158.908;158.841;158.856;13.78;15.41;13.82;49.77;48.16;-0.060;NEUTRE;0;-51.4;-2;0
2026.05.25 03:00;158.844;158.886;158.828;158.880;15.07;12.73;15.95;52.31;46.61;-0.045;NEUTRE;0;-51.4;-2;0
2026.05.25 02:00;158.872;158.874;158.830;158.843;15.66;11.50;18.41;42.40;42.05;-0.068;NEUTRE;0;-70.6;-3;0
2026.05.25 01:00;158.895;158.896;158.752;158.872;14.52;13.27;21.24;45.14;40.80;-0.050;NEUTRE;0;;;0
2026.05.25 00:00;158.951;158.958;158.828;158.895;13.20;15.32;16.38;38.63;39.27;-0.035;NEUTRE;0;;;0
2026.05.24 23:00;158.875;158.957;158.834;158.950;14.72;17.67;18.20;38.63;42.96;0.091;NEUTRE;0;18.3;0;0
2026.05.24 22:00;158.895;158.989;158.820;158.875;16.76;20.39;21.00;40.54;50.57;0.043;NEUTRE;0;9.3;0;0
2026.05.24 21:00;158.806;158.895;158.717;158.895;19.11;14.97;24.23;49.70;55.49;0.056;NEUTRE;0;12.6;0;0
2026.05.22 20:00;159.163;159.208;159.137;159.188;18.42;17.27;14.23;61.47;59.25;0.104;NEUTRE;0;23.5;0;0
2026.05.22 19:00;159.124;159.166;159.097;159.162;19.77;10.83;16.42;55.30;63.00;0.087;NEUTRE;0;21;0;1
2026.05.22 18:00;159.126;159.164;159.094;159.130;19.65;12.05;18.95;60.98;69.53;0.067;NEUTRE;0;17.3;0;1
2026.05.22 17:00;159.169;159.176;159.057;159.125;19.25;13.91;21.86;72.73;73.29;0.064;NEUTRE;0;17.5;0;1
2026.05.22 16:00;159.194;159.227;159.149;159.169;18.79;16.04;13.33;74.89;67.06;0.092;NEUTRE;0;25.7;1;1
2026.05.22 15:00;159.097;159.229;159.080;159.195;20.26;18.51;15.39;72.26;62.39;0.108;NEUTRE;0;31.1;1;1
2026.05.22 14:00;159.088;159.172;159.039;159.098;21.96;15.48;17.75;54.02;59.43;0.047;NEUTRE;0;15.7;0;1
2026.05.22 13:00;159.072;159.134;158.987;159.090;24.29;13.46;20.48;60.88;66.23;0.042;NEUTRE;0;15.1;0;1
2026.05.22 12:00;159.134;159.144;159.054;159.072;24.84;15.53;16.62;63.37;66.81;0.031;NEUTRE;0;12.2;0;1
2026.05.22 11:00;159.120;159.139;159.105;159.134;28.14;17.92;10.46;74.44;68.74;0.070;NEUTRE;0;28;1;1
2026.05.22 10:00;159.100;159.129;159.073;159.120;28.43;16.15;12.07;62.62;68.75;0.061;NEUTRE;0;27;1;1
2026.05.22 09:00;159.085;159.141;159.079;159.100;30.57;18.64;12.28;69.17;76.65;0.048;NEUTRE;0;24;0;1
2026.05.22 08:00;159.124;159.131;159.051;159.085;32.11;19.03;14.17;74.45;78.55;0.039;NEUTRE;0;22.2;0;1
2026.05.22 07:00;159.101;159.140;159.100;159.125;34.81;21.95;6.93;86.33;74.08;0.064;NEUTRE;0;37.4;1;1
2026.05.22 06:00;159.130;159.137;159.060;159.102;32.16;24.18;8.00;74.88;62.51;0.050;NEUTRE;0;34.9;1;0
2026.05.22 05:00;159.066;159.135;159.052;159.128;29.37;27.50;9.23;61.02;59.96;0.066;NEUTRE;0;47.8;2;0
2026.05.22 04:00;159.027;159.068;159.007;159.065;26.23;19.31;10.64;51.64;66.11;0.026;NEUTRE;0;28.5;1;0
2026.05.22 03:00;159.029;159.049;159.003;159.033;25.82;17.49;12.28;67.21;76.63;0.006;NEUTRE;0;9.5;0;0
2026.05.22 02:00;159.096;159.099;158.996;159.029;27.10;20.18;14.17;79.48;78.89;0.004;NEUTRE;0;9.5;0;0
2026.05.22 01:00;159.094;159.121;159.050;159.096;28.58;23.28;8.29;83.21;70.43;0.046;NEUTRE;0;;;0
2026.05.22 00:00;159.023;159.126;159.019;159.087;25.67;26.86;9.56;73.99;58.15;0.040;NEUTRE;0;;;0
2026.05.21 23:00;158.997;159.038;158.982;159.023;22.31;18.34;11.03;54.10;44.85;0.087;NEUTRE;0;17.6;0;0
2026.05.21 22:00;158.948;159.016;158.881;158.997;21.91;15.12;12.73;46.35;40.75;0.071;NEUTRE;0;15.1;0;0
2026.05.21 21:00;158.846;158.950;158.844;158.939;23.96;9.93;14.69;34.10;35.26;0.035;NEUTRE;0;7.9;0;0
2026.05.21 20:00;158.914;159.003;158.882;158.988;24.67;11.45;12.89;41.82;33.97;0.065;NEUTRE;0;15.2;0;0
2026.05.21 19:00;159.074;159.090;158.872;158.915;27.56;13.22;14.87;29.86;27.51;0.020;NEUTRE;0;5;0;1
2026.05.21 18:00;158.881;159.097;158.833;159.073;30.89;15.25;17.16;30.22;30.90;0.119;NEUTRE;0;28.9;1;1
2026.05.21 17:00;159.139;159.169;158.814;158.881;34.74;17.59;19.80;22.44;38.99;-0.002;NEUTRE;0;-0.6;0;1
2026.05.21 16:00;159.164;159.194;159.113;159.138;39.18;20.30;9.89;40.04;54.08;0.160;NEUTRE;0;39.9;1;1
2026.05.21 15:00;159.160;159.252;159.141;159.165;39.90;23.42;6.09;54.50;67.86;0.177;NEUTRE;0;44.6;1;1
2026.05.21 14:00;159.193;159.273;159.115;159.160;37.00;27.03;7.03;67.71;81.00;0.174;NEUTRE;0;46.1;2;1
2026.05.21 13:00;159.158;159.347;159.116;159.195;33.66;31.19;8.01;81.37;85.17;0.196;NEUTRE;0;51.6;2;1
2026.05.21 12:00;159.152;159.179;159.085;159.157;29.74;24.80;9.24;93.92;78.75;0.172;NEUTRE;0;50.2;2;1
2026.05.21 11:00;159.125;159.163;159.037;159.152;27.28;25.99;10.66;80.20;63.61;0.169;NEUTRE;0;52.1;2;1
2026.05.21 10:00;158.969;159.136;158.955;159.121;25.05;26.69;12.30;62.13;60.00;0.149;NEUTRE;0;51.3;2;1
2026.05.21 09:00;158.975;158.986;158.904;158.970;23.22;18.05;14.20;48.50;66.72;0.054;NEUTRE;0;26.6;1;1
2026.05.21 08:00;159.022;159.025;158.896;158.976;24.96;20.83;16.38;69.35;80.89;0.058;NEUTRE;0;31.2;1;1
2026.05.21 07:00;159.057;159.081;158.995;159.022;26.96;24.03;7.10;82.30;87.56;0.087;NEUTRE;0;46.1;2;1
2026.05.21 06:00;159.005;159.068;158.985;159.057;22.74;25.40;8.19;91.02;91.74;0.109;NEUTRE;0;56.6;2;0
2026.05.21 05:00;158.994;159.046;158.973;159.005;18.35;25.23;9.45;89.36;90.51;0.076;NEUTRE;0;51.8;2;0
2026.05.21 04:00;158.964;158.999;158.942;158.992;14.17;19.21;10.90;94.83;85.83;0.068;NEUTRE;0;54.9;2;0
2026.05.21 03:00;158.970;158.981;158.917;158.964;12.10;17.31;12.58;87.35;75.47;0.050;NEUTRE;0;54.3;2;0
2026.05.21 02:00;158.881;158.975;158.846;158.970;11.53;18.53;14.51;75.31;63.93;0.054;NEUTRE;0;66.1;3;0
2026.05.21 01:00;158.861;158.896;158.805;158.881;11.43;11.96;16.75;63.76;53.76;-0.002;NEUTRE;0;;;0
2026.05.21 00:00;158.884;158.923;158.845;158.861;10.62;13.80;12.56;52.72;49.85;-0.014;NEUTRE;0;;;0
2026.05.20 23:00;158.846;158.921;158.819;158.883;11.54;15.53;14.49;44.80;53.78;-0.098;NEUTRE;0;-19.6;0;0
2026.05.20 22:00;158.832;158.882;158.784;158.846;12.78;12.03;16.72;52.03;58.80;-0.121;NEUTRE;0;-24.7;0;0
2026.05.20 21:00;158.832;158.880;158.814;158.828;12.24;13.88;14.58;64.52;58.99;-0.133;NEUTRE;0;-27.9;-1;0
2026.05.20 20:00;158.854;158.932;158.843;158.925;13.74;16.02;12.81;59.86;52.52;-0.072;NEUTRE;0;-16.8;0;0
2026.05.20 19:00;158.839;158.891;158.772;158.854;14.14;11.40;14.78;52.58;47.59;-0.116;NEUTRE;0;-27;-1;1
2026.05.20 18:00;158.860;158.961;158.791;158.838;14.33;13.15;14.59;45.12;42.57;-0.126;NEUTRE;0;-30.3;-1;1
2026.05.20 17:00;158.830;158.931;158.809;158.870;15.73;12.46;16.84;45.06;41.78;-0.106;NEUTRE;0;-27.5;-1;1
2026.05.20 16:00;158.838;158.910;158.747;158.831;15.85;11.73;19.43;37.53;40.68;-0.131;NEUTRE;0;-34.4;-1;1
2026.05.20 15:00;158.864;158.917;158.586;158.837;14.49;13.53;22.42;42.75;50.11;-0.127;NEUTRE;0;-35.3;-1;1
2026.05.20 14:00;159.098;159.163;158.785;158.864;12.91;15.61;16.62;41.74;53.74;-0.110;NEUTRE;0;-33.3;-1;1
2026.05.20 13:00;159.013;159.109;159.002;159.098;14.42;18.01;10.34;65.82;62.48;0.037;NEUTRE;0;13.4;0;1
2026.05.20 12:00;159.032;159.037;158.980;159.012;12.48;10.43;11.94;53.65;65.10;-0.017;NEUTRE;0;-6.8;0;1
2026.05.20 11:00;158.993;159.049;158.963;159.031;13.36;12.04;13.77;67.98;76.37;-0.005;NEUTRE;0;-2.2;0;1
2026.05.20 10:00;159.064;159.069;158.953;158.994;14.39;13.89;15.89;73.66;81.31;-0.028;NEUTRE;0;-13.2;0;1
2026.05.20 09:00;159.038;159.074;158.987;159.063;15.56;16.03;13.83;87.47;81.60;0.015;NEUTRE;0;7.9;0;1
2026.05.20 08:00;159.058;159.097;159.013;159.038;16.83;18.49;11.36;82.80;72.66;-0.001;NEUTRE;0;-0.6;0;1
2026.05.20 07:00;158.975;159.057;158.923;159.055;15.74;14.01;13.10;74.53;59.31;0.010;NEUTRE;0;6.8;0;1
2026.05.20 06:00;158.969;158.998;158.867;158.972;17.64;9.39;15.12;60.66;46.01;-0.042;NEUTRE;0;-30.3;-1;0
2026.05.20 05:00;158.979;158.989;158.911;158.968;16.76;10.84;12.28;42.74;35.70;-0.045;NEUTRE;0;-37;-1;0
2026.05.20 04:00;158.867;158.997;158.813;158.977;18.38;12.51;14.17;34.63;33.81;-0.039;NEUTRE;0;-39.2;-1;0
2026.05.20 03:00;158.920;158.947;158.850;158.867;20.25;10.25;16.35;29.74;36.59;-0.108;NEUTRE;0;-71.6;-3;0
2026.05.20 02:00;159.030;159.041;158.833;158.919;19.84;11.83;18.86;37.06;46.64;-0.075;NEUTRE;0;-72.3;-3;0
2026.05.20 01:00;158.993;159.087;158.967;159.033;19.37;13.65;11.85;42.96;60.88;-0.004;NEUTRE;0;;;0
2026.05.20 00:00;159.039;159.099;158.949;158.991;21.27;15.75;13.67;59.88;74.00;-0.030;NEUTRE;0;;;0
2026.05.19 23:00;159.064;159.068;158.986;159.040;23.45;18.17;11.98;79.80;79.73;0.110;NEUTRE;0;21.8;0;0
2026.05.19 22:00;159.061;159.101;158.986;159.065;23.91;20.96;13.83;82.32;75.32;0.126;NEUTRE;0;25.6;1;0
2026.05.19 21:00;159.015;159.062;158.987;159.058;24.43;18.97;15.95;77.07;63.32;0.121;NEUTRE;0;25.7;1;0
2026.05.19 20:00;159.050;159.100;159.039;159.077;26.86;21.89;9.52;66.56;48.73;0.133;NEUTRE;0;29.1;1;0
2026.05.19 19:00;159.051;159.073;158.990;159.050;24.93;18.45;10.99;46.33;40.79;0.116;NEUTRE;0;27;1;1
2026.05.19 18:00;158.856;159.084;158.852;159.039;24.87;21.29;12.68;33.31;44.72;0.110;NEUTRE;0;27.1;1;1
2026.05.19 17:00;158.817;158.881;158.776;158.858;24.80;11.10;14.63;42.71;58.02;-0.004;NEUTRE;0;-1.1;0;1
2026.05.19 16:00;159.113;159.170;158.776;158.817;26.50;12.81;16.88;58.14;68.27;-0.030;NEUTRE;0;-8.9;0;1
2026.05.19 15:00;159.064;159.167;158.957;159.111;28.47;14.78;12.40;73.20;74.09;0.155;NEUTRE;0;40.8;1;1
2026.05.19 14:00;159.044;159.247;158.986;159.062;31.51;17.05;12.19;73.47;73.75;0.124;NEUTRE;0;36.5;1;1
2026.05.19 13:00;159.062;159.188;158.914;159.044;33.79;16.19;14.06;75.61;70.62;0.113;NEUTRE;0;36;1;1
2026.05.19 12:00;159.131;159.137;158.649;159.062;37.91;15.82;16.23;72.16;69.96;0.124;NEUTRE;0;40.8;1;1
2026.05.19 11:00;159.088;159.137;159.071;159.128;43.55;18.26;5.42;64.08;70.41;0.166;NEUTRE;0;51.6;2;1
2026.05.19 10:00;159.096;159.174;159.050;159.089;41.91;21.07;6.25;73.62;74.84;0.141;NEUTRE;0;49.7;2;1
2026.05.19 09:00;159.134;159.168;159.064;159.095;40.01;24.31;5.48;73.53;73.78;0.145;NEUTRE;0;53.4;2;1
2026.05.19 08:00;159.037;159.140;159.000;159.135;36.44;23.90;6.32;77.36;75.92;0.170;NEUTRE;0;60.6;2;1
2026.05.19 07:00;159.066;159.137;159.000;159.039;33.09;27.25;7.29;70.45;75.32;0.110;NEUTRE;0;52.7;2;1
2026.05.19 06:00;159.003;159.107;159.000;159.066;29.30;28.08;8.41;79.96;77.16;0.127;NEUTRE;0;60.5;2;0
2026.05.19 05:00;158.989;159.029;158.948;159.004;25.51;21.18;9.71;75.56;76.79;0.087;NEUTRE;0;55.5;2;0
2026.05.19 04:00;158.952;159.003;158.916;158.989;23.73;19.50;11.20;75.98;80.72;0.078;NEUTRE;0;58.5;2;0
2026.05.19 03:00;158.960;158.985;158.922;158.952;23.22;19.32;12.93;78.84;79.81;0.055;NEUTRE;0;56.9;2;0
2026.05.19 02:00;158.978;159.003;158.944;158.959;23.74;22.29;9.54;87.34;71.87;0.059;NEUTRE;0;67.9;3;0
2026.05.19 01:00;159.008;159.024;158.886;158.978;21.23;25.72;11.01;73.25;51.87;0.071;NEUTRE;0;;;0
2026.05.19 00:00;158.865;159.015;158.854;159.006;18.34;28.67;12.70;55.02;35.21;0.089;NEUTRE;0;;;0
2026.05.18 23:00;158.825;158.865;158.797;158.865;15.22;18.75;14.66;27.33;24.86;0.011;NEUTRE;0;2.3;0;0
2026.05.18 22:00;158.747;158.827;158.705;158.825;15.68;13.04;16.91;23.28;34.60;-0.014;NEUTRE;0;-3;0;0
2026.05.18 21:00;158.762;158.817;158.719;158.741;16.10;15.04;17.75;23.98;51.97;-0.067;NEUTRE;0;-14.9;0;0
2026.05.18 20:00;158.879;158.879;158.736;158.844;17.31;17.36;18.39;56.53;75.58;-0.002;NEUTRE;0;-0.5;0;0
2026.05.18 19:00;159.070;159.078;158.802;158.882;19.53;20.03;14.26;75.39;84.12;0.022;NEUTRE;0;5.5;0;1
2026.05.18 18:00;158.908;159.074;158.908;159.071;19.94;23.11;10.55;94.81;84.02;0.141;NEUTRE;0;33.2;1;1
2026.05.18 17:00;158.931;158.947;158.883;158.910;17.27;14.89;12.17;82.16;71.12;0.040;NEUTRE;0;11.1;0;1
2026.05.18 16:00;158.826;158.941;158.770;158.930;18.38;15.74;14.04;75.10;57.88;0.052;NEUTRE;0;15.2;0;1
2026.05.18 15:00;158.836;158.935;158.794;158.826;20.33;18.16;14.05;56.10;45.12;-0.013;NEUTRE;0;-4.1;0;1
2026.05.18 14:00;158.742;158.912;158.728;158.837;21.49;18.45;16.21;42.44;41.07;-0.006;NEUTRE;0;-2.1;0;1
2026.05.18 13:00;158.685;158.776;158.642;158.743;23.81;9.92;18.70;36.80;47.56;-0.065;NEUTRE;0;-22.7;0;1
2026.05.18 12:00;158.832;158.839;158.609;158.685;22.75;11.44;21.58;43.97;50.74;-0.102;NEUTRE;0;-35.4;-1;1
2026.05.18 11:00;158.922;158.953;158.677;158.831;21.52;13.20;20.35;61.91;49.02;-0.010;NEUTRE;0;-4.3;0;1
2026.05.18 10:00;158.928;158.947;158.893;158.924;21.56;15.23;11.44;46.33;37.84;0.048;NEUTRE;0;21.9;0;1
2026.05.18 09:00;158.821;158.928;158.820;158.928;22.68;12.16;13.20;38.82;36.16;0.051;NEUTRE;0;25.4;1;1
2026.05.18 08:00;158.916;158.929;158.786;158.822;25.55;14.03;15.23;28.38;39.63;-0.016;NEUTRE;0;-9.5;0;1
2026.05.18 07:00;158.889;158.978;158.798;158.915;28.85;16.19;16.28;41.28;53.82;0.043;NEUTRE;0;27.2;1;1
2026.05.18 06:00;158.943;158.949;158.831;158.889;33.24;18.68;15.96;49.23;67.67;0.026;NEUTRE;0;19.9;0;0
2026.05.18 05:00;158.979;158.994;158.899;158.942;37.15;21.56;9.56;70.94;81.94;0.060;NEUTRE;0;45.1;2;0
2026.05.18 04:00;159.032;159.068;158.813;158.977;36.93;24.87;11.03;82.84;89.38;0.082;NEUTRE;0;59.7;2;0
2026.05.18 03:00;158.910;159.053;158.901;159.032;36.68;28.70;7.41;92.04;93.14;0.116;NEUTRE;0;72.8;3;0
2026.05.18 02:00;158.927;158.943;158.886;158.909;33.25;21.98;8.55;93.26;92.64;0.039;NEUTRE;0;58.5;2;0
2026.05.18 01:00;158.929;158.949;158.861;158.927;31.60;25.37;9.87;94.12;85.89;0.050;NEUTRE;0;;;0
2026.05.18 00:00;158.847;158.945;158.798;158.928;29.70;28.57;11.39;90.53;75.18;0.051;NEUTRE;0;;;0
2026.05.17 23:00;158.785;158.879;158.759;158.847;27.65;26.06;13.14;73.01;66.18;0.136;NEUTRE;0;26.3;1;0
2026.05.17 22:00;158.659;158.819;158.627;158.785;26.83;22.37;15.16;62.01;67.85;0.096;NEUTRE;0;20;0;0
2026.05.17 21:00;158.632;158.766;158.522;158.659;28.00;21.57;17.49;63.53;76.73;0.017;NEUTRE;0;3.9;0;0
2026.05.15 20:00;158.768;158.840;158.713;158.758;30.71;24.89;8.14;78.02;83.42;0.240;NEUTRE;0;45.1;2;0
2026.05.15 19:00;158.698;158.780;158.689;158.768;27.63;21.45;9.39;88.63;86.41;0.246;NEUTRE;0;47.3;2;1
2026.05.15 18:00;158.723;158.746;158.699;158.700;25.87;19.00;10.84;83.61;82.73;0.203;NEUTRE;0;43.3;1;1
2026.05.15 17:00;158.700;158.725;158.639;158.724;25.64;15.05;12.51;86.99;81.73;0.218;NEUTRE;0;47;2;1
2026.05.15 16:00;158.690;158.728;158.659;158.695;28.16;17.36;10.85;77.58;79.77;0.200;NEUTRE;0;46.3;2;1
2026.05.15 15:00;158.587;158.740;158.545;158.692;28.95;20.03;12.52;80.62;83.76;0.198;NEUTRE;0;47.8;2;1
2026.05.15 14:00;158.683;158.736;158.586;158.588;29.85;23.11;11.21;81.12;78.17;0.133;NEUTRE;0;38.5;1;1
2026.05.15 13:00;158.569;158.736;158.525;158.682;29.11;26.67;12.94;89.54;68.24;0.192;NEUTRE;0;51;2;1
2026.05.15 12:00;158.570;158.579;158.503;158.570;28.25;19.33;14.93;63.87;53.01;0.121;NEUTRE;0;40.1;1;1
2026.05.15 11:00;158.362;158.582;158.354;158.567;30.62;22.30;17.22;51.32;47.91;0.119;NEUTRE;0;42.1;1;1
2026.05.15 10:00;158.509;158.529;158.284;158.362;33.36;22.15;19.87;43.85;42.40;-0.010;NEUTRE;0;-4.8;0;1
2026.05.15 09:00;158.555;158.598;158.457;158.509;37.65;25.56;12.07;48.56;39.74;0.083;NEUTRE;0;37.6;1;1
2026.05.15 08:00;158.437;158.570;158.397;158.556;37.93;26.44;13.92;34.79;40.82;0.112;NEUTRE;0;49.5;2;1
2026.05.15 07:00;158.433;158.477;158.345;158.442;38.99;22.24;16.07;35.88;53.08;0.040;NEUTRE;0;25.5;1;1
2026.05.15 06:00;158.610;158.669;158.426;158.428;42.51;25.66;9.10;51.79;65.16;0.032;NEUTRE;0;24;0;0
2026.05.15 05:00;158.512;158.641;158.510;158.605;41.72;29.61;5.18;71.56;74.14;0.143;NEUTRE;0;67.3;3;0
2026.05.15 04:00;158.482;158.520;158.472;158.512;37.34;19.95;5.98;72.12;78.76;0.085;NEUTRE;0;60.6;2;0
2026.05.15 03:00;158.521;158.529;158.472;158.481;34.79;23.02;6.89;78.73;83.09;0.065;NEUTRE;0;61.1;2;0
2026.05.15 02:00;158.524;158.585;158.437;158.520;31.85;26.56;7.96;85.43;84.20;0.090;NEUTRE;0;75.1;3;0
2026.05.15 01:00;158.464;158.559;158.422;158.523;28.45;27.95;9.18;85.09;77.45;0.092;NEUTRE;0;;;0
2026.05.15 00:00;158.378;158.510;158.321;158.464;25.05;26.74;10.59;82.07;73.23;0.054;NEUTRE;0;;;0
2026.05.14 23:00;158.372;158.435;158.319;158.377;22.25;24.75;12.22;65.18;71.15;0.331;SOFT_UP;1;50.3;2;0
2026.05.14 22:00;158.285;158.390;158.247;158.372;20.46;22.59;14.10;72.45;80.61;0.328;SOFT_UP;1;51.3;2;0
2026.05.14 21:00;158.339;158.353;158.199;158.239;20.05;22.30;16.27;75.83;88.62;0.243;NEUTRE;0;44.1;1;0
2026.05.14 20:00;158.351;158.417;158.340;158.397;20.73;25.73;7.82;93.55;95.71;0.343;SOFT_UP;1;55.1;2;0
2026.05.14 19:00;158.181;158.379;158.167;158.351;15.70;22.10;9.02;96.47;96.00;0.314;SOFT_UP;1;54.1;2;1
2026.05.14 18:00;158.190;158.197;158.165;158.181;11.65;12.29;10.41;97.10;95.28;0.207;NEUTRE;0;43.9;1;1
2026.05.14 17:00;158.161;158.194;158.130;158.187;12.17;12.74;12.01;94.42;91.57;0.210;NEUTRE;0;45.9;2;1
2026.05.14 16:00;158.081;158.198;158.074;158.162;13.59;14.70;13.86;94.31;88.40;0.194;NEUTRE;0;45.4;2;1
2026.05.14 15:00;158.153;158.188;158.074;158.081;15.23;15.72;15.99;85.99;82.41;0.143;NEUTRE;0;38.6;1;1
2026.05.14 14:00;157.907;158.152;157.838;158.152;17.44;13.28;18.45;84.90;83.96;0.188;NEUTRE;0;48.3;2;1
2026.05.14 13:00;157.968;158.164;157.275;157.906;17.61;15.32;21.29;76.34;84.55;0.032;NEUTRE;0;11.6;0;1
2026.05.14 12:00;157.968;157.989;157.840;157.968;17.81;17.68;14.79;90.65;86.69;0.072;NEUTRE;0;26.6;1;1
2026.05.14 11:00;157.927;157.973;157.906;157.969;19.19;20.40;10.25;86.65;83.98;0.072;NEUTRE;0;28.7;1;1
2026.05.14 10:00;157.909;157.938;157.871;157.927;17.04;15.50;11.82;82.78;81.41;0.046;NEUTRE;0;21;0;1
2026.05.14 09:00;157.895;157.924;157.881;157.906;17.59;14.67;13.64;82.53;79.97;0.032;NEUTRE;0;16.6;0;1
2026.05.14 08:00;157.913;157.944;157.848;157.895;19.74;16.92;15.74;78.91;77.52;0.025;NEUTRE;0;14.6;0;1
2026.05.14 07:00;157.839;157.932;157.815;157.911;22.22;17.60;18.16;78.46;77.91;0.035;NEUTRE;0;22.7;0;1
2026.05.14 06:00;157.902;157.913;157.802;157.840;25.40;17.81;20.95;75.17;78.13;-0.010;NEUTRE;0;-7.9;0;0
2026.05.14 05:00;157.863;157.942;157.860;157.905;28.06;20.55;16.14;80.10;83.25;0.032;NEUTRE;0;28.2;1;0
2026.05.14 04:00;157.966;157.969;157.504;157.863;30.53;23.72;18.62;79.13;85.76;0.005;NEUTRE;0;6;0;0
2026.05.14 03:00;157.917;157.990;157.915;157.966;33.37;27.36;7.89;90.53;88.50;0.070;NEUTRE;0;62.9;2;0
2026.05.14 02:00;157.909;157.948;157.883;157.917;30.00;22.96;9.10;87.62;83.13;0.039;NEUTRE;0;58.5;2;0
2026.05.14 01:00;157.848;157.917;157.844;157.909;27.97;19.15;10.50;87.36;77.20;0.034;NEUTRE;0;;;0
2026.05.14 00:00;157.855;157.871;157.802;157.849;27.79;12.41;12.12;74.41;70.56;-0.004;NEUTRE;0;;;0
2026.05.13 23:00;157.806;157.858;157.776;157.854;31.88;11.42;13.98;69.83;69.62;0.117;NEUTRE;0;23;0;0
2026.05.13 22:00;157.815;157.846;157.779;157.807;35.23;10.92;16.13;67.43;72.12;0.088;NEUTRE;0;18.5;0;0
2026.05.13 21:00;157.817;157.864;157.638;157.827;37.69;12.60;18.62;71.59;77.66;0.100;NEUTRE;0;21.7;0;0
2026.05.13 20:00;157.868;157.898;157.857;157.882;40.52;14.54;7.67;77.34;82.04;0.135;NEUTRE;0;29.4;1;0
2026.05.13 19:00;157.887;157.898;157.833;157.867;42.00;16.78;8.85;84.05;82.06;0.126;NEUTRE;0;29;1;1
2026.05.13 18:00;157.918;157.919;157.850;157.887;43.70;19.36;6.19;84.74;76.85;0.138;NEUTRE;0;32.7;1;1
2026.05.13 17:00;157.851;157.918;157.826;157.917;42.49;22.11;7.14;77.39;65.56;0.157;NEUTRE;0;37.7;1;1
2026.05.13 16:00;157.832;157.857;157.741;157.852;41.15;15.32;8.24;68.43;57.41;0.116;NEUTRE;0;31.2;1;1
2026.05.13 15:00;157.858;157.872;157.769;157.832;42.86;17.67;5.79;50.84;48.43;0.103;NEUTRE;0;29.9;1;1
2026.05.13 14:00;157.768;157.892;157.753;157.858;41.67;20.39;6.68;52.95;49.88;0.120;NEUTRE;0;35.6;1;1
2026.05.13 13:00;157.841;157.859;157.752;157.768;40.29;19.87;7.71;41.50;51.82;0.063;NEUTRE;0;22.1;0;1
2026.05.13 12:00;157.761;157.897;157.749;157.842;39.71;22.93;8.90;55.20;61.54;0.110;NEUTRE;0;37.5;1;1
2026.05.13 11:00;157.809;157.833;157.739;157.762;39.04;19.81;10.27;58.75;70.75;0.059;NEUTRE;0;24.2;0;1
2026.05.13 10:00;157.832;157.853;157.772;157.808;40.17;22.86;6.45;70.66;80.90;0.088;NEUTRE;0;36.3;1;1
2026.05.13 09:00;157.801;157.891;157.781;157.832;37.73;26.37;5.73;82.84;84.11;0.103;NEUTRE;0;43.7;1;1
2026.05.13 08:00;157.829;157.839;157.744;157.802;33.64;23.16;6.61;89.22;80.26;0.084;NEUTRE;0;41.3;1;1
2026.05.13 07:00;157.766;157.836;157.672;157.828;30.27;26.23;7.63;80.29;70.48;0.101;NEUTRE;0;50.3;2;1
2026.05.13 06:00;157.681;157.783;157.679;157.766;26.48;25.30;8.80;71.27;63.01;0.062;NEUTRE;0;40.8;1;0
2026.05.13 05:00;157.713;157.731;157.680;157.680;23.11;21.50;10.16;59.88;56.26;0.007;NEUTRE;0;6.7;0;0
2026.05.13 04:00;157.676;157.747;157.667;157.712;21.15;24.80;11.72;57.88;55.69;0.027;NEUTRE;0;29.4;1;0
2026.05.13 03:00;157.651;157.681;157.621;157.676;18.90;15.93;13.52;51.02;59.84;0.004;NEUTRE;0;6.4;0;0
2026.05.13 02:00;157.647;157.722;157.595;157.652;20.55;18.38;15.60;58.17;65.90;-0.011;NEUTRE;0;-24.7;0;0
2026.05.13 01:00;157.706;157.778;157.557;157.647;22.45;21.20;18.00;70.32;62.20;-0.014;NEUTRE;0;;;0
2026.05.13 00:00;157.669;157.763;157.630;157.705;24.65;24.47;15.69;69.21;49.30;0.023;NEUTRE;0;;;0
2026.05.12 23:00;157.596;157.675;157.560;157.669;25.08;18.05;18.11;47.07;37.66;0.276;SOFT_UP;1;45.1;2;0
2026.05.12 22:00;157.565;157.611;157.522;157.596;28.92;12.27;20.89;31.63;32.76;0.230;NEUTRE;0;41.2;1;0
2026.05.12 21:00;157.545;157.650;157.545;157.561;29.36;14.15;20.13;34.30;38.07;0.207;NEUTRE;0;39.5;1;0
2026.05.12 20:00;157.625;157.653;157.590;157.604;31.20;16.33;16.63;32.36;48.54;0.235;NEUTRE;0;44.5;1;0
2026.05.12 19:00;157.588;157.632;157.515;157.629;35.86;13.71;19.19;47.57;66.23;0.251;NEUTRE;0;47.8;2;1
2026.05.12 18:00;157.689;157.718;157.581;157.588;38.81;15.82;13.47;65.70;78.15;0.225;NEUTRE;0;46.3;2;1
2026.05.12 17:00;157.747;157.749;157.676;157.689;43.55;18.26;4.87;85.44;83.05;0.289;SOFT_UP;1;54.9;2;1
2026.05.12 16:00;157.711;157.761;157.670;157.747;41.34;21.07;5.62;83.31;75.90;0.326;SOFT_UP;1;59.6;2;1
2026.05.12 15:00;157.618;157.746;157.607;157.711;38.80;21.77;6.49;80.39;69.80;0.303;SOFT_UP;1;59.4;2;1
2026.05.12 14:00;157.644;157.697;157.570;157.618;36.44;19.70;7.48;64.01;66.48;0.244;NEUTRE;0;55.5;2;1
2026.05.12 13:00;157.550;157.662;157.479;157.645;35.14;18.49;8.63;64.98;71.74;0.261;NEUTRE;0;59.2;2;1
2026.05.12 12:00;157.567;157.642;157.490;157.549;34.95;19.65;9.96;70.44;78.13;0.200;NEUTRE;0;54.3;2;1
2026.05.12 11:00;157.554;157.602;157.495;157.568;35.30;18.62;11.50;79.81;81.97;0.212;NEUTRE;0;58.2;2;1
2026.05.12 10:00;157.558;157.611;157.488;157.555;37.09;21.49;13.26;84.15;82.16;0.204;NEUTRE;0;59.6;2;1
2026.05.12 09:00;157.617;157.661;157.535;157.557;39.15;24.80;9.43;81.94;77.60;0.205;NEUTRE;0;62.3;2;1
2026.05.12 08:00;157.500;157.653;157.484;157.613;38.27;27.63;10.88;80.39;73.67;0.240;NEUTRE;0;68.3;3;1
2026.05.12 07:00;157.510;157.563;157.387;157.500;37.46;23.69;12.55;70.46;70.71;0.169;NEUTRE;0;63.7;2;1
2026.05.12 06:00;157.311;157.522;157.060;157.509;38.49;23.75;14.48;70.15;76.67;0.174;NEUTRE;0;67.6;3;0
2026.05.12 05:00;157.580;157.744;156.707;157.304;40.69;27.41;16.71;71.52;83.36;0.044;NEUTRE;0;36.3;1;0
2026.05.12 04:00;157.609;157.635;157.545;157.581;43.21;31.63;6.85;88.35;89.95;0.220;NEUTRE;0;77.7;3;0
2026.05.12 03:00;157.586;157.636;157.544;157.609;39.95;36.49;7.90;90.21;90.86;0.238;NEUTRE;0;81.4;3;0
2026.05.12 02:00;157.531;157.649;157.523;157.585;36.19;42.10;9.12;91.28;88.73;0.223;NEUTRE;0;83.9;3;0
2026.05.12 01:00;157.415;157.582;157.373;157.531;31.85;40.40;10.52;91.08;75.42;0.188;NEUTRE;0;;;0
2026.05.12 00:00;157.235;157.429;157.234;157.415;27.72;35.35;12.14;83.82;62.26;0.114;NEUTRE;0;;;0
2026.05.11 23:00;157.188;157.242;157.177;157.235;24.47;26.04;14.00;51.36;55.79;0.238;NEUTRE;0;40.9;1;0
2026.05.11 22:00;157.069;157.199;157.060;157.188;23.61;19.87;16.16;51.61;68.61;0.208;NEUTRE;0;38.3;1;0
2026.05.11 21:00;157.076;157.175;157.061;157.078;25.66;20.27;18.64;64.38;78.94;0.138;NEUTRE;0;28.8;1;0
2026.05.11 20:00;157.237;157.268;157.204;157.222;28.96;23.39;7.85;89.83;85.08;0.230;NEUTRE;0;43.9;1;0
2026.05.11 19:00;157.200;157.262;157.196;157.238;25.76;25.54;9.06;82.60;76.81;0.240;NEUTRE;0;46.6;2;1
2026.05.11 18:00;157.108;157.207;157.088;157.200;22.39;16.65;10.45;82.82;66.01;0.216;NEUTRE;0;45.1;2;1
2026.05.11 17:00;157.152;157.207;157.099;157.107;22.32;19.21;10.63;65.02;46.78;0.157;NEUTRE;0;37.7;1;1
2026.05.11 16:00;157.042;157.157;157.030;157.152;21.33;15.05;12.27;50.19;38.60;0.186;NEUTRE;0;44.2;1;1
2026.05.11 15:00;156.998;157.068;156.977;157.041;23.05;6.58;14.16;25.14;43.04;0.115;NEUTRE;0;32.7;1;1
2026.05.11 14:00;157.027;157.091;156.973;156.995;20.97;7.59;16.34;40.46;62.31;0.085;NEUTRE;0;26.9;1;1
2026.05.11 13:00;157.108;157.121;156.988;157.029;18.58;8.76;16.89;63.53;78.64;0.107;NEUTRE;0;34.5;1;1
2026.05.11 12:00;157.111;157.135;157.057;157.110;16.56;10.11;11.51;82.94;85.51;0.159;NEUTRE;0;47.9;2;1
2026.05.11 11:00;157.137;157.141;157.066;157.115;18.11;11.67;11.51;89.44;83.84;0.162;NEUTRE;0;50.9;2;1
2026.05.11 10:00;157.138;157.157;157.078;157.137;20.80;13.46;10.82;84.16;69.98;0.176;NEUTRE;0;55.8;2;1
2026.05.11 09:00;157.082;157.142;157.066;157.139;22.32;12.61;12.48;77.93;60.76;0.177;NEUTRE;0;58.7;2;1
2026.05.11 08:00;157.118;157.141;156.944;157.082;25.67;14.35;14.40;47.86;56.64;0.141;NEUTRE;0;55.8;2;1
2026.05.11 07:00;156.994;157.131;156.986;157.118;29.59;16.56;13.34;56.50;70.08;0.164;NEUTRE;0;63;2;1
2026.05.11 06:00;157.130;157.143;156.985;156.994;32.49;19.10;15.39;65.56;82.26;0.085;NEUTRE;0;49.8;2;0
2026.05.11 05:00;157.121;157.143;157.063;157.130;35.83;22.04;10.16;88.18;92.99;0.171;NEUTRE;0;70.7;3;0
2026.05.11 04:00;157.152;157.157;157.087;157.120;35.66;25.44;7.11;93.05;94.14;0.165;NEUTRE;0;73.8;3;0
2026.05.11 03:00;157.139;157.171;157.088;157.152;32.48;29.35;7.98;97.75;91.98;0.186;NEUTRE;0;79.1;3;0
2026.05.11 02:00;157.089;157.146;157.050;157.139;28.67;29.23;9.21;91.61;86.54;0.177;NEUTRE;0;82.3;3;0
2026.05.11 01:00;156.934;157.093;156.920;157.088;25.07;25.23;10.62;86.56;83.74;0.145;NEUTRE;0;;;0
2026.05.11 00:00;156.861;157.057;156.827;156.934;22.66;25.91;12.26;81.45;81.69;0.047;NEUTRE;0;;;0
2026.05.10 23:00;156.892;156.896;156.829;156.861;20.64;19.13;14.15;83.20;79.88;0.192;NEUTRE;0;34.9;1;0
2026.05.10 22:00;156.726;156.957;156.726;156.892;21.51;22.07;16.32;80.42;76.71;0.212;NEUTRE;0;38.9;1;0
2026.05.10 21:00;156.560;156.729;156.480;156.722;22.52;10.54;18.83;76.01;77.70;0.103;NEUTRE;0;22.3;0;0
2026.05.08 20:00;156.725;156.756;156.651;156.697;21.64;12.17;11.16;73.68;78.34;-0.094;NEUTRE;0;-21.5;0;0
2026.05.08 19:00;156.691;156.770;156.669;156.725;24.31;14.04;10.24;83.40;76.78;-0.077;NEUTRE;0;-18.7;0;1
2026.05.08 18:00;156.685;156.742;156.587;156.690;25.65;11.93;11.82;77.93;68.11;-0.099;NEUTRE;0;-24.7;0;1
2026.05.08 17:00;156.696;156.712;156.609;156.685;29.52;10.79;13.64;69.01;56.25;-0.102;NEUTRE;0;-26.6;-1;1
2026.05.08 16:00;156.641;156.700;156.594;156.696;32.27;10.66;15.74;57.40;45.38;-0.095;NEUTRE;0;-26.4;-1;1
2026.05.08 15:00;156.623;156.668;156.551;156.640;34.27;7.65;18.16;42.35;37.86;-0.131;NEUTRE;0;-36.1;-1;1
2026.05.08 14:00;156.513;156.662;156.498;156.623;33.28;8.04;20.95;36.39;39.83;-0.142;NEUTRE;0;-40.3;-1;1
2026.05.08 13:00;156.637;156.697;156.428;156.519;31.55;9.28;24.18;34.86;42.29;-0.208;NEUTRE;0;-53.2;-2;1
2026.05.08 12:00;156.746;156.820;156.514;156.637;29.56;10.71;22.98;48.25;42.17;-0.133;NEUTRE;0;-42.8;-1;1
2026.05.08 11:00;156.766;156.781;156.722;156.746;28.50;12.35;16.05;43.76;37.19;-0.063;NEUTRE;0;-25.6;-1;1
2026.05.08 10:00;156.675;156.783;156.650;156.766;30.88;14.25;18.52;34.49;37.04;-0.050;NEUTRE;0;-22.7;0;1
2026.05.08 09:00;156.699;156.707;156.625;156.675;33.63;7.65;21.37;33.33;41.18;-0.108;NEUTRE;0;-45.1;-2;1
2026.05.08 08:00;156.828;156.854;156.632;156.699;31.53;8.83;23.35;43.29;42.83;-0.093;NEUTRE;0;-44.2;-1;1
2026.05.08 07:00;156.825;156.847;156.734;156.828;29.44;10.19;19.87;46.93;39.23;-0.011;NEUTRE;0;-7.5;0;1
2026.05.08 06:00;156.831;156.842;156.710;156.825;29.02;11.08;22.93;38.27;35.58;-0.013;NEUTRE;0;-10.3;0;0
2026.05.08 05:00;156.842;156.880;156.808;156.831;28.12;12.78;15.03;32.51;39.88;-0.009;NEUTRE;0;-8.6;0;0
2026.05.08 04:00;156.835;156.896;156.824;156.842;31.20;14.75;13.93;35.98;53.42;-0.002;NEUTRE;0;-2.4;0;0
2026.05.08 03:00;156.886;156.893;156.766;156.835;35.56;16.38;16.07;51.16;66.55;-0.006;NEUTRE;0;-9.5;0;0
2026.05.08 02:00;156.900;156.953;156.870;156.886;40.89;18.90;5.95;73.13;75.90;0.026;NEUTRE;0;47.4;2;0
2026.05.08 01:00;156.967;156.972;156.850;156.900;39.16;21.80;6.86;75.35;74.98;0.035;NEUTRE;0;;;0
2026.05.08 00:00;156.845;156.986;156.809;156.967;37.16;25.16;7.92;79.23;77.87;0.078;NEUTRE;0;;;0
2026.05.07 23:00;156.886;156.912;156.821;156.845;34.85;22.60;9.13;70.35;81.91;0.210;NEUTRE;0;37.4;1;0
2026.05.07 22:00;156.835;156.950;156.831;156.886;33.69;26.07;8.85;84.01;89.36;0.236;NEUTRE;0;41.9;1;0
2026.05.07 21:00;156.832;156.909;156.693;156.835;31.28;24.78;10.21;91.36;89.53;0.203;NEUTRE;0;39;1;0
2026.05.07 20:00;156.869;156.950;156.741;156.941;29.69;28.60;8.80;92.70;86.69;0.271;SOFT_UP;1;48.6;2;0
2026.05.07 19:00;156.740;156.871;156.684;156.869;26.11;27.18;10.16;84.52;84.10;0.225;NEUTRE;0;44.7;1;1
2026.05.07 18:00;156.666;156.860;156.604;156.739;23.11;30.46;11.72;82.83;81.65;0.142;NEUTRE;0;33.4;1;1
2026.05.07 17:00;156.631;156.855;156.623;156.666;19.83;35.15;12.38;84.93;73.07;0.095;NEUTRE;0;25;1;1
2026.05.07 16:00;156.480;156.641;156.466;156.631;15.52;26.36;14.28;77.18;56.35;0.073;NEUTRE;0;20.9;0;1
2026.05.07 15:00;156.249;156.509;156.242;156.480;13.33;18.81;16.48;57.11;50.65;-0.024;NEUTRE;0;-7.6;0;1
2026.05.07 14:00;156.337;156.399;156.164;156.250;14.37;15.37;19.02;34.75;56.85;-0.171;NEUTRE;0;-45.6;-2;1
2026.05.07 13:00;156.279;156.404;156.249;156.338;14.94;17.73;16.38;60.10;75.13;-0.114;NEUTRE;0;-36.3;-1;1
2026.05.07 12:00;156.396;156.418;156.238;156.279;16.63;20.46;18.90;75.68;84.06;-0.152;NEUTRE;0;-46.6;-2;1
2026.05.07 11:00;156.393;156.468;156.343;156.400;18.58;23.61;12.83;89.61;83.59;-0.075;NEUTRE;0;-29.7;-1;1
2026.05.07 10:00;156.370;156.398;156.283;156.393;16.89;18.63;14.81;86.89;74.92;-0.079;NEUTRE;0;-33.4;-1;1
2026.05.07 09:00;156.322;156.412;156.299;156.370;17.73;21.49;14.94;74.28;68.28;-0.094;NEUTRE;0;-41.1;-1;1
2026.05.07 08:00;156.257;156.336;156.179;156.322;17.69;14.45;17.24;63.60;66.77;-0.125;NEUTRE;0;-52.6;-2;1
2026.05.07 07:00;156.284;156.289;156.017;156.257;19.06;12.07;19.89;66.96;70.92;-0.166;NEUTRE;0;-63.2;-2;1
2026.05.07 06:00;156.369;156.407;156.102;156.284;18.22;13.92;18.15;69.74;71.60;-0.149;NEUTRE;0;-64.3;-2;0
2026.05.07 05:00;156.353;156.393;156.300;156.370;19.00;16.07;10.95;76.07;68.24;-0.094;NEUTRE;0;-57.5;-2;0
2026.05.07 04:00;156.412;156.417;156.302;156.353;19.01;18.54;12.30;68.98;58.39;-0.105;NEUTRE;0;-65.5;-3;0
2026.05.07 03:00;156.332;156.431;156.303;156.412;18.82;21.39;14.06;59.66;53.15;-0.067;NEUTRE;0;-61.8;-2;0
2026.05.07 02:00;156.213;156.345;156.147;156.332;18.54;14.34;16.23;46.55;52.87;-0.118;NEUTRE;0;-78.5;-3;0
2026.05.07 01:00;156.318;156.349;156.018;156.212;20.44;16.55;18.72;53.25;53.88;-0.195;NEUTRE;0;;;0
2026.05.07 00:00;156.517;156.522;156.213;156.318;22.64;19.10;12.54;58.82;45.31;-0.127;NEUTRE;0;;;0
2026.05.06 23:00;156.337;156.521;156.278;156.517;22.94;22.04;11.23;49.57;36.76;-0.733;STRONG_DOWN;-2;-69.4;-3;0
2026.05.06 22:00;156.247;156.375;156.226;156.337;21.47;16.18;12.96;27.55;41.46;-0.847;STRONG_DOWN;-2;-72.7;-3;0
2026.05.06 21:00;156.326;156.326;156.242;156.247;23.08;13.61;14.96;33.15;58.95;-0.904;STRONG_DOWN;-2;-74.5;-3;0
2026.05.06 20:00;156.414;156.450;156.292;156.381;25.90;15.71;11.72;63.69;76.42;-0.819;STRONG_DOWN;-2;-73.7;-3;0
2026.05.06 19:00;156.398;156.435;156.346;156.414;27.65;18.12;8.27;80.02;86.44;-0.798;STRONG_DOWN;-2;-74.1;-3;1
2026.05.06 18:00;156.482;156.484;156.352;156.398;26.17;20.91;8.50;85.57;91.11;-0.808;STRONG_DOWN;-2;-75.1;-3;1
2026.05.06 17:00;156.425;156.510;156.351;156.483;23.70;24.13;9.81;93.73;92.00;-0.754;STRONG_DOWN;-2;-74.9;-3;1
2026.05.06 16:00;156.435;156.484;156.361;156.425;20.86;25.32;11.32;94.04;89.97;-0.791;STRONG_DOWN;-2;-76.4;-3;1
2026.05.06 15:00;156.276;156.451;156.266;156.433;18.19;25.09;13.07;88.23;81.97;-0.786;STRONG_DOWN;-2;-77.1;-3;1
2026.05.06 14:00;156.112;156.291;156.044;156.276;16.14;15.65;15.08;87.64;69.04;-0.885;STRONG_DOWN;-2;-79.3;-3;1
2026.05.06 13:00;156.278;156.312;156.051;156.112;18.34;18.05;16.96;70.04;49.73;-0.989;EXPLOSIVE_DOWN;-3;-81.1;-3;1
2026.05.06 12:00;156.081;156.301;156.081;156.278;20.68;20.83;17.80;49.44;35.80;-0.884;STRONG_DOWN;-2;-80.8;-3;1
2026.05.06 11:00;155.752;156.103;155.697;156.081;22.65;10.19;20.54;29.72;29.33;-1.009;EXPLOSIVE_DOWN;-3;-82.6;-3;1
2026.05.06 10:00;155.923;156.119;155.610;155.752;20.96;11.76;23.70;28.25;31.58;-1.218;EXPLOSIVE_DOWN;-3;-84.4;-3;1
2026.05.06 09:00;155.977;156.104;155.913;155.922;19.00;13.57;18.18;30.01;35.54;-1.110;EXPLOSIVE_DOWN;-3;-84.5;-3;1
2026.05.06 08:00;155.811;156.288;155.754;155.977;19.69;15.65;20.98;36.47;39.34;-1.075;EXPLOSIVE_DOWN;-3;-84.9;-3;1
2026.05.06 07:00;156.384;156.560;155.721;155.822;20.48;18.06;24.21;40.12;40.53;-1.173;EXPLOSIVE_DOWN;-3;-85.9;-3;1
2026.05.06 06:00;156.316;156.452;156.300;156.384;21.39;20.84;17.32;41.41;40.25;-0.817;STRONG_DOWN;-2;-85;-3;0
2026.05.06 05:00;155.923;156.383;155.751;156.315;23.26;17.06;19.98;40.05;45.99;-0.861;STRONG_DOWN;-2;-86;-3;0
2026.05.06 04:00;157.772;157.820;155.025;155.933;25.63;19.69;23.06;39.28;46.36;-1.103;EXPLOSIVE_DOWN;-3;-87.5;-3;0
2026.05.06 03:00;157.809;157.888;157.722;157.772;28.36;22.72;11.76;58.63;43.10;0.063;NEUTRE;0;60.3;2;0
2026.05.06 02:00;157.693;157.827;157.649;157.809;27.84;20.56;13.57;41.16;33.50;0.087;NEUTRE;0;74.6;3;0
2026.05.06 01:00;157.592;157.693;157.572;157.693;28.97;12.14;15.65;29.51;35.08;0.013;NEUTRE;0;;;0
2026.05.06 00:00;157.672;157.702;157.547;157.590;31.48;14.01;18.06;29.83;47.27;-0.052;NEUTRE;0;;;0
2026.05.05 23:00;157.727;157.731;157.536;157.672;34.38;16.17;20.84;45.89;66.24;0.294;SOFT_UP;1;46.9;2;0
2026.05.05 22:00;157.890;157.928;157.579;157.727;37.72;18.65;20.66;66.10;79.91;0.329;SOFT_UP;1;51.4;2;0
2026.05.05 21:00;157.814;157.896;157.812;157.890;42.74;21.52;13.56;86.72;86.84;0.433;SOFT_UP;1;59.9;2;0
2026.05.05 20:00;157.875;157.892;157.836;157.881;45.83;24.83;11.25;86.91;86.03;0.427;SOFT_UP;1;60.7;2;0
2026.05.05 19:00;157.870;157.913;157.857;157.875;47.09;28.65;7.21;86.90;79.42;0.423;SOFT_UP;1;61.8;2;1
2026.05.05 18:00;157.846;157.914;157.833;157.870;45.14;33.06;8.32;84.29;68.62;0.420;SOFT_UP;1;62.9;2;1
2026.05.05 17:00;157.784;157.882;157.766;157.847;42.89;32.07;9.61;67.07;63.35;0.405;SOFT_UP;1;63.3;2;1
2026.05.05 16:00;157.676;157.797;157.650;157.784;41.19;25.73;11.08;54.50;67.61;0.365;SOFT_UP;1;62.3;2;1
2026.05.05 15:00;157.674;157.725;157.603;157.675;41.41;22.16;12.79;68.49;77.64;0.296;SOFT_UP;1;58.8;2;1
2026.05.05 14:00;157.754;157.825;157.668;157.674;43.65;25.56;6.56;79.83;80.82;0.295;SOFT_UP;1;60.4;2;1
2026.05.05 13:00;157.767;157.792;157.669;157.773;41.27;26.26;7.57;84.59;76.75;0.358;SOFT_UP;1;66.5;3;1
2026.05.05 12:00;157.741;157.834;157.635;157.766;39.12;30.30;8.73;78.05;69.80;0.354;SOFT_UP;1;67.9;3;1
2026.05.05 11:00;157.612;157.788;157.607;157.741;36.63;31.41;10.08;67.62;64.80;0.338;SOFT_UP;1;68.7;3;1
2026.05.05 10:00;157.505;157.666;157.485;157.612;34.36;25.87;11.63;63.72;65.88;0.256;NEUTRE;0;65;2;1
2026.05.05 09:00;157.274;157.881;157.106;157.507;33.80;29.85;13.42;63.06;66.02;0.189;NEUTRE;0;60.3;2;1
2026.05.05 08:00;157.231;157.280;157.198;157.274;33.16;22.51;15.48;70.86;68.34;0.041;NEUTRE;0;23.2;0;1
2026.05.05 07:00;157.221;157.234;157.075;157.231;35.41;17.35;17.86;64.14;74.49;0.013;NEUTRE;0;8.8;0;1
2026.05.05 06:00;157.270;157.291;157.189;157.221;40.63;20.02;9.58;70.03;80.43;0.007;NEUTRE;0;5.6;0;0
2026.05.05 05:00;157.282;157.296;157.208;157.275;41.46;23.10;8.19;89.31;80.20;0.041;NEUTRE;0;34.4;1;0
2026.05.05 04:00;157.262;157.293;157.234;157.282;40.50;26.65;4.90;81.97;70.62;0.046;NEUTRE;0;43.9;1;0
2026.05.05 03:00;157.217;157.263;157.209;157.262;36.13;22.93;5.65;69.33;68.92;0.033;NEUTRE;0;42.6;1;0
2026.05.05 02:00;157.207;157.227;157.182;157.217;32.39;16.20;6.52;60.57;74.68;0.004;NEUTRE;0;9.5;0;0
2026.05.05 01:00;157.208;157.267;157.184;157.207;30.82;18.69;6.84;76.85;83.49;-0.002;NEUTRE;0;;;0
2026.05.05 00:00;157.210;157.253;157.164;157.208;28.42;18.97;7.90;86.63;87.62;-0.001;NEUTRE;0;;;0
2026.05.04 23:00;157.225;157.235;157.172;157.210;26.46;18.78;9.11;86.99;86.26;0.200;NEUTRE;0;36;1;0
2026.05.04 22:00;157.145;157.266;157.133;157.225;25.19;21.67;10.51;89.24;78.38;0.210;NEUTRE;0;38.6;1;0
2026.05.04 21:00;157.152;157.204;157.129;157.145;23.74;17.83;12.13;82.54;66.82;0.159;NEUTRE;0;32.3;1;0
2026.05.04 20:00;157.092;157.279;157.092;157.250;24.46;20.57;14.00;63.34;57.65;0.226;NEUTRE;0;43.4;1;0
2026.05.04 19:00;156.740;157.126;156.740;157.092;25.30;11.15;16.15;54.57;63.77;0.125;NEUTRE;0;28.8;1;1
2026.05.04 18:00;157.222;157.273;156.554;156.730;26.37;12.86;18.63;55.03;71.01;-0.106;NEUTRE;0;-26.2;-1;1
2026.05.04 17:00;157.266;157.281;157.162;157.222;27.61;14.84;8.49;81.71;72.08;0.208;NEUTRE;0;45.7;2;1
2026.05.04 16:00;157.196;157.296;157.133;157.266;27.67;17.12;9.80;76.27;64.79;0.236;NEUTRE;0;51;2;1
2026.05.04 15:00;157.087;157.295;156.936;157.194;27.74;19.66;11.30;58.25;63.48;0.190;NEUTRE;0;46.6;2;1
2026.05.04 14:00;157.009;157.153;156.922;157.087;27.86;16.60;13.04;59.85;72.26;0.122;NEUTRE;0;36.1;1;1
2026.05.04 13:00;157.135;157.178;156.965;157.012;30.30;19.16;12.19;72.36;81.65;0.074;NEUTRE;0;25.5;1;1
2026.05.04 12:00;157.170;157.177;157.019;157.135;31.54;22.10;10.16;84.58;87.88;0.152;NEUTRE;0;46.6;2;1
2026.05.04 11:00;157.112;157.178;157.061;157.170;30.70;25.51;7.64;88.00;88.08;0.175;NEUTRE;0;53.1;2;1
2026.05.04 10:00;156.965;157.199;156.960;157.111;27.12;29.43;8.81;91.05;86.09;0.137;NEUTRE;0;48.9;2;1
2026.05.04 09:00;156.947;157.008;156.891;156.964;23.00;21.66;10.17;85.18;80.86;0.043;NEUTRE;0;21.8;0;1
2026.05.04 08:00;156.890;156.974;156.880;156.947;20.98;20.52;11.73;82.04;76.40;0.033;NEUTRE;0;19;0;1
2026.05.04 07:00;156.922;156.976;156.813;156.891;20.01;23.68;13.53;75.37;67.81;-0.003;NEUTRE;0;-2.1;0;1
2026.05.04 06:00;156.780;156.935;156.730;156.920;18.90;23.45;15.62;71.80;61.07;0.015;NEUTRE;0;11.8;0;0
2026.05.04 05:00;156.726;156.860;156.521;156.780;18.72;21.43;18.02;56.26;55.30;-0.074;NEUTRE;0;-51.1;-2;0
2026.05.04 04:00;156.200;156.785;156.133;156.726;20.27;21.33;20.79;55.16;63.00;-0.108;NEUTRE;0;-66.1;-3;0
2026.05.04 03:00;157.121;157.244;155.700;156.200;23.19;24.61;23.99;54.47;67.39;-0.444;SOFT_DOWN;-1;-85.4;-3;0
2026.05.04 02:00;157.036;157.193;157.020;157.121;26.56;28.40;14.53;79.36;66.10;0.143;NEUTRE;0;80.5;3;0
2026.05.04 01:00;156.904;157.076;156.637;157.036;25.68;22.36;16.76;68.34;51.68;0.089;NEUTRE;0;;;0
2026.05.04 00:00;156.896;156.989;156.863;156.904;27.43;25.80;11.42;50.60;44.48;0.005;NEUTRE;0;;;0
2026.05.03 23:00;156.829;156.898;156.791;156.895;25.70;18.66;13.18;36.11;48.99;0.101;NEUTRE;0;20.2;0;0
2026.05.03 22:00;156.721;156.922;156.680;156.828;27.01;21.53;15.21;46.74;66.05;0.058;NEUTRE;0;12.4;0;0
2026.05.03 21:00;156.737;156.786;156.649;156.719;28.52;16.19;17.54;64.12;79.31;-0.011;NEUTRE;0;-2.5;0;0
2026.05.01 20:00;157.056;157.088;156.961;157.062;32.29;18.69;8.62;87.29;87.92;0.048;NEUTRE;0;11.3;0;0
2026.05.01 19:00;157.010;157.088;156.996;157.057;31.59;21.56;5.71;86.53;87.90;0.045;NEUTRE;0;11.2;0;1
2026.05.01 18:00;156.926;157.115;156.911;157.010;27.50;24.88;6.59;89.93;86.98;0.015;NEUTRE;0;4;0;1
2026.05.01 17:00;156.937;157.024;156.848;156.926;22.79;21.84;7.60;87.24;78.09;-0.039;NEUTRE;0;-10.9;0;1
2026.05.01 16:00;156.756;156.940;156.665;156.937;18.86;17.86;8.77;83.77;68.81;-0.032;NEUTRE;0;-9.5;0;1
2026.05.01 15:00;156.633;156.891;156.618;156.756;16.50;17.86;10.12;63.26;63.14;-0.147;NEUTRE;0;-39.3;-1;1
2026.05.01 14:00;156.491;156.721;156.363;156.633;14.78;11.03;11.68;59.40;64.47;-0.225;NEUTRE;0;-53.3;-2;1
2026.05.01 13:00;156.590;156.751;156.335;156.496;16.62;12.73;13.47;66.76;66.16;-0.313;SOFT_DOWN;-1;-63.6;-2;1
2026.05.01 12:00;156.576;156.638;156.383;156.590;18.75;10.51;15.54;67.24;63.43;-0.253;NEUTRE;0;-60.4;-2;1
2026.05.01 11:00;156.586;156.619;156.432;156.576;18.66;12.13;14.98;64.48;60.74;-0.262;NEUTRE;0;-63.3;-2;1
2026.05.01 10:00;156.573;156.622;156.484;156.586;19.91;13.99;13.01;58.58;55.12;-0.255;NEUTRE;0;-64.9;-2;1
2026.05.01 09:00;156.468;156.754;156.418;156.573;22.41;16.15;15.01;59.17;51.50;-0.264;SOFT_DOWN;-1;-67.8;-3;1
2026.05.01 08:00;156.619;156.652;156.259;156.468;25.30;13.96;17.31;47.61;45.52;-0.331;SOFT_DOWN;-1;-73.9;-3;1
2026.05.01 07:00;155.960;156.719;155.863;156.619;27.54;16.11;19.98;47.71;56.50;-0.234;NEUTRE;0;-70.3;-3;1
2026.05.01 06:00;157.275;157.290;155.483;155.960;30.12;18.58;23.05;41.24;68.21;-0.654;STRONG_DOWN;-2;-83.7;-3;0
2026.05.01 05:00;157.242;157.292;157.196;157.275;33.11;21.44;12.01;80.55;82.85;0.183;NEUTRE;0;71.9;3;0
2026.05.01 04:00;157.181;157.276;157.106;157.242;33.86;22.18;13.86;82.84;83.48;0.162;NEUTRE;0;73.5;3;0
2026.05.01 03:00;157.234;157.288;156.988;157.181;35.52;25.59;16.00;85.15;84.07;0.124;NEUTRE;0;73.9;3;0
2026.05.01 02:00;157.194;157.322;157.124;157.234;37.44;29.53;11.48;82.47;83.29;0.157;NEUTRE;0;81.3;3;0
2026.05.01 01:00;157.076;157.251;157.044;157.195;36.43;28.55;13.25;84.59;84.20;0.132;NEUTRE;0;;;0
2026.05.01 00:00;156.987;157.302;156.961;157.076;36.40;32.95;15.29;82.80;80.90;0.057;NEUTRE;0;;;0
2026.04.30 23:00;156.661;157.018;156.639;156.987;36.37;25.20;17.64;85.21;74.27;-2.003;SPIKE_DOWN;-4;-82.2;-3;0
2026.04.30 22:00;156.579;156.743;156.565;156.659;39.25;17.92;20.35;74.69;59.85;-2.208;SPIKE_DOWN;-4;-83.2;-3;0
2026.04.30 21:00;156.480;156.652;156.480;156.579;44.31;12.81;23.48;62.91;46.02;-2.258;SPIKE_DOWN;-4;-83.7;-3;0
2026.04.30 20:00;156.562;156.626;156.506;156.612;46.60;14.78;24.77;41.95;35.94;-2.237;SPIKE_DOWN;-4;-83.9;-3;0
2026.04.30 19:00;156.410;156.564;156.300;156.562;49.88;9.10;28.58;33.21;38.37;-2.268;SPIKE_DOWN;-4;-84.3;-3;1
2026.04.30 18:00;156.479;156.479;156.310;156.411;49.60;5.55;32.98;32.67;40.39;-2.363;SPIKE_DOWN;-4;-84.8;-3;1
2026.04.30 17:00;156.575;156.694;156.423;156.479;46.27;6.40;27.77;49.22;41.78;-2.320;SPIKE_DOWN;-4;-85;-3;1
2026.04.30 16:00;156.658;156.735;156.506;156.575;43.77;7.39;27.33;39.29;35.40;-2.260;SPIKE_DOWN;-4;-85.2;-3;1
2026.04.30 15:00;156.672;156.827;156.598;156.658;41.67;8.52;25.35;36.83;30.68;-2.209;SPIKE_DOWN;-4;-85.4;-3;1
2026.04.30 14:00;156.920;156.957;156.456;156.672;40.44;9.83;29.25;30.08;24.01;-2.200;SPIKE_DOWN;-4;-85.6;-3;1
2026.04.30 13:00;156.816;156.956;156.201;156.920;39.02;11.32;33.75;25.12;17.60;-2.045;SPIKE_DOWN;-4;-85.7;-3;1
2026.04.30 12:00;156.372;157.103;156.340;156.816;37.36;13.06;36.11;16.84;11.45;-2.110;SPIKE_DOWN;-4;-86.1;-3;1
2026.04.30 11:00;157.164;157.464;155.554;156.372;35.89;15.07;41.66;10.85;11.39;-2.387;SPIKE_DOWN;-4;-86.8;-3;1
2026.04.30 10:00;159.336;159.349;156.985;157.163;34.20;17.38;36.55;6.66;18.72;-1.893;SPIKE_DOWN;-4;-86.4;-3;1
2026.04.30 09:00;159.572;159.592;159.217;159.338;34.00;20.06;27.64;16.68;37.60;-0.536;SOFT_DOWN;-1;-78.6;-3;1
2026.04.30 08:00;160.133;160.173;159.449;159.583;36.78;23.14;22.38;32.83;61.81;-0.383;SOFT_DOWN;-1;-76;-3;1
2026.04.30 07:00;160.606;160.613;159.767;160.133;42.18;26.70;19.06;63.29;83.05;-0.039;NEUTRE;0;-25;0;1
2026.04.30 06:00;160.654;160.719;160.530;160.606;46.10;30.81;8.12;89.32;91.52;0.256;NEUTRE;0;74.3;3;0
2026.04.30 05:00;160.533;160.651;160.460;160.650;44.23;30.02;9.37;96.54;85.57;0.283;SOFT_UP;1;78.1;3;0
2026.04.30 04:00;160.421;160.575;160.361;160.533;42.97;28.51;10.81;88.70;72.39;0.210;NEUTRE;0;77.2;3;0
2026.04.30 03:00;160.340;160.422;160.315;160.420;42.65;21.90;12.48;71.48;55.75;0.140;NEUTRE;0;75.6;3;0
2026.04.30 02:00;160.222;160.396;160.209;160.340;45.00;21.53;14.39;56.99;45.78;0.090;NEUTRE;0;75.1;3;0
2026.04.30 01:00;160.292;160.314;160.206;160.222;48.87;18.10;16.61;38.77;40.91;0.016;NEUTRE;0;;;0
2026.04.30 00:00;160.196;160.300;160.070;160.292;55.72;18.89;19.16;41.59;51.01;0.060;NEUTRE;0;;;0
2026.04.29 23:00;160.324;160.342;160.147;160.196;64.19;21.79;16.96;42.39;63.71;0.403;SOFT_UP;1;55.7;2;0
2026.04.29 22:00;160.355;160.434;160.318;160.324;72.14;25.15;6.08;69.06;78.07;0.483;SOFT_UP;1;61.4;2;0
2026.04.29 21:00;160.360;160.397;160.270;160.355;73.85;24.11;7.02;79.69;80.03;0.503;SOFT_UP;1;63.5;2;0
2026.04.29 20:00;160.378;160.472;160.351;160.452;76.76;27.82;1.25;85.46;80.61;0.563;STRONG_UP;2;67;3;0
2026.04.29 19:00;160.345;160.436;160.281;160.378;74.51;27.52;1.44;74.94;79.75;0.517;SOFT_UP;1;66.3;3;1
2026.04.29 18:00;160.209;160.421;160.165;160.344;72.12;30.26;1.66;81.42;83.86;0.496;SOFT_UP;1;66.5;3;1
2026.04.29 17:00;160.307;160.361;160.202;160.202;69.44;31.31;1.92;82.88;85.78;0.407;SOFT_UP;1;63.5;2;1
2026.04.29 16:00;160.230;160.315;160.165;160.306;66.51;31.68;2.21;87.27;88.67;0.472;SOFT_UP;1;67.9;3;1
2026.04.29 15:00;160.096;160.318;160.090;160.231;63.37;36.55;2.56;87.20;92.50;0.425;SOFT_UP;1;67.1;3;1
2026.04.29 14:00;160.180;160.195;160.008;160.096;59.74;33.88;2.95;91.55;92.93;0.340;SOFT_UP;1;63.8;2;1
2026.04.29 13:00;159.972;160.186;159.947;160.180;56.02;38.35;3.40;98.73;91.07;0.393;SOFT_UP;1;68.4;3;1
2026.04.29 12:00;159.840;159.973;159.810;159.972;51.76;30.54;3.93;88.50;86.42;0.263;NEUTRE;0;61.4;2;1
2026.04.29 11:00;159.751;159.846;159.733;159.840;47.84;23.25;4.53;85.98;85.51;0.180;NEUTRE;0;53.8;2;1
2026.04.29 10:00;159.830;159.834;159.744;159.751;44.83;25.19;5.23;84.78;79.69;0.124;NEUTRE;0;46;2;1
2026.04.29 09:00;159.776;159.837;159.746;159.830;41.63;29.06;5.69;85.76;74.59;0.174;NEUTRE;0;58.3;2;1
2026.04.29 08:00;159.664;159.783;159.633;159.776;37.69;24.41;6.56;68.54;71.64;0.140;NEUTRE;0;55.7;2;1
2026.04.29 07:00;159.651;159.698;159.614;159.667;34.62;19.44;7.57;69.46;76.60;0.071;NEUTRE;0;40.3;1;1
2026.04.29 06:00;159.704;159.734;159.600;159.651;33.19;22.43;8.74;76.91;77.73;0.061;NEUTRE;0;40.4;1;0
2026.04.29 05:00;159.631;159.707;159.629;159.704;31.54;25.89;6.75;83.44;74.54;0.095;NEUTRE;0;57.8;2;0
2026.04.29 04:00;159.612;159.643;159.612;159.631;27.37;17.24;7.79;72.83;63.97;0.049;NEUTRE;0;45.7;2;0
2026.04.29 03:00;159.617;159.633;159.585;159.613;25.77;14.93;8.99;67.35;50.85;0.038;NEUTRE;0;46.6;2;0
2026.04.29 02:00;159.607;159.626;159.567;159.617;25.91;14.99;10.37;51.72;35.72;0.040;NEUTRE;0;59.1;2;0
2026.04.29 01:00;159.544;159.660;159.522;159.607;27.10;17.29;11.97;33.48;26.15;0.034;NEUTRE;0;;;0
2026.04.29 00:00;159.553;159.587;159.514;159.544;28.47;11.82;13.81;21.96;27.48;-0.006;NEUTRE;0;;;0
2026.04.28 23:00;159.565;159.592;159.536;159.553;31.65;13.64;11.30;23.01;37.59;0.120;NEUTRE;0;23.6;0;0
2026.04.28 22:00;159.547;159.610;159.540;159.565;35.08;15.73;11.94;37.48;49.35;0.127;NEUTRE;0;25.8;1;0
2026.04.28 21:00;159.530;159.625;159.527;159.547;38.37;18.15;13.78;52.29;53.03;0.116;NEUTRE;0;24.8;0;0
2026.04.28 20:00;159.652;159.659;159.588;159.609;42.17;20.95;6.32;58.29;48.90;0.155;NEUTRE;0;32.9;1;0
2026.04.28 19:00;159.617;159.681;159.574;159.652;40.40;24.17;7.29;48.51;41.54;0.182;NEUTRE;0;38.7;1;1
2026.04.28 18:00;159.539;159.622;159.520;159.617;38.37;19.40;8.41;39.89;42.69;0.160;NEUTRE;0;36.6;1;1
2026.04.28 17:00;159.554;159.621;159.505;159.539;38.19;22.24;9.71;36.21;45.36;0.111;NEUTRE;0;28.6;1;1
2026.04.28 16:00;159.537;159.619;159.503;159.554;38.03;25.39;11.20;51.98;46.89;0.120;NEUTRE;0;32.1;1;1
2026.04.28 15:00;159.717;159.717;159.523;159.537;37.92;29.30;10.27;47.89;46.44;0.110;NEUTRE;0;31.5;1;1
2026.04.28 14:00;159.510;159.744;159.503;159.716;36.35;33.81;11.85;40.79;55.08;0.222;NEUTRE;0;53;2;1
2026.04.28 13:00;159.458;159.602;159.428;159.510;34.55;29.95;13.68;50.63;71.27;0.093;NEUTRE;0;30.9;1;1
2026.04.28 12:00;159.753;159.778;159.410;159.458;34.13;34.55;15.78;73.80;81.53;0.060;NEUTRE;0;22.7;0;1
2026.04.28 11:00;159.628;159.781;159.597;159.753;33.64;39.87;10.39;89.36;84.39;0.245;NEUTRE;0;61.8;2;1
2026.04.28 10:00;159.568;159.641;159.531;159.628;29.80;34.30;11.99;81.44;80.16;0.167;NEUTRE;0;54.4;2;1
2026.04.28 09:00;159.470;159.590;159.412;159.568;26.97;32.44;13.84;82.37;75.23;0.129;NEUTRE;0;50.2;2;1
2026.04.28 08:00;159.533;159.681;159.451;159.470;24.93;37.43;12.59;76.68;61.59;0.068;NEUTRE;0;35.4;1;1
2026.04.28 07:00;159.349;159.541;159.263;159.533;21.13;33.83;14.53;66.63;44.48;0.107;NEUTRE;0;52;2;1
2026.04.28 06:00;159.197;159.353;159.028;159.348;18.24;28.63;16.77;41.46;32.01;-0.009;NEUTRE;0;-7.1;0;0
2026.04.28 05:00;159.078;159.209;159.050;159.197;17.03;26.21;19.35;25.36;34.87;-0.104;NEUTRE;0;-60.1;-2;0
2026.04.28 04:00;159.072;159.085;158.956;159.078;17.33;18.25;22.32;29.21;56.43;-0.178;NEUTRE;0;-75;-3;0
2026.04.28 03:00;159.514;159.558;158.979;159.072;18.45;21.05;23.02;50.05;72.92;-0.182;NEUTRE;0;-78.8;-3;0
2026.04.28 02:00;159.548;159.563;159.486;159.514;20.60;24.29;13.08;90.04;75.64;0.095;NEUTRE;0;75.9;3;0
2026.04.28 01:00;159.463;159.548;159.460;159.547;19.16;25.03;15.10;78.68;58.07;0.116;NEUTRE;0;;;0
2026.04.28 00:00;159.362;159.480;159.306;159.463;18.30;17.00;17.42;58.21;51.89;0.063;NEUTRE;0;;;0
2026.04.27 23:00;159.401;159.447;159.349;159.362;20.92;19.61;16.30;37.32;56.77;-0.137;NEUTRE;0;-26.5;-1;0
2026.04.27 22:00;159.394;159.457;159.375;159.401;22.72;22.63;14.72;60.14;73.32;-0.112;NEUTRE;0;-23.1;0;0
2026.04.27 21:00;159.360;159.403;159.343;159.394;22.96;15.98;16.99;72.86;81.96;-0.117;NEUTRE;0;-25;0;0
2026.04.27 20:00;159.417;159.423;159.385;159.413;26.03;18.44;10.37;86.96;87.82;-0.105;NEUTRE;0;-23.7;0;0
2026.04.27 19:00;159.440;159.445;159.365;159.418;25.72;21.28;11.97;86.06;88.38;-0.102;NEUTRE;0;-24.2;0;1
2026.04.27 18:00;159.382;159.448;159.382;159.440;25.37;24.55;10.54;90.43;88.48;-0.088;NEUTRE;0;-22.2;0;1
2026.04.27 17:00;159.381;159.458;159.343;159.382;23.13;28.32;12.16;88.64;84.96;-0.124;NEUTRE;0;-31.4;-1;1
2026.04.27 16:00;159.289;159.382;159.273;159.381;20.55;22.52;14.03;86.37;80.11;-0.125;NEUTRE;0;-33.2;-1;1
2026.04.27 15:00;159.214;159.308;159.209;159.289;20.14;15.53;16.19;79.86;74.23;-0.182;NEUTRE;0;-45.4;-2;1
2026.04.27 14:00;159.255;159.286;159.102;159.214;22.92;14.51;18.68;74.10;60.09;-0.229;NEUTRE;0;-53.8;-2;1
2026.04.27 13:00;159.223;159.282;159.141;159.255;24.51;16.74;18.30;68.74;45.10;-0.204;NEUTRE;0;-52.7;-2;1
2026.04.27 12:00;159.190;159.227;159.101;159.223;27.60;13.31;21.11;37.42;28.74;-0.224;NEUTRE;0;-57.4;-2;1
2026.04.27 11:00;159.147;159.208;159.100;159.190;28.36;13.04;24.36;29.14;23.79;-0.244;NEUTRE;0;-61.7;-2;1
2026.04.27 10:00;159.220;159.268;159.126;159.147;28.07;15.05;24.40;19.67;21.49;-0.271;SOFT_DOWN;-1;-66.2;-3;1
2026.04.27 09:00;159.144;159.227;159.090;159.220;28.74;12.92;28.16;22.58;30.13;-0.226;NEUTRE;0;-64.5;-2;1
2026.04.27 08:00;159.223;159.264;159.105;159.144;27.45;14.91;30.80;22.23;36.66;-0.273;SOFT_DOWN;-1;-70.7;-3;1
2026.04.27 07:00;159.259;159.299;159.181;159.223;26.32;17.20;28.19;45.58;40.19;-0.224;NEUTRE;0;-69.5;-3;1
2026.04.27 06:00;159.407;159.478;159.255;159.259;26.65;19.84;22.88;42.17;29.76;-0.201;NEUTRE;0;-70.4;-3;0
2026.04.27 05:00;159.233;159.414;159.230;159.407;29.65;18.48;26.40;32.82;20.50;-0.108;NEUTRE;0;-61;-2;0
2026.04.27 04:00;159.222;159.255;159.145;159.232;31.50;8.03;30.46;14.29;18.95;-0.218;NEUTRE;0;-77.6;-3;0
2026.04.27 03:00;159.297;159.307;159.187;159.222;27.38;9.27;29.27;14.39;32.25;-0.224;NEUTRE;0;-80.9;-3;0
2026.04.27 02:00;159.324;159.362;159.264;159.296;23.61;10.69;23.90;28.16;53.55;-0.178;NEUTRE;0;-82.3;-3;0
2026.04.27 01:00;159.475;159.475;159.249;159.324;21.37;12.34;27.58;54.21;73.72;-0.160;NEUTRE;0;;;0
2026.04.27 00:00;159.580;159.580;159.446;159.475;18.78;14.23;18.41;78.28;79.71;-0.066;NEUTRE;0;;;0
2026.04.26 23:00;159.544;159.592;159.506;159.580;19.70;16.42;14.35;88.68;71.93;0.065;NEUTRE;0;13.3;0;0
2026.04.26 22:00;159.536;159.584;159.504;159.544;21.70;17.52;16.56;72.18;54.15;0.043;NEUTRE;0;9.3;0;0
2026.04.26 21:00;159.476;159.573;159.476;159.536;24.61;18.10;19.11;54.94;41.63;0.038;NEUTRE;0;8.6;0;0
2026.04.24 20:00;159.414;159.424;159.330;159.349;27.97;10.65;22.05;35.32;31.99;-0.252;NEUTRE;0;-46.5;-2;0
2026.04.24 19:00;159.419;159.442;159.372;159.413;26.92;12.29;18.57;34.62;25.78;-0.212;NEUTRE;0;-43;-1;1
2026.04.24 18:00;159.408;159.462;159.396;159.420;27.93;14.18;16.15;26.03;21.48;-0.207;NEUTRE;0;-43.9;-1;1
2026.04.24 17:00;159.353;159.425;159.303;159.408;31.23;7.74;18.63;16.68;25.47;-0.215;NEUTRE;0;-46.6;-2;1
2026.04.24 16:00;159.351;159.415;159.310;159.353;29.68;7.67;21.50;21.72;36.61;-0.249;NEUTRE;0;-52.5;-2;1
2026.04.24 15:00;159.507;159.582;159.328;159.351;26.95;8.85;22.17;38.02;43.88;-0.250;NEUTRE;0;-54.3;-2;1
2026.04.24 14:00;159.592;159.638;159.379;159.507;24.48;10.21;22.49;50.08;42.36;-0.153;NEUTRE;0;-42.4;-1;1
2026.04.24 13:00;159.546;159.648;159.473;159.592;22.47;11.78;20.37;43.55;36.89;-0.100;NEUTRE;0;-32.8;-1;1
2026.04.24 12:00;159.422;159.618;159.370;159.546;21.82;10.95;23.50;33.46;39.04;-0.128;NEUTRE;0;-41.7;-1;1
2026.04.24 11:00;159.646;159.670;159.331;159.422;19.58;12.64;27.12;33.65;44.32;-0.206;NEUTRE;0;-57.4;-2;1
2026.04.24 10:00;159.741;159.765;159.640;159.646;16.98;14.58;17.26;50.00;46.09;-0.066;NEUTRE;0;-28.9;-1;1
2026.04.24 09:00;159.716;159.756;159.686;159.741;18.30;16.83;14.26;49.32;40.39;-0.006;NEUTRE;0;-3.2;0;1
2026.04.24 08:00;159.666;159.752;159.659;159.716;19.85;18.54;16.45;38.95;38.76;-0.022;NEUTRE;0;-13;0;1
2026.04.24 07:00;159.681;159.714;159.624;159.665;21.98;15.10;18.98;32.88;45.59;-0.054;NEUTRE;0;-32.8;-1;1
2026.04.24 06:00;159.765;159.788;159.598;159.681;23.62;17.43;21.90;44.44;58.08;-0.044;NEUTRE;0;-31.5;-1;0
2026.04.24 05:00;159.774;159.812;159.745;159.765;25.50;20.11;13.37;59.45;68.74;0.009;NEUTRE;0;8.6;0;0
2026.04.24 04:00;159.788;159.796;159.722;159.774;26.32;19.53;15.43;70.34;76.97;0.014;NEUTRE;0;16.3;0;0
2026.04.24 03:00;159.765;159.835;159.761;159.788;28.57;22.53;9.69;76.44;82.47;0.023;NEUTRE;0;32.7;1;0
2026.04.24 02:00;159.753;159.793;159.748;159.765;26.84;17.27;11.19;84.14;86.30;0.009;NEUTRE;0;20.6;0;0
2026.04.24 01:00;159.789;159.805;159.750;159.753;27.68;19.92;12.22;86.84;81.62;0.001;NEUTRE;0;;;0
2026.04.24 00:00;159.751;159.805;159.672;159.789;28.25;22.99;14.10;87.92;75.80;0.024;NEUTRE;0;;;0
2026.04.23 23:00;159.701;159.780;159.699;159.751;28.91;26.52;13.15;70.09;68.99;0.166;NEUTRE;0;31.1;1;0
2026.04.23 22:00;159.648;159.727;159.632;159.702;28.18;20.54;15.17;69.38;68.73;0.135;NEUTRE;0;27.2;1;0
2026.04.23 21:00;159.608;159.712;159.551;159.644;30.20;21.27;17.51;67.51;65.43;0.099;NEUTRE;0;21.5;0;0
2026.04.23 20:00;159.691;159.749;159.686;159.745;33.35;24.54;9.50;69.29;60.19;0.162;NEUTRE;0;34.1;1;0
2026.04.23 19:00;159.626;159.750;159.603;159.691;31.68;28.32;10.96;59.48;50.69;0.129;NEUTRE;0;29.6;1;1
2026.04.23 18:00;159.555;159.634;159.463;159.625;29.76;20.53;12.64;51.80;39.33;0.087;NEUTRE;0;22;0;1
2026.04.23 17:00;159.453;159.838;159.448;159.555;30.68;23.69;14.59;40.80;30.08;0.043;NEUTRE;0;11.9;0;1
2026.04.23 16:00;159.438;159.483;159.421;159.453;31.74;13.33;16.83;25.39;23.38;-0.021;NEUTRE;0;-6.3;0;1
2026.04.23 15:00;159.392;159.485;159.309;159.438;34.84;15.38;19.42;24.05;23.92;-0.030;NEUTRE;0;-9.5;0;1
2026.04.23 14:00;159.569;159.613;159.375;159.392;38.41;17.75;16.64;20.70;27.88;-0.059;NEUTRE;0;-19.4;0;1
2026.04.23 13:00;159.500;159.614;159.463;159.568;43.82;20.48;13.51;27.02;41.34;0.051;NEUTRE;0;18.2;0;1
2026.04.23 12:00;159.549;159.594;159.430;159.500;47.41;21.59;15.59;35.92;61.85;0.009;NEUTRE;0;3.6;0;1
2026.04.23 11:00;159.711;159.747;159.496;159.549;52.22;24.91;11.79;61.08;77.43;0.040;NEUTRE;0;16.9;0;1
2026.04.23 10:00;159.729;159.774;159.660;159.711;54.76;28.75;3.56;88.55;85.13;0.141;NEUTRE;0;49.7;2;1
2026.04.23 09:00;159.688;159.735;159.651;159.728;51.18;27.90;4.10;82.65;81.95;0.152;NEUTRE;0;54.7;2;1
2026.04.23 08:00;159.597;159.693;159.583;159.688;47.62;24.50;4.74;84.20;80.46;0.127;NEUTRE;0;53;2;1
2026.04.23 07:00;159.654;159.694;159.591;159.597;44.54;28.27;4.34;79.00;75.05;0.070;NEUTRE;0;39.9;1;1
2026.04.23 06:00;159.530;159.664;159.519;159.654;40.11;28.14;5.01;78.19;69.80;0.105;NEUTRE;0;55.7;2;0
2026.04.23 05:00;159.542;159.600;159.510;159.531;35.55;25.68;5.78;67.95;60.10;0.028;NEUTRE;0;25.1;1;0
2026.04.23 04:00;159.542;159.580;159.513;159.542;31.29;26.22;6.67;63.26;47.66;0.035;NEUTRE;0;36.2;1;0
2026.04.23 03:00;159.531;159.544;159.469;159.542;26.96;21.98;7.70;49.10;34.54;0.035;NEUTRE;0;44.3;1;0
2026.04.23 02:00;159.376;159.560;159.358;159.531;23.71;25.36;8.89;30.61;28.85;0.028;NEUTRE;0;49.5;2;0
2026.04.23 01:00;159.325;159.414;159.293;159.376;19.96;18.15;10.25;23.91;34.51;-0.069;NEUTRE;0;;;0
2026.04.23 00:00;159.486;159.682;159.291;159.325;18.75;20.94;11.83;32.03;41.09;-0.101;NEUTRE;0;;;0
2026.04.22 23:00;159.472;159.493;159.434;159.484;17.36;16.72;13.65;47.60;50.13;0.067;NEUTRE;0;13.7;0;0
2026.04.22 22:00;159.435;159.486;159.408;159.472;18.47;17.47;15.75;43.65;61.30;0.060;NEUTRE;0;12.8;0;0
2026.04.22 21:00;159.441;159.512;159.368;159.435;20.52;20.16;18.17;59.15;75.28;0.036;NEUTRE;0;8.2;0;0
2026.04.22 20:00;159.542;159.569;159.473;159.485;22.88;23.26;9.75;81.10;84.41;0.068;NEUTRE;0;15.9;0;0
2026.04.22 19:00;159.476;159.545;159.457;159.542;20.10;22.99;11.25;85.58;87.19;0.104;NEUTRE;0;24.6;0;1
2026.04.22 18:00;159.438;159.488;159.412;159.476;17.92;16.57;12.98;86.56;90.73;0.062;NEUTRE;0;16.1;0;1
2026.04.22 17:00;159.502;159.517;159.423;159.438;18.81;19.11;12.75;89.43;87.69;0.038;NEUTRE;0;10.6;0;1
2026.04.22 16:00;159.492;159.527;159.443;159.502;18.63;22.06;11.44;96.19;82.20;0.078;NEUTRE;0;22.2;0;1
2026.04.22 15:00;159.389;159.509;159.362;159.492;16.63;22.15;13.20;77.47;68.67;0.072;NEUTRE;0;21.9;0;1
2026.04.22 14:00;159.172;159.389;159.137;159.389;15.29;13.00;15.24;72.93;63.73;0.008;NEUTRE;0;2.7;0;1
2026.04.22 13:00;159.357;159.363;159.108;159.172;16.43;13.41;17.58;55.62;60.27;-0.129;NEUTRE;0;-39.7;-1;1
2026.04.22 12:00;159.246;159.358;159.146;159.356;16.89;15.48;17.99;62.65;66.53;-0.013;NEUTRE;0;-5.2;0;1
2026.04.22 11:00;159.223;159.277;159.189;159.245;18.33;11.98;20.76;62.55;69.44;-0.083;NEUTRE;0;-32.3;-1;1
2026.04.22 10:00;159.337;159.367;159.211;159.224;17.02;13.82;20.11;74.39;63.67;-0.096;NEUTRE;0;-38.8;-1;1
2026.04.22 09:00;159.353;159.367;159.311;159.338;16.79;15.95;13.34;71.40;49.09;-0.024;NEUTRE;0;-12.6;0;1
2026.04.22 08:00;159.218;159.364;159.196;159.353;18.01;17.58;15.39;45.24;38.43;-0.015;NEUTRE;0;-8.9;0;1
2026.04.22 07:00;159.128;159.293;159.108;159.218;19.75;13.78;17.76;30.63;44.62;-0.100;NEUTRE;0;-50.1;-2;1
2026.04.22 06:00;159.226;159.252;159.126;159.128;20.85;12.49;20.49;39.41;58.34;-0.156;NEUTRE;0;-65.3;-3;0
2026.04.22 05:00;159.339;159.342;159.100;159.226;20.33;14.41;23.64;63.81;64.05;-0.095;NEUTRE;0;-57.8;-2;0
2026.04.22 04:00;159.390;159.390;159.292;159.339;19.73;16.63;15.07;71.81;54.97;-0.024;NEUTRE;0;-26.6;-1;0
2026.04.22 03:00;159.352;159.396;159.330;159.390;22.01;19.19;11.43;56.54;41.06;0.008;NEUTRE;0;12.6;0;0
2026.04.22 02:00;159.251;159.368;159.246;159.352;21.49;15.62;13.18;36.58;34.06;-0.016;NEUTRE;0;-33.8;-1;0
2026.04.22 01:00;159.286;159.328;159.223;159.251;23.50;12.97;15.21;30.07;36.69;-0.079;NEUTRE;0;;;0
2026.04.22 00:00;159.377;159.377;159.171;159.286;25.90;14.97;17.55;35.55;42.98;-0.057;NEUTRE;0;;;0
2026.04.21 23:00;159.411;159.454;159.359;159.377;28.66;17.27;6.21;44.45;52.71;0.334;SOFT_UP;1;50.5;2;0
2026.04.21 22:00;159.396;159.416;159.349;159.413;25.82;13.78;7.17;48.93;60.18;0.357;SOFT_UP;1;53.6;2;0
2026.04.21 21:00;159.309;159.438;159.303;159.396;24.94;15.90;8.27;64.76;65.82;0.346;SOFT_UP;1;54;2;0
2026.04.21 20:00;159.606;159.633;159.290;159.403;23.92;18.34;9.54;66.86;66.11;0.351;SOFT_UP;1;55.7;2;0
2026.04.21 19:00;159.367;159.634;159.225;159.605;22.75;21.16;11.01;65.83;68.90;0.478;SOFT_UP;1;64.6;2;1
2026.04.21 18:00;159.319;159.490;159.280;159.367;21.40;19.00;12.71;65.62;77.90;0.328;SOFT_UP;1;56.7;2;1
2026.04.21 17:00;159.462;159.609;159.163;159.319;21.64;21.93;14.66;75.23;82.33;0.298;SOFT_UP;1;55.7;2;1
2026.04.21 16:00;159.390;159.501;159.343;159.462;21.91;25.30;10.71;92.83;80.78;0.388;SOFT_UP;1;63.8;2;1
2026.04.21 15:00;159.372;159.437;159.278;159.391;19.05;22.96;12.36;78.94;67.03;0.343;SOFT_UP;1;62.4;2;1
2026.04.21 14:00;159.087;159.379;159.036;159.372;17.36;20.88;14.26;70.55;63.97;0.331;SOFT_UP;1;63.2;2;1
2026.04.21 13:00;159.174;159.192;159.011;159.087;17.13;15.71;16.45;51.60;65.83;0.152;NEUTRE;0;44.4;1;1
2026.04.21 12:00;159.041;159.239;159.013;159.174;19.41;18.12;18.81;69.75;77.97;0.206;NEUTRE;0;55.1;2;1
2026.04.21 11:00;159.188;159.245;159.035;159.042;22.11;20.91;20.21;76.14;85.07;0.123;NEUTRE;0;43.1;1;1
2026.04.21 10:00;159.195;159.226;159.181;159.190;25.24;24.13;12.62;88.03;84.26;0.217;NEUTRE;0;61.1;2;1
2026.04.21 09:00;159.170;159.252;159.101;159.195;24.31;27.84;14.56;91.05;72.49;0.220;NEUTRE;0;63.9;2;1
2026.04.21 08:00;159.016;159.211;159.012;159.169;23.23;27.95;16.80;73.70;55.21;0.203;NEUTRE;0;64.8;2;1
2026.04.21 07:00;158.810;159.013;158.797;159.013;22.98;16.94;19.39;52.72;55.60;0.105;NEUTRE;0;51.4;2;1
2026.04.21 06:00;158.901;158.910;158.790;158.810;25.47;12.21;22.37;39.21;66.78;-0.023;NEUTRE;0;-17.8;0;0
2026.04.21 05:00;158.953;158.955;158.844;158.901;24.87;14.09;18.89;74.86;83.09;0.035;NEUTRE;0;30.3;1;0
2026.04.21 04:00;158.981;158.987;158.943;158.952;26.45;16.25;8.07;86.27;86.60;0.067;NEUTRE;0;54.5;2;0
2026.04.21 03:00;158.948;158.987;158.926;158.981;25.35;18.75;9.32;88.14;85.18;0.085;NEUTRE;0;67.1;3;0
2026.04.21 02:00;158.946;158.990;158.916;158.948;24.08;21.64;10.75;85.40;78.38;0.064;NEUTRE;0;69.5;3;0
2026.04.21 01:00;158.948;158.970;158.908;158.946;22.61;20.81;12.40;82.00;67.41;0.063;NEUTRE;0;;;0
2026.04.21 00:00;158.846;158.990;158.831;158.948;22.20;24.01;14.31;67.75;57.39;0.064;NEUTRE;0;;;0
2026.04.20 23:00;158.769;158.858;158.754;158.846;21.72;14.93;16.51;52.49;56.28;-0.192;NEUTRE;0;-34.9;-1;0
2026.04.20 22:00;158.746;158.810;158.737;158.769;24.29;10.13;19.05;51.94;65.65;-0.240;NEUTRE;0;-42.4;-1;0
2026.04.20 21:00;158.751;158.811;158.678;158.753;23.32;11.69;21.99;64.42;73.57;-0.250;NEUTRE;0;-44.9;-1;0
2026.04.20 20:00;158.838;158.900;158.799;158.808;22.20;13.49;11.37;80.59;70.88;-0.216;NEUTRE;0;-42.1;-1;0
2026.04.20 19:00;158.904;158.915;158.794;158.837;24.31;15.56;13.12;75.71;55.63;-0.197;NEUTRE;0;-40.9;-1;1
2026.04.20 18:00;158.753;158.917;158.663;158.902;26.74;17.95;15.14;56.34;40.34;-0.156;NEUTRE;0;-35.9;-1;1
2026.04.20 17:00;158.648;158.763;158.606;158.753;29.54;11.39;17.47;34.83;30.36;-0.250;NEUTRE;0;-50.9;-2;1
2026.04.20 16:00;158.666;158.704;158.612;158.648;30.84;7.36;20.15;29.86;28.30;-0.316;SOFT_DOWN;-1;-58.8;-2;1
2026.04.20 15:00;158.713;158.783;158.547;158.667;28.43;8.49;23.26;26.38;27.18;-0.304;SOFT_DOWN;-1;-59.5;-2;1
2026.04.20 14:00;158.629;158.890;158.626;158.713;25.65;9.80;21.68;28.67;32.01;-0.275;SOFT_DOWN;-1;-58.7;-2;1
2026.04.20 13:00;158.873;158.931;158.561;158.629;23.79;11.31;25.02;26.51;38.11;-0.328;SOFT_DOWN;-1;-64.6;-2;1
2026.04.20 12:00;158.833;158.968;158.809;158.873;21.64;13.04;18.56;40.85;49.56;-0.175;NEUTRE;0;-50.6;-2;1
2026.04.20 11:00;158.906;158.954;158.753;158.833;22.29;13.70;21.41;46.99;58.49;-0.200;NEUTRE;0;-56.7;-2;1
2026.04.20 10:00;158.919;158.968;158.853;158.906;22.34;15.80;17.05;60.84;64.29;-0.154;NEUTRE;0;-52.2;-2;1
2026.04.20 09:00;158.978;159.022;158.878;158.919;25.19;18.24;16.33;67.64;64.66;-0.146;NEUTRE;0;-53.6;-2;1
2026.04.20 08:00;158.961;159.071;158.911;158.978;28.22;21.04;15.32;64.39;55.53;-0.109;NEUTRE;0;-48.7;-2;1
2026.04.20 07:00;158.866;159.047;158.722;158.961;30.14;21.97;17.67;61.95;45.40;-0.119;NEUTRE;0;-54.9;-2;1
2026.04.20 06:00;158.944;158.992;158.816;158.866;33.11;25.35;15.94;40.26;32.55;-0.179;NEUTRE;0;-68.2;-3;0
2026.04.20 05:00;158.893;159.005;158.890;158.944;34.70;29.25;11.93;34.00;26.70;-0.130;NEUTRE;0;-65.3;-3;0
2026.04.20 04:00;158.878;158.941;158.841;158.893;33.56;25.19;13.76;23.38;29.86;-0.162;NEUTRE;0;-73.5;-3;0
2026.04.20 03:00;158.876;158.929;158.797;158.878;34.21;27.22;15.88;22.71;45.38;-0.172;NEUTRE;0;-78.2;-3;0
2026.04.20 02:00;158.853;158.908;158.786;158.876;35.43;28.96;18.32;43.50;67.28;-0.173;NEUTRE;0;-82.1;-3;0
2026.04.20 01:00;159.000;159.012;158.831;158.853;37.42;33.41;15.47;69.93;84.98;-0.187;NEUTRE;0;;;0
2026.04.20 00:00;159.151;159.198;158.889;159.000;37.53;38.55;12.92;88.40;94.04;-0.095;NEUTRE;0;;;0
2026.04.19 23:00;159.007;159.194;158.932;159.151;35.64;44.48;12.76;96.59;97.10;0.247;NEUTRE;0;41.9;1;0
2026.04.19 22:00;158.901;159.045;158.875;159.007;32.60;42.58;14.73;97.11;97.15;0.156;NEUTRE;0;30.7;1;0
2026.04.19 21:00;158.759;158.909;158.745;158.901;30.14;36.82;16.99;97.61;92.94;0.089;NEUTRE;0;19.5;0;0
2026.04.17 20:00;158.558;158.636;158.532;158.611;29.10;28.39;19.61;96.72;78.85;-0.371;SOFT_DOWN;-1;-57.2;-2;0
2026.04.17 19:00;158.432;158.581;158.364;158.558;30.76;24.62;22.62;84.50;59.00;-0.404;SOFT_DOWN;-1;-60.6;-2;1
2026.04.17 18:00;158.160;158.461;158.135;158.432;34.85;19.90;26.10;55.35;39.26;-0.483;SOFT_DOWN;-1;-66;-3;1
2026.04.17 17:00;158.037;158.273;158.037;158.160;38.13;14.09;30.12;37.15;27.55;-0.654;STRONG_DOWN;-2;-72.7;-3;1
2026.04.17 16:00;158.097;158.196;157.958;158.038;38.43;11.24;34.75;25.29;18.68;-0.731;STRONG_DOWN;-2;-75.3;-3;1
2026.04.17 15:00;157.850;158.173;157.791;158.097;36.47;11.49;40.10;20.20;14.24;-0.693;STRONG_DOWN;-2;-75.5;-3;1
2026.04.17 14:00;158.183;158.228;157.584;157.847;33.55;13.25;46.27;10.55;13.65;-0.850;STRONG_DOWN;-2;-78.9;-3;1
2026.04.17 13:00;158.411;158.510;158.065;158.184;30.18;15.29;41.90;11.97;18.50;-0.639;STRONG_DOWN;-2;-76.3;-3;1
2026.04.17 12:00;159.171;159.174;158.404;158.411;27.66;17.64;36.62;18.43;19.02;-0.496;SOFT_DOWN;-1;-73.9;-3;1
2026.04.17 11:00;159.163;159.221;159.136;159.171;26.54;20.36;27.63;25.10;13.90;-0.019;NEUTRE;0;-8.2;0;1
2026.04.17 10:00;159.038;159.173;159.026;159.162;28.29;14.80;31.88;13.52;7.44;-0.024;NEUTRE;0;-11.3;0;1
2026.04.17 09:00;159.136;159.184;159.004;159.038;27.02;17.08;36.79;3.07;14.24;-0.102;NEUTRE;0;-43.5;-1;1
2026.04.17 08:00;159.270;159.299;159.135;159.136;25.55;19.71;31.25;5.72;37.42;-0.041;NEUTRE;0;-23.2;0;1
2026.04.17 07:00;159.400;159.400;159.272;159.273;25.99;22.74;23.21;33.94;63.73;0.045;NEUTRE;0;28.3;1;1
2026.04.17 06:00;159.475;159.514;159.368;159.400;29.83;26.24;15.24;72.60;81.07;0.125;NEUTRE;0;60.1;2;0
2026.04.17 05:00;159.466;159.528;159.449;159.475;30.34;30.28;9.05;84.67;84.48;0.172;NEUTRE;0;70.8;3;0
2026.04.17 04:00;159.386;159.479;159.370;159.466;26.71;25.39;10.44;85.96;84.98;0.166;NEUTRE;0;73.9;3;0
2026.04.17 03:00;159.372;159.460;159.362;159.386;24.40;26.62;12.05;82.82;85.62;0.116;NEUTRE;0;72.8;3;0
2026.04.17 02:00;159.359;159.440;159.355;159.372;22.35;27.57;13.90;86.17;82.98;0.107;NEUTRE;0;77.4;3;0
2026.04.17 01:00;159.327;159.423;159.297;159.358;20.72;28.74;16.04;87.86;70.68;0.099;NEUTRE;0;;;0
2026.04.17 00:00;159.201;159.355;159.175;159.327;19.55;24.86;18.51;74.90;54.01;0.079;NEUTRE;0;;;0
2026.04.16 23:00;159.108;159.223;159.082;159.201;20.30;17.40;21.36;49.29;43.72;0.244;NEUTRE;0;41.6;1;0
2026.04.16 22:00;159.129;159.138;159.018;159.108;21.86;10.80;24.64;37.82;46.92;0.186;NEUTRE;0;35.3;1;0
2026.04.16 21:00;159.137;159.213;159.090;159.131;19.21;12.46;19.20;44.03;58.00;0.200;NEUTRE;0;38.5;1;0
2026.04.16 20:00;159.165;159.195;159.137;159.154;18.89;14.38;16.28;58.90;67.75;0.215;NEUTRE;0;42;1;0
2026.04.16 19:00;159.212;159.212;159.094;159.168;20.85;16.59;18.78;71.06;69.17;0.224;NEUTRE;0;44.6;1;1
2026.04.16 18:00;159.252;159.253;159.155;159.211;23.10;19.15;13.72;73.28;67.74;0.251;NEUTRE;0;49.4;2;1
2026.04.16 17:00;159.173;159.287;159.167;159.252;24.12;22.09;13.95;63.17;67.07;0.276;SOFT_UP;1;53.6;2;1
2026.04.16 16:00;159.070;159.259;159.021;159.173;24.35;21.90;16.09;66.77;74.88;0.227;NEUTRE;0;49.9;2;1
2026.04.16 15:00;159.256;159.279;159.070;159.070;25.74;25.27;15.40;71.26;77.74;0.162;NEUTRE;0;42.1;1;1
2026.04.16 14:00;159.214;159.269;159.083;159.256;25.97;29.16;16.81;86.60;78.35;0.279;SOFT_UP;1;59;2;1
2026.04.16 13:00;159.109;159.303;158.985;159.214;25.83;33.64;19.40;75.36;74.12;0.252;NEUTRE;0;58.3;2;1
2026.04.16 12:00;158.956;159.111;158.925;159.108;25.67;29.53;22.38;73.11;76.29;0.186;NEUTRE;0;52.3;2;1
2026.04.16 11:00;159.016;159.016;158.875;158.956;27.50;26.22;25.83;73.89;80.87;0.090;NEUTRE;0;34.4;1;1
2026.04.16 10:00;159.032;159.124;159.008;159.017;31.62;30.25;15.39;81.87;83.59;0.128;NEUTRE;0;46.9;2;1
2026.04.16 09:00;158.979;159.063;158.957;159.032;31.48;26.81;17.76;86.86;85.35;0.138;NEUTRE;0;52;2;1
2026.04.16 08:00;158.862;159.054;158.846;158.979;33.19;29.63;20.49;82.03;84.31;0.105;NEUTRE;0;47.7;2;1
2026.04.16 07:00;158.789;158.883;158.722;158.862;35.49;21.54;23.64;87.14;83.64;0.031;NEUTRE;0;20.3;0;1
2026.04.16 06:00;158.845;158.948;158.751;158.789;40.24;24.86;24.51;83.75;72.00;-0.015;NEUTRE;0;-11.8;0;0
2026.04.16 05:00;158.709;158.852;158.695;158.844;46.32;21.19;28.28;80.03;55.73;0.020;NEUTRE;0;18.5;0;0
2026.04.16 04:00;158.666;158.737;158.649;158.709;51.24;13.18;32.63;52.22;31.98;-0.065;NEUTRE;0;-53.7;-2;0
2026.04.16 03:00;158.509;158.671;158.260;158.666;52.59;3.67;37.65;34.94;18.67;-0.093;NEUTRE;0;-68.9;-3;0
2026.04.16 02:00;158.748;158.810;158.505;158.510;48.03;4.23;34.27;8.78;9.74;-0.191;NEUTRE;0;-82.9;-3;0
2026.04.16 01:00;158.727;158.821;158.674;158.749;43.41;4.88;31.02;12.29;12.72;-0.040;NEUTRE;0;;;0
2026.04.16 00:00;158.813;158.845;158.714;158.727;38.89;5.63;31.60;8.14;21.32;-0.054;NEUTRE;0;;;0
2026.04.15 23:00;158.867;158.881;158.793;158.813;34.14;6.50;27.19;17.74;36.57;0.010;NEUTRE;0;2.1;0;0
2026.04.15 22:00;158.946;158.946;158.832;158.867;29.94;7.50;24.55;38.07;52.31;0.044;NEUTRE;0;9.5;0;0
2026.04.15 21:00;158.969;159.003;158.857;158.945;26.36;8.65;24.96;53.91;65.01;0.093;NEUTRE;0;20.3;0;0
2026.04.15 20:00;158.973;158.999;158.951;158.973;22.94;9.98;18.89;64.95;68.93;0.111;NEUTRE;0;24.9;0;0
2026.04.15 19:00;159.018;159.054;158.947;158.973;21.73;11.52;21.80;76.17;67.43;0.111;NEUTRE;0;26;1;1
2026.04.15 18:00;159.098;159.117;158.996;159.017;20.32;13.29;18.11;65.67;56.90;0.139;NEUTRE;0;32.9;1;1
2026.04.15 17:00;158.877;159.107;158.872;159.098;21.08;14.06;20.89;60.43;55.08;0.190;NEUTRE;0;43.1;1;1
2026.04.15 16:00;159.020;159.030;158.748;158.877;21.32;11.18;24.11;44.59;59.43;0.050;NEUTRE;0;14.6;0;1
2026.04.15 15:00;158.983;159.023;158.859;159.020;18.97;12.90;21.76;60.21;72.14;0.140;NEUTRE;0;38;1;1
2026.04.15 14:00;159.021;159.059;158.919;158.984;17.95;14.89;19.48;73.49;80.79;0.118;NEUTRE;0;35.2;1;1
2026.04.15 13:00;159.102;159.118;158.977;159.021;18.66;17.18;16.10;82.71;82.30;0.141;NEUTRE;0;42.2;1;1
2026.04.15 12:00;159.023;159.148;159.022;159.102;21.03;19.82;13.67;86.19;75.07;0.192;NEUTRE;0;53.2;2;1
2026.04.15 11:00;158.971;159.091;158.924;159.023;21.44;15.91;15.77;77.99;62.12;0.142;NEUTRE;0;47.2;2;1
2026.04.15 10:00;158.893;159.045;158.821;158.971;24.67;14.12;18.20;61.04;51.60;0.110;NEUTRE;0;42.6;1;1
2026.04.15 09:00;158.772;158.930;158.711;158.893;26.53;8.39;20.99;47.32;50.66;0.060;NEUTRE;0;29.1;1;1
2026.04.15 08:00;158.927;158.932;158.641;158.772;24.01;9.68;24.22;46.43;58.56;-0.016;NEUTRE;0;-9.5;0;1
2026.04.15 07:00;159.018;159.023;158.881;158.925;21.11;11.17;15.26;58.24;66.75;0.081;NEUTRE;0;44.1;1;1
2026.04.15 06:00;158.956;159.021;158.858;159.018;21.98;12.68;17.61;71.01;74.43;0.139;NEUTRE;0;62.7;2;0
2026.04.15 05:00;158.981;158.994;158.907;158.956;22.85;14.63;15.70;71.00;77.63;0.100;NEUTRE;0;59.1;2;0
2026.04.15 04:00;158.981;159.007;158.948;158.981;25.82;16.88;10.86;81.29;79.42;0.116;NEUTRE;0;67.6;3;0
2026.04.15 03:00;159.034;159.045;158.952;158.982;26.46;19.47;11.49;80.61;69.93;0.117;NEUTRE;0;73;3;0
2026.04.15 02:00;158.905;159.060;158.881;159.034;26.56;22.47;13.26;76.36;60.15;0.149;NEUTRE;0;80.9;3;0
2026.04.15 01:00;158.812;158.974;158.812;158.905;26.68;18.53;15.29;52.82;52.71;0.068;NEUTRE;0;;;0
2026.04.15 00:00;158.797;158.880;158.734;158.812;29.31;12.46;17.65;51.27;55.35;0.009;NEUTRE;0;;;0
2026.04.14 23:00;158.836;158.879;158.766;158.797;31.17;14.38;16.99;54.04;58.90;-0.263;NEUTRE;0;-43.7;-1;0
2026.04.14 22:00;158.812;158.837;158.765;158.836;34.68;10.87;19.60;60.72;62.09;-0.239;NEUTRE;0;-42.3;-1;0
2026.04.14 21:00;158.791;158.836;158.775;158.812;35.61;12.54;20.48;61.92;60.95;-0.254;NEUTRE;0;-45.3;-2;0
2026.04.14 20:00;158.860;158.887;158.793;158.820;37.38;14.47;19.10;63.61;59.70;-0.249;NEUTRE;0;-46.2;-2;0
2026.04.14 19:00;158.810;158.904;158.795;158.861;41.01;16.70;21.71;57.31;61.59;-0.223;NEUTRE;0;-44.5;-1;1
2026.04.14 18:00;158.730;158.832;158.683;158.810;45.32;9.10;25.05;58.18;64.93;-0.255;NEUTRE;0;-49.8;-2;1
2026.04.14 17:00;158.833;158.888;158.697;158.731;45.11;10.50;27.45;69.27;64.72;-0.305;SOFT_DOWN;-1;-56.3;-2;1
2026.04.14 16:00;158.910;158.931;158.812;158.833;45.18;12.12;22.41;67.35;50.67;-0.241;NEUTRE;0;-51.6;-2;1
2026.04.14 15:00;158.742;158.915;158.742;158.910;47.54;11.92;25.86;57.55;34.79;-0.192;NEUTRE;0;-46.9;-2;1
2026.04.14 14:00;158.855;158.858;158.597;158.741;49.17;8.71;29.84;27.11;18.08;-0.298;SOFT_DOWN;-1;-60.7;-2;1
2026.04.14 13:00;158.710;158.894;158.672;158.855;48.30;10.05;30.01;19.69;14.17;-0.227;NEUTRE;0;-55.6;-2;1
2026.04.14 12:00;158.770;158.871;158.694;158.710;48.07;10.00;34.63;7.43;14.66;-0.318;SOFT_DOWN;-1;-65.7;-3;1
2026.04.14 11:00;158.821;158.830;158.702;158.769;46.97;7.97;39.95;15.38;23.11;-0.281;SOFT_DOWN;-1;-64.9;-2;1
2026.04.14 10:00;158.970;158.974;158.799;158.821;43.94;9.20;34.44;21.16;32.59;-0.248;NEUTRE;0;-64.3;-2;1
2026.04.14 09:00;159.063;159.089;158.848;158.970;41.80;10.62;35.43;32.79;42.45;-0.155;NEUTRE;0;-55.2;-2;1
2026.04.14 08:00;159.064;159.165;159.021;159.063;39.94;12.25;29.84;43.84;45.02;-0.096;NEUTRE;0;-45.1;-2;1
2026.04.14 07:00;159.153;159.165;158.944;159.063;39.65;14.14;34.43;50.73;37.82;-0.096;NEUTRE;0;-48.9;-2;1
2026.04.14 06:00;159.128;159.278;159.113;159.152;39.33;16.31;27.96;40.48;24.17;-0.040;NEUTRE;0;-29.1;-1;0
2026.04.14 05:00;159.024;159.153;158.956;159.128;41.33;7.16;32.27;22.23;17.47;-0.055;NEUTRE;0;-42.6;-1;0
2026.04.14 04:00;159.090;159.115;159.007;159.024;37.89;8.27;33.25;9.78;16.93;-0.121;NEUTRE;0;-68.4;-3;0
2026.04.14 03:00;159.139;159.163;159.072;159.090;34.46;9.54;29.10;20.40;19.54;-0.079;NEUTRE;0;-65.6;-3;0
2026.04.14 02:00;159.207;159.260;159.121;159.139;31.97;11.01;25.30;20.61;18.03;-0.048;NEUTRE;0;-63.5;-2;0
2026.04.14 01:00;159.161;159.225;159.080;159.207;30.83;8.83;29.19;17.60;19.49;-0.006;NEUTRE;0;;;0
2026.04.14 00:00;159.216;159.332;159.138;159.161;27.34;10.18;27.53;15.88;25.05;-0.035;NEUTRE;0;;;0
2026.04.13 23:00;159.365;159.374;159.202;159.216;24.47;11.75;26.69;25.00;28.60;-0.289;SOFT_DOWN;-1;-46.4;-2;0
2026.04.13 22:00;159.360;159.414;159.325;159.365;22.25;13.56;19.79;34.28;26.69;-0.195;NEUTRE;0;-36.5;-1;0
2026.04.13 21:00;159.361;159.444;159.316;159.358;22.80;15.64;22.83;26.51;19.38;-0.200;NEUTRE;0;-38.5;-1;0
2026.04.13 20:00;159.381;159.454;159.366;159.445;23.43;18.05;20.38;19.29;14.27;-0.145;NEUTRE;0;-31.2;-1;0
2026.04.13 19:00;159.323;159.389;159.285;159.381;26.10;9.46;23.52;12.34;17.75;-0.185;NEUTRE;0;-39.2;-1;1
2026.04.13 18:00;159.407;159.407;159.293;159.323;23.56;10.92;25.96;11.19;24.68;-0.222;NEUTRE;0;-45.9;-2;1
2026.04.13 17:00;159.521;159.532;159.357;159.407;20.91;12.60;21.31;29.73;30.78;-0.169;NEUTRE;0;-39.7;-1;1
2026.04.13 16:00;159.740;159.782;159.452;159.521;20.18;14.54;16.24;33.12;29.23;-0.098;NEUTRE;0;-27.1;-1;1
2026.04.13 15:00;159.567;159.750;159.567;159.740;22.43;16.77;13.38;29.49;35.40;0.039;NEUTRE;0;12.3;0;1
2026.04.13 14:00;159.545;159.657;159.504;159.565;24.15;11.62;15.43;25.08;51.19;-0.070;NEUTRE;0;-22.7;0;1
2026.04.13 13:00;159.738;159.797;159.543;159.545;25.69;13.41;13.89;51.63;72.37;-0.083;NEUTRE;0;-28.1;-1;1
2026.04.13 12:00;159.841;159.855;159.682;159.738;29.38;15.47;7.60;76.87;80.78;0.038;NEUTRE;0;14.8;0;1
2026.04.13 11:00;159.683;159.846;159.642;159.842;28.65;17.05;8.77;88.60;75.07;0.103;NEUTRE;0;38.1;1;1
2026.04.13 10:00;159.730;159.735;159.663;159.682;28.13;11.30;10.12;76.87;61.77;0.003;NEUTRE;0;1.4;0;1
2026.04.13 09:00;159.705;159.737;159.668;159.730;31.61;13.04;10.61;59.74;47.25;0.033;NEUTRE;0;17;0;1
2026.04.13 08:00;159.601;159.717;159.561;159.705;34.90;10.59;12.24;48.68;40.38;0.018;NEUTRE;0;10.7;0;1
2026.04.13 07:00;159.673;159.718;159.599;159.601;39.15;12.21;10.38;33.33;31.79;-0.048;NEUTRE;0;-29.8;-1;1
2026.04.13 06:00;159.674;159.728;159.555;159.673;43.92;14.09;11.98;39.13;31.88;-0.003;NEUTRE;0;-2.4;0;0
2026.04.13 05:00;159.721;159.746;159.667;159.674;49.43;16.26;3.86;22.91;32.52;-0.002;NEUTRE;0;-1.9;0;0
2026.04.13 04:00;159.679;159.770;159.665;159.721;47.55;18.76;4.46;33.59;45.58;0.028;NEUTRE;0;30.3;1;0
2026.04.13 03:00;159.709;159.746;159.674;159.679;45.39;18.13;5.14;41.05;57.11;0.001;NEUTRE;0;1.6;0;0
2026.04.13 02:00;159.683;159.751;159.659;159.707;43.78;20.92;5.93;62.12;70.09;0.019;NEUTRE;0;38.5;1;0
2026.04.13 01:00;159.701;159.778;159.653;159.683;41.93;24.14;6.84;68.18;77.97;0.004;NEUTRE;0;;;0
2026.04.13 00:00;159.677;159.842;159.665;159.702;39.79;27.86;6.42;79.97;85.57;0.016;NEUTRE;0;;;0
2026.04.12 23:00;159.803;159.851;159.650;159.676;36.29;32.14;7.41;85.77;87.68;0.102;NEUTRE;0;20.3;0;0
2026.04.12 22:00;159.583;159.838;159.583;159.802;32.25;36.09;8.55;90.98;85.07;0.181;NEUTRE;0;34.5;1;0
2026.04.12 21:00;159.514;159.595;159.499;159.584;27.72;26.99;9.86;86.30;82.07;0.044;NEUTRE;0;9.9;0;0
2026.04.10 20:00;159.298;159.315;159.254;159.294;24.84;16.83;11.38;77.94;80.27;0.130;NEUTRE;0;28.5;1;0
2026.04.10 19:00;159.276;159.308;159.264;159.298;25.69;19.42;10.61;81.96;83.00;0.133;NEUTRE;0;30.3;1;1
2026.04.10 18:00;159.292;159.338;159.235;159.277;25.13;22.40;12.24;80.91;81.47;0.119;NEUTRE;0;28.9;1;1
2026.04.10 17:00;159.263;159.305;159.239;159.292;24.48;20.92;14.12;86.13;78.03;0.129;NEUTRE;0;32.4;1;1
2026.04.10 16:00;159.223;159.346;159.212;159.263;25.26;24.14;16.30;77.38;68.94;0.111;NEUTRE;0;30.1;1;1
2026.04.10 15:00;159.121;159.231;159.030;159.223;26.16;14.65;18.80;70.59;59.99;0.085;NEUTRE;0;25.4;1;1
2026.04.10 14:00;159.164;159.239;159.089;159.121;28.28;16.90;17.18;58.86;47.89;0.021;NEUTRE;0;7.1;0;1
2026.04.10 13:00;159.150;159.200;159.066;159.169;32.50;15.51;19.82;50.52;33.79;0.052;NEUTRE;0;18.5;0;1
2026.04.10 12:00;159.173;159.184;158.899;159.151;35.62;16.05;22.87;34.30;31.27;0.040;NEUTRE;0;15.6;0;1
2026.04.10 11:00;159.194;159.237;159.157;159.173;38.41;18.52;12.46;16.55;42.72;0.054;NEUTRE;0;22.3;0;1
2026.04.10 10:00;159.241;159.288;159.177;159.194;41.31;21.37;10.54;42.97;63.37;0.067;NEUTRE;0;29.3;1;1
2026.04.10 09:00;159.314;159.326;159.180;159.241;42.44;24.66;11.74;68.62;76.77;0.097;NEUTRE;0;42;1;1
2026.04.10 08:00;159.336;159.347;159.240;159.314;43.50;28.46;7.22;78.53;80.40;0.143;NEUTRE;0;56.2;2;1
2026.04.10 07:00;159.276;159.337;159.189;159.336;41.04;31.39;8.34;83.16;78.92;0.157;NEUTRE;0;61.9;2;1
2026.04.10 06:00;159.251;159.370;159.199;159.276;38.43;36.22;8.58;79.51;73.22;0.119;NEUTRE;0;58.9;2;0
2026.04.10 05:00;159.181;159.267;159.179;159.251;34.85;32.53;9.90;74.08;63.83;0.103;NEUTRE;0;59.9;2;0
2026.04.10 04:00;159.134;159.210;159.121;159.181;32.00;27.57;11.42;66.06;59.78;0.059;NEUTRE;0;51;2;0
2026.04.10 03:00;159.155;159.171;159.112;159.134;30.55;25.07;13.18;51.34;59.01;0.030;NEUTRE;0;39.9;1;0
2026.04.10 02:00;159.025;159.187;159.020;159.155;30.47;28.93;15.21;61.95;70.07;0.043;NEUTRE;0;60.9;2;0
2026.04.10 01:00;159.182;159.225;159.020;159.025;30.38;33.38;17.55;63.73;75.23;-0.039;NEUTRE;0;;;0
2026.04.10 00:00;159.087;159.238;159.087;159.182;30.27;38.51;15.22;84.52;79.26;0.060;NEUTRE;0;;;0
2026.04.09 23:00;159.084;159.122;159.043;159.087;28.25;32.62;17.56;77.42;74.55;0.277;SOFT_UP;1;45.2;2;0
2026.04.09 22:00;158.977;159.097;158.955;159.084;27.98;32.77;20.26;75.83;70.85;0.275;SOFT_UP;1;46.3;2;0
2026.04.09 21:00;158.917;158.985;158.917;158.977;28.65;25.68;23.38;70.38;61.88;0.207;NEUTRE;0;39.5;1;0
2026.04.09 20:00;159.088;159.127;158.998;159.000;32.34;29.63;11.96;66.34;49.23;0.222;NEUTRE;0;42.9;1;0
2026.04.09 19:00;159.006;159.092;158.968;159.088;30.78;30.01;13.80;48.93;32.77;0.277;SOFT_UP;1;50.6;2;1
2026.04.09 18:00;158.761;159.020;158.760;159.005;29.82;25.70;15.92;32.43;27.74;0.225;NEUTRE;0;46.3;2;1
2026.04.09 17:00;158.758;158.789;158.672;158.761;30.80;15.98;18.37;16.95;35.35;0.071;NEUTRE;0;19.3;0;1
2026.04.09 16:00;158.868;158.896;158.625;158.758;34.47;18.44;21.20;33.83;56.02;0.069;NEUTRE;0;19.8;0;1
2026.04.09 15:00;159.183;159.292;158.860;158.868;38.70;21.28;11.12;55.25;64.66;0.139;NEUTRE;0;37.8;1;1
2026.04.09 14:00;159.078;159.238;158.987;159.183;39.83;24.55;8.31;78.98;67.16;0.337;SOFT_UP;1;63.6;2;1
2026.04.09 13:00;158.995;159.093;158.886;159.079;38.35;19.44;9.58;59.73;62.84;0.272;SOFT_UP;1;60.3;2;1
2026.04.09 12:00;158.890;159.111;158.852;158.996;39.02;22.43;11.06;62.76;69.08;0.219;NEUTRE;0;56.8;2;1
2026.04.09 11:00;159.078;159.083;158.833;158.890;39.80;24.22;12.76;66.02;74.91;0.153;NEUTRE;0;49.3;2;1
2026.04.09 10:00;158.983;159.077;158.951;159.076;41.15;27.94;7.46;78.45;78.26;0.270;SOFT_UP;1;66.1;3;1
2026.04.09 09:00;158.998;159.053;158.933;158.982;38.58;29.31;8.61;80.25;76.14;0.211;NEUTRE;0;63;2;1
2026.04.09 08:00;158.966;159.105;158.906;158.998;36.12;33.82;9.93;76.06;65.79;0.221;NEUTRE;0;66.6;3;1
2026.04.09 07:00;158.779;158.971;158.762;158.966;33.28;28.66;11.46;72.11;56.92;0.200;NEUTRE;0;67.3;3;1
2026.04.09 06:00;158.842;158.926;158.766;158.779;31.80;29.76;13.22;49.19;47.65;0.083;NEUTRE;0;49.2;2;0
2026.04.09 05:00;158.730;158.859;158.711;158.842;30.77;27.90;15.26;49.47;50.69;0.122;NEUTRE;0;63.9;2;0
2026.04.09 04:00;158.749;158.750;158.640;158.730;31.00;20.86;17.60;44.30;58.45;0.052;NEUTRE;0;47.4;2;0
2026.04.09 03:00;158.714;158.802;158.687;158.750;34.47;24.07;13.74;58.31;69.60;0.064;NEUTRE;0;60.7;2;0
2026.04.09 02:00;158.823;158.853;158.701;158.714;35.56;27.77;13.98;72.73;72.62;0.042;NEUTRE;0;60.3;2;0
2026.04.09 01:00;158.852;158.948;158.786;158.823;35.95;32.05;7.53;77.76;63.66;0.110;NEUTRE;0;;;0
2026.04.09 00:00;158.648;158.866;158.615;158.853;31.95;29.19;8.68;67.37;52.39;0.129;NEUTRE;0;;;0
2026.04.08 23:00;158.563;158.676;158.556;158.648;28.54;22.03;10.02;45.85;45.56;-0.043;NEUTRE;0;-8.9;0;0
2026.04.08 22:00;158.551;158.579;158.506;158.563;27.16;12.99;11.56;43.97;53.10;-0.097;NEUTRE;0;-20.2;0;0
2026.04.08 21:00;158.508;158.649;158.446;158.526;30.45;14.99;13.34;46.86;65.43;-0.120;NEUTRE;0;-25.5;-1;0
2026.04.08 20:00;158.533;158.625;158.515;158.572;34.24;17.29;10.16;68.48;80.39;-0.091;NEUTRE;0;-20.8;0;0
2026.04.08 19:00;158.737;158.792;158.496;158.534;35.52;19.95;11.73;80.96;86.54;-0.115;NEUTRE;0;-26.8;-1;1
2026.04.08 18:00;158.455;158.741;158.375;158.732;36.99;20.37;13.53;91.75;85.11;0.009;NEUTRE;0;2.4;0;1
2026.04.08 17:00;158.415;158.518;158.383;158.454;39.58;14.13;15.61;86.92;77.02;-0.166;NEUTRE;0;-39.2;-1;1
2026.04.08 16:00;158.381;158.491;158.350;158.415;44.90;13.23;18.02;76.67;63.06;-0.190;NEUTRE;0;-44.8;-1;1
2026.04.08 15:00;158.276;158.462;158.251;158.381;49.44;12.10;20.79;67.47;49.47;-0.212;NEUTRE;0;-49.8;-2;1
2026.04.08 14:00;158.272;158.415;158.179;158.276;52.98;10.53;23.99;45.05;40.10;-0.278;SOFT_DOWN;-1;-58.9;-2;1
2026.04.08 13:00;158.011;158.321;157.883;158.272;55.14;6.02;27.68;35.88;48.73;-0.280;SOFT_DOWN;-1;-61;-2;1
2026.04.08 12:00;158.248;158.321;157.943;158.011;53.74;6.95;29.83;39.39;64.60;-0.445;SOFT_DOWN;-1;-72.1;-3;1
2026.04.08 11:00;158.430;158.482;158.215;158.248;52.44;8.02;23.35;70.92;75.29;-0.295;SOFT_DOWN;-1;-66;-3;1
2026.04.08 10:00;158.487;158.532;158.380;158.429;52.98;9.25;17.43;83.50;67.05;-0.181;NEUTRE;0;-56.5;-2;1
2026.04.08 09:00;158.368;158.492;158.272;158.485;56.42;6.63;20.11;71.45;49.04;-0.146;NEUTRE;0;-53.6;-2;1
2026.04.08 08:00;158.211;158.484;158.119;158.368;57.34;7.09;23.21;46.19;32.32;-0.220;NEUTRE;0;-66.5;-3;1
2026.04.08 07:00;158.196;158.361;158.109;158.211;57.98;3.00;26.78;29.47;23.49;-0.319;SOFT_DOWN;-1;-75.3;-3;1
2026.04.08 06:00;158.275;158.371;158.046;158.196;54.61;3.46;30.90;21.28;18.19;-0.328;SOFT_DOWN;-1;-77.7;-3;0
2026.04.08 05:00;158.350;158.425;158.147;158.275;50.73;3.99;30.87;19.70;14.51;-0.278;SOFT_DOWN;-1;-77.9;-3;0
2026.04.08 04:00;158.443;158.457;158.338;158.350;46.67;4.60;25.05;13.59;10.88;-0.231;NEUTRE;0;-78.3;-3;0
2026.04.08 03:00;158.429;158.458;158.346;158.443;43.24;5.31;27.87;10.25;9.24;-0.173;NEUTRE;0;-78.3;-3;0
2026.04.08 02:00;158.403;158.575;158.290;158.429;39.43;6.13;32.16;8.80;9.09;-0.181;NEUTRE;0;-82.5;-3;0
2026.04.08 01:00;158.687;158.709;158.339;158.402;35.04;7.07;34.46;8.66;9.12;-0.198;NEUTRE;0;;;0
2026.04.08 00:00;158.717;158.787;158.540;158.687;30.28;8.16;31.40;9.81;10.45;-0.019;NEUTRE;0;;;0
2026.04.07 23:00;158.920;158.962;158.597;158.717;25.90;9.41;32.68;8.89;12.24;-0.609;STRONG_DOWN;-2;-65.7;-3;0
2026.04.07 22:00;159.556;159.711;158.846;158.918;21.38;10.86;27.21;12.64;17.21;-0.483;SOFT_DOWN;-1;-61.4;-2;0
2026.04.07 21:00;159.557;159.651;159.506;159.552;18.06;12.53;19.66;15.18;20.56;-0.086;NEUTRE;0;-18.9;0;0
2026.04.07 20:00;159.579;159.684;159.501;159.620;17.43;14.46;22.69;23.81;29.61;-0.043;NEUTRE;0;-10.2;0;0
2026.04.07 19:00;159.837;159.863;159.539;159.579;16.70;16.68;22.98;22.69;37.50;-0.069;NEUTRE;0;-16.9;0;1
2026.04.07 18:00;159.778;159.862;159.694;159.836;16.83;19.25;19.16;42.34;54.29;0.092;NEUTRE;0;23.1;0;1
2026.04.07 17:00;159.901;159.950;159.702;159.778;19.38;22.21;21.38;47.47;69.06;0.056;NEUTRE;0;15.4;0;1
2026.04.07 16:00;159.893;159.905;159.791;159.901;22.07;25.63;19.14;73.05;83.48;0.133;NEUTRE;0;34.8;1;1
2026.04.07 15:00;159.951;160.024;159.862;159.894;23.24;29.57;12.51;86.65;88.49;0.128;NEUTRE;0;35.5;1;1
2026.04.07 14:00;159.883;159.959;159.774;159.949;20.57;27.95;14.43;90.75;86.48;0.163;NEUTRE;0;44.2;1;1
2026.04.07 13:00;159.776;159.888;159.719;159.883;18.83;26.34;16.65;88.07;79.08;0.121;NEUTRE;0;37.9;1;1
2026.04.07 12:00;159.826;159.870;159.710;159.776;18.26;28.76;19.21;80.62;63.18;0.054;NEUTRE;0;20.6;0;1
2026.04.07 11:00;159.780;159.859;159.763;159.826;18.00;33.18;17.07;68.53;47.19;0.086;NEUTRE;0;33.2;1;1
2026.04.07 10:00;159.631;159.788;159.611;159.780;15.84;26.91;19.70;40.38;33.48;0.057;NEUTRE;0;25.5;1;1
2026.04.07 09:00;159.485;159.632;159.464;159.631;15.90;17.49;22.73;32.65;34.39;-0.036;NEUTRE;0;-18.5;0;1
2026.04.07 08:00;159.861;159.862;159.476;159.486;16.34;20.18;25.13;27.42;31.92;-0.127;NEUTRE;0;-53;-2;1
2026.04.07 07:00;159.779;159.875;159.771;159.860;17.18;23.28;17.23;43.11;35.75;0.107;NEUTRE;0;52;2;1
2026.04.07 06:00;159.767;159.811;159.730;159.780;17.52;17.40;19.88;25.23;41.61;0.057;NEUTRE;0;38.5;1;0
2026.04.07 05:00;159.734;159.814;159.720;159.767;19.19;20.08;22.94;38.91;59.94;0.049;NEUTRE;0;39.3;1;0
2026.04.07 04:00;159.829;159.829;159.725;159.733;21.12;23.16;25.65;60.70;76.59;0.028;NEUTRE;0;30.3;1;0
2026.04.07 03:00;159.867;159.881;159.816;159.829;23.58;26.73;16.14;80.20;85.53;0.088;NEUTRE;0;67.8;3;0
2026.04.07 02:00;159.879;159.926;159.843;159.867;23.41;30.84;12.23;88.88;83.17;0.111;NEUTRE;0;77.8;3;0
2026.04.07 01:00;159.824;159.918;159.782;159.879;20.36;34.10;14.11;87.50;70.64;0.119;NEUTRE;0;;;0
2026.04.07 00:00;159.689;159.837;159.672;159.826;17.12;30.18;16.29;73.14;56.43;0.086;NEUTRE;0;;;0
2026.04.06 23:00;159.667;159.704;159.651;159.689;15.15;22.43;18.79;51.26;47.29;-0.054;NEUTRE;0;-11.1;0;0
2026.04.06 22:00;159.669;159.669;159.567;159.668;16.13;15.72;21.68;44.89;50.10;-0.068;NEUTRE;0;-14.5;0;0
2026.04.06 21:00;159.669;159.738;159.594;159.669;16.15;18.14;20.95;45.71;60.21;-0.067;NEUTRE;0;-14.9;0;0
2026.04.06 20:00;159.690;159.708;159.667;159.687;17.53;20.93;16.37;59.71;71.15;-0.056;NEUTRE;0;-13.2;0;0
2026.04.06 19:00;159.681;159.730;159.648;159.690;18.35;24.15;18.89;75.22;78.21;-0.054;NEUTRE;0;-13.4;0;1
2026.04.06 18:00;159.768;159.785;159.588;159.681;19.29;27.86;21.79;78.52;80.36;-0.059;NEUTRE;0;-15.3;0;1
2026.04.06 17:00;159.673;159.792;159.673;159.768;20.38;32.15;18.51;80.89;81.37;-0.005;NEUTRE;0;-1.4;0;1
2026.04.06 16:00;159.704;159.708;159.617;159.675;19.38;26.23;21.35;81.67;77.18;-0.063;NEUTRE;0;-18.2;0;1
2026.04.06 15:00;159.705;159.797;159.700;159.704;20.78;30.27;10.61;81.56;68.20;-0.045;NEUTRE;0;-14.1;0;1
2026.04.06 14:00;159.470;159.714;159.396;159.705;16.58;21.76;12.24;68.31;56.65;-0.044;NEUTRE;0;-14.7;0;1
2026.04.06 13:00;159.402;159.499;159.390;159.496;14.82;14.71;14.12;54.74;48.66;-0.175;NEUTRE;0;-48.4;-2;1
2026.04.06 12:00;159.555;159.565;159.362;159.402;16.79;16.97;16.30;46.90;40.51;-0.234;NEUTRE;0;-58.5;-2;1
2026.04.06 11:00;159.456;159.583;159.452;159.553;19.06;19.58;11.98;44.33;32.05;-0.140;NEUTRE;0;-46.8;-2;1
2026.04.06 10:00;159.428;159.557;159.410;159.456;18.29;19.54;13.82;30.30;24.72;-0.200;NEUTRE;0;-59.1;-2;1
2026.04.06 09:00;159.382;159.463;159.345;159.428;18.46;12.71;15.95;21.53;22.20;-0.218;NEUTRE;0;-63.7;-2;1
2026.04.06 08:00;159.383;159.434;159.299;159.382;19.56;10.88;18.41;22.32;23.70;-0.247;NEUTRE;0;-68.8;-3;1
2026.04.06 07:00;159.607;159.705;159.342;159.383;18.62;12.55;16.34;22.75;23.99;-0.246;NEUTRE;0;-71.2;-3;1
2026.04.06 06:00;159.567;159.650;159.538;159.607;19.47;14.49;10.54;26.03;24.83;-0.106;NEUTRE;0;-55.9;-2;0
2026.04.06 05:00;159.566;159.579;159.547;159.567;20.04;6.96;12.17;23.18;30.08;-0.131;NEUTRE;0;-65.5;-3;0
2026.04.06 04:00;159.620;159.627;159.541;159.566;18.94;8.03;14.04;25.29;41.24;-0.131;NEUTRE;0;-69.9;-3;0
2026.04.06 03:00;159.552;159.635;159.529;159.621;17.67;9.27;16.20;41.76;58.27;-0.097;NEUTRE;0;-69.7;-3;0
2026.04.06 02:00;159.686;159.686;159.523;159.552;16.21;10.70;18.69;56.68;70.09;-0.140;NEUTRE;0;-80.3;-3;0
2026.04.06 01:00;159.735;159.740;159.612;159.686;14.51;12.34;13.16;76.37;74.05;-0.056;NEUTRE;0;;;0
2026.04.06 00:00;159.776;159.800;159.655;159.744;16.25;14.24;10.18;77.21;68.01;-0.020;NEUTRE;0;;;0
2026.04.05 23:00;159.671;159.827;159.605;159.776;16.19;16.43;11.74;68.56;61.21;0.115;NEUTRE;0;22.7;0;0
2026.04.05 22:00;159.607;159.795;159.451;159.671;16.12;16.74;13.55;58.25;62.44;0.049;NEUTRE;0;10.6;0;0
2026.04.05 21:00;159.593;159.770;159.439;159.607;16.98;18.20;15.63;56.82;72.04;0.009;NEUTRE;0;2.1;0;0
2026.04.03 20:00;159.635;159.681;159.441;159.581;18.43;16.86;18.04;72.25;76.03;0.057;NEUTRE;0;13.4;0;0
2026.04.03 19:00;159.647;159.660;159.634;159.635;20.74;19.45;8.44;87.05;70.43;0.091;NEUTRE;0;21.8;0;1
2026.04.03 18:00;159.630;159.663;159.624;159.647;17.86;22.45;9.74;68.78;55.43;0.098;NEUTRE;0;24.5;0;1
2026.04.03 17:00;159.629;159.642;159.626;159.629;14.54;17.62;11.24;55.47;42.59;0.087;NEUTRE;0;23.2;0;1
2026.04.03 16:00;159.636;159.641;159.623;159.629;13.37;19.37;12.97;42.02;32.28;0.087;NEUTRE;0;24.5;0;1
2026.04.03 15:00;159.589;159.640;159.560;159.636;12.39;21.49;14.96;30.27;24.86;0.092;NEUTRE;0;27.2;1;1
2026.04.03 14:00;159.514;159.595;159.487;159.589;11.54;16.14;17.26;24.54;24.70;0.062;NEUTRE;0;20.3;0;1
2026.04.03 13:00;159.614;159.627;159.481;159.514;12.79;18.63;19.92;19.77;26.51;0.015;NEUTRE;0;5.5;0;1
2026.04.03 12:00;159.554;159.807;159.526;159.614;14.25;21.49;18.24;29.77;32.40;0.078;NEUTRE;0;28.5;1;1
2026.04.03 11:00;159.591;159.591;159.536;159.554;15.18;12.97;21.05;30.00;34.38;0.040;NEUTRE;0;16.9;0;1
2026.04.03 10:00;159.590;159.607;159.560;159.591;13.86;14.97;17.58;37.44;38.79;0.063;NEUTRE;0;27.8;1;1
2026.04.03 09:00;159.604;159.613;159.577;159.590;14.76;17.27;14.72;35.68;42.94;0.063;NEUTRE;0;30.3;1;1
2026.04.03 08:00;159.581;159.632;159.566;159.604;15.81;19.93;16.98;43.24;52.09;0.071;NEUTRE;0;36.6;1;1
2026.04.03 07:00;159.632;159.632;159.541;159.581;17.01;23.00;19.59;49.90;58.12;0.057;NEUTRE;0;34.3;1;1
2026.04.03 06:00;159.647;159.688;159.585;159.631;18.39;26.53;15.17;63.13;64.41;0.088;NEUTRE;0;50.8;2;0
2026.04.03 05:00;159.620;159.652;159.599;159.647;17.03;25.24;17.50;61.32;69.20;0.098;NEUTRE;0;58.6;2;0
2026.04.03 04:00;159.577;159.627;159.536;159.619;16.87;21.86;20.19;68.78;76.63;0.081;NEUTRE;0;59.4;2;0
2026.04.03 03:00;159.668;159.691;159.569;159.577;18.85;25.23;17.72;77.51;73.52;0.055;NEUTRE;0;56.9;2;0
2026.04.03 02:00;159.643;159.710;159.609;159.668;19.06;29.11;15.40;83.60;58.13;0.112;NEUTRE;0;77.9;3;0
2026.04.03 01:00;159.593;159.645;159.544;159.643;17.26;23.69;17.77;59.46;35.97;0.096;NEUTRE;0;;;0
2026.04.03 00:00;159.490;159.624;159.426;159.594;17.72;24.13;20.51;31.34;30.52;0.065;NEUTRE;0;;;0
2026.04.02 23:00;159.529;159.530;159.482;159.490;19.19;20.54;23.66;17.13;42.64;0.491;SOFT_UP;1;60.7;2;0
2026.04.02 22:00;159.559;159.600;159.506;159.529;21.06;23.70;19.61;43.09;63.07;0.516;SOFT_UP;1;63;2;0
2026.04.02 21:00;159.530;159.575;159.495;159.562;22.84;23.25;22.63;67.72;76.15;0.537;SOFT_UP;1;64.9;2;0
2026.04.02 20:00;159.658;159.673;159.551;159.580;26.15;26.83;15.97;78.41;77.87;0.548;SOFT_UP;1;66.4;3;0
2026.04.02 19:00;159.627;159.677;159.536;159.658;26.27;30.96;18.43;82.33;69.11;0.597;STRONG_UP;2;69.2;3;1
2026.04.02 18:00;159.589;159.723;159.577;159.627;26.40;35.72;16.79;72.87;53.12;0.578;STRONG_UP;2;69.6;3;1
2026.04.02 17:00;159.509;159.609;159.492;159.589;24.92;29.21;19.37;52.14;35.09;0.554;SOFT_UP;1;69.8;3;1
2026.04.02 16:00;159.339;159.508;159.307;159.507;25.64;20.42;22.35;34.36;25.07;0.502;SOFT_UP;1;69.1;3;1
2026.04.02 15:00;159.358;159.381;159.227;159.339;28.89;13.84;25.79;18.75;30.32;0.396;SOFT_UP;1;65.6;3;1
2026.04.02 14:00;159.463;159.500;159.238;159.358;28.69;15.97;28.66;22.09;50.87;0.408;SOFT_UP;1;67.7;3;1
2026.04.02 13:00;159.627;159.684;159.451;159.463;28.73;18.43;20.56;50.12;70.21;0.474;SOFT_UP;1;71.8;3;1
2026.04.02 12:00;159.699;159.704;159.558;159.627;32.31;21.26;16.66;80.40;80.58;0.578;STRONG_UP;2;76.1;3;1
2026.04.02 11:00;159.680;159.739;159.670;159.699;35.41;24.53;7.42;80.11;78.28;0.623;STRONG_UP;2;78.1;3;1
2026.04.02 10:00;159.561;159.695;159.541;159.680;32.62;18.49;8.56;81.22;77.11;0.611;STRONG_UP;2;78.9;3;1
2026.04.02 09:00;159.676;159.723;159.563;159.563;32.00;21.34;7.68;73.50;77.80;0.537;SOFT_UP;1;78.7;3;1
2026.04.02 08:00;159.573;159.701;159.547;159.676;29.68;22.51;8.87;76.60;82.45;0.609;STRONG_UP;2;81.1;3;1
2026.04.02 07:00;159.381;159.710;159.367;159.573;27.56;25.97;10.23;83.29;86.84;0.544;SOFT_UP;1;81.3;3;1
2026.04.02 06:00;159.437;159.461;159.298;159.380;25.11;18.80;11.81;87.45;88.84;0.422;SOFT_UP;1;80.4;3;0
2026.04.02 05:00;159.340;159.440;159.334;159.437;25.46;21.69;10.22;89.80;90.87;0.458;SOFT_UP;1;82.6;3;0
2026.04.02 04:00;159.365;159.427;159.329;159.340;23.85;23.14;11.80;89.27;89.40;0.397;SOFT_UP;1;83.1;3;0
2026.04.02 03:00;159.416;159.441;159.307;159.364;22.52;26.70;13.61;93.55;82.48;0.412;SOFT_UP;1;85;3;0
2026.04.02 02:00;159.280;159.472;159.172;159.416;20.99;30.80;15.71;85.36;60.80;0.445;SOFT_UP;1;86.9;3;0
2026.04.02 01:00;158.664;159.282;158.604;159.278;19.23;25.80;18.12;68.53;44.23;0.358;SOFT_UP;1;;;0
2026.04.02 00:00;158.710;158.760;158.577;158.664;19.50;17.92;20.91;28.51;36.61;-0.029;NEUTRE;0;;;0
2026.04.01 23:00;158.607;158.711;158.540;158.710;21.31;16.56;24.13;35.66;50.58;0.080;NEUTRE;0;16.2;0;0
2026.04.01 22:00;158.698;158.733;158.580;158.607;21.73;19.11;24.24;45.66;67.11;0.015;NEUTRE;0;3.3;0;0
2026.04.01 21:00;158.767;158.819;158.588;158.697;23.26;22.05;27.16;70.42;82.41;0.072;NEUTRE;0;16;0;0
2026.04.01 20:00;158.891;158.902;158.750;158.784;25.24;25.44;20.55;85.25;85.10;0.127;NEUTRE;0;28;1;0
2026.04.01 19:00;158.846;158.942;158.838;158.891;27.48;29.36;14.81;91.56;79.63;0.194;NEUTRE;0;40.5;1;1
2026.04.01 18:00;158.707;158.858;158.688;158.847;26.65;21.45;17.09;78.50;67.29;0.166;NEUTRE;0;37.6;1;1
2026.04.01 17:00;158.550;158.718;158.444;158.707;29.00;12.08;19.72;68.83;60.50;0.078;NEUTRE;0;21;0;1
2026.04.01 16:00;158.626;158.725;158.542;158.550;29.77;13.94;17.25;54.55;53.25;-0.021;NEUTRE;0;-6.3;0;1
2026.04.01 15:00;158.480;158.692;158.403;158.626;32.72;13.31;19.90;58.13;47.26;0.027;NEUTRE;0;8.6;0;1
2026.04.01 14:00;158.650;158.759;158.461;158.482;34.69;15.35;19.87;47.06;38.14;-0.064;NEUTRE;0;-20.9;0;1
2026.04.01 13:00;158.525;158.669;158.453;158.604;38.06;13.07;22.93;36.58;36.23;0.013;NEUTRE;0;4.8;0;1
2026.04.01 12:00;158.342;158.566;158.305;158.525;39.70;7.74;26.46;30.80;41.44;-0.037;NEUTRE;0;-14.5;0;1
2026.04.01 11:00;158.515;158.543;158.341;158.343;37.39;8.93;28.41;41.32;52.37;-0.151;NEUTRE;0;-48.9;-2;1
2026.04.01 10:00;158.709;158.728;158.512;158.515;35.11;10.31;19.75;52.20;52.65;-0.043;NEUTRE;0;-19.8;0;1
2026.04.01 09:00;158.577;158.768;158.480;158.708;35.68;11.89;22.79;63.59;47.05;0.079;NEUTRE;0;36.3;1;1
2026.04.01 08:00;158.777;158.867;158.419;158.577;36.34;13.72;26.30;42.16;34.83;-0.004;NEUTRE;0;-2.4;0;1
2026.04.01 07:00;158.303;158.788;158.268;158.773;37.09;13.12;30.35;35.39;38.66;0.120;NEUTRE;0;55.1;2;1
2026.04.01 06:00;158.674;158.682;158.286;158.303;36.70;12.00;35.01;26.94;46.91;-0.177;NEUTRE;0;-67.9;-3;0
2026.04.01 05:00;158.779;158.914;158.613;158.674;34.82;13.85;27.70;53.65;57.43;0.057;NEUTRE;0;43.6;1;0
2026.04.01 04:00;158.857;158.931;158.777;158.779;35.05;15.98;23.58;60.13;59.65;0.124;NEUTRE;0;68.9;3;0
2026.04.01 03:00;158.721;158.858;158.582;158.856;37.49;11.15;27.20;58.53;55.56;0.172;NEUTRE;0;78.2;3;0
2026.04.01 02:00;158.752;158.784;158.657;158.721;36.82;12.86;27.21;60.29;48.40;0.087;NEUTRE;0;74.6;3;0
2026.04.01 01:00;158.782;159.009;158.731;158.752;36.98;14.84;22.43;47.88;32.92;0.107;NEUTRE;0;;;0
2026.04.01 00:00;158.583;158.837;158.448;158.782;39.53;7.61;25.88;37.02;22.17;0.125;NEUTRE;0;;;0
2026.03.31 23:00;158.727;158.775;158.556;158.583;37.22;8.78;25.59;13.88;13.28;-0.786;STRONG_DOWN;-2;-70.7;-3;0
2026.03.31 22:00;158.713;158.814;158.701;158.727;35.42;10.13;19.34;15.63;13.06;-0.696;STRONG_DOWN;-2;-69.3;-3;0
2026.03.31 21:00;158.726;158.819;158.661;158.713;36.06;11.69;22.32;10.34;14.43;-0.704;STRONG_DOWN;-2;-70.4;-3;0
2026.03.31 20:00;158.706;158.758;158.656;158.719;36.80;7.55;25.75;13.20;18.60;-0.701;STRONG_DOWN;-2;-71.2;-3;0
2026.03.31 19:00;158.877;158.995;158.681;158.706;34.05;8.71;25.94;19.73;21.61;-0.709;STRONG_DOWN;-2;-72.2;-3;1
2026.03.31 18:00;158.943;158.963;158.786;158.871;31.64;10.05;24.79;22.86;20.10;-0.606;STRONG_DOWN;-2;-70.4;-3;1
2026.03.31 17:00;158.950;158.955;158.743;158.943;30.00;10.90;28.60;22.23;15.95;-0.561;SOFT_DOWN;-1;-70.1;-3;1
2026.03.31 16:00;159.073;159.200;158.817;158.949;27.71;12.57;27.63;15.22;9.92;-0.557;SOFT_DOWN;-1;-71;-3;1
2026.03.31 15:00;159.095;159.118;158.894;159.074;26.21;11.21;31.88;10.42;6.81;-0.479;SOFT_DOWN;-1;-69.5;-3;1
2026.03.31 14:00;159.086;159.316;159.054;159.095;22.87;12.94;25.80;4.14;12.51;-0.465;SOFT_DOWN;-1;-70.2;-3;1
2026.03.31 13:00;159.361;159.440;159.071;159.087;21.28;14.93;28.77;5.88;26.16;-0.470;SOFT_DOWN;-1;-71.7;-3;1
2026.03.31 12:00;159.414;159.559;159.342;159.361;19.68;17.23;21.90;27.50;42.61;-0.299;SOFT_DOWN;-1;-64.4;-2;1
2026.03.31 11:00;159.730;159.758;159.359;159.415;20.87;19.88;24.06;45.10;48.79;-0.265;SOFT_DOWN;-1;-63.6;-2;1
2026.03.31 10:00;159.645;159.768;159.635;159.730;22.61;22.93;17.12;55.22;52.08;-0.068;NEUTRE;0;-29.6;-1;1
2026.03.31 09:00;159.572;159.671;159.507;159.644;23.86;15.24;19.76;46.05;50.00;-0.122;NEUTRE;0;-48.6;-2;1
2026.03.31 08:00;159.641;159.675;159.518;159.572;25.55;17.59;21.77;54.97;46.22;-0.167;NEUTRE;0;-60.2;-2;1
2026.03.31 07:00;159.721;159.783;159.621;159.641;27.85;20.29;15.02;48.99;35.79;-0.124;NEUTRE;0;-56;-2;1
2026.03.31 06:00;159.608;159.737;159.491;159.722;29.83;19.05;17.33;34.70;24.74;-0.073;NEUTRE;0;-45.5;-2;0
2026.03.31 05:00;159.619;159.631;159.479;159.608;33.70;15.35;20.00;23.68;21.15;-0.145;NEUTRE;0;-67.6;-3;0
2026.03.31 04:00;159.720;159.726;159.600;159.619;36.86;17.71;10.83;15.84;25.38;-0.138;NEUTRE;0;-70.9;-3;0
2026.03.31 03:00;159.600;159.740;159.592;159.720;38.82;20.43;12.50;23.93;42.05;-0.074;NEUTRE;0;-64.1;-2;0
2026.03.31 02:00;159.748;159.777;159.586;159.600;41.09;23.58;14.42;36.38;64.07;-0.150;NEUTRE;0;-80.9;-3;0
2026.03.31 01:00;159.876;159.967;159.662;159.748;43.70;27.21;10.52;65.85;84.12;-0.057;NEUTRE;0;;;0
2026.03.31 00:00;159.839;159.937;159.688;159.876;43.61;29.88;12.13;89.98;94.95;0.023;NEUTRE;0;;;0
2026.03.30 23:00;159.801;159.864;159.796;159.839;43.83;34.47;7.33;96.54;97.29;-0.243;NEUTRE;0;-41.5;-1;0
2026.03.30 22:00;159.750;159.806;159.714;159.800;40.58;26.66;8.46;98.34;96.88;-0.268;SOFT_DOWN;-1;-45.5;-2;0
2026.03.30 21:00;159.637;159.752;159.634;159.750;38.85;21.73;9.76;96.99;93.51;-0.299;SOFT_DOWN;-1;-50;-2;0
2026.03.30 20:00;159.690;159.737;159.634;159.728;38.98;23.11;11.26;95.29;83.81;-0.313;SOFT_DOWN;-1;-52.6;-2;0
2026.03.30 19:00;159.619;159.709;159.607;159.690;39.67;22.49;12.99;88.26;70.24;-0.336;SOFT_DOWN;-1;-55.9;-2;1
2026.03.30 18:00;159.564;159.635;159.448;159.620;41.65;14.78;14.99;67.88;57.67;-0.380;SOFT_DOWN;-1;-60.5;-2;1
2026.03.30 17:00;159.439;159.583;159.414;159.564;47.95;12.78;17.29;54.59;53.15;-0.415;SOFT_DOWN;-1;-63.9;-2;1
2026.03.30 16:00;159.477;159.505;159.406;159.439;53.02;7.65;19.96;50.53;47.19;-0.493;SOFT_DOWN;-1;-68.8;-3;1
2026.03.30 15:00;159.529;159.635;159.381;159.477;54.32;8.82;23.03;54.32;38.82;-0.469;SOFT_DOWN;-1;-69.1;-3;1
2026.03.30 14:00;159.522;159.613;159.492;159.529;55.82;10.18;19.84;36.70;27.36;-0.437;SOFT_DOWN;-1;-69;-3;1
2026.03.30 13:00;159.364;159.541;159.323;159.522;59.45;2.59;22.90;25.44;22.81;-0.441;SOFT_DOWN;-1;-70.6;-3;1
2026.03.30 12:00;159.511;159.559;159.335;159.366;56.34;2.99;25.57;19.95;23.67;-0.539;SOFT_DOWN;-1;-75.1;-3;1
2026.03.30 11:00;159.604;159.604;159.406;159.511;52.85;3.45;24.63;23.03;30.54;-0.448;SOFT_DOWN;-1;-73.6;-3;1
2026.03.30 10:00;159.595;159.641;159.483;159.604;49.38;3.98;22.44;28.03;40.88;-0.390;SOFT_DOWN;-1;-73;-3;1
2026.03.30 09:00;159.682;159.722;159.571;159.595;46.23;4.60;17.32;40.56;47.20;-0.396;SOFT_DOWN;-1;-74.8;-3;1
2026.03.30 08:00;159.771;159.806;159.580;159.682;44.41;5.30;19.07;54.06;43.94;-0.341;SOFT_DOWN;-1;-74.3;-3;1
2026.03.30 07:00;159.800;159.853;159.567;159.772;42.55;6.12;22.00;46.97;31.28;-0.285;SOFT_DOWN;-1;-73.6;-3;1
2026.03.30 06:00;159.724;159.832;159.606;159.799;40.40;7.06;23.29;30.80;20.25;-0.268;SOFT_DOWN;-1;-75;-3;0
2026.03.30 05:00;159.788;159.804;159.668;159.725;38.39;8.15;22.65;16.06;13.73;-0.315;SOFT_DOWN;-1;-79.3;-3;0
2026.03.30 04:00;159.783;159.793;159.650;159.788;37.05;8.15;26.14;13.87;11.49;-0.275;SOFT_DOWN;-1;-80.1;-3;0
2026.03.30 03:00;159.840;159.841;159.732;159.784;34.68;9.41;21.34;11.26;12.19;-0.278;SOFT_DOWN;-1;-82.6;-3;0
2026.03.30 02:00;159.925;159.983;159.751;159.840;34.05;10.86;21.94;9.34;20.79;-0.243;NEUTRE;0;-84.4;-3;0
2026.03.30 01:00;159.876;159.994;159.837;159.925;34.09;12.53;19.61;15.96;36.22;-0.190;NEUTRE;0;;;0
2026.03.30 00:00;160.229;160.247;159.875;159.876;35.95;14.45;18.90;37.05;51.63;-0.220;NEUTRE;0;;;0
2026.03.29 23:00;160.404;160.441;160.224;160.230;39.43;16.68;7.38;55.65;57.83;0.051;NEUTRE;0;10.5;0;0
2026.03.29 22:00;160.186;160.456;160.186;160.404;39.55;19.24;8.51;62.20;62.04;0.159;NEUTRE;0;31.1;1;0
2026.03.29 21:00;160.149;160.388;160.065;160.186;39.68;18.33;9.82;55.64;66.86;0.023;NEUTRE;0;5.2;0;0
2026.03.27 20:00;160.145;160.326;160.102;160.272;41.13;18.20;11.33;68.27;75.24;0.346;SOFT_UP;1;55.3;2;0
2026.03.27 19:00;160.244;160.288;160.139;160.142;43.88;18.39;13.07;76.67;81.45;0.265;SOFT_UP;1;49.4;2;1
2026.03.27 18:00;160.335;160.390;160.241;160.245;48.04;21.22;4.55;80.77;83.45;0.329;SOFT_UP;1;56.8;2;1
2026.03.27 17:00;160.139;160.406;160.070;160.334;45.48;24.48;5.25;86.91;85.01;0.385;SOFT_UP;1;62.2;2;1
2026.03.27 16:00;160.163;160.294;160.064;160.139;42.53;23.12;6.06;82.68;77.86;0.263;NEUTRE;0;54;2;1
2026.03.27 15:00;159.894;160.168;159.696;160.162;40.08;18.25;6.99;85.44;70.01;0.277;SOFT_UP;1;57.1;2;1
2026.03.27 14:00;159.887;159.917;159.794;159.894;39.39;12.87;8.07;65.48;64.75;0.110;NEUTRE;0;33.3;1;1
2026.03.27 13:00;159.871;159.948;159.832;159.887;41.92;14.85;4.56;59.11;67.17;0.105;NEUTRE;0;34;1;1
2026.03.27 12:00;159.854;159.926;159.792;159.871;40.21;14.22;5.26;69.67;72.52;0.095;NEUTRE;0;33.5;1;1
2026.03.27 11:00;159.913;159.933;159.806;159.854;39.32;16.41;4.46;72.73;75.56;0.085;NEUTRE;0;32.9;1;1
2026.03.27 10:00;159.864;159.942;159.777;159.913;36.57;18.93;5.15;75.16;79.54;0.121;NEUTRE;0;45.3;2;1
2026.03.27 09:00;159.831;159.936;159.760;159.864;33.39;21.29;5.94;78.79;85.40;0.091;NEUTRE;0;40.2;1;1
2026.03.27 08:00;159.942;159.950;159.747;159.834;29.85;24.56;6.86;84.67;84.90;0.072;NEUTRE;0;37;1;1
2026.03.27 07:00;159.745;159.972;159.732;159.942;25.78;28.34;7.91;92.74;77.02;0.140;NEUTRE;0;59.1;2;1
2026.03.27 06:00;159.621;159.762;159.571;159.745;21.07;19.24;9.13;77.30;60.40;0.016;NEUTRE;0;12.6;0;0
2026.03.27 05:00;159.617;159.644;159.568;159.620;18.83;12.69;10.53;61.03;43.83;-0.062;NEUTRE;0;-46;-2;0
2026.03.27 04:00;159.611;159.640;159.549;159.617;20.30;13.83;12.15;42.87;32.75;-0.064;NEUTRE;0;-53.2;-2;0
2026.03.27 03:00;159.523;159.621;159.498;159.611;22.43;12.75;14.02;27.60;34.14;-0.068;NEUTRE;0;-62.2;-2;0
2026.03.27 02:00;159.476;159.580;159.452;159.522;25.15;9.58;16.18;27.79;45.05;-0.123;NEUTRE;0;-79;-3;0
2026.03.27 01:00;159.556;159.591;159.450;159.477;25.08;11.06;18.67;47.04;59.10;-0.152;NEUTRE;0;;;0
2026.03.27 00:00;159.719;159.761;159.484;159.557;25.00;12.76;17.83;60.32;67.02;-0.101;NEUTRE;0;;;0
2026.03.26 23:00;159.652;159.723;159.634;159.720;26.29;14.72;12.24;69.94;73.73;0.209;NEUTRE;0;37.2;1;0
2026.03.26 22:00;159.701;159.748;159.646;159.652;28.92;16.99;12.05;70.81;78.77;0.166;NEUTRE;0;32.3;1;0
2026.03.26 21:00;159.620;159.770;159.607;159.701;30.76;19.60;13.91;80.43;86.18;0.197;NEUTRE;0;38.1;1;0
2026.03.26 20:00;159.820;159.841;159.342;159.733;32.87;22.62;16.05;85.06;89.21;0.217;NEUTRE;0;42.2;1;0
2026.03.26 19:00;159.737;159.827;159.728;159.821;35.32;26.10;6.61;93.05;91.01;0.272;SOFT_UP;1;50.1;2;1
2026.03.26 18:00;159.758;159.798;159.712;159.737;31.58;25.61;7.63;89.54;84.13;0.220;NEUTRE;0;45.6;2;1
2026.03.26 17:00;159.656;159.761;159.629;159.758;28.12;22.93;8.80;90.44;73.08;0.233;NEUTRE;0;48.9;2;1
2026.03.26 16:00;159.650;159.694;159.613;159.656;25.60;18.65;10.16;72.42;61.07;0.169;NEUTRE;0;41.5;1;1
2026.03.26 15:00;159.547;159.689;159.527;159.649;25.01;20.56;11.72;56.37;61.35;0.164;NEUTRE;0;42.4;1;1
2026.03.26 14:00;159.522;159.591;159.426;159.549;24.64;14.42;13.53;54.41;70.89;0.102;NEUTRE;0;31.4;1;1
2026.03.26 13:00;159.630;159.654;159.464;159.522;27.94;16.64;12.06;73.27;81.41;0.085;NEUTRE;0;28.7;1;1
2026.03.26 12:00;159.651;159.691;159.551;159.630;29.79;19.20;6.87;84.99;82.46;0.152;NEUTRE;0;46.6;2;1
2026.03.26 11:00;159.484;159.665;159.464;159.651;27.10;19.30;7.93;85.96;80.68;0.166;NEUTRE;0;51.6;2;1
2026.03.26 10:00;159.486;159.545;159.419;159.484;24.84;13.08;9.15;76.45;70.75;0.061;NEUTRE;0;27;1;1
2026.03.26 09:00;159.463;159.532;159.431;159.486;25.95;13.51;10.56;79.63;63.12;0.062;NEUTRE;0;29.9;1;1
2026.03.26 08:00;159.492;159.536;159.436;159.464;28.06;15.58;11.42;56.18;49.64;0.048;NEUTRE;0;26.6;1;1
2026.03.26 07:00;159.307;159.497;159.296;159.492;30.00;11.98;13.18;53.54;50.47;0.066;NEUTRE;0;38.3;1;1
2026.03.26 06:00;159.484;159.502;159.280;159.307;33.89;13.82;15.21;39.20;54.89;-0.050;NEUTRE;0;-34.9;-1;0
2026.03.26 05:00;159.429;159.487;159.370;159.483;38.36;15.95;11.31;58.65;67.51;0.060;NEUTRE;0;45.1;2;0
2026.03.26 04:00;159.448;159.463;159.367;159.429;41.65;15.25;13.05;66.83;76.46;0.026;NEUTRE;0;28.5;1;0
2026.03.26 03:00;159.518;159.524;159.404;159.448;46.86;17.60;9.13;77.07;76.19;0.038;NEUTRE;0;46.6;2;0
2026.03.26 02:00;159.473;159.533;159.432;159.517;49.20;20.30;6.94;85.48;70.54;0.082;NEUTRE;0;73.7;3;0
2026.03.26 01:00;159.468;159.508;159.383;159.473;49.22;19.62;8.01;66.01;61.90;0.054;NEUTRE;0;;;0
2026.03.26 00:00;159.387;159.498;159.327;159.468;50.34;21.41;9.25;60.14;65.60;0.051;NEUTRE;0;;;0
2026.03.25 23:00;159.398;159.425;159.368;159.386;51.98;18.13;10.67;59.55;74.26;0.430;SOFT_UP;1;57.4;2;0
2026.03.25 22:00;159.387;159.461;159.373;159.398;55.99;20.92;10.96;77.11;85.29;0.438;SOFT_UP;1;59;2;0
2026.03.25 21:00;159.443;159.460;159.337;159.389;59.79;23.96;12.65;86.12;89.96;0.432;SOFT_UP;1;59.8;2;0
2026.03.25 20:00;159.456;159.490;159.441;159.470;64.24;27.65;2.56;92.63;91.40;0.483;SOFT_UP;1;63.7;2;0
2026.03.25 19:00;159.411;159.494;159.411;159.457;61.34;31.90;2.96;91.14;90.58;0.475;SOFT_UP;1;64.4;2;1
2026.03.25 18:00;159.251;159.446;159.235;159.411;58.00;27.92;3.41;90.44;87.85;0.446;SOFT_UP;1;64.2;2;1
2026.03.25 17:00;159.241;159.286;159.146;159.251;54.89;20.54;3.94;90.14;85.87;0.345;SOFT_UP;1;59.5;2;1
2026.03.25 16:00;159.201;159.293;159.118;159.241;52.90;23.71;4.54;82.97;80.59;0.339;SOFT_UP;1;60.6;2;1
2026.03.25 15:00;159.046;159.242;159.022;159.200;50.60;22.87;5.24;84.50;73.18;0.313;SOFT_UP;1;60.2;2;1
2026.03.25 14:00;159.144;159.201;158.992;159.046;48.74;23.52;6.05;74.30;58.73;0.216;NEUTRE;0;52.2;2;1
2026.03.25 13:00;159.019;159.159;158.932;159.145;47.14;24.05;6.98;60.73;44.59;0.279;SOFT_UP;1;60.9;2;1
2026.03.25 12:00;158.846;159.083;158.758;159.019;45.93;22.60;8.05;41.16;33.17;0.199;NEUTRE;0;54.2;2;1
2026.03.25 11:00;158.887;158.947;158.817;158.846;45.69;19.63;9.29;31.87;34.15;0.090;NEUTRE;0;34.4;1;1
2026.03.25 10:00;158.886;158.969;158.845;158.887;47.21;22.65;7.40;26.48;43.79;0.116;NEUTRE;0;44.1;1;1
2026.03.25 09:00;158.768;158.958;158.725;158.886;46.67;24.77;8.54;44.10;65.98;0.115;NEUTRE;0;46.9;2;1
2026.03.25 08:00;159.132;159.198;158.721;158.769;46.35;28.59;9.85;60.80;80.78;0.042;NEUTRE;0;23.7;0;1
2026.03.25 07:00;159.000;159.144;158.942;159.132;45.99;32.98;4.24;93.04;89.91;0.270;SOFT_UP;1;72.8;3;1
2026.03.25 06:00;158.988;159.042;158.947;159.000;41.19;30.29;4.90;88.50;87.47;0.187;NEUTRE;0;69;3;0
2026.03.25 05:00;158.875;159.015;158.875;158.988;36.42;30.58;5.65;88.18;83.57;0.180;NEUTRE;0;71.6;3;0
2026.03.25 04:00;158.798;158.937;158.787;158.875;31.44;26.71;6.52;85.73;72.56;0.108;NEUTRE;0;66.1;3;0
2026.03.25 03:00;158.800;158.821;158.751;158.798;26.92;18.92;7.52;76.79;60.02;0.060;NEUTRE;0;59.1;2;0
2026.03.25 02:00;158.713;158.831;158.680;158.800;24.43;21.83;8.68;55.16;49.12;0.061;NEUTRE;0;68.6;3;0
2026.03.25 01:00;158.643;158.753;158.607;158.713;21.56;17.24;10.01;48.10;44.59;0.006;NEUTRE;0;;;0
2026.03.25 00:00;158.703;158.832;158.568;158.642;20.79;19.90;11.55;44.11;41.92;-0.038;NEUTRE;0;;;0
2026.03.24 23:00;158.682;158.756;158.631;158.703;19.91;18.53;13.33;41.57;42.59;0.141;NEUTRE;0;27.1;1;0
2026.03.24 22:00;158.647;158.761;158.599;158.682;20.46;21.38;15.38;40.08;47.57;0.128;NEUTRE;0;25.9;1;0
2026.03.24 21:00;158.684;158.701;158.563;158.652;21.10;18.97;17.75;46.11;57.64;0.109;NEUTRE;0;23.5;0;0
2026.03.24 20:00;158.982;159.030;158.361;158.731;23.83;21.89;20.48;56.53;68.06;0.159;NEUTRE;0;33.6;1;0
2026.03.24 19:00;158.968;158.993;158.845;158.982;26.98;25.26;12.50;70.30;77.61;0.317;SOFT_UP;1;54.4;2;1
2026.03.24 18:00;159.066;159.163;158.849;158.967;25.93;29.15;14.00;77.36;78.60;0.308;SOFT_UP;1;55.1;2;1
2026.03.24 17:00;158.914;159.185;158.914;159.066;24.52;33.63;12.97;85.18;73.49;0.370;SOFT_UP;1;61.2;2;1
2026.03.24 16:00;158.896;158.943;158.795;158.913;21.48;25.11;14.97;73.27;66.56;0.274;SOFT_UP;1;55.1;2;1
2026.03.24 15:00;158.725;158.896;158.625;158.896;20.89;24.09;17.27;62.04;69.22;0.263;NEUTRE;0;55.7;2;1
2026.03.24 14:00;158.800;158.806;158.556;158.725;21.57;22.69;19.93;64.38;77.11;0.155;NEUTRE;0;42.8;1;1
2026.03.24 13:00;158.813;158.950;158.765;158.800;23.89;26.18;10.14;81.23;80.86;0.203;NEUTRE;0;52.6;2;1
2026.03.24 12:00;158.764;158.854;158.688;158.813;20.77;22.23;11.69;85.71;75.85;0.211;NEUTRE;0;55.8;2;1
2026.03.24 11:00;158.687;158.791;158.612;158.764;19.18;19.81;13.49;75.64;63.74;0.180;NEUTRE;0;53.8;2;1
2026.03.24 10:00;158.629;158.792;158.615;158.687;19.22;22.85;15.31;66.18;52.44;0.131;NEUTRE;0;47.6;2;1
2026.03.24 09:00;158.652;158.771;158.608;158.628;19.14;24.54;17.67;49.40;42.58;0.094;NEUTRE;0;41.1;1;1
2026.03.24 08:00;158.490;158.664;158.422;158.651;19.57;18.22;20.39;41.74;46.37;0.109;NEUTRE;0;48.7;2;1
2026.03.24 07:00;158.598;158.635;158.399;158.490;21.72;19.18;23.52;36.61;59.72;0.007;NEUTRE;0;4.8;0;1
2026.03.24 06:00;158.624;158.711;158.560;158.599;23.50;22.13;16.65;60.76;78.36;0.076;NEUTRE;0;46.6;2;0
2026.03.24 05:00;158.752;158.779;158.568;158.624;24.94;25.54;18.39;81.79;86.94;0.091;NEUTRE;0;56.7;2;0
2026.03.24 04:00;158.728;158.788;158.705;158.751;26.27;29.47;11.23;92.53;85.28;0.172;NEUTRE;0;74.5;3;0
2026.03.24 03:00;158.660;158.740;158.607;158.728;23.42;25.10;12.96;86.50;80.57;0.157;NEUTRE;0;77.1;3;0
2026.03.24 02:00;158.582;158.670;158.495;158.660;22.12;20.87;14.95;76.79;76.58;0.114;NEUTRE;0;78.2;3;0
2026.03.24 01:00;158.570;158.639;158.443;158.581;22.98;21.35;17.25;78.41;73.11;0.064;NEUTRE;0;;;0
2026.03.24 00:00;158.479;158.705;158.432;158.570;24.88;24.64;19.91;74.53;64.72;0.057;NEUTRE;0;;;0
2026.03.23 23:00;158.329;158.506;158.271;158.480;27.08;17.21;22.97;66.39;56.43;-0.417;SOFT_DOWN;-1;-56.6;-2;0
2026.03.23 22:00;158.387;158.407;158.289;158.329;29.04;13.38;26.51;53.25;45.86;-0.511;SOFT_DOWN;-1;-62.8;-2;0
2026.03.23 21:00;158.399;158.427;158.267;158.387;28.44;15.44;30.58;49.66;38.30;-0.475;SOFT_DOWN;-1;-62.1;-2;0
2026.03.23 20:00;158.411;158.470;158.387;158.417;27.75;17.81;23.75;34.66;33.12;-0.456;SOFT_DOWN;-1;-62.3;-2;0
2026.03.23 19:00;158.070;158.417;158.062;158.414;29.83;10.73;27.40;30.57;35.68;-0.458;SOFT_DOWN;-1;-63.6;-2;1
2026.03.23 18:00;158.441;158.522;158.014;158.071;27.69;12.38;31.62;34.14;36.48;-0.674;STRONG_DOWN;-2;-72.3;-3;1
2026.03.23 17:00;158.683;158.728;158.401;158.441;25.22;14.28;24.76;42.33;32.47;-0.441;SOFT_DOWN;-1;-65.3;-3;1
2026.03.23 16:00;158.698;158.841;158.589;158.683;24.97;16.48;19.73;32.96;23.88;-0.289;SOFT_DOWN;-1;-56.5;-2;1
2026.03.23 15:00;158.426;158.764;158.213;158.697;27.43;14.31;22.76;22.12;22.00;-0.280;SOFT_DOWN;-1;-57.4;-2;1
2026.03.23 14:00;158.452;158.498;158.195;158.427;28.14;9.09;26.27;16.55;27.88;-0.450;SOFT_DOWN;-1;-69.6;-3;1
2026.03.23 13:00;158.499;158.717;158.421;158.451;24.99;10.49;18.83;27.34;41.87;-0.435;SOFT_DOWN;-1;-70.3;-3;1
2026.03.23 12:00;158.925;159.039;158.490;158.507;24.46;12.10;18.14;39.76;54.37;-0.400;SOFT_DOWN;-1;-70.3;-3;1
2026.03.23 11:00;159.618;159.625;158.246;158.925;25.15;13.96;20.94;58.50;61.47;-0.137;NEUTRE;0;-46.2;-2;1
2026.03.23 10:00;159.539;159.628;159.481;159.618;25.94;16.11;10.38;64.85;59.73;0.298;SOFT_UP;1;68.1;3;1
2026.03.23 09:00;159.434;159.598;159.399;159.539;26.60;15.45;11.97;61.07;60.89;0.249;NEUTRE;0;66.6;3;1
2026.03.23 08:00;159.585;159.649;159.304;159.432;28.75;17.83;13.82;53.28;61.47;0.182;NEUTRE;0;62.3;2;1
2026.03.23 07:00;159.468;159.623;159.378;159.586;31.22;20.57;12.64;68.32;67.41;0.278;SOFT_UP;1;73.2;3;1
2026.03.23 06:00;159.565;159.652;159.465;159.468;32.35;23.73;9.12;62.81;69.65;0.204;NEUTRE;0;70.6;3;0
2026.03.23 05:00;159.394;159.580;159.351;159.564;30.49;21.46;10.53;71.11;76.73;0.265;SOFT_UP;1;77.3;3;0
2026.03.23 04:00;159.453;159.459;159.342;159.394;29.93;16.63;12.15;75.04;83.61;0.158;NEUTRE;0;73.2;3;0
2026.03.23 03:00;159.522;159.615;159.323;159.453;32.13;19.19;14.02;84.05;82.78;0.195;NEUTRE;0;79.6;3;0
2026.03.23 02:00;159.479;159.583;159.412;159.521;34.68;22.14;11.48;91.74;75.02;0.238;NEUTRE;0;84.3;3;0
2026.03.23 01:00;159.498;159.525;159.331;159.479;35.14;20.33;13.25;72.56;60.01;0.211;NEUTRE;0;;;0
2026.03.23 00:00;159.143;159.521;159.010;159.497;37.30;23.14;15.29;60.74;53.96;0.222;NEUTRE;0;;;0
2026.03.22 23:00;159.289;159.303;159.104;159.143;39.90;20.14;17.64;46.74;55.02;-0.115;NEUTRE;0;-22.7;0;0
2026.03.22 22:00;159.266;159.469;159.228;159.291;45.02;23.24;10.77;54.40;64.24;-0.023;NEUTRE;0;-5;0;0
2026.03.22 21:00;159.327;159.371;159.052;159.266;46.30;20.56;12.43;63.91;73.78;-0.038;NEUTRE;0;-8.6;0;0
2026.03.20 20:00;159.297;159.327;159.219;159.225;49.64;23.72;6.29;74.40;82.42;0.821;STRONG_UP;2;73.8;3;0
2026.03.20 19:00;159.349;159.369;159.228;159.297;48.33;27.37;5.97;83.03;88.51;0.867;STRONG_UP;2;75.3;3;1
2026.03.20 18:00;159.219;159.382;159.183;159.347;45.90;31.58;6.89;89.82;93.07;0.899;STRONG_UP;2;76.5;3;1
2026.03.20 17:00;159.265;159.359;159.140;159.219;43.08;34.66;7.95;92.68;95.52;0.817;STRONG_UP;2;76;3;1
2026.03.20 16:00;159.252;159.281;159.147;159.265;40.07;34.51;9.17;96.72;93.45;0.847;STRONG_UP;2;77.3;3;1
2026.03.20 15:00;159.124;159.257;158.962;159.252;37.31;37.07;10.58;97.16;85.12;0.838;STRONG_UP;2;77.9;3;1
2026.03.20 14:00;159.017;159.174;159.002;159.124;34.50;38.44;12.21;86.47;73.88;0.757;STRONG_UP;2;77.5;3;1
2026.03.20 13:00;158.694;159.017;158.667;159.016;31.84;30.31;14.09;71.74;69.01;0.689;STRONG_UP;2;77.3;3;1
2026.03.20 12:00;158.577;158.710;158.516;158.694;31.11;21.48;16.26;63.45;73.62;0.485;SOFT_UP;1;73.5;3;1
2026.03.20 11:00;158.714;158.723;158.517;158.575;33.77;24.78;18.68;71.85;79.60;0.410;SOFT_UP;1;72.2;3;1
2026.03.20 10:00;158.824;158.896;158.678;158.715;36.81;28.60;9.53;85.55;81.01;0.498;SOFT_UP;1;76.5;3;1
2026.03.20 09:00;158.482;158.860;158.447;158.830;34.77;30.45;10.99;81.39;80.90;0.571;STRONG_UP;2;79.3;3;1
2026.03.20 08:00;158.290;158.487;158.254;158.484;32.90;21.24;12.69;76.09;86.04;0.352;SOFT_UP;1;74.8;3;1
2026.03.20 07:00;158.412;158.446;158.277;158.291;34.08;21.81;14.64;85.23;93.19;0.230;NEUTRE;0;70;3;1
2026.03.20 06:00;158.426;158.429;158.331;158.412;36.30;25.16;11.97;96.79;96.62;0.306;SOFT_UP;1;76.8;3;0
2026.03.20 05:00;158.375;158.429;158.346;158.426;36.42;29.03;11.46;97.56;96.17;0.315;SOFT_UP;1;79.3;3;0
2026.03.20 04:00;158.386;158.409;158.341;158.375;35.35;29.79;13.22;95.52;92.73;0.283;SOFT_UP;1;80.4;3;0
2026.03.20 03:00;158.302;158.398;158.275;158.386;34.86;31.89;15.26;95.42;89.05;0.290;SOFT_UP;1;82.9;3;0
2026.03.20 02:00;158.103;158.343;158.101;158.301;34.80;29.91;17.61;87.23;84.65;0.236;NEUTRE;0;84.2;3;0
2026.03.20 01:00;157.855;158.134;157.743;158.103;36.17;21.23;20.32;84.50;79.44;0.111;NEUTRE;0;;;0
2026.03.20 00:00;157.928;157.978;157.801;157.855;41.40;18.35;23.44;82.22;67.44;-0.046;NEUTRE;0;;;0
2026.03.19 23:00;157.871;157.988;157.806;157.927;45.90;21.18;26.61;71.59;48.52;-1.177;EXPLOSIVE_DOWN;-3;-76.8;-3;0
2026.03.19 22:00;157.774;157.892;157.698;157.871;51.21;16.32;30.71;48.50;28.90;-1.212;EXPLOSIVE_DOWN;-3;-77.8;-3;0
2026.03.19 21:00;157.659;157.797;157.577;157.770;54.38;11.30;35.43;25.48;14.44;-1.275;EXPLOSIVE_DOWN;-3;-78.9;-3;0
2026.03.19 20:00;157.639;157.717;157.604;157.697;54.80;7.44;40.88;12.72;6.15;-1.321;EXPLOSIVE_DOWN;-3;-79.7;-3;0
2026.03.19 19:00;157.688;157.695;157.504;157.644;52.59;5.59;47.17;5.12;3.24;-1.354;EXPLOSIVE_DOWN;-3;-80.5;-3;1
2026.03.19 18:00;157.809;157.908;157.686;157.688;48.55;6.45;39.77;0.61;5.39;-1.327;EXPLOSIVE_DOWN;-3;-80.8;-3;1
2026.03.19 17:00;158.041;158.091;157.794;157.809;44.93;7.44;38.40;3.97;10.03;-1.251;EXPLOSIVE_DOWN;-3;-80.8;-3;1
2026.03.19 16:00;158.187;158.216;158.039;158.042;41.46;8.59;31.62;11.58;13.87;-1.105;EXPLOSIVE_DOWN;-3;-80.2;-3;1
2026.03.19 15:00;158.366;158.556;158.135;158.187;39.02;9.91;28.14;14.54;12.48;-1.014;EXPLOSIVE_DOWN;-3;-80;-3;1
2026.03.19 14:00;158.222;158.422;158.061;158.362;37.66;6.54;32.47;15.50;10.34;-0.905;STRONG_DOWN;-2;-79.5;-3;1
2026.03.19 13:00;158.902;158.936;158.120;158.221;33.22;7.54;34.95;7.40;8.48;-0.993;EXPLOSIVE_DOWN;-3;-81.1;-3;1
2026.03.19 12:00;159.057;159.291;158.849;158.902;28.41;8.71;26.59;8.12;10.92;-0.567;STRONG_DOWN;-2;-75.8;-3;1
2026.03.19 11:00;159.120;159.156;159.039;159.056;24.99;10.05;24.06;9.91;12.74;-0.471;SOFT_DOWN;-1;-74.4;-3;1
2026.03.19 10:00;159.146;159.243;159.106;159.120;22.51;11.59;18.95;14.73;15.90;-0.431;SOFT_DOWN;-1;-74.5;-3;1
2026.03.19 09:00;159.177;159.275;159.064;159.146;22.27;13.37;21.87;13.57;21.03;-0.414;SOFT_DOWN;-1;-75.4;-3;1
2026.03.19 08:00;159.229;159.384;159.035;159.177;21.98;15.43;25.23;19.41;33.12;-0.395;SOFT_DOWN;-1;-76.4;-3;1
2026.03.19 07:00;159.677;159.694;159.193;159.230;21.65;17.81;22.15;30.11;40.53;-0.362;SOFT_DOWN;-1;-77;-3;1
2026.03.19 06:00;159.704;159.800;159.601;159.677;23.31;20.54;13.03;49.82;42.04;-0.082;NEUTRE;0;-48.8;-2;0
2026.03.19 05:00;159.650;159.743;159.634;159.707;23.46;19.30;15.04;41.66;36.22;-0.063;NEUTRE;0;-46.5;-2;0
2026.03.19 04:00;159.628;159.672;159.587;159.650;25.15;12.25;17.35;34.64;34.50;-0.099;NEUTRE;0;-64.2;-2;0
2026.03.19 03:00;159.657;159.708;159.605;159.627;26.37;14.13;16.76;32.35;36.99;-0.113;NEUTRE;0;-72.4;-3;0
2026.03.19 02:00;159.658;159.701;159.539;159.657;29.12;15.26;19.34;36.50;48.96;-0.094;NEUTRE;0;-75.7;-3;0
2026.03.19 01:00;159.773;159.810;159.579;159.658;31.78;17.61;18.52;42.11;61.60;-0.094;NEUTRE;0;;;0
2026.03.19 00:00;159.808;159.844;159.681;159.772;36.29;20.31;14.57;68.27;75.49;-0.023;NEUTRE;0;;;0
2026.03.18 23:00;159.768;159.836;159.749;159.808;39.34;23.44;10.39;74.41;82.56;0.567;STRONG_UP;2;64.1;2;0
2026.03.18 22:00;159.723;159.844;159.719;159.766;39.46;27.05;11.99;83.78;90.48;0.541;SOFT_UP;1;64.1;2;0
2026.03.18 21:00;159.821;159.850;159.709;159.728;39.60;31.21;13.84;89.49;90.60;0.517;SOFT_UP;1;64.1;2;0
2026.03.18 20:00;159.822;159.894;159.801;159.877;39.76;36.01;7.54;98.17;86.34;0.610;STRONG_UP;2;68.6;3;0
2026.03.18 19:00;159.726;159.833;159.687;159.821;35.82;31.46;8.70;84.14;78.12;0.575;STRONG_UP;2;68.4;3;1
2026.03.18 18:00;159.392;159.728;159.255;159.726;32.61;25.23;10.04;76.73;77.05;0.515;SOFT_UP;1;67.3;3;1
2026.03.18 17:00;159.464;159.538;159.365;159.394;31.00;22.93;11.59;73.49;79.10;0.306;SOFT_UP;1;56.4;2;1
2026.03.18 16:00;159.477;159.511;159.392;159.464;30.72;24.06;13.37;80.93;83.58;0.351;SOFT_UP;1;61.4;2;1
2026.03.18 15:00;159.418;159.491;159.365;159.480;31.05;25.18;15.43;82.88;85.46;0.361;SOFT_UP;1;63.6;2;1
2026.03.18 14:00;159.495;159.530;159.417;159.418;32.13;29.05;11.45;86.94;87.13;0.322;SOFT_UP;1;62.5;2;1
2026.03.18 13:00;159.441;159.581;159.429;159.492;30.39;33.52;11.58;86.58;83.93;0.368;SOFT_UP;1;67.1;3;1
2026.03.18 12:00;158.971;159.461;158.955;159.441;27.58;26.53;13.36;87.89;83.14;0.336;SOFT_UP;1;66.9;3;1
2026.03.18 11:00;159.008;159.107;158.895;158.971;26.75;19.85;15.42;77.31;76.93;0.040;NEUTRE;0;16.9;0;1
2026.03.18 10:00;158.908;159.023;158.903;159.007;28.93;16.81;17.79;84.22;70.31;0.063;NEUTRE;0;27.8;1;1
2026.03.18 09:00;158.945;159.047;158.891;158.906;32.95;19.39;20.53;69.26;52.73;-0.001;NEUTRE;0;-0.5;0;1
2026.03.18 08:00;158.755;158.983;158.755;158.945;37.58;16.06;23.69;57.45;37.09;0.024;NEUTRE;0;14.1;0;1
2026.03.18 07:00;158.741;158.871;158.678;158.755;40.41;10.98;27.33;31.50;24.84;-0.096;NEUTRE;0;-48.9;-2;1
2026.03.18 06:00;158.695;158.777;158.563;158.741;40.06;5.17;31.53;22.32;23.87;-0.104;NEUTRE;0;-55.4;-2;0
2026.03.18 05:00;158.808;158.813;158.648;158.695;35.17;5.97;30.27;20.70;31.26;-0.133;NEUTRE;0;-65.8;-3;0
2026.03.18 04:00;158.927;158.930;158.745;158.809;30.27;6.89;25.89;28.58;43.62;-0.062;NEUTRE;0;-52.3;-2;0
2026.03.18 03:00;158.910;158.983;158.903;158.928;26.01;7.95;16.73;44.48;53.86;0.013;NEUTRE;0;19.9;0;0
2026.03.18 02:00;159.005;159.032;158.876;158.909;24.53;9.17;19.30;57.79;57.74;0.001;NEUTRE;0;2.4;0;0
2026.03.18 01:00;159.064;159.083;158.969;159.008;22.83;10.58;13.10;59.31;54.61;0.064;NEUTRE;0;;;0
2026.03.18 00:00;158.907;159.136;158.798;159.063;24.71;12.21;15.12;56.11;54.37;0.098;NEUTRE;0;;;0
2026.03.17 23:00;158.967;158.982;158.872;158.907;26.87;7.08;17.44;48.41;57.19;-0.140;NEUTRE;0;-27;-1;0
2026.03.17 22:00;159.004;159.004;158.897;158.967;24.50;8.17;16.63;58.58;63.58;-0.102;NEUTRE;0;-21.2;0;0
2026.03.17 21:00;158.952;159.015;158.863;159.004;23.02;9.42;19.19;64.57;67.12;-0.079;NEUTRE;0;-17.5;0;0
2026.03.17 20:00;159.036;159.051;158.980;159.001;21.31;10.87;10.30;67.60;66.32;-0.080;NEUTRE;0;-18.5;0;0
2026.03.17 19:00;159.041;159.062;158.975;159.037;24.17;12.55;11.89;69.18;64.42;-0.058;NEUTRE;0;-14.3;0;1
2026.03.17 18:00;158.965;159.043;158.890;159.041;27.47;11.12;13.71;62.17;59.60;-0.055;NEUTRE;0;-14.3;0;1
2026.03.17 17:00;158.939;159.008;158.916;158.965;30.09;9.31;15.82;61.92;54.72;-0.103;NEUTRE;0;-26.9;-1;1
2026.03.17 16:00;159.028;159.111;158.874;158.939;30.73;10.74;18.26;54.71;45.56;-0.119;NEUTRE;0;-31.9;-1;1
2026.03.17 15:00;158.930;159.110;158.864;159.026;31.47;12.33;21.07;47.54;37.23;-0.065;NEUTRE;0;-19.9;0;1
2026.03.17 14:00;158.871;159.011;158.811;158.929;32.28;8.03;24.31;34.44;29.35;-0.126;NEUTRE;0;-37;-1;1
2026.03.17 13:00;159.029;159.029;158.717;158.871;29.50;9.27;28.05;29.70;24.95;-0.162;NEUTRE;0;-46.2;-2;1
2026.03.17 12:00;159.096;159.149;158.961;159.029;26.30;10.69;20.33;23.90;19.96;-0.063;NEUTRE;0;-23.7;0;1
2026.03.17 11:00;159.116;159.138;158.961;159.096;25.56;11.44;23.46;21.25;17.12;-0.021;NEUTRE;0;-9.1;0;1
2026.03.17 10:00;159.125;159.211;159.042;159.116;24.19;13.20;20.03;14.73;18.08;-0.008;NEUTRE;0;-3.8;0;1
2026.03.17 09:00;159.101;159.188;159.063;159.126;24.75;13.13;23.11;15.40;30.13;-0.002;NEUTRE;0;-1.1;0;1
2026.03.17 08:00;159.228;159.233;159.053;159.102;24.32;15.15;26.67;24.12;43.77;-0.017;NEUTRE;0;-10.1;0;1
2026.03.17 07:00;159.346;159.397;159.165;159.229;23.83;17.48;21.20;50.87;57.35;0.063;NEUTRE;0;37;1;1
2026.03.17 06:00;159.436;159.493;159.338;159.346;26.02;20.17;12.99;56.30;61.77;0.136;NEUTRE;0;62.2;2;0
2026.03.17 05:00;159.229;159.442;159.204;159.436;26.69;18.22;14.98;64.87;69.45;0.193;NEUTRE;0;72.8;3;0
2026.03.17 04:00;159.346;159.389;159.210;159.229;29.29;17.59;17.29;64.15;76.08;0.063;NEUTRE;0;52.8;2;0
2026.03.17 03:00;159.361;159.401;159.274;159.346;33.67;20.30;14.45;79.33;82.33;0.136;NEUTRE;0;75.2;3;0
2026.03.17 02:00;159.373;159.426;159.312;159.361;36.26;23.42;12.07;84.78;80.33;0.146;NEUTRE;0;80.7;3;0
2026.03.17 01:00;159.309;159.448;159.292;159.373;36.91;27.03;13.92;82.87;70.35;0.153;NEUTRE;0;;;0
2026.03.17 00:00;159.129;159.340;159.116;159.309;37.67;20.53;16.07;73.34;56.86;0.113;NEUTRE;0;;;0
2026.03.16 23:00;159.115;159.215;159.076;159.129;41.58;15.11;18.54;54.83;46.52;-0.268;SOFT_DOWN;-1;-44.3;-1;0
2026.03.16 22:00;159.068;159.141;159.014;159.115;46.41;9.24;21.39;42.41;40.12;-0.276;SOFT_DOWN;-1;-46.4;-2;0
2026.03.16 21:00;159.007;159.101;158.977;159.068;47.45;5.82;24.68;42.33;43.80;-0.306;SOFT_DOWN;-1;-50.6;-2;0
2026.03.16 20:00;159.146;159.151;159.032;159.047;45.24;6.71;21.65;35.63;50.55;-0.319;SOFT_DOWN;-1;-53.1;-2;0
2026.03.16 19:00;158.960;159.179;158.928;159.150;44.09;7.75;24.98;53.43;67.24;-0.254;NEUTRE;0;-48.2;-2;1
2026.03.16 18:00;159.267;159.267;158.908;158.961;42.77;8.94;28.83;62.59;75.32;-0.373;SOFT_DOWN;-1;-60;-2;1
2026.03.16 17:00;159.260;159.298;159.130;159.266;41.25;10.31;23.75;85.71;72.08;-0.182;NEUTRE;0;-41.8;-1;1
2026.03.16 16:00;159.287;159.352;159.190;159.260;41.53;11.90;21.91;77.65;55.38;-0.186;NEUTRE;0;-44.2;-1;1
2026.03.16 15:00;159.138;159.322;159.048;159.287;43.36;10.88;25.28;52.88;36.01;-0.169;NEUTRE;0;-43.3;-1;1
2026.03.16 14:00;158.932;159.186;158.845;159.138;43.91;4.92;29.17;35.61;27.13;-0.262;NEUTRE;0;-57.4;-2;1
2026.03.16 13:00;159.123;159.171;158.896;158.932;39.72;5.67;31.35;19.55;23.28;-0.391;SOFT_DOWN;-1;-68.3;-3;1
2026.03.16 12:00;159.121;159.137;158.957;159.128;35.16;6.55;32.76;26.22;28.21;-0.268;SOFT_DOWN;-1;-61.8;-2;1
2026.03.16 11:00;159.220;159.257;159.095;159.121;30.31;7.55;26.01;24.09;30.48;-0.273;SOFT_DOWN;-1;-64.3;-2;1
2026.03.16 10:00;159.318;159.342;159.197;159.220;26.51;8.72;20.32;34.31;30.44;-0.211;NEUTRE;0;-60.5;-2;1
2026.03.16 09:00;159.346;159.380;159.245;159.318;24.44;10.06;18.36;33.06;24.27;-0.149;NEUTRE;0;-54.2;-2;1
2026.03.16 08:00;159.283;159.368;159.219;159.346;23.71;10.24;21.18;23.94;24.75;-0.132;NEUTRE;0;-54.1;-2;1
2026.03.16 07:00;159.286;159.377;159.170;159.283;22.00;11.81;24.44;15.82;34.81;-0.171;NEUTRE;0;-63.9;-2;1
2026.03.16 06:00;159.339;159.404;159.269;159.286;20.03;13.63;20.84;34.48;52.85;-0.169;NEUTRE;0;-67;-3;0
2026.03.16 05:00;159.557;159.581;159.316;159.339;19.89;15.73;18.69;54.13;59.46;-0.136;NEUTRE;0;-66.3;-3;0
2026.03.16 04:00;159.495;159.615;159.487;159.557;21.63;18.15;11.64;69.96;53.70;0.001;NEUTRE;0;1.2;0;0
2026.03.16 03:00;159.583;159.636;159.469;159.495;21.59;20.94;13.43;54.30;37.68;-0.038;NEUTRE;0;-46.6;-2;0
2026.03.16 02:00;159.416;159.601;159.403;159.583;21.55;20.94;15.50;36.84;23.99;0.017;NEUTRE;0;35.4;1;0
2026.03.16 01:00;159.296;159.502;159.281;159.417;22.57;16.46;17.88;21.91;20.00;-0.087;NEUTRE;0;;;0
2026.03.16 00:00;159.556;159.556;159.250;159.296;25.41;19.00;20.63;13.21;28.98;-0.163;NEUTRE;0;;;0
2026.03.15 23:00;159.525;159.618;159.498;159.556;28.68;21.92;11.34;24.90;50.99;-0.041;NEUTRE;0;-8.5;0;0
2026.03.15 22:00;159.575;159.743;159.498;159.525;28.20;25.29;13.08;48.84;73.82;-0.061;NEUTRE;0;-13.1;0;0
2026.03.15 21:00;159.622;159.624;159.503;159.602;27.64;21.71;15.09;79.24;87.12;-0.013;NEUTRE;0;-3;0;0
2026.03.13 20:00;159.673;159.746;159.644;159.737;29.13;25.05;8.15;93.39;90.76;0.313;SOFT_UP;1;52.6;2;0
2026.03.13 19:00;159.629;159.688;159.594;159.672;25.78;20.16;9.40;88.72;89.59;0.273;SOFT_UP;1;50.2;2;1
2026.03.13 18:00;159.568;159.673;159.559;159.629;24.15;20.80;10.85;90.18;89.22;0.246;NEUTRE;0;48.8;2;1
2026.03.13 17:00;159.609;159.681;159.545;159.568;23.02;24.00;12.52;89.86;79.99;0.207;NEUTRE;0;45.5;2;1
2026.03.13 16:00;159.537;159.631;159.506;159.609;21.72;22.04;14.44;87.61;64.76;0.233;NEUTRE;0;50.6;2;1
2026.03.13 15:00;159.364;159.595;159.357;159.537;21.86;21.00;16.66;62.50;43.24;0.188;NEUTRE;0;46.3;2;1
2026.03.13 14:00;159.091;159.375;159.087;159.363;23.45;10.01;19.23;44.18;33.98;0.078;NEUTRE;0;25;0;1
2026.03.13 13:00;159.328;159.358;159.001;159.093;22.21;10.64;22.18;23.04;35.14;-0.091;NEUTRE;0;-30.3;-1;1
2026.03.13 12:00;159.282;159.422;159.202;159.329;20.22;12.28;16.93;34.73;41.30;0.057;NEUTRE;0;21.7;0;1
2026.03.13 11:00;159.398;159.445;159.284;159.284;20.88;14.17;13.81;47.65;42.79;0.029;NEUTRE;0;12.4;0;1
2026.03.13 10:00;159.475;159.496;159.328;159.398;23.89;16.35;11.72;41.52;38.08;0.100;NEUTRE;0;39.9;1;1
2026.03.13 09:00;159.328;159.488;159.247;159.475;25.03;18.13;13.53;39.21;41.52;0.149;NEUTRE;0;54.2;2;1
2026.03.13 08:00;159.430;159.527;159.325;159.328;26.64;20.92;10.63;33.52;49.14;0.057;NEUTRE;0;30.8;1;1
2026.03.13 07:00;159.426;159.538;159.346;159.433;25.73;24.14;10.67;51.82;61.81;0.122;NEUTRE;0;55.5;2;1
2026.03.13 06:00;159.427;159.461;159.315;159.426;23.73;21.69;12.31;62.09;69.42;0.118;NEUTRE;0;58.7;2;0
2026.03.13 05:00;159.502;159.502;159.313;159.427;23.13;25.02;14.20;71.53;72.52;0.119;NEUTRE;0;63.3;2;0
2026.03.13 04:00;159.355;159.680;159.341;159.502;22.45;28.87;14.11;74.65;65.29;0.166;NEUTRE;0;73.9;3;0
2026.03.13 03:00;159.280;159.413;159.249;159.352;20.62;21.20;16.28;71.38;53.83;0.072;NEUTRE;0;63.5;2;0
2026.03.13 02:00;159.267;159.369;159.195;159.280;21.77;20.33;18.78;49.84;40.93;0.026;NEUTRE;0;47.4;2;0
2026.03.13 01:00;159.091;159.278;159.031;159.267;24.51;15.41;21.67;40.27;41.57;0.018;NEUTRE;0;;;0
2026.03.13 00:00;159.238;159.238;159.007;159.090;25.68;15.29;25.01;32.67;49.72;-0.093;NEUTRE;0;;;0
2026.03.12 23:00;159.267;159.358;159.179;159.237;25.92;17.65;17.40;51.77;64.23;0.098;NEUTRE;0;19.6;0;0
2026.03.12 22:00;159.348;159.419;159.249;159.266;29.80;20.36;14.06;64.72;75.85;0.116;NEUTRE;0;23.8;0;0
2026.03.12 21:00;159.324;159.388;159.129;159.335;31.57;20.69;16.22;76.21;85.04;0.160;NEUTRE;0;32.5;1;0
2026.03.12 20:00;159.367;159.413;159.295;159.348;34.57;23.87;8.85;86.63;90.43;0.168;NEUTRE;0;35.1;1;0
2026.03.12 19:00;159.397;159.425;159.308;159.365;32.82;27.54;8.52;92.27;91.52;0.179;NEUTRE;0;38.2;1;1
2026.03.12 18:00;159.309;159.408;159.278;159.397;29.76;29.55;9.83;92.38;91.17;0.199;NEUTRE;0;42.8;1;1
2026.03.12 17:00;159.204;159.341;159.111;159.309;26.64;26.16;11.35;89.92;90.86;0.143;NEUTRE;0;35.1;1;1
2026.03.12 16:00;159.207;159.283;159.128;159.203;24.66;26.31;13.09;91.20;91.31;0.077;NEUTRE;0;21.9;0;1
2026.03.12 15:00;159.179;159.283;159.099;159.207;23.29;30.35;15.11;91.47;83.40;0.079;NEUTRE;0;23.8;0;1
2026.03.12 14:00;158.993;159.195;158.941;159.179;21.71;27.67;17.43;91.24;66.09;0.062;NEUTRE;0;20.3;0;1
2026.03.12 13:00;158.888;159.058;158.801;158.993;21.56;23.63;20.11;67.49;42.07;-0.055;NEUTRE;0;-19.5;0;1
2026.03.12 12:00;158.688;158.930;158.676;158.888;23.64;19.60;23.20;39.53;27.94;-0.121;NEUTRE;0;-40.1;-1;1
2026.03.12 11:00;158.713;158.740;158.565;158.688;25.98;11.10;26.77;19.19;22.84;-0.247;NEUTRE;0;-62;-2;1
2026.03.12 10:00;158.752;158.819;158.683;158.713;23.61;12.81;20.52;25.09;24.95;-0.231;NEUTRE;0;-62.6;-2;1
2026.03.12 09:00;158.882;158.932;158.709;158.751;23.69;14.78;20.74;24.24;29.53;-0.207;NEUTRE;0;-62.5;-2;1
2026.03.12 08:00;158.797;158.938;158.666;158.882;24.75;17.06;23.93;25.53;42.88;-0.125;NEUTRE;0;-52.6;-2;1
2026.03.12 07:00;158.903;158.994;158.779;158.797;25.99;19.68;21.21;38.82;58.16;-0.179;NEUTRE;0;-64.9;-2;1
2026.03.12 06:00;159.110;159.111;158.877;158.899;29.41;22.71;17.47;64.29;66.22;-0.114;NEUTRE;0;-57.8;-2;0
2026.03.12 05:00;159.121;159.121;158.969;159.109;31.92;26.20;14.10;71.38;59.44;0.018;NEUTRE;0;16.8;0;0
2026.03.12 04:00;159.023;159.153;159.006;159.121;32.21;30.24;12.53;62.99;49.29;0.025;NEUTRE;0;27.6;1;0
2026.03.12 03:00;159.052;159.065;158.972;159.023;30.80;25.68;14.46;43.95;44.04;-0.036;NEUTRE;0;-45.1;-2;0
2026.03.12 02:00;158.856;159.106;158.831;159.052;31.24;29.63;16.68;40.94;52.84;-0.018;NEUTRE;0;-37;-1;0
2026.03.12 01:00;158.974;158.981;158.780;158.855;31.74;27.19;19.25;47.25;64.01;-0.142;NEUTRE;0;;;0
2026.03.12 00:00;159.081;159.233;158.925;158.974;33.99;31.38;11.11;70.32;72.29;-0.067;NEUTRE;0;;;0
2026.03.11 23:00;158.983;159.124;158.938;159.081;31.88;30.76;12.82;74.46;73.01;0.619;STRONG_UP;2;66;3;0
2026.03.11 22:00;158.824;158.992;158.802;158.983;30.45;24.58;14.79;72.10;78.76;0.557;SOFT_UP;1;64.7;2;0
2026.03.11 21:00;158.914;158.926;158.767;158.823;31.32;23.01;17.07;72.46;83.87;0.456;SOFT_UP;1;61.2;2;0
2026.03.11 20:00;158.943;158.966;158.916;158.952;33.85;26.55;7.30;91.72;89.41;0.538;SOFT_UP;1;66;3;0
2026.03.11 19:00;158.923;158.963;158.905;158.943;30.31;29.71;8.42;87.42;88.92;0.532;SOFT_UP;1;66.9;3;1
2026.03.11 18:00;158.843;158.937;158.833;158.923;26.39;27.39;9.72;89.08;91.95;0.519;SOFT_UP;1;67.5;3;1
2026.03.11 17:00;158.829;158.972;158.812;158.843;23.12;31.60;11.22;90.26;91.09;0.469;SOFT_UP;1;66.6;3;1
2026.03.11 16:00;158.828;158.858;158.764;158.829;19.35;25.50;12.94;96.50;89.28;0.460;SOFT_UP;1;67.4;3;1
2026.03.11 15:00;158.684;158.847;158.666;158.827;17.31;27.63;14.93;86.50;85.84;0.459;SOFT_UP;1;68.7;3;1
2026.03.11 14:00;158.475;158.691;158.302;158.684;15.38;18.62;17.23;84.84;85.68;0.368;SOFT_UP;1;65.5;3;1
2026.03.11 13:00;158.605;158.644;158.471;158.476;17.15;21.48;13.20;86.18;86.61;0.237;NEUTRE;0;56.7;2;1
2026.03.11 12:00;158.494;158.623;158.318;158.605;16.12;22.92;15.23;86.03;86.47;0.318;SOFT_UP;1;65.7;3;1
2026.03.11 11:00;158.284;158.498;158.246;158.495;15.49;20.14;17.57;87.61;88.26;0.249;NEUTRE;0;62.2;2;1
2026.03.11 10:00;158.469;158.483;158.249;158.284;16.83;22.32;20.27;85.76;81.20;0.115;NEUTRE;0;43.9;1;1
2026.03.11 09:00;158.401;158.486;158.342;158.469;18.68;25.75;17.28;91.39;67.99;0.232;NEUTRE;0;65.1;3;1
2026.03.11 08:00;158.220;158.441;158.193;158.399;18.52;24.91;19.94;66.43;48.22;0.188;NEUTRE;0;63;2;1
2026.03.11 07:00;157.992;158.271;157.958;158.220;19.67;18.19;23.00;46.15;41.06;0.075;NEUTRE;0;41.9;1;1
2026.03.11 06:00;158.167;158.173;157.860;157.992;20.90;16.18;26.54;32.08;45.41;-0.070;NEUTRE;0;-44.3;-1;0
2026.03.11 05:00;158.102;158.176;158.059;158.167;20.38;18.67;20.84;44.95;59.50;0.041;NEUTRE;0;34.4;1;0
2026.03.11 04:00;158.193;158.252;158.093;158.101;22.66;21.54;19.58;59.21;72.75;-0.001;NEUTRE;0;-1.2;0;0
2026.03.11 03:00;158.290;158.303;158.164;158.193;25.42;24.85;15.72;74.34;81.17;0.058;NEUTRE;0;58.3;2;0
2026.03.11 02:00;158.273;158.388;158.225;158.290;25.87;28.67;11.39;84.70;86.34;0.119;NEUTRE;0;78.6;3;0
2026.03.11 01:00;158.193;158.330;158.172;158.273;23.21;27.61;13.14;84.46;88.82;0.108;NEUTRE;0;;;0
2026.03.11 00:00;158.102;158.220;157.914;158.192;21.32;21.15;15.16;89.86;91.98;0.057;NEUTRE;0;;;0
2026.03.10 23:00;158.162;158.183;158.051;158.103;22.07;24.40;10.61;92.15;92.26;0.146;NEUTRE;0;28;1;0
2026.03.10 22:00;158.093;158.179;158.051;158.162;19.40;27.69;12.24;93.93;90.25;0.183;NEUTRE;0;34.8;1;0
2026.03.10 21:00;158.049;158.097;158.017;158.093;16.43;22.09;14.13;90.71;82.70;0.139;NEUTRE;0;29;1;0
2026.03.10 20:00;158.030;158.086;157.970;158.052;15.58;23.38;16.30;86.10;67.80;0.113;NEUTRE;0;25.3;1;0
2026.03.10 19:00;157.864;158.126;157.843;158.030;15.23;26.97;18.81;71.30;46.07;0.099;NEUTRE;0;23.5;0;1
2026.03.10 18:00;157.598;157.978;157.592;157.865;14.83;23.08;21.70;46.01;26.04;-0.005;NEUTRE;0;-1.3;0;1
2026.03.10 17:00;157.568;157.649;157.398;157.598;16.64;13.51;25.04;20.91;21.47;-0.174;NEUTRE;0;-40.6;-1;1
2026.03.10 16:00;157.595;157.702;157.526;157.568;14.60;15.59;21.04;11.19;34.10;-0.193;NEUTRE;0;-45.2;-2;1
2026.03.10 15:00;157.686;157.760;157.547;157.595;14.55;17.99;22.44;32.30;55.93;-0.176;NEUTRE;0;-44.5;-1;1
2026.03.10 14:00;157.835;157.912;157.641;157.685;15.10;20.76;19.11;58.81;71.70;-0.119;NEUTRE;0;-35.4;-1;1
2026.03.10 13:00;157.805;157.863;157.654;157.834;16.78;21.17;22.05;76.68;78.79;-0.025;NEUTRE;0;-9.1;0;1
2026.03.10 12:00;157.791;157.973;157.755;157.806;19.06;24.43;18.01;79.60;77.58;-0.042;NEUTRE;0;-16.3;0;1
2026.03.10 11:00;157.761;157.837;157.640;157.791;19.66;18.59;20.78;80.10;66.37;-0.052;NEUTRE;0;-21.6;0;1
2026.03.10 10:00;157.656;157.888;157.656;157.761;21.83;21.45;22.72;73.04;49.62;-0.071;NEUTRE;0;-30.7;-1;1
2026.03.10 09:00;157.696;157.718;157.543;157.656;24.74;13.48;26.22;45.98;29.92;-0.137;NEUTRE;0;-51.8;-2;1
2026.03.10 08:00;157.294;157.710;157.294;157.696;23.61;14.85;30.25;29.83;25.76;-0.112;NEUTRE;0;-49.5;-2;1
2026.03.10 07:00;157.542;157.616;157.269;157.295;21.99;13.66;34.91;13.94;34.85;-0.366;SOFT_DOWN;-1;-77.1;-3;1
2026.03.10 06:00;157.636;157.648;157.463;157.541;18.65;15.76;31.68;33.52;53.50;-0.210;NEUTRE;0;-71.1;-3;0
2026.03.10 05:00;157.771;157.780;157.616;157.636;16.35;18.18;23.82;57.11;61.60;-0.150;NEUTRE;0;-68.3;-3;0
2026.03.10 04:00;157.884;157.927;157.757;157.771;16.80;20.98;14.26;69.87;53.45;-0.065;NEUTRE;0;-53.7;-2;0
2026.03.10 03:00;157.810;157.912;157.796;157.884;16.46;24.21;12.93;57.82;37.74;0.007;NEUTRE;0;11;0;0
2026.03.10 02:00;157.622;157.820;157.594;157.810;14.31;15.73;14.92;32.66;26.06;-0.040;NEUTRE;0;-59.1;-2;0
2026.03.10 01:00;157.587;157.770;157.528;157.622;16.11;14.75;17.21;22.74;21.38;-0.159;NEUTRE;0;;;0
2026.03.10 00:00;157.873;157.945;157.560;157.587;17.40;17.02;17.83;22.77;16.62;-0.181;NEUTRE;0;;;0
2026.03.09 23:00;157.808;157.950;157.755;157.873;19.72;19.64;12.78;18.63;12.39;-0.332;SOFT_DOWN;-1;-50.4;-2;0
2026.03.09 22:00;157.655;157.902;157.632;157.808;19.50;18.87;14.74;8.45;16.29;-0.373;SOFT_DOWN;-1;-54.8;-2;0
2026.03.09 21:00;157.650;157.720;157.644;157.655;20.60;11.40;17.01;10.08;30.68;-0.470;SOFT_DOWN;-1;-61.9;-2;0
2026.03.09 20:00;157.853;157.915;157.637;157.640;20.74;13.16;19.63;30.35;44.99;-0.479;SOFT_DOWN;-1;-63.5;-2;0
2026.03.09 19:00;158.396;158.412;157.640;157.853;20.90;15.18;22.48;51.61;46.10;-0.345;SOFT_DOWN;-1;-56.6;-2;1
2026.03.09 18:00;158.337;158.404;158.239;158.396;21.13;17.52;14.00;53.01;38.02;-0.002;NEUTRE;0;-0.5;0;1
2026.03.09 17:00;158.132;158.343;158.110;158.337;22.66;14.53;16.15;33.70;29.85;-0.039;NEUTRE;0;-10.9;0;1
2026.03.09 16:00;158.078;158.220;157.968;158.132;25.34;8.64;18.64;27.36;35.99;-0.169;NEUTRE;0;-41.5;-1;1
2026.03.09 15:00;158.380;158.392;157.991;158.079;23.59;9.97;20.10;28.50;45.11;-0.202;NEUTRE;0;-48.4;-2;1
2026.03.09 14:00;158.319;158.543;158.289;158.382;22.04;11.50;11.76;52.12;56.41;-0.011;NEUTRE;0;-3.8;0;1
2026.03.09 13:00;158.567;158.578;158.184;158.319;25.26;13.27;13.57;54.70;55.80;-0.051;NEUTRE;0;-18.2;0;1
2026.03.09 12:00;158.464;158.596;158.346;158.567;28.98;15.32;9.34;62.42;54.41;0.106;NEUTRE;0;36.5;1;1
2026.03.09 11:00;158.456;158.504;158.365;158.466;29.70;12.01;10.77;50.29;47.05;0.042;NEUTRE;0;17.7;0;1
2026.03.09 10:00;158.432;158.571;158.353;158.456;33.43;13.86;12.43;50.52;44.85;0.036;NEUTRE;0;16.8;0;1
2026.03.09 09:00;158.629;158.644;158.188;158.431;37.74;15.99;14.34;40.35;37.30;0.020;NEUTRE;0;10.5;0;1
2026.03.09 08:00;158.456;158.682;158.354;158.629;42.71;18.45;10.95;43.68;38.35;0.145;NEUTRE;0;56.6;2;1
2026.03.09 07:00;158.618;158.653;158.398;158.456;45.35;21.29;10.57;27.87;43.86;0.036;NEUTRE;0;23.3;0;1
2026.03.09 06:00;158.368;158.638;158.356;158.617;47.15;23.66;12.19;43.52;63.38;0.138;NEUTRE;0;62.5;2;0
2026.03.09 05:00;158.715;158.769;158.321;158.369;49.48;27.30;14.07;60.19;80.12;-0.019;NEUTRE;0;-17.6;0;0
2026.03.09 04:00;158.857;158.867;158.652;158.716;52.18;31.50;4.87;86.44;91.36;0.200;NEUTRE;0;76.5;3;0
2026.03.09 03:00;158.705;158.894;158.657;158.857;48.94;36.35;5.26;93.73;93.72;0.289;SOFT_UP;1;82.9;3;0
2026.03.09 02:00;158.692;158.756;158.630;158.705;44.97;32.98;6.07;93.90;92.14;0.193;NEUTRE;0;82.9;3;0
2026.03.09 01:00;158.646;158.733;158.568;158.692;41.28;35.25;7.00;93.52;90.40;0.185;NEUTRE;0;;;0
2026.03.09 00:00;158.399;158.691;158.305;158.645;37.34;36.75;8.08;89.00;86.32;0.155;NEUTRE;0;;;0
2026.03.08 23:00;158.311;158.440;158.197;158.398;33.25;32.40;9.32;88.67;84.86;0.201;NEUTRE;0;36.2;1;0
2026.03.08 22:00;158.086;158.457;158.080;158.311;29.85;37.39;10.75;81.30;83.08;0.145;NEUTRE;0;28.9;1;0
2026.03.08 21:00;158.081;158.092;158.049;158.086;25.93;28.25;12.41;84.61;81.35;0.003;NEUTRE;0;0.7;0;0
2026.03.06 21:00;157.902;157.907;157.789;157.817;23.92;22.24;14.31;83.32;75.08;0.161;NEUTRE;0;32.7;1;0
2026.03.06 20:00;157.869;157.956;157.831;157.902;24.27;25.67;11.04;76.12;63.75;0.215;NEUTRE;0;42;1;0
2026.03.06 19:00;157.808;157.872;157.745;157.869;21.87;19.28;12.74;65.80;52.30;0.194;NEUTRE;0;40.5;1;1
2026.03.06 18:00;157.798;157.872;157.609;157.808;22.10;22.24;14.70;49.35;42.17;0.155;NEUTRE;0;35.8;1;1
2026.03.06 17:00;157.638;157.851;157.595;157.798;22.36;24.43;16.96;41.75;41.20;0.149;NEUTRE;0;36.2;1;1
2026.03.06 16:00;157.583;157.710;157.507;157.637;23.02;19.72;19.57;35.41;48.70;0.047;NEUTRE;0;13.8;0;1
2026.03.06 15:00;157.663;157.768;157.543;157.582;26.50;22.75;19.85;46.45;64.01;0.012;NEUTRE;0;3.8;0;1
2026.03.06 14:00;157.869;158.083;157.641;157.664;29.53;26.25;16.21;64.24;78.59;0.064;NEUTRE;0;20.9;0;1
2026.03.06 13:00;157.998;157.999;157.378;157.869;30.43;27.37;18.70;81.33;87.83;0.194;NEUTRE;0;51.3;2;1
2026.03.06 12:00;157.950;158.080;157.846;157.998;32.22;31.58;9.98;90.19;85.56;0.276;SOFT_UP;1;62.5;2;1
2026.03.06 11:00;157.874;157.988;157.829;157.949;29.18;30.39;11.52;91.98;71.46;0.245;NEUTRE;0;61.8;2;1
2026.03.06 10:00;157.857;157.894;157.756;157.874;26.75;25.97;13.29;74.53;54.07;0.197;NEUTRE;0;58.7;2;1
2026.03.06 09:00;157.652;157.887;157.650;157.857;25.89;29.19;15.34;47.88;48.44;0.187;NEUTRE;0;60.1;2;1
2026.03.06 08:00;157.532;157.659;157.496;157.653;25.09;18.88;17.70;39.80;59.69;0.057;NEUTRE;0;30.8;1;1
2026.03.06 07:00;157.726;157.765;157.528;157.532;28.46;21.78;17.40;57.64;74.25;-0.020;NEUTRE;0;-13.4;0;1
2026.03.06 06:00;157.839;157.898;157.721;157.724;31.11;25.13;7.55;81.64;77.95;0.102;NEUTRE;0;54.9;2;0
2026.03.06 05:00;157.664;157.873;157.636;157.839;27.62;26.82;8.71;83.49;67.05;0.175;NEUTRE;0;71.1;3;0
2026.03.06 04:00;157.488;157.680;157.485;157.664;24.02;18.42;10.05;68.72;50.23;0.064;NEUTRE;0;53.2;2;0
2026.03.06 03:00;157.497;157.511;157.462;157.488;23.19;7.92;11.59;48.95;37.36;-0.048;NEUTRE;0;-53.2;-2;0
2026.03.06 02:00;157.479;157.543;157.443;157.497;23.87;9.14;13.37;33.00;29.36;-0.042;NEUTRE;0;-60.3;-2;0
2026.03.06 01:00;157.462;157.587;157.409;157.478;24.65;10.55;15.43;30.12;28.35;-0.054;NEUTRE;0;;;0
2026.03.06 00:00;157.563;157.564;157.379;157.462;25.55;10.18;17.81;24.94;27.98;-0.064;NEUTRE;0;;;0
2026.03.05 23:00;157.504;157.601;157.466;157.565;25.29;11.75;13.35;29.98;37.42;0.376;SOFT_UP;1;53.8;2;0
2026.03.05 22:00;157.508;157.586;157.409;157.503;28.19;11.85;15.40;29.01;49.75;0.336;SOFT_UP;1;51.9;2;0
2026.03.05 21:00;157.553;157.567;157.470;157.551;30.52;13.67;12.47;53.25;65.80;0.367;SOFT_UP;1;55.6;2;0
2026.03.05 20:00;157.810;157.844;157.410;157.553;34.51;15.77;14.39;66.99;69.93;0.368;SOFT_UP;1;57;2;0
2026.03.05 19:00;157.726;157.843;157.688;157.810;39.12;18.20;6.75;77.17;69.23;0.532;SOFT_UP;1;66.9;3;1
2026.03.05 18:00;157.685;157.837;157.631;157.726;38.08;20.40;7.79;65.65;65.56;0.478;SOFT_UP;1;65.8;3;1
2026.03.05 17:00;157.578;157.844;157.550;157.685;37.05;23.54;8.99;64.88;70.79;0.452;SOFT_UP;1;65.8;3;1
2026.03.05 16:00;157.613;157.785;157.528;157.578;35.87;24.08;10.37;66.14;78.04;0.384;SOFT_UP;1;63.5;2;1
2026.03.05 15:00;157.564;157.770;157.390;157.616;35.27;26.88;11.96;81.36;87.57;0.408;SOFT_UP;1;66.3;3;1
2026.03.05 14:00;157.758;157.771;157.523;157.561;34.79;31.02;8.42;86.62;90.12;0.373;SOFT_UP;1;65.8;3;1
2026.03.05 13:00;157.439;157.775;157.429;157.758;31.32;35.79;9.72;94.74;86.80;0.499;SOFT_UP;1;72.7;3;1
2026.03.05 12:00;157.344;157.495;157.284;157.438;27.33;28.85;11.21;89.01;78.69;0.295;SOFT_UP;1;64.1;2;1
2026.03.05 11:00;157.288;157.361;157.235;157.344;24.76;23.51;12.94;76.64;73.22;0.235;NEUTRE;0;60.8;2;1
2026.03.05 10:00;157.154;157.292;157.103;157.288;24.10;18.71;14.93;70.41;72.54;0.199;NEUTRE;0;59;2;1
2026.03.05 09:00;157.274;157.306;156.895;157.152;26.08;21.58;17.22;72.62;77.16;0.113;NEUTRE;0;46.4;2;1
2026.03.05 08:00;157.254;157.373;157.162;157.273;28.37;24.90;9.88;74.59;81.90;0.190;NEUTRE;0;63.3;2;1
2026.03.05 07:00;157.037;157.287;156.957;157.254;26.09;22.46;11.40;84.26;87.90;0.178;NEUTRE;0;64.8;2;1
2026.03.05 06:00;157.187;157.247;156.957;157.037;25.07;24.06;13.15;86.86;88.49;0.039;NEUTRE;0;28.5;1;0
2026.03.05 05:00;157.118;157.211;156.974;157.187;24.42;25.85;15.17;92.58;82.59;0.135;NEUTRE;0;66.1;3;0
2026.03.05 04:00;156.988;157.146;156.986;157.118;24.17;25.60;17.51;86.03;66.52;0.091;NEUTRE;0;62.3;2;0
2026.03.05 03:00;156.947;157.079;156.888;156.988;25.00;23.10;20.20;69.16;45.95;0.008;NEUTRE;0;12.6;0;0
2026.03.05 02:00;156.760;156.958;156.712;156.947;27.82;16.91;23.31;44.38;25.72;-0.018;NEUTRE;0;-37;-1;0
2026.03.05 01:00;156.564;156.764;156.449;156.760;29.65;7.38;26.90;24.32;21.03;-0.137;NEUTRE;0;;;0
2026.03.05 00:00;156.975;157.008;156.541;156.565;25.45;8.51;26.54;8.46;30.17;-0.261;NEUTRE;0;;;0
2026.03.04 23:00;157.010;157.092;156.961;156.974;21.46;9.82;16.79;30.32;42.00;-0.499;SOFT_DOWN;-1;-61.1;-2;0
2026.03.04 22:00;157.011;157.075;157.008;157.010;20.73;11.33;13.85;51.74;47.13;-0.477;SOFT_DOWN;-1;-61.1;-2;0
2026.03.04 21:00;157.085;157.112;157.009;157.028;22.38;13.08;15.75;43.93;40.38;-0.465;SOFT_DOWN;-1;-61.6;-2;0
2026.03.04 20:00;156.999;157.099;156.965;157.085;24.39;13.15;18.18;45.71;34.60;-0.429;SOFT_DOWN;-1;-60.9;-2;0
2026.03.04 19:00;157.158;157.158;156.967;156.999;25.67;15.17;20.74;31.49;24.54;-0.484;SOFT_DOWN;-1;-64.9;-2;1
2026.03.04 18:00;156.972;157.166;156.969;157.158;27.23;17.50;23.78;26.60;26.12;-0.383;SOFT_DOWN;-1;-60.7;-2;1
2026.03.04 17:00;156.936;157.031;156.878;156.972;29.08;9.65;27.43;15.54;37.13;-0.501;SOFT_DOWN;-1;-67.9;-3;1
2026.03.04 16:00;157.116;157.116;156.889;156.935;26.18;11.14;30.55;36.21;55.32;-0.524;SOFT_DOWN;-1;-69.9;-3;1
2026.03.04 15:00;157.247;157.390;157.100;157.116;23.05;12.85;20.95;59.64;64.58;-0.409;SOFT_DOWN;-1;-66.3;-3;1
2026.03.04 14:00;157.292;157.408;157.237;157.248;22.91;14.83;16.90;70.11;63.98;-0.326;SOFT_DOWN;-1;-62.8;-2;1
2026.03.04 13:00;157.310;157.318;157.083;157.290;25.43;9.01;19.50;63.98;55.36;-0.299;SOFT_DOWN;-1;-62.5;-2;1
2026.03.04 12:00;157.214;157.336;157.035;157.309;23.68;10.40;22.50;57.84;47.91;-0.287;SOFT_DOWN;-1;-63.4;-2;1
2026.03.04 11:00;157.278;157.342;157.064;157.214;21.66;12.00;24.48;44.26;42.33;-0.347;SOFT_DOWN;-1;-69.2;-3;1
2026.03.04 10:00;157.197;157.323;156.850;157.278;19.73;12.79;28.25;41.63;45.42;-0.307;SOFT_DOWN;-1;-68.7;-3;1
2026.03.04 09:00;157.398;157.460;157.083;157.197;16.97;14.76;25.02;41.09;51.69;-0.358;SOFT_DOWN;-1;-73.3;-3;1
2026.03.04 08:00;157.457;157.532;157.251;157.398;15.61;17.03;22.01;53.54;54.02;-0.231;NEUTRE;0;-67.5;-3;1
2026.03.04 07:00;157.431;157.477;157.250;157.459;16.05;16.64;25.39;60.42;47.98;-0.192;NEUTRE;0;-66.4;-3;1
2026.03.04 06:00;157.563;157.649;157.376;157.428;15.32;19.20;20.76;48.11;35.67;-0.212;NEUTRE;0;-71.3;-3;0
2026.03.04 05:00;157.371;157.625;157.347;157.563;17.07;20.80;23.96;35.41;27.31;-0.126;NEUTRE;0;-64.6;-2;0
2026.03.04 04:00;157.404;157.419;157.174;157.371;18.62;12.60;27.64;23.49;24.76;-0.248;NEUTRE;0;-79.1;-3;0
2026.03.04 03:00;157.597;157.638;157.365;157.404;15.73;14.54;19.90;23.02;31.34;-0.227;NEUTRE;0;-81;-3;0
2026.03.04 02:00;157.586;157.610;157.472;157.597;15.75;16.78;16.93;27.78;37.33;-0.105;NEUTRE;0;-77.2;-3;0
2026.03.04 01:00;157.535;157.760;157.533;157.586;18.11;19.36;12.74;43.23;46.45;-0.112;NEUTRE;0;;;0
2026.03.04 00:00;157.762;157.859;157.481;157.536;17.72;22.34;14.70;40.99;45.97;-0.143;NEUTRE;0;;;0
2026.03.03 23:00;157.549;157.790;157.549;157.762;17.27;22.96;16.96;55.11;48.12;0.316;SOFT_UP;1;49;2;0
2026.03.03 22:00;157.503;157.633;157.463;157.553;17.61;16.47;19.57;41.80;42.85;0.183;NEUTRE;0;34.8;1;0
2026.03.03 21:00;157.659;157.754;157.632;157.699;19.00;19.01;11.56;47.46;44.23;0.276;SOFT_UP;1;47.7;2;0
2026.03.03 20:00;157.660;157.668;157.478;157.659;18.18;11.09;13.34;39.28;43.79;0.251;NEUTRE;0;46.4;2;0
2026.03.03 19:00;157.646;157.816;157.468;157.663;19.56;12.79;15.39;45.95;50.96;0.253;NEUTRE;0;48.1;2;1
2026.03.03 18:00;157.833;157.841;157.498;157.645;21.15;14.76;16.43;46.15;53.77;0.242;NEUTRE;0;48.3;2;1
2026.03.03 17:00;157.691;157.862;157.672;157.831;23.58;17.03;11.15;60.80;59.11;0.360;SOFT_UP;1;60.5;2;1
2026.03.03 16:00;157.838;157.921;157.607;157.693;24.00;19.65;12.87;54.38;56.98;0.272;SOFT_UP;1;54.9;2;1
2026.03.03 15:00;157.712;157.909;157.595;157.838;24.48;22.09;14.85;62.15;59.04;0.364;SOFT_UP;1;63.8;2;1
2026.03.03 14:00;157.798;157.949;157.712;157.712;25.23;25.49;11.40;54.41;62.05;0.284;SOFT_UP;1;59.5;2;1
2026.03.03 13:00;157.636;157.814;157.611;157.798;23.24;20.64;13.16;60.57;70.37;0.339;SOFT_UP;1;65.4;3;1
2026.03.03 12:00;157.676;157.765;157.495;157.636;23.41;20.11;15.18;71.15;79.22;0.236;NEUTRE;0;58.7;2;1
2026.03.03 11:00;157.833;157.965;157.667;157.676;24.86;23.20;7.71;79.37;81.94;0.261;NEUTRE;0;63.3;2;1
2026.03.03 10:00;157.667;157.845;157.600;157.833;20.98;20.57;8.90;87.15;75.99;0.361;SOFT_UP;1;71.7;3;1
2026.03.03 09:00;157.506;157.817;157.460;157.667;18.11;21.98;10.27;79.30;63.19;0.256;NEUTRE;0;67.2;3;1
2026.03.03 08:00;157.405;157.576;157.297;157.507;15.31;14.98;11.85;61.52;50.74;0.154;NEUTRE;0;58.2;2;1
2026.03.03 07:00;157.216;157.449;157.147;157.405;15.87;10.28;13.67;48.73;44.65;0.089;NEUTRE;0;46.8;2;1
2026.03.03 06:00;157.390;157.483;157.204;157.216;16.14;11.86;12.87;41.96;38.99;-0.031;NEUTRE;0;-23.4;0;0
2026.03.03 05:00;157.393;157.431;157.265;157.390;17.99;13.68;11.49;43.25;32.72;0.079;NEUTRE;0;52.9;2;0
2026.03.03 04:00;157.278;157.413;157.194;157.393;19.41;14.12;13.26;31.75;33.16;0.081;NEUTRE;0;59.4;2;0
2026.03.03 03:00;157.245;157.382;157.196;157.278;21.92;14.12;15.30;23.15;40.18;0.008;NEUTRE;0;12.6;0;0
2026.03.03 02:00;157.286;157.388;157.172;157.245;24.67;16.29;17.65;44.59;55.01;-0.013;NEUTRE;0;-28.5;-1;0
2026.03.03 01:00;157.478;157.592;157.277;157.287;27.85;18.79;12.89;52.80;59.25;0.014;NEUTRE;0;;;0
2026.03.03 00:00;157.265;157.512;157.191;157.478;29.26;17.78;14.87;67.64;59.17;0.135;NEUTRE;0;;;0
2026.03.02 23:00;157.375;157.405;157.175;157.264;32.40;15.38;17.16;57.29;46.74;0.403;SOFT_UP;1;55.7;2;0
2026.03.02 22:00;157.344;157.417;157.247;157.375;36.54;17.75;14.98;52.58;33.74;0.474;SOFT_UP;1;61;2;0
2026.03.02 21:00;157.346;157.397;157.279;157.346;40.86;20.48;14.39;30.34;18.44;0.455;SOFT_UP;1;61.1;2;0
2026.03.02 20:00;157.147;157.490;157.111;157.346;44.46;23.63;16.61;18.29;20.48;0.455;SOFT_UP;1;62.3;2;0
2026.03.02 19:00;157.371;157.373;157.117;157.147;48.62;22.52;19.16;6.68;36.97;0.328;SOFT_UP;1;55.3;2;1
2026.03.02 18:00;157.356;157.487;157.327;157.371;54.86;25.98;9.49;36.48;62.80;0.471;SOFT_UP;1;65.4;3;1
2026.03.02 17:00;157.481;157.491;157.332;157.356;56.15;29.98;10.47;67.76;81.15;0.462;SOFT_UP;1;66.2;3;1
2026.03.02 16:00;157.729;157.748;157.368;157.481;57.37;34.59;8.60;84.17;88.67;0.541;SOFT_UP;1;70.5;3;1
2026.03.02 15:00;157.490;157.746;157.490;157.728;56.94;39.91;4.98;91.52;86.95;0.699;STRONG_UP;2;75.6;3;1
2026.03.02 14:00;157.515;157.563;157.409;157.490;53.73;35.05;5.75;90.32;75.77;0.547;SOFT_UP;1;73;3;1
2026.03.02 13:00;157.377;157.600;157.346;157.515;50.94;40.45;6.63;79.00;61.53;0.563;STRONG_UP;2;74.6;3;1
2026.03.02 12:00;156.957;157.398;156.954;157.377;47.73;34.44;7.65;57.99;55.40;0.475;SOFT_UP;1;73.2;3;1
2026.03.02 11:00;156.915;157.001;156.856;156.957;45.29;25.98;8.83;47.59;61.96;0.207;NEUTRE;0;57.6;2;1
2026.03.02 10:00;157.004;157.010;156.789;156.915;44.68;29.97;10.19;60.63;73.70;0.180;NEUTRE;0;56.4;2;1
2026.03.02 09:00;156.973;157.018;156.792;157.004;43.97;34.58;11.55;77.67;83.85;0.237;NEUTRE;0;65.6;3;1
2026.03.02 08:00;156.976;157.245;156.897;156.972;43.06;39.91;6.18;82.80;84.64;0.216;NEUTRE;0;66.1;3;1
2026.03.02 07:00;156.883;157.036;156.881;156.976;38.42;36.81;7.13;91.07;77.34;0.219;NEUTRE;0;69.1;3;1
2026.03.02 06:00;156.827;157.015;156.813;156.883;33.94;40.38;8.23;80.04;59.24;0.160;NEUTRE;0;65.8;3;0
2026.03.02 05:00;156.520;156.853;156.518;156.827;28.98;34.26;9.49;60.91;41.33;0.124;NEUTRE;0;64.3;2;0
2026.03.02 04:00;156.317;156.582;156.284;156.520;24.73;27.08;10.95;36.78;32.59;-0.072;NEUTRE;0;-56.4;-2;0
2026.03.02 03:00;156.281;156.336;156.154;156.317;22.01;18.55;12.64;26.29;39.41;-0.202;NEUTRE;0;-79.9;-3;0
2026.03.02 02:00;156.211;156.439;156.165;156.281;22.48;21.40;13.65;34.69;53.78;-0.225;NEUTRE;0;-83.9;-3;0
2026.03.02 01:00;156.394;156.598;156.207;156.213;22.53;24.70;13.39;57.26;68.53;-0.268;SOFT_DOWN;-1;;;0
2026.03.02 00:00;156.633;156.803;156.324;156.394;21.43;28.50;10.85;69.40;73.28;-0.153;NEUTRE;0;;;0
2026.03.01 23:00;156.122;156.657;156.117;156.631;17.83;28.19;12.52;78.93;72.96;0.331;SOFT_UP;1;50.3;2;0
2026.03.01 22:00;156.114;156.317;156.096;156.122;14.65;22.84;14.44;71.50;65.29;0.005;NEUTRE;0;1.1;0;0
2026.02.27 21:00;156.172;156.188;156.028;156.089;13.44;17.65;16.67;68.44;54.92;0.151;NEUTRE;0;31;1;0
2026.02.27 20:00;156.013;156.173;155.956;156.172;15.07;18.92;19.23;55.94;47.42;0.204;NEUTRE;0;40.5;1;0
2026.02.27 19:00;156.008;156.019;155.881;156.013;17.26;10.92;22.19;40.39;47.05;0.102;NEUTRE;0;24.2;0;1
2026.02.27 18:00;156.051;156.092;155.989;156.008;14.68;12.60;13.56;45.93;56.07;0.099;NEUTRE;0;24.7;0;1
2026.02.27 17:00;156.049;156.125;155.913;156.051;16.37;14.53;15.65;54.84;66.46;0.126;NEUTRE;0;31.8;1;1
2026.02.27 16:00;156.064;156.138;155.962;156.049;18.32;16.77;14.50;67.43;68.81;0.125;NEUTRE;0;33.2;1;1
2026.02.27 15:00;156.174;156.204;155.948;156.064;20.02;19.35;16.73;77.09;58.84;0.135;NEUTRE;0;37;1;1
2026.02.27 14:00;156.166;156.224;155.924;156.175;21.99;22.33;19.30;61.92;41.47;0.206;NEUTRE;0;50.9;2;1
2026.02.27 13:00;155.887;156.176;155.885;156.166;24.25;23.30;22.27;37.52;37.54;0.200;NEUTRE;0;52.1;2;1
2026.02.27 12:00;155.905;155.947;155.831;155.887;27.63;14.78;25.70;24.96;49.74;0.021;NEUTRE;0;8.3;0;1
2026.02.27 11:00;155.975;155.996;155.860;155.905;27.73;17.05;25.81;50.14;70.49;0.033;NEUTRE;0;14.1;0;1
2026.02.27 10:00;156.066;156.082;155.920;155.975;28.86;19.67;22.99;74.11;83.55;0.078;NEUTRE;0;33.1;1;1
2026.02.27 09:00;156.134;156.228;156.052;156.066;32.10;22.70;13.99;87.21;85.52;0.136;NEUTRE;0;51.6;2;1
2026.02.27 08:00;156.078;156.171;155.956;156.133;33.39;21.21;16.14;89.32;73.59;0.179;NEUTRE;0;61.9;2;1
2026.02.27 07:00;155.877;156.117;155.877;156.077;36.44;20.61;18.62;80.03;54.97;0.143;NEUTRE;0;59.7;2;1
2026.02.27 06:00;155.827;155.949;155.771;155.877;41.27;13.01;21.49;51.42;33.93;0.015;NEUTRE;0;11.8;0;0
2026.02.27 05:00;155.585;155.832;155.573;155.827;43.83;4.90;24.80;33.46;28.58;-0.017;NEUTRE;0;-15.9;0;0
2026.02.27 04:00;155.768;155.832;155.533;155.585;40.26;5.65;28.61;16.93;31.65;-0.173;NEUTRE;0;-74.5;-3;0
2026.02.27 03:00;155.742;155.812;155.691;155.767;36.15;6.52;24.88;35.37;38.26;-0.056;NEUTRE;0;-57.4;-2;0
2026.02.27 02:00;155.977;155.977;155.732;155.741;32.71;7.52;23.50;42.67;33.59;-0.073;NEUTRE;0;-71.9;-3;0
2026.02.27 01:00;155.885;155.982;155.703;155.977;29.82;8.68;27.11;36.76;22.94;0.079;NEUTRE;0;;;0
2026.02.27 00:00;155.854;155.970;155.666;155.885;26.49;9.35;31.28;21.35;16.58;0.020;NEUTRE;0;;;0
2026.02.26 23:00;156.091;156.104;155.826;155.854;22.26;10.79;28.00;10.72;20.08;-0.200;NEUTRE;0;-36;-1;0
2026.02.26 22:00;156.124;156.126;156.029;156.089;18.86;12.45;21.07;17.67;36.06;-0.049;NEUTRE;0;-10.6;0;0
2026.02.26 21:00;156.124;156.145;156.053;156.108;17.80;14.37;20.51;31.86;56.66;-0.037;NEUTRE;0;-8.4;0;0
2026.02.26 20:00;156.125;156.144;156.059;156.127;17.83;16.58;22.66;58.66;75.24;-0.025;NEUTRE;0;-6;0;0
2026.02.26 19:00;156.377;156.386;156.109;156.125;18.19;19.13;17.10;79.47;80.58;-0.026;NEUTRE;0;-6.5;0;1
2026.02.26 18:00;156.387;156.428;156.287;156.378;20.12;22.07;9.84;87.59;69.74;0.136;NEUTRE;0;32.3;1;1
2026.02.26 17:00;156.127;156.395;156.119;156.387;17.32;21.86;11.35;74.69;57.08;0.142;NEUTRE;0;34.9;1;1
2026.02.26 16:00;156.036;156.269;156.036;156.127;15.12;18.20;13.10;46.96;49.76;-0.025;NEUTRE;0;-7.4;0;1
2026.02.26 15:00;155.925;156.122;155.839;156.035;14.94;11.34;15.12;49.59;58.28;-0.084;NEUTRE;0;-25.1;-1;1
2026.02.26 14:00;156.155;156.247;155.827;155.921;15.04;13.08;17.44;52.73;57.74;-0.157;NEUTRE;0;-43.2;-1;1
2026.02.26 13:00;156.069;156.169;155.938;156.155;15.16;15.10;16.06;72.50;59.67;-0.007;NEUTRE;0;-2.6;0;1
2026.02.26 12:00;156.073;156.147;155.979;156.069;17.01;17.42;15.80;47.99;55.35;-0.062;NEUTRE;0;-23.4;0;1
2026.02.26 11:00;155.954;156.078;155.916;156.073;18.88;13.78;18.23;58.51;63.26;-0.060;NEUTRE;0;-24.5;0;1
2026.02.26 10:00;156.064;156.094;155.949;155.954;19.65;15.90;17.90;59.56;66.85;-0.136;NEUTRE;0;-48.7;-2;1
2026.02.26 09:00;155.998;156.085;155.914;156.064;21.76;17.39;20.66;71.69;69.93;-0.065;NEUTRE;0;-31.1;-1;1
2026.02.26 08:00;156.046;156.170;155.912;155.997;23.79;20.07;23.84;69.31;63.47;-0.108;NEUTRE;0;-48.5;-2;1
2026.02.26 07:00;155.977;156.167;155.977;156.046;26.12;23.16;23.63;68.78;53.36;-0.077;NEUTRE;0;-42.6;-1;1
2026.02.26 06:00;155.937;156.068;155.890;155.977;29.99;18.70;27.26;52.32;40.42;-0.121;NEUTRE;0;-59.3;-2;0
2026.02.26 05:00;155.897;155.966;155.698;155.937;31.74;12.76;31.45;38.98;29.75;-0.147;NEUTRE;0;-67.9;-3;0
2026.02.26 04:00;155.934;156.093;155.883;155.896;30.12;14.73;25.67;29.97;20.99;-0.173;NEUTRE;0;-74.5;-3;0
2026.02.26 03:00;155.934;155.992;155.796;155.934;30.59;9.59;29.62;20.30;13.11;-0.149;NEUTRE;0;-76.5;-3;0
2026.02.26 02:00;155.825;156.047;155.749;155.934;27.43;11.07;34.18;12.70;10.18;-0.149;NEUTRE;0;-80.9;-3;0
2026.02.26 01:00;155.987;156.051;155.805;155.825;23.80;12.77;36.55;6.34;14.45;-0.218;NEUTRE;0;;;0
2026.02.26 00:00;156.166;156.230;155.956;155.987;20.04;14.74;32.73;11.49;27.73;-0.115;NEUTRE;0;;;0
2026.02.25 23:00;156.299;156.338;156.114;156.166;17.30;17.01;28.89;25.54;43.04;0.169;NEUTRE;0;31.6;1;0
2026.02.25 22:00;156.312;156.404;156.239;156.299;15.97;19.62;24.75;46.18;50.47;0.255;NEUTRE;0;44.1;1;0
2026.02.25 21:00;156.440;156.482;156.349;156.382;16.65;22.64;18.30;57.39;45.76;0.308;SOFT_UP;1;50.8;2;0
2026.02.25 20:00;156.439;156.453;156.339;156.441;17.59;22.77;21.12;47.83;32.05;0.346;SOFT_UP;1;55.3;2;0
2026.02.25 19:00;156.392;156.536;156.365;156.439;19.71;26.28;20.86;32.06;18.83;0.344;SOFT_UP;1;56.6;2;1
2026.02.25 18:00;156.322;156.407;156.277;156.393;20.98;18.71;24.07;16.24;13.11;0.315;SOFT_UP;1;55.7;2;1
2026.02.25 17:00;156.300;156.367;156.233;156.322;22.28;16.86;27.77;8.18;21.92;0.269;SOFT_UP;1;52.9;2;1
2026.02.25 16:00;156.365;156.469;156.299;156.300;21.94;19.45;24.47;14.90;43.70;0.255;NEUTRE;0;53.1;2;1
2026.02.25 15:00;156.608;156.608;156.332;156.365;23.56;22.44;25.25;42.67;68.21;0.297;SOFT_UP;1;58.9;2;1
2026.02.25 14:00;156.690;156.755;156.439;156.608;26.28;25.89;23.17;73.54;85.55;0.453;SOFT_UP;1;69.7;3;1
2026.02.25 13:00;156.680;156.742;156.585;156.690;29.47;29.88;19.62;88.43;93.03;0.505;SOFT_UP;1;72.9;3;1
2026.02.25 12:00;156.790;156.794;156.650;156.680;30.81;34.48;16.27;94.67;95.71;0.499;SOFT_UP;1;74;3;1
2026.02.25 11:00;156.766;156.819;156.725;156.790;30.03;39.78;10.76;96.00;94.61;0.570;STRONG_UP;2;77;3;1
2026.02.25 10:00;156.554;156.774;156.538;156.766;25.82;38.53;12.42;96.47;89.02;0.554;SOFT_UP;1;77.8;3;1
2026.02.25 09:00;156.303;156.658;156.301;156.554;21.90;36.90;14.33;91.36;75.87;0.418;SOFT_UP;1;75.6;3;1
2026.02.25 08:00;155.917;156.303;155.907;156.303;18.49;27.28;16.53;79.23;61.43;0.257;NEUTRE;0;69.6;3;1
2026.02.25 07:00;155.709;155.919;155.682;155.917;17.57;16.56;19.07;57.01;52.83;0.010;NEUTRE;0;6.8;0;1
2026.02.25 06:00;155.592;155.788;155.521;155.709;19.18;10.60;22.01;48.06;49.49;-0.124;NEUTRE;0;-59.9;-2;0
2026.02.25 05:00;155.730;155.793;155.568;155.592;16.75;12.23;22.69;53.42;47.55;-0.199;NEUTRE;0;-73.3;-3;0
2026.02.25 04:00;155.820;156.039;155.695;155.730;14.72;14.11;17.49;46.98;35.72;-0.110;NEUTRE;0;-66.5;-3;0
2026.02.25 03:00;155.460;156.037;155.342;155.820;15.34;16.20;20.18;42.25;33.24;-0.053;NEUTRE;0;-55.9;-2;0
2026.02.25 02:00;155.772;155.800;155.392;155.460;16.02;13.44;23.29;17.92;32.04;-0.284;SOFT_DOWN;-1;-85.2;-3;0
2026.02.25 01:00;155.664;155.834;155.615;155.772;14.36;15.51;18.46;39.54;51.33;-0.083;NEUTRE;0;;;0
2026.02.25 00:00;155.902;155.988;155.657;155.665;15.23;17.90;18.35;38.65;63.33;-0.152;NEUTRE;0;;;0
2026.02.24 23:00;155.783;155.906;155.783;155.902;17.38;20.65;15.32;75.79;72.33;0.806;STRONG_UP;2;71.2;3;0
2026.02.24 22:00;155.834;155.886;155.749;155.782;17.77;21.34;17.67;75.54;62.71;0.729;STRONG_UP;2;70.2;3;0
2026.02.24 21:00;155.876;155.921;155.837;155.896;19.06;24.63;11.18;65.65;48.57;0.802;STRONG_UP;2;72.6;3;0
2026.02.24 20:00;155.776;155.877;155.739;155.876;16.22;20.36;12.90;46.96;35.09;0.789;STRONG_UP;2;73.1;3;0
2026.02.24 19:00;155.772;155.814;155.702;155.776;15.27;16.47;14.89;33.12;29.11;0.725;STRONG_UP;2;72.6;3;1
2026.02.24 18:00;155.751;155.797;155.687;155.772;16.84;16.66;17.18;25.20;30.81;0.722;STRONG_UP;2;73.4;3;1
2026.02.24 17:00;155.658;155.776;155.618;155.753;19.20;16.29;19.82;29.01;43.85;0.710;STRONG_UP;2;74;3;1
2026.02.24 16:00;155.907;155.929;155.579;155.658;20.65;18.80;22.87;38.23;53.44;0.649;STRONG_UP;2;73.6;3;1
2026.02.24 15:00;155.971;156.102;155.812;155.907;22.32;21.69;16.15;64.32;62.18;0.810;STRONG_UP;2;77.5;3;1
2026.02.24 14:00;156.053;156.169;155.914;155.966;23.50;25.03;13.22;57.78;61.96;0.848;STRONG_UP;2;78.8;3;1
2026.02.24 13:00;155.879;156.088;155.768;156.052;22.37;23.99;15.26;64.44;65.92;0.903;STRONG_UP;2;80.2;3;1
2026.02.24 12:00;155.875;156.018;155.829;155.877;22.38;24.31;17.61;63.66;68.24;0.790;STRONG_UP;2;79.7;3;1
2026.02.24 11:00;155.887;155.944;155.674;155.875;23.37;22.03;20.31;69.66;73.42;0.789;STRONG_UP;2;80.5;3;1
2026.02.24 10:00;155.851;155.929;155.741;155.887;26.34;25.42;19.62;71.39;75.57;0.797;STRONG_UP;2;81.5;3;1
2026.02.24 09:00;155.944;155.975;155.728;155.851;28.41;29.33;22.64;79.21;76.84;0.773;STRONG_UP;2;82.1;3;1
2026.02.24 08:00;156.095;156.276;155.902;155.944;30.80;33.84;15.29;76.11;72.38;0.833;STRONG_UP;2;83.4;3;1
2026.02.24 07:00;154.970;156.164;154.941;156.095;29.72;34.44;17.64;75.18;76.03;0.931;STRONG_UP;2;84.9;3;1
2026.02.24 06:00;155.161;155.186;154.967;154.970;29.33;27.44;20.35;65.85;78.92;0.204;NEUTRE;0;70.6;3;0
2026.02.24 05:00;155.241;155.303;155.162;155.162;31.56;31.66;9.78;87.06;82.89;0.328;SOFT_UP;1;79.7;3;0
2026.02.24 04:00;155.113;155.306;155.068;155.241;28.29;36.53;11.29;83.84;78.84;0.379;SOFT_UP;1;82.8;3;0
2026.02.24 03:00;154.906;155.116;154.860;155.113;24.53;29.87;13.02;77.78;76.85;0.296;SOFT_UP;1;83.1;3;0
2026.02.24 02:00;154.968;155.102;154.867;154.907;22.26;33.62;15.03;74.90;75.25;0.163;NEUTRE;0;81.7;3;0
2026.02.24 01:00;154.860;155.132;154.844;154.968;19.80;38.80;17.34;77.86;72.81;0.202;NEUTRE;0;;;0
2026.02.24 00:00;154.655;154.866;154.618;154.861;16.96;30.56;20.01;72.99;73.24;0.133;NEUTRE;0;;;0
2026.02.23 23:00;154.599;154.695;154.520;154.655;16.36;24.65;23.08;67.58;78.09;0.203;NEUTRE;0;36.4;1;0
2026.02.23 22:00;154.597;154.641;154.551;154.600;18.38;23.70;26.64;79.14;80.48;0.167;NEUTRE;0;32.4;1;0
2026.02.23 21:00;154.706;154.761;154.635;154.637;20.30;27.34;16.37;87.54;69.81;0.191;NEUTRE;0;37.3;1;0
2026.02.23 20:00;154.613;154.718;154.599;154.706;19.57;26.30;18.89;74.76;48.10;0.236;NEUTRE;0;44.6;1;0
2026.02.23 19:00;154.492;154.662;154.477;154.612;20.06;23.10;21.80;47.11;27.28;0.175;NEUTRE;0;37.6;1;1
2026.02.23 18:00;154.386;154.642;154.384;154.491;22.70;24.99;25.15;22.42;13.29;0.097;NEUTRE;0;24.3;0;1
2026.02.23 17:00;154.297;154.411;154.216;154.386;26.14;15.06;29.02;12.30;8.45;0.029;NEUTRE;0;8.1;0;1
2026.02.23 16:00;154.422;154.471;154.269;154.297;25.29;17.38;29.31;5.15;15.07;-0.029;NEUTRE;0;-8.6;0;1
2026.02.23 15:00;154.540;154.548;154.350;154.422;25.25;20.06;27.65;7.90;34.12;0.052;NEUTRE;0;16.2;0;1
2026.02.23 14:00;154.619;154.821;154.540;154.541;26.69;23.14;17.14;32.14;59.67;0.129;NEUTRE;0;37.6;1;1
2026.02.23 13:00;154.896;154.950;154.560;154.619;28.50;26.70;18.68;62.30;79.00;0.179;NEUTRE;0;49;2;1
2026.02.23 12:00;154.918;155.040;154.847;154.896;30.17;30.81;10.23;84.58;87.67;0.359;SOFT_UP;1;68.2;3;1
2026.02.23 11:00;154.785;154.940;154.751;154.918;27.10;27.58;11.81;90.13;87.72;0.373;SOFT_UP;1;70.6;3;1
2026.02.23 10:00;154.806;154.888;154.750;154.785;25.10;27.59;13.62;88.29;85.74;0.287;SOFT_UP;1;67.4;3;1
2026.02.23 09:00;154.714;154.858;154.619;154.806;23.75;28.49;15.72;84.75;84.42;0.301;SOFT_UP;1;70.3;3;1
2026.02.23 08:00;154.477;154.777;154.452;154.714;22.96;27.66;18.14;84.18;85.73;0.241;NEUTRE;0;68.3;3;1
2026.02.23 07:00;154.464;154.604;154.451;154.477;23.29;23.72;20.93;84.32;76.84;0.087;NEUTRE;0;46.1;2;1
2026.02.23 06:00;154.434;154.491;154.221;154.464;25.91;16.01;24.15;88.71;61.12;0.079;NEUTRE;0;47.8;2;0
2026.02.23 05:00;154.388;154.485;154.382;154.434;26.78;18.47;18.69;57.51;39.41;0.060;NEUTRE;0;45.1;2;0
2026.02.23 04:00;154.254;154.439;154.219;154.388;30.82;14.44;21.56;37.15;24.92;0.030;NEUTRE;0;32.1;1;0
2026.02.23 03:00;154.212;154.426;154.212;154.253;32.52;15.76;24.88;23.58;15.25;-0.058;NEUTRE;0;-58.3;-2;0
2026.02.23 02:00;154.211;154.269;154.069;154.212;34.07;6.90;28.71;14.04;9.24;-0.084;NEUTRE;0;-74.1;-3;0
2026.02.23 01:00;154.054;154.278;153.992;154.211;29.88;7.96;33.12;8.14;12.40;-0.085;NEUTRE;0;;;0
2026.02.23 00:00;154.342;154.467;154.053;154.054;25.05;9.18;34.94;5.54;28.44;-0.187;NEUTRE;0;;;0
2026.02.22 23:00;154.899;154.935;154.313;154.342;19.92;10.59;30.65;23.53;46.60;-0.334;SOFT_DOWN;-1;-50.5;-2;0
2026.02.22 22:00;154.860;154.925;154.856;154.908;15.51;12.22;21.94;56.25;55.56;0.031;NEUTRE;0;6.7;0;0
2026.02.20 21:00;155.061;155.075;154.945;155.063;13.52;14.10;18.70;60.01;50.40;-0.083;NEUTRE;0;-18.3;0;0
2026.02.20 20:00;155.124;155.161;154.978;155.061;13.44;16.27;17.67;50.42;42.04;-0.084;NEUTRE;0;-19.4;0;0
2026.02.20 19:00;155.018;155.180;154.960;155.124;14.88;18.78;20.38;40.75;34.02;-0.044;NEUTRE;0;-11;0;1
2026.02.20 18:00;154.992;155.074;154.808;155.018;16.54;14.25;23.52;34.95;31.71;-0.112;NEUTRE;0;-27.5;-1;1
2026.02.20 17:00;154.983;155.201;154.931;154.990;15.30;16.44;20.03;26.35;34.54;-0.130;NEUTRE;0;-32.6;-1;1
2026.02.20 16:00;154.848;155.092;154.709;154.983;16.15;12.76;23.11;33.83;43.40;-0.135;NEUTRE;0;-35.2;-1;1
2026.02.20 15:00;155.387;155.527;154.767;154.848;14.19;14.73;24.33;43.43;46.53;-0.222;NEUTRE;0;-51.1;-2;1
2026.02.20 14:00;155.414;155.533;155.315;155.387;12.59;16.99;16.98;52.94;43.19;0.126;NEUTRE;0;37;1;1
2026.02.20 13:00;155.247;155.442;155.036;155.414;14.53;13.18;19.59;43.23;40.85;0.143;NEUTRE;0;42.6;1;1
2026.02.20 12:00;155.222;155.313;155.175;155.247;13.75;15.21;17.34;33.40;47.40;0.035;NEUTRE;0;13.7;0;1
2026.02.20 11:00;155.173;155.270;155.120;155.222;14.86;12.76;20.01;45.93;64.30;0.019;NEUTRE;0;8.2;0;1
2026.02.20 10:00;155.390;155.431;155.156;155.173;13.74;14.72;19.39;62.85;76.46;-0.012;NEUTRE;0;-5.7;0;1
2026.02.20 09:00;155.549;155.638;155.364;155.390;13.75;16.99;10.74;84.12;81.12;0.128;NEUTRE;0;49.9;2;1
2026.02.20 08:00;155.492;155.596;155.292;155.549;12.40;17.24;12.39;82.40;74.85;0.230;NEUTRE;0;67.4;3;1
2026.02.20 07:00;155.142;155.500;154.942;155.492;11.80;15.03;14.30;76.83;71.21;0.193;NEUTRE;0;66.6;3;1
2026.02.20 06:00;155.290;155.372;155.142;155.157;13.23;17.35;10.99;65.32;68.73;-0.023;NEUTRE;0;-17.8;0;0
2026.02.20 05:00;155.204;155.364;155.168;155.290;11.81;20.02;10.94;71.49;68.65;0.063;NEUTRE;0;46.5;2;0
2026.02.20 04:00;155.139;155.220;155.067;155.204;9.11;11.79;12.62;69.37;66.18;0.008;NEUTRE;0;9.5;0;0
2026.02.20 03:00;155.197;155.208;155.089;155.139;9.99;13.61;12.35;65.09;66.54;-0.034;NEUTRE;0;-43.5;-1;0
2026.02.20 02:00;155.139;155.232;155.050;155.197;10.79;15.70;14.25;64.08;67.34;0.003;NEUTRE;0;7.1;0;0
2026.02.20 01:00;155.066;155.311;154.962;155.139;11.70;18.11;16.45;70.45;68.83;-0.034;NEUTRE;0;;;0
2026.02.20 00:00;155.192;155.234;154.893;155.066;12.76;17.51;18.98;67.49;66.03;-0.081;NEUTRE;0;;;0
2026.02.19 23:00;154.966;155.206;154.926;155.192;14.11;20.20;20.41;68.55;65.15;0.330;SOFT_UP;1;50.2;2;0
2026.02.19 22:00;154.939;155.023;154.864;154.966;16.20;13.25;23.54;62.06;57.78;0.184;NEUTRE;0;35;1;0
2026.02.19 21:00;155.081;155.102;154.951;154.991;14.39;15.29;18.75;64.85;49.80;0.200;NEUTRE;0;38.5;1;0
2026.02.19 20:00;155.077;155.116;155.000;155.078;15.04;17.65;16.64;46.44;41.97;0.257;NEUTRE;0;47.1;2;0
2026.02.19 19:00;154.869;155.127;154.825;155.077;16.90;20.36;19.20;38.12;45.22;0.256;NEUTRE;0;48.4;2;1
2026.02.19 18:00;155.014;155.024;154.823;154.869;19.05;18.25;22.16;41.36;55.84;0.122;NEUTRE;0;29.5;1;1
2026.02.19 17:00;154.962;155.027;154.918;155.015;20.50;21.05;18.29;56.16;67.35;0.216;NEUTRE;0;46.7;2;1
2026.02.19 16:00;154.994;155.008;154.855;154.962;22.57;21.61;21.11;70.00;73.89;0.182;NEUTRE;0;43.6;1;1
2026.02.19 15:00;155.216;155.259;154.949;154.993;25.86;24.93;14.90;75.88;64.82;0.202;NEUTRE;0;48.4;2;1
2026.02.19 14:00;154.910;155.278;154.890;155.212;25.96;28.77;17.19;75.80;46.22;0.343;SOFT_UP;1;64;2;1
2026.02.19 13:00;154.798;155.037;154.789;154.910;26.08;23.64;19.84;42.78;24.40;0.148;NEUTRE;0;43.6;1;1
2026.02.19 12:00;154.622;154.810;154.537;154.798;28.75;13.20;22.89;20.08;14.44;0.076;NEUTRE;0;27.9;1;1
2026.02.19 11:00;154.701;154.719;154.569;154.622;29.04;10.10;26.41;10.33;12.82;-0.038;NEUTRE;0;-16.1;0;1
2026.02.19 10:00;154.806;154.849;154.656;154.701;26.63;11.65;21.55;12.92;18.96;0.013;NEUTRE;0;6.2;0;1
2026.02.19 09:00;154.809;154.971;154.749;154.806;26.14;13.44;17.46;15.22;34.85;0.081;NEUTRE;0;37;1;1
2026.02.19 08:00;154.974;155.023;154.704;154.809;28.17;15.51;20.14;28.75;55.02;0.083;NEUTRE;0;40.9;1;1
2026.02.19 07:00;155.067;155.189;154.930;154.973;30.50;17.90;12.34;60.59;73.34;0.189;NEUTRE;0;66.1;3;1
2026.02.19 06:00;155.299;155.338;154.963;155.067;32.37;20.65;12.28;75.72;79.85;0.250;NEUTRE;0;74;3;0
2026.02.19 05:00;155.115;155.322;155.099;155.299;33.44;23.83;8.59;83.72;83.24;0.400;SOFT_UP;1;81.5;3;0
2026.02.19 04:00;155.135;155.290;155.096;155.115;31.35;25.29;9.91;80.10;82.24;0.281;SOFT_UP;1;80.3;3;0
2026.02.19 03:00;154.995;155.261;154.924;155.135;29.46;26.88;11.44;85.88;78.87;0.294;SOFT_UP;1;83;3;0
2026.02.19 02:00;154.947;155.041;154.751;154.995;27.79;20.97;13.20;80.75;72.26;0.203;NEUTRE;0;83.3;3;0
2026.02.19 01:00;154.728;154.977;154.651;154.947;28.56;20.80;15.23;69.98;71.20;0.172;NEUTRE;0;;;0
2026.02.19 00:00;154.681;154.831;154.616;154.728;30.58;17.11;17.57;66.04;76.86;0.030;NEUTRE;0;;;0
2026.02.18 23:00;154.736;154.791;154.680;154.680;35.08;19.75;15.70;77.57;83.75;1.014;EXPLOSIVE_UP;3;74.8;3;0
2026.02.18 22:00;154.760;154.791;154.712;154.736;38.72;22.79;13.67;86.97;87.31;1.051;EXPLOSIVE_UP;3;75.9;3;0
2026.02.18 21:00;154.812;154.848;154.769;154.827;40.83;26.29;8.15;86.73;87.98;1.110;EXPLOSIVE_UP;3;77.3;3;0
2026.02.18 20:00;154.720;154.831;154.697;154.813;39.01;27.03;9.41;88.23;90.47;1.101;EXPLOSIVE_UP;3;77.7;3;0
2026.02.18 19:00;154.737;154.865;154.342;154.717;37.57;31.18;10.85;88.99;91.21;1.038;EXPLOSIVE_UP;3;77.7;3;1
2026.02.18 18:00;154.526;154.790;154.519;154.737;35.91;35.98;7.32;94.19;91.71;1.051;EXPLOSIVE_UP;3;78.4;3;1
2026.02.18 17:00;154.448;154.601;154.408;154.526;31.25;30.79;8.44;90.45;90.18;0.914;STRONG_UP;2;77.5;3;1
2026.02.18 16:00;154.279;154.483;154.230;154.448;27.30;26.12;9.74;90.47;88.35;0.863;STRONG_UP;2;77.5;3;1
2026.02.18 15:00;154.373;154.430;154.242;154.279;24.47;26.91;11.24;89.61;82.10;0.752;STRONG_UP;2;76.6;3;1
2026.02.18 14:00;153.939;154.438;153.910;154.373;21.92;31.05;12.97;84.98;75.45;0.814;STRONG_UP;2;78.4;3;1
2026.02.18 13:00;153.681;153.941;153.610;153.939;18.97;21.35;14.97;71.72;73.68;0.530;SOFT_UP;1;73.7;3;1
2026.02.18 12:00;153.704;153.797;153.547;153.681;19.19;17.94;17.27;69.66;78.17;0.362;SOFT_UP;1;68.4;3;1
2026.02.18 11:00;153.806;153.812;153.649;153.704;21.85;20.70;13.65;79.66;82.81;0.377;SOFT_UP;1;70.8;3;1
2026.02.18 10:00;153.723;153.853;153.692;153.806;22.05;23.88;11.69;85.19;76.75;0.443;SOFT_UP;1;74.9;3;1
2026.02.18 09:00;153.716;153.794;153.637;153.723;20.17;21.92;13.49;83.57;64.51;0.389;SOFT_UP;1;74.5;3;1
2026.02.18 08:00;153.667;153.786;153.571;153.716;19.61;24.51;15.56;61.49;55.11;0.385;SOFT_UP;1;76;3;1
2026.02.18 07:00;153.416;153.710;153.411;153.666;19.19;22.84;17.96;48.47;59.30;0.352;SOFT_UP;1;76.6;3;1
2026.02.18 06:00;153.453;153.527;153.388;153.416;20.30;16.94;20.72;55.38;69.57;0.189;NEUTRE;0;69.2;3;0
2026.02.18 05:00;153.593;153.609;153.448;153.453;21.88;19.54;17.27;74.04;78.21;0.213;NEUTRE;0;74.3;3;0
2026.02.18 04:00;153.598;153.615;153.508;153.593;24.29;22.55;14.19;79.30;79.31;0.304;SOFT_UP;1;81.1;3;0
2026.02.18 03:00;153.513;153.600;153.461;153.598;24.53;23.86;16.37;81.28;72.89;0.308;SOFT_UP;1;83.4;3;0
2026.02.18 02:00;153.438;153.699;153.438;153.513;25.44;27.53;18.89;77.34;56.50;0.252;NEUTRE;0;84.6;3;0
2026.02.18 01:00;153.224;153.461;153.220;153.437;26.49;17.79;21.80;60.07;37.76;0.202;NEUTRE;0;;;0
2026.02.18 00:00;153.127;153.300;153.066;153.224;29.01;10.25;25.15;32.09;24.83;0.063;NEUTRE;0;;;0
2026.02.17 23:00;153.257;153.300;153.103;153.126;27.00;11.83;26.59;21.13;18.51;-0.277;SOFT_DOWN;-1;-45.2;-2;0
2026.02.17 22:00;153.173;153.260;153.172;153.257;25.25;13.65;25.29;21.29;15.04;-0.192;NEUTRE;0;-36.1;-1;0
2026.02.17 21:00;153.283;153.299;153.221;153.281;24.53;15.75;22.27;13.12;16.24;-0.176;NEUTRE;0;-35;-1;0
2026.02.17 20:00;153.251;153.295;153.179;153.283;25.67;17.39;25.69;10.71;26.54;-0.175;NEUTRE;0;-36.2;-1;0
2026.02.17 19:00;153.351;153.393;153.226;153.250;26.65;20.06;23.41;24.89;45.09;-0.197;NEUTRE;0;-40.9;-1;1
2026.02.17 18:00;153.466;153.477;153.299;153.351;29.57;23.15;20.29;44.02;62.86;-0.131;NEUTRE;0;-31.3;-1;1
2026.02.17 17:00;153.563;153.578;153.429;153.466;33.10;26.71;12.18;66.37;77.02;-0.056;NEUTRE;0;-15.4;0;1
2026.02.17 16:00;153.792;153.842;153.491;153.563;32.45;30.82;7.65;78.20;82.62;0.007;NEUTRE;0;2.1;0;1
2026.02.17 15:00;153.450;153.917;153.444;153.792;28.17;35.56;8.83;86.51;84.13;0.156;NEUTRE;0;41;1;1
2026.02.17 14:00;153.273;153.527;153.264;153.450;23.24;28.35;10.18;83.15;80.34;-0.066;NEUTRE;0;-21.5;0;1
2026.02.17 13:00;153.060;153.387;153.019;153.273;19.56;24.52;11.75;82.73;74.08;-0.182;NEUTRE;0;-49.5;-2;1
2026.02.17 12:00;153.128;153.182;153.057;153.060;17.16;19.72;13.56;75.14;57.81;-0.320;SOFT_DOWN;-1;-65.8;-3;1
2026.02.17 11:00;152.988;153.178;152.948;153.128;16.95;22.26;15.64;64.37;43.89;-0.276;SOFT_DOWN;-1;-64.5;-2;1
2026.02.17 10:00;152.900;153.090;152.844;152.988;16.87;19.80;18.05;33.93;31.82;-0.367;SOFT_DOWN;-1;-72;-3;1
2026.02.17 09:00;152.718;152.940;152.697;152.900;18.75;13.46;20.83;33.36;31.34;-0.425;SOFT_DOWN;-1;-75.8;-3;1
2026.02.17 08:00;153.078;153.175;152.718;152.718;18.33;15.53;22.70;28.17;26.11;-0.543;SOFT_DOWN;-1;-80;-3;1
2026.02.17 07:00;152.954;153.105;152.823;153.078;18.27;17.92;22.66;32.49;22.37;-0.309;SOFT_DOWN;-1;-74.8;-3;1
2026.02.17 06:00;152.950;152.966;152.840;152.954;19.29;13.10;26.14;17.68;17.03;-0.389;SOFT_DOWN;-1;-79.5;-3;0
2026.02.17 05:00;153.082;153.146;152.893;152.950;17.14;15.11;23.70;16.93;15.24;-0.392;SOFT_DOWN;-1;-81.3;-3;0
2026.02.17 04:00;153.174;153.218;152.986;153.082;16.37;17.44;21.69;16.49;11.65;-0.306;SOFT_DOWN;-1;-81.1;-3;0
2026.02.17 03:00;153.133;153.177;153.017;153.174;17.22;17.40;25.02;12.31;10.08;-0.246;NEUTRE;0;-81.7;-3;0
2026.02.17 02:00;153.142;153.255;153.051;153.133;17.11;20.08;25.60;6.14;14.44;-0.273;SOFT_DOWN;-1;-85;-3;0
2026.02.17 01:00;153.181;153.394;153.127;153.142;17.88;23.17;23.81;11.79;30.41;-0.267;SOFT_DOWN;-1;;;0
2026.02.17 00:00;153.552;153.580;153.160;153.181;20.42;26.73;25.57;25.40;48.59;-0.242;NEUTRE;0;;;0
2026.02.16 23:00;153.506;153.753;153.500;153.552;23.22;30.84;17.05;54.04;61.37;0.496;SOFT_UP;1;61;2;0
2026.02.16 22:00;153.403;153.525;153.403;153.506;22.36;21.72;19.67;66.34;66.79;0.466;SOFT_UP;1;60.6;2;0
2026.02.16 21:00;153.502;153.535;153.494;153.517;25.04;25.07;11.23;63.72;68.42;0.473;SOFT_UP;1;62;2;0
2026.02.16 20:00;153.478;153.503;153.448;153.502;23.02;16.91;12.95;70.30;71.67;0.463;SOFT_UP;1;62.7;2;0
2026.02.16 19:00;153.501;153.527;153.467;153.478;24.52;19.52;9.63;71.24;71.75;0.448;SOFT_UP;1;63.1;2;1
2026.02.16 18:00;153.465;153.516;153.453;153.501;23.08;19.70;11.11;73.46;66.27;0.463;SOFT_UP;1;65.1;3;1
2026.02.16 17:00;153.486;153.560;153.452;153.466;22.34;22.73;12.82;70.54;53.21;0.440;SOFT_UP;1;65.2;3;1
2026.02.16 16:00;153.459;153.569;153.400;153.486;21.49;26.23;14.79;54.80;38.41;0.453;SOFT_UP;1;67.1;3;1
2026.02.16 15:00;153.353;153.474;153.296;153.459;20.51;21.61;17.07;34.28;31.58;0.435;SOFT_UP;1;67.6;3;1
2026.02.16 14:00;153.330;153.389;153.250;153.353;21.86;17.59;19.70;26.14;39.11;0.366;SOFT_UP;1;65.4;3;1
2026.02.16 13:00;153.368;153.445;153.293;153.330;24.35;20.30;17.97;34.33;54.97;0.351;SOFT_UP;1;66.1;3;1
2026.02.16 12:00;153.366;153.409;153.320;153.368;27.16;19.77;20.73;56.87;71.09;0.376;SOFT_UP;1;69.1;3;1
2026.02.16 11:00;153.522;153.549;153.353;153.366;30.97;22.82;18.22;73.70;80.60;0.374;SOFT_UP;1;70.6;3;1
2026.02.16 10:00;153.566;153.632;153.514;153.522;34.01;26.33;8.38;82.69;81.44;0.476;SOFT_UP;1;75.9;3;1
2026.02.16 09:00;153.339;153.610;153.292;153.566;31.29;27.51;9.67;85.40;80.00;0.505;SOFT_UP;1;78;3;1
2026.02.16 08:00;153.339;153.456;153.210;153.339;28.72;24.29;11.16;76.24;79.24;0.357;SOFT_UP;1;75;3;1
2026.02.16 07:00;153.131;153.384;153.127;153.339;27.44;23.53;12.87;78.38;83.00;0.357;SOFT_UP;1;76.8;3;1
2026.02.16 06:00;153.192;153.221;153.075;153.131;27.16;17.39;14.85;83.11;84.63;0.221;NEUTRE;0;72;3;0
2026.02.16 05:00;153.230;153.241;153.141;153.192;30.13;20.06;10.19;87.51;82.40;0.260;NEUTRE;0;77;3;0
2026.02.16 04:00;153.064;153.243;152.982;153.230;29.74;23.15;11.75;83.28;80.41;0.285;SOFT_UP;1;80.5;3;0
2026.02.16 03:00;153.006;153.099;152.993;153.064;29.29;18.22;13.56;76.41;80.59;0.177;NEUTRE;0;78.5;3;0
2026.02.16 02:00;153.017;153.108;152.966;153.006;31.54;21.03;15.65;81.53;79.16;0.139;NEUTRE;0;80.2;3;0
2026.02.16 01:00;153.096;153.160;152.960;153.017;34.14;24.26;18.05;83.84;66.40;0.146;NEUTRE;0;;;0
2026.02.16 00:00;152.794;153.108;152.761;153.096;37.13;23.99;20.83;72.11;47.45;0.198;NEUTRE;0;;;0
2026.02.15 23:00;152.657;152.861;152.644;152.794;41.76;16.73;24.04;43.25;32.96;0.086;NEUTRE;0;17.4;0;0
2026.02.15 22:00;152.662;152.662;152.585;152.656;45.43;5.20;27.73;27.00;28.89;-0.004;NEUTRE;0;-0.9;0;0
2026.02.13 21:00;152.754;152.765;152.622;152.685;41.89;6.00;26.31;28.62;30.42;-0.067;NEUTRE;0;-14.9;0;0
2026.02.13 20:00;152.776;152.835;152.660;152.754;38.67;6.92;26.27;31.06;28.99;-0.022;NEUTRE;0;-5.3;0;0
2026.02.13 19:00;152.828;152.853;152.724;152.776;35.65;7.99;24.68;31.57;28.32;-0.007;NEUTRE;0;-1.8;0;1
2026.02.13 18:00;152.799;152.883;152.756;152.828;33.27;9.22;24.66;24.35;27.98;0.027;NEUTRE;0;7.1;0;1
2026.02.13 17:00;152.784;152.867;152.590;152.799;31.38;8.70;28.46;29.04;31.10;0.008;NEUTRE;0;2.3;0;1
2026.02.13 16:00;153.128;153.221;152.737;152.784;28.02;10.03;24.67;30.55;28.45;-0.002;NEUTRE;0;-0.6;0;1
2026.02.13 15:00;153.040;153.145;152.901;153.128;25.85;11.58;23.25;33.72;24.18;0.223;NEUTRE;0;51.2;2;1
2026.02.13 14:00;153.064;153.118;152.780;153.040;24.67;11.66;26.83;21.07;23.93;0.166;NEUTRE;0;44.8;1;1
2026.02.13 13:00;153.240;153.333;152.917;153.062;22.40;13.45;24.72;17.76;35.76;0.180;NEUTRE;0;49.2;2;1
2026.02.13 12:00;153.356;153.392;153.233;153.241;21.30;15.52;16.84;32.96;55.45;0.297;SOFT_UP;1;64.2;2;1
2026.02.13 11:00;153.436;153.462;153.228;153.356;23.95;17.91;19.43;56.57;71.20;0.372;SOFT_UP;1;70.5;3;1
2026.02.13 10:00;153.504;153.587;153.434;153.436;27.01;20.66;8.87;76.81;81.22;0.425;SOFT_UP;1;74.3;3;1
2026.02.13 09:00;153.576;153.661;153.445;153.504;25.03;23.84;9.13;80.21;83.55;0.469;SOFT_UP;1;77.1;3;1
2026.02.13 08:00;153.395;153.648;153.358;153.576;22.01;26.58;10.54;86.63;86.20;0.516;SOFT_UP;1;79.5;3;1
2026.02.13 07:00;153.395;153.590;153.317;153.392;18.75;27.60;12.16;83.80;80.37;0.396;SOFT_UP;1;78.1;3;1
2026.02.13 06:00;153.289;153.410;153.110;153.395;15.66;21.70;14.03;88.19;74.49;0.398;SOFT_UP;1;79.8;3;0
2026.02.13 05:00;153.247;153.392;153.063;153.288;14.77;24.11;16.19;69.12;67.97;0.328;SOFT_UP;1;79.7;3;0
2026.02.13 04:00;152.941;153.250;152.839;153.247;14.01;21.18;18.68;66.17;69.56;0.301;SOFT_UP;1;81;3;0
2026.02.13 03:00;153.153;153.155;152.841;152.947;15.20;20.88;21.55;68.63;69.72;0.105;NEUTRE;0;71.1;3;0
2026.02.13 02:00;153.263;153.307;153.045;153.153;17.30;24.10;14.87;73.87;58.18;0.240;NEUTRE;0;84.3;3;0
2026.02.13 01:00;152.761;153.343;152.757;153.263;16.32;27.81;17.16;66.67;44.88;0.312;SOFT_UP;1;;;0
2026.02.13 00:00;152.787;152.956;152.729;152.762;15.18;21.92;19.80;33.99;35.58;-0.016;NEUTRE;0;;;0
2026.02.12 23:00;152.677;152.870;152.662;152.787;16.73;19.47;22.84;33.99;43.78;-0.311;SOFT_DOWN;-1;-48.5;-2;0
2026.02.12 22:00;152.717;152.771;152.622;152.678;18.08;15.14;26.36;38.77;52.60;-0.382;SOFT_DOWN;-1;-55.4;-2;0
2026.02.12 21:00;152.682;152.783;152.663;152.722;16.70;17.47;26.18;58.59;56.83;-0.353;SOFT_DOWN;-1;-54.6;-2;0
2026.02.12 20:00;152.896;152.922;152.682;152.683;16.20;20.16;27.77;60.42;49.14;-0.378;SOFT_DOWN;-1;-57.7;-2;0
2026.02.12 19:00;152.927;152.986;152.869;152.896;16.25;23.26;20.06;51.47;35.86;-0.239;NEUTRE;0;-46.4;-2;1
2026.02.12 18:00;152.849;152.969;152.742;152.927;17.62;24.60;23.14;35.51;23.05;-0.219;NEUTRE;0;-45.5;-2;1
2026.02.12 17:00;152.649;152.883;152.546;152.849;19.86;22.56;26.70;20.60;18.18;-0.270;SOFT_DOWN;-1;-53;-2;1
2026.02.12 16:00;152.644;152.813;152.361;152.650;21.62;22.83;30.81;13.04;28.87;-0.400;SOFT_DOWN;-1;-64.4;-2;1
2026.02.12 15:00;153.026;153.059;152.621;152.644;22.65;26.34;26.70;20.90;49.40;-0.404;SOFT_DOWN;-1;-66.1;-3;1
2026.02.12 14:00;153.260;153.393;152.952;153.026;26.03;30.40;19.18;52.69;67.39;-0.155;NEUTRE;0;-42.8;-1;1
2026.02.12 13:00;153.664;153.718;153.219;153.260;26.56;35.07;12.82;74.61;65.03;-0.002;NEUTRE;0;-0.7;0;1
2026.02.12 12:00;153.308;153.754;153.275;153.664;23.50;40.47;13.06;74.88;51.76;0.262;NEUTRE;0;61.3;2;1
2026.02.12 11:00;153.111;153.328;153.031;153.306;19.24;33.01;15.07;45.59;41.21;0.028;NEUTRE;0;12;0;1
2026.02.12 10:00;152.907;153.112;152.897;153.111;16.46;26.90;17.39;34.80;46.79;-0.099;NEUTRE;0;-39.6;-1;1
2026.02.12 09:00;152.913;153.010;152.796;152.907;15.69;23.74;20.07;43.24;60.47;-0.232;NEUTRE;0;-65.1;-3;1
2026.02.12 08:00;153.025;153.062;152.806;152.913;16.81;27.39;22.44;62.33;70.37;-0.228;NEUTRE;0;-67.2;-3;1
2026.02.12 07:00;153.305;153.349;152.856;153.030;17.87;31.61;22.89;75.85;67.03;-0.152;NEUTRE;0;-61.2;-2;1
2026.02.12 06:00;153.098;153.546;152.941;153.308;18.16;36.47;23.75;72.94;50.93;0.029;NEUTRE;0;22;0;0
2026.02.12 05:00;152.851;153.186;152.814;153.098;17.70;32.92;27.41;52.32;31.19;-0.108;NEUTRE;0;-61;-2;0
2026.02.12 04:00;152.556;152.852;152.428;152.852;19.02;24.18;31.63;27.52;18.10;-0.268;SOFT_DOWN;-1;-79.9;-3;0
2026.02.12 03:00;152.537;152.638;152.264;152.556;19.89;20.13;36.49;13.73;24.06;-0.461;SOFT_DOWN;-1;-85.6;-3;0
2026.02.12 02:00;152.849;152.890;152.514;152.537;18.51;23.23;31.82;13.05;42.23;-0.474;SOFT_DOWN;-1;-87.1;-3;0
2026.02.12 01:00;153.105;153.156;152.785;152.849;18.96;26.80;25.63;45.39;66.42;-0.270;SOFT_DOWN;-1;;;0
2026.02.12 00:00;153.263;153.441;153.088;153.105;21.53;30.92;17.01;68.25;75.40;-0.103;NEUTRE;0;;;0
2026.02.11 23:00;153.087;153.280;153.077;153.264;20.37;28.67;19.62;85.61;72.10;-0.797;STRONG_DOWN;-2;-71;-3;0
2026.02.11 22:00;153.093;153.170;153.063;153.094;20.63;24.74;22.64;72.33;54.55;-0.907;STRONG_DOWN;-2;-73.8;-3;0
2026.02.11 21:00;153.211;153.308;153.195;153.263;23.12;28.55;15.97;58.36;36.38;-0.798;STRONG_DOWN;-2;-72.5;-3;0
2026.02.11 20:00;152.940;153.248;152.917;153.210;22.33;24.77;18.43;32.97;20.29;-0.832;STRONG_DOWN;-2;-74;-3;0
2026.02.11 19:00;152.709;152.941;152.708;152.940;23.50;14.31;21.26;17.79;16.06;-1.007;EXPLOSIVE_DOWN;-3;-77.3;-3;1
2026.02.11 18:00;152.824;152.958;152.561;152.709;24.11;16.51;24.53;10.11;19.30;-1.157;EXPLOSIVE_DOWN;-3;-79.5;-3;1
2026.02.11 17:00;152.931;153.018;152.549;152.824;24.82;19.05;28.31;20.27;30.60;-1.082;EXPLOSIVE_DOWN;-3;-79.4;-3;1
2026.02.11 16:00;153.614;153.681;152.928;152.933;25.63;21.98;20.23;27.54;40.92;-1.012;EXPLOSIVE_DOWN;-3;-79.3;-3;1
2026.02.11 15:00;153.449;153.684;153.166;153.614;28.93;25.36;18.48;43.99;54.84;-0.571;STRONG_DOWN;-2;-72.6;-3;1
2026.02.11 14:00;153.830;153.958;153.337;153.444;30.97;29.27;16.24;51.24;69.97;-0.681;STRONG_DOWN;-2;-76.2;-3;1
2026.02.11 13:00;153.594;154.647;152.830;153.830;31.33;33.77;18.74;69.30;80.00;-0.431;SOFT_DOWN;-1;-70.2;-3;1
2026.02.11 12:00;153.492;153.657;153.461;153.594;31.75;30.58;21.63;89.38;78.12;-0.584;STRONG_DOWN;-2;-76.2;-3;1
2026.02.11 11:00;153.306;153.518;153.306;153.491;33.99;24.38;24.95;81.33;63.60;-0.651;STRONG_DOWN;-2;-78.6;-3;1
2026.02.11 10:00;153.204;153.327;153.171;153.306;39.04;14.26;28.79;63.64;48.02;-0.770;STRONG_DOWN;-2;-81.2;-3;1
2026.02.11 09:00;153.145;153.401;153.104;153.204;39.86;16.46;33.22;45.84;34.07;-0.836;STRONG_DOWN;-2;-82.7;-3;1
2026.02.11 08:00;153.103;153.309;153.019;153.145;40.80;14.23;38.33;34.59;22.96;-0.874;STRONG_DOWN;-2;-83.8;-3;1
2026.02.11 07:00;153.141;153.319;153.078;153.103;40.02;16.41;41.10;21.79;12.49;-0.902;STRONG_DOWN;-2;-84.7;-3;1
2026.02.11 06:00;153.036;153.179;152.796;153.141;39.57;10.00;47.42;12.51;5.92;-0.877;STRONG_DOWN;-2;-85.3;-3;0
2026.02.11 05:00;153.310;153.387;152.995;153.036;35.63;11.54;46.73;3.16;3.78;-0.945;STRONG_DOWN;-2;-86.4;-3;0
2026.02.11 04:00;153.556;153.577;153.258;153.310;31.82;13.32;43.59;2.08;5.83;-0.768;STRONG_DOWN;-2;-86.4;-3;0
2026.02.11 03:00;153.610;153.731;153.545;153.556;28.53;15.37;36.46;6.11;14.90;-0.608;STRONG_DOWN;-2;-86.6;-3;0
2026.02.11 02:00;153.974;153.974;153.608;153.610;26.66;17.73;36.85;9.32;25.40;-0.573;STRONG_DOWN;-2;-87.6;-3;0
2026.02.11 01:00;154.045;154.063;153.832;153.975;25.37;20.46;33.13;29.27;41.80;-0.337;SOFT_DOWN;-1;;;0
2026.02.11 00:00;154.496;154.513;153.995;154.046;25.64;23.60;27.38;37.60;49.54;-0.291;SOFT_DOWN;-1;;;0
2026.02.10 23:00;154.383;154.503;154.373;154.496;28.44;27.23;20.36;58.53;54.88;-1.043;EXPLOSIVE_DOWN;-3;-75.2;-3;0
2026.02.10 22:00;154.311;154.386;154.303;154.383;30.60;17.58;23.49;52.49;53.75;-1.115;EXPLOSIVE_DOWN;-3;-76.7;-3;0
2026.02.10 21:00;154.339;154.430;154.313;154.402;33.09;20.28;25.55;53.62;50.29;-1.103;EXPLOSIVE_DOWN;-3;-77.2;-3;0
2026.02.10 20:00;154.310;154.363;154.239;154.339;36.41;14.59;29.49;55.13;42.96;-1.143;EXPLOSIVE_DOWN;-3;-78.2;-3;0
2026.02.10 19:00;154.495;154.581;154.297;154.310;36.81;16.84;26.83;42.12;30.93;-1.162;EXPLOSIVE_DOWN;-3;-78.9;-3;1
2026.02.10 18:00;154.376;154.539;154.364;154.495;38.96;19.43;27.32;31.62;22.00;-1.043;EXPLOSIVE_DOWN;-3;-78.3;-3;1
2026.02.10 17:00;154.281;154.416;154.151;154.376;42.35;11.61;31.53;19.07;15.13;-1.120;EXPLOSIVE_DOWN;-3;-79.7;-3;1
2026.02.10 16:00;154.206;154.321;154.050;154.281;41.76;7.88;36.38;15.32;13.20;-1.180;EXPLOSIVE_DOWN;-3;-80.8;-3;1
2026.02.10 15:00;154.385;154.459;154.064;154.206;38.28;9.09;41.18;11.00;14.39;-1.229;EXPLOSIVE_DOWN;-3;-81.7;-3;1
2026.02.10 14:00;154.753;154.791;154.209;154.385;34.35;10.49;41.87;13.27;19.03;-1.114;EXPLOSIVE_DOWN;-3;-81.5;-3;1
2026.02.10 13:00;155.172;155.226;154.726;154.755;30.41;12.10;34.64;18.90;24.44;-0.877;STRONG_DOWN;-2;-79.9;-3;1
2026.02.10 12:00;155.266;155.302;155.062;155.172;27.66;13.96;29.64;24.91;32.98;-0.610;STRONG_DOWN;-2;-76.8;-3;1
2026.02.10 11:00;155.135;155.298;155.104;155.266;26.39;16.11;31.50;29.49;47.97;-0.550;SOFT_DOWN;-1;-76.5;-3;1
2026.02.10 10:00;155.280;155.280;155.045;155.135;25.47;17.16;36.35;44.52;61.22;-0.633;STRONG_DOWN;-2;-79.3;-3;1
2026.02.10 09:00;155.546;155.549;155.243;155.280;23.88;19.80;28.98;69.91;61.43;-0.541;SOFT_DOWN;-1;-78.7;-3;1
2026.02.10 08:00;155.555;155.631;155.485;155.546;24.65;22.84;21.27;69.22;45.82;-0.370;SOFT_DOWN;-1;-75.5;-3;1
2026.02.10 07:00;155.406;155.605;155.283;155.555;27.90;23.62;24.54;45.17;28.02;-0.364;SOFT_DOWN;-1;-77;-3;1
2026.02.10 06:00;155.302;155.445;155.274;155.406;31.89;19.61;28.32;23.06;16.10;-0.460;SOFT_DOWN;-1;-81.1;-3;0
2026.02.10 05:00;155.258;155.321;155.084;155.302;34.00;11.47;32.67;15.82;11.41;-0.527;SOFT_DOWN;-1;-83.5;-3;0
2026.02.10 04:00;155.324;155.361;155.136;155.258;31.84;13.23;34.33;9.42;11.44;-0.555;SOFT_DOWN;-1;-85.1;-3;0
2026.02.10 03:00;155.366;155.393;155.147;155.324;29.92;15.27;38.85;8.98;24.31;-0.512;SOFT_DOWN;-1;-86;-3;0
2026.02.10 02:00;155.728;155.829;155.361;155.366;27.82;17.62;31.45;15.92;42.30;-0.486;SOFT_DOWN;-1;-87.2;-3;0
2026.02.10 01:00;155.980;156.056;155.668;155.728;27.76;20.33;26.19;48.04;58.94;-0.254;NEUTRE;0;;;0
2026.02.10 00:00;156.124;156.290;155.961;155.980;30.09;23.45;18.61;62.94;59.04;-0.092;NEUTRE;0;;;0
2026.02.09 23:00;155.829;156.142;155.813;156.124;32.95;20.14;21.47;65.83;51.58;-0.717;STRONG_DOWN;-2;-69;-3;0
2026.02.09 22:00;155.796;156.064;155.750;155.829;37.53;19.59;24.77;48.35;44.60;-0.905;STRONG_DOWN;-2;-73.8;-3;0
2026.02.09 21:00;155.872;155.925;155.847;155.897;41.51;15.80;28.58;40.55;44.09;-0.862;STRONG_DOWN;-2;-73.8;-3;0
2026.02.09 20:00;155.707;155.882;155.705;155.872;43.46;9.75;32.98;44.90;48.96;-0.878;STRONG_DOWN;-2;-74.8;-3;0
2026.02.09 19:00;155.902;155.938;155.636;155.706;41.78;11.25;38.05;46.83;48.23;-0.983;EXPLOSIVE_DOWN;-3;-77;-3;1
2026.02.09 18:00;155.959;156.027;155.897;155.902;39.84;12.98;30.61;55.16;42.00;-0.858;STRONG_DOWN;-2;-75.9;-3;1
2026.02.09 17:00;156.084;156.133;155.952;155.959;39.75;14.97;28.81;42.71;27.98;-0.822;STRONG_DOWN;-2;-76.1;-3;1
2026.02.09 16:00;155.847;156.138;155.826;156.084;41.00;17.28;33.25;28.13;15.70;-0.743;STRONG_DOWN;-2;-75.6;-3;1
2026.02.09 15:00;155.602;155.885;155.566;155.846;42.44;7.46;38.36;13.10;10.72;-0.894;STRONG_DOWN;-2;-78.7;-3;1
2026.02.09 14:00;155.924;155.937;155.517;155.602;38.60;8.61;44.26;5.86;20.66;-1.049;EXPLOSIVE_DOWN;-3;-80.9;-3;1
2026.02.09 13:00;156.375;156.389;155.908;155.925;34.16;9.93;36.75;13.18;39.62;-0.844;STRONG_DOWN;-2;-79.6;-3;1
2026.02.09 12:00;156.464;156.551;156.330;156.375;30.58;11.46;28.91;42.95;57.47;-0.558;SOFT_DOWN;-1;-75.6;-3;1
2026.02.09 11:00;156.678;156.744;156.408;156.464;28.63;13.22;27.92;62.72;61.94;-0.501;SOFT_DOWN;-1;-75.3;-3;1
2026.02.09 10:00;156.638;156.739;156.567;156.678;27.54;15.26;24.94;66.73;56.09;-0.365;SOFT_DOWN;-1;-71.9;-3;1
2026.02.09 09:00;156.591;156.696;156.394;156.638;28.08;13.76;28.78;56.37;49.56;-0.390;SOFT_DOWN;-1;-74.6;-3;1
2026.02.09 08:00;156.593;156.774;156.554;156.590;26.96;15.87;25.05;45.16;45.95;-0.421;SOFT_DOWN;-1;-77.2;-3;1
2026.02.09 07:00;156.518;156.679;156.294;156.593;27.66;11.67;28.91;47.14;46.72;-0.419;SOFT_DOWN;-1;-78.7;-3;1
2026.02.09 06:00;156.608;156.609;156.287;156.518;25.38;10.67;33.35;45.55;45.81;-0.467;SOFT_DOWN;-1;-81.3;-3;0
2026.02.09 05:00;156.688;156.706;156.519;156.608;21.36;12.31;27.40;47.47;43.71;-0.410;SOFT_DOWN;-1;-81.7;-3;0
2026.02.09 04:00;156.866;156.879;156.649;156.688;18.80;14.21;20.92;44.42;38.73;-0.359;SOFT_DOWN;-1;-82.4;-3;0
2026.02.09 03:00;156.831;156.911;156.766;156.865;18.76;16.39;16.31;39.25;34.35;-0.246;NEUTRE;0;-81.7;-3;0
2026.02.09 02:00;156.626;156.931;156.622;156.830;21.60;18.91;18.82;32.54;36.53;-0.268;SOFT_DOWN;-1;-84.9;-3;0
2026.02.09 01:00;156.881;156.900;156.205;156.626;24.89;20.28;21.72;31.28;48.10;-0.398;SOFT_DOWN;-1;;;0
2026.02.09 00:00;157.252;157.287;156.661;156.881;28.19;23.40;14.96;45.79;66.01;-0.236;NEUTRE;0;;;0
2026.02.08 23:00;157.399;157.654;157.081;157.247;29.15;27.00;6.94;67.24;80.32;-0.145;NEUTRE;0;-27.8;-1;0
2026.02.08 22:00;157.476;157.504;156.883;157.391;24.54;27.13;8.01;85.00;87.20;-0.054;NEUTRE;0;-11.6;0;0
2026.02.06 21:00;157.096;157.268;157.092;157.240;19.94;25.46;9.24;88.73;86.98;0.281;SOFT_UP;1;48.2;2;0
2026.02.06 20:00;157.100;157.136;157.070;157.096;15.82;17.83;10.67;87.88;85.81;0.189;NEUTRE;0;38.3;1;0
2026.02.06 19:00;157.083;157.132;157.067;157.100;14.39;19.64;12.31;84.35;76.55;0.192;NEUTRE;0;40.2;1;1
2026.02.06 18:00;157.046;157.107;156.997;157.083;13.07;16.75;14.20;85.20;62.38;0.181;NEUTRE;0;40.1;1;1
2026.02.06 17:00;157.098;157.127;156.987;157.046;13.81;19.33;16.38;60.11;39.66;0.158;NEUTRE;0;37.9;1;1
2026.02.06 16:00;156.836;157.111;156.831;157.097;14.66;20.54;18.90;41.83;33.00;0.190;NEUTRE;0;44.8;1;1
2026.02.06 15:00;156.859;157.107;156.831;156.833;16.28;23.48;21.81;17.03;39.96;0.022;NEUTRE;0;7;0;1
2026.02.06 14:00;156.928;156.948;156.776;156.859;18.22;18.23;25.17;40.14;59.44;0.038;NEUTRE;0;12.8;0;1
2026.02.06 13:00;157.074;157.120;156.897;156.928;18.56;21.04;18.22;62.69;73.28;0.082;NEUTRE;0;27.8;1;1
2026.02.06 12:00;157.041;157.128;156.988;157.074;20.32;24.27;14.74;75.50;81.98;0.175;NEUTRE;0;50.6;2;1
2026.02.06 11:00;156.954;157.151;156.944;157.041;19.68;28.01;17.01;81.65;89.08;0.154;NEUTRE;0;49.5;2;1
2026.02.06 10:00;157.047;157.074;156.902;156.954;18.95;26.59;19.63;88.79;90.81;0.099;NEUTRE;0;39.6;1;1
2026.02.06 09:00;156.984;157.069;156.968;157.047;19.55;30.69;16.74;96.80;87.31;0.158;NEUTRE;0;55.7;2;1
2026.02.06 08:00;156.885;156.986;156.791;156.984;18.03;22.76;19.32;86.82;75.11;0.118;NEUTRE;0;51;2;1
2026.02.06 07:00;156.781;156.887;156.666;156.885;19.55;18.46;22.29;78.31;63.12;0.055;NEUTRE;0;33.3;1;1
2026.02.06 06:00;156.753;156.899;156.752;156.781;21.11;21.29;19.73;60.19;50.62;-0.011;NEUTRE;0;-8.7;0;0
2026.02.06 05:00;156.643;156.763;156.589;156.753;23.77;10.34;22.77;50.85;42.29;-0.029;NEUTRE;0;-25.9;-1;0
2026.02.06 04:00;156.731;156.746;156.625;156.641;21.65;11.93;23.09;40.82;34.03;-0.101;NEUTRE;0;-64.7;-2;0
2026.02.06 03:00;156.728;156.767;156.675;156.731;20.08;13.76;20.29;35.19;27.11;-0.043;NEUTRE;0;-50.2;-2;0
2026.02.06 02:00;156.654;156.824;156.647;156.728;20.22;15.88;23.41;26.07;26.27;-0.045;NEUTRE;0;-62;-2;0
2026.02.06 01:00;156.645;156.788;156.508;156.653;20.38;15.19;27.01;20.08;36.69;-0.093;NEUTRE;0;;;0
2026.02.06 00:00;156.799;156.829;156.585;156.645;19.21;17.53;26.93;32.64;57.77;-0.098;NEUTRE;0;;;0
2026.02.05 23:00;157.007;157.053;156.710;156.799;18.91;20.23;23.19;57.35;74.11;-0.066;NEUTRE;0;-13.5;0;0
2026.02.05 22:00;156.908;157.047;156.845;157.010;20.77;23.34;20.71;83.32;80.13;0.069;NEUTRE;0;14.7;0;0
2026.02.05 21:00;157.039;157.089;157.018;157.020;23.05;26.93;10.72;81.65;73.90;0.075;NEUTRE;0;16.6;0;0
2026.02.05 20:00;156.893;157.046;156.871;157.039;19.97;21.76;12.36;75.43;65.39;0.087;NEUTRE;0;20;0;0
2026.02.05 19:00;156.842;156.904;156.791;156.893;18.80;12.62;14.27;64.63;56.37;-0.006;NEUTRE;0;-1.5;0;1
2026.02.05 18:00;156.800;156.899;156.765;156.842;20.76;13.88;16.46;56.10;49.84;-0.038;NEUTRE;0;-10;0;1
2026.02.05 17:00;156.911;156.931;156.797;156.800;22.64;16.02;15.32;48.36;41.32;-0.065;NEUTRE;0;-17.7;0;1
2026.02.05 16:00;156.823;157.015;156.792;156.911;25.78;18.48;17.68;45.07;33.28;0.006;NEUTRE;0;1.8;0;1
2026.02.05 15:00;156.876;156.876;156.541;156.827;29.41;11.74;20.40;30.52;25.78;-0.048;NEUTRE;0;-15;0;1
2026.02.05 14:00;156.587;156.917;156.587;156.876;29.78;13.54;21.42;24.24;32.79;-0.017;NEUTRE;0;-5.8;0;1
2026.02.05 13:00;156.944;156.946;156.521;156.587;30.90;15.63;24.72;22.59;51.37;-0.201;NEUTRE;0;-52.3;-2;1
2026.02.05 12:00;157.146;157.282;156.857;156.944;32.18;18.03;16.36;51.53;70.34;0.027;NEUTRE;0;10.7;0;1
2026.02.05 11:00;157.239;157.276;157.118;157.146;36.39;20.80;9.43;80.00;79.73;0.156;NEUTRE;0;49.9;2;1
2026.02.05 10:00;157.326;157.331;157.159;157.239;36.20;24.00;6.89;79.50;77.67;0.215;NEUTRE;0;60.9;2;1
2026.02.05 09:00;157.003;157.332;156.997;157.326;33.24;27.70;7.94;79.69;80.09;0.270;SOFT_UP;1;68.3;3;1
2026.02.05 08:00;157.098;157.157;157.002;157.003;29.83;23.92;9.17;73.80;78.95;0.064;NEUTRE;0;33.8;1;1
2026.02.05 07:00;157.006;157.193;156.914;157.097;27.55;27.60;10.58;86.77;74.00;0.124;NEUTRE;0;56;2;1
2026.02.05 06:00;156.973;157.058;156.849;157.006;24.93;24.40;12.20;76.28;60.82;0.066;NEUTRE;0;42.6;1;0
2026.02.05 05:00;156.810;156.982;156.808;156.973;23.64;22.56;14.08;58.93;52.65;0.045;NEUTRE;0;37;1;0
2026.02.05 04:00;156.791;156.865;156.790;156.810;23.72;15.69;16.25;47.25;49.39;-0.059;NEUTRE;0;-51;-2;0
2026.02.05 03:00;156.878;156.910;156.682;156.791;27.10;18.10;18.75;51.76;51.16;-0.071;NEUTRE;0;-63.2;-2;0
2026.02.05 02:00;156.859;156.965;156.780;156.878;31.00;20.89;15.02;49.16;52.06;-0.015;NEUTRE;0;-32.1;-1;0
2026.02.05 01:00;156.777;156.938;156.777;156.859;33.25;21.86;17.33;52.56;62.23;-0.027;NEUTRE;0;;;0
2026.02.05 00:00;156.902;156.980;156.702;156.779;36.59;25.22;20.00;54.45;73.29;-0.078;NEUTRE;0;;;0
2026.02.04 23:00;156.824;156.936;156.801;156.902;40.44;29.10;17.60;79.66;85.61;0.707;STRONG_UP;2;68.7;3;0
2026.02.04 22:00;156.747;156.872;156.745;156.818;42.88;26.28;20.30;85.75;90.22;0.653;STRONG_UP;2;68.1;3;0
2026.02.04 21:00;156.920;156.941;156.892;156.899;47.50;30.33;8.74;91.43;90.90;0.705;STRONG_UP;2;70.4;3;0
2026.02.04 20:00;156.817;156.936;156.802;156.919;46.30;33.42;10.08;93.48;86.10;0.718;STRONG_UP;2;71.6;3;0
2026.02.04 19:00;156.773;156.887;156.736;156.817;45.17;32.94;11.64;87.79;76.34;0.653;STRONG_UP;2;70.8;3;1
2026.02.04 18:00;156.667;156.781;156.627;156.773;44.77;27.21;13.43;77.02;61.30;0.625;STRONG_UP;2;71;3;1
2026.02.04 17:00;156.614;156.688;156.457;156.667;46.44;22.10;15.49;64.20;45.56;0.556;SOFT_UP;1;69.9;3;1
2026.02.04 16:00;156.650;156.732;156.549;156.614;50.88;25.51;11.75;42.67;32.70;0.522;SOFT_UP;1;69.9;3;1
2026.02.04 15:00;156.484;156.703;156.345;156.649;53.03;26.99;13.56;29.82;37.16;0.545;SOFT_UP;1;71.8;3;1
2026.02.04 14:00;156.475;156.588;156.407;156.442;56.09;26.20;15.64;25.60;53.43;0.412;SOFT_UP;1;67.9;3;1
2026.02.04 13:00;156.623;156.759;156.456;156.474;60.83;30.23;13.88;56.05;75.53;0.433;SOFT_UP;1;70.3;3;1
2026.02.04 12:00;156.817;156.818;156.591;156.623;64.49;34.88;9.16;78.64;87.05;0.528;SOFT_UP;1;74.8;3;1
2026.02.04 11:00;156.730;156.852;156.710;156.816;65.43;40.25;2.51;91.89;91.01;0.652;STRONG_UP;2;78.6;3;1
2026.02.04 10:00;156.643;156.801;156.608;156.730;61.92;40.92;2.90;90.62;89.17;0.597;STRONG_UP;2;78.7;3;1
2026.02.04 09:00;156.460;156.661;156.392;156.643;58.09;36.05;3.34;90.52;86.06;0.541;SOFT_UP;1;78.7;3;1
2026.02.04 08:00;156.421;156.489;156.390;156.460;54.25;31.76;3.85;86.36;82.80;0.424;SOFT_UP;1;77.3;3;1
2026.02.04 07:00;156.352;156.461;156.311;156.421;50.54;32.30;4.45;81.29;81.85;0.399;SOFT_UP;1;78.2;3;1
2026.02.04 06:00;156.297;156.384;156.231;156.352;46.66;29.37;5.13;80.77;84.36;0.354;SOFT_UP;1;78.5;3;0
2026.02.04 05:00;156.272;156.351;156.234;156.297;43.03;30.57;5.92;83.48;88.04;0.319;SOFT_UP;1;79.4;3;0
2026.02.04 04:00;156.314;156.355;156.242;156.273;39.26;35.27;5.78;88.83;91.55;0.304;SOFT_UP;1;81.1;3;0
2026.02.04 03:00;156.258;156.386;156.241;156.314;34.24;40.70;6.67;91.80;91.76;0.330;SOFT_UP;1;83.8;3;0
2026.02.04 02:00;156.132;156.284;156.119;156.258;28.46;36.14;7.70;94.03;89.01;0.294;SOFT_UP;1;85.3;3;0
2026.02.04 01:00;156.020;156.182;156.012;156.132;22.86;32.19;8.88;89.44;84.08;0.213;NEUTRE;0;;;0
2026.02.04 00:00;155.800;156.031;155.800;156.020;17.64;23.47;10.25;83.55;80.17;0.141;NEUTRE;0;;;0
2026.02.03 23:00;155.750;155.851;155.687;155.800;14.32;15.10;11.82;79.23;76.49;0.215;NEUTRE;0;38;1;0
2026.02.03 22:00;155.686;155.814;155.680;155.749;14.66;13.95;13.64;77.73;65.46;0.182;NEUTRE;0;34.7;1;0
2026.02.03 21:00;155.724;155.784;155.691;155.774;16.74;12.65;15.74;72.50;51.98;0.198;NEUTRE;0;38.3;1;0
2026.02.03 20:00;155.770;155.804;155.693;155.726;17.64;14.60;17.83;46.15;35.82;0.167;NEUTRE;0;34.9;1;0
2026.02.03 19:00;155.645;155.800;155.643;155.770;18.82;16.29;20.57;37.28;26.72;0.196;NEUTRE;0;40.8;1;1
2026.02.03 18:00;155.720;155.797;155.601;155.645;19.92;18.50;23.74;24.04;18.91;0.115;NEUTRE;0;28.1;1;1
2026.02.03 17:00;155.708;155.725;155.522;155.718;21.08;15.69;27.39;18.85;24.52;0.162;NEUTRE;0;38.6;1;1
2026.02.03 16:00;155.709;155.773;155.658;155.708;20.15;18.11;21.30;13.84;41.37;0.156;NEUTRE;0;39.2;1;1
2026.02.03 15:00;155.861;155.929;155.699;155.709;22.00;20.89;19.09;40.87;65.43;0.156;NEUTRE;0;41;1;1
2026.02.03 14:00;155.881;156.079;155.790;155.861;24.69;24.11;15.94;69.40;82.15;0.254;NEUTRE;0;56.6;2;1
2026.02.03 13:00;155.871;155.889;155.767;155.879;25.35;17.70;18.39;86.01;91.14;0.266;SOFT_UP;1;59.7;2;1
2026.02.03 12:00;155.945;155.954;155.848;155.871;28.96;20.43;11.01;91.05;93.97;0.261;NEUTRE;0;61.2;2;1
2026.02.03 11:00;155.920;155.981;155.872;155.945;28.81;23.57;9.22;96.36;90.77;0.308;SOFT_UP;1;66.9;3;1
2026.02.03 10:00;155.867;155.948;155.783;155.920;26.50;22.54;10.64;94.50;78.22;0.292;SOFT_UP;1;67.7;3;1
2026.02.03 09:00;155.527;155.872;155.506;155.867;25.06;18.92;12.27;81.46;61.50;0.258;NEUTRE;0;67.4;3;1
2026.02.03 08:00;155.399;155.577;155.363;155.527;25.64;9.43;14.16;58.71;48.64;0.039;NEUTRE;0;22.2;0;1
2026.02.03 07:00;155.416;155.521;155.301;155.397;26.50;6.85;16.34;44.34;42.46;-0.044;NEUTRE;0;-27.7;-1;1
2026.02.03 06:00;155.425;155.471;155.354;155.416;24.28;7.91;15.15;42.87;42.74;-0.032;NEUTRE;0;-24;0;0
2026.02.03 05:00;155.411;155.471;155.336;155.425;23.19;9.13;17.48;40.18;42.38;-0.026;NEUTRE;0;-23.5;0;0
2026.02.03 04:00;155.470;155.495;155.286;155.411;21.93;10.53;20.17;45.17;40.91;-0.035;NEUTRE;0;-36.2;-1;0
2026.02.03 03:00;155.532;155.551;155.398;155.470;20.47;12.15;15.03;41.80;32.32;0.003;NEUTRE;0;4.8;0;0
2026.02.03 02:00;155.466;155.541;155.376;155.531;21.99;13.01;17.34;35.75;23.89;0.042;NEUTRE;0;60.3;2;0
2026.02.03 01:00;155.466;155.613;155.409;155.466;23.17;15.01;16.93;19.41;21.56;0.000;NEUTRE;0;;;0
2026.02.03 00:00;155.466;155.591;155.435;155.466;25.81;17.32;17.58;16.52;28.36;0.000;NEUTRE;0;;;0
2026.02.02 23:00;155.540;155.593;155.412;155.466;29.67;19.99;20.28;28.75;41.20;0.159;NEUTRE;0;30;1;0
2026.02.02 22:00;155.624;155.640;155.532;155.540;34.13;23.06;13.20;39.80;54.65;0.207;NEUTRE;0;38.2;1;0
2026.02.02 21:00;155.581;155.620;155.522;155.614;35.20;23.76;15.23;55.03;66.83;0.254;NEUTRE;0;45.3;2;0
2026.02.02 20:00;155.623;155.661;155.520;155.581;37.24;27.42;17.58;69.12;75.20;0.233;NEUTRE;0;44.3;1;0
2026.02.02 19:00;155.660;155.782;155.618;155.624;39.61;31.64;9.59;76.33;80.29;0.261;NEUTRE;0;49;2;1
2026.02.02 18:00;155.504;155.734;155.499;155.660;37.47;32.00;11.06;80.16;84.05;0.284;SOFT_UP;1;52.8;2;1
2026.02.02 17:00;155.500;155.550;155.416;155.504;35.75;24.88;12.76;84.37;87.68;0.184;NEUTRE;0;42.1;1;1
2026.02.02 16:00;155.663;155.676;155.490;155.500;36.30;28.71;6.23;87.62;86.89;0.181;NEUTRE;0;43.4;1;1
2026.02.02 15:00;155.342;155.699;155.342;155.662;31.99;33.13;7.19;91.03;79.08;0.285;SOFT_UP;1;57.8;2;1
2026.02.02 14:00;155.221;155.396;155.138;155.300;27.01;26.54;8.30;82.02;63.74;0.052;NEUTRE;0;17.3;0;1
2026.02.02 13:00;154.937;155.292;154.931;155.221;23.11;24.42;9.57;64.17;49.62;0.001;NEUTRE;0;0.4;0;1
2026.02.02 12:00;154.747;155.003;154.704;154.937;19.95;15.86;11.04;45.01;46.52;-0.182;NEUTRE;0;-51.7;-2;1
2026.02.02 11:00;154.757;154.878;154.719;154.747;20.26;11.87;12.74;39.67;51.96;-0.304;SOFT_DOWN;-1;-66.6;-3;1
2026.02.02 10:00;154.769;154.881;154.719;154.756;22.83;13.70;14.70;54.89;54.75;-0.298;SOFT_DOWN;-1;-68.1;-3;1
2026.02.02 09:00;154.969;154.990;154.749;154.769;25.80;15.80;14.12;61.30;46.25;-0.290;SOFT_DOWN;-1;-69.6;-3;1
2026.02.02 08:00;154.900;155.065;154.747;154.969;28.90;18.23;16.29;48.06;30.61;-0.161;NEUTRE;0;-59.3;-2;1
2026.02.02 07:00;154.590;154.914;154.571;154.901;32.48;13.73;18.79;29.40;21.00;-0.205;NEUTRE;0;-67.8;-3;1
2026.02.02 06:00;154.888;154.987;154.547;154.589;35.09;15.85;21.69;14.38;20.43;-0.406;SOFT_DOWN;-1;-80;-3;0
2026.02.02 05:00;154.836;154.962;154.752;154.888;38.09;18.29;17.85;19.23;27.83;-0.213;NEUTRE;0;-74.3;-3;0
2026.02.02 04:00;154.971;154.976;154.749;154.836;43.77;21.10;20.60;27.68;39.60;-0.247;NEUTRE;0;-79;-3;0
2026.02.02 03:00;155.137;155.139;154.896;154.970;50.32;24.34;13.81;36.58;51.88;-0.160;NEUTRE;0;-77.4;-3;0
2026.02.02 02:00;155.033;155.138;154.843;155.138;53.81;28.03;15.93;54.53;65.31;-0.052;NEUTRE;0;-65.3;-3;0
2026.02.02 01:00;155.227;155.385;155.006;155.033;57.86;32.34;9.88;64.54;74.61;-0.120;NEUTRE;0;;;0
2026.02.02 00:00;155.219;155.265;154.819;155.227;58.57;32.44;11.40;76.85;83.20;0.005;NEUTRE;0;;;0
2026.02.01 23:00;155.233;155.507;155.080;155.222;60.20;37.43;4.15;82.44;85.94;0.242;NEUTRE;0;41.3;1;0
2026.02.01 22:00;154.847;155.399;154.847;155.213;57.15;39.30;4.79;90.32;80.69;0.236;NEUTRE;0;41.9;1;0
2026.01.30 21:00;154.758;154.790;154.707;154.775;53.90;30.33;5.53;85.07;68.67;1.071;EXPLOSIVE_UP;3;76.8;3;0
2026.01.30 20:00;154.532;154.772;154.525;154.757;51.55;31.66;6.38;66.69;57.93;1.059;EXPLOSIVE_UP;3;77.3;3;0
2026.01.30 19:00;154.395;154.685;154.359;154.530;49.26;31.12;7.36;54.26;53.25;0.911;STRONG_UP;2;76;3;1
2026.01.30 18:00;154.441;154.637;154.285;154.395;47.34;33.64;8.49;52.84;55.66;0.823;STRONG_UP;2;75.3;3;1
2026.01.30 17:00;154.329;154.526;154.312;154.441;45.44;33.96;9.80;52.66;62.37;0.853;STRONG_UP;2;76.6;3;1
2026.01.30 16:00;154.217;154.390;154.159;154.329;43.94;29.41;11.31;61.48;71.01;0.780;STRONG_UP;2;76.2;3;1
2026.01.30 15:00;154.463;154.756;154.213;154.217;43.86;33.93;9.45;72.98;68.46;0.707;STRONG_UP;2;75.8;3;1
2026.01.30 14:00;154.362;154.517;154.241;154.461;41.92;32.38;10.90;78.58;59.43;0.866;STRONG_UP;2;79.1;3;1
2026.01.30 13:00;154.033;154.370;153.978;154.362;40.74;29.17;12.58;53.83;53.51;0.801;STRONG_UP;2;79;3;1
2026.01.30 12:00;153.856;154.068;153.792;154.033;40.90;21.81;14.52;45.89;60.49;0.586;STRONG_UP;2;76.2;3;1
2026.01.30 11:00;154.161;154.168;153.850;153.856;44.10;25.16;13.52;60.81;66.00;0.471;SOFT_UP;1;74.4;3;1
2026.01.30 10:00;154.275;154.383;154.080;154.161;46.25;29.03;4.47;74.76;60.15;0.670;STRONG_UP;2;79.9;3;1
2026.01.30 09:00;153.943;154.281;153.927;154.274;42.09;28.32;5.16;62.44;52.11;0.744;STRONG_UP;2;81.8;3;1
2026.01.30 08:00;153.800;153.952;153.706;153.939;37.92;18.38;5.95;43.24;56.47;0.525;SOFT_UP;1;79.7;3;1
2026.01.30 07:00;153.903;154.051;153.710;153.800;35.90;21.21;6.62;50.66;71.67;0.434;SOFT_UP;1;79.1;3;1
2026.01.30 06:00;153.915;153.982;153.749;153.903;33.36;21.36;7.64;75.51;85.43;0.502;SOFT_UP;1;81.9;3;0
2026.01.30 05:00;153.920;154.134;153.768;153.915;31.21;24.64;7.56;88.84;91.10;0.509;SOFT_UP;1;83.3;3;0
2026.01.30 04:00;153.949;153.964;153.836;153.920;27.85;21.29;8.72;91.93;90.59;0.513;SOFT_UP;1;84.7;3;0
2026.01.30 03:00;153.804;153.965;153.760;153.949;25.69;24.56;10.06;92.54;89.05;0.532;SOFT_UP;1;86.1;3;0
2026.01.30 02:00;153.750;153.975;153.647;153.804;23.20;28.34;11.61;87.29;81.06;0.437;SOFT_UP;1;86.9;3;0
2026.01.30 01:00;153.497;153.788;153.456;153.750;20.33;23.93;13.40;87.31;72.95;0.402;SOFT_UP;1;;;0
2026.01.30 00:00;153.135;153.647;153.078;153.497;19.11;21.08;15.46;68.59;65.62;0.236;NEUTRE;0;;;0
2026.01.29 23:00;152.978;153.186;152.862;153.135;19.68;11.86;17.83;62.95;64.01;0.037;NEUTRE;0;7.7;0;0
2026.01.29 22:00;152.966;153.113;152.945;152.978;19.61;13.68;16.64;65.32;60.43;-0.065;NEUTRE;0;-13.9;0;0
2026.01.29 21:00;153.111;153.170;153.052;153.116;21.13;15.78;9.57;63.76;51.42;0.025;NEUTRE;0;5.7;0;0
2026.01.29 20:00;153.071;153.208;153.015;153.110;20.61;18.21;11.04;52.20;40.41;0.021;NEUTRE;0;5;0;0
2026.01.29 19:00;153.014;153.164;153.008;153.071;20.01;17.51;12.74;38.30;30.41;-0.005;NEUTRE;0;-1.3;0;1
2026.01.29 18:00;152.902;153.143;152.897;153.014;20.67;18.13;14.70;30.73;23.63;-0.042;NEUTRE;0;-11;0;1
2026.01.29 17:00;152.882;152.970;152.799;152.900;22.24;10.10;16.96;22.20;20.60;-0.116;NEUTRE;0;-29.7;-1;1
2026.01.29 16:00;152.806;153.042;152.717;152.882;21.76;11.65;19.57;17.94;21.87;-0.128;NEUTRE;0;-33.8;-1;1
2026.01.29 15:00;153.066;153.509;152.676;152.806;21.20;13.45;22.58;21.66;34.63;-0.178;NEUTRE;0;-44.8;-1;1
2026.01.29 14:00;153.329;153.388;153.003;153.065;20.56;15.51;20.02;26.00;51.57;-0.008;NEUTRE;0;-2.7;0;1
2026.01.29 13:00;153.222;153.401;153.175;153.329;21.78;17.90;16.22;56.23;71.26;0.164;NEUTRE;0;46.5;2;1
2026.01.29 12:00;153.457;153.470;153.221;153.223;24.37;20.66;15.59;72.47;79.65;0.095;NEUTRE;0;33.5;1;1
2026.01.29 11:00;153.431;153.532;153.373;153.457;25.97;23.83;8.59;85.09;80.73;0.248;NEUTRE;0;62.1;2;1
2026.01.29 10:00;153.309;153.446;153.274;153.430;22.74;19.18;9.92;81.37;73.23;0.230;NEUTRE;0;62.5;2;1
2026.01.29 09:00;153.316;153.377;153.135;153.309;21.34;15.96;11.44;75.74;61.21;0.151;NEUTRE;0;54.5;2;1
2026.01.29 08:00;153.310;153.454;153.155;153.316;22.08;18.41;11.93;62.60;45.93;0.155;NEUTRE;0;58.3;2;1
2026.01.29 07:00;153.046;153.418;152.985;153.305;22.19;19.39;13.77;45.29;34.21;0.148;NEUTRE;0;60.5;2;1
2026.01.29 06:00;153.014;153.151;152.916;153.051;23.00;12.89;15.88;29.92;31.39;-0.018;NEUTRE;0;-14.1;0;0
2026.01.29 05:00;152.972;153.088;152.902;153.014;24.93;10.75;18.33;27.42;37.99;-0.042;NEUTRE;0;-35.1;-1;0
2026.01.29 04:00;152.921;153.223;152.896;152.970;24.76;12.40;21.15;36.84;46.84;-0.071;NEUTRE;0;-56;-2;0
2026.01.29 03:00;153.110;153.178;152.899;152.921;24.56;12.19;24.40;49.70;46.08;-0.103;NEUTRE;0;-70.8;-3;0
2026.01.29 02:00;153.256;153.388;153.026;153.110;23.21;14.07;21.15;53.98;35.87;0.021;NEUTRE;0;41.3;1;0
2026.01.29 01:00;153.089;153.351;153.068;153.256;23.68;16.23;22.62;34.56;21.71;0.116;NEUTRE;0;;;0
2026.01.29 00:00;153.078;153.210;152.761;153.089;24.80;11.07;26.10;19.07;14.90;0.007;NEUTRE;0;;;0
2026.01.28 23:00;153.410;153.418;153.028;153.076;22.39;12.77;20.97;11.48;19.71;0.383;SOFT_UP;1;54.3;2;0
2026.01.28 22:00;153.356;153.426;153.316;153.409;22.09;14.73;12.83;14.15;35.91;0.601;STRONG_UP;2;66.4;3;0
2026.01.28 21:00;153.377;153.459;153.295;153.421;24.43;17.00;14.81;33.51;56.52;0.609;STRONG_UP;2;67.6;3;0
2026.01.28 20:00;153.490;153.569;153.302;153.378;27.13;19.62;16.43;60.07;74.04;0.581;STRONG_UP;2;67.6;3;0
2026.01.28 19:00;153.836;154.042;153.458;153.490;29.94;22.63;9.97;75.98;81.40;0.654;STRONG_UP;2;70.8;3;1
2026.01.28 18:00;153.525;153.945;153.521;153.837;28.57;23.56;11.50;86.08;83.29;0.882;STRONG_UP;2;76.3;3;1
2026.01.28 17:00;153.600;153.752;153.522;153.525;27.67;20.18;13.27;82.14;81.36;0.677;STRONG_UP;2;73.3;3;1
2026.01.28 16:00;153.459;153.782;153.408;153.599;28.75;23.29;15.31;81.65;77.92;0.726;STRONG_UP;2;75.2;3;1
2026.01.28 15:00;152.823;153.731;152.766;153.460;29.99;24.77;17.66;80.29;73.15;0.635;STRONG_UP;2;74.2;3;1
2026.01.28 14:00;152.843;152.990;152.645;152.823;32.03;16.77;20.38;71.81;64.78;0.217;NEUTRE;0;52.3;2;1
2026.01.28 13:00;152.564;152.911;152.541;152.845;35.46;15.83;23.52;67.35;62.92;0.231;NEUTRE;0;56.1;2;1
2026.01.28 12:00;152.600;152.635;152.387;152.564;37.91;6.79;27.14;55.17;62.80;0.047;NEUTRE;0;18.1;0;1
2026.01.28 11:00;152.566;152.719;152.546;152.600;34.52;7.83;21.45;66.22;67.83;0.071;NEUTRE;0;28.4;1;1
2026.01.28 10:00;152.708;152.721;152.344;152.566;32.67;9.04;24.75;67.00;63.24;0.049;NEUTRE;0;22.3;0;1
2026.01.28 09:00;152.633;152.759;152.561;152.708;30.54;10.43;19.70;70.26;54.13;0.142;NEUTRE;0;52.8;2;1
2026.01.28 08:00;152.643;152.802;152.402;152.633;30.50;12.03;22.73;52.46;38.90;0.092;NEUTRE;0;43.9;1;1
2026.01.28 07:00;152.647;152.731;152.277;152.643;30.46;11.15;26.23;39.68;33.39;0.099;NEUTRE;0;49.8;2;1
2026.01.28 06:00;152.625;152.722;152.553;152.646;28.94;12.86;20.91;24.57;38.11;0.101;NEUTRE;0;54.6;2;0
2026.01.28 05:00;152.556;152.730;152.472;152.624;29.73;14.84;24.12;35.92;55.73;0.087;NEUTRE;0;55.5;2;0
2026.01.28 04:00;152.717;152.833;152.522;152.556;30.64;17.13;24.85;53.84;71.26;0.042;NEUTRE;0;41.3;1;0
2026.01.28 03:00;152.837;152.837;152.645;152.717;32.52;19.76;22.59;77.43;78.68;0.148;NEUTRE;0;76.4;3;0
2026.01.28 02:00;152.986;153.064;152.808;152.837;36.49;22.80;13.01;82.50;69.38;0.226;NEUTRE;0;84;3;0
2026.01.28 01:00;152.631;152.989;152.596;152.986;37.90;21.80;15.01;76.11;51.07;0.324;SOFT_UP;1;;;0
2026.01.28 00:00;152.492;152.712;152.437;152.631;40.89;14.31;17.32;49.54;32.33;0.091;NEUTRE;0;;;0
2026.01.27 23:00;152.282;152.617;152.262;152.492;45.72;11.20;19.98;27.56;21.94;-1.226;EXPLOSIVE_DOWN;-3;-77.4;-3;0
2026.01.27 22:00;152.190;152.410;152.149;152.282;48.42;3.95;23.06;19.88;20.30;-1.362;EXPLOSIVE_DOWN;-3;-79.1;-3;0
2026.01.27 21:00;152.377;152.476;152.177;152.213;44.99;4.56;24.96;18.38;20.57;-1.407;EXPLOSIVE_DOWN;-3;-79.9;-3;0
2026.01.27 20:00;152.710;152.839;152.091;152.377;41.28;5.26;28.79;22.63;21.18;-1.301;EXPLOSIVE_DOWN;-3;-79.6;-3;0
2026.01.27 19:00;152.760;152.833;152.701;152.710;37.00;6.07;20.68;20.70;22.23;-1.085;EXPLOSIVE_DOWN;-3;-78.2;-3;1
2026.01.27 18:00;152.763;152.880;152.568;152.760;34.29;7.01;23.86;20.21;24.16;-1.053;EXPLOSIVE_DOWN;-3;-78.4;-3;1
2026.01.27 17:00;153.035;153.145;152.603;152.763;31.16;8.08;25.80;25.79;25.17;-1.051;EXPLOSIVE_DOWN;-3;-79.1;-3;1
2026.01.27 16:00;153.237;153.261;152.943;153.034;27.91;9.33;20.12;26.49;21.34;-0.875;STRONG_DOWN;-2;-77.7;-3;1
2026.01.27 15:00;153.221;153.336;152.874;153.237;26.57;10.76;23.22;23.22;18.55;-0.744;STRONG_DOWN;-2;-76.4;-3;1
2026.01.27 14:00;153.244;153.370;152.925;153.222;25.01;12.42;25.09;14.33;18.97;-0.753;STRONG_DOWN;-2;-77.5;-3;1
2026.01.27 13:00;153.299;153.419;152.994;153.243;23.66;14.33;26.57;18.10;25.22;-0.740;STRONG_DOWN;-2;-78.1;-3;1
2026.01.27 12:00;153.725;153.790;153.257;153.299;22.70;16.53;21.13;24.48;31.72;-0.703;STRONG_DOWN;-2;-78.5;-3;1
2026.01.27 11:00;153.740;153.760;153.561;153.725;24.31;19.08;15.61;33.08;40.55;-0.428;SOFT_DOWN;-1;-72.9;-3;1
2026.01.27 10:00;153.745;154.189;153.555;153.740;26.52;22.01;18.01;37.59;56.32;-0.418;SOFT_DOWN;-1;-74;-3;1
2026.01.27 09:00;154.699;154.729;153.172;153.737;29.06;25.40;20.78;50.99;71.44;-0.420;SOFT_DOWN;-1;-75.6;-3;1
2026.01.27 08:00;154.725;154.871;154.636;154.700;31.99;29.30;9.52;80.39;82.17;0.204;NEUTRE;0;64.9;2;1
2026.01.27 07:00;154.530;154.760;154.465;154.727;29.07;26.55;10.98;82.95;83.70;0.222;NEUTRE;0;69.3;3;1
2026.01.27 06:00;154.498;154.606;154.366;154.530;27.17;22.60;12.67;83.18;82.42;0.094;NEUTRE;0;52.6;2;0
2026.01.27 05:00;154.588;154.637;154.427;154.498;27.01;26.08;10.71;84.99;78.09;0.073;NEUTRE;0;50.7;2;0
2026.01.27 04:00;154.411;154.619;154.410;154.588;24.74;28.77;12.36;79.10;72.02;0.131;NEUTRE;0;69.9;3;0
2026.01.27 03:00;154.258;154.462;154.234;154.411;22.41;21.64;14.26;70.18;72.56;0.017;NEUTRE;0;25.4;1;0
2026.01.27 02:00;154.343;154.358;154.082;154.257;22.69;17.95;16.45;66.79;75.79;-0.083;NEUTRE;0;-73.9;-3;0
2026.01.27 01:00;154.284;154.404;154.238;154.343;25.52;20.71;10.29;80.72;81.50;-0.027;NEUTRE;0;;;0
2026.01.27 00:00;154.385;154.443;154.118;154.284;24.27;23.90;11.87;79.85;78.94;-0.065;NEUTRE;0;;;0
2026.01.26 23:00;154.150;154.424;154.105;154.385;22.83;26.67;13.69;83.91;75.72;-0.490;SOFT_DOWN;-1;-60.7;-2;0
2026.01.26 22:00;154.090;154.246;154.078;154.150;21.39;22.19;15.80;73.06;72.69;-0.641;STRONG_DOWN;-2;-67.7;-3;0
2026.01.26 21:00;154.082;154.258;154.058;154.203;22.09;25.61;18.23;70.18;70.96;-0.607;STRONG_DOWN;-2;-67.5;-3;0
2026.01.26 20:00;154.038;154.142;153.853;154.082;22.91;20.62;21.04;74.85;66.90;-0.685;STRONG_DOWN;-2;-70.8;-3;0
2026.01.26 19:00;154.158;154.270;154.024;154.038;26.28;23.80;15.17;67.86;57.22;-0.714;STRONG_DOWN;-2;-72.3;-3;1
2026.01.26 18:00;153.968;154.189;153.893;154.158;26.91;22.39;17.50;57.99;49.12;-0.636;STRONG_DOWN;-2;-71.3;-3;1
2026.01.26 17:00;153.882;154.108;153.862;153.968;29.17;21.63;20.20;45.82;48.06;-0.759;STRONG_DOWN;-2;-75;-3;1
2026.01.26 16:00;153.813;154.024;153.712;153.882;33.13;19.70;23.31;43.54;54.45;-0.814;STRONG_DOWN;-2;-76.8;-3;1
2026.01.26 15:00;153.736;153.879;153.612;153.810;36.94;15.58;26.89;54.82;61.52;-0.860;STRONG_DOWN;-2;-78.2;-3;1
2026.01.26 14:00;154.056;154.129;153.692;153.736;38.53;17.98;26.42;64.99;58.51;-0.908;STRONG_DOWN;-2;-79.6;-3;1
2026.01.26 13:00;154.128;154.334;154.026;154.056;41.53;20.74;18.72;64.74;46.20;-0.702;STRONG_DOWN;-2;-77.5;-3;1
2026.01.26 12:00;153.732;154.183;153.727;154.129;47.13;16.39;21.60;45.80;35.00;-0.655;STRONG_DOWN;-2;-77.6;-3;1
2026.01.26 11:00;153.554;153.822;153.301;153.732;52.27;6.73;24.93;28.06;35.26;-0.911;STRONG_DOWN;-2;-81.8;-3;1
2026.01.26 10:00;153.667;153.880;153.525;153.554;51.48;7.77;22.15;31.14;46.12;-1.025;EXPLOSIVE_DOWN;-3;-83.3;-3;1
2026.01.26 09:00;153.914;154.117;153.526;153.667;52.00;8.97;25.51;46.56;52.02;-0.953;STRONG_DOWN;-2;-83.6;-3;1
2026.01.26 08:00;154.246;154.340;153.394;153.914;52.62;10.35;29.44;60.65;46.05;-0.793;STRONG_DOWN;-2;-83.1;-3;1
2026.01.26 07:00;154.240;154.317;153.905;154.246;53.33;11.94;25.66;48.83;32.66;-0.579;STRONG_DOWN;-2;-81.8;-3;1
2026.01.26 06:00;154.103;154.414;154.025;154.241;55.92;13.77;25.12;28.67;21.27;-0.583;STRONG_DOWN;-2;-83;-3;0
2026.01.26 05:00;154.028;154.110;153.920;154.103;60.03;3.87;28.99;20.48;16.34;-0.672;STRONG_DOWN;-2;-84.9;-3;0
2026.01.26 04:00;154.206;154.273;153.806;154.028;57.51;4.46;33.45;14.68;15.90;-0.720;STRONG_DOWN;-2;-86.2;-3;0
2026.01.26 03:00;153.990;154.335;153.946;154.206;54.59;5.15;33.98;13.86;21.73;-0.605;STRONG_DOWN;-2;-86.6;-3;0
2026.01.26 02:00;154.420;154.478;153.882;153.990;51.66;5.94;39.21;19.15;26.96;-0.744;STRONG_DOWN;-2;-88.2;-3;0
2026.01.26 01:00;154.839;154.926;154.298;154.420;48.27;6.86;34.50;32.18;27.59;-0.467;SOFT_DOWN;-1;;;0
2026.01.26 00:00;155.145;155.342;154.662;154.838;45.42;7.91;30.90;29.55;19.57;-0.198;NEUTRE;0;;;0
2026.01.25 23:00;154.504;155.272;154.483;155.145;43.29;7.55;35.65;21.04;11.97;0.214;NEUTRE;0;37.9;1;0
2026.01.25 22:00;154.813;155.186;154.219;154.503;39.95;7.03;41.13;8.11;7.11;-0.200;NEUTRE;0;-37.2;-1;0
2026.01.23 21:00;155.813;155.865;155.611;155.759;35.20;8.11;33.56;6.75;7.14;-1.719;EXPLOSIVE_DOWN;-3;-81.7;-3;0
2026.01.23 20:00;155.886;155.958;155.730;155.813;31.22;9.36;31.51;6.47;8.40;-1.685;EXPLOSIVE_DOWN;-3;-81.9;-3;0
2026.01.23 19:00;156.163;156.259;155.681;155.885;27.69;10.80;36.36;8.20;10.63;-1.639;EXPLOSIVE_DOWN;-3;-82.1;-3;1
2026.01.23 18:00;156.357;156.629;156.015;156.163;23.61;12.46;33.06;10.53;18.27;-1.464;EXPLOSIVE_DOWN;-3;-81.6;-3;1
2026.01.23 17:00;157.562;157.615;156.121;156.356;20.28;14.38;35.49;13.16;36.85;-1.342;EXPLOSIVE_DOWN;-3;-81.4;-3;1
2026.01.23 16:00;158.109;158.220;157.366;157.562;16.89;16.60;28.13;31.13;54.98;-0.581;STRONG_DOWN;-2;-71.8;-3;1
2026.01.23 15:00;158.260;158.305;158.094;158.109;15.52;19.15;19.35;66.25;61.62;-0.236;NEUTRE;0;-52.8;-2;1
2026.01.23 14:00;158.262;158.334;158.200;158.258;17.83;22.09;14.59;67.56;54.67;-0.142;NEUTRE;0;-40.3;-1;1
2026.01.23 13:00;158.153;158.274;158.089;158.262;17.43;18.60;16.84;51.05;46.32;-0.139;NEUTRE;0;-41.8;-1;1
2026.01.23 12:00;158.132;158.261;158.089;158.153;19.34;20.39;19.43;45.42;43.47;-0.208;NEUTRE;0;-55.4;-2;1
2026.01.23 11:00;158.191;158.312;158.130;158.132;21.95;23.52;18.75;42.50;43.61;-0.221;NEUTRE;0;-59.2;-2;1
2026.01.23 10:00;158.002;158.244;157.989;158.191;23.59;21.39;21.64;42.50;47.40;-0.184;NEUTRE;0;-57;-2;1
2026.01.23 09:00;158.132;158.142;157.862;158.002;27.13;18.53;24.96;45.82;53.72;-0.304;SOFT_DOWN;-1;-70.5;-3;1
2026.01.23 08:00;158.385;158.488;158.102;158.132;29.03;21.38;15.62;53.89;59.38;-0.221;NEUTRE;0;-66.6;-3;1
2026.01.23 07:00;158.866;159.221;157.286;158.384;31.10;24.67;18.02;61.46;59.91;-0.062;NEUTRE;0;-36.5;-1;1
2026.01.23 06:00;158.619;158.944;158.540;158.866;33.49;28.47;10.82;62.79;60.21;0.242;NEUTRE;0;73.5;3;0
2026.01.23 05:00;158.543;158.634;158.468;158.619;31.73;21.04;12.49;55.49;65.85;0.086;NEUTRE;0;55.2;2;0
2026.01.23 04:00;158.627;158.661;158.533;158.543;32.69;24.28;8.39;62.36;74.93;0.038;NEUTRE;0;38.5;1;0
2026.01.23 03:00;158.594;158.737;158.503;158.627;30.23;28.01;9.68;79.70;82.53;0.091;NEUTRE;0;68.5;3;0
2026.01.23 02:00;158.636;158.679;158.503;158.590;27.40;28.51;11.16;82.72;79.68;0.068;NEUTRE;0;70.6;3;0
2026.01.23 01:00;158.520;158.657;158.479;158.636;24.89;30.97;12.88;85.17;74.50;0.097;NEUTRE;0;;;0
2026.01.23 00:00;158.483;158.578;158.434;158.520;22.37;28.91;14.86;71.14;68.05;0.023;NEUTRE;0;;;0
2026.01.22 23:00;158.372;158.529;158.361;158.483;20.88;28.12;17.15;67.19;63.84;0.017;NEUTRE;0;3.5;0;0
2026.01.22 22:00;158.330;158.382;158.314;158.372;20.36;18.99;19.79;65.81;53.85;-0.053;NEUTRE;0;-11.4;0;0
2026.01.22 21:00;158.436;158.468;158.375;158.416;23.17;21.91;13.63;58.53;38.72;-0.025;NEUTRE;0;-5.7;0;0
2026.01.22 20:00;158.403;158.439;158.333;158.436;23.16;20.48;15.73;37.20;24.15;-0.013;NEUTRE;0;-3.1;0;0
2026.01.22 19:00;158.306;158.467;158.293;158.403;24.70;23.63;18.15;20.42;16.17;-0.033;NEUTRE;0;-8.3;0;1
2026.01.22 18:00;158.305;158.332;158.275;158.306;26.49;15.33;20.94;14.82;14.85;-0.095;NEUTRE;0;-23.8;0;1
2026.01.22 17:00;158.358;158.504;158.232;158.305;28.18;17.69;24.17;13.28;18.25;-0.095;NEUTRE;0;-25;-1;1
2026.01.22 16:00;158.390;158.422;158.252;158.364;30.14;15.77;27.88;16.46;32.03;-0.058;NEUTRE;0;-16.9;0;1
2026.01.22 15:00;158.609;158.643;158.346;158.391;30.50;18.20;23.67;25.00;43.51;-0.041;NEUTRE;0;-12.9;0;1
2026.01.22 14:00;158.695;158.756;158.530;158.609;33.19;21.00;17.78;54.64;47.99;0.097;NEUTRE;0;30.1;1;1
2026.01.22 13:00;158.816;158.854;158.618;158.695;37.01;24.23;14.52;50.90;35.91;0.151;NEUTRE;0;44.2;1;1
2026.01.22 12:00;158.590;158.824;158.538;158.816;38.85;26.00;16.75;38.42;31.00;0.227;NEUTRE;0;57.7;2;1
2026.01.22 11:00;158.629;158.698;158.530;158.590;41.51;23.22;19.33;18.40;38.57;0.085;NEUTRE;0;32.9;1;1
2026.01.22 10:00;158.691;158.760;158.622;158.629;46.48;26.79;13.88;36.17;58.20;0.109;NEUTRE;0;42.3;1;1
2026.01.22 09:00;158.767;158.773;158.605;158.691;48.75;30.92;16.02;61.14;75.02;0.148;NEUTRE;0;54;2;1
2026.01.22 08:00;158.776;158.852;158.727;158.767;51.37;35.67;7.31;77.29;84.83;0.196;NEUTRE;0;64;2;1
2026.01.22 07:00;158.776;158.888;158.755;158.775;49.12;41.16;4.99;86.64;89.97;0.201;NEUTRE;0;67.4;3;1
2026.01.22 06:00;158.709;158.845;158.700;158.776;44.62;42.52;5.76;90.57;91.40;0.202;NEUTRE;0;70.4;3;0
2026.01.22 05:00;158.643;158.729;158.625;158.709;39.77;36.75;6.64;92.69;88.15;0.160;NEUTRE;0;69.5;3;0
2026.01.22 04:00;158.556;158.700;158.550;158.643;35.21;38.12;7.66;90.95;75.50;0.118;NEUTRE;0;67.9;3;0
2026.01.22 03:00;158.462;158.584;158.400;158.555;30.39;32.08;8.84;80.81;63.13;0.062;NEUTRE;0;59.9;2;0
2026.01.22 02:00;158.346;158.476;158.337;158.462;26.33;27.99;10.20;54.76;52.86;0.004;NEUTRE;0;9.5;0;0
2026.01.22 01:00;158.235;158.363;158.213;158.346;23.21;19.79;11.77;53.82;54.77;-0.069;NEUTRE;0;;;0
2026.01.22 00:00;158.456;158.489;158.175;158.235;22.87;22.83;13.58;50.00;55.93;-0.139;NEUTRE;0;;;0
2026.01.21 23:00;158.296;158.482;158.266;158.456;22.48;26.35;11.21;60.51;60.99;0.194;NEUTRE;0;35.2;1;0
2026.01.21 22:00;158.278;158.310;158.271;158.294;19.74;18.15;12.94;57.28;64.75;0.092;NEUTRE;0;19.3;0;0
2026.01.21 21:00;158.371;158.418;158.266;158.318;20.20;20.94;14.93;65.18;69.67;0.107;NEUTRE;0;23.1;0;0
2026.01.21 20:00;158.378;158.493;158.324;158.370;20.73;24.16;11.35;71.80;72.49;0.140;NEUTRE;0;30.3;1;0
2026.01.21 19:00;158.212;158.527;158.137;158.378;18.37;27.88;13.10;72.04;73.76;0.145;NEUTRE;0;32.5;1;1
2026.01.21 18:00;158.138;158.240;158.111;158.212;15.65;20.85;15.12;73.63;77.03;0.040;NEUTRE;0;10.5;0;1
2026.01.21 17:00;158.163;158.209;158.034;158.138;15.60;20.36;17.44;75.63;77.29;-0.007;NEUTRE;0;-2;0;1
2026.01.21 16:00;158.212;158.253;158.071;158.163;16.82;23.49;16.87;81.83;69.02;0.009;NEUTRE;0;2.7;0;1
2026.01.21 15:00;158.109;158.307;158.057;158.212;16.88;27.11;19.47;74.41;50.77;0.040;NEUTRE;0;12.6;0;1
2026.01.21 14:00;157.882;158.148;157.871;158.109;16.95;21.49;22.46;50.83;36.10;-0.025;NEUTRE;0;-8.5;0;1
2026.01.21 13:00;157.789;157.936;157.759;157.882;19.22;13.03;25.92;27.08;32.21;-0.169;NEUTRE;0;-47.4;-2;1
2026.01.21 12:00;157.906;157.936;157.744;157.790;17.09;15.03;29.91;30.39;34.24;-0.227;NEUTRE;0;-57.7;-2;1
2026.01.21 11:00;158.018;158.072;157.909;157.909;14.62;17.34;21.29;39.15;31.67;-0.152;NEUTRE;0;-49.1;-2;1
2026.01.21 10:00;158.000;158.082;157.983;158.018;15.30;20.01;17.58;33.18;28.59;-0.083;NEUTRE;0;-34.8;-1;1
2026.01.21 09:00;157.866;158.033;157.828;157.999;16.66;15.47;20.28;22.67;36.75;-0.095;NEUTRE;0;-41.4;-1;1
2026.01.21 08:00;157.922;157.983;157.816;157.866;17.15;14.10;23.40;29.91;51.38;-0.179;NEUTRE;0;-61.9;-2;1
2026.01.21 07:00;158.142;158.163;157.870;157.922;15.97;16.27;22.03;57.66;61.97;-0.144;NEUTRE;0;-59.8;-2;1
2026.01.21 06:00;158.201;158.253;158.078;158.139;16.12;18.77;14.50;66.58;55.00;-0.006;NEUTRE;0;-4.8;0;0
2026.01.21 05:00;158.033;158.234;158.028;158.201;16.62;19.99;16.73;61.67;42.96;0.033;NEUTRE;0;28.9;1;0
2026.01.21 04:00;158.084;158.127;157.992;158.033;17.81;15.08;19.30;36.74;29.43;-0.073;NEUTRE;0;-56.8;-2;0
2026.01.21 03:00;157.912;158.145;157.888;158.084;18.66;17.40;22.27;30.48;27.47;-0.041;NEUTRE;0;-48.8;-2;0
2026.01.21 02:00;157.954;158.072;157.886;157.912;19.64;15.70;25.70;21.06;31.82;-0.150;NEUTRE;0;-80.9;-3;0
2026.01.21 01:00;158.109;158.167;157.855;157.954;18.94;18.12;29.65;30.86;43.73;-0.123;NEUTRE;0;;;0
2026.01.21 00:00;158.149;158.276;158.109;158.109;18.14;20.91;21.69;43.52;56.03;-0.025;NEUTRE;0;;;0
2026.01.20 23:00;158.131;158.202;158.035;158.149;20.65;17.31;25.02;56.82;68.71;-0.008;NEUTRE;0;-1.7;0;0
2026.01.20 22:00;158.115;158.153;158.105;158.131;21.02;19.97;22.43;67.75;78.89;-0.019;NEUTRE;0;-4.1;0;0
2026.01.20 21:00;158.207;158.228;158.145;158.149;23.37;23.04;13.06;81.56;84.51;-0.008;NEUTRE;0;-1.8;0;0
2026.01.20 20:00;158.282;158.285;158.182;158.204;22.71;26.59;8.21;87.37;81.98;0.027;NEUTRE;0;6.4;0;0
2026.01.20 19:00;158.047;158.294;158.040;158.283;18.07;30.68;9.47;84.60;76.57;0.077;NEUTRE;0;18.7;0;1
2026.01.20 18:00;157.950;158.053;157.946;158.047;12.73;20.80;10.93;73.95;73.90;-0.072;NEUTRE;0;-18.5;0;1
2026.01.20 17:00;157.889;157.982;157.852;157.950;9.90;13.79;12.61;71.15;75.74;-0.133;NEUTRE;0;-33.2;-1;1
2026.01.20 16:00;157.925;158.073;157.850;157.889;10.73;15.91;14.55;76.60;73.24;-0.172;NEUTRE;0;-42;-1;1
2026.01.20 15:00;158.030;158.105;157.846;157.922;11.69;18.36;16.78;79.49;59.86;-0.151;NEUTRE;0;-40.1;-1;1
2026.01.20 14:00;157.837;158.074;157.738;158.031;12.80;19.34;19.37;63.65;41.94;-0.082;NEUTRE;0;-26.1;-1;1
2026.01.20 13:00;157.857;157.971;157.465;157.837;14.76;17.60;22.35;36.44;27.34;-0.205;NEUTRE;0;-52.8;-2;1
2026.01.20 12:00;157.746;157.889;157.652;157.857;15.20;20.31;20.10;25.73;20.82;-0.192;NEUTRE;0;-53.2;-2;1
2026.01.20 11:00;157.808;157.908;157.682;157.746;17.46;23.43;21.24;19.85;21.41;-0.262;NEUTRE;0;-63.3;-2;1
2026.01.20 10:00;157.723;157.934;157.691;157.807;19.39;27.04;23.90;16.86;31.41;-0.224;NEUTRE;0;-61.9;-2;1
2026.01.20 09:00;157.811;157.812;157.552;157.726;21.42;23.47;27.57;27.50;51.40;-0.275;SOFT_DOWN;-1;-68.6;-3;1
2026.01.20 08:00;158.367;158.390;157.743;157.811;23.48;27.09;20.51;49.86;65.82;-0.221;NEUTRE;0;-66.6;-3;1
2026.01.20 07:00;158.418;158.598;158.300;158.367;24.97;31.25;10.43;76.84;64.54;0.130;NEUTRE;0;57.2;2;1
2026.01.20 06:00;158.095;158.463;158.094;158.412;21.13;29.09;12.03;70.76;51.50;0.159;NEUTRE;0;65.7;3;0
2026.01.20 05:00;158.027;158.119;157.947;158.094;18.00;19.23;13.88;46.01;38.41;-0.042;NEUTRE;0;-35.1;-1;0
2026.01.20 04:00;157.968;158.097;157.892;158.027;18.28;20.21;16.02;37.74;31.72;-0.085;NEUTRE;0;-60.6;-2;0
2026.01.20 03:00;158.028;158.029;157.902;157.968;19.31;18.22;18.48;31.48;28.39;-0.122;NEUTRE;0;-73.6;-3;0
2026.01.20 02:00;157.946;158.074;157.939;158.028;22.17;21.03;16.84;25.95;29.92;-0.084;NEUTRE;0;-74.1;-3;0
2026.01.20 01:00;157.935;158.187;157.845;157.946;23.88;24.26;19.43;27.74;44.34;-0.136;NEUTRE;0;;;0
2026.01.20 00:00;158.161;158.276;157.897;157.935;25.86;27.99;20.08;36.08;59.51;-0.143;NEUTRE;0;;;0
2026.01.19 23:00;158.086;158.223;158.086;158.162;27.30;32.30;15.50;69.22;74.39;0.389;SOFT_UP;1;54.7;2;0
2026.01.19 22:00;158.020;158.106;158.020;158.085;26.10;24.22;17.88;73.24;77.59;0.340;SOFT_UP;1;52.3;2;0
2026.01.19 21:00;158.123;158.137;158.099;158.121;27.80;27.95;8.60;80.70;77.41;0.363;SOFT_UP;1;55.3;2;0
2026.01.19 20:00;158.078;158.149;158.075;158.123;23.93;32.25;9.93;78.83;74.46;0.364;SOFT_UP;1;56.7;2;0
2026.01.19 19:00;158.068;158.108;158.068;158.078;19.46;28.69;11.45;72.71;72.60;0.336;SOFT_UP;1;55.9;2;1
2026.01.19 18:00;158.030;158.069;158.002;158.068;15.85;18.10;13.21;71.86;68.74;0.329;SOFT_UP;1;56.8;2;1
2026.01.19 17:00;158.071;158.104;158.006;158.030;15.89;20.89;14.33;73.24;59.11;0.305;SOFT_UP;1;56.3;2;1
2026.01.19 16:00;158.054;158.134;158.035;158.071;15.47;24.10;11.98;61.13;47.45;0.331;SOFT_UP;1;60;2;1
2026.01.19 15:00;157.900;158.075;157.858;158.056;12.68;18.64;13.82;42.97;44.83;0.322;SOFT_UP;1;60.9;2;1
2026.01.19 14:00;157.918;157.944;157.860;157.900;12.35;12.22;15.95;38.26;48.32;0.223;NEUTRE;0;53.1;2;1
2026.01.19 13:00;158.015;158.023;157.873;157.916;12.21;14.10;16.02;53.25;51.93;0.233;NEUTRE;0;56.3;2;1
2026.01.19 12:00;158.035;158.057;157.915;158.015;13.11;16.27;14.18;53.45;50.34;0.296;SOFT_UP;1;64.1;2;1
2026.01.19 11:00;157.880;158.102;157.878;158.035;14.07;18.77;16.36;49.09;54.57;0.308;SOFT_UP;1;66.9;3;1
2026.01.19 10:00;157.921;157.988;157.822;157.880;15.18;13.83;18.88;48.48;61.87;0.210;NEUTRE;0;60.3;2;1
2026.01.19 09:00;158.022;158.159;157.859;157.922;15.14;15.96;18.35;66.14;72.58;0.237;NEUTRE;0;65.6;3;1
2026.01.19 08:00;158.073;158.148;157.994;158.022;16.40;18.41;14.25;70.98;76.25;0.300;SOFT_UP;1;72.3;3;1
2026.01.19 07:00;157.809;158.118;157.740;158.073;16.96;18.25;16.45;80.62;80.98;0.333;SOFT_UP;1;75.9;3;1
2026.01.19 06:00;157.896;157.931;157.786;157.809;18.77;13.45;18.98;77.16;81.37;0.165;NEUTRE;0;66.5;3;0
2026.01.19 05:00;157.823;157.943;157.751;157.896;19.04;15.51;21.90;85.18;77.24;0.220;NEUTRE;0;74.8;3;0
2026.01.19 04:00;157.874;157.911;157.818;157.823;19.34;17.90;19.90;81.78;61.25;0.174;NEUTRE;0;74.6;3;0
2026.01.19 03:00;157.860;157.941;157.806;157.874;21.50;20.66;22.96;64.76;39.30;0.206;NEUTRE;0;80.1;3;0
2026.01.19 02:00;157.680;157.925;157.678;157.860;24.00;22.01;26.49;37.20;19.98;0.197;NEUTRE;0;83.1;3;0
2026.01.19 01:00;157.469;157.695;157.420;157.680;26.27;11.07;30.57;15.94;11.53;0.083;NEUTRE;0;;;0
2026.01.19 00:00;157.549;157.873;157.441;157.469;23.10;12.77;34.10;6.80;14.94;-0.051;NEUTRE;0;;;0
2026.01.18 23:00;157.850;157.851;157.497;157.547;19.66;14.74;37.35;11.87;29.98;-0.204;NEUTRE;0;-36.6;-1;0
2026.01.18 22:00;157.869;157.964;157.803;157.850;16.01;17.01;29.79;26.17;48.24;-0.012;NEUTRE;0;-2.6;0;0
2026.01.16 21:00;158.072;158.137;158.057;158.081;14.27;19.62;20.32;51.90;63.88;-0.318;SOFT_DOWN;-1;-51.7;-2;0
2026.01.16 20:00;158.116;158.116;158.034;158.072;16.19;18.60;23.45;66.64;68.53;-0.324;SOFT_DOWN;-1;-53.6;-2;0
2026.01.16 19:00;158.174;158.205;158.096;158.116;16.91;21.47;15.42;73.11;65.39;-0.296;SOFT_DOWN;-1;-52.5;-2;1
2026.01.16 18:00;158.135;158.238;158.123;158.173;16.99;24.77;13.98;65.84;54.41;-0.260;NEUTRE;0;-50.4;-2;1
2026.01.16 17:00;158.019;158.157;158.016;158.135;15.32;17.74;16.14;57.23;44.03;-0.284;SOFT_DOWN;-1;-54.4;-2;1
2026.01.16 16:00;158.058;158.094;157.932;158.019;16.95;13.60;18.62;40.16;35.36;-0.358;SOFT_DOWN;-1;-61.9;-2;1
2026.01.16 15:00;157.903;158.261;157.816;158.058;17.16;15.69;21.48;34.69;32.86;-0.333;SOFT_DOWN;-1;-61.7;-2;1
2026.01.16 14:00;158.016;158.113;157.838;157.903;17.41;12.99;24.79;31.22;31.72;-0.431;SOFT_DOWN;-1;-68.8;-3;1
2026.01.16 13:00;158.147;158.149;157.939;158.015;15.28;14.98;22.95;32.68;31.18;-0.360;SOFT_DOWN;-1;-66.6;-3;1
2026.01.16 12:00;158.092;158.218;158.070;158.147;14.40;17.29;16.88;31.25;32.69;-0.277;SOFT_DOWN;-1;-62.6;-2;1
2026.01.16 11:00;158.120;158.147;158.047;158.089;16.43;12.57;19.48;29.61;34.45;-0.313;SOFT_DOWN;-1;-67.2;-3;1
2026.01.16 10:00;158.188;158.214;158.072;158.120;15.64;14.50;18.63;37.21;40.39;-0.294;SOFT_DOWN;-1;-67.9;-3;1
2026.01.16 09:00;158.203;158.209;158.068;158.188;16.13;16.19;21.50;36.53;45.43;-0.251;NEUTRE;0;-66.8;-3;1
2026.01.16 08:00;158.162;158.248;158.007;158.203;16.44;18.68;24.81;47.43;51.29;-0.242;NEUTRE;0;-68.4;-3;1
2026.01.16 07:00;158.382;158.399;158.092;158.165;16.81;21.56;23.20;52.34;48.65;-0.265;SOFT_DOWN;-1;-72.5;-3;1
2026.01.16 06:00;158.372;158.446;158.331;158.382;18.83;24.88;14.79;54.11;43.16;-0.129;NEUTRE;0;-60.9;-2;0
2026.01.16 05:00;158.271;158.375;158.221;158.372;17.81;19.20;17.06;39.52;37.00;-0.135;NEUTRE;0;-66.1;-3;0
2026.01.16 04:00;158.102;158.288;158.095;158.271;19.65;13.47;19.69;35.87;41.35;-0.199;NEUTRE;0;-76.5;-3;0
2026.01.16 03:00;158.300;158.307;158.102;158.102;19.78;15.54;22.16;35.62;50.36;-0.305;SOFT_DOWN;-1;-83.3;-3;0
2026.01.16 02:00;158.592;158.624;157.960;158.300;20.12;17.93;25.57;52.55;61.64;-0.180;NEUTRE;0;-82.4;-3;0
2026.01.16 01:00;158.650;158.675;158.467;158.592;20.52;20.69;17.76;62.92;67.97;0.004;NEUTRE;0;;;0
2026.01.16 00:00;158.586;158.697;158.516;158.650;22.50;23.87;16.87;69.44;75.15;0.040;NEUTRE;0;;;0
2026.01.15 23:00;158.613;158.664;158.560;158.586;23.32;27.54;15.72;71.54;74.25;0.107;NEUTRE;0;21.3;0;0
2026.01.15 22:00;158.568;158.613;158.545;158.610;22.70;24.24;18.14;84.45;64.13;0.122;NEUTRE;0;24.9;0;0
2026.01.15 21:00;158.637;158.668;158.601;158.623;23.98;27.97;9.88;66.75;43.62;0.131;NEUTRE;0;27.5;1;0
2026.01.15 20:00;158.522;158.638;158.507;158.637;20.32;25.38;11.40;41.17;27.61;0.140;NEUTRE;0;30.3;1;0
2026.01.15 19:00;158.487;158.554;158.457;158.522;17.60;19.42;13.16;22.94;20.80;0.067;NEUTRE;0;16.4;0;1
2026.01.15 18:00;158.504;158.516;158.470;158.487;17.35;16.38;15.18;18.71;26.68;0.045;NEUTRE;0;11.8;0;1
2026.01.15 17:00;158.494;158.532;158.440;158.504;19.43;18.90;17.52;20.74;42.78;0.056;NEUTRE;0;15.4;0;1
2026.01.15 16:00;158.532;158.562;158.408;158.494;21.84;21.81;20.21;40.60;62.96;0.049;NEUTRE;0;14.4;0;1
2026.01.15 15:00;158.736;158.738;158.471;158.532;24.61;25.16;17.03;66.99;75.34;0.073;NEUTRE;0;22.1;0;1
2026.01.15 14:00;158.820;158.873;158.642;158.737;25.43;29.04;9.80;81.28;71.91;0.203;NEUTRE;0;50.5;2;1
2026.01.15 13:00;158.591;158.851;158.547;158.823;21.72;32.04;11.30;77.75;58.31;0.257;NEUTRE;0;58.8;2;1
2026.01.15 12:00;158.561;158.598;158.484;158.591;17.71;24.16;13.04;56.70;48.00;0.110;NEUTRE;0;37.5;1;1
2026.01.15 11:00;158.460;158.560;158.429;158.560;15.83;22.75;15.05;40.48;46.93;0.091;NEUTRE;0;34.7;1;1
2026.01.15 10:00;158.392;158.466;158.341;158.459;15.14;15.21;17.37;46.81;59.44;0.027;NEUTRE;0;12.7;0;1
2026.01.15 09:00;158.685;158.695;158.297;158.393;16.45;17.55;20.04;53.50;65.16;-0.015;NEUTRE;0;-7.9;0;1
2026.01.15 08:00;158.577;158.707;158.534;158.684;17.96;20.25;13.96;78.01;72.05;0.169;NEUTRE;0;60.5;2;1
2026.01.15 07:00;158.608;158.726;158.447;158.577;17.89;23.37;16.11;63.96;68.89;0.102;NEUTRE;0;50.6;2;1
2026.01.15 06:00;158.428;158.645;158.395;158.608;17.82;22.50;18.58;74.17;74.48;0.121;NEUTRE;0;59.3;2;0
2026.01.15 05:00;158.587;158.609;158.377;158.428;19.09;23.74;21.44;68.56;71.30;0.008;NEUTRE;0;7.6;0;0
2026.01.15 04:00;158.510;158.641;158.473;158.587;21.24;27.40;18.37;80.72;68.12;0.108;NEUTRE;0;66.1;3;0
2026.01.15 03:00;158.517;158.637;158.488;158.510;21.48;31.61;19.83;64.61;57.72;0.059;NEUTRE;0;58.7;2;0
2026.01.15 02:00;158.350;158.540;158.306;158.517;21.26;26.46;22.88;59.02;50.11;0.064;NEUTRE;0;69.5;3;0
2026.01.15 01:00;158.404;158.430;158.222;158.349;23.41;23.30;26.40;49.55;46.82;-0.042;NEUTRE;0;;;0
2026.01.15 00:00;158.416;158.570;158.378;158.404;26.06;26.88;18.92;41.77;52.01;-0.008;NEUTRE;0;;;0
2026.01.14 23:00;158.253;158.429;158.247;158.416;27.39;19.72;21.83;49.14;67.60;-0.489;SOFT_DOWN;-1;-60.6;-2;0
2026.01.14 22:00;158.374;158.406;158.190;158.255;30.82;20.81;25.19;65.12;79.35;-0.590;STRONG_DOWN;-2;-66;-3;0
2026.01.14 21:00;158.586;158.593;158.451;158.456;34.10;24.01;13.97;88.53;77.45;-0.464;SOFT_DOWN;-1;-61.6;-2;0
2026.01.14 20:00;158.498;158.593;158.454;158.586;35.28;27.70;15.79;84.41;58.90;-0.382;SOFT_DOWN;-1;-57.9;-2;0
2026.01.14 19:00;158.460;158.515;158.417;158.498;36.49;23.33;18.22;59.42;35.19;-0.437;SOFT_DOWN;-1;-62.5;-2;1
2026.01.14 18:00;158.295;158.458;158.295;158.458;40.22;17.97;21.03;32.89;17.26;-0.462;SOFT_DOWN;-1;-65;-3;1
2026.01.14 17:00;158.131;158.337;158.117;158.295;45.20;9.32;24.26;13.27;14.02;-0.565;STRONG_DOWN;-2;-70.2;-3;1
2026.01.14 16:00;158.119;158.279;158.090;158.133;45.31;6.69;28.00;5.62;21.38;-0.666;STRONG_DOWN;-2;-74;-3;1
2026.01.14 15:00;158.207;158.413;158.100;158.119;42.83;7.72;31.49;23.18;32.72;-0.675;STRONG_DOWN;-2;-75.1;-3;1
2026.01.14 14:00;158.592;158.669;158.153;158.205;40.10;8.91;33.73;35.35;33.75;-0.621;STRONG_DOWN;-2;-74.9;-3;1
2026.01.14 13:00;158.555;158.737;158.502;158.593;37.31;10.28;28.51;39.63;27.33;-0.378;SOFT_DOWN;-1;-67.6;-3;1
2026.01.14 12:00;158.708;158.713;158.163;158.553;35.83;10.30;32.90;26.27;18.54;-0.403;SOFT_DOWN;-1;-70.4;-3;1
2026.01.14 11:00;158.680;158.818;158.568;158.709;33.29;11.88;26.63;16.09;15.51;-0.305;SOFT_DOWN;-1;-66.7;-3;1
2026.01.14 10:00;158.757;158.808;158.577;158.680;32.51;13.09;30.73;13.25;17.03;-0.323;SOFT_DOWN;-1;-69.7;-3;1
2026.01.14 09:00;158.923;158.941;158.668;158.756;31.32;15.11;29.40;17.19;26.94;-0.275;SOFT_DOWN;-1;-68.6;-3;1
2026.01.14 08:00;159.168;159.187;158.859;158.923;31.20;17.43;23.16;20.66;35.03;-0.170;NEUTRE;0;-60.6;-2;1
2026.01.14 07:00;159.139;159.191;159.103;159.170;33.83;20.11;15.27;42.98;41.80;-0.015;NEUTRE;0;-10.2;0;1
2026.01.14 06:00;159.329;159.343;159.130;159.139;36.93;23.21;12.90;41.44;38.32;-0.035;NEUTRE;0;-26;-1;0
2026.01.14 05:00;159.200;159.336;159.159;159.329;38.23;26.78;12.79;40.97;39.98;0.085;NEUTRE;0;54.9;2;0
2026.01.14 04:00;159.164;159.237;159.121;159.199;38.67;22.29;14.76;32.53;45.89;0.003;NEUTRE;0;3.6;0;0
2026.01.14 03:00;159.201;159.201;159.077;159.159;41.50;20.95;17.03;46.43;60.15;-0.022;NEUTRE;0;-31.5;-1;0
2026.01.14 02:00;159.333;159.387;159.179;159.200;46.30;24.17;7.00;58.71;68.87;0.004;NEUTRE;0;9.5;0;0
2026.01.14 01:00;159.189;159.448;159.189;159.333;44.94;27.89;7.34;75.32;77.66;0.087;NEUTRE;0;;;0
2026.01.14 00:00;159.194;159.281;159.090;159.189;42.88;22.26;8.46;72.58;78.34;-0.003;NEUTRE;0;;;0